window_index,timestamp,prediction,actual
0,2018-03-09T23:00:00,4.217804146668682,4.7839999198913565
0,2018-03-10T00:00:00,8.092319980917566,4.8540000915527335
0,2018-03-10T01:00:00,7.30350104455734,5.065000057220459
0,2018-03-10T02:00:00,10.282351324901244,4.64300012588501
0,2018-03-10T03:00:00,8.936290041821032,4.7839999198913565
0,2018-03-10T04:00:00,8.990512448294062,4.64300012588501
0,2018-03-10T05:00:00,5.13207610393888,4.501999855041504
0,2018-03-10T06:00:00,9.953650300592805,4.432000160217285
0,2018-03-10T07:00:00,8.16724761775903,4.572999954223633
0,2018-03-10T08:00:00,9.962674875290944,5.276000022888184
0,2018-03-10T09:00:00,6.268828208006253,5.557000160217285
0,2018-03-10T10:00:00,6.349360067498324,6.964000225067139
0,2018-03-10T11:00:00,8.60149495960412,6.4720001220703125
0,2018-03-10T12:00:00,7.929010118074707,6.541999816894531
0,2018-03-10T13:00:00,14.891399426837552,7.245999813079834
0,2018-03-10T14:00:00,6.513255027661321,9.355999946594238
0,2018-03-10T15:00:00,15.057411550725792,8.51200008392334
0,2018-03-10T16:00:00,10.031992572397105,9.355999946594238
0,2018-03-10T17:00:00,8.584435563127624,9.708000183105469
0,2018-03-10T18:00:00,12.52966513717729,8.86400032043457
0,2018-03-10T19:00:00,5.026125079017637,8.020000457763674
0,2018-03-10T20:00:00,8.760320787324606,7.0349998474121085
0,2018-03-10T21:00:00,13.420448207169123,6.823999881744385
0,2018-03-10T22:00:00,6.264568851027507,6.61299991607666
0,2018-03-10T23:00:00,0.6278290776336384,6.401999950408936
0,2018-03-11T00:00:00,11.562635289543458,6.683000087738037
0,2018-03-11T01:00:00,4.5226847576361635,6.823999881744385
0,2018-03-11T02:00:00,9.607660955262311,6.894000053405763
0,2018-03-11T03:00:00,13.268571790818232,6.894000053405763
0,2018-03-11T04:00:00,7.084544978952321,6.330999851226808
0,2018-03-11T05:00:00,7.058733952457247,6.330999851226808
0,2018-03-11T06:00:00,9.113536367015389,6.61299991607666
0,2018-03-11T07:00:00,4.703398946855531,5.627999782562256
0,2018-03-11T08:00:00,13.27120671830659,5.839000225067139
0,2018-03-11T09:00:00,8.922380996016974,5.697999954223633
0,2018-03-11T10:00:00,8.736698555408083,7.0349998474121085
0,2018-03-11T11:00:00,10.447239033506243,6.683000087738037
0,2018-03-11T12:00:00,5.529118577401642,7.73799991607666
0,2018-03-11T13:00:00,11.798501716405042,8.300999641418457
0,2018-03-11T14:00:00,8.893856162514162,10.340999603271484
0,2018-03-11T15:00:00,7.718730978943583,9.918999671936035
0,2018-03-11T16:00:00,9.198511578422085,9.708000183105469
0,2018-03-11T17:00:00,13.097992354470467,9.708000183105469
0,2018-03-11T18:00:00,7.927564682425199,8.934000015258789
0,2018-03-11T19:00:00,1.2650996738544933,8.51200008392334
0,2018-03-11T20:00:00,9.425183986466774,8.371000289916992
0,2018-03-11T21:00:00,4.857026534662701,7.879000186920166
0,2018-03-11T22:00:00,12.234306821928044,7.526999950408935
0,2018-03-11T23:00:00,6.755409007500759,7.668000221252441
0,2018-03-12T00:00:00,11.04806288762682,8.020000457763674
0,2018-03-12T01:00:00,9.732493799298211,7.948999881744385
0,2018-03-12T02:00:00,7.386622002155896,7.597000122070312
0,2018-03-12T03:00:00,10.620669264306947,7.668000221252441
0,2018-03-12T04:00:00,3.620060941842544,7.948999881744385
0,2018-03-12T05:00:00,14.907468425601136,8.159999847412111
0,2018-03-12T06:00:00,11.88835568948986,7.668000221252441
0,2018-03-12T07:00:00,7.433633725285402,7.456999778747559
0,2018-03-12T08:00:00,1.9239067981329363,8.020000457763674
0,2018-03-12T09:00:00,8.804230877242507,8.300999641418457
0,2018-03-12T10:00:00,8.875013640126665,8.86400032043457
0,2018-03-12T11:00:00,0.7172513874235271,8.722999572753906
0,2018-03-12T12:00:00,6.998524140728888,9.003999710083008
0,2018-03-12T13:00:00,15.06716397862119,9.355999946594238
0,2018-03-12T14:00:00,9.171805260999932,10.552000045776367
0,2018-03-12T15:00:00,14.579337584136798,10.130000114440918
0,2018-03-12T16:00:00,6.22316663471833,10.482000350952148
0,2018-03-12T17:00:00,10.294476234828473,11.1850004196167
0,2018-03-12T18:00:00,7.578277954814405,10.973999977111816
0,2018-03-12T19:00:00,5.437504646186667,9.918999671936035
0,2018-03-12T20:00:00,13.713078242197565,9.848999977111816
0,2018-03-12T21:00:00,8.047599950856641,9.425999641418455
0,2018-03-12T22:00:00,7.942102370695016,9.28600025177002
0,2018-03-12T23:00:00,3.9326257151717847,9.21500015258789
0,2018-03-13T00:00:00,9.067076525527199,9.003999710083008
0,2018-03-13T01:00:00,9.920710299958198,8.722999572753906
0,2018-03-13T02:00:00,5.719403298914301,8.86400032043457
0,2018-03-13T03:00:00,14.645998158992972,8.793000221252441
0,2018-03-13T04:00:00,12.83612687768836,8.722999572753906
0,2018-03-13T05:00:00,6.125890534746059,8.722999572753906
0,2018-03-13T06:00:00,9.011794740963708,8.581999778747559
0,2018-03-13T07:00:00,11.950141707667482,8.230999946594237
0,2018-03-13T08:00:00,6.960168822476394,8.159999847412111
0,2018-03-13T09:00:00,12.723051776197376,9.28600025177002
0,2018-03-13T10:00:00,10.474885766212502,10.973999977111816
0,2018-03-13T11:00:00,12.18372775637987,10.833000183105469
0,2018-03-13T12:00:00,10.237691867705017,10.904000282287598
0,2018-03-13T13:00:00,11.22814144557825,11.607000350952148
0,2018-03-13T14:00:00,5.204392609878749,12.661999702453612
0,2018-03-13T15:00:00,10.660897817025047,11.748000144958494
0,2018-03-13T16:00:00,8.797640352145702,11.326000213623049
0,2018-03-13T17:00:00,11.414778121189642,11.536999702453612
0,2018-03-13T18:00:00,1.6331028704683863,12.310999870300291
0,2018-03-13T19:00:00,7.457746844503772,11.888999938964846
0,2018-03-13T20:00:00,12.508576126807304,11.326000213623049
0,2018-03-13T21:00:00,10.99516294885498,11.043999671936035
0,2018-03-13T22:00:00,7.127110173852971,10.904000282287598
1,2018-03-10T23:00:00,3.8666219712828944,6.401999950408936
1,2018-03-11T00:00:00,9.223882275919458,6.683000087738037
1,2018-03-11T01:00:00,8.253914853699492,6.823999881744385
1,2018-03-11T02:00:00,11.568806516075519,6.894000053405763
1,2018-03-11T03:00:00,10.114947145698439,6.894000053405763
1,2018-03-11T04:00:00,10.163516401222765,6.330999851226808
1,2018-03-11T05:00:00,5.36521795612218,6.330999851226808
1,2018-03-11T06:00:00,11.292212835266282,6.61299991607666
1,2018-03-11T07:00:00,9.313031920744116,5.627999782562256
1,2018-03-11T08:00:00,11.304657428354854,5.839000225067139
1,2018-03-11T09:00:00,6.866910213811103,5.697999954223633
1,2018-03-11T10:00:00,6.970240989064251,7.0349998474121085
1,2018-03-11T11:00:00,9.85392557370592,6.683000087738037
1,2018-03-11T12:00:00,9.027894309422589,7.73799991607666
1,2018-03-11T13:00:00,15.927566985568657,8.300999641418457
1,2018-03-11T14:00:00,7.234130048271364,10.340999603271484
1,2018-03-11T15:00:00,16.07044700371395,9.918999671936035
1,2018-03-11T16:00:00,11.383439929432091,9.708000183105469
1,2018-03-11T17:00:00,9.849146195476235,9.708000183105469
1,2018-03-11T18:00:00,13.909443861977122,8.934000015258789
1,2018-03-11T19:00:00,5.168781484588507,8.51200008392334
1,2018-03-11T20:00:00,10.00454445775966,8.371000289916992
1,2018-03-11T21:00:00,14.750876211313699,7.879000186920166
1,2018-03-11T22:00:00,6.902987428872363,7.526999950408935
1,2018-03-11T23:00:00,1.0593891360663488,7.668000221252441
1,2018-03-12T00:00:00,13.007490355433731,8.020000457763674
1,2018-03-12T01:00:00,4.282886045660369,7.948999881744385
1,2018-03-12T02:00:00,10.888254081680946,7.597000122070312
1,2018-03-12T03:00:00,14.618794170615494,7.668000221252441
1,2018-03-12T04:00:00,8.074975681440662,7.948999881744385
1,2018-03-12T05:00:00,8.047487836632273,8.159999847412111
1,2018-03-12T06:00:00,10.324118479402076,7.668000221252441
1,2018-03-12T07:00:00,4.664870520829796,7.456999778747559
1,2018-03-12T08:00:00,14.624542429478694,8.020000457763674
1,2018-03-12T09:00:00,10.160619007714168,8.300999641418457
1,2018-03-12T10:00:00,9.99922116017154,8.86400032043457
1,2018-03-12T11:00:00,11.77255832259251,8.722999572753906
1,2018-03-12T12:00:00,6.015373726747397,9.003999710083008
1,2018-03-12T13:00:00,13.242281056836873,9.355999946594238
1,2018-03-12T14:00:00,10.139391988593097,10.552000045776367
1,2018-03-12T15:00:00,8.818094154983946,10.130000114440918
1,2018-03-12T16:00:00,10.408135578014338,10.482000350952148
1,2018-03-12T17:00:00,14.464829503559818,11.1850004196167
1,2018-03-12T18:00:00,9.076205897591715,10.973999977111816
1,2018-03-12T19:00:00,1.5939348376412976,9.918999671936035
1,2018-03-12T20:00:00,10.63334900588683,9.848999977111816
1,2018-03-12T21:00:00,5.000890404260186,9.425999641418455
1,2018-03-12T22:00:00,13.655232178727736,9.28600025177002
1,2018-03-12T23:00:00,7.711740875699082,9.21500015258789
1,2018-03-13T00:00:00,12.361462875862806,9.003999710083008
1,2018-03-13T01:00:00,11.0504587257795,8.722999572753906
1,2018-03-13T02:00:00,8.455203897484166,8.86400032043457
1,2018-03-13T03:00:00,11.936141036671774,8.793000221252441
1,2018-03-13T04:00:00,3.4527992384392387,8.722999572753906
1,2018-03-13T05:00:00,16.00878275695877,8.722999572753906
1,2018-03-13T06:00:00,13.336087834396103,8.581999778747559
1,2018-03-13T07:00:00,8.515797291325512,8.230999946594237
1,2018-03-13T08:00:00,2.1150647786058787,8.159999847412111
1,2018-03-13T09:00:00,10.06879638364088,9.28600025177002
1,2018-03-13T10:00:00,10.132045482651115,10.973999977111816
1,2018-03-13T11:00:00,1.1680611815563058,10.833000183105469
1,2018-03-13T12:00:00,8.032579523297922,10.904000282287598
1,2018-03-13T13:00:00,16.145024017709968,11.607000350952148
1,2018-03-13T14:00:00,10.39778031975852,12.661999702453612
1,2018-03-13T15:00:00,15.741577761931454,11.748000144958494
1,2018-03-13T16:00:00,6.991407365228943,11.326000213623049
1,2018-03-13T17:00:00,11.658056306765697,11.536999702453612
1,2018-03-13T18:00:00,8.696642141301911,12.310999870300291
1,2018-03-13T19:00:00,6.0067507788240455,11.888999938964846
1,2018-03-13T20:00:00,15.024988068239685,11.326000213623049
1,2018-03-13T21:00:00,9.301777242680618,11.043999671936035
1,2018-03-13T22:00:00,9.161100710852061,10.904000282287598
1,2018-03-13T23:00:00,3.7942217339972046,10.621999740600586
1,2018-03-14T00:00:00,10.310782460043523,10.621999740600586
1,2018-03-14T01:00:00,11.308988254070272,10.482000350952148
1,2018-03-14T02:00:00,6.392225944820508,10.692999839782717
1,2018-03-14T03:00:00,15.803914673455047,10.762999534606934
1,2018-03-14T04:00:00,14.23788434629678,10.762999534606934
1,2018-03-14T05:00:00,6.903964042622357,9.98900032043457
1,2018-03-14T06:00:00,10.265399870706535,10.621999740600586
1,2018-03-14T07:00:00,13.411893086648178,10.199999809265137
1,2018-03-14T08:00:00,8.023529052625138,10.482000350952148
1,2018-03-14T09:00:00,14.136181615669198,10.833000183105469
1,2018-03-14T10:00:00,11.825950233986237,10.762999534606934
1,2018-03-14T11:00:00,13.633387086484742,10.762999534606934
1,2018-03-14T12:00:00,11.62178339219452,10.833000183105469
1,2018-03-14T13:00:00,12.652677671363216,9.496999740600586
1,2018-03-14T14:00:00,5.68739568636577,10.621999740600586
1,2018-03-14T15:00:00,11.997952447234525,10.692999839782717
1,2018-03-14T16:00:00,10.080662467434557,10.762999534606934
1,2018-03-14T17:00:00,12.90883180577469,10.199999809265137
1,2018-03-14T18:00:00,1.8781370875939132,10.482000350952148
1,2018-03-14T19:00:00,8.600316587740092,9.777999877929688
1,2018-03-14T20:00:00,13.944238075861367,9.637999534606934
1,2018-03-14T21:00:00,12.347645286800713,9.496999740600586
1,2018-03-14T22:00:00,8.231975113199983,9.56700038909912
2,2018-03-11T23:00:00,3.973963822619396,7.668000221252441
2,2018-03-12T00:00:00,9.68873441316154,8.020000457763674
2,2018-03-12T01:00:00,8.671660723163393,7.948999881744385
2,2018-03-12T02:00:00,12.05196539290002,7.597000122070312
2,2018-03-12T03:00:00,10.58328601740354,7.668000221252441
2,2018-03-12T04:00:00,10.629292980259656,7.948999881744385
2,2018-03-12T05:00:00,5.586436331537083,8.159999847412111
2,2018-03-12T06:00:00,11.784211644116779,7.668000221252441
2,2018-03-12T07:00:00,9.75281989574906,7.456999778747559
2,2018-03-12T08:00:00,11.79362281722202,8.020000457763674
2,2018-03-12T09:00:00,7.156022633047728,8.300999641418457
2,2018-03-12T10:00:00,7.264613587105764,8.86400032043457
2,2018-03-12T11:00:00,10.308393190173678,8.722999572753906
2,2018-03-12T12:00:00,9.449147857105768,9.003999710083008
2,2018-03-12T13:00:00,16.36920808616013,9.355999946594238
2,2018-03-12T14:00:00,7.55657808587878,10.552000045776367
2,2018-03-12T15:00:00,16.503618948305387,10.130000114440918
2,2018-03-12T16:00:00,11.86150534490927,10.482000350952148
2,2018-03-12T17:00:00,10.299536715660537,11.1850004196167
2,2018-03-12T18:00:00,14.429688314614912,10.973999977111816
2,2018-03-12T19:00:00,5.341871068273202,9.918999671936035
2,2018-03-12T20:00:00,10.45125985828042,9.848999977111816
2,2018-03-12T21:00:00,15.239956547775167,9.425999641418455
2,2018-03-12T22:00:00,7.1870108144788905,9.28600025177002
2,2018-03-12T23:00:00,1.2952338430459704,9.21500015258789
2,2018-03-13T00:00:00,13.528496176548241,9.003999710083008
2,2018-03-13T01:00:00,4.362227712440392,8.722999572753906
2,2018-03-13T02:00:00,11.345882876945833,8.86400032043457
2,2018-03-13T03:00:00,15.110096125374612,8.793000221252441
2,2018-03-13T04:00:00,8.452334279023168,8.722999572753906
2,2018-03-13T05:00:00,8.423780842879758,8.722999572753906
2,2018-03-13T06:00:00,10.759442828186199,8.581999778747559
2,2018-03-13T07:00:00,4.784526410961586,8.230999946594237
2,2018-03-13T08:00:00,15.113573420759156,8.159999847412111
2,2018-03-13T09:00:00,10.597308117368385,9.28600025177002
2,2018-03-13T10:00:00,10.438525122452855,10.973999977111816
2,2018-03-13T11:00:00,12.216618867698458,10.833000183105469
2,2018-03-13T12:00:00,6.2486665326032576,10.904000282287598
2,2018-03-13T13:00:00,13.755109362540633,11.607000350952148
2,2018-03-13T14:00:00,10.574310372571114,12.661999702453612
2,2018-03-13T15:00:00,9.206512254706789,11.748000144958494
2,2018-03-13T16:00:00,10.836754404114952,11.326000213623049
2,2018-03-13T17:00:00,14.955775334324873,11.536999702453612
2,2018-03-13T18:00:00,9.474231360606417,12.310999870300291
2,2018-03-13T19:00:00,1.7938415734668052,11.888999938964846
2,2018-03-13T20:00:00,11.061046465325997,11.326000213623049
2,2018-03-13T21:00:00,5.151078274850708,11.043999671936035
2,2018-03-13T22:00:00,14.168912042091332,10.904000282287598
2,2018-03-13T23:00:00,8.073379420868877,10.621999740600586
2,2018-03-14T00:00:00,12.830375257047665,10.621999740600586
2,2018-03-14T01:00:00,11.501877881536105,10.482000350952148
2,2018-03-14T02:00:00,8.83368008862224,10.692999839782717
2,2018-03-14T03:00:00,12.371866983750754,10.762999534606934
2,2018-03-14T04:00:00,3.5357182335402797,10.762999534606934
2,2018-03-14T05:00:00,16.4228441624089,9.98900032043457
2,2018-03-14T06:00:00,13.842044604444427,10.621999740600586
2,2018-03-14T07:00:00,8.894826172745137,10.199999809265137
2,2018-03-14T08:00:00,2.2791028333141714,10.482000350952148
2,2018-03-14T09:00:00,10.501069763069022,10.833000183105469
2,2018-03-14T10:00:00,10.562786232867484,10.762999534606934
2,2018-03-14T11:00:00,1.390933479175244,10.762999534606934
2,2018-03-14T12:00:00,8.404221139278217,10.833000183105469
2,2018-03-14T13:00:00,16.550240709766985,9.496999740600586
2,2018-03-14T14:00:00,10.822090091829875,10.621999740600586
2,2018-03-14T15:00:00,16.16860908803853,10.692999839782717
2,2018-03-14T16:00:00,7.293553624761978,10.762999534606934
2,2018-03-14T17:00:00,12.106938891965683,10.199999809265137
2,2018-03-14T18:00:00,9.078720758590922,10.482000350952148
2,2018-03-14T19:00:00,6.248585166180202,9.777999877929688
2,2018-03-14T20:00:00,15.491231087282168,9.637999534606934
2,2018-03-14T21:00:00,9.721677492815147,9.496999740600586
2,2018-03-14T22:00:00,9.569649514310033,9.56700038909912
2,2018-03-14T23:00:00,3.8778349337892823,9.425999641418455
2,2018-03-15T00:00:00,10.737327888265778,9.708000183105469
2,2018-03-15T01:00:00,11.772873696247014,9.708000183105469
2,2018-03-15T02:00:00,6.661684668554027,9.56700038909912
2,2018-03-15T03:00:00,16.227556846446447,9.496999740600586
2,2018-03-15T04:00:00,14.734918569622652,9.637999534606934
2,2018-03-15T05:00:00,7.206142616495654,9.777999877929688
2,2018-03-15T06:00:00,10.693508387751265,9.918999671936035
2,2018-03-15T07:00:00,13.917950309817478,9.637999534606934
2,2018-03-15T08:00:00,8.398405823107694,10.130000114440918
2,2018-03-15T09:00:00,14.637278411595458,10.130000114440918
2,2018-03-15T10:00:00,12.264130620021218,9.918999671936035
2,2018-03-15T11:00:00,14.142319814597858,9.708000183105469
2,2018-03-15T12:00:00,12.076005475038443,10.621999740600586
2,2018-03-15T13:00:00,13.141175484928066,10.833000183105469
2,2018-03-15T14:00:00,5.901383009668352,10.904000282287598
2,2018-03-15T15:00:00,12.438293094616183,10.833000183105469
2,2018-03-15T16:00:00,10.514513585558994,11.678000450134276
2,2018-03-15T17:00:00,13.409120980548135,11.888999938964846
2,2018-03-15T18:00:00,2.0492401102540256,11.607000350952148
2,2018-03-15T19:00:00,8.984873480237347,7.668000221252441
2,2018-03-15T20:00:00,14.453519070990763,2.321000099182129
2,2018-03-15T21:00:00,12.824604406535032,0.9850000143051147
2,2018-03-15T22:00:00,8.612286563533587,2.884000062942505
3,2018-03-12T23:00:00,4.3444087803969875,9.21500015258789
3,2018-03-13T00:00:00,10.439221894709785,9.003999710083008
3,2018-03-13T01:00:00,9.39562441746105,8.722999572753906
3,2018-03-13T02:00:00,12.893282802941073,8.86400032043457
3,2018-03-13T03:00:00,11.353166231362579,8.793000221252441
3,2018-03-13T04:00:00,11.399744290104554,8.722999572753906
3,2018-03-13T05:00:00,6.134307708098152,8.722999572753906
3,2018-03-13T06:00:00,12.644513809566421,8.581999778747559
3,2018-03-13T07:00:00,10.497967753278173,8.230999946594237
3,2018-03-13T08:00:00,12.651067684442655,8.159999847412111
3,2018-03-13T09:00:00,7.7876717700668205,9.28600025177002
3,2018-03-13T10:00:00,7.909680553206698,10.973999977111816
3,2018-03-13T11:00:00,11.060872299184247,10.833000183105469
3,2018-03-13T12:00:00,10.18244771557072,10.904000282287598
3,2018-03-13T13:00:00,17.10968399260957,11.607000350952148
3,2018-03-13T14:00:00,8.217684790886933,12.661999702453612
3,2018-03-13T15:00:00,17.231188299011976,11.748000144958494
3,2018-03-13T16:00:00,12.705619206415076,11.326000213623049
3,2018-03-13T17:00:00,11.049010674271459,11.536999702453612
3,2018-03-13T18:00:00,15.267455204539171,12.310999870300291
3,2018-03-13T19:00:00,5.8330463552766645,11.888999938964846
3,2018-03-13T20:00:00,11.200105155535216,11.326000213623049
3,2018-03-13T21:00:00,16.06821341349272,11.043999671936035
3,2018-03-13T22:00:00,7.81517636079991,10.904000282287598
3,2018-03-13T23:00:00,1.8858185647601484,10.621999740600586
3,2018-03-14T00:00:00,14.375495704986442,10.621999740600586
3,2018-03-14T01:00:00,4.730497401727922,10.482000350952148
3,2018-03-14T02:00:00,12.141479600572659,10.692999839782717
3,2018-03-14T03:00:00,15.932283530483193,10.762999534606934
3,2018-03-14T04:00:00,9.149409711752677,10.762999534606934
3,2018-03-14T05:00:00,9.119662501605365,9.98900032043457
3,2018-03-14T06:00:00,11.498966520578971,10.621999740600586
3,2018-03-14T07:00:00,5.20348448226391,10.199999809265137
3,2018-03-14T08:00:00,15.928026926120019,10.482000350952148
3,2018-03-14T09:00:00,11.334273794290059,10.833000183105469
3,2018-03-14T10:00:00,11.175232777223087,10.762999534606934
3,2018-03-14T11:00:00,13.003155531396864,10.762999534606934
3,2018-03-14T12:00:00,6.799605061582653,10.833000183105469
3,2018-03-14T13:00:00,14.579456457962616,9.496999740600586
3,2018-03-14T14:00:00,11.307194474423541,10.621999740600586
3,2018-03-14T15:00:00,9.899221001958004,10.692999839782717
3,2018-03-14T16:00:00,11.566468493617398,10.762999534606934
3,2018-03-14T17:00:00,15.75876626051138,10.199999809265137
3,2018-03-14T18:00:00,10.171774188586824,10.482000350952148
3,2018-03-14T19:00:00,2.33587311489784,9.777999877929688
3,2018-03-14T20:00:00,11.79552516509034,9.637999534606934
3,2018-03-14T21:00:00,5.606003832657008,9.496999740600586
3,2018-03-14T22:00:00,14.970799431650109,9.56700038909912
3,2018-03-14T23:00:00,8.74308176495791,9.425999641418455
3,2018-03-15T00:00:00,13.660537609926138,9.708000183105469
3,2018-03-15T01:00:00,12.288584369997874,9.708000183105469
3,2018-03-15T02:00:00,9.518283880059677,9.56700038909912
3,2018-03-15T03:00:00,13.141854607016754,9.496999740600586
3,2018-03-15T04:00:00,3.9071900179383867,9.637999534606934
3,2018-03-15T05:00:00,17.121132334249573,9.777999877929688
3,2018-03-15T06:00:00,14.654300322668739,9.918999671936035
3,2018-03-15T07:00:00,9.579365753936045,9.637999534606934
3,2018-03-15T08:00:00,2.770524709684601,10.130000114440918
3,2018-03-15T09:00:00,11.229184621542345,10.130000114440918
3,2018-03-15T10:00:00,11.290319219823772,9.918999671936035
3,2018-03-15T11:00:00,1.9692968655066387,9.708000183105469
3,2018-03-15T12:00:00,9.088512608208426,10.621999740600586
3,2018-03-15T13:00:00,17.238006816834314,10.833000183105469
3,2018-03-15T14:00:00,11.547105922541162,10.904000282287598
3,2018-03-15T15:00:00,16.8899779037494,10.833000183105469
3,2018-03-15T16:00:00,7.9237719310602905,11.678000450134276
3,2018-03-15T17:00:00,12.90001100872364,11.888999938964846
3,2018-03-15T18:00:00,9.767555974557464,11.607000350952148
3,2018-03-15T19:00:00,6.811157257444833,7.668000221252441
3,2018-03-15T20:00:00,16.273160153163285,2.321000099182129
3,2018-03-15T21:00:00,10.441769361342825,0.9850000143051147
3,2018-03-15T22:00:00,10.280881009715987,2.884000062942505
3,2018-03-15T23:00:00,4.255151152314589,1.687999963760376
3,2018-03-16T00:00:00,11.46752490381889,2.74399995803833
3,2018-03-16T01:00:00,12.590069841642626,2.250999927520752
3,2018-03-16T02:00:00,7.261887111801631,1.8289999961853027
3,2018-03-16T03:00:00,16.950983266930162,2.602999925613404
3,2018-03-16T04:00:00,15.539475800177817,3.377000093460083
3,2018-03-16T05:00:00,7.8440437572760064,3.16599988937378
3,2018-03-16T06:00:00,11.427577009816925,3.3059999942779537
3,2018-03-16T07:00:00,14.738287488573977,2.74399995803833
3,2018-03-16T08:00:00,9.094429006221349,1.89900004863739
3,2018-03-16T09:00:00,15.445075983448202,2.1099998950958248
3,2018-03-16T10:00:00,13.045596320436957,2.1099998950958248
3,2018-03-16T11:00:00,14.957344541028263,3.025000095367432
3,2018-03-16T12:00:00,12.883081509080963,3.6579999923706055
3,2018-03-16T13:00:00,13.98627028091797,4.010000228881837
3,2018-03-16T14:00:00,6.448601645643192,3.799000024795532
3,2018-03-16T15:00:00,13.228582132019154,3.86899995803833
3,2018-03-16T16:00:00,11.257665206137993,4.290999889373778
3,2018-03-16T17:00:00,14.253531218403525,4.501999855041504
3,2018-03-16T18:00:00,2.561380887503889,4.7839999198913565
3,2018-03-16T19:00:00,9.690593038995102,4.994999885559082
3,2018-03-16T20:00:00,15.267510405992876,5.205999851226807
3,2018-03-16T21:00:00,13.679748460846305,5.3460001945495605
3,2018-03-16T22:00:00,9.318459623383703,4.923999786376953
4,2018-03-13T23:00:00,4.337937628805925,10.621999740600586
4,2018-03-14T00:00:00,10.308736275173398,10.621999740600586
4,2018-03-14T01:00:00,9.258334217538636,10.482000350952148
4,2018-03-14T02:00:00,12.654369397504194,10.692999839782717
4,2018-03-14T03:00:00,11.16620389658491,10.762999534606934
4,2018-03-14T04:00:00,11.20715483199011,10.762999534606934
4,2018-03-14T05:00:00,6.120790635301777,9.98900032043457
4,2018-03-14T06:00:00,12.368393387443653,10.621999740600586
4,2018-03-14T07:00:00,10.319029073473722,10.199999809265137
4,2018-03-14T08:00:00,12.365569242661262,10.482000350952148
4,2018-03-14T09:00:00,7.619627050080004,10.833000183105469
4,2018-03-14T10:00:00,7.726983818893071,10.762999534606934
4,2018-03-14T11:00:00,10.823299696463543,10.762999534606934
4,2018-03-14T12:00:00,10.004196546272581,10.833000183105469
4,2018-03-14T13:00:00,16.915702378374466,9.496999740600586
4,2018-03-14T14:00:00,8.024441826024008,10.621999740600586
4,2018-03-14T15:00:00,17.044026144781895,10.692999839782717
4,2018-03-14T16:00:00,12.39319024705071,10.762999534606934
4,2018-03-14T17:00:00,10.792430946453493,10.199999809265137
4,2018-03-14T18:00:00,14.926996990766376,10.482000350952148
4,2018-03-14T19:00:00,5.765764386576743,9.777999877929688
4,2018-03-14T20:00:00,10.937545199009381,9.637999534606934
4,2018-03-14T21:00:00,15.68594680713396,9.496999740600586
4,2018-03-14T22:00:00,7.611775988101648,9.56700038909912
4,2018-03-14T23:00:00,1.740156774345282,9.425999641418455
4,2018-03-15T00:00:00,14.050723712536685,9.708000183105469
4,2018-03-15T01:00:00,4.656991885078774,9.708000183105469
4,2018-03-15T02:00:00,11.833133046710145,9.56700038909912
4,2018-03-15T03:00:00,15.545056189423804,9.496999740600586
4,2018-03-15T04:00:00,8.90614021746196,9.637999534606934
4,2018-03-15T05:00:00,8.874463937424618,9.777999877929688
4,2018-03-15T06:00:00,11.218227157704675,9.918999671936035
4,2018-03-15T07:00:00,5.12463404546382,9.637999534606934
4,2018-03-15T08:00:00,15.53894703110018,10.130000114440918
4,2018-03-15T09:00:00,11.050105910844998,10.130000114440918
4,2018-03-15T10:00:00,10.890780770837178,9.918999671936035
4,2018-03-15T11:00:00,12.678857501173065,9.708000183105469
4,2018-03-15T12:00:00,6.662052866528279,10.621999740600586
4,2018-03-15T13:00:00,14.231885418982085,10.833000183105469
4,2018-03-15T14:00:00,11.018261810420102,10.904000282287598
4,2018-03-15T15:00:00,9.67016965501023,10.833000183105469
4,2018-03-15T16:00:00,11.273361636865964,11.678000450134276
4,2018-03-15T17:00:00,15.374270045019596,11.888999938964846
4,2018-03-15T18:00:00,9.934966997441922,11.607000350952148
4,2018-03-15T19:00:00,2.1814026394378256,7.668000221252441
4,2018-03-15T20:00:00,11.491332123741305,2.321000099182129
4,2018-03-15T21:00:00,5.519606553579939,0.9850000143051147
4,2018-03-15T22:00:00,14.606688649590506,2.884000062942505
4,2018-03-15T23:00:00,8.500442714495286,1.687999963760376
4,2018-03-16T00:00:00,13.283771586325072,2.74399995803833
4,2018-03-16T01:00:00,11.946050624515532,2.250999927520752
4,2018-03-16T02:00:00,9.271713472718453,1.8289999961853027
4,2018-03-16T03:00:00,12.809151666523395,2.602999925613404
4,2018-03-16T04:00:00,3.821413659668657,3.377000093460083
4,2018-03-16T05:00:00,16.842028328892557,3.16599988937378
4,2018-03-16T06:00:00,14.288159831229882,3.3059999942779537
4,2018-03-16T07:00:00,9.329599127020796,2.74399995803833
4,2018-03-16T08:00:00,2.629170085401661,1.89900004863739
4,2018-03-16T09:00:00,10.922542978196837,2.1099998950958248
4,2018-03-16T10:00:00,10.981441284563203,2.1099998950958248
4,2018-03-16T11:00:00,1.7863820041898961,3.025000095367432
4,2018-03-16T12:00:00,8.821779799323952,3.6579999923706055
4,2018-03-16T13:00:00,16.96121628746501,4.010000228881837
4,2018-03-16T14:00:00,11.228717167754317,3.799000024795532
4,2018-03-16T15:00:00,16.57018899505776,3.86899995803833
4,2018-03-16T16:00:00,7.687790687534649,4.290999889373778
4,2018-03-16T17:00:00,12.536828622425526,4.501999855041504
4,2018-03-16T18:00:00,9.5067605676152,4.7839999198913565
4,2018-03-16T19:00:00,6.63193205150014,4.994999885559082
4,2018-03-16T20:00:00,15.875833113737421,5.205999851226807
4,2018-03-16T21:00:00,10.14696618441656,5.3460001945495605
4,2018-03-16T22:00:00,9.995120934437722,4.923999786376953
4,2018-03-16T23:00:00,4.160768015691568,4.150000095367432
4,2018-03-17T00:00:00,11.135038404446185,3.377000093460083
4,2018-03-17T01:00:00,12.200674552602077,3.16599988937378
4,2018-03-17T02:00:00,7.036850230327861,2.74399995803833
4,2018-03-17T03:00:00,16.614986696749355,3.025000095367432
4,2018-03-17T04:00:00,15.11767245061697,2.813999891281128
4,2018-03-17T05:00:00,7.589163418138565,2.74399995803833
4,2018-03-17T06:00:00,11.086148153043727,2.74399995803833
4,2018-03-17T07:00:00,14.328786930973882,2.321000099182129
4,2018-03-17T08:00:00,8.798437156795861,2.813999891281128
4,2018-03-17T09:00:00,15.015742354070662,3.095000028610228
4,2018-03-17T10:00:00,12.667676308766232,3.86899995803833
4,2018-03-17T11:00:00,14.5352362030264,4.432000160217285
4,2018-03-17T12:00:00,12.487481768329523,5.135000228881836
4,2018-03-17T13:00:00,13.56921204638737,5.276000022888184
4,2018-03-17T14:00:00,6.278619390129501,6.119999885559082
4,2018-03-17T15:00:00,12.83764597134232,6.4720001220703125
4,2018-03-17T16:00:00,10.903124238102876,6.050000190734862
4,2018-03-17T17:00:00,13.836932434674821,5.839000225067139
4,2018-03-17T18:00:00,2.3865689508574572,5.76800012588501
4,2018-03-17T19:00:00,9.385712757563077,5.627999782562256
4,2018-03-17T20:00:00,14.822434878063232,5.486999988555908
4,2018-03-17T21:00:00,13.24083960149523,5.486999988555908
4,2018-03-17T22:00:00,9.004212108755919,5.276000022888184
5,2018-03-14T23:00:00,4.363361639213519,9.425999641418455
5,2018-03-15T00:00:00,10.140391680014764,9.708000183105469
5,2018-03-15T01:00:00,9.102449522126198,9.708000183105469
5,2018-03-15T02:00:00,12.421245475175942,9.56700038909912
5,2018-03-15T03:00:00,10.955931781031008,9.496999740600586
5,2018-03-15T04:00:00,10.99568674452671,9.637999534606934
5,2018-03-15T05:00:00,6.079227705225561,9.777999877929688
5,2018-03-15T06:00:00,12.137068208284033,9.918999671936035
5,2018-03-15T07:00:00,10.133493956570153,9.637999534606934
5,2018-03-15T08:00:00,12.135374146087914,10.130000114440918
5,2018-03-15T09:00:00,7.5085230728975745,10.130000114440918
5,2018-03-15T10:00:00,7.610462205863767,9.918999671936035
5,2018-03-15T11:00:00,10.616960115605071,9.708000183105469
5,2018-03-15T12:00:00,9.831319839168188,10.621999740600586
5,2018-03-15T13:00:00,16.711748504042557,10.833000183105469
5,2018-03-15T14:00:00,7.892594004684751,10.904000282287598
5,2018-03-15T15:00:00,16.847395032286894,10.833000183105469
5,2018-03-15T16:00:00,12.165196653137652,11.678000450134276
5,2018-03-15T17:00:00,10.586129721238454,11.888999938964846
5,2018-03-15T18:00:00,14.645123560538122,11.607000350952148
5,2018-03-15T19:00:00,5.734703341549116,7.668000221252441
5,2018-03-15T20:00:00,10.730365246124306,2.321000099182129
5,2018-03-15T21:00:00,15.407970965686928,0.9850000143051147
5,2018-03-15T22:00:00,7.499860143812539,2.884000062942505
5,2018-03-15T23:00:00,1.6748571115811188,1.687999963760376
5,2018-03-16T00:00:00,13.790906349302752,2.74399995803833
5,2018-03-16T01:00:00,4.647523873036921,2.250999927520752
5,2018-03-16T02:00:00,11.613979591974026,1.8289999961853027
5,2018-03-16T03:00:00,15.268799227924664,2.602999925613404
5,2018-03-16T04:00:00,8.743799628598559,3.377000093460083
5,2018-03-16T05:00:00,8.712824560479259,3.16599988937378
5,2018-03-16T06:00:00,11.013060061537118,3.3059999942779537
5,2018-03-16T07:00:00,5.109880639296465,2.74399995803833
5,2018-03-16T08:00:00,15.268086971519262,1.89900004863739
5,2018-03-16T09:00:00,10.848684198823241,2.1099998950958248
5,2018-03-16T10:00:00,10.691692672686042,2.1099998950958248
5,2018-03-16T11:00:00,12.472193382364305,3.025000095367432
5,2018-03-16T12:00:00,6.602311178618049,3.6579999923706055
5,2018-03-16T13:00:00,13.9783825418101,4.010000228881837
5,2018-03-16T14:00:00,10.822010564988268,3.799000024795532
5,2018-03-16T15:00:00,9.520207443320363,3.86899995803833
5,2018-03-16T16:00:00,11.076596525496841,4.290999889373778
5,2018-03-16T17:00:00,15.11631825117435,4.501999855041504
5,2018-03-16T18:00:00,9.783163445577166,4.7839999198913565
5,2018-03-16T19:00:00,2.133073369571637,4.994999885559082
5,2018-03-16T20:00:00,11.295490609782181,5.205999851226807
5,2018-03-16T21:00:00,5.514445951070529,5.3460001945495605
5,2018-03-16T22:00:00,14.351300019443652,4.923999786376953
5,2018-03-16T23:00:00,8.367553339110827,4.150000095367432
5,2018-03-17T00:00:00,13.071854845410677,3.377000093460083
5,2018-03-17T01:00:00,11.744715453137255,3.16599988937378
5,2018-03-17T02:00:00,9.136825291489563,2.74399995803833
5,2018-03-17T03:00:00,12.62781810906855,3.025000095367432
5,2018-03-17T04:00:00,3.8348032779585015,2.813999891281128
5,2018-03-17T05:00:00,16.67601349285138,2.74399995803833
5,2018-03-17T06:00:00,14.057601267424484,2.74399995803833
5,2018-03-17T07:00:00,9.201283110719885,2.321000099182129
5,2018-03-17T08:00:00,2.6048085767651923,2.813999891281128
5,2018-03-17T09:00:00,10.74799749085626,3.095000028610228
5,2018-03-17T10:00:00,10.806742018155052,3.86899995803833
5,2018-03-17T11:00:00,1.7322748630024503,4.432000160217285
5,2018-03-17T12:00:00,8.695727279727539,5.135000228881836
5,2018-03-17T13:00:00,16.813522692244767,5.276000022888184
5,2018-03-17T14:00:00,11.052486302047704,6.119999885559082
5,2018-03-17T15:00:00,16.401353555015287,6.4720001220703125
5,2018-03-17T16:00:00,7.606209150203977,6.050000190734862
5,2018-03-17T17:00:00,12.356082942061512,5.839000225067139
5,2018-03-17T18:00:00,9.387396975379934,5.76800012588501
5,2018-03-17T19:00:00,6.585358177557312,5.627999782562256
5,2018-03-17T20:00:00,15.66926996730188,5.486999988555908
5,2018-03-17T21:00:00,10.00250916857052,5.486999988555908
5,2018-03-17T22:00:00,9.859425315992405,5.276000022888184
5,2018-03-17T23:00:00,4.191152688188689,3.5169999599456787
5,2018-03-18T00:00:00,10.961608774411946,4.7129998207092285
5,2018-03-18T01:00:00,12.004540136217418,4.8540000915527335
5,2018-03-18T02:00:00,6.9686246313442215,5.557000160217285
5,2018-03-18T03:00:00,16.452281647218484,5.908999919891357
5,2018-03-18T04:00:00,14.88861947010475,4.923999786376953
5,2018-03-18T05:00:00,7.507375547081756,3.799000024795532
5,2018-03-18T06:00:00,10.91174099455939,5.839000225067139
5,2018-03-18T07:00:00,14.105436661364564,7.73799991607666
5,2018-03-18T08:00:00,8.673526514348744,8.090000152587889
5,2018-03-18T09:00:00,14.782429669224872,7.105000019073486
5,2018-03-18T10:00:00,12.493822660624184,7.597000122070312
5,2018-03-18T11:00:00,14.302299973920812,7.948999881744385
5,2018-03-18T12:00:00,12.29879177565469,6.964000225067139
5,2018-03-18T13:00:00,13.36507339260407,7.809000015258789
5,2018-03-18T14:00:00,6.257333958005367,6.261000156402588
5,2018-03-18T15:00:00,12.660437919182224,5.697999954223633
5,2018-03-18T16:00:00,10.725519483761268,5.486999988555908
5,2018-03-18T17:00:00,13.624403749784058,5.416999816894531
5,2018-03-18T18:00:00,2.359025662087804,5.9790000915527335
5,2018-03-18T19:00:00,9.255073189895853,5.486999988555908
5,2018-03-18T20:00:00,14.577541268769819,4.432000160217285
5,2018-03-18T21:00:00,13.03640801494285,5.9790000915527335
5,2018-03-18T22:00:00,8.870002063762774,5.9790000915527335
6,2018-03-15T23:00:00,4.027115279856659,1.687999963760376
6,2018-03-16T00:00:00,9.604717590495193,2.74399995803833
6,2018-03-16T01:00:00,8.6044251111682,2.250999927520752
6,2018-03-16T02:00:00,11.9339622260363,1.8289999961853027
6,2018-03-16T03:00:00,10.470506377828379,2.602999925613404
6,2018-03-16T04:00:00,10.51606275689225,3.377000093460083
6,2018-03-16T05:00:00,5.7111227199676975,3.16599988937378
6,2018-03-16T06:00:00,11.706244745543984,3.3059999942779537
6,2018-03-16T07:00:00,9.711061298103893,2.74399995803833
6,2018-03-16T08:00:00,11.723779940681945,1.89900004863739
6,2018-03-16T09:00:00,7.240732839493987,2.1099998950958248
6,2018-03-16T10:00:00,7.344095821427928,2.1099998950958248
6,2018-03-16T11:00:00,10.271509085661847,3.025000095367432
6,2018-03-16T12:00:00,9.429957280563361,3.6579999923706055
6,2018-03-16T13:00:00,16.235155899585248,4.010000228881837
6,2018-03-16T14:00:00,7.620763763964842,3.799000024795532
6,2018-03-16T15:00:00,16.383187638030005,3.86899995803833
6,2018-03-16T16:00:00,11.815122387545713,4.290999889373778
6,2018-03-16T17:00:00,10.277649852143577,4.501999855041504
6,2018-03-16T18:00:00,14.225825696907577,4.7839999198913565
6,2018-03-16T19:00:00,5.510547204046732,4.994999885559082
6,2018-03-16T20:00:00,10.420069537477673,5.205999851226807
6,2018-03-16T21:00:00,15.06657612148269,5.3460001945495605
6,2018-03-16T22:00:00,7.298950837955903,4.923999786376953
6,2018-03-16T23:00:00,1.5327866122967198,4.150000095367432
6,2018-03-17T00:00:00,13.412154454598978,3.377000093460083
6,2018-03-17T01:00:00,4.514670217730108,3.16599988937378
6,2018-03-17T02:00:00,11.30687048961825,2.74399995803833
6,2018-03-17T03:00:00,14.943635271466256,3.025000095367432
6,2018-03-17T04:00:00,8.485462000391124,2.813999891281128
6,2018-03-17T05:00:00,8.459090767223804,2.74399995803833
6,2018-03-17T06:00:00,10.723401729293357,2.74399995803833
6,2018-03-17T07:00:00,4.964784728682329,2.321000099182129
6,2018-03-17T08:00:00,14.95615642902231,2.813999891281128
6,2018-03-17T09:00:00,10.580935053815328,3.095000028610228
6,2018-03-17T10:00:00,10.436632585978435,3.86899995803833
6,2018-03-17T11:00:00,12.200368376399311,4.432000160217285
6,2018-03-17T12:00:00,6.442732167018265,5.135000228881836
6,2018-03-17T13:00:00,13.647784738712856,5.276000022888184
6,2018-03-17T14:00:00,10.56856711410045,6.119999885559082
6,2018-03-17T15:00:00,9.263969658450238,6.4720001220703125
6,2018-03-17T16:00:00,10.814973743863547,6.050000190734862
6,2018-03-17T17:00:00,14.809848859941722,5.839000225067139
6,2018-03-17T18:00:00,9.53272680554188,5.76800012588501
6,2018-03-17T19:00:00,2.0413729146385915,5.627999782562256
6,2018-03-17T20:00:00,11.03832292427981,5.486999988555908
6,2018-03-17T21:00:00,5.371686703353857,5.486999988555908
6,2018-03-17T22:00:00,14.02078343732807,5.276000022888184
6,2018-03-17T23:00:00,8.154505263865497,3.5169999599456787
6,2018-03-18T00:00:00,12.826440727773784,4.7129998207092285
6,2018-03-18T01:00:00,11.506290556327908,4.8540000915527335
6,2018-03-18T02:00:00,8.908087523240876,5.557000160217285
6,2018-03-18T03:00:00,12.377345771045846,5.908999919891357
6,2018-03-18T04:00:00,3.734902986679794,4.923999786376953
6,2018-03-18T05:00:00,16.380570149876103,3.799000024795532
6,2018-03-18T06:00:00,13.760340355603557,5.839000225067139
6,2018-03-18T07:00:00,8.976122151809275,7.73799991607666
6,2018-03-18T08:00:00,2.521422551660555,8.090000152587889
6,2018-03-18T09:00:00,10.522338287223633,7.105000019073486
6,2018-03-18T10:00:00,10.58102775314309,7.597000122070312
6,2018-03-18T11:00:00,1.6637141719720638,7.948999881744385
6,2018-03-18T12:00:00,8.487346130919171,6.964000225067139
6,2018-03-18T13:00:00,16.52746303326298,7.809000015258789
6,2018-03-18T14:00:00,10.827778268153498,6.261000156402588
6,2018-03-18T15:00:00,16.118724776421146,5.697999954223633
6,2018-03-18T16:00:00,7.440448878772971,5.486999988555908
6,2018-03-18T17:00:00,12.131767238186985,5.416999816894531
6,2018-03-18T18:00:00,9.172215782172014,5.9790000915527335
6,2018-03-18T19:00:00,6.467303169176871,5.486999988555908
6,2018-03-18T20:00:00,15.393021023324614,4.432000160217285
6,2018-03-18T21:00:00,9.79344053669077,5.9790000915527335
6,2018-03-18T22:00:00,9.650404669209038,5.9790000915527335
6,2018-03-18T23:00:00,4.0920488660870795,5.76800012588501
6,2018-03-19T00:00:00,10.75360086183381,5.908999919891357
6,2018-03-19T01:00:00,11.805104625617421,6.119999885559082
6,2018-03-19T02:00:00,6.8498939489301325,6.752999782562256
6,2018-03-19T03:00:00,16.191109128115723,4.8540000915527335
6,2018-03-19T04:00:00,14.61643956547821,4.7839999198913565
6,2018-03-19T05:00:00,7.360295649079104,4.361999988555908
6,2018-03-19T06:00:00,10.714443794008517,5.839000225067139
6,2018-03-19T07:00:00,13.851067218868392,4.8540000915527335
6,2018-03-19T08:00:00,8.494279435943783,4.8540000915527335
6,2018-03-19T09:00:00,14.519130075851873,5.276000022888184
6,2018-03-19T10:00:00,12.29120661088858,5.557000160217285
6,2018-03-19T11:00:00,14.047548802451972,5.135000228881836
6,2018-03-19T12:00:00,12.109284386972412,6.261000156402588
6,2018-03-19T13:00:00,13.149337736497607,5.205999851226807
6,2018-03-19T14:00:00,6.160364080482831,5.3460001945495605
6,2018-03-19T15:00:00,12.462256494832852,5.416999816894531
6,2018-03-19T16:00:00,10.54715490314257,5.065000057220459
6,2018-03-19T17:00:00,13.411670615970698,6.050000190734862
6,2018-03-19T18:00:00,2.309737178229067,3.16599988937378
6,2018-03-19T19:00:00,9.089917248696656,3.86899995803833
6,2018-03-19T20:00:00,14.335678802422727,4.64300012588501
6,2018-03-19T21:00:00,12.841658198991448,4.572999954223633
6,2018-03-19T22:00:00,8.714641220587836,4.64300012588501
7,2018-03-16T23:00:00,4.224770685323959,4.150000095367432
7,2018-03-17T00:00:00,10.64998374864938,3.377000093460083
7,2018-03-17T01:00:00,9.538057520875437,3.16599988937378
7,2018-03-17T02:00:00,13.098970392219524,2.74399995803833
7,2018-03-17T03:00:00,11.613230329130513,3.025000095367432
7,2018-03-17T04:00:00,11.663317105901744,2.813999891281128
7,2018-03-17T05:00:00,5.944965468797889,2.74399995803833
7,2018-03-17T06:00:00,12.892744432126094,2.74399995803833
7,2018-03-17T07:00:00,10.724374111541724,2.321000099182129
7,2018-03-17T08:00:00,12.911043476650182,2.813999891281128
7,2018-03-17T09:00:00,7.811739658522088,3.095000028610228
7,2018-03-17T10:00:00,7.938601818426411,3.86899995803833
7,2018-03-17T11:00:00,11.384476493793297,4.432000160217285
7,2018-03-17T12:00:00,10.38590703908346,5.135000228881836
7,2018-03-17T13:00:00,17.39381182424036,5.276000022888184
7,2018-03-17T14:00:00,8.311792082493746,6.119999885559082
7,2018-03-17T15:00:00,17.509698759650767,6.4720001220703125
7,2018-03-17T16:00:00,13.002876266315228,6.050000190734862
7,2018-03-17T17:00:00,11.39596653352083,5.839000225067139
7,2018-03-17T18:00:00,15.768534665742077,5.76800012588501
7,2018-03-17T19:00:00,5.697984261506024,5.627999782562256
7,2018-03-17T20:00:00,11.552458335907772,5.486999988555908
7,2018-03-17T21:00:00,16.565759480740915,5.486999988555908
7,2018-03-17T22:00:00,7.8856848147922864,5.276000022888184
7,2018-03-17T23:00:00,1.803707094589937,3.5169999599456787
7,2018-03-18T00:00:00,14.835286773816001,4.7129998207092285
7,2018-03-18T01:00:00,4.613569716522573,4.8540000915527335
7,2018-03-18T02:00:00,12.495353251784046,5.557000160217285
7,2018-03-18T03:00:00,16.470238358029416,5.908999919891357
7,2018-03-18T04:00:00,9.404583232653945,4.923999786376953
7,2018-03-18T05:00:00,9.37892187079834,3.799000024795532
7,2018-03-18T06:00:00,11.882983681932288,5.839000225067139
7,2018-03-18T07:00:00,5.106608648265917,7.73799991607666
7,2018-03-18T08:00:00,16.494355191010566,8.090000152587889
7,2018-03-18T09:00:00,11.736074326464024,7.105000019073486
7,2018-03-18T10:00:00,11.585882883528186,7.597000122070312
7,2018-03-18T11:00:00,13.38159112516799,7.948999881744385
7,2018-03-18T12:00:00,6.819875312993881,6.964000225067139
7,2018-03-18T13:00:00,15.125806595256405,7.809000015258789
7,2018-03-18T14:00:00,11.730446590618497,6.261000156402588
7,2018-03-18T15:00:00,10.203648472258589,5.697999954223633
7,2018-03-18T16:00:00,11.990679107541396,5.486999988555908
7,2018-03-18T17:00:00,16.37742439072126,5.416999816894531
7,2018-03-18T18:00:00,10.51046781663787,5.9790000915527335
7,2018-03-18T19:00:00,2.2866461246069196,5.486999988555908
7,2018-03-18T20:00:00,12.23028405963553,4.432000160217285
7,2018-03-18T21:00:00,5.555617088093962,5.9790000915527335
7,2018-03-18T22:00:00,15.621754638936356,5.9790000915527335
7,2018-03-18T23:00:00,9.06249928271103,5.76800012588501
7,2018-03-19T00:00:00,14.173864494060087,5.908999919891357
7,2018-03-19T01:00:00,12.733889116810236,6.119999885559082
7,2018-03-19T02:00:00,9.86202643777412,6.752999782562256
7,2018-03-19T03:00:00,13.597985373966521,4.8540000915527335
7,2018-03-19T04:00:00,3.8663651667522814,4.7839999198913565
7,2018-03-19T05:00:00,17.62652837590437,4.361999988555908
7,2018-03-19T06:00:00,15.275729146686889,5.839000225067139
7,2018-03-19T07:00:00,9.938611904005855,4.8540000915527335
7,2018-03-19T08:00:00,2.7412553325614972,4.8540000915527335
7,2018-03-19T09:00:00,11.719010125152948,5.276000022888184
7,2018-03-19T10:00:00,11.78137686806783,5.557000160217285
7,2018-03-19T11:00:00,1.9473413246171134,5.135000228881836
7,2018-03-19T12:00:00,9.456576120116118,6.261000156402588
7,2018-03-19T13:00:00,17.748114765792362,5.205999851226807
7,2018-03-19T14:00:00,12.042466653646063,5.3460001945495605
7,2018-03-19T15:00:00,17.460999574946985,5.416999816894531
7,2018-03-19T16:00:00,8.173144582746424,5.065000057220459
7,2018-03-19T17:00:00,13.38545548559369,6.050000190734862
7,2018-03-19T18:00:00,10.152418561681907,3.16599988937378
7,2018-03-19T19:00:00,6.927471234972774,3.86899995803833
7,2018-03-19T20:00:00,16.954193310488183,4.64300012588501
7,2018-03-19T21:00:00,10.91069426271633,4.572999954223633
7,2018-03-19T22:00:00,10.725550486673265,4.64300012588501
7,2018-03-19T23:00:00,4.238488799436846,4.079999923706056
7,2018-03-20T00:00:00,11.98344010312714,3.095000028610228
7,2018-03-20T01:00:00,13.091435878626807,3.236000061035156
7,2018-03-20T02:00:00,7.450581455811488,4.010000228881837
7,2018-03-20T03:00:00,17.531707491154496,3.7279999256134033
7,2018-03-20T04:00:00,16.276826989383242,4.290999889373778
7,2018-03-20T05:00:00,8.103119894358823,4.64300012588501
7,2018-03-20T06:00:00,11.952580848345812,4.432000160217285
7,2018-03-20T07:00:00,15.421591680505028,3.16599988937378
7,2018-03-20T08:00:00,9.49269064924692,2.9549999237060547
7,2018-03-20T09:00:00,16.192205057075267,3.7279999256134033
7,2018-03-20T10:00:00,13.556539884753889,4.150000095367432
7,2018-03-20T11:00:00,15.682169648658986,3.588000059127808
7,2018-03-20T12:00:00,13.397551096366698,3.86899995803833
7,2018-03-20T13:00:00,14.589798769665327,3.4470000267028813
7,2018-03-20T14:00:00,6.5012301922060285,3.5169999599456787
7,2018-03-20T15:00:00,13.761481170324343,3.5169999599456787
7,2018-03-20T16:00:00,11.795245976501947,3.095000028610228
7,2018-03-20T17:00:00,14.865999545152265,2.461999893188477
7,2018-03-20T18:00:00,2.560662794198631,2.532000064849853
7,2018-03-20T19:00:00,10.100118236128516,2.884000062942505
7,2018-03-20T20:00:00,16.033196413283708,2.532000064849853
7,2018-03-20T21:00:00,14.28421108083514,2.602999925613404
7,2018-03-20T22:00:00,9.727986421518608,3.377000093460083
8,2018-03-17T23:00:00,3.935788726002377,3.5169999599456787
8,2018-03-18T00:00:00,9.774710875797547,4.7129998207092285
8,2018-03-18T01:00:00,8.750892177464257,4.8540000915527335
8,2018-03-18T02:00:00,12.190335282381305,5.557000160217285
8,2018-03-18T03:00:00,10.719686656725681,5.908999919891357
8,2018-03-18T04:00:00,10.778468039427715,4.923999786376953
8,2018-03-18T05:00:00,5.53707644933591,3.799000024795532
8,2018-03-18T06:00:00,11.965967227045748,5.839000225067139
8,2018-03-18T07:00:00,9.893576726242937,7.73799991607666
8,2018-03-18T08:00:00,11.994834310272934,8.090000152587889
8,2018-03-18T09:00:00,7.213040219246677,7.105000019073486
8,2018-03-18T10:00:00,7.333600283541255,7.597000122070312
8,2018-03-18T11:00:00,10.503165617055053,7.948999881744385
8,2018-03-18T12:00:00,9.6135963850864,6.964000225067139
8,2018-03-18T13:00:00,16.592449060076422,7.809000015258789
8,2018-03-18T14:00:00,7.662251444440235,6.261000156402588
8,2018-03-18T15:00:00,16.730066081792234,5.697999954223633
8,2018-03-18T16:00:00,12.130657769259084,5.486999988555908
8,2018-03-18T17:00:00,10.54017479191607,5.416999816894531
8,2018-03-18T18:00:00,14.828230160120743,5.9790000915527335
8,2018-03-18T19:00:00,5.312911393581722,5.486999988555908
8,2018-03-18T20:00:00,10.721774285583273,4.432000160217285
8,2018-03-18T21:00:00,15.673520729998222,5.9790000915527335
8,2018-03-18T22:00:00,7.302985040333274,5.9790000915527335
8,2018-03-18T23:00:00,1.2842764507445708,5.76800012588501
8,2018-03-19T00:00:00,13.925406091562976,5.908999919891357
8,2018-03-19T01:00:00,4.323630139858752,6.119999885559082
8,2018-03-19T02:00:00,11.684425003928126,6.752999782562256
8,2018-03-19T03:00:00,15.603655502708687,4.8540000915527335
8,2018-03-19T04:00:00,8.70540700670301,4.7839999198913565
8,2018-03-19T05:00:00,8.682658681923877,4.361999988555908
8,2018-03-19T06:00:00,11.115062277061764,5.839000225067139
8,2018-03-19T07:00:00,4.767473500270569,4.8540000915527335
8,2018-03-19T08:00:00,15.653033003955418,4.8540000915527335
8,2018-03-19T09:00:00,10.965952947419446,5.276000022888184
8,2018-03-19T10:00:00,10.806924317662602,5.557000160217285
8,2018-03-19T11:00:00,12.632612389041881,5.135000228881836
8,2018-03-19T12:00:00,6.326286265902938,6.261000156402588
8,2018-03-19T13:00:00,14.276173860204754,5.205999851226807
8,2018-03-19T14:00:00,10.975491974904697,5.3460001945495605
8,2018-03-19T15:00:00,9.527227108786215,5.416999816894531
8,2018-03-19T16:00:00,11.261984051175682,5.065000057220459
8,2018-03-19T17:00:00,15.571508425758278,6.050000190734862
8,2018-03-19T18:00:00,9.824119018987268,3.16599988937378
8,2018-03-19T19:00:00,1.8142777092116162,3.86899995803833
8,2018-03-19T20:00:00,11.518274179611389,4.64300012588501
8,2018-03-19T21:00:00,5.1777025285164715,4.572999954223633
8,2018-03-19T22:00:00,14.809238274445212,4.64300012588501
8,2018-03-19T23:00:00,8.410563405728844,4.079999923706056
8,2018-03-20T00:00:00,13.390278025697063,3.095000028610228
8,2018-03-20T01:00:00,11.992653024427323,3.236000061035156
8,2018-03-20T02:00:00,9.212951392004456,4.010000228881837
8,2018-03-20T03:00:00,12.901130948414252,3.7279999256134033
8,2018-03-20T04:00:00,3.5493090703809855,4.290999889373778
8,2018-03-20T05:00:00,16.95787510753972,4.64300012588501
8,2018-03-20T06:00:00,14.492053076078134,4.432000160217285
8,2018-03-20T07:00:00,9.299341135177468,3.16599988937378
8,2018-03-20T08:00:00,2.3178308934653895,2.9549999237060547
8,2018-03-20T09:00:00,11.014893675636312,3.7279999256134033
8,2018-03-20T10:00:00,11.084180712676568,4.150000095367432
8,2018-03-20T11:00:00,1.4485085662255255,3.588000059127808
8,2018-03-20T12:00:00,8.829145409484289,3.86899995803833
8,2018-03-20T13:00:00,17.10892349894461,3.4470000267028813
8,2018-03-20T14:00:00,11.373210953452254,3.5169999599456787
8,2018-03-20T15:00:00,16.80258330615223,3.5169999599456787
8,2018-03-20T16:00:00,7.615653062021682,3.095000028610228
8,2018-03-20T17:00:00,12.694941884404574,2.461999893188477
8,2018-03-20T18:00:00,9.532607101873158,2.532000064849853
8,2018-03-20T19:00:00,6.437887603631484,2.884000062942505
8,2018-03-20T20:00:00,16.26784381472834,2.532000064849853
8,2018-03-20T21:00:00,10.241675807905626,2.602999925613404
8,2018-03-20T22:00:00,10.076052664812146,3.377000093460083
8,2018-03-20T23:00:00,3.925002472084655,3.377000093460083
8,2018-03-21T00:00:00,11.331581921690912,3.4470000267028813
8,2018-03-21T01:00:00,12.386374296384226,2.74399995803833
8,2018-03-21T02:00:00,6.9370300601790955,3.4470000267028813
8,2018-03-21T03:00:00,16.906160642468134,3.799000024795532
8,2018-03-21T04:00:00,15.580988818062885,3.86899995803833
8,2018-03-21T05:00:00,7.5634012808998605,4.079999923706056
8,2018-03-21T06:00:00,11.310853092848603,3.938999891281128
8,2018-03-21T07:00:00,14.711714078764041,4.010000228881837
8,2018-03-21T08:00:00,8.899116449927398,4.290999889373778
8,2018-03-21T09:00:00,15.506287057816785,3.16599988937378
8,2018-03-21T10:00:00,12.926769975535016,5.416999816894531
8,2018-03-21T11:00:00,14.986966229152014,5.205999851226807
8,2018-03-21T12:00:00,12.739408533623674,5.065000057220459
8,2018-03-21T13:00:00,13.895004285397084,6.190999984741211
8,2018-03-21T14:00:00,6.066093162987334,5.908999919891357
8,2018-03-21T15:00:00,13.140556924489086,6.683000087738037
8,2018-03-21T16:00:00,11.162587603758077,6.683000087738037
8,2018-03-21T17:00:00,14.17181287610173,6.401999950408936
8,2018-03-21T18:00:00,2.142593971310289,6.894000053405763
8,2018-03-21T19:00:00,9.52165926873419,7.0349998474121085
8,2018-03-21T20:00:00,15.368869704235367,6.752999782562256
8,2018-03-21T21:00:00,13.617854988578681,6.752999782562256
8,2018-03-21T22:00:00,9.155752086505906,6.683000087738037
9,2018-03-18T23:00:00,4.04498767790569,5.76800012588501
9,2018-03-19T00:00:00,10.030533111118489,5.908999919891357
9,2018-03-19T01:00:00,8.986454128722015,6.119999885559082
9,2018-03-19T02:00:00,12.44896818786748,6.752999782562256
9,2018-03-19T03:00:00,10.969493928322839,4.8540000915527335
9,2018-03-19T04:00:00,11.026185562927612,4.7839999198913565
9,2018-03-19T05:00:00,5.695839540847876,4.361999988555908
9,2018-03-19T06:00:00,12.22220557307628,5.839000225067139
9,2018-03-19T07:00:00,10.128197945018048,4.8540000915527335
9,2018-03-19T08:00:00,12.24687248806901,4.8540000915527335
9,2018-03-19T09:00:00,7.386563295579592,5.276000022888184
9,2018-03-19T10:00:00,7.508839154946417,5.557000160217285
9,2018-03-19T11:00:00,10.732067849056289,5.135000228881836
9,2018-03-19T12:00:00,9.83782236553123,6.261000156402588
9,2018-03-19T13:00:00,16.82284943302303,5.205999851226807
9,2018-03-19T14:00:00,7.845115687378081,5.3460001945495605
9,2018-03-19T15:00:00,16.955302236459847,5.416999816894531
9,2018-03-19T16:00:00,12.36766299860239,5.065000057220459
9,2018-03-19T17:00:00,10.760337592632037,6.050000190734862
9,2018-03-19T18:00:00,15.074905302602405,3.16599988937378
9,2018-03-19T19:00:00,5.44304520300439,3.86899995803833
9,2018-03-19T20:00:00,10.938685868216375,4.64300012588501
9,2018-03-19T21:00:00,15.904748137173469,4.572999954223633
9,2018-03-19T22:00:00,7.466799797762468,4.64300012588501
9,2018-03-19T23:00:00,1.4327638274802066,4.079999923706056
9,2018-03-20T00:00:00,14.168119702768138,3.095000028610228
9,2018-03-20T01:00:00,4.412677952938708,3.236000061035156
9,2018-03-20T02:00:00,11.902908727416143,4.010000228881837
9,2018-03-20T03:00:00,15.83060467685016,3.7279999256134033
9,2018-03-20T04:00:00,8.895796926547138,4.290999889373778
9,2018-03-20T05:00:00,8.87207766457269,4.64300012588501
9,2018-03-20T06:00:00,11.321440541812152,4.432000160217285
9,2018-03-20T07:00:00,4.8748043941198524,3.16599988937378
9,2018-03-20T08:00:00,15.876311484344553,2.9549999237060547
9,2018-03-20T09:00:00,11.170386193326967,3.7279999256134033
9,2018-03-20T10:00:00,11.011228945180068,4.150000095367432
9,2018-03-20T11:00:00,12.844042300305674,3.588000059127808
9,2018-03-20T12:00:00,6.471817991511866,3.86899995803833
9,2018-03-20T13:00:00,14.504978177043384,3.4470000267028813
9,2018-03-20T14:00:00,11.177068552227949,3.5169999599456787
9,2018-03-20T15:00:00,9.721673442656165,3.5169999599456787
9,2018-03-20T16:00:00,11.461223497421955,3.095000028610228
9,2018-03-20T17:00:00,15.791903461829008,2.461999893188477
9,2018-03-20T18:00:00,10.020357128411206,2.532000064849853
9,2018-03-20T19:00:00,1.946109661987057,2.884000062942505
9,2018-03-20T20:00:00,11.716051721455251,2.532000064849853
9,2018-03-20T21:00:00,5.301629668426127,2.602999925613404
9,2018-03-20T22:00:00,15.031796730370566,3.377000093460083
9,2018-03-20T23:00:00,8.593185157212442,3.377000093460083
9,2018-03-21T00:00:00,13.609888030183367,3.4470000267028813
9,2018-03-21T01:00:00,12.197080455912783,2.74399995803833
9,2018-03-21T02:00:00,9.401361032597503,3.4470000267028813
9,2018-03-21T03:00:00,13.107980923140506,3.799000024795532
9,2018-03-21T04:00:00,3.649409225174649,3.86899995803833
9,2018-03-21T05:00:00,17.15767806015995,4.079999923706056
9,2018-03-21T06:00:00,14.711930808259936,3.938999891281128
9,2018-03-21T07:00:00,9.487764508204314,4.010000228881837
9,2018-03-21T08:00:00,2.4402731173900083,4.290999889373778
9,2018-03-21T09:00:00,11.210569075046807,3.16599988937378
9,2018-03-21T10:00:00,11.279017842828063,5.416999816894531
9,2018-03-21T11:00:00,1.5858786340755842,5.205999851226807
9,2018-03-21T12:00:00,9.012240108802018,5.065000057220459
9,2018-03-21T13:00:00,17.305033192200785,6.190999984741211
9,2018-03-21T14:00:00,11.56441572356518,5.908999919891357
9,2018-03-21T15:00:00,17.00383592687398,6.683000087738037
9,2018-03-21T16:00:00,7.7837836760065,6.683000087738037
9,2018-03-21T17:00:00,12.897985386889196,6.401999950408936
9,2018-03-21T18:00:00,9.720485286821258,6.894000053405763
9,2018-03-21T19:00:00,6.584254615330472,7.0349998474121085
9,2018-03-21T20:00:00,16.477492815657342,6.752999782562256
9,2018-03-21T21:00:00,10.434599142174815,6.752999782562256
9,2018-03-21T22:00:00,10.26718318744,6.683000087738037
9,2018-03-21T23:00:00,4.030723067391115,6.683000087738037
9,2018-03-22T00:00:00,11.51974323609034,6.61299991607666
9,2018-03-22T01:00:00,12.58588484016437,6.330999851226808
9,2018-03-22T02:00:00,7.089736841148859,6.752999782562256
9,2018-03-22T03:00:00,17.101461450830186,6.261000156402588
9,2018-03-22T04:00:00,15.789505586807348,6.261000156402588
9,2018-03-22T05:00:00,7.728025895165864,6.4720001220703125
9,2018-03-22T06:00:00,11.496846565538128,6.4720001220703125
9,2018-03-22T07:00:00,14.91954292067173,6.119999885559082
9,2018-03-22T08:00:00,9.076687132832127,6.964000225067139
9,2018-03-22T09:00:00,15.711886033314295,7.948999881744385
9,2018-03-22T10:00:00,13.121008948790156,8.51200008392334
9,2018-03-22T11:00:00,15.191668262210673,7.456999778747559
9,2018-03-22T12:00:00,12.934091110070582,8.159999847412111
9,2018-03-22T13:00:00,14.102579615310477,9.425999641418455
9,2018-03-22T14:00:00,6.20556102403393,9.003999710083008
9,2018-03-22T15:00:00,13.335285382375652,8.51200008392334
9,2018-03-22T16:00:00,11.345645853801738,8.793000221252441
9,2018-03-22T17:00:00,14.376004043450004,8.581999778747559
9,2018-03-22T18:00:00,2.2647505778809585,9.708000183105469
9,2018-03-22T19:00:00,9.698810851341435,9.21500015258789
9,2018-03-22T20:00:00,15.567655667038375,8.51200008392334
9,2018-03-22T21:00:00,13.822816962214663,8.371000289916992
9,2018-03-22T22:00:00,9.32906620869521,8.51200008392334
10,2018-03-19T23:00:00,3.8962784026494113,4.079999923706056
10,2018-03-20T00:00:00,9.616341836801936,3.095000028610228
10,2018-03-20T01:00:00,8.627591755907481,3.236000061035156
10,2018-03-20T02:00:00,12.06446765297136,4.010000228881837
10,2018-03-20T03:00:00,10.594202570078892,3.7279999256134033
10,2018-03-20T04:00:00,10.662434413986453,4.290999889373778
10,2018-03-20T05:00:00,5.468899168801466,4.64300012588501
10,2018-03-20T06:00:00,11.868785329093804,4.432000160217285
10,2018-03-20T07:00:00,9.79862790996526,3.16599988937378
10,2018-03-20T08:00:00,11.912358146048176,2.9549999237060547
10,2018-03-20T09:00:00,7.154809461372039,3.7279999256134033
10,2018-03-20T10:00:00,7.281298221859403,4.150000095367432
10,2018-03-20T11:00:00,10.433073776515272,3.588000059127808
10,2018-03-20T12:00:00,9.54767686287439,3.86899995803833
10,2018-03-20T13:00:00,16.543031395137334,3.4470000267028813
10,2018-03-20T14:00:00,7.618562589099335,3.5169999599456787
10,2018-03-20T15:00:00,16.689827093206194,3.5169999599456787
10,2018-03-20T16:00:00,12.097004445588844,3.095000028610228
10,2018-03-20T17:00:00,10.503032635180396,2.461999893188477
10,2018-03-20T18:00:00,14.823971287940436,2.532000064849853
10,2018-03-20T19:00:00,5.2751094422982465,2.884000062942505
10,2018-03-20T20:00:00,10.701114489989019,2.532000064849853
10,2018-03-20T21:00:00,15.69645258446368,2.602999925613404
10,2018-03-20T22:00:00,7.284493357466637,3.377000093460083
10,2018-03-20T23:00:00,1.2154267900340816,3.377000093460083
10,2018-03-21T00:00:00,13.932263837618365,3.4470000267028813
10,2018-03-21T01:00:00,4.312917985899331,2.74399995803833
10,2018-03-21T02:00:00,11.693825041170712,3.4470000267028813
10,2018-03-21T03:00:00,15.655748250955114,3.799000024795532
10,2018-03-21T04:00:00,8.720685816273207,3.86899995803833
10,2018-03-21T05:00:00,8.701566011014712,4.079999923706056
10,2018-03-21T06:00:00,11.138427199482015,3.938999891281128
10,2018-03-21T07:00:00,4.75609451000228,4.010000228881837
10,2018-03-21T08:00:00,15.726495273207568,4.290999889373778
10,2018-03-21T09:00:00,10.99723719099453,3.16599988937378
10,2018-03-21T10:00:00,10.83940207122285,5.416999816894531
10,2018-03-21T11:00:00,12.679795709431527,5.205999851226807
10,2018-03-21T12:00:00,6.3151744376143775,5.065000057220459
10,2018-03-21T13:00:00,14.341972850813573,6.190999984741211
10,2018-03-21T14:00:00,11.02168699764633,5.908999919891357
10,2018-03-21T15:00:00,9.560774581732822,6.683000087738037
10,2018-03-21T16:00:00,11.31676855005717,6.683000087738037
10,2018-03-21T17:00:00,15.675750452562577,6.401999950408936
10,2018-03-21T18:00:00,9.865060907701814,6.894000053405763
10,2018-03-21T19:00:00,1.7798505998126632,7.0349998474121085
10,2018-03-21T20:00:00,11.584373435942615,6.752999782562256
10,2018-03-21T21:00:00,5.180098608437611,6.752999782562256
10,2018-03-21T22:00:00,14.920228854580074,6.683000087738037
10,2018-03-21T23:00:00,8.466387925105714,6.683000087738037
10,2018-03-22T00:00:00,13.489976814139514,6.61299991607666
10,2018-03-22T01:00:00,12.066452935580505,6.330999851226808
10,2018-03-22T02:00:00,9.276670939330113,6.752999782562256
10,2018-03-22T03:00:00,12.992044579720268,6.261000156402588
10,2018-03-22T04:00:00,3.5648033908880965,6.261000156402588
10,2018-03-22T05:00:00,17.062493835363426,6.4720001220703125
10,2018-03-22T06:00:00,14.605554088070727,6.4720001220703125
10,2018-03-22T07:00:00,9.370730677871045,6.119999885559082
10,2018-03-22T08:00:00,2.307979363062545,6.964000225067139
10,2018-03-22T09:00:00,11.102346734987297,7.948999881744385
10,2018-03-22T10:00:00,11.173759001875244,8.51200008392334
10,2018-03-22T11:00:00,1.419796712709898,7.456999778747559
10,2018-03-22T12:00:00,8.914500292388498,8.159999847412111
10,2018-03-22T13:00:00,17.224198218401227,9.425999641418455
10,2018-03-22T14:00:00,11.470729023864259,9.003999710083008
10,2018-03-22T15:00:00,16.932679337796646,8.51200008392334
10,2018-03-22T16:00:00,7.676812185160445,8.793000221252441
10,2018-03-22T17:00:00,12.797107476276079,8.581999778747559
10,2018-03-22T18:00:00,9.615455959047939,9.708000183105469
10,2018-03-22T19:00:00,6.467910191271061,9.21500015258789
10,2018-03-22T20:00:00,16.42491794573543,8.51200008392334
10,2018-03-22T21:00:00,10.334131124930618,8.371000289916992
10,2018-03-22T22:00:00,10.166333611139379,8.51200008392334
10,2018-03-22T23:00:00,3.9588667808196565,8.371000289916992
10,2018-03-23T00:00:00,11.439110778730488,8.442000389099121
10,2018-03-23T01:00:00,12.488704291044147,8.159999847412111
10,2018-03-23T02:00:00,6.985801635007148,8.300999641418457
10,2018-03-23T03:00:00,17.046914808496275,8.722999572753906
10,2018-03-23T04:00:00,15.748981953572612,8.300999641418457
10,2018-03-23T05:00:00,7.632409292398588,8.020000457763674
10,2018-03-23T06:00:00,11.422612821075525,8.159999847412111
10,2018-03-23T07:00:00,14.85952368972289,8.230999946594237
10,2018-03-23T08:00:00,9.001172430632483,8.581999778747559
10,2018-03-23T09:00:00,15.677581911163628,8.230999946594237
10,2018-03-23T10:00:00,13.045253903568133,9.918999671936035
10,2018-03-23T11:00:00,15.148607888754533,9.98900032043457
10,2018-03-23T12:00:00,12.852826310121452,9.708000183105469
10,2018-03-23T13:00:00,14.031750417248265,10.270999908447266
10,2018-03-23T14:00:00,6.098649416273664,11.607000350952148
10,2018-03-23T15:00:00,13.269733423490706,12.522000312805176
10,2018-03-23T16:00:00,11.278363682981276,12.380999565124512
10,2018-03-23T17:00:00,14.301500714326238,12.732999801635742
10,2018-03-23T18:00:00,2.1487376017913107,12.029000282287598
10,2018-03-23T19:00:00,9.620457889499498,10.833000183105469
10,2018-03-23T20:00:00,15.545771834131202,10.621999740600586
10,2018-03-23T21:00:00,13.76863201692601,9.425999641418455
10,2018-03-23T22:00:00,9.260281599778644,9.003999710083008
11,2018-03-20T23:00:00,3.9122169619806506,3.377000093460083
11,2018-03-21T00:00:00,8.604847615850675,3.4470000267028813
11,2018-03-21T01:00:00,7.74204577433313,2.74399995803833
11,2018-03-21T02:00:00,10.92679723620223,3.4470000267028813
11,2018-03-21T03:00:00,9.529241198106225,3.799000024795532
11,2018-03-21T04:00:00,9.594843272355956,3.86899995803833
11,2018-03-21T05:00:00,5.136385193945284,4.079999923706056
11,2018-03-21T06:00:00,10.672912027011872,3.938999891281128
11,2018-03-21T07:00:00,8.772898756092404,4.010000228881837
11,2018-03-21T08:00:00,10.706064113177721,4.290999889373778
11,2018-03-21T09:00:00,6.523191181412372,3.16599988937378
11,2018-03-21T10:00:00,6.62532912931832,5.416999816894531
11,2018-03-21T11:00:00,9.311357190667671,5.205999851226807
11,2018-03-21T12:00:00,8.544405903495413,5.065000057220459
11,2018-03-21T13:00:00,15.507737637797621,6.190999984741211
11,2018-03-21T14:00:00,6.872605281427017,5.908999919891357
11,2018-03-21T15:00:00,15.670331533745584,6.683000087738037
11,2018-03-21T16:00:00,10.855240187614736,6.683000087738037
11,2018-03-21T17:00:00,9.351112934426535,6.401999950408936
11,2018-03-21T18:00:00,13.45418593084633,6.894000053405763
11,2018-03-21T19:00:00,4.978891486496872,7.0349998474121085
11,2018-03-21T20:00:00,9.541940986254584,6.752999782562256
11,2018-03-21T21:00:00,14.338722829972335,6.752999782562256
11,2018-03-21T22:00:00,6.585449094166076,6.683000087738037
11,2018-03-21T23:00:00,0.7078278756444583,6.683000087738037
11,2018-03-22T00:00:00,12.541094107052588,6.61299991607666
11,2018-03-22T01:00:00,4.23578215933377,6.330999851226808
11,2018-03-22T02:00:00,10.460362468483673,6.752999782562256
11,2018-03-22T03:00:00,14.250707064678888,6.261000156402588
11,2018-03-22T04:00:00,7.731410935621636,6.261000156402588
11,2018-03-22T05:00:00,7.709480729239765,6.4720001220703125
11,2018-03-22T06:00:00,9.947060535482334,6.4720001220703125
11,2018-03-22T07:00:00,4.5394452206356934,6.119999885559082
11,2018-03-22T08:00:00,14.292441326082077,6.964000225067139
11,2018-03-22T09:00:00,9.784886484983991,7.948999881744385
11,2018-03-22T10:00:00,9.61522676617798,8.51200008392334
11,2018-03-22T11:00:00,11.386985827702027,7.456999778747559
11,2018-03-22T12:00:00,5.732043277338825,8.159999847412111
11,2018-03-22T13:00:00,12.881416761276821,9.425999641418455
11,2018-03-22T14:00:00,9.786314904773292,9.003999710083008
11,2018-03-22T15:00:00,8.471935943958744,8.51200008392334
11,2018-03-22T16:00:00,10.085135723349659,8.793000221252441
11,2018-03-22T17:00:00,14.188685262561371,8.581999778747559
11,2018-03-22T18:00:00,8.729104321662785,9.708000183105469
11,2018-03-22T19:00:00,1.2973014000871501,9.21500015258789
11,2018-03-22T20:00:00,10.332379699453545,8.51200008392334
11,2018-03-22T21:00:00,4.812435865181973,8.371000289916992
11,2018-03-22T22:00:00,13.395496904309356,8.51200008392334
11,2018-03-22T23:00:00,7.431794770252248,8.371000289916992
11,2018-03-23T00:00:00,12.049200043037374,8.442000389099121
11,2018-03-23T01:00:00,10.72627688656377,8.159999847412111
11,2018-03-23T02:00:00,8.164164139529525,8.300999641418457
11,2018-03-23T03:00:00,11.630524815316885,8.722999572753906
11,2018-03-23T04:00:00,3.3571153529581927,8.300999641418457
11,2018-03-23T05:00:00,15.797919618844645,8.020000457763674
11,2018-03-23T06:00:00,13.069804858221822,8.159999847412111
11,2018-03-23T07:00:00,8.234860066930331,8.230999946594237
11,2018-03-23T08:00:00,1.8787494123674762,8.581999778747559
11,2018-03-23T09:00:00,9.789217076181895,8.230999946594237
11,2018-03-23T10:00:00,9.860196416903355,9.918999671936035
11,2018-03-23T11:00:00,0.8324641666038577,9.98900032043457
11,2018-03-23T12:00:00,7.788645777878916,9.708000183105469
11,2018-03-23T13:00:00,15.960813640655802,10.270999908447266
11,2018-03-23T14:00:00,10.156562594244516,11.607000350952148
11,2018-03-23T15:00:00,15.567402475654834,12.522000312805176
11,2018-03-23T16:00:00,6.7444007103173025,12.380999565124512
11,2018-03-23T17:00:00,11.3797226582896,12.732999801635742
11,2018-03-23T18:00:00,8.431155815354916,12.029000282287598
11,2018-03-23T19:00:00,5.742898365680592,10.833000183105469
11,2018-03-23T20:00:00,14.87529645418368,10.621999740600586
11,2018-03-23T21:00:00,9.031054500305904,9.425999641418455
11,2018-03-23T22:00:00,8.89317384046333,9.003999710083008
11,2018-03-23T23:00:00,3.691285354477243,9.28600025177002
11,2018-03-24T00:00:00,10.092594073439464,9.145000457763672
11,2018-03-24T01:00:00,11.0419219576436,9.496999740600586
11,2018-03-24T02:00:00,6.14148827350046,9.848999977111816
11,2018-03-24T03:00:00,15.662744531703064,9.28600025177002
11,2018-03-24T04:00:00,14.116650866371872,9.355999946594238
11,2018-03-24T05:00:00,6.67192314735834,9.074999809265137
11,2018-03-24T06:00:00,10.059451571263168,9.003999710083008
11,2018-03-24T07:00:00,13.24297896557051,10.621999740600586
11,2018-03-24T08:00:00,7.816373338307521,9.496999740600586
11,2018-03-24T09:00:00,14.030627255322942,9.848999977111816
11,2018-03-24T10:00:00,11.602853792504092,9.918999671936035
11,2018-03-24T11:00:00,13.506934034201118,10.270999908447266
11,2018-03-24T12:00:00,11.38855821850087,10.692999839782717
11,2018-03-24T13:00:00,12.44638573446006,10.692999839782717
11,2018-03-24T14:00:00,5.433240394884066,11.678000450134276
11,2018-03-24T15:00:00,11.797138209360355,12.732999801635742
11,2018-03-24T16:00:00,9.885972512786736,12.944000244140623
11,2018-03-24T17:00:00,12.699816681653934,13.29599952697754
11,2018-03-24T18:00:00,1.6328906030941024,12.661999702453612
11,2018-03-24T19:00:00,8.380550768478926,12.029000282287598
11,2018-03-24T20:00:00,13.870942006269818,11.467000007629396
11,2018-03-24T21:00:00,12.174534354313728,11.114999771118164
11,2018-03-24T22:00:00,8.034378222992682,10.973999977111816
12,2018-03-21T23:00:00,4.036433990445211,6.683000087738037
12,2018-03-22T00:00:00,8.873005493978512,6.61299991607666
12,2018-03-22T01:00:00,7.976011468569389,6.330999851226808
12,2018-03-22T02:00:00,11.160343142945443,6.752999782562256
12,2018-03-22T03:00:00,9.763292996007468,6.261000156402588
12,2018-03-22T04:00:00,9.82634906579555,6.261000156402588
12,2018-03-22T05:00:00,5.292398347952368,6.4720001220703125
12,2018-03-22T06:00:00,10.886414342488566,6.4720001220703125
12,2018-03-22T07:00:00,8.981560422996715,6.119999885559082
12,2018-03-22T08:00:00,10.914110411429789,6.964000225067139
12,2018-03-22T09:00:00,6.648252879697354,7.948999881744385
12,2018-03-22T10:00:00,6.75019930487572,8.51200008392334
12,2018-03-22T11:00:00,9.493895746241577,7.456999778747559
12,2018-03-22T12:00:00,8.747324254326372,8.159999847412111
12,2018-03-22T13:00:00,15.737905151106032,9.425999641418455
12,2018-03-22T14:00:00,7.0056232399702125,9.003999710083008
12,2018-03-22T15:00:00,15.896238341784702,8.51200008392334
12,2018-03-22T16:00:00,11.045493732680452,8.793000221252441
12,2018-03-22T17:00:00,9.523284683474424,8.581999778747559
12,2018-03-22T18:00:00,13.675803205209027,9.708000183105469
12,2018-03-22T19:00:00,5.072882101174377,9.21500015258789
12,2018-03-22T20:00:00,9.716562684098857,8.51200008392334
12,2018-03-22T21:00:00,14.527216149402664,8.371000289916992
12,2018-03-22T22:00:00,6.690314469198537,8.51200008392334
12,2018-03-22T23:00:00,0.7824166870419358,8.371000289916992
12,2018-03-23T00:00:00,12.752936988316193,8.442000389099121
12,2018-03-23T01:00:00,4.277120737850137,8.159999847412111
12,2018-03-23T02:00:00,10.63749851438513,8.300999641418457
12,2018-03-23T03:00:00,14.437764663984488,8.722999572753906
12,2018-03-23T04:00:00,7.875017562120485,8.300999641418457
12,2018-03-23T05:00:00,7.851474472685711,8.020000457763674
12,2018-03-23T06:00:00,10.117945360866639,8.159999847412111
12,2018-03-23T07:00:00,4.5975408190074685,8.230999946594237
12,2018-03-23T08:00:00,14.477579526628002,8.581999778747559
12,2018-03-23T09:00:00,9.94859126986411,8.230999946594237
12,2018-03-23T10:00:00,9.77459427320338,9.918999671936035
12,2018-03-23T11:00:00,11.555916778822915,9.98900032043457
12,2018-03-23T12:00:00,5.821795656395594,9.708000183105469
12,2018-03-23T13:00:00,13.080516128878134,10.270999908447266
12,2018-03-23T14:00:00,9.946535208010307,11.607000350952148
12,2018-03-23T15:00:00,8.62847740651414,12.522000312805176
12,2018-03-23T16:00:00,10.248834552676348,12.380999565124512
12,2018-03-23T17:00:00,14.37787926833974,12.732999801635742
12,2018-03-23T18:00:00,8.887010357222035,12.029000282287598
12,2018-03-23T19:00:00,1.3516747813875973,10.833000183105469
12,2018-03-23T20:00:00,10.495529961669183,10.621999740600586
12,2018-03-23T21:00:00,4.884787931974019,9.425999641418455
12,2018-03-23T22:00:00,13.598719890035824,9.003999710083008
12,2018-03-23T23:00:00,7.565307859847186,9.28600025177002
12,2018-03-24T00:00:00,12.21370181574007,9.145000457763672
12,2018-03-24T01:00:00,10.884394975930732,9.496999740600586
12,2018-03-24T02:00:00,8.310965297373127,9.848999977111816
12,2018-03-24T03:00:00,11.798239412876573,9.28600025177002
12,2018-03-24T04:00:00,3.4007485694893713,9.355999946594238
12,2018-03-24T05:00:00,15.979364775290897,9.074999809265137
12,2018-03-24T06:00:00,13.262086453187827,9.003999710083008
12,2018-03-24T07:00:00,8.382504677139158,10.621999740600586
12,2018-03-24T08:00:00,1.9281230421183224,9.496999740600586
12,2018-03-24T09:00:00,9.94440985322172,9.848999977111816
12,2018-03-24T10:00:00,10.015335014203895,9.918999671936035
12,2018-03-24T11:00:00,0.8841606739480756,10.270999908447266
12,2018-03-24T12:00:00,7.925811214712601,10.692999839782717
12,2018-03-24T13:00:00,16.13951644516655,10.692999839782717
12,2018-03-24T14:00:00,10.31074936156038,11.678000450134276
12,2018-03-24T15:00:00,15.747759774405818,12.732999801635742
12,2018-03-24T16:00:00,6.8558587305243694,12.944000244140623
12,2018-03-24T17:00:00,11.53680212897802,13.29599952697754
12,2018-03-24T18:00:00,8.57820601119105,12.661999702453612
12,2018-03-24T19:00:00,5.826530488662135,12.029000282287598
12,2018-03-24T20:00:00,15.058033649230593,11.467000007629396
12,2018-03-24T21:00:00,9.179815570297059,11.114999771118164
12,2018-03-24T22:00:00,9.04105071588975,10.973999977111816
12,2018-03-24T23:00:00,3.7402055616700842,10.621999740600586
12,2018-03-25T00:00:00,10.24002139149194,10.692999839782717
12,2018-03-25T01:00:00,11.185930321330403,9.777999877929688
12,2018-03-25T02:00:00,6.228917755416358,9.28600025177002
12,2018-03-25T03:00:00,15.833074235897195,10.552000045776367
12,2018-03-25T04:00:00,14.298678584233116,10.340999603271484
12,2018-03-25T05:00:00,6.774998481130728,10.692999839782717
12,2018-03-25T06:00:00,10.201922246413178,10.41100025177002
12,2018-03-25T07:00:00,13.417443154448582,9.98900032043457
12,2018-03-25T08:00:00,7.94188428286391,10.621999740600586
12,2018-03-25T09:00:00,14.208082811665387,10.973999977111816
12,2018-03-25T10:00:00,11.74992698976564,10.270999908447266
12,2018-03-25T11:00:00,13.68075398235489,9.98900032043457
12,2018-03-25T12:00:00,11.528419060609703,10.621999740600586
12,2018-03-25T13:00:00,12.602190172320821,10.340999603271484
12,2018-03-25T14:00:00,5.504179253178732,10.762999534606934
12,2018-03-25T15:00:00,11.942177079058723,10.904000282287598
12,2018-03-25T16:00:00,10.019475667913872,10.833000183105469
12,2018-03-25T17:00:00,12.854662332474692,10.973999977111816
12,2018-03-25T18:00:00,1.6716241205923819,11.467000007629396
12,2018-03-25T19:00:00,8.503431711537317,10.340999603271484
12,2018-03-25T20:00:00,14.037081543122929,10.621999740600586
12,2018-03-25T21:00:00,12.318408020430601,10.552000045776367
12,2018-03-25T22:00:00,8.149744677988512,10.482000350952148
13,2018-03-22T23:00:00,4.028896542794156,8.371000289916992
13,2018-03-23T00:00:00,9.306012956243354,8.442000389099121
13,2018-03-23T01:00:00,8.328995502156861,8.159999847412111
13,2018-03-23T02:00:00,11.57658764106732,8.300999641418457
13,2018-03-23T03:00:00,10.151284188278908,8.722999572753906
13,2018-03-23T04:00:00,10.198624942388914,8.300999641418457
13,2018-03-23T05:00:00,5.459415266036192,8.020000457763674
13,2018-03-23T06:00:00,11.25384412232547,8.159999847412111
13,2018-03-23T07:00:00,9.312668846366165,8.230999946594237
13,2018-03-23T08:00:00,11.255827925100188,8.581999778747559
13,2018-03-23T09:00:00,6.840808689670903,8.230999946594237
13,2018-03-23T10:00:00,6.937434208554393,9.918999671936035
13,2018-03-23T11:00:00,9.78486530733222,9.98900032043457
13,2018-03-23T12:00:00,9.028824277693705,9.708000183105469
13,2018-03-23T13:00:00,15.978781430504553,10.270999908447266
13,2018-03-23T14:00:00,7.18973077140433,11.607000350952148
13,2018-03-23T15:00:00,16.118702153417686,12.522000312805176
13,2018-03-23T16:00:00,11.30208518402062,12.380999565124512
13,2018-03-23T17:00:00,9.758822981797412,12.732999801635742
13,2018-03-23T18:00:00,13.879502127800974,12.029000282287598
13,2018-03-23T19:00:00,5.189378586356511,10.833000183105469
13,2018-03-23T20:00:00,9.925615955037715,10.621999740600586
13,2018-03-23T21:00:00,14.679888647921556,9.425999641418455
13,2018-03-23T22:00:00,6.833125363476432,9.003999710083008
13,2018-03-23T23:00:00,0.98980340011307,9.28600025177002
13,2018-03-24T00:00:00,12.941799961607465,9.145000457763672
13,2018-03-24T01:00:00,4.304995596652491,9.496999740600586
13,2018-03-24T02:00:00,10.807220334251198,9.848999977111816
13,2018-03-24T03:00:00,14.54236436694121,9.28600025177002
13,2018-03-24T04:00:00,7.999460284507009,9.355999946594238
13,2018-03-24T05:00:00,7.969653443480253,9.074999809265137
13,2018-03-24T06:00:00,10.254691294983282,9.003999710083008
13,2018-03-24T07:00:00,4.6666684098290325,10.621999740600586
13,2018-03-24T08:00:00,14.546145052350745,9.496999740600586
13,2018-03-24T09:00:00,10.071170651368003,9.848999977111816
13,2018-03-24T10:00:00,9.89452164678552,9.918999671936035
13,2018-03-24T11:00:00,11.675271551471091,10.270999908447266
13,2018-03-24T12:00:00,5.954772160014317,10.692999839782717
13,2018-03-24T13:00:00,13.163191685132906,10.692999839782717
13,2018-03-24T14:00:00,10.044198289440175,11.678000450134276
13,2018-03-24T15:00:00,8.7487606644249,12.732999801635742
13,2018-03-24T16:00:00,10.332734733119818,12.944000244140623
13,2018-03-24T17:00:00,14.394371183519763,13.29599952697754
13,2018-03-24T18:00:00,8.999252090525566,12.661999702453612
13,2018-03-24T19:00:00,1.5109985772108345,12.029000282287598
13,2018-03-24T20:00:00,10.561002814883054,11.467000007629396
13,2018-03-24T21:00:00,4.981896760621925,11.114999771118164
13,2018-03-24T22:00:00,13.597772391313276,10.973999977111816
13,2018-03-24T23:00:00,7.624444026515478,10.621999740600586
13,2018-03-25T00:00:00,12.24826913312192,10.692999839782717
13,2018-03-25T01:00:00,10.939427859325296,9.777999877929688
13,2018-03-25T02:00:00,8.377594707355954,9.28600025177002
13,2018-03-25T03:00:00,11.846987259062658,10.552000045776367
13,2018-03-25T04:00:00,3.4541211223152306,10.340999603271484
13,2018-03-25T05:00:00,15.979675842443969,10.692999839782717
13,2018-03-25T06:00:00,13.255990260827621,10.41100025177002
13,2018-03-25T07:00:00,8.439404289312687,9.98900032043457
13,2018-03-25T08:00:00,2.050743693731979,10.621999740600586
13,2018-03-25T09:00:00,9.969925200234963,10.973999977111816
13,2018-03-25T10:00:00,10.03658197011876,10.270999908447266
13,2018-03-25T11:00:00,1.0538506898360023,9.98900032043457
13,2018-03-25T12:00:00,7.946876688142789,10.621999740600586
13,2018-03-25T13:00:00,16.119352194693363,10.340999603271484
13,2018-03-25T14:00:00,10.315180735065123,10.762999534606934
13,2018-03-25T15:00:00,15.706025814922926,10.904000282287598
13,2018-03-25T16:00:00,6.907916518524557,10.833000183105469
13,2018-03-25T17:00:00,11.5457040086642,10.973999977111816
13,2018-03-25T18:00:00,8.618655840507781,11.467000007629396
13,2018-03-25T19:00:00,5.920759596903846,10.340999603271484
13,2018-03-25T20:00:00,14.972673941991637,10.621999740600586
13,2018-03-25T21:00:00,9.195991870924647,10.552000045776367
13,2018-03-25T22:00:00,9.063556369530549,10.482000350952148
13,2018-03-25T23:00:00,3.792991108721621,10.482000350952148
13,2018-03-26T00:00:00,10.217673108087173,10.130000114440918
13,2018-03-26T01:00:00,11.169487523269062,9.918999671936035
13,2018-03-26T02:00:00,6.293620745991957,10.833000183105469
13,2018-03-26T03:00:00,15.759350872181251,10.340999603271484
13,2018-03-26T04:00:00,14.17335223190473,10.0600004196167
13,2018-03-26T05:00:00,6.808373048175136,10.762999534606934
13,2018-03-26T06:00:00,10.164704265333576,10.762999534606934
13,2018-03-26T07:00:00,13.318156362136143,10.762999534606934
13,2018-03-26T08:00:00,7.921306791835084,11.043999671936035
13,2018-03-26T09:00:00,14.06536031348948,10.621999740600586
13,2018-03-26T10:00:00,11.714880878284935,11.607000350952148
13,2018-03-26T11:00:00,13.54710364042175,10.199999809265137
13,2018-03-26T12:00:00,11.486972774029027,11.114999771118164
13,2018-03-26T13:00:00,12.528010186893278,12.239999771118164
13,2018-03-26T14:00:00,5.595294787536531,13.506999969482422
13,2018-03-26T15:00:00,11.886943590954989,13.366000175476074
13,2018-03-26T16:00:00,9.960946219987704,13.788000106811523
13,2018-03-26T17:00:00,12.774885305508853,13.718000411987305
13,2018-03-26T18:00:00,1.7817000106459027,13.647000312805176
13,2018-03-26T19:00:00,8.488008932058364,12.451000213623049
13,2018-03-26T20:00:00,13.857614985523515,11.748000144958494
13,2018-03-26T21:00:00,12.217512918701232,11.607000350952148
13,2018-03-26T22:00:00,8.112289111480154,11.043999671936035
14,2018-03-23T23:00:00,4.175502300393722,9.28600025177002
14,2018-03-24T00:00:00,10.707968925350986,9.145000457763672
14,2018-03-24T01:00:00,9.588222549305556,9.496999740600586
14,2018-03-24T02:00:00,13.15304189068992,9.848999977111816
14,2018-03-24T03:00:00,11.677367961065393,9.28600025177002
14,2018-03-24T04:00:00,11.723008247800449,9.355999946594238
14,2018-03-24T05:00:00,5.951494283054901,9.074999809265137
14,2018-03-24T06:00:00,12.923064499645973,9.003999710083008
14,2018-03-24T07:00:00,10.75541061846047,10.621999740600586
14,2018-03-24T08:00:00,12.932215045218534,9.496999740600586
14,2018-03-24T09:00:00,7.782458174836497,9.848999977111816
14,2018-03-24T10:00:00,7.905183903782548,9.918999671936035
14,2018-03-24T11:00:00,11.397547594491414,10.270999908447266
14,2018-03-24T12:00:00,10.399650150674667,10.692999839782717
14,2018-03-24T13:00:00,17.4417942820645,10.692999839782717
14,2018-03-24T14:00:00,8.28178758332687,11.678000450134276
14,2018-03-24T15:00:00,17.55368063488895,12.732999801635742
14,2018-03-24T16:00:00,12.997747097538994,12.944000244140623
14,2018-03-24T17:00:00,11.393723641176152,13.29599952697754
14,2018-03-24T18:00:00,15.795773908361491,12.661999702453612
14,2018-03-24T19:00:00,5.654755383721566,12.029000282287598
14,2018-03-24T20:00:00,11.546586833103714,11.467000007629396
14,2018-03-24T21:00:00,16.549321617184987,11.114999771118164
14,2018-03-24T22:00:00,7.8276681699148405,10.973999977111816
14,2018-03-24T23:00:00,1.7551348740179638,10.621999740600586
14,2018-03-25T00:00:00,14.846355225859304,10.692999839782717
14,2018-03-25T01:00:00,4.557822689931001,9.777999877929688
14,2018-03-25T02:00:00,12.477821900202134,9.28600025177002
14,2018-03-25T03:00:00,16.445317142667797,10.552000045776367
14,2018-03-25T04:00:00,9.36997486976991,10.340999603271484
14,2018-03-25T05:00:00,9.342475216764328,10.692999839782717
14,2018-03-25T06:00:00,11.859441217245493,10.41100025177002
14,2018-03-25T07:00:00,5.044112528402513,9.98900032043457
14,2018-03-25T08:00:00,16.460326346757604,10.621999740600586
14,2018-03-25T09:00:00,11.705701506447816,10.973999977111816
14,2018-03-25T10:00:00,11.552974276845267,10.270999908447266
14,2018-03-25T11:00:00,13.326132264763874,9.98900032043457
14,2018-03-25T12:00:00,6.750047397504066,10.621999740600586
14,2018-03-25T13:00:00,15.112364747575874,10.340999603271484
14,2018-03-25T14:00:00,11.691579739586603,10.762999534606934
14,2018-03-25T15:00:00,10.153099997751228,10.904000282287598
14,2018-03-25T16:00:00,11.94888951946956,10.833000183105469
14,2018-03-25T17:00:00,16.33560134450181,10.973999977111816
14,2018-03-25T18:00:00,10.456898723307503,11.467000007629396
14,2018-03-25T19:00:00,2.216338926107074,10.340999603271484
14,2018-03-25T20:00:00,12.181352866380866,10.621999740600586
14,2018-03-25T21:00:00,5.477829183752052,10.552000045776367
14,2018-03-25T22:00:00,15.60323867269889,10.482000350952148
14,2018-03-25T23:00:00,9.000069073432366,10.482000350952148
14,2018-03-26T00:00:00,14.095713102610404,10.130000114440918
14,2018-03-26T01:00:00,12.67574210888339,9.918999671936035
14,2018-03-26T02:00:00,9.795536262184985,10.833000183105469
14,2018-03-26T03:00:00,13.515234733832653,10.340999603271484
14,2018-03-26T04:00:00,3.788838507207073,10.0600004196167
14,2018-03-26T05:00:00,17.576175720458206,10.762999534606934
14,2018-03-26T06:00:00,15.23187167182417,10.762999534606934
14,2018-03-26T07:00:00,9.865254766808562,10.762999534606934
14,2018-03-26T08:00:00,2.6603745852831207,11.043999671936035
14,2018-03-26T09:00:00,11.652793809220213,10.621999740600586
14,2018-03-26T10:00:00,11.713389011131806,11.607000350952148
14,2018-03-26T11:00:00,1.8637938497837503,10.199999809265137
14,2018-03-26T12:00:00,9.378224712648331,11.114999771118164
14,2018-03-26T13:00:00,17.687922337414413,12.239999771118164
14,2018-03-26T14:00:00,11.967045542311912,13.506999969482422
14,2018-03-26T15:00:00,17.389156426950642,13.366000175476074
14,2018-03-26T16:00:00,8.07376276270273,13.788000106811523
14,2018-03-26T17:00:00,13.294179639420257,13.718000411987305
14,2018-03-26T18:00:00,10.063528509643522,13.647000312805176
14,2018-03-26T19:00:00,6.826137642865275,12.451000213623049
14,2018-03-26T20:00:00,16.85971282922912,11.748000144958494
14,2018-03-26T21:00:00,10.826219599983805,11.607000350952148
14,2018-03-26T22:00:00,10.636696278944264,11.043999671936035
14,2018-03-26T23:00:00,4.144415476578313,10.833000183105469
14,2018-03-27T00:00:00,11.895279548154054,10.621999740600586
14,2018-03-27T01:00:00,13.00227957372448,10.692999839782717
14,2018-03-27T02:00:00,7.33974976743548,10.340999603271484
14,2018-03-27T03:00:00,17.44293365772094,10.621999740600586
14,2018-03-27T04:00:00,16.18949191853976,10.482000350952148
14,2018-03-27T05:00:00,7.98954543723689,10.270999908447266
14,2018-03-27T06:00:00,11.85744288291866,10.482000350952148
14,2018-03-27T07:00:00,15.339824596600316,10.340999603271484
14,2018-03-27T08:00:00,9.390582084272268,11.326000213623049
14,2018-03-27T09:00:00,16.10221985286633,11.043999671936035
14,2018-03-27T10:00:00,13.436994463149702,11.888999938964846
14,2018-03-27T11:00:00,15.599334853453218,12.029000282287598
14,2018-03-27T12:00:00,13.286744577917379,11.536999702453612
14,2018-03-27T13:00:00,14.477099537815617,11.536999702453612
14,2018-03-27T14:00:00,6.3810661937622655,13.013999938964846
14,2018-03-27T15:00:00,13.63058512795879,13.085000038146973
14,2018-03-27T16:00:00,11.691044217720272,13.57699966430664
14,2018-03-27T17:00:00,14.760775500957614,13.647000312805176
14,2018-03-27T18:00:00,2.4563508727573815,12.87399959564209
14,2018-03-27T19:00:00,9.981804980942632,11.536999702453612
14,2018-03-27T20:00:00,15.938429230933828,10.833000183105469
14,2018-03-27T21:00:00,14.148191710743781,10.482000350952148
14,2018-03-27T22:00:00,9.610103679589269,10.199999809265137
15,2018-03-24T23:00:00,4.5075719821483435,10.621999740600586
15,2018-03-25T00:00:00,11.293330503375461,10.692999839782717
15,2018-03-25T01:00:00,10.142486097961541,9.777999877929688
15,2018-03-25T02:00:00,13.754130227922516,9.28600025177002
15,2018-03-25T03:00:00,12.255968110997317,10.552000045776367
15,2018-03-25T04:00:00,12.300026012950827,10.340999603271484
15,2018-03-25T05:00:00,6.396778596395901,10.692999839782717
15,2018-03-25T06:00:00,13.499476790160163,10.41100025177002
15,2018-03-25T07:00:00,11.3009718104538,9.98900032043457
15,2018-03-25T08:00:00,13.500320737453956,10.621999740600586
15,2018-03-25T09:00:00,8.21564264570825,10.973999977111816
15,2018-03-25T10:00:00,8.342288771954852,10.270999908447266
15,2018-03-25T11:00:00,11.913348866434786,9.98900032043457
15,2018-03-25T12:00:00,10.93433843045343,10.621999740600586
15,2018-03-25T13:00:00,18.02059081008173,10.340999603271484
15,2018-03-25T14:00:00,8.732711050228819,10.762999534606934
15,2018-03-25T15:00:00,18.123947251290346,10.904000282287598
15,2018-03-25T16:00:00,13.539382842177236,10.833000183105469
15,2018-03-25T17:00:00,11.895773936758617,10.973999977111816
15,2018-03-25T18:00:00,16.384889374956437,11.467000007629396
15,2018-03-25T19:00:00,6.021860499493192,10.340999603271484
15,2018-03-25T20:00:00,12.050548114622476,10.621999740600586
15,2018-03-25T21:00:00,17.10127257079159,10.552000045776367
15,2018-03-25T22:00:00,8.236645972137113,10.482000350952148
15,2018-03-25T23:00:00,2.1028192279691993,10.482000350952148
15,2018-03-26T00:00:00,15.417367179660157,10.130000114440918
15,2018-03-26T01:00:00,4.8481084949559925,9.918999671936035
15,2018-03-26T02:00:00,12.992868726568826,10.833000183105469
15,2018-03-26T03:00:00,16.99206282282003,10.340999603271484
15,2018-03-26T04:00:00,9.831292468584145,10.0600004196167
15,2018-03-26T05:00:00,9.801831537642538,10.762999534606934
15,2018-03-26T06:00:00,12.355121138999817,10.762999534606934
15,2018-03-26T07:00:00,5.359547927444552,10.762999534606934
15,2018-03-26T08:00:00,17.001536142677985,11.043999671936035
15,2018-03-26T09:00:00,12.192855832646279,10.621999740600586
15,2018-03-26T10:00:00,12.035573592147188,11.607000350952148
15,2018-03-26T11:00:00,13.826372186672817,10.199999809265137
15,2018-03-26T12:00:00,7.119452907275859,11.114999771118164
15,2018-03-26T13:00:00,15.662505971875248,12.239999771118164
15,2018-03-26T14:00:00,12.173256623311005,13.506999969482422
15,2018-03-26T15:00:00,10.6209572172122,13.366000175476074
15,2018-03-26T16:00:00,12.43262479587717,13.788000106811523
15,2018-03-26T17:00:00,16.87495019159094,13.718000411987305
15,2018-03-26T18:00:00,10.925908495588956,13.647000312805176
15,2018-03-26T19:00:00,2.537885636080963,12.451000213623049
15,2018-03-26T20:00:00,12.664733754021166,11.748000144958494
15,2018-03-26T21:00:00,5.809191739226151,11.607000350952148
15,2018-03-26T22:00:00,16.154372368354515,11.043999671936035
15,2018-03-26T23:00:00,9.44543139557646,10.833000183105469
15,2018-03-27T00:00:00,14.617482985980038,10.621999740600586
15,2018-03-27T01:00:00,13.166309381267652,10.692999839782717
15,2018-03-27T02:00:00,10.251425121529433,10.340999603271484
15,2018-03-27T03:00:00,14.008178125896723,10.621999740600586
15,2018-03-27T04:00:00,4.078772877038247,10.482000350952148
15,2018-03-27T05:00:00,18.0782222579447,10.270999908447266
15,2018-03-27T06:00:00,15.769315722555653,10.482000350952148
15,2018-03-27T07:00:00,10.321367243370023,10.340999603271484
15,2018-03-27T08:00:00,2.9724604300944595,11.326000213623049
15,2018-03-27T09:00:00,12.127818683928623,11.043999671936035
15,2018-03-27T10:00:00,12.188292784355681,11.888999938964846
15,2018-03-27T11:00:00,2.190734150990206,12.029000282287598
15,2018-03-27T12:00:00,9.828185042759134,11.536999702453612
15,2018-03-27T13:00:00,18.184382511546485,11.536999702453612
15,2018-03-27T14:00:00,12.440874881391027,13.013999938964846
15,2018-03-27T15:00:00,17.896783586309912,13.085000038146973
15,2018-03-27T16:00:00,8.488539506704171,13.57699966430664
15,2018-03-27T17:00:00,13.785646241388571,13.647000312805176
15,2018-03-27T18:00:00,10.520764370860793,12.87399959564209
15,2018-03-27T19:00:00,7.194595224224544,11.536999702453612
15,2018-03-27T20:00:00,17.388193691316634,10.833000183105469
15,2018-03-27T21:00:00,11.296001572025009,10.482000350952148
15,2018-03-27T22:00:00,11.102743582376945,10.199999809265137
15,2018-03-27T23:00:00,4.445606198695838,9.708000183105469
15,2018-03-28T00:00:00,12.368282962395627,9.496999740600586
15,2018-03-28T01:00:00,13.49502790245684,8.86400032043457
15,2018-03-28T02:00:00,7.726641128625774,8.86400032043457
15,2018-03-28T03:00:00,17.946402637280226,8.934000015258789
15,2018-03-28T04:00:00,16.728017370636586,8.442000389099121
15,2018-03-28T05:00:00,8.404001752347364,8.581999778747559
15,2018-03-28T06:00:00,12.330150045417376,8.159999847412111
15,2018-03-28T07:00:00,15.872126491920236,8.934000015258789
15,2018-03-28T08:00:00,9.840729543469235,9.848999977111816
15,2018-03-28T09:00:00,16.640513341953344,9.98900032043457
15,2018-03-28T10:00:00,13.923209284795316,11.114999771118164
15,2018-03-28T11:00:00,16.134905624434865,10.340999603271484
15,2018-03-28T12:00:00,13.777045672747692,9.918999671936035
15,2018-03-28T13:00:00,15.003032626844416,10.833000183105469
15,2018-03-28T14:00:00,6.737607286295177,12.100000381469728
15,2018-03-28T15:00:00,14.124296032833081,12.592000007629396
15,2018-03-28T16:00:00,12.164417027462614,13.085000038146973
15,2018-03-28T17:00:00,15.28253295067126,13.085000038146973
15,2018-03-28T18:00:00,2.7756724963829935,12.239999771118164
15,2018-03-28T19:00:00,10.434112438013392,11.326000213623049
15,2018-03-28T20:00:00,16.47535210167768,10.904000282287598
15,2018-03-28T21:00:00,14.678517937182088,9.848999977111816
15,2018-03-28T22:00:00,10.060002817456308,9.496999740600586
16,2018-03-25T23:00:00,4.077034454843121,10.482000350952148
16,2018-03-26T00:00:00,9.86418504525098,10.130000114440918
16,2018-03-26T01:00:00,8.827602538627428,9.918999671936035
16,2018-03-26T02:00:00,12.168816527049739,10.833000183105469
16,2018-03-26T03:00:00,10.73020779993611,10.340999603271484
16,2018-03-26T04:00:00,10.773513269245097,10.0600004196167
16,2018-03-26T05:00:00,5.720290942668436,10.762999534606934
16,2018-03-26T06:00:00,11.849685510191785,10.762999534606934
16,2018-03-26T07:00:00,9.859107691267862,10.762999534606934
16,2018-03-26T08:00:00,11.845816152605686,11.043999671936035
16,2018-03-26T09:00:00,7.179908715245885,10.621999740600586
16,2018-03-26T10:00:00,7.2804266821269366,11.607000350952148
16,2018-03-26T11:00:00,10.349518875766371,10.199999809265137
16,2018-03-26T12:00:00,9.546441775295673,11.114999771118164
16,2018-03-26T13:00:00,16.514415343486718,12.239999771118164
16,2018-03-26T14:00:00,7.570163323964859,13.506999969482422
16,2018-03-26T15:00:00,16.6445065360617,13.366000175476074
16,2018-03-26T16:00:00,11.872805895325662,13.788000106811523
16,2018-03-26T17:00:00,10.314460686142088,13.718000411987305
16,2018-03-26T18:00:00,14.496460290082878,13.647000312805176
16,2018-03-26T19:00:00,5.3813748128983665,12.451000213623049
16,2018-03-26T20:00:00,10.471144009012676,11.748000144958494
16,2018-03-26T21:00:00,15.245228511143651,11.607000350952148
16,2018-03-26T22:00:00,7.160452375527486,11.043999671936035
16,2018-03-26T23:00:00,1.2532670378696746,10.833000183105469
16,2018-03-27T00:00:00,13.564186250411572,10.621999740600586
16,2018-03-27T01:00:00,4.369795906721743,10.692999839782717
16,2018-03-27T02:00:00,11.349418638436712,10.340999603271484
16,2018-03-27T03:00:00,15.107513425114941,10.621999740600586
16,2018-03-27T04:00:00,8.449112345535358,10.482000350952148
16,2018-03-27T05:00:00,8.417524259455645,10.270999908447266
16,2018-03-27T06:00:00,10.773368166429332,10.482000350952148
16,2018-03-27T07:00:00,4.786689061454851,10.340999603271484
16,2018-03-27T08:00:00,15.105209594230963,11.326000213623049
16,2018-03-27T09:00:00,10.593448188184732,11.043999671936035
16,2018-03-27T10:00:00,10.422933724066224,11.888999938964846
16,2018-03-27T11:00:00,12.19221279516273,12.029000282287598
16,2018-03-27T12:00:00,6.224927731110869,11.536999702453612
16,2018-03-27T13:00:00,13.765101479779776,11.536999702453612
16,2018-03-27T14:00:00,10.561765878207801,13.013999938964846
16,2018-03-27T15:00:00,9.20994805527083,13.085000038146973
16,2018-03-27T16:00:00,10.835650813203243,13.57699966430664
16,2018-03-27T17:00:00,14.951631918551385,13.647000312805176
16,2018-03-27T18:00:00,9.47200204118624,12.87399959564209
16,2018-03-27T19:00:00,1.7274024761154205,11.536999702453612
16,2018-03-27T20:00:00,11.056764053964429,10.833000183105469
16,2018-03-27T21:00:00,5.142134185454005,10.482000350952148
16,2018-03-27T22:00:00,14.190752965360385,10.199999809265137
16,2018-03-27T23:00:00,8.046676350122224,9.708000183105469
16,2018-03-28T00:00:00,12.776633615055616,9.496999740600586
16,2018-03-28T01:00:00,11.459882191018234,8.86400032043457
16,2018-03-28T02:00:00,8.819597667754325,8.86400032043457
16,2018-03-28T03:00:00,12.341202463588795,8.934000015258789
16,2018-03-28T04:00:00,3.5225556515591983,8.442000389099121
16,2018-03-28T05:00:00,16.449278922891324,8.581999778747559
16,2018-03-28T06:00:00,13.835093672194457,8.159999847412111
16,2018-03-28T07:00:00,8.879249262327527,8.934000015258789
16,2018-03-28T08:00:00,2.2208346734267295,9.848999977111816
16,2018-03-28T09:00:00,10.472685387803365,9.98900032043457
16,2018-03-28T10:00:00,10.535564683975807,11.114999771118164
16,2018-03-28T11:00:00,1.2977652727300146,10.340999603271484
16,2018-03-28T12:00:00,8.37466343532681,9.918999671936035
16,2018-03-28T13:00:00,16.57433838110279,10.833000183105469
16,2018-03-28T14:00:00,10.798646405256033,12.100000381469728
16,2018-03-28T15:00:00,16.17840062561677,12.592000007629396
16,2018-03-28T16:00:00,7.243805752648033,13.085000038146973
16,2018-03-28T17:00:00,12.050322183371657,13.085000038146973
16,2018-03-28T18:00:00,9.056200526428464,12.239999771118164
16,2018-03-28T19:00:00,6.193195015513906,11.326000213623049
16,2018-03-28T20:00:00,15.475569972798157,10.904000282287598
16,2018-03-28T21:00:00,9.682160583846468,9.848999977111816
16,2018-03-28T22:00:00,9.534079897195255,9.496999740600586
16,2018-03-28T23:00:00,3.8608832438541043,9.56700038909912
16,2018-03-29T00:00:00,10.699863557388202,9.496999740600586
16,2018-03-29T01:00:00,11.691632587567451,9.074999809265137
16,2018-03-29T02:00:00,6.593097272327576,9.28600025177002
16,2018-03-29T03:00:00,16.221312352227866,9.56700038909912
16,2018-03-29T04:00:00,14.713828107072848,9.074999809265137
16,2018-03-29T05:00:00,7.140299688266904,8.581999778747559
16,2018-03-29T06:00:00,10.646862799437873,8.159999847412111
16,2018-03-29T07:00:00,13.879484635920253,8.020000457763674
16,2018-03-29T08:00:00,8.344955127247363,8.652999877929688
16,2018-03-29T09:00:00,14.60981280312984,8.51200008392334
16,2018-03-29T10:00:00,12.19695628504931,9.145000457763672
16,2018-03-29T11:00:00,14.107586225551945,8.86400032043457
16,2018-03-29T12:00:00,11.990706195182714,9.145000457763672
16,2018-03-29T13:00:00,13.064643706408805,9.637999534606934
16,2018-03-29T14:00:00,5.8304281968715195,10.130000114440918
16,2018-03-29T15:00:00,12.366108122481135,10.692999839782717
16,2018-03-29T16:00:00,10.44976358151014,10.482000350952148
16,2018-03-29T17:00:00,13.329579922001782,10.340999603271484
16,2018-03-29T18:00:00,1.9588889211799358,9.637999534606934
16,2018-03-29T19:00:00,8.920242862311753,9.355999946594238
16,2018-03-29T20:00:00,14.410709764564903,9.425999641418455
16,2018-03-29T21:00:00,12.731424003017388,8.230999946594237
16,2018-03-29T22:00:00,8.539237602974318,7.809000015258789
17,2018-03-26T23:00:00,4.189157718857134,10.833000183105469
17,2018-03-27T00:00:00,10.365342999069043,10.621999740600586
17,2018-03-27T01:00:00,9.275367791564566,10.692999839782717
17,2018-03-27T02:00:00,12.703129664321374,10.340999603271484
17,2018-03-27T03:00:00,11.246361747293623,10.621999740600586
17,2018-03-27T04:00:00,11.287588531584403,10.482000350952148
17,2018-03-27T05:00:00,5.93773103229441,10.270999908447266
17,2018-03-27T06:00:00,12.385042747097657,10.482000350952148
17,2018-03-27T07:00:00,10.334865270783695,10.340999603271484
17,2018-03-27T08:00:00,12.377427585793175,11.326000213623049
17,2018-03-27T09:00:00,7.484304877727096,11.043999671936035
17,2018-03-27T10:00:00,7.591213081126314,11.888999938964846
17,2018-03-27T11:00:00,10.844418948565497,12.029000282287598
17,2018-03-27T12:00:00,9.998840039684163,11.536999702453612
17,2018-03-27T13:00:00,17.009150236918217,11.536999702453612
17,2018-03-27T14:00:00,7.912863377470561,13.013999938964846
17,2018-03-27T15:00:00,17.128055113493833,13.085000038146973
17,2018-03-27T16:00:00,12.391862806318526,13.57699966430664
17,2018-03-27T17:00:00,10.804206257149023,13.647000312805176
17,2018-03-27T18:00:00,15.093555071553617,12.87399959564209
17,2018-03-27T19:00:00,5.548584023835746,11.536999702453612
17,2018-03-27T20:00:00,10.95884158692416,10.833000183105469
17,2018-03-27T21:00:00,15.812071906690594,10.482000350952148
17,2018-03-27T22:00:00,7.45791784728322,10.199999809265137
17,2018-03-27T23:00:00,1.4698697895261432,9.708000183105469
17,2018-03-28T00:00:00,14.143413433841385,9.496999740600586
17,2018-03-28T01:00:00,4.453437711691356,8.86400032043457
17,2018-03-28T02:00:00,11.848872045459396,8.86400032043457
17,2018-03-28T03:00:00,15.67735299622361,8.934000015258789
17,2018-03-28T04:00:00,8.85494411474295,8.442000389099121
17,2018-03-28T05:00:00,8.82252106206726,8.581999778747559
17,2018-03-28T06:00:00,11.252652553289334,8.159999847412111
17,2018-03-28T07:00:00,4.907597977836597,8.934000015258789
17,2018-03-28T08:00:00,15.67408657430631,9.848999977111816
17,2018-03-28T09:00:00,11.072902427746147,9.98900032043457
17,2018-03-28T10:00:00,10.90382029694718,11.114999771118164
17,2018-03-28T11:00:00,12.681564029379995,10.340999603271484
17,2018-03-28T12:00:00,6.459061147772733,9.918999671936035
17,2018-03-28T13:00:00,14.342438234416822,10.833000183105469
17,2018-03-28T14:00:00,11.04060790671354,12.100000381469728
17,2018-03-28T15:00:00,9.629342398913714,12.592000007629396
17,2018-03-28T16:00:00,11.310723398121628,13.085000038146973
17,2018-03-28T17:00:00,15.526379903067959,13.085000038146973
17,2018-03-28T18:00:00,9.904132831578728,12.239999771118164
17,2018-03-28T19:00:00,1.9133601269245997,11.326000213623049
17,2018-03-28T20:00:00,11.532505049403223,10.904000282287598
17,2018-03-28T21:00:00,5.297680086519106,9.848999977111816
17,2018-03-28T22:00:00,14.784960326562016,9.496999740600586
17,2018-03-28T23:00:00,8.44503775278705,9.56700038909912
17,2018-03-29T00:00:00,13.308003744964505,9.496999740600586
17,2018-03-29T01:00:00,11.956910709420416,9.074999809265137
17,2018-03-29T02:00:00,9.23657597816694,9.28600025177002
17,2018-03-29T03:00:00,12.834533415124803,9.56700038909912
17,2018-03-29T04:00:00,3.624478461240402,9.074999809265137
17,2018-03-29T05:00:00,16.93717196785726,8.581999778747559
17,2018-03-29T06:00:00,14.41456936884321,8.159999847412111
17,2018-03-29T07:00:00,9.299779502166686,8.020000457763674
17,2018-03-29T08:00:00,2.383613320998064,8.652999877929688
17,2018-03-29T09:00:00,10.957059547986042,8.51200008392334
17,2018-03-29T10:00:00,11.018883408697878,9.145000457763672
17,2018-03-29T11:00:00,1.5027676218101433,8.86400032043457
17,2018-03-29T12:00:00,8.790812480192342,9.145000457763672
17,2018-03-29T13:00:00,17.056503531109232,9.637999534606934
17,2018-03-29T14:00:00,11.27697114260672,10.130000114440918
17,2018-03-29T15:00:00,16.6907760546757,10.692999839782717
17,2018-03-29T16:00:00,7.584119746554611,10.482000350952148
17,2018-03-29T17:00:00,12.554321053443843,10.340999603271484
17,2018-03-29T18:00:00,9.48367656750593,9.637999534606934
17,2018-03-29T19:00:00,6.449760965162554,9.355999946594238
17,2018-03-29T20:00:00,16.041428147362904,9.425999641418455
17,2018-03-29T21:00:00,10.152423537487444,8.230999946594237
17,2018-03-29T22:00:00,9.991318801428875,7.809000015258789
17,2018-03-29T23:00:00,3.9756469278673574,7.315999984741211
17,2018-03-30T00:00:00,11.18052904092217,6.61299991607666
17,2018-03-30T01:00:00,12.201791175740334,6.823999881744385
17,2018-03-30T02:00:00,6.886262282788444,6.4720001220703125
17,2018-03-30T03:00:00,16.72981304461865,6.119999885559082
17,2018-03-30T04:00:00,15.305838711475259,6.119999885559082
17,2018-03-30T05:00:00,7.479837415904022,5.839000225067139
17,2018-03-30T06:00:00,11.12768153439514,5.276000022888184
17,2018-03-30T07:00:00,14.461586097336584,5.205999851226807
17,2018-03-30T08:00:00,8.76434207918534,5.557000160217285
17,2018-03-30T09:00:00,15.202495937948978,5.76800012588501
17,2018-03-30T10:00:00,12.692144577402926,6.261000156402588
17,2018-03-30T11:00:00,14.697145846892136,6.261000156402588
17,2018-03-30T12:00:00,12.493771710141074,6.330999851226808
17,2018-03-30T13:00:00,13.616821787109236,7.0349998474121085
17,2018-03-30T14:00:00,6.053624873810566,7.0349998474121085
17,2018-03-30T15:00:00,12.866388149710286,7.386000156402588
17,2018-03-30T16:00:00,10.931873429299156,7.315999984741211
17,2018-03-30T17:00:00,13.88707626211591,7.809000015258789
17,2018-03-30T18:00:00,2.127677151453664,6.683000087738037
17,2018-03-30T19:00:00,9.342373677429306,5.76800012588501
17,2018-03-30T20:00:00,15.002448312273142,6.330999851226808
17,2018-03-30T21:00:00,13.27217047859273,6.401999950408936
17,2018-03-30T22:00:00,8.956333797063767,6.261000156402588
18,2018-03-27T23:00:00,5.2209044336079025,9.708000183105469
18,2018-03-28T00:00:00,12.26553561690959,9.496999740600586
18,2018-03-28T01:00:00,11.098499942551086,8.86400032043457
18,2018-03-28T02:00:00,14.834652362553973,8.86400032043457
18,2018-03-28T03:00:00,13.283898105730131,8.934000015258789
18,2018-03-28T04:00:00,13.334077548307196,8.442000389099121
18,2018-03-28T05:00:00,7.134761762227564,8.581999778747559
18,2018-03-28T06:00:00,14.603971370286928,8.159999847412111
18,2018-03-28T07:00:00,12.3139727868792,8.934000015258789
18,2018-03-28T08:00:00,14.615147586060408,9.848999977111816
18,2018-03-28T09:00:00,9.16147049038268,9.98900032043457
18,2018-03-28T10:00:00,9.308210480299675,11.114999771118164
18,2018-03-28T11:00:00,12.989019126309831,10.340999603271484
18,2018-03-28T12:00:00,11.951693091395445,9.918999671936035
18,2018-03-28T13:00:00,19.09146083924017,10.833000183105469
18,2018-03-28T14:00:00,9.736321394671647,12.100000381469728
18,2018-03-28T15:00:00,19.188835516815274,12.592000007629396
18,2018-03-28T16:00:00,14.689377654401953,13.085000038146973
18,2018-03-28T17:00:00,13.00034459825849,13.085000038146973
18,2018-03-28T18:00:00,17.62877097718764,12.239999771118164
18,2018-03-28T19:00:00,6.8316203252020316,11.326000213623049
18,2018-03-28T20:00:00,13.1671111682259,10.904000282287598
18,2018-03-28T21:00:00,18.387937575700374,9.848999977111816
18,2018-03-28T22:00:00,9.249674123386937,9.496999740600586
18,2018-03-28T23:00:00,2.9400586210448783,9.56700038909912
18,2018-03-29T00:00:00,16.634350871236975,9.496999740600586
18,2018-03-29T01:00:00,5.665362015165966,9.074999809265137
18,2018-03-29T02:00:00,14.158422890109268,9.28600025177002
18,2018-03-29T03:00:00,18.29827734811246,9.56700038909912
18,2018-03-29T04:00:00,10.92614785901874,9.074999809265137
18,2018-03-29T05:00:00,10.900929134857012,8.581999778747559
18,2018-03-29T06:00:00,13.508520286940014,8.159999847412111
18,2018-03-29T07:00:00,6.211814373418257,8.020000457763674
18,2018-03-29T08:00:00,18.323394676405616,8.652999877929688
18,2018-03-29T09:00:00,13.358926721170134,8.51200008392334
18,2018-03-29T10:00:00,13.207011122474832,9.145000457763672
18,2018-03-29T11:00:00,15.034365422063502,8.86400032043457
18,2018-03-29T12:00:00,8.076335922175923,9.145000457763672
18,2018-03-29T13:00:00,16.93500142086349,9.637999534606934
18,2018-03-29T14:00:00,13.357222233247779,10.130000114440918
18,2018-03-29T15:00:00,11.748617523280585,10.692999839782717
18,2018-03-29T16:00:00,13.620170691320565,10.482000350952148
18,2018-03-29T17:00:00,18.217198098906962,10.340999603271484
18,2018-03-29T18:00:00,12.073548742969432,9.637999534606934
18,2018-03-29T19:00:00,3.439590706334437,9.355999946594238
18,2018-03-29T20:00:00,13.867921471606595,9.425999641418455
18,2018-03-29T21:00:00,6.724682200476627,8.230999946594237
18,2018-03-29T22:00:00,17.476617376245883,7.809000015258789
18,2018-03-29T23:00:00,10.607459768727598,7.315999984741211
18,2018-03-30T00:00:00,15.980545657215158,6.61299991607666
18,2018-03-30T01:00:00,14.413192123161961,6.823999881744385
18,2018-03-30T02:00:00,11.421437970979849,6.4720001220703125
18,2018-03-30T03:00:00,15.278190989401473,6.119999885559082
18,2018-03-30T04:00:00,5.001474359126682,6.119999885559082
18,2018-03-30T05:00:00,19.341413574845177,5.839000225067139
18,2018-03-30T06:00:00,17.098387487889735,5.276000022888184
18,2018-03-30T07:00:00,11.507372899591488,5.205999851226807
18,2018-03-30T08:00:00,3.9128863584217584,5.557000160217285
18,2018-03-30T09:00:00,13.37397304295029,5.76800012588501
18,2018-03-30T10:00:00,13.43643367570495,6.261000156402588
18,2018-03-30T11:00:00,3.1420588427612515,6.261000156402588
18,2018-03-30T12:00:00,11.033612072295188,6.330999851226808
18,2018-03-30T13:00:00,19.460206776341337,7.0349998474121085
18,2018-03-30T14:00:00,13.696286618406592,7.0349998474121085
18,2018-03-30T15:00:00,19.22168775966323,7.386000156402588
18,2018-03-30T16:00:00,9.670634425155665,7.315999984741211
18,2018-03-30T17:00:00,15.088854321695027,7.809000015258789
18,2018-03-30T18:00:00,11.739310622969802,6.683000087738037
18,2018-03-30T19:00:00,8.275534237318322,5.76800012588501
18,2018-03-30T20:00:00,18.800997481746865,6.330999851226808
18,2018-03-30T21:00:00,12.558487393768125,6.401999950408936
18,2018-03-30T22:00:00,12.355950585867301,6.261000156402588
18,2018-03-30T23:00:00,5.435936551816834,5.9790000915527335
18,2018-03-31T00:00:00,13.651467100848723,5.76800012588501
18,2018-03-31T01:00:00,14.820363838705468,5.76800012588501
18,2018-03-31T02:00:00,8.883023872240738,5.76800012588501
18,2018-03-31T03:00:00,19.29809729376999,5.76800012588501
18,2018-03-31T04:00:00,18.15781023463543,5.76800012588501
18,2018-03-31T05:00:00,9.619306816147002,5.76800012588501
18,2018-03-31T06:00:00,13.628381514036594,5.76800012588501
18,2018-03-31T07:00:00,17.270480086676095,5.76800012588501
18,2018-03-31T08:00:00,11.099869011175514,5.76800012588501
18,2018-03-31T09:00:00,18.07705197325094,5.76800012588501
18,2018-03-31T10:00:00,15.260737740821718,5.76800012588501
18,2018-03-31T11:00:00,17.55273945319353,5.76800012588501
18,2018-03-31T12:00:00,15.12471740903884,5.76800012588501
18,2018-03-31T13:00:00,16.425890205518037,5.76800012588501
18,2018-03-31T14:00:00,7.81876658251484,5.76800012588501
18,2018-03-31T15:00:00,15.497111465481943,5.76800012588501
18,2018-03-31T16:00:00,13.487192404140625,5.76800012588501
18,2018-03-31T17:00:00,16.682814208773536,5.76800012588501
18,2018-03-31T18:00:00,3.805239316002952,5.76800012588501
18,2018-03-31T19:00:00,11.714324773304353,5.76800012588501
18,2018-03-31T20:00:00,17.92516546366551,5.76800012588501
18,2018-03-31T21:00:00,16.15362531631019,5.76800012588501
18,2018-03-31T22:00:00,11.347618915611424,5.76800012588501
19,2018-03-28T23:00:00,4.187010350492489,9.56700038909912
19,2018-03-29T00:00:00,10.697567181310891,9.496999740600586
19,2018-03-29T01:00:00,9.573936303110358,9.074999809265137
19,2018-03-29T02:00:00,13.121174525170918,9.28600025177002
19,2018-03-29T03:00:00,11.64632600436672,9.56700038909912
19,2018-03-29T04:00:00,11.68933013455436,9.074999809265137
19,2018-03-29T05:00:00,5.945415727085317,8.581999778747559
19,2018-03-29T06:00:00,12.855848355322832,8.159999847412111
19,2018-03-29T07:00:00,10.705660558134376,8.020000457763674
19,2018-03-29T08:00:00,12.857903295119048,8.652999877929688
19,2018-03-29T09:00:00,7.72233597968108,8.51200008392334
19,2018-03-29T10:00:00,7.8419585353074375,9.145000457763672
19,2018-03-29T11:00:00,11.313222040463376,8.86400032043457
19,2018-03-29T12:00:00,10.346917951040483,9.145000457763672
19,2018-03-29T13:00:00,17.40025266273971,9.637999534606934
19,2018-03-29T14:00:00,8.208563388416827,10.130000114440918
19,2018-03-29T15:00:00,17.50942845837461,10.692999839782717
19,2018-03-29T16:00:00,12.902795905587217,10.482000350952148
19,2018-03-29T17:00:00,11.295551825002988,10.340999603271484
19,2018-03-29T18:00:00,15.711000143683092,9.637999534606934
19,2018-03-29T19:00:00,5.610139521544264,9.355999946594238
19,2018-03-29T20:00:00,11.450247777128894,9.425999641418455
19,2018-03-29T21:00:00,16.45009192699001,8.230999946594237
19,2018-03-29T22:00:00,7.742481498412721,7.809000015258789
19,2018-03-29T23:00:00,1.6562164723036013,7.315999984741211
19,2018-03-30T00:00:00,14.741558133600513,6.61299991607666
19,2018-03-30T01:00:00,4.50763473406059,6.823999881744385
19,2018-03-30T02:00:00,12.372543563699148,6.4720001220703125
19,2018-03-30T03:00:00,16.337207973938213,6.119999885559082
19,2018-03-30T04:00:00,9.271144100991002,6.119999885559082
19,2018-03-30T05:00:00,9.242047472963906,5.839000225067139
19,2018-03-30T06:00:00,11.75920616881131,5.276000022888184
19,2018-03-30T07:00:00,4.987492978041594,5.205999851226807
19,2018-03-30T08:00:00,16.347146005750602,5.557000160217285
19,2018-03-30T09:00:00,11.595897377875765,5.76800012588501
19,2018-03-30T10:00:00,11.436788325933836,6.261000156402588
19,2018-03-30T11:00:00,13.21846867664772,6.261000156402588
19,2018-03-30T12:00:00,6.667480184496737,6.330999851226808
19,2018-03-30T13:00:00,14.991556962103047,7.0349998474121085
19,2018-03-30T14:00:00,11.576811348091011,7.0349998474121085
19,2018-03-30T15:00:00,10.057036380477264,7.386000156402588
19,2018-03-30T16:00:00,11.84048418214337,7.315999984741211
19,2018-03-30T17:00:00,16.218442322425748,7.809000015258789
19,2018-03-30T18:00:00,10.356413436980812,6.683000087738037
19,2018-03-30T19:00:00,2.1103615458452847,5.76800012588501
19,2018-03-30T20:00:00,12.07137909138018,6.330999851226808
19,2018-03-30T21:00:00,5.415577991994574,6.401999950408936
19,2018-03-30T22:00:00,15.482769980632785,6.261000156402588
19,2018-03-30T23:00:00,8.890223220379578,5.9790000915527335
19,2018-03-31T00:00:00,13.959023107390738,5.76800012588501
19,2018-03-31T01:00:00,12.544447619438719,5.76800012588501
19,2018-03-31T02:00:00,9.691730280728882,5.76800012588501
19,2018-03-31T03:00:00,13.404914918854217,5.76800012588501
19,2018-03-31T04:00:00,3.7293181810652527,5.76800012588501
19,2018-03-31T05:00:00,17.48308125197352,5.76800012588501
19,2018-03-31T06:00:00,15.102493545909056,5.76800012588501
19,2018-03-31T07:00:00,9.76176243302898,5.76800012588501
19,2018-03-31T08:00:00,2.565155616673012,5.76800012588501
19,2018-03-31T09:00:00,11.529749193259907,5.76800012588501
19,2018-03-31T10:00:00,11.59116167745858,5.76800012588501
19,2018-03-31T11:00:00,1.7408936244812914,5.76800012588501
19,2018-03-31T12:00:00,9.267139884618858,5.76800012588501
19,2018-03-31T13:00:00,17.59635173446107,5.76800012588501
19,2018-03-31T14:00:00,11.847632470908618,5.76800012588501
19,2018-03-31T15:00:00,17.28960882503871,5.76800012588501
19,2018-03-31T16:00:00,7.972229138960804,5.76800012588501
19,2018-03-31T17:00:00,13.16357086952686,5.76800012588501
19,2018-03-31T18:00:00,9.959071878971619,5.76800012588501
19,2018-03-31T19:00:00,6.729294952597215,5.76800012588501
19,2018-03-31T20:00:00,16.745237632484592,5.76800012588501
19,2018-03-31T21:00:00,10.703702957326994,5.76800012588501
19,2018-03-31T22:00:00,10.519684825127367,5.76800012588501
19,2018-03-31T23:00:00,4.089223460492045,5.76800012588501
19,2018-04-01T00:00:00,11.768460288148873,9.003999710083008
19,2018-04-01T01:00:00,12.847545247062175,9.21500015258789
19,2018-04-01T02:00:00,7.2323899411711565,9.003999710083008
19,2018-04-01T03:00:00,17.33687577920311,8.652999877929688
19,2018-04-01T04:00:00,16.05781038032664,9.21500015258789
19,2018-04-01T05:00:00,7.880632013187316,9.21500015258789
19,2018-04-01T06:00:00,11.725412633959493,9.425999641418455
19,2018-04-01T07:00:00,15.194474909701816,9.56700038909912
19,2018-04-01T08:00:00,9.267993617164608,10.199999809265137
19,2018-04-01T09:00:00,15.964201059363226,10.692999839782717
19,2018-04-01T10:00:00,13.306312437179217,11.114999771118164
19,2018-04-01T11:00:00,15.452545342571359,10.973999977111816
19,2018-04-01T12:00:00,13.136759633552762,10.762999534606934
19,2018-04-01T13:00:00,14.322226819523111,11.607000350952148
19,2018-04-01T14:00:00,6.287051337912233,11.255999565124512
19,2018-04-01T15:00:00,13.49695623884881,12.944000244140623
19,2018-04-01T16:00:00,11.54792656124998,12.732999801635742
19,2018-04-01T17:00:00,14.600066405629573,11.817999839782717
19,2018-04-01T18:00:00,2.3446036197563664,11.748000144958494
19,2018-04-01T19:00:00,9.854974723380723,10.762999534606934
19,2018-04-01T20:00:00,15.785736862323757,10.692999839782717
19,2018-04-01T21:00:00,13.98743794500037,10.552000045776367
19,2018-04-01T22:00:00,9.476741358538241,10.482000350952148
20,2018-03-29T23:00:00,4.0964372048010365,7.315999984741211
20,2018-03-30T00:00:00,10.328459824773756,6.61299991607666
20,2018-03-30T01:00:00,9.23341228338695,6.823999881744385
20,2018-03-30T02:00:00,12.706058456316475,6.4720001220703125
20,2018-03-30T03:00:00,11.248186203617141,6.119999885559082
20,2018-03-30T04:00:00,11.292562017738758,6.119999885559082
20,2018-03-30T05:00:00,5.771654160498517,5.839000225067139
20,2018-03-30T06:00:00,12.450935215315784,5.276000022888184
20,2018-03-30T07:00:00,10.35004781644557,5.205999851226807
20,2018-03-30T08:00:00,12.45765488645302,5.557000160217285
20,2018-03-30T09:00:00,7.4938059756888435,5.76800012588501
20,2018-03-30T10:00:00,7.608828615108459,6.261000156402588
20,2018-03-30T11:00:00,10.948108961441276,6.261000156402588
20,2018-03-30T12:00:00,10.009935388905348,6.330999851226808
20,2018-03-30T13:00:00,17.010595124754737,7.0349998474121085
20,2018-03-30T14:00:00,7.952938909643578,7.0349998474121085
20,2018-03-30T15:00:00,17.12909234571243,7.386000156402588
20,2018-03-30T16:00:00,12.51417515084282,7.315999984741211
20,2018-03-30T17:00:00,10.934933682700459,7.809000015258789
20,2018-03-30T18:00:00,15.242535297971319,6.683000087738037
20,2018-03-30T19:00:00,5.479774298697473,5.76800012588501
20,2018-03-30T20:00:00,11.087693656247282,6.330999851226808
20,2018-03-30T21:00:00,16.009111894291685,6.401999950408936
20,2018-03-30T22:00:00,7.521863378166376,6.261000156402588
20,2018-03-30T23:00:00,1.4958676414831906,5.9790000915527335
20,2018-03-31T00:00:00,14.29906567345232,5.76800012588501
20,2018-03-31T01:00:00,4.421227940125748,5.76800012588501
20,2018-03-31T02:00:00,11.994813130681727,5.76800012588501
20,2018-03-31T03:00:00,15.893844951640574,5.76800012588501
20,2018-03-31T04:00:00,8.968717370692985,5.76800012588501
20,2018-03-31T05:00:00,8.940376265941028,5.76800012588501
20,2018-03-31T06:00:00,11.398234137038235,5.76800012588501
20,2018-03-31T07:00:00,4.886021657519411,5.76800012588501
20,2018-03-31T08:00:00,15.90565134061339,5.76800012588501
20,2018-03-31T09:00:00,11.238651363833991,5.76800012588501
20,2018-03-31T10:00:00,11.081672801819394,5.76800012588501
20,2018-03-31T11:00:00,12.857525578983118,5.76800012588501
20,2018-03-31T12:00:00,6.501313109615879,5.76800012588501
20,2018-03-31T13:00:00,14.550549134945307,5.76800012588501
20,2018-03-31T14:00:00,11.2220458395906,5.76800012588501
20,2018-03-31T15:00:00,9.75420366499867,5.76800012588501
20,2018-03-31T16:00:00,11.484654324376407,5.76800012588501
20,2018-03-31T17:00:00,15.77587825337836,5.76800012588501
20,2018-03-31T18:00:00,10.046927393859807,5.76800012588501
20,2018-03-31T19:00:00,1.970226780154471,5.76800012588501
20,2018-03-31T20:00:00,11.714315530633261,5.76800012588501
20,2018-03-31T21:00:00,5.3074145528144765,5.76800012588501
20,2018-03-31T22:00:00,15.024009601187153,5.76800012588501
20,2018-03-31T23:00:00,8.60472760736873,5.76800012588501
20,2018-04-01T00:00:00,13.564265973032192,9.003999710083008
20,2018-04-01T01:00:00,12.174719793593935,9.21500015258789
20,2018-04-01T02:00:00,9.396075385041657,9.003999710083008
20,2018-04-01T03:00:00,13.051059612156052,8.652999877929688
20,2018-04-01T04:00:00,3.646134750737657,9.21500015258789
20,2018-04-01T05:00:00,17.12530587700548,9.21500015258789
20,2018-04-01T06:00:00,14.66918522551175,9.425999641418455
20,2018-04-01T07:00:00,9.467639776792838,9.56700038909912
20,2018-04-01T08:00:00,2.443333689780676,10.199999809265137
20,2018-04-01T09:00:00,11.1803820327901,10.692999839782717
20,2018-04-01T10:00:00,11.241811743169812,11.114999771118164
20,2018-04-01T11:00:00,1.5904873582565298,10.973999977111816
20,2018-04-01T12:00:00,8.974651161712867,10.762999534606934
20,2018-04-01T13:00:00,17.25059990177234,11.607000350952148
20,2018-04-01T14:00:00,11.498407493339398,11.255999565124512
20,2018-04-01T15:00:00,16.919235369463564,12.944000244140623
20,2018-04-01T16:00:00,7.7419937217984796,12.732999801635742
20,2018-04-01T17:00:00,12.801636549506675,11.817999839782717
20,2018-04-01T18:00:00,9.667021879036199,11.748000144958494
20,2018-04-01T19:00:00,6.558747054887759,10.762999534606934
20,2018-04-01T20:00:00,16.330491589903403,10.692999839782717
20,2018-04-01T21:00:00,10.377775746537791,10.552000045776367
20,2018-04-01T22:00:00,10.204949952673655,10.482000350952148
20,2018-04-01T23:00:00,4.010700155379443,10.130000114440918
20,2018-04-02T00:00:00,11.41907823455578,9.708000183105469
20,2018-04-02T01:00:00,12.470057137966696,10.199999809265137
20,2018-04-02T02:00:00,7.031952106976277,10.482000350952148
20,2018-04-02T03:00:00,16.971930103577396,10.833000183105469
20,2018-04-02T04:00:00,15.613646926888201,10.340999603271484
20,2018-04-02T05:00:00,7.6506820540072695,10.340999603271484
20,2018-04-02T06:00:00,11.374993903192767,10.0600004196167
20,2018-04-02T07:00:00,14.760830072825632,10.482000350952148
20,2018-04-02T08:00:00,8.97413087170792,9.637999534606934
20,2018-04-02T09:00:00,15.516034028767065,10.552000045776367
20,2018-04-02T10:00:00,12.95270284749797,10.482000350952148
20,2018-04-02T11:00:00,15.00627210782694,10.130000114440918
20,2018-04-02T12:00:00,12.7676706637677,10.199999809265137
20,2018-04-02T13:00:00,13.91734124239227,11.678000450134276
20,2018-04-02T14:00:00,6.148539027596305,12.029000282287598
20,2018-04-02T15:00:00,13.137327519385448,12.100000381469728
20,2018-04-02T16:00:00,11.194249201487583,12.170000076293944
20,2018-04-02T17:00:00,14.189925802166641,12.029000282287598
20,2018-04-02T18:00:00,2.2175238622478286,11.255999565124512
20,2018-04-02T19:00:00,9.559085977133059,10.973999977111816
20,2018-04-02T20:00:00,15.328281780798116,10.552000045776367
20,2018-04-02T21:00:00,13.583397868834561,10.199999809265137
20,2018-04-02T22:00:00,9.179038724240689,10.340999603271484
21,2018-03-30T23:00:00,4.225953630244712,5.9790000915527335
21,2018-03-31T00:00:00,10.518837427259644,5.76800012588501
21,2018-03-31T01:00:00,9.428594892235353,5.76800012588501
21,2018-03-31T02:00:00,12.915110046782758,5.76800012588501
21,2018-03-31T03:00:00,11.455270152898725,5.76800012588501
21,2018-03-31T04:00:00,11.502080512987195,5.76800012588501
21,2018-03-31T05:00:00,5.968514895297485,5.76800012588501
21,2018-03-31T06:00:00,12.699292022899304,5.76800012588501
21,2018-03-31T07:00:00,10.584477357586199,5.76800012588501
21,2018-03-31T08:00:00,12.712040466036981,5.76800012588501
21,2018-03-31T09:00:00,7.728164838874848,5.76800012588501
21,2018-03-31T10:00:00,7.846263896908063,5.76800012588501
21,2018-03-31T11:00:00,11.206032688652682,5.76800012588501
21,2018-03-31T12:00:00,10.249711212070292,5.76800012588501
21,2018-03-31T13:00:00,17.219129783699003,5.76800012588501
21,2018-03-31T14:00:00,8.202553443476631,5.76800012588501
21,2018-03-31T15:00:00,17.34073729592564,5.76800012588501
21,2018-03-31T16:00:00,12.784563010500701,5.76800012588501
21,2018-03-31T17:00:00,11.204775393701546,5.76800012588501
21,2018-03-31T18:00:00,15.475580210690392,5.76800012588501
21,2018-03-31T19:00:00,5.698985075531201,5.76800012588501
21,2018-03-31T20:00:00,11.353434795121412,5.76800012588501
21,2018-03-31T21:00:00,16.25062484118073,5.76800012588501
21,2018-03-31T22:00:00,7.779195721083402,5.76800012588501
21,2018-03-31T23:00:00,1.7770313382280012,5.76800012588501
21,2018-04-01T00:00:00,14.569807142094675,9.003999710083008
21,2018-04-01T01:00:00,4.607657954483182,9.21500015258789
21,2018-04-01T02:00:00,12.267824697177517,9.003999710083008
21,2018-04-01T03:00:00,16.1422688092,8.652999877929688
21,2018-04-01T04:00:00,9.24018165423725,9.21500015258789
21,2018-04-01T05:00:00,9.21313193887962,9.21500015258789
21,2018-04-01T06:00:00,11.661966443205813,9.425999641418455
21,2018-04-01T07:00:00,5.097893292618586,9.56700038909912
21,2018-04-01T08:00:00,16.157858700489676,10.199999809265137
21,2018-04-01T09:00:00,11.513552614426725,10.692999839782717
21,2018-04-01T10:00:00,11.36495352016675,11.114999771118164
21,2018-04-01T11:00:00,13.131603690320205,10.973999977111816
21,2018-04-01T12:00:00,6.765717940508777,10.762999534606934
21,2018-04-01T13:00:00,14.828091533569125,11.607000350952148
21,2018-04-01T14:00:00,11.501673935208686,11.255999565124512
21,2018-04-01T15:00:00,10.030328954795166,12.944000244140623
21,2018-04-01T16:00:00,11.753994065274396,12.732999801635742
21,2018-04-01T17:00:00,16.030952636191717,11.817999839782717
21,2018-04-01T18:00:00,10.326909081772474,11.748000144958494
21,2018-04-01T19:00:00,2.2518137802869216,10.762999534606934
21,2018-04-01T20:00:00,11.983510087641765,10.692999839782717
21,2018-04-01T21:00:00,5.541960013687797,10.552000045776367
21,2018-04-01T22:00:00,15.28505034867524,10.482000350952148
21,2018-04-01T23:00:00,8.890075882184782,10.130000114440918
21,2018-04-02T00:00:00,13.872063915673337,9.708000183105469
21,2018-04-02T01:00:00,12.471055848791273,10.199999809265137
21,2018-04-02T02:00:00,9.676902607839278,10.482000350952148
21,2018-04-02T03:00:00,13.325517772284446,10.833000183105469
21,2018-04-02T04:00:00,3.848907003833345,10.340999603271484
21,2018-04-02T05:00:00,17.369011134234917,10.340999603271484
21,2018-04-02T06:00:00,14.951625357036184,10.0600004196167
21,2018-04-02T07:00:00,9.748804074666108,10.482000350952148
21,2018-04-02T08:00:00,2.7066622713107513,9.637999534606934
21,2018-04-02T09:00:00,11.468193414874232,10.552000045776367
21,2018-04-02T10:00:00,11.5278091518325,10.482000350952148
21,2018-04-02T11:00:00,1.8996254901663523,10.130000114440918
21,2018-04-02T12:00:00,9.260342006001217,10.199999809265137
21,2018-04-02T13:00:00,17.49354443000251,11.678000450134276
21,2018-04-02T14:00:00,11.777424971164049,12.029000282287598
21,2018-04-02T15:00:00,17.16475302047506,12.100000381469728
21,2018-04-02T16:00:00,8.019645519140365,12.170000076293944
21,2018-04-02T17:00:00,13.097627994277229,12.029000282287598
21,2018-04-02T18:00:00,9.950922246418088,11.255999565124512
21,2018-04-02T19:00:00,6.839290643369722,10.973999977111816
21,2018-04-02T20:00:00,16.58151812479817,10.552000045776367
21,2018-04-02T21:00:00,10.675910340966944,10.199999809265137
21,2018-04-02T22:00:00,10.499377523657133,10.340999603271484
21,2018-04-02T23:00:00,4.214747995706963,9.848999977111816
21,2018-04-03T00:00:00,11.706942522600793,9.425999641418455
21,2018-04-03T01:00:00,12.7928512639209,9.355999946594238
21,2018-04-03T02:00:00,7.318367689655378,9.21500015258789
21,2018-04-03T03:00:00,17.224583015991794,9.145000457763672
21,2018-04-03T04:00:00,15.879893204422421,9.145000457763672
21,2018-04-03T05:00:00,7.9372903091804385,9.425999641418455
21,2018-04-03T06:00:00,11.66917413693832,9.28600025177002
21,2018-04-03T07:00:00,15.056999348710988,9.496999740600586
21,2018-04-03T08:00:00,9.273906923135506,9.848999977111816
21,2018-04-03T09:00:00,15.788924464736567,10.692999839782717
21,2018-04-03T10:00:00,13.246907407520291,11.395999908447266
21,2018-04-03T11:00:00,15.29586463729337,11.326000213623049
21,2018-04-03T12:00:00,13.084680502833308,11.395999908447266
21,2018-04-03T13:00:00,14.244035826643236,11.326000213623049
21,2018-04-03T14:00:00,6.435990808685073,12.732999801635742
21,2018-04-03T15:00:00,13.436185769619598,12.944000244140623
21,2018-04-03T16:00:00,11.503595671045453,13.435999870300291
21,2018-04-03T17:00:00,14.521325477564801,13.718000411987305
21,2018-04-03T18:00:00,2.506746948285347,12.239999771118164
21,2018-04-03T19:00:00,9.868494147989718,12.170000076293944
21,2018-04-03T20:00:00,15.6170062006702,11.607000350952148
21,2018-04-03T21:00:00,13.919644069557604,11.326000213623049
21,2018-04-03T22:00:00,9.493610716728075,10.973999977111816
22,2018-03-31T23:00:00,3.937539965163827,5.76800012588501
22,2018-04-01T00:00:00,9.200660611574548,9.003999710083008
22,2018-04-01T01:00:00,8.225116854676129,9.21500015258789
22,2018-04-01T02:00:00,11.502916059887417,9.003999710083008
22,2018-04-01T03:00:00,10.075979856609948,8.652999877929688
22,2018-04-01T04:00:00,10.12646546084336,9.21500015258789
22,2018-04-01T05:00:00,5.32513545975775,9.21500015258789
22,2018-04-01T06:00:00,11.199962976976853,9.425999641418455
22,2018-04-01T07:00:00,9.24483356445224,9.56700038909912
22,2018-04-01T08:00:00,11.208417747545688,10.199999809265137
22,2018-04-01T09:00:00,6.7825375766810865,10.692999839782717
22,2018-04-01T10:00:00,6.88177538354736,11.114999771118164
22,2018-04-01T11:00:00,9.754807205043688,10.973999977111816
22,2018-04-01T12:00:00,8.960234915925934,10.762999534606934
22,2018-04-01T13:00:00,15.907510992869902,11.607000350952148
22,2018-04-01T14:00:00,7.140842261936312,11.255999565124512
22,2018-04-01T15:00:00,16.047425579033707,12.944000244140623
22,2018-04-01T16:00:00,11.274895797055702,12.732999801635742
22,2018-04-01T17:00:00,9.741056407881041,11.817999839782717
22,2018-04-01T18:00:00,13.877951472885764,11.748000144958494
22,2018-04-01T19:00:00,5.095429754374829,10.762999534606934
22,2018-04-01T20:00:00,9.909535384577145,10.692999839782717
22,2018-04-01T21:00:00,14.708543037495414,10.552000045776367
22,2018-04-01T22:00:00,6.794977711716095,10.482000350952148
22,2018-04-01T23:00:00,0.9117394280991409,10.130000114440918
22,2018-04-02T00:00:00,12.931860474905381,9.708000183105469
22,2018-04-02T01:00:00,4.241136579063939,10.199999809265137
22,2018-04-02T02:00:00,10.796353971205168,10.482000350952148
22,2018-04-02T03:00:00,14.581401830071393,10.833000183105469
22,2018-04-02T04:00:00,7.97367986218706,10.340999603271484
22,2018-04-02T05:00:00,7.945584388123963,10.340999603271484
22,2018-04-02T06:00:00,10.25181444598819,10.0600004196167
22,2018-04-02T07:00:00,4.598037867636318,10.482000350952148
22,2018-04-02T08:00:00,14.593484383584418,9.637999534606934
22,2018-04-02T09:00:00,10.074590794072003,10.552000045776367
22,2018-04-02T10:00:00,9.900572544792958,10.482000350952148
22,2018-04-02T11:00:00,11.68190110969567,10.130000114440918
22,2018-04-02T12:00:00,5.900406191445681,10.199999809265137
22,2018-04-02T13:00:00,13.182923170509259,11.678000450134276
22,2018-04-02T14:00:00,10.054240919948617,12.029000282287598
22,2018-04-02T15:00:00,8.72805337916893,12.100000381469728
22,2018-04-02T16:00:00,10.344129719167722,12.170000076293944
22,2018-04-02T17:00:00,14.450290541384739,12.029000282287598
22,2018-04-02T18:00:00,8.985894778419603,11.255999565124512
22,2018-04-02T19:00:00,1.4450445772142775,10.973999977111816
22,2018-04-02T20:00:00,10.576705852595676,10.552000045776367
22,2018-04-02T21:00:00,4.915333106040649,10.199999809265137
22,2018-04-02T22:00:00,13.642882617046473,10.340999603271484
22,2018-04-02T23:00:00,7.619045490385924,9.848999977111816
22,2018-04-03T00:00:00,12.2829620195067,9.425999641418455
22,2018-04-03T01:00:00,10.958200080527952,9.355999946594238
22,2018-04-03T02:00:00,8.370144824147689,9.21500015258789
22,2018-04-03T03:00:00,11.87149913692933,9.145000457763672
22,2018-04-03T04:00:00,3.4037802910941384,9.145000457763672
22,2018-04-03T05:00:00,16.001875004813424,9.425999641418455
22,2018-04-03T06:00:00,13.298865530917888,9.28600025177002
22,2018-04-03T07:00:00,8.434907026647128,9.496999740600586
22,2018-04-03T08:00:00,1.9919148641476685,9.848999977111816
22,2018-04-03T09:00:00,9.996834786129945,10.692999839782717
22,2018-04-03T10:00:00,10.064447497555353,11.395999908447266
22,2018-04-03T11:00:00,0.9887520138313342,11.326000213623049
22,2018-04-03T12:00:00,7.9488532266263086,11.395999908447266
22,2018-04-03T13:00:00,16.143249095789358,11.326000213623049
22,2018-04-03T14:00:00,10.347181922335345,12.732999801635742
22,2018-04-03T15:00:00,15.748981544323515,12.944000244140623
22,2018-04-03T16:00:00,6.900299213689008,13.435999870300291
22,2018-04-03T17:00:00,11.575353903823393,13.718000411987305
22,2018-04-03T18:00:00,8.619577630264487,12.239999771118164
22,2018-04-03T19:00:00,5.88847989225493,12.170000076293944
22,2018-04-03T20:00:00,15.04941019531354,11.607000350952148
22,2018-04-03T21:00:00,9.215127559813734,11.326000213623049
22,2018-04-03T22:00:00,9.077433512804097,10.973999977111816
22,2018-04-03T23:00:00,3.746451751127047,10.904000282287598
22,2018-04-04T00:00:00,10.255833460060934,9.918999671936035
22,2018-04-04T01:00:00,11.202102443989425,8.86400032043457
22,2018-04-04T02:00:00,6.278935719806011,8.934000015258789
22,2018-04-04T03:00:00,15.808711603107826,7.809000015258789
22,2018-04-04T04:00:00,14.257946652272903,6.823999881744385
22,2018-04-04T05:00:00,6.804839302611198,7.105000019073486
22,2018-04-04T06:00:00,10.206166147971395,6.61299991607666
22,2018-04-04T07:00:00,13.384057508863226,5.135000228881836
22,2018-04-04T08:00:00,7.933776397830448,5.3460001945495605
22,2018-04-04T09:00:00,14.152724516045526,5.065000057220459
22,2018-04-04T10:00:00,11.755223029927409,5.276000022888184
22,2018-04-04T11:00:00,13.624867706655165,5.276000022888184
22,2018-04-04T12:00:00,11.526127840115635,5.065000057220459
22,2018-04-04T13:00:00,12.580741122778832,4.572999954223633
22,2018-04-04T14:00:00,5.550115382535971,4.290999889373778
22,2018-04-04T15:00:00,11.93370040273296,4.432000160217285
22,2018-04-04T16:00:00,10.006339821322094,4.2210001945495605
22,2018-04-04T17:00:00,12.828067328555965,4.079999923706056
22,2018-04-04T18:00:00,1.7285370381032195,3.799000024795532
22,2018-04-04T19:00:00,8.503006362637269,3.6579999923706055
22,2018-04-04T20:00:00,13.951389401615302,3.799000024795532
22,2018-04-04T21:00:00,12.276751024020488,3.799000024795532
22,2018-04-04T22:00:00,8.130507529725138,3.86899995803833
23,2018-04-01T23:00:00,4.065779925999095,10.130000114440918
23,2018-04-02T00:00:00,9.763041840626702,9.708000183105469
23,2018-04-02T01:00:00,8.727019932184524,10.199999809265137
23,2018-04-02T02:00:00,12.066531247832023,10.482000350952148
23,2018-04-02T03:00:00,10.624054632462911,10.833000183105469
23,2018-04-02T04:00:00,10.669083368413766,10.340999603271484
23,2018-04-02T05:00:00,5.628652414162927,10.340999603271484
23,2018-04-02T06:00:00,11.727618935419606,10.0600004196167
23,2018-04-02T07:00:00,9.73568900906732,10.482000350952148
23,2018-04-02T08:00:00,11.722652206829986,9.637999534606934
23,2018-04-02T09:00:00,7.074589937231682,10.552000045776367
23,2018-04-02T10:00:00,7.175282470640786,10.482000350952148
23,2018-04-02T11:00:00,10.21189531478642,10.130000114440918
23,2018-04-02T12:00:00,9.426798557685505,10.199999809265137
23,2018-04-02T13:00:00,16.425412812417136,11.678000450134276
23,2018-04-02T14:00:00,7.456242406408023,12.029000282287598
23,2018-04-02T15:00:00,16.55307329997071,12.100000381469728
23,2018-04-02T16:00:00,11.746909297803638,12.170000076293944
23,2018-04-02T17:00:00,10.173982523869517,12.029000282287598
23,2018-04-02T18:00:00,14.410889741658767,11.255999565124512
23,2018-04-02T19:00:00,5.286922345168605,10.973999977111816
23,2018-04-02T20:00:00,10.340158808771953,10.552000045776367
23,2018-04-02T21:00:00,15.168720620937183,10.199999809265137
23,2018-04-02T22:00:00,7.04707803154354,10.340999603271484
23,2018-04-02T23:00:00,1.1182166702758245,9.848999977111816
23,2018-04-03T00:00:00,13.445841652895616,9.425999641418455
23,2018-04-03T01:00:00,4.311127153479566,9.355999946594238
23,2018-04-03T02:00:00,11.228879129669828,9.21500015258789
23,2018-04-03T03:00:00,15.03035304753699,9.145000457763672
23,2018-04-03T04:00:00,8.320071131011673,9.145000457763672
23,2018-04-03T05:00:00,8.288134380320306,9.425999641418455
23,2018-04-03T06:00:00,10.658729762951587,9.28600025177002
23,2018-04-03T07:00:00,4.706288294431342,9.496999740600586
23,2018-04-03T08:00:00,15.029222767085187,9.848999977111816
23,2018-04-03T09:00:00,10.468599446969598,10.692999839782717
23,2018-04-03T10:00:00,10.288745237100876,11.395999908447266
23,2018-04-03T11:00:00,12.07949079332716,11.326000213623049
23,2018-04-03T12:00:00,6.101342257495215,11.395999908447266
23,2018-04-03T13:00:00,13.653739353912083,11.326000213623049
23,2018-04-03T14:00:00,10.435964966513742,12.732999801635742
23,2018-04-03T15:00:00,9.082086558270355,12.944000244140623
23,2018-04-03T16:00:00,10.724832247563208,13.435999870300291
23,2018-04-03T17:00:00,14.877314496630344,13.718000411987305
23,2018-04-03T18:00:00,9.34186940460009,12.239999771118164
23,2018-04-03T19:00:00,1.5974621888120595,12.170000076293944
23,2018-04-03T20:00:00,10.951814054668265,11.607000350952148
23,2018-04-03T21:00:00,5.043754160845568,11.326000213623049
23,2018-04-03T22:00:00,14.102551231331436,10.973999977111816
23,2018-04-03T23:00:00,7.9175090037581235,10.904000282287598
23,2018-04-04T00:00:00,12.662740938899322,9.918999671936035
23,2018-04-04T01:00:00,11.33618870108674,8.86400032043457
23,2018-04-04T02:00:00,8.693778599922503,8.934000015258789
23,2018-04-04T03:00:00,12.23928654310503,7.809000015258789
23,2018-04-04T04:00:00,3.4581580924033624,6.823999881744385
23,2018-04-04T05:00:00,16.369904387222363,7.105000019073486
23,2018-04-04T06:00:00,13.732661270391082,6.61299991607666
23,2018-04-04T07:00:00,8.755455832540033,5.135000228881836
23,2018-04-04T08:00:00,2.108572188743903,5.3460001945495605
23,2018-04-04T09:00:00,10.350730178064232,5.065000057220459
23,2018-04-04T10:00:00,10.416988940609386,5.276000022888184
23,2018-04-04T11:00:00,1.1492876764262672,5.276000022888184
23,2018-04-04T12:00:00,8.250473296678486,5.065000057220459
23,2018-04-04T13:00:00,16.497513562988036,4.572999954223633
23,2018-04-04T14:00:00,10.693621728849063,4.290999889373778
23,2018-04-04T15:00:00,16.110792241847744,4.432000160217285
23,2018-04-04T16:00:00,7.130271115742158,4.2210001945495605
23,2018-04-04T17:00:00,11.936224037134057,4.079999923706056
23,2018-04-04T18:00:00,8.935633523254433,3.799000024795532
23,2018-04-04T19:00:00,6.068105820449036,3.6579999923706055
23,2018-04-04T20:00:00,15.424751567366348,3.799000024795532
23,2018-04-04T21:00:00,9.550684370124248,3.799000024795532
23,2018-04-04T22:00:00,9.406430484153592,3.86899995803833
23,2018-04-04T23:00:00,3.7995375135894225,3.938999891281128
23,2018-04-05T00:00:00,10.592365619721917,3.6579999923706055
23,2018-04-05T01:00:00,11.560119854184869,3.799000024795532
23,2018-04-05T02:00:00,6.472320805031588,3.86899995803833
23,2018-04-05T03:00:00,16.154786713027722,3.799000024795532
23,2018-04-05T04:00:00,14.653161318642915,4.361999988555908
23,2018-04-05T05:00:00,7.025339757681671,3.6579999923706055
23,2018-04-05T06:00:00,10.537053177629678,4.2210001945495605
23,2018-04-05T07:00:00,13.784640820131997,3.5169999599456787
23,2018-04-05T08:00:00,8.219782791712902,3.095000028610228
23,2018-04-05T09:00:00,14.545791085452738,0.421999990940094
23,2018-04-05T10:00:00,12.094359756178186,0.0
23,2018-04-05T11:00:00,14.023640547638104,-0.6330000162124634
23,2018-04-05T12:00:00,11.869933423086692,-0.703000009059906
23,2018-04-05T13:00:00,12.950816592213764,0.0
23,2018-04-05T14:00:00,5.701294083268412,-0.6330000162124634
23,2018-04-05T15:00:00,12.268090966050195,-0.915000021457672
23,2018-04-05T16:00:00,10.329717119478502,0.0
23,2018-04-05T17:00:00,13.207100848345203,0.5630000233650208
23,2018-04-05T18:00:00,1.8344321562535573,1.758999943733215
23,2018-04-05T19:00:00,8.792133888530458,0.5630000233650208
23,2018-04-05T20:00:00,14.337818135655665,0.0
23,2018-04-05T21:00:00,12.62311752670226,2.039999961853028
23,2018-04-05T22:00:00,8.408483252455868,0.492000013589859
24,2018-04-02T23:00:00,4.061508074160704,9.848999977111816
24,2018-04-03T00:00:00,9.431830762789946,9.425999641418455
24,2018-04-03T01:00:00,8.442053876497663,9.355999946594238
24,2018-04-03T02:00:00,11.709114984385643,9.21500015258789
24,2018-04-03T03:00:00,10.282622214365674,9.145000457763672
24,2018-04-03T04:00:00,10.328325133634014,9.145000457763672
24,2018-04-03T05:00:00,5.54076824258974,9.425999641418455
24,2018-04-03T06:00:00,11.35251038066577,9.28600025177002
24,2018-04-03T07:00:00,9.41304878219396,9.496999740600586
24,2018-04-03T08:00:00,11.345766353882922,9.848999977111816
24,2018-04-03T09:00:00,6.89056004792841,10.692999839782717
24,2018-04-03T10:00:00,6.984840541904825,11.395999908447266
24,2018-04-03T11:00:00,9.856621119595431,11.326000213623049
24,2018-04-03T12:00:00,9.119084000891434,11.395999908447266
24,2018-04-03T13:00:00,16.09733596028459,11.326000213623049
24,2018-04-03T14:00:00,7.237260443577915,12.732999801635742
24,2018-04-03T15:00:00,16.231799603855787,12.944000244140623
24,2018-04-03T16:00:00,11.36597955275099,13.435999870300291
24,2018-04-03T17:00:00,9.814222997610209,13.718000411987305
24,2018-04-03T18:00:00,13.978204575236402,12.239999771118164
24,2018-04-03T19:00:00,5.223218277577111,12.170000076293944
24,2018-04-03T20:00:00,9.982336235469354,11.607000350952148
24,2018-04-03T21:00:00,14.748741795897848,11.326000213623049
24,2018-04-03T22:00:00,6.855389443477009,10.973999977111816
24,2018-04-03T23:00:00,0.9956875524401969,10.904000282287598
24,2018-04-04T00:00:00,13.013057749477932,9.918999671936035
24,2018-04-04T01:00:00,4.3209092346590765,8.86400032043457
24,2018-04-04T02:00:00,10.857516160688713,8.934000015258789
24,2018-04-04T03:00:00,14.600159991447685,7.809000015258789
24,2018-04-04T04:00:00,8.028342825931203,6.823999881744385
24,2018-04-04T05:00:00,7.996190543643323,7.105000019073486
24,2018-04-04T06:00:00,10.302111319758229,6.61299991607666
24,2018-04-04T07:00:00,4.67898274302223,5.135000228881836
24,2018-04-04T08:00:00,14.59389781656927,5.3460001945495605
24,2018-04-04T09:00:00,10.105650960875419,5.065000057220459
24,2018-04-04T10:00:00,9.920953069665327,5.276000022888184
24,2018-04-04T11:00:00,11.699927940953629,5.276000022888184
24,2018-04-04T12:00:00,5.960458960868841,5.065000057220459
24,2018-04-04T13:00:00,13.20708231138935,4.572999954223633
24,2018-04-04T14:00:00,10.068683808681612,4.290999889373778
24,2018-04-04T15:00:00,8.770318191442911,4.432000160217285
24,2018-04-04T16:00:00,10.362824964297197,4.2210001945495605
24,2018-04-04T17:00:00,14.429297890747373,4.079999923706056
24,2018-04-04T18:00:00,9.015351884311801,3.799000024795532
24,2018-04-04T19:00:00,1.4991601142150017,3.6579999923706055
24,2018-04-04T20:00:00,10.586982782758586,3.799000024795532
24,2018-04-04T21:00:00,4.98043549582378,3.799000024795532
24,2018-04-04T22:00:00,13.636934341060408,3.86899995803833
24,2018-04-04T23:00:00,7.623983230561469,3.938999891281128
24,2018-04-05T00:00:00,12.24692808068561,3.6579999923706055
24,2018-04-05T01:00:00,10.944252806420348,3.799000024795532
24,2018-04-05T02:00:00,8.378240526333045,3.86899995803833
24,2018-04-05T03:00:00,11.84639675792923,3.799000024795532
24,2018-04-05T04:00:00,3.450569971149072,4.361999988555908
24,2018-04-05T05:00:00,15.99718140183172,3.6579999923706055
24,2018-04-05T06:00:00,13.268519174668642,4.2210001945495605
24,2018-04-05T07:00:00,8.43449716034058,3.5169999599456787
24,2018-04-05T08:00:00,2.0350039280508625,3.095000028610228
24,2018-04-05T09:00:00,9.965751993951843,0.421999990940094
24,2018-04-05T10:00:00,10.032846803982288,0.0
24,2018-04-05T11:00:00,1.0286796869746997,-0.6330000162124634
24,2018-04-05T12:00:00,7.932049782014131,-0.703000009059906
24,2018-04-05T13:00:00,16.126200724328207,0.0
24,2018-04-05T14:00:00,10.31329346678557,-0.6330000162124634
24,2018-04-05T15:00:00,15.708466798753886,-0.915000021457672
24,2018-04-05T16:00:00,6.88634986611428,0.0
24,2018-04-05T17:00:00,11.52495566206585,0.5630000233650208
24,2018-04-05T18:00:00,8.603012386176886,1.758999943733215
24,2018-04-05T19:00:00,5.898521672683561,0.5630000233650208
24,2018-04-05T20:00:00,14.966274250420556,0.0
24,2018-04-05T21:00:00,9.172518685882864,2.039999961853028
24,2018-04-05T22:00:00,9.041064114021317,0.492000013589859
24,2018-04-05T23:00:00,3.7829503012028454,1.1260000467300415
24,2018-04-06T00:00:00,10.203028337101564,0.9850000143051147
24,2018-04-06T01:00:00,11.138908271897844,0.0
24,2018-04-06T02:00:00,6.26582858044781,0.5630000233650208
24,2018-04-06T03:00:00,15.747982869241653,1.9700000286102293
24,2018-04-06T04:00:00,14.16331854685054,2.3919999599456787
24,2018-04-06T05:00:00,6.777423593745562,1.4769999980926514
24,2018-04-06T06:00:00,10.143359343506738,1.337000012397766
24,2018-04-06T07:00:00,13.297785066357719,1.0549999475479126
24,2018-04-06T08:00:00,7.8883126759650875,1.0549999475479126
24,2018-04-06T09:00:00,14.050808678714448,1.337000012397766
24,2018-04-06T10:00:00,11.679712130777467,1.8289999961853027
24,2018-04-06T11:00:00,13.528058522280386,3.095000028610228
24,2018-04-06T12:00:00,11.446972838147815,4.010000228881837
24,2018-04-06T13:00:00,12.488468825830868,4.64300012588501
24,2018-04-06T14:00:00,5.561429858705196,4.994999885559082
24,2018-04-06T15:00:00,11.848238200874508,4.994999885559082
24,2018-04-06T16:00:00,9.927393234043972,5.3460001945495605
24,2018-04-06T17:00:00,12.731467349708195,5.486999988555908
24,2018-04-06T18:00:00,1.751985495272871,5.3460001945495605
24,2018-04-06T19:00:00,8.449436445321078,5.3460001945495605
24,2018-04-06T20:00:00,13.83356464947683,5.3460001945495605
24,2018-04-06T21:00:00,12.171634692675028,4.2210001945495605
24,2018-04-06T22:00:00,8.069914966856455,5.276000022888184
25,2018-04-03T23:00:00,4.724945568045907,10.904000282287598
25,2018-04-04T00:00:00,11.69260083554967,9.918999671936035
25,2018-04-04T01:00:00,10.524526478357906,8.86400032043457
25,2018-04-04T02:00:00,14.217626535026666,8.934000015258789
25,2018-04-04T03:00:00,12.693182725573074,7.809000015258789
25,2018-04-04T04:00:00,12.741498401600365,6.823999881744385
25,2018-04-04T05:00:00,6.6325534258506185,7.105000019073486
25,2018-04-04T06:00:00,13.975452121514857,6.61299991607666
25,2018-04-04T07:00:00,11.720597657978296,5.135000228881836
25,2018-04-04T08:00:00,13.982017162764565,5.3460001945495605
25,2018-04-04T09:00:00,8.565317807630715,5.065000057220459
25,2018-04-04T10:00:00,8.702628359703855,5.276000022888184
25,2018-04-04T11:00:00,12.367898745550406,5.276000022888184
25,2018-04-04T12:00:00,11.354003194086651,5.065000057220459
25,2018-04-04T13:00:00,18.483720534969706,4.572999954223633
25,2018-04-04T14:00:00,9.11729709815452,4.290999889373778
25,2018-04-04T15:00:00,18.581846708503395,4.432000160217285
25,2018-04-04T16:00:00,14.040740520383167,4.2210001945495605
25,2018-04-04T17:00:00,12.365920423658665,4.079999923706056
25,2018-04-04T18:00:00,16.965830244688487,3.799000024795532
25,2018-04-04T19:00:00,6.282999033466824,3.6579999923706055
25,2018-04-04T20:00:00,12.530249445337056,3.799000024795532
25,2018-04-04T21:00:00,17.69719910766362,3.799000024795532
25,2018-04-04T22:00:00,8.619082115695775,3.86899995803833
25,2018-04-04T23:00:00,2.3854336563949907,3.938999891281128
25,2018-04-05T00:00:00,15.973225391224391,3.6579999923706055
25,2018-04-05T01:00:00,5.106223008396794,3.799000024795532
25,2018-04-05T02:00:00,13.505353579508526,3.86899995803833
25,2018-04-05T03:00:00,17.602804534896094,3.799000024795532
25,2018-04-05T04:00:00,10.280251243116034,4.361999988555908
25,2018-04-05T05:00:00,10.252830193846599,3.6579999923706055
25,2018-04-05T06:00:00,12.860220660873665,4.2210001945495605
25,2018-04-05T07:00:00,5.635547102233637,3.5169999599456787
25,2018-04-05T08:00:00,17.622831746127527,3.095000028610228
25,2018-04-05T09:00:00,12.702307097762187,0.421999990940094
25,2018-04-05T10:00:00,12.545503686383212,0.0
25,2018-04-05T11:00:00,14.36211377647226,-0.6330000162124634
25,2018-04-05T12:00:00,7.460438807700832,-0.703000009059906
25,2018-04-05T13:00:00,16.25487473132613,0.0
25,2018-04-05T14:00:00,12.692497125782454,-0.6330000162124634
25,2018-04-05T15:00:00,11.0929873376733,-0.915000021457672
25,2018-04-05T16:00:00,12.95792504461595,0.0
25,2018-04-05T17:00:00,17.512428484898283,0.5630000233650208
25,2018-04-05T18:00:00,11.411195099841319,1.758999943733215
25,2018-04-05T19:00:00,2.8466974774068543,0.5630000233650208
25,2018-04-05T20:00:00,13.200915288677034,0.0
25,2018-04-05T21:00:00,6.1153696685806,2.039999961853028
25,2018-04-05T22:00:00,16.788698574186512,0.492000013589859
25,2018-04-05T23:00:00,9.925243472407825,1.1260000467300415
25,2018-04-06T00:00:00,15.237256842602436,0.9850000143051147
25,2018-04-06T01:00:00,13.725645466164783,0.0
25,2018-04-06T02:00:00,10.743977030317735,0.5630000233650208
25,2018-04-06T03:00:00,14.579827502125637,1.9700000286102293
25,2018-04-06T04:00:00,4.385777517304749,2.3919999599456787
25,2018-04-06T05:00:00,18.645747269218393,1.4769999980926514
25,2018-04-06T06:00:00,16.396352690498947,1.337000012397766
25,2018-04-06T07:00:00,10.823061366008432,1.0549999475479126
25,2018-04-06T08:00:00,3.2958567454479653,1.0549999475479126
25,2018-04-06T09:00:00,12.68247141249772,1.337000012397766
25,2018-04-06T10:00:00,12.744985485249526,1.8289999961853027
25,2018-04-06T11:00:00,2.525241845160748,3.095000028610228
25,2018-04-06T12:00:00,10.337948749960931,4.010000228881837
25,2018-04-06T13:00:00,18.755667976601615,4.64300012588501
25,2018-04-06T14:00:00,13.005443966914573,4.994999885559082
25,2018-04-06T15:00:00,18.505310810943712,4.994999885559082
25,2018-04-06T16:00:00,8.963830504062667,5.3460001945495605
25,2018-04-06T17:00:00,14.377686255224072,5.486999988555908
25,2018-04-06T18:00:00,11.041272515059951,5.3460001945495605
25,2018-04-06T19:00:00,7.599596391557933,5.3460001945495605
25,2018-04-06T20:00:00,18.064277969203406,5.3460001945495605
25,2018-04-06T21:00:00,11.84958439868225,4.2210001945495605
25,2018-04-06T22:00:00,11.648602038856561,5.276000022888184
25,2018-04-06T23:00:00,4.782564571728962,4.8540000915527335
25,2018-04-07T00:00:00,12.948090526847711,4.501999855041504
25,2018-04-07T01:00:00,14.100395940402242,4.2210001945495605
25,2018-04-07T02:00:00,8.179710305176533,4.150000095367432
25,2018-04-07T03:00:00,18.568539577735386,4.2210001945495605
25,2018-04-07T04:00:00,17.425855622422272,4.2210001945495605
25,2018-04-07T05:00:00,8.896478650652153,4.150000095367432
25,2018-04-07T06:00:00,12.918283213971636,3.7279999256134033
25,2018-04-07T07:00:00,16.542437707984547,4.994999885559082
25,2018-04-07T08:00:00,10.380471885084527,4.2210001945495605
25,2018-04-07T09:00:00,17.344023382174136,3.7279999256134033
25,2018-04-07T10:00:00,14.536188220158136,5.3460001945495605
25,2018-04-07T11:00:00,16.824194825831224,3.3059999942779537
25,2018-04-07T12:00:00,14.395932386465706,3.236000061035156
25,2018-04-07T13:00:00,15.667556691252013,3.5169999599456787
25,2018-04-07T14:00:00,7.1306523725316815,4.501999855041504
25,2018-04-07T15:00:00,14.757272965114774,4.994999885559082
25,2018-04-07T16:00:00,12.764780254960645,5.276000022888184
25,2018-04-07T17:00:00,15.93774657406879,5.76800012588501
25,2018-04-07T18:00:00,3.1410610269502772,6.050000190734862
25,2018-04-07T19:00:00,10.988140899851265,5.697999954223633
25,2018-04-07T20:00:00,17.190081915694748,5.3460001945495605
25,2018-04-07T21:00:00,15.37004738646455,4.923999786376953
25,2018-04-07T22:00:00,10.616642131351679,4.8540000915527335
26,2018-04-04T23:00:00,3.768277528973975,3.938999891281128
26,2018-04-05T00:00:00,9.684393743301413,3.6579999923706055
26,2018-04-05T01:00:00,8.647375361550846,3.799000024795532
26,2018-04-05T02:00:00,12.097858245870023,3.86899995803833
26,2018-04-05T03:00:00,10.649500150663062,3.799000024795532
26,2018-04-05T04:00:00,10.701287750854382,4.361999988555908
26,2018-04-05T05:00:00,5.391314473639509,3.6579999923706055
26,2018-04-05T06:00:00,11.866856522334045,4.2210001945495605
26,2018-04-05T07:00:00,9.80439331568406,3.5169999599456787
26,2018-04-05T08:00:00,11.8851931636658,3.095000028610228
26,2018-04-05T09:00:00,7.11409095863862,0.421999990940094
26,2018-04-05T10:00:00,7.2260663865776,0.0
26,2018-04-05T11:00:00,10.42722362226377,-0.6330000162124634
26,2018-04-05T12:00:00,9.488722455201916,-0.703000009059906
26,2018-04-05T13:00:00,16.43998366962554,0.0
26,2018-04-05T14:00:00,7.548792938880732,-0.6330000162124634
26,2018-04-05T15:00:00,16.569567421227262,-0.915000021457672
26,2018-04-05T16:00:00,11.978442204303319,0.0
26,2018-04-05T17:00:00,10.433886858120424,0.5630000233650208
26,2018-04-05T18:00:00,14.648770922517611,1.758999943733215
26,2018-04-05T19:00:00,5.192138083853417,0.5630000233650208
26,2018-04-05T20:00:00,10.589274148280143,0.0
26,2018-04-05T21:00:00,15.467274764380786,2.039999961853028
26,2018-04-05T22:00:00,7.1714466901538625,0.492000013589859
26,2018-04-05T23:00:00,1.2140874250061788,1.1260000467300415
26,2018-04-06T00:00:00,13.721676254887319,0.9850000143051147
26,2018-04-06T01:00:00,4.226930446461942,0.0
26,2018-04-06T02:00:00,11.491744079204212,0.5630000233650208
26,2018-04-06T03:00:00,15.35437579987297,1.9700000286102293
26,2018-04-06T04:00:00,8.528509538184881,2.3919999599456787
26,2018-04-06T05:00:00,8.501832791988498,1.4769999980926514
26,2018-04-06T06:00:00,10.914909052087694,1.337000012397766
26,2018-04-06T07:00:00,4.653068152257497,1.0549999475479126
26,2018-04-06T08:00:00,15.367868983196797,1.0549999475479126
26,2018-04-06T09:00:00,10.75964985092251,1.337000012397766
26,2018-04-06T10:00:00,10.603518421810918,1.8289999961853027
26,2018-04-06T11:00:00,12.365752050416642,3.095000028610228
26,2018-04-06T12:00:00,6.189568752494877,4.010000228881837
26,2018-04-06T13:00:00,13.98959751077955,4.64300012588501
26,2018-04-06T14:00:00,10.745071843269592,4.994999885559082
26,2018-04-06T15:00:00,9.296327455121684,4.994999885559082
26,2018-04-06T16:00:00,11.010056453407879,5.3460001945495605
26,2018-04-06T17:00:00,15.227137909311692,5.486999988555908
26,2018-04-06T18:00:00,9.58125164919279,5.3460001945495605
26,2018-04-06T19:00:00,1.7197885083794837,5.3460001945495605
26,2018-04-06T20:00:00,11.24072728340934,5.3460001945495605
26,2018-04-06T21:00:00,5.031129239489539,4.2210001945495605
26,2018-04-06T22:00:00,14.453602440989417,5.276000022888184
26,2018-04-06T23:00:00,8.166397983165147,4.8540000915527335
26,2018-04-07T00:00:00,13.039189023290866,4.501999855041504
26,2018-04-07T01:00:00,11.688982627201476,4.2210001945495605
26,2018-04-07T02:00:00,8.939703788660083,4.150000095367432
26,2018-04-07T03:00:00,12.547371131743727,4.2210001945495605
26,2018-04-07T04:00:00,3.423093185202328,4.2210001945495605
26,2018-04-07T05:00:00,16.600651835162868,4.150000095367432
26,2018-04-07T06:00:00,14.108002276829748,3.7279999256134033
26,2018-04-07T07:00:00,9.006953332513625,4.994999885559082
26,2018-04-07T08:00:00,2.1993515584205063,4.2210001945495605
26,2018-04-07T09:00:00,10.698374752500474,3.7279999256134033
26,2018-04-07T10:00:00,10.761608414796711,5.3460001945495605
26,2018-04-07T11:00:00,1.335478188882293,3.3059999942779537
26,2018-04-07T12:00:00,8.522812922710218,3.236000061035156
26,2018-04-07T13:00:00,16.7269058291844,3.5169999599456787
26,2018-04-07T14:00:00,11.027174353437935,4.501999855041504
26,2018-04-07T15:00:00,16.38476784735269,4.994999885559082
26,2018-04-07T16:00:00,7.343499356598265,5.276000022888184
26,2018-04-07T17:00:00,12.305404616004221,5.76800012588501
26,2018-04-07T18:00:00,9.20376418990865,6.050000190734862
26,2018-04-07T19:00:00,6.235534398285166,5.697999954223633
26,2018-04-07T20:00:00,15.778613274816564,5.3460001945495605
26,2018-04-07T21:00:00,9.897849128567977,4.923999786376953
26,2018-04-07T22:00:00,9.731201399067285,4.8540000915527335
26,2018-04-07T23:00:00,3.7686099534103157,5.065000057220459
26,2018-04-08T00:00:00,10.953953019048273,4.572999954223633
26,2018-04-08T01:00:00,11.99068470177756,4.7129998207092285
26,2018-04-08T02:00:00,6.690890179694522,4.501999855041504
26,2018-04-08T03:00:00,16.452320651956565,4.501999855041504
26,2018-04-08T04:00:00,15.062821268713288,4.501999855041504
26,2018-04-08T05:00:00,7.265105037015179,4.64300012588501
26,2018-04-08T06:00:00,10.916328682641236,4.572999954223633
26,2018-04-08T07:00:00,14.22169417923924,5.697999954223633
26,2018-04-08T08:00:00,8.537735005544794,5.76800012588501
26,2018-04-08T09:00:00,14.973633033169888,5.627999782562256
26,2018-04-08T10:00:00,12.476261480478325,5.416999816894531
26,2018-04-08T11:00:00,14.470138976048505,5.697999954223633
26,2018-04-08T12:00:00,12.297546058037529,5.627999782562256
26,2018-04-08T13:00:00,13.401119127621827,6.261000156402588
26,2018-04-08T14:00:00,5.8478935684251745,7.105000019073486
26,2018-04-08T15:00:00,12.660363459976763,7.668000221252441
26,2018-04-08T16:00:00,10.745603514592688,7.809000015258789
26,2018-04-08T17:00:00,13.679572107123812,7.879000186920166
26,2018-04-08T18:00:00,1.986028079217684,7.597000122070312
26,2018-04-08T19:00:00,9.134614342414679,8.230999946594237
26,2018-04-08T20:00:00,14.807075094690347,8.300999641418457
26,2018-04-08T21:00:00,13.084193023016141,7.879000186920166
26,2018-04-08T22:00:00,8.763770836122049,7.73799991607666
27,2018-04-05T23:00:00,3.6975547085573126,1.1260000467300415
27,2018-04-06T00:00:00,9.409742337175569,0.9850000143051147
27,2018-04-06T01:00:00,8.413822203628786,0.0
27,2018-04-06T02:00:00,11.827453216499318,0.5630000233650208
27,2018-04-06T03:00:00,10.385443135655246,1.9700000286102293
27,2018-04-06T04:00:00,10.439833303794568,2.3919999599456787
27,2018-04-06T05:00:00,5.317020904824762,1.4769999980926514
27,2018-04-06T06:00:00,11.59638418693957,1.337000012397766
27,2018-04-06T07:00:00,9.572158681221655,1.0549999475479126
27,2018-04-06T08:00:00,11.616054977218969,1.0549999475479126
27,2018-04-06T09:00:00,6.981670337050131,1.337000012397766
27,2018-04-06T10:00:00,7.0894253215021745,1.8289999961853027
27,2018-04-06T11:00:00,10.178299896036695,3.095000028610228
27,2018-04-06T12:00:00,9.269281800929285,4.010000228881837
27,2018-04-06T13:00:00,16.184457840328317,4.64300012588501
27,2018-04-06T14:00:00,7.390913147967307,4.994999885559082
27,2018-04-06T15:00:00,16.319398827266042,4.994999885559082
27,2018-04-06T16:00:00,11.71138255651006,5.3460001945495605
27,2018-04-06T17:00:00,10.183552066777537,5.486999988555908
27,2018-04-06T18:00:00,14.321665735072088,5.3460001945495605
27,2018-04-06T19:00:00,5.133699889624696,5.3460001945495605
27,2018-04-06T20:00:00,10.336753971935668,5.3460001945495605
27,2018-04-06T21:00:00,15.154189406804349,4.2210001945495605
27,2018-04-06T22:00:00,7.032565483629597,5.276000022888184
27,2018-04-06T23:00:00,1.1249345745625021,4.8540000915527335
27,2018-04-07T00:00:00,13.405594789214451,4.501999855041504
27,2018-04-07T01:00:00,4.19844802513974,4.2210001945495605
27,2018-04-07T02:00:00,11.225934759158594,4.150000095367432
27,2018-04-07T03:00:00,15.031293722546524,4.2210001945495605
27,2018-04-07T04:00:00,8.316650257369854,4.2210001945495605
27,2018-04-07T05:00:00,8.289334342992294,4.150000095367432
27,2018-04-07T06:00:00,10.656345582296346,3.7279999256134033
27,2018-04-07T07:00:00,4.6030283499346005,4.994999885559082
27,2018-04-07T08:00:00,15.038312067529876,4.2210001945495605
27,2018-04-07T09:00:00,10.498111902532491,3.7279999256134033
27,2018-04-07T10:00:00,10.340246966029087,5.3460001945495605
27,2018-04-07T11:00:00,12.093816250687489,3.3059999942779537
27,2018-04-07T12:00:00,6.0800231567859395,3.236000061035156
27,2018-04-07T13:00:00,13.65751203292877,3.5169999599456787
27,2018-04-07T14:00:00,10.479257803603023,4.501999855041504
27,2018-04-07T15:00:00,9.066731639152913,4.994999885559082
27,2018-04-07T16:00:00,10.744887659141728,5.276000022888184
27,2018-04-07T17:00:00,14.88438569629445,5.76800012588501
27,2018-04-07T18:00:00,9.341595972677158,6.050000190734862
27,2018-04-07T19:00:00,1.6362534085129514,5.697999954223633
27,2018-04-07T20:00:00,10.97284479545782,5.3460001945495605
27,2018-04-07T21:00:00,4.9557698641624235,4.923999786376953
27,2018-04-07T22:00:00,14.099483718847658,4.8540000915527335
27,2018-04-07T23:00:00,7.943958248425124,5.065000057220459
27,2018-04-08T00:00:00,12.728289832128878,4.572999954223633
27,2018-04-08T01:00:00,11.407684677211432,4.7129998207092285
27,2018-04-08T02:00:00,8.70572766959767,4.501999855041504
27,2018-04-08T03:00:00,12.261305572590437,4.501999855041504
27,2018-04-08T04:00:00,3.3711699056341775,4.501999855041504
27,2018-04-08T05:00:00,16.307422161975264,4.64300012588501
27,2018-04-08T06:00:00,13.7647368297799,4.572999954223633
27,2018-04-08T07:00:00,8.770702838368312,5.697999954223633
27,2018-04-08T08:00:00,2.1228674405642174,5.76800012588501
27,2018-04-08T09:00:00,10.42217474836917,5.627999782562256
27,2018-04-08T10:00:00,10.486023019271208,5.416999816894531
27,2018-04-08T11:00:00,1.2414422121247473,5.697999954223633
27,2018-04-08T12:00:00,8.289527486265126,5.627999782562256
27,2018-04-08T13:00:00,16.43941985606887,6.261000156402588
27,2018-04-08T14:00:00,10.75456432381812,7.105000019073486
27,2018-04-08T15:00:00,16.0785457675866,7.668000221252441
27,2018-04-08T16:00:00,7.158802594020969,7.809000015258789
27,2018-04-08T17:00:00,12.0175460263611,7.879000186920166
27,2018-04-08T18:00:00,8.966134107137467,7.597000122070312
27,2018-04-08T19:00:00,6.108944283636882,8.230999946594237
27,2018-04-08T20:00:00,15.43997604075946,8.300999641418457
27,2018-04-08T21:00:00,9.63409424892674,7.879000186920166
27,2018-04-08T22:00:00,9.476133499825169,7.73799991607666
27,2018-04-08T23:00:00,3.7164115507251463,7.245999813079834
27,2018-04-09T00:00:00,10.68154207390959,7.386000156402588
27,2018-04-09T01:00:00,11.701228124673376,7.668000221252441
27,2018-04-09T02:00:00,6.541299648282594,7.73799991607666
27,2018-04-09T03:00:00,16.154177653384192,7.456999778747559
27,2018-04-09T04:00:00,14.71033286758342,7.456999778747559
27,2018-04-09T05:00:00,7.085605175444181,7.245999813079834
27,2018-04-09T06:00:00,10.644776694394839,6.894000053405763
27,2018-04-09T07:00:00,13.88013457519161,8.020000457763674
27,2018-04-09T08:00:00,8.307623757974046,8.652999877929688
27,2018-04-09T09:00:00,14.621721796445735,9.425999641418455
27,2018-04-09T10:00:00,12.196722081378386,10.552000045776367
27,2018-04-09T11:00:00,14.12202882078065,9.777999877929688
27,2018-04-09T12:00:00,12.013028912674509,9.28600025177002
27,2018-04-09T13:00:00,13.084105226374902,9.98900032043457
27,2018-04-09T14:00:00,5.747063244085787,11.326000213623049
27,2018-04-09T15:00:00,12.377839065700014,10.904000282287598
27,2018-04-09T16:00:00,10.474645938174177,12.100000381469728
27,2018-04-09T17:00:00,13.35967106126018,12.451000213623049
27,2018-04-09T18:00:00,1.9103481698598923,12.029000282287598
27,2018-04-09T19:00:00,8.905731994977241,10.482000350952148
27,2018-04-09T20:00:00,14.456327738098615,9.918999671936035
27,2018-04-09T21:00:00,12.774914959421768,9.708000183105469
27,2018-04-09T22:00:00,8.537177199952108,9.496999740600586
28,2018-04-06T23:00:00,3.999231191915806,4.8540000915527335
28,2018-04-07T00:00:00,9.968102060797777,4.501999855041504
28,2018-04-07T01:00:00,8.921834316586683,4.2210001945495605
28,2018-04-07T02:00:00,12.339129195513031,4.150000095367432
28,2018-04-07T03:00:00,10.896543919609876,4.2210001945495605
28,2018-04-07T04:00:00,10.944953947448044,4.2210001945495605
28,2018-04-07T05:00:00,5.673034052477787,4.150000095367432
28,2018-04-07T06:00:00,12.112048563204674,3.7279999256134033
28,2018-04-07T07:00:00,10.061177344597729,4.994999885559082
28,2018-04-07T08:00:00,12.126473141301103,4.2210001945495605
28,2018-04-07T09:00:00,7.345854608720879,3.7279999256134033
28,2018-04-07T10:00:00,7.45629749862537,5.3460001945495605
28,2018-04-07T11:00:00,10.660529153826788,3.3059999942779537
28,2018-04-07T12:00:00,9.744302608860089,3.236000061035156
28,2018-04-07T13:00:00,16.671771226561546,3.5169999599456787
28,2018-04-07T14:00:00,7.781689454827937,4.501999855041504
28,2018-04-07T15:00:00,16.802630581580885,4.994999885559082
28,2018-04-07T16:00:00,12.20508228750203,5.276000022888184
28,2018-04-07T17:00:00,10.65918794627617,5.76800012588501
28,2018-04-07T18:00:00,14.829424196769951,6.050000190734862
28,2018-04-07T19:00:00,5.432424420122873,5.697999954223633
28,2018-04-07T20:00:00,10.80766340897559,5.3460001945495605
28,2018-04-07T21:00:00,15.625610729113339,4.923999786376953
28,2018-04-07T22:00:00,7.391023526941526,4.8540000915527335
28,2018-04-07T23:00:00,1.4510702885320406,5.065000057220459
28,2018-04-08T00:00:00,13.932419580531636,4.572999954223633
28,2018-04-08T01:00:00,4.405650128442732,4.7129998207092285
28,2018-04-08T02:00:00,11.700892681205971,4.501999855041504
28,2018-04-08T03:00:00,15.509801125368872,4.501999855041504
28,2018-04-08T04:00:00,8.751865760558161,4.501999855041504
28,2018-04-08T05:00:00,8.724300599374097,4.64300012588501
28,2018-04-08T06:00:00,11.115912888679771,4.572999954223633
28,2018-04-08T07:00:00,4.858430492838602,5.697999954223633
28,2018-04-08T08:00:00,15.521319728220387,5.76800012588501
28,2018-04-08T09:00:00,10.963466782039152,5.627999782562256
28,2018-04-08T10:00:00,10.811607895493186,5.416999816894531
28,2018-04-08T11:00:00,12.567376098364338,5.697999954223633
28,2018-04-08T12:00:00,6.4245673263274945,5.627999782562256
28,2018-04-08T13:00:00,14.180814568607573,6.261000156402588
28,2018-04-08T14:00:00,10.94702264840795,7.105000019073486
28,2018-04-08T15:00:00,9.525486736004407,7.668000221252441
28,2018-04-08T16:00:00,11.202626499036413,7.809000015258789
28,2018-04-08T17:00:00,15.381195005144557,7.879000186920166
28,2018-04-08T18:00:00,9.808538183959222,7.597000122070312
28,2018-04-08T19:00:00,1.9378402793693184,8.230999946594237
28,2018-04-08T20:00:00,11.427879816715295,8.300999641418457
28,2018-04-08T21:00:00,5.2589431025162465,7.879000186920166
28,2018-04-08T22:00:00,14.6185400657883,7.73799991607666
28,2018-04-08T23:00:00,8.388380457789406,7.245999813079834
28,2018-04-09T00:00:00,13.237256759341541,7.386000156402588
28,2018-04-09T01:00:00,11.884375465867807,7.668000221252441
28,2018-04-09T02:00:00,9.161466423099885,7.73799991607666
28,2018-04-09T03:00:00,12.74198766544294,7.456999778747559
28,2018-04-09T04:00:00,3.606575560967606,7.456999778747559
28,2018-04-09T05:00:00,16.78848945206824,7.245999813079834
28,2018-04-09T06:00:00,14.287937160373843,6.894000053405763
28,2018-04-09T07:00:00,9.227538887529747,8.020000457763674
28,2018-04-09T08:00:00,2.405496322825826,8.652999877929688
28,2018-04-09T09:00:00,10.893320741430433,9.425999641418455
28,2018-04-09T10:00:00,10.953808981777652,10.552000045776367
28,2018-04-09T11:00:00,1.5570249206416378,9.777999877929688
28,2018-04-09T12:00:00,8.736686123045953,9.28600025177002
28,2018-04-09T13:00:00,16.914753782510083,9.98900032043457
28,2018-04-09T14:00:00,11.207829095693878,11.326000213623049
28,2018-04-09T15:00:00,16.557316439303726,10.904000282287598
28,2018-04-09T16:00:00,7.558706451631625,12.100000381469728
28,2018-04-09T17:00:00,12.495098342356398,12.451000213623049
28,2018-04-09T18:00:00,9.420114105477305,12.029000282287598
28,2018-04-09T19:00:00,6.457449457100475,10.482000350952148
28,2018-04-09T20:00:00,15.923287551846805,9.918999671936035
28,2018-04-09T21:00:00,10.105757461257284,9.708000183105469
28,2018-04-09T22:00:00,9.941014983009346,9.496999740600586
28,2018-04-09T23:00:00,3.955448407136041,9.21500015258789
28,2018-04-10T00:00:00,11.130222413715934,8.86400032043457
28,2018-04-10T01:00:00,12.176123001468078,8.722999572753906
28,2018-04-10T02:00:00,6.899266722683256,8.652999877929688
28,2018-04-10T03:00:00,16.61761824924883,8.722999572753906
28,2018-04-10T04:00:00,15.198101934323994,8.442000389099121
28,2018-04-10T05:00:00,7.472918652284633,8.581999778747559
28,2018-04-10T06:00:00,11.089486909826249,8.652999877929688
28,2018-04-10T07:00:00,14.379625314010784,9.21500015258789
28,2018-04-10T08:00:00,8.739775037112377,9.918999671936035
28,2018-04-10T09:00:00,15.105178722469475,10.482000350952148
28,2018-04-10T10:00:00,12.650150520425987,9.21500015258789
28,2018-04-10T11:00:00,14.612759187767482,9.56700038909912
28,2018-04-10T12:00:00,12.473472593694083,8.934000015258789
28,2018-04-10T13:00:00,13.579140108947517,9.425999641418455
28,2018-04-10T14:00:00,6.076471358662042,10.552000045776367
28,2018-04-10T15:00:00,12.830122765737014,10.621999740600586
28,2018-04-10T16:00:00,10.917114879766512,11.1850004196167
28,2018-04-10T17:00:00,13.854873506227268,10.904000282287598
28,2018-04-10T18:00:00,2.184873328252781,12.029000282287598
28,2018-04-10T19:00:00,9.332449989329827,11.607000350952148
28,2018-04-10T20:00:00,14.93025836511763,11.1850004196167
28,2018-04-10T21:00:00,13.255386169604435,11.043999671936035
28,2018-04-10T22:00:00,8.957607981103894,10.552000045776367
29,2018-04-07T23:00:00,4.256896223071463,5.065000057220459
29,2018-04-08T00:00:00,8.176622778803324,4.572999954223633
29,2018-04-08T01:00:00,7.386317194799492,4.7129998207092285
29,2018-04-08T02:00:00,10.361470051790885,4.501999855041504
29,2018-04-08T03:00:00,9.027840955415783,4.501999855041504
29,2018-04-08T04:00:00,9.08491711157026,4.501999855041504
29,2018-04-08T05:00:00,5.177699332536472,4.64300012588501
29,2018-04-08T06:00:00,10.046594945654896,4.572999954223633
29,2018-04-08T07:00:00,8.25952619332588,5.697999954223633
29,2018-04-08T08:00:00,10.059249508016519,5.76800012588501
29,2018-04-08T09:00:00,6.314546484985586,5.627999782562256
29,2018-04-08T10:00:00,6.39775954253523,5.416999816894531
29,2018-04-08T11:00:00,8.698708831604293,5.697999954223633
29,2018-04-08T12:00:00,8.025060643047901,5.627999782562256
29,2018-04-08T13:00:00,15.009815908942004,6.261000156402588
29,2018-04-08T14:00:00,6.574362954862783,7.105000019073486
29,2018-04-08T15:00:00,15.177168601779826,7.668000221252441
29,2018-04-08T16:00:00,10.138954510824554,7.809000015258789
29,2018-04-08T17:00:00,8.689758700281644,7.879000186920166
29,2018-04-08T18:00:00,12.669407625044599,7.597000122070312
29,2018-04-08T19:00:00,5.044052675654436,8.230999946594237
29,2018-04-08T20:00:00,8.869667016532912,8.300999641418457
29,2018-04-08T21:00:00,13.543231763177744,7.879000186920166
29,2018-04-08T22:00:00,6.309424424188457,7.73799991607666
29,2018-04-08T23:00:00,0.6132590540625955,7.245999813079834
29,2018-04-09T00:00:00,11.703209403587051,7.386000156402588
29,2018-04-09T01:00:00,4.511636586895646,7.668000221252441
29,2018-04-09T02:00:00,9.72431810247817,7.73799991607666
29,2018-04-09T03:00:00,13.40240973655509,7.456999778747559
29,2018-04-09T04:00:00,7.189418503078992,7.456999778747559
29,2018-04-09T05:00:00,7.164426589197115,7.245999813079834
29,2018-04-09T06:00:00,9.230146524203228,6.894000053405763
29,2018-04-09T07:00:00,4.69873585564488,8.020000457763674
29,2018-04-09T08:00:00,13.411163714373595,8.652999877929688
29,2018-04-09T09:00:00,9.041861352244437,9.425999641418455
29,2018-04-09T10:00:00,8.85798178320734,10.552000045776367
29,2018-04-09T11:00:00,10.565085702494265,9.777999877929688
29,2018-04-09T12:00:00,5.549995534768652,9.28600025177002
29,2018-04-09T13:00:00,11.956021197759938,9.98900032043457
29,2018-04-09T14:00:00,9.016871937365877,11.326000213623049
29,2018-04-09T15:00:00,7.8235193409522115,10.904000282287598
29,2018-04-09T16:00:00,9.320250222984317,12.100000381469728
29,2018-04-09T17:00:00,13.252263895440326,12.451000213623049
29,2018-04-09T18:00:00,8.036192987835712,12.029000282287598
29,2018-04-09T19:00:00,1.2386623563785122,10.482000350952148
29,2018-04-09T20:00:00,9.548223132311097,9.918999671936035
29,2018-04-09T21:00:00,4.855711876323561,9.708000183105469
29,2018-04-09T22:00:00,12.414093441118256,9.496999740600586
29,2018-04-09T23:00:00,6.860840732815305,9.21500015258789
29,2018-04-10T00:00:00,11.17788921062982,8.86400032043457
29,2018-04-10T01:00:00,9.864420836585634,8.722999572753906
29,2018-04-10T02:00:00,7.49927996788778,8.652999877929688
29,2018-04-10T03:00:00,10.747044095251596,8.722999572753906
29,2018-04-10T04:00:00,3.591463453401456,8.442000389099121
29,2018-04-10T05:00:00,15.04568862362935,8.581999778747559
29,2018-04-10T06:00:00,12.058485630642597,8.652999877929688
29,2018-04-10T07:00:00,7.547305431746853,9.21500015258789
29,2018-04-10T08:00:00,1.8940853440832814,9.918999671936035
29,2018-04-10T09:00:00,8.938613343067777,10.482000350952148
29,2018-04-10T10:00:00,9.008918845307706,9.21500015258789
29,2018-04-10T11:00:00,0.686766663970662,9.56700038909912
29,2018-04-10T12:00:00,7.1192733870285725,8.934000015258789
29,2018-04-10T13:00:00,15.206339892129352,9.425999641418455
29,2018-04-10T14:00:00,9.303286092763834,10.552000045776367
29,2018-04-10T15:00:00,14.7252821209953,10.621999740600586
29,2018-04-10T16:00:00,6.2901029244664635,11.1850004196167
29,2018-04-10T17:00:00,10.432502589351001,10.904000282287598
29,2018-04-10T18:00:00,7.692446158089268,12.029000282287598
29,2018-04-10T19:00:00,5.458664205431907,11.607000350952148
29,2018-04-10T20:00:00,13.872121962934221,11.1850004196167
29,2018-04-10T21:00:00,8.179967145652899,11.043999671936035
29,2018-04-10T22:00:00,8.068133295857052,10.552000045776367
29,2018-04-10T23:00:00,3.9047541078140213,11.043999671936035
29,2018-04-11T00:00:00,9.20269390513911,10.340999603271484
29,2018-04-11T01:00:00,10.066504092878803,10.482000350952148
29,2018-04-11T02:00:00,5.757036706112213,10.552000045776367
29,2018-04-11T03:00:00,14.793960689377322,10.41100025177002
29,2018-04-11T04:00:00,13.019316982132304,10.552000045776367
29,2018-04-11T05:00:00,6.192698122906105,10.552000045776367
29,2018-04-11T06:00:00,9.149489420619657,9.777999877929688
29,2018-04-11T07:00:00,12.13190108246734,9.918999671936035
29,2018-04-11T08:00:00,7.084938121035485,9.918999671936035
29,2018-04-11T09:00:00,12.911211413139005,9.708000183105469
29,2018-04-11T10:00:00,10.613348754494595,10.340999603271484
29,2018-04-11T11:00:00,12.375029755251315,10.130000114440918
29,2018-04-11T12:00:00,10.382385218634347,10.270999908447266
29,2018-04-11T13:00:00,11.384153851283253,10.340999603271484
29,2018-04-11T14:00:00,5.215313567402756,10.973999977111816
29,2018-04-11T15:00:00,10.799446089306622,10.973999977111816
29,2018-04-11T16:00:00,8.94034876138669,10.762999534606934
29,2018-04-11T17:00:00,11.579168077681292,9.777999877929688
29,2018-04-11T18:00:00,1.5989237590366105,9.425999641418455
29,2018-04-11T19:00:00,7.576018400960757,8.722999572753906
29,2018-04-11T20:00:00,12.70663153603573,7.879000186920166
29,2018-04-11T21:00:00,11.144179426750652,7.668000221252441
29,2018-04-11T22:00:00,7.250591422650386,7.386000156402588
30,2018-04-08T23:00:00,4.067826815429241,7.245999813079834
30,2018-04-09T00:00:00,7.866598817094529,7.386000156402588
30,2018-04-09T01:00:00,7.127235462489558,7.668000221252441
30,2018-04-09T02:00:00,10.112238427339307,7.73799991607666
30,2018-04-09T03:00:00,8.774448246104171,7.456999778747559
30,2018-04-09T04:00:00,8.833511028583997,7.456999778747559
30,2018-04-09T05:00:00,5.028016470710357,7.245999813079834
30,2018-04-09T06:00:00,9.810169280960011,6.894000053405763
30,2018-04-09T07:00:00,8.028515112586502,8.020000457763674
30,2018-04-09T08:00:00,9.825823767061632,8.652999877929688
30,2018-04-09T09:00:00,6.18469822144808,9.425999641418455
30,2018-04-09T10:00:00,6.267192082905876,10.552000045776367
30,2018-04-09T11:00:00,8.492644320456563,9.777999877929688
30,2018-04-09T12:00:00,7.792156550529214,9.28600025177002
30,2018-04-09T13:00:00,14.754252014252856,9.98900032043457
30,2018-04-09T14:00:00,6.4294442017270494,11.326000213623049
30,2018-04-09T15:00:00,14.922997965903392,10.904000282287598
30,2018-04-09T16:00:00,9.912997103065667,12.100000381469728
30,2018-04-09T17:00:00,8.485309957787916,12.451000213623049
30,2018-04-09T18:00:00,12.410266268151227,12.029000282287598
30,2018-04-09T19:00:00,4.94699561199708,10.482000350952148
30,2018-04-09T20:00:00,8.65697741293581,9.918999671936035
30,2018-04-09T21:00:00,13.305522182703259,9.708000183105469
30,2018-04-09T22:00:00,6.182015675590488,9.496999740600586
30,2018-04-09T23:00:00,0.543957842356285,9.21500015258789
30,2018-04-10T00:00:00,11.437710000313608,8.86400032043457
30,2018-04-10T01:00:00,4.481001575330971,8.722999572753906
30,2018-04-10T02:00:00,9.499080423032085,8.652999877929688
30,2018-04-10T03:00:00,13.148943146257972,8.722999572753906
30,2018-04-10T04:00:00,7.003110348271479,8.442000389099121
30,2018-04-10T05:00:00,6.978057926018337,8.581999778747559
30,2018-04-10T06:00:00,9.000806755367323,8.652999877929688
30,2018-04-10T07:00:00,4.628465591585202,9.21500015258789
30,2018-04-10T08:00:00,13.143723728033187,9.918999671936035
30,2018-04-10T09:00:00,8.812071732128448,10.482000350952148
30,2018-04-10T10:00:00,8.629122439244398,9.21500015258789
30,2018-04-10T11:00:00,10.303953389740204,9.56700038909912
30,2018-04-10T12:00:00,5.420934480423709,8.934000015258789
30,2018-04-10T13:00:00,11.671165540834021,9.425999641418455
30,2018-04-10T14:00:00,8.780132121519715,10.552000045776367
30,2018-04-10T15:00:00,7.578866854596278,10.621999740600586
30,2018-04-10T16:00:00,9.079087245488955,11.1850004196167
30,2018-04-10T17:00:00,12.958663573432535,10.904000282287598
30,2018-04-10T18:00:00,7.782174994414095,12.029000282287598
30,2018-04-10T19:00:00,1.1824511291512376,11.607000350952148
30,2018-04-10T20:00:00,9.303934382633141,11.1850004196167
30,2018-04-10T21:00:00,4.739786157639363,11.043999671936035
30,2018-04-10T22:00:00,12.11147822514691,10.552000045776367
30,2018-04-10T23:00:00,6.648549894178096,11.043999671936035
30,2018-04-11T00:00:00,10.91383791280418,10.340999603271484
30,2018-04-11T01:00:00,9.623106896513764,10.482000350952148
30,2018-04-11T02:00:00,7.2596820042958665,10.552000045776367
30,2018-04-11T03:00:00,10.45915874304469,10.41100025177002
30,2018-04-11T04:00:00,3.5329751367243283,10.552000045776367
30,2018-04-11T05:00:00,14.744520830576487,10.552000045776367
30,2018-04-11T06:00:00,11.757119108998248,9.777999877929688
30,2018-04-11T07:00:00,7.303067929299958,9.918999671936035
30,2018-04-11T08:00:00,1.838011049426493,9.918999671936035
30,2018-04-11T09:00:00,8.689124278181833,9.708000183105469
30,2018-04-11T10:00:00,8.7602025984025,10.340999603271484
30,2018-04-11T11:00:00,0.6338624430815702,10.130000114440918
30,2018-04-11T12:00:00,6.899407272387371,10.270999908447266
30,2018-04-11T13:00:00,14.910334927489567,10.340999603271484
30,2018-04-11T14:00:00,9.058959268637903,10.973999977111816
30,2018-04-11T15:00:00,14.426483058736835,10.973999977111816
30,2018-04-11T16:00:00,6.106312635221286,10.762999534606934
30,2018-04-11T17:00:00,10.17402473444443,9.777999877929688
30,2018-04-11T18:00:00,7.447210368675011,9.425999641418455
30,2018-04-11T19:00:00,5.328962806149256,8.722999572753906
30,2018-04-11T20:00:00,13.57093302490582,7.879000186920166
30,2018-04-11T21:00:00,7.934843547281133,7.668000221252441
30,2018-04-11T22:00:00,7.8231898905063275,7.386000156402588
30,2018-04-11T23:00:00,3.84513385495527,6.964000225067139
30,2018-04-12T00:00:00,8.969491789111188,6.964000225067139
30,2018-04-12T01:00:00,9.843676515554044,6.61299991607666
30,2018-04-12T02:00:00,5.6219812135096205,6.61299991607666
30,2018-04-12T03:00:00,14.519016213420578,6.050000190734862
30,2018-04-12T04:00:00,12.734992245725817,6.401999950408936
30,2018-04-12T05:00:00,6.029880934793994,5.908999919891357
30,2018-04-12T06:00:00,8.924959832851819,5.76800012588501
30,2018-04-12T07:00:00,11.861505666865854,5.627999782562256
30,2018-04-12T08:00:00,6.88913865507878,5.908999919891357
30,2018-04-12T09:00:00,12.638157993574579,5.908999919891357
30,2018-04-12T10:00:00,10.36869726977261,5.9790000915527335
30,2018-04-12T11:00:00,12.110427884509255,6.330999851226808
30,2018-04-12T12:00:00,10.158492893575168,6.4720001220703125
30,2018-04-12T13:00:00,11.139898371157326,6.050000190734862
30,2018-04-12T14:00:00,5.108565098771889,6.541999816894531
30,2018-04-12T15:00:00,10.560439884782124,6.4720001220703125
30,2018-04-12T16:00:00,8.730629673854498,6.330999851226808
30,2018-04-12T17:00:00,11.333861919064592,5.76800012588501
30,2018-04-12T18:00:00,1.5653339004184268,5.627999782562256
30,2018-04-12T19:00:00,7.377556637717831,5.3460001945495605
30,2018-04-12T20:00:00,12.45784842551209,4.8540000915527335
30,2018-04-12T21:00:00,10.925352173093101,5.135000228881836
30,2018-04-12T22:00:00,7.070244271597151,4.994999885559082
31,2018-04-09T23:00:00,4.946266544270113,9.21500015258789
31,2018-04-10T00:00:00,11.189838156386614,8.86400032043457
31,2018-04-10T01:00:00,10.126155298996192,8.722999572753906
31,2018-04-10T02:00:00,13.621332925308709,8.652999877929688
31,2018-04-10T03:00:00,12.12872813066487,8.722999572753906
31,2018-04-10T04:00:00,12.175651661351049,8.442000389099121
31,2018-04-10T05:00:00,6.895321857380406,8.581999778747559
31,2018-04-10T06:00:00,13.47142697686176,8.652999877929688
31,2018-04-10T07:00:00,11.315407161976827,9.21500015258789
31,2018-04-10T08:00:00,13.485321820014113,9.918999671936035
31,2018-04-10T09:00:00,8.591270776205528,10.482000350952148
31,2018-04-10T10:00:00,8.699084411153585,9.21500015258789
31,2018-04-10T11:00:00,11.92321939864198,9.56700038909912
31,2018-04-10T12:00:00,10.993166374044655,8.934000015258789
31,2018-04-10T13:00:00,17.852477934239484,9.425999641418455
31,2018-04-10T14:00:00,9.030107810147484,10.552000045776367
31,2018-04-10T15:00:00,17.97893573383989,10.621999740600586
31,2018-04-10T16:00:00,13.551878074701111,11.1850004196167
31,2018-04-10T17:00:00,11.920981726548499,10.904000282287598
31,2018-04-10T18:00:00,16.027703391503053,12.029000282287598
31,2018-04-10T19:00:00,6.609210680661567,11.607000350952148
31,2018-04-10T20:00:00,12.054864149855273,11.1850004196167
31,2018-04-10T21:00:00,16.805574051884186,11.043999671936035
31,2018-04-10T22:00:00,8.631243317364152,10.552000045776367
31,2018-04-10T23:00:00,2.9623077089371375,11.043999671936035
31,2018-04-11T00:00:00,15.246778139258213,10.340999603271484
31,2018-04-11T01:00:00,5.433517353441278,10.482000350952148
31,2018-04-11T02:00:00,12.997522118909549,10.552000045776367
31,2018-04-11T03:00:00,16.674743573174737,10.41100025177002
31,2018-04-11T04:00:00,9.972680953398637,10.552000045776367
31,2018-04-11T05:00:00,9.943928509633064,10.552000045776367
31,2018-04-11T06:00:00,12.329673452601227,9.777999877929688
31,2018-04-11T07:00:00,5.951776060519764,9.918999671936035
31,2018-04-11T08:00:00,16.671850650220783,9.918999671936035
31,2018-04-11T09:00:00,12.185711938256366,9.708000183105469
31,2018-04-11T10:00:00,12.043901898694264,10.340999603271484
31,2018-04-11T11:00:00,13.787501324517176,10.130000114440918
31,2018-04-11T12:00:00,7.678100012677815,10.270999908447266
31,2018-04-11T13:00:00,15.44019644497444,10.340999603271484
31,2018-04-11T14:00:00,12.166210080131302,10.973999977111816
31,2018-04-11T15:00:00,10.737179741982999,10.973999977111816
31,2018-04-11T16:00:00,12.402990955848486,10.762999534606934
31,2018-04-11T17:00:00,16.51661884604539,9.777999877929688
31,2018-04-11T18:00:00,11.023595205697251,9.425999641418455
31,2018-04-11T19:00:00,3.370064797766773,8.722999572753906
31,2018-04-11T20:00:00,12.632584566625114,7.879000186920166
31,2018-04-11T21:00:00,6.406584805924664,7.668000221252441
31,2018-04-11T22:00:00,15.781999357055673,7.386000156402588
31,2018-04-11T23:00:00,9.607674331419322,6.964000225067139
31,2018-04-12T00:00:00,14.589144212775446,6.964000225067139
31,2018-04-12T01:00:00,13.188482542602419,6.61299991607666
31,2018-04-12T02:00:00,10.373032367298816,6.61299991607666
31,2018-04-12T03:00:00,13.943033377319132,6.050000190734862
31,2018-04-12T04:00:00,4.684764916508556,6.401999950408936
31,2018-04-12T05:00:00,17.90264335966304,5.908999919891357
31,2018-04-12T06:00:00,15.537330888442954,5.76800012588501
31,2018-04-12T07:00:00,10.44408810731645,5.627999782562256
31,2018-04-12T08:00:00,3.7422549101208737,5.908999919891357
31,2018-04-12T09:00:00,12.12094148294463,5.908999919891357
31,2018-04-12T10:00:00,12.178605346243465,5.9790000915527335
31,2018-04-12T11:00:00,3.0801719840443624,6.330999851226808
31,2018-04-12T12:00:00,9.962634495648047,6.4720001220703125
31,2018-04-12T13:00:00,18.039828803735254,6.050000190734862
31,2018-04-12T14:00:00,12.420954306775517,6.541999816894531
31,2018-04-12T15:00:00,17.686458335896795,6.4720001220703125
31,2018-04-12T16:00:00,8.800518245697946,6.330999851226808
31,2018-04-12T17:00:00,13.78792214973898,5.76800012588501
31,2018-04-12T18:00:00,10.656298273427193,5.627999782562256
31,2018-04-12T19:00:00,7.7567360991248755,5.3460001945495605
31,2018-04-12T20:00:00,17.063174417639317,4.8540000915527335
31,2018-04-12T21:00:00,11.369348132630696,5.135000228881836
31,2018-04-12T22:00:00,11.200045713622018,4.994999885559082
31,2018-04-12T23:00:00,5.0480939109746235,4.64300012588501
31,2018-04-13T00:00:00,12.365486968054569,4.994999885559082
31,2018-04-13T01:00:00,13.56241436503795,4.923999786376953
31,2018-04-13T02:00:00,8.200744621033879,4.7839999198913565
31,2018-04-13T03:00:00,17.77646703347394,4.8540000915527335
31,2018-04-13T04:00:00,16.373824528274415,4.8540000915527335
31,2018-04-13T05:00:00,8.746264359621684,4.7839999198913565
31,2018-04-13T06:00:00,12.338827399858705,4.7129998207092285
31,2018-04-13T07:00:00,15.664957899737123,4.572999954223633
31,2018-04-13T08:00:00,10.010100472265522,4.290999889373778
31,2018-04-13T09:00:00,16.29502107669205,4.290999889373778
31,2018-04-13T10:00:00,13.919222760266774,4.361999988555908
31,2018-04-13T11:00:00,15.858515761015978,4.572999954223633
31,2018-04-13T12:00:00,13.82255032655073,5.065000057220459
31,2018-04-13T13:00:00,14.990421463754082,4.64300012588501
31,2018-04-13T14:00:00,7.395287251275304,4.8540000915527335
31,2018-04-13T15:00:00,14.114765398755193,5.276000022888184
31,2018-04-13T16:00:00,12.198055185582378,4.8540000915527335
31,2018-04-13T17:00:00,15.268792748076667,5.839000225067139
31,2018-04-13T18:00:00,3.5907583579072657,4.572999954223633
31,2018-04-13T19:00:00,10.627768649661988,3.095000028610228
31,2018-04-13T20:00:00,16.14794733712322,3.799000024795532
31,2018-04-13T21:00:00,14.691716916718418,4.8540000915527335
31,2018-04-13T22:00:00,10.259167670295145,3.095000028610228
32,2018-04-10T23:00:00,4.811642125155629,11.043999671936035
32,2018-04-11T00:00:00,11.007208372480623,10.340999603271484
32,2018-04-11T01:00:00,9.947562474854166,10.482000350952148
32,2018-04-11T02:00:00,13.389732686349323,10.552000045776367
32,2018-04-11T03:00:00,11.916733316129175,10.41100025177002
32,2018-04-11T04:00:00,11.960845131064492,10.552000045776367
32,2018-04-11T05:00:00,6.770518731566158,10.552000045776367
32,2018-04-11T06:00:00,13.212556479653125,9.777999877929688
32,2018-04-11T07:00:00,11.104565322731656,9.918999671936035
32,2018-04-11T08:00:00,13.220292373118353,9.918999671936035
32,2018-04-11T09:00:00,8.37920632905193,9.708000183105469
32,2018-04-11T10:00:00,8.481663171628831,10.340999603271484
32,2018-04-11T11:00:00,11.672906744649001,10.130000114440918
32,2018-04-11T12:00:00,10.7837238272802,10.270999908447266
32,2018-04-11T13:00:00,17.624074893093052,10.340999603271484
32,2018-04-11T14:00:00,8.802991010017601,10.973999977111816
32,2018-04-11T15:00:00,17.752240134076985,10.973999977111816
32,2018-04-11T16:00:00,13.268482723019899,10.762999534606934
32,2018-04-11T17:00:00,11.657422369348442,9.777999877929688
32,2018-04-11T18:00:00,15.725985057036267,9.425999641418455
32,2018-04-11T19:00:00,6.443199155426116,8.722999572753906
32,2018-04-11T20:00:00,11.789131917313838,7.879000186920166
32,2018-04-11T21:00:00,16.47657201830815,7.668000221252441
32,2018-04-11T22:00:00,8.392956864307052,7.386000156402588
32,2018-04-11T23:00:00,2.7339596059505524,6.964000225067139
32,2018-04-12T00:00:00,14.939755512670148,6.964000225067139
32,2018-04-12T01:00:00,5.25286942030019,6.61299991607666
32,2018-04-12T02:00:00,12.709111136520503,6.61299991607666
32,2018-04-12T03:00:00,16.338120302837748,6.050000190734862
32,2018-04-12T04:00:00,9.71624869477367,6.401999950408936
32,2018-04-12T05:00:00,9.685428702124518,5.908999919891357
32,2018-04-12T06:00:00,12.051893908994863,5.76800012588501
32,2018-04-12T07:00:00,5.7637049266036176,5.627999782562256
32,2018-04-12T08:00:00,16.328666758034338,5.908999919891357
32,2018-04-12T09:00:00,11.90039283915806,5.908999919891357
32,2018-04-12T10:00:00,11.754553141653538,5.9790000915527335
32,2018-04-12T11:00:00,13.48469761293403,6.330999851226808
32,2018-04-12T12:00:00,7.455202256351173,6.4720001220703125
32,2018-04-12T13:00:00,15.11118767530127,6.050000190734862
32,2018-04-12T14:00:00,11.873365100125737,6.541999816894531
32,2018-04-12T15:00:00,10.47633856019274,6.4720001220703125
32,2018-04-12T16:00:00,12.111194213456663,6.330999851226808
32,2018-04-12T17:00:00,16.166506117077077,5.76800012588501
32,2018-04-12T18:00:00,10.754057142170016,5.627999782562256
32,2018-04-12T19:00:00,3.127490191675774,5.3460001945495605
32,2018-04-12T20:00:00,12.334303341505088,4.8540000915527335
32,2018-04-12T21:00:00,6.200423874280348,5.135000228881836
32,2018-04-12T22:00:00,15.443770657387768,4.994999885559082
32,2018-04-12T23:00:00,9.325259180907427,4.64300012588501
32,2018-04-13T00:00:00,14.229762104476205,4.994999885559082
32,2018-04-13T01:00:00,12.863850115224313,4.923999786376953
32,2018-04-13T02:00:00,10.093128370815386,4.7839999198913565
32,2018-04-13T03:00:00,13.618935640092834,4.8540000915527335
32,2018-04-13T04:00:00,4.467565416442486,4.8540000915527335
32,2018-04-13T05:00:00,17.58640468475893,4.7839999198913565
32,2018-04-13T06:00:00,15.185234017849487,4.7129998207092285
32,2018-04-13T07:00:00,10.159669742003743,4.572999954223633
32,2018-04-13T08:00:00,3.498865583604095,4.290999889373778
32,2018-04-13T09:00:00,11.805861041135326,4.290999889373778
32,2018-04-13T10:00:00,11.86330580057728,4.361999988555908
32,2018-04-13T11:00:00,2.8181668362687446,4.572999954223633
32,2018-04-13T12:00:00,9.667895070574357,5.065000057220459
32,2018-04-13T13:00:00,17.720497685924183,4.64300012588501
32,2018-04-13T14:00:00,12.104973354699462,4.8540000915527335
32,2018-04-13T15:00:00,17.347099726037943,5.276000022888184
32,2018-04-13T16:00:00,8.511554306849781,4.8540000915527335
32,2018-04-13T17:00:00,13.4456297136492,5.839000225067139
32,2018-04-13T18:00:00,10.363893600328495,4.572999954223633
32,2018-04-13T19:00:00,7.495002988345686,3.095000028610228
32,2018-04-13T20:00:00,16.688409312765984,3.799000024795532
32,2018-04-13T21:00:00,11.054760905480197,4.8540000915527335
32,2018-04-13T22:00:00,10.891844285843044,3.095000028610228
32,2018-04-13T23:00:00,4.820869899551258,3.588000059127808
32,2018-04-14T00:00:00,12.04096608415162,4.290999889373778
32,2018-04-14T01:00:00,13.207414018403341,4.361999988555908
32,2018-04-14T02:00:00,7.917091445583848,4.150000095367432
32,2018-04-14T03:00:00,17.429928821794167,4.64300012588501
32,2018-04-14T04:00:00,15.995716284720505,5.205999851226807
32,2018-04-14T05:00:00,8.449426837131751,4.8540000915527335
32,2018-04-14T06:00:00,12.010019770831653,5.205999851226807
32,2018-04-14T07:00:00,15.290556002355926,4.8540000915527335
32,2018-04-14T08:00:00,9.701283934531451,4.923999786376953
32,2018-04-14T09:00:00,15.915752903629189,3.4470000267028813
32,2018-04-14T10:00:00,13.572756537318398,4.361999988555908
32,2018-04-14T11:00:00,15.4829792606723,3.799000024795532
32,2018-04-14T12:00:00,13.466410429496348,3.799000024795532
32,2018-04-14T13:00:00,14.606200570800985,3.938999891281128
32,2018-04-14T14:00:00,7.141465328206952,4.010000228881837
32,2018-04-14T15:00:00,13.760127938408385,4.432000160217285
32,2018-04-14T16:00:00,11.862147153300736,5.3460001945495605
32,2018-04-14T17:00:00,14.88473596421565,5.205999851226807
32,2018-04-14T18:00:00,3.3278428428298277,5.416999816894531
32,2018-04-14T19:00:00,10.318371528619029,5.065000057220459
32,2018-04-14T20:00:00,15.766574084938835,4.923999786376953
32,2018-04-14T21:00:00,14.300866242859119,3.86899995803833
32,2018-04-14T22:00:00,9.945187194907692,4.361999988555908
33,2018-04-11T23:00:00,4.315038191590194,6.964000225067139
33,2018-04-12T00:00:00,10.200423758979092,6.964000225067139
33,2018-04-12T01:00:00,9.172570639140464,6.61299991607666
33,2018-04-12T02:00:00,12.54543633076785,6.61299991607666
33,2018-04-12T03:00:00,11.099902827407027,6.050000190734862
33,2018-04-12T04:00:00,11.145335424590245,6.401999950408936
33,2018-04-12T05:00:00,6.159037179534984,5.908999919891357
33,2018-04-12T06:00:00,12.367356488005658,5.76800012588501
33,2018-04-12T07:00:00,10.334338723714513,5.627999782562256
33,2018-04-12T08:00:00,12.383424413772376,5.908999919891357
33,2018-04-12T09:00:00,7.741187904218201,5.908999919891357
33,2018-04-12T10:00:00,7.84068356484935,5.9790000915527335
33,2018-04-12T11:00:00,10.91568590276529,6.330999851226808
33,2018-04-12T12:00:00,10.03370599919661,6.4720001220703125
33,2018-04-12T13:00:00,16.819072065873865,6.050000190734862
33,2018-04-12T14:00:00,8.145373343472151,6.541999816894531
33,2018-04-12T15:00:00,16.959988849821528,6.4720001220703125
33,2018-04-12T16:00:00,12.46133111515775,6.330999851226808
33,2018-04-12T17:00:00,10.914740604097599,5.76800012588501
33,2018-04-12T18:00:00,14.870626835281751,5.627999782562256
33,2018-04-12T19:00:00,5.910882503402238,5.3460001945495605
33,2018-04-12T20:00:00,11.045459107861909,4.8540000915527335
33,2018-04-12T21:00:00,15.656796272294464,5.135000228881836
33,2018-04-12T22:00:00,7.781220004568787,4.994999885559082
33,2018-04-12T23:00:00,2.1209186067499157,4.64300012588501
33,2018-04-13T00:00:00,14.088925963463453,4.994999885559082
33,2018-04-13T01:00:00,4.810535000591081,4.923999786376953
33,2018-04-13T02:00:00,11.936793596364453,4.7839999198913565
33,2018-04-13T03:00:00,15.525413675824826,4.8540000915527335
33,2018-04-13T04:00:00,9.036252918311428,4.8540000915527335
33,2018-04-13T05:00:00,9.007523712132674,4.7839999198913565
33,2018-04-13T06:00:00,11.318131713668404,4.7129998207092285
33,2018-04-13T07:00:00,5.292284851193635,4.572999954223633
33,2018-04-13T08:00:00,15.523917600175329,4.290999889373778
33,2018-04-13T09:00:00,11.175732213794099,4.290999889373778
33,2018-04-13T10:00:00,11.03483636016621,4.361999988555908
33,2018-04-13T11:00:00,12.74499681417601,4.572999954223633
33,2018-04-13T12:00:00,6.895810600046763,5.065000057220459
33,2018-04-13T13:00:00,14.288337944580904,4.64300012588501
33,2018-04-13T14:00:00,11.155470619622184,4.8540000915527335
33,2018-04-13T15:00:00,9.79949335736135,5.276000022888184
33,2018-04-13T16:00:00,11.391165001854922,4.8540000915527335
33,2018-04-13T17:00:00,15.368632479064665,5.839000225067139
33,2018-04-13T18:00:00,10.07389343284073,4.572999954223633
33,2018-04-13T19:00:00,2.56482279767258,3.095000028610228
33,2018-04-13T20:00:00,11.612172645461046,3.799000024795532
33,2018-04-13T21:00:00,5.713110530321492,4.8540000915527335
33,2018-04-13T22:00:00,14.634612139293356,3.095000028610228
33,2018-04-13T23:00:00,8.672737002130901,3.588000059127808
33,2018-04-14T00:00:00,13.439819913888625,4.290999889373778
33,2018-04-14T01:00:00,12.117195232669957,4.361999988555908
33,2018-04-14T02:00:00,9.430558840942467,4.150000095367432
33,2018-04-14T03:00:00,12.894943221629857,4.64300012588501
33,2018-04-14T04:00:00,4.025332969350178,5.205999851226807
33,2018-04-14T05:00:00,16.865930149841432,4.8540000915527335
33,2018-04-14T06:00:00,14.381798142021436,5.205999851226807
33,2018-04-14T07:00:00,9.499307680306618,4.8540000915527335
33,2018-04-14T08:00:00,2.975686685535454,4.923999786376953
33,2018-04-14T09:00:00,11.101352187478795,3.4470000267028813
33,2018-04-14T10:00:00,11.15891969378665,4.361999988555908
33,2018-04-14T11:00:00,2.2370353755729386,3.799000024795532
33,2018-04-14T12:00:00,9.012757377365805,3.799000024795532
33,2018-04-14T13:00:00,17.012445975788882,3.938999891281128
33,2018-04-14T14:00:00,11.40146690879217,4.010000228881837
33,2018-04-14T15:00:00,16.617941345011747,4.432000160217285
33,2018-04-14T16:00:00,7.9086711225175,5.3460001945495605
33,2018-04-14T17:00:00,12.711669780771617,5.205999851226807
33,2018-04-14T18:00:00,9.706616323582558,5.416999816894531
33,2018-04-14T19:00:00,6.938147069091354,5.065000057220459
33,2018-04-14T20:00:00,15.921355646826795,4.923999786376953
33,2018-04-14T21:00:00,10.371276001946864,3.86899995803833
33,2018-04-14T22:00:00,10.217191851591817,4.361999988555908
33,2018-04-14T23:00:00,4.383266693254821,4.501999855041504
33,2018-04-15T00:00:00,11.340846559846641,4.8540000915527335
33,2018-04-15T01:00:00,12.455285187212159,5.3460001945495605
33,2018-04-15T02:00:00,7.337725599580111,4.64300012588501
33,2018-04-15T03:00:00,16.708694685254954,4.8540000915527335
33,2018-04-15T04:00:00,15.211437956485481,5.135000228881836
33,2018-04-15T05:00:00,7.848552278964224,5.276000022888184
33,2018-04-15T06:00:00,11.311187034309746,5.135000228881836
33,2018-04-15T07:00:00,14.498951863691579,5.76800012588501
33,2018-04-15T08:00:00,9.049305030244511,4.8540000915527335
33,2018-04-15T09:00:00,15.13153546416047,5.9790000915527335
33,2018-04-15T10:00:00,12.858840632338165,6.261000156402588
33,2018-04-15T11:00:00,14.694543142009284,6.190999984741211
33,2018-04-15T12:00:00,12.731469711229629,6.61299991607666
33,2018-04-15T13:00:00,13.815530789149784,6.823999881744385
33,2018-04-15T14:00:00,6.615515009034413,8.300999641418457
33,2018-04-15T15:00:00,13.03884958409494,8.722999572753906
33,2018-04-15T16:00:00,11.164006675803712,9.425999641418455
33,2018-04-15T17:00:00,14.091178019456287,9.355999946594238
33,2018-04-15T18:00:00,2.801778457968858,8.722999572753906
33,2018-04-15T19:00:00,9.666229441552897,7.809000015258789
33,2018-04-15T20:00:00,14.983033215857272,6.964000225067139
33,2018-04-15T21:00:00,13.514333139584878,6.261000156402588
33,2018-04-15T22:00:00,9.293939317749047,6.050000190734862
34,2018-04-12T23:00:00,4.075219353880563,4.64300012588501
34,2018-04-13T00:00:00,9.80700769587695,4.994999885559082
34,2018-04-13T01:00:00,8.814196649849249,4.923999786376953
34,2018-04-13T02:00:00,12.162663444412411,4.7839999198913565
34,2018-04-13T03:00:00,10.736180343045863,4.8540000915527335
34,2018-04-13T04:00:00,10.785141598364126,4.8540000915527335
34,2018-04-13T05:00:00,5.9144012584396215,4.7839999198913565
34,2018-04-13T06:00:00,11.9993489081944,4.7129998207092285
34,2018-04-13T07:00:00,10.002124685963276,4.572999954223633
34,2018-04-13T08:00:00,12.020009438610726,4.290999889373778
34,2018-04-13T09:00:00,7.490876396703602,4.290999889373778
34,2018-04-13T10:00:00,7.585486648945672,4.361999988555908
34,2018-04-13T11:00:00,10.592705932887792,4.572999954223633
34,2018-04-13T12:00:00,9.706010311868669,5.065000057220459
34,2018-04-13T13:00:00,16.450295146370713,4.64300012588501
34,2018-04-13T14:00:00,7.873491221605002,4.8540000915527335
34,2018-04-13T15:00:00,16.594227517396845,5.276000022888184
34,2018-04-13T16:00:00,12.106834924794965,4.8540000915527335
34,2018-04-13T17:00:00,10.59279674931368,5.839000225067139
34,2018-04-13T18:00:00,14.473101523529879,4.572999954223633
34,2018-04-13T19:00:00,5.697798998748759,3.095000028610228
34,2018-04-13T20:00:00,10.719020545313818,3.799000024795532
34,2018-04-13T21:00:00,15.270629977190277,4.8540000915527335
34,2018-04-13T22:00:00,7.526780076932621,3.095000028610228
34,2018-04-13T23:00:00,1.9038408940850786,3.588000059127808
34,2018-04-14T00:00:00,13.694369658238926,4.290999889373778
34,2018-04-14T01:00:00,4.640101303336646,4.361999988555908
34,2018-04-14T02:00:00,11.594772201844108,4.150000095367432
34,2018-04-14T03:00:00,15.13343878049108,4.64300012588501
34,2018-04-14T04:00:00,8.734086192480675,5.205999851226807
34,2018-04-14T05:00:00,8.705949910433102,4.8540000915527335
34,2018-04-14T06:00:00,10.988452639510324,5.205999851226807
34,2018-04-14T07:00:00,5.099488232245902,4.8540000915527335
34,2018-04-14T08:00:00,15.130308446304356,4.923999786376953
34,2018-04-14T09:00:00,10.848762048142262,3.4470000267028813
34,2018-04-14T10:00:00,10.709414014173216,4.361999988555908
34,2018-04-14T11:00:00,12.39332097795026,3.799000024795532
34,2018-04-14T12:00:00,6.668046271566697,3.799000024795532
34,2018-04-14T13:00:00,13.897696844316219,3.938999891281128
34,2018-04-14T14:00:00,10.830926445287323,4.010000228881837
34,2018-04-14T15:00:00,9.484761217812707,4.432000160217285
34,2018-04-14T16:00:00,11.06687330407841,5.3460001945495605
34,2018-04-14T17:00:00,14.97723387027741,5.205999851226807
34,2018-04-14T18:00:00,9.758063162925607,5.416999816894531
34,2018-04-14T19:00:00,2.365681047928927,5.065000057220459
34,2018-04-14T20:00:00,11.289373877670918,4.923999786376953
34,2018-04-14T21:00:00,5.509714474835105,3.86899995803833
34,2018-04-14T22:00:00,14.248069583154447,4.361999988555908
34,2018-04-14T23:00:00,8.381516715328054,4.501999855041504
34,2018-04-15T00:00:00,13.076324701508799,4.8540000915527335
34,2018-04-15T01:00:00,11.789440916735291,5.3460001945495605
34,2018-04-15T02:00:00,9.132203751366653,4.64300012588501
34,2018-04-15T03:00:00,12.554643742965801,4.8540000915527335
34,2018-04-15T04:00:00,3.8590020376009484,5.135000228881836
34,2018-04-15T05:00:00,16.517402388031368,5.276000022888184
34,2018-04-15T06:00:00,14.0085948353823,5.135000228881836
34,2018-04-15T07:00:00,9.205595241409831,5.76800012588501
34,2018-04-15T08:00:00,2.791720001056433,4.8540000915527335
34,2018-04-15T09:00:00,10.793438485841005,5.9790000915527335
34,2018-04-15T10:00:00,10.852091810686488,6.261000156402588
34,2018-04-15T11:00:00,2.0393250296458696,6.190999984741211
34,2018-04-15T12:00:00,8.731092378802485,6.61299991607666
34,2018-04-15T13:00:00,16.680202182548914,6.823999881744385
34,2018-04-15T14:00:00,11.09906690531253,8.300999641418457
34,2018-04-15T15:00:00,16.2777135172385,8.722999572753906
34,2018-04-15T16:00:00,7.660183287802559,9.425999641418455
34,2018-04-15T17:00:00,12.392144538501178,9.355999946594238
34,2018-04-15T18:00:00,9.423964812242499,8.722999572753906
34,2018-04-15T19:00:00,6.732836353785782,7.809000015258789
34,2018-04-15T20:00:00,15.568535033367624,6.964000225067139
34,2018-04-15T21:00:00,10.081624832796589,6.261000156402588
34,2018-04-15T22:00:00,9.931538324541805,6.050000190734862
34,2018-04-15T23:00:00,4.231952434547269,6.050000190734862
34,2018-04-16T00:00:00,11.048701327664908,6.823999881744385
34,2018-04-16T01:00:00,12.144816138677339,6.4720001220703125
34,2018-04-16T02:00:00,7.123998306186442,6.61299991607666
34,2018-04-16T03:00:00,16.388493437090993,6.541999816894531
34,2018-04-16T04:00:00,14.86285595270852,6.401999950408936
34,2018-04-16T05:00:00,7.614568243949208,5.908999919891357
34,2018-04-16T06:00:00,11.024599647609918,6.190999984741211
34,2018-04-16T07:00:00,14.156619250646898,6.330999851226808
34,2018-04-16T08:00:00,8.788066209193357,6.541999816894531
34,2018-04-16T09:00:00,14.788665180848788,6.683000087738037
34,2018-04-16T10:00:00,12.55894613122931,6.964000225067139
34,2018-04-16T11:00:00,14.3549507857659,7.315999984741211
34,2018-04-16T12:00:00,12.43029053684967,6.964000225067139
34,2018-04-16T13:00:00,13.48643945653516,7.245999813079834
34,2018-04-16T14:00:00,6.432433800450045,8.020000457763674
34,2018-04-16T15:00:00,12.739014772633547,8.652999877929688
34,2018-04-16T16:00:00,10.885401762593077,9.003999710083008
34,2018-04-16T17:00:00,13.762244819680056,8.51200008392334
34,2018-04-16T18:00:00,2.634831941918657,7.73799991607666
34,2018-04-16T19:00:00,9.410027436204295,7.668000221252441
34,2018-04-16T20:00:00,14.650829216146949,6.894000053405763
34,2018-04-16T21:00:00,13.195983179690682,6.823999881744385
34,2018-04-16T22:00:00,9.042503214298382,6.894000053405763
35,2018-04-13T23:00:00,3.8870029007119005,3.588000059127808
35,2018-04-14T00:00:00,9.39903903182335,4.290999889373778
35,2018-04-14T01:00:00,8.436171881408693,4.361999988555908
35,2018-04-14T02:00:00,11.745931590968038,4.150000095367432
35,2018-04-14T03:00:00,10.326555023134121,4.64300012588501
35,2018-04-14T04:00:00,10.376639157541055,5.205999851226807
35,2018-04-14T05:00:00,5.661719116342564,4.8540000915527335
35,2018-04-14T06:00:00,11.565898000687582,5.205999851226807
35,2018-04-14T07:00:00,9.612196074016854,4.8540000915527335
35,2018-04-14T08:00:00,11.587684108600671,4.923999786376953
35,2018-04-14T09:00:00,7.190524722248362,3.4470000267028813
35,2018-04-14T10:00:00,7.282134766129035,4.361999988555908
35,2018-04-14T11:00:00,10.19061700835763,3.799000024795532
35,2018-04-14T12:00:00,9.325917194515505,3.799000024795532
35,2018-04-14T13:00:00,16.057445367707192,3.938999891281128
35,2018-04-14T14:00:00,7.549880602984377,4.010000228881837
35,2018-04-14T15:00:00,16.206258227877868,4.432000160217285
35,2018-04-14T16:00:00,11.679170615283889,5.3460001945495605
35,2018-04-14T17:00:00,10.190766088048154,5.205999851226807
35,2018-04-14T18:00:00,14.023231076369226,5.416999816894531
35,2018-04-14T19:00:00,5.4686521329858095,5.065000057220459
35,2018-04-14T20:00:00,10.317371666989402,4.923999786376953
35,2018-04-14T21:00:00,14.837583185294354,3.86899995803833
35,2018-04-14T22:00:00,7.2238252010499675,4.361999988555908
35,2018-04-14T23:00:00,1.597882061772241,4.501999855041504
35,2018-04-15T00:00:00,13.233352911508645,4.8540000915527335
35,2018-04-15T01:00:00,4.469723435968415,5.3460001945495605
35,2018-04-15T02:00:00,11.17673630964878,4.64300012588501
35,2018-04-15T03:00:00,14.69639395505786,4.8540000915527335
35,2018-04-15T04:00:00,8.372346987202464,5.135000228881836
35,2018-04-15T05:00:00,8.344451462139919,5.276000022888184
35,2018-04-15T06:00:00,10.58906573992887,5.135000228881836
35,2018-04-15T07:00:00,4.899733601393464,5.76800012588501
35,2018-04-15T08:00:00,14.69275490946699,4.8540000915527335
35,2018-04-15T09:00:00,10.448116112810268,5.9790000915527335
35,2018-04-15T10:00:00,10.30733968940972,6.261000156402588
35,2018-04-15T11:00:00,11.98781024968427,6.190999984741211
35,2018-04-15T12:00:00,6.390977514779083,6.61299991607666
35,2018-04-15T13:00:00,13.439713132923941,6.823999881744385
35,2018-04-15T14:00:00,10.430091255082882,8.300999641418457
35,2018-04-15T15:00:00,9.113501200245203,8.722999572753906
35,2018-04-15T16:00:00,10.668751555303217,9.425999641418455
35,2018-04-15T17:00:00,14.536463568485061,9.355999946594238
35,2018-04-15T18:00:00,9.38029184638823,8.722999572753906
35,2018-04-15T19:00:00,2.084979273696465,7.809000015258789
35,2018-04-15T20:00:00,10.889795988139817,6.964000225067139
35,2018-04-15T21:00:00,5.285106454381644,6.261000156402588
35,2018-04-15T22:00:00,13.794223874122242,6.050000190734862
35,2018-04-15T23:00:00,8.02213806748025,6.050000190734862
35,2018-04-16T00:00:00,12.633118421364653,6.823999881744385
35,2018-04-16T01:00:00,11.368949590259188,6.4720001220703125
35,2018-04-16T02:00:00,8.764614411090049,6.61299991607666
35,2018-04-16T03:00:00,12.150669114506211,6.541999816894531
35,2018-04-16T04:00:00,3.6737226599242696,6.401999950408936
35,2018-04-16T05:00:00,16.126876837121543,5.908999919891357
35,2018-04-16T06:00:00,13.552847120994166,6.190999984741211
35,2018-04-16T07:00:00,8.837379560217322,6.330999851226808
35,2018-04-16T08:00:00,2.5388775955074774,6.541999816894531
35,2018-04-16T09:00:00,10.39216321586602,6.683000087738037
35,2018-04-16T10:00:00,10.451606128093452,6.964000225067139
35,2018-04-16T11:00:00,1.7375878107676836,7.315999984741211
35,2018-04-16T12:00:00,8.366629064759488,6.964000225067139
35,2018-04-16T13:00:00,16.295950813133107,7.245999813079834
35,2018-04-16T14:00:00,10.7019775537118,8.020000457763674
35,2018-04-16T15:00:00,15.878524158654994,8.652999877929688
35,2018-04-16T16:00:00,7.336646810675644,9.003999710083008
35,2018-04-16T17:00:00,11.976025772037309,8.51200008392334
35,2018-04-16T18:00:00,9.05430756800948,7.73799991607666
35,2018-04-16T19:00:00,6.44595519405603,7.668000221252441
35,2018-04-16T20:00:00,15.142871681497217,6.894000053405763
35,2018-04-16T21:00:00,9.689372742333063,6.823999881744385
35,2018-04-16T22:00:00,9.546305385994913,6.894000053405763
35,2018-04-16T23:00:00,4.048208979952372,6.190999984741211
35,2018-04-17T00:00:00,10.65096416689238,5.908999919891357
35,2018-04-17T01:00:00,11.713593027974127,6.261000156402588
35,2018-04-17T02:00:00,6.820259548072714,6.261000156402588
35,2018-04-17T03:00:00,15.993373584815119,5.908999919891357
35,2018-04-17T04:00:00,14.420152456715464,6.261000156402588
35,2018-04-17T05:00:00,7.291831010658326,5.76800012588501
35,2018-04-17T06:00:00,10.62646273553301,5.76800012588501
35,2018-04-17T07:00:00,13.70342906378069,6.683000087738037
35,2018-04-17T08:00:00,8.422573261534165,7.245999813079834
35,2018-04-17T09:00:00,14.344522368255706,8.159999847412111
35,2018-04-17T10:00:00,12.155448491982956,8.86400032043457
35,2018-04-17T11:00:00,13.90401066501944,7.879000186920166
35,2018-04-17T12:00:00,12.01076908963315,8.090000152587889
35,2018-04-17T13:00:00,13.035134157013008,8.934000015258789
35,2018-04-17T14:00:00,6.164662538824617,9.56700038909912
35,2018-04-17T15:00:00,12.332680932570888,10.270999908447266
35,2018-04-17T16:00:00,10.48498345745752,10.904000282287598
35,2018-04-17T17:00:00,13.305828680600673,10.904000282287598
35,2018-04-17T18:00:00,2.3755987203048026,10.621999740600586
35,2018-04-17T19:00:00,9.040852277102573,8.934000015258789
35,2018-04-17T20:00:00,14.20382070337728,8.090000152587889
35,2018-04-17T21:00:00,12.750649398188672,8.159999847412111
35,2018-04-17T22:00:00,8.675256485551012,7.948999881744385
36,2018-04-14T23:00:00,3.8702290041693477,4.501999855041504
36,2018-04-15T00:00:00,9.264087195202166,4.8540000915527335
36,2018-04-15T01:00:00,8.316989775847023,5.3460001945495605
36,2018-04-15T02:00:00,11.592617751118958,4.64300012588501
36,2018-04-15T03:00:00,10.176335273369649,4.8540000915527335
36,2018-04-15T04:00:00,10.225725928650672,5.135000228881836
36,2018-04-15T05:00:00,5.5976414998630375,5.276000022888184
36,2018-04-15T06:00:00,11.388577496001709,5.135000228881836
36,2018-04-15T07:00:00,9.461829766449949,5.76800012588501
36,2018-04-15T08:00:00,11.407666120602645,4.8540000915527335
36,2018-04-15T09:00:00,7.072044623449809,5.9790000915527335
36,2018-04-15T10:00:00,7.162099554820198,6.261000156402588
36,2018-04-15T11:00:00,10.017583151861885,6.190999984741211
36,2018-04-15T12:00:00,9.180643001807585,6.61299991607666
36,2018-04-15T13:00:00,15.927373458367063,6.823999881744385
36,2018-04-15T14:00:00,7.419426368026361,8.300999641418457
36,2018-04-15T15:00:00,16.07834132533676,8.722999572753906
36,2018-04-15T16:00:00,11.492911443204832,9.425999641418455
36,2018-04-15T17:00:00,10.013005162290629,9.355999946594238
36,2018-04-15T18:00:00,13.84159737701676,8.722999572753906
36,2018-04-15T19:00:00,5.399343635294867,7.809000015258789
36,2018-04-15T20:00:00,10.141403660230917,6.964000225067139
36,2018-04-15T21:00:00,14.65581002043028,6.261000156402588
36,2018-04-15T22:00:00,7.096502688942952,6.050000190734862
36,2018-04-15T23:00:00,1.4499247639075428,6.050000190734862
36,2018-04-16T00:00:00,13.036962883975463,6.823999881744385
36,2018-04-16T01:00:00,4.427660213555299,6.4720001220703125
36,2018-04-16T02:00:00,10.989929426748272,6.61299991607666
36,2018-04-16T03:00:00,14.509857781770101,6.541999816894531
36,2018-04-16T04:00:00,8.218459569987992,6.401999950408936
36,2018-04-16T05:00:00,8.189842962192378,5.908999919891357
36,2018-04-16T06:00:00,10.41210635268521,6.190999984741211
36,2018-04-16T07:00:00,4.838440768394495,6.330999851226808
36,2018-04-16T08:00:00,14.503094166809785,6.541999816894531
36,2018-04-16T09:00:00,10.265780465096686,6.683000087738037
36,2018-04-16T10:00:00,10.121383459481855,6.964000225067139
36,2018-04-16T11:00:00,11.805669433714087,7.315999984741211
36,2018-04-16T12:00:00,6.272998929383004,6.964000225067139
36,2018-04-16T13:00:00,13.234919953713721,7.245999813079834
36,2018-04-16T14:00:00,10.243737626185611,8.020000457763674
36,2018-04-16T15:00:00,8.949414102308427,8.652999877929688
36,2018-04-16T16:00:00,10.48535740194889,9.003999710083008
36,2018-04-16T17:00:00,14.339464700036931,8.51200008392334
36,2018-04-16T18:00:00,9.208773265961106,7.73799991607666
36,2018-04-16T19:00:00,1.9472257047280515,7.668000221252441
36,2018-04-16T20:00:00,10.703197593165108,6.894000053405763
36,2018-04-16T21:00:00,5.200178247052108,6.823999881744385
36,2018-04-16T22:00:00,13.5876627602121,6.894000053405763
36,2018-04-16T23:00:00,7.85464929753177,6.190999984741211
36,2018-04-17T00:00:00,12.418302468126285,5.908999919891357
36,2018-04-17T01:00:00,11.162146890069126,6.261000156402588
36,2018-04-17T02:00:00,8.592661080867725,6.261000156402588
36,2018-04-17T03:00:00,11.958177627201142,5.908999919891357
36,2018-04-17T04:00:00,3.6061557098445114,6.261000156402588
36,2018-04-17T05:00:00,15.955828760892837,5.76800012588501
36,2018-04-17T06:00:00,13.334753061302766,5.76800012588501
36,2018-04-17T07:00:00,8.66144349778789,6.683000087738037
36,2018-04-17T08:00:00,2.4176363942886905,7.245999813079834
36,2018-04-17T09:00:00,10.192017671069507,8.159999847412111
36,2018-04-17T10:00:00,10.251740786083548,8.86400032043457
36,2018-04-17T11:00:00,1.5779536381788262,7.879000186920166
36,2018-04-17T12:00:00,8.188825942442296,8.090000152587889
36,2018-04-17T13:00:00,16.122096318503512,8.934000015258789
36,2018-04-17T14:00:00,10.503386490420603,9.56700038909912
36,2018-04-17T15:00:00,15.692529255260002,10.270999908447266
36,2018-04-17T16:00:00,7.175740178433312,10.904000282287598
36,2018-04-17T17:00:00,11.76327679469492,10.904000282287598
36,2018-04-17T18:00:00,8.87002414180073,10.621999740600586
36,2018-04-17T19:00:00,6.302684458125375,8.934000015258789
36,2018-04-17T20:00:00,14.93503141834151,8.090000152587889
36,2018-04-17T21:00:00,9.486936793480982,8.159999847412111
36,2018-04-17T22:00:00,9.348389826114072,7.948999881744385
36,2018-04-17T23:00:00,3.974178877102723,7.668000221252441
36,2018-04-18T00:00:00,10.445811508684633,7.456999778747559
36,2018-04-18T01:00:00,11.484979544947517,7.245999813079834
36,2018-04-18T02:00:00,6.663557954280117,7.386000156402588
36,2018-04-18T03:00:00,15.801358975203819,7.245999813079834
36,2018-04-18T04:00:00,14.197105794832703,7.245999813079834
36,2018-04-18T05:00:00,7.12495390422086,7.245999813079834
36,2018-04-18T06:00:00,10.41789832260251,6.964000225067139
36,2018-04-18T07:00:00,13.4699341239928,7.73799991607666
36,2018-04-18T08:00:00,8.233033487969829,9.145000457763672
36,2018-04-18T09:00:00,14.117870136656734,8.722999572753906
36,2018-04-18T10:00:00,11.943231638267417,9.637999534606934
36,2018-04-18T11:00:00,13.671081231027564,9.21500015258789
36,2018-04-18T12:00:00,11.786140063565401,9.28600025177002
36,2018-04-18T13:00:00,12.795856641952223,9.98900032043457
36,2018-04-18T14:00:00,6.027202666044204,11.1850004196167
36,2018-04-18T15:00:00,12.117649674708948,11.536999702453612
36,2018-04-18T16:00:00,10.270005240157001,12.310999870300291
36,2018-04-18T17:00:00,13.062430870892372,12.661999702453612
36,2018-04-18T18:00:00,2.2394104219971336,11.817999839782717
36,2018-04-18T19:00:00,8.843682292706651,10.130000114440918
36,2018-04-18T20:00:00,13.970058641821847,9.98900032043457
36,2018-04-18T21:00:00,12.510971731637317,9.355999946594238
36,2018-04-18T22:00:00,8.478564028118573,9.003999710083008
37,2018-04-15T23:00:00,3.7390316345080112,6.050000190734862
37,2018-04-16T00:00:00,8.57903768438305,6.823999881744385
37,2018-04-16T01:00:00,7.691829558415481,6.4720001220703125
37,2018-04-16T02:00:00,10.907897633480253,6.61299991607666
37,2018-04-16T03:00:00,9.467898479243168,6.541999816894531
37,2018-04-16T04:00:00,9.52065024388709,6.401999950408936
37,2018-04-16T05:00:00,5.229786072422131,5.908999919891357
37,2018-04-16T06:00:00,10.642382270072158,6.190999984741211
37,2018-04-16T07:00:00,8.756688096330384,6.330999851226808
37,2018-04-16T08:00:00,10.658562796955746,6.541999816894531
37,2018-04-16T09:00:00,6.574757413545065,6.683000087738037
37,2018-04-16T10:00:00,6.659925480676566,6.964000225067139
37,2018-04-16T11:00:00,9.253259566605205,7.315999984741211
37,2018-04-16T12:00:00,8.500532504676798,6.964000225067139
37,2018-04-16T13:00:00,15.260949424571905,7.245999813079834
37,2018-04-16T14:00:00,6.857256293862687,8.020000457763674
37,2018-04-16T15:00:00,15.413182783141831,8.652999877929688
37,2018-04-16T16:00:00,10.737711361146015,9.003999710083008
37,2018-04-16T17:00:00,9.239378100384661,8.51200008392334
37,2018-04-16T18:00:00,13.071535753233034,7.73799991607666
37,2018-04-16T19:00:00,5.0583081081837555,7.668000221252441
37,2018-04-16T20:00:00,9.383464220758297,6.894000053405763
37,2018-04-16T21:00:00,13.929098320875855,6.823999881744385
37,2018-04-16T22:00:00,6.5762235729179075,6.894000053405763
37,2018-04-16T23:00:00,1.0017848385772048,6.190999984741211
37,2018-04-17T00:00:00,12.213163530704016,5.908999919891357
37,2018-04-17T01:00:00,4.231453811888693,6.261000156402588
37,2018-04-17T02:00:00,10.241748845486033,6.261000156402588
37,2018-04-17T03:00:00,13.764648185344111,5.908999919891357
37,2018-04-17T04:00:00,7.548418896206021,6.261000156402588
37,2018-04-17T05:00:00,7.51911019089586,5.76800012588501
37,2018-04-17T06:00:00,9.679890436510668,5.76800012588501
37,2018-04-17T07:00:00,4.561442025667796,6.683000087738037
37,2018-04-17T08:00:00,13.750959596514786,7.245999813079834
37,2018-04-17T09:00:00,9.511246444439951,8.159999847412111
37,2018-04-17T10:00:00,9.3473033835635,8.86400032043457
37,2018-04-17T11:00:00,11.074817484215208,7.879000186920166
37,2018-04-17T12:00:00,5.792431735083943,8.090000152587889
37,2018-04-17T13:00:00,12.404089951327672,8.934000015258789
37,2018-04-17T14:00:00,9.483235193539084,9.56700038909912
37,2018-04-17T15:00:00,8.254622930864665,10.270999908447266
37,2018-04-17T16:00:00,9.753917809915432,10.904000282287598
37,2018-04-17T17:00:00,13.569318908467334,10.904000282287598
37,2018-04-17T18:00:00,8.492585068791737,10.621999740600586
37,2018-04-17T19:00:00,1.5367014105818289,8.934000015258789
37,2018-04-17T20:00:00,9.980075643740904,8.090000152587889
37,2018-04-17T21:00:00,4.851193028741541,8.159999847412111
37,2018-04-17T22:00:00,12.764634134816117,7.948999881744385
37,2018-04-17T23:00:00,7.17206867692877,7.668000221252441
37,2018-04-18T00:00:00,11.635027519884991,7.456999778747559
37,2018-04-18T01:00:00,10.392700747475228,7.245999813079834
37,2018-04-18T02:00:00,7.899417062290356,7.386000156402588
37,2018-04-18T03:00:00,11.228143378188594,7.245999813079834
37,2018-04-18T04:00:00,3.377433358442424,7.245999813079834
37,2018-04-18T05:00:00,15.25137935771358,7.245999813079834
37,2018-04-18T06:00:00,12.499948996261828,6.964000225067139
37,2018-04-18T07:00:00,7.96604744911691,7.73799991607666
37,2018-04-18T08:00:00,2.057669311160769,9.145000457763672
37,2018-04-18T09:00:00,9.42100265800853,8.722999572753906
37,2018-04-18T10:00:00,9.487296404845003,9.637999534606934
37,2018-04-18T11:00:00,1.1225004924643205,9.21500015258789
37,2018-04-18T12:00:00,7.498943709201765,9.28600025177002
37,2018-04-18T13:00:00,15.423790109603551,9.98900032043457
37,2018-04-18T14:00:00,9.766070101188063,11.1850004196167
37,2018-04-18T15:00:00,14.97900295447625,11.536999702453612
37,2018-04-18T16:00:00,6.587540604016851,12.310999870300291
37,2018-04-18T17:00:00,11.001132158470359,12.661999702453612
37,2018-04-18T18:00:00,8.170845197800679,11.817999839782717
37,2018-04-18T19:00:00,5.792774788744776,10.130000114440918
37,2018-04-18T20:00:00,14.19474212173263,9.98900032043457
37,2018-04-18T21:00:00,8.717431588956117,9.355999946594238
37,2018-04-18T22:00:00,8.60121111267283,9.003999710083008
37,2018-04-18T23:00:00,3.738805699047626,8.934000015258789
37,2018-04-19T00:00:00,9.70042615596881,8.51200008392334
37,2018-04-19T01:00:00,10.689034213474256,8.442000389099121
37,2018-04-19T02:00:00,6.120847580955161,8.371000289916992
37,2018-04-19T03:00:00,15.092603667716688,8.230999946594237
37,2018-04-19T04:00:00,13.407869763438027,8.020000457763674
37,2018-04-19T05:00:00,6.53967613932832,8.020000457763674
37,2018-04-19T06:00:00,9.66855186379047,7.526999950408935
37,2018-04-19T07:00:00,12.63684831952111,8.090000152587889
37,2018-04-19T08:00:00,7.539918629084353,9.074999809265137
37,2018-04-19T09:00:00,13.321013790622812,9.28600025177002
37,2018-04-19T10:00:00,11.207781075817632,9.918999671936035
37,2018-04-19T11:00:00,12.844594034823414,9.777999877929688
37,2018-04-19T12:00:00,11.01560395997521,10.270999908447266
37,2018-04-19T13:00:00,11.977793422916058,11.043999671936035
37,2018-04-19T14:00:00,5.560517129050131,11.888999938964846
37,2018-04-19T15:00:00,11.385437318069876,12.592000007629396
37,2018-04-19T16:00:00,9.503741762691618,12.522000312805176
37,2018-04-19T17:00:00,12.219045094385427,12.170000076293944
37,2018-04-19T18:00:00,1.8631857251442145,11.607000350952148
37,2018-04-19T19:00:00,8.143938067368813,10.41100025177002
37,2018-04-19T20:00:00,13.157308435912997,9.848999977111816
37,2018-04-19T21:00:00,11.722984241912986,9.355999946594238
37,2018-04-19T22:00:00,7.7818740540618805,8.934000015258789
38,2018-04-16T23:00:00,3.8326796655228215,6.190999984741211
38,2018-04-17T00:00:00,8.545957838773532,5.908999919891357
38,2018-04-17T01:00:00,7.666360020244802,6.261000156402588
38,2018-04-17T02:00:00,10.841351593697535,6.261000156402588
38,2018-04-17T03:00:00,9.40807352005706,5.908999919891357
38,2018-04-17T04:00:00,9.459984432615862,6.261000156402588
38,2018-04-17T05:00:00,5.25823225331035,5.76800012588501
38,2018-04-17T06:00:00,10.55508795048329,5.76800012588501
38,2018-04-17T07:00:00,8.695229029020137,6.683000087738037
38,2018-04-17T08:00:00,10.569405156766361,7.245999813079834
38,2018-04-17T09:00:00,6.546153430088138,8.159999847412111
38,2018-04-17T10:00:00,6.630559453395669,8.86400032043457
38,2018-04-17T11:00:00,9.167632090423496,7.879000186920166
38,2018-04-17T12:00:00,8.449759469331564,8.090000152587889
38,2018-04-17T13:00:00,15.23136562276865,8.934000015258789
38,2018-04-17T14:00:00,6.823276244764253,9.56700038909912
38,2018-04-17T15:00:00,15.387837243637986,10.270999908447266
38,2018-04-17T16:00:00,10.646725322595257,10.904000282287598
38,2018-04-17T17:00:00,9.153624023507513,10.904000282287598
38,2018-04-17T18:00:00,12.994389174469509,10.621999740600586
38,2018-04-17T19:00:00,5.091231886007833,8.934000015258789
38,2018-04-17T20:00:00,9.302512664354166,8.090000152587889
38,2018-04-17T21:00:00,13.856577250518779,8.159999847412111
38,2018-04-17T22:00:00,6.549856100312132,7.948999881744385
38,2018-04-17T23:00:00,0.9643851113001904,7.668000221252441
38,2018-04-18T00:00:00,12.125603531461973,7.456999778747559
38,2018-04-18T01:00:00,4.294851462921017,7.245999813079834
38,2018-04-18T02:00:00,10.154714930079447,7.386000156402588
38,2018-04-18T03:00:00,13.691982718967436,7.245999813079834
38,2018-04-18T04:00:00,7.493417245522208,7.245999813079834
38,2018-04-18T05:00:00,7.46354382968639,7.245999813079834
38,2018-04-18T06:00:00,9.603096547049836,6.964000225067139
38,2018-04-18T07:00:00,4.609212976135483,7.73799991607666
38,2018-04-18T08:00:00,13.67733077952208,9.145000457763672
38,2018-04-18T09:00:00,9.429213952599087,8.722999572753906
38,2018-04-18T10:00:00,9.261508913565468,9.637999534606934
38,2018-04-18T11:00:00,10.996828662619485,9.21500015258789
38,2018-04-18T12:00:00,5.778715837124119,9.28600025177002
38,2018-04-18T13:00:00,12.310547079383973,9.98900032043457
38,2018-04-18T14:00:00,9.396970241718968,11.1850004196167
38,2018-04-18T15:00:00,8.196934255008898,11.536999702453612
38,2018-04-18T16:00:00,9.670496198855883,12.310999870300291
38,2018-04-18T17:00:00,13.486804473981877,12.661999702453612
38,2018-04-18T18:00:00,8.426462186031797,11.817999839782717
38,2018-04-18T19:00:00,1.5092860705817586,10.130000114440918
38,2018-04-18T20:00:00,9.892534296287327,9.98900032043457
38,2018-04-18T21:00:00,4.874844997072424,9.355999946594238
38,2018-04-18T22:00:00,12.66566427607793,9.003999710083008
38,2018-04-18T23:00:00,7.107025462641664,8.934000015258789
38,2018-04-19T00:00:00,11.540162786009702,8.51200008392334
38,2018-04-19T01:00:00,10.283385652479724,8.442000389099121
38,2018-04-19T02:00:00,7.827294101338671,8.371000289916992
38,2018-04-19T03:00:00,11.136558429854638,8.230999946594237
38,2018-04-19T04:00:00,3.4175207628986826,8.020000457763674
38,2018-04-19T05:00:00,15.188583260094383,8.020000457763674
38,2018-04-19T06:00:00,12.38606031298057,7.526999950408935
38,2018-04-19T07:00:00,7.887717814107605,8.090000152587889
38,2018-04-19T08:00:00,2.044401163588713,9.074999809265137
38,2018-04-19T09:00:00,9.313542517023295,9.28600025177002
38,2018-04-19T10:00:00,9.379714638053002,9.918999671936035
38,2018-04-19T11:00:00,1.0718400410990476,9.777999877929688
38,2018-04-19T12:00:00,7.413585288991907,10.270999908447266
38,2018-04-19T13:00:00,15.351617474295512,11.043999671936035
38,2018-04-19T14:00:00,9.658269553139277,11.888999938964846
38,2018-04-19T15:00:00,14.893821147207536,12.592000007629396
38,2018-04-19T16:00:00,6.5226636143380095,12.522000312805176
38,2018-04-19T17:00:00,10.878574130425726,12.170000076293944
38,2018-04-19T18:00:00,8.078761035327089,11.607000350952148
38,2018-04-19T19:00:00,5.743089979227291,10.41100025177002
38,2018-04-19T20:00:00,14.085225933347981,9.848999977111816
38,2018-04-19T21:00:00,8.602770915400143,9.355999946594238
38,2018-04-19T22:00:00,8.491659896921536,8.934000015258789
38,2018-04-19T23:00:00,3.763230736864198,8.51200008392334
38,2018-04-20T00:00:00,9.581139237207914,8.51200008392334
38,2018-04-20T01:00:00,10.548266420081578,8.652999877929688
38,2018-04-20T02:00:00,6.054390124536498,8.793000221252441
38,2018-04-20T03:00:00,14.992180905991326,8.371000289916992
38,2018-04-20T04:00:00,13.276020433124124,8.300999641418457
38,2018-04-20T05:00:00,6.462050571770918,8.090000152587889
38,2018-04-20T06:00:00,9.54317919900532,8.371000289916992
38,2018-04-20T07:00:00,12.492591062264994,9.145000457763672
38,2018-04-20T08:00:00,7.43327082084158,9.003999710083008
38,2018-04-20T09:00:00,13.182361630036716,8.86400032043457
38,2018-04-20T10:00:00,11.076133655091134,9.496999740600586
38,2018-04-20T11:00:00,12.698263062713739,9.98900032043457
38,2018-04-20T12:00:00,10.873064032845097,10.340999603271484
38,2018-04-20T13:00:00,11.831856984954106,11.748000144958494
38,2018-04-20T14:00:00,5.511102959879578,12.380999565124512
38,2018-04-20T15:00:00,11.252616605065061,12.944000244140623
38,2018-04-20T16:00:00,9.36768483878871,13.435999870300291
38,2018-04-20T17:00:00,12.062474771354507,12.87399959564209
38,2018-04-20T18:00:00,1.8281174215179679,12.239999771118164
38,2018-04-20T19:00:00,8.026961872152858,11.748000144958494
38,2018-04-20T20:00:00,13.005764413710562,11.255999565124512
38,2018-04-20T21:00:00,11.57912949119742,11.888999938964846
38,2018-04-20T22:00:00,7.663535466883243,11.043999671936035
39,2018-04-17T23:00:00,3.9120907481096676,7.668000221252441
39,2018-04-18T00:00:00,9.039544178228184,7.456999778747559
39,2018-04-18T01:00:00,8.10388216784121,7.245999813079834
39,2018-04-18T02:00:00,11.315626456415519,7.386000156402588
39,2018-04-18T03:00:00,9.890685561786903,7.245999813079834
39,2018-04-18T04:00:00,9.937528389147005,7.245999813079834
39,2018-04-18T05:00:00,5.487422802973946,7.245999813079834
39,2018-04-18T06:00:00,11.059835343162623,6.964000225067139
39,2018-04-18T07:00:00,9.165818452567143,7.73799991607666
39,2018-04-18T08:00:00,11.07328615699327,9.145000457763672
39,2018-04-18T09:00:00,6.853029678322493,8.722999572753906
39,2018-04-18T10:00:00,6.941337459409754,9.637999534606934
39,2018-04-18T11:00:00,9.669412711469974,9.21500015258789
39,2018-04-18T12:00:00,8.899093554093419,9.28600025177002
39,2018-04-18T13:00:00,15.671132965641355,9.98900032043457
39,2018-04-18T14:00:00,7.172883776300287,11.1850004196167
39,2018-04-18T15:00:00,15.824473247177492,11.536999702453612
39,2018-04-18T16:00:00,11.146505916275572,12.310999870300291
39,2018-04-18T17:00:00,9.656216204856532,12.661999702453612
39,2018-04-18T18:00:00,13.502250254604991,11.817999839782717
39,2018-04-18T19:00:00,5.280135490877978,10.130000114440918
39,2018-04-18T20:00:00,9.793627464988933,9.98900032043457
39,2018-04-18T21:00:00,14.323529076567102,9.355999946594238
39,2018-04-18T22:00:00,6.862361994193424,9.003999710083008
39,2018-04-18T23:00:00,1.2248714273749872,8.934000015258789
39,2018-04-19T00:00:00,12.666297132777329,8.51200008392334
39,2018-04-19T01:00:00,4.368429750933911,8.442000389099121
39,2018-04-19T02:00:00,10.64119517962887,8.371000289916992
39,2018-04-19T03:00:00,14.168616590352661,8.230999946594237
39,2018-04-19T04:00:00,7.919125253399123,8.020000457763674
39,2018-04-19T05:00:00,7.889150005170192,8.020000457763674
39,2018-04-19T06:00:00,10.073197671384847,7.526999950408935
39,2018-04-19T07:00:00,4.7410512604350625,8.090000152587889
39,2018-04-19T08:00:00,14.156516348048832,9.074999809265137
39,2018-04-19T09:00:00,9.912085552242774,9.28600025177002
39,2018-04-19T10:00:00,9.756268663977181,9.918999671936035
39,2018-04-19T11:00:00,11.467529471719818,9.777999877929688
39,2018-04-19T12:00:00,6.0566498218186755,10.270999908447266
39,2018-04-19T13:00:00,12.850038124568929,11.043999671936035
39,2018-04-19T14:00:00,9.882369304639592,11.888999938964846
39,2018-04-19T15:00:00,8.638012537171306,12.592000007629396
39,2018-04-19T16:00:00,10.137233660299122,12.522000312805176
39,2018-04-19T17:00:00,13.978167741082215,12.170000076293944
39,2018-04-19T18:00:00,8.88147978839628,11.607000350952148
39,2018-04-19T19:00:00,1.735718924200624,10.41100025177002
39,2018-04-19T20:00:00,10.35408069458498,9.848999977111816
39,2018-04-19T21:00:00,5.057836501101541,9.355999946594238
39,2018-04-19T22:00:00,13.20010866486501,8.934000015258789
39,2018-04-19T23:00:00,7.531700901504005,8.51200008392334
39,2018-04-20T00:00:00,12.033970436209602,8.51200008392334
39,2018-04-20T01:00:00,10.778323062460917,8.652999877929688
39,2018-04-20T02:00:00,8.26528179598997,8.793000221252441
39,2018-04-20T03:00:00,11.603588966443557,8.371000289916992
39,2018-04-20T04:00:00,3.5087170584299567,8.300999641418457
39,2018-04-20T05:00:00,15.632153905412194,8.090000152587889
39,2018-04-20T06:00:00,12.926016754764323,8.371000289916992
39,2018-04-20T07:00:00,8.327371669300923,9.145000457763672
39,2018-04-20T08:00:00,2.2319521165262817,9.003999710083008
39,2018-04-20T09:00:00,9.804589183033375,8.86400032043457
39,2018-04-20T10:00:00,9.866512054793823,9.496999740600586
39,2018-04-20T11:00:00,1.3290988762475067,9.98900032043457
39,2018-04-20T12:00:00,7.84835754594396,10.340999603271484
39,2018-04-20T13:00:00,15.79154360107602,11.748000144958494
39,2018-04-20T14:00:00,10.127430909469808,12.380999565124512
39,2018-04-20T15:00:00,15.344393842149477,12.944000244140623
39,2018-04-20T16:00:00,6.877815349732298,13.435999870300291
39,2018-04-20T17:00:00,11.369781938047895,12.87399959564209
39,2018-04-20T18:00:00,8.521994827951298,12.239999771118164
39,2018-04-20T19:00:00,6.038691759650028,11.748000144958494
39,2018-04-20T20:00:00,14.554867366518389,11.255999565124512
39,2018-04-20T21:00:00,9.093192619120668,11.888999938964846
39,2018-04-20T22:00:00,8.967397963777948,11.043999671936035
39,2018-04-20T23:00:00,3.8608712447124542,10.904000282287598
39,2018-04-21T00:00:00,10.055793701803331,10.973999977111816
39,2018-04-21T01:00:00,11.062109275383872,10.904000282287598
39,2018-04-21T02:00:00,6.374301271000018,11.326000213623049
39,2018-04-21T03:00:00,15.44074157328968,10.340999603271484
39,2018-04-21T04:00:00,13.784228752973357,9.56700038909912
39,2018-04-21T05:00:00,6.816279012715274,10.270999908447266
39,2018-04-21T06:00:00,10.02062814735435,10.340999603271484
39,2018-04-21T07:00:00,13.03221330876595,10.340999603271484
39,2018-04-21T08:00:00,7.871372351632463,10.0600004196167
39,2018-04-21T09:00:00,13.696879927731164,10.621999740600586
39,2018-04-21T10:00:00,11.550155065234375,10.762999534606934
39,2018-04-21T11:00:00,13.234467980099907,10.482000350952148
39,2018-04-21T12:00:00,11.370647103690295,11.255999565124512
39,2018-04-21T13:00:00,12.35594173573632,11.255999565124512
39,2018-04-21T14:00:00,5.77998029205601,9.777999877929688
39,2018-04-21T15:00:00,11.722447450011146,10.270999908447266
39,2018-04-21T16:00:00,9.856739610202428,9.848999977111816
39,2018-04-21T17:00:00,12.607081837782083,9.56700038909912
39,2018-04-21T18:00:00,2.026578619431133,9.425999641418455
39,2018-04-21T19:00:00,8.471663352682157,9.355999946594238
39,2018-04-21T20:00:00,13.53312965387696,9.496999740600586
39,2018-04-21T21:00:00,12.079554560117511,9.003999710083008
39,2018-04-21T22:00:00,8.10528453066012,9.21500015258789
40,2018-04-18T23:00:00,4.1376812389867474,8.934000015258789
40,2018-04-19T00:00:00,9.733012842497445,8.51200008392334
40,2018-04-19T01:00:00,8.744829724569955,8.442000389099121
40,2018-04-19T02:00:00,12.015347219358947,8.371000289916992
40,2018-04-19T03:00:00,10.602368297911283,8.230999946594237
40,2018-04-19T04:00:00,10.646910413958128,8.020000457763674
40,2018-04-19T05:00:00,5.90630638214571,8.020000457763674
40,2018-04-19T06:00:00,11.80254066174705,7.526999950408935
40,2018-04-19T07:00:00,9.855863084363197,8.090000152587889
40,2018-04-19T08:00:00,11.813536410525908,9.074999809265137
40,2018-04-19T09:00:00,7.354296813042346,9.28600025177002
40,2018-04-19T10:00:00,7.4448852800388465,9.918999671936035
40,2018-04-19T11:00:00,10.386613729228168,9.777999877929688
40,2018-04-19T12:00:00,9.564222317702146,10.270999908447266
40,2018-04-19T13:00:00,16.336097285645724,11.043999671936035
40,2018-04-19T14:00:00,7.71948394484385,11.888999938964846
40,2018-04-19T15:00:00,16.48280449959307,12.592000007629396
40,2018-04-19T16:00:00,11.874465011958478,12.522000312805176
40,2018-04-19T17:00:00,10.370275924023595,12.170000076293944
40,2018-04-19T18:00:00,14.250919574484676,11.607000350952148
40,2018-04-19T19:00:00,5.64194676471018,10.41100025177002
40,2018-04-19T20:00:00,10.4983158767835,9.848999977111816
40,2018-04-19T21:00:00,15.020832462707666,9.355999946594238
40,2018-04-19T22:00:00,7.361347361878165,8.934000015258789
40,2018-04-19T23:00:00,1.7133799192856962,8.51200008392334
40,2018-04-20T00:00:00,13.449712669221494,8.51200008392334
40,2018-04-20T01:00:00,4.595463810218739,8.652999877929688
40,2018-04-20T02:00:00,11.352108645891526,8.793000221252441
40,2018-04-20T03:00:00,14.874184113747555,8.371000289916992
40,2018-04-20T04:00:00,8.539745419603076,8.300999641418457
40,2018-04-20T05:00:00,8.509041006209664,8.090000152587889
40,2018-04-20T06:00:00,10.757605267070943,8.371000289916992
40,2018-04-20T07:00:00,5.032319993604144,9.145000457763672
40,2018-04-20T08:00:00,14.86273310374718,9.003999710083008
40,2018-04-20T09:00:00,10.60499116203969,8.86400032043457
40,2018-04-20T10:00:00,10.457999976471596,9.496999740600586
40,2018-04-20T11:00:00,12.143756269307545,9.98900032043457
40,2018-04-20T12:00:00,6.515491609108807,10.340999603271484
40,2018-04-20T13:00:00,13.62413250254558,11.748000144958494
40,2018-04-20T14:00:00,10.575702197439345,12.380999565124512
40,2018-04-20T15:00:00,9.275594893637845,12.944000244140623
40,2018-04-20T16:00:00,10.815241626219887,13.435999870300291
40,2018-04-20T17:00:00,14.695033855643333,12.87399959564209
40,2018-04-20T18:00:00,9.533591206945065,12.239999771118164
40,2018-04-20T19:00:00,2.171242546023235,11.748000144958494
40,2018-04-20T20:00:00,11.028608354088504,11.255999565124512
40,2018-04-20T21:00:00,5.402966799862403,11.888999938964846
40,2018-04-20T22:00:00,13.963717394573937,11.043999671936035
40,2018-04-20T23:00:00,8.14787820716694,10.904000282287598
40,2018-04-21T00:00:00,12.761671065024924,10.973999977111816
40,2018-04-21T01:00:00,11.490237564556944,10.904000282287598
40,2018-04-21T02:00:00,8.894710458686916,11.326000213623049
40,2018-04-21T03:00:00,12.272635608251496,10.340999603271484
40,2018-04-21T04:00:00,3.757866004330623,9.56700038909912
40,2018-04-21T05:00:00,16.278019342778443,10.270999908447266
40,2018-04-21T06:00:00,13.694766731489908,10.340999603271484
40,2018-04-21T07:00:00,8.957888352952658,10.340999603271484
40,2018-04-21T08:00:00,2.6120413517790073,10.0600004196167
40,2018-04-21T09:00:00,10.498847627801057,10.621999740600586
40,2018-04-21T10:00:00,10.557085468593604,10.762999534606934
40,2018-04-21T11:00:00,1.8038069433551396,10.482000350952148
40,2018-04-21T12:00:00,8.471051523047231,11.255999565124512
40,2018-04-21T13:00:00,16.429572522715134,11.255999565124512
40,2018-04-21T14:00:00,10.802628512472808,9.777999877929688
40,2018-04-21T15:00:00,15.999249882199779,10.270999908447266
40,2018-04-21T16:00:00,7.4149873877462085,9.848999977111816
40,2018-04-21T17:00:00,12.067427950904753,9.56700038909912
40,2018-04-21T18:00:00,9.155266100845573,9.425999641418455
40,2018-04-21T19:00:00,6.514213716486815,9.355999946594238
40,2018-04-21T20:00:00,15.23979649389623,9.496999740600586
40,2018-04-21T21:00:00,9.778054063682063,9.003999710083008
40,2018-04-21T22:00:00,9.636118134798142,9.21500015258789
40,2018-04-21T23:00:00,4.110383984152309,9.145000457763672
40,2018-04-22T00:00:00,10.734319794029073,9.56700038909912
40,2018-04-22T01:00:00,11.792178357584815,9.708000183105469
40,2018-04-22T02:00:00,6.876223387618422,9.637999534606934
40,2018-04-22T03:00:00,16.090295374642174,9.708000183105469
40,2018-04-22T04:00:00,14.512673936775998,7.0349998474121085
40,2018-04-22T05:00:00,7.351279731775298,8.652999877929688
40,2018-04-22T06:00:00,10.700918081781147,9.355999946594238
40,2018-04-22T07:00:00,13.795685123322889,8.51200008392334
40,2018-04-22T08:00:00,8.495688026895763,9.98900032043457
40,2018-04-22T09:00:00,14.431390166297065,10.340999603271484
40,2018-04-22T10:00:00,12.221643058383371,9.918999671936035
40,2018-04-22T11:00:00,13.992672294436902,9.425999641418455
40,2018-04-22T12:00:00,12.075114214013347,9.637999534606934
40,2018-04-22T13:00:00,13.108520706873264,9.496999740600586
40,2018-04-22T14:00:00,6.218049919906557,9.355999946594238
40,2018-04-22T15:00:00,12.393504808219875,9.918999671936035
40,2018-04-22T16:00:00,10.546235032576023,10.0600004196167
40,2018-04-22T17:00:00,13.377506870286606,10.270999908447266
40,2018-04-22T18:00:00,2.4174376092089354,10.0600004196167
40,2018-04-22T19:00:00,9.103596849649605,9.98900032043457
40,2018-04-22T20:00:00,14.279877066778695,8.371000289916992
40,2018-04-22T21:00:00,12.8108089410716,8.442000389099121
40,2018-04-22T22:00:00,8.733016544292617,7.73799991607666
41,2018-04-19T23:00:00,4.722271335027759,8.51200008392334
41,2018-04-20T00:00:00,10.821235388731719,8.51200008392334
41,2018-04-20T01:00:00,9.771804018337328,8.652999877929688
41,2018-04-20T02:00:00,13.201392450891767,8.793000221252441
41,2018-04-20T03:00:00,11.737906773698471,8.371000289916992
41,2018-04-20T04:00:00,11.783806871138989,8.300999641418457
41,2018-04-20T05:00:00,6.641231644014292,8.090000152587889
41,2018-04-20T06:00:00,13.047084334202161,8.371000289916992
41,2018-04-20T07:00:00,10.948867288679363,9.145000457763672
41,2018-04-20T08:00:00,13.060811429393098,9.003999710083008
41,2018-04-20T09:00:00,8.276865651338044,8.86400032043457
41,2018-04-20T10:00:00,8.377704058583603,9.496999740600586
41,2018-04-20T11:00:00,11.538610992989343,9.98900032043457
41,2018-04-20T12:00:00,10.63397833319224,10.340999603271484
41,2018-04-20T13:00:00,17.4367493648902,11.748000144958494
41,2018-04-20T14:00:00,8.694057696371857,12.380999565124512
41,2018-04-20T15:00:00,17.5681293656568,12.944000244140623
41,2018-04-20T16:00:00,13.125024798862022,13.435999870300291
41,2018-04-20T17:00:00,11.531358679945548,12.87399959564209
41,2018-04-20T18:00:00,15.548368920339875,12.239999771118164
41,2018-04-20T19:00:00,6.356649735981204,11.748000144958494
41,2018-04-20T20:00:00,11.660750454704797,11.255999565124512
41,2018-04-20T21:00:00,16.3179261982814,11.888999938964846
41,2018-04-20T22:00:00,8.304500242892672,11.043999671936035
41,2018-04-20T23:00:00,2.6845180135833804,10.904000282287598
41,2018-04-21T00:00:00,14.776048708306185,10.973999977111816
41,2018-04-21T01:00:00,5.193602596899261,10.904000282287598
41,2018-04-21T02:00:00,12.578094835161085,11.326000213623049
41,2018-04-21T03:00:00,16.18087290134885,10.340999603271484
41,2018-04-21T04:00:00,9.6048450409424,9.56700038909912
41,2018-04-21T05:00:00,9.575229871004701,10.270999908447266
41,2018-04-21T06:00:00,11.92612133136505,10.340999603271484
41,2018-04-21T07:00:00,5.699105649118689,10.340999603271484
41,2018-04-21T08:00:00,16.173751839808215,10.0600004196167
41,2018-04-21T09:00:00,11.78059162835825,10.621999740600586
41,2018-04-21T10:00:00,11.63833664912096,10.762999534606934
41,2018-04-21T11:00:00,13.35498048923312,10.482000350952148
41,2018-04-21T12:00:00,7.385954701451302,11.255999565124512
41,2018-04-21T13:00:00,14.958101068194367,11.255999565124512
41,2018-04-21T14:00:00,11.757832036126628,9.777999877929688
41,2018-04-21T15:00:00,10.364637062095417,10.270999908447266
41,2018-04-21T16:00:00,11.993603422748794,9.848999977111816
41,2018-04-21T17:00:00,16.014867824603765,9.56700038909912
41,2018-04-21T18:00:00,10.644208359150488,9.425999641418455
41,2018-04-21T19:00:00,3.0897678913204896,9.355999946594238
41,2018-04-21T20:00:00,12.218591181153808,9.496999740600586
41,2018-04-21T21:00:00,6.1400212140303125,9.003999710083008
41,2018-04-21T22:00:00,15.290258246713464,9.21500015258789
41,2018-04-21T23:00:00,9.229793678969493,9.145000457763672
41,2018-04-22T00:00:00,14.110978560801275,9.56700038909912
41,2018-04-22T01:00:00,12.7535147445446,9.708000183105469
41,2018-04-22T02:00:00,9.994411977684578,9.637999534606934
41,2018-04-22T03:00:00,13.501031001681826,9.708000183105469
41,2018-04-22T04:00:00,4.425265922902236,7.0349998474121085
41,2018-04-22T05:00:00,17.45170552496151,8.652999877929688
41,2018-04-22T06:00:00,15.047048827676363,9.355999946594238
41,2018-04-22T07:00:00,10.064454826065386,8.51200008392334
41,2018-04-22T08:00:00,3.464142082081917,9.98900032043457
41,2018-04-22T09:00:00,11.703991207741272,10.340999603271484
41,2018-04-22T10:00:00,11.761611809065926,9.918999671936035
41,2018-04-22T11:00:00,2.788448621086335,9.425999641418455
41,2018-04-22T12:00:00,9.57927202619422,9.637999534606934
41,2018-04-22T13:00:00,17.594432252390956,9.496999740600586
41,2018-04-22T14:00:00,12.00406181104274,9.355999946594238
41,2018-04-22T15:00:00,17.21984012051094,9.918999671936035
41,2018-04-22T16:00:00,8.440267099806524,10.0600004196167
41,2018-04-22T17:00:00,13.34154458055536,10.270999908447266
41,2018-04-22T18:00:00,10.275958330051214,10.0600004196167
41,2018-04-22T19:00:00,7.445815344257818,9.98900032043457
41,2018-04-22T20:00:00,16.559131644474174,8.371000289916992
41,2018-04-22T21:00:00,10.96470338444058,8.442000389099121
41,2018-04-22T22:00:00,10.803540634162431,7.73799991607666
41,2018-04-22T23:00:00,4.785438584111171,7.105000019073486
41,2018-04-23T00:00:00,11.946343996282303,6.752999782562256
41,2018-04-23T01:00:00,13.110884007669675,6.401999950408936
41,2018-04-23T02:00:00,7.864366195034966,5.839000225067139
41,2018-04-23T03:00:00,17.31267157481553,5.908999919891357
41,2018-04-23T04:00:00,15.866963665572328,5.416999816894531
41,2018-04-23T05:00:00,8.385393799474214,4.994999885559082
41,2018-04-23T06:00:00,11.918535950322934,5.135000228881836
41,2018-04-23T07:00:00,15.169310328829114,4.64300012588501
41,2018-04-23T08:00:00,9.624045033912598,4.361999988555908
41,2018-04-23T09:00:00,15.78934997113123,4.290999889373778
41,2018-04-23T10:00:00,13.476061347974081,3.6579999923706055
41,2018-04-23T11:00:00,15.359969010585212,3.16599988937378
41,2018-04-23T12:00:00,13.37219139668894,3.5169999599456787
41,2018-04-23T13:00:00,14.50084974800673,3.236000061035156
41,2018-04-23T14:00:00,7.102799112424638,3.236000061035156
41,2018-04-23T15:00:00,13.664156074274695,3.7279999256134033
41,2018-04-23T16:00:00,11.7753758859654,5.205999851226807
41,2018-04-23T17:00:00,14.777304926735829,5.697999954223633
41,2018-04-23T18:00:00,3.303654752409992,5.205999851226807
41,2018-04-23T19:00:00,10.244778383077378,5.557000160217285
41,2018-04-23T20:00:00,15.644611528337066,4.64300012588501
41,2018-04-23T21:00:00,14.202659594220938,5.486999988555908
41,2018-04-23T22:00:00,9.87332747116318,6.050000190734862
42,2018-04-20T23:00:00,4.768017167535856,10.904000282287598
42,2018-04-21T00:00:00,10.89426243002539,10.973999977111816
42,2018-04-21T01:00:00,9.844825230862241,10.904000282287598
42,2018-04-21T02:00:00,13.235287018568757,11.326000213623049
42,2018-04-21T03:00:00,11.78158107577354,10.340999603271484
42,2018-04-21T04:00:00,11.824280206353988,9.56700038909912
42,2018-04-21T05:00:00,6.73526873455898,10.270999908447266
42,2018-04-21T06:00:00,13.041546926362678,10.340999603271484
42,2018-04-21T07:00:00,10.979623196784118,10.340999603271484
42,2018-04-21T08:00:00,13.045259388261321,10.0600004196167
42,2018-04-21T09:00:00,8.271136547263596,10.621999740600586
42,2018-04-21T10:00:00,8.368491285792532,10.762999534606934
42,2018-04-21T11:00:00,11.51597798923531,10.482000350952148
42,2018-04-21T12:00:00,10.663802822495107,11.255999565124512
42,2018-04-21T13:00:00,17.47788628089154,11.255999565124512
42,2018-04-21T14:00:00,8.680585435064371,9.777999877929688
42,2018-04-21T15:00:00,17.609582019034768,10.270999908447266
42,2018-04-21T16:00:00,13.081267313314797,9.848999977111816
42,2018-04-21T17:00:00,11.492202294454735,9.56700038909912
42,2018-04-21T18:00:00,15.510682088156296,9.425999641418455
42,2018-04-21T19:00:00,6.3865908540149,9.355999946594238
42,2018-04-21T20:00:00,11.621764693497502,9.496999740600586
42,2018-04-21T21:00:00,16.24670651690501,9.003999710083008
42,2018-04-21T22:00:00,8.269801063098274,9.21500015258789
42,2018-04-21T23:00:00,2.619935142081694,9.145000457763672
42,2018-04-22T00:00:00,14.727693201168886,9.56700038909912
42,2018-04-22T01:00:00,5.192038655279985,9.708000183105469
42,2018-04-22T02:00:00,12.520237508744117,9.637999534606934
42,2018-04-22T03:00:00,16.10416825856181,9.708000183105469
42,2018-04-22T04:00:00,9.57040147391687,7.0349998474121085
42,2018-04-22T05:00:00,9.538408948296688,8.652999877929688
42,2018-04-22T06:00:00,11.875289986670767,9.355999946594238
42,2018-04-22T07:00:00,5.699184616998144,8.51200008392334
42,2018-04-22T08:00:00,16.091525478322747,9.98900032043457
42,2018-04-22T09:00:00,11.72037689239868,10.340999603271484
42,2018-04-22T10:00:00,11.573308598277915,9.918999671936035
42,2018-04-22T11:00:00,13.29144045226087,9.425999641418455
42,2018-04-22T12:00:00,7.355784626239251,9.637999534606934
42,2018-04-22T13:00:00,14.883565690902836,9.496999740600586
42,2018-04-22T14:00:00,11.6883704000227,9.355999946594238
42,2018-04-22T15:00:00,10.329837467229087,9.918999671936035
42,2018-04-22T16:00:00,11.924251798029566,10.0600004196167
42,2018-04-22T17:00:00,15.92380998318017,10.270999908447266
42,2018-04-22T18:00:00,10.599493036969067,10.0600004196167
42,2018-04-22T19:00:00,3.006425391678551,9.98900032043457
42,2018-04-22T20:00:00,12.140207451315558,8.371000289916992
42,2018-04-22T21:00:00,6.124404830069404,8.442000389099121
42,2018-04-22T22:00:00,15.203077034919326,7.73799991607666
42,2018-04-22T23:00:00,9.164019574042497,7.105000019073486
42,2018-04-23T00:00:00,13.995115044301576,6.752999782562256
42,2018-04-23T01:00:00,12.646433485775896,6.401999950408936
42,2018-04-23T02:00:00,9.93127996658225,5.839000225067139
42,2018-04-23T03:00:00,13.409303987768025,5.908999919891357
42,2018-04-23T04:00:00,4.383386671389527,5.416999816894531
42,2018-04-23T05:00:00,17.384242304552448,4.994999885559082
42,2018-04-23T06:00:00,14.936931466745449,5.135000228881836
42,2018-04-23T07:00:00,9.992878429538365,4.64300012588501
42,2018-04-23T08:00:00,3.3812445619489857,4.361999988555908
42,2018-04-23T09:00:00,11.600462169924088,4.290999889373778
42,2018-04-23T10:00:00,11.656789270156597,3.6579999923706055
42,2018-04-23T11:00:00,2.6765635732601982,3.16599988937378
42,2018-04-23T12:00:00,9.49152239125629,3.5169999599456787
42,2018-04-23T13:00:00,17.514161693590612,3.236000061035156
42,2018-04-23T14:00:00,11.894099360194957,3.236000061035156
42,2018-04-23T15:00:00,17.119172367460298,3.7279999256134033
42,2018-04-23T16:00:00,8.346515758465529,5.205999851226807
42,2018-04-23T17:00:00,13.211227354351376,5.697999954223633
42,2018-04-23T18:00:00,10.186297475679527,5.205999851226807
42,2018-04-23T19:00:00,7.358991582235486,5.557000160217285
42,2018-04-23T20:00:00,16.421116244002906,4.64300012588501
42,2018-04-23T21:00:00,10.852258623686136,5.486999988555908
42,2018-04-23T22:00:00,10.695847819277208,6.050000190734862
42,2018-04-23T23:00:00,4.725840883900789,5.135000228881836
42,2018-04-24T00:00:00,11.819960989740672,6.261000156402588
42,2018-04-24T01:00:00,12.95614031290085,6.401999950408936
42,2018-04-24T02:00:00,7.756638115336711,6.61299991607666
42,2018-04-24T03:00:00,17.190558270910508,6.261000156402588
42,2018-04-24T04:00:00,15.714154092432313,6.683000087738037
42,2018-04-24T05:00:00,8.272527809165092,6.330999851226808
42,2018-04-24T06:00:00,11.783475979859713,6.752999782562256
42,2018-04-24T07:00:00,15.012683943317201,6.541999816894531
42,2018-04-24T08:00:00,9.505347546313404,6.261000156402588
42,2018-04-24T09:00:00,15.62989587250685,6.964000225067139
42,2018-04-24T10:00:00,13.328972466944313,6.4720001220703125
42,2018-04-24T11:00:00,15.199518410252505,7.105000019073486
42,2018-04-24T12:00:00,13.211761971851846,7.175000190734862
42,2018-04-24T13:00:00,14.32892549851986,8.020000457763674
42,2018-04-24T14:00:00,7.010818649527067,8.159999847412111
42,2018-04-24T15:00:00,13.509326354297134,8.652999877929688
42,2018-04-24T16:00:00,11.627210589442914,8.230999946594237
42,2018-04-24T17:00:00,14.601554592887334,7.668000221252441
42,2018-04-24T18:00:00,3.1872041110222114,8.442000389099121
42,2018-04-24T19:00:00,10.11679563172445,7.948999881744385
42,2018-04-24T20:00:00,15.4725692128385,7.809000015258789
42,2018-04-24T21:00:00,14.019711637436096,7.73799991607666
42,2018-04-24T22:00:00,9.739464483851611,7.386000156402588
43,2018-04-21T23:00:00,5.103468167859797,9.145000457763672
43,2018-04-22T00:00:00,11.339747726911757,9.56700038909912
43,2018-04-22T01:00:00,10.290693552452211,9.708000183105469
43,2018-04-22T02:00:00,13.78605178902236,9.637999534606934
43,2018-04-22T03:00:00,12.297325068242905,9.708000183105469
43,2018-04-22T04:00:00,12.346557514761646,7.0349998474121085
43,2018-04-22T05:00:00,7.099915518906206,8.652999877929688
43,2018-04-22T06:00:00,13.65203004681847,9.355999946594238
43,2018-04-22T07:00:00,11.501202034051966,8.51200008392334
43,2018-04-22T08:00:00,13.668787688182144,9.98900032043457
43,2018-04-22T09:00:00,8.804608976051659,10.340999603271484
43,2018-04-22T10:00:00,8.909284499172472,9.918999671936035
43,2018-04-22T11:00:00,12.115113533214597,9.425999641418455
43,2018-04-22T12:00:00,11.184240087085367,9.637999534606934
43,2018-04-22T13:00:00,18.014067048374578,9.496999740600586
43,2018-04-22T14:00:00,9.237617693255242,9.355999946594238
43,2018-04-22T15:00:00,18.142436860241812,9.918999671936035
43,2018-04-22T16:00:00,13.742315164988689,10.0600004196167
43,2018-04-22T17:00:00,12.117548467569264,10.270999908447266
43,2018-04-22T18:00:00,16.184267192748166,10.0600004196167
43,2018-04-22T19:00:00,6.83070993385155,9.98900032043457
43,2018-04-22T20:00:00,12.250546167574358,8.371000289916992
43,2018-04-22T21:00:00,16.97164904956975,8.442000389099121
43,2018-04-22T22:00:00,8.851785862117577,7.73799991607666
43,2018-04-22T23:00:00,3.228039623798935,7.105000019073486
43,2018-04-23T00:00:00,15.42653001960118,6.752999782562256
43,2018-04-23T01:00:00,5.657521158629674,6.401999950408936
43,2018-04-23T02:00:00,13.195409477146653,5.839000225067139
43,2018-04-23T03:00:00,16.841417772157,5.908999919891357
43,2018-04-23T04:00:00,10.183901597554776,5.416999816894531
43,2018-04-23T05:00:00,10.15604325388286,4.994999885559082
43,2018-04-23T06:00:00,12.527714070553685,5.135000228881836
43,2018-04-23T07:00:00,6.181064435722357,4.64300012588501
43,2018-04-23T08:00:00,16.840347612787117,4.361999988555908
43,2018-04-23T09:00:00,12.388010716488456,4.290999889373778
43,2018-04-23T10:00:00,12.248854494510518,3.6579999923706055
43,2018-04-23T11:00:00,13.979863917181321,3.16599988937378
43,2018-04-23T12:00:00,7.922239638352574,3.5169999599456787
43,2018-04-23T13:00:00,15.622795233998973,3.236000061035156
43,2018-04-23T14:00:00,12.372247715276181,3.236000061035156
43,2018-04-23T15:00:00,10.950690021700783,3.7279999256134033
43,2018-04-23T16:00:00,12.607483544286325,5.205999851226807
43,2018-04-23T17:00:00,16.688726371252677,5.697999954223633
43,2018-04-23T18:00:00,11.238270785322669,5.205999851226807
43,2018-04-23T19:00:00,3.6429008632509188,5.557000160217285
43,2018-04-23T20:00:00,12.839187153738935,4.64300012588501
43,2018-04-23T21:00:00,6.647961762276418,5.486999988555908
43,2018-04-23T22:00:00,15.954231538557792,6.050000190734862
43,2018-04-23T23:00:00,9.832545866299606,5.135000228881836
43,2018-04-24T00:00:00,14.812982436144624,6.261000156402588
43,2018-04-24T01:00:00,13.40384402038964,6.401999950408936
43,2018-04-24T02:00:00,10.597565017605582,6.61299991607666
43,2018-04-24T03:00:00,14.147009561185197,6.261000156402588
43,2018-04-24T04:00:00,4.934030220967319,6.683000087738037
43,2018-04-24T05:00:00,18.094194908309895,6.330999851226808
43,2018-04-24T06:00:00,15.731933114364082,6.752999782562256
43,2018-04-24T07:00:00,10.672054773822008,6.541999816894531
43,2018-04-24T08:00:00,4.0144035348235825,6.261000156402588
43,2018-04-24T09:00:00,12.340791503167308,6.964000225067139
43,2018-04-24T10:00:00,12.398476889974722,6.4720001220703125
43,2018-04-24T11:00:00,3.3682459400996176,7.105000019073486
43,2018-04-24T12:00:00,10.196914783117894,7.175000190734862
43,2018-04-24T13:00:00,18.2392225686081,8.020000457763674
43,2018-04-24T14:00:00,12.640711902982554,8.159999847412111
43,2018-04-24T15:00:00,17.883933747114725,8.652999877929688
43,2018-04-24T16:00:00,9.04275230382316,8.230999946594237
43,2018-04-24T17:00:00,14.007310690934325,7.668000221252441
43,2018-04-24T18:00:00,10.891103237638557,8.442000389099121
43,2018-04-24T19:00:00,8.024961006119161,7.948999881744385
43,2018-04-24T20:00:00,17.25783066239176,7.809000015258789
43,2018-04-24T21:00:00,11.602703024666454,7.73799991607666
43,2018-04-24T22:00:00,11.434828498228534,7.386000156402588
43,2018-04-24T23:00:00,5.307258671813997,7.668000221252441
43,2018-04-25T00:00:00,12.591616204706867,7.456999778747559
43,2018-04-25T01:00:00,13.794009113322023,7.315999984741211
43,2018-04-25T02:00:00,8.46586308382957,7.809000015258789
43,2018-04-25T03:00:00,17.983019975956026,7.526999950408935
43,2018-04-25T04:00:00,16.567185167067738,6.541999816894531
43,2018-04-25T05:00:00,8.99642117019416,7.0349998474121085
43,2018-04-25T06:00:00,12.568208351116693,7.879000186920166
43,2018-04-25T07:00:00,15.873812388182465,9.074999809265137
43,2018-04-25T08:00:00,10.256023013714293,8.020000457763674
43,2018-04-25T09:00:00,16.490030203295735,8.51200008392334
43,2018-04-25T10:00:00,14.1421253062152,9.496999740600586
43,2018-04-25T11:00:00,16.060139449960175,9.145000457763672
43,2018-04-25T12:00:00,14.05278001016471,9.56700038909912
43,2018-04-25T13:00:00,15.228646866321927,8.86400032043457
43,2018-04-25T14:00:00,7.668586066252368,9.848999977111816
43,2018-04-25T15:00:00,14.342428100928073,10.199999809265137
43,2018-04-25T16:00:00,12.433157637384689,9.98900032043457
43,2018-04-25T17:00:00,15.502863224580857,10.552000045776367
43,2018-04-25T18:00:00,3.8793406265562727,10.270999908447266
43,2018-04-25T19:00:00,10.875983525055656,9.425999641418455
43,2018-04-25T20:00:00,16.34557648360559,8.51200008392334
43,2018-04-25T21:00:00,14.939755196205857,9.074999809265137
43,2018-04-25T22:00:00,10.509934108853365,8.934000015258789
44,2018-04-22T23:00:00,5.426742716495996,7.105000019073486
44,2018-04-23T00:00:00,11.61316802574774,6.752999782562256
44,2018-04-23T01:00:00,10.552754224851908,6.401999950408936
44,2018-04-23T02:00:00,14.05771750783278,5.839000225067139
44,2018-04-23T03:00:00,12.549649154239226,5.908999919891357
44,2018-04-23T04:00:00,12.598834382426803,5.416999816894531
44,2018-04-23T05:00:00,7.34005078651475,4.994999885559082
44,2018-04-23T06:00:00,13.926574358982542,5.135000228881836
44,2018-04-23T07:00:00,11.75139937716564,4.64300012588501
44,2018-04-23T08:00:00,13.946794533428431,4.361999988555908
44,2018-04-23T09:00:00,9.079030019424707,4.290999889373778
44,2018-04-23T10:00:00,9.187881996700439,3.6579999923706055
44,2018-04-23T11:00:00,12.377906971908075,3.16599988937378
44,2018-04-23T12:00:00,11.441553370209098,3.5169999599456787
44,2018-04-23T13:00:00,18.2846248258478,3.236000061035156
44,2018-04-23T14:00:00,9.519206010449938,3.236000061035156
44,2018-04-23T15:00:00,18.414495055920735,3.7279999256134033
44,2018-04-23T16:00:00,14.034127776923786,5.205999851226807
44,2018-04-23T17:00:00,12.391927993268661,5.697999954223633
44,2018-04-23T18:00:00,16.477143173251086,5.205999851226807
44,2018-04-23T19:00:00,7.099296419524945,5.557000160217285
44,2018-04-23T20:00:00,12.53008641081824,4.64300012588501
44,2018-04-23T21:00:00,17.294478252132105,5.486999988555908
44,2018-04-23T22:00:00,9.15075073574544,6.050000190734862
44,2018-04-23T23:00:00,3.5099849654360966,5.135000228881836
44,2018-04-24T00:00:00,15.729961010459542,6.261000156402588
44,2018-04-24T01:00:00,5.940468722785489,6.401999950408936
44,2018-04-24T02:00:00,13.492084977281285,6.61299991607666
44,2018-04-24T03:00:00,17.171718739296395,6.261000156402588
44,2018-04-24T04:00:00,10.478938594342534,6.683000087738037
44,2018-04-24T05:00:00,10.45282510297611,6.330999851226808
44,2018-04-24T06:00:00,12.821755256868682,6.752999782562256
44,2018-04-24T07:00:00,6.47198414705567,6.541999816894531
44,2018-04-24T08:00:00,17.177849399377322,6.261000156402588
44,2018-04-24T09:00:00,12.687107634245974,6.964000225067139
44,2018-04-24T10:00:00,12.550311853237536,6.4720001220703125
44,2018-04-24T11:00:00,14.302953645936093,7.105000019073486
44,2018-04-24T12:00:00,8.222061098780628,7.175000190734862
44,2018-04-24T13:00:00,15.942190391621587,8.020000457763674
44,2018-04-24T14:00:00,12.67735249506393,8.159999847412111
44,2018-04-24T15:00:00,11.254493472153179,8.652999877929688
44,2018-04-24T16:00:00,12.912620386051078,8.230999946594237
44,2018-04-24T17:00:00,17.02993650952629,7.668000221252441
44,2018-04-24T18:00:00,11.545061265610666,8.442000389099121
44,2018-04-24T19:00:00,3.943692516451682,7.948999881744385
44,2018-04-24T20:00:00,13.14801435247504,7.809000015258789
44,2018-04-24T21:00:00,6.952906401972768,7.73799991607666
44,2018-04-24T22:00:00,16.271546550755787,7.386000156402588
44,2018-04-24T23:00:00,10.151511058494416,7.668000221252441
44,2018-04-25T00:00:00,15.17105686698267,7.456999778747559
44,2018-04-25T01:00:00,13.72496430282869,7.315999984741211
44,2018-04-25T02:00:00,10.912431425921735,7.809000015258789
44,2018-04-25T03:00:00,14.485808995801582,7.526999950408935
44,2018-04-25T04:00:00,5.246038412773993,6.541999816894531
44,2018-04-25T05:00:00,18.43244651216071,7.0349998474121085
44,2018-04-25T06:00:00,16.06507481187751,7.879000186920166
44,2018-04-25T07:00:00,10.988736054208331,9.074999809265137
44,2018-04-25T08:00:00,4.324768703457924,8.020000457763674
44,2018-04-25T09:00:00,12.659144151597424,8.51200008392334
44,2018-04-25T10:00:00,12.71673495910581,9.496999740600586
44,2018-04-25T11:00:00,3.677557876841977,9.145000457763672
44,2018-04-25T12:00:00,10.51838938756515,9.56700038909912
44,2018-04-25T13:00:00,18.57768256998245,8.86400032043457
44,2018-04-25T14:00:00,12.958387542257405,9.848999977111816
44,2018-04-25T15:00:00,18.230193877167274,10.199999809265137
44,2018-04-25T16:00:00,9.375513050532238,9.98900032043457
44,2018-04-25T17:00:00,14.34355977767299,10.552000045776367
44,2018-04-25T18:00:00,11.209215280938158,10.270999908447266
44,2018-04-25T19:00:00,8.344897246057066,9.425999641418455
44,2018-04-25T20:00:00,17.61720856904839,8.51200008392334
44,2018-04-25T21:00:00,11.924204659402974,9.074999809265137
44,2018-04-25T22:00:00,11.755060050292885,8.934000015258789
44,2018-04-25T23:00:00,5.624823254080091,8.51200008392334
44,2018-04-26T00:00:00,12.91205893419575,8.722999572753906
44,2018-04-26T01:00:00,14.127381979396485,8.51200008392334
44,2018-04-26T02:00:00,8.795271577937182,9.21500015258789
44,2018-04-26T03:00:00,18.32888764798168,9.425999641418455
44,2018-04-26T04:00:00,16.910093232182163,9.355999946594238
44,2018-04-26T05:00:00,9.330186382245234,9.56700038909912
44,2018-04-26T06:00:00,12.88979474558796,9.074999809265137
44,2018-04-26T07:00:00,16.212329633355655,9.848999977111816
44,2018-04-26T08:00:00,10.579932301695102,10.270999908447266
44,2018-04-26T09:00:00,16.829309058591907,9.848999977111816
44,2018-04-26T10:00:00,14.480282228874014,9.98900032043457
44,2018-04-26T11:00:00,16.393376146300923,10.692999839782717
44,2018-04-26T12:00:00,14.390057665523868,10.833000183105469
44,2018-04-26T13:00:00,15.586581340995444,10.621999740600586
44,2018-04-26T14:00:00,7.985410958556308,11.114999771118164
44,2018-04-26T15:00:00,14.686955411245934,10.482000350952148
44,2018-04-26T16:00:00,12.756808037691082,11.607000350952148
44,2018-04-26T17:00:00,15.855611919332583,11.326000213623049
44,2018-04-26T18:00:00,4.199196674752155,10.0600004196167
44,2018-04-26T19:00:00,11.196427812596916,10.340999603271484
44,2018-04-26T20:00:00,16.677679238172928,9.777999877929688
44,2018-04-26T21:00:00,15.30427136904194,10.130000114440918
44,2018-04-26T22:00:00,10.83294574117966,10.482000350952148
45,2018-04-23T23:00:00,3.853396152438931,5.135000228881836
45,2018-04-24T00:00:00,9.26375870617032,6.261000156402588
45,2018-04-24T01:00:00,8.299669218132586,6.401999950408936
45,2018-04-24T02:00:00,11.593230551689047,6.61299991607666
45,2018-04-24T03:00:00,10.159257867810263,6.261000156402588
45,2018-04-24T04:00:00,10.208960504545281,6.683000087738037
45,2018-04-24T05:00:00,5.479011856037511,6.330999851226808
45,2018-04-24T06:00:00,11.355620399835384,6.752999782562256
45,2018-04-24T07:00:00,9.40637648533847,6.541999816894531
45,2018-04-24T08:00:00,11.373653202024343,6.261000156402588
45,2018-04-24T09:00:00,6.972503385910448,6.964000225067139
45,2018-04-24T10:00:00,7.070795356257946,6.4720001220703125
45,2018-04-24T11:00:00,9.958874677870408,7.105000019073486
45,2018-04-24T12:00:00,9.127008425577449,7.175000190734862
45,2018-04-24T13:00:00,15.952452062492618,8.020000457763674
45,2018-04-24T14:00:00,7.337721116875281,8.159999847412111
45,2018-04-24T15:00:00,16.10012631403328,8.652999877929688
45,2018-04-24T16:00:00,11.462674998896656,8.230999946594237
45,2018-04-24T17:00:00,9.958480683927013,7.668000221252441
45,2018-04-24T18:00:00,13.907210466292131,8.442000389099121
45,2018-04-24T19:00:00,5.282894000365648,7.948999881744385
45,2018-04-24T20:00:00,10.100799032570036,7.809000015258789
45,2018-04-24T21:00:00,14.736588662754592,7.73799991607666
45,2018-04-24T22:00:00,7.00787337543883,7.386000156402588
45,2018-04-24T23:00:00,1.2433450017182412,7.668000221252441
45,2018-04-25T00:00:00,13.056300746691647,7.456999778747559
45,2018-04-25T01:00:00,4.3407723878415325,7.315999984741211
45,2018-04-25T02:00:00,10.965523735854525,7.809000015258789
45,2018-04-25T03:00:00,14.597797806423458,7.526999950408935
45,2018-04-25T04:00:00,8.170247853748581,6.541999816894531
45,2018-04-25T05:00:00,8.14194840198184,7.0349998474121085
45,2018-04-25T06:00:00,10.39551431845127,7.879000186920166
45,2018-04-25T07:00:00,4.739176866002033,9.074999809265137
45,2018-04-25T08:00:00,14.595652974524228,8.020000457763674
45,2018-04-25T09:00:00,10.241018833724095,8.51200008392334
45,2018-04-25T10:00:00,10.088629823764357,9.496999740600586
45,2018-04-25T11:00:00,11.816942357264217,9.145000457763672
45,2018-04-25T12:00:00,6.144303632730875,9.56700038909912
45,2018-04-25T13:00:00,13.270949830243804,8.86400032043457
45,2018-04-25T14:00:00,10.218419766697952,9.848999977111816
45,2018-04-25T15:00:00,8.904527685396742,10.199999809265137
45,2018-04-25T16:00:00,10.472270479401296,9.98900032043457
45,2018-04-25T17:00:00,14.429935338464135,10.552000045776367
45,2018-04-25T18:00:00,9.163213353248903,10.270999908447266
45,2018-04-25T19:00:00,1.7586643432209144,9.425999641418455
45,2018-04-25T20:00:00,10.692927539254867,8.51200008392334
45,2018-04-25T21:00:00,5.0834674746506145,9.074999809265137
45,2018-04-25T22:00:00,13.65072847785749,8.934000015258789
45,2018-04-25T23:00:00,7.797203776931729,8.51200008392334
45,2018-04-26T00:00:00,12.4082258852249,8.722999572753906
45,2018-04-26T01:00:00,11.132275130130484,8.51200008392334
45,2018-04-26T02:00:00,8.541036415058048,9.21500015258789
45,2018-04-26T03:00:00,11.968510703227052,9.425999641418455
45,2018-04-26T04:00:00,3.498344879278079,9.355999946594238
45,2018-04-26T05:00:00,15.995500218966516,9.56700038909912
45,2018-04-26T06:00:00,13.365038970766426,9.074999809265137
45,2018-04-26T07:00:00,8.605503969139008,9.848999977111816
45,2018-04-26T08:00:00,2.248629235703268,10.270999908447266
45,2018-04-26T09:00:00,10.156360949690258,9.848999977111816
45,2018-04-26T10:00:00,10.217926276075204,9.98900032043457
45,2018-04-26T11:00:00,1.366163518444587,10.692999839782717
45,2018-04-26T12:00:00,8.128432054493988,10.833000183105469
45,2018-04-26T13:00:00,16.14585165875235,10.621999740600586
45,2018-04-26T14:00:00,10.47712068279834,11.114999771118164
45,2018-04-26T15:00:00,15.733429572799071,10.482000350952148
45,2018-04-26T16:00:00,7.086099680792852,11.607000350952148
45,2018-04-26T17:00:00,11.73862688015253,11.326000213623049
45,2018-04-26T18:00:00,8.802803109933208,10.0600004196167
45,2018-04-26T19:00:00,6.154092423964087,10.340999603271484
45,2018-04-26T20:00:00,15.004994817839926,9.777999877929688
45,2018-04-26T21:00:00,9.421399578980413,10.130000114440918
45,2018-04-26T22:00:00,9.28020637429665,10.482000350952148
45,2018-04-26T23:00:00,3.852990882877279,9.848999977111816
45,2018-04-27T00:00:00,10.409028828320006,9.777999877929688
45,2018-04-27T01:00:00,11.431630104375765,9.918999671936035
45,2018-04-27T02:00:00,6.532382694731185,9.918999671936035
45,2018-04-27T03:00:00,15.824276102016242,9.425999641418455
45,2018-04-27T04:00:00,14.252243541010268,9.496999740600586
45,2018-04-27T05:00:00,7.022522188752783,9.637999534606934
45,2018-04-27T06:00:00,10.375397872747676,9.777999877929688
45,2018-04-27T07:00:00,13.480771934115364,10.340999603271484
45,2018-04-27T08:00:00,8.154335869250756,11.1850004196167
45,2018-04-27T09:00:00,14.165396394187283,11.255999565124512
45,2018-04-27T10:00:00,11.919644286327973,11.678000450134276
45,2018-04-27T11:00:00,13.693776175612609,11.326000213623049
45,2018-04-27T12:00:00,11.742299169184733,11.607000350952148
45,2018-04-27T13:00:00,12.762900413017528,12.732999801635742
45,2018-04-27T14:00:00,5.857095355149912,13.085000038146973
45,2018-04-27T15:00:00,12.093616436841128,13.99899959564209
45,2018-04-27T16:00:00,10.214751649934575,14.210000038146973
45,2018-04-27T17:00:00,13.032046042743907,13.99899959564209
45,2018-04-27T18:00:00,2.04844036519059,13.718000411987305
45,2018-04-27T19:00:00,8.754281775507742,12.451000213623049
45,2018-04-27T20:00:00,14.002928019509623,11.678000450134276
45,2018-04-27T21:00:00,12.466201131327148,11.326000213623049
45,2018-04-27T22:00:00,8.388634768772658,11.043999671936035
46,2018-04-24T23:00:00,4.1003304019456674,7.668000221252441
46,2018-04-25T00:00:00,8.111948248523758,7.456999778747559
46,2018-04-25T01:00:00,7.300883210063921,7.315999984741211
46,2018-04-25T02:00:00,10.346199956006032,7.809000015258789
46,2018-04-25T03:00:00,8.973374428085954,7.526999950408935
46,2018-04-25T04:00:00,9.029161439709155,6.541999816894531
46,2018-04-25T05:00:00,5.136824739671891,7.0349998474121085
46,2018-04-25T06:00:00,10.004609012183298,7.879000186920166
46,2018-04-25T07:00:00,8.210181490484477,9.074999809265137
46,2018-04-25T08:00:00,10.01378095328863,8.020000457763674
46,2018-04-25T09:00:00,6.293171996863901,8.51200008392334
46,2018-04-25T10:00:00,6.371072020008835,9.496999740600586
46,2018-04-25T11:00:00,8.639798763834412,9.145000457763672
46,2018-04-25T12:00:00,7.976483289670648,9.56700038909912
46,2018-04-25T13:00:00,14.901909721513665,8.86400032043457
46,2018-04-25T14:00:00,6.532160128460001,9.848999977111816
46,2018-04-25T15:00:00,15.064458341647041,10.199999809265137
46,2018-04-25T16:00:00,10.084124886536191,9.98900032043457
46,2018-04-25T17:00:00,8.621906034137613,10.552000045776367
46,2018-04-25T18:00:00,12.555915792279023,10.270999908447266
46,2018-04-25T19:00:00,5.021369515205086,9.425999641418455
46,2018-04-25T20:00:00,8.798329074016758,8.51200008392334
46,2018-04-25T21:00:00,13.460200550306405,9.074999809265137
46,2018-04-25T22:00:00,6.287103515507965,8.934000015258789
46,2018-04-25T23:00:00,0.6858466694390035,8.51200008392334
46,2018-04-26T00:00:00,11.597966600041591,8.722999572753906
46,2018-04-26T01:00:00,4.473822840370104,8.51200008392334
46,2018-04-26T02:00:00,9.64883762528381,9.21500015258789
46,2018-04-26T03:00:00,13.299518255291058,9.425999641418455
46,2018-04-26T04:00:00,7.081976386704627,9.355999946594238
46,2018-04-26T05:00:00,7.0540018967841345,9.56700038909912
46,2018-04-26T06:00:00,9.14898477105137,9.074999809265137
46,2018-04-26T07:00:00,4.6707395703978225,9.848999977111816
46,2018-04-26T08:00:00,13.294199710807787,10.270999908447266
46,2018-04-26T09:00:00,8.95266057784573,9.848999977111816
46,2018-04-26T10:00:00,8.76347090032094,9.98900032043457
46,2018-04-26T11:00:00,10.494071446624815,10.692999839782717
46,2018-04-26T12:00:00,5.549905014638554,10.833000183105469
46,2018-04-26T13:00:00,11.812517472245446,10.621999740600586
46,2018-04-26T14:00:00,8.918639199278779,11.114999771118164
46,2018-04-26T15:00:00,7.742777689326525,10.482000350952148
46,2018-04-26T16:00:00,9.225889363778684,11.607000350952148
46,2018-04-26T17:00:00,13.10221221329208,11.326000213623049
46,2018-04-26T18:00:00,7.952668526538504,10.0600004196167
46,2018-04-26T19:00:00,1.3019074454673643,10.340999603271484
46,2018-04-26T20:00:00,9.451926736399468,9.777999877929688
46,2018-04-26T21:00:00,4.829085993062041,10.130000114440918
46,2018-04-26T22:00:00,12.218255460542565,10.482000350952148
46,2018-04-26T23:00:00,6.734823445674955,9.848999977111816
46,2018-04-27T00:00:00,11.053995390702081,9.777999877929688
46,2018-04-27T01:00:00,9.756048218843462,9.918999671936035
46,2018-04-27T02:00:00,7.383598753648878,9.918999671936035
46,2018-04-27T03:00:00,10.646723337994562,9.425999641418455
46,2018-04-27T04:00:00,3.560207237448644,9.496999740600586
46,2018-04-27T05:00:00,14.873434941183184,9.637999534606934
46,2018-04-27T06:00:00,11.88282032345716,9.777999877929688
46,2018-04-27T07:00:00,7.431377026543702,10.340999603271484
46,2018-04-27T08:00:00,1.930648454432566,11.1850004196167
46,2018-04-27T09:00:00,8.813830140659533,11.255999565124512
46,2018-04-27T10:00:00,8.885660806298521,11.678000450134276
46,2018-04-27T11:00:00,0.7736230379091911,11.326000213623049
46,2018-04-27T12:00:00,6.97354644931602,11.607000350952148
46,2018-04-27T13:00:00,15.025330262697429,12.732999801635742
46,2018-04-27T14:00:00,9.187427706636889,13.085000038146973
46,2018-04-27T15:00:00,14.547295184917814,13.99899959564209
46,2018-04-27T16:00:00,6.211227763796314,14.210000038146973
46,2018-04-27T17:00:00,10.317369889960316,13.99899959564209
46,2018-04-27T18:00:00,7.585519708071519,13.718000411987305
46,2018-04-27T19:00:00,5.455568137168731,12.451000213623049
46,2018-04-27T20:00:00,13.699506405421157,11.678000450134276
46,2018-04-27T21:00:00,8.055273483701198,11.326000213623049
46,2018-04-27T22:00:00,7.95338995931173,11.043999671936035
46,2018-04-27T23:00:00,3.8669980991399964,10.973999977111816
46,2018-04-28T00:00:00,9.083063623696425,10.833000183105469
46,2018-04-28T01:00:00,9.942194594705763,10.692999839782717
46,2018-04-28T02:00:00,5.7362186724360775,10.973999977111816
46,2018-04-28T03:00:00,14.61613355599781,9.56700038909912
46,2018-04-28T04:00:00,12.818766501103983,9.56700038909912
46,2018-04-28T05:00:00,6.120807527921466,9.496999740600586
46,2018-04-28T06:00:00,9.029520929751044,9.496999740600586
46,2018-04-28T07:00:00,11.944130275931588,9.637999534606934
46,2018-04-28T08:00:00,6.944226949488359,10.199999809265137
46,2018-04-28T09:00:00,12.705801519538872,10.0600004196167
46,2018-04-28T10:00:00,10.507889199634617,10.833000183105469
46,2018-04-28T11:00:00,12.16901496220178,10.833000183105469
46,2018-04-28T12:00:00,10.267570495060479,11.326000213623049
46,2018-04-28T13:00:00,11.24202075379512,11.817999839782717
46,2018-04-28T14:00:00,5.2165616702515365,12.803000450134276
46,2018-04-28T15:00:00,10.69212251582261,13.225000381469728
46,2018-04-28T16:00:00,8.817328939807439,13.928999900817873
46,2018-04-28T17:00:00,11.437710519929581,13.085000038146973
46,2018-04-28T18:00:00,1.6512080448263067,12.592000007629396
46,2018-04-28T19:00:00,7.47807289856766,11.817999839782717
46,2018-04-28T20:00:00,12.491775877660745,11.536999702453612
46,2018-04-28T21:00:00,11.00641487210744,11.114999771118164
46,2018-04-28T22:00:00,7.131510397766279,10.833000183105469
47,2018-04-25T23:00:00,4.205648569491117,8.51200008392334
47,2018-04-26T00:00:00,8.241665247705502,8.722999572753906
47,2018-04-26T01:00:00,7.427713860378942,8.51200008392334
47,2018-04-26T02:00:00,10.440592233840395,9.21500015258789
47,2018-04-26T03:00:00,9.086354187410521,9.425999641418455
47,2018-04-26T04:00:00,9.1395588736494,9.355999946594238
47,2018-04-26T05:00:00,5.211549969197076,9.56700038909912
47,2018-04-26T06:00:00,10.087498530292136,9.074999809265137
47,2018-04-26T07:00:00,8.297971115576683,9.848999977111816
47,2018-04-26T08:00:00,10.092094043422694,10.270999908447266
47,2018-04-26T09:00:00,6.3385509954149875,9.848999977111816
47,2018-04-26T10:00:00,6.417968996206191,9.98900032043457
47,2018-04-26T11:00:00,8.71681415968525,10.692999839782717
47,2018-04-26T12:00:00,8.054871794861144,10.833000183105469
47,2018-04-26T13:00:00,15.028978126710314,10.621999740600586
47,2018-04-26T14:00:00,6.588055464641442,11.114999771118164
47,2018-04-26T15:00:00,15.191173104922107,10.482000350952148
47,2018-04-26T16:00:00,10.149711382385336,11.607000350952148
47,2018-04-26T17:00:00,8.692951846478426,11.326000213623049
47,2018-04-26T18:00:00,12.670144258508927,10.0600004196167
47,2018-04-26T19:00:00,5.062319204570814,10.340999603271484
47,2018-04-26T20:00:00,8.870678676039798,9.777999877929688
47,2018-04-26T21:00:00,13.540952980457734,10.130000114440918
47,2018-04-26T22:00:00,6.318742306173972,10.482000350952148
47,2018-04-26T23:00:00,0.6587720914957274,9.848999977111816
47,2018-04-27T00:00:00,11.693821712646049,9.777999877929688
47,2018-04-27T01:00:00,4.517877651807138,9.918999671936035
47,2018-04-27T02:00:00,9.717580232771315,9.918999671936035
47,2018-04-27T03:00:00,13.385033973751796,9.425999641418455
47,2018-04-27T04:00:00,7.160874973656668,9.496999740600586
47,2018-04-27T05:00:00,7.133360384236619,9.637999534606934
47,2018-04-27T06:00:00,9.219950029513434,9.777999877929688
47,2018-04-27T07:00:00,4.707343383948773,10.340999603271484
47,2018-04-27T08:00:00,13.382326731972292,11.1850004196167
47,2018-04-27T09:00:00,9.021766067314436,11.255999565124512
47,2018-04-27T10:00:00,8.831774229254744,11.678000450134276
47,2018-04-27T11:00:00,10.544997279753876,11.326000213623049
47,2018-04-27T12:00:00,5.563732887730106,11.607000350952148
47,2018-04-27T13:00:00,11.9144628862851,12.732999801635742
47,2018-04-27T14:00:00,8.987551144027893,13.085000038146973
47,2018-04-27T15:00:00,7.801057919970816,13.99899959564209
47,2018-04-27T16:00:00,9.294847977232713,14.210000038146973
47,2018-04-27T17:00:00,13.202273714350456,13.99899959564209
47,2018-04-27T18:00:00,8.009388223442825,13.718000411987305
47,2018-04-27T19:00:00,1.2737528668261504,12.451000213623049
47,2018-04-27T20:00:00,9.519328562952136,11.678000450134276
47,2018-04-27T21:00:00,4.8578059939303095,11.326000213623049
47,2018-04-27T22:00:00,12.346082444541514,11.043999671936035
47,2018-04-27T23:00:00,6.810976927111847,10.973999977111816
47,2018-04-28T00:00:00,11.122696297051647,10.833000183105469
47,2018-04-28T01:00:00,9.818567816927185,10.692999839782717
47,2018-04-28T02:00:00,7.450961361827543,10.973999977111816
47,2018-04-28T03:00:00,10.70044829904375,9.56700038909912
47,2018-04-28T04:00:00,3.593693293742424,9.56700038909912
47,2018-04-28T05:00:00,14.982123571065902,9.496999740600586
47,2018-04-28T06:00:00,11.986518094673393,9.496999740600586
47,2018-04-28T07:00:00,7.495595640119234,9.637999534606934
47,2018-04-28T08:00:00,1.9169215767064873,10.199999809265137
47,2018-04-28T09:00:00,8.882437623632566,10.0600004196167
47,2018-04-28T10:00:00,8.953510964277413,10.833000183105469
47,2018-04-28T11:00:00,0.7247469395474724,10.833000183105469
47,2018-04-28T12:00:00,7.0504532541259515,11.326000213623049
47,2018-04-28T13:00:00,15.13389718790664,11.817999839782717
47,2018-04-28T14:00:00,9.251608849952408,12.803000450134276
47,2018-04-28T15:00:00,14.650069043964539,13.225000381469728
47,2018-04-28T16:00:00,6.2521421648069015,13.928999900817873
47,2018-04-28T17:00:00,10.369018818450314,13.085000038146973
47,2018-04-28T18:00:00,7.63816823401082,12.592000007629396
47,2018-04-28T19:00:00,5.455942369476494,11.817999839782717
47,2018-04-28T20:00:00,13.791589011102463,11.536999702453612
47,2018-04-28T21:00:00,8.114094850053261,11.114999771118164
47,2018-04-28T22:00:00,8.006852072367286,10.833000183105469
47,2018-04-28T23:00:00,3.900176699758685,10.692999839782717
47,2018-04-29T00:00:00,9.143183769288878,10.904000282287598
47,2018-04-29T01:00:00,9.995568334232257,11.607000350952148
47,2018-04-29T02:00:00,5.742332940806426,11.607000350952148
47,2018-04-29T03:00:00,14.712446787338095,11.1850004196167
47,2018-04-29T04:00:00,12.924923455397575,11.748000144958494
47,2018-04-29T05:00:00,6.152971748693531,11.607000350952148
47,2018-04-29T06:00:00,9.086805699903634,11.326000213623049
47,2018-04-29T07:00:00,12.039143886458861,11.958999633789062
47,2018-04-29T08:00:00,7.009423667691449,12.592000007629396
47,2018-04-29T09:00:00,12.813137058119054,12.661999702453612
47,2018-04-29T10:00:00,10.546667489178263,12.592000007629396
47,2018-04-29T11:00:00,12.275344195094025,12.029000282287598
47,2018-04-29T12:00:00,10.310494413929714,12.522000312805176
47,2018-04-29T13:00:00,11.3025311092515,11.958999633789062
47,2018-04-29T14:00:00,5.209184528947171,12.803000450134276
47,2018-04-29T15:00:00,10.730780944305803,12.661999702453612
47,2018-04-29T16:00:00,8.871200052422601,12.451000213623049
47,2018-04-29T17:00:00,11.496378660025744,13.29599952697754
47,2018-04-29T18:00:00,1.6211199456406984,12.944000244140623
47,2018-04-29T19:00:00,7.514997792745078,12.732999801635742
47,2018-04-29T20:00:00,12.601683849157093,12.661999702453612
47,2018-04-29T21:00:00,11.06214103957507,12.451000213623049
47,2018-04-29T22:00:00,7.180049656879836,12.522000312805176
48,2018-04-26T23:00:00,3.9586682267774176,9.848999977111816
48,2018-04-27T00:00:00,8.57451024940123,9.777999877929688
48,2018-04-27T01:00:00,7.704902959030505,9.918999671936035
48,2018-04-27T02:00:00,10.854615689667916,9.918999671936035
48,2018-04-27T03:00:00,9.46185602283419,9.425999641418455
48,2018-04-27T04:00:00,9.51534984939644,9.496999740600586
48,2018-04-27T05:00:00,5.222388765277941,9.637999534606934
48,2018-04-27T06:00:00,10.509091715712618,9.777999877929688
48,2018-04-27T07:00:00,8.653772471860542,10.340999603271484
48,2018-04-27T08:00:00,10.512550353376751,11.1850004196167
48,2018-04-27T09:00:00,6.4794834502002825,11.255999565124512
48,2018-04-27T10:00:00,6.565648109449555,11.678000450134276
48,2018-04-27T11:00:00,9.098963785711867,11.326000213623049
48,2018-04-27T12:00:00,8.393529103279844,11.607000350952148
48,2018-04-27T13:00:00,15.343651638423502,12.732999801635742
48,2018-04-27T14:00:00,6.768482244846243,13.085000038146973
48,2018-04-27T15:00:00,15.494055988674093,13.99899959564209
48,2018-04-27T16:00:00,10.565081023042293,14.210000038146973
48,2018-04-27T17:00:00,9.072298994497904,13.99899959564209
48,2018-04-27T18:00:00,13.108604661495594,13.718000411987305
48,2018-04-27T19:00:00,5.032128400661255,12.451000213623049
48,2018-04-27T20:00:00,9.245573665136522,11.678000450134276
48,2018-04-27T21:00:00,13.957507881361456,11.326000213623049
48,2018-04-27T22:00:00,6.463136008488682,11.043999671936035
48,2018-04-27T23:00:00,0.7259911236607461,10.973999977111816
48,2018-04-28T00:00:00,12.136321230497028,10.833000183105469
48,2018-04-28T01:00:00,4.348212350092574,10.692999839782717
48,2018-04-28T02:00:00,10.103711266871363,10.973999977111816
48,2018-04-28T03:00:00,13.799804303140913,9.56700038909912
48,2018-04-28T04:00:00,7.427207969781584,9.56700038909912
48,2018-04-28T05:00:00,7.3972216595107,9.496999740600586
48,2018-04-28T06:00:00,9.582608417683232,9.496999740600586
48,2018-04-28T07:00:00,4.602358190596286,9.637999534606934
48,2018-04-28T08:00:00,13.790089380506112,10.199999809265137
48,2018-04-28T09:00:00,9.38351132264557,10.0600004196167
48,2018-04-28T10:00:00,9.19422879791939,10.833000183105469
48,2018-04-28T11:00:00,10.935499038777193,10.833000183105469
48,2018-04-28T12:00:00,5.643963404781692,11.326000213623049
48,2018-04-28T13:00:00,12.33855500781289,11.817999839782717
48,2018-04-28T14:00:00,9.344592332945599,12.803000450134276
48,2018-04-28T15:00:00,8.102976308763528,13.225000381469728
48,2018-04-28T16:00:00,9.647718283487027,13.928999900817873
48,2018-04-28T17:00:00,13.600539545565152,13.085000038146973
48,2018-04-28T18:00:00,8.324435446161354,12.592000007629396
48,2018-04-28T19:00:00,1.2976532992277647,11.817999839782717
48,2018-04-28T20:00:00,9.871427618506665,11.536999702453612
48,2018-04-28T21:00:00,4.802160095291228,11.114999771118164
48,2018-04-28T22:00:00,12.755709652461224,10.833000183105469
48,2018-04-28T23:00:00,7.036288049114232,10.692999839782717
48,2018-04-29T00:00:00,11.470603561544282,10.904000282287598
48,2018-04-29T01:00:00,10.18993516414015,11.607000350952148
48,2018-04-29T02:00:00,7.724191452342062,11.607000350952148
48,2018-04-29T03:00:00,11.067720970498886,11.1850004196167
48,2018-04-29T04:00:00,3.429933243818244,11.748000144958494
48,2018-04-29T05:00:00,15.259875065369398,11.607000350952148
48,2018-04-29T06:00:00,12.391961425102476,11.326000213623049
48,2018-04-29T07:00:00,7.771165718160654,11.958999633789062
48,2018-04-29T08:00:00,1.8855769481563218,12.592000007629396
48,2018-04-29T09:00:00,9.227636905153565,12.661999702453612
48,2018-04-29T10:00:00,9.298176358906067,12.592000007629396
48,2018-04-29T11:00:00,0.7898905598753192,12.029000282287598
48,2018-04-29T12:00:00,7.299106221981898,12.522000312805176
48,2018-04-29T13:00:00,15.396776617296778,11.958999633789062
48,2018-04-29T14:00:00,9.594554576201013,12.803000450134276
48,2018-04-29T15:00:00,14.947085311333097,12.661999702453612
48,2018-04-29T16:00:00,6.405027407326811,12.451000213623049
48,2018-04-29T17:00:00,10.74412793639972,13.29599952697754
48,2018-04-29T18:00:00,7.926118762650319,12.944000244140623
48,2018-04-29T19:00:00,5.553486658804207,12.732999801635742
48,2018-04-29T20:00:00,14.149823145851181,12.661999702453612
48,2018-04-29T21:00:00,8.442433581119449,12.451000213623049
48,2018-04-29T22:00:00,8.326205270834373,12.522000312805176
48,2018-04-29T23:00:00,3.7418684686986072,12.380999565124512
48,2018-04-30T00:00:00,9.488014897927236,12.732999801635742
48,2018-04-30T01:00:00,10.374674733072801,12.522000312805176
48,2018-04-30T02:00:00,5.8749671271081905,12.100000381469728
48,2018-04-30T03:00:00,15.00669216628804,11.678000450134276
48,2018-04-30T04:00:00,13.315336768524213,11.888999938964846
48,2018-04-30T05:00:00,6.310859390354608,12.592000007629396
48,2018-04-30T06:00:00,9.433745213955728,12.732999801635742
48,2018-04-30T07:00:00,12.443048499795724,12.944000244140623
48,2018-04-30T08:00:00,7.267247652293985,12.87399959564209
48,2018-04-30T09:00:00,13.207439399086065,12.522000312805176
48,2018-04-30T10:00:00,10.92261252978158,13.718000411987305
48,2018-04-30T11:00:00,12.67792908026654,13.647000312805176
48,2018-04-30T12:00:00,10.691535426219138,14.562000274658203
48,2018-04-30T13:00:00,11.684061601726818,14.843000411987305
48,2018-04-30T14:00:00,5.270040248261504,15.053999900817873
48,2018-04-30T15:00:00,11.099599892615453,15.89799976348877
48,2018-04-30T16:00:00,9.222989562011925,16.812999725341793
48,2018-04-30T17:00:00,11.9062051068817,15.82800006866455
48,2018-04-30T18:00:00,1.6090517513827205,14.77299976348877
48,2018-04-30T19:00:00,7.8129402484724615,14.491000175476074
48,2018-04-30T20:00:00,13.00364515447454,13.57699966430664
48,2018-04-30T21:00:00,11.415775128201938,13.225000381469728
48,2018-04-30T22:00:00,7.458498312918206,13.506999969482422
49,2018-04-27T23:00:00,4.964293952432623,10.973999977111816
49,2018-04-28T00:00:00,11.856354652237073,10.833000183105469
49,2018-04-28T01:00:00,10.716338004617128,10.692999839782717
49,2018-04-28T02:00:00,14.442851765516405,10.973999977111816
49,2018-04-28T03:00:00,12.877305766405508,9.56700038909912
49,2018-04-28T04:00:00,12.930938687259143,9.56700038909912
49,2018-04-28T05:00:00,6.89428709864092,9.496999740600586
49,2018-04-28T06:00:00,14.204323424779224,9.496999740600586
49,2018-04-28T07:00:00,11.930588661563947,9.637999534606934
49,2018-04-28T08:00:00,14.216867689094606,10.199999809265137
49,2018-04-28T09:00:00,8.864094037508469,10.0600004196167
49,2018-04-28T10:00:00,9.007806436565655,10.833000183105469
49,2018-04-28T11:00:00,12.585254377488335,10.833000183105469
49,2018-04-28T12:00:00,11.5844602956018,11.326000213623049
49,2018-04-28T13:00:00,18.69039358414833,11.817999839782717
49,2018-04-28T14:00:00,9.411189932534404,12.803000450134276
49,2018-04-28T15:00:00,18.7908190578412,13.225000381469728
49,2018-04-28T16:00:00,14.293883759939433,13.928999900817873
49,2018-04-28T17:00:00,12.596159152593733,13.085000038146973
49,2018-04-28T18:00:00,17.18214726642574,12.592000007629396
49,2018-04-28T19:00:00,6.598047152099589,11.817999839782717
49,2018-04-28T20:00:00,12.765989081495341,11.536999702453612
49,2018-04-28T21:00:00,17.95877518182672,11.114999771118164
49,2018-04-28T22:00:00,8.945116476147858,10.833000183105469
49,2018-04-28T23:00:00,2.7009195041874356,10.692999839782717
49,2018-04-29T00:00:00,16.19428096571978,10.904000282287598
49,2018-04-29T01:00:00,5.440436657143641,11.607000350952148
49,2018-04-29T02:00:00,13.759705249845588,11.607000350952148
49,2018-04-29T03:00:00,17.86023216354859,11.1850004196167
49,2018-04-29T04:00:00,10.55513783582349,11.748000144958494
49,2018-04-29T05:00:00,10.528705612144904,11.607000350952148
49,2018-04-29T06:00:00,13.110619377756208,11.326000213623049
49,2018-04-29T07:00:00,5.97141735602068,11.958999633789062
49,2018-04-29T08:00:00,17.878325033315477,12.592000007629396
49,2018-04-29T09:00:00,12.953148995033942,12.661999702453612
49,2018-04-29T10:00:00,12.794868780274488,12.592000007629396
49,2018-04-29T11:00:00,14.63813175753495,12.029000282287598
49,2018-04-29T12:00:00,7.792583916723061,12.522000312805176
49,2018-04-29T13:00:00,16.47954477809282,11.958999633789062
49,2018-04-29T14:00:00,12.945173729745099,12.803000450134276
49,2018-04-29T15:00:00,11.367341000142098,12.661999702453612
49,2018-04-29T16:00:00,13.215468471406828,12.451000213623049
49,2018-04-29T17:00:00,17.753990445795353,13.29599952697754
49,2018-04-29T18:00:00,11.680799381278401,12.944000244140623
49,2018-04-29T19:00:00,3.189906609212251,12.732999801635742
49,2018-04-29T20:00:00,13.463259857538949,12.661999702453612
49,2018-04-29T21:00:00,6.453843634696883,12.451000213623049
49,2018-04-29T22:00:00,16.9986041435318,12.522000312805176
49,2018-04-29T23:00:00,10.206257502270518,12.380999565124512
49,2018-04-30T00:00:00,15.538364636796757,12.732999801635742
49,2018-04-30T01:00:00,13.992579414078875,12.522000312805176
49,2018-04-30T02:00:00,11.021221373785261,12.100000381469728
49,2018-04-30T03:00:00,14.855066736847633,11.678000450134276
49,2018-04-30T04:00:00,4.728894070494359,11.888999938964846
49,2018-04-30T05:00:00,18.887398063792375,12.592000007629396
49,2018-04-30T06:00:00,16.620953612238143,12.732999801635742
49,2018-04-30T07:00:00,11.10103533961367,12.944000244140623
49,2018-04-30T08:00:00,3.6465720991805313,12.87399959564209
49,2018-04-30T09:00:00,12.937677622223848,12.522000312805176
49,2018-04-30T10:00:00,13.002005529987617,13.718000411987305
49,2018-04-30T11:00:00,2.8827586055681227,13.647000312805176
49,2018-04-30T12:00:00,10.619261202493226,14.562000274658203
49,2018-04-30T13:00:00,18.999276661001907,14.843000411987305
49,2018-04-30T14:00:00,13.270429891596743,15.053999900817873
49,2018-04-30T15:00:00,18.749616279232185,15.89799976348877
49,2018-04-30T16:00:00,9.284210214185947,16.812999725341793
49,2018-04-30T17:00:00,14.650657319112238,15.82800006866455
49,2018-04-30T18:00:00,11.325344286044837,14.77299976348877
49,2018-04-30T19:00:00,7.949940728682876,14.491000175476074
49,2018-04-30T20:00:00,18.309675390042383,13.57699966430664
49,2018-04-30T21:00:00,12.11556539238613,13.225000381469728
49,2018-04-30T22:00:00,11.922407749958523,13.506999969482422
49,2018-04-30T23:00:00,5.1379115561088025,13.366000175476074
49,2018-05-01T00:00:00,13.217965915428733,13.435999870300291
49,2018-05-01T01:00:00,14.37693867898622,13.435999870300291
49,2018-05-01T02:00:00,8.5305691909168,13.57699966430664
49,2018-05-01T03:00:00,18.82428349414562,13.435999870300291
49,2018-05-01T04:00:00,17.659113038903016,13.085000038146973
49,2018-05-01T05:00:00,9.230641519615883,13.647000312805176
49,2018-05-01T06:00:00,13.192232614759419,13.788000106811523
49,2018-05-01T07:00:00,16.78027476971853,13.99899959564209
49,2018-05-01T08:00:00,10.678406479494587,14.069000244140623
49,2018-05-01T09:00:00,17.57858145490699,13.435999870300291
49,2018-05-01T10:00:00,14.8233437006646,13.57699966430664
49,2018-05-01T11:00:00,17.057683562250126,12.87399959564209
49,2018-05-01T12:00:00,14.68187533883707,12.87399959564209
49,2018-05-01T13:00:00,15.9538020421986,12.380999565124512
49,2018-05-01T14:00:00,7.505209719781998,12.732999801635742
49,2018-05-01T15:00:00,15.057100348627056,13.506999969482422
49,2018-05-01T16:00:00,13.044144912337327,13.435999870300291
49,2018-05-01T17:00:00,16.20654382637166,13.647000312805176
49,2018-05-01T18:00:00,3.519587127019941,7.526999950408935
49,2018-05-01T19:00:00,11.301103008191632,5.76800012588501
49,2018-05-01T20:00:00,17.42803292300533,8.020000457763674
49,2018-05-01T21:00:00,15.689929760667358,9.777999877929688
49,2018-05-01T22:00:00,10.93105111215553,10.833000183105469
50,2018-04-28T23:00:00,6.3114086785894195,10.692999839782717
50,2018-04-29T00:00:00,12.770977336418632,10.904000282287598
50,2018-04-29T01:00:00,11.716583605494035,11.607000350952148
50,2018-04-29T02:00:00,15.321894491279169,11.607000350952148
50,2018-04-29T03:00:00,13.775720733680716,11.1850004196167
50,2018-04-29T04:00:00,13.828861437789158,11.748000144958494
50,2018-04-29T05:00:00,8.269172521533449,11.607000350952148
50,2018-04-29T06:00:00,15.155272496636947,11.326000213623049
50,2018-04-29T07:00:00,12.908166064033002,11.958999633789062
50,2018-04-29T08:00:00,15.17005778396975,12.592000007629396
50,2018-04-29T09:00:00,10.130506519421438,12.661999702453612
50,2018-04-29T10:00:00,10.255964379942625,12.592000007629396
50,2018-04-29T11:00:00,13.550656698440903,12.029000282287598
50,2018-04-29T12:00:00,12.575851154586925,12.522000312805176
50,2018-04-29T13:00:00,19.59678921559257,11.958999633789062
50,2018-04-29T14:00:00,10.61356972469671,12.803000450134276
50,2018-04-29T15:00:00,19.713519385121312,12.661999702453612
50,2018-04-29T16:00:00,15.241903885038532,12.451000213623049
50,2018-04-29T17:00:00,13.560737874454679,13.29599952697754
50,2018-04-29T18:00:00,17.871103792365783,12.944000244140623
50,2018-04-29T19:00:00,8.006532085221638,12.732999801635742
50,2018-04-29T20:00:00,13.709110898033934,12.661999702453612
50,2018-04-29T21:00:00,18.68762965293096,12.451000213623049
50,2018-04-29T22:00:00,10.199297796790294,12.522000312805176
50,2018-04-29T23:00:00,4.286958343692463,12.380999565124512
50,2018-04-30T00:00:00,17.038853400876476,12.732999801635742
50,2018-04-30T01:00:00,6.867750410725698,12.522000312805176
50,2018-04-30T02:00:00,14.689089000511348,12.100000381469728
50,2018-04-30T03:00:00,18.561215298978205,11.678000450134276
50,2018-04-30T04:00:00,11.61541438961477,11.888999938964846
50,2018-04-30T05:00:00,11.589793205867327,12.592000007629396
50,2018-04-30T06:00:00,14.011709823921766,12.732999801635742
50,2018-04-30T07:00:00,7.387972342214342,12.944000244140623
50,2018-04-30T08:00:00,18.56449743648263,12.87399959564209
50,2018-04-30T09:00:00,13.86858659413985,12.522000312805176
50,2018-04-30T10:00:00,13.72532500987857,13.718000411987305
50,2018-04-30T11:00:00,15.500647605886126,13.647000312805176
50,2018-04-30T12:00:00,9.161889102697867,14.562000274658203
50,2018-04-30T13:00:00,17.260159550870885,14.843000411987305
50,2018-04-30T14:00:00,13.857657049311646,15.053999900817873
50,2018-04-30T15:00:00,12.358935007313441,15.89799976348877
50,2018-04-30T16:00:00,14.101076739631244,16.812999725341793
50,2018-04-30T17:00:00,18.41167424387475,15.82800006866455
50,2018-04-30T18:00:00,12.654785081275788,14.77299976348877
50,2018-04-30T19:00:00,4.754639642559296,14.491000175476074
50,2018-04-30T20:00:00,14.339210444832018,13.57699966430664
50,2018-04-30T21:00:00,7.859473654566699,13.225000381469728
50,2018-04-30T22:00:00,17.63504219907368,13.506999969482422
50,2018-04-30T23:00:00,11.284196978018429,13.366000175476074
50,2018-05-01T00:00:00,16.45918163425806,13.435999870300291
50,2018-05-01T01:00:00,14.91272432838854,13.435999870300291
50,2018-05-01T02:00:00,12.029973375773736,13.57699966430664
50,2018-05-01T03:00:00,15.692982071046428,13.435999870300291
50,2018-05-01T04:00:00,6.176653248678164,13.085000038146973
50,2018-05-01T05:00:00,19.733727867671412,13.647000312805176
50,2018-05-01T06:00:00,17.3836127540739,13.788000106811523
50,2018-05-01T07:00:00,12.103928628779519,13.99899959564209
50,2018-05-01T08:00:00,5.177847095061688,14.069000244140623
50,2018-05-01T09:00:00,13.842901791600557,13.435999870300291
50,2018-05-01T10:00:00,13.901595219400434,13.57699966430664
50,2018-05-01T11:00:00,4.473425806669576,12.87399959564209
50,2018-05-01T12:00:00,11.653040748356819,12.87399959564209
50,2018-05-01T13:00:00,19.87106470708249,12.380999565124512
50,2018-05-01T14:00:00,14.14688089960677,12.732999801635742
50,2018-05-01T15:00:00,19.55397629139973,13.506999969482422
50,2018-05-01T16:00:00,10.463717886264678,13.435999870300291
50,2018-05-01T17:00:00,15.53684163806783,13.647000312805176
50,2018-05-01T18:00:00,12.317663864225397,7.526999950408935
50,2018-05-01T19:00:00,9.315239078151624,5.76800012588501
50,2018-05-01T20:00:00,18.99462941767726,8.020000457763674
50,2018-05-01T21:00:00,13.075221429698471,9.777999877929688
50,2018-05-01T22:00:00,12.889957439910185,10.833000183105469
50,2018-05-01T23:00:00,6.579162268592128,10.482000350952148
50,2018-05-02T00:00:00,14.101645566987232,10.482000350952148
50,2018-05-02T01:00:00,15.317476521137715,10.340999603271484
50,2018-05-02T02:00:00,9.826669102295629,10.199999809265137
50,2018-05-02T03:00:00,19.650701516918836,10.0600004196167
50,2018-05-02T04:00:00,18.291445977907642,9.56700038909912
50,2018-05-02T05:00:00,10.420998540712624,9.637999534606934
50,2018-05-02T06:00:00,14.0804197107108,10.130000114440918
50,2018-05-02T07:00:00,17.53840138924332,9.21500015258789
50,2018-05-02T08:00:00,11.716501644667888,9.21500015258789
50,2018-05-02T09:00:00,18.20896955433608,9.708000183105469
50,2018-05-02T10:00:00,15.678685232473564,9.28600025177002
50,2018-05-02T11:00:00,17.74381645543416,9.425999641418455
50,2018-05-02T12:00:00,15.585384237762813,9.918999671936035
50,2018-05-02T13:00:00,16.87419309053852,9.918999671936035
50,2018-05-02T14:00:00,8.912467995106443,9.918999671936035
50,2018-05-02T15:00:00,15.910512224561103,10.270999908447266
50,2018-05-02T16:00:00,13.94979316554798,10.482000350952148
50,2018-05-02T17:00:00,17.13290421024561,10.621999740600586
50,2018-05-02T18:00:00,5.067508862967566,10.833000183105469
50,2018-05-02T19:00:00,12.310941702466321,10.0600004196167
50,2018-05-02T20:00:00,18.0536319466082,10.130000114440918
50,2018-05-02T21:00:00,16.60799155922394,9.074999809265137
50,2018-05-02T22:00:00,11.96258689834903,8.020000457763674
51,2018-04-29T23:00:00,5.068782628995672,12.380999565124512
51,2018-04-30T00:00:00,11.639166520772832,12.732999801635742
51,2018-04-30T01:00:00,10.555296985050912,12.522000312805176
51,2018-04-30T02:00:00,14.161781675950692,12.100000381469728
51,2018-04-30T03:00:00,12.628997540318691,11.678000450134276
51,2018-04-30T04:00:00,12.678162787169558,11.888999938964846
51,2018-04-30T05:00:00,7.07795321024707,12.592000007629396
51,2018-04-30T06:00:00,13.973936090933051,12.732999801635742
51,2018-04-30T07:00:00,11.75462253649614,12.944000244140623
51,2018-04-30T08:00:00,13.983195043672731,12.87399959564209
51,2018-04-30T09:00:00,8.878203011552287,12.522000312805176
51,2018-04-30T10:00:00,9.000395090434477,13.718000411987305
51,2018-04-30T11:00:00,12.37437375281637,13.647000312805176
51,2018-04-30T12:00:00,11.41291187372155,14.562000274658203
51,2018-04-30T13:00:00,18.381778562663698,14.843000411987305
51,2018-04-30T14:00:00,9.35798085717415,15.053999900817873
51,2018-04-30T15:00:00,18.493400726793766,15.89799976348877
51,2018-04-30T16:00:00,14.03820454367336,16.812999725341793
51,2018-04-30T17:00:00,12.367460204164509,15.82800006866455
51,2018-04-30T18:00:00,16.674489950872864,14.77299976348877
51,2018-04-30T19:00:00,6.759062363019677,14.491000175476074
51,2018-04-30T20:00:00,12.510757028341457,13.57699966430664
51,2018-04-30T21:00:00,17.444287376003434,13.225000381469728
51,2018-04-30T22:00:00,8.91413837610244,13.506999969482422
51,2018-04-30T23:00:00,3.023401330495684,13.366000175476074
51,2018-05-01T00:00:00,15.810301389429526,13.435999870300291
51,2018-05-01T01:00:00,5.566910396823776,13.435999870300291
51,2018-05-01T02:00:00,13.471388212233293,13.57699966430664
51,2018-05-01T03:00:00,17.313859448670634,13.435999870300291
51,2018-05-01T04:00:00,10.363838264312108,13.085000038146973
51,2018-05-01T05:00:00,10.334554307544668,13.647000312805176
51,2018-05-01T06:00:00,12.797131522820294,13.788000106811523
51,2018-05-01T07:00:00,6.08853349520353,13.99899959564209
51,2018-05-01T08:00:00,17.309227825056844,14.069000244140623
51,2018-05-01T09:00:00,12.643465504082707,13.435999870300291
51,2018-05-01T10:00:00,12.493813460819016,13.57699966430664
51,2018-05-01T11:00:00,14.275255921726425,12.87399959564209
51,2018-05-01T12:00:00,7.861524992691837,12.87399959564209
51,2018-05-01T13:00:00,16.01503938133433,12.380999565124512
51,2018-05-01T14:00:00,12.621628987034594,12.732999801635742
51,2018-05-01T15:00:00,11.12498374023377,13.506999969482422
51,2018-05-01T16:00:00,12.868873162794364,13.435999870300291
51,2018-05-01T17:00:00,17.151228871262756,13.647000312805176
51,2018-05-01T18:00:00,11.418440877168354,7.526999950408935
51,2018-05-01T19:00:00,3.4416994200565743,5.76800012588501
51,2018-05-01T20:00:00,13.102126154869842,8.020000457763674
51,2018-05-01T21:00:00,6.5430217542856255,9.777999877929688
51,2018-05-01T22:00:00,16.406450243558197,10.833000183105469
51,2018-05-01T23:00:00,9.978869564562384,10.482000350952148
51,2018-05-02T00:00:00,15.107560584358712,10.482000350952148
51,2018-05-02T01:00:00,13.65134480973181,10.340999603271484
51,2018-05-02T02:00:00,10.75798180399237,10.199999809265137
51,2018-05-02T03:00:00,14.432674463807553,10.0600004196167
51,2018-05-02T04:00:00,4.808393652609059,9.56700038909912
51,2018-05-02T05:00:00,18.420074320240367,9.637999534606934
51,2018-05-02T06:00:00,16.108927347005107,10.130000114440918
51,2018-05-02T07:00:00,10.827891362097464,9.21500015258789
51,2018-05-02T08:00:00,3.830433262346867,9.21500015258789
51,2018-05-02T09:00:00,12.572850590617776,9.708000183105469
51,2018-05-02T10:00:00,12.632332438486085,9.28600025177002
51,2018-05-02T11:00:00,3.1425706453738353,9.425999641418455
51,2018-05-02T12:00:00,10.347022325714365,9.918999671936035
51,2018-05-02T13:00:00,18.541779777213478,9.918999671936035
51,2018-05-02T14:00:00,12.88174859378443,9.918999671936035
51,2018-05-02T15:00:00,18.228537087184243,10.270999908447266
51,2018-05-02T16:00:00,9.10855653093882,10.482000350952148
51,2018-05-02T17:00:00,14.258418894977764,10.621999740600586
51,2018-05-02T18:00:00,11.037444170102994,10.833000183105469
51,2018-05-02T19:00:00,7.95165290954464,10.0600004196167
51,2018-05-02T20:00:00,17.675953163428055,10.130000114440918
51,2018-05-02T21:00:00,11.785005653485696,9.074999809265137
51,2018-05-02T22:00:00,11.60382838049637,8.020000457763674
51,2018-05-02T23:00:00,5.181558905334766,7.73799991607666
51,2018-05-03T00:00:00,12.823151356860716,8.230999946594237
51,2018-05-03T01:00:00,14.01953640065491,7.809000015258789
51,2018-05-03T02:00:00,8.447086614825938,8.230999946594237
51,2018-05-03T03:00:00,18.309041526323917,8.722999572753906
51,2018-05-03T04:00:00,17.001815270186377,8.581999778747559
51,2018-05-03T05:00:00,9.051687226135126,8.371000289916992
51,2018-05-03T06:00:00,12.795067254026396,8.652999877929688
51,2018-05-03T07:00:00,16.236015141403293,9.637999534606934
51,2018-05-03T08:00:00,10.392218653397421,9.918999671936035
51,2018-05-03T09:00:00,16.921365876072162,9.708000183105469
51,2018-05-03T10:00:00,14.39476955183451,9.496999740600586
51,2018-05-03T11:00:00,16.45643233937997,9.21500015258789
51,2018-05-03T12:00:00,14.287819743332296,9.777999877929688
51,2018-05-03T13:00:00,15.50458971105667,10.621999740600586
51,2018-05-03T14:00:00,7.550987313897661,12.029000282287598
51,2018-05-03T15:00:00,14.603169772385371,12.944000244140623
51,2018-05-03T16:00:00,12.650077410647095,13.857999801635742
51,2018-05-03T17:00:00,15.778474911393618,12.944000244140623
51,2018-05-03T18:00:00,3.6807369856862184,13.29599952697754
51,2018-05-03T19:00:00,11.005786797335212,11.536999702453612
51,2018-05-03T20:00:00,16.77082175140243,11.395999908447266
51,2018-05-03T21:00:00,15.211012674728032,11.326000213623049
51,2018-05-03T22:00:00,10.638890969688749,10.973999977111816
52,2018-04-30T23:00:00,6.417742079729951,13.366000175476074
52,2018-05-01T00:00:00,12.908226649771708,13.435999870300291
52,2018-05-01T01:00:00,11.858342995066995,13.435999870300291
52,2018-05-01T02:00:00,15.45305797344916,13.57699966430664
52,2018-05-01T03:00:00,13.870703613748075,13.435999870300291
52,2018-05-01T04:00:00,13.922213186114973,13.085000038146973
52,2018-05-01T05:00:00,8.398216480458252,13.647000312805176
52,2018-05-01T06:00:00,15.197964465350125,13.788000106811523
52,2018-05-01T07:00:00,12.961911602452645,13.99899959564209
52,2018-05-01T08:00:00,15.195587409577389,14.069000244140623
52,2018-05-01T09:00:00,10.14272541901014,13.435999870300291
52,2018-05-01T10:00:00,10.26970791601674,13.57699966430664
52,2018-05-01T11:00:00,13.50701822909874,12.87399959564209
52,2018-05-01T12:00:00,12.628685101646436,12.87399959564209
52,2018-05-01T13:00:00,19.653103817740405,12.380999565124512
52,2018-05-01T14:00:00,10.599420009694903,12.732999801635742
52,2018-05-01T15:00:00,19.757281843382746,13.506999969482422
52,2018-05-01T16:00:00,15.212852756472609,13.435999870300291
52,2018-05-01T17:00:00,13.481878785592038,13.647000312805176
52,2018-05-01T18:00:00,17.85888271735946,7.526999950408935
52,2018-05-01T19:00:00,7.999639335256637,5.76800012588501
52,2018-05-01T20:00:00,13.638576769203098,8.020000457763674
52,2018-05-01T21:00:00,18.63941454483015,9.777999877929688
52,2018-05-01T22:00:00,10.134409134620528,10.833000183105469
52,2018-05-01T23:00:00,4.14412996772381,10.482000350952148
52,2018-05-02T00:00:00,16.963644582879727,10.482000350952148
52,2018-05-02T01:00:00,6.788960960515626,10.340999603271484
52,2018-05-02T02:00:00,14.616668097872555,10.199999809265137
52,2018-05-02T03:00:00,18.48472010241821,10.0600004196167
52,2018-05-02T04:00:00,11.538987786427846,9.56700038909912
52,2018-05-02T05:00:00,11.50778876197246,9.637999534606934
52,2018-05-02T06:00:00,13.930418289450198,10.130000114440918
52,2018-05-02T07:00:00,7.297411865708062,9.21500015258789
52,2018-05-02T08:00:00,18.46646897242474,9.21500015258789
52,2018-05-02T09:00:00,13.754782283119182,9.708000183105469
52,2018-05-02T10:00:00,13.589826371879457,9.28600025177002
52,2018-05-02T11:00:00,15.408269231845962,9.425999641418455
52,2018-05-02T12:00:00,9.037877939005313,9.918999671936035
52,2018-05-02T13:00:00,17.129468401312586,9.918999671936035
52,2018-05-02T14:00:00,13.722326309857738,9.918999671936035
52,2018-05-02T15:00:00,12.260832096147475,10.270999908447266
52,2018-05-02T16:00:00,13.9850049009181,10.482000350952148
52,2018-05-02T17:00:00,18.282780647852018,10.621999740600586
52,2018-05-02T18:00:00,12.53608341402868,10.833000183105469
52,2018-05-02T19:00:00,4.5514190009256,10.0600004196167
52,2018-05-02T20:00:00,14.21820770459455,10.130000114440918
52,2018-05-02T21:00:00,7.725055219646839,9.074999809265137
52,2018-05-02T22:00:00,17.49461275609323,8.020000457763674
52,2018-05-02T23:00:00,11.122071695749526,7.73799991607666
52,2018-05-03T00:00:00,16.276391754764006,8.230999946594237
52,2018-05-03T01:00:00,14.743812645399972,7.809000015258789
52,2018-05-03T02:00:00,11.885297868186154,8.230999946594237
52,2018-05-03T03:00:00,15.548314224114327,8.722999572753906
52,2018-05-03T04:00:00,5.994496846646342,8.581999778747559
52,2018-05-03T05:00:00,19.573076613637095,8.371000289916992
52,2018-05-03T06:00:00,17.196360058256627,8.652999877929688
52,2018-05-03T07:00:00,11.947466938615456,9.637999534606934
52,2018-05-03T08:00:00,4.955833471557742,9.918999671936035
52,2018-05-03T09:00:00,13.650145576959902,9.708000183105469
52,2018-05-03T10:00:00,13.71154367779387,9.496999740600586
52,2018-05-03T11:00:00,4.222971447779564,9.21500015258789
52,2018-05-03T12:00:00,11.474046069885361,9.777999877929688
52,2018-05-03T13:00:00,19.689149775812087,10.621999740600586
52,2018-05-03T14:00:00,13.96792148329853,12.029000282287598
52,2018-05-03T15:00:00,19.367684930703717,12.944000244140623
52,2018-05-03T16:00:00,10.26191018823609,13.857999801635742
52,2018-05-03T17:00:00,15.337319612930331,12.944000244140623
52,2018-05-03T18:00:00,12.140601877381943,13.29599952697754
52,2018-05-03T19:00:00,9.097874771374212,11.536999702453612
52,2018-05-03T20:00:00,18.800102378830985,11.395999908447266
52,2018-05-03T21:00:00,12.85647974514756,11.326000213623049
52,2018-05-03T22:00:00,12.682504032418116,10.973999977111816
52,2018-05-03T23:00:00,6.368343898805888,10.904000282287598
52,2018-05-04T00:00:00,13.8982480765371,10.41100025177002
52,2018-05-04T01:00:00,15.07980496897176,10.340999603271484
52,2018-05-04T02:00:00,9.596965844862986,10.130000114440918
52,2018-05-04T03:00:00,19.440748121394357,10.0600004196167
52,2018-05-04T04:00:00,18.08310216535802,10.199999809265137
52,2018-05-04T05:00:00,10.197896620885075,10.270999908447266
52,2018-05-04T06:00:00,13.86483982852853,10.199999809265137
52,2018-05-04T07:00:00,17.30095006398215,11.043999671936035
52,2018-05-04T08:00:00,11.502225664025707,11.536999702453612
52,2018-05-04T09:00:00,17.992515109392922,10.973999977111816
52,2018-05-04T10:00:00,15.46811709821051,11.326000213623049
52,2018-05-04T11:00:00,17.511915897905883,12.029000282287598
52,2018-05-04T12:00:00,15.348507160232895,12.310999870300291
52,2018-05-04T13:00:00,16.614077908609865,13.154999732971191
52,2018-05-04T14:00:00,8.682765540253609,14.210000038146973
52,2018-05-04T15:00:00,15.695192454047566,14.491000175476074
52,2018-05-04T16:00:00,13.710090215312333,15.54699993133545
52,2018-05-04T17:00:00,16.85661943895912,13.788000106811523
52,2018-05-04T18:00:00,4.78966213646804,13.506999969482422
52,2018-05-04T19:00:00,12.092220251841258,12.661999702453612
52,2018-05-04T20:00:00,17.820672655991743,12.661999702453612
52,2018-05-04T21:00:00,16.351805227723606,12.661999702453612
52,2018-05-04T22:00:00,11.73359449712131,12.451000213623049
53,2018-05-01T23:00:00,5.338739915427004,10.482000350952148
53,2018-05-02T00:00:00,11.711047152076066,10.482000350952148
53,2018-05-02T01:00:00,10.651903934221936,10.340999603271484
53,2018-05-02T02:00:00,14.251525709756605,10.199999809265137
53,2018-05-02T03:00:00,12.676509266412817,10.0600004196167
53,2018-05-02T04:00:00,12.728751430432506,9.56700038909912
53,2018-05-02T05:00:00,7.250227246659334,9.637999534606934
53,2018-05-02T06:00:00,14.049266396478291,10.130000114440918
53,2018-05-02T07:00:00,11.808834592010067,9.21500015258789
53,2018-05-02T08:00:00,14.060036611071148,9.21500015258789
53,2018-05-02T09:00:00,9.039693886478677,9.708000183105469
53,2018-05-02T10:00:00,9.166662659534124,9.28600025177002
53,2018-05-02T11:00:00,12.408855919803562,9.425999641418455
53,2018-05-02T12:00:00,11.486048913981254,9.918999671936035
53,2018-05-02T13:00:00,18.428171415647892,9.918999671936035
53,2018-05-02T14:00:00,9.496904052157186,9.918999671936035
53,2018-05-02T15:00:00,18.539485552387113,10.270999908447266
53,2018-05-02T16:00:00,14.119803295327264,10.482000350952148
53,2018-05-02T17:00:00,12.406136475660215,10.621999740600586
53,2018-05-02T18:00:00,16.699133174375646,10.833000183105469
53,2018-05-02T19:00:00,6.945398698911255,10.0600004196167
53,2018-05-02T20:00:00,12.55972928110374,10.130000114440918
53,2018-05-02T21:00:00,17.51137242617252,9.074999809265137
53,2018-05-02T22:00:00,9.080200278603503,8.020000457763674
53,2018-05-02T23:00:00,3.191372009211685,7.73799991607666
53,2018-05-03T00:00:00,15.836418104901345,8.230999946594237
53,2018-05-03T01:00:00,5.772258328450793,7.809000015258789
53,2018-05-03T02:00:00,13.548061842040633,8.230999946594237
53,2018-05-03T03:00:00,17.374641817510685,8.722999572753906
53,2018-05-03T04:00:00,10.4693600273947,8.581999778747559
53,2018-05-03T05:00:00,10.440963293276154,8.371000289916992
53,2018-05-03T06:00:00,12.86678080724468,8.652999877929688
53,2018-05-03T07:00:00,6.286866744707007,9.637999534606934
53,2018-05-03T08:00:00,17.370220315167707,9.918999671936035
53,2018-05-03T09:00:00,12.707271815193275,9.708000183105469
53,2018-05-03T10:00:00,12.551100553374958,9.496999740600586
53,2018-05-03T11:00:00,14.376626507258644,9.21500015258789
53,2018-05-03T12:00:00,8.031272287133138,9.777999877929688
53,2018-05-03T13:00:00,16.043675159000124,10.621999740600586
53,2018-05-03T14:00:00,12.687854519247857,12.029000282287598
53,2018-05-03T15:00:00,11.222815920614313,12.944000244140623
53,2018-05-03T16:00:00,12.94761824787919,13.857999801635742
53,2018-05-03T17:00:00,17.20653457048111,12.944000244140623
53,2018-05-03T18:00:00,11.509005801093025,13.29599952697754
53,2018-05-03T19:00:00,3.626463485825994,11.536999702453612
53,2018-05-03T20:00:00,13.189552127034494,11.395999908447266
53,2018-05-03T21:00:00,6.741044086166243,11.326000213623049
53,2018-05-03T22:00:00,16.42466690988229,10.973999977111816
53,2018-05-03T23:00:00,10.092127450766677,10.904000282287598
53,2018-05-04T00:00:00,15.208867232895077,10.41100025177002
53,2018-05-04T01:00:00,13.740750352154631,10.340999603271484
53,2018-05-04T02:00:00,10.868969132633419,10.130000114440918
53,2018-05-04T03:00:00,14.545840545673947,10.0600004196167
53,2018-05-04T04:00:00,5.020946602681931,10.199999809265137
53,2018-05-04T05:00:00,18.49838998429644,10.270999908447266
53,2018-05-04T06:00:00,16.15148511822251,10.199999809265137
53,2018-05-04T07:00:00,10.941419689907868,11.043999671936035
53,2018-05-04T08:00:00,4.02814735709884,11.536999702453612
53,2018-05-04T09:00:00,12.651481131634018,10.973999977111816
53,2018-05-04T10:00:00,12.713868286861999,11.326000213623049
53,2018-05-04T11:00:00,3.32923411180834,12.029000282287598
53,2018-05-04T12:00:00,10.46946802913098,12.310999870300291
53,2018-05-04T13:00:00,18.627228048459553,13.154999732971191
53,2018-05-04T14:00:00,12.974785832172973,14.210000038146973
53,2018-05-04T15:00:00,18.316848612971313,14.491000175476074
53,2018-05-04T16:00:00,9.275052697648963,15.54699993133545
53,2018-05-04T17:00:00,14.368541136243115,13.788000106811523
53,2018-05-04T18:00:00,11.156092621854956,13.506999969482422
53,2018-05-04T19:00:00,8.134292990536146,12.661999702453612
53,2018-05-04T20:00:00,17.769794911878208,12.661999702453612
53,2018-05-04T21:00:00,11.876619185401928,12.661999702453612
53,2018-05-04T22:00:00,11.704983071074807,12.451000213623049
53,2018-05-04T23:00:00,5.404100326983892,12.522000312805176
53,2018-05-05T00:00:00,12.919504803158118,11.958999633789062
53,2018-05-05T01:00:00,14.11965488075316,12.239999771118164
53,2018-05-05T02:00:00,8.630121954606427,12.100000381469728
53,2018-05-05T03:00:00,18.40674665346942,11.888999938964846
53,2018-05-05T04:00:00,17.068125616742286,11.467000007629396
53,2018-05-05T05:00:00,9.226215320770137,8.722999572753906
53,2018-05-05T06:00:00,12.893246124770553,10.833000183105469
53,2018-05-05T07:00:00,16.295792386119803,7.315999984741211
53,2018-05-05T08:00:00,10.524212510981755,9.708000183105469
53,2018-05-05T09:00:00,16.984174069461517,6.683000087738037
53,2018-05-05T10:00:00,14.520811815434607,8.86400032043457
53,2018-05-05T11:00:00,16.509313791145818,10.130000114440918
53,2018-05-05T12:00:00,14.402535671946785,11.043999671936035
53,2018-05-05T13:00:00,15.607418742405068,11.1850004196167
53,2018-05-05T14:00:00,7.754195753191855,11.043999671936035
53,2018-05-05T15:00:00,14.735727609763329,11.326000213623049
53,2018-05-05T16:00:00,12.747727290029623,11.607000350952148
53,2018-05-05T17:00:00,15.866091617847426,11.607000350952148
53,2018-05-05T18:00:00,3.8881721103045876,11.536999702453612
53,2018-05-05T19:00:00,11.137486008722544,11.536999702453612
53,2018-05-05T20:00:00,16.82573786779752,11.817999839782717
53,2018-05-05T21:00:00,15.337484783934372,11.536999702453612
53,2018-05-05T22:00:00,10.774041694091519,11.678000450134276
54,2018-05-02T23:00:00,4.298846060800102,7.73799991607666
54,2018-05-03T00:00:00,10.359885069714572,8.230999946594237
54,2018-05-03T01:00:00,9.331707940603774,7.809000015258789
54,2018-05-03T02:00:00,12.837852636046993,8.230999946594237
54,2018-05-03T03:00:00,11.3145405685853,8.722999572753906
54,2018-05-03T04:00:00,11.366064653967639,8.581999778747559
54,2018-05-03T05:00:00,6.191268942725584,8.371000289916992
54,2018-05-03T06:00:00,12.653485280829251,8.652999877929688
54,2018-05-03T07:00:00,10.517707450122924,9.637999534606934
54,2018-05-03T08:00:00,12.670892577187013,9.918999671936035
54,2018-05-03T09:00:00,7.883058146842041,9.708000183105469
54,2018-05-03T10:00:00,7.998131004764547,9.496999740600586
54,2018-05-03T11:00:00,11.118364547264903,9.21500015258789
54,2018-05-03T12:00:00,10.211649241940716,9.777999877929688
54,2018-05-03T13:00:00,17.04724901875118,10.621999740600586
54,2018-05-03T14:00:00,8.303349394852372,12.029000282287598
54,2018-05-03T15:00:00,17.174516999439785,12.944000244140623
54,2018-05-03T16:00:00,12.751088595627314,13.857999801635742
54,2018-05-03T17:00:00,11.120039806302755,12.944000244140623
54,2018-05-03T18:00:00,15.213633731886825,13.29599952697754
54,2018-05-03T19:00:00,5.943419554832268,11.536999702453612
54,2018-05-03T20:00:00,11.261395360696984,11.395999908447266
54,2018-05-03T21:00:00,16.035681716481566,11.326000213623049
54,2018-05-03T22:00:00,7.929908182291708,10.973999977111816
54,2018-05-03T23:00:00,2.165845462237714,10.904000282287598
54,2018-05-04T00:00:00,14.388354340978182,10.41100025177002
54,2018-05-04T01:00:00,4.82969779459286,10.340999603271484
54,2018-05-04T02:00:00,12.20145295974508,10.130000114440918
54,2018-05-04T03:00:00,15.89976904454186,10.0600004196167
54,2018-05-04T04:00:00,9.219281731758024,10.199999809265137
54,2018-05-04T05:00:00,9.190924470040805,10.270999908447266
54,2018-05-04T06:00:00,11.55414770200252,10.199999809265137
54,2018-05-04T07:00:00,5.317439982627771,11.043999671936035
54,2018-05-04T08:00:00,15.897025087256154,11.536999702453612
54,2018-05-04T09:00:00,11.40399478097029,10.973999977111816
54,2018-05-04T10:00:00,11.255196333515162,11.326000213623049
54,2018-05-04T11:00:00,13.043604654445385,12.029000282287598
54,2018-05-04T12:00:00,6.96566078096801,12.310999870300291
54,2018-05-04T13:00:00,14.597781097485255,13.154999732971191
54,2018-05-04T14:00:00,11.38530807393121,14.210000038146973
54,2018-05-04T15:00:00,9.980885735749148,14.491000175476074
54,2018-05-04T16:00:00,11.635325253024806,15.54699993133545
54,2018-05-04T17:00:00,15.735329288818532,13.788000106811523
54,2018-05-04T18:00:00,10.261126393854642,13.506999969482422
54,2018-05-04T19:00:00,2.6125358088482216,12.661999702453612
54,2018-05-04T20:00:00,11.869297581807167,12.661999702453612
54,2018-05-04T21:00:00,5.749019211963347,12.661999702453612
54,2018-05-04T22:00:00,14.963673547126497,12.451000213623049
54,2018-05-04T23:00:00,8.850299117154142,12.522000312805176
54,2018-05-05T00:00:00,13.750721163704707,11.958999633789062
54,2018-05-05T01:00:00,12.39684588184154,12.239999771118164
54,2018-05-05T02:00:00,9.622234116746121,12.100000381469728
54,2018-05-05T03:00:00,13.204940676896848,11.888999938964846
54,2018-05-05T04:00:00,4.053719899890712,11.467000007629396
54,2018-05-05T05:00:00,17.134466379780743,8.722999572753906
54,2018-05-05T06:00:00,14.706630325042287,10.833000183105469
54,2018-05-05T07:00:00,9.695051588832149,7.315999984741211
54,2018-05-05T08:00:00,3.022794795682218,9.708000183105469
54,2018-05-05T09:00:00,11.3449043448061,6.683000087738037
54,2018-05-05T10:00:00,11.405996992623386,8.86400032043457
54,2018-05-05T11:00:00,2.297256923630412,10.130000114440918
54,2018-05-05T12:00:00,9.214775469718216,11.043999671936035
54,2018-05-05T13:00:00,17.27589798636111,11.1850004196167
54,2018-05-05T14:00:00,11.662605290995472,11.043999671936035
54,2018-05-05T15:00:00,16.926401572360543,11.326000213623049
54,2018-05-05T16:00:00,8.086053325238902,11.607000350952148
54,2018-05-05T17:00:00,13.025159667312726,11.607000350952148
54,2018-05-05T18:00:00,9.911928372702203,11.536999702453612
54,2018-05-05T19:00:00,7.038232134406828,11.536999702453612
54,2018-05-05T20:00:00,16.310084473103878,11.817999839782717
54,2018-05-05T21:00:00,10.597059761537682,11.536999702453612
54,2018-05-05T22:00:00,10.437926736300192,11.678000450134276
54,2018-05-05T23:00:00,4.425061864761821,11.748000144958494
54,2018-05-06T00:00:00,11.607407467942894,11.748000144958494
54,2018-05-06T01:00:00,12.761106190461101,12.029000282287598
54,2018-05-06T02:00:00,7.4832976329224135,12.239999771118164
54,2018-05-06T03:00:00,17.022724323700807,12.239999771118164
54,2018-05-06T04:00:00,15.598097501284656,11.817999839782717
54,2018-05-06T05:00:00,8.035956007076539,12.451000213623049
54,2018-05-06T06:00:00,11.580988827622743,12.239999771118164
54,2018-05-06T07:00:00,14.849573364705737,12.380999565124512
54,2018-05-06T08:00:00,9.267306313992353,12.029000282287598
54,2018-05-06T09:00:00,15.516434198630597,10.692999839782717
54,2018-05-06T10:00:00,13.190244951304326,11.888999938964846
54,2018-05-06T11:00:00,15.055633762798749,10.904000282287598
54,2018-05-06T12:00:00,13.055324163942252,7.105000019073486
54,2018-05-06T13:00:00,14.158079879895213,8.934000015258789
54,2018-05-06T14:00:00,6.705473115850742,9.28600025177002
54,2018-05-06T15:00:00,13.379470146151924,9.074999809265137
54,2018-05-06T16:00:00,11.435093810079941,9.56700038909912
54,2018-05-06T17:00:00,14.434394998034847,7.668000221252441
54,2018-05-06T18:00:00,2.8664940803424717,9.56700038909912
54,2018-05-06T19:00:00,9.891446929809764,8.934000015258789
54,2018-05-06T20:00:00,15.36359673534945,5.697999954223633
54,2018-05-06T21:00:00,13.865647748123187,8.020000457763674
54,2018-05-06T22:00:00,9.520901302538832,7.456999778747559
55,2018-05-03T23:00:00,4.694451057710763,10.904000282287598
55,2018-05-04T00:00:00,10.852702929965837,10.41100025177002
55,2018-05-04T01:00:00,9.80681002115865,10.340999603271484
55,2018-05-04T02:00:00,13.292460296191543,10.130000114440918
55,2018-05-04T03:00:00,11.75680610404568,10.0600004196167
55,2018-05-04T04:00:00,11.802755894419393,10.199999809265137
55,2018-05-04T05:00:00,6.627968898008131,10.270999908447266
55,2018-05-04T06:00:00,13.063682847294803,10.199999809265137
55,2018-05-04T07:00:00,10.919864264270469,11.043999671936035
55,2018-05-04T08:00:00,13.064653748256884,11.536999702453612
55,2018-05-04T09:00:00,8.210919357172108,10.973999977111816
55,2018-05-04T10:00:00,8.321981522217786,11.326000213623049
55,2018-05-04T11:00:00,11.447564613126733,12.029000282287598
55,2018-05-04T12:00:00,10.600398422991649,12.310999870300291
55,2018-05-04T13:00:00,17.46228867222237,13.154999732971191
55,2018-05-04T14:00:00,8.615976204543003,14.210000038146973
55,2018-05-04T15:00:00,17.580488446366115,14.491000175476074
55,2018-05-04T16:00:00,13.090882666979923,15.54699993133545
55,2018-05-04T17:00:00,11.416564551296348,13.788000106811523
55,2018-05-04T18:00:00,15.551086321447404,13.506999969482422
55,2018-05-04T19:00:00,6.254253477471396,12.661999702453612
55,2018-05-04T20:00:00,11.556942940799932,12.661999702453612
55,2018-05-04T21:00:00,16.315964425441987,12.661999702453612
55,2018-05-04T22:00:00,8.194117424253294,12.451000213623049
55,2018-05-04T23:00:00,2.45014578591576,12.522000312805176
55,2018-05-05T00:00:00,14.714183224284048,11.958999633789062
55,2018-05-05T01:00:00,5.054093942008198,12.239999771118164
55,2018-05-05T02:00:00,12.496661626490514,12.100000381469728
55,2018-05-05T03:00:00,16.158046835858567,11.888999938964846
55,2018-05-05T04:00:00,9.487814573977033,11.467000007629396
55,2018-05-05T05:00:00,9.45478425286289,8.722999572753906
55,2018-05-05T06:00:00,11.825635304008399,10.833000183105469
55,2018-05-05T07:00:00,5.549003951038429,7.315999984741211
55,2018-05-05T08:00:00,16.137091700213876,9.708000183105469
55,2018-05-05T09:00:00,11.654721570254706,6.683000087738037
55,2018-05-05T10:00:00,11.49414175723911,8.86400032043457
55,2018-05-05T11:00:00,13.294832766717581,10.130000114440918
55,2018-05-05T12:00:00,7.205423339160461,11.043999671936035
55,2018-05-05T13:00:00,14.863379523906811,11.1850004196167
55,2018-05-05T14:00:00,11.618838300469232,11.043999671936035
55,2018-05-05T15:00:00,10.231415694965362,11.326000213623049
55,2018-05-05T16:00:00,11.874647031096453,11.607000350952148
55,2018-05-05T17:00:00,15.954691177605168,11.607000350952148
55,2018-05-05T18:00:00,10.499254899954142,11.536999702453612
55,2018-05-05T19:00:00,2.835435110496798,11.536999702453612
55,2018-05-05T20:00:00,12.102774067064068,11.817999839782717
55,2018-05-05T21:00:00,5.962781846241642,11.536999702453612
55,2018-05-05T22:00:00,15.196680844633896,11.678000450134276
55,2018-05-05T23:00:00,9.057286872902587,11.748000144958494
55,2018-05-06T00:00:00,13.960079315583503,11.748000144958494
55,2018-05-06T01:00:00,12.616095447469275,12.029000282287598
55,2018-05-06T02:00:00,9.836501341741862,12.239999771118164
55,2018-05-06T03:00:00,13.41145278163495,12.239999771118164
55,2018-05-06T04:00:00,4.224114120995621,11.817999839782717
55,2018-05-06T05:00:00,17.346678001862784,12.451000213623049
55,2018-05-06T06:00:00,14.921844888775185,12.239999771118164
55,2018-05-06T07:00:00,9.90044815985035,12.380999565124512
55,2018-05-06T08:00:00,3.214533963085767,12.029000282287598
55,2018-05-06T09:00:00,11.534509116116876,10.692999839782717
55,2018-05-06T10:00:00,11.595651567538084,11.888999938964846
55,2018-05-06T11:00:00,2.50393822654339,10.904000282287598
55,2018-05-06T12:00:00,9.404832070712285,7.105000019073486
55,2018-05-06T13:00:00,17.474472409801724,8.934000015258789
55,2018-05-06T14:00:00,11.852329039607556,9.28600025177002
55,2018-05-06T15:00:00,17.11246282232643,9.074999809265137
55,2018-05-06T16:00:00,8.259556044074207,9.56700038909912
55,2018-05-06T17:00:00,13.211857567985929,7.668000221252441
55,2018-05-06T18:00:00,10.101807846997236,9.56700038909912
55,2018-05-06T19:00:00,7.218715520783666,8.934000015258789
55,2018-05-06T20:00:00,16.47425600013203,5.697999954223633
55,2018-05-06T21:00:00,10.77046850381134,8.020000457763674
55,2018-05-06T22:00:00,10.614803602675883,7.456999778747559
55,2018-05-06T23:00:00,4.577919047083213,7.597000122070312
55,2018-05-07T00:00:00,11.781109399032964,7.948999881744385
55,2018-05-07T01:00:00,12.941014229155462,7.456999778747559
55,2018-05-07T02:00:00,7.649830163224767,7.456999778747559
55,2018-05-07T03:00:00,17.19272632048541,7.668000221252441
55,2018-05-07T04:00:00,15.76017326260168,8.090000152587889
55,2018-05-07T05:00:00,8.197002058302918,8.442000389099121
55,2018-05-07T06:00:00,11.746891639718369,8.652999877929688
55,2018-05-07T07:00:00,15.021893350244472,8.51200008392334
55,2018-05-07T08:00:00,9.433510067886242,8.300999641418457
55,2018-05-07T09:00:00,15.674501807133838,7.948999881744385
55,2018-05-07T10:00:00,13.35462269167083,8.159999847412111
55,2018-05-07T11:00:00,15.21967961812894,8.230999946594237
55,2018-05-07T12:00:00,13.220834883662466,8.722999572753906
55,2018-05-07T13:00:00,14.326860466555152,8.230999946594237
55,2018-05-07T14:00:00,6.875320485371894,8.159999847412111
55,2018-05-07T15:00:00,13.538545489419839,7.73799991607666
55,2018-05-07T16:00:00,11.588665100472143,7.386000156402588
55,2018-05-07T17:00:00,14.602644806536643,7.315999984741211
55,2018-05-07T18:00:00,3.030172562716608,7.73799991607666
55,2018-05-07T19:00:00,10.05228113587825,8.722999572753906
55,2018-05-07T20:00:00,15.51302874653653,8.86400032043457
55,2018-05-07T21:00:00,14.024166447048563,9.074999809265137
55,2018-05-07T22:00:00,9.676567704501783,8.442000389099121
56,2018-05-04T23:00:00,5.048097655658031,12.522000312805176
56,2018-05-05T00:00:00,11.327927919426566,11.958999633789062
56,2018-05-05T01:00:00,10.272247128675094,12.239999771118164
56,2018-05-05T02:00:00,13.772238518627468,12.100000381469728
56,2018-05-05T03:00:00,12.239585187290633,11.888999938964846
56,2018-05-05T04:00:00,12.284809578846053,11.467000007629396
56,2018-05-05T05:00:00,7.0641055337948995,8.722999572753906
56,2018-05-05T06:00:00,13.554737657977384,10.833000183105469
56,2018-05-05T07:00:00,11.39628410724193,7.315999984741211
56,2018-05-05T08:00:00,13.55260688173146,9.708000183105469
56,2018-05-05T09:00:00,8.646336075701093,6.683000087738037
56,2018-05-05T10:00:00,8.754724339623555,8.86400032043457
56,2018-05-05T11:00:00,11.91926807434958,10.130000114440918
56,2018-05-05T12:00:00,11.070389721445268,11.043999671936035
56,2018-05-05T13:00:00,17.939976515287565,11.1850004196167
56,2018-05-05T14:00:00,9.058089257354585,11.043999671936035
56,2018-05-05T15:00:00,18.056510764189557,11.326000213623049
56,2018-05-05T16:00:00,13.567381234516708,11.607000350952148
56,2018-05-05T17:00:00,11.884111692917312,11.607000350952148
56,2018-05-05T18:00:00,16.030834648682205,11.536999702453612
56,2018-05-05T19:00:00,6.663330274622469,11.536999702453612
56,2018-05-05T20:00:00,12.021223885299438,11.817999839782717
56,2018-05-05T21:00:00,16.780686807390744,11.536999702453612
56,2018-05-05T22:00:00,8.621697465890735,11.678000450134276
56,2018-05-05T23:00:00,2.9145680670467726,11.748000144958494
56,2018-05-06T00:00:00,15.212446193785802,11.748000144958494
56,2018-05-06T01:00:00,5.42384038625991,12.029000282287598
56,2018-05-06T02:00:00,12.962530609305766,12.239999771118164
56,2018-05-06T03:00:00,16.622370379727265,12.239999771118164
56,2018-05-06T04:00:00,9.933491752527054,11.817999839782717
56,2018-05-06T05:00:00,9.89980036898934,12.451000213623049
56,2018-05-06T06:00:00,12.279284629725243,12.239999771118164
56,2018-05-06T07:00:00,5.936330954651321,12.380999565124512
56,2018-05-06T08:00:00,16.599496103594433,12.029000282287598
56,2018-05-06T09:00:00,12.109506929575666,10.692999839782717
56,2018-05-06T10:00:00,11.951362904612147,11.888999938964846
56,2018-05-06T11:00:00,13.741526525824124,10.904000282287598
56,2018-05-06T12:00:00,7.630369006081137,7.105000019073486
56,2018-05-06T13:00:00,15.347435774706328,8.934000015258789
56,2018-05-06T14:00:00,12.071068611685853,9.28600025177002
56,2018-05-06T15:00:00,10.680084863515628,9.074999809265137
56,2018-05-06T16:00:00,12.320253360681816,9.56700038909912
56,2018-05-06T17:00:00,16.413895012848887,7.668000221252441
56,2018-05-06T18:00:00,10.948739384557413,9.56700038909912
56,2018-05-06T19:00:00,3.2714270424174323,8.934000015258789
56,2018-05-06T20:00:00,12.544490411399149,5.697999954223633
56,2018-05-06T21:00:00,6.359243778170855,8.020000457763674
56,2018-05-06T22:00:00,15.661499831029802,7.456999778747559
56,2018-05-06T23:00:00,9.498037540946687,7.597000122070312
56,2018-05-07T00:00:00,14.447774737220511,7.948999881744385
56,2018-05-07T01:00:00,13.067933501375382,7.456999778747559
56,2018-05-07T02:00:00,10.274670820130305,7.456999778747559
56,2018-05-07T03:00:00,13.847886827014266,7.668000221252441
56,2018-05-07T04:00:00,4.598018891941061,8.090000152587889
56,2018-05-07T05:00:00,17.79244115993048,8.442000389099121
56,2018-05-07T06:00:00,15.390842822651582,8.652999877929688
56,2018-05-07T07:00:00,10.33542038981296,8.51200008392334
56,2018-05-07T08:00:00,3.6276977694009798,8.300999641418457
56,2018-05-07T09:00:00,11.974610542657528,7.948999881744385
56,2018-05-07T10:00:00,12.033680996717763,8.159999847412111
56,2018-05-07T11:00:00,2.945450749105511,8.230999946594237
56,2018-05-07T12:00:00,9.83373947237413,8.722999572753906
56,2018-05-07T13:00:00,17.912461212864766,8.230999946594237
56,2018-05-07T14:00:00,12.281864349367137,8.159999847412111
56,2018-05-07T15:00:00,17.54852363300822,7.73799991607666
56,2018-05-07T16:00:00,8.673736407098737,7.386000156402588
56,2018-05-07T17:00:00,13.645611581219217,7.315999984741211
56,2018-05-07T18:00:00,10.529450364856178,7.73799991607666
56,2018-05-07T19:00:00,7.631044462011969,8.722999572753906
56,2018-05-07T20:00:00,16.905738366236047,8.86400032043457
56,2018-05-07T21:00:00,11.20526397062229,9.074999809265137
56,2018-05-07T22:00:00,11.046020252463043,8.442000389099121
56,2018-05-07T23:00:00,4.940561246812949,8.300999641418457
56,2018-05-08T00:00:00,12.205200654271295,8.51200008392334
56,2018-05-08T01:00:00,13.383907620407046,8.020000457763674
56,2018-05-08T02:00:00,8.05861394257497,7.73799991607666
56,2018-05-08T03:00:00,17.617692014416896,7.245999813079834
56,2018-05-08T04:00:00,16.191560217592297,7.105000019073486
56,2018-05-08T05:00:00,8.602201964671815,7.597000122070312
56,2018-05-08T06:00:00,12.167869970584796,8.300999641418457
56,2018-05-08T07:00:00,15.468552981137343,6.964000225067139
56,2018-05-08T08:00:00,9.849823487696922,7.456999778747559
56,2018-05-08T09:00:00,16.103189870844293,7.809000015258789
56,2018-05-08T10:00:00,13.765434407604129,8.300999641418457
56,2018-05-08T11:00:00,15.65675798057546,8.581999778747559
56,2018-05-08T12:00:00,13.645376164110559,8.934000015258789
56,2018-05-08T13:00:00,14.785516070977181,10.130000114440918
56,2018-05-08T14:00:00,7.268325708703349,10.41100025177002
56,2018-05-08T15:00:00,13.952124745143887,11.888999938964846
56,2018-05-08T16:00:00,12.007174824747963,12.592000007629396
56,2018-05-08T17:00:00,15.056974757483081,12.310999870300291
56,2018-05-08T18:00:00,3.433319286028949,11.748000144958494
56,2018-05-08T19:00:00,10.463385253393682,10.621999740600586
56,2018-05-08T20:00:00,15.936462419292804,10.199999809265137
56,2018-05-08T21:00:00,14.479739977048595,9.496999740600586
56,2018-05-08T22:00:00,10.085610331320046,9.708000183105469
57,2018-05-05T23:00:00,5.481514172954736,11.748000144958494
57,2018-05-06T00:00:00,11.757818022928959,11.748000144958494
57,2018-05-06T01:00:00,10.702516141307946,12.029000282287598
57,2018-05-06T02:00:00,14.219283623860148,12.239999771118164
57,2018-05-06T03:00:00,12.680132395123476,12.239999771118164
57,2018-05-06T04:00:00,12.726520697858769,11.817999839782717
57,2018-05-06T05:00:00,7.470282834515137,12.451000213623049
57,2018-05-06T06:00:00,14.027534833686307,12.239999771118164
57,2018-05-06T07:00:00,11.836238214887835,12.380999565124512
57,2018-05-06T08:00:00,14.028647443447808,12.029000282287598
57,2018-05-06T09:00:00,9.106102653560935,10.692999839782717
57,2018-05-06T10:00:00,9.214780660390584,11.888999938964846
57,2018-05-06T11:00:00,12.382885743925877,10.904000282287598
57,2018-05-06T12:00:00,11.508075791003177,7.105000019073486
57,2018-05-06T13:00:00,18.38372161429141,8.934000015258789
57,2018-05-06T14:00:00,9.521192325159394,9.28600025177002
57,2018-05-06T15:00:00,18.499251596162928,9.074999809265137
57,2018-05-06T16:00:00,14.051132233979516,9.56700038909912
57,2018-05-06T17:00:00,12.35471998070963,7.668000221252441
57,2018-05-06T18:00:00,16.507688938312835,9.56700038909912
57,2018-05-06T19:00:00,7.090928585842434,8.934000015258789
57,2018-05-06T20:00:00,12.49131301425561,5.697999954223633
57,2018-05-06T21:00:00,17.277707494000957,8.020000457763674
57,2018-05-06T22:00:00,9.092737316477365,7.456999778747559
57,2018-05-06T23:00:00,3.4168784557973293,7.597000122070312
57,2018-05-07T00:00:00,15.7086653578142,7.948999881744385
57,2018-05-07T01:00:00,5.85704018343044,7.456999778747559
57,2018-05-07T02:00:00,13.447005067930414,7.456999778747559
57,2018-05-07T03:00:00,17.121427847151484,7.668000221252441
57,2018-05-07T04:00:00,10.404866713841045,8.090000152587889
57,2018-05-07T05:00:00,10.37245232045899,8.442000389099121
57,2018-05-07T06:00:00,12.751771907648006,8.652999877929688
57,2018-05-07T07:00:00,6.374258809493297,8.51200008392334
57,2018-05-07T08:00:00,17.101044744917697,8.300999641418457
57,2018-05-07T09:00:00,12.587557286252656,7.948999881744385
57,2018-05-07T10:00:00,12.43327780427057,8.159999847412111
57,2018-05-07T11:00:00,14.221444480463864,8.230999946594237
57,2018-05-07T12:00:00,8.096193064675532,8.722999572753906
57,2018-05-07T13:00:00,15.848594106142452,8.230999946594237
57,2018-05-07T14:00:00,12.552731542390443,8.159999847412111
57,2018-05-07T15:00:00,11.145299430631713,7.73799991607666
57,2018-05-07T16:00:00,12.797954727620162,7.386000156402588
57,2018-05-07T17:00:00,16.91580511112885,7.315999984741211
57,2018-05-07T18:00:00,11.417729718373739,7.73799991607666
57,2018-05-07T19:00:00,3.768589141887663,8.722999572753906
57,2018-05-07T20:00:00,13.02435420903762,8.86400032043457
57,2018-05-07T21:00:00,6.806069399991976,9.074999809265137
57,2018-05-07T22:00:00,16.151189661233698,8.442000389099121
57,2018-05-07T23:00:00,9.983692628359513,8.300999641418457
57,2018-05-08T00:00:00,14.990620810000356,8.51200008392334
57,2018-05-08T01:00:00,13.56893286607451,8.020000457763674
57,2018-05-08T02:00:00,10.75117095479297,7.73799991607666
57,2018-05-08T03:00:00,14.33729420738482,7.245999813079834
57,2018-05-08T04:00:00,5.052922750969941,7.105000019073486
57,2018-05-08T05:00:00,18.279521705745065,7.597000122070312
57,2018-05-08T06:00:00,15.900149593853792,8.300999641418457
57,2018-05-08T07:00:00,10.812460922435776,6.964000225067139
57,2018-05-08T08:00:00,4.113760682466246,7.456999778747559
57,2018-05-08T09:00:00,12.464435269933642,7.809000015258789
57,2018-05-08T10:00:00,12.522593274798256,8.300999641418457
57,2018-05-08T11:00:00,3.453581848074167,8.581999778747559
57,2018-05-08T12:00:00,10.318813147780016,8.934000015258789
57,2018-05-08T13:00:00,18.399537239159308,10.130000114440918
57,2018-05-08T14:00:00,12.766849406094043,10.41100025177002
57,2018-05-08T15:00:00,18.043985536218827,11.888999938964846
57,2018-05-08T16:00:00,9.160591317800236,12.592000007629396
57,2018-05-08T17:00:00,14.146078522558216,12.310999870300291
57,2018-05-08T18:00:00,11.005871115021066,11.748000144958494
57,2018-05-08T19:00:00,8.112987052083584,10.621999740600586
57,2018-05-08T20:00:00,17.415186963445084,10.199999809265137
57,2018-05-08T21:00:00,11.694099751721872,9.496999740600586
57,2018-05-08T22:00:00,11.53012552269574,9.708000183105469
57,2018-05-08T23:00:00,5.3922639184692525,9.074999809265137
57,2018-05-09T00:00:00,12.692314131887146,8.581999778747559
57,2018-05-09T01:00:00,13.897809551846082,8.230999946594237
57,2018-05-09T02:00:00,8.548048874919331,8.159999847412111
57,2018-05-09T03:00:00,18.11312193306599,7.809000015258789
57,2018-05-09T04:00:00,16.69487836514478,7.175000190734862
57,2018-05-09T05:00:00,9.088712819039912,7.0349998474121085
57,2018-05-09T06:00:00,12.655621596926725,7.0349998474121085
57,2018-05-09T07:00:00,15.9803714593167,7.879000186920166
57,2018-05-09T08:00:00,10.33541369007586,8.230999946594237
57,2018-05-09T09:00:00,16.604477178420954,8.230999946594237
57,2018-05-09T10:00:00,14.255364396703943,8.581999778747559
57,2018-05-09T11:00:00,16.160090004536844,9.074999809265137
57,2018-05-09T12:00:00,14.148619250040795,9.56700038909912
57,2018-05-09T13:00:00,15.322190159972815,10.340999603271484
57,2018-05-09T14:00:00,7.733471101869409,11.607000350952148
57,2018-05-09T15:00:00,14.44888733290086,12.380999565124512
57,2018-05-09T16:00:00,12.497068288102263,12.661999702453612
57,2018-05-09T17:00:00,15.587563961470487,12.87399959564209
57,2018-05-09T18:00:00,3.9197959432889604,12.239999771118164
57,2018-05-09T19:00:00,10.94095715056001,11.607000350952148
57,2018-05-09T20:00:00,16.43319142573396,10.762999534606934
57,2018-05-09T21:00:00,15.021882509743453,9.708000183105469
57,2018-05-09T22:00:00,10.567266668578402,9.425999641418455
58,2018-05-06T23:00:00,5.790351831553336,7.597000122070312
58,2018-05-07T00:00:00,11.934242512204627,7.948999881744385
58,2018-05-07T01:00:00,10.912881982904945,7.456999778747559
58,2018-05-07T02:00:00,14.467374950060632,7.456999778747559
58,2018-05-07T03:00:00,12.924857953734628,7.668000221252441
58,2018-05-07T04:00:00,12.98030111191283,8.090000152587889
58,2018-05-07T05:00:00,7.726320603458985,8.442000389099121
58,2018-05-07T06:00:00,14.341442732193629,8.652999877929688
58,2018-05-07T07:00:00,12.116100684313578,8.51200008392334
58,2018-05-07T08:00:00,14.362417229664,8.300999641418457
58,2018-05-07T09:00:00,9.519324647221998,7.948999881744385
58,2018-05-07T10:00:00,9.634489976854887,8.159999847412111
58,2018-05-07T11:00:00,12.750320501534343,8.230999946594237
58,2018-05-07T12:00:00,11.806247916660269,8.722999572753906
58,2018-05-07T13:00:00,18.676803266782027,8.230999946594237
58,2018-05-07T14:00:00,9.94970260306724,8.159999847412111
58,2018-05-07T15:00:00,18.80153468934447,7.73799991607666
58,2018-05-07T16:00:00,14.447942037442235,7.386000156402588
58,2018-05-07T17:00:00,12.764343862807532,7.315999984741211
58,2018-05-07T18:00:00,16.88488131684599,7.73799991607666
58,2018-05-07T19:00:00,7.499302345571232,8.722999572753906
58,2018-05-07T20:00:00,12.908048011277154,8.86400032043457
58,2018-05-07T21:00:00,17.7432604434083,9.074999809265137
58,2018-05-07T22:00:00,9.587886025402604,8.442000389099121
58,2018-05-07T23:00:00,3.923754383358423,8.300999641418457
58,2018-05-08T00:00:00,16.125294880106765,8.51200008392334
58,2018-05-08T01:00:00,6.365665783473959,8.020000457763674
58,2018-05-08T02:00:00,13.892519381361511,7.73799991607666
58,2018-05-08T03:00:00,17.609718537308876,7.245999813079834
58,2018-05-08T04:00:00,10.873725203387266,7.105000019073486
58,2018-05-08T05:00:00,10.848020084307937,7.597000122070312
58,2018-05-08T06:00:00,13.2070811511144,8.300999641418457
58,2018-05-08T07:00:00,6.881102525922579,6.964000225067139
58,2018-05-08T08:00:00,17.611085869279695,7.456999778747559
58,2018-05-08T09:00:00,13.065926813871947,7.809000015258789
58,2018-05-08T10:00:00,12.923773608258614,8.300999641418457
58,2018-05-08T11:00:00,14.708857978206147,8.581999778747559
58,2018-05-08T12:00:00,8.616417458540747,8.934000015258789
58,2018-05-08T13:00:00,16.329366850910827,10.130000114440918
58,2018-05-08T14:00:00,13.053681500849747,10.41100025177002
58,2018-05-08T15:00:00,11.619182172498967,11.888999938964846
58,2018-05-08T16:00:00,13.29588881259883,12.592000007629396
58,2018-05-08T17:00:00,17.44724330332309,12.310999870300291
58,2018-05-08T18:00:00,11.905165708553916,11.748000144958494
58,2018-05-08T19:00:00,4.34837848347321,10.621999740600586
58,2018-05-08T20:00:00,13.534866492063392,10.199999809265137
58,2018-05-08T21:00:00,7.345071030488068,9.496999740600586
58,2018-05-08T22:00:00,16.644531192114076,9.708000183105469
58,2018-05-08T23:00:00,10.541129330791755,9.074999809265137
58,2018-05-09T00:00:00,15.594963846379231,8.581999778747559
58,2018-05-09T01:00:00,14.115567787521567,8.230999946594237
58,2018-05-09T02:00:00,11.28375439494743,8.159999847412111
58,2018-05-09T03:00:00,14.887834627165207,7.809000015258789
58,2018-05-09T04:00:00,5.657403490326962,7.175000190734862
58,2018-05-09T05:00:00,18.827176222943766,7.0349998474121085
58,2018-05-09T06:00:00,16.447487298238524,7.0349998474121085
58,2018-05-09T07:00:00,11.356192221222335,7.879000186920166
58,2018-05-09T08:00:00,4.724887532587756,8.230999946594237
58,2018-05-09T09:00:00,13.027624229514469,8.230999946594237
58,2018-05-09T10:00:00,13.086354659751434,8.581999778747559
58,2018-05-09T11:00:00,4.06914542710426,9.074999809265137
58,2018-05-09T12:00:00,10.895885842523402,9.56700038909912
58,2018-05-09T13:00:00,18.967028150723944,10.340999603271484
58,2018-05-09T14:00:00,13.33251772805304,11.607000350952148
58,2018-05-09T15:00:00,18.63069617070517,12.380999565124512
58,2018-05-09T16:00:00,9.7818971756559,12.661999702453612
58,2018-05-09T17:00:00,14.73359988279907,12.87399959564209
58,2018-05-09T18:00:00,11.567518188511505,12.239999771118164
58,2018-05-09T19:00:00,8.727761883982994,11.607000350952148
58,2018-05-09T20:00:00,18.03600010977372,10.762999534606934
58,2018-05-09T21:00:00,12.278125225575094,9.708000183105469
58,2018-05-09T22:00:00,12.108263022258441,9.425999641418455
58,2018-05-09T23:00:00,6.023143869387097,8.722999572753906
58,2018-05-10T00:00:00,13.280411484128134,7.948999881744385
58,2018-05-10T01:00:00,14.50840756192679,7.668000221252441
58,2018-05-10T02:00:00,9.189695955602087,7.315999984741211
58,2018-05-10T03:00:00,18.724179934556734,6.752999782562256
58,2018-05-10T04:00:00,17.299764927233667,6.330999851226808
58,2018-05-10T05:00:00,9.730527699933543,6.119999885559082
58,2018-05-10T06:00:00,13.254825307283312,6.050000190734862
58,2018-05-10T07:00:00,16.58678468095878,6.401999950408936
58,2018-05-10T08:00:00,10.946625494652377,6.61299991607666
58,2018-05-10T09:00:00,17.211119300988386,6.683000087738037
58,2018-05-10T10:00:00,14.864676092346285,7.456999778747559
58,2018-05-10T11:00:00,16.76113158976178,7.105000019073486
58,2018-05-10T12:00:00,14.769629988580505,8.159999847412111
58,2018-05-10T13:00:00,15.981074544437814,8.51200008392334
58,2018-05-10T14:00:00,8.351645246211838,9.637999534606934
58,2018-05-10T15:00:00,15.075929949618146,10.130000114440918
58,2018-05-10T16:00:00,13.114269301986486,10.0600004196167
58,2018-05-10T17:00:00,16.23943180239221,9.918999671936035
58,2018-05-10T18:00:00,4.577793701614368,9.56700038909912
58,2018-05-10T19:00:00,11.54617077312265,9.28600025177002
58,2018-05-10T20:00:00,17.043117877712323,8.581999778747559
58,2018-05-10T21:00:00,15.705643234881165,8.230999946594237
58,2018-05-10T22:00:00,11.18828447421783,8.371000289916992
59,2018-05-07T23:00:00,8.332429656435126,8.300999641418457
59,2018-05-08T00:00:00,14.15249101077583,8.51200008392334
59,2018-05-08T01:00:00,13.173278801805441,8.020000457763674
59,2018-05-08T02:00:00,16.549508071862213,7.73799991607666
59,2018-05-08T03:00:00,15.055763009557563,7.245999813079834
59,2018-05-08T04:00:00,15.104134413497784,7.105000019073486
59,2018-05-08T05:00:00,9.947321101376527,7.597000122070312
59,2018-05-08T06:00:00,16.336612103052847,8.300999641418457
59,2018-05-08T07:00:00,14.195740716827329,6.964000225067139
59,2018-05-08T08:00:00,16.345442053670006,7.456999778747559
59,2018-05-08T09:00:00,11.69421749077679,7.809000015258789
59,2018-05-08T10:00:00,11.808262149792029,8.300999641418457
59,2018-05-08T11:00:00,14.782271372056552,8.581999778747559
59,2018-05-08T12:00:00,13.88011505772694,8.934000015258789
59,2018-05-08T13:00:00,20.898175313837807,10.130000114440918
59,2018-05-08T14:00:00,12.120899272687419,10.41100025177002
59,2018-05-08T15:00:00,21.028654428513285,11.888999938964846
59,2018-05-08T16:00:00,16.400456952775034,12.592000007629396
59,2018-05-08T17:00:00,14.786755600195592,12.310999870300291
59,2018-05-08T18:00:00,18.918761502240507,11.748000144958494
59,2018-05-08T19:00:00,9.685673945589965,10.621999740600586
59,2018-05-08T20:00:00,14.9366799485206,10.199999809265137
59,2018-05-08T21:00:00,19.798439414367767,9.496999740600586
59,2018-05-08T22:00:00,11.743020655217403,9.708000183105469
59,2018-05-08T23:00:00,5.810040077467061,9.074999809265137
59,2018-05-09T00:00:00,18.1355694459768,8.581999778747559
59,2018-05-09T01:00:00,8.644886366527615,8.230999946594237
59,2018-05-09T02:00:00,15.86769426003751,8.159999847412111
59,2018-05-09T03:00:00,19.65832066492139,7.809000015258789
59,2018-05-09T04:00:00,13.002774315943777,7.175000190734862
59,2018-05-09T05:00:00,12.979706048602841,7.0349998474121085
59,2018-05-09T06:00:00,15.235631745346037,7.0349998474121085
59,2018-05-09T07:00:00,9.12099724549111,7.879000186920166
59,2018-05-09T08:00:00,19.6650881576788,8.230999946594237
59,2018-05-09T09:00:00,15.094832009439573,8.230999946594237
59,2018-05-09T10:00:00,14.954970024331217,8.581999778747559
59,2018-05-09T11:00:00,16.682223632465067,9.074999809265137
59,2018-05-09T12:00:00,10.762678347549826,9.56700038909912
59,2018-05-09T13:00:00,18.333628316122695,10.340999603271484
59,2018-05-09T14:00:00,15.086281318560477,11.607000350952148
59,2018-05-09T15:00:00,13.68355774141692,12.380999565124512
59,2018-05-09T16:00:00,15.322640496339044,12.661999702453612
59,2018-05-09T17:00:00,19.50324893049002,12.87399959564209
59,2018-05-09T18:00:00,13.958510602194124,12.239999771118164
59,2018-05-09T19:00:00,6.310636937721581,11.607000350952148
59,2018-05-09T20:00:00,15.547566597638173,10.762999534606934
59,2018-05-09T21:00:00,9.562179182771626,9.708000183105469
59,2018-05-09T22:00:00,18.642685044185,9.425999641418455
59,2018-05-09T23:00:00,12.71903174185595,8.722999572753906
59,2018-05-10T00:00:00,17.682136233301026,7.948999881744385
59,2018-05-10T01:00:00,16.0710660624345,7.668000221252441
59,2018-05-10T02:00:00,13.389787023016563,7.315999984741211
59,2018-05-10T03:00:00,16.897680018118894,6.752999782562256
59,2018-05-10T04:00:00,7.957270697782244,6.330999851226808
59,2018-05-10T05:00:00,21.034005775782735,6.119999885559082
59,2018-05-10T06:00:00,18.460996761110298,6.050000190734862
59,2018-05-10T07:00:00,13.457566571486113,6.401999950408936
59,2018-05-10T08:00:00,6.800760433928174,6.61299991607666
59,2018-05-10T09:00:00,15.077568574047042,6.683000087738037
59,2018-05-10T10:00:00,15.133041035397458,7.456999778747559
59,2018-05-10T11:00:00,5.980129980250744,7.105000019073486
59,2018-05-10T12:00:00,13.04256884789738,8.159999847412111
59,2018-05-10T13:00:00,21.18901544770676,8.51200008392334
59,2018-05-10T14:00:00,15.36391261648452,9.637999534606934
59,2018-05-10T15:00:00,20.817104283660303,10.130000114440918
59,2018-05-10T16:00:00,11.990475771830852,10.0600004196167
59,2018-05-10T17:00:00,16.691838013138685,9.918999671936035
59,2018-05-10T18:00:00,13.6474100024299,9.56700038909912
59,2018-05-10T19:00:00,10.905033153941016,9.28600025177002
59,2018-05-10T20:00:00,20.157971169681467,8.581999778747559
59,2018-05-10T21:00:00,14.349857337676266,8.230999946594237
59,2018-05-10T22:00:00,14.175531130088622,8.371000289916992
59,2018-05-10T23:00:00,8.369751312328553,7.948999881744385
59,2018-05-11T00:00:00,15.314380583238094,7.809000015258789
59,2018-05-11T01:00:00,16.433780338448898,7.597000122070312
59,2018-05-11T02:00:00,11.384584739470824,7.809000015258789
59,2018-05-11T03:00:00,20.91001123749193,7.73799991607666
59,2018-05-11T04:00:00,19.33685683450974,7.809000015258789
59,2018-05-11T05:00:00,11.935054434149334,8.300999641418457
59,2018-05-11T06:00:00,15.289011677103558,8.652999877929688
59,2018-05-11T07:00:00,18.59201496376784,8.793000221252441
59,2018-05-11T08:00:00,13.079812095612983,8.722999572753906
59,2018-05-11T09:00:00,19.232248630989897,9.496999740600586
59,2018-05-11T10:00:00,16.83469857166127,10.482000350952148
59,2018-05-11T11:00:00,18.754783540381254,11.043999671936035
59,2018-05-11T12:00:00,16.70936732088963,11.607000350952148
59,2018-05-11T13:00:00,18.035380477279794,12.100000381469728
59,2018-05-11T14:00:00,10.509484647358226,11.255999565124512
59,2018-05-11T15:00:00,17.08008495256749,10.973999977111816
59,2018-05-11T16:00:00,15.155533316649379,11.395999908447266
59,2018-05-11T17:00:00,18.261458413044647,11.114999771118164
59,2018-05-11T18:00:00,6.671753836636968,10.692999839782717
59,2018-05-11T19:00:00,13.61060487429012,10.762999534606934
59,2018-05-11T20:00:00,19.031403336634824,11.467000007629396
59,2018-05-11T21:00:00,17.789269984647074,11.395999908447266
59,2018-05-11T22:00:00,13.286950204564292,11.888999938964846
60,2018-05-08T23:00:00,7.033321881580207,9.074999809265137
60,2018-05-09T00:00:00,13.494490503298397,8.581999778747559
60,2018-05-09T01:00:00,12.403815922059461,8.230999946594237
60,2018-05-09T02:00:00,15.979808078672773,8.159999847412111
60,2018-05-09T03:00:00,14.462387994404507,7.809000015258789
60,2018-05-09T04:00:00,14.510341225384916,7.175000190734862
60,2018-05-09T05:00:00,8.874937656402643,7.0349998474121085
60,2018-05-09T06:00:00,15.825292471969812,7.0349998474121085
60,2018-05-09T07:00:00,13.583335518176634,7.879000186920166
60,2018-05-09T08:00:00,15.841944064636351,8.230999946594237
60,2018-05-09T09:00:00,10.774302988466534,8.230999946594237
60,2018-05-09T10:00:00,10.90010940398209,8.581999778747559
60,2018-05-09T11:00:00,14.256009949934338,9.074999809265137
60,2018-05-09T12:00:00,13.241578208118327,9.56700038909912
60,2018-05-09T13:00:00,20.32908937406571,10.340999603271484
60,2018-05-09T14:00:00,11.287529504677229,11.607000350952148
60,2018-05-09T15:00:00,20.45229672245796,12.380999565124512
60,2018-05-09T16:00:00,15.924370942689782,12.661999702453612
60,2018-05-09T17:00:00,14.278217703668437,12.87399959564209
60,2018-05-09T18:00:00,18.595383770197497,12.239999771118164
60,2018-05-09T19:00:00,8.64037170837862,11.607000350952148
60,2018-05-09T20:00:00,14.423107152002983,10.762999534606934
60,2018-05-09T21:00:00,19.411344144676825,9.708000183105469
60,2018-05-09T22:00:00,10.876039648838457,9.425999641418455
60,2018-05-09T23:00:00,4.8946271980689176,8.722999572753906
60,2018-05-10T00:00:00,17.78781697208761,7.948999881744385
60,2018-05-10T01:00:00,7.532039064947941,7.668000221252441
60,2018-05-10T02:00:00,15.390848339580089,7.315999984741211
60,2018-05-10T03:00:00,19.304249335660998,6.752999782562256
60,2018-05-10T04:00:00,12.326938628996338,6.330999851226808
60,2018-05-10T05:00:00,12.304557725962564,6.119999885559082
60,2018-05-10T06:00:00,14.726808091455744,6.050000190734862
60,2018-05-10T07:00:00,8.06625281329659,6.401999950408936
60,2018-05-10T08:00:00,19.32380273640873,6.61299991607666
60,2018-05-10T09:00:00,14.602637671041307,6.683000087738037
60,2018-05-10T10:00:00,14.473666125280545,7.456999778747559
60,2018-05-10T11:00:00,16.21697392815456,7.105000019073486
60,2018-05-10T12:00:00,9.858588090036857,8.159999847412111
60,2018-05-10T13:00:00,18.03661409827446,8.51200008392334
60,2018-05-10T14:00:00,14.604784204803247,9.637999534606934
60,2018-05-10T15:00:00,13.083669385245708,10.130000114440918
60,2018-05-10T16:00:00,14.832128210900029,10.0600004196167
60,2018-05-10T17:00:00,19.196055533423074,9.918999671936035
60,2018-05-10T18:00:00,13.392761143702522,9.56700038909912
60,2018-05-10T19:00:00,5.409379908234465,9.28600025177002
60,2018-05-10T20:00:00,15.067290895480278,8.581999778747559
60,2018-05-10T21:00:00,8.571542945315624,8.230999946594237
60,2018-05-10T22:00:00,18.421897187717303,8.371000289916992
60,2018-05-10T23:00:00,12.06298242025142,7.948999881744385
60,2018-05-11T00:00:00,17.24470251355348,7.809000015258789
60,2018-05-11T01:00:00,15.6585608955354,7.597000122070312
60,2018-05-11T02:00:00,12.784091581407601,7.809000015258789
60,2018-05-11T03:00:00,16.446642887851294,7.73799991607666
60,2018-05-11T04:00:00,6.91751698524031,7.809000015258789
60,2018-05-11T05:00:00,20.56515513153343,8.300999641418457
60,2018-05-11T06:00:00,18.190037670603015,8.652999877929688
60,2018-05-11T07:00:00,12.863238439756968,8.793000221252441
60,2018-05-11T08:00:00,5.877411526580088,8.722999572753906
60,2018-05-11T09:00:00,14.625845109475781,9.496999740600586
60,2018-05-11T10:00:00,14.68071697890525,10.482000350952148
60,2018-05-11T11:00:00,5.141657440079399,11.043999671936035
60,2018-05-11T12:00:00,12.428973862519907,11.607000350952148
60,2018-05-11T13:00:00,20.713229931716477,12.100000381469728
60,2018-05-11T14:00:00,14.90954508287978,11.255999565124512
60,2018-05-11T15:00:00,20.390705101021176,10.973999977111816
60,2018-05-11T16:00:00,11.252584935323767,11.395999908447266
60,2018-05-11T17:00:00,16.303153285510216,11.114999771118164
60,2018-05-11T18:00:00,13.080114900781805,10.692999839782717
60,2018-05-11T19:00:00,10.073366947856277,10.762999534606934
60,2018-05-11T20:00:00,19.8209759242717,11.467000007629396
60,2018-05-11T21:00:00,13.872997854806076,11.395999908447266
60,2018-05-11T22:00:00,13.675042206250595,11.888999938964846
60,2018-05-11T23:00:00,7.3533729096951905,11.888999938964846
60,2018-05-12T00:00:00,14.876186629280728,11.817999839782717
60,2018-05-12T01:00:00,16.09260865253524,11.467000007629396
60,2018-05-12T02:00:00,10.604773236008315,11.607000350952148
60,2018-05-12T03:00:00,20.491024640341006,9.848999977111816
60,2018-05-12T04:00:00,19.106505268909707,8.371000289916992
60,2018-05-12T05:00:00,11.214579467431925,10.130000114440918
60,2018-05-12T06:00:00,14.859966691534229,10.762999534606934
60,2018-05-12T07:00:00,18.357366782826592,8.442000389099121
60,2018-05-12T08:00:00,12.500168175234887,8.300999641418457
60,2018-05-12T09:00:00,19.0224339943475,9.777999877929688
60,2018-05-12T10:00:00,16.444697530632446,10.552000045776367
60,2018-05-12T11:00:00,18.55807516565322,10.904000282287598
60,2018-05-12T12:00:00,16.35983499845102,11.043999671936035
60,2018-05-12T13:00:00,17.69456898105652,10.621999740600586
60,2018-05-12T14:00:00,9.660030618984889,10.833000183105469
60,2018-05-12T15:00:00,16.68218654682988,10.692999839782717
60,2018-05-12T16:00:00,14.743428451492184,10.904000282287598
60,2018-05-12T17:00:00,17.961904670345792,10.552000045776367
60,2018-05-12T18:00:00,5.801832618214222,11.114999771118164
60,2018-05-12T19:00:00,13.076736927340244,11.043999671936035
60,2018-05-12T20:00:00,18.863820340031975,10.692999839782717
60,2018-05-12T21:00:00,17.417108337661915,10.270999908447266
60,2018-05-12T22:00:00,12.739611480419635,10.130000114440918
61,2018-05-09T23:00:00,6.644273441905147,8.722999572753906
61,2018-05-10T00:00:00,12.858158739430753,7.948999881744385
61,2018-05-10T01:00:00,11.813107819351735,7.668000221252441
61,2018-05-10T02:00:00,15.347681795854793,7.315999984741211
61,2018-05-10T03:00:00,13.782598830058088,6.752999782562256
61,2018-05-10T04:00:00,13.830551294112487,6.330999851226808
61,2018-05-10T05:00:00,8.515659610003357,6.119999885559082
61,2018-05-10T06:00:00,15.132041161189337,6.050000190734862
61,2018-05-10T07:00:00,12.898765663215832,6.401999950408936
61,2018-05-10T08:00:00,15.131712733126617,6.61299991607666
61,2018-05-10T09:00:00,10.194793869446656,6.683000087738037
61,2018-05-10T10:00:00,10.311616329150802,7.456999778747559
61,2018-05-10T11:00:00,13.446982341315607,7.105000019073486
61,2018-05-10T12:00:00,12.571475175348676,8.159999847412111
61,2018-05-10T13:00:00,19.54864029260126,8.51200008392334
61,2018-05-10T14:00:00,10.625609617334703,9.637999534606934
61,2018-05-10T15:00:00,19.662421558970532,10.130000114440918
61,2018-05-10T16:00:00,15.156103416426319,10.0600004196167
61,2018-05-10T17:00:00,13.42776705968672,9.918999671936035
61,2018-05-10T18:00:00,17.683607114666483,9.56700038909912
61,2018-05-10T19:00:00,8.138843032927877,9.28600025177002
61,2018-05-10T20:00:00,13.578341830113835,8.581999778747559
61,2018-05-10T21:00:00,18.483983234115254,8.230999946594237
61,2018-05-10T22:00:00,10.197751712612725,8.371000289916992
61,2018-05-10T23:00:00,4.428308215723206,7.948999881744385
61,2018-05-11T00:00:00,16.873665982263763,7.809000015258789
61,2018-05-11T01:00:00,6.939908471449817,7.597000122070312
61,2018-05-11T02:00:00,14.562128602895694,7.809000015258789
61,2018-05-11T03:00:00,18.33380155052434,7.73799991607666
61,2018-05-11T04:00:00,11.522159903503177,7.809000015258789
61,2018-05-11T05:00:00,11.492450888821782,8.300999641418457
61,2018-05-11T06:00:00,13.864860948243823,8.652999877929688
61,2018-05-11T07:00:00,7.4543245570506045,8.793000221252441
61,2018-05-11T08:00:00,18.32159961328428,8.722999572753906
61,2018-05-11T09:00:00,13.700220751183677,9.496999740600586
61,2018-05-11T10:00:00,13.543738499767635,10.482000350952148
61,2018-05-11T11:00:00,15.349437254030285,11.043999671936035
61,2018-05-11T12:00:00,9.173653710854683,11.607000350952148
61,2018-05-11T13:00:00,17.032352389405393,12.100000381469728
61,2018-05-11T14:00:00,13.672578607836359,11.255999565124512
61,2018-05-11T15:00:00,12.244396786469586,10.973999977111816
61,2018-05-11T16:00:00,13.924752854836129,11.395999908447266
61,2018-05-11T17:00:00,18.142197338859013,11.114999771118164
61,2018-05-11T18:00:00,12.518038817598244,10.692999839782717
61,2018-05-11T19:00:00,4.817191104012489,10.762999534606934
61,2018-05-11T20:00:00,14.157743475085265,11.467000007629396
61,2018-05-11T21:00:00,7.893448974309148,11.395999908447266
61,2018-05-11T22:00:00,17.344213362632704,11.888999938964846
61,2018-05-11T23:00:00,11.137236572933409,11.888999938964846
61,2018-05-12T00:00:00,16.2324924445194,11.817999839782717
61,2018-05-12T01:00:00,14.709937335635212,11.467000007629396
61,2018-05-12T02:00:00,11.878694350478305,11.607000350952148
61,2018-05-12T03:00:00,15.495109419407937,9.848999977111816
61,2018-05-12T04:00:00,6.178903842445305,8.371000289916992
61,2018-05-12T05:00:00,19.507902944325004,10.130000114440918
61,2018-05-12T06:00:00,17.105946563344155,10.762999534606934
61,2018-05-12T07:00:00,11.940911996446722,8.442000389099121
61,2018-05-12T08:00:00,5.1984701360561925,8.300999641418457
61,2018-05-12T09:00:00,13.607949913633366,9.777999877929688
61,2018-05-12T10:00:00,13.667106739219602,10.552000045776367
61,2018-05-12T11:00:00,4.507928248795883,10.904000282287598
61,2018-05-12T12:00:00,11.472604544992983,11.043999671936035
61,2018-05-12T13:00:00,19.631518162949646,10.621999740600586
61,2018-05-12T14:00:00,13.914493586344927,10.833000183105469
61,2018-05-12T15:00:00,19.2877801358811,10.692999839782717
61,2018-05-12T16:00:00,10.326586606025906,10.904000282287598
61,2018-05-12T17:00:00,15.302041322278848,10.552000045776367
61,2018-05-12T18:00:00,12.131325641384471,11.114999771118164
61,2018-05-12T19:00:00,9.233759865212674,11.043999671936035
61,2018-05-12T20:00:00,18.679992203791357,10.692999839782717
61,2018-05-12T21:00:00,12.834006036598815,10.270999908447266
61,2018-05-12T22:00:00,12.66333312628788,10.130000114440918
61,2018-05-12T23:00:00,6.5381627762853665,10.340999603271484
61,2018-05-13T00:00:00,13.846666392989892,10.482000350952148
61,2018-05-13T01:00:00,15.060027222874465,10.340999603271484
61,2018-05-13T02:00:00,9.700479637444698,9.918999671936035
61,2018-05-13T03:00:00,19.361780233512846,9.98900032043457
61,2018-05-13T04:00:00,17.937255518717386,10.199999809265137
61,2018-05-13T05:00:00,10.260755794645629,9.98900032043457
61,2018-05-13T06:00:00,13.813621947203355,10.270999908447266
61,2018-05-13T07:00:00,17.2047780266766,10.833000183105469
61,2018-05-13T08:00:00,11.496853009682463,10.552000045776367
61,2018-05-13T09:00:00,17.84326297320856,11.326000213623049
61,2018-05-13T10:00:00,15.417127911441543,11.536999702453612
61,2018-05-13T11:00:00,17.384183803079566,12.380999565124512
61,2018-05-13T12:00:00,15.31483165174409,12.451000213623049
61,2018-05-13T13:00:00,16.57477562725247,13.085000038146973
61,2018-05-13T14:00:00,8.837919073675216,13.366000175476074
61,2018-05-13T15:00:00,15.636276889009174,14.491000175476074
61,2018-05-13T16:00:00,13.661774489369291,15.265000343322756
61,2018-05-13T17:00:00,16.825841256891323,15.54699993133545
61,2018-05-13T18:00:00,5.031708242631385,14.42099952697754
61,2018-05-13T19:00:00,12.078466282200822,13.435999870300291
61,2018-05-13T20:00:00,17.66499946588757,13.29599952697754
61,2018-05-13T21:00:00,16.298699726012796,12.944000244140623
61,2018-05-13T22:00:00,11.722966113374962,12.661999702453612
62,2018-05-10T23:00:00,4.805750178656821,7.948999881744385
62,2018-05-11T00:00:00,10.860955406443654,7.809000015258789
62,2018-05-11T01:00:00,9.813289407329233,7.597000122070312
62,2018-05-11T02:00:00,13.329402927633467,7.809000015258789
62,2018-05-11T03:00:00,11.786350906688071,7.73799991607666
62,2018-05-11T04:00:00,11.83791360345006,7.809000015258789
62,2018-05-11T05:00:00,6.642898735848439,8.300999641418457
62,2018-05-11T06:00:00,13.162162331612553,8.652999877929688
62,2018-05-11T07:00:00,10.985611214078697,8.793000221252441
62,2018-05-11T08:00:00,13.181307935714429,8.722999572753906
62,2018-05-11T09:00:00,8.350352975385789,9.496999740600586
62,2018-05-11T10:00:00,8.469290037655309,10.482000350952148
62,2018-05-11T11:00:00,11.587159394444473,11.043999671936035
62,2018-05-11T12:00:00,10.689406374099523,11.607000350952148
62,2018-05-11T13:00:00,17.522817295823145,12.100000381469728
62,2018-05-11T14:00:00,8.782158884671997,11.255999565124512
62,2018-05-11T15:00:00,17.652634616259306,10.973999977111816
62,2018-05-11T16:00:00,13.269881273428643,11.395999908447266
62,2018-05-11T17:00:00,11.600393032821984,11.114999771118164
62,2018-05-11T18:00:00,15.713346717937194,10.692999839782717
62,2018-05-11T19:00:00,6.404369493523879,10.762999534606934
62,2018-05-11T20:00:00,11.749157855168269,11.467000007629396
62,2018-05-11T21:00:00,16.551112415161743,11.395999908447266
62,2018-05-11T22:00:00,8.425032586749452,11.888999938964846
62,2018-05-11T23:00:00,2.705079826203077,11.888999938964846
62,2018-05-12T00:00:00,14.925781004161117,11.817999839782717
62,2018-05-12T01:00:00,5.264614255668944,11.467000007629396
62,2018-05-12T02:00:00,12.722068389167255,11.607000350952148
62,2018-05-12T03:00:00,16.431416825679992,9.848999977111816
62,2018-05-12T04:00:00,9.728390700778103,8.371000289916992
62,2018-05-12T05:00:00,9.702187562251424,10.130000114440918
62,2018-05-12T06:00:00,12.061452118402782,10.762999534606934
62,2018-05-12T07:00:00,5.7880399939530385,8.442000389099121
62,2018-05-12T08:00:00,16.442094624821078,8.300999641418457
62,2018-05-12T09:00:00,11.918212897200032,9.777999877929688
62,2018-05-12T10:00:00,11.772913560201115,10.552000045776367
62,2018-05-12T11:00:00,13.591318217807006,10.904000282287598
62,2018-05-12T12:00:00,7.475863344808785,11.043999671936035
62,2018-05-12T13:00:00,15.154074253007146,10.621999740600586
62,2018-05-12T14:00:00,11.907977133164279,10.833000183105469
62,2018-05-12T15:00:00,10.518946010081137,10.692999839782717
62,2018-05-12T16:00:00,12.156986389372147,10.904000282287598
62,2018-05-12T17:00:00,16.294260635717176,10.552000045776367
62,2018-05-12T18:00:00,10.803069660497567,11.114999771118164
62,2018-05-12T19:00:00,3.148714181691899,11.043999671936035
62,2018-05-12T20:00:00,12.39594599419949,10.692999839782717
62,2018-05-12T21:00:00,6.260725973918142,10.270999908447266
62,2018-05-12T22:00:00,15.508950856878737,10.130000114440918
62,2018-05-12T23:00:00,9.393623221341068,10.340999603271484
62,2018-05-13T00:00:00,14.365181265052811,10.482000350952148
62,2018-05-13T01:00:00,12.94764682815854,10.340999603271484
62,2018-05-13T02:00:00,10.168220281010369,9.918999671936035
62,2018-05-13T03:00:00,13.773566591859288,9.98900032043457
62,2018-05-13T04:00:00,4.541251904881317,10.199999809265137
62,2018-05-13T05:00:00,17.695955753316646,9.98900032043457
62,2018-05-13T06:00:00,15.276322393067002,10.270999908447266
62,2018-05-13T07:00:00,10.242291134165868,10.833000183105469
62,2018-05-13T08:00:00,3.548954820118709,10.552000045776367
62,2018-05-13T09:00:00,11.87977103191275,11.326000213623049
62,2018-05-13T10:00:00,11.939692791283473,11.536999702453612
62,2018-05-13T11:00:00,2.851424367159618,12.380999565124512
62,2018-05-13T12:00:00,9.758192723762933,12.451000213623049
62,2018-05-13T13:00:00,17.832609565408827,13.085000038146973
62,2018-05-13T14:00:00,12.191104460971376,13.366000175476074
62,2018-05-13T15:00:00,17.486231479522786,14.491000175476074
62,2018-05-13T16:00:00,8.62872315507406,15.265000343322756
62,2018-05-13T17:00:00,13.584695827906355,15.54699993133545
62,2018-05-13T18:00:00,10.455398173494126,14.42099952697754
62,2018-05-13T19:00:00,7.559705239109157,13.435999870300291
62,2018-05-13T20:00:00,16.872868554260272,13.29599952697754
62,2018-05-13T21:00:00,11.135237897828674,12.944000244140623
62,2018-05-13T22:00:00,10.976524388723906,12.661999702453612
62,2018-05-13T23:00:00,4.907162808724269,12.522000312805176
62,2018-05-14T00:00:00,12.131688651679516,12.451000213623049
62,2018-05-14T01:00:00,13.317193008160372,12.522000312805176
62,2018-05-14T02:00:00,8.006534175085319,12.732999801635742
62,2018-05-14T03:00:00,17.568410732102272,12.732999801635742
62,2018-05-14T04:00:00,16.14128365363376,12.592000007629396
62,2018-05-14T05:00:00,8.567221403261893,12.451000213623049
62,2018-05-14T06:00:00,12.101676686904955,12.732999801635742
62,2018-05-14T07:00:00,15.40217369925557,12.451000213623049
62,2018-05-14T08:00:00,9.797285418956946,13.225000381469728
62,2018-05-14T09:00:00,16.052048726602745,13.366000175476074
62,2018-05-14T10:00:00,13.729614562674632,13.718000411987305
62,2018-05-14T11:00:00,15.593235134976593,14.70300006866455
62,2018-05-14T12:00:00,13.600734145901525,13.99899959564209
62,2018-05-14T13:00:00,14.740638916885775,14.70300006866455
62,2018-05-14T14:00:00,7.218767952496945,15.053999900817873
62,2018-05-14T15:00:00,13.923863419811646,16.812999725341793
62,2018-05-14T16:00:00,11.95040172804365,16.320999145507812
62,2018-05-14T17:00:00,15.00425748103224,16.601999282836914
62,2018-05-14T18:00:00,3.388295674542265,16.180000305175778
62,2018-05-14T19:00:00,10.4129670910484,15.758000373840332
62,2018-05-14T20:00:00,15.884383172316658,15.336000442504885
62,2018-05-14T21:00:00,14.45119854820025,15.336000442504885
62,2018-05-14T22:00:00,10.03961120534121,14.984000205993652
63,2018-05-11T23:00:00,5.38163676885403,11.888999938964846
63,2018-05-12T00:00:00,11.589191955058926,11.817999839782717
63,2018-05-12T01:00:00,10.524483976168035,11.467000007629396
63,2018-05-12T02:00:00,14.01607841448341,11.607000350952148
63,2018-05-12T03:00:00,12.457839791667523,9.848999977111816
63,2018-05-12T04:00:00,12.503128585614549,8.371000289916992
63,2018-05-12T05:00:00,7.313217837421501,10.130000114440918
63,2018-05-12T06:00:00,13.785131850086291,10.762999534606934
63,2018-05-12T07:00:00,11.60460062266981,8.442000389099121
63,2018-05-12T08:00:00,13.782839940924942,8.300999641418457
63,2018-05-12T09:00:00,8.8747177513116,9.777999877929688
63,2018-05-12T10:00:00,8.98950828952555,10.552000045776367
63,2018-05-12T11:00:00,12.107672690265279,10.904000282287598
63,2018-05-12T12:00:00,11.293594458787165,11.043999671936035
63,2018-05-12T13:00:00,18.168531272112507,10.621999740600586
63,2018-05-12T14:00:00,9.290417235261724,10.833000183105469
63,2018-05-12T15:00:00,18.287801464186547,10.692999839782717
63,2018-05-12T16:00:00,13.803142939054883,10.904000282287598
63,2018-05-12T17:00:00,12.081095669273935,10.552000045776367
63,2018-05-12T18:00:00,16.25320387148002,11.114999771118164
63,2018-05-12T19:00:00,6.910623329508216,11.043999671936035
63,2018-05-12T20:00:00,12.231139586140792,10.692999839782717
63,2018-05-12T21:00:00,17.024378776211407,10.270999908447266
63,2018-05-12T22:00:00,8.871677706146293,10.130000114440918
63,2018-05-12T23:00:00,3.149457052257734,10.340999603271484
63,2018-05-13T00:00:00,15.45152482953573,10.482000350952148
63,2018-05-13T01:00:00,5.665562892050689,10.340999603271484
63,2018-05-13T02:00:00,13.20281640991727,9.918999671936035
63,2018-05-13T03:00:00,16.883117623528783,9.98900032043457
63,2018-05-13T04:00:00,10.188079914362415,10.199999809265137
63,2018-05-13T05:00:00,10.1569312311033,9.98900032043457
63,2018-05-13T06:00:00,12.518816739731232,10.270999908447266
63,2018-05-13T07:00:00,6.203491512765673,10.833000183105469
63,2018-05-13T08:00:00,16.878044154366005,10.552000045776367
63,2018-05-13T09:00:00,12.35236467980378,11.326000213623049
63,2018-05-13T10:00:00,12.194155947801079,11.536999702453612
63,2018-05-13T11:00:00,14.035403621158721,12.380999565124512
63,2018-05-13T12:00:00,7.894755355182653,12.451000213623049
63,2018-05-13T13:00:00,15.615484918822672,13.085000038146973
63,2018-05-13T14:00:00,12.324890998095908,13.366000175476074
63,2018-05-13T15:00:00,10.967604012597231,14.491000175476074
63,2018-05-13T16:00:00,12.579932739648571,15.265000343322756
63,2018-05-13T17:00:00,16.714919713894545,15.54699993133545
63,2018-05-13T18:00:00,11.238418145654762,14.42099952697754
63,2018-05-13T19:00:00,3.521320693073104,13.435999870300291
63,2018-05-13T20:00:00,12.81139718860733,13.29599952697754
63,2018-05-13T21:00:00,6.666904540580017,12.944000244140623
63,2018-05-13T22:00:00,15.936931819679522,12.661999702453612
63,2018-05-13T23:00:00,9.798039718601299,12.522000312805176
63,2018-05-14T00:00:00,14.771037111691925,12.451000213623049
63,2018-05-14T01:00:00,13.343847453936435,12.522000312805176
63,2018-05-14T02:00:00,10.580019726979721,12.732999801635742
63,2018-05-14T03:00:00,14.180108781442545,12.732999801635742
63,2018-05-14T04:00:00,4.8939213377478,12.592000007629396
63,2018-05-14T05:00:00,18.127286851649473,12.451000213623049
63,2018-05-14T06:00:00,15.687326802921213,12.732999801635742
63,2018-05-14T07:00:00,10.644686492049008,12.451000213623049
63,2018-05-14T08:00:00,3.897842746299773,13.225000381469728
63,2018-05-14T09:00:00,12.252436491208869,13.366000175476074
63,2018-05-14T10:00:00,12.311440242918234,13.718000411987305
63,2018-05-14T11:00:00,3.1959875524328005,14.70300006866455
63,2018-05-14T12:00:00,10.141413293564689,13.99899959564209
63,2018-05-14T13:00:00,18.247942716301605,14.70300006866455
63,2018-05-14T14:00:00,12.558348520769531,15.053999900817873
63,2018-05-14T15:00:00,17.88569898122624,16.812999725341793
63,2018-05-14T16:00:00,8.993241534253496,16.320999145507812
63,2018-05-14T17:00:00,13.952809051304559,16.601999282836914
63,2018-05-14T18:00:00,10.836223512927804,16.180000305175778
63,2018-05-14T19:00:00,7.908863621260226,15.758000373840332
63,2018-05-14T20:00:00,17.243177648223615,15.336000442504885
63,2018-05-14T21:00:00,11.49259439638207,15.336000442504885
63,2018-05-14T22:00:00,11.337907077686555,14.984000205993652
63,2018-05-14T23:00:00,5.241677031134021,14.70300006866455
63,2018-05-15T00:00:00,12.4767150708546,14.562000274658203
63,2018-05-15T01:00:00,13.660191196789807,14.140000343322756
63,2018-05-15T02:00:00,8.340458125211466,14.491000175476074
63,2018-05-15T03:00:00,17.93930417845518,14.562000274658203
63,2018-05-15T04:00:00,16.48965744634186,14.279999732971191
63,2018-05-15T05:00:00,8.907004703159362,14.140000343322756
63,2018-05-15T06:00:00,12.434275303049628,14.35099983215332
63,2018-05-15T07:00:00,15.751593073673652,14.562000274658203
63,2018-05-15T08:00:00,10.139975092477153,16.038999557495114
63,2018-05-15T09:00:00,16.388830829029168,16.461000442504886
63,2018-05-15T10:00:00,14.065826163606943,15.19499969482422
63,2018-05-15T11:00:00,15.929129096115181,14.140000343322756
63,2018-05-15T12:00:00,13.928196402978466,15.406000137329102
63,2018-05-15T13:00:00,15.084809625838023,14.42099952697754
63,2018-05-15T14:00:00,7.5493657291512815,15.758000373840332
63,2018-05-15T15:00:00,14.253914252002415,16.180000305175778
63,2018-05-15T16:00:00,12.263370977701136,16.882999420166016
63,2018-05-15T17:00:00,15.341685227980918,16.25
63,2018-05-15T18:00:00,3.6935151285291763,17.165000915527347
63,2018-05-15T19:00:00,10.73764685478428,16.882999420166016
63,2018-05-15T20:00:00,16.19675417610197,16.320999145507812
63,2018-05-15T21:00:00,14.779072117304047,15.968999862670898
63,2018-05-15T22:00:00,10.356825107807209,15.89799976348877
64,2018-05-12T23:00:00,5.383488953295629,10.340999603271484
64,2018-05-13T00:00:00,11.533003213743449,10.482000350952148
64,2018-05-13T01:00:00,10.48859728450298,10.340999603271484
64,2018-05-13T02:00:00,13.989651904137666,9.918999671936035
64,2018-05-13T03:00:00,12.428269700099355,9.98900032043457
64,2018-05-13T04:00:00,12.47727163442204,10.199999809265137
64,2018-05-13T05:00:00,7.292723929408437,9.98900032043457
64,2018-05-13T06:00:00,13.787735973979006,10.270999908447266
64,2018-05-13T07:00:00,11.587881311030081,10.833000183105469
64,2018-05-13T08:00:00,13.792889533452973,10.552000045776367
64,2018-05-13T09:00:00,8.914710296519047,11.326000213623049
64,2018-05-13T10:00:00,9.033454764116131,11.536999702453612
64,2018-05-13T11:00:00,12.12289926269801,12.380999565124512
64,2018-05-13T12:00:00,11.28455253665009,12.451000213623049
64,2018-05-13T13:00:00,18.141395898526884,13.085000038146973
64,2018-05-13T14:00:00,9.33371438856403,13.366000175476074
64,2018-05-13T15:00:00,18.263613204023223,14.491000175476074
64,2018-05-13T16:00:00,13.836258567298866,15.265000343322756
64,2018-05-13T17:00:00,12.111597191845654,15.54699993133545
64,2018-05-13T18:00:00,16.261678815326086,14.42099952697754
64,2018-05-13T19:00:00,6.947746208943068,13.435999870300291
64,2018-05-13T20:00:00,12.265218957139709,13.29599952697754
64,2018-05-13T21:00:00,17.067973198829897,12.944000244140623
64,2018-05-13T22:00:00,8.942665482102226,12.661999702453612
64,2018-05-13T23:00:00,3.2320543930277026,12.522000312805176
64,2018-05-14T00:00:00,15.476075363106897,12.451000213623049
64,2018-05-14T01:00:00,5.736355302137012,12.522000312805176
64,2018-05-14T02:00:00,13.252359666162715,12.732999801635742
64,2018-05-14T03:00:00,16.935629766265787,12.732999801635742
64,2018-05-14T04:00:00,10.247664042635346,12.592000007629396
64,2018-05-14T05:00:00,10.219153122758607,12.451000213623049
64,2018-05-14T06:00:00,12.57018908660687,12.732999801635742
64,2018-05-14T07:00:00,6.275932490661198,12.451000213623049
64,2018-05-14T08:00:00,16.93979084692562,13.225000381469728
64,2018-05-14T09:00:00,12.41176263238156,13.366000175476074
64,2018-05-14T10:00:00,12.257219324206073,13.718000411987305
64,2018-05-14T11:00:00,14.106154606704893,14.70300006866455
64,2018-05-14T12:00:00,7.973137935648591,13.99899959564209
64,2018-05-14T13:00:00,15.66615678837192,14.70300006866455
64,2018-05-14T14:00:00,12.393705651643748,15.053999900817873
64,2018-05-14T15:00:00,11.030468084009161,16.812999725341793
64,2018-05-14T16:00:00,12.649811021199701,16.320999145507812
64,2018-05-14T17:00:00,16.787283463256138,16.601999282836914
64,2018-05-14T18:00:00,11.306447731740231,16.180000305175778
64,2018-05-14T19:00:00,3.628063916379922,15.758000373840332
64,2018-05-14T20:00:00,12.888003149801843,15.336000442504885
64,2018-05-14T21:00:00,6.757562195359519,15.336000442504885
64,2018-05-14T22:00:00,15.99393452629679,14.984000205993652
64,2018-05-14T23:00:00,9.89250328265431,14.70300006866455
64,2018-05-15T00:00:00,14.871772693190028,14.562000274658203
64,2018-05-15T01:00:00,13.435321285026466,14.140000343322756
64,2018-05-15T02:00:00,10.668926949331446,14.491000175476074
64,2018-05-15T03:00:00,14.279449557355779,14.562000274658203
64,2018-05-15T04:00:00,5.004662343017474,14.279999732971191
64,2018-05-15T05:00:00,18.209176586999487,14.140000343322756
64,2018-05-15T06:00:00,15.768555176297756,14.35099983215332
64,2018-05-15T07:00:00,10.739501489274913,14.562000274658203
64,2018-05-15T08:00:00,4.0153165761404015,16.038999557495114
64,2018-05-15T09:00:00,12.349296606925414,16.461000442504886
64,2018-05-15T10:00:00,12.409039404057062,15.19499969482422
64,2018-05-15T11:00:00,3.3176851808701624,14.140000343322756
64,2018-05-15T12:00:00,10.249170524740268,15.406000137329102
64,2018-05-15T13:00:00,18.33976439872768,14.42099952697754
64,2018-05-15T14:00:00,12.65864864228478,15.758000373840332
64,2018-05-15T15:00:00,17.986099173460644,16.180000305175778
64,2018-05-15T16:00:00,9.120296431095458,16.882999420166016
64,2018-05-15T17:00:00,14.06705300880573,16.25
64,2018-05-15T18:00:00,10.940436845141196,17.165000915527347
64,2018-05-15T19:00:00,8.02643123126302,16.882999420166016
64,2018-05-15T20:00:00,17.358459949562267,16.320999145507812
64,2018-05-15T21:00:00,11.600275150458733,15.968999862670898
64,2018-05-15T22:00:00,11.44523889976037,15.89799976348877
64,2018-05-15T23:00:00,5.365566162967969,15.687000274658203
64,2018-05-16T00:00:00,12.585695669792788,15.968999862670898
64,2018-05-16T01:00:00,13.77802311572815,16.25
64,2018-05-16T02:00:00,8.469496665618381,16.108999252319336
64,2018-05-16T03:00:00,18.04934293931414,16.108999252319336
64,2018-05-16T04:00:00,16.5961604549945,16.25
64,2018-05-16T05:00:00,9.04195743560777,16.461000442504886
64,2018-05-16T06:00:00,12.54699782238119,16.882999420166016
64,2018-05-16T07:00:00,15.85724046346947,16.672000885009766
64,2018-05-16T08:00:00,10.261253837751166,15.687000274658203
64,2018-05-16T09:00:00,16.494893916616043,14.843000411987305
64,2018-05-16T10:00:00,14.190476859767577,15.336000442504885
64,2018-05-16T11:00:00,16.031790099040794,14.984000205993652
64,2018-05-16T12:00:00,14.052910498965293,14.70300006866455
64,2018-05-16T13:00:00,15.209601415304967,14.984000205993652
64,2018-05-16T14:00:00,7.67451599520164,15.687000274658203
64,2018-05-16T15:00:00,14.38151267711638,16.743000030517578
64,2018-05-16T16:00:00,12.380750659792856,16.108999252319336
64,2018-05-16T17:00:00,15.463870952857906,16.320999145507812
64,2018-05-16T18:00:00,3.8281143988579664,15.82800006866455
64,2018-05-16T19:00:00,10.856148474334361,15.54699993133545
64,2018-05-16T20:00:00,16.30120253949589,16.320999145507812
64,2018-05-16T21:00:00,14.910487036486519,16.038999557495114
64,2018-05-16T22:00:00,10.479966431965792,16.672000885009766
65,2018-05-13T23:00:00,4.56792630822321,12.522000312805176
65,2018-05-14T00:00:00,10.556441178857,12.451000213623049
65,2018-05-14T01:00:00,9.508079022453629,12.522000312805176
65,2018-05-14T02:00:00,12.898405739438264,12.732999801635742
65,2018-05-14T03:00:00,11.37342119470976,12.732999801635742
65,2018-05-14T04:00:00,11.414298960215937,12.592000007629396
65,2018-05-14T05:00:00,6.445736876762432,12.451000213623049
65,2018-05-14T06:00:00,12.550335177874299,12.732999801635742
65,2018-05-14T07:00:00,10.50484593036814,12.451000213623049
65,2018-05-14T08:00:00,12.52950989043778,13.225000381469728
65,2018-05-14T09:00:00,7.77143129928308,13.366000175476074
65,2018-05-14T10:00:00,7.8773187300267224,13.718000411987305
65,2018-05-14T11:00:00,10.897786621434236,14.70300006866455
65,2018-05-14T12:00:00,10.192596196986496,13.99899959564209
65,2018-05-14T13:00:00,17.121189748623735,14.70300006866455
65,2018-05-14T14:00:00,8.145439402596814,15.053999900817873
65,2018-05-14T15:00:00,17.242423448467566,16.812999725341793
65,2018-05-14T16:00:00,12.493896025091495,16.320999145507812
65,2018-05-14T17:00:00,10.826731173320972,16.601999282836914
65,2018-05-14T18:00:00,14.998956299571832,16.180000305175778
65,2018-05-14T19:00:00,5.957780278638715,15.758000373840332
65,2018-05-14T20:00:00,10.975023947506862,15.336000442504885
65,2018-05-14T21:00:00,15.7022642060792,15.336000442504885
65,2018-05-14T22:00:00,7.688252422600009,14.984000205993652
65,2018-05-14T23:00:00,1.8376850776823108,14.70300006866455
65,2018-05-15T00:00:00,14.100128756551387,14.562000274658203
65,2018-05-15T01:00:00,4.764594847744881,14.140000343322756
65,2018-05-15T02:00:00,11.872052352833073,14.491000175476074
65,2018-05-15T03:00:00,15.529402120302496,14.562000274658203
65,2018-05-15T04:00:00,8.95112141166262,14.279999732971191
65,2018-05-15T05:00:00,8.913677692189339,14.140000343322756
65,2018-05-15T06:00:00,11.231676421097074,14.35099983215332
65,2018-05-15T07:00:00,5.23572357697512,14.562000274658203
65,2018-05-15T08:00:00,15.499099974771031,16.038999557495114
65,2018-05-15T09:00:00,11.032163924838601,16.461000442504886
65,2018-05-15T10:00:00,10.853615131578229,15.19499969482422
65,2018-05-15T11:00:00,12.687764890965148,14.140000343322756
65,2018-05-15T12:00:00,6.722298301038322,15.406000137329102
65,2018-05-15T13:00:00,14.202606508678077,14.42099952697754
65,2018-05-15T14:00:00,10.976589818495405,15.758000373840332
65,2018-05-15T15:00:00,9.693536320637918,16.180000305175778
65,2018-05-15T16:00:00,11.24474494909272,16.882999420166016
65,2018-05-15T17:00:00,15.302552000646045,16.25
65,2018-05-15T18:00:00,9.933700703858996,17.165000915527347
65,2018-05-15T19:00:00,2.21472456561961,16.882999420166016
65,2018-05-15T20:00:00,11.455578655744326,16.320999145507812
65,2018-05-15T21:00:00,5.6039224431947705,15.968999862670898
65,2018-05-15T22:00:00,14.533201339632994,15.89799976348877
65,2018-05-15T23:00:00,8.463536061127277,15.687000274658203
65,2018-05-16T00:00:00,13.196678706414573,15.968999862670898
65,2018-05-16T01:00:00,11.877642374418553,16.25
65,2018-05-16T02:00:00,9.247253660730546,16.108999252319336
65,2018-05-16T03:00:00,12.757867429941237,16.108999252319336
65,2018-05-16T04:00:00,3.864847440691534,16.25
65,2018-05-16T05:00:00,16.798863378044775,16.461000442504886
65,2018-05-16T06:00:00,14.189483673832857,16.882999420166016
65,2018-05-16T07:00:00,9.292092700804298,16.672000885009766
65,2018-05-16T08:00:00,2.644652424419567,15.687000274658203
65,2018-05-16T09:00:00,10.81685011220102,14.843000411987305
65,2018-05-16T10:00:00,10.87667061666269,15.336000442504885
65,2018-05-16T11:00:00,1.7799513343999553,14.984000205993652
65,2018-05-16T12:00:00,8.762924168292106,14.70300006866455
65,2018-05-16T13:00:00,16.901501473935827,14.984000205993652
65,2018-05-16T14:00:00,11.127602117860269,15.687000274658203
65,2018-05-16T15:00:00,16.481828942499654,16.743000030517578
65,2018-05-16T16:00:00,7.629520248057897,16.108999252319336
65,2018-05-16T17:00:00,12.433290960863362,16.320999145507812
65,2018-05-16T18:00:00,9.44335245791765,15.82800006866455
65,2018-05-16T19:00:00,6.596653308692723,15.54699993133545
65,2018-05-16T20:00:00,15.735359921394156,16.320999145507812
65,2018-05-16T21:00:00,10.026595121866464,16.038999557495114
65,2018-05-16T22:00:00,9.889511880257293,16.672000885009766
65,2018-05-16T23:00:00,4.185770279648443,15.053999900817873
65,2018-05-17T00:00:00,11.005641557793492,16.108999252319336
65,2018-05-17T01:00:00,12.059753851832454,16.601999282836914
65,2018-05-17T02:00:00,6.966224002890719,14.631999969482422
65,2018-05-17T03:00:00,16.499544103571143,12.239999771118164
65,2018-05-17T04:00:00,14.947418135045286,9.708000183105469
65,2018-05-17T05:00:00,7.507268159632044,8.652999877929688
65,2018-05-17T06:00:00,10.941867428102903,9.98900032043457
65,2018-05-17T07:00:00,14.158382582587382,10.973999977111816
65,2018-05-17T08:00:00,8.6959423134933,8.090000152587889
65,2018-05-17T09:00:00,14.833542686951223,11.326000213623049
65,2018-05-17T10:00:00,12.536963627870595,12.380999565124512
65,2018-05-17T11:00:00,14.351283887510245,13.154999732971191
65,2018-05-17T12:00:00,12.336728866071937,12.522000312805176
65,2018-05-17T13:00:00,13.397151346823623,13.013999938964846
65,2018-05-17T14:00:00,6.256057219707365,13.506999969482422
65,2018-05-17T15:00:00,12.695665948651586,13.506999969482422
65,2018-05-17T16:00:00,10.732152506356137,13.99899959564209
65,2018-05-17T17:00:00,13.653919433140754,13.788000106811523
65,2018-05-17T18:00:00,2.354107490429895,14.140000343322756
65,2018-05-17T19:00:00,9.266924890616721,13.788000106811523
65,2018-05-17T20:00:00,14.615353253004649,13.506999969482422
65,2018-05-17T21:00:00,13.057566411255413,13.154999732971191
65,2018-05-17T22:00:00,8.877626663383058,13.435999870300291
66,2018-05-14T23:00:00,10.721532606231344,14.70300006866455
66,2018-05-15T00:00:00,16.58996032377332,14.562000274658203
66,2018-05-15T01:00:00,15.734560178144523,14.140000343322756
66,2018-05-15T02:00:00,18.9061853491273,14.491000175476074
66,2018-05-15T03:00:00,17.43384505467236,14.562000274658203
66,2018-05-15T04:00:00,17.485421668795855,14.279999732971191
66,2018-05-15T05:00:00,12.531538130835528,14.140000343322756
66,2018-05-15T06:00:00,18.55526408648839,14.35099983215332
66,2018-05-15T07:00:00,16.587819897252718,14.562000274658203
66,2018-05-15T08:00:00,18.544630870707174,16.038999557495114
66,2018-05-15T09:00:00,14.16230100268573,16.461000442504886
66,2018-05-15T10:00:00,14.296682141828546,15.19499969482422
66,2018-05-15T11:00:00,16.987509394051397,14.140000343322756
66,2018-05-15T12:00:00,16.32092736408572,15.406000137329102
66,2018-05-15T13:00:00,23.25778234108801,14.42099952697754
66,2018-05-15T14:00:00,14.554683923073043,15.758000373840332
66,2018-05-15T15:00:00,23.403991653528337,16.180000305175778
66,2018-05-15T16:00:00,18.540789936871256,16.882999420166016
66,2018-05-15T17:00:00,16.95729254675672,16.25
66,2018-05-15T18:00:00,20.929660158506888,17.165000915527347
66,2018-05-15T19:00:00,12.154890030697725,16.882999420166016
66,2018-05-15T20:00:00,17.12208268789975,16.320999145507812
66,2018-05-15T21:00:00,21.715607743414758,15.968999862670898
66,2018-05-15T22:00:00,14.149983580099724,15.89799976348877
66,2018-05-15T23:00:00,7.560566225788968,15.687000274658203
66,2018-05-16T00:00:00,20.04240089653771,15.968999862670898
66,2018-05-16T01:00:00,11.131951461319064,16.25
66,2018-05-16T02:00:00,17.988264001239198,16.108999252319336
66,2018-05-16T03:00:00,21.541482330524673,16.108999252319336
66,2018-05-16T04:00:00,15.368481970677927,16.25
66,2018-05-16T05:00:00,15.341009423470087,16.461000442504886
66,2018-05-16T06:00:00,17.40463820495069,16.882999420166016
66,2018-05-16T07:00:00,11.559102590659645,16.672000885009766
66,2018-05-16T08:00:00,21.521812455785085,15.687000274658203
66,2018-05-16T09:00:00,17.224264605366443,14.843000411987305
66,2018-05-16T10:00:00,17.06020958531119,15.336000442504885
66,2018-05-16T11:00:00,18.778375284941408,14.984000205993652
66,2018-05-16T12:00:00,13.047056910815938,14.70300006866455
66,2018-05-16T13:00:00,20.170398082975687,14.984000205993652
66,2018-05-16T14:00:00,17.187547051033413,15.687000274658203
66,2018-05-16T15:00:00,15.957280034697778,16.743000030517578
66,2018-05-16T16:00:00,17.439426903739246,16.108999252319336
66,2018-05-16T17:00:00,21.329937881018527,16.320999145507812
66,2018-05-16T18:00:00,16.17696364964555,15.82800006866455
66,2018-05-16T19:00:00,8.131243453857731,15.54699993133545
66,2018-05-16T20:00:00,17.640588923243786,16.320999145507812
66,2018-05-16T21:00:00,11.916784736633076,16.038999557495114
66,2018-05-16T22:00:00,20.491794816347458,16.672000885009766
66,2018-05-16T23:00:00,14.965460242493178,15.053999900817873
66,2018-05-17T00:00:00,19.465554538946567,16.108999252319336
66,2018-05-17T01:00:00,18.041082098249213,16.601999282836914
66,2018-05-17T02:00:00,15.634777161881392,14.631999969482422
66,2018-05-17T03:00:00,18.911622259447753,12.239999771118164
66,2018-05-17T04:00:00,10.316415715855612,9.708000183105469
66,2018-05-17T05:00:00,23.07769907636757,8.652999877929688
66,2018-05-17T06:00:00,20.211784796317055,9.98900032043457
66,2018-05-17T07:00:00,15.680996236545276,10.973999977111816
66,2018-05-17T08:00:00,8.76550661591071,8.090000152587889
66,2018-05-17T09:00:00,17.106298463548345,11.326000213623049
66,2018-05-17T10:00:00,17.162122537367527,12.380999565124512
66,2018-05-17T11:00:00,7.65562076524486,13.154999732971191
66,2018-05-17T12:00:00,15.28257579167853,12.522000312805176
66,2018-05-17T13:00:00,23.23920686657003,13.013999938964846
66,2018-05-17T14:00:00,17.39341392703375,13.506999969482422
66,2018-05-17T15:00:00,22.767740820581096,13.506999969482422
66,2018-05-17T16:00:00,14.247986495548215,13.99899959564209
66,2018-05-17T17:00:00,18.61897741409826,13.788000106811523
66,2018-05-17T18:00:00,15.826105751186017,14.140000343322756
66,2018-05-17T19:00:00,13.094392089936399,13.788000106811523
66,2018-05-17T20:00:00,21.932822547638494,13.506999969482422
66,2018-05-17T21:00:00,16.407115659909667,13.154999732971191
66,2018-05-17T22:00:00,16.264072003513288,13.435999870300291
66,2018-05-17T23:00:00,10.779994608108478,13.366000175476074
66,2018-05-18T00:00:00,17.317078329830903,12.944000244140623
66,2018-05-18T01:00:00,18.28076996216967,12.944000244140623
66,2018-05-18T02:00:00,13.599769306561468,13.366000175476074
66,2018-05-18T03:00:00,22.85130228829459,13.085000038146973
66,2018-05-18T04:00:00,21.064111353943247,13.085000038146973
66,2018-05-18T05:00:00,14.180850456226565,12.803000450134276
66,2018-05-18T06:00:00,17.279390036555338,13.013999938964846
66,2018-05-18T07:00:00,20.270564817321787,12.944000244140623
66,2018-05-18T08:00:00,15.276122998807233,12.87399959564209
66,2018-05-18T09:00:00,20.95190123989432,12.522000312805176
66,2018-05-18T10:00:00,18.776752139864634,12.522000312805176
66,2018-05-18T11:00:00,20.452924294713036,12.732999801635742
66,2018-05-18T12:00:00,18.582547576186496,12.803000450134276
66,2018-05-18T13:00:00,19.688963441325185,12.592000007629396
66,2018-05-18T14:00:00,12.70096273191885,12.87399959564209
66,2018-05-18T15:00:00,18.990753676998267,12.732999801635742
66,2018-05-18T16:00:00,17.128450735710746,9.425999641418455
66,2018-05-18T17:00:00,19.865306050683717,8.090000152587889
66,2018-05-18T18:00:00,8.598152150595311,6.330999851226808
66,2018-05-18T19:00:00,15.748396914960422,5.3460001945495605
66,2018-05-18T20:00:00,20.735096563862754,6.401999950408936
66,2018-05-18T21:00:00,19.48496247420115,8.300999641418457
66,2018-05-18T22:00:00,15.447862495015238,8.652999877929688
67,2018-05-15T23:00:00,10.878019076065033,15.687000274658203
67,2018-05-16T00:00:00,16.643260329965507,15.968999862670898
67,2018-05-16T01:00:00,15.811754504888334,16.25
67,2018-05-16T02:00:00,18.937267374669187,16.108999252319336
67,2018-05-16T03:00:00,17.48711942427313,16.108999252319336
67,2018-05-16T04:00:00,17.5394054333004,16.25
67,2018-05-16T05:00:00,12.649399214938027,16.461000442504886
67,2018-05-16T06:00:00,18.579602807980002,16.882999420166016
67,2018-05-16T07:00:00,16.644899338260633,16.672000885009766
67,2018-05-16T08:00:00,18.567974391139543,15.687000274658203
67,2018-05-16T09:00:00,14.251452424534737,14.843000411987305
67,2018-05-16T10:00:00,14.380754504446651,15.336000442504885
67,2018-05-16T11:00:00,17.033885353134362,14.984000205993652
67,2018-05-16T12:00:00,16.38140603655262,14.70300006866455
67,2018-05-16T13:00:00,23.323188598706622,14.984000205993652
67,2018-05-16T14:00:00,14.633109019443541,15.687000274658203
67,2018-05-16T15:00:00,23.47150259114233,16.743000030517578
67,2018-05-16T16:00:00,18.56026220965079,16.108999252319336
67,2018-05-16T17:00:00,17.00112178014502,16.320999145507812
67,2018-05-16T18:00:00,20.964173530510354,15.82800006866455
67,2018-05-16T19:00:00,12.275570061069555,15.54699993133545
67,2018-05-16T20:00:00,17.16650378806274,16.320999145507812
67,2018-05-16T21:00:00,21.74583393932633,16.038999557495114
67,2018-05-16T22:00:00,14.228725525993886,16.672000885009766
67,2018-05-16T23:00:00,7.644010389050239,15.053999900817873
67,2018-05-17T00:00:00,20.067482796070294,16.108999252319336
67,2018-05-17T01:00:00,11.282673009987342,16.601999282836914
67,2018-05-17T02:00:00,18.019308154509254,14.631999969482422
67,2018-05-17T03:00:00,21.56877047177809,12.239999771118164
67,2018-05-17T04:00:00,15.439738224460784,9.708000183105469
67,2018-05-17T05:00:00,15.41214829786049,8.652999877929688
67,2018-05-17T06:00:00,17.44812121651769,9.98900032043457
67,2018-05-17T07:00:00,11.690075905366045,10.973999977111816
67,2018-05-17T08:00:00,21.546684216050323,8.090000152587889
67,2018-05-17T09:00:00,17.26468306411907,11.326000213623049
67,2018-05-17T10:00:00,17.098498177686498,12.380999565124512
67,2018-05-17T11:00:00,18.789471477582836,13.154999732971191
67,2018-05-17T12:00:00,13.140658221550366,12.522000312805176
67,2018-05-17T13:00:00,20.19264033779408,13.013999938964846
67,2018-05-17T14:00:00,17.225575517966593,13.506999969482422
67,2018-05-17T15:00:00,16.010067763055638,13.506999969482422
67,2018-05-17T16:00:00,17.479405420455073,13.99899959564209
67,2018-05-17T17:00:00,21.351283202035432,13.788000106811523
67,2018-05-17T18:00:00,16.22333501271361,14.140000343322756
67,2018-05-17T19:00:00,8.222371326918891,13.788000106811523
67,2018-05-17T20:00:00,17.67784200280816,13.506999969482422
67,2018-05-17T21:00:00,12.026019923391198,13.154999732971191
67,2018-05-17T22:00:00,20.51703519444,13.435999870300291
67,2018-05-17T23:00:00,15.025599339428965,13.366000175476074
67,2018-05-18T00:00:00,19.50122869282309,12.944000244140623
67,2018-05-18T01:00:00,18.059090831513394,12.944000244140623
67,2018-05-18T02:00:00,15.687418976837883,13.366000175476074
67,2018-05-18T03:00:00,18.91831577672901,13.085000038146973
67,2018-05-18T04:00:00,10.44846081928986,13.085000038146973
67,2018-05-18T05:00:00,23.11897170570527,12.803000450134276
67,2018-05-18T06:00:00,20.227308884524174,13.013999938964846
67,2018-05-18T07:00:00,15.730422477256873,12.944000244140623
67,2018-05-18T08:00:00,8.866660629982636,12.87399959564209
67,2018-05-18T09:00:00,17.136585389465218,12.522000312805176
67,2018-05-18T10:00:00,17.19279716621189,12.522000312805176
67,2018-05-18T11:00:00,7.735168508707192,12.732999801635742
67,2018-05-18T12:00:00,15.336728397794284,12.803000450134276
67,2018-05-18T13:00:00,23.280955679568372,12.592000007629396
67,2018-05-18T14:00:00,17.42585590714034,12.87399959564209
67,2018-05-18T15:00:00,22.79867894498948,12.732999801635742
67,2018-05-18T16:00:00,14.299856503205614,9.425999641418455
67,2018-05-18T17:00:00,18.617967253242167,8.090000152587889
67,2018-05-18T18:00:00,15.869346217446912,6.330999851226808
67,2018-05-18T19:00:00,13.176478474309741,5.3460001945495605
67,2018-05-18T20:00:00,21.944592314071258,6.401999950408936
67,2018-05-18T21:00:00,16.43707673160827,8.300999641418457
67,2018-05-18T22:00:00,16.297250886439322,8.652999877929688
67,2018-05-18T23:00:00,10.905591791151192,8.51200008392334
67,2018-05-19T00:00:00,17.34682802781047,8.51200008392334
67,2018-05-19T01:00:00,18.283069075250328,8.51200008392334
67,2018-05-19T02:00:00,13.66804462742267,8.230999946594237
67,2018-05-19T03:00:00,22.882293829746434,8.51200008392334
67,2018-05-19T04:00:00,21.07668334824126,7.809000015258789
67,2018-05-19T05:00:00,14.23036354381752,7.73799991607666
67,2018-05-19T06:00:00,17.308049167729628,7.73799991607666
67,2018-05-19T07:00:00,20.281840529621984,7.948999881744385
67,2018-05-19T08:00:00,15.325500399802593,7.879000186920166
67,2018-05-19T09:00:00,20.965663638104783,7.105000019073486
67,2018-05-19T10:00:00,18.773168568716613,7.597000122070312
67,2018-05-19T11:00:00,20.467551907588284,7.456999778747559
67,2018-05-19T12:00:00,18.57936403049776,7.809000015258789
67,2018-05-19T13:00:00,19.704057221296473,7.879000186920166
67,2018-05-19T14:00:00,12.78149697016161,8.020000457763674
67,2018-05-19T15:00:00,18.99456790600471,7.668000221252441
67,2018-05-19T16:00:00,17.15488755124361,7.456999778747559
67,2018-05-19T17:00:00,19.870152217849633,7.0349998474121085
67,2018-05-19T18:00:00,8.69359136880616,7.175000190734862
67,2018-05-19T19:00:00,15.790594162992255,7.0349998474121085
67,2018-05-19T20:00:00,20.751693862000934,6.894000053405763
67,2018-05-19T21:00:00,19.51291413602509,7.386000156402588
67,2018-05-19T22:00:00,15.494134542772033,7.315999984741211
68,2018-05-16T23:00:00,10.859216930569467,15.053999900817873
68,2018-05-17T00:00:00,16.572474121361058,16.108999252319336
68,2018-05-17T01:00:00,15.751217159699321,16.601999282836914
68,2018-05-17T02:00:00,18.851652371320288,14.631999969482422
68,2018-05-17T03:00:00,17.413987187678647,12.239999771118164
68,2018-05-17T04:00:00,17.46510089298228,9.708000183105469
68,2018-05-17T05:00:00,12.629806106259535,8.652999877929688
68,2018-05-17T06:00:00,18.505919927074004,9.98900032043457
68,2018-05-17T07:00:00,16.568515385901286,10.973999977111816
68,2018-05-17T08:00:00,18.493775930756435,8.090000152587889
68,2018-05-17T09:00:00,14.202851963362875,11.326000213623049
68,2018-05-17T10:00:00,14.326965831480157,12.380999565124512
68,2018-05-17T11:00:00,16.961989044639502,13.154999732971191
68,2018-05-17T12:00:00,16.299918404895426,12.522000312805176
68,2018-05-17T13:00:00,23.243534488396588,13.013999938964846
68,2018-05-17T14:00:00,14.574125229245615,13.506999969482422
68,2018-05-17T15:00:00,23.39369687293109,13.506999969482422
68,2018-05-17T16:00:00,18.482875302066507,13.99899959564209
68,2018-05-17T17:00:00,16.927626184374176,13.788000106811523
68,2018-05-17T18:00:00,20.85831983354825,14.140000343322756
68,2018-05-17T19:00:00,12.249776745659911,13.788000106811523
68,2018-05-17T20:00:00,17.090160856652744,13.506999969482422
68,2018-05-17T21:00:00,21.637257311042504,13.154999732971191
68,2018-05-17T22:00:00,14.174131956892637,13.435999870300291
68,2018-05-17T23:00:00,7.661833946989807,13.366000175476074
68,2018-05-18T00:00:00,19.98868723784552,12.944000244140623
68,2018-05-18T01:00:00,11.250490876254382,12.944000244140623
68,2018-05-18T02:00:00,17.940488695529915,13.366000175476074
68,2018-05-18T03:00:00,21.4582170982573,13.085000038146973
68,2018-05-18T04:00:00,15.374890705881283,13.085000038146973
68,2018-05-18T05:00:00,15.347680947954277,12.803000450134276
68,2018-05-18T06:00:00,17.364739479954356,13.013999938964846
68,2018-05-18T07:00:00,11.658432790849375,12.944000244140623
68,2018-05-18T08:00:00,21.434703328475877,12.87399959564209
68,2018-05-18T09:00:00,17.182328405969287,12.522000312805176
68,2018-05-18T10:00:00,17.017783003757778,12.522000312805176
68,2018-05-18T11:00:00,18.693830328214034,12.732999801635742
68,2018-05-18T12:00:00,13.10662412771642,12.803000450134276
68,2018-05-18T13:00:00,20.10238312401239,12.592000007629396
68,2018-05-18T14:00:00,17.14181847588943,12.87399959564209
68,2018-05-18T15:00:00,15.920400459037308,12.732999801635742
68,2018-05-18T16:00:00,17.39171254047504,9.425999641418455
68,2018-05-18T17:00:00,21.236943524810773,8.090000152587889
68,2018-05-18T18:00:00,16.130949946089302,6.330999851226808
68,2018-05-18T19:00:00,8.224490094194659,5.3460001945495605
68,2018-05-18T20:00:00,17.587861578958883,6.401999950408936
68,2018-05-18T21:00:00,11.9916466670638,8.300999641418457
68,2018-05-18T22:00:00,20.404106091924934,8.652999877929688
68,2018-05-18T23:00:00,14.955162663441705,8.51200008392334
68,2018-05-19T00:00:00,19.409694122075198,8.51200008392334
68,2018-05-19T01:00:00,17.973802221893944,8.51200008392334
68,2018-05-19T02:00:00,15.603096640286267,8.230999946594237
68,2018-05-19T03:00:00,18.81537221016363,8.51200008392334
68,2018-05-19T04:00:00,10.415229456617459,7.809000015258789
68,2018-05-19T05:00:00,23.021363554465147,7.73799991607666
68,2018-05-19T06:00:00,20.13080124721616,7.73799991607666
68,2018-05-19T07:00:00,15.642282249423536,7.948999881744385
68,2018-05-19T08:00:00,8.855143880645965,7.879000186920166
68,2018-05-19T09:00:00,17.047317118670165,7.105000019073486
68,2018-05-19T10:00:00,17.10244598672233,7.597000122070312
68,2018-05-19T11:00:00,7.739350534526393,7.456999778747559
68,2018-05-19T12:00:00,15.259956155826268,7.809000015258789
68,2018-05-19T13:00:00,23.18315009409087,7.879000186920166
68,2018-05-19T14:00:00,17.331051588851697,8.020000457763674
68,2018-05-19T15:00:00,22.69327321709344,7.668000221252441
68,2018-05-19T16:00:00,14.227095345450884,7.456999778747559
68,2018-05-19T17:00:00,18.520841757116486,7.0349998474121085
68,2018-05-19T18:00:00,15.77165831904436,7.175000190734862
68,2018-05-19T19:00:00,13.132612519456735,7.0349998474121085
68,2018-05-19T20:00:00,21.82561800484385,6.894000053405763
68,2018-05-19T21:00:00,16.34301296230505,7.386000156402588
68,2018-05-19T22:00:00,16.199611403844447,7.315999984741211
68,2018-05-19T23:00:00,10.86310140722706,7.105000019073486
68,2018-05-20T00:00:00,17.250183344528054,7.105000019073486
68,2018-05-20T01:00:00,18.194691649579084,7.105000019073486
68,2018-05-20T02:00:00,13.610678122994852,6.964000225067139
68,2018-05-20T03:00:00,22.774940171747538,6.752999782562256
68,2018-05-20T04:00:00,20.952295368762634,6.823999881744385
68,2018-05-20T05:00:00,14.154918452823317,6.823999881744385
68,2018-05-20T06:00:00,17.21041309153348,6.752999782562256
68,2018-05-20T07:00:00,20.177230316186606,6.823999881744385
68,2018-05-20T08:00:00,15.24188591324717,7.105000019073486
68,2018-05-20T09:00:00,20.84009224869937,7.245999813079834
68,2018-05-20T10:00:00,18.664843683658376,7.386000156402588
68,2018-05-20T11:00:00,20.35128020047793,7.175000190734862
68,2018-05-20T12:00:00,18.480410131647663,6.964000225067139
68,2018-05-20T13:00:00,19.61334570060669,6.823999881744385
68,2018-05-20T14:00:00,12.736337288130027,6.683000087738037
68,2018-05-20T15:00:00,18.883119881343383,6.330999851226808
68,2018-05-20T16:00:00,17.05726524390249,6.541999816894531
68,2018-05-20T17:00:00,19.786567384791958,4.361999988555908
68,2018-05-20T18:00:00,8.675749840043128,5.557000160217285
68,2018-05-20T19:00:00,15.687713138577989,5.627999782562256
68,2018-05-20T20:00:00,20.623709489845638,5.9790000915527335
68,2018-05-20T21:00:00,19.41135634834425,5.697999954223633
68,2018-05-20T22:00:00,15.401004259927289,5.908999919891357
69,2018-05-17T23:00:00,11.156290198882658,13.366000175476074
69,2018-05-18T00:00:00,16.59799586020104,12.944000244140623
69,2018-05-18T01:00:00,15.830879927780348,12.944000244140623
69,2018-05-18T02:00:00,18.81687631180971,13.366000175476074
69,2018-05-18T03:00:00,17.425401225407825,13.085000038146973
69,2018-05-18T04:00:00,17.470882766554137,13.085000038146973
69,2018-05-18T05:00:00,12.726957910175415,12.803000450134276
69,2018-05-18T06:00:00,18.521921054003336,13.013999938964846
69,2018-05-18T07:00:00,16.596656773152834,12.944000244140623
69,2018-05-18T08:00:00,18.51753750404018,12.87399959564209
69,2018-05-18T09:00:00,14.380264738992642,12.522000312805176
69,2018-05-18T10:00:00,14.501555697629902,12.522000312805176
69,2018-05-18T11:00:00,17.05726053613148,12.732999801635742
69,2018-05-18T12:00:00,16.317485089890994,12.803000450134276
69,2018-05-18T13:00:00,23.233518018646627,12.592000007629396
69,2018-05-18T14:00:00,14.731442758133966,12.87399959564209
69,2018-05-18T15:00:00,23.39496479277057,12.732999801635742
69,2018-05-18T16:00:00,18.53537705898671,9.425999641418455
69,2018-05-18T17:00:00,17.04233155471829,8.090000152587889
69,2018-05-18T18:00:00,20.81901970285939,6.330999851226808
69,2018-05-18T19:00:00,12.462348874667656,5.3460001945495605
69,2018-05-18T20:00:00,17.19410217020904,6.401999950408936
69,2018-05-18T21:00:00,21.64229434577778,8.300999641418457
69,2018-05-18T22:00:00,14.399477595771632,8.652999877929688
69,2018-05-18T23:00:00,7.83198632663054,8.51200008392334
69,2018-05-19T00:00:00,19.984696337617898,8.51200008392334
69,2018-05-19T01:00:00,11.607515937410575,8.51200008392334
69,2018-05-19T02:00:00,18.02863099153106,8.230999946594237
69,2018-05-19T03:00:00,21.477858446498185,8.51200008392334
69,2018-05-19T04:00:00,15.574576206976866,7.809000015258789
69,2018-05-19T05:00:00,15.554026130758714,7.73799991607666
69,2018-05-19T06:00:00,17.473114788447077,7.73799991607666
69,2018-05-19T07:00:00,11.981350414078134,7.948999881744385
69,2018-05-19T08:00:00,21.47137875251128,7.879000186920166
69,2018-05-19T09:00:00,17.31900598814782,7.105000019073486
69,2018-05-19T10:00:00,17.17341685073756,7.597000122070312
69,2018-05-19T11:00:00,18.80331250245872,7.456999778747559
69,2018-05-19T12:00:00,13.37836615556812,7.809000015258789
69,2018-05-19T13:00:00,20.145160722008566,7.879000186920166
69,2018-05-19T14:00:00,17.298518875891663,8.020000457763674
69,2018-05-19T15:00:00,16.074421504464514,7.668000221252441
69,2018-05-19T16:00:00,17.532501410021982,7.456999778747559
69,2018-05-19T17:00:00,21.299410617109103,7.0349998474121085
69,2018-05-19T18:00:00,16.291327193988575,7.175000190734862
69,2018-05-19T19:00:00,8.49814875722679,7.0349998474121085
69,2018-05-19T20:00:00,17.732168870613876,6.894000053405763
69,2018-05-19T21:00:00,12.325735883561281,7.386000156402588
69,2018-05-19T22:00:00,20.459467464326536,7.315999984741211
69,2018-05-19T23:00:00,15.21505222954552,7.105000019073486
69,2018-05-20T00:00:00,19.55468033068963,7.105000019073486
69,2018-05-20T01:00:00,18.145443919098778,7.105000019073486
69,2018-05-20T02:00:00,15.833719989783873,6.964000225067139
69,2018-05-20T03:00:00,18.982779249482995,6.752999782562256
69,2018-05-20T04:00:00,10.839669341820077,6.823999881744385
69,2018-05-20T05:00:00,23.188161831052444,6.823999881744385
69,2018-05-20T06:00:00,20.23401165850433,6.752999782562256
69,2018-05-20T07:00:00,15.882045889594556,6.823999881744385
69,2018-05-20T08:00:00,9.199628972869846,7.105000019073486
69,2018-05-20T09:00:00,17.2646677815653,7.245999813079834
69,2018-05-20T10:00:00,17.317798502423784,7.386000156402588
69,2018-05-20T11:00:00,8.025189794106959,7.175000190734862
69,2018-05-20T12:00:00,15.554792295754158,6.964000225067139
69,2018-05-20T13:00:00,23.382645299188006,6.823999881744385
69,2018-05-20T14:00:00,17.53775687698482,6.683000087738037
69,2018-05-20T15:00:00,22.878737250609344,6.330999851226808
69,2018-05-20T16:00:00,14.56555453872792,6.541999816894531
69,2018-05-20T17:00:00,18.73306789672509,4.361999988555908
69,2018-05-20T18:00:00,16.022485478026464,5.557000160217285
69,2018-05-20T19:00:00,13.495592347721155,5.627999782562256
69,2018-05-20T20:00:00,21.986387909817154,5.9790000915527335
69,2018-05-20T21:00:00,16.601114728630687,5.697999954223633
69,2018-05-20T22:00:00,16.453962094231315,5.908999919891357
69,2018-05-20T23:00:00,11.3300911853311,5.76800012588501
69,2018-05-21T00:00:00,17.480873910111523,5.697999954223633
69,2018-05-21T01:00:00,18.422138846310585,5.416999816894531
69,2018-05-21T02:00:00,13.985589631137096,5.76800012588501
69,2018-05-21T03:00:00,22.988442893337258,5.627999782562256
69,2018-05-21T04:00:00,21.095110993276958,5.697999954223633
69,2018-05-21T05:00:00,14.516132272907166,6.050000190734862
69,2018-05-21T06:00:00,17.45191845891157,5.908999919891357
69,2018-05-21T07:00:00,20.332217785933523,5.9790000915527335
69,2018-05-21T08:00:00,15.567335422915637,6.050000190734862
69,2018-05-21T09:00:00,20.9850290492592,6.4720001220703125
69,2018-05-21T10:00:00,18.90058528321357,6.401999950408936
69,2018-05-21T11:00:00,20.499336606942375,6.401999950408936
69,2018-05-21T12:00:00,18.71994689632514,6.752999782562256
69,2018-05-21T13:00:00,19.8102424417195,7.105000019073486
69,2018-05-21T14:00:00,13.126494440015472,7.175000190734862
69,2018-05-21T15:00:00,19.116021868216805,7.315999984741211
69,2018-05-21T16:00:00,17.31826629361423,5.627999782562256
69,2018-05-21T17:00:00,19.978132307605716,4.432000160217285
69,2018-05-21T18:00:00,9.068379825452734,6.4720001220703125
69,2018-05-21T19:00:00,15.976718679147515,6.4720001220703125
69,2018-05-21T20:00:00,20.770964232583765,6.894000053405763
69,2018-05-21T21:00:00,19.621274740717954,6.61299991607666
69,2018-05-21T22:00:00,15.72005293970072,6.894000053405763
70,2018-05-18T23:00:00,11.07462406384497,8.51200008392334
70,2018-05-19T00:00:00,16.27935398589835,8.51200008392334
70,2018-05-19T01:00:00,15.547198673884658,8.51200008392334
70,2018-05-19T02:00:00,18.49969908821039,8.230999946594237
70,2018-05-19T03:00:00,17.131392240415565,8.51200008392334
70,2018-05-19T04:00:00,17.178662665988536,7.809000015258789
70,2018-05-19T05:00:00,12.461288320727128,7.73799991607666
70,2018-05-19T06:00:00,18.266344743745577,7.73799991607666
70,2018-05-19T07:00:00,16.336772393901825,7.948999881744385
70,2018-05-19T08:00:00,18.277011579271754,7.879000186920166
70,2018-05-19T09:00:00,14.229934943767681,7.105000019073486
70,2018-05-19T10:00:00,14.352733340892717,7.597000122070312
70,2018-05-19T11:00:00,16.8795149818441,7.456999778747559
70,2018-05-19T12:00:00,16.059728375425415,7.809000015258789
70,2018-05-19T13:00:00,22.966787642169336,7.879000186920166
70,2018-05-19T14:00:00,14.582016219827707,8.020000457763674
70,2018-05-19T15:00:00,23.13736243972491,7.668000221252441
70,2018-05-19T16:00:00,18.34163438877831,7.456999778747559
70,2018-05-19T17:00:00,16.89199442282473,7.0349998474121085
70,2018-05-19T18:00:00,20.59277599996623,7.175000190734862
70,2018-05-19T19:00:00,12.330080744787587,7.0349998474121085
70,2018-05-19T20:00:00,17.03846411024468,6.894000053405763
70,2018-05-19T21:00:00,21.471512751517928,7.386000156402588
70,2018-05-19T22:00:00,14.306387963007804,7.315999984741211
70,2018-05-19T23:00:00,7.718457034005587,7.105000019073486
70,2018-05-20T00:00:00,19.783910251684503,7.105000019073486
70,2018-05-20T01:00:00,11.58041504724445,7.105000019073486
70,2018-05-20T02:00:00,17.871940631484176,6.964000225067139
70,2018-05-20T03:00:00,21.3241492161061,6.752999782562256
70,2018-05-20T04:00:00,15.466048886379424,6.823999881744385
70,2018-05-20T05:00:00,15.450739974708643,6.823999881744385
70,2018-05-20T06:00:00,17.3318777452492,6.752999782562256
70,2018-05-20T07:00:00,11.935374861584144,6.823999881744385
70,2018-05-20T08:00:00,21.333376668992393,7.105000019073486
70,2018-05-20T09:00:00,17.201329211470366,7.245999813079834
70,2018-05-20T10:00:00,17.07016376628018,7.386000156402588
70,2018-05-20T11:00:00,18.67822077310667,7.175000190734862
70,2018-05-20T12:00:00,13.315556373045343,6.964000225067139
70,2018-05-20T13:00:00,19.995648981792293,6.823999881744385
70,2018-05-20T14:00:00,17.198022163271556,6.683000087738037
70,2018-05-20T15:00:00,15.95303845299458,6.330999851226808
70,2018-05-20T16:00:00,17.422315739623148,6.541999816894531
70,2018-05-20T17:00:00,21.179112610785417,4.361999988555908
70,2018-05-20T18:00:00,16.17988415580225,5.557000160217285
70,2018-05-20T19:00:00,8.462948725505054,5.627999782562256
70,2018-05-20T20:00:00,17.627802404782635,5.9790000915527335
70,2018-05-20T21:00:00,12.290718411322654,5.697999954223633
70,2018-05-20T22:00:00,20.326650217271954,5.908999919891357
70,2018-05-20T23:00:00,15.15913231141157,5.76800012588501
70,2018-05-21T00:00:00,19.479371666479032,5.697999954223633
70,2018-05-21T01:00:00,18.06647088993589,5.416999816894531
70,2018-05-21T02:00:00,15.760285967927306,5.76800012588501
70,2018-05-21T03:00:00,18.900041126015086,5.627999782562256
70,2018-05-21T04:00:00,10.859485249353545,5.697999954223633
70,2018-05-21T05:00:00,23.096711210679217,6.050000190734862
70,2018-05-21T06:00:00,20.13238255590218,5.908999919891357
70,2018-05-21T07:00:00,15.815135489163413,5.9790000915527335
70,2018-05-21T08:00:00,9.19957183053256,6.050000190734862
70,2018-05-21T09:00:00,17.20806553373207,6.4720001220703125
70,2018-05-21T10:00:00,17.26051890489463,6.401999950408936
70,2018-05-21T11:00:00,8.01252349125607,6.401999950408936
70,2018-05-21T12:00:00,15.517375380364077,6.752999782562256
70,2018-05-21T13:00:00,23.306430400660275,7.105000019073486
70,2018-05-21T14:00:00,17.47797827051881,7.175000190734862
70,2018-05-21T15:00:00,22.80591589189022,7.315999984741211
70,2018-05-21T16:00:00,14.55160536129869,5.627999782562256
70,2018-05-21T17:00:00,18.681182966828224,4.432000160217285
70,2018-05-21T18:00:00,15.965004788471564,6.4720001220703125
70,2018-05-21T19:00:00,13.497028765516522,6.4720001220703125
70,2018-05-21T20:00:00,21.919192462192818,6.894000053405763
70,2018-05-21T21:00:00,16.560102603363276,6.61299991607666
70,2018-05-21T22:00:00,16.407697819771833,6.894000053405763
70,2018-05-21T23:00:00,11.363826622509773,6.683000087738037
70,2018-05-22T00:00:00,17.437650728256596,6.964000225067139
70,2018-05-22T01:00:00,18.38836366631021,7.315999984741211
70,2018-05-22T02:00:00,13.996330866666682,7.456999778747559
70,2018-05-22T03:00:00,22.93221626213503,7.879000186920166
70,2018-05-22T04:00:00,21.026486696408213,8.300999641418457
70,2018-05-22T05:00:00,14.516022208681148,9.003999710083008
70,2018-05-22T06:00:00,17.416731988181652,9.145000457763672
70,2018-05-22T07:00:00,20.270727874709632,7.456999778747559
70,2018-05-22T08:00:00,15.55226651369667,6.823999881744385
70,2018-05-22T09:00:00,20.920510017411907,6.683000087738037
70,2018-05-22T10:00:00,18.86365603329937,6.401999950408936
70,2018-05-22T11:00:00,20.43745501347064,3.7279999256134033
70,2018-05-22T12:00:00,18.69232867255289,4.150000095367432
70,2018-05-22T13:00:00,19.770690747604295,6.541999816894531
70,2018-05-22T14:00:00,13.13713043259376,6.964000225067139
70,2018-05-22T15:00:00,19.0812251641128,6.261000156402588
70,2018-05-22T16:00:00,17.296726995847514,6.119999885559082
70,2018-05-22T17:00:00,19.939770818039833,6.894000053405763
70,2018-05-22T18:00:00,9.099771729081272,6.261000156402588
70,2018-05-22T19:00:00,15.951478745053551,7.0349998474121085
70,2018-05-22T20:00:00,20.715367845330196,7.526999950408935
70,2018-05-22T21:00:00,19.591388555074403,7.73799991607666
70,2018-05-22T22:00:00,15.71007476912733,7.809000015258789
71,2018-05-19T23:00:00,11.129401133068296,7.105000019073486
71,2018-05-20T00:00:00,16.37061768778701,7.105000019073486
71,2018-05-20T01:00:00,15.626262727592836,7.105000019073486
71,2018-05-20T02:00:00,18.608906749522287,6.964000225067139
71,2018-05-20T03:00:00,17.22615049167857,6.752999782562256
71,2018-05-20T04:00:00,17.275012191005267,6.823999881744385
71,2018-05-20T05:00:00,12.501473322167593,6.823999881744385
71,2018-05-20T06:00:00,18.37992411215495,6.752999782562256
71,2018-05-20T07:00:00,16.442273248693166,6.823999881744385
71,2018-05-20T08:00:00,18.39346159724927,7.105000019073486
71,2018-05-20T09:00:00,14.324765740773259,7.245999813079834
71,2018-05-20T10:00:00,14.455070512950691,7.386000156402588
71,2018-05-20T11:00:00,16.99133049576648,7.175000190734862
71,2018-05-20T12:00:00,16.170336463021897,6.964000225067139
71,2018-05-20T13:00:00,23.05137534171499,6.823999881744385
71,2018-05-20T14:00:00,14.687532760483208,6.683000087738037
71,2018-05-20T15:00:00,23.220526509918503,6.330999851226808
71,2018-05-20T16:00:00,18.46717487249196,6.541999816894531
71,2018-05-20T17:00:00,17.008135063664717,4.361999988555908
71,2018-05-20T18:00:00,20.705421560924698,5.557000160217285
71,2018-05-20T19:00:00,12.385296402197284,5.627999782562256
71,2018-05-20T20:00:00,17.155420565045294,5.9790000915527335
71,2018-05-20T21:00:00,21.60174919820847,5.697999954223633
71,2018-05-20T22:00:00,14.413215669486714,5.908999919891357
71,2018-05-20T23:00:00,7.745274420070514,5.76800012588501
71,2018-05-21T00:00:00,19.88425598477356,5.697999954223633
71,2018-05-21T01:00:00,11.636358621882906,5.416999816894531
71,2018-05-21T02:00:00,17.99399534382245,5.76800012588501
71,2018-05-21T03:00:00,21.456327565540082,5.627999782562256
71,2018-05-21T04:00:00,15.566122877865373,5.697999954223633
71,2018-05-21T05:00:00,15.55052294368409,6.050000190734862
71,2018-05-21T06:00:00,17.453679780496476,5.908999919891357
71,2018-05-21T07:00:00,11.993773865166311,5.9790000915527335
71,2018-05-21T08:00:00,21.467489723100343,6.050000190734862
71,2018-05-21T09:00:00,17.324729383332482,6.4720001220703125
71,2018-05-21T10:00:00,17.193978085823552,6.401999950408936
71,2018-05-21T11:00:00,18.826753435634764,6.401999950408936
71,2018-05-21T12:00:00,13.38877655422074,6.752999782562256
71,2018-05-21T13:00:00,20.10521225667352,7.105000019073486
71,2018-05-21T14:00:00,17.323223205758953,7.175000190734862
71,2018-05-21T15:00:00,16.078410867281086,7.315999984741211
71,2018-05-21T16:00:00,17.5486247724152,5.627999782562256
71,2018-05-21T17:00:00,21.31218582179155,4.432000160217285
71,2018-05-21T18:00:00,16.309341975624886,6.4720001220703125
71,2018-05-21T19:00:00,8.500871897341572,6.4720001220703125
71,2018-05-21T20:00:00,17.75629324642864,6.894000053405763
71,2018-05-21T21:00:00,12.351648072132942,6.61299991607666
71,2018-05-21T22:00:00,20.445472336507656,6.894000053405763
71,2018-05-21T23:00:00,15.266733088505536,6.683000087738037
71,2018-05-22T00:00:00,19.58480238074043,6.964000225067139
71,2018-05-22T01:00:00,18.198606522872034,7.315999984741211
71,2018-05-22T02:00:00,15.877906352714687,7.456999778747559
71,2018-05-22T03:00:00,19.04898612495933,7.879000186920166
71,2018-05-22T04:00:00,10.91149721992861,8.300999641418457
71,2018-05-22T05:00:00,23.205327041846164,9.003999710083008
71,2018-05-22T06:00:00,20.24669904453158,9.145000457763672
71,2018-05-22T07:00:00,15.9354603765247,7.456999778747559
71,2018-05-22T08:00:00,9.24256567265812,6.823999881744385
71,2018-05-22T09:00:00,17.336674745394525,6.683000087738037
71,2018-05-22T10:00:00,17.389676842915016,6.401999950408936
71,2018-05-22T11:00:00,8.049663045463198,3.7279999256134033
71,2018-05-22T12:00:00,15.624192011228555,4.150000095367432
71,2018-05-22T13:00:00,23.41174772147762,6.541999816894531
71,2018-05-22T14:00:00,17.609665919386984,6.964000225067139
71,2018-05-22T15:00:00,22.92238980016713,6.261000156402588
71,2018-05-22T16:00:00,14.668015384226383,6.119999885559082
71,2018-05-22T17:00:00,18.827958683120066,6.894000053405763
71,2018-05-22T18:00:00,16.0931146748388,6.261000156402588
71,2018-05-22T19:00:00,13.574648534045107,7.0349998474121085
71,2018-05-22T20:00:00,22.05574878809172,7.526999950408935
71,2018-05-22T21:00:00,16.69003709156478,7.73799991607666
71,2018-05-22T22:00:00,16.53937711976367,7.809000015258789
71,2018-05-22T23:00:00,11.416538554255883,6.752999782562256
71,2018-05-23T00:00:00,17.5707841022512,7.105000019073486
71,2018-05-23T01:00:00,18.52626705238992,6.61299991607666
71,2018-05-23T02:00:00,14.093347490672551,6.823999881744385
71,2018-05-23T03:00:00,23.048733543281124,6.4720001220703125
71,2018-05-23T04:00:00,21.16149780227075,7.597000122070312
71,2018-05-23T05:00:00,14.633592147747274,6.894000053405763
71,2018-05-23T06:00:00,17.55087714608253,7.668000221252441
71,2018-05-23T07:00:00,20.3910453939203,9.21500015258789
71,2018-05-23T08:00:00,15.663163932379609,9.848999977111816
71,2018-05-23T09:00:00,21.05542738764031,9.003999710083008
71,2018-05-23T10:00:00,19.02029320870745,9.28600025177002
71,2018-05-23T11:00:00,20.563459770547862,9.56700038909912
71,2018-05-23T12:00:00,18.841077092958244,9.21500015258789
71,2018-05-23T13:00:00,19.88161562526672,9.21500015258789
71,2018-05-23T14:00:00,13.206732821840259,10.482000350952148
71,2018-05-23T15:00:00,19.231899117260724,11.958999633789062
71,2018-05-23T16:00:00,17.431677398513415,11.678000450134276
71,2018-05-23T17:00:00,20.052818114966165,11.678000450134276
71,2018-05-23T18:00:00,9.141792524829789,11.467000007629396
71,2018-05-23T19:00:00,16.084637790727438,9.918999671936035
71,2018-05-23T20:00:00,20.850652894725663,9.496999740600586
71,2018-05-23T21:00:00,19.703674094961084,9.425999641418455
71,2018-05-23T22:00:00,15.831882327878821,9.28600025177002
72,2018-05-20T23:00:00,4.093879752322676,5.76800012588501
72,2018-05-21T00:00:00,8.463951430920744,5.697999954223633
72,2018-05-21T01:00:00,7.613952260297939,5.416999816894531
72,2018-05-21T02:00:00,10.694432968003644,5.76800012588501
72,2018-05-21T03:00:00,9.3346048801699,5.627999782562256
72,2018-05-21T04:00:00,9.392214222019696,5.697999954223633
72,2018-05-21T05:00:00,5.168230550791225,6.050000190734862
72,2018-05-21T06:00:00,10.383330289205762,5.908999919891357
72,2018-05-21T07:00:00,8.545230994010337,5.9790000915527335
72,2018-05-21T08:00:00,10.397433441026784,6.050000190734862
72,2018-05-21T09:00:00,6.42109199823531,6.4720001220703125
72,2018-05-21T10:00:00,6.5102331521773795,6.401999950408936
72,2018-05-21T11:00:00,9.013880079029718,6.401999950408936
72,2018-05-21T12:00:00,8.298268128244095,6.752999782562256
72,2018-05-21T13:00:00,15.281647893718233,7.105000019073486
72,2018-05-21T14:00:00,6.718763728251885,7.175000190734862
72,2018-05-21T15:00:00,15.440822080660437,7.315999984741211
72,2018-05-21T16:00:00,10.481475185455139,5.627999782562256
72,2018-05-21T17:00:00,9.009301878139869,4.432000160217285
72,2018-05-21T18:00:00,13.06288774907146,6.4720001220703125
72,2018-05-21T19:00:00,5.00440177672564,6.4720001220703125
72,2018-05-21T20:00:00,9.190186595488765,6.894000053405763
72,2018-05-21T21:00:00,13.925298226407671,6.61299991607666
72,2018-05-21T22:00:00,6.425899792410911,6.894000053405763
72,2018-05-21T23:00:00,0.6278220913519874,6.683000087738037
72,2018-05-22T00:00:00,12.093608105350093,6.964000225067139
72,2018-05-22T01:00:00,4.376094715191458,7.315999984741211
72,2018-05-22T02:00:00,10.057601429463936,7.456999778747559
72,2018-05-22T03:00:00,13.794628820771404,7.879000186920166
72,2018-05-22T04:00:00,7.424082862314279,8.300999641418457
72,2018-05-22T05:00:00,7.398824329898321,9.003999710083008
72,2018-05-22T06:00:00,9.555001633132864,9.145000457763672
72,2018-05-22T07:00:00,4.617021259843458,7.456999778747559
72,2018-05-22T08:00:00,13.80882875026258,6.823999881744385
72,2018-05-22T09:00:00,9.370374497826823,6.683000087738037
72,2018-05-22T10:00:00,9.188741897910194,6.401999950408936
72,2018-05-22T11:00:00,10.919229393875362,3.7279999256134033
72,2018-05-22T12:00:00,5.616638892405698,4.150000095367432
72,2018-05-22T13:00:00,12.360958875546935,6.541999816894531
72,2018-05-22T14:00:00,9.349914147846842,6.964000225067139
72,2018-05-22T15:00:00,8.102845102040032,6.261000156402588
72,2018-05-22T16:00:00,9.65241555276046,6.119999885559082
72,2018-05-22T17:00:00,13.66346933926894,6.894000053405763
72,2018-05-22T18:00:00,8.333244618720006,6.261000156402588
72,2018-05-22T19:00:00,1.2319418402771838,7.0349998474121085
72,2018-05-22T20:00:00,9.88404423423935,7.526999950408935
72,2018-05-22T21:00:00,4.831047869690579,7.73799991607666
72,2018-05-22T22:00:00,12.839813777654994,7.809000015258789
72,2018-05-22T23:00:00,7.098422148118596,6.752999782562256
72,2018-05-23T00:00:00,11.534574422385187,7.105000019073486
72,2018-05-23T01:00:00,10.215884984025564,6.61299991607666
72,2018-05-23T02:00:00,7.776191706566687,6.823999881744385
72,2018-05-23T03:00:00,11.115683638368438,6.4720001220703125
72,2018-05-23T04:00:00,3.4924113968665047,7.597000122070312
72,2018-05-23T05:00:00,15.376062267470193,6.894000053405763
72,2018-05-23T06:00:00,12.480859191929467,7.668000221252441
72,2018-05-23T07:00:00,7.832181806032029,9.21500015258789
72,2018-05-23T08:00:00,1.8651788584673472,9.848999977111816
72,2018-05-23T09:00:00,9.288623857771135,9.003999710083008
72,2018-05-23T10:00:00,9.358689189457287,9.28600025177002
72,2018-05-23T11:00:00,0.706747637441195,9.56700038909912
72,2018-05-23T12:00:00,7.388603377991622,9.21500015258789
72,2018-05-23T13:00:00,15.533921777699817,9.21500015258789
72,2018-05-23T14:00:00,9.651424308293482,10.482000350952148
72,2018-05-23T15:00:00,15.085329404022282,11.958999633789062
72,2018-05-23T16:00:00,6.473316138117182,11.678000450134276
72,2018-05-23T17:00:00,10.805721562806287,11.678000450134276
72,2018-05-23T18:00:00,7.992771829192071,11.467000007629396
72,2018-05-23T19:00:00,5.562934936753711,9.918999671936035
72,2018-05-23T20:00:00,14.288877144808513,9.496999740600586
72,2018-05-23T21:00:00,8.51968011507815,9.425999641418455
72,2018-05-23T22:00:00,8.397871526555473,9.28600025177002
72,2018-05-23T23:00:00,3.8248601149118624,8.793000221252441
72,2018-05-24T00:00:00,9.554033148837762,8.442000389099121
72,2018-05-24T01:00:00,10.431682840958196,8.722999572753906
72,2018-05-24T02:00:00,5.898113718722467,8.371000289916992
72,2018-05-24T03:00:00,15.15108020387023,8.300999641418457
72,2018-05-24T04:00:00,13.458457270150994,8.230999946594237
72,2018-05-24T05:00:00,6.3755372098844845,8.159999847412111
72,2018-05-24T06:00:00,9.50108572952453,8.51200008392334
72,2018-05-24T07:00:00,12.562502491506734,9.145000457763672
72,2018-05-24T08:00:00,7.361177106347222,9.28600025177002
72,2018-05-24T09:00:00,13.350476270762378,9.637999534606934
72,2018-05-24T10:00:00,10.988132000234842,8.86400032043457
72,2018-05-24T11:00:00,12.811173208417554,9.56700038909912
72,2018-05-24T12:00:00,10.751958153225505,9.496999740600586
72,2018-05-24T13:00:00,11.777864312464873,9.074999809265137
72,2018-05-24T14:00:00,5.285115765754394,9.777999877929688
72,2018-05-24T15:00:00,11.172018306411761,11.1850004196167
72,2018-05-24T16:00:00,9.292009255119163,10.762999534606934
72,2018-05-24T17:00:00,11.98953608022886,9.918999671936035
72,2018-05-24T18:00:00,1.581106821320315,10.340999603271484
72,2018-05-24T19:00:00,7.872070058778489,9.918999671936035
72,2018-05-24T20:00:00,13.144317447146953,9.918999671936035
72,2018-05-24T21:00:00,11.513209038087581,9.425999641418455
72,2018-05-24T22:00:00,7.5321716432360315,9.355999946594238
73,2018-05-21T23:00:00,4.210358342560879,6.683000087738037
73,2018-05-22T00:00:00,8.366759758088069,6.964000225067139
73,2018-05-22T01:00:00,7.541437006133146,7.315999984741211
73,2018-05-22T02:00:00,10.56239840466601,7.456999778747559
73,2018-05-22T03:00:00,9.218068585199518,7.879000186920166
73,2018-05-22T04:00:00,9.275454412765448,8.300999641418457
73,2018-05-22T05:00:00,5.211375718859301,9.003999710083008
73,2018-05-22T06:00:00,10.245016332042029,9.145000457763672
73,2018-05-22T07:00:00,8.436471840712358,7.456999778747559
73,2018-05-22T08:00:00,10.258263935331719,6.823999881744385
73,2018-05-22T09:00:00,6.38845089623093,6.683000087738037
73,2018-05-22T10:00:00,6.474714755567108,6.401999950408936
73,2018-05-22T11:00:00,8.883327386939936,3.7279999256134033
73,2018-05-22T12:00:00,8.197448048560103,4.150000095367432
73,2018-05-22T13:00:00,15.19089217439925,6.541999816894531
73,2018-05-22T14:00:00,6.669208870502951,6.964000225067139
73,2018-05-22T15:00:00,15.354428676542415,6.261000156402588
73,2018-05-22T16:00:00,10.339274087674243,6.119999885559082
73,2018-05-22T17:00:00,8.876264956882753,6.894000053405763
73,2018-05-22T18:00:00,12.90380636345629,6.261000156402588
73,2018-05-22T19:00:00,5.045094172781122,7.0349998474121085
73,2018-05-22T20:00:00,9.058098928396532,7.526999950408935
73,2018-05-22T21:00:00,13.76231486267304,7.73799991607666
73,2018-05-22T22:00:00,6.383512810426867,7.809000015258789
73,2018-05-22T23:00:00,0.623747866745072,6.752999782562256
73,2018-05-23T00:00:00,11.934755520582886,7.105000019073486
73,2018-05-23T01:00:00,4.454505256650561,6.61299991607666
73,2018-05-23T02:00:00,9.920035946479357,6.823999881744385
73,2018-05-23T03:00:00,13.627799621560992,6.4720001220703125
73,2018-05-23T04:00:00,7.335226688735974,7.597000122070312
73,2018-05-23T05:00:00,7.309979671741445,6.894000053405763
73,2018-05-23T06:00:00,9.421304733876715,7.668000221252441
73,2018-05-23T07:00:00,4.670378487527653,9.21500015258789
73,2018-05-23T08:00:00,13.639893592397883,9.848999977111816
73,2018-05-23T09:00:00,9.233690881437042,9.003999710083008
73,2018-05-23T10:00:00,9.050239866557943,9.28600025177002
73,2018-05-23T11:00:00,10.769449483955928,9.56700038909912
73,2018-05-23T12:00:00,5.596395915793863,9.21500015258789
73,2018-05-23T13:00:00,12.194807352883597,9.21500015258789
73,2018-05-23T14:00:00,9.210837192595775,10.482000350952148
73,2018-05-23T15:00:00,7.992194473801259,11.958999633789062
73,2018-05-23T16:00:00,9.514414968907474,11.678000450134276
73,2018-05-23T17:00:00,13.49127249937966,11.678000450134276
73,2018-05-23T18:00:00,8.213585821852098,11.467000007629396
73,2018-05-23T19:00:00,1.2352032255890393,9.918999671936035
73,2018-05-23T20:00:00,9.744228323982707,9.496999740600586
73,2018-05-23T21:00:00,4.857952750199512,9.425999641418455
73,2018-05-23T22:00:00,12.667587508069076,9.28600025177002
73,2018-05-23T23:00:00,7.007161729410079,8.793000221252441
73,2018-05-24T00:00:00,11.38420643849102,8.442000389099121
73,2018-05-24T01:00:00,10.067600589695587,8.722999572753906
73,2018-05-24T02:00:00,7.6675236838162615,8.371000289916992
73,2018-05-24T03:00:00,10.960826254422509,8.300999641418457
73,2018-05-24T04:00:00,3.550616735464981,8.230999946594237
73,2018-05-24T05:00:00,15.249408837613995,8.159999847412111
73,2018-05-24T06:00:00,12.307146627302048,8.51200008392334
73,2018-05-24T07:00:00,7.719884113524444,9.145000457763672
73,2018-05-24T08:00:00,1.8816908463783228,9.28600025177002
73,2018-05-24T09:00:00,9.142268840793289,9.637999534606934
73,2018-05-24T10:00:00,9.212359514873826,8.86400032043457
73,2018-05-24T11:00:00,0.693476429877899,9.56700038909912
73,2018-05-24T12:00:00,7.284262138455908,9.496999740600586
73,2018-05-24T13:00:00,15.409640500557575,9.074999809265137
73,2018-05-24T14:00:00,9.505233309752576,9.777999877929688
73,2018-05-24T15:00:00,14.943363101083516,11.1850004196167
73,2018-05-24T16:00:00,6.402706898505336,10.762999534606934
73,2018-05-24T17:00:00,10.64759064217209,9.918999671936035
73,2018-05-24T18:00:00,7.872239817998752,10.340999603271484
73,2018-05-24T19:00:00,5.521939553525584,9.918999671936035
73,2018-05-24T20:00:00,14.115916262492552,9.918999671936035
73,2018-05-24T21:00:00,8.378880486739765,9.425999641418455
73,2018-05-24T22:00:00,8.26188760138255,9.355999946594238
73,2018-05-24T23:00:00,3.876186143053088,9.21500015258789
73,2018-05-25T00:00:00,9.40507442606092,8.722999572753906
73,2018-05-25T01:00:00,10.274702534992146,8.51200008392334
73,2018-05-25T02:00:00,5.839483525696716,8.652999877929688
73,2018-05-25T03:00:00,15.008842422753895,7.73799991607666
73,2018-05-25T04:00:00,13.275395123156997,8.51200008392334
73,2018-05-25T05:00:00,6.302983085142673,9.003999710083008
73,2018-05-25T06:00:00,9.35085325888189,9.145000457763672
73,2018-05-25T07:00:00,12.381749965242872,9.425999641418455
73,2018-05-25T08:00:00,7.250509659955716,9.145000457763672
73,2018-05-25T09:00:00,13.166563883096467,9.777999877929688
73,2018-05-25T10:00:00,10.82673596846404,9.918999671936035
73,2018-05-25T11:00:00,12.62832116984823,9.425999641418455
73,2018-05-25T12:00:00,10.591545806463465,9.21500015258789
73,2018-05-25T13:00:00,11.608967364075115,9.21500015258789
73,2018-05-25T14:00:00,5.260958441228009,8.86400032043457
73,2018-05-25T15:00:00,11.011000431017525,8.652999877929688
73,2018-05-25T16:00:00,9.139743102722614,8.51200008392334
73,2018-05-25T17:00:00,11.811723591359193,8.86400032043457
73,2018-05-25T18:00:00,1.5888649528914858,5.9790000915527335
73,2018-05-25T19:00:00,7.747333337367838,6.823999881744385
73,2018-05-25T20:00:00,12.958849570365546,5.76800012588501
73,2018-05-25T21:00:00,11.353625627441202,6.261000156402588
73,2018-05-25T22:00:00,7.414518238708617,5.697999954223633
74,2018-05-22T23:00:00,4.298455100074975,6.752999782562256
74,2018-05-23T00:00:00,8.277515261562462,7.105000019073486
74,2018-05-23T01:00:00,7.475886308760323,6.61299991607666
74,2018-05-23T02:00:00,10.44299374907095,6.823999881744385
74,2018-05-23T03:00:00,9.112807783394718,6.4720001220703125
74,2018-05-23T04:00:00,9.169123442979002,7.597000122070312
74,2018-05-23T05:00:00,5.23723101225089,6.894000053405763
74,2018-05-23T06:00:00,10.1222323406976,7.668000221252441
74,2018-05-23T07:00:00,8.336031246788782,9.21500015258789
74,2018-05-23T08:00:00,10.13397729383871,9.848999977111816
74,2018-05-23T09:00:00,6.355338645500181,9.003999710083008
74,2018-05-23T10:00:00,6.439803708809944,9.28600025177002
74,2018-05-23T11:00:00,8.767628467697982,9.56700038909912
74,2018-05-23T12:00:00,8.100097999887431,9.21500015258789
74,2018-05-23T13:00:00,15.10417855120362,9.21500015258789
74,2018-05-23T14:00:00,6.622382661647565,10.482000350952148
74,2018-05-23T15:00:00,15.271179123711793,11.958999633789062
74,2018-05-23T16:00:00,10.20978338508112,11.678000450134276
74,2018-05-23T17:00:00,8.756963507486184,11.678000450134276
74,2018-05-23T18:00:00,12.76041900491918,11.467000007629396
74,2018-05-23T19:00:00,5.074808000705813,9.918999671936035
74,2018-05-23T20:00:00,8.937499240530613,9.496999740600586
74,2018-05-23T21:00:00,13.614596590178408,9.425999641418455
74,2018-05-23T22:00:00,6.342356609631214,9.28600025177002
74,2018-05-23T23:00:00,0.6120367903684585,8.793000221252441
74,2018-05-24T00:00:00,11.788639276134703,8.442000389099121
74,2018-05-24T01:00:00,4.526296364612991,8.722999572753906
74,2018-05-24T02:00:00,9.792328222392003,8.371000289916992
74,2018-05-24T03:00:00,13.47590937888992,8.300999641418457
74,2018-05-24T04:00:00,7.25688524625658,8.230999946594237
74,2018-05-24T05:00:00,7.231954077615786,8.159999847412111
74,2018-05-24T06:00:00,9.29558738114508,8.51200008392334
74,2018-05-24T07:00:00,4.7181018713626415,9.145000457763672
74,2018-05-24T08:00:00,13.485711449665136,9.28600025177002
74,2018-05-24T09:00:00,9.106590540282124,9.637999534606934
74,2018-05-24T10:00:00,8.922789132309447,8.86400032043457
74,2018-05-24T11:00:00,10.627543136473857,9.56700038909912
74,2018-05-24T12:00:00,5.572343507532578,9.496999740600586
74,2018-05-24T13:00:00,12.042252665667048,9.074999809265137
74,2018-05-24T14:00:00,9.081673728390026,9.777999877929688
74,2018-05-24T15:00:00,7.88646315127521,11.1850004196167
74,2018-05-24T16:00:00,9.384169025203107,10.762999534606934
74,2018-05-24T17:00:00,13.334268280358327,9.918999671936035
74,2018-05-24T18:00:00,8.09951980735906,10.340999603271484
74,2018-05-24T19:00:00,1.2337452740390908,9.918999671936035
74,2018-05-24T20:00:00,9.611682753164402,9.918999671936035
74,2018-05-24T21:00:00,4.882503760065486,9.425999641418455
74,2018-05-24T22:00:00,12.511885653550394,9.355999946594238
74,2018-05-24T23:00:00,6.927278244004075,9.21500015258789
74,2018-05-25T00:00:00,11.249298160710627,8.722999572753906
74,2018-05-25T01:00:00,9.93017477473364,8.51200008392334
74,2018-05-25T02:00:00,7.568060009732905,8.652999877929688
74,2018-05-25T03:00:00,10.814890692160816,7.73799991607666
74,2018-05-25T04:00:00,3.6108015694650355,8.51200008392334
74,2018-05-25T05:00:00,15.134548479132931,9.003999710083008
74,2018-05-25T06:00:00,12.148344906162107,9.145000457763672
74,2018-05-25T07:00:00,7.616698070875271,9.425999641418455
74,2018-05-25T08:00:00,1.8967815829784218,9.145000457763672
74,2018-05-25T09:00:00,9.006996268377076,9.777999877929688
74,2018-05-25T10:00:00,9.076658395770782,9.918999671936035
74,2018-05-25T11:00:00,0.6757605711138392,9.425999641418455
74,2018-05-25T12:00:00,7.193285326393816,9.21500015258789
74,2018-05-25T13:00:00,15.297959810974668,9.21500015258789
74,2018-05-25T14:00:00,9.367768385754616,8.86400032043457
74,2018-05-25T15:00:00,14.815040770870342,8.652999877929688
74,2018-05-25T16:00:00,6.340438977334832,8.51200008392334
74,2018-05-25T17:00:00,10.500137201634796,8.86400032043457
74,2018-05-25T18:00:00,7.759689563861604,5.9790000915527335
74,2018-05-25T19:00:00,5.4815846689891305,6.823999881744385
74,2018-05-25T20:00:00,13.95795761888568,5.76800012588501
74,2018-05-25T21:00:00,8.249009751083108,6.261000156402588
74,2018-05-25T22:00:00,8.135309247028037,5.697999954223633
74,2018-05-25T23:00:00,3.9336020479432925,6.261000156402588
74,2018-05-26T00:00:00,9.265125262055147,7.526999950408935
74,2018-05-26T01:00:00,10.129938847460213,8.090000152587889
74,2018-05-26T02:00:00,5.78424589325698,7.456999778747559
74,2018-05-26T03:00:00,14.88028543953968,7.526999950408935
74,2018-05-26T04:00:00,13.108797394107977,8.230999946594237
74,2018-05-26T05:00:00,6.2387145581952215,8.51200008392334
74,2018-05-26T06:00:00,9.20952326024949,8.51200008392334
74,2018-05-26T07:00:00,12.215871669690271,8.371000289916992
74,2018-05-26T08:00:00,7.1528523017895065,7.597000122070312
74,2018-05-26T09:00:00,12.999067491139765,8.442000389099121
74,2018-05-26T10:00:00,10.673287369562999,8.159999847412111
74,2018-05-26T11:00:00,12.461515615389578,8.300999641418457
74,2018-05-26T12:00:00,10.440994554651464,8.722999572753906
74,2018-05-26T13:00:00,11.452900868979974,9.425999641418455
74,2018-05-26T14:00:00,5.237900979397434,9.21500015258789
74,2018-05-26T15:00:00,10.858288601493975,9.355999946594238
74,2018-05-26T16:00:00,8.996643167914282,9.425999641418455
74,2018-05-26T17:00:00,11.644718384467843,9.074999809265137
74,2018-05-26T18:00:00,1.5971169709997852,8.86400032043457
74,2018-05-26T19:00:00,7.629725932097417,8.934000015258789
74,2018-05-26T20:00:00,12.789608969099287,8.371000289916992
74,2018-05-26T21:00:00,11.207923540400424,9.425999641418455
74,2018-05-26T22:00:00,7.306923944761282,8.86400032043457
75,2018-05-23T23:00:00,4.004276248998815,8.793000221252441
75,2018-05-24T00:00:00,9.304775801806686,8.442000389099121
75,2018-05-24T01:00:00,8.331696628607027,8.722999572753906
75,2018-05-24T02:00:00,11.584808746863072,8.371000289916992
75,2018-05-24T03:00:00,10.1592221281149,8.300999641418457
75,2018-05-24T04:00:00,10.205881100483804,8.230999946594237
75,2018-05-24T05:00:00,5.477371806881973,8.159999847412111
75,2018-05-24T06:00:00,11.258856108773685,8.51200008392334
75,2018-05-24T07:00:00,9.322446415167471,9.145000457763672
75,2018-05-24T08:00:00,11.259140149736327,9.28600025177002
75,2018-05-24T09:00:00,6.848141693623665,9.637999534606934
75,2018-05-24T10:00:00,6.943204291926248,8.86400032043457
75,2018-05-24T11:00:00,9.791308050052798,9.56700038909912
75,2018-05-24T12:00:00,9.037119595327226,9.496999740600586
75,2018-05-24T13:00:00,15.974584195511948,9.074999809265137
75,2018-05-24T14:00:00,7.194907786089653,9.777999877929688
75,2018-05-24T15:00:00,16.11500534169276,11.1850004196167
75,2018-05-24T16:00:00,11.301121602982862,10.762999534606934
75,2018-05-24T17:00:00,9.762778336601633,9.918999671936035
75,2018-05-24T18:00:00,13.862545055920494,10.340999603271484
75,2018-05-24T19:00:00,5.202374004084712,9.918999671936035
75,2018-05-24T20:00:00,9.926706945608485,9.918999671936035
75,2018-05-24T21:00:00,14.653046546226612,9.425999641418455
75,2018-05-24T22:00:00,6.837612002503299,9.355999946594238
75,2018-05-24T23:00:00,1.0205521864525,9.21500015258789
75,2018-05-25T00:00:00,12.931845857852112,8.722999572753906
75,2018-05-25T01:00:00,4.309721905428104,8.51200008392334
75,2018-05-25T02:00:00,10.802999056630988,8.652999877929688
75,2018-05-25T03:00:00,14.5116520359887,7.73799991607666
75,2018-05-25T04:00:00,8.00065245499745,8.51200008392334
75,2018-05-25T05:00:00,7.97030730215509,9.003999710083008
75,2018-05-25T06:00:00,10.247674458235824,9.145000457763672
75,2018-05-25T07:00:00,4.673837694239193,9.425999641418455
75,2018-05-25T08:00:00,14.510839473295382,9.145000457763672
75,2018-05-25T09:00:00,10.063601140558806,9.777999877929688
75,2018-05-25T10:00:00,9.887552131838131,9.918999671936035
75,2018-05-25T11:00:00,11.65729393476946,9.425999641418455
75,2018-05-25T12:00:00,5.9646728909881865,9.21500015258789
75,2018-05-25T13:00:00,13.140510721310601,9.21500015258789
75,2018-05-25T14:00:00,10.033005548832485,8.86400032043457
75,2018-05-25T15:00:00,8.743395242838584,8.652999877929688
75,2018-05-25T16:00:00,10.317973143767183,8.51200008392334
75,2018-05-25T17:00:00,14.350918692302022,8.86400032043457
75,2018-05-25T18:00:00,8.990666983237837,5.9790000915527335
75,2018-05-25T19:00:00,1.5358551184989082,6.823999881744385
75,2018-05-25T20:00:00,10.542382121279775,5.76800012588501
75,2018-05-25T21:00:00,4.985107117226727,6.261000156402588
75,2018-05-25T22:00:00,13.559725232438758,5.697999954223633
75,2018-05-25T23:00:00,7.611478902411809,6.261000156402588
75,2018-05-26T00:00:00,12.216928454511129,7.526999950408935
75,2018-05-26T01:00:00,10.919848934363543,8.090000152587889
75,2018-05-26T02:00:00,8.36240679207465,7.456999778747559
75,2018-05-26T03:00:00,11.810891360773468,7.526999950408935
75,2018-05-26T04:00:00,3.4506900881432845,8.230999946594237
75,2018-05-26T05:00:00,15.933966411379412,8.51200008392334
75,2018-05-26T06:00:00,13.21422381190398,8.51200008392334
75,2018-05-26T07:00:00,8.419941496289066,8.371000289916992
75,2018-05-26T08:00:00,2.0651196220094192,7.597000122070312
75,2018-05-26T09:00:00,9.942710927640658,8.442000389099121
75,2018-05-26T10:00:00,10.008343483808424,8.159999847412111
75,2018-05-26T11:00:00,1.0822853350327506,8.300999641418457
75,2018-05-26T12:00:00,7.92457558331613,8.722999572753906
75,2018-05-26T13:00:00,16.067251080036694,9.425999641418455
75,2018-05-26T14:00:00,10.283175860530442,9.21500015258789
75,2018-05-26T15:00:00,15.645551183424391,9.355999946594238
75,2018-05-26T16:00:00,6.88515678035664,9.425999641418455
75,2018-05-26T17:00:00,11.507766274766734,9.074999809265137
75,2018-05-26T18:00:00,8.591994652451689,8.86400032043457
75,2018-05-26T19:00:00,5.916901399343793,8.934000015258789
75,2018-05-26T20:00:00,14.896774869714147,8.371000289916992
75,2018-05-26T21:00:00,9.16532717323009,9.425999641418455
75,2018-05-26T22:00:00,9.033391772549841,8.86400032043457
75,2018-05-26T23:00:00,3.7810245707525034,9.003999710083008
75,2018-05-27T00:00:00,10.181463037868673,8.371000289916992
75,2018-05-27T01:00:00,11.138853994011907,8.86400032043457
75,2018-05-27T02:00:00,6.28154063867153,9.425999641418455
75,2018-05-27T03:00:00,15.693619712672016,9.21500015258789
75,2018-05-27T04:00:00,14.100413360165422,9.425999641418455
75,2018-05-27T05:00:00,6.783920827663918,9.355999946594238
75,2018-05-27T06:00:00,10.127264147581135,9.918999671936035
75,2018-05-27T07:00:00,13.259626693871112,9.777999877929688
75,2018-05-27T08:00:00,7.8930937182812695,9.28600025177002
75,2018-05-27T09:00:00,13.993043909757352,9.56700038909912
75,2018-05-27T10:00:00,11.666603511660965,9.56700038909912
75,2018-05-27T11:00:00,13.483783939008564,9.21500015258789
75,2018-05-27T12:00:00,11.447301363547943,10.130000114440918
75,2018-05-27T13:00:00,12.476205182086623,10.762999534606934
75,2018-05-27T14:00:00,5.593161031726424,10.621999740600586
75,2018-05-27T15:00:00,11.834691912204953,11.536999702453612
75,2018-05-27T16:00:00,9.923638976497955,11.607000350952148
75,2018-05-27T17:00:00,12.724243327301185,11.326000213623049
75,2018-05-27T18:00:00,1.797619685012446,11.467000007629396
75,2018-05-27T19:00:00,8.459974332502235,10.482000350952148
75,2018-05-27T20:00:00,13.788020708382161,10.130000114440918
75,2018-05-27T21:00:00,12.164700763218965,9.918999671936035
75,2018-05-27T22:00:00,8.085292387639408,9.848999977111816
76,2018-05-24T23:00:00,4.063916974615166,9.21500015258789
76,2018-05-25T00:00:00,9.200349096072195,8.722999572753906
76,2018-05-25T01:00:00,8.247809622877359,8.51200008392334
76,2018-05-25T02:00:00,11.452640798617601,8.652999877929688
76,2018-05-25T03:00:00,10.029176201966374,7.73799991607666
76,2018-05-25T04:00:00,10.074550679469038,8.51200008392334
76,2018-05-25T05:00:00,5.499936199309289,9.003999710083008
76,2018-05-25T06:00:00,11.119276896592202,9.145000457763672
76,2018-05-25T07:00:00,9.208564619944278,9.425999641418455
76,2018-05-25T08:00:00,11.118186801514522,9.145000457763672
76,2018-05-25T09:00:00,6.80451446003295,9.777999877929688
76,2018-05-25T10:00:00,6.897162772027196,9.918999671936035
76,2018-05-25T11:00:00,9.65396671169718,9.425999641418455
76,2018-05-25T12:00:00,8.932311228687936,9.21500015258789
76,2018-05-25T13:00:00,15.851153900938922,9.21500015258789
76,2018-05-25T14:00:00,7.133397742237893,8.86400032043457
76,2018-05-25T15:00:00,15.995709256592141,8.652999877929688
76,2018-05-25T16:00:00,11.156022765731604,8.51200008392334
76,2018-05-25T17:00:00,9.622175906307884,8.86400032043457
76,2018-05-25T18:00:00,13.672540586622357,5.9790000915527335
76,2018-05-25T19:00:00,5.227927900744627,6.823999881744385
76,2018-05-25T20:00:00,9.784673320605267,5.76800012588501
76,2018-05-25T21:00:00,14.46707002242834,6.261000156402588
76,2018-05-25T22:00:00,6.788823271778034,5.697999954223633
76,2018-05-25T23:00:00,1.0142640189959131,6.261000156402588
76,2018-05-26T00:00:00,12.751989014318179,7.526999950408935
76,2018-05-26T01:00:00,4.356812825197942,8.090000152587889
76,2018-05-26T02:00:00,10.654757595055226,7.456999778747559
76,2018-05-26T03:00:00,14.31988454699406,7.526999950408935
76,2018-05-26T04:00:00,7.900906264464846,8.230999946594237
76,2018-05-26T05:00:00,7.870398621127416,8.51200008392334
76,2018-05-26T06:00:00,10.101081156687162,8.51200008392334
76,2018-05-26T07:00:00,4.709235572236878,8.371000289916992
76,2018-05-26T08:00:00,14.316274519389221,7.597000122070312
76,2018-05-26T09:00:00,9.915719998982194,8.442000389099121
76,2018-05-26T10:00:00,9.73925494792293,8.159999847412111
76,2018-05-26T11:00:00,11.507221771082758,8.300999641418457
76,2018-05-26T12:00:00,5.945792322907092,8.722999572753906
76,2018-05-26T13:00:00,12.949499882581264,9.425999641418455
76,2018-05-26T14:00:00,9.883075606315511,9.21500015258789
76,2018-05-26T15:00:00,8.6333011868215,9.355999946594238
76,2018-05-26T16:00:00,10.16723030982141,9.425999641418455
76,2018-05-26T17:00:00,14.150480271241001,9.074999809265137
76,2018-05-26T18:00:00,8.872159840242865,8.86400032043457
76,2018-05-26T19:00:00,1.5382647418450688,8.934000015258789
76,2018-05-26T20:00:00,10.389529661914935,8.371000289916992
76,2018-05-26T21:00:00,5.009027748923222,9.425999641418455
76,2018-05-26T22:00:00,13.35195491003731,8.86400032043457
76,2018-05-26T23:00:00,7.510859682976983,9.003999710083008
76,2018-05-27T00:00:00,12.053179751436257,8.371000289916992
76,2018-05-27T01:00:00,10.761793913905116,8.86400032043457
76,2018-05-27T02:00:00,8.251495445096706,9.425999641418455
76,2018-05-27T03:00:00,11.654890760622006,9.21500015258789
76,2018-05-27T04:00:00,3.4920475762693552,9.425999641418455
76,2018-05-27T05:00:00,15.783480238782643,9.355999946594238
76,2018-05-27T06:00:00,13.015056201774803,9.918999671936035
76,2018-05-27T07:00:00,8.306904240558222,9.777999877929688
76,2018-05-27T08:00:00,2.078631986580575,9.28600025177002
76,2018-05-27T09:00:00,9.785818168255517,9.56700038909912
76,2018-05-27T10:00:00,9.851115499472192,9.56700038909912
76,2018-05-27T11:00:00,1.0755403198038564,9.21500015258789
76,2018-05-27T12:00:00,7.813956937038636,10.130000114440918
76,2018-05-27T13:00:00,15.92007242073164,10.762999534606934
76,2018-05-27T14:00:00,10.124645601047725,10.621999740600586
76,2018-05-27T15:00:00,15.47965314907952,11.536999702453612
76,2018-05-27T16:00:00,6.813116281331487,11.607000350952148
76,2018-05-27T17:00:00,11.345337132077228,11.326000213623049
76,2018-05-27T18:00:00,8.474216899492488,11.467000007629396
76,2018-05-27T19:00:00,5.883267563388449,10.482000350952148
76,2018-05-27T20:00:00,14.697370614194547,10.130000114440918
76,2018-05-27T21:00:00,9.021315163828817,9.918999671936035
76,2018-05-27T22:00:00,8.896995520269886,9.848999977111816
76,2018-05-27T23:00:00,3.822647960412203,10.199999809265137
76,2018-05-28T00:00:00,10.02005792014328,10.0600004196167
76,2018-05-28T01:00:00,10.971839981842962,10.130000114440918
76,2018-05-28T02:00:00,6.226735980834313,10.130000114440918
76,2018-05-28T03:00:00,15.527448134910447,9.918999671936035
76,2018-05-28T04:00:00,13.883228658070582,9.708000183105469
76,2018-05-28T05:00:00,6.710869614645555,9.918999671936035
76,2018-05-28T06:00:00,9.964325923315023,10.199999809265137
76,2018-05-28T07:00:00,13.050624978697426,10.973999977111816
76,2018-05-28T08:00:00,7.777386248726101,10.482000350952148
76,2018-05-28T09:00:00,13.773182428601418,10.41100025177002
76,2018-05-28T10:00:00,11.501794020961182,10.270999908447266
76,2018-05-28T11:00:00,13.266502771784195,10.692999839782717
76,2018-05-28T12:00:00,11.279592045865352,10.552000045776367
76,2018-05-28T13:00:00,12.290852067952049,10.692999839782717
76,2018-05-28T14:00:00,5.583436711869197,11.326000213623049
76,2018-05-28T15:00:00,11.668133250764573,11.958999633789062
76,2018-05-28T16:00:00,9.758451968412452,11.536999702453612
76,2018-05-28T17:00:00,12.529617186788249,11.467000007629396
76,2018-05-28T18:00:00,1.80860158209925,11.255999565124512
76,2018-05-28T19:00:00,8.337368440979631,11.114999771118164
76,2018-05-28T20:00:00,13.562678489439353,10.762999534606934
76,2018-05-28T21:00:00,11.98748121979909,10.692999839782717
76,2018-05-28T22:00:00,7.965173528439179,10.762999534606934
77,2018-05-25T23:00:00,3.9610253188319096,6.261000156402588
77,2018-05-26T00:00:00,8.673298810415897,7.526999950408935
77,2018-05-26T01:00:00,7.773137360970901,8.090000152587889
77,2018-05-26T02:00:00,10.93053813137015,7.456999778747559
77,2018-05-26T03:00:00,9.530064970555022,7.526999950408935
77,2018-05-26T04:00:00,9.581819506850845,8.230999946594237
77,2018-05-26T05:00:00,5.197274800330577,8.51200008392334
77,2018-05-26T06:00:00,10.61707923600077,8.51200008392334
77,2018-05-26T07:00:00,8.739181918112486,8.371000289916992
77,2018-05-26T08:00:00,10.626472727332683,7.597000122070312
77,2018-05-26T09:00:00,6.519717683649928,8.442000389099121
77,2018-05-26T10:00:00,6.610005942691291,8.159999847412111
77,2018-05-26T11:00:00,9.21218547922942,8.300999641418457
77,2018-05-26T12:00:00,8.480618791118108,8.722999572753906
77,2018-05-26T13:00:00,15.39087982057518,9.425999641418455
77,2018-05-26T14:00:00,6.825419422580405,9.21500015258789
77,2018-05-26T15:00:00,15.542595515729099,9.355999946594238
77,2018-05-26T16:00:00,10.695998592040578,9.425999641418455
77,2018-05-26T17:00:00,9.197250848249947,9.074999809265137
77,2018-05-26T18:00:00,13.207930478643954,8.86400032043457
77,2018-05-26T19:00:00,5.0308651939745666,8.934000015258789
77,2018-05-26T20:00:00,9.366551768940845,8.371000289916992
77,2018-05-26T21:00:00,14.06924333809021,9.425999641418455
77,2018-05-26T22:00:00,6.531830802520302,8.86400032043457
77,2018-05-26T23:00:00,0.7866074441156954,9.003999710083008
77,2018-05-27T00:00:00,12.270734870879437,8.371000289916992
77,2018-05-27T01:00:00,4.304847279367641,8.86400032043457
77,2018-05-27T02:00:00,10.234464157035188,9.425999641418455
77,2018-05-27T03:00:00,13.926929193693589,9.21500015258789
77,2018-05-27T04:00:00,7.543841763716422,9.425999641418455
77,2018-05-27T05:00:00,7.51622918573247,9.355999946594238
77,2018-05-27T06:00:00,9.709326522205076,9.918999671936035
77,2018-05-27T07:00:00,4.603044886168703,9.777999877929688
77,2018-05-27T08:00:00,13.931963859344052,9.28600025177002
77,2018-05-27T09:00:00,9.527606098063838,9.56700038909912
77,2018-05-27T10:00:00,9.350083050907315,9.56700038909912
77,2018-05-27T11:00:00,11.109473862656234,9.21500015258789
77,2018-05-27T12:00:00,5.725124357625459,10.130000114440918
77,2018-05-27T13:00:00,12.504224248016168,10.762999534606934
77,2018-05-27T14:00:00,9.503094193986971,10.621999740600586
77,2018-05-27T15:00:00,8.265061667441366,11.536999702453612
77,2018-05-27T16:00:00,9.796470664631439,11.607000350952148
77,2018-05-27T17:00:00,13.76899523705693,11.326000213623049
77,2018-05-27T18:00:00,8.501495646813911,11.467000007629396
77,2018-05-27T19:00:00,1.366100372285544,10.482000350952148
77,2018-05-27T20:00:00,10.025036858649404,10.130000114440918
77,2018-05-27T21:00:00,4.868346941643644,9.918999671936035
77,2018-05-27T22:00:00,12.929620476044322,9.848999977111816
77,2018-05-27T23:00:00,7.198185203302296,10.199999809265137
77,2018-05-28T00:00:00,11.679317120832604,10.0600004196167
77,2018-05-28T01:00:00,10.37774982089551,10.130000114440918
77,2018-05-28T02:00:00,7.90944099226969,10.130000114440918
77,2018-05-28T03:00:00,11.285740894106713,9.918999671936035
77,2018-05-28T04:00:00,3.453423151762955,9.708000183105469
77,2018-05-28T05:00:00,15.44177032556011,9.918999671936035
77,2018-05-28T06:00:00,12.599681037780465,10.199999809265137
77,2018-05-28T07:00:00,7.96772858759992,10.973999977111816
77,2018-05-28T08:00:00,1.9520306426547815,10.482000350952148
77,2018-05-28T09:00:00,9.426717817585132,10.41100025177002
77,2018-05-28T10:00:00,9.494940575777122,10.270999908447266
77,2018-05-28T11:00:00,0.8854220272981195,10.692999839782717
77,2018-05-28T12:00:00,7.491171694594387,10.552000045776367
77,2018-05-28T13:00:00,15.589238425216367,10.692999839782717
77,2018-05-28T14:00:00,9.780766374795387,11.326000213623049
77,2018-05-28T15:00:00,15.148159293572457,11.958999633789062
77,2018-05-28T16:00:00,6.572297744484292,11.536999702453612
77,2018-05-28T17:00:00,10.972911720927016,11.467000007629396
77,2018-05-28T18:00:00,8.138823530562576,11.255999565124512
77,2018-05-28T19:00:00,5.682800888955223,11.114999771118164
77,2018-05-28T20:00:00,14.36417004913241,10.762999534606934
77,2018-05-28T21:00:00,8.666718494602227,10.692999839782717
77,2018-05-28T22:00:00,8.548551682548549,10.762999534606934
77,2018-05-28T23:00:00,3.785837771334279,10.552000045776367
77,2018-05-29T00:00:00,9.681137135994646,10.621999740600586
77,2018-05-29T01:00:00,10.593241224252445,10.482000350952148
77,2018-05-29T02:00:00,6.016560104468761,10.482000350952148
77,2018-05-29T03:00:00,15.206719682124175,10.692999839782717
77,2018-05-29T04:00:00,13.522753335991656,10.833000183105469
77,2018-05-29T05:00:00,6.47631358114784,10.692999839782717
77,2018-05-29T06:00:00,9.627627717602454,10.762999534606934
77,2018-05-29T07:00:00,12.660452192910002,10.692999839782717
77,2018-05-29T08:00:00,7.464039781263525,11.678000450134276
77,2018-05-29T09:00:00,13.410403097797955,11.748000144958494
77,2018-05-29T10:00:00,11.150466284901306,11.817999839782717
77,2018-05-29T11:00:00,12.884063735674118,11.888999938964846
77,2018-05-29T12:00:00,10.914938552010574,12.029000282287598
77,2018-05-29T13:00:00,11.913956662121265,11.817999839782717
77,2018-05-29T14:00:00,5.399668924171721,12.380999565124512
77,2018-05-29T15:00:00,11.324404022284178,11.607000350952148
77,2018-05-29T16:00:00,9.420022953947333,11.326000213623049
77,2018-05-29T17:00:00,12.136762994756864,11.607000350952148
77,2018-05-29T18:00:00,1.6855227279982827,10.904000282287598
77,2018-05-29T19:00:00,8.016576812233932,10.762999534606934
77,2018-05-29T20:00:00,13.195502498544606,10.340999603271484
77,2018-05-29T21:00:00,11.634543524369493,9.637999534606934
77,2018-05-29T22:00:00,7.6523384393653515,10.41100025177002
78,2018-05-26T23:00:00,4.114375479760129,9.003999710083008
78,2018-05-27T00:00:00,8.884895879024782,8.371000289916992
78,2018-05-27T01:00:00,7.971052478202722,8.86400032043457
78,2018-05-27T02:00:00,11.106750956046064,9.425999641418455
78,2018-05-27T03:00:00,9.704627052198749,9.21500015258789
78,2018-05-27T04:00:00,9.753185036073884,9.425999641418455
78,2018-05-27T05:00:00,5.404931602449706,9.355999946594238
78,2018-05-27T06:00:00,10.765578903825173,9.918999671936035
78,2018-05-27T07:00:00,8.902279643603388,9.777999877929688
78,2018-05-27T08:00:00,10.766129964188986,9.28600025177002
78,2018-05-27T09:00:00,6.64082902437803,9.56700038909912
78,2018-05-27T10:00:00,6.728157928230347,9.56700038909912
78,2018-05-27T11:00:00,9.32638424816136,9.21500015258789
78,2018-05-27T12:00:00,8.641022296245197,10.130000114440918
78,2018-05-27T13:00:00,15.56249340890779,10.762999534606934
78,2018-05-27T14:00:00,6.938784941147874,10.621999740600586
78,2018-05-27T15:00:00,15.711990173196627,11.536999702453612
78,2018-05-27T16:00:00,10.807039069195937,11.607000350952148
78,2018-05-27T17:00:00,9.293757169465232,11.326000213623049
78,2018-05-27T18:00:00,13.308383363199464,11.467000007629396
78,2018-05-27T19:00:00,5.168994065830018,10.482000350952148
78,2018-05-27T20:00:00,9.461040093869547,10.130000114440918
78,2018-05-27T21:00:00,14.13191795881058,9.918999671936035
78,2018-05-27T22:00:00,6.620334884041139,9.848999977111816
78,2018-05-27T23:00:00,0.8817344556814461,10.199999809265137
78,2018-05-28T00:00:00,12.371018191529956,10.0600004196167
78,2018-05-28T01:00:00,4.390215112492202,10.130000114440918
78,2018-05-28T02:00:00,10.3209099433504,10.130000114440918
78,2018-05-28T03:00:00,13.977700945598095,9.918999671936035
78,2018-05-28T04:00:00,7.6308857897377536,9.708000183105469
78,2018-05-28T05:00:00,7.600476417500559,9.918999671936035
78,2018-05-28T06:00:00,9.786159030626678,10.199999809265137
78,2018-05-28T07:00:00,4.695353548016497,10.973999977111816
78,2018-05-28T08:00:00,13.972170717535011,10.482000350952148
78,2018-05-28T09:00:00,9.594313452505435,10.41100025177002
78,2018-05-28T10:00:00,9.411961415376993,10.270999908447266
78,2018-05-28T11:00:00,11.174900238865007,10.692999839782717
78,2018-05-28T12:00:00,5.813466204902577,10.552000045776367
78,2018-05-28T13:00:00,12.566840703258404,10.692999839782717
78,2018-05-28T14:00:00,9.559407315114592,11.326000213623049
78,2018-05-28T15:00:00,8.345617532503649,11.958999633789062
78,2018-05-28T16:00:00,9.852299877818972,11.536999702453612
78,2018-05-28T17:00:00,13.796412832604567,11.467000007629396
78,2018-05-28T18:00:00,8.573262995246786,11.255999565124512
78,2018-05-28T19:00:00,1.4342359385910264,11.114999771118164
78,2018-05-28T20:00:00,10.07454480139399,10.762999534606934
78,2018-05-28T21:00:00,4.950468668401083,10.692999839782717
78,2018-05-28T22:00:00,12.967351185482743,10.762999534606934
78,2018-05-28T23:00:00,7.248967281290076,10.552000045776367
78,2018-05-29T00:00:00,11.707931264232798,10.621999740600586
78,2018-05-29T01:00:00,10.41760506847561,10.482000350952148
78,2018-05-29T02:00:00,7.964730422392233,10.482000350952148
78,2018-05-29T03:00:00,11.321142729421027,10.692999839782717
78,2018-05-29T04:00:00,3.5045814557128647,10.833000183105469
78,2018-05-29T05:00:00,15.48187414267163,10.692999839782717
78,2018-05-29T06:00:00,12.627939243431774,10.762999534606934
78,2018-05-29T07:00:00,8.017035357702904,10.692999839782717
78,2018-05-29T08:00:00,2.0070680022991905,11.678000450134276
78,2018-05-29T09:00:00,9.454366942852332,11.748000144958494
78,2018-05-29T10:00:00,9.521698370205263,11.817999839782717
78,2018-05-29T11:00:00,0.9436121358277259,11.888999938964846
78,2018-05-29T12:00:00,7.529376128093,12.029000282287598
78,2018-05-29T13:00:00,15.621238444707084,11.817999839782717
78,2018-05-29T14:00:00,9.803916566366443,12.380999565124512
78,2018-05-29T15:00:00,15.165319876833824,11.607000350952148
78,2018-05-29T16:00:00,6.6049158123261495,11.326000213623049
78,2018-05-29T17:00:00,10.99408126333602,11.607000350952148
78,2018-05-29T18:00:00,8.178159224577666,10.904000282287598
78,2018-05-29T19:00:00,5.731501224855425,10.762999534606934
78,2018-05-29T20:00:00,14.35569464135564,10.340999603271484
78,2018-05-29T21:00:00,8.692217863425665,9.637999534606934
78,2018-05-29T22:00:00,8.57755201635241,10.41100025177002
78,2018-05-29T23:00:00,3.8281909226300286,10.130000114440918
78,2018-05-30T00:00:00,9.69545718502409,9.918999671936035
78,2018-05-30T01:00:00,10.608982756636742,10.130000114440918
78,2018-05-30T02:00:00,6.050547598719211,9.777999877929688
78,2018-05-30T03:00:00,15.214650865908009,10.199999809265137
78,2018-05-30T04:00:00,13.511263698847706,9.777999877929688
78,2018-05-30T05:00:00,6.502324195806263,9.145000457763672
78,2018-05-30T06:00:00,9.638083230040122,9.98900032043457
78,2018-05-30T07:00:00,12.66084389412839,10.552000045776367
78,2018-05-30T08:00:00,7.48845785871219,10.904000282287598
78,2018-05-30T09:00:00,13.397121864192677,11.467000007629396
78,2018-05-30T10:00:00,11.160246790702654,11.536999702453612
78,2018-05-30T11:00:00,12.877472525362364,11.607000350952148
78,2018-05-30T12:00:00,10.92453672817998,11.678000450134276
78,2018-05-30T13:00:00,11.918027333763693,11.536999702453612
78,2018-05-30T14:00:00,5.451059971486238,11.678000450134276
78,2018-05-30T15:00:00,11.330213588187473,12.029000282287598
78,2018-05-30T16:00:00,9.426166840102656,11.326000213623049
78,2018-05-30T17:00:00,12.141107214252028,11.255999565124512
78,2018-05-30T18:00:00,1.7278097888392807,10.552000045776367
78,2018-05-30T19:00:00,8.040394216466918,10.621999740600586
78,2018-05-30T20:00:00,13.178747064461758,10.973999977111816
78,2018-05-30T21:00:00,11.633812127647927,10.340999603271484
78,2018-05-30T22:00:00,7.6728699367089845,10.130000114440918
79,2018-05-27T23:00:00,4.212203742645986,10.199999809265137
79,2018-05-28T00:00:00,8.851968688139404,10.0600004196167
79,2018-05-28T01:00:00,7.945022434134032,10.130000114440918
79,2018-05-28T02:00:00,11.04666375256241,10.130000114440918
79,2018-05-28T03:00:00,9.645673671198614,9.918999671936035
79,2018-05-28T04:00:00,9.692066868038172,9.708000183105469
79,2018-05-28T05:00:00,5.465416017190741,9.918999671936035
79,2018-05-28T06:00:00,10.670936413058893,10.199999809265137
79,2018-05-28T07:00:00,8.831755597888286,10.973999977111816
79,2018-05-28T08:00:00,10.665500973342699,10.482000350952148
79,2018-05-28T09:00:00,6.618764565370892,10.41100025177002
79,2018-05-28T10:00:00,6.7022110489606295,10.270999908447266
79,2018-05-28T11:00:00,9.218387862700148,10.692999839782717
79,2018-05-28T12:00:00,8.573897014727448,10.552000045776367
79,2018-05-28T13:00:00,15.513557531711388,10.692999839782717
79,2018-05-28T14:00:00,6.897622503902211,11.326000213623049
79,2018-05-28T15:00:00,15.663687333788117,11.958999633789062
79,2018-05-28T16:00:00,10.690709184186364,11.536999702453612
79,2018-05-28T17:00:00,9.175568541984578,11.467000007629396
79,2018-05-28T18:00:00,13.192144069304204,11.255999565124512
79,2018-05-28T19:00:00,5.206100644791656,11.114999771118164
79,2018-05-28T20:00:00,9.346577110980938,10.762999534606934
79,2018-05-28T21:00:00,14.00921319462964,10.692999839782717
79,2018-05-28T22:00:00,6.578655444446801,10.762999534606934
79,2018-05-28T23:00:00,0.8669187468953847,10.552000045776367
79,2018-05-29T00:00:00,12.241030177494263,10.621999740600586
79,2018-05-29T01:00:00,4.455743467174582,10.482000350952148
79,2018-05-29T02:00:00,10.202551807671163,10.482000350952148
79,2018-05-29T03:00:00,13.84785744573463,10.692999839782717
79,2018-05-29T04:00:00,7.540076004733157,10.833000183105469
79,2018-05-29T05:00:00,7.5087706323347945,10.692999839782717
79,2018-05-29T06:00:00,9.67289404455365,10.762999534606934
79,2018-05-29T07:00:00,4.740325138606352,10.692999839782717
79,2018-05-29T08:00:00,13.839283193546096,11.678000450134276
79,2018-05-29T09:00:00,9.47212004581721,11.748000144958494
79,2018-05-29T10:00:00,9.283268465615539,11.817999839782717
79,2018-05-29T11:00:00,11.048512996540666,11.888999938964846
79,2018-05-29T12:00:00,5.791387068657935,12.029000282287598
79,2018-05-29T13:00:00,12.425274736945488,11.817999839782717
79,2018-05-29T14:00:00,9.433648723518388,12.380999565124512
79,2018-05-29T15:00:00,8.248823272735104,11.607000350952148
79,2018-05-29T16:00:00,9.734267977855268,11.326000213623049
79,2018-05-29T17:00:00,13.661101708474995,11.607000350952148
79,2018-05-29T18:00:00,8.468966806077823,10.904000282287598
79,2018-05-29T19:00:00,1.4238576005279135,10.762999534606934
79,2018-05-29T20:00:00,9.956749813588363,10.340999603271484
79,2018-05-29T21:00:00,4.977373680736596,9.637999534606934
79,2018-05-29T22:00:00,12.825489592368594,10.41100025177002
79,2018-05-29T23:00:00,7.159953265618874,10.130000114440918
79,2018-05-30T00:00:00,11.57612492219019,9.918999671936035
79,2018-05-30T01:00:00,10.281308936113602,10.130000114440918
79,2018-05-30T02:00:00,7.866322033866066,9.777999877929688
79,2018-05-30T03:00:00,11.196201597274847,10.199999809265137
79,2018-05-30T04:00:00,3.563856845074355,9.777999877929688
79,2018-05-30T05:00:00,15.391960010525617,9.145000457763672
79,2018-05-30T06:00:00,12.482163668433275,9.98900032043457
79,2018-05-30T07:00:00,7.918188805166045,10.552000045776367
79,2018-05-30T08:00:00,2.0156455249542855,10.904000282287598
79,2018-05-30T09:00:00,9.323582454018776,11.467000007629396
79,2018-05-30T10:00:00,9.39217345321202,11.536999702453612
79,2018-05-30T11:00:00,0.9139869384501598,11.607000350952148
79,2018-05-30T12:00:00,7.429927994232985,11.678000450134276
79,2018-05-30T13:00:00,15.535590328575847,11.536999702453612
79,2018-05-30T14:00:00,9.679098491671919,11.678000450134276
79,2018-05-30T15:00:00,15.066154778921696,12.029000282287598
79,2018-05-30T16:00:00,6.545800925232383,11.326000213623049
79,2018-05-30T17:00:00,10.855084710124228,11.255999565124512
79,2018-05-30T18:00:00,8.076214370501162,10.552000045776367
79,2018-05-30T19:00:00,5.694475349000982,10.621999740600586
79,2018-05-30T20:00:00,14.232206359610876,10.973999977111816
79,2018-05-30T21:00:00,8.564819586791192,10.340999603271484
79,2018-05-30T22:00:00,8.457433337413796,10.130000114440918
79,2018-05-30T23:00:00,3.889479049412012,9.918999671936035
79,2018-05-31T00:00:00,9.564426905444812,10.41100025177002
79,2018-05-31T01:00:00,10.455087573741848,10.41100025177002
79,2018-05-31T02:00:00,5.996511932546838,10.41100025177002
79,2018-05-31T03:00:00,15.11195824291363,10.41100025177002
79,2018-05-31T04:00:00,13.366443034339394,10.41100025177002
79,2018-05-31T05:00:00,6.438021313193191,10.41100025177002
79,2018-05-31T06:00:00,9.502619934389221,10.41100025177002
79,2018-05-31T07:00:00,12.503592539289027,10.41100025177002
79,2018-05-31T08:00:00,7.379171908047828,10.41100025177002
79,2018-05-31T09:00:00,13.24648892811728,10.41100025177002
79,2018-05-31T10:00:00,11.01966934330035,10.41100025177002
79,2018-05-31T11:00:00,12.71820139783217,10.41100025177002
79,2018-05-31T12:00:00,10.771537444972015,10.41100025177002
79,2018-05-31T13:00:00,11.764559295880538,10.41100025177002
79,2018-05-31T14:00:00,5.426767475565338,10.41100025177002
79,2018-05-31T15:00:00,11.190481779364518,10.41100025177002
79,2018-05-31T16:00:00,9.28041352355918,10.41100025177002
79,2018-05-31T17:00:00,11.974566994605862,10.41100025177002
79,2018-05-31T18:00:00,1.72383685052929,10.41100025177002
79,2018-05-31T19:00:00,7.920545054249397,10.41100025177002
79,2018-05-31T20:00:00,13.014556133696159,10.41100025177002
79,2018-05-31T21:00:00,11.485699919695435,10.41100025177002
79,2018-05-31T22:00:00,7.551973917801366,10.41100025177002
80,2018-05-28T23:00:00,4.148861951470609,10.552000045776367
80,2018-05-29T00:00:00,8.587988525484311,10.621999740600586
80,2018-05-29T01:00:00,7.71073904379214,10.482000350952148
80,2018-05-29T02:00:00,10.793984650711415,10.482000350952148
80,2018-05-29T03:00:00,9.422845688751984,10.692999839782717
80,2018-05-29T04:00:00,9.475719347739837,10.833000183105469
80,2018-05-29T05:00:00,5.2508305573920815,10.692999839782717
80,2018-05-29T06:00:00,10.45281917557176,10.762999534606934
80,2018-05-29T07:00:00,8.61580202846607,10.692999839782717
80,2018-05-29T08:00:00,10.460103020666315,11.678000450134276
80,2018-05-29T09:00:00,6.4702204026819246,11.748000144958494
80,2018-05-29T10:00:00,6.556765922584166,11.817999839782717
80,2018-05-29T11:00:00,9.057571731205943,11.888999938964846
80,2018-05-29T12:00:00,8.365230785870637,12.029000282287598
80,2018-05-29T13:00:00,15.343925357744464,11.817999839782717
80,2018-05-29T14:00:00,6.7604744146950075,12.380999565124512
80,2018-05-29T15:00:00,15.500208195274201,11.607000350952148
80,2018-05-29T16:00:00,10.526384772949248,11.326000213623049
80,2018-05-29T17:00:00,9.041639345308116,11.607000350952148
80,2018-05-29T18:00:00,13.094542934949471,10.904000282287598
80,2018-05-29T19:00:00,5.057262450169127,10.762999534606934
80,2018-05-29T20:00:00,9.222784651863087,10.340999603271484
80,2018-05-29T21:00:00,13.945737096958648,9.637999534606934
80,2018-05-29T22:00:00,6.461093490148215,10.41100025177002
80,2018-05-29T23:00:00,0.6919330365447909,10.130000114440918
80,2018-05-30T00:00:00,12.127442817607395,9.918999671936035
80,2018-05-30T01:00:00,4.4002616985924465,10.130000114440918
80,2018-05-30T02:00:00,10.090211227893722,9.777999877929688
80,2018-05-30T03:00:00,13.808751573804354,10.199999809265137
80,2018-05-30T04:00:00,7.442549684362174,9.777999877929688
80,2018-05-30T05:00:00,7.415710191386998,9.145000457763672
80,2018-05-30T06:00:00,9.584406991160124,9.98900032043457
80,2018-05-30T07:00:00,4.650530995225111,10.552000045776367
80,2018-05-30T08:00:00,13.819799235651434,10.904000282287598
80,2018-05-30T09:00:00,9.394124949106008,11.467000007629396
80,2018-05-30T10:00:00,9.208685270103887,11.536999702453612
80,2018-05-30T11:00:00,10.952063272136412,11.607000350952148
80,2018-05-30T12:00:00,5.662061553545831,11.678000450134276
80,2018-05-30T13:00:00,12.379505653120486,11.536999702453612
80,2018-05-30T14:00:00,9.371380745711118,11.678000450134276
80,2018-05-30T15:00:00,8.140118462578528,12.029000282287598
80,2018-05-30T16:00:00,9.678244902116127,11.326000213623049
80,2018-05-30T17:00:00,13.673221634602864,11.255999565124512
80,2018-05-30T18:00:00,8.370451120012358,10.552000045776367
80,2018-05-30T19:00:00,1.2835826646803739,10.621999740600586
80,2018-05-30T20:00:00,9.911101740901323,10.973999977111816
80,2018-05-30T21:00:00,4.873888391935472,10.340999603271484
80,2018-05-30T22:00:00,12.84759878480156,10.130000114440918
80,2018-05-30T23:00:00,7.115919694222773,9.918999671936035
80,2018-05-31T00:00:00,11.551793122799234,10.41100025177002
80,2018-05-31T01:00:00,10.23835954213325,10.41100025177002
80,2018-05-31T02:00:00,7.804843868327346,10.41100025177002
80,2018-05-31T03:00:00,11.151561544498954,10.41100025177002
80,2018-05-31T04:00:00,3.5210332294922857,10.41100025177002
80,2018-05-31T05:00:00,15.403924441010437,10.41100025177002
80,2018-05-31T06:00:00,12.499260788001513,10.41100025177002
80,2018-05-31T07:00:00,7.864838611844359,10.41100025177002
80,2018-05-31T08:00:00,1.9098993314097292,10.41100025177002
80,2018-05-31T09:00:00,9.312036125205765,10.41100025177002
80,2018-05-31T10:00:00,9.383037204752254,10.41100025177002
80,2018-05-31T11:00:00,0.7617907144838743,10.41100025177002
80,2018-05-31T12:00:00,7.408703130046508,10.41100025177002
80,2018-05-31T13:00:00,15.566318311931088,10.41100025177002
80,2018-05-31T14:00:00,9.679150505604944,10.41100025177002
80,2018-05-31T15:00:00,15.11554223019886,10.41100025177002
80,2018-05-31T16:00:00,6.510047109960057,10.41100025177002
80,2018-05-31T17:00:00,10.838742673492728,10.41100025177002
80,2018-05-31T18:00:00,8.034626954784846,10.41100025177002
80,2018-05-31T19:00:00,5.6095686999388565,10.41100025177002
80,2018-05-31T20:00:00,14.315840704527197,10.41100025177002
80,2018-05-31T21:00:00,8.552076898765193,10.41100025177002
80,2018-05-31T22:00:00,8.435356142494427,10.41100025177002
80,2018-05-31T23:00:00,3.85846636156381,10.41100025177002
80,2018-06-01T00:00:00,9.581362273109242,8.51200008392334
80,2018-06-01T01:00:00,10.453463046323844,8.51200008392334
80,2018-06-01T02:00:00,5.939185540774092,8.230999946594237
80,2018-06-01T03:00:00,15.182512665906238,8.300999641418457
80,2018-06-01T04:00:00,13.475138449098555,8.371000289916992
80,2018-06-01T05:00:00,6.41237372147039,8.230999946594237
80,2018-06-01T06:00:00,9.527183859576432,8.581999778747559
80,2018-06-01T07:00:00,12.581307082117231,9.425999641418455
80,2018-06-01T08:00:00,7.382846034722876,10.833000183105469
80,2018-06-01T09:00:00,13.363958932017429,10.482000350952148
80,2018-06-01T10:00:00,11.026402919907483,9.777999877929688
80,2018-06-01T11:00:00,12.823160902199795,9.848999977111816
80,2018-06-01T12:00:00,10.779989856884928,9.918999671936035
80,2018-06-01T13:00:00,11.80449781727177,10.41100025177002
80,2018-06-01T14:00:00,5.334169374593454,10.904000282287598
80,2018-06-01T15:00:00,11.20867833169203,11.678000450134276
80,2018-06-01T16:00:00,9.313812299640187,12.029000282287598
80,2018-06-01T17:00:00,12.0163759188732,11.888999938964846
80,2018-06-01T18:00:00,1.6221108194257,11.326000213623049
80,2018-06-01T19:00:00,7.906059001417232,10.904000282287598
80,2018-06-01T20:00:00,13.14885052343606,10.833000183105469
80,2018-06-01T21:00:00,11.533990452448762,10.482000350952148
80,2018-06-01T22:00:00,7.554696467755642,10.41100025177002
81,2018-05-29T23:00:00,4.255401719259671,10.130000114440918
81,2018-05-30T00:00:00,8.690092062010129,9.918999671936035
81,2018-05-30T01:00:00,7.811648351896171,10.130000114440918
81,2018-05-30T02:00:00,10.873344021855527,9.777999877929688
81,2018-05-30T03:00:00,9.509811320433219,10.199999809265137
81,2018-05-30T04:00:00,9.561800895092642,9.777999877929688
81,2018-05-30T05:00:00,5.369378639407202,9.145000457763672
81,2018-05-30T06:00:00,10.513137739418871,9.98900032043457
81,2018-05-30T07:00:00,8.689743430394794,10.552000045776367
81,2018-05-30T08:00:00,10.515290668066243,10.904000282287598
81,2018-05-30T09:00:00,6.52758287657635,11.467000007629396
81,2018-05-30T10:00:00,6.612458171951445,11.536999702453612
81,2018-05-30T11:00:00,9.101074096495385,11.607000350952148
81,2018-05-30T12:00:00,8.437784778615631,11.678000450134276
81,2018-05-30T13:00:00,15.443663821891924,11.536999702453612
81,2018-05-30T14:00:00,6.813697478303517,11.678000450134276
81,2018-05-30T15:00:00,15.599055784242394,12.029000282287598
81,2018-05-30T16:00:00,10.564819821807042,11.326000213623049
81,2018-05-30T17:00:00,9.074872581879898,11.255999565124512
81,2018-05-30T18:00:00,13.148511109688041,10.552000045776367
81,2018-05-30T19:00:00,5.131557816474945,10.621999740600586
81,2018-05-30T20:00:00,9.257409764220787,10.973999977111816
81,2018-05-30T21:00:00,13.972507390849898,10.340999603271484
81,2018-05-30T22:00:00,6.495643664858667,10.130000114440918
81,2018-05-30T23:00:00,0.7171213794339923,9.918999671936035
81,2018-05-31T00:00:00,12.169957933956004,10.41100025177002
81,2018-05-31T01:00:00,4.460951392882302,10.41100025177002
81,2018-05-31T02:00:00,10.120152131034782,10.41100025177002
81,2018-05-31T03:00:00,13.82933716741411,10.41100025177002
81,2018-05-31T04:00:00,7.477958110082376,10.41100025177002
81,2018-05-31T05:00:00,7.4497110109006215,10.41100025177002
81,2018-05-31T06:00:00,9.611862592071896,10.41100025177002
81,2018-05-31T07:00:00,4.70471839146593,10.41100025177002
81,2018-05-31T08:00:00,13.834517289114022,10.41100025177002
81,2018-05-31T09:00:00,9.413254393667247,10.41100025177002
81,2018-05-31T10:00:00,9.223034265260367,10.41100025177002
81,2018-05-31T11:00:00,10.962338433992628,10.41100025177002
81,2018-05-31T12:00:00,5.691589225265636,10.41100025177002
81,2018-05-31T13:00:00,12.403019196164228,10.41100025177002
81,2018-05-31T14:00:00,9.383935135431464,10.41100025177002
81,2018-05-31T15:00:00,8.162282842012518,10.41100025177002
81,2018-05-31T16:00:00,9.69318704850876,10.41100025177002
81,2018-05-31T17:00:00,13.682503871334864,10.41100025177002
81,2018-05-31T18:00:00,8.386090199123508,10.41100025177002
81,2018-05-31T19:00:00,1.296768325961235,10.41100025177002
81,2018-05-31T20:00:00,9.922668557518922,10.41100025177002
81,2018-05-31T21:00:00,4.913029934014094,10.41100025177002
81,2018-05-31T22:00:00,12.867325556376583,10.41100025177002
81,2018-05-31T23:00:00,7.131510958110146,10.41100025177002
81,2018-06-01T00:00:00,11.547714029227404,8.51200008392334
81,2018-06-01T01:00:00,10.238382997870781,8.51200008392334
81,2018-06-01T02:00:00,7.816587478257077,8.230999946594237
81,2018-06-01T03:00:00,11.146064756480666,8.300999641418457
81,2018-06-01T04:00:00,3.5583573290157844,8.371000289916992
81,2018-06-01T05:00:00,15.424410946828765,8.230999946594237
81,2018-06-01T06:00:00,12.50370330750965,8.581999778747559
81,2018-06-01T07:00:00,7.872342457710934,9.425999641418455
81,2018-06-01T08:00:00,1.9250136087492447,10.833000183105469
81,2018-06-01T09:00:00,9.307689253197477,10.482000350952148
81,2018-06-01T10:00:00,9.378601905074227,9.777999877929688
81,2018-06-01T11:00:00,0.7604604611504193,9.848999977111816
81,2018-06-01T12:00:00,7.415439462305159,9.918999671936035
81,2018-06-01T13:00:00,15.583190001943564,10.41100025177002
81,2018-06-01T14:00:00,9.674185072664686,10.904000282287598
81,2018-06-01T15:00:00,15.12246730569664,11.678000450134276
81,2018-06-01T16:00:00,6.5130875718147845,12.029000282287598
81,2018-06-01T17:00:00,10.823893331018459,11.888999938964846
81,2018-06-01T18:00:00,8.033355884959471,11.326000213623049
81,2018-06-01T19:00:00,5.613450632627728,10.904000282287598
81,2018-06-01T20:00:00,14.305348832217428,10.833000183105469
81,2018-06-01T21:00:00,8.541898114933257,10.482000350952148
81,2018-06-01T22:00:00,8.426460083416274,10.41100025177002
81,2018-06-01T23:00:00,3.8923381696006984,10.270999908447266
81,2018-06-02T00:00:00,9.569682450915188,9.98900032043457
81,2018-06-02T01:00:00,10.434910102512989,9.56700038909912
81,2018-06-02T02:00:00,5.935661536489487,9.21500015258789
81,2018-06-02T03:00:00,15.18322511721475,9.21500015258789
81,2018-06-02T04:00:00,13.464018514284387,8.51200008392334
81,2018-06-02T05:00:00,6.409937345739152,8.934000015258789
81,2018-06-02T06:00:00,9.511992259001005,8.934000015258789
81,2018-06-02T07:00:00,12.568054056278033,8.652999877929688
81,2018-06-02T08:00:00,7.3785236789391035,8.722999572753906
81,2018-06-02T09:00:00,13.351305071470607,8.722999572753906
81,2018-06-02T10:00:00,11.00267785902839,9.21500015258789
81,2018-06-02T11:00:00,12.81055256334003,9.637999534606934
81,2018-06-02T12:00:00,10.755248064954246,10.482000350952148
81,2018-06-02T13:00:00,11.782118967693215,10.199999809265137
81,2018-06-02T14:00:00,5.339260509354077,10.340999603271484
81,2018-06-02T15:00:00,11.183525280679666,10.199999809265137
81,2018-06-02T16:00:00,9.293003625847973,11.114999771118164
81,2018-06-02T17:00:00,11.99069843322312,10.482000350952148
81,2018-06-02T18:00:00,1.6259410831976737,10.0600004196167
81,2018-06-02T19:00:00,7.890965321190581,9.56700038909912
81,2018-06-02T20:00:00,13.132521117909352,9.425999641418455
81,2018-06-02T21:00:00,11.509687757494227,9.56700038909912
81,2018-06-02T22:00:00,7.541608898857326,9.848999977111816
82,2018-05-30T23:00:00,4.236776664574675,9.918999671936035
82,2018-05-31T00:00:00,8.678174528565021,10.41100025177002
82,2018-05-31T01:00:00,7.798473225388655,10.41100025177002
82,2018-05-31T02:00:00,10.866120320747946,10.41100025177002
82,2018-05-31T03:00:00,9.500934249116654,10.41100025177002
82,2018-05-31T04:00:00,9.55280323343867,10.41100025177002
82,2018-05-31T05:00:00,5.352312543406267,10.41100025177002
82,2018-05-31T06:00:00,10.505927412692975,10.41100025177002
82,2018-05-31T07:00:00,8.680482361462872,10.41100025177002
82,2018-05-31T08:00:00,10.507805113204304,10.41100025177002
82,2018-05-31T09:00:00,6.519858144999471,10.41100025177002
82,2018-05-31T10:00:00,6.604578771553957,10.41100025177002
82,2018-05-31T11:00:00,9.094500856488844,10.41100025177002
82,2018-05-31T12:00:00,8.426823296717238,10.41100025177002
82,2018-05-31T13:00:00,15.428981736645232,10.41100025177002
82,2018-05-31T14:00:00,6.805429592862938,10.41100025177002
82,2018-05-31T15:00:00,15.583807780671446,10.41100025177002
82,2018-05-31T16:00:00,10.556278995046615,10.41100025177002
82,2018-05-31T17:00:00,9.067470805459115,10.41100025177002
82,2018-05-31T18:00:00,13.138125336071116,10.41100025177002
82,2018-05-31T19:00:00,5.120832959336079,10.41100025177002
82,2018-05-31T20:00:00,9.249045844342849,10.41100025177002
82,2018-05-31T21:00:00,13.965295970226551,10.41100025177002
82,2018-05-31T22:00:00,6.488934961857124,10.41100025177002
82,2018-05-31T23:00:00,0.7127538915264022,10.41100025177002
82,2018-06-01T00:00:00,12.158114698996044,8.51200008392334
82,2018-06-01T01:00:00,4.454302961478312,8.51200008392334
82,2018-06-01T02:00:00,10.110172260735261,8.230999946594237
82,2018-06-01T03:00:00,13.820611095653236,8.300999641418457
82,2018-06-01T04:00:00,7.467123475207407,8.371000289916992
82,2018-06-01T05:00:00,7.438821872265612,8.230999946594237
82,2018-06-01T06:00:00,9.601829176265525,8.581999778747559
82,2018-06-01T07:00:00,4.697761926457888,9.425999641418455
82,2018-06-01T08:00:00,13.824678669959763,10.833000183105469
82,2018-06-01T09:00:00,9.40317092649489,10.482000350952148
82,2018-06-01T10:00:00,9.213028784665553,9.777999877929688
82,2018-06-01T11:00:00,10.951607318755407,9.848999977111816
82,2018-06-01T12:00:00,5.684685260368729,9.918999671936035
82,2018-06-01T13:00:00,12.389023682165135,10.41100025177002
82,2018-06-01T14:00:00,9.373100813055727,10.904000282287598
82,2018-06-01T15:00:00,8.15015006895459,11.678000450134276
82,2018-06-01T16:00:00,9.681829661871642,12.029000282287598
82,2018-06-01T17:00:00,13.669540889229163,11.888999938964846
82,2018-06-01T18:00:00,8.373595110426528,11.326000213623049
82,2018-06-01T19:00:00,1.293391895180667,10.904000282287598
82,2018-06-01T20:00:00,9.910536852219812,10.833000183105469
82,2018-06-01T21:00:00,4.905163612935397,10.482000350952148
82,2018-06-01T22:00:00,12.850318458264777,10.41100025177002
82,2018-06-01T23:00:00,7.118916102908193,10.270999908447266
82,2018-06-02T00:00:00,11.534052422768356,9.98900032043457
82,2018-06-02T01:00:00,10.224901807910292,9.56700038909912
82,2018-06-02T02:00:00,7.802251148104011,9.21500015258789
82,2018-06-02T03:00:00,11.131163311748463,9.21500015258789
82,2018-06-02T04:00:00,3.5531640366640644,8.51200008392334
82,2018-06-02T05:00:00,15.406293655376633,8.934000015258789
82,2018-06-02T06:00:00,12.4853060773044,8.934000015258789
82,2018-06-02T07:00:00,7.85676571442707,8.652999877929688
82,2018-06-02T08:00:00,1.9208515131096906,8.722999572753906
82,2018-06-02T09:00:00,9.292456600923696,8.722999572753906
82,2018-06-02T10:00:00,9.363213175736908,9.21500015258789
82,2018-06-02T11:00:00,0.7572885135883087,9.637999534606934
82,2018-06-02T12:00:00,7.398986063333041,10.482000350952148
82,2018-06-02T13:00:00,15.562510586974778,10.199999809265137
82,2018-06-02T14:00:00,9.658342516994981,10.340999603271484
82,2018-06-02T15:00:00,15.10169659374165,10.199999809265137
82,2018-06-02T16:00:00,6.499734588835224,11.114999771118164
82,2018-06-02T17:00:00,10.805844283722903,10.482000350952148
82,2018-06-02T18:00:00,8.015343949934222,10.0600004196167
82,2018-06-02T19:00:00,5.6042955262076966,9.56700038909912
82,2018-06-02T20:00:00,14.283983078190795,9.425999641418455
82,2018-06-02T21:00:00,8.523385962300228,9.56700038909912
82,2018-06-02T22:00:00,8.407785167995677,9.848999977111816
82,2018-06-02T23:00:00,3.884736992432977,9.637999534606934
82,2018-06-03T00:00:00,9.552234813961991,9.28600025177002
82,2018-06-03T01:00:00,10.416908732125966,9.496999740600586
82,2018-06-03T02:00:00,5.92518459598193,9.496999740600586
82,2018-06-03T03:00:00,15.160275995385707,9.637999534606934
82,2018-06-03T04:00:00,13.440699338731074,9.56700038909912
82,2018-06-03T05:00:00,6.395565190647073,9.848999977111816
82,2018-06-03T06:00:00,9.494006632930517,9.56700038909912
82,2018-06-03T07:00:00,12.544846451566357,9.355999946594238
82,2018-06-03T08:00:00,7.359799590933433,9.425999641418455
82,2018-06-03T09:00:00,13.32751194881295,9.637999534606934
82,2018-06-03T10:00:00,10.982290309261344,9.918999671936035
82,2018-06-03T11:00:00,12.786733551698346,10.621999740600586
82,2018-06-03T12:00:00,10.735711681636776,10.692999839782717
82,2018-06-03T13:00:00,11.760201960077513,10.973999977111816
82,2018-06-03T14:00:00,5.328701064204555,12.239999771118164
82,2018-06-03T15:00:00,11.162678342120568,12.661999702453612
82,2018-06-03T16:00:00,9.274510580228423,13.435999870300291
82,2018-06-03T17:00:00,11.968476493251195,13.085000038146973
82,2018-06-03T18:00:00,1.621927430696772,11.678000450134276
82,2018-06-03T19:00:00,7.872238451868725,11.043999671936035
82,2018-06-03T20:00:00,13.10856443465331,10.552000045776367
82,2018-06-03T21:00:00,11.488403436785326,9.56700038909912
82,2018-06-03T22:00:00,7.523297019951743,9.425999641418455
83,2018-05-31T23:00:00,4.107752428636688,10.41100025177002
83,2018-06-01T00:00:00,8.424179181612898,8.51200008392334
83,2018-06-01T01:00:00,7.576003030890929,8.51200008392334
83,2018-06-01T02:00:00,10.65222215375141,8.230999946594237
83,2018-06-01T03:00:00,9.292263713211959,8.300999641418457
83,2018-06-01T04:00:00,9.351109271381736,8.371000289916992
83,2018-06-01T05:00:00,5.158157125696109,8.230999946594237
83,2018-06-01T06:00:00,10.345944308474799,8.581999778747559
83,2018-06-01T07:00:00,8.511627777420156,9.425999641418455
83,2018-06-01T08:00:00,10.362886425310542,10.833000183105469
83,2018-06-01T09:00:00,6.40548307111793,10.482000350952148
83,2018-06-01T10:00:00,6.494764761933151,9.777999877929688
83,2018-06-01T11:00:00,8.983767840167884,9.848999977111816
83,2018-06-01T12:00:00,8.270620531799683,9.918999671936035
83,2018-06-01T13:00:00,15.249606619721437,10.41100025177002
83,2018-06-01T14:00:00,6.70227104150748,10.904000282287598
83,2018-06-01T15:00:00,15.410853192004607,11.678000450134276
83,2018-06-01T16:00:00,10.455717443922367,12.029000282287598
83,2018-06-01T17:00:00,8.984472720941772,11.888999938964846
83,2018-06-01T18:00:00,13.029953477960712,11.326000213623049
83,2018-06-01T19:00:00,4.999621438746008,10.904000282287598
83,2018-06-01T20:00:00,9.166730924838774,10.833000183105469
83,2018-06-01T21:00:00,13.897491105825491,10.482000350952148
83,2018-06-01T22:00:00,6.415619607244956,10.41100025177002
83,2018-06-01T23:00:00,0.6269094403252122,10.270999908447266
83,2018-06-02T00:00:00,12.067567727610928,9.98900032043457
83,2018-06-02T01:00:00,4.374828832748452,9.56700038909912
83,2018-06-02T02:00:00,10.037476245847712,9.21500015258789
83,2018-06-02T03:00:00,13.769571667013421,9.21500015258789
83,2018-06-02T04:00:00,7.409812840537702,8.51200008392334
83,2018-06-02T05:00:00,7.384936819260071,8.934000015258789
83,2018-06-02T06:00:00,9.535580987861467,8.934000015258789
83,2018-06-02T07:00:00,4.614357513983737,8.652999877929688
83,2018-06-02T08:00:00,13.785540774184515,8.722999572753906
83,2018-06-02T09:00:00,9.352488895224742,8.722999572753906
83,2018-06-02T10:00:00,9.171569927086736,9.21500015258789
83,2018-06-02T11:00:00,10.903221634609963,9.637999534606934
83,2018-06-02T12:00:00,5.611120846026253,10.482000350952148
83,2018-06-02T13:00:00,12.339700480385845,10.199999809265137
83,2018-06-02T14:00:00,9.33336687765896,10.340999603271484
83,2018-06-02T15:00:00,8.089269263976567,10.199999809265137
83,2018-06-02T16:00:00,9.63575150215879,11.114999771118164
83,2018-06-02T17:00:00,13.641465848571691,10.482000350952148
83,2018-06-02T18:00:00,8.319523513414987,10.0600004196167
83,2018-06-02T19:00:00,1.233177536695747,9.56700038909912
83,2018-06-02T20:00:00,9.868195667418231,9.425999641418455
83,2018-06-02T21:00:00,4.826898304598698,9.56700038909912
83,2018-06-02T22:00:00,12.817294422931235,9.848999977111816
83,2018-06-02T23:00:00,7.086224336637432,9.637999534606934
83,2018-06-03T00:00:00,11.51950594608752,9.28600025177002
83,2018-06-03T01:00:00,10.202876543876823,9.496999740600586
83,2018-06-03T02:00:00,7.764127611698429,9.496999740600586
83,2018-06-03T03:00:00,11.101550868946825,9.637999534606934
83,2018-06-03T04:00:00,3.487407760003304,9.56700038909912
83,2018-06-03T05:00:00,15.356459971247713,9.848999977111816
83,2018-06-03T06:00:00,12.462194769094063,9.56700038909912
83,2018-06-03T07:00:00,7.8202533632950075,9.355999946594238
83,2018-06-03T08:00:00,1.8648011140425123,9.425999641418455
83,2018-06-03T09:00:00,9.274499016117296,9.637999534606934
83,2018-06-03T10:00:00,9.344652193359833,9.918999671936035
83,2018-06-03T11:00:00,0.7104903192475973,10.621999740600586
83,2018-06-03T12:00:00,7.377540639906998,10.692999839782717
83,2018-06-03T13:00:00,15.51461372358975,10.973999977111816
83,2018-06-03T14:00:00,9.637852167326638,12.239999771118164
83,2018-06-03T15:00:00,15.065746509715366,12.661999702453612
83,2018-06-03T16:00:00,6.463605383890844,13.435999870300291
83,2018-06-03T17:00:00,10.794970842270887,13.085000038146973
83,2018-06-03T18:00:00,7.981707482287728,11.678000450134276
83,2018-06-03T19:00:00,5.558190819270564,11.043999671936035
83,2018-06-03T20:00:00,14.269226669813596,10.552000045776367
83,2018-06-03T21:00:00,8.507933184338526,9.56700038909912
83,2018-06-03T22:00:00,8.386652960590148,9.425999641418455
83,2018-06-03T23:00:00,3.8170318914756507,8.722999572753906
83,2018-06-04T00:00:00,9.542193695682123,8.442000389099121
83,2018-06-04T01:00:00,10.423915857548637,9.21500015258789
83,2018-06-04T02:00:00,5.89274009813146,9.425999641418455
83,2018-06-04T03:00:00,15.133418583587545,9.637999534606934
83,2018-06-04T04:00:00,13.440031613296416,9.708000183105469
83,2018-06-04T05:00:00,6.36762138054614,9.425999641418455
83,2018-06-04T06:00:00,9.49050590361469,9.56700038909912
83,2018-06-04T07:00:00,12.5480970634963,9.777999877929688
83,2018-06-04T08:00:00,7.352910491415484,10.762999534606934
83,2018-06-04T09:00:00,13.333232457333462,11.1850004196167
83,2018-06-04T10:00:00,10.98022538565634,11.1850004196167
83,2018-06-04T11:00:00,12.795946169313334,11.1850004196167
83,2018-06-04T12:00:00,10.745859260999257,11.817999839782717
83,2018-06-04T13:00:00,11.768447511842723,11.678000450134276
83,2018-06-04T14:00:00,5.2833202718036105,12.239999771118164
83,2018-06-04T15:00:00,11.164323632756862,12.380999565124512
83,2018-06-04T16:00:00,9.2837134042203,11.607000350952148
83,2018-06-04T17:00:00,11.981888581524222,10.762999534606934
83,2018-06-04T18:00:00,1.5828932888662202,10.0600004196167
83,2018-06-04T19:00:00,7.866580778888574,9.637999534606934
83,2018-06-04T20:00:00,13.12982378770944,9.708000183105469
83,2018-06-04T21:00:00,11.505064758164,9.848999977111816
83,2018-06-04T22:00:00,7.527141083182389,10.270999908447266
84,2018-06-01T23:00:00,4.24537428844093,10.270999908447266
84,2018-06-02T00:00:00,8.572910666359743,9.98900032043457
84,2018-06-02T01:00:00,7.709203452062162,9.56700038909912
84,2018-06-02T02:00:00,10.755010450105015,9.21500015258789
84,2018-06-02T03:00:00,9.395480982275844,9.21500015258789
84,2018-06-02T04:00:00,9.446216733724746,8.51200008392334
84,2018-06-02T05:00:00,5.329683659896215,8.934000015258789
84,2018-06-02T06:00:00,10.387334966624039,8.934000015258789
84,2018-06-02T07:00:00,8.575942921987192,8.652999877929688
84,2018-06-02T08:00:00,10.386143558470021,8.722999572753906
84,2018-06-02T09:00:00,6.470824599260716,8.722999572753906
84,2018-06-02T10:00:00,6.5527024390501065,9.21500015258789
84,2018-06-02T11:00:00,8.979417964146895,9.637999534606934
84,2018-06-02T12:00:00,8.320929056660676,10.482000350952148
84,2018-06-02T13:00:00,15.317130962908454,10.199999809265137
84,2018-06-02T14:00:00,6.741940172510414,10.340999603271484
84,2018-06-02T15:00:00,15.472703071084021,10.199999809265137
84,2018-06-02T16:00:00,10.424945614247202,11.114999771118164
84,2018-06-02T17:00:00,8.945408884957224,10.482000350952148
84,2018-06-02T18:00:00,12.988169687345735,10.0600004196167
84,2018-06-02T19:00:00,5.115606027337982,9.56700038909912
84,2018-06-02T20:00:00,9.124390288238157,9.425999641418455
84,2018-06-02T21:00:00,13.819258852711734,9.56700038909912
84,2018-06-02T22:00:00,6.434354824299838,9.848999977111816
84,2018-06-02T23:00:00,0.7018526848857594,9.637999534606934
84,2018-06-03T00:00:00,12.002141265876118,9.28600025177002
84,2018-06-03T01:00:00,4.487753272796541,9.496999740600586
84,2018-06-03T02:00:00,9.975956928364674,9.496999740600586
84,2018-06-03T03:00:00,13.665395695894652,9.637999534606934
84,2018-06-03T04:00:00,7.362247921927127,9.56700038909912
84,2018-06-03T05:00:00,7.333390668080147,9.848999977111816
84,2018-06-03T06:00:00,9.469526454110433,9.56700038909912
84,2018-06-03T07:00:00,4.712201880787671,9.355999946594238
84,2018-06-03T08:00:00,13.662878507799665,9.425999641418455
84,2018-06-03T09:00:00,9.266886963383374,9.637999534606934
84,2018-06-03T10:00:00,9.074544906182958,9.918999671936035
84,2018-06-03T11:00:00,10.801519550640982,10.621999740600586
84,2018-06-03T12:00:00,5.646317167706625,10.692999839782717
84,2018-06-03T13:00:00,12.216814930407725,10.973999977111816
84,2018-06-03T14:00:00,9.231303394973892,12.239999771118164
84,2018-06-03T15:00:00,8.025410094571761,12.661999702453612
84,2018-06-03T16:00:00,9.54015220882932,13.435999870300291
84,2018-06-03T17:00:00,13.493112314639344,13.085000038146973
84,2018-06-03T18:00:00,8.240324984792856,11.678000450134276
84,2018-06-03T19:00:00,1.2895010090463117,11.043999671936035
84,2018-06-03T20:00:00,9.764871072886429,10.552000045776367
84,2018-06-03T21:00:00,4.895412299511728,9.56700038909912
84,2018-06-03T22:00:00,12.661777024060466,9.425999641418455
84,2018-06-03T23:00:00,7.0024504220750305,8.722999572753906
84,2018-06-04T00:00:00,11.370897259263897,8.442000389099121
84,2018-06-04T01:00:00,10.066432899235288,9.21500015258789
84,2018-06-04T02:00:00,7.668034624166079,9.425999641418455
84,2018-06-04T03:00:00,10.959937137870442,9.637999534606934
84,2018-06-04T04:00:00,3.5749411960108866,9.708000183105469
84,2018-06-04T05:00:00,15.244090849403443,9.425999641418455
84,2018-06-04T06:00:00,12.289674745841609,9.56700038909912
84,2018-06-04T07:00:00,7.715581494941636,9.777999877929688
84,2018-06-04T08:00:00,1.9211487163646819,10.762999534606934
84,2018-06-04T09:00:00,9.127978681204922,11.1850004196167
84,2018-06-04T10:00:00,9.19857080737481,11.1850004196167
84,2018-06-04T11:00:00,0.7432157581235934,11.1850004196167
84,2018-06-04T12:00:00,7.258836374362593,11.817999839782717
84,2018-06-04T13:00:00,15.393361473803077,11.678000450134276
84,2018-06-04T14:00:00,9.493767567938576,12.239999771118164
84,2018-06-04T15:00:00,14.919126776506982,12.380999565124512
84,2018-06-04T16:00:00,6.396718326734376,11.607000350952148
84,2018-06-04T17:00:00,10.622578259382578,10.762999534606934
84,2018-06-04T18:00:00,7.861010852734939,10.0600004196167
84,2018-06-04T19:00:00,5.5416508764191175,9.637999534606934
84,2018-06-04T20:00:00,14.076890376714912,9.708000183105469
84,2018-06-04T21:00:00,8.351697886368484,9.848999977111816
84,2018-06-04T22:00:00,8.239796706170033,10.270999908447266
84,2018-06-04T23:00:00,3.8929021391589718,10.130000114440918
84,2018-06-05T00:00:00,9.380601956783828,9.918999671936035
84,2018-06-05T01:00:00,10.236457993959931,9.637999534606934
84,2018-06-05T02:00:00,5.844435647841815,9.425999641418455
84,2018-06-05T03:00:00,14.971872038214663,9.708000183105469
84,2018-06-05T04:00:00,13.222318915206612,9.918999671936035
84,2018-06-05T05:00:00,6.289164739027266,9.848999977111816
84,2018-06-05T06:00:00,9.32006970669115,9.848999977111816
84,2018-06-05T07:00:00,12.329660441078145,10.0600004196167
84,2018-06-05T08:00:00,7.209288529644674,9.918999671936035
84,2018-06-05T09:00:00,13.107944607970367,10.130000114440918
84,2018-06-05T10:00:00,10.790330642034727,9.848999977111816
84,2018-06-05T11:00:00,12.56866287774557,9.918999671936035
84,2018-06-05T12:00:00,10.54791915811407,9.777999877929688
84,2018-06-05T13:00:00,11.558339238165537,10.130000114440918
84,2018-06-05T14:00:00,5.27407304353137,10.762999534606934
84,2018-06-05T15:00:00,10.970008441896198,10.904000282287598
84,2018-06-05T16:00:00,9.097634228996348,10.973999977111816
84,2018-06-05T17:00:00,11.759498759157434,10.833000183105469
84,2018-06-05T18:00:00,1.6172955906951625,10.270999908447266
84,2018-06-05T19:00:00,7.714820589950804,9.56700038909912
84,2018-06-05T20:00:00,12.889216119503939,9.28600025177002
84,2018-06-05T21:00:00,11.296451496386158,9.21500015258789
84,2018-06-05T22:00:00,7.371253360493837,8.934000015258789
85,2018-06-02T23:00:00,4.199159055298264,9.637999534606934
85,2018-06-03T00:00:00,8.699164373835318,9.28600025177002
85,2018-06-03T01:00:00,7.814341930373583,9.496999740600586
85,2018-06-03T02:00:00,10.898680727116277,9.496999740600586
85,2018-06-03T03:00:00,9.523559807117348,9.637999534606934
85,2018-06-03T04:00:00,9.573593353375834,9.56700038909912
85,2018-06-03T05:00:00,5.3568750671829815,9.848999977111816
85,2018-06-03T06:00:00,10.5287188108461,9.56700038909912
85,2018-06-03T07:00:00,8.69762537322698,9.355999946594238
85,2018-06-03T08:00:00,10.527084863820713,9.425999641418455
85,2018-06-03T09:00:00,6.527797531451128,9.637999534606934
85,2018-06-03T10:00:00,6.611456327367678,9.918999671936035
85,2018-06-03T11:00:00,9.10488623052538,10.621999740600586
85,2018-06-03T12:00:00,8.439726872331278,10.692999839782717
85,2018-06-03T13:00:00,15.427371440668383,10.973999977111816
85,2018-06-03T14:00:00,6.809464212746793,12.239999771118164
85,2018-06-03T15:00:00,15.579797663028081,12.661999702453612
85,2018-06-03T16:00:00,10.565667164106198,13.435999870300291
85,2018-06-03T17:00:00,9.071055215474697,13.085000038146973
85,2018-06-03T18:00:00,13.13071841194186,11.678000450134276
85,2018-06-03T19:00:00,5.124096613197553,11.043999671936035
85,2018-06-03T20:00:00,9.25014672071649,10.552000045776367
85,2018-06-03T21:00:00,13.95736273693055,9.56700038909912
85,2018-06-03T22:00:00,6.493220590676103,9.425999641418455
85,2018-06-03T23:00:00,0.7426783015713561,8.722999572753906
85,2018-06-04T00:00:00,12.152005363244168,8.442000389099121
85,2018-06-04T01:00:00,4.445383718403933,9.21500015258789
85,2018-06-04T02:00:00,10.10877558414817,9.425999641418455
85,2018-06-04T03:00:00,13.80538362268936,9.637999534606934
85,2018-06-04T04:00:00,7.455451887253295,9.708000183105469
85,2018-06-04T05:00:00,7.425885087732453,9.425999641418455
85,2018-06-04T06:00:00,9.595858352447856,9.56700038909912
85,2018-06-04T07:00:00,4.69381086042633,9.777999877929688
85,2018-06-04T08:00:00,13.803383833131655,10.762999534606934
85,2018-06-04T09:00:00,9.39364823816441,11.1850004196167
85,2018-06-04T10:00:00,9.2015491025032,11.1850004196167
85,2018-06-04T11:00:00,10.945094063357738,11.1850004196167
85,2018-06-04T12:00:00,5.6913973551618415,11.817999839782717
85,2018-06-04T13:00:00,12.365094757189409,11.678000450134276
85,2018-06-04T14:00:00,9.35862783595326,12.239999771118164
85,2018-06-04T15:00:00,8.140605108548113,12.380999565124512
85,2018-06-04T16:00:00,9.66747183500698,11.607000350952148
85,2018-06-04T17:00:00,13.634896397813433,10.762999534606934
85,2018-06-04T18:00:00,8.361126042332238,10.0600004196167
85,2018-06-04T19:00:00,1.3161886237656724,9.637999534606934
85,2018-06-04T20:00:00,9.893682004607756,9.708000183105469
85,2018-06-04T21:00:00,4.89733027500958,9.848999977111816
85,2018-06-04T22:00:00,12.80529051972904,10.270999908447266
85,2018-06-04T23:00:00,7.089235982192877,10.130000114440918
85,2018-06-05T00:00:00,11.501658070748608,9.918999671936035
85,2018-06-05T01:00:00,10.202981951330035,9.637999534606934
85,2018-06-05T02:00:00,7.774709023594953,9.425999641418455
85,2018-06-05T03:00:00,11.10383276691415,9.708000183105469
85,2018-06-05T04:00:00,3.5351008742671155,9.918999671936035
85,2018-06-05T05:00:00,15.355017763275317,9.848999977111816
85,2018-06-05T06:00:00,12.439014232532681,9.848999977111816
85,2018-06-05T07:00:00,7.82495507487914,10.0600004196167
85,2018-06-05T08:00:00,1.9284804126044772,9.918999671936035
85,2018-06-05T09:00:00,9.258101267205546,10.130000114440918
85,2018-06-05T10:00:00,9.328816276232445,9.848999977111816
85,2018-06-05T11:00:00,0.7852398242180509,9.918999671936035
85,2018-06-05T12:00:00,7.355834677450252,9.777999877929688
85,2018-06-05T13:00:00,15.500948201055866,10.130000114440918
85,2018-06-05T14:00:00,9.624528889454673,10.762999534606934
85,2018-06-05T15:00:00,15.038383841878467,10.904000282287598
85,2018-06-05T16:00:00,6.466500114713952,10.973999977111816
85,2018-06-05T17:00:00,10.768978406099224,10.833000183105469
85,2018-06-05T18:00:00,7.978094408123724,10.270999908447266
85,2018-06-05T19:00:00,5.595048794075749,9.56700038909912
85,2018-06-05T20:00:00,14.217529779064133,9.28600025177002
85,2018-06-05T21:00:00,8.480596453014321,9.21500015258789
85,2018-06-05T22:00:00,8.367009273758816,8.934000015258789
85,2018-06-05T23:00:00,3.8525726237855,8.934000015258789
85,2018-06-06T00:00:00,9.513467911143536,8.581999778747559
85,2018-06-06T01:00:00,10.380681301867778,8.581999778747559
85,2018-06-06T02:00:00,5.908519503218512,8.581999778747559
85,2018-06-06T03:00:00,15.090878864221061,8.51200008392334
85,2018-06-06T04:00:00,13.370021083485565,8.371000289916992
85,2018-06-06T05:00:00,6.360396529005861,8.159999847412111
85,2018-06-06T06:00:00,9.454257472446514,8.51200008392334
85,2018-06-06T07:00:00,12.482973827357615,9.496999740600586
85,2018-06-06T08:00:00,7.310995914033347,10.199999809265137
85,2018-06-06T09:00:00,13.25646132614106,10.270999908447266
85,2018-06-06T10:00:00,10.941602366368134,9.98900032043457
85,2018-06-06T11:00:00,12.719518224262618,10.130000114440918
85,2018-06-06T12:00:00,10.697541870563988,10.0600004196167
85,2018-06-06T13:00:00,11.70873825700075,10.552000045776367
85,2018-06-06T14:00:00,5.315035982138273,12.029000282287598
85,2018-06-06T15:00:00,11.119383250081246,13.154999732971191
85,2018-06-06T16:00:00,9.234113327494594,13.29599952697754
85,2018-06-06T17:00:00,11.920916083661936,12.944000244140623
85,2018-06-06T18:00:00,1.6286237728371216,13.225000381469728
85,2018-06-06T19:00:00,7.835659225339178,11.395999908447266
85,2018-06-06T20:00:00,13.03920127051731,10.904000282287598
85,2018-06-06T21:00:00,11.4364563711894,11.043999671936035
85,2018-06-06T22:00:00,7.482175701284119,10.552000045776367
86,2018-06-03T23:00:00,3.9632842363198684,8.722999572753906
86,2018-06-04T00:00:00,9.556599799398473,8.442000389099121
86,2018-06-04T01:00:00,8.542225477813762,9.21500015258789
86,2018-06-04T02:00:00,11.873172987639645,9.425999641418455
86,2018-06-04T03:00:00,10.433845806014235,9.637999534606934
86,2018-06-04T04:00:00,10.479775464340811,9.708000183105469
86,2018-06-04T05:00:00,5.492967787855667,9.425999641418455
86,2018-06-04T06:00:00,11.567198143860505,9.56700038909912
86,2018-06-04T07:00:00,9.57741416985549,9.777999877929688
86,2018-06-04T08:00:00,11.570517430115151,10.762999534606934
86,2018-06-04T09:00:00,6.983560420804798,11.1850004196167
86,2018-06-04T10:00:00,7.085100337938844,11.1850004196167
86,2018-06-04T11:00:00,10.09269889674336,11.1850004196167
86,2018-06-04T12:00:00,9.275961428294043,11.817999839782717
86,2018-06-04T13:00:00,16.231676936946727,11.678000450134276
86,2018-06-04T14:00:00,7.366237851501117,12.239999771118164
86,2018-06-04T15:00:00,16.365894991220443,12.380999565124512
86,2018-06-04T16:00:00,11.622173588983035,11.607000350952148
86,2018-06-04T17:00:00,10.072311421207717,10.762999534606934
86,2018-06-04T18:00:00,14.238172114266616,10.0600004196167
86,2018-06-04T19:00:00,5.2186352982083495,9.637999534606934
86,2018-06-04T20:00:00,10.23398174689626,9.708000183105469
86,2018-06-04T21:00:00,15.025851553333023,9.848999977111816
86,2018-06-04T22:00:00,6.9899486243176305,10.270999908447266
86,2018-06-04T23:00:00,1.1055973277293578,10.130000114440918
86,2018-06-05T00:00:00,13.304970129766142,9.918999671936035
86,2018-06-05T01:00:00,4.276826353353275,9.637999534606934
86,2018-06-05T02:00:00,11.121979557843439,9.425999641418455
86,2018-06-05T03:00:00,14.895667861194035,9.708000183105469
86,2018-06-05T04:00:00,8.244552539672274,9.918999671936035
86,2018-06-05T05:00:00,8.215170052282376,9.848999977111816
86,2018-06-05T06:00:00,10.556421267852887,9.848999977111816
86,2018-06-05T07:00:00,4.673440927478948,10.0600004196167
86,2018-06-05T08:00:00,14.901293331297909,9.918999671936035
86,2018-06-05T09:00:00,10.381440974303654,10.130000114440918
86,2018-06-05T10:00:00,10.211807871186608,9.848999977111816
86,2018-06-05T11:00:00,11.986239841413354,9.918999671936035
86,2018-06-05T12:00:00,6.071507434091986,9.777999877929688
86,2018-06-05T13:00:00,13.534979463576544,10.130000114440918
86,2018-06-05T14:00:00,10.357296030755824,10.762999534606934
86,2018-06-05T15:00:00,9.007409308987368,10.904000282287598
86,2018-06-05T16:00:00,10.636118636982399,10.973999977111816
86,2018-06-05T17:00:00,14.754597295290727,10.833000183105469
86,2018-06-05T18:00:00,9.271205058402757,10.270999908447266
86,2018-06-05T19:00:00,1.6103848217358436,9.56700038909912
86,2018-06-05T20:00:00,10.86357246084002,9.28600025177002
86,2018-06-05T21:00:00,5.022327126722496,9.21500015258789
86,2018-06-05T22:00:00,13.976658770501931,8.934000015258789
86,2018-06-05T23:00:00,7.868796344216099,8.934000015258789
86,2018-06-06T00:00:00,12.588985197097317,8.581999778747559
86,2018-06-06T01:00:00,11.267563324483316,8.581999778747559
86,2018-06-06T02:00:00,8.63577862118067,8.581999778747559
86,2018-06-06T03:00:00,12.157541762646495,8.51200008392334
86,2018-06-06T04:00:00,3.4473074870298657,8.371000289916992
86,2018-06-06T05:00:00,16.26347833843046,8.159999847412111
86,2018-06-06T06:00:00,13.629948094377077,8.51200008392334
86,2018-06-06T07:00:00,8.699126011358047,9.496999740600586
86,2018-06-06T08:00:00,2.121750112945522,10.199999809265137
86,2018-06-06T09:00:00,10.287760213525743,10.270999908447266
86,2018-06-06T10:00:00,10.352335723733212,9.98900032043457
86,2018-06-06T11:00:00,1.1817161945719814,10.130000114440918
86,2018-06-06T12:00:00,8.20329953250289,10.0600004196167
86,2018-06-06T13:00:00,16.395671823691483,10.552000045776367
86,2018-06-06T14:00:00,10.622456558136607,12.029000282287598
86,2018-06-06T15:00:00,16.004384574896516,13.154999732971191
86,2018-06-06T16:00:00,7.100585778849393,13.29599952697754
86,2018-06-06T17:00:00,11.87251371570617,12.944000244140623
86,2018-06-06T18:00:00,8.882286977569262,13.225000381469728
86,2018-06-06T19:00:00,6.0618645067649854,11.395999908447266
86,2018-06-06T20:00:00,15.309413639032256,10.904000282287598
86,2018-06-06T21:00:00,9.502057915648766,11.043999671936035
86,2018-06-06T22:00:00,9.356671359606423,10.552000045776367
86,2018-06-06T23:00:00,3.787988214355982,10.270999908447266
86,2018-06-07T00:00:00,10.52890714253409,9.777999877929688
86,2018-06-07T01:00:00,11.513922512592783,10.130000114440918
86,2018-06-07T02:00:00,6.462612413528609,10.130000114440918
86,2018-06-07T03:00:00,16.05511689738467,9.848999977111816
86,2018-06-07T04:00:00,14.540189536729319,9.98900032043457
86,2018-06-07T05:00:00,7.002716622799785,9.918999671936035
86,2018-06-07T06:00:00,10.478339257986129,10.130000114440918
86,2018-06-07T07:00:00,13.69472888103396,10.482000350952148
86,2018-06-07T08:00:00,8.183319504678206,10.692999839782717
86,2018-06-07T09:00:00,14.436542439445647,10.833000183105469
86,2018-06-07T10:00:00,12.031699368299524,11.114999771118164
86,2018-06-07T11:00:00,13.926970131256908,11.536999702453612
86,2018-06-07T12:00:00,11.821400290040081,11.958999633789062
86,2018-06-07T13:00:00,12.886607427603725,12.029000282287598
86,2018-06-07T14:00:00,5.7087426547834,12.803000450134276
86,2018-06-07T15:00:00,12.203843649492509,12.732999801635742
86,2018-06-07T16:00:00,10.282295401825046,12.661999702453612
86,2018-06-07T17:00:00,13.146501695565545,12.661999702453612
86,2018-06-07T18:00:00,1.8670563124960697,12.029000282287598
86,2018-06-07T19:00:00,8.759127537642165,11.678000450134276
86,2018-06-07T20:00:00,14.23843112581422,11.395999908447266
86,2018-06-07T21:00:00,12.563853742156475,10.833000183105469
86,2018-06-07T22:00:00,8.381190301788504,10.833000183105469
87,2018-06-04T23:00:00,3.996375701042343,10.130000114440918
87,2018-06-05T00:00:00,9.404070787949959,9.918999671936035
87,2018-06-05T01:00:00,8.412303642809704,9.637999534606934
87,2018-06-05T02:00:00,11.69456955607602,9.425999641418455
87,2018-06-05T03:00:00,10.264809462814764,9.708000183105469
87,2018-06-05T04:00:00,10.311147659439854,9.918999671936035
87,2018-06-05T05:00:00,5.479183605733679,9.848999977111816
87,2018-06-05T06:00:00,11.365791650750827,9.848999977111816
87,2018-06-05T07:00:00,9.411829013131843,10.0600004196167
87,2018-06-05T08:00:00,11.36549662869265,9.918999671936035
87,2018-06-05T09:00:00,6.8888218168273045,10.130000114440918
87,2018-06-05T10:00:00,6.985826828557707,9.848999977111816
87,2018-06-05T11:00:00,9.890384951655403,9.918999671936035
87,2018-06-05T12:00:00,9.11889097170356,9.777999877929688
87,2018-06-05T13:00:00,16.074863312521565,10.130000114440918
87,2018-06-05T14:00:00,7.246693982770104,10.762999534606934
87,2018-06-05T15:00:00,16.21130283517744,10.904000282287598
87,2018-06-05T16:00:00,11.405387421713488,10.973999977111816
87,2018-06-05T17:00:00,9.860816660694345,10.833000183105469
87,2018-06-05T18:00:00,14.002785409005867,10.270999908447266
87,2018-06-05T19:00:00,5.1972980220800835,9.56700038909912
87,2018-06-05T20:00:00,10.025611560710626,9.28600025177002
87,2018-06-05T21:00:00,14.790910115005145,9.21500015258789
87,2018-06-05T22:00:00,6.877614395521183,8.934000015258789
87,2018-06-05T23:00:00,1.0186683016469793,8.934000015258789
87,2018-06-06T00:00:00,13.057477910902124,8.581999778747559
87,2018-06-06T01:00:00,4.2920026132761535,8.581999778747559
87,2018-06-06T02:00:00,10.904629136684001,8.581999778747559
87,2018-06-06T03:00:00,14.650815034073583,8.51200008392334
87,2018-06-06T04:00:00,8.070527064051737,8.371000289916992
87,2018-06-06T05:00:00,8.040013389053017,8.159999847412111
87,2018-06-06T06:00:00,10.347903416721486,8.51200008392334
87,2018-06-06T07:00:00,4.66265894250089,9.496999740600586
87,2018-06-06T08:00:00,14.650593370196683,10.199999809265137
87,2018-06-06T09:00:00,10.162883470745998,10.270999908447266
87,2018-06-06T10:00:00,9.986000240028496,9.98900032043457
87,2018-06-06T11:00:00,11.76140629529676,10.130000114440918
87,2018-06-06T12:00:00,5.982529795546014,10.0600004196167
87,2018-06-06T13:00:00,13.270116345128635,10.552000045776367
87,2018-06-06T14:00:00,10.132576627346022,12.029000282287598
87,2018-06-06T15:00:00,8.819644638694964,13.154999732971191
87,2018-06-06T16:00:00,10.419030959642441,13.29599952697754
87,2018-06-06T17:00:00,14.492777409773433,12.944000244140623
87,2018-06-06T18:00:00,9.071679325005926,13.225000381469728
87,2018-06-06T19:00:00,1.529762718494414,11.395999908447266
87,2018-06-06T20:00:00,10.644476333536517,10.904000282287598
87,2018-06-06T21:00:00,4.981729652709532,11.043999671936035
87,2018-06-06T22:00:00,13.70135906401774,10.552000045776367
87,2018-06-06T23:00:00,7.68179443090189,10.270999908447266
87,2018-06-07T00:00:00,12.329661899586803,9.777999877929688
87,2018-06-07T01:00:00,11.021894370940636,10.130000114440918
87,2018-06-07T02:00:00,8.438507072870546,10.130000114440918
87,2018-06-07T03:00:00,11.919188443762842,9.848999977111816
87,2018-06-07T04:00:00,3.438966017846136,9.98900032043457
87,2018-06-07T05:00:00,16.04508787785741,9.918999671936035
87,2018-06-07T06:00:00,13.347371662403695,10.130000114440918
87,2018-06-07T07:00:00,8.497470476608676,10.482000350952148
87,2018-06-07T08:00:00,2.057734201018121,10.692999839782717
87,2018-06-07T09:00:00,10.044922110877781,10.833000183105469
87,2018-06-07T10:00:00,10.11083488394894,11.114999771118164
87,2018-06-07T11:00:00,1.0772786987502165,11.536999702453612
87,2018-06-07T12:00:00,7.999579932070601,11.958999633789062
87,2018-06-07T13:00:00,16.176286754941728,12.029000282287598
87,2018-06-07T14:00:00,10.386634940108443,12.803000450134276
87,2018-06-07T15:00:00,15.766796288999593,12.732999801635742
87,2018-06-07T16:00:00,6.939945980125051,12.661999702453612
87,2018-06-07T17:00:00,11.613552736738614,12.661999702453612
87,2018-06-07T18:00:00,8.671867630587833,12.029000282287598
87,2018-06-07T19:00:00,5.943203746428955,11.678000450134276
87,2018-06-07T20:00:00,15.039319119632994,11.395999908447266
87,2018-06-07T21:00:00,9.258510878296153,10.833000183105469
87,2018-06-07T22:00:00,9.122529311561017,10.833000183105469
87,2018-06-07T23:00:00,3.773392367890077,10.340999603271484
87,2018-06-08T00:00:00,10.284521519107521,10.482000350952148
87,2018-06-08T01:00:00,11.24017545890532,10.41100025177002
87,2018-06-08T02:00:00,6.320592529955521,10.130000114440918
87,2018-06-08T03:00:00,15.812751730676705,10.0600004196167
87,2018-06-08T04:00:00,14.247301223534372,9.98900032043457
87,2018-06-08T05:00:00,6.837138685403264,9.708000183105469
87,2018-06-08T06:00:00,10.229590776751246,9.425999641418455
87,2018-06-08T07:00:00,13.393822777522619,9.777999877929688
87,2018-06-08T08:00:00,7.967582610643058,10.130000114440918
87,2018-06-08T09:00:00,14.138973071160368,10.199999809265137
87,2018-06-08T10:00:00,11.772551534140113,10.0600004196167
87,2018-06-08T11:00:00,13.623199912057354,10.340999603271484
87,2018-06-08T12:00:00,11.549623775536677,10.130000114440918
87,2018-06-08T13:00:00,12.593455089792526,9.918999671936035
87,2018-06-08T14:00:00,5.604983624570895,10.199999809265137
87,2018-06-08T15:00:00,11.942424969915592,10.340999603271484
87,2018-06-08T16:00:00,10.023863076932006,10.130000114440918
87,2018-06-08T17:00:00,12.843057516061855,9.918999671936035
87,2018-06-08T18:00:00,1.78894856124486,8.934000015258789
87,2018-06-08T19:00:00,8.53582683733255,9.003999710083008
87,2018-06-08T20:00:00,13.931319574148493,9.355999946594238
87,2018-06-08T21:00:00,12.277306099962676,8.86400032043457
87,2018-06-08T22:00:00,8.158350400050082,9.074999809265137
88,2018-06-05T23:00:00,4.069077379821717,8.934000015258789
88,2018-06-06T00:00:00,9.07504503234398,8.581999778747559
88,2018-06-06T01:00:00,8.129497483102462,8.581999778747559
88,2018-06-06T02:00:00,11.318872386161086,8.581999778747559
88,2018-06-06T03:00:00,9.906594995267296,8.51200008392334
88,2018-06-06T04:00:00,9.953773137895887,8.371000289916992
88,2018-06-06T05:00:00,5.4145142896499525,8.159999847412111
88,2018-06-06T06:00:00,10.973911501992406,8.51200008392334
88,2018-06-06T07:00:00,9.076207261270278,9.496999740600586
88,2018-06-06T08:00:00,10.973133412137331,10.199999809265137
88,2018-06-06T09:00:00,6.7157797220161655,10.270999908447266
88,2018-06-06T10:00:00,6.806847631978142,9.98900032043457
88,2018-06-06T11:00:00,9.5193330700282,10.130000114440918
88,2018-06-06T12:00:00,8.801044308248473,10.0600004196167
88,2018-06-06T13:00:00,15.74720145333935,10.552000045776367
88,2018-06-06T14:00:00,7.035789521398657,12.029000282287598
88,2018-06-06T15:00:00,15.891100402265234,13.154999732971191
88,2018-06-06T16:00:00,11.01161793638529,13.29599952697754
88,2018-06-06T17:00:00,9.486554959338536,12.944000244140623
88,2018-06-06T18:00:00,13.564130648307437,13.225000381469728
88,2018-06-06T19:00:00,5.1579273624416775,11.395999908447266
88,2018-06-06T20:00:00,9.654990915331641,10.904000282287598
88,2018-06-06T21:00:00,14.376137715378247,11.043999671936035
88,2018-06-06T22:00:00,6.696169115411758,10.552000045776367
88,2018-06-06T23:00:00,0.8924861687233712,10.270999908447266
88,2018-06-07T00:00:00,12.6143496089623,9.777999877929688
88,2018-06-07T01:00:00,4.342100675085522,10.130000114440918
88,2018-06-07T02:00:00,10.522719431105472,10.130000114440918
88,2018-06-07T03:00:00,14.228736155826127,9.848999977111816
88,2018-06-07T04:00:00,7.77691800961764,9.98900032043457
88,2018-06-07T05:00:00,7.746672287351291,9.918999671936035
88,2018-06-07T06:00:00,9.983891323263144,10.130000114440918
88,2018-06-07T07:00:00,4.66741519015944,10.482000350952148
88,2018-06-07T08:00:00,14.22766005009284,10.692999839782717
88,2018-06-07T09:00:00,9.79310917034918,10.833000183105469
88,2018-06-07T10:00:00,9.611063852910375,11.114999771118164
88,2018-06-07T11:00:00,11.3817900740738,11.536999702453612
88,2018-06-07T12:00:00,5.852560757962989,11.958999633789062
88,2018-06-07T13:00:00,12.823133829495795,12.029000282287598
88,2018-06-07T14:00:00,9.761533309225321,12.803000450134276
88,2018-06-07T15:00:00,8.506290558166492,12.732999801635742
88,2018-06-07T16:00:00,10.05601651106787,12.661999702453612
88,2018-06-07T17:00:00,14.064689767222141,12.661999702453612
88,2018-06-07T18:00:00,8.74459748986701,12.029000282287598
88,2018-06-07T19:00:00,1.4331294152635508,11.678000450134276
88,2018-06-07T20:00:00,10.281831908540687,11.395999908447266
88,2018-06-07T21:00:00,4.94793123358915,10.833000183105469
88,2018-06-07T22:00:00,13.24849061309444,10.833000183105469
88,2018-06-07T23:00:00,7.401444556287247,10.340999603271484
88,2018-06-08T00:00:00,11.932900189413617,10.482000350952148
88,2018-06-08T01:00:00,10.632431230871006,10.41100025177002
88,2018-06-08T02:00:00,8.132484454094804,10.130000114440918
88,2018-06-08T03:00:00,11.544477411464918,10.0600004196167
88,2018-06-08T04:00:00,3.4769522139599474,9.98900032043457
88,2018-06-08T05:00:00,15.708033481025764,9.708000183105469
88,2018-06-08T06:00:00,12.902144854559168,9.425999641418455
88,2018-06-08T07:00:00,8.189988713052317,9.777999877929688
88,2018-06-08T08:00:00,2.0002708238228415,10.130000114440918
88,2018-06-08T09:00:00,9.672272260303332,10.199999809265137
88,2018-06-08T10:00:00,9.739990896040208,10.0600004196167
88,2018-06-08T11:00:00,0.9498536260416994,10.340999603271484
88,2018-06-08T12:00:00,7.700691269593989,10.130000114440918
88,2018-06-08T13:00:00,15.84955621337501,9.918999671936035
88,2018-06-08T14:00:00,10.02316127009001,10.199999809265137
88,2018-06-08T15:00:00,15.414175625276485,10.340999603271484
88,2018-06-08T16:00:00,6.7280302847964855,10.130000114440918
88,2018-06-08T17:00:00,11.223288894714605,9.918999671936035
88,2018-06-08T18:00:00,8.359463907678034,8.934000015258789
88,2018-06-08T19:00:00,5.794724965807227,9.003999710083008
88,2018-06-08T20:00:00,14.64072802663064,9.355999946594238
88,2018-06-08T21:00:00,8.900473771438087,8.86400032043457
88,2018-06-08T22:00:00,8.777907237283191,9.074999809265137
88,2018-06-08T23:00:00,3.812592324818926,8.722999572753906
88,2018-06-09T00:00:00,9.917385553299013,8.86400032043457
88,2018-06-09T01:00:00,10.83369227423173,8.86400032043457
88,2018-06-09T02:00:00,6.139498220349864,8.300999641418457
88,2018-06-09T03:00:00,15.463671646151854,8.020000457763674
88,2018-06-09T04:00:00,13.811381988942362,8.020000457763674
88,2018-06-09T05:00:00,6.624047178082337,8.159999847412111
88,2018-06-09T06:00:00,9.859847796232355,8.159999847412111
88,2018-06-09T07:00:00,12.94593788398157,8.159999847412111
88,2018-06-09T08:00:00,7.6627124293859,8.51200008392334
88,2018-06-09T09:00:00,13.6973885926858,8.442000389099121
88,2018-06-09T10:00:00,11.390612136252244,6.823999881744385
88,2018-06-09T11:00:00,13.171139874907224,3.025000095367432
88,2018-06-09T12:00:00,11.150757394155168,4.150000095367432
88,2018-06-09T13:00:00,12.169954658923306,3.938999891281128
88,2018-06-09T14:00:00,5.489870075772211,4.7839999198913565
88,2018-06-09T15:00:00,11.561407957501292,5.76800012588501
88,2018-06-09T16:00:00,9.64599915541028,6.683000087738037
88,2018-06-09T17:00:00,12.40073725083662,6.894000053405763
88,2018-06-09T18:00:00,1.7201141436356586,7.0349998474121085
88,2018-06-09T19:00:00,8.215651604675084,6.401999950408936
88,2018-06-09T20:00:00,13.477290863816922,6.330999851226808
88,2018-06-09T21:00:00,11.871099741032197,6.050000190734862
88,2018-06-09T22:00:00,7.843493961043965,6.894000053405763
89,2018-06-06T23:00:00,4.085760213774398,10.270999908447266
89,2018-06-07T00:00:00,9.359698185421111,9.777999877929688
89,2018-06-07T01:00:00,8.381424941281187,10.130000114440918
89,2018-06-07T02:00:00,11.62042627304027,10.130000114440918
89,2018-06-07T03:00:00,10.195249270645458,9.848999977111816
89,2018-06-07T04:00:00,10.240409516483354,9.98900032043457
89,2018-06-07T05:00:00,5.546319374228,9.918999671936035
89,2018-06-07T06:00:00,11.265527414496898,10.130000114440918
89,2018-06-07T07:00:00,9.342348705456264,10.482000350952148
89,2018-06-07T08:00:00,11.259716317081125,10.692999839782717
89,2018-06-07T09:00:00,6.865869992777439,10.833000183105469
89,2018-06-07T10:00:00,6.958868926689064,11.114999771118164
89,2018-06-07T11:00:00,9.77976663516915,11.536999702453612
89,2018-06-07T12:00:00,9.054899883297356,11.958999633789062
89,2018-06-07T13:00:00,16.013384400514695,12.029000282287598
89,2018-06-07T14:00:00,7.203544048650908,12.803000450134276
89,2018-06-07T15:00:00,16.15153886617252,12.732999801635742
89,2018-06-07T16:00:00,11.283036665941488,12.661999702453612
89,2018-06-07T17:00:00,9.738982513360021,12.661999702453612
89,2018-06-07T18:00:00,13.858919051442546,12.029000282287598
89,2018-06-07T19:00:00,5.238689422915748,11.678000450134276
89,2018-06-07T20:00:00,9.90500493835301,11.395999908447266
89,2018-06-07T21:00:00,14.636591736576694,10.833000183105469
89,2018-06-07T22:00:00,6.833701760923814,10.833000183105469
89,2018-06-07T23:00:00,1.0011655535238155,10.340999603271484
89,2018-06-08T00:00:00,12.908611205341163,10.482000350952148
89,2018-06-08T01:00:00,4.347047339415596,10.41100025177002
89,2018-06-08T02:00:00,10.775473730951344,10.130000114440918
89,2018-06-08T03:00:00,14.486837713957614,10.0600004196167
89,2018-06-08T04:00:00,7.978773177875814,9.98900032043457
89,2018-06-08T05:00:00,7.946978371858007,9.708000183105469
89,2018-06-08T06:00:00,10.222143642703777,9.425999641418455
89,2018-06-08T07:00:00,4.701860536997801,9.777999877929688
89,2018-06-08T08:00:00,14.480694107137023,10.130000114440918
89,2018-06-08T09:00:00,10.028505458515163,10.199999809265137
89,2018-06-08T10:00:00,9.846115223465098,10.0600004196167
89,2018-06-08T11:00:00,11.62152050542728,10.340999603271484
89,2018-06-08T12:00:00,5.960379378751313,10.130000114440918
89,2018-06-08T13:00:00,13.100448342796781,9.918999671936035
89,2018-06-08T14:00:00,9.992299455254187,10.199999809265137
89,2018-06-08T15:00:00,8.716758185829175,10.340999603271484
89,2018-06-08T16:00:00,10.283230697230017,10.130000114440918
89,2018-06-08T17:00:00,14.314692113101067,9.918999671936035
89,2018-06-08T18:00:00,8.958428254155432,8.934000015258789
89,2018-06-08T19:00:00,1.5124486435022462,9.003999710083008
89,2018-06-08T20:00:00,10.50605012307534,9.355999946594238
89,2018-06-08T21:00:00,5.001353249148064,8.86400032043457
89,2018-06-08T22:00:00,13.518461652831343,9.074999809265137
89,2018-06-08T23:00:00,7.57885404272551,8.722999572753906
89,2018-06-09T00:00:00,12.162591487914987,8.86400032043457
89,2018-06-09T01:00:00,10.8651500810303,8.86400032043457
89,2018-06-09T02:00:00,8.327309582143188,8.300999641418457
89,2018-06-09T03:00:00,11.767719648379964,8.020000457763674
89,2018-06-09T04:00:00,3.4766626790871786,8.020000457763674
89,2018-06-09T05:00:00,15.914604674028165,8.159999847412111
89,2018-06-09T06:00:00,13.161632585669816,8.159999847412111
89,2018-06-09T07:00:00,8.383112085646165,8.159999847412111
89,2018-06-09T08:00:00,2.053137155258172,8.51200008392334
89,2018-06-09T09:00:00,9.88995023024349,8.442000389099121
89,2018-06-09T10:00:00,9.95638214878251,6.823999881744385
89,2018-06-09T11:00:00,1.0413895445375445,3.025000095367432
89,2018-06-09T12:00:00,7.883422873180594,4.150000095367432
89,2018-06-09T13:00:00,16.04688418572421,3.938999891281128
89,2018-06-09T14:00:00,10.23419122265297,4.7839999198913565
89,2018-06-09T15:00:00,15.618225648555528,5.76800012588501
89,2018-06-09T16:00:00,6.858873121611733,6.683000087738037
89,2018-06-09T17:00:00,11.44703544905477,6.894000053405763
89,2018-06-09T18:00:00,8.550580034520548,7.0349998474121085
89,2018-06-09T19:00:00,5.895248305768959,6.401999950408936
89,2018-06-09T20:00:00,14.856646526916197,6.330999851226808
89,2018-06-09T21:00:00,9.10830634029072,6.050000190734862
89,2018-06-09T22:00:00,8.98046839076608,6.894000053405763
89,2018-06-09T23:00:00,3.8097480278807776,7.245999813079834
89,2018-06-10T00:00:00,10.124864274794408,6.261000156402588
89,2018-06-10T01:00:00,11.061467006058198,6.823999881744385
89,2018-06-10T02:00:00,6.2510360207085895,7.315999984741211
89,2018-06-10T03:00:00,15.659849036496354,7.668000221252441
89,2018-06-10T04:00:00,14.04500032287733,7.73799991607666
89,2018-06-10T05:00:00,6.7513056150447035,7.456999778747559
89,2018-06-10T06:00:00,10.065836522507048,7.668000221252441
89,2018-06-10T07:00:00,13.190179779201758,8.020000457763674
89,2018-06-10T08:00:00,7.840296022962972,8.300999641418457
89,2018-06-10T09:00:00,13.932114068746321,8.159999847412111
89,2018-06-10T10:00:00,11.60250933063923,8.090000152587889
89,2018-06-10T11:00:00,13.413972810939931,8.090000152587889
89,2018-06-10T12:00:00,11.370338135062033,8.371000289916992
89,2018-06-10T13:00:00,12.39966517871289,8.934000015258789
89,2018-06-10T14:00:00,5.573525936091604,9.425999641418455
89,2018-06-10T15:00:00,11.76977711893915,9.56700038909912
89,2018-06-10T16:00:00,9.852083405726475,9.98900032043457
89,2018-06-10T17:00:00,12.640082219956042,9.28600025177002
89,2018-06-10T18:00:00,1.7727264224293915,9.28600025177002
89,2018-06-10T19:00:00,8.399556702344682,9.145000457763672
89,2018-06-10T20:00:00,13.714393711479522,8.442000389099121
89,2018-06-10T21:00:00,12.086983558044977,8.722999572753906
89,2018-06-10T22:00:00,8.02218259759926,8.442000389099121
90,2018-06-07T23:00:00,4.025273247761971,10.340999603271484
90,2018-06-08T00:00:00,9.398074277253375,10.482000350952148
90,2018-06-08T01:00:00,8.407063219587117,10.41100025177002
90,2018-06-08T02:00:00,11.685320729042822,10.130000114440918
90,2018-06-08T03:00:00,10.256514001203232,10.0600004196167
90,2018-06-08T04:00:00,10.302689660144448,9.98900032043457
90,2018-06-08T05:00:00,5.489285089111121,9.708000183105469
90,2018-06-08T06:00:00,11.33317593783122,9.425999641418455
90,2018-06-08T07:00:00,9.38723762100581,9.777999877929688
90,2018-06-08T08:00:00,11.328334391555998,10.130000114440918
90,2018-06-08T09:00:00,6.866928423110004,10.199999809265137
90,2018-06-08T10:00:00,6.962280320204298,10.0600004196167
90,2018-06-08T11:00:00,9.844334693186225,10.340999603271484
90,2018-06-08T12:00:00,9.092730490642058,10.130000114440918
90,2018-06-08T13:00:00,16.06929352628828,9.918999671936035
90,2018-06-08T14:00:00,7.217423140972928,10.199999809265137
90,2018-06-08T15:00:00,16.203509980342357,10.340999603271484
90,2018-06-08T16:00:00,11.35505934047491,10.130000114440918
90,2018-06-08T17:00:00,9.806055199331256,9.918999671936035
90,2018-06-08T18:00:00,13.97481349561718,8.934000015258789
90,2018-06-08T19:00:00,5.1885929486924045,9.003999710083008
90,2018-06-08T20:00:00,9.97442801600172,9.355999946594238
90,2018-06-08T21:00:00,14.754586653548948,8.86400032043457
90,2018-06-08T22:00:00,6.840069149457628,9.074999809265137
90,2018-06-08T23:00:00,0.9719019165089637,8.722999572753906
90,2018-06-09T00:00:00,13.006768268608738,8.86400032043457
90,2018-06-09T01:00:00,4.296925189403662,8.86400032043457
90,2018-06-09T02:00:00,10.85138552814787,8.300999641418457
90,2018-06-09T03:00:00,14.608217125720701,8.020000457763674
90,2018-06-09T04:00:00,8.017684499922703,8.020000457763674
90,2018-06-09T05:00:00,7.986073588986553,8.159999847412111
90,2018-06-09T06:00:00,10.29758081610157,8.159999847412111
90,2018-06-09T07:00:00,4.6542509880331515,8.159999847412111
90,2018-06-09T08:00:00,14.60354791246721,8.51200008392334
90,2018-06-09T09:00:00,10.103254883137424,8.442000389099121
90,2018-06-09T10:00:00,9.919612888963446,6.823999881744385
90,2018-06-09T11:00:00,11.698111685161596,3.025000095367432
90,2018-06-09T12:00:00,5.941471177314018,4.150000095367432
90,2018-06-09T13:00:00,13.208451206781556,3.938999891281128
90,2018-06-09T14:00:00,10.067983559513694,4.7839999198913565
90,2018-06-09T15:00:00,8.760671570381103,5.76800012588501
90,2018-06-09T16:00:00,10.361891205157669,6.683000087738037
90,2018-06-09T17:00:00,14.439588316727535,6.894000053405763
90,2018-06-09T18:00:00,9.007765885639037,7.0349998474121085
90,2018-06-09T19:00:00,1.4814462885920214,6.401999950408936
90,2018-06-09T20:00:00,10.586911291539753,6.330999851226808
90,2018-06-09T21:00:00,4.957464766824749,6.050000190734862
90,2018-06-09T22:00:00,13.643338781029884,6.894000053405763
90,2018-06-09T23:00:00,7.6181630074826465,7.245999813079834
90,2018-06-10T00:00:00,12.253098087015402,6.261000156402588
90,2018-06-10T01:00:00,10.945821880953789,6.823999881744385
90,2018-06-10T02:00:00,8.371719875401844,7.315999984741211
90,2018-06-10T03:00:00,11.847755309988315,7.668000221252441
90,2018-06-10T04:00:00,3.43205809966215,7.73799991607666
90,2018-06-10T05:00:00,15.994695665947765,7.456999778747559
90,2018-06-10T06:00:00,13.27381715760134,7.668000221252441
90,2018-06-10T07:00:00,8.428361103906624,8.020000457763674
90,2018-06-10T08:00:00,2.0184285697723805,8.300999641418457
90,2018-06-10T09:00:00,9.967898390266644,8.159999847412111
90,2018-06-10T10:00:00,10.035093402751254,8.090000152587889
90,2018-06-10T11:00:00,1.0137697368145027,8.090000152587889
90,2018-06-10T12:00:00,7.9272681090817585,8.371000289916992
90,2018-06-10T13:00:00,16.12295235078338,8.934000015258789
90,2018-06-10T14:00:00,10.316089354474684,9.425999641418455
90,2018-06-10T15:00:00,15.710178322319226,9.56700038909912
90,2018-06-10T16:00:00,6.879075318765979,9.98900032043457
90,2018-06-10T17:00:00,11.527389148616159,9.28600025177002
90,2018-06-10T18:00:00,8.597680838332796,9.28600025177002
90,2018-06-10T19:00:00,5.886693950335534,9.145000457763672
90,2018-06-10T20:00:00,14.976430207901041,8.442000389099121
90,2018-06-10T21:00:00,9.171924020290538,8.722999572753906
90,2018-06-10T22:00:00,9.039062527421743,8.442000389099121
90,2018-06-10T23:00:00,3.764721458177421,8.230999946594237
90,2018-06-11T00:00:00,10.206921692655566,8.300999641418457
90,2018-06-11T01:00:00,11.143127861311878,7.879000186920166
90,2018-06-11T02:00:00,6.258243695969879,7.809000015258789
90,2018-06-11T03:00:00,15.750375584609989,7.809000015258789
90,2018-06-11T04:00:00,14.175397391835624,7.948999881744385
90,2018-06-11T05:00:00,6.771265827757055,7.948999881744385
90,2018-06-11T06:00:00,10.147970081196164,8.159999847412111
90,2018-06-11T07:00:00,13.306571448598753,8.51200008392334
90,2018-06-11T08:00:00,7.885713118001451,9.074999809265137
90,2018-06-11T09:00:00,14.063446975381112,9.074999809265137
90,2018-06-11T10:00:00,11.68348483691867,9.003999710083008
90,2018-06-11T11:00:00,13.539117772723333,9.074999809265137
90,2018-06-11T12:00:00,11.45169436169801,9.56700038909912
90,2018-06-11T13:00:00,12.495278611772061,10.199999809265137
90,2018-06-11T14:00:00,5.54698477828077,11.043999671936035
90,2018-06-11T15:00:00,11.853275278640224,12.029000282287598
90,2018-06-11T16:00:00,9.933045980919514,12.170000076293944
90,2018-06-11T17:00:00,12.738329512276817,12.310999870300291
90,2018-06-11T18:00:00,1.7389417001518943,10.552000045776367
90,2018-06-11T19:00:00,8.448205711069576,10.904000282287598
90,2018-06-11T20:00:00,13.847807379039704,10.270999908447266
90,2018-06-11T21:00:00,12.180169163761988,10.270999908447266
90,2018-06-11T22:00:00,8.069379683707831,9.777999877929688
91,2018-06-08T23:00:00,4.106063573191175,8.722999572753906
91,2018-06-09T00:00:00,8.959809783279498,8.86400032043457
91,2018-06-09T01:00:00,8.029905640162681,8.86400032043457
91,2018-06-09T02:00:00,11.187805634523977,8.300999641418457
91,2018-06-09T03:00:00,9.794989161750099,8.020000457763674
91,2018-06-09T04:00:00,9.844219463154205,8.020000457763674
91,2018-06-09T05:00:00,5.36612541343303,8.159999847412111
91,2018-06-09T06:00:00,10.835058136042903,8.159999847412111
91,2018-06-09T07:00:00,8.955661235996864,8.159999847412111
91,2018-06-09T08:00:00,10.833707981113207,8.51200008392334
91,2018-06-09T09:00:00,6.641215570717371,8.442000389099121
91,2018-06-09T10:00:00,6.730306307461813,6.823999881744385
91,2018-06-09T11:00:00,9.389096129663368,3.025000095367432
91,2018-06-09T12:00:00,8.682916612378541,4.150000095367432
91,2018-06-09T13:00:00,15.65969089431093,3.938999891281128
91,2018-06-09T14:00:00,6.9523308893025,4.7839999198913565
91,2018-06-09T15:00:00,15.804285122908212,5.76800012588501
91,2018-06-09T16:00:00,10.86980795660785,6.683000087738037
91,2018-06-09T17:00:00,9.354301179562505,6.894000053405763
91,2018-06-09T18:00:00,13.45695407264925,7.0349998474121085
91,2018-06-09T19:00:00,5.117099495361153,6.401999950408936
91,2018-06-09T20:00:00,9.528838444451612,6.330999851226808
91,2018-06-09T21:00:00,14.272573748576338,6.050000190734862
91,2018-06-09T22:00:00,6.613684254407703,6.894000053405763
91,2018-06-09T23:00:00,0.7998576153909198,7.245999813079834
91,2018-06-10T00:00:00,12.48052357855785,6.261000156402588
91,2018-06-10T01:00:00,4.355006866205839,6.823999881744385
91,2018-06-10T02:00:00,10.394285443200625,7.315999984741211
91,2018-06-10T03:00:00,14.124141743705723,7.668000221252441
91,2018-06-10T04:00:00,7.665094272795304,7.73799991607666
91,2018-06-10T05:00:00,7.634933122602966,7.456999778747559
91,2018-06-10T06:00:00,9.867536053101118,7.668000221252441
91,2018-06-10T07:00:00,4.650117883778851,8.020000457763674
91,2018-06-10T08:00:00,14.123159037296855,8.300999641418457
91,2018-06-10T09:00:00,9.669747384000662,8.159999847412111
91,2018-06-10T10:00:00,9.481517749031429,8.090000152587889
91,2018-06-10T11:00:00,11.243472046041653,8.090000152587889
91,2018-06-10T12:00:00,5.771710757016159,8.371000289916992
91,2018-06-10T13:00:00,12.694679005565382,8.934000015258789
91,2018-06-10T14:00:00,9.636667871268452,9.425999641418455
91,2018-06-10T15:00:00,8.380092778824917,9.56700038909912
91,2018-06-10T16:00:00,9.940397531448754,9.98900032043457
91,2018-06-10T17:00:00,13.960093925940948,9.28600025177002
91,2018-06-10T18:00:00,8.613910459556305,9.28600025177002
91,2018-06-10T19:00:00,1.3523960280227936,9.145000457763672
91,2018-06-10T20:00:00,10.167675545556628,8.442000389099121
91,2018-06-10T21:00:00,4.902071724384005,8.722999572753906
91,2018-06-10T22:00:00,13.138982641322169,8.442000389099121
91,2018-06-10T23:00:00,7.294099788291877,8.230999946594237
91,2018-06-11T00:00:00,11.800672625870837,8.300999641418457
91,2018-06-11T01:00:00,10.49631709488862,7.879000186920166
91,2018-06-11T02:00:00,8.009918375798348,7.809000015258789
91,2018-06-11T03:00:00,11.408167050781287,7.809000015258789
91,2018-06-11T04:00:00,3.4769200576027384,7.948999881744385
91,2018-06-11T05:00:00,15.615783431822937,7.948999881744385
91,2018-06-11T06:00:00,12.775371335955882,8.159999847412111
91,2018-06-11T07:00:00,8.06573306609215,8.51200008392334
91,2018-06-11T08:00:00,1.9410305366984293,9.074999809265137
91,2018-06-11T09:00:00,9.545020339552206,9.074999809265137
91,2018-06-11T10:00:00,9.614702777769391,9.003999710083008
91,2018-06-11T11:00:00,0.8472463023943106,9.074999809265137
91,2018-06-11T12:00:00,7.583396946533497,9.56700038909912
91,2018-06-11T13:00:00,15.75895056820976,10.199999809265137
91,2018-06-11T14:00:00,9.9058467375845,11.043999671936035
91,2018-06-11T15:00:00,15.320750946410396,12.029000282287598
91,2018-06-11T16:00:00,6.632678706849507,12.170000076293944
91,2018-06-11T17:00:00,11.078413239885606,12.310999870300291
91,2018-06-11T18:00:00,8.230524340299171,10.552000045776367
91,2018-06-11T19:00:00,5.704547608938833,10.904000282287598
91,2018-06-11T20:00:00,14.542302748393958,10.270999908447266
91,2018-06-11T21:00:00,8.763033216247056,10.270999908447266
91,2018-06-11T22:00:00,8.641939749379599,9.777999877929688
91,2018-06-11T23:00:00,3.810275335152639,9.848999977111816
91,2018-06-12T00:00:00,9.797124807101874,10.0600004196167
91,2018-06-12T01:00:00,10.684693125825087,9.777999877929688
91,2018-06-12T02:00:00,6.045232750866061,9.496999740600586
91,2018-06-12T03:00:00,15.370650807919946,9.848999977111816
91,2018-06-12T04:00:00,13.70870655437794,9.708000183105469
91,2018-06-12T05:00:00,6.526674928514225,9.496999740600586
91,2018-06-12T06:00:00,9.737917231827094,9.56700038909912
91,2018-06-12T07:00:00,12.8210968295704,10.340999603271484
91,2018-06-12T08:00:00,7.542242308151403,10.41100025177002
91,2018-06-12T09:00:00,13.594143853503438,10.621999740600586
91,2018-06-12T10:00:00,11.248794577634012,10.270999908447266
91,2018-06-12T11:00:00,13.056909826163656,10.340999603271484
91,2018-06-12T12:00:00,11.002581351385283,10.833000183105469
91,2018-06-12T13:00:00,12.028747508715078,11.536999702453612
91,2018-06-12T14:00:00,5.3997578990084545,12.100000381469728
91,2018-06-12T15:00:00,11.423669148869564,13.57699966430664
91,2018-06-12T16:00:00,9.51819733857345,14.279999732971191
91,2018-06-12T17:00:00,12.25200912575346,13.506999969482422
91,2018-06-12T18:00:00,1.651335041919463,13.928999900817873
91,2018-06-12T19:00:00,8.083042917231927,12.029000282287598
91,2018-06-12T20:00:00,13.372920932477715,11.678000450134276
91,2018-06-12T21:00:00,11.737590987231005,11.043999671936035
91,2018-06-12T22:00:00,7.716764102214473,10.904000282287598
92,2018-06-09T23:00:00,4.0358034314007245,7.245999813079834
92,2018-06-10T00:00:00,8.694033149192093,6.261000156402588
92,2018-06-10T01:00:00,7.799762538110173,6.823999881744385
92,2018-06-10T02:00:00,10.941551148512488,7.315999984741211
92,2018-06-10T03:00:00,9.552828987181627,7.668000221252441
92,2018-06-10T04:00:00,9.60585138612435,7.73799991607666
92,2018-06-10T05:00:00,5.23602698166958,7.456999778747559
92,2018-06-10T06:00:00,10.61488975727449,7.668000221252441
92,2018-06-10T07:00:00,8.746899251269257,8.020000457763674
92,2018-06-10T08:00:00,10.62139215667969,8.300999641418457
92,2018-06-10T09:00:00,6.527027149295616,8.159999847412111
92,2018-06-10T10:00:00,6.615986039842996,8.090000152587889
92,2018-06-10T11:00:00,9.20360968927221,8.090000152587889
92,2018-06-10T12:00:00,8.486369005205871,8.371000289916992
92,2018-06-10T13:00:00,15.435329995058707,8.934000015258789
92,2018-06-10T14:00:00,6.82925507561967,9.425999641418455
92,2018-06-10T15:00:00,15.585891226754892,9.56700038909912
92,2018-06-10T16:00:00,10.681566858348896,9.98900032043457
92,2018-06-10T17:00:00,9.183051670334327,9.28600025177002
92,2018-06-10T18:00:00,13.234802659088718,9.28600025177002
92,2018-06-10T19:00:00,5.046043858317285,9.145000457763672
92,2018-06-10T20:00:00,9.357405245243969,8.442000389099121
92,2018-06-10T21:00:00,14.087080447266825,8.722999572753906
92,2018-06-10T22:00:00,6.522707820260997,8.442000389099121
92,2018-06-10T23:00:00,0.7448212583150156,8.230999946594237
92,2018-06-11T00:00:00,12.273691626172006,8.300999641418457
92,2018-06-11T01:00:00,4.3363235254218,7.879000186920166
92,2018-06-11T02:00:00,10.223623995021182,7.809000015258789
92,2018-06-11T03:00:00,13.943740491352326,7.809000015258789
92,2018-06-11T04:00:00,7.530916504582638,7.948999881744385
92,2018-06-11T05:00:00,7.50261576330889,7.948999881744385
92,2018-06-11T06:00:00,9.704977622148178,8.159999847412111
92,2018-06-11T07:00:00,4.6158458625096,8.51200008392334
92,2018-06-11T08:00:00,13.947776482456367,9.074999809265137
92,2018-06-11T09:00:00,9.515123105732897,9.074999809265137
92,2018-06-11T10:00:00,9.331323443667474,9.003999710083008
92,2018-06-11T11:00:00,11.087610083598978,9.074999809265137
92,2018-06-11T12:00:00,5.703216380890385,9.56700038909912
92,2018-06-11T13:00:00,12.505854064498717,10.199999809265137
92,2018-06-11T14:00:00,9.487224150838545,11.043999671936035
92,2018-06-11T15:00:00,8.23981215348739,12.029000282287598
92,2018-06-11T16:00:00,9.788321492970688,12.170000076293944
92,2018-06-11T17:00:00,13.784561294471114,12.310999870300291
92,2018-06-11T18:00:00,8.47269051653436,10.552000045776367
92,2018-06-11T19:00:00,1.3194702716041302,10.904000282287598
92,2018-06-11T20:00:00,10.016992520012707,10.270999908447266
92,2018-06-11T21:00:00,4.856640641034698,10.270999908447266
92,2018-06-11T22:00:00,12.947050900067643,9.777999877929688
92,2018-06-11T23:00:00,7.1771057784323276,9.848999977111816
92,2018-06-12T00:00:00,11.654782943141674,10.0600004196167
92,2018-06-12T01:00:00,10.35045047796539,9.777999877929688
92,2018-06-12T02:00:00,7.880081672809929,9.496999740600586
92,2018-06-12T03:00:00,11.25865179979856,9.848999977111816
92,2018-06-12T04:00:00,3.46006456320978,9.708000183105469
92,2018-06-12T05:00:00,15.45442310963429,9.496999740600586
92,2018-06-12T06:00:00,12.59686814887371,9.56700038909912
92,2018-06-12T07:00:00,7.935370090906515,10.340999603271484
92,2018-06-12T08:00:00,1.9151365056701515,10.41100025177002
92,2018-06-12T09:00:00,9.40317089264678,10.621999740600586
92,2018-06-12T10:00:00,9.472854016525226,10.270999908447266
92,2018-06-12T11:00:00,0.8166490303182723,10.340999603271484
92,2018-06-12T12:00:00,7.461519363258455,10.833000183105469
92,2018-06-12T13:00:00,15.599672876130379,11.536999702453612
92,2018-06-12T14:00:00,9.76461310722836,12.100000381469728
92,2018-06-12T15:00:00,15.15902230788716,13.57699966430664
92,2018-06-12T16:00:00,6.541152208602449,14.279999732971191
92,2018-06-12T17:00:00,10.935281224150394,13.506999969482422
92,2018-06-12T18:00:00,8.099898958387968,13.928999900817873
92,2018-06-12T19:00:00,5.642202526651335,12.029000282287598
92,2018-06-12T20:00:00,14.37640636686932,11.678000450134276
92,2018-06-12T21:00:00,8.627858008158466,11.043999671936035
92,2018-06-12T22:00:00,8.508333762509997,10.904000282287598
92,2018-06-12T23:00:00,3.786799628077965,11.1850004196167
92,2018-06-13T00:00:00,9.661141067229725,11.1850004196167
92,2018-06-13T01:00:00,10.550817554656684,10.762999534606934
92,2018-06-13T02:00:00,5.976785622947903,10.904000282287598
92,2018-06-13T03:00:00,15.215786619389833,10.833000183105469
92,2018-06-13T04:00:00,13.537911940008378,10.833000183105469
92,2018-06-13T05:00:00,6.440994766666645,10.621999740600586
92,2018-06-13T06:00:00,9.605847892482593,10.973999977111816
92,2018-06-13T07:00:00,12.656324022397383,11.467000007629396
92,2018-06-13T08:00:00,7.428689643562633,11.817999839782717
92,2018-06-13T09:00:00,13.426103088587075,11.1850004196167
92,2018-06-13T10:00:00,11.11368529568587,11.1850004196167
92,2018-06-13T11:00:00,12.891036376758162,11.536999702453612
92,2018-06-13T12:00:00,10.872731338854743,11.326000213623049
92,2018-06-13T13:00:00,11.885325631174865,12.310999870300291
92,2018-06-13T14:00:00,5.349301809429971,13.29599952697754
92,2018-06-13T15:00:00,11.290933299178196,14.140000343322756
92,2018-06-13T16:00:00,9.393380065306609,14.35099983215332
92,2018-06-13T17:00:00,12.107161829909323,13.647000312805176
92,2018-06-13T18:00:00,1.6337646964447874,12.592000007629396
92,2018-06-13T19:00:00,7.971462268078849,11.678000450134276
92,2018-06-13T20:00:00,13.212679070992394,10.904000282287598
92,2018-06-13T21:00:00,11.606635546347992,10.692999839782717
92,2018-06-13T22:00:00,7.611560685269113,10.552000045776367
93,2018-06-10T23:00:00,4.130733050218133,8.230999946594237
93,2018-06-11T00:00:00,8.776446468647674,8.300999641418457
93,2018-06-11T01:00:00,7.873130601776433,7.879000186920166
93,2018-06-11T02:00:00,10.993718216978998,7.809000015258789
93,2018-06-11T03:00:00,9.606736390728862,7.809000015258789
93,2018-06-11T04:00:00,9.657603562836176,7.948999881744385
93,2018-06-11T05:00:00,5.321170508426777,7.948999881744385
93,2018-06-11T06:00:00,10.644932908011388,8.159999847412111
93,2018-06-11T07:00:00,8.787567673372667,8.51200008392334
93,2018-06-11T08:00:00,10.6475921813554,9.074999809265137
93,2018-06-11T09:00:00,6.561081054825712,9.074999809265137
93,2018-06-11T10:00:00,6.6487636623814765,9.003999710083008
93,2018-06-11T11:00:00,9.220999211779482,9.074999809265137
93,2018-06-11T12:00:00,8.527346021806657,9.56700038909912
93,2018-06-11T13:00:00,15.498376959122163,10.199999809265137
93,2018-06-11T14:00:00,6.859522482233821,11.043999671936035
93,2018-06-11T15:00:00,15.64903322696825,12.029000282287598
93,2018-06-11T16:00:00,10.69798007325003,12.170000076293944
93,2018-06-11T17:00:00,9.195098605523375,12.310999870300291
93,2018-06-11T18:00:00,13.265339204931449,10.552000045776367
93,2018-06-11T19:00:00,5.096709550116223,10.904000282287598
93,2018-06-11T20:00:00,9.372508166865348,10.270999908447266
93,2018-06-11T21:00:00,14.100994018064496,10.270999908447266
93,2018-06-11T22:00:00,6.541929180832451,9.777999877929688
93,2018-06-11T23:00:00,0.7553326201534212,9.848999977111816
93,2018-06-12T00:00:00,12.297541826292631,10.0600004196167
93,2018-06-12T01:00:00,4.3812579334150925,9.777999877929688
93,2018-06-12T02:00:00,10.239002863423138,9.496999740600586
93,2018-06-12T03:00:00,13.957222848243907,9.848999977111816
93,2018-06-12T04:00:00,7.552080217739716,9.708000183105469
93,2018-06-12T05:00:00,7.5233379678359835,9.496999740600586
93,2018-06-12T06:00:00,9.721448913808985,9.56700038909912
93,2018-06-12T07:00:00,4.65567309365527,10.340999603271484
93,2018-06-12T08:00:00,13.961365263792235,10.41100025177002
93,2018-06-12T09:00:00,9.527082795325803,10.621999740600586
93,2018-06-12T10:00:00,9.340148958241684,10.270999908447266
93,2018-06-12T11:00:00,11.096556403555967,10.340999603271484
93,2018-06-12T12:00:00,5.723076031266093,10.833000183105469
93,2018-06-12T13:00:00,12.527001469426175,11.536999702453612
93,2018-06-12T14:00:00,9.498200960810852,12.100000381469728
93,2018-06-12T15:00:00,8.258863571602353,13.57699966430664
93,2018-06-12T16:00:00,9.80302459552626,14.279999732971191
93,2018-06-12T17:00:00,13.803403431025643,13.506999969482422
93,2018-06-12T18:00:00,8.489575424965096,13.928999900817873
93,2018-06-12T19:00:00,1.3246342018171706,12.029000282287598
93,2018-06-12T20:00:00,10.032336359065692,11.678000450134276
93,2018-06-12T21:00:00,4.891328326678568,11.043999671936035
93,2018-06-12T22:00:00,12.976483964636891,10.904000282287598
93,2018-06-12T23:00:00,7.1984227232321985,11.1850004196167
93,2018-06-13T00:00:00,11.6663999827157,11.1850004196167
93,2018-06-13T01:00:00,10.360064818364112,10.762999534606934
93,2018-06-13T02:00:00,7.901218015393699,10.904000282287598
93,2018-06-13T03:00:00,11.272543790612081,10.833000183105469
93,2018-06-13T04:00:00,3.496638876137615,10.833000183105469
93,2018-06-13T05:00:00,15.494757991235815,10.621999740600586
93,2018-06-13T06:00:00,12.621637698203658,10.973999977111816
93,2018-06-13T07:00:00,7.957529445100178,11.467000007629396
93,2018-06-13T08:00:00,1.9279119870449168,11.817999839782717
93,2018-06-13T09:00:00,9.417419818453322,11.1850004196167
93,2018-06-13T10:00:00,9.487599959060649,11.1850004196167
93,2018-06-13T11:00:00,0.8111021832938476,11.536999702453612
93,2018-06-13T12:00:00,7.485873695028442,11.326000213623049
93,2018-06-13T13:00:00,15.644420393887389,12.310999870300291
93,2018-06-13T14:00:00,9.780789036940185,13.29599952697754
93,2018-06-13T15:00:00,15.198619942373565,14.140000343322756
93,2018-06-13T16:00:00,6.5629466553633105,14.35099983215332
93,2018-06-13T17:00:00,10.94802703253104,13.647000312805176
93,2018-06-13T18:00:00,8.122315050689997,12.592000007629396
93,2018-06-13T19:00:00,5.655668537760681,11.678000450134276
93,2018-06-13T20:00:00,14.407320612946206,10.904000282287598
93,2018-06-13T21:00:00,8.645068180438336,10.692999839782717
93,2018-06-13T22:00:00,8.526769251492738,10.552000045776367
93,2018-06-13T23:00:00,3.8270733220266955,10.552000045776367
93,2018-06-14T00:00:00,9.676379177791278,10.904000282287598
93,2018-06-14T01:00:00,10.558727470061472,10.904000282287598
93,2018-06-14T02:00:00,5.988050874764317,10.692999839782717
93,2018-06-14T03:00:00,15.255423653360088,10.973999977111816
93,2018-06-14T04:00:00,13.568723577729934,11.114999771118164
93,2018-06-14T05:00:00,6.460413225870756,10.833000183105469
93,2018-06-14T06:00:00,9.619709922214497,10.973999977111816
93,2018-06-14T07:00:00,12.681682956082698,10.904000282287598
93,2018-06-14T08:00:00,7.450821659948074,11.114999771118164
93,2018-06-14T09:00:00,13.45608240664715,11.114999771118164
93,2018-06-14T10:00:00,11.12622883748104,11.1850004196167
93,2018-06-14T11:00:00,12.918779114794134,11.255999565124512
93,2018-06-14T12:00:00,10.881001604521124,11.1850004196167
93,2018-06-14T13:00:00,11.901750280209757,11.817999839782717
93,2018-06-14T14:00:00,5.365677120394871,13.29599952697754
93,2018-06-14T15:00:00,11.304187237797553,13.57699966430664
93,2018-06-14T16:00:00,9.40399307216688,13.225000381469728
93,2018-06-14T17:00:00,12.120753289412471,13.085000038146973
93,2018-06-14T18:00:00,1.6381368203281745,11.467000007629396
93,2018-06-14T19:00:00,7.985431336360206,11.326000213623049
93,2018-06-14T20:00:00,13.239456904529417,11.326000213623049
93,2018-06-14T21:00:00,11.621567768648841,11.1850004196167
93,2018-06-14T22:00:00,7.626549080967209,11.326000213623049
94,2018-06-11T23:00:00,4.002095804198348,9.848999977111816
94,2018-06-12T00:00:00,9.132690885653574,10.0600004196167
94,2018-06-12T01:00:00,8.178683559629304,9.777999877929688
94,2018-06-12T02:00:00,11.405302844918051,9.496999740600586
94,2018-06-12T03:00:00,9.981782108501651,9.848999977111816
94,2018-06-12T04:00:00,10.028981712040064,9.708000183105469
94,2018-06-12T05:00:00,5.4042153606170515,9.496999740600586
94,2018-06-12T06:00:00,11.071234902169069,9.56700038909912
94,2018-06-12T07:00:00,9.151206970818638,10.340999603271484
94,2018-06-12T08:00:00,11.072136130452435,10.41100025177002
94,2018-06-12T09:00:00,6.748897419957993,10.621999740600586
94,2018-06-12T10:00:00,6.842795274734991,10.270999908447266
94,2018-06-12T11:00:00,9.612902813055484,10.340999603271484
94,2018-06-12T12:00:00,8.873072341115401,10.833000183105469
94,2018-06-12T13:00:00,15.808255853104678,11.536999702453612
94,2018-06-12T14:00:00,7.082164876020222,12.100000381469728
94,2018-06-12T15:00:00,15.95106008617793,13.57699966430664
94,2018-06-12T16:00:00,11.117136201202598,14.279999732971191
94,2018-06-12T17:00:00,9.585260710637336,13.506999969482422
94,2018-06-12T18:00:00,13.668391383978229,13.928999900817873
94,2018-06-12T19:00:00,5.152024333539922,12.029000282287598
94,2018-06-12T20:00:00,9.751710007507935,11.678000450134276
94,2018-06-12T21:00:00,14.475785958742103,11.043999671936035
94,2018-06-12T22:00:00,6.740212920622133,10.904000282287598
94,2018-06-12T23:00:00,0.9387771067801722,11.1850004196167
94,2018-06-13T00:00:00,12.728966485724287,11.1850004196167
94,2018-06-13T01:00:00,4.307916421944958,10.762999534606934
94,2018-06-13T02:00:00,10.626282538434495,10.904000282287598
94,2018-06-13T03:00:00,14.331372510481266,10.833000183105469
94,2018-06-13T04:00:00,7.856392009743502,10.833000183105469
94,2018-06-13T05:00:00,7.826397262335377,10.621999740600586
94,2018-06-13T06:00:00,10.07834869599624,10.973999977111816
94,2018-06-13T07:00:00,4.650383519014923,11.467000007629396
94,2018-06-13T08:00:00,14.329943241866038,11.817999839782717
94,2018-06-13T09:00:00,9.8917194394622,11.1850004196167
94,2018-06-13T10:00:00,9.713033570771096,11.1850004196167
94,2018-06-13T11:00:00,11.483395217648521,11.536999702453612
94,2018-06-13T12:00:00,5.883644775846431,11.326000213623049
94,2018-06-13T13:00:00,12.939121364812523,12.310999870300291
94,2018-06-13T14:00:00,9.860615981391142,13.29599952697754
94,2018-06-13T15:00:00,8.589597243681952,14.140000343322756
94,2018-06-13T16:00:00,10.149984192722274,14.35099983215332
94,2018-06-13T17:00:00,14.165278775907412,13.647000312805176
94,2018-06-13T18:00:00,8.83133979002298,12.592000007629396
94,2018-06-13T19:00:00,1.4719636494752741,11.678000450134276
94,2018-06-13T20:00:00,10.37511764268977,10.904000282287598
94,2018-06-13T21:00:00,4.943613105598947,10.692999839782717
94,2018-06-13T22:00:00,13.358413150526395,10.552000045776367
94,2018-06-13T23:00:00,7.472569541945825,10.552000045776367
94,2018-06-14T00:00:00,12.038053252537877,10.904000282287598
94,2018-06-14T01:00:00,10.740908637381555,10.904000282287598
94,2018-06-14T02:00:00,8.21158177621809,10.692999839782717
94,2018-06-14T03:00:00,11.637389776290718,10.973999977111816
94,2018-06-14T04:00:00,3.4449104885806676,11.114999771118164
94,2018-06-14T05:00:00,15.772453529896628,10.833000183105469
94,2018-06-14T06:00:00,13.011655594557617,10.973999977111816
94,2018-06-14T07:00:00,8.267775826439346,10.904000282287598
94,2018-06-14T08:00:00,2.0187983861851997,11.114999771118164
94,2018-06-14T09:00:00,9.767308624458382,11.114999771118164
94,2018-06-14T10:00:00,9.833963998074822,11.1850004196167
94,2018-06-14T11:00:00,1.0066942715172509,11.255999565124512
94,2018-06-14T12:00:00,7.776322144968491,11.1850004196167
94,2018-06-14T13:00:00,15.907416795630157,11.817999839782717
94,2018-06-14T14:00:00,10.113165148006324,13.29599952697754
94,2018-06-14T15:00:00,15.478394114000361,13.57699966430664
94,2018-06-14T16:00:00,6.7737235201836565,13.225000381469728
94,2018-06-14T17:00:00,11.32600111410552,13.085000038146973
94,2018-06-14T18:00:00,8.436694890256533,11.467000007629396
94,2018-06-14T19:00:00,5.829867769323796,11.326000213623049
94,2018-06-14T20:00:00,14.716156007970127,11.326000213623049
94,2018-06-14T21:00:00,8.991559386086728,11.1850004196167
94,2018-06-14T22:00:00,8.864950049330442,11.326000213623049
94,2018-06-14T23:00:00,3.7744420191231427,10.621999740600586
94,2018-06-15T00:00:00,10.009105874206277,10.199999809265137
94,2018-06-15T01:00:00,10.951023150609405,10.199999809265137
94,2018-06-15T02:00:00,6.183341027041642,9.848999977111816
94,2018-06-15T03:00:00,15.526808256590089,10.130000114440918
94,2018-06-15T04:00:00,13.904193496816918,10.973999977111816
94,2018-06-15T05:00:00,6.672370709486083,10.199999809265137
94,2018-06-15T06:00:00,9.9537001823991,10.833000183105469
94,2018-06-15T07:00:00,13.054394122882428,11.114999771118164
94,2018-06-15T08:00:00,7.742295761540664,11.536999702453612
94,2018-06-15T09:00:00,13.794317377326477,10.552000045776367
94,2018-06-15T10:00:00,11.48807286764979,10.482000350952148
94,2018-06-15T11:00:00,13.278611031465903,10.340999603271484
94,2018-06-15T12:00:00,11.262349147210074,10.904000282287598
94,2018-06-15T13:00:00,12.27988735810125,11.114999771118164
94,2018-06-15T14:00:00,5.5194235429730085,11.255999565124512
94,2018-06-15T15:00:00,11.65728213138808,11.817999839782717
94,2018-06-15T16:00:00,9.746175136571766,12.380999565124512
94,2018-06-15T17:00:00,12.518704847281633,11.958999633789062
94,2018-06-15T18:00:00,1.749177130655987,11.748000144958494
94,2018-06-15T19:00:00,8.303708793103365,10.482000350952148
94,2018-06-15T20:00:00,13.584381476090694,9.848999977111816
94,2018-06-15T21:00:00,11.978340139636256,9.425999641418455
94,2018-06-15T22:00:00,7.931799093247275,9.496999740600586
95,2018-06-12T23:00:00,3.9841145096072967,11.1850004196167
95,2018-06-13T00:00:00,9.161079250962736,11.1850004196167
95,2018-06-13T01:00:00,8.19658072906412,10.762999534606934
95,2018-06-13T02:00:00,11.4425127081164,10.904000282287598
95,2018-06-13T03:00:00,10.019009882675945,10.833000183105469
95,2018-06-13T04:00:00,10.066529842919287,10.833000183105469
95,2018-06-13T05:00:00,5.375999040316858,10.621999740600586
95,2018-06-13T06:00:00,11.099709891418561,10.973999977111816
95,2018-06-13T07:00:00,9.171411136637659,11.467000007629396
95,2018-06-13T08:00:00,11.099458271091212,11.817999839782717
95,2018-06-13T09:00:00,6.742971875783162,11.1850004196167
95,2018-06-13T10:00:00,6.837355985384036,11.1850004196167
95,2018-06-13T11:00:00,9.637004117544677,11.536999702453612
95,2018-06-13T12:00:00,8.887927367795392,11.326000213623049
95,2018-06-13T13:00:00,15.844127103997506,12.310999870300291
95,2018-06-13T14:00:00,7.081178395329145,13.29599952697754
95,2018-06-13T15:00:00,15.983823248215804,14.140000343322756
95,2018-06-13T16:00:00,11.141628500409254,14.35099983215332
95,2018-06-13T17:00:00,9.607635086226678,13.647000312805176
95,2018-06-13T18:00:00,13.731070022682083,12.592000007629396
95,2018-06-13T19:00:00,5.120250882118729,11.678000450134276
95,2018-06-13T20:00:00,9.777126131682653,10.904000282287598
95,2018-06-13T21:00:00,14.538166061523444,10.692999839782717
95,2018-06-13T22:00:00,6.731586671844541,10.552000045776367
95,2018-06-13T23:00:00,0.8980525839577407,10.552000045776367
95,2018-06-14T00:00:00,12.772106559303799,10.904000282287598
95,2018-06-14T01:00:00,4.283448107164439,10.904000282287598
95,2018-06-14T02:00:00,10.653813326609173,10.692999839782717
95,2018-06-14T03:00:00,14.395195216744677,10.973999977111816
95,2018-06-14T04:00:00,7.863324326362479,11.114999771118164
95,2018-06-14T05:00:00,7.833322346810553,10.833000183105469
95,2018-06-14T06:00:00,10.109704295063336,10.973999977111816
95,2018-06-14T07:00:00,4.623214807639128,10.904000282287598
95,2018-06-14T08:00:00,14.39556338104286,11.114999771118164
95,2018-06-14T09:00:00,9.920310696941584,11.114999771118164
95,2018-06-14T10:00:00,9.738873090306976,11.1850004196167
95,2018-06-14T11:00:00,11.512996204694833,11.255999565124512
95,2018-06-14T12:00:00,5.861583575288222,11.1850004196167
95,2018-06-14T13:00:00,12.989758440727673,11.817999839782717
95,2018-06-14T14:00:00,9.89028704824139,13.29599952697754
95,2018-06-14T15:00:00,8.60259019994502,13.57699966430664
95,2018-06-14T16:00:00,10.184919952884002,13.225000381469728
95,2018-06-14T17:00:00,14.236051901328048,13.085000038146973
95,2018-06-14T18:00:00,8.848007373468189,11.467000007629396
95,2018-06-14T19:00:00,1.432922080137839,11.326000213623049
95,2018-06-14T20:00:00,10.41269606613395,11.326000213623049
95,2018-06-14T21:00:00,4.919466715854297,11.1850004196167
95,2018-06-14T22:00:00,13.427799738634752,11.326000213623049
95,2018-06-14T23:00:00,7.486848704955385,10.621999740600586
95,2018-06-15T00:00:00,12.079272289599826,10.199999809265137
95,2018-06-15T01:00:00,10.771648029281078,10.199999809265137
95,2018-06-15T02:00:00,8.229204588469582,9.848999977111816
95,2018-06-15T03:00:00,11.678718131902627,10.130000114440918
95,2018-06-15T04:00:00,3.4304190704194113,10.973999977111816
95,2018-06-15T05:00:00,15.829673793637312,10.199999809265137
95,2018-06-15T06:00:00,13.07260806602405,10.833000183105469
95,2018-06-15T07:00:00,8.288360887087181,11.114999771118164
95,2018-06-15T08:00:00,1.9882625627217685,11.536999702453612
95,2018-06-15T09:00:00,9.804825508399375,10.552000045776367
95,2018-06-15T10:00:00,9.872632261864489,10.482000350952148
95,2018-06-15T11:00:00,0.9629652352638711,10.340999603271484
95,2018-06-15T12:00:00,7.79635542154473,10.904000282287598
95,2018-06-15T13:00:00,15.96702904046798,11.114999771118164
95,2018-06-15T14:00:00,10.156139015890169,11.255999565124512
95,2018-06-15T15:00:00,15.547645044132727,11.817999839782717
95,2018-06-15T16:00:00,6.786264938560876,12.380999565124512
95,2018-06-15T17:00:00,11.363671403395937,11.958999633789062
95,2018-06-15T18:00:00,8.461521549924068,11.748000144958494
95,2018-06-15T19:00:00,5.819268956057137,10.482000350952148
95,2018-06-15T20:00:00,14.80209664993854,9.848999977111816
95,2018-06-15T21:00:00,9.022494780494764,9.425999641418455
95,2018-06-15T22:00:00,8.89417308140538,9.496999740600586
95,2018-06-15T23:00:00,3.7673827090317182,9.425999641418455
95,2018-06-16T00:00:00,10.051629784859642,9.21500015258789
95,2018-06-16T01:00:00,10.979855584833498,9.28600025177002
95,2018-06-16T02:00:00,6.181966852390801,9.003999710083008
95,2018-06-16T03:00:00,15.595581799210422,8.86400032043457
95,2018-06-16T04:00:00,13.989315669861854,8.51200008392334
95,2018-06-16T05:00:00,6.683120790319135,8.51200008392334
95,2018-06-16T06:00:00,9.994766964271829,8.581999778747559
95,2018-06-16T07:00:00,13.119892253881604,8.793000221252441
95,2018-06-16T08:00:00,7.7618581199247085,9.425999641418455
95,2018-06-16T09:00:00,13.877267190430743,8.722999572753906
95,2018-06-16T10:00:00,11.528848539675788,9.145000457763672
95,2018-06-16T11:00:00,13.350902801682935,9.003999710083008
95,2018-06-16T12:00:00,11.294267142252302,9.21500015258789
95,2018-06-16T13:00:00,12.326363831448676,9.425999641418455
95,2018-06-16T14:00:00,5.498046802847247,10.130000114440918
95,2018-06-16T15:00:00,11.700444095445953,10.762999534606934
95,2018-06-16T16:00:00,9.782011913545421,10.552000045776367
95,2018-06-16T17:00:00,12.562757421241855,9.918999671936035
95,2018-06-16T18:00:00,1.714445818747702,9.355999946594238
95,2018-06-16T19:00:00,8.32109493775772,9.21500015258789
95,2018-06-16T20:00:00,13.661306863653966,9.21500015258789
95,2018-06-16T21:00:00,12.021941427119664,8.442000389099121
95,2018-06-16T22:00:00,7.946345490532607,8.51200008392334
96,2018-06-13T23:00:00,4.358057672320681,10.552000045776367
96,2018-06-14T00:00:00,10.848894084219806,10.904000282287598
96,2018-06-14T01:00:00,9.734170306521108,10.904000282287598
96,2018-06-14T02:00:00,13.343603122272224,10.692999839782717
96,2018-06-14T03:00:00,11.815053790650387,10.973999977111816
96,2018-06-14T04:00:00,11.864066820791665,11.114999771118164
96,2018-06-14T05:00:00,6.143422235008821,10.833000183105469
96,2018-06-14T06:00:00,13.096734404482902,10.973999977111816
96,2018-06-14T07:00:00,10.900347279118233,10.904000282287598
96,2018-06-14T08:00:00,13.107964279342239,11.114999771118164
96,2018-06-14T09:00:00,7.978244286843562,11.114999771118164
96,2018-06-14T10:00:00,8.10752762238166,11.1850004196167
96,2018-06-14T11:00:00,11.526844580818572,11.255999565124512
96,2018-06-14T12:00:00,10.564648478451048,11.1850004196167
96,2018-06-14T13:00:00,17.594036490209017,11.817999839782717
96,2018-06-14T14:00:00,8.47301445667324,13.29599952697754
96,2018-06-14T15:00:00,17.70525147860532,13.57699966430664
96,2018-06-14T16:00:00,13.182600519775198,13.225000381469728
96,2018-06-14T17:00:00,11.53095742462013,13.085000038146973
96,2018-06-14T18:00:00,15.960657898238292,11.467000007629396
96,2018-06-14T19:00:00,5.859446241454682,11.326000213623049
96,2018-06-14T20:00:00,11.694704895187202,11.326000213623049
96,2018-06-14T21:00:00,16.74652038141309,11.1850004196167
96,2018-06-14T22:00:00,8.0397130483011,11.326000213623049
96,2018-06-14T23:00:00,1.9548881575435963,10.621999740600586
96,2018-06-15T00:00:00,15.008283451393647,10.199999809265137
96,2018-06-15T01:00:00,4.75182114604657,10.199999809265137
96,2018-06-15T02:00:00,12.657441422158481,9.848999977111816
96,2018-06-15T03:00:00,16.642703446664942,10.130000114440918
96,2018-06-15T04:00:00,9.540491902371258,10.973999977111816
96,2018-06-15T05:00:00,9.513459710297095,10.199999809265137
96,2018-06-15T06:00:00,12.030221392299207,10.833000183105469
96,2018-06-15T07:00:00,5.252307773907146,11.114999771118164
96,2018-06-15T08:00:00,16.6606057946508,11.536999702453612
96,2018-06-15T09:00:00,11.872908147201825,10.552000045776367
96,2018-06-15T10:00:00,11.71523156772717,10.482000350952148
96,2018-06-15T11:00:00,13.54017285068535,10.340999603271484
96,2018-06-15T12:00:00,6.966934285410199,10.904000282287598
96,2018-06-15T13:00:00,15.283968495457218,11.114999771118164
96,2018-06-15T14:00:00,11.862552801674507,11.255999565124512
96,2018-06-15T15:00:00,10.35003468236388,11.817999839782717
96,2018-06-15T16:00:00,12.130683069116941,12.380999565124512
96,2018-06-15T17:00:00,16.53481238788025,11.958999633789062
96,2018-06-15T18:00:00,10.652956242443981,11.748000144958494
96,2018-06-15T19:00:00,2.4329189255814985,10.482000350952148
96,2018-06-15T20:00:00,12.372106488404713,9.848999977111816
96,2018-06-15T21:00:00,5.7065648493251135,9.425999641418455
96,2018-06-15T22:00:00,15.774549630689839,9.496999740600586
96,2018-06-15T23:00:00,9.191112857944528,9.425999641418455
96,2018-06-16T00:00:00,14.338291739479592,9.21500015258789
96,2018-06-16T01:00:00,12.873976183647107,9.28600025177002
96,2018-06-16T02:00:00,9.995733337250583,9.003999710083008
96,2018-06-16T03:00:00,13.746527561940152,8.86400032043457
96,2018-06-16T04:00:00,4.005743313612101,8.51200008392334
96,2018-06-16T05:00:00,17.776445503410056,8.51200008392334
96,2018-06-16T06:00:00,15.418486011250007,8.581999778747559
96,2018-06-16T07:00:00,10.071632668284773,8.793000221252441
96,2018-06-16T08:00:00,2.8859507674833047,9.425999641418455
96,2018-06-16T09:00:00,11.839130111282543,8.722999572753906
96,2018-06-16T10:00:00,11.902413011352852,9.145000457763672
96,2018-06-16T11:00:00,2.0956467960942042,9.003999710083008
96,2018-06-16T12:00:00,9.579272413311042,9.21500015258789
96,2018-06-16T13:00:00,17.893485245608435,9.425999641418455
96,2018-06-16T14:00:00,12.166845821112105,10.130000114440918
96,2018-06-16T15:00:00,17.603844980470377,10.762999534606934
96,2018-06-16T16:00:00,8.311676664678275,10.552000045776367
96,2018-06-16T17:00:00,13.520028278260774,9.918999671936035
96,2018-06-16T18:00:00,10.284519151081161,9.355999946594238
96,2018-06-16T19:00:00,7.067575730580332,9.21500015258789
96,2018-06-16T20:00:00,17.091087917334242,9.21500015258789
96,2018-06-16T21:00:00,11.028742104788705,8.442000389099121
96,2018-06-16T22:00:00,10.848472732215178,8.51200008392334
96,2018-06-16T23:00:00,4.38047697250277,8.300999641418457
96,2018-06-17T00:00:00,12.101175695816284,8.159999847412111
96,2018-06-17T01:00:00,13.218655720966025,8.51200008392334
96,2018-06-17T02:00:00,7.586880841588361,8.020000457763674
96,2018-06-17T03:00:00,17.66733715785169,8.020000457763674
96,2018-06-17T04:00:00,16.405750051365768,8.020000457763674
96,2018-06-17T05:00:00,8.238576134317487,7.948999881744385
96,2018-06-17T06:00:00,12.067055047002187,7.668000221252441
96,2018-06-17T07:00:00,15.547463587132512,7.948999881744385
96,2018-06-17T08:00:00,9.609544145892954,8.230999946594237
96,2018-06-17T09:00:00,16.31760258036556,8.371000289916992
96,2018-06-17T10:00:00,13.682664751180877,8.442000389099121
96,2018-06-17T11:00:00,15.805771847118633,8.652999877929688
96,2018-06-17T12:00:00,13.521822111966138,9.28600025177002
96,2018-06-17T13:00:00,14.72452881741444,10.270999908447266
96,2018-06-17T14:00:00,6.649111226476903,11.326000213623049
96,2018-06-17T15:00:00,13.891101944538905,12.451000213623049
96,2018-06-17T16:00:00,11.903945488659598,12.380999565124512
96,2018-06-17T17:00:00,14.989113323197074,11.536999702453612
96,2018-06-17T18:00:00,2.7083627084449997,11.326000213623049
96,2018-06-17T19:00:00,10.222638330194961,10.833000183105469
96,2018-06-17T20:00:00,16.152165546679402,10.270999908447266
96,2018-06-17T21:00:00,14.428357615043181,10.199999809265137
96,2018-06-17T22:00:00,9.844741895269028,9.637999534606934
97,2018-06-14T23:00:00,3.9704064621349975,10.621999740600586
97,2018-06-15T00:00:00,9.683839258169302,10.199999809265137
97,2018-06-15T01:00:00,8.655272285471382,10.199999809265137
97,2018-06-15T02:00:00,12.020756719690873,9.848999977111816
97,2018-06-15T03:00:00,10.569735213410535,10.130000114440918
97,2018-06-15T04:00:00,10.615342181790314,10.973999977111816
97,2018-06-15T05:00:00,5.5469189315154654,10.199999809265137
97,2018-06-15T06:00:00,11.719301820856886,10.833000183105469
97,2018-06-15T07:00:00,9.709314103969074,11.114999771118164
97,2018-06-15T08:00:00,11.72247238679976,11.536999702453612
97,2018-06-15T09:00:00,7.076118550105605,10.552000045776367
97,2018-06-15T10:00:00,7.180480042309414,10.482000350952148
97,2018-06-15T11:00:00,10.235091799409556,10.340999603271484
97,2018-06-15T12:00:00,9.402114875071916,10.904000282287598
97,2018-06-15T13:00:00,16.355530570719047,11.114999771118164
97,2018-06-15T14:00:00,7.470600146194471,11.255999565124512
97,2018-06-15T15:00:00,16.48657894578364,11.817999839782717
97,2018-06-15T16:00:00,11.772488771052846,12.380999565124512
97,2018-06-15T17:00:00,10.21432013490351,11.958999633789062
97,2018-06-15T18:00:00,14.396332486505255,11.748000144958494
97,2018-06-15T19:00:00,5.270048360606099,10.482000350952148
97,2018-06-15T20:00:00,10.373223779038408,9.848999977111816
97,2018-06-15T21:00:00,15.183156935565338,9.425999641418455
97,2018-06-15T22:00:00,7.085446700518643,9.496999740600586
97,2018-06-15T23:00:00,1.1758843303188762,9.425999641418455
97,2018-06-16T00:00:00,13.460988329002808,9.21500015258789
97,2018-06-16T01:00:00,4.302191446703086,9.28600025177002
97,2018-06-16T02:00:00,11.262820182956668,9.003999710083008
97,2018-06-16T03:00:00,15.051400720620135,8.86400032043457
97,2018-06-16T04:00:00,8.361626489656803,8.51200008392334
97,2018-06-16T05:00:00,8.331950524191345,8.51200008392334
97,2018-06-16T06:00:00,10.689522001645113,8.581999778747559
97,2018-06-16T07:00:00,4.713260165335585,8.793000221252441
97,2018-06-16T08:00:00,15.05462935294648,9.425999641418455
97,2018-06-16T09:00:00,10.516001974038343,8.722999572753906
97,2018-06-16T10:00:00,10.348170760771627,9.145000457763672
97,2018-06-16T11:00:00,12.126329354306367,9.003999710083008
97,2018-06-16T12:00:00,6.149506222531842,9.21500015258789
97,2018-06-16T13:00:00,13.686166472972873,9.425999641418455
97,2018-06-16T14:00:00,10.490551924191806,10.130000114440918
97,2018-06-16T15:00:00,9.127393806457597,10.762999534606934
97,2018-06-16T16:00:00,10.765442185760453,10.552000045776367
97,2018-06-16T17:00:00,14.902818727047483,9.918999671936035
97,2018-06-16T18:00:00,9.393768729998062,9.355999946594238
97,2018-06-16T19:00:00,1.6738669663907455,9.21500015258789
97,2018-06-16T20:00:00,10.991192139032702,9.21500015258789
97,2018-06-16T21:00:00,5.0735750130228485,8.442000389099121
97,2018-06-16T22:00:00,14.122718850396046,8.51200008392334
97,2018-06-16T23:00:00,7.98064962355296,8.300999641418457
97,2018-06-17T00:00:00,12.733557048337467,8.159999847412111
97,2018-06-17T01:00:00,11.402563510598968,8.51200008392334
97,2018-06-17T02:00:00,8.750089730303682,8.020000457763674
97,2018-06-17T03:00:00,12.289768650125787,8.020000457763674
97,2018-06-17T04:00:00,3.476266631600275,8.020000457763674
97,2018-06-17T05:00:00,16.3802016634213,7.948999881744385
97,2018-06-17T06:00:00,13.772802118473532,7.668000221252441
97,2018-06-17T07:00:00,8.812391710104334,7.948999881744385
97,2018-06-17T08:00:00,2.1751546214716075,8.230999946594237
97,2018-06-17T09:00:00,10.41464540533809,8.371000289916992
97,2018-06-17T10:00:00,10.47829224704163,8.442000389099121
97,2018-06-17T11:00:00,1.253053909973941,8.652999877929688
97,2018-06-17T12:00:00,8.312913522483761,9.28600025177002
97,2018-06-17T13:00:00,16.506807396581845,10.270999908447266
97,2018-06-17T14:00:00,10.744811973453476,11.326000213623049
97,2018-06-17T15:00:00,16.12259114862749,12.451000213623049
97,2018-06-17T16:00:00,7.1957037829080015,12.380999565124512
97,2018-06-17T17:00:00,12.003387952251828,11.536999702453612
97,2018-06-17T18:00:00,8.994625178923702,11.326000213623049
97,2018-06-17T19:00:00,6.141898566379867,10.833000183105469
97,2018-06-17T20:00:00,15.439477035739703,10.270999908447266
97,2018-06-17T21:00:00,9.624227702539372,10.199999809265137
97,2018-06-17T22:00:00,9.475796579295597,9.637999534606934
97,2018-06-17T23:00:00,3.8183311439584138,9.56700038909912
97,2018-06-18T00:00:00,10.650390585111776,9.28600025177002
97,2018-06-18T01:00:00,11.647183735647491,9.21500015258789
97,2018-06-18T02:00:00,6.549936444073554,9.21500015258789
97,2018-06-18T03:00:00,16.170219522892502,8.86400032043457
97,2018-06-18T04:00:00,14.67436918566927,9.074999809265137
97,2018-06-18T05:00:00,7.097492667040514,9.003999710083008
97,2018-06-18T06:00:00,10.599788321922432,9.21500015258789
97,2018-06-18T07:00:00,13.831223457671676,9.28600025177002
97,2018-06-18T08:00:00,8.292215082387397,9.145000457763672
97,2018-06-18T09:00:00,14.57061982947117,9.777999877929688
97,2018-06-18T10:00:00,12.157408788564993,9.98900032043457
97,2018-06-18T11:00:00,14.062501530215197,10.0600004196167
97,2018-06-18T12:00:00,11.95119390354281,10.833000183105469
97,2018-06-18T13:00:00,13.023578525407755,11.1850004196167
97,2018-06-18T14:00:00,5.783329144818435,11.958999633789062
97,2018-06-18T15:00:00,12.330364054855373,13.085000038146973
97,2018-06-18T16:00:00,10.405303589132364,11.958999633789062
97,2018-06-18T17:00:00,13.284400813128526,12.029000282287598
97,2018-06-18T18:00:00,1.9256673780227729,12.029000282287598
97,2018-06-18T19:00:00,8.872485533130408,11.817999839782717
97,2018-06-18T20:00:00,14.37287954088475,10.621999740600586
97,2018-06-18T21:00:00,12.700162633855197,10.199999809265137
97,2018-06-18T22:00:00,8.492844389103285,10.130000114440918
98,2018-06-15T23:00:00,3.8934476135980844,9.425999641418455
98,2018-06-16T00:00:00,9.374041438495897,9.21500015258789
98,2018-06-16T01:00:00,8.376844930621022,9.28600025177002
98,2018-06-16T02:00:00,11.700069103592238,9.003999710083008
98,2018-06-16T03:00:00,10.263372761561996,8.86400032043457
98,2018-06-16T04:00:00,10.311973236474623,8.51200008392334
98,2018-06-16T05:00:00,5.392067369630745,8.51200008392334
98,2018-06-16T06:00:00,11.410630050733326,8.581999778747559
98,2018-06-16T07:00:00,9.43204141890131,8.793000221252441
98,2018-06-16T08:00:00,11.419441798923177,9.425999641418455
98,2018-06-16T09:00:00,6.903534940616209,8.722999572753906
98,2018-06-16T10:00:00,7.005241623868724,9.145000457763672
98,2018-06-16T11:00:00,9.962880722200653,9.003999710083008
98,2018-06-16T12:00:00,9.13917711687579,9.21500015258789
98,2018-06-16T13:00:00,16.06705206110488,9.425999641418455
98,2018-06-16T14:00:00,7.28067081624112,10.130000114440918
98,2018-06-16T15:00:00,16.20474066548594,10.762999534606934
98,2018-06-16T16:00:00,11.486229045044857,10.552000045776367
98,2018-06-16T17:00:00,9.950725829474653,9.918999671936035
98,2018-06-16T18:00:00,14.075546846057824,9.355999946594238
98,2018-06-16T19:00:00,5.164395515255631,9.21500015258789
98,2018-06-16T20:00:00,10.111299786543682,9.21500015258789
98,2018-06-16T21:00:00,14.891760074271323,8.442000389099121
98,2018-06-16T22:00:00,6.926247713603624,8.51200008392334
98,2018-06-16T23:00:00,1.0497687470919974,8.300999641418457
98,2018-06-17T00:00:00,13.14801424267972,8.159999847412111
98,2018-06-17T01:00:00,4.257212939800715,8.51200008392334
98,2018-06-17T02:00:00,10.995445946331344,8.020000457763674
98,2018-06-17T03:00:00,14.762330574490843,8.020000457763674
98,2018-06-17T04:00:00,8.144000506261305,8.020000457763674
98,2018-06-17T05:00:00,8.115610734893876,7.948999881744385
98,2018-06-17T06:00:00,10.437378545146426,7.668000221252441
98,2018-06-17T07:00:00,4.645620507070186,7.948999881744385
98,2018-06-17T08:00:00,14.769648567260965,8.230999946594237
98,2018-06-17T09:00:00,10.26708158345272,8.371000289916992
98,2018-06-17T10:00:00,10.100143425763388,8.442000389099121
98,2018-06-17T11:00:00,11.871682241374511,8.652999877929688
98,2018-06-17T12:00:00,6.023064902773758,9.28600025177002
98,2018-06-17T13:00:00,13.386606030096113,10.270999908447266
98,2018-06-17T14:00:00,10.24537790242778,11.326000213623049
98,2018-06-17T15:00:00,8.905752600810125,12.451000213623049
98,2018-06-17T16:00:00,10.52229075137611,12.380999565124512
98,2018-06-17T17:00:00,14.619195599938177,11.536999702453612
98,2018-06-17T18:00:00,9.168531175191276,11.326000213623049
98,2018-06-17T19:00:00,1.572900607959145,10.833000183105469
98,2018-06-17T20:00:00,10.749594807401317,10.270999908447266
98,2018-06-17T21:00:00,4.990137167996512,10.199999809265137
98,2018-06-17T22:00:00,13.823936904158188,9.637999534606934
98,2018-06-17T23:00:00,7.78062922016411,9.56700038909912
98,2018-06-18T00:00:00,12.473053466915385,9.28600025177002
98,2018-06-18T01:00:00,11.151995119582395,9.21500015258789
98,2018-06-18T02:00:00,8.538494927649467,9.21500015258789
98,2018-06-18T03:00:00,12.045019151942103,8.86400032043457
98,2018-06-18T04:00:00,3.432541224216184,9.074999809265137
98,2018-06-18T05:00:00,16.13867942888081,9.003999710083008
98,2018-06-18T06:00:00,13.485106106500824,9.21500015258789
98,2018-06-18T07:00:00,8.601709369054067,9.28600025177002
98,2018-06-18T08:00:00,2.09319873296403,9.145000457763672
98,2018-06-18T09:00:00,10.17787651880593,9.777999877929688
98,2018-06-18T10:00:00,10.242428360945492,9.98900032043457
98,2018-06-18T11:00:00,1.1438506823298855,10.0600004196167
98,2018-06-18T12:00:00,8.108678260949203,10.833000183105469
98,2018-06-18T13:00:00,16.272332640744775,11.1850004196167
98,2018-06-18T14:00:00,10.512912996986563,11.958999633789062
98,2018-06-18T15:00:00,15.878669991920571,13.085000038146973
98,2018-06-18T16:00:00,7.034945850868281,11.958999633789062
98,2018-06-18T17:00:00,11.7582506951485,12.029000282287598
98,2018-06-18T18:00:00,8.78550264696249,12.029000282287598
98,2018-06-18T19:00:00,6.018463652592541,11.817999839782717
98,2018-06-18T20:00:00,15.179051432564025,10.621999740600586
98,2018-06-18T21:00:00,9.39789892913006,10.199999809265137
98,2018-06-18T22:00:00,9.255209838771107,10.130000114440918
98,2018-06-18T23:00:00,3.774355273468494,10.270999908447266
98,2018-06-19T00:00:00,10.421427422325081,9.777999877929688
98,2018-06-19T01:00:00,11.399575071390503,9.21500015258789
98,2018-06-19T02:00:00,6.413351433616128,9.21500015258789
98,2018-06-19T03:00:00,15.933235470686029,9.074999809265137
98,2018-06-19T04:00:00,14.400128175046703,9.003999710083008
98,2018-06-19T05:00:00,6.940584289405093,9.145000457763672
98,2018-06-19T06:00:00,10.372478478790285,9.637999534606934
98,2018-06-19T07:00:00,13.554830625242506,9.496999740600586
98,2018-06-19T08:00:00,8.093044677140627,9.074999809265137
98,2018-06-19T09:00:00,14.296412502128943,9.355999946594238
98,2018-06-19T10:00:00,11.92343540728098,9.777999877929688
98,2018-06-19T11:00:00,13.785314906995914,9.848999977111816
98,2018-06-19T12:00:00,11.711259037996268,10.130000114440918
98,2018-06-19T13:00:00,12.763182454982422,9.777999877929688
98,2018-06-19T14:00:00,5.676198346379673,5.557000160217285
98,2018-06-19T15:00:00,12.096896670529699,5.627999782562256
98,2018-06-19T16:00:00,10.179141863246711,4.64300012588501
98,2018-06-19T17:00:00,13.018544637716492,5.276000022888184
98,2018-06-19T18:00:00,1.8452165793251094,6.683000087738037
98,2018-06-19T19:00:00,8.672189518924043,6.752999782562256
98,2018-06-19T20:00:00,14.09914415155436,7.105000019073486
98,2018-06-19T21:00:00,12.450290997531113,4.572999954223633
98,2018-06-19T22:00:00,8.29595843771493,5.135000228881836
99,2018-06-16T23:00:00,3.8946075266096774,8.300999641418457
99,2018-06-17T00:00:00,9.11276198076833,8.159999847412111
99,2018-06-17T01:00:00,8.155495542170746,8.51200008392334
99,2018-06-17T02:00:00,11.415735993368365,8.020000457763674
99,2018-06-17T03:00:00,9.98542954622247,8.020000457763674
99,2018-06-17T04:00:00,10.034368131721779,8.020000457763674
99,2018-06-17T05:00:00,5.3598237369129205,7.948999881744385
99,2018-06-17T06:00:00,11.121671115469432,7.668000221252441
99,2018-06-17T07:00:00,9.190083493722433,7.948999881744385
99,2018-06-17T08:00:00,11.131944910841755,8.230999946594237
99,2018-06-17T09:00:00,6.786072810949591,8.371000289916992
99,2018-06-17T10:00:00,6.882966154930493,8.442000389099121
99,2018-06-17T11:00:00,9.69968770203592,8.652999877929688
99,2018-06-17T12:00:00,8.914714352267762,9.28600025177002
99,2018-06-17T13:00:00,15.804278280696403,10.270999908447266
99,2018-06-17T14:00:00,7.13549128405772,11.326000213623049
99,2018-06-17T15:00:00,15.950695720972739,12.451000213623049
99,2018-06-17T16:00:00,11.20466773791916,12.380999565124512
99,2018-06-17T17:00:00,9.689943209543681,11.536999702453612
99,2018-06-17T18:00:00,13.720998055426914,11.326000213623049
99,2018-06-17T19:00:00,5.15365474667678,10.833000183105469
99,2018-06-17T20:00:00,9.848798192135419,10.270999908447266
99,2018-06-17T21:00:00,14.55323389178566,10.199999809265137
99,2018-06-17T22:00:00,6.809718494702944,9.637999534606934
99,2018-06-17T23:00:00,1.0025587218699759,9.56700038909912
99,2018-06-18T00:00:00,12.816358349498204,9.28600025177002
99,2018-06-18T01:00:00,4.288868997103595,9.21500015258789
99,2018-06-18T02:00:00,10.72109515563792,9.21500015258789
99,2018-06-18T03:00:00,14.418621160880548,8.86400032043457
99,2018-06-18T04:00:00,7.9456644563001735,9.074999809265137
99,2018-06-18T05:00:00,7.917509091540401,9.003999710083008
99,2018-06-18T06:00:00,10.172272917223491,9.21500015258789
99,2018-06-18T07:00:00,4.655211684604062,9.28600025177002
99,2018-06-18T08:00:00,14.423581792797982,9.145000457763672
99,2018-06-18T09:00:00,10.003107361505162,9.777999877929688
99,2018-06-18T10:00:00,9.837196848854191,9.98900032043457
99,2018-06-18T11:00:00,11.59701792807555,10.0600004196167
99,2018-06-18T12:00:00,5.955450210336684,10.833000183105469
99,2018-06-18T13:00:00,13.0462417774075,11.1850004196167
99,2018-06-18T14:00:00,9.980129663991708,11.958999633789062
99,2018-06-18T15:00:00,8.692026649229486,13.085000038146973
99,2018-06-18T16:00:00,10.254911609887017,11.958999633789062
99,2018-06-18T17:00:00,14.264763096000467,12.029000282287598
99,2018-06-18T18:00:00,8.943702015115905,12.029000282287598
99,2018-06-18T19:00:00,1.5423507980746756,11.817999839782717
99,2018-06-18T20:00:00,10.479304221917431,10.621999740600586
99,2018-06-18T21:00:00,4.9754016460162624,10.199999809265137
99,2018-06-18T22:00:00,13.459373367031803,10.130000114440918
99,2018-06-18T23:00:00,7.58300016141183,10.270999908447266
99,2018-06-19T00:00:00,12.173193924353132,9.777999877929688
99,2018-06-19T01:00:00,10.873529963382012,9.21500015258789
99,2018-06-19T02:00:00,8.324583671130423,9.21500015258789
99,2018-06-19T03:00:00,11.761298833531212,9.074999809265137
99,2018-06-19T04:00:00,3.4460428344753087,9.003999710083008
99,2018-06-19T05:00:00,15.85449360548457,9.145000457763672
99,2018-06-19T06:00:00,13.137395816860455,9.637999534606934
99,2018-06-19T07:00:00,8.385032652115576,9.496999740600586
99,2018-06-19T08:00:00,2.0750531504365917,9.074999809265137
99,2018-06-19T09:00:00,9.906540488140838,9.355999946594238
99,2018-06-19T10:00:00,9.970924496047697,9.777999877929688
99,2018-06-19T11:00:00,1.1041128527575186,9.848999977111816
99,2018-06-19T12:00:00,7.897731451904868,10.130000114440918
99,2018-06-19T13:00:00,15.994290883906576,9.777999877929688
99,2018-06-19T14:00:00,10.24118016667073,5.557000160217285
99,2018-06-19T15:00:00,15.574858856366053,5.627999782562256
99,2018-06-19T16:00:00,6.881190782177869,4.64300012588501
99,2018-06-19T17:00:00,11.47446310171927,5.276000022888184
99,2018-06-19T18:00:00,8.56531126630364,6.683000087738037
99,2018-06-19T19:00:00,5.933189523539605,6.752999782562256
99,2018-06-19T20:00:00,14.83046023215649,7.105000019073486
99,2018-06-19T21:00:00,9.14683821765287,4.572999954223633
99,2018-06-19T22:00:00,9.013919065594752,5.135000228881836
99,2018-06-19T23:00:00,3.7836714117211834,5.908999919891357
99,2018-06-20T00:00:00,10.151269924827414,6.541999816894531
99,2018-06-20T01:00:00,11.119043888031474,7.315999984741211
99,2018-06-20T02:00:00,6.299071215184968,6.964000225067139
99,2018-06-20T03:00:00,15.636785500618801,7.105000019073486
99,2018-06-20T04:00:00,14.0354123050727,7.105000019073486
99,2018-06-20T05:00:00,6.791856229419503,7.105000019073486
99,2018-06-20T06:00:00,10.104225451307837,7.315999984741211
99,2018-06-20T07:00:00,13.208768530527223,7.456999778747559
99,2018-06-20T08:00:00,7.885323462154609,7.105000019073486
99,2018-06-20T09:00:00,13.932877203258537,7.456999778747559
99,2018-06-20T10:00:00,11.646108104345467,8.090000152587889
99,2018-06-20T11:00:00,13.429915480126372,8.090000152587889
99,2018-06-20T12:00:00,11.434280316746163,8.51200008392334
99,2018-06-20T13:00:00,12.453812506163118,8.371000289916992
99,2018-06-20T14:00:00,5.624513383096639,8.934000015258789
99,2018-06-20T15:00:00,11.81781413965602,8.722999572753906
99,2018-06-20T16:00:00,9.914994821642294,8.86400032043457
99,2018-06-20T17:00:00,12.703398567551032,9.28600025177002
99,2018-06-20T18:00:00,1.8301955940517711,9.145000457763672
99,2018-06-20T19:00:00,8.462859872058255,9.28600025177002
99,2018-06-20T20:00:00,13.738981603401246,9.21500015258789
99,2018-06-20T21:00:00,12.154338007366379,8.652999877929688
99,2018-06-20T22:00:00,8.092133194577402,8.722999572753906
100,2018-06-17T23:00:00,3.9887153362577266,9.56700038909912
100,2018-06-18T00:00:00,9.433829798412148,9.28600025177002
100,2018-06-18T01:00:00,8.452333835034569,9.21500015258789
100,2018-06-18T02:00:00,11.766330682076937,9.21500015258789
100,2018-06-18T03:00:00,10.302524694668593,8.86400032043457
100,2018-06-18T04:00:00,10.349452983366279,9.074999809265137
100,2018-06-18T05:00:00,5.5258056595883716,9.003999710083008
100,2018-06-18T06:00:00,11.467458246422751,9.21500015258789
100,2018-06-18T07:00:00,9.479940195624888,9.28600025177002
100,2018-06-18T08:00:00,11.473054303380735,9.145000457763672
100,2018-06-18T09:00:00,6.977509745075498,9.777999877929688
100,2018-06-18T10:00:00,7.081881512738942,9.98900032043457
100,2018-06-18T11:00:00,9.984810788077294,10.0600004196167
100,2018-06-18T12:00:00,9.192649201658874,10.833000183105469
100,2018-06-18T13:00:00,16.114778264989546,11.1850004196167
100,2018-06-18T14:00:00,7.346579328285822,11.958999633789062
100,2018-06-18T15:00:00,16.25367322635074,13.085000038146973
100,2018-06-18T16:00:00,11.530532062470272,11.958999633789062
100,2018-06-18T17:00:00,9.967851289262754,12.029000282287598
100,2018-06-18T18:00:00,14.073221581339592,12.029000282287598
100,2018-06-18T19:00:00,5.271591411477008,11.817999839782717
100,2018-06-18T20:00:00,10.126278279133224,10.621999740600586
100,2018-06-18T21:00:00,14.883162896516062,10.199999809265137
100,2018-06-18T22:00:00,6.990633808584343,10.130000114440918
100,2018-06-18T23:00:00,1.135381405412609,10.270999908447266
100,2018-06-19T00:00:00,13.160376479390479,9.777999877929688
100,2018-06-19T01:00:00,4.339075880210343,9.21500015258789
100,2018-06-19T02:00:00,11.017471941698009,9.21500015258789
100,2018-06-19T03:00:00,14.74495670132566,9.074999809265137
100,2018-06-19T04:00:00,8.185257252179905,9.003999710083008
100,2018-06-19T05:00:00,8.155799426218884,9.145000457763672
100,2018-06-19T06:00:00,10.441290770060874,9.637999534606934
100,2018-06-19T07:00:00,4.729225004494259,9.496999740600586
100,2018-06-19T08:00:00,14.744436635592997,9.074999809265137
100,2018-06-19T09:00:00,10.267496601967522,9.355999946594238
100,2018-06-19T10:00:00,10.09959152757909,9.777999877929688
100,2018-06-19T11:00:00,11.887339044114633,9.848999977111816
100,2018-06-19T12:00:00,6.087561894856245,10.130000114440918
100,2018-06-19T13:00:00,13.37424000794979,9.777999877929688
100,2018-06-19T14:00:00,10.239442729595895,5.557000160217285
100,2018-06-19T15:00:00,8.926030747168955,5.627999782562256
100,2018-06-19T16:00:00,10.513238970470667,4.64300012588501
100,2018-06-19T17:00:00,14.579311430577075,5.276000022888184
100,2018-06-19T18:00:00,9.178971719801837,6.683000087738037
100,2018-06-19T19:00:00,1.6478160682816068,6.752999782562256
100,2018-06-19T20:00:00,10.737748494471248,7.105000019073486
100,2018-06-19T21:00:00,5.061559849492786,4.572999954223633
100,2018-06-19T22:00:00,13.781819313275433,5.135000228881836
100,2018-06-19T23:00:00,7.794093330686554,5.908999919891357
100,2018-06-20T00:00:00,12.462212588771107,6.541999816894531
100,2018-06-20T01:00:00,11.150534440328636,7.315999984741211
100,2018-06-20T02:00:00,8.546949677943044,6.964000225067139
100,2018-06-20T03:00:00,12.034246710104162,7.105000019073486
100,2018-06-20T04:00:00,3.4847217774925188,7.105000019073486
100,2018-06-20T05:00:00,16.111412466456333,7.105000019073486
100,2018-06-20T06:00:00,13.449086446875555,7.315999984741211
100,2018-06-20T07:00:00,8.604494106691043,7.456999778747559
100,2018-06-20T08:00:00,2.1571634172441208,7.105000019073486
100,2018-06-20T09:00:00,10.152682003986271,7.456999778747559
100,2018-06-20T10:00:00,10.216511709491723,8.090000152587889
100,2018-06-20T11:00:00,1.2178404829229823,8.090000152587889
100,2018-06-20T12:00:00,8.113632251197672,8.51200008392334
100,2018-06-20T13:00:00,16.24137881202305,8.371000289916992
100,2018-06-20T14:00:00,10.484496019783233,8.934000015258789
100,2018-06-20T15:00:00,15.835976034822783,8.722999572753906
100,2018-06-20T16:00:00,7.05051627275618,8.86400032043457
100,2018-06-20T17:00:00,11.748718344458965,9.28600025177002
100,2018-06-20T18:00:00,8.780673627000196,9.145000457763672
100,2018-06-20T19:00:00,6.055321666934455,9.28600025177002
100,2018-06-20T20:00:00,15.116654133899837,9.21500015258789
100,2018-06-20T21:00:00,9.379115095126926,8.652999877929688
100,2018-06-20T22:00:00,9.240310991250464,8.722999572753906
100,2018-06-20T23:00:00,3.8206443545786595,9.003999710083008
100,2018-06-21T00:00:00,10.392019976706878,9.003999710083008
100,2018-06-21T01:00:00,11.39737548312238,8.934000015258789
100,2018-06-21T02:00:00,6.439526674903879,8.581999778747559
100,2018-06-21T03:00:00,15.892575677687004,8.371000289916992
100,2018-06-21T04:00:00,14.336451811335891,8.51200008392334
100,2018-06-21T05:00:00,6.959192300943101,8.51200008392334
100,2018-06-21T06:00:00,10.344274392200026,8.86400032043457
100,2018-06-21T07:00:00,13.511811411585105,8.300999641418457
100,2018-06-21T08:00:00,8.097556673730447,8.86400032043457
100,2018-06-21T09:00:00,14.234951186715463,8.51200008392334
100,2018-06-21T10:00:00,11.910414138807651,8.371000289916992
100,2018-06-21T11:00:00,13.734283332760533,8.51200008392334
100,2018-06-21T12:00:00,11.706878172585785,8.442000389099121
100,2018-06-21T13:00:00,12.744739597176615,8.86400032043457
100,2018-06-21T14:00:00,5.735415921896012,9.56700038909912
100,2018-06-21T15:00:00,12.082442832323114,9.918999671936035
100,2018-06-21T16:00:00,10.155505682762456,10.0600004196167
100,2018-06-21T17:00:00,13.001200086774617,9.848999977111816
100,2018-06-21T18:00:00,1.912538244266008,9.637999534606934
100,2018-06-21T19:00:00,8.675669236701399,9.003999710083008
100,2018-06-21T20:00:00,14.043436216916534,8.652999877929688
100,2018-06-21T21:00:00,12.437778528746628,8.371000289916992
100,2018-06-21T22:00:00,8.304557639696437,8.159999847412111
101,2018-06-18T23:00:00,4.153096256836932,10.270999908447266
101,2018-06-19T00:00:00,10.185549291473844,9.777999877929688
101,2018-06-19T01:00:00,9.125987952817667,9.21500015258789
101,2018-06-19T02:00:00,12.581938230430133,9.21500015258789
101,2018-06-19T03:00:00,11.090369810957007,9.074999809265137
101,2018-06-19T04:00:00,11.135827289719671,9.003999710083008
101,2018-06-19T05:00:00,5.871316984344002,9.145000457763672
101,2018-06-19T06:00:00,12.33372775736342,9.637999534606934
101,2018-06-19T07:00:00,10.240787245442974,9.496999740600586
101,2018-06-19T08:00:00,12.343088332031837,9.074999809265137
101,2018-06-19T09:00:00,7.5181503055155545,9.355999946594238
101,2018-06-19T10:00:00,7.633106164181003,9.777999877929688
101,2018-06-19T11:00:00,10.817305831676727,9.848999977111816
101,2018-06-19T12:00:00,9.92572221778289,10.130000114440918
101,2018-06-19T13:00:00,16.85470530121366,9.777999877929688
101,2018-06-19T14:00:00,7.952870015188321,5.557000160217285
101,2018-06-19T15:00:00,16.98199894436688,5.627999782562256
101,2018-06-19T16:00:00,12.409715085757615,4.64300012588501
101,2018-06-19T17:00:00,10.811354354174878,5.276000022888184
101,2018-06-19T18:00:00,15.010304877360895,6.683000087738037
101,2018-06-19T19:00:00,5.597003779701012,6.752999782562256
101,2018-06-19T20:00:00,10.962332119131133,7.105000019073486
101,2018-06-19T21:00:00,15.802156954857233,4.572999954223633
101,2018-06-19T22:00:00,7.556884695143266,5.135000228881836
101,2018-06-19T23:00:00,1.6537701849485487,5.908999919891357
101,2018-06-20T00:00:00,14.120878856596807,6.541999816894531
101,2018-06-20T01:00:00,4.530252991770935,7.315999984741211
101,2018-06-20T02:00:00,11.880898888018432,6.964000225067139
101,2018-06-20T03:00:00,15.679829522082812,7.105000019073486
101,2018-06-20T04:00:00,8.907655748525071,7.105000019073486
101,2018-06-20T05:00:00,8.879119181759748,7.105000019073486
101,2018-06-20T06:00:00,11.26958650404936,7.315999984741211
101,2018-06-20T07:00:00,4.998058182813427,7.456999778747559
101,2018-06-20T08:00:00,15.686129966934823,7.105000019073486
101,2018-06-20T09:00:00,11.111901381065609,7.456999778747559
101,2018-06-20T10:00:00,10.956704435318656,8.090000152587889
101,2018-06-20T11:00:00,12.745666400295576,8.090000152587889
101,2018-06-20T12:00:00,6.57974648385475,8.51200008392334
101,2018-06-20T13:00:00,14.35237155137498,8.371000289916992
101,2018-06-20T14:00:00,11.091999939975313,8.934000015258789
101,2018-06-20T15:00:00,9.683249866099416,8.722999572753906
101,2018-06-20T16:00:00,11.350168282830658,8.86400032043457
101,2018-06-20T17:00:00,15.537493652999343,9.28600025177002
101,2018-06-20T18:00:00,9.962734338703035,9.145000457763672
101,2018-06-20T19:00:00,2.1227742486036085,9.28600025177002
101,2018-06-20T20:00:00,11.578362083742626,9.21500015258789
101,2018-06-20T21:00:00,5.4075756579856495,8.652999877929688
101,2018-06-20T22:00:00,14.770660523469493,8.722999572753906
101,2018-06-20T23:00:00,8.533061302078995,9.003999710083008
101,2018-06-21T00:00:00,13.420605143397585,9.003999710083008
101,2018-06-21T01:00:00,12.05364599960565,8.934000015258789
101,2018-06-21T02:00:00,9.310713758583358,8.581999778747559
101,2018-06-21T03:00:00,12.909131315693307,8.371000289916992
101,2018-06-21T04:00:00,3.7312436094260324,8.51200008392334
101,2018-06-21T05:00:00,16.932022904683546,8.51200008392334
101,2018-06-21T06:00:00,14.448782826946596,8.86400032043457
101,2018-06-21T07:00:00,9.376276826531097,8.300999641418457
101,2018-06-21T08:00:00,2.572658142055408,8.86400032043457
101,2018-06-21T09:00:00,11.031387404292465,8.51200008392334
101,2018-06-21T10:00:00,11.092301908220511,8.371000289916992
101,2018-06-21T11:00:00,1.755363594247127,8.51200008392334
101,2018-06-21T12:00:00,8.881279219384272,8.442000389099121
101,2018-06-21T13:00:00,17.055556273851156,8.86400032043457
101,2018-06-21T14:00:00,11.348014219767993,9.56700038909912
101,2018-06-21T15:00:00,16.700051726160478,9.918999671936035
101,2018-06-21T16:00:00,7.71089856763669,10.0600004196167
101,2018-06-21T17:00:00,12.666984529143372,9.848999977111816
101,2018-06-21T18:00:00,9.570206549505292,9.637999534606934
101,2018-06-21T19:00:00,6.607208962557321,9.003999710083008
101,2018-06-21T20:00:00,16.06972636810044,8.652999877929688
101,2018-06-21T21:00:00,10.248321529003386,8.371000289916992
101,2018-06-21T22:00:00,10.08683710417603,8.159999847412111
101,2018-06-21T23:00:00,4.079964724915703,8.090000152587889
101,2018-06-22T00:00:00,11.270414342202518,8.230999946594237
101,2018-06-22T01:00:00,12.354651351588885,8.371000289916992
101,2018-06-22T02:00:00,7.050023825647985,8.159999847412111
101,2018-06-22T03:00:00,16.760969984486884,8.020000457763674
101,2018-06-22T04:00:00,15.344249251958768,7.809000015258789
101,2018-06-22T05:00:00,7.6284379899955415,7.668000221252441
101,2018-06-22T06:00:00,11.230507923708554,5.627999782562256
101,2018-06-22T07:00:00,14.538921474622528,7.0349998474121085
101,2018-06-22T08:00:00,8.88798697175962,4.8540000915527335
101,2018-06-22T09:00:00,15.251693250134164,6.683000087738037
101,2018-06-22T10:00:00,12.81763237359294,6.401999950408936
101,2018-06-22T11:00:00,14.765101900747501,6.752999782562256
101,2018-06-22T12:00:00,12.649817072729196,3.6579999923706055
101,2018-06-22T13:00:00,13.761280449338585,3.6579999923706055
101,2018-06-22T14:00:00,6.241213482008504,4.150000095367432
101,2018-06-22T15:00:00,13.000032559932514,4.64300012588501
101,2018-06-22T16:00:00,11.060106419402894,5.9790000915527335
101,2018-06-22T17:00:00,14.034571328697279,4.361999988555908
101,2018-06-22T18:00:00,2.361955755219748,4.64300012588501
101,2018-06-22T19:00:00,9.488222101308939,5.839000225067139
101,2018-06-22T20:00:00,15.078052849226749,5.908999919891357
101,2018-06-22T21:00:00,13.444655118126127,5.9790000915527335
101,2018-06-22T22:00:00,9.111734358190745,5.839000225067139
102,2018-06-19T23:00:00,4.071465710214547,5.908999919891357
102,2018-06-20T00:00:00,10.020872073582959,6.541999816894531
102,2018-06-20T01:00:00,8.974665904757597,7.315999984741211
102,2018-06-20T02:00:00,12.403856513694215,6.964000225067139
102,2018-06-20T03:00:00,10.932598187397229,7.105000019073486
102,2018-06-20T04:00:00,10.980755967277886,7.105000019073486
102,2018-06-20T05:00:00,5.767463123351389,7.105000019073486
102,2018-06-20T06:00:00,12.176859428622276,7.315999984741211
102,2018-06-20T07:00:00,10.107125346469136,7.456999778747559
102,2018-06-20T08:00:00,12.192034162397526,7.105000019073486
102,2018-06-20T09:00:00,7.424060284182511,7.456999778747559
102,2018-06-20T10:00:00,7.5373488146643535,8.090000152587889
102,2018-06-20T11:00:00,10.696722534513622,8.090000152587889
102,2018-06-20T12:00:00,9.80104093608786,8.51200008392334
102,2018-06-20T13:00:00,16.706196075907897,8.371000289916992
102,2018-06-20T14:00:00,7.856581881869511,8.934000015258789
102,2018-06-20T15:00:00,16.83843481805611,8.722999572753906
102,2018-06-20T16:00:00,12.274525970083879,8.86400032043457
102,2018-06-20T17:00:00,10.699682636970442,9.28600025177002
102,2018-06-20T18:00:00,14.857073067329202,9.145000457763672
102,2018-06-20T19:00:00,5.530615308632509,9.28600025177002
102,2018-06-20T20:00:00,10.850660579369118,9.21500015258789
102,2018-06-20T21:00:00,15.663575623455674,8.652999877929688
102,2018-06-20T22:00:00,7.478508026702809,8.722999572753906
102,2018-06-20T23:00:00,1.5888708672314298,9.003999710083008
102,2018-06-21T00:00:00,13.980731434942363,9.003999710083008
102,2018-06-21T01:00:00,4.487291530248115,8.934000015258789
102,2018-06-21T02:00:00,11.763123693047383,8.581999778747559
102,2018-06-21T03:00:00,15.547963306052418,8.371000289916992
102,2018-06-21T04:00:00,8.815109238512871,8.51200008392334
102,2018-06-21T05:00:00,8.787927250216502,8.51200008392334
102,2018-06-21T06:00:00,11.165034814943056,8.86400032043457
102,2018-06-21T07:00:00,4.953708838234531,8.300999641418457
102,2018-06-21T08:00:00,15.560749598328014,8.86400032043457
102,2018-06-21T09:00:00,11.013964356130767,8.51200008392334
102,2018-06-21T10:00:00,10.862554041117466,8.371000289916992
102,2018-06-21T11:00:00,12.640259029483193,8.51200008392334
102,2018-06-21T12:00:00,6.526710471514958,8.442000389099121
102,2018-06-21T13:00:00,14.229490647318407,8.86400032043457
102,2018-06-21T14:00:00,11.000002250318236,9.56700038909912
102,2018-06-21T15:00:00,9.601080375832458,9.918999671936035
102,2018-06-21T16:00:00,11.256451122348007,10.0600004196167
102,2018-06-21T17:00:00,15.421386684342961,9.848999977111816
102,2018-06-21T18:00:00,9.883207889262843,9.637999534606934
102,2018-06-21T19:00:00,2.076185966115844,9.003999710083008
102,2018-06-21T20:00:00,11.48581859115885,8.652999877929688
102,2018-06-21T21:00:00,5.371084671454362,8.371000289916992
102,2018-06-21T22:00:00,14.653762471161548,8.159999847412111
102,2018-06-21T23:00:00,8.464336494289018,8.090000152587889
102,2018-06-22T00:00:00,13.32338924990821,8.230999946594237
102,2018-06-22T01:00:00,11.96001588431027,8.371000289916992
102,2018-06-22T02:00:00,9.240157644280618,8.159999847412111
102,2018-06-22T03:00:00,12.82087113314374,8.020000457763674
102,2018-06-22T04:00:00,3.706490112179008,7.809000015258789
102,2018-06-22T05:00:00,16.84410181557671,7.668000221252441
102,2018-06-22T06:00:00,14.344005318357908,5.627999782562256
102,2018-06-22T07:00:00,9.30939795163656,7.0349998474121085
102,2018-06-22T08:00:00,2.5374064179121483,4.8540000915527335
102,2018-06-22T09:00:00,10.95543199108446,6.683000087738037
102,2018-06-22T10:00:00,11.016242131279249,6.401999950408936
102,2018-06-22T11:00:00,1.7123359796733535,6.752999782562256
102,2018-06-22T12:00:00,8.817361829460273,3.6579999923706055
102,2018-06-22T13:00:00,16.97517268844843,3.6579999923706055
102,2018-06-22T14:00:00,11.271399280227888,4.150000095367432
102,2018-06-22T15:00:00,16.615618320392834,4.64300012588501
102,2018-06-22T16:00:00,7.660936205457965,5.9790000915527335
102,2018-06-22T17:00:00,12.583327411802445,4.361999988555908
102,2018-06-22T18:00:00,9.50914836844063,4.64300012588501
102,2018-06-22T19:00:00,6.570977931990349,5.839000225067139
102,2018-06-22T20:00:00,15.978030679442087,5.908999919891357
102,2018-06-22T21:00:00,10.184163406568512,5.9790000915527335
102,2018-06-22T22:00:00,10.024382591037561,5.839000225067139
102,2018-06-22T23:00:00,4.061571329433736,5.839000225067139
102,2018-06-23T00:00:00,11.198267947199744,5.3460001945495605
102,2018-06-23T01:00:00,12.270158648075292,5.416999816894531
102,2018-06-23T02:00:00,7.009142702365402,5.416999816894531
102,2018-06-23T03:00:00,16.681680281505134,5.76800012588501
102,2018-06-23T04:00:00,15.248579885670027,5.908999919891357
102,2018-06-23T05:00:00,7.581141381083658,6.261000156402588
102,2018-06-23T06:00:00,11.160100711602066,6.683000087738037
102,2018-06-23T07:00:00,14.445716864977403,6.4720001220703125
102,2018-06-23T08:00:00,8.830082697948333,6.401999950408936
102,2018-06-23T09:00:00,15.15647338401892,6.964000225067139
102,2018-06-23T10:00:00,12.740960383963337,7.526999950408935
102,2018-06-23T11:00:00,14.670686177564527,7.73799991607666
102,2018-06-23T12:00:00,12.56987649974927,7.809000015258789
102,2018-06-23T13:00:00,13.675346405453714,7.668000221252441
102,2018-06-23T14:00:00,6.212236108935329,8.159999847412111
102,2018-06-23T15:00:00,12.92348609095631,7.809000015258789
102,2018-06-23T16:00:00,10.99224812471237,8.159999847412111
102,2018-06-23T17:00:00,13.94755681041458,7.809000015258789
102,2018-06-23T18:00:00,2.3322663916838113,8.300999641418457
102,2018-06-23T19:00:00,9.431979936544165,8.020000457763674
102,2018-06-23T20:00:00,14.983395723985778,7.668000221252441
102,2018-06-23T21:00:00,13.360750726218438,7.386000156402588
102,2018-06-23T22:00:00,9.055316390699714,7.315999984741211
103,2018-06-20T23:00:00,4.198579185249439,9.003999710083008
103,2018-06-21T00:00:00,10.052469532898378,9.003999710083008
103,2018-06-21T01:00:00,9.009737884038262,8.934000015258789
103,2018-06-21T02:00:00,12.373102663629144,8.581999778747559
103,2018-06-21T03:00:00,10.912829748782897,8.371000289916992
103,2018-06-21T04:00:00,10.956989103185823,8.51200008392334
103,2018-06-21T05:00:00,5.894896667420046,8.51200008392334
103,2018-06-21T06:00:00,12.117515891826372,8.86400032043457
103,2018-06-21T07:00:00,10.091444366070183,8.300999641418457
103,2018-06-21T08:00:00,12.12515144284238,8.86400032043457
103,2018-06-21T09:00:00,7.43386372738904,8.51200008392334
103,2018-06-21T10:00:00,7.540642901855495,8.371000289916992
103,2018-06-21T11:00:00,10.628652803806936,8.51200008392334
103,2018-06-21T12:00:00,9.789883904889415,8.442000389099121
103,2018-06-21T13:00:00,16.679186633369433,8.86400032043457
103,2018-06-21T14:00:00,7.844114015214426,9.56700038909912
103,2018-06-21T15:00:00,16.814414932239966,9.918999671936035
103,2018-06-21T16:00:00,12.184916324267391,10.0600004196167
103,2018-06-21T17:00:00,10.616968211392086,9.848999977111816
103,2018-06-21T18:00:00,14.72199759917204,9.637999534606934
103,2018-06-21T19:00:00,5.608758077138171,9.003999710083008
103,2018-06-21T20:00:00,10.765699512481644,8.652999877929688
103,2018-06-21T21:00:00,15.504569245748193,8.371000289916992
103,2018-06-21T22:00:00,7.460376250825673,8.159999847412111
103,2018-06-21T23:00:00,1.6081531835361016,8.090000152587889
103,2018-06-22T00:00:00,13.858426444837619,8.230999946594237
103,2018-06-22T01:00:00,4.5468996077020805,8.371000289916992
103,2018-06-22T02:00:00,11.661874124340569,8.159999847412111
103,2018-06-22T03:00:00,15.38057322111434,8.020000457763674
103,2018-06-22T04:00:00,8.758720040416772,7.809000015258789
103,2018-06-22T05:00:00,8.729945727218809,7.668000221252441
103,2018-06-22T06:00:00,11.068105659173497,5.627999782562256
103,2018-06-22T07:00:00,5.0119175550126425,7.0349998474121085
103,2018-06-22T08:00:00,15.389096161304499,4.8540000915527335
103,2018-06-22T09:00:00,10.911456917773089,6.683000087738037
103,2018-06-22T10:00:00,10.75758537233925,6.401999950408936
103,2018-06-22T11:00:00,12.530146741163314,6.752999782562256
103,2018-06-22T12:00:00,6.544036528993287,3.6579999923706055
103,2018-06-22T13:00:00,14.083012128225064,3.6579999923706055
103,2018-06-22T14:00:00,10.892839875036408,4.150000095367432
103,2018-06-22T15:00:00,9.545161384181794,4.64300012588501
103,2018-06-22T16:00:00,11.149022529236614,5.9790000915527335
103,2018-06-22T17:00:00,15.248225927190678,4.361999988555908
103,2018-06-22T18:00:00,9.818486259963022,4.64300012588501
103,2018-06-22T19:00:00,2.085214329124586,5.839000225067139
103,2018-06-22T20:00:00,11.373602063143291,5.908999919891357
103,2018-06-22T21:00:00,5.4254928129769535,5.9790000915527335
103,2018-06-22T22:00:00,14.487117371613644,5.839000225067139
103,2018-06-22T23:00:00,8.400195563737338,5.839000225067139
103,2018-06-23T00:00:00,13.178139464245579,5.3460001945495605
103,2018-06-23T01:00:00,11.832102902666675,5.416999816894531
103,2018-06-23T02:00:00,9.174834495138981,5.416999816894531
103,2018-06-23T03:00:00,12.703531041187771,5.76800012588501
103,2018-06-23T04:00:00,3.753880397762911,5.908999919891357
103,2018-06-23T05:00:00,16.74425518061312,6.261000156402588
103,2018-06-23T06:00:00,14.184689612569107,6.683000087738037
103,2018-06-23T07:00:00,9.242501089450776,6.4720001220703125
103,2018-06-23T08:00:00,2.5535330061203787,6.401999950408936
103,2018-06-23T09:00:00,10.837556098391193,6.964000225067139
103,2018-06-23T10:00:00,10.89748314864243,7.526999950408935
103,2018-06-23T11:00:00,1.7044428058683376,7.73799991607666
103,2018-06-23T12:00:00,8.743008503559462,7.809000015258789
103,2018-06-23T13:00:00,16.879462023822622,7.668000221252441
103,2018-06-23T14:00:00,11.148533119878907,8.159999847412111
103,2018-06-23T15:00:00,16.49253294872424,7.809000015258789
103,2018-06-23T16:00:00,7.61450494005121,8.159999847412111
103,2018-06-23T17:00:00,12.44935620283899,7.809000015258789
103,2018-06-23T18:00:00,9.43654884147188,8.300999641418457
103,2018-06-23T19:00:00,6.560845926742962,8.020000457763674
103,2018-06-23T20:00:00,15.805903222733127,7.668000221252441
103,2018-06-23T21:00:00,10.08067653727456,7.386000156402588
103,2018-06-23T22:00:00,9.929751665120042,7.315999984741211
103,2018-06-23T23:00:00,4.108908782300462,7.175000190734862
103,2018-06-24T00:00:00,11.067276952363706,6.894000053405763
103,2018-06-24T01:00:00,12.118184141496847,6.61299991607666
103,2018-06-24T02:00:00,6.970080133248272,6.401999950408936
103,2018-06-24T03:00:00,16.551252501260432,6.541999816894531
103,2018-06-24T04:00:00,15.05438066659809,6.964000225067139
103,2018-06-24T05:00:00,7.525075535348453,6.894000053405763
103,2018-06-24T06:00:00,11.023654978625112,7.456999778747559
103,2018-06-24T07:00:00,14.26199414982242,7.456999778747559
103,2018-06-24T08:00:00,8.73926828717001,8.442000389099121
103,2018-06-24T09:00:00,14.95630054683144,7.948999881744385
103,2018-06-24T10:00:00,12.598405919251837,8.51200008392334
103,2018-06-24T11:00:00,14.47458479195027,9.003999710083008
103,2018-06-24T12:00:00,12.415551985264027,9.28600025177002
103,2018-06-24T13:00:00,13.503939818422506,9.21500015258789
103,2018-06-24T14:00:00,6.217830840954564,9.28600025177002
103,2018-06-24T15:00:00,12.773816483047865,9.355999946594238
103,2018-06-24T16:00:00,10.847126690319378,9.496999740600586
103,2018-06-24T17:00:00,13.770124943003353,9.21500015258789
103,2018-06-24T18:00:00,2.329144730167867,9.145000457763672
103,2018-06-24T19:00:00,9.332755966278205,9.074999809265137
103,2018-06-24T20:00:00,14.769788072363948,8.86400032043457
103,2018-06-24T21:00:00,13.182748693438171,8.371000289916992
103,2018-06-24T22:00:00,8.951390923750646,8.371000289916992
104,2018-06-21T23:00:00,4.211194733544588,8.090000152587889
104,2018-06-22T00:00:00,10.000823198082898,8.230999946594237
104,2018-06-22T01:00:00,8.971693803694949,8.371000289916992
104,2018-06-22T02:00:00,12.31472379069654,8.159999847412111
104,2018-06-22T03:00:00,10.854981380378508,8.020000457763674
104,2018-06-22T04:00:00,10.898784172025742,7.809000015258789
104,2018-06-22T05:00:00,5.933906430136615,7.668000221252441
104,2018-06-22T06:00:00,12.062759544284177,5.627999782562256
104,2018-06-22T07:00:00,10.05447681613564,7.0349998474121085
104,2018-06-22T08:00:00,12.071251598584764,4.8540000915527335
104,2018-06-22T09:00:00,7.441852586625512,6.683000087738037
104,2018-06-22T10:00:00,7.5460611868718495,6.401999950408936
104,2018-06-22T11:00:00,10.585546278496022,6.752999782562256
104,2018-06-22T12:00:00,9.760094457299164,3.6579999923706055
104,2018-06-22T13:00:00,16.616138160298476,3.6579999923706055
104,2018-06-22T14:00:00,7.842009603974644,4.150000095367432
104,2018-06-22T15:00:00,16.755612947211407,4.64300012588501
104,2018-06-22T16:00:00,12.134274265635753,5.9790000915527335
104,2018-06-22T17:00:00,10.575842900161877,4.361999988555908
104,2018-06-22T18:00:00,14.622185921224808,4.64300012588501
104,2018-06-22T19:00:00,5.654833564343001,5.839000225067139
104,2018-06-22T20:00:00,10.72153675107504,5.908999919891357
104,2018-06-22T21:00:00,15.41050407176311,5.9790000915527335
104,2018-06-22T22:00:00,7.471138797302649,5.839000225067139
104,2018-06-22T23:00:00,1.6605991419012884,5.839000225067139
104,2018-06-23T00:00:00,13.781826088583356,5.3460001945495605
104,2018-06-23T01:00:00,4.592554918192219,5.416999816894531
104,2018-06-23T02:00:00,11.611943288313954,5.416999816894531
104,2018-06-23T03:00:00,15.285119482488712,5.76800012588501
104,2018-06-23T04:00:00,8.739009002951622,5.908999919891357
104,2018-06-23T05:00:00,8.710362881212294,6.261000156402588
104,2018-06-23T06:00:00,11.01935626558421,6.683000087738037
104,2018-06-23T07:00:00,5.05903803643006,6.4720001220703125
104,2018-06-23T08:00:00,15.292971520819972,6.401999950408936
104,2018-06-23T09:00:00,10.865914782959962,6.964000225067139
104,2018-06-23T10:00:00,10.714830176060833,7.526999950408935
104,2018-06-23T11:00:00,12.47934318281705,7.73799991607666
104,2018-06-23T12:00:00,6.580232625272654,7.809000015258789
104,2018-06-23T13:00:00,14.000864635950968,7.668000221252441
104,2018-06-23T14:00:00,10.847337700407973,8.159999847412111
104,2018-06-23T15:00:00,9.52343750387925,7.809000015258789
104,2018-06-23T16:00:00,11.09915474341714,8.159999847412111
104,2018-06-23T17:00:00,15.149095802146594,7.809000015258789
104,2018-06-23T18:00:00,9.793230773178841,8.300999641418457
104,2018-06-23T19:00:00,2.139091988354668,8.020000457763674
104,2018-06-23T20:00:00,11.32160494375853,7.668000221252441
104,2018-06-23T21:00:00,5.472161109455776,7.386000156402588
104,2018-06-23T22:00:00,14.386690733703997,7.315999984741211
104,2018-06-23T23:00:00,8.381971572379602,7.175000190734862
104,2018-06-24T00:00:00,13.119104896341721,6.894000053405763
104,2018-06-24T01:00:00,11.782499516924853,6.61299991607666
104,2018-06-24T02:00:00,9.151698673659087,6.401999950408936
104,2018-06-24T03:00:00,12.647513651558906,6.541999816894531
104,2018-06-24T04:00:00,3.7974981253379934,6.964000225067139
104,2018-06-24T05:00:00,16.675715800218494,6.894000053405763
104,2018-06-24T06:00:00,14.098770580077835,7.456999778747559
104,2018-06-24T07:00:00,9.21838632959276,7.456999778747559
104,2018-06-24T08:00:00,2.6044110538291108,8.442000389099121
104,2018-06-24T09:00:00,10.789602614198532,7.948999881744385
104,2018-06-24T10:00:00,10.848704643294836,8.51200008392334
104,2018-06-24T11:00:00,1.7611353499055955,9.003999710083008
104,2018-06-24T12:00:00,8.719263988788104,9.28600025177002
104,2018-06-24T13:00:00,16.813475157810274,9.21500015258789
104,2018-06-24T14:00:00,11.096628855756947,9.28600025177002
104,2018-06-24T15:00:00,16.4144154484925,9.355999946594238
104,2018-06-24T16:00:00,7.611498917338908,9.496999740600586
104,2018-06-24T17:00:00,12.396083372099465,9.21500015258789
104,2018-06-24T18:00:00,9.41154736813731,9.145000457763672
104,2018-06-24T19:00:00,6.591371658314198,9.074999809265137
104,2018-06-24T20:00:00,15.706515125078097,8.86400032043457
104,2018-06-24T21:00:00,10.044492083824426,8.371000289916992
104,2018-06-24T22:00:00,9.897316965127011,8.371000289916992
104,2018-06-24T23:00:00,4.151235373803971,8.51200008392334
104,2018-06-25T00:00:00,11.016529908560704,8.722999572753906
104,2018-06-25T01:00:00,12.069438886915897,9.003999710083008
104,2018-06-25T02:00:00,6.986529367165403,9.56700038909912
104,2018-06-25T03:00:00,16.476211974285157,9.56700038909912
104,2018-06-25T04:00:00,14.94976043484505,8.51200008392334
104,2018-06-25T05:00:00,7.5241434554761035,8.652999877929688
104,2018-06-25T06:00:00,10.974004100382347,8.934000015258789
104,2018-06-25T07:00:00,14.175109843213914,9.56700038909912
104,2018-06-25T08:00:00,8.71705566245141,10.973999977111816
104,2018-06-25T09:00:00,14.852599345379966,11.467000007629396
104,2018-06-25T10:00:00,12.544503734465433,11.1850004196167
104,2018-06-25T11:00:00,14.379534887314113,10.692999839782717
104,2018-06-25T12:00:00,12.36537606972423,10.270999908447266
104,2018-06-25T13:00:00,13.440474996023385,10.621999740600586
104,2018-06-25T14:00:00,6.26222057961615,11.255999565124512
104,2018-06-25T15:00:00,12.718367199079262,11.607000350952148
104,2018-06-25T16:00:00,10.8008322505774,12.380999565124512
104,2018-06-25T17:00:00,13.705413514411745,11.467000007629396
104,2018-06-25T18:00:00,2.3836589474433687,11.1850004196167
104,2018-06-25T19:00:00,9.312631843169068,10.552000045776367
104,2018-06-25T20:00:00,14.668526452272404,9.98900032043457
104,2018-06-25T21:00:00,13.12359801275441,9.98900032043457
104,2018-06-25T22:00:00,8.932222043407677,9.56700038909912
