window_index,timestamp,prediction,actual
0,2018-03-14T10:00:00,0.05161892882088938,0.0413
0,2018-03-14T11:00:00,0.05092017530576222,0.0458
0,2018-03-14T12:00:00,0.05387440364119844,0.0515
0,2018-03-14T13:00:00,0.0582273970498678,0.0525
0,2018-03-14T14:00:00,0.06106534051291639,0.0624
0,2018-03-14T15:00:00,0.06540120140870725,0.0724
0,2018-03-14T16:00:00,0.06747104305153384,0.0737
0,2018-03-14T17:00:00,0.06855012854052894,0.074
0,2018-03-14T18:00:00,0.06774315003839368,0.0734
0,2018-03-14T19:00:00,0.06068563405623985,0.0635
0,2018-03-14T20:00:00,0.05105742989732859,0.0569
0,2018-03-14T21:00:00,0.03807635687382886,0.0417
0,2018-03-14T22:00:00,0.02859149339602002,0.0314
0,2018-03-14T23:00:00,0.019390134984716874,0.0191
0,2018-03-15T00:00:00,0.01133344552495695,0.0128
0,2018-03-15T01:00:00,0.004858349125370771,0.0089
0,2018-03-15T02:00:00,0.0009070604040170849,0.0064
0,2018-03-15T03:00:00,-0.0002244353657329043,0.0052
0,2018-03-15T04:00:00,0.0008670185430217914,0.0054
0,2018-03-15T05:00:00,0.004293048038489639,0.0099
0,2018-03-15T06:00:00,0.009335548872036633,0.0182
0,2018-03-15T07:00:00,0.018935981469368427,0.0313
0,2018-03-15T08:00:00,0.02997127130666287,0.0454
0,2018-03-15T09:00:00,0.03754943871327404,0.0515
0,2018-03-15T10:00:00,0.04072756540810656,0.0449
0,2018-03-15T11:00:00,0.04298225806910402,0.0467
0,2018-03-15T12:00:00,0.047022653028485975,0.0513
0,2018-03-15T13:00:00,0.05249854090748615,0.0552
0,2018-03-15T14:00:00,0.05563611586596568,0.0611
0,2018-03-15T15:00:00,0.05850158208543636,0.0668
0,2018-03-15T16:00:00,0.05912012397169626,0.0709
0,2018-03-15T17:00:00,0.05928233091710826,0.0712
0,2018-03-15T18:00:00,0.058590184755843315,0.0728
0,2018-03-15T19:00:00,0.05245645954506005,0.0637
0,2018-03-15T20:00:00,0.04402397915598394,0.0552
0,2018-03-15T21:00:00,0.03349966414988911,0.0426
0,2018-03-15T22:00:00,0.024995125757296534,0.0334
0,2018-03-15T23:00:00,0.016506406116265575,0.0199
0,2018-03-16T00:00:00,0.009392109993761964,0.0117
0,2018-03-16T01:00:00,0.002870178651524745,0.0089
0,2018-03-16T02:00:00,-0.0006298738825580852,0.006
0,2018-03-16T03:00:00,-0.001013645324904302,0.0042
0,2018-03-16T04:00:00,0.0003825037898784675,0.0069
0,2018-03-16T05:00:00,0.004363636865073343,0.0109
0,2018-03-16T06:00:00,0.009020915476905804,0.0216
0,2018-03-16T07:00:00,0.017404767073189227,0.0321
0,2018-03-16T08:00:00,0.026336194316255203,0.0452
0,2018-03-16T09:00:00,0.03360799882142434,0.0517
0,2018-03-16T10:00:00,0.03612829238963137,0.0449
0,2018-03-16T11:00:00,0.0398160204060659,0.0463
0,2018-03-16T12:00:00,0.04633972492308662,0.0514
0,2018-03-16T13:00:00,0.05296897363915225,0.0584
0,2018-03-16T14:00:00,0.05859293913406431,0.0616
0,2018-03-16T15:00:00,0.0616351393662691,0.0689
0,2018-03-16T16:00:00,0.06307694773172688,0.0704
0,2018-03-16T17:00:00,0.06328902434185021,0.0721
0,2018-03-16T18:00:00,0.0614884862474906,0.071
0,2018-03-16T19:00:00,0.05421175189590759,0.0597
0,2018-03-16T20:00:00,0.04468763940452393,0.0459
0,2018-03-16T21:00:00,0.03419471642547807,0.0367
0,2018-03-16T22:00:00,0.026565274831520738,0.0291
0,2018-03-16T23:00:00,0.018651263565328015,0.0168
0,2018-03-17T00:00:00,0.011574222335627375,0.0153
0,2018-03-17T01:00:00,0.005997405418036554,0.0109
0,2018-03-17T02:00:00,0.0015553012157515436,0.0058
0,2018-03-17T03:00:00,0.0009547118481000524,0.0055
0,2018-03-17T04:00:00,0.003348862252810881,0.005
0,2018-03-17T05:00:00,0.0070937583353828035,0.0093
0,2018-03-17T06:00:00,0.012346143840659688,0.0191
0,2018-03-17T07:00:00,0.020987607771237274,0.0321
0,2018-03-17T08:00:00,0.030743398513987257,0.0459
0,2018-03-17T09:00:00,0.03860249953323826,0.0497
0,2018-03-17T10:00:00,0.042205762403903925,0.0443
0,2018-03-17T11:00:00,0.04630286496466724,0.0504
0,2018-03-17T12:00:00,0.05181251325051368,0.0566
0,2018-03-17T13:00:00,0.05876545397201713,0.063
0,2018-03-17T14:00:00,0.06334163436759058,0.0671
0,2018-03-17T15:00:00,0.06732832000295236,0.0761
0,2018-03-17T16:00:00,0.06862974619088671,0.0684
0,2018-03-17T17:00:00,0.0692073543723126,0.0714
0,2018-03-17T18:00:00,0.06841318057503679,0.0723
0,2018-03-17T19:00:00,0.061557555960895155,0.0639
0,2018-03-17T20:00:00,0.05276827373245703,0.0559
0,2018-03-17T21:00:00,0.04151815010337987,0.0456
0,2018-03-17T22:00:00,0.03396143355606161,0.0375
0,2018-03-17T23:00:00,0.02630691257745648,0.0306
0,2018-03-18T00:00:00,0.018935715142721105,0.0205
0,2018-03-18T01:00:00,0.01208208797843439,0.0146
0,2018-03-18T02:00:00,0.006970308925752365,0.0086
0,2018-03-18T03:00:00,0.004561796155725016,0.0062
0,2018-03-18T04:00:00,0.004043424627540686,0.006
0,2018-03-18T05:00:00,0.004669718020956892,0.005
0,2018-03-18T06:00:00,0.007828469452196632,0.0089
0,2018-03-18T07:00:00,0.01464631843485382,0.0149
0,2018-03-18T08:00:00,0.024246072600094537,0.0264
0,2018-03-18T09:00:00,0.03316507500420327,0.0324
1,2018-03-15T10:00:00,0.04790041835004144,0.0449
1,2018-03-15T11:00:00,0.04785233062085858,0.0467
1,2018-03-15T12:00:00,0.051227425145025804,0.0513
1,2018-03-15T13:00:00,0.055258480449401876,0.0552
1,2018-03-15T14:00:00,0.05948404882236989,0.0611
1,2018-03-15T15:00:00,0.06414683093419737,0.0668
1,2018-03-15T16:00:00,0.06511280644478479,0.0709
1,2018-03-15T17:00:00,0.06475529971588186,0.0712
1,2018-03-15T18:00:00,0.06359496006936713,0.0728
1,2018-03-15T19:00:00,0.05800904424204242,0.0637
1,2018-03-15T20:00:00,0.050421841353490995,0.0552
1,2018-03-15T21:00:00,0.039487208621263085,0.0426
1,2018-03-15T22:00:00,0.030315676113672207,0.0334
1,2018-03-15T23:00:00,0.020445883601240257,0.0199
1,2018-03-16T00:00:00,0.01156220960211389,0.0117
1,2018-03-16T01:00:00,0.005267058904370639,0.0089
1,2018-03-16T02:00:00,0.0006357699185891644,0.006
1,2018-03-16T03:00:00,-0.001308614351858077,0.0042
1,2018-03-16T04:00:00,-0.0008536811302066113,0.0069
1,2018-03-16T05:00:00,0.0024440822980420322,0.0109
1,2018-03-16T06:00:00,0.008854258073045115,0.0216
1,2018-03-16T07:00:00,0.019836536992909007,0.0321
1,2018-03-16T08:00:00,0.032354298719120156,0.0452
1,2018-03-16T09:00:00,0.03916856806137943,0.0517
1,2018-03-16T10:00:00,0.04101532434194365,0.0449
1,2018-03-16T11:00:00,0.043396545113571626,0.0463
1,2018-03-16T12:00:00,0.04753111965839846,0.0514
1,2018-03-16T13:00:00,0.051845062922404,0.0584
1,2018-03-16T14:00:00,0.0545884393998648,0.0616
1,2018-03-16T15:00:00,0.05773239393283711,0.0689
1,2018-03-16T16:00:00,0.0575940547610425,0.0704
1,2018-03-16T17:00:00,0.05680692109843083,0.0721
1,2018-03-16T18:00:00,0.05531667457399106,0.071
1,2018-03-16T19:00:00,0.05055747695938548,0.0597
1,2018-03-16T20:00:00,0.04370791302861945,0.0459
1,2018-03-16T21:00:00,0.03558094487264804,0.0367
1,2018-03-16T22:00:00,0.027606803357226043,0.0291
1,2018-03-16T23:00:00,0.01914836645771497,0.0168
1,2018-03-17T00:00:00,0.011350453635256753,0.0153
1,2018-03-17T01:00:00,0.004284390670302632,0.0109
1,2018-03-17T02:00:00,-0.001275090485126227,0.0058
1,2018-03-17T03:00:00,-0.0030741322442436395,0.0055
1,2018-03-17T04:00:00,-0.0028887268461305765,0.005
1,2018-03-17T05:00:00,-0.00017973979700543208,0.0093
1,2018-03-17T06:00:00,0.00522906705770014,0.0191
1,2018-03-17T07:00:00,0.015026223935656254,0.0321
1,2018-03-17T08:00:00,0.026038183558645157,0.0459
1,2018-03-17T09:00:00,0.035436543966188415,0.0497
1,2018-03-17T10:00:00,0.03944248957373907,0.0443
1,2018-03-17T11:00:00,0.04424834148443425,0.0504
1,2018-03-17T12:00:00,0.05037236942660166,0.0566
1,2018-03-17T13:00:00,0.05415769459509689,0.063
1,2018-03-17T14:00:00,0.056971164040975644,0.0671
1,2018-03-17T15:00:00,0.05808864962735722,0.0761
1,2018-03-17T16:00:00,0.05807875173768136,0.0684
1,2018-03-17T17:00:00,0.05719894341039708,0.0714
1,2018-03-17T18:00:00,0.05515689085063992,0.0723
1,2018-03-17T19:00:00,0.05060948249372238,0.0639
1,2018-03-17T20:00:00,0.0444234789390036,0.0559
1,2018-03-17T21:00:00,0.03654270944355444,0.0456
1,2018-03-17T22:00:00,0.0306316499553491,0.0375
1,2018-03-17T23:00:00,0.023446386717293648,0.0306
1,2018-03-18T00:00:00,0.015965699944834974,0.0205
1,2018-03-18T01:00:00,0.008704996004412244,0.0146
1,2018-03-18T02:00:00,0.00261045760591444,0.0086
1,2018-03-18T03:00:00,-0.0004957205947138318,0.0062
1,2018-03-18T04:00:00,-0.001960070356999369,0.006
1,2018-03-18T05:00:00,-0.0014676867027170297,0.005
1,2018-03-18T06:00:00,0.002439295426986194,0.0089
1,2018-03-18T07:00:00,0.010629780736195266,0.0149
1,2018-03-18T08:00:00,0.021303959674102937,0.0264
1,2018-03-18T09:00:00,0.031261748946297685,0.0324
1,2018-03-18T10:00:00,0.03760288328758099,0.0378
1,2018-03-18T11:00:00,0.04487769851036918,0.0466
1,2018-03-18T12:00:00,0.050516921718734495,0.055
1,2018-03-18T13:00:00,0.05495901540812552,0.0576
1,2018-03-18T14:00:00,0.05648515470473911,0.0598
1,2018-03-18T15:00:00,0.057185341477744636,0.0595
1,2018-03-18T16:00:00,0.056562270286331234,0.0582
1,2018-03-18T17:00:00,0.05566012906794969,0.0623
1,2018-03-18T18:00:00,0.05463341531243155,0.0549
1,2018-03-18T19:00:00,0.04981367919788074,0.0501
1,2018-03-18T20:00:00,0.04381840880072579,0.0452
1,2018-03-18T21:00:00,0.03562883863893709,0.0383
1,2018-03-18T22:00:00,0.030737489303892317,0.032
1,2018-03-18T23:00:00,0.024843514757720227,0.0266
1,2018-03-19T00:00:00,0.018619648489711916,0.023
1,2018-03-19T01:00:00,0.011504350137982854,0.0155
1,2018-03-19T02:00:00,0.0065970749074653855,0.0093
1,2018-03-19T03:00:00,0.0037737303498477127,0.0065
1,2018-03-19T04:00:00,0.003180372101100847,0.0046
1,2018-03-19T05:00:00,0.0034538317469852593,0.0041
1,2018-03-19T06:00:00,0.006035076621440868,0.0055
1,2018-03-19T07:00:00,0.012131734419363691,0.0084
1,2018-03-19T08:00:00,0.020008756768970966,0.0144
1,2018-03-19T09:00:00,0.02773651740037517,0.0221
2,2018-03-16T10:00:00,0.0469270146037874,0.0449
2,2018-03-16T11:00:00,0.047598934833122206,0.0463
2,2018-03-16T12:00:00,0.05143051673509995,0.0514
2,2018-03-16T13:00:00,0.05523938377749939,0.0584
2,2018-03-16T14:00:00,0.05859094694065638,0.0616
2,2018-03-16T15:00:00,0.06287201288090942,0.0689
2,2018-03-16T16:00:00,0.06415349260467845,0.0704
2,2018-03-16T17:00:00,0.06399847998304219,0.0721
2,2018-03-16T18:00:00,0.06300938311430951,0.071
2,2018-03-16T19:00:00,0.0564814594225075,0.0597
2,2018-03-16T20:00:00,0.04810513418223446,0.0459
2,2018-03-16T21:00:00,0.037180643939682186,0.0367
2,2018-03-16T22:00:00,0.02855185934770344,0.0291
2,2018-03-16T23:00:00,0.018375502822167752,0.0168
2,2018-03-17T00:00:00,0.009703628067978708,0.0153
2,2018-03-17T01:00:00,0.004372019145868052,0.0109
2,2018-03-17T02:00:00,0.0005061266622594617,0.0058
2,2018-03-17T03:00:00,-0.0015341159275852993,0.0055
2,2018-03-17T04:00:00,-0.00035523854469766275,0.005
2,2018-03-17T05:00:00,0.002936833903613441,0.0093
2,2018-03-17T06:00:00,0.010521254379559926,0.0191
2,2018-03-17T07:00:00,0.021392715832761894,0.0321
2,2018-03-17T08:00:00,0.03349156326422309,0.0459
2,2018-03-17T09:00:00,0.04021220337103699,0.0497
2,2018-03-17T10:00:00,0.039835962489858746,0.0443
2,2018-03-17T11:00:00,0.04203798975720757,0.0504
2,2018-03-17T12:00:00,0.046922777031441654,0.0566
2,2018-03-17T13:00:00,0.05055795529606126,0.063
2,2018-03-17T14:00:00,0.053094551909812285,0.0671
2,2018-03-17T15:00:00,0.05644902013600389,0.0761
2,2018-03-17T16:00:00,0.056721335628594216,0.0684
2,2018-03-17T17:00:00,0.056598790327845476,0.0714
2,2018-03-17T18:00:00,0.05521925333768952,0.0723
2,2018-03-17T19:00:00,0.049997989502871584,0.0639
2,2018-03-17T20:00:00,0.042126707193373726,0.0559
2,2018-03-17T21:00:00,0.032278704528500866,0.0456
2,2018-03-17T22:00:00,0.02395134939964484,0.0375
2,2018-03-17T23:00:00,0.014779466164389521,0.0306
2,2018-03-18T00:00:00,0.006170866416446957,0.0205
2,2018-03-18T01:00:00,0.0011963104166493876,0.0146
2,2018-03-18T02:00:00,-0.0033805445562873487,0.0086
2,2018-03-18T03:00:00,-0.005149882133483212,0.0062
2,2018-03-18T04:00:00,-0.004942863977510044,0.006
2,2018-03-18T05:00:00,-0.0018329799817561818,0.005
2,2018-03-18T06:00:00,0.004056630574520142,0.0089
2,2018-03-18T07:00:00,0.013617778239222722,0.0149
2,2018-03-18T08:00:00,0.024377338521609018,0.0264
2,2018-03-18T09:00:00,0.03131839354040116,0.0324
2,2018-03-18T10:00:00,0.0320977457341087,0.0378
2,2018-03-18T11:00:00,0.03614714253417019,0.0466
2,2018-03-18T12:00:00,0.042560344095273685,0.055
2,2018-03-18T13:00:00,0.04612967379720215,0.0576
2,2018-03-18T14:00:00,0.04843751159024322,0.0598
2,2018-03-18T15:00:00,0.0499095988424931,0.0595
2,2018-03-18T16:00:00,0.05066116738479311,0.0582
2,2018-03-18T17:00:00,0.05075162382883734,0.0623
2,2018-03-18T18:00:00,0.04925312643477754,0.0549
2,2018-03-18T19:00:00,0.04479640300213327,0.0501
2,2018-03-18T20:00:00,0.037817947662171524,0.0452
2,2018-03-18T21:00:00,0.028868970719551225,0.0383
2,2018-03-18T22:00:00,0.022017948825605996,0.032
2,2018-03-18T23:00:00,0.01349301121354763,0.0266
2,2018-03-19T00:00:00,0.00647405477433886,0.023
2,2018-03-19T01:00:00,0.0014320638161495723,0.0155
2,2018-03-19T02:00:00,-0.001967122756706456,0.0093
2,2018-03-19T03:00:00,-0.004079256019838613,0.0065
2,2018-03-19T04:00:00,-0.003733800571727078,0.0046
2,2018-03-19T05:00:00,-0.0004802841620630445,0.0041
2,2018-03-19T06:00:00,0.0061184123319671935,0.0055
2,2018-03-19T07:00:00,0.01633343642043352,0.0084
2,2018-03-19T08:00:00,0.02672039573596493,0.0144
2,2018-03-19T09:00:00,0.03268235462684629,0.0221
2,2018-03-19T10:00:00,0.03201242676613431,0.0308
2,2018-03-19T11:00:00,0.036948668874276,0.0345
2,2018-03-19T12:00:00,0.04260945578032954,0.0409
2,2018-03-19T13:00:00,0.04792339252767108,0.0452
2,2018-03-19T14:00:00,0.05007474939821761,0.0475
2,2018-03-19T15:00:00,0.052169524121250865,0.0459
2,2018-03-19T16:00:00,0.052459581874570116,0.0456
2,2018-03-19T17:00:00,0.05160941640399254,0.0468
2,2018-03-19T18:00:00,0.05060027495075077,0.0487
2,2018-03-19T19:00:00,0.04539695715158996,0.0434
2,2018-03-19T20:00:00,0.03900746321768564,0.0415
2,2018-03-19T21:00:00,0.029530767440240472,0.0334
2,2018-03-19T22:00:00,0.02272130541135936,0.0254
2,2018-03-19T23:00:00,0.014875512839804062,0.0162
2,2018-03-20T00:00:00,0.008479086177969056,0.0119
2,2018-03-20T01:00:00,0.004583899515303871,0.0067
2,2018-03-20T02:00:00,0.0025410830185846507,0.0044
2,2018-03-20T03:00:00,0.0014948853662360012,0.0037
2,2018-03-20T04:00:00,0.003909423776659048,0.005
2,2018-03-20T05:00:00,0.00895790644687685,0.0096
2,2018-03-20T06:00:00,0.01682090284377475,0.0185
2,2018-03-20T07:00:00,0.028316717535810155,0.0281
2,2018-03-20T08:00:00,0.04013510338357092,0.0449
2,2018-03-20T09:00:00,0.045350730555070176,0.0494
3,2018-03-17T10:00:00,0.046038592361611196,0.0443
3,2018-03-17T11:00:00,0.047508492406269934,0.0504
3,2018-03-17T12:00:00,0.05253882982148982,0.0566
3,2018-03-17T13:00:00,0.05757217567653507,0.063
3,2018-03-17T14:00:00,0.06163047864994093,0.0671
3,2018-03-17T15:00:00,0.06577725113043009,0.0761
3,2018-03-17T16:00:00,0.0662205150397712,0.0684
3,2018-03-17T17:00:00,0.06582142280660788,0.0714
3,2018-03-17T18:00:00,0.0628063510973012,0.0723
3,2018-03-17T19:00:00,0.05430810782561983,0.0639
3,2018-03-17T20:00:00,0.043522224658443597,0.0559
3,2018-03-17T21:00:00,0.031188695792237698,0.0456
3,2018-03-17T22:00:00,0.022991747681458535,0.0375
3,2018-03-17T23:00:00,0.013541086677687518,0.0306
3,2018-03-18T00:00:00,0.007417523931078439,0.0205
3,2018-03-18T01:00:00,0.0037442521951465864,0.0146
3,2018-03-18T02:00:00,0.00014118381301941874,0.0086
3,2018-03-18T03:00:00,-0.0013439061369264378,0.0062
3,2018-03-18T04:00:00,-0.0006288716533326306,0.006
3,2018-03-18T05:00:00,0.002338781647707497,0.005
3,2018-03-18T06:00:00,0.009699724280016624,0.0089
3,2018-03-18T07:00:00,0.02050768189631329,0.0149
3,2018-03-18T08:00:00,0.03269289152526082,0.0264
3,2018-03-18T09:00:00,0.038623313836801086,0.0324
3,2018-03-18T10:00:00,0.03930723138073823,0.0378
3,2018-03-18T11:00:00,0.042171499130295956,0.0466
3,2018-03-18T12:00:00,0.04743083541063818,0.055
3,2018-03-18T13:00:00,0.051994586061237205,0.0576
3,2018-03-18T14:00:00,0.055252191986656846,0.0598
3,2018-03-18T15:00:00,0.05929388108328692,0.0595
3,2018-03-18T16:00:00,0.060389428012095216,0.0582
3,2018-03-18T17:00:00,0.06007242395937341,0.0623
3,2018-03-18T18:00:00,0.05829367383777345,0.0549
3,2018-03-18T19:00:00,0.05043160607984319,0.0501
3,2018-03-18T20:00:00,0.03987725976560935,0.0452
3,2018-03-18T21:00:00,0.027715238076468918,0.0383
3,2018-03-18T22:00:00,0.019306221065022014,0.032
3,2018-03-18T23:00:00,0.010574740479798068,0.0266
3,2018-03-19T00:00:00,0.0032429378374339325,0.023
3,2018-03-19T01:00:00,-0.0007301073179974901,0.0155
3,2018-03-19T02:00:00,-0.0034235457969361283,0.0093
3,2018-03-19T03:00:00,-0.0037979817894340587,0.0065
3,2018-03-19T04:00:00,-0.0021381675416519974,0.0046
3,2018-03-19T05:00:00,0.002169597644995226,0.0041
3,2018-03-19T06:00:00,0.008458550991741216,0.0055
3,2018-03-19T07:00:00,0.018520967458282567,0.0084
3,2018-03-19T08:00:00,0.02865723367590324,0.0144
3,2018-03-19T09:00:00,0.03541251481964855,0.0221
3,2018-03-19T10:00:00,0.03544702672319899,0.0308
3,2018-03-19T11:00:00,0.03904974958154424,0.0345
3,2018-03-19T12:00:00,0.045803317474001695,0.0409
3,2018-03-19T13:00:00,0.05035176590656299,0.0452
3,2018-03-19T14:00:00,0.05489274037236887,0.0475
3,2018-03-19T15:00:00,0.05872193584741466,0.0459
3,2018-03-19T16:00:00,0.061619348999521206,0.0456
3,2018-03-19T17:00:00,0.06226948213217086,0.0468
3,2018-03-19T18:00:00,0.05937795444854037,0.0487
3,2018-03-19T19:00:00,0.05102333483002419,0.0434
3,2018-03-19T20:00:00,0.04032866766348177,0.0415
3,2018-03-19T21:00:00,0.028512197352610385,0.0334
3,2018-03-19T22:00:00,0.02049174189604118,0.0254
3,2018-03-19T23:00:00,0.01165931545159624,0.0162
3,2018-03-20T00:00:00,0.00556603159177925,0.0119
3,2018-03-20T01:00:00,0.0010250396044834166,0.0067
3,2018-03-20T02:00:00,-0.0018106663642978582,0.0044
3,2018-03-20T03:00:00,-0.002040881220823111,0.0037
3,2018-03-20T04:00:00,0.000425708279810727,0.005
3,2018-03-20T05:00:00,0.006080618478133192,0.0096
3,2018-03-20T06:00:00,0.013599984465313318,0.0185
3,2018-03-20T07:00:00,0.025022490119449427,0.0281
3,2018-03-20T08:00:00,0.035476320026181084,0.0449
3,2018-03-20T09:00:00,0.04073960968030197,0.0494
3,2018-03-20T10:00:00,0.039351480151471836,0.0418
3,2018-03-20T11:00:00,0.043416721634900075,0.0423
3,2018-03-20T12:00:00,0.04870731450117391,0.0492
3,2018-03-20T13:00:00,0.05394576516548919,0.0561
3,2018-03-20T14:00:00,0.057979741302240845,0.0548
3,2018-03-20T15:00:00,0.06408339788411149,0.0638
3,2018-03-20T16:00:00,0.06770139632782973,0.0674
3,2018-03-20T17:00:00,0.06838796364669283,0.0698
3,2018-03-20T18:00:00,0.06688022191453252,0.0686
3,2018-03-20T19:00:00,0.05851233327167306,0.0626
3,2018-03-20T20:00:00,0.048144044154978624,0.0504
3,2018-03-20T21:00:00,0.03416862517478535,0.0372
3,2018-03-20T22:00:00,0.024596490134161472,0.0277
3,2018-03-20T23:00:00,0.015683830509416626,0.0177
3,2018-03-21T00:00:00,0.009858206156664079,0.0112
3,2018-03-21T01:00:00,0.0059704048020151335,0.0072
3,2018-03-21T02:00:00,0.0033016295723378546,0.0052
3,2018-03-21T03:00:00,0.0026063015084969963,0.005
3,2018-03-21T04:00:00,0.005066413314294284,0.0063
3,2018-03-21T05:00:00,0.010208061250903441,0.0098
3,2018-03-21T06:00:00,0.01818519263337144,0.0194
3,2018-03-21T07:00:00,0.03039124589685599,0.029
3,2018-03-21T08:00:00,0.042886690606439765,0.0456
3,2018-03-21T09:00:00,0.04799657979121519,0.0507
4,2018-03-18T10:00:00,0.03424494440465899,0.0378
4,2018-03-18T11:00:00,0.03997202824833164,0.0466
4,2018-03-18T12:00:00,0.04749922529023247,0.055
4,2018-03-18T13:00:00,0.05456623441564419,0.0576
4,2018-03-18T14:00:00,0.05912675585564442,0.0598
4,2018-03-18T15:00:00,0.06250460826233063,0.0595
4,2018-03-18T16:00:00,0.060485219749830905,0.0582
4,2018-03-18T17:00:00,0.0593751457537005,0.0623
4,2018-03-18T18:00:00,0.056746323025419744,0.0549
4,2018-03-18T19:00:00,0.05044414621020434,0.0501
4,2018-03-18T20:00:00,0.041908528549158504,0.0452
4,2018-03-18T21:00:00,0.03248670756742443,0.0383
4,2018-03-18T22:00:00,0.026959034224001185,0.032
4,2018-03-18T23:00:00,0.01917678281012479,0.0266
4,2018-03-19T00:00:00,0.012327854208584545,0.023
4,2018-03-19T01:00:00,0.007886907125496199,0.0155
4,2018-03-19T02:00:00,0.003929119683518022,0.0093
4,2018-03-19T03:00:00,0.0015374993819567626,0.0065
4,2018-03-19T04:00:00,0.001214178832106002,0.0046
4,2018-03-19T05:00:00,0.0014168972144440947,0.0041
4,2018-03-19T06:00:00,0.004929495135335058,0.0055
4,2018-03-19T07:00:00,0.012238936151358397,0.0084
4,2018-03-19T08:00:00,0.022245822460643393,0.0144
4,2018-03-19T09:00:00,0.028265799385139886,0.0221
4,2018-03-19T10:00:00,0.031154710164159563,0.0308
4,2018-03-19T11:00:00,0.03632049892928556,0.0345
4,2018-03-19T12:00:00,0.04297865810377777,0.0409
4,2018-03-19T13:00:00,0.04908707702661831,0.0452
4,2018-03-19T14:00:00,0.054027839328738725,0.0475
4,2018-03-19T15:00:00,0.058139868446795126,0.0459
4,2018-03-19T16:00:00,0.05715965847776787,0.0456
4,2018-03-19T17:00:00,0.05557696331587593,0.0468
4,2018-03-19T18:00:00,0.05285914017936623,0.0487
4,2018-03-19T19:00:00,0.0458605191813998,0.0434
4,2018-03-19T20:00:00,0.03637439888711645,0.0415
4,2018-03-19T21:00:00,0.026786393756965392,0.0334
4,2018-03-19T22:00:00,0.019508524188048163,0.0254
4,2018-03-19T23:00:00,0.01149850146463571,0.0162
4,2018-03-20T00:00:00,0.005956392866497726,0.0119
4,2018-03-20T01:00:00,0.0023733252651547583,0.0067
4,2018-03-20T02:00:00,0.00014097530728895274,0.0044
4,2018-03-20T03:00:00,8.628372854186522e-05,0.0037
4,2018-03-20T04:00:00,0.0011658808450436785,0.005
4,2018-03-20T05:00:00,0.0038339850016556633,0.0096
4,2018-03-20T06:00:00,0.008447827839888455,0.0185
4,2018-03-20T07:00:00,0.016647502294504693,0.0281
4,2018-03-20T08:00:00,0.025671689356684454,0.0449
4,2018-03-20T09:00:00,0.031567939611493456,0.0494
4,2018-03-20T10:00:00,0.03314380076152911,0.0418
4,2018-03-20T11:00:00,0.038152064778917964,0.0423
4,2018-03-20T12:00:00,0.04536454537382559,0.0492
4,2018-03-20T13:00:00,0.05089470256366492,0.0561
4,2018-03-20T14:00:00,0.05694488531034039,0.0548
4,2018-03-20T15:00:00,0.06127189434940574,0.0638
4,2018-03-20T16:00:00,0.06239700528821595,0.0674
4,2018-03-20T17:00:00,0.06215351439875142,0.0698
4,2018-03-20T18:00:00,0.059404345316711335,0.0686
4,2018-03-20T19:00:00,0.05198161139792516,0.0626
4,2018-03-20T20:00:00,0.04219890501838004,0.0504
4,2018-03-20T21:00:00,0.03112581028871293,0.0372
4,2018-03-20T22:00:00,0.022053418979442102,0.0277
4,2018-03-20T23:00:00,0.01305784451035966,0.0177
4,2018-03-21T00:00:00,0.006741176897306366,0.0112
4,2018-03-21T01:00:00,0.0033358928459458273,0.0072
4,2018-03-21T02:00:00,0.001343562770384367,0.0052
4,2018-03-21T03:00:00,0.0014876892903112823,0.005
4,2018-03-21T04:00:00,0.003861877461515815,0.0063
4,2018-03-21T05:00:00,0.007774594374881472,0.0098
4,2018-03-21T06:00:00,0.014194661030964433,0.0194
4,2018-03-21T07:00:00,0.0241882127855337,0.029
4,2018-03-21T08:00:00,0.03479333637765857,0.0456
4,2018-03-21T09:00:00,0.039617463377592234,0.0507
4,2018-03-21T10:00:00,0.03977659179721905,0.0427
4,2018-03-21T11:00:00,0.04398251787908735,0.0429
4,2018-03-21T12:00:00,0.04933683009659294,0.0489
4,2018-03-21T13:00:00,0.05441940257766815,0.0516
4,2018-03-21T14:00:00,0.06049763722976236,0.0555
4,2018-03-21T15:00:00,0.06731111389981606,0.0685
4,2018-03-21T16:00:00,0.0699940745277613,0.0709
4,2018-03-21T17:00:00,0.0701122306952762,0.0699
4,2018-03-21T18:00:00,0.06876860049448602,0.073
4,2018-03-21T19:00:00,0.06185880468984899,0.061
4,2018-03-21T20:00:00,0.05274159551185079,0.0561
4,2018-03-21T21:00:00,0.040101547978157154,0.042
4,2018-03-21T22:00:00,0.02985382234152557,0.0298
4,2018-03-21T23:00:00,0.019281769825789122,0.0191
4,2018-03-22T00:00:00,0.011547340865737655,0.0126
4,2018-03-22T01:00:00,0.007628862886474633,0.0092
4,2018-03-22T02:00:00,0.0054637901935909415,0.0052
4,2018-03-22T03:00:00,0.004451610513990886,0.0044
4,2018-03-22T04:00:00,0.0059087414224147615,0.0058
4,2018-03-22T05:00:00,0.010423260190536833,0.0107
4,2018-03-22T06:00:00,0.017925589507388533,0.0201
4,2018-03-22T07:00:00,0.02943009901979573,0.0316
4,2018-03-22T08:00:00,0.041117754972223475,0.047
4,2018-03-22T09:00:00,0.04547121094822765,0.0502
5,2018-03-19T10:00:00,0.02810582327582903,0.0308
5,2018-03-19T11:00:00,0.03678922804648328,0.0345
5,2018-03-19T12:00:00,0.04584408314774705,0.0409
5,2018-03-19T13:00:00,0.052437021204103415,0.0452
5,2018-03-19T14:00:00,0.05543286132603495,0.0475
5,2018-03-19T15:00:00,0.056645192489694615,0.0459
5,2018-03-19T16:00:00,0.05403171683446587,0.0456
5,2018-03-19T17:00:00,0.05261670233144802,0.0468
5,2018-03-19T18:00:00,0.04855299923483787,0.0487
5,2018-03-19T19:00:00,0.041107394515212795,0.0434
5,2018-03-19T20:00:00,0.03337677718008625,0.0415
5,2018-03-19T21:00:00,0.02642039278494694,0.0334
5,2018-03-19T22:00:00,0.021983811356295905,0.0254
5,2018-03-19T23:00:00,0.0168097416546731,0.0162
5,2018-03-20T00:00:00,0.012432299810209251,0.0119
5,2018-03-20T01:00:00,0.008475262988860765,0.0067
5,2018-03-20T02:00:00,0.004505354180131382,0.0044
5,2018-03-20T03:00:00,0.002730528872281455,0.0037
5,2018-03-20T04:00:00,0.0021332563226785332,0.005
5,2018-03-20T05:00:00,0.0026360302205044837,0.0096
5,2018-03-20T06:00:00,0.00525231457057309,0.0185
5,2018-03-20T07:00:00,0.010399327587406623,0.0281
5,2018-03-20T08:00:00,0.018713600471002276,0.0449
5,2018-03-20T09:00:00,0.024656828538691413,0.0494
5,2018-03-20T10:00:00,0.02959721367847549,0.0418
5,2018-03-20T11:00:00,0.035855871067241724,0.0423
5,2018-03-20T12:00:00,0.04355878149508674,0.0492
5,2018-03-20T13:00:00,0.04943603502057195,0.0561
5,2018-03-20T14:00:00,0.05335046378350626,0.0548
5,2018-03-20T15:00:00,0.056302834841007204,0.0638
5,2018-03-20T16:00:00,0.055522170112487106,0.0674
5,2018-03-20T17:00:00,0.05483297982657766,0.0698
5,2018-03-20T18:00:00,0.05229914284749463,0.0686
5,2018-03-20T19:00:00,0.04494772664927431,0.0626
5,2018-03-20T20:00:00,0.03612493807559429,0.0504
5,2018-03-20T21:00:00,0.026848928830691052,0.0372
5,2018-03-20T22:00:00,0.019802077478613532,0.0277
5,2018-03-20T23:00:00,0.013234343209483652,0.0177
5,2018-03-21T00:00:00,0.007639437105662773,0.0112
5,2018-03-21T01:00:00,0.0049380508788803255,0.0072
5,2018-03-21T02:00:00,0.00256975693689682,0.0052
5,2018-03-21T03:00:00,0.0022132892323482485,0.005
5,2018-03-21T04:00:00,0.004099405787948495,0.0063
5,2018-03-21T05:00:00,0.006687033741194889,0.0098
5,2018-03-21T06:00:00,0.010622978893794544,0.0194
5,2018-03-21T07:00:00,0.017078756974630297,0.029
5,2018-03-21T08:00:00,0.025326520910578385,0.0456
5,2018-03-21T09:00:00,0.03159954985117833,0.0507
5,2018-03-21T10:00:00,0.03467993063650042,0.0427
5,2018-03-21T11:00:00,0.03922474020602776,0.0429
5,2018-03-21T12:00:00,0.04628755889190172,0.0489
5,2018-03-21T13:00:00,0.051212617733864416,0.0516
5,2018-03-21T14:00:00,0.05567579678426789,0.0555
5,2018-03-21T15:00:00,0.058837407722668364,0.0685
5,2018-03-21T16:00:00,0.06101233625365202,0.0709
5,2018-03-21T17:00:00,0.062477619911352186,0.0699
5,2018-03-21T18:00:00,0.060144656301714935,0.073
5,2018-03-21T19:00:00,0.05348762200687788,0.061
5,2018-03-21T20:00:00,0.04410362957152793,0.0561
5,2018-03-21T21:00:00,0.03403216711015235,0.042
5,2018-03-21T22:00:00,0.025581453157768955,0.0298
5,2018-03-21T23:00:00,0.016607424514454988,0.0191
5,2018-03-22T00:00:00,0.010114095252421115,0.0126
5,2018-03-22T01:00:00,0.005668358845268333,0.0092
5,2018-03-22T02:00:00,0.0036230718184653878,0.0052
5,2018-03-22T03:00:00,0.003717782480270819,0.0044
5,2018-03-22T04:00:00,0.006259129169948769,0.0058
5,2018-03-22T05:00:00,0.010689034910926765,0.0107
5,2018-03-22T06:00:00,0.017543683578077878,0.0201
5,2018-03-22T07:00:00,0.02662223929794485,0.0316
5,2018-03-22T08:00:00,0.035475663145522654,0.047
5,2018-03-22T09:00:00,0.040433546045908375,0.0502
5,2018-03-22T10:00:00,0.04131536829324814,0.0417
5,2018-03-22T11:00:00,0.044629354168186974,0.045
5,2018-03-22T12:00:00,0.04936004081433698,0.0529
5,2018-03-22T13:00:00,0.054984915674577736,0.0548
5,2018-03-22T14:00:00,0.05927106985551386,0.0597
5,2018-03-22T15:00:00,0.06403645956466972,0.0665
5,2018-03-22T16:00:00,0.06627708317009251,0.0732
5,2018-03-22T17:00:00,0.06783906442655906,0.0733
5,2018-03-22T18:00:00,0.06648731301517452,0.069
5,2018-03-22T19:00:00,0.05982396572750649,0.0684
5,2018-03-22T20:00:00,0.051031021507667675,0.0585
5,2018-03-22T21:00:00,0.03994602355379929,0.0495
5,2018-03-22T22:00:00,0.030176491617594687,0.034
5,2018-03-22T23:00:00,0.020153965065687736,0.0189
5,2018-03-23T00:00:00,0.012320972468189622,0.0125
5,2018-03-23T01:00:00,0.007950201755811428,0.0086
5,2018-03-23T02:00:00,0.005171647382966986,0.0051
5,2018-03-23T03:00:00,0.004240460790686212,0.0048
5,2018-03-23T04:00:00,0.007110938156284167,0.0058
5,2018-03-23T05:00:00,0.012355820959562107,0.0111
5,2018-03-23T06:00:00,0.020559629609733343,0.0196
5,2018-03-23T07:00:00,0.03128572489759404,0.0314
5,2018-03-23T08:00:00,0.04101261604524123,0.0407
5,2018-03-23T09:00:00,0.04516916674362985,0.0521
6,2018-03-20T10:00:00,0.04867889814876409,0.0418
6,2018-03-20T11:00:00,0.049813305990144684,0.0423
6,2018-03-20T12:00:00,0.052812774812646,0.0492
6,2018-03-20T13:00:00,0.055829794911635734,0.0561
6,2018-03-20T14:00:00,0.05667088425041636,0.0548
6,2018-03-20T15:00:00,0.05720110556225759,0.0638
6,2018-03-20T16:00:00,0.05507511805701762,0.0674
6,2018-03-20T17:00:00,0.055356644596877544,0.0698
6,2018-03-20T18:00:00,0.05486156438529105,0.0686
6,2018-03-20T19:00:00,0.05022242577200951,0.0626
6,2018-03-20T20:00:00,0.04382864835945578,0.0504
6,2018-03-20T21:00:00,0.03521297781424168,0.0372
6,2018-03-20T22:00:00,0.026588299120611655,0.0277
6,2018-03-20T23:00:00,0.017527747082103758,0.0177
6,2018-03-21T00:00:00,0.010312918607542104,0.0112
6,2018-03-21T01:00:00,0.0046858693303978675,0.0072
6,2018-03-21T02:00:00,0.0007952084685881912,0.0052
6,2018-03-21T03:00:00,-0.001129753230243384,0.005
6,2018-03-21T04:00:00,0.0006003239444092,0.0063
6,2018-03-21T05:00:00,0.004097192823767113,0.0098
6,2018-03-21T06:00:00,0.011098799483621954,0.0194
6,2018-03-21T07:00:00,0.0211166132453326,0.029
6,2018-03-21T08:00:00,0.03333420083556889,0.0456
6,2018-03-21T09:00:00,0.04079803158426058,0.0507
6,2018-03-21T10:00:00,0.04418805792216787,0.0427
6,2018-03-21T11:00:00,0.046859467332645066,0.0429
6,2018-03-21T12:00:00,0.05094652061805931,0.0489
6,2018-03-21T13:00:00,0.05376308085476621,0.0516
6,2018-03-21T14:00:00,0.05525914626602019,0.0555
6,2018-03-21T15:00:00,0.05656286426484073,0.0685
6,2018-03-21T16:00:00,0.05612935982540483,0.0709
6,2018-03-21T17:00:00,0.05711552885316595,0.0699
6,2018-03-21T18:00:00,0.05542935878019285,0.073
6,2018-03-21T19:00:00,0.049801279239439236,0.061
6,2018-03-21T20:00:00,0.04173661504874097,0.0561
6,2018-03-21T21:00:00,0.03280710150280793,0.042
6,2018-03-21T22:00:00,0.02524527971896134,0.0298
6,2018-03-21T23:00:00,0.016846822909510614,0.0191
6,2018-03-22T00:00:00,0.009861461649497808,0.0126
6,2018-03-22T01:00:00,0.004295080531324477,0.0092
6,2018-03-22T02:00:00,0.0008194126548127095,0.0052
6,2018-03-22T03:00:00,0.00036031807929681747,0.0044
6,2018-03-22T04:00:00,0.001893455458998633,0.0058
6,2018-03-22T05:00:00,0.005232425927324608,0.0107
6,2018-03-22T06:00:00,0.010562536762044071,0.0201
6,2018-03-22T07:00:00,0.018256816279151915,0.0316
6,2018-03-22T08:00:00,0.02810785401651487,0.047
6,2018-03-22T09:00:00,0.03450419587433849,0.0502
6,2018-03-22T10:00:00,0.037794435399585345,0.0417
6,2018-03-22T11:00:00,0.04118759265253279,0.045
6,2018-03-22T12:00:00,0.04705844592816706,0.0529
6,2018-03-22T13:00:00,0.05184006754561769,0.0548
6,2018-03-22T14:00:00,0.05556284625141879,0.0597
6,2018-03-22T15:00:00,0.0576911781320148,0.0665
6,2018-03-22T16:00:00,0.05840475132334631,0.0732
6,2018-03-22T17:00:00,0.059782700866512314,0.0733
6,2018-03-22T18:00:00,0.056390260067289144,0.069
6,2018-03-22T19:00:00,0.049309153151059236,0.0684
6,2018-03-22T20:00:00,0.04024738266813983,0.0585
6,2018-03-22T21:00:00,0.031041119290938543,0.0495
6,2018-03-22T22:00:00,0.02316700515823408,0.034
6,2018-03-22T23:00:00,0.015491584195980235,0.0189
6,2018-03-23T00:00:00,0.009919068804173484,0.0125
6,2018-03-23T01:00:00,0.005471860591864441,0.0086
6,2018-03-23T02:00:00,0.0026205552405757886,0.0051
6,2018-03-23T03:00:00,0.0031104525954334453,0.0048
6,2018-03-23T04:00:00,0.005664728392549556,0.0058
6,2018-03-23T05:00:00,0.01072955686074684,0.0111
6,2018-03-23T06:00:00,0.017686172539553555,0.0196
6,2018-03-23T07:00:00,0.027531605748010408,0.0314
6,2018-03-23T08:00:00,0.03620180607853334,0.0407
6,2018-03-23T09:00:00,0.04039796866055374,0.0521
6,2018-03-23T10:00:00,0.04168001608059733,0.0467
6,2018-03-23T11:00:00,0.045038176960797066,0.0453
6,2018-03-23T12:00:00,0.05133693971369463,0.0504
6,2018-03-23T13:00:00,0.05781844722645554,0.0565
6,2018-03-23T14:00:00,0.06208167453778489,0.0601
6,2018-03-23T15:00:00,0.06598714631505395,0.0665
6,2018-03-23T16:00:00,0.06669174499923025,0.0728
6,2018-03-23T17:00:00,0.06812890316125386,0.0771
6,2018-03-23T18:00:00,0.06559759453317142,0.0781
6,2018-03-23T19:00:00,0.05805753146119626,0.0652
6,2018-03-23T20:00:00,0.04750483917561421,0.0575
6,2018-03-23T21:00:00,0.03675183193047127,0.0467
6,2018-03-23T22:00:00,0.027524264874492693,0.0308
6,2018-03-23T23:00:00,0.019135492542970166,0.021
6,2018-03-24T00:00:00,0.013134263963155854,0.0146
6,2018-03-24T01:00:00,0.008692058136229103,0.0102
6,2018-03-24T02:00:00,0.004971956714093204,0.0064
6,2018-03-24T03:00:00,0.0036823995834546937,0.0046
6,2018-03-24T04:00:00,0.005957111247585901,0.0062
6,2018-03-24T05:00:00,0.010263660442830218,0.0108
6,2018-03-24T06:00:00,0.018227566604679807,0.0181
6,2018-03-24T07:00:00,0.028846073408698013,0.0327
6,2018-03-24T08:00:00,0.03993378234005678,0.0451
6,2018-03-24T09:00:00,0.04515680007601926,0.0498
7,2018-03-21T10:00:00,0.04860089247548223,0.0427
7,2018-03-21T11:00:00,0.048364124581713616,0.0429
7,2018-03-21T12:00:00,0.05242608078577521,0.0489
7,2018-03-21T13:00:00,0.05709313638900283,0.0516
7,2018-03-21T14:00:00,0.059922390945182494,0.0555
7,2018-03-21T15:00:00,0.06379990543307856,0.0685
7,2018-03-21T16:00:00,0.06532802465805712,0.0709
7,2018-03-21T17:00:00,0.06713713601745197,0.0699
7,2018-03-21T18:00:00,0.06524834393033552,0.073
7,2018-03-21T19:00:00,0.05958599585952694,0.061
7,2018-03-21T20:00:00,0.05045105668584279,0.0561
7,2018-03-21T21:00:00,0.038394235599329245,0.042
7,2018-03-21T22:00:00,0.02887377143258413,0.0298
7,2018-03-21T23:00:00,0.018836754818741863,0.0191
7,2018-03-22T00:00:00,0.01055267741964611,0.0126
7,2018-03-22T01:00:00,0.004512057902188352,0.0092
7,2018-03-22T02:00:00,0.001151972286317006,0.0052
7,2018-03-22T03:00:00,0.00040642412796570646,0.0044
7,2018-03-22T04:00:00,0.0012646161930918894,0.0058
7,2018-03-22T05:00:00,0.0038559236592289395,0.0107
7,2018-03-22T06:00:00,0.009729521325834937,0.0201
7,2018-03-22T07:00:00,0.018191019404856137,0.0316
7,2018-03-22T08:00:00,0.02988265822849089,0.047
7,2018-03-22T09:00:00,0.03666065132324717,0.0502
7,2018-03-22T10:00:00,0.03978751031368481,0.0417
7,2018-03-22T11:00:00,0.04206837464901389,0.045
7,2018-03-22T12:00:00,0.047106085107207055,0.0529
7,2018-03-22T13:00:00,0.052106485304688976,0.0548
7,2018-03-22T14:00:00,0.05452937445722482,0.0597
7,2018-03-22T15:00:00,0.057089816066656265,0.0665
7,2018-03-22T16:00:00,0.05700402384323818,0.0732
7,2018-03-22T17:00:00,0.05799333797844631,0.0733
7,2018-03-22T18:00:00,0.056631303204606895,0.069
7,2018-03-22T19:00:00,0.05139811774802324,0.0684
7,2018-03-22T20:00:00,0.043709843371167845,0.0585
7,2018-03-22T21:00:00,0.03401824173079532,0.0495
7,2018-03-22T22:00:00,0.025076578082867545,0.034
7,2018-03-22T23:00:00,0.016713598786278705,0.0189
7,2018-03-23T00:00:00,0.00927655226320748,0.0125
7,2018-03-23T01:00:00,0.003144396977924225,0.0086
7,2018-03-23T02:00:00,-9.016117960796224e-05,0.0051
7,2018-03-23T03:00:00,-0.0006105669527761252,0.0048
7,2018-03-23T04:00:00,0.0008063083324749976,0.0058
7,2018-03-23T05:00:00,0.004358310332126872,0.0111
7,2018-03-23T06:00:00,0.009135486747575795,0.0196
7,2018-03-23T07:00:00,0.01714209102829793,0.0314
7,2018-03-23T08:00:00,0.026780023644077174,0.0407
7,2018-03-23T09:00:00,0.03366980272337416,0.0521
7,2018-03-23T10:00:00,0.03679542206839745,0.0467
7,2018-03-23T11:00:00,0.0415356975251405,0.0453
7,2018-03-23T12:00:00,0.0486653540370285,0.0504
7,2018-03-23T13:00:00,0.05465226317917668,0.0565
7,2018-03-23T14:00:00,0.05854280139055667,0.0601
7,2018-03-23T15:00:00,0.060717735177987314,0.0665
7,2018-03-23T16:00:00,0.06092426098009274,0.0728
7,2018-03-23T17:00:00,0.06163888546082158,0.0771
7,2018-03-23T18:00:00,0.05944851173644215,0.0781
7,2018-03-23T19:00:00,0.05348219209714067,0.0652
7,2018-03-23T20:00:00,0.04504399672368578,0.0575
7,2018-03-23T21:00:00,0.03583710432499509,0.0467
7,2018-03-23T22:00:00,0.027714108816441287,0.0308
7,2018-03-23T23:00:00,0.019949224703408777,0.021
7,2018-03-24T00:00:00,0.012630423707451214,0.0146
7,2018-03-24T01:00:00,0.006611638769916394,0.0102
7,2018-03-24T02:00:00,0.0025765780529364915,0.0064
7,2018-03-24T03:00:00,0.0023768821276157204,0.0046
7,2018-03-24T04:00:00,0.003752918324078574,0.0062
7,2018-03-24T05:00:00,0.0067154290678167645,0.0108
7,2018-03-24T06:00:00,0.012066338611972996,0.0181
7,2018-03-24T07:00:00,0.020200629173811706,0.0327
7,2018-03-24T08:00:00,0.030849871351999816,0.0451
7,2018-03-24T09:00:00,0.038022911423447416,0.0498
7,2018-03-24T10:00:00,0.04280897298645277,0.0432
7,2018-03-24T11:00:00,0.04904330834470949,0.0457
7,2018-03-24T12:00:00,0.05588124851903904,0.0562
7,2018-03-24T13:00:00,0.06195688473417286,0.0553
7,2018-03-24T14:00:00,0.06529508075264281,0.0695
7,2018-03-24T15:00:00,0.06852420724828878,0.0684
7,2018-03-24T16:00:00,0.06813202023431694,0.071
7,2018-03-24T17:00:00,0.06823768533164257,0.0738
7,2018-03-24T18:00:00,0.06615735182063062,0.0785
7,2018-03-24T19:00:00,0.060385990295765954,0.068
7,2018-03-24T20:00:00,0.05271885962648454,0.0549
7,2018-03-24T21:00:00,0.042932684342358036,0.0473
7,2018-03-24T22:00:00,0.03508801630002808,0.0336
7,2018-03-24T23:00:00,0.027527392285234847,0.0276
7,2018-03-25T00:00:00,0.019816746470004275,0.0202
7,2018-03-25T01:00:00,0.012893394288588666,0.0138
7,2018-03-25T02:00:00,0.00783953252095453,0.008
7,2018-03-25T03:00:00,0.005697432253551488,0.0059
7,2018-03-25T04:00:00,0.004739488593959677,0.0055
7,2018-03-25T05:00:00,0.004795914800212353,0.0053
7,2018-03-25T06:00:00,0.008050303780076169,0.0082
7,2018-03-25T07:00:00,0.01400724942225146,0.0152
7,2018-03-25T08:00:00,0.024045449087095522,0.0243
7,2018-03-25T09:00:00,0.031780189579238394,0.034
8,2018-03-22T10:00:00,0.04707397172041662,0.0417
8,2018-03-22T11:00:00,0.046338006940996476,0.045
8,2018-03-22T12:00:00,0.05003040425928925,0.0529
8,2018-03-22T13:00:00,0.053806763681374256,0.0548
8,2018-03-22T14:00:00,0.056389946432618944,0.0597
8,2018-03-22T15:00:00,0.06054103620823313,0.0665
8,2018-03-22T16:00:00,0.06265921263325094,0.0732
8,2018-03-22T17:00:00,0.06306702881626308,0.0733
8,2018-03-22T18:00:00,0.06186374399786744,0.069
8,2018-03-22T19:00:00,0.056745932296193735,0.0684
8,2018-03-22T20:00:00,0.04958037530267633,0.0585
8,2018-03-22T21:00:00,0.039143988915269864,0.0495
8,2018-03-22T22:00:00,0.029456588614553997,0.034
8,2018-03-22T23:00:00,0.019637723099392594,0.0189
8,2018-03-23T00:00:00,0.011430181671001242,0.0125
8,2018-03-23T01:00:00,0.005823839290686413,0.0086
8,2018-03-23T02:00:00,0.0009452327220341276,0.0051
8,2018-03-23T03:00:00,-0.0009025836086723991,0.0048
8,2018-03-23T04:00:00,0.0001033373947155504,0.0058
8,2018-03-23T05:00:00,0.003761486332666812,0.0111
8,2018-03-23T06:00:00,0.010278509905567501,0.0196
8,2018-03-23T07:00:00,0.020399225099993073,0.0314
8,2018-03-23T08:00:00,0.03290303586547186,0.0407
8,2018-03-23T09:00:00,0.03902972952712108,0.0521
8,2018-03-23T10:00:00,0.04069049694395672,0.0467
8,2018-03-23T11:00:00,0.04356018934680467,0.0453
8,2018-03-23T12:00:00,0.04824813932680422,0.0504
8,2018-03-23T13:00:00,0.05215358832613634,0.0565
8,2018-03-23T14:00:00,0.05351315957848801,0.0601
8,2018-03-23T15:00:00,0.05604013163780648,0.0665
8,2018-03-23T16:00:00,0.05642724968473419,0.0728
8,2018-03-23T17:00:00,0.056167982445713735,0.0771
8,2018-03-23T18:00:00,0.05359214470305839,0.0781
8,2018-03-23T19:00:00,0.049426692562127686,0.0652
8,2018-03-23T20:00:00,0.04266279119575407,0.0575
8,2018-03-23T21:00:00,0.034908153650047534,0.0467
8,2018-03-23T22:00:00,0.026909049968745546,0.0308
8,2018-03-23T23:00:00,0.018764596767517745,0.021
8,2018-03-24T00:00:00,0.011850469650563706,0.0146
8,2018-03-24T01:00:00,0.005860825403833467,0.0102
8,2018-03-24T02:00:00,0.0005381138943222133,0.0064
8,2018-03-24T03:00:00,-0.001282193697154186,0.0046
8,2018-03-24T04:00:00,-0.0011830010382181365,0.0062
8,2018-03-24T05:00:00,0.0012679347632894578,0.0108
8,2018-03-24T06:00:00,0.0061676214365072,0.0181
8,2018-03-24T07:00:00,0.015263131125270007,0.0327
8,2018-03-24T08:00:00,0.02598038331715017,0.0451
8,2018-03-24T09:00:00,0.03439491118761787,0.0498
8,2018-03-24T10:00:00,0.0393519269494657,0.0432
8,2018-03-24T11:00:00,0.044516029376312424,0.0457
8,2018-03-24T12:00:00,0.05205624243224159,0.0562
8,2018-03-24T13:00:00,0.05619393702878481,0.0553
8,2018-03-24T14:00:00,0.057660392874163,0.0695
8,2018-03-24T15:00:00,0.05870950960673822,0.0684
8,2018-03-24T16:00:00,0.05891258017102442,0.071
8,2018-03-24T17:00:00,0.05774959302737742,0.0738
8,2018-03-24T18:00:00,0.05397561127147938,0.0785
8,2018-03-24T19:00:00,0.04856629979786309,0.068
8,2018-03-24T20:00:00,0.04262108216498951,0.0549
8,2018-03-24T21:00:00,0.03513728620413824,0.0473
8,2018-03-24T22:00:00,0.02871648998825651,0.0336
8,2018-03-24T23:00:00,0.022279129060899794,0.0276
8,2018-03-25T00:00:00,0.01617287509335815,0.0202
8,2018-03-25T01:00:00,0.010372912189149715,0.0138
8,2018-03-25T02:00:00,0.004676034518085848,0.008
8,2018-03-25T03:00:00,0.001260183256133151,0.0059
8,2018-03-25T04:00:00,-7.493037848936568e-06,0.0055
8,2018-03-25T05:00:00,0.0004409327024330542,0.0053
8,2018-03-25T06:00:00,0.003795854735214519,0.0082
8,2018-03-25T07:00:00,0.010275149283794038,0.0152
8,2018-03-25T08:00:00,0.02113777500004125,0.0243
8,2018-03-25T09:00:00,0.029857017577955346,0.034
8,2018-03-25T10:00:00,0.03682806565547393,0.0404
8,2018-03-25T11:00:00,0.04450468351070664,0.0467
8,2018-03-25T12:00:00,0.051796395231903616,0.0506
8,2018-03-25T13:00:00,0.05664974807708305,0.0591
8,2018-03-25T14:00:00,0.057137330843117576,0.0581
8,2018-03-25T15:00:00,0.05778262278809253,0.0607
8,2018-03-25T16:00:00,0.05772477558900446,0.0582
8,2018-03-25T17:00:00,0.05734644456928943,0.0606
8,2018-03-25T18:00:00,0.054348130412976176,0.057
8,2018-03-25T19:00:00,0.048974326238754695,0.0502
8,2018-03-25T20:00:00,0.04295953339749134,0.0436
8,2018-03-25T21:00:00,0.03498793880584928,0.0377
8,2018-03-25T22:00:00,0.028789286224709276,0.0327
8,2018-03-25T23:00:00,0.023411555221766422,0.0259
8,2018-03-26T00:00:00,0.017976833207342176,0.0204
8,2018-03-26T01:00:00,0.012764847877530173,0.0132
8,2018-03-26T02:00:00,0.007817012149914732,0.0088
8,2018-03-26T03:00:00,0.004859360115341202,0.0063
8,2018-03-26T04:00:00,0.003701708265385649,0.0053
8,2018-03-26T05:00:00,0.004270969208996722,0.0036
8,2018-03-26T06:00:00,0.006353217818860786,0.0045
8,2018-03-26T07:00:00,0.01173322109622852,0.008
8,2018-03-26T08:00:00,0.02065699249947334,0.0149
8,2018-03-26T09:00:00,0.027243150264861626,0.0218
9,2018-03-23T10:00:00,0.04651050863783182,0.0467
9,2018-03-23T11:00:00,0.046556588404265783,0.0453
9,2018-03-23T12:00:00,0.05101476506928696,0.0504
9,2018-03-23T13:00:00,0.05474286680373654,0.0565
9,2018-03-23T14:00:00,0.05731935985011622,0.0601
9,2018-03-23T15:00:00,0.06190462163393361,0.0665
9,2018-03-23T16:00:00,0.06403246116066187,0.0728
9,2018-03-23T17:00:00,0.06404877366781044,0.0771
9,2018-03-23T18:00:00,0.0625056893382609,0.0781
9,2018-03-23T19:00:00,0.058181201641600136,0.0652
9,2018-03-23T20:00:00,0.05132811939565104,0.0575
9,2018-03-23T21:00:00,0.04122149901339037,0.0467
9,2018-03-23T22:00:00,0.031084158553220522,0.0308
9,2018-03-23T23:00:00,0.019614570728210105,0.021
9,2018-03-24T00:00:00,0.010940119614138006,0.0146
9,2018-03-24T01:00:00,0.005120486384445937,0.0102
9,2018-03-24T02:00:00,0.0008947795917072787,0.0064
9,2018-03-24T03:00:00,-0.0007696848595089636,0.0046
9,2018-03-24T04:00:00,-0.0005190241763546426,0.0062
9,2018-03-24T05:00:00,0.0029796774508526157,0.0108
9,2018-03-24T06:00:00,0.00987258954776854,0.0181
9,2018-03-24T07:00:00,0.020185409131561867,0.0327
9,2018-03-24T08:00:00,0.032641517114992115,0.0451
9,2018-03-24T09:00:00,0.03899172891970561,0.0498
9,2018-03-24T10:00:00,0.039341571748902,0.0432
9,2018-03-24T11:00:00,0.0405455041615664,0.0457
9,2018-03-24T12:00:00,0.045761014639942546,0.0562
9,2018-03-24T13:00:00,0.04957315119236768,0.0553
9,2018-03-24T14:00:00,0.05103331331855385,0.0695
9,2018-03-24T15:00:00,0.054521721070412255,0.0684
9,2018-03-24T16:00:00,0.05568037865389125,0.071
9,2018-03-24T17:00:00,0.055303824313257706,0.0738
9,2018-03-24T18:00:00,0.05469287448859553,0.0785
9,2018-03-24T19:00:00,0.050786537149722664,0.068
9,2018-03-24T20:00:00,0.0448055651644459,0.0549
9,2018-03-24T21:00:00,0.03528374851389112,0.0473
9,2018-03-24T22:00:00,0.02540092766982339,0.0336
9,2018-03-24T23:00:00,0.016229636660928574,0.0276
9,2018-03-25T00:00:00,0.007235687660469302,0.0202
9,2018-03-25T01:00:00,0.00213901388427791,0.0138
9,2018-03-25T02:00:00,-0.002394443862337059,0.008
9,2018-03-25T03:00:00,-0.004725814768537347,0.0059
9,2018-03-25T04:00:00,-0.004505673016587511,0.0055
9,2018-03-25T05:00:00,-0.00112100299815961,0.0053
9,2018-03-25T06:00:00,0.004300280909543267,0.0082
9,2018-03-25T07:00:00,0.013557425467071019,0.0152
9,2018-03-25T08:00:00,0.024458756855489518,0.0243
9,2018-03-25T09:00:00,0.03134509891931683,0.034
9,2018-03-25T10:00:00,0.03161594383325518,0.0404
9,2018-03-25T11:00:00,0.03489991206681717,0.0467
9,2018-03-25T12:00:00,0.041462919037957055,0.0506
9,2018-03-25T13:00:00,0.045084452617488724,0.0591
9,2018-03-25T14:00:00,0.04610933134736382,0.0581
9,2018-03-25T15:00:00,0.047322706791824834,0.0607
9,2018-03-25T16:00:00,0.04877011852977039,0.0582
9,2018-03-25T17:00:00,0.04938057775271382,0.0606
9,2018-03-25T18:00:00,0.04876777415441434,0.057
9,2018-03-25T19:00:00,0.0457971737387637,0.0502
9,2018-03-25T20:00:00,0.03988046094182422,0.0436
9,2018-03-25T21:00:00,0.03170000878819346,0.0377
9,2018-03-25T22:00:00,0.023313189577156272,0.0327
9,2018-03-25T23:00:00,0.014530339487680807,0.0259
9,2018-03-26T00:00:00,0.007758241568306009,0.0204
9,2018-03-26T01:00:00,0.002430345449916927,0.0132
9,2018-03-26T02:00:00,-0.0012540156370077597,0.0088
9,2018-03-26T03:00:00,-0.0033347363729477053,0.0063
9,2018-03-26T04:00:00,-0.0034469913026455717,0.0053
9,2018-03-26T05:00:00,5.916396638875124e-05,0.0036
9,2018-03-26T06:00:00,0.006651733195381551,0.0045
9,2018-03-26T07:00:00,0.01663029952045148,0.008
9,2018-03-26T08:00:00,0.02779201374115591,0.0149
9,2018-03-26T09:00:00,0.03352390688339153,0.0218
9,2018-03-26T10:00:00,0.0326997909623606,0.0306
9,2018-03-26T11:00:00,0.036322101444756894,0.0359
9,2018-03-26T12:00:00,0.04256887600959262,0.0423
9,2018-03-26T13:00:00,0.047484831386234036,0.0459
9,2018-03-26T14:00:00,0.04828245691703106,0.0501
9,2018-03-26T15:00:00,0.04954840734425253,0.0467
9,2018-03-26T16:00:00,0.05052866462130266,0.0467
9,2018-03-26T17:00:00,0.050284229323529536,0.0447
9,2018-03-26T18:00:00,0.05017701182219386,0.048
9,2018-03-26T19:00:00,0.04653379294583368,0.0439
9,2018-03-26T20:00:00,0.04139457173558336,0.0396
9,2018-03-26T21:00:00,0.032173865394211756,0.0329
9,2018-03-26T22:00:00,0.024002149280257908,0.0211
9,2018-03-26T23:00:00,0.015877230437751688,0.015
9,2018-03-27T00:00:00,0.009319134740246326,0.0104
9,2018-03-27T01:00:00,0.005295343845605798,0.007
9,2018-03-27T02:00:00,0.0031768169907888805,0.0045
9,2018-03-27T03:00:00,0.0018933152870789886,0.0044
9,2018-03-27T04:00:00,0.003935509770904792,0.0055
9,2018-03-27T05:00:00,0.008463982653627418,0.0094
9,2018-03-27T06:00:00,0.016480849271016493,0.0174
9,2018-03-27T07:00:00,0.027735149059617093,0.0313
9,2018-03-27T08:00:00,0.040174334875655776,0.0423
9,2018-03-27T09:00:00,0.04540145789671483,0.0515
10,2018-03-24T10:00:00,0.04663917594717101,0.0432
10,2018-03-24T11:00:00,0.046177391822946945,0.0457
10,2018-03-24T12:00:00,0.05072700087900289,0.0562
10,2018-03-24T13:00:00,0.0551877269208126,0.0553
10,2018-03-24T14:00:00,0.05800054982371199,0.0695
10,2018-03-24T15:00:00,0.0630799351457643,0.0684
10,2018-03-24T16:00:00,0.06600725748122487,0.071
10,2018-03-24T17:00:00,0.06707747709630249,0.0738
10,2018-03-24T18:00:00,0.06547246481265424,0.0785
10,2018-03-24T19:00:00,0.058745088744241857,0.068
10,2018-03-24T20:00:00,0.04981220213627749,0.0549
10,2018-03-24T21:00:00,0.037940144810914844,0.0473
10,2018-03-24T22:00:00,0.026865491719931085,0.0336
10,2018-03-24T23:00:00,0.01639687402610679,0.0276
10,2018-03-25T00:00:00,0.008687821439957867,0.0202
10,2018-03-25T01:00:00,0.0037808580919616065,0.0138
10,2018-03-25T02:00:00,0.0002766547169083221,0.008
10,2018-03-25T03:00:00,-0.0015342175522270428,0.0059
10,2018-03-25T04:00:00,-0.00018242584141561075,0.0055
10,2018-03-25T05:00:00,0.0030560869163995356,0.0053
10,2018-03-25T06:00:00,0.010076304902885105,0.0082
10,2018-03-25T07:00:00,0.02039977334741378,0.0152
10,2018-03-25T08:00:00,0.03225979656304519,0.0243
10,2018-03-25T09:00:00,0.038423232789131095,0.034
10,2018-03-25T10:00:00,0.038721143499033495,0.0404
10,2018-03-25T11:00:00,0.0407853863249597,0.0467
10,2018-03-25T12:00:00,0.045998408050902564,0.0506
10,2018-03-25T13:00:00,0.04994111474647604,0.0591
10,2018-03-25T14:00:00,0.05197303287644295,0.0581
10,2018-03-25T15:00:00,0.05665100436791285,0.0607
10,2018-03-25T16:00:00,0.05899936936722098,0.0582
10,2018-03-25T17:00:00,0.05995864115575142,0.0606
10,2018-03-25T18:00:00,0.058338350132861976,0.057
10,2018-03-25T19:00:00,0.052622112967546285,0.0502
10,2018-03-25T20:00:00,0.0434191127926343,0.0436
10,2018-03-25T21:00:00,0.0324898321747282,0.0377
10,2018-03-25T22:00:00,0.0224512911912598,0.0327
10,2018-03-25T23:00:00,0.012275829225393785,0.0259
10,2018-03-26T00:00:00,0.004897124182642279,0.0204
10,2018-03-26T01:00:00,0.00044205758208819626,0.0132
10,2018-03-26T02:00:00,-0.002559808180239029,0.0088
10,2018-03-26T03:00:00,-0.002969194288751184,0.0063
10,2018-03-26T04:00:00,-0.0015024475866397373,0.0053
10,2018-03-26T05:00:00,0.002392416680610264,0.0036
10,2018-03-26T06:00:00,0.008582578610540185,0.0045
10,2018-03-26T07:00:00,0.01778498953774496,0.008
10,2018-03-26T08:00:00,0.028613545119767977,0.0149
10,2018-03-26T09:00:00,0.035067312907496664,0.0218
10,2018-03-26T10:00:00,0.035674543620700896,0.0306
10,2018-03-26T11:00:00,0.038340102956111746,0.0359
10,2018-03-26T12:00:00,0.045249028468342695,0.0423
10,2018-03-26T13:00:00,0.049391609282789795,0.0459
10,2018-03-26T14:00:00,0.05277081610064957,0.0501
10,2018-03-26T15:00:00,0.056560139673152654,0.0467
10,2018-03-26T16:00:00,0.060852410606232234,0.0467
10,2018-03-26T17:00:00,0.06191202271129081,0.0447
10,2018-03-26T18:00:00,0.05924300743720114,0.048
10,2018-03-26T19:00:00,0.052964055356921745,0.0439
10,2018-03-26T20:00:00,0.04346804032683073,0.0396
10,2018-03-26T21:00:00,0.032894680217341876,0.0329
10,2018-03-26T22:00:00,0.022890564581263543,0.0211
10,2018-03-26T23:00:00,0.013912636880789779,0.015
10,2018-03-27T00:00:00,0.0070171946807242765,0.0104
10,2018-03-27T01:00:00,0.0024195381949123768,0.007
10,2018-03-27T02:00:00,0.0001289730866694365,0.0045
10,2018-03-27T03:00:00,-0.0008867126430707126,0.0044
10,2018-03-27T04:00:00,0.0011603195241318073,0.0055
10,2018-03-27T05:00:00,0.005728037040056751,0.0094
10,2018-03-27T06:00:00,0.013321037789634445,0.0174
10,2018-03-27T07:00:00,0.023938524194642114,0.0313
10,2018-03-27T08:00:00,0.03465622108193735,0.0423
10,2018-03-27T09:00:00,0.04006473970813315,0.0515
10,2018-03-27T10:00:00,0.03938083215144528,0.0444
10,2018-03-27T11:00:00,0.04207362338654496,0.0421
10,2018-03-27T12:00:00,0.04823941187265739,0.0515
10,2018-03-27T13:00:00,0.053763508379121125,0.0559
10,2018-03-27T14:00:00,0.05673110911569139,0.0587
10,2018-03-27T15:00:00,0.06223721630841781,0.0628
10,2018-03-27T16:00:00,0.06609792768744656,0.0746
10,2018-03-27T17:00:00,0.06716762691427251,0.0635
10,2018-03-27T18:00:00,0.06564502695862993,0.0693
10,2018-03-27T19:00:00,0.059177336892847945,0.0622
10,2018-03-27T20:00:00,0.04960242259348733,0.0517
10,2018-03-27T21:00:00,0.037493981795845704,0.0325
10,2018-03-27T22:00:00,0.026133014768301484,0.0276
10,2018-03-27T23:00:00,0.01645193530829193,0.0163
10,2018-03-28T00:00:00,0.00960572148640539,0.01
10,2018-03-28T01:00:00,0.005592636222127672,0.0079
10,2018-03-28T02:00:00,0.003455427954720206,0.0053
10,2018-03-28T03:00:00,0.002756800594320725,0.0051
10,2018-03-28T04:00:00,0.005539977136215426,0.0057
10,2018-03-28T05:00:00,0.010240822932822226,0.0093
10,2018-03-28T06:00:00,0.017731124973323777,0.019
10,2018-03-28T07:00:00,0.02884985086671752,0.0335
10,2018-03-28T08:00:00,0.041194598269861694,0.0442
10,2018-03-28T09:00:00,0.04582716877741852,0.0512
11,2018-03-25T10:00:00,0.034406699470845035,0.0404
11,2018-03-25T11:00:00,0.03819550335595603,0.0467
11,2018-03-25T12:00:00,0.04634828066663188,0.0506
11,2018-03-25T13:00:00,0.052250657380489784,0.0591
11,2018-03-25T14:00:00,0.05742196043884862,0.0581
11,2018-03-25T15:00:00,0.060345598004971544,0.0607
11,2018-03-25T16:00:00,0.06129262928061907,0.0582
11,2018-03-25T17:00:00,0.061834921146890647,0.0606
11,2018-03-25T18:00:00,0.06003772089636755,0.057
11,2018-03-25T19:00:00,0.05357967290650807,0.0502
11,2018-03-25T20:00:00,0.04437945917414371,0.0436
11,2018-03-25T21:00:00,0.03428574056579687,0.0377
11,2018-03-25T22:00:00,0.02616394527930502,0.0327
11,2018-03-25T23:00:00,0.01847736470488362,0.0259
11,2018-03-26T00:00:00,0.012240813403792229,0.0204
11,2018-03-26T01:00:00,0.007566943693120911,0.0132
11,2018-03-26T02:00:00,0.0035165026122580753,0.0088
11,2018-03-26T03:00:00,0.0016808602127726252,0.0063
11,2018-03-26T04:00:00,0.0004009591752485893,0.0053
11,2018-03-26T05:00:00,0.0013211825712642102,0.0036
11,2018-03-26T06:00:00,0.004337832966815884,0.0045
11,2018-03-26T07:00:00,0.011215308631081021,0.008
11,2018-03-26T08:00:00,0.021354562613168905,0.0149
11,2018-03-26T09:00:00,0.02765155201606808,0.0218
11,2018-03-26T10:00:00,0.030983209452523884,0.0306
11,2018-03-26T11:00:00,0.03388412699022897,0.0359
11,2018-03-26T12:00:00,0.04122064571682953,0.0423
11,2018-03-26T13:00:00,0.04710215854130803,0.0459
11,2018-03-26T14:00:00,0.052022695787572806,0.0501
11,2018-03-26T15:00:00,0.05626564197427868,0.0467
11,2018-03-26T16:00:00,0.05777674257606347,0.0467
11,2018-03-26T17:00:00,0.057599004581954924,0.0447
11,2018-03-26T18:00:00,0.056129769828269796,0.048
11,2018-03-26T19:00:00,0.04876933707131838,0.0439
11,2018-03-26T20:00:00,0.040503306106017184,0.0396
11,2018-03-26T21:00:00,0.030770887979578432,0.0329
11,2018-03-26T22:00:00,0.02067232608097809,0.0211
11,2018-03-26T23:00:00,0.014081917952556401,0.015
11,2018-03-27T00:00:00,0.007250153402576558,0.0104
11,2018-03-27T01:00:00,0.0037359329917157173,0.007
11,2018-03-27T02:00:00,0.00025120300059896725,0.0045
11,2018-03-27T03:00:00,-0.00036693764354094396,0.0044
11,2018-03-27T04:00:00,0.0013555352044709555,0.0055
11,2018-03-27T05:00:00,0.0036682755104015703,0.0094
11,2018-03-27T06:00:00,0.007959302417694311,0.0174
11,2018-03-27T07:00:00,0.016252213100736226,0.0313
11,2018-03-27T08:00:00,0.024537283617882658,0.0423
11,2018-03-27T09:00:00,0.03113879756749774,0.0515
11,2018-03-27T10:00:00,0.03209701053239017,0.0444
11,2018-03-27T11:00:00,0.035305368630777004,0.0421
11,2018-03-27T12:00:00,0.043099838480458966,0.0515
11,2018-03-27T13:00:00,0.047623308977799296,0.0559
11,2018-03-27T14:00:00,0.05413006846188406,0.0587
11,2018-03-27T15:00:00,0.057624871557576215,0.0628
11,2018-03-27T16:00:00,0.061716954211467286,0.0746
11,2018-03-27T17:00:00,0.06236153127965205,0.0635
11,2018-03-27T18:00:00,0.05993383598242143,0.0693
11,2018-03-27T19:00:00,0.05350021820600689,0.0622
11,2018-03-27T20:00:00,0.04426788162524752,0.0517
11,2018-03-27T21:00:00,0.034507571739808215,0.0325
11,2018-03-27T22:00:00,0.023721202351285713,0.0276
11,2018-03-27T23:00:00,0.015208316896093236,0.0163
11,2018-03-28T00:00:00,0.008545559206562216,0.01
11,2018-03-28T01:00:00,0.00451527484774418,0.0079
11,2018-03-28T02:00:00,0.0013028585970687526,0.0053
11,2018-03-28T03:00:00,0.001356675853467059,0.0051
11,2018-03-28T04:00:00,0.0036947399688303482,0.0057
11,2018-03-28T05:00:00,0.008253130795651983,0.0093
11,2018-03-28T06:00:00,0.01451608225130402,0.019
11,2018-03-28T07:00:00,0.024813377794996774,0.0335
11,2018-03-28T08:00:00,0.0342950576180807,0.0442
11,2018-03-28T09:00:00,0.03970156565330411,0.0512
11,2018-03-28T10:00:00,0.039320316429436994,0.0423
11,2018-03-28T11:00:00,0.042328651125855786,0.0444
11,2018-03-28T12:00:00,0.04782789865526464,0.0496
11,2018-03-28T13:00:00,0.05244246337888359,0.0572
11,2018-03-28T14:00:00,0.05713319927578607,0.0559
11,2018-03-28T15:00:00,0.06348589054654316,0.0633
11,2018-03-28T16:00:00,0.06782338619734687,0.073
11,2018-03-28T17:00:00,0.06853615515228945,0.0684
11,2018-03-28T18:00:00,0.0675719615772305,0.0706
11,2018-03-28T19:00:00,0.06150101761710677,0.0649
11,2018-03-28T20:00:00,0.05350551845671842,0.0543
11,2018-03-28T21:00:00,0.041272651952026035,0.0414
11,2018-03-28T22:00:00,0.029036962980602682,0.0319
11,2018-03-28T23:00:00,0.01879559123195962,0.0197
11,2018-03-29T00:00:00,0.01137428987019221,0.0135
11,2018-03-29T01:00:00,0.007188658229279759,0.009
11,2018-03-29T02:00:00,0.004530895256039506,0.0053
11,2018-03-29T03:00:00,0.0032874073789409784,0.004
11,2018-03-29T04:00:00,0.0054753526248125725,0.0067
11,2018-03-29T05:00:00,0.010477496210545074,0.0091
11,2018-03-29T06:00:00,0.018263311145048616,0.0187
11,2018-03-29T07:00:00,0.02939504970586612,0.0326
11,2018-03-29T08:00:00,0.040473688655470914,0.0458
11,2018-03-29T09:00:00,0.04556899084942859,0.0532
12,2018-03-26T10:00:00,0.029091056235510764,0.0306
12,2018-03-26T11:00:00,0.03641599332733671,0.0359
12,2018-03-26T12:00:00,0.045505592842322626,0.0423
12,2018-03-26T13:00:00,0.05272215191444718,0.0459
12,2018-03-26T14:00:00,0.05685739350239662,0.0501
12,2018-03-26T15:00:00,0.05759915351461954,0.0467
12,2018-03-26T16:00:00,0.05645739891250061,0.0467
12,2018-03-26T17:00:00,0.0544176486765236,0.0447
12,2018-03-26T18:00:00,0.05036084904695591,0.048
12,2018-03-26T19:00:00,0.04280131784749121,0.0439
12,2018-03-26T20:00:00,0.03487675741784098,0.0396
12,2018-03-26T21:00:00,0.02818173110111852,0.0329
12,2018-03-26T22:00:00,0.022270795139417363,0.0211
12,2018-03-26T23:00:00,0.01673762022336299,0.015
12,2018-03-27T00:00:00,0.012032764984209673,0.0104
12,2018-03-27T01:00:00,0.007454900773451498,0.007
12,2018-03-27T02:00:00,0.0036875368843096445,0.0045
12,2018-03-27T03:00:00,0.0016674510165096863,0.0044
12,2018-03-27T04:00:00,0.0015881837959510273,0.0055
12,2018-03-27T05:00:00,0.0012870980168537827,0.0094
12,2018-03-27T06:00:00,0.004063768829528011,0.0174
12,2018-03-27T07:00:00,0.009036525372307154,0.0313
12,2018-03-27T08:00:00,0.016820104915122175,0.0423
12,2018-03-27T09:00:00,0.023683756123812426,0.0515
12,2018-03-27T10:00:00,0.029036942094986657,0.0444
12,2018-03-27T11:00:00,0.03533354266098074,0.0421
12,2018-03-27T12:00:00,0.04359306491840816,0.0515
12,2018-03-27T13:00:00,0.0498074310345626,0.0559
12,2018-03-27T14:00:00,0.05427926745315309,0.0587
12,2018-03-27T15:00:00,0.05692134518858519,0.0628
12,2018-03-27T16:00:00,0.057212370128149975,0.0746
12,2018-03-27T17:00:00,0.05665595068452729,0.0635
12,2018-03-27T18:00:00,0.05367441160269743,0.0693
12,2018-03-27T19:00:00,0.04661510229604665,0.0622
12,2018-03-27T20:00:00,0.03768862329695901,0.0517
12,2018-03-27T21:00:00,0.02887803239611896,0.0325
12,2018-03-27T22:00:00,0.020519684116932807,0.0276
12,2018-03-27T23:00:00,0.012900332798611042,0.0163
12,2018-03-28T00:00:00,0.007710905511042244,0.01
12,2018-03-28T01:00:00,0.0036118545605958764,0.0079
12,2018-03-28T02:00:00,0.0010758414124603793,0.0053
12,2018-03-28T03:00:00,0.001061119856599773,0.0051
12,2018-03-28T04:00:00,0.002088163016129071,0.0057
12,2018-03-28T05:00:00,0.004581952877769815,0.0093
12,2018-03-28T06:00:00,0.007815556114099433,0.019
12,2018-03-28T07:00:00,0.014110157513132573,0.0335
12,2018-03-28T08:00:00,0.02220506397070892,0.0442
12,2018-03-28T09:00:00,0.029426604062510926,0.0512
12,2018-03-28T10:00:00,0.03333978107968992,0.0423
12,2018-03-28T11:00:00,0.038753106201010315,0.0444
12,2018-03-28T12:00:00,0.046158087346173576,0.0496
12,2018-03-28T13:00:00,0.05083448120268788,0.0572
12,2018-03-28T14:00:00,0.05557111989897577,0.0559
12,2018-03-28T15:00:00,0.058792459844485535,0.0633
12,2018-03-28T16:00:00,0.061883765804439585,0.073
12,2018-03-28T17:00:00,0.0626539526819663,0.0684
12,2018-03-28T18:00:00,0.06038259112671458,0.0706
12,2018-03-28T19:00:00,0.05447082464638954,0.0649
12,2018-03-28T20:00:00,0.04588493432636339,0.0543
12,2018-03-28T21:00:00,0.03590211641175576,0.0414
12,2018-03-28T22:00:00,0.025279839981824058,0.0319
12,2018-03-28T23:00:00,0.01601444297774217,0.0197
12,2018-03-29T00:00:00,0.008924431640316872,0.0135
12,2018-03-29T01:00:00,0.00447195646812721,0.009
12,2018-03-29T02:00:00,0.0026411202133365536,0.0053
12,2018-03-29T03:00:00,0.0027072743508125205,0.004
12,2018-03-29T04:00:00,0.004576883910725693,0.0067
12,2018-03-29T05:00:00,0.00849741891290949,0.0091
12,2018-03-29T06:00:00,0.01396150957272264,0.0187
12,2018-03-29T07:00:00,0.022895819276101195,0.0326
12,2018-03-29T08:00:00,0.03151332694953713,0.0458
12,2018-03-29T09:00:00,0.03778401694644291,0.0532
12,2018-03-29T10:00:00,0.039598790725746666,0.0449
12,2018-03-29T11:00:00,0.0430826989589845,0.0387
12,2018-03-29T12:00:00,0.04937743089311781,0.042
12,2018-03-29T13:00:00,0.05470513427511738,0.0564
12,2018-03-29T14:00:00,0.05939434405024474,0.0606
12,2018-03-29T15:00:00,0.06383323305912292,0.0644
12,2018-03-29T16:00:00,0.06804167242351043,0.0735
12,2018-03-29T17:00:00,0.06916584245831003,0.0725
12,2018-03-29T18:00:00,0.06789724803825427,0.0745
12,2018-03-29T19:00:00,0.062484849278107824,0.0643
12,2018-03-29T20:00:00,0.055227849380661685,0.0585
12,2018-03-29T21:00:00,0.04463273476445899,0.0466
12,2018-03-29T22:00:00,0.03147189335659467,0.0325
12,2018-03-29T23:00:00,0.020112807611426975,0.0185
12,2018-03-30T00:00:00,0.011929819222125156,0.0127
12,2018-03-30T01:00:00,0.0074771530656949775,0.0098
12,2018-03-30T02:00:00,0.004309432383747022,0.0051
12,2018-03-30T03:00:00,0.003931096107585002,0.0048
12,2018-03-30T04:00:00,0.006471284626776895,0.0062
12,2018-03-30T05:00:00,0.011799836048890313,0.0098
12,2018-03-30T06:00:00,0.01899564091616259,0.0175
12,2018-03-30T07:00:00,0.029629620755224104,0.0333
12,2018-03-30T08:00:00,0.03917724995965238,0.0457
12,2018-03-30T09:00:00,0.04466995146041386,0.0517
13,2018-03-27T10:00:00,0.05040776458846075,0.0444
13,2018-03-27T11:00:00,0.05113720348894697,0.0421
13,2018-03-27T12:00:00,0.05457167483827537,0.0515
13,2018-03-27T13:00:00,0.0580528304454412,0.0559
13,2018-03-27T14:00:00,0.060007100340521334,0.0587
13,2018-03-27T15:00:00,0.059177005736687785,0.0628
13,2018-03-27T16:00:00,0.05774880456032943,0.0746
13,2018-03-27T17:00:00,0.05778815957891847,0.0635
13,2018-03-27T18:00:00,0.056933475316081374,0.0693
13,2018-03-27T19:00:00,0.05188705842952933,0.0622
13,2018-03-27T20:00:00,0.04474736385604583,0.0517
13,2018-03-27T21:00:00,0.035266312353591706,0.0325
13,2018-03-27T22:00:00,0.025219836412967166,0.0276
13,2018-03-27T23:00:00,0.01600103553362822,0.0163
13,2018-03-28T00:00:00,0.008888384679031434,0.01
13,2018-03-28T01:00:00,0.0035335597827297477,0.0079
13,2018-03-28T02:00:00,-0.0003043473771219239,0.0053
13,2018-03-28T03:00:00,-0.0013879499062275646,0.0051
13,2018-03-28T04:00:00,0.0003296326939377578,0.0057
13,2018-03-28T05:00:00,0.003974092091786792,0.0093
13,2018-03-28T06:00:00,0.01016986089850247,0.019
13,2018-03-28T07:00:00,0.021304496182125373,0.0335
13,2018-03-28T08:00:00,0.03292042226473979,0.0442
13,2018-03-28T09:00:00,0.04143820024557254,0.0512
13,2018-03-28T10:00:00,0.04511018467763736,0.0423
13,2018-03-28T11:00:00,0.0472389785999235,0.0444
13,2018-03-28T12:00:00,0.050927474758477684,0.0496
13,2018-03-28T13:00:00,0.05431616070240339,0.0572
13,2018-03-28T14:00:00,0.056830951821904785,0.0559
13,2018-03-28T15:00:00,0.057693072205078993,0.0633
13,2018-03-28T16:00:00,0.0584373167645776,0.073
13,2018-03-28T17:00:00,0.059406220116136575,0.0684
13,2018-03-28T18:00:00,0.05890057970255391,0.0706
13,2018-03-28T19:00:00,0.05284825758195487,0.0649
13,2018-03-28T20:00:00,0.04467848968246917,0.0543
13,2018-03-28T21:00:00,0.03483945188793204,0.0414
13,2018-03-28T22:00:00,0.024372305123189504,0.0319
13,2018-03-28T23:00:00,0.015754800253191963,0.0197
13,2018-03-29T00:00:00,0.007423663461158841,0.0135
13,2018-03-29T01:00:00,0.001971108950332392,0.009
13,2018-03-29T02:00:00,-0.001066278128581611,0.0053
13,2018-03-29T03:00:00,-0.0009313293650933842,0.004
13,2018-03-29T04:00:00,0.00140279241502992,0.0067
13,2018-03-29T05:00:00,0.004672772016656137,0.0091
13,2018-03-29T06:00:00,0.01000573885423834,0.0187
13,2018-03-29T07:00:00,0.01953474159346857,0.0326
13,2018-03-29T08:00:00,0.028476653783731366,0.0458
13,2018-03-29T09:00:00,0.03553857493128236,0.0532
13,2018-03-29T10:00:00,0.03891596599713805,0.0449
13,2018-03-29T11:00:00,0.0409259726278411,0.0387
13,2018-03-29T12:00:00,0.046743670608967586,0.042
13,2018-03-29T13:00:00,0.0514725420287582,0.0564
13,2018-03-29T14:00:00,0.05645900037668254,0.0606
13,2018-03-29T15:00:00,0.057500567099235955,0.0644
13,2018-03-29T16:00:00,0.06100808554018882,0.0735
13,2018-03-29T17:00:00,0.06308893067870745,0.0725
13,2018-03-29T18:00:00,0.061830426884717064,0.0745
13,2018-03-29T19:00:00,0.055046666661627885,0.0643
13,2018-03-29T20:00:00,0.046278505362826815,0.0585
13,2018-03-29T21:00:00,0.03597172578705095,0.0466
13,2018-03-29T22:00:00,0.0247195885883481,0.0325
13,2018-03-29T23:00:00,0.015670031810431976,0.0185
13,2018-03-30T00:00:00,0.008379685013302537,0.0127
13,2018-03-30T01:00:00,0.003505318645219479,0.0098
13,2018-03-30T02:00:00,0.00027121955072412565,0.0051
13,2018-03-30T03:00:00,0.0013676443061791978,0.0048
13,2018-03-30T04:00:00,0.004528892549737592,0.0062
13,2018-03-30T05:00:00,0.010574738727649077,0.0098
13,2018-03-30T06:00:00,0.01768466674270678,0.0175
13,2018-03-30T07:00:00,0.028678931588204528,0.0333
13,2018-03-30T08:00:00,0.03724993950509227,0.0457
13,2018-03-30T09:00:00,0.04220271016035368,0.0517
13,2018-03-30T10:00:00,0.043113286924859405,0.0408
13,2018-03-30T11:00:00,0.04496417144367204,0.0444
13,2018-03-30T12:00:00,0.050226101780602175,0.0527
13,2018-03-30T13:00:00,0.055854519486111934,0.0581
13,2018-03-30T14:00:00,0.06119161964317464,0.0568
13,2018-03-30T15:00:00,0.06471602003969962,0.0611
13,2018-03-30T16:00:00,0.06874182765783403,0.0656
13,2018-03-30T17:00:00,0.07218664019053417,0.0623
13,2018-03-30T18:00:00,0.07163657403916934,0.0629
13,2018-03-30T19:00:00,0.06409703836404185,0.0544
13,2018-03-30T20:00:00,0.05434351875681989,0.0534
13,2018-03-30T21:00:00,0.042441696274750654,0.0395
13,2018-03-30T22:00:00,0.030283701654775633,0.03
13,2018-03-30T23:00:00,0.020513997342152847,0.0187
13,2018-03-31T00:00:00,0.01282056621558865,0.0146
13,2018-03-31T01:00:00,0.007970588009374651,0.0089
13,2018-03-31T02:00:00,0.004188542863799084,0.005
13,2018-03-31T03:00:00,0.0034904183701613273,0.0046
13,2018-03-31T04:00:00,0.006120276618498458,0.0053
13,2018-03-31T05:00:00,0.011168876682698958,0.0083
13,2018-03-31T06:00:00,0.018798414995280847,0.0161
13,2018-03-31T07:00:00,0.029821571393517498,0.028
13,2018-03-31T08:00:00,0.04025002490882512,0.0432
13,2018-03-31T09:00:00,0.04581810245765594,0.0535
14,2018-03-28T10:00:00,0.0496724717581804,0.0423
14,2018-03-28T11:00:00,0.04907803243350328,0.0444
14,2018-03-28T12:00:00,0.05330035757868053,0.0496
14,2018-03-28T13:00:00,0.05782994482816433,0.0572
14,2018-03-28T14:00:00,0.06225670546169531,0.0559
14,2018-03-28T15:00:00,0.0648514646613536,0.0633
14,2018-03-28T16:00:00,0.0672442448855499,0.073
14,2018-03-28T17:00:00,0.06635339276314668,0.0684
14,2018-03-28T18:00:00,0.06651746574723894,0.0706
14,2018-03-28T19:00:00,0.060525466612258674,0.0649
14,2018-03-28T20:00:00,0.050413692108512695,0.0543
14,2018-03-28T21:00:00,0.037404675287187245,0.0414
14,2018-03-28T22:00:00,0.02693538266556986,0.0319
14,2018-03-28T23:00:00,0.01744892736039856,0.0197
14,2018-03-29T00:00:00,0.00920235400969295,0.0135
14,2018-03-29T01:00:00,0.0037320940332664677,0.009
14,2018-03-29T02:00:00,0.0006871026277117838,0.0053
14,2018-03-29T03:00:00,0.0005176190075212722,0.004
14,2018-03-29T04:00:00,0.0006948874256990055,0.0067
14,2018-03-29T05:00:00,0.004265246690377256,0.0091
14,2018-03-29T06:00:00,0.009749115608052167,0.0187
14,2018-03-29T07:00:00,0.019755580700718638,0.0326
14,2018-03-29T08:00:00,0.029455636286531937,0.0458
14,2018-03-29T09:00:00,0.036719353395830164,0.0532
14,2018-03-29T10:00:00,0.03987307493294838,0.0449
14,2018-03-29T11:00:00,0.04225811206030356,0.0387
14,2018-03-29T12:00:00,0.047405304847624036,0.042
14,2018-03-29T13:00:00,0.052380162217048845,0.0564
14,2018-03-29T14:00:00,0.056661697733232694,0.0606
14,2018-03-29T15:00:00,0.05749002967517672,0.0644
14,2018-03-29T16:00:00,0.05899951129128962,0.0735
14,2018-03-29T17:00:00,0.05897821567239771,0.0725
14,2018-03-29T18:00:00,0.058724800611022386,0.0745
14,2018-03-29T19:00:00,0.05288456210914266,0.0643
14,2018-03-29T20:00:00,0.04365110660603474,0.0585
14,2018-03-29T21:00:00,0.0327969563849088,0.0466
14,2018-03-29T22:00:00,0.02278583705886545,0.0325
14,2018-03-29T23:00:00,0.014868308003134363,0.0185
14,2018-03-30T00:00:00,0.006566862602335126,0.0127
14,2018-03-30T01:00:00,0.001535361760182194,0.0098
14,2018-03-30T02:00:00,-0.0016701702970897195,0.0051
14,2018-03-30T03:00:00,-0.0012614938089207627,0.0048
14,2018-03-30T04:00:00,0.00011777860673687149,0.0062
14,2018-03-30T05:00:00,0.004628165807527437,0.0098
14,2018-03-30T06:00:00,0.008892812359543187,0.0175
14,2018-03-30T07:00:00,0.01766711897051635,0.0333
14,2018-03-30T08:00:00,0.026218415912063763,0.0457
14,2018-03-30T09:00:00,0.03289110705989525,0.0517
14,2018-03-30T10:00:00,0.036392344046699075,0.0408
14,2018-03-30T11:00:00,0.03987468585873489,0.0444
14,2018-03-30T12:00:00,0.04694792562597478,0.0527
14,2018-03-30T13:00:00,0.05309656162471018,0.0581
14,2018-03-30T14:00:00,0.05869281162681064,0.0568
14,2018-03-30T15:00:00,0.060820402348381535,0.0611
14,2018-03-30T16:00:00,0.06317279553823044,0.0656
14,2018-03-30T17:00:00,0.06350033701501148,0.0623
14,2018-03-30T18:00:00,0.06221830536430885,0.0629
14,2018-03-30T19:00:00,0.055627186914684365,0.0544
14,2018-03-30T20:00:00,0.04498902199766101,0.0534
14,2018-03-30T21:00:00,0.03432225447478962,0.0395
14,2018-03-30T22:00:00,0.025143292732807188,0.03
14,2018-03-30T23:00:00,0.01778979322943116,0.0187
14,2018-03-31T00:00:00,0.009952711817037031,0.0146
14,2018-03-31T01:00:00,0.0046189214694269155,0.0089
14,2018-03-31T02:00:00,0.0006537049157076119,0.005
14,2018-03-31T03:00:00,0.0011489866244285898,0.0046
14,2018-03-31T04:00:00,0.0025929378681079363,0.0053
14,2018-03-31T05:00:00,0.006815723828471017,0.0083
14,2018-03-31T06:00:00,0.012201855071735782,0.0161
14,2018-03-31T07:00:00,0.02109664750752831,0.028
14,2018-03-31T08:00:00,0.03024854529330314,0.0432
14,2018-03-31T09:00:00,0.037856387182910387,0.0535
14,2018-03-31T10:00:00,0.04212898323491895,0.0463
14,2018-03-31T11:00:00,0.04638113871674543,0.0501
14,2018-03-31T12:00:00,0.05316160139542497,0.0591
14,2018-03-31T13:00:00,0.05896449459361357,0.0677
14,2018-03-31T14:00:00,0.06463132466155275,0.0674
14,2018-03-31T15:00:00,0.06644517383183156,0.1254
14,2018-03-31T16:00:00,0.06909863527928772,0.109
14,2018-03-31T17:00:00,0.0698448317327674,0.1064
14,2018-03-31T18:00:00,0.06973960992913766,0.0753
14,2018-03-31T19:00:00,0.06325365020577906,0.07
14,2018-03-31T20:00:00,0.05354002527903677,0.06
14,2018-03-31T21:00:00,0.042456668387917625,0.0422
14,2018-03-31T22:00:00,0.032649836844067685,0.0342
14,2018-03-31T23:00:00,0.025624188422200208,0.0272
14,2018-04-01T00:00:00,0.017749384118006396,0.0191
14,2018-04-01T01:00:00,0.01174210624378495,0.0138
14,2018-04-01T02:00:00,0.006689542818556517,0.0092
14,2018-04-01T03:00:00,0.005152067117941722,0.0058
14,2018-04-01T04:00:00,0.004514962965222975,0.0061
14,2018-04-01T05:00:00,0.0050682197799086955,0.0058
14,2018-04-01T06:00:00,0.007941127376163478,0.0072
14,2018-04-01T07:00:00,0.014836910369208613,0.0134
14,2018-04-01T08:00:00,0.023534614953460247,0.0257
14,2018-04-01T09:00:00,0.03268820014632524,0.0347
15,2018-03-29T10:00:00,0.04964946954616683,0.0449
15,2018-03-29T11:00:00,0.04885250983198812,0.0387
15,2018-03-29T12:00:00,0.05225541796931069,0.042
15,2018-03-29T13:00:00,0.05596407260205867,0.0564
15,2018-03-29T14:00:00,0.05770454702885085,0.0606
15,2018-03-29T15:00:00,0.06007705664131764,0.0644
15,2018-03-29T16:00:00,0.06292388700407167,0.0735
15,2018-03-29T17:00:00,0.06191156014395598,0.0725
15,2018-03-29T18:00:00,0.06104559028943855,0.0745
15,2018-03-29T19:00:00,0.057071930129709694,0.0643
15,2018-03-29T20:00:00,0.049538602318473436,0.0585
15,2018-03-29T21:00:00,0.03845463690600813,0.0466
15,2018-03-29T22:00:00,0.0298145483247846,0.0325
15,2018-03-29T23:00:00,0.020168698886591313,0.0185
15,2018-03-30T00:00:00,0.011488514215361078,0.0127
15,2018-03-30T01:00:00,0.005609964975693656,0.0098
15,2018-03-30T02:00:00,0.000948071203406918,0.0051
15,2018-03-30T03:00:00,-0.0007064165114286682,0.0048
15,2018-03-30T04:00:00,-0.00028781935564690594,0.0062
15,2018-03-30T05:00:00,0.003060514596911288,0.0098
15,2018-03-30T06:00:00,0.009616304466338512,0.0175
15,2018-03-30T07:00:00,0.02067738628727724,0.0333
15,2018-03-30T08:00:00,0.033215654114042904,0.0457
15,2018-03-30T09:00:00,0.0408364071515611,0.0517
15,2018-03-30T10:00:00,0.042646587321843225,0.0408
15,2018-03-30T11:00:00,0.044766944646715795,0.0444
15,2018-03-30T12:00:00,0.049194697522222955,0.0527
15,2018-03-30T13:00:00,0.0539687148130329,0.0581
15,2018-03-30T14:00:00,0.0544835154615643,0.0568
15,2018-03-30T15:00:00,0.05622592426084756,0.0611
15,2018-03-30T16:00:00,0.05676800937353766,0.0656
15,2018-03-30T17:00:00,0.054992788080014746,0.0623
15,2018-03-30T18:00:00,0.053514193346395386,0.0629
15,2018-03-30T19:00:00,0.04955000179983848,0.0544
15,2018-03-30T20:00:00,0.0426215175740149,0.0534
15,2018-03-30T21:00:00,0.033927007332597056,0.0395
15,2018-03-30T22:00:00,0.02627201835499521,0.03
15,2018-03-30T23:00:00,0.01862799309930322,0.0187
15,2018-03-31T00:00:00,0.01104999512549992,0.0146
15,2018-03-31T01:00:00,0.00457895319868944,0.0089
15,2018-03-31T02:00:00,-3.810483295018513e-05,0.005
15,2018-03-31T03:00:00,-0.0015391989118213878,0.0046
15,2018-03-31T04:00:00,-0.0014882131281998938,0.0053
15,2018-03-31T05:00:00,0.0013292231830047893,0.0083
15,2018-03-31T06:00:00,0.006260402982268536,0.0161
15,2018-03-31T07:00:00,0.01630904317733238,0.028
15,2018-03-31T08:00:00,0.026723147661177338,0.0432
15,2018-03-31T09:00:00,0.0362793034533916,0.0535
15,2018-03-31T10:00:00,0.040672401625205176,0.0463
15,2018-03-31T11:00:00,0.04518596056610749,0.0501
15,2018-03-31T12:00:00,0.05165483035380819,0.0591
15,2018-03-31T13:00:00,0.056705247396517076,0.0677
15,2018-03-31T14:00:00,0.058117605641657674,0.0674
15,2018-03-31T15:00:00,0.058237079425217206,0.1254
15,2018-03-31T16:00:00,0.059461269133278746,0.109
15,2018-03-31T17:00:00,0.0570990936955877,0.1064
15,2018-03-31T18:00:00,0.05441892774529035,0.0753
15,2018-03-31T19:00:00,0.04925305810096672,0.07
15,2018-03-31T20:00:00,0.04256887863781611,0.06
15,2018-03-31T21:00:00,0.03490465565979282,0.0422
15,2018-03-31T22:00:00,0.02826139350136164,0.0342
15,2018-03-31T23:00:00,0.021834281208866713,0.0272
15,2018-04-01T00:00:00,0.014689082434528598,0.0191
15,2018-04-01T01:00:00,0.008333796231109095,0.0138
15,2018-04-01T02:00:00,0.00362126009640399,0.0092
15,2018-04-01T03:00:00,0.0014459320754493452,0.0058
15,2018-04-01T04:00:00,-0.0002708165017940925,0.0061
15,2018-04-01T05:00:00,0.0003793236394515412,0.0058
15,2018-04-01T06:00:00,0.00387176308614871,0.0072
15,2018-04-01T07:00:00,0.011667701236688938,0.0134
15,2018-04-01T08:00:00,0.02179846780904238,0.0257
15,2018-04-01T09:00:00,0.03209255271491569,0.0347
15,2018-04-01T10:00:00,0.03815719209252364,0.0403
15,2018-04-01T11:00:00,0.04490102136564894,0.0435
15,2018-04-01T12:00:00,0.0507093970380446,0.0518
15,2018-04-01T13:00:00,0.056252036537328236,0.0566
15,2018-04-01T14:00:00,0.05721882329290059,0.0584
15,2018-04-01T15:00:00,0.0576546826205865,0.0577
15,2018-04-01T16:00:00,0.058016848313668594,0.0605
15,2018-04-01T17:00:00,0.05594399122242068,0.0599
15,2018-04-01T18:00:00,0.05487677479072142,0.0531
15,2018-04-01T19:00:00,0.04870652077767893,0.0503
15,2018-04-01T20:00:00,0.0423885676129076,0.0457
15,2018-04-01T21:00:00,0.03413424801149266,0.0392
15,2018-04-01T22:00:00,0.028448802762194955,0.0316
15,2018-04-01T23:00:00,0.02222383544375784,0.0238
15,2018-04-02T00:00:00,0.01658739289584847,0.0186
15,2018-04-02T01:00:00,0.011271167141059139,0.0128
15,2018-04-02T02:00:00,0.007194328183429355,0.0084
15,2018-04-02T03:00:00,0.005125436205358363,0.0057
15,2018-04-02T04:00:00,0.0036537379301854953,0.0043
15,2018-04-02T05:00:00,0.003608404579223644,0.0041
15,2018-04-02T06:00:00,0.006044305190200428,0.0048
15,2018-04-02T07:00:00,0.012160259054581436,0.0087
15,2018-04-02T08:00:00,0.020407475443968415,0.0127
15,2018-04-02T09:00:00,0.0286541004830694,0.0214
16,2018-03-30T10:00:00,0.045417230741972764,0.0408
16,2018-03-30T11:00:00,0.04325091402330223,0.0444
16,2018-03-30T12:00:00,0.046571325729467344,0.0527
16,2018-03-30T13:00:00,0.05317074235673476,0.0581
16,2018-03-30T14:00:00,0.05732101387876802,0.0568
16,2018-03-30T15:00:00,0.060342473923312476,0.0611
16,2018-03-30T16:00:00,0.06391259664787632,0.0656
16,2018-03-30T17:00:00,0.06356253830435349,0.0623
16,2018-03-30T18:00:00,0.0631138725196591,0.0629
16,2018-03-30T19:00:00,0.05826128185929273,0.0544
16,2018-03-30T20:00:00,0.050646833053860515,0.0534
16,2018-03-30T21:00:00,0.0388319276748645,0.0395
16,2018-03-30T22:00:00,0.029166847683063973,0.03
16,2018-03-30T23:00:00,0.018613419600032738,0.0187
16,2018-03-31T00:00:00,0.009700043171133814,0.0146
16,2018-03-31T01:00:00,0.004900059032209823,0.0089
16,2018-03-31T02:00:00,0.0008982961547413446,0.005
16,2018-03-31T03:00:00,-0.0001692374159261087,0.0046
16,2018-03-31T04:00:00,-9.196764522237388e-05,0.0053
16,2018-03-31T05:00:00,0.0032504142571979436,0.0083
16,2018-03-31T06:00:00,0.00997991393019294,0.0161
16,2018-03-31T07:00:00,0.021663154948992874,0.028
16,2018-03-31T08:00:00,0.03407188850309636,0.0432
16,2018-03-31T09:00:00,0.040711868956544835,0.0535
16,2018-03-31T10:00:00,0.03913206974651274,0.0463
16,2018-03-31T11:00:00,0.04002844919813733,0.0501
16,2018-03-31T12:00:00,0.04432955972289946,0.0591
16,2018-03-31T13:00:00,0.049689013796847384,0.0677
16,2018-03-31T14:00:00,0.05150744133245156,0.0674
16,2018-03-31T15:00:00,0.05293492412772174,0.1254
16,2018-03-31T16:00:00,0.05516016211281461,0.109
16,2018-03-31T17:00:00,0.05455864936264246,0.1064
16,2018-03-31T18:00:00,0.05433966578117868,0.0753
16,2018-03-31T19:00:00,0.05055575810122084,0.07
16,2018-03-31T20:00:00,0.0436778128610249,0.06
16,2018-03-31T21:00:00,0.033703887628214385,0.0422
16,2018-03-31T22:00:00,0.024345023112039402,0.0342
16,2018-03-31T23:00:00,0.01563394980616662,0.0272
16,2018-04-01T00:00:00,0.007047862544593383,0.0191
16,2018-04-01T01:00:00,0.001554202618331335,0.0138
16,2018-04-01T02:00:00,-0.002485236718988447,0.0092
16,2018-04-01T03:00:00,-0.0038339551604616787,0.0058
16,2018-04-01T04:00:00,-0.004163623746123321,0.0061
16,2018-04-01T05:00:00,-0.0013519362357730415,0.0058
16,2018-04-01T06:00:00,0.004255022900988226,0.0072
16,2018-04-01T07:00:00,0.015042746700684288,0.0134
16,2018-04-01T08:00:00,0.025120340807469787,0.0257
16,2018-04-01T09:00:00,0.03218821321669161,0.0347
16,2018-04-01T10:00:00,0.03220863801753273,0.0403
16,2018-04-01T11:00:00,0.03425464763058145,0.0435
16,2018-04-01T12:00:00,0.04060677698715567,0.0518
16,2018-04-01T13:00:00,0.04612554222987064,0.0566
16,2018-04-01T14:00:00,0.04772103333587708,0.0584
16,2018-04-01T15:00:00,0.047170262820616045,0.0577
16,2018-04-01T16:00:00,0.04896268496082827,0.0605
16,2018-04-01T17:00:00,0.04806820764215325,0.0599
16,2018-04-01T18:00:00,0.04833580284534955,0.0531
16,2018-04-01T19:00:00,0.044844262251087105,0.0503
16,2018-04-01T20:00:00,0.03892754594984964,0.0457
16,2018-04-01T21:00:00,0.030086785583922263,0.0392
16,2018-04-01T22:00:00,0.021467474949169906,0.0316
16,2018-04-01T23:00:00,0.01390423006990913,0.0238
16,2018-04-02T00:00:00,0.007599829777618375,0.0186
16,2018-04-02T01:00:00,0.002817657985383148,0.0128
16,2018-04-02T02:00:00,-0.000838907009876138,0.0084
16,2018-04-02T03:00:00,-0.0024262716488412175,0.0057
16,2018-04-02T04:00:00,-0.0034158538628456664,0.0043
16,2018-04-02T05:00:00,-0.0004022364372052861,0.0041
16,2018-04-02T06:00:00,0.006556170989164282,0.0048
16,2018-04-02T07:00:00,0.017566505318744912,0.0087
16,2018-04-02T08:00:00,0.027531996862709192,0.0127
16,2018-04-02T09:00:00,0.03410383648702161,0.0214
16,2018-04-02T10:00:00,0.03284228062469587,0.0293
16,2018-04-02T11:00:00,0.03655321147420397,0.0366
16,2018-04-02T12:00:00,0.04279512505208134,0.0423
16,2018-04-02T13:00:00,0.048888451664333823,0.0442
16,2018-04-02T14:00:00,0.050173234188959456,0.0523
16,2018-04-02T15:00:00,0.0501182202147972,0.0473
16,2018-04-02T16:00:00,0.05111200583424197,0.0446
16,2018-04-02T17:00:00,0.04860278830069541,0.0496
16,2018-04-02T18:00:00,0.049888967288070504,0.0463
16,2018-04-02T19:00:00,0.04605294824397643,0.0436
16,2018-04-02T20:00:00,0.04012271919447038,0.0376
16,2018-04-02T21:00:00,0.030266367084074982,0.0294
16,2018-04-02T22:00:00,0.021840155113159395,0.0225
16,2018-04-02T23:00:00,0.014125588864551277,0.0166
16,2018-04-03T00:00:00,0.00866691830244096,0.0106
16,2018-04-03T01:00:00,0.005632576458481222,0.0066
16,2018-04-03T02:00:00,0.003414392625244435,0.0033
16,2018-04-03T03:00:00,0.0029937401986908953,0.0035
16,2018-04-03T04:00:00,0.004235107975504811,0.005
16,2018-04-03T05:00:00,0.00894229129502851,0.0087
16,2018-04-03T06:00:00,0.015995269912143468,0.0173
16,2018-04-03T07:00:00,0.028742570060238642,0.0278
16,2018-04-03T08:00:00,0.04016891460273804,0.0384
16,2018-04-03T09:00:00,0.046337207084980014,0.0485
17,2018-03-31T10:00:00,0.04830231051729963,0.0463
17,2018-03-31T11:00:00,0.04866230529777624,0.0501
17,2018-03-31T12:00:00,0.054031140377446336,0.0591
17,2018-03-31T13:00:00,0.059961623313341844,0.0677
17,2018-03-31T14:00:00,0.059864272163000117,0.0674
17,2018-03-31T15:00:00,0.06090744560618244,0.1254
17,2018-03-31T16:00:00,0.06215439572969618,0.109
17,2018-03-31T17:00:00,0.05944036599576184,0.1064
17,2018-03-31T18:00:00,0.05642546774920572,0.0753
17,2018-03-31T19:00:00,0.051007998269866156,0.07
17,2018-03-31T20:00:00,0.04467501044020871,0.06
17,2018-03-31T21:00:00,0.03348046094732769,0.0422
17,2018-03-31T22:00:00,0.025340924451396303,0.0342
17,2018-03-31T23:00:00,0.01649934145151552,0.0272
17,2018-04-01T00:00:00,0.009025241532775813,0.0191
17,2018-04-01T01:00:00,0.003947571564590153,0.0138
17,2018-04-01T02:00:00,0.0008190885072485339,0.0092
17,2018-04-01T03:00:00,-0.0003214798900004062,0.0058
17,2018-04-01T04:00:00,-0.0010092807217563886,0.0061
17,2018-04-01T05:00:00,0.0022079486822098177,0.0058
17,2018-04-01T06:00:00,0.008283714556369302,0.0072
17,2018-04-01T07:00:00,0.019385390165236924,0.0134
17,2018-04-01T08:00:00,0.032467762982054754,0.0257
17,2018-04-01T09:00:00,0.04034509931676203,0.0347
17,2018-04-01T10:00:00,0.04052379223207315,0.0403
17,2018-04-01T11:00:00,0.04210854441688586,0.0435
17,2018-04-01T12:00:00,0.04800511275682351,0.0518
17,2018-04-01T13:00:00,0.053930544247164855,0.0566
17,2018-04-01T14:00:00,0.05558244403793401,0.0584
17,2018-04-01T15:00:00,0.05713040635028717,0.0577
17,2018-04-01T16:00:00,0.05920446716789503,0.0605
17,2018-04-01T17:00:00,0.056502791836528315,0.0599
17,2018-04-01T18:00:00,0.05471427173212917,0.0531
17,2018-04-01T19:00:00,0.048763362243243555,0.0503
17,2018-04-01T20:00:00,0.040812723353588265,0.0457
17,2018-04-01T21:00:00,0.029729579471222498,0.0392
17,2018-04-01T22:00:00,0.020849977518926255,0.0316
17,2018-04-01T23:00:00,0.01235987122718022,0.0238
17,2018-04-02T00:00:00,0.0060472400397679725,0.0186
17,2018-04-02T01:00:00,0.0018206799504684804,0.0128
17,2018-04-02T02:00:00,-0.0009702410899865496,0.0084
17,2018-04-02T03:00:00,-0.0007219247821882747,0.0057
17,2018-04-02T04:00:00,-0.0007492512979228629,0.0043
17,2018-04-02T05:00:00,0.003298666688386378,0.0041
17,2018-04-02T06:00:00,0.008874945696235571,0.0048
17,2018-04-02T07:00:00,0.019367041660955528,0.0087
17,2018-04-02T08:00:00,0.029801206323435636,0.0127
17,2018-04-02T09:00:00,0.03808083659316579,0.0214
17,2018-04-02T10:00:00,0.03685198879699957,0.0293
17,2018-04-02T11:00:00,0.039096393539954755,0.0366
17,2018-04-02T12:00:00,0.047092490183150586,0.0423
17,2018-04-02T13:00:00,0.052758181354242664,0.0442
17,2018-04-02T14:00:00,0.05518254756838175,0.0523
17,2018-04-02T15:00:00,0.05751558126397882,0.0473
17,2018-04-02T16:00:00,0.06133384683359038,0.0446
17,2018-04-02T17:00:00,0.05986511669881597,0.0496
17,2018-04-02T18:00:00,0.0578194862508099,0.0463
17,2018-04-02T19:00:00,0.05124909397165377,0.0436
17,2018-04-02T20:00:00,0.04199356489549991,0.0376
17,2018-04-02T21:00:00,0.030605917194340863,0.0294
17,2018-04-02T22:00:00,0.02104956901616689,0.0225
17,2018-04-02T23:00:00,0.01279819214898998,0.0166
17,2018-04-03T00:00:00,0.006226584754505434,0.0106
17,2018-04-03T01:00:00,0.003489722767010095,0.0066
17,2018-04-03T02:00:00,0.0007262176018884292,0.0033
17,2018-04-03T03:00:00,0.0010231437792702323,0.0035
17,2018-04-03T04:00:00,0.002873675940919862,0.005
17,2018-04-03T05:00:00,0.00764774930049766,0.0087
17,2018-04-03T06:00:00,0.014719177345676156,0.0173
17,2018-04-03T07:00:00,0.026566038593267897,0.0278
17,2018-04-03T08:00:00,0.03719770881960944,0.0384
17,2018-04-03T09:00:00,0.04381005630646401,0.0485
17,2018-04-03T10:00:00,0.04162761911617482,0.043
17,2018-04-03T11:00:00,0.043028830890265324,0.0421
17,2018-04-03T12:00:00,0.049559734987508756,0.0513
17,2018-04-03T13:00:00,0.05587134186861821,0.0549
17,2018-04-03T14:00:00,0.05799926900279624,0.0541
17,2018-04-03T15:00:00,0.06260684790836996,0.0642
17,2018-04-03T16:00:00,0.06808328245785675,0.0681
17,2018-04-03T17:00:00,0.06540790513076422,0.0655
17,2018-04-03T18:00:00,0.06445698408434658,0.0769
17,2018-04-03T19:00:00,0.05843889720297159,0.0635
17,2018-04-03T20:00:00,0.04921474035458304,0.0507
17,2018-04-03T21:00:00,0.03458452752541195,0.0346
17,2018-04-03T22:00:00,0.024543333613149393,0.0272
17,2018-04-03T23:00:00,0.015872026555234908,0.0165
17,2018-04-04T00:00:00,0.009179392097106272,0.0105
17,2018-04-04T01:00:00,0.005453871278127135,0.007
17,2018-04-04T02:00:00,0.003289047390400812,0.005
17,2018-04-04T03:00:00,0.0032694828947165064,0.0038
17,2018-04-04T04:00:00,0.004964206959085886,0.0058
17,2018-04-04T05:00:00,0.009623591654010999,0.0105
17,2018-04-04T06:00:00,0.01801431430258047,0.018
17,2018-04-04T07:00:00,0.030940477604783176,0.0314
17,2018-04-04T08:00:00,0.04206662775646533,0.0402
17,2018-04-04T09:00:00,0.047422022101190564,0.0469
18,2018-04-01T10:00:00,0.03374253810769231,0.0403
18,2018-04-01T11:00:00,0.03721997092388729,0.0435
18,2018-04-01T12:00:00,0.04469235093317296,0.0518
18,2018-04-01T13:00:00,0.055674149764212075,0.0566
18,2018-04-01T14:00:00,0.0654786253685226,0.0584
18,2018-04-01T15:00:00,0.08314002266916345,0.0577
18,2018-04-01T16:00:00,0.08820019918177754,0.0605
18,2018-04-01T17:00:00,0.08258815706078021,0.0599
18,2018-04-01T18:00:00,0.07012592373967641,0.0531
18,2018-04-01T19:00:00,0.06002607786629213,0.0503
18,2018-04-01T20:00:00,0.050786227019350455,0.0457
18,2018-04-01T21:00:00,0.036868451988961756,0.0392
18,2018-04-01T22:00:00,0.027139724413952328,0.0316
18,2018-04-01T23:00:00,0.017849636126225157,0.0238
18,2018-04-02T00:00:00,0.01137853357505943,0.0186
18,2018-04-02T01:00:00,0.006759551683822692,0.0128
18,2018-04-02T02:00:00,0.0035119610420616086,0.0084
18,2018-04-02T03:00:00,0.0013235654938981607,0.0057
18,2018-04-02T04:00:00,0.0014914126069268223,0.0043
18,2018-04-02T05:00:00,0.0014659451212765094,0.0041
18,2018-04-02T06:00:00,0.0041208626045479944,0.0048
18,2018-04-02T07:00:00,0.009533813291628036,0.0087
18,2018-04-02T08:00:00,0.020073182236247926,0.0127
18,2018-04-02T09:00:00,0.026674281802625557,0.0214
18,2018-04-02T10:00:00,0.027240679384348102,0.0293
18,2018-04-02T11:00:00,0.031872697088896826,0.0366
18,2018-04-02T12:00:00,0.038084769291586294,0.0423
18,2018-04-02T13:00:00,0.045853598192867384,0.0442
18,2018-04-02T14:00:00,0.051658313626011344,0.0523
18,2018-04-02T15:00:00,0.06377361618954934,0.0473
18,2018-04-02T16:00:00,0.06800312864990633,0.0446
18,2018-04-02T17:00:00,0.06380812651616569,0.0496
18,2018-04-02T18:00:00,0.058247904201711706,0.0463
18,2018-04-02T19:00:00,0.052389339973487534,0.0436
18,2018-04-02T20:00:00,0.04412923722909788,0.0376
18,2018-04-02T21:00:00,0.031814400113161605,0.0294
18,2018-04-02T22:00:00,0.02287588928213642,0.0225
18,2018-04-02T23:00:00,0.012083083899923464,0.0166
18,2018-04-03T00:00:00,0.007169451171990547,0.0106
18,2018-04-03T01:00:00,0.0004920831880601342,0.0066
18,2018-04-03T02:00:00,-0.0018014220261973399,0.0033
18,2018-04-03T03:00:00,-0.002989520969248552,0.0035
18,2018-04-03T04:00:00,-0.001818989072026718,0.005
18,2018-04-03T05:00:00,0.0015485922372475876,0.0087
18,2018-04-03T06:00:00,0.006460934682660183,0.0173
18,2018-04-03T07:00:00,0.014041948104884827,0.0278
18,2018-04-03T08:00:00,0.023754221248677043,0.0384
18,2018-04-03T09:00:00,0.031091001921552442,0.0485
18,2018-04-03T10:00:00,0.03028109605152584,0.043
18,2018-04-03T11:00:00,0.03400350563209805,0.0421
18,2018-04-03T12:00:00,0.042128975525463366,0.0513
18,2018-04-03T13:00:00,0.04754112442916305,0.0549
18,2018-04-03T14:00:00,0.051665553505660954,0.0541
18,2018-04-03T15:00:00,0.061672600311793946,0.0642
18,2018-04-03T16:00:00,0.06505803952363089,0.0681
18,2018-04-03T17:00:00,0.06319551039780874,0.0655
18,2018-04-03T18:00:00,0.05938784532962024,0.0769
18,2018-04-03T19:00:00,0.05328387861737739,0.0635
18,2018-04-03T20:00:00,0.04736955224736984,0.0507
18,2018-04-03T21:00:00,0.03463639113568021,0.0346
18,2018-04-03T22:00:00,0.02537027907959324,0.0272
18,2018-04-03T23:00:00,0.015945602094996424,0.0165
18,2018-04-04T00:00:00,0.008776506461367607,0.0105
18,2018-04-04T01:00:00,0.003662784275449516,0.007
18,2018-04-04T02:00:00,7.646293342181143e-05,0.005
18,2018-04-04T03:00:00,-0.002056114404190415,0.0038
18,2018-04-04T04:00:00,0.0012309013421195267,0.0058
18,2018-04-04T05:00:00,0.0045571091571619225,0.0105
18,2018-04-04T06:00:00,0.011319593034998139,0.018
18,2018-04-04T07:00:00,0.0212257065973829,0.0314
18,2018-04-04T08:00:00,0.033263393866435245,0.0402
18,2018-04-04T09:00:00,0.03903878410748539,0.0469
18,2018-04-04T10:00:00,0.03872615324344157,0.0407
18,2018-04-04T11:00:00,0.04111484868268456,0.0416
18,2018-04-04T12:00:00,0.04843391267620636,0.0454
18,2018-04-04T13:00:00,0.05443288886848689,0.0556
18,2018-04-04T14:00:00,0.057229229305785154,0.058
18,2018-04-04T15:00:00,0.0652587464389221,0.0666
18,2018-04-04T16:00:00,0.07143597050066888,0.0727
18,2018-04-04T17:00:00,0.0706165202019833,0.0716
18,2018-04-04T18:00:00,0.06858754217803091,0.0723
18,2018-04-04T19:00:00,0.063045801531182,0.0595
18,2018-04-04T20:00:00,0.055979729805482895,0.0527
18,2018-04-04T21:00:00,0.04065188483654179,0.0408
18,2018-04-04T22:00:00,0.030139755150636518,0.0313
18,2018-04-04T23:00:00,0.019679457886747388,0.0196
18,2018-04-05T00:00:00,0.011396419512005995,0.0124
18,2018-04-05T01:00:00,0.006208153899221247,0.0082
18,2018-04-05T02:00:00,0.0035498530162393627,0.0048
18,2018-04-05T03:00:00,0.0025316249183066734,0.0045
18,2018-04-05T04:00:00,0.003842784293911314,0.0061
18,2018-04-05T05:00:00,0.008000400824533922,0.0101
18,2018-04-05T06:00:00,0.01622407183571871,0.0183
18,2018-04-05T07:00:00,0.028890123538299995,0.0331
18,2018-04-05T08:00:00,0.04088036681771044,0.0391
18,2018-04-05T09:00:00,0.04619043832436781,0.0522
19,2018-04-02T10:00:00,0.027724669368867264,0.0293
19,2018-04-02T11:00:00,0.03621169678439832,0.0366
19,2018-04-02T12:00:00,0.04471049688903048,0.0423
19,2018-04-02T13:00:00,0.05075220904660186,0.0442
19,2018-04-02T14:00:00,0.05142025089413503,0.0523
19,2018-04-02T15:00:00,0.05549116233171286,0.0473
19,2018-04-02T16:00:00,0.05314363836392261,0.0446
19,2018-04-02T17:00:00,0.04971572530828454,0.0496
19,2018-04-02T18:00:00,0.04345836934044979,0.0463
19,2018-04-02T19:00:00,0.03831152996158172,0.0436
19,2018-04-02T20:00:00,0.033351810108189064,0.0376
19,2018-04-02T21:00:00,0.026325065016265276,0.0294
19,2018-04-02T22:00:00,0.020601491953535014,0.0225
19,2018-04-02T23:00:00,0.014358245165486927,0.0166
19,2018-04-03T00:00:00,0.009559776635444092,0.0106
19,2018-04-03T01:00:00,0.0052702635848835035,0.0066
19,2018-04-03T02:00:00,0.0019892331795423566,0.0033
19,2018-04-03T03:00:00,-0.0001952690935529862,0.0035
19,2018-04-03T04:00:00,0.0003950018686637198,0.005
19,2018-04-03T05:00:00,0.0012515031100091972,0.0087
19,2018-04-03T06:00:00,0.0030371566986516184,0.0173
19,2018-04-03T07:00:00,0.009019547048540279,0.0278
19,2018-04-03T08:00:00,0.018156465624944704,0.0384
19,2018-04-03T09:00:00,0.025736463151181728,0.0485
19,2018-04-03T10:00:00,0.028978080261458247,0.043
19,2018-04-03T11:00:00,0.03403287042275916,0.0421
19,2018-04-03T12:00:00,0.043253685923013194,0.0513
19,2018-04-03T13:00:00,0.050484074181514925,0.0549
19,2018-04-03T14:00:00,0.054296184451705115,0.0541
19,2018-04-03T15:00:00,0.06251497397578831,0.0642
19,2018-04-03T16:00:00,0.06160890619150773,0.0681
19,2018-04-03T17:00:00,0.057441922672354914,0.0655
19,2018-04-03T18:00:00,0.05061560450231284,0.0769
19,2018-04-03T19:00:00,0.04450932144909786,0.0635
19,2018-04-03T20:00:00,0.03793267662625111,0.0507
19,2018-04-03T21:00:00,0.027615611585441572,0.0346
19,2018-04-03T22:00:00,0.01896326680960162,0.0272
19,2018-04-03T23:00:00,0.01140476149337381,0.0165
19,2018-04-04T00:00:00,0.0058216070528660825,0.0105
19,2018-04-04T01:00:00,0.0034673951323598087,0.007
19,2018-04-04T02:00:00,0.0009046231647642788,0.005
19,2018-04-04T03:00:00,-0.00013530880277628707,0.0038
19,2018-04-04T04:00:00,0.002286353845462663,0.0058
19,2018-04-04T05:00:00,0.004191248181848215,0.0105
19,2018-04-04T06:00:00,0.008060991888949019,0.018
19,2018-04-04T07:00:00,0.015918789659777128,0.0314
19,2018-04-04T08:00:00,0.024719316479609094,0.0402
19,2018-04-04T09:00:00,0.03073790097129882,0.0469
19,2018-04-04T10:00:00,0.03449599318881583,0.0407
19,2018-04-04T11:00:00,0.03624804791874939,0.0416
19,2018-04-04T12:00:00,0.045021362462961276,0.0454
19,2018-04-04T13:00:00,0.05317239988968454,0.0556
19,2018-04-04T14:00:00,0.05865712736036728,0.058
19,2018-04-04T15:00:00,0.06441232355859902,0.0666
19,2018-04-04T16:00:00,0.06882911972079231,0.0727
19,2018-04-04T17:00:00,0.06857775467374178,0.0716
19,2018-04-04T18:00:00,0.0635649299877324,0.0723
19,2018-04-04T19:00:00,0.05736615274119137,0.0595
19,2018-04-04T20:00:00,0.04927274524708071,0.0527
19,2018-04-04T21:00:00,0.035563563905041985,0.0408
19,2018-04-04T22:00:00,0.025318723497118393,0.0313
19,2018-04-04T23:00:00,0.014559196680777908,0.0196
19,2018-04-05T00:00:00,0.008810578750735064,0.0124
19,2018-04-05T01:00:00,0.0035394767898877175,0.0082
19,2018-04-05T02:00:00,0.0030236055783200363,0.0048
19,2018-04-05T03:00:00,0.002561884531459814,0.0045
19,2018-04-05T04:00:00,0.004573691495255799,0.0061
19,2018-04-05T05:00:00,0.00872990630668197,0.0101
19,2018-04-05T06:00:00,0.015994258922173037,0.0183
19,2018-04-05T07:00:00,0.026352364724120232,0.0331
19,2018-04-05T08:00:00,0.03477108758971308,0.0391
19,2018-04-05T09:00:00,0.04062921816106087,0.0522
19,2018-04-05T10:00:00,0.04070571155454467,0.0437
19,2018-04-05T11:00:00,0.04058679074920813,0.0414
19,2018-04-05T12:00:00,0.04463921000628694,0.048
19,2018-04-05T13:00:00,0.052260530740079705,0.0551
19,2018-04-05T14:00:00,0.056042695031786965,0.0623
19,2018-04-05T15:00:00,0.06330525975444297,0.0611
19,2018-04-05T16:00:00,0.06692502786864672,0.0675
19,2018-04-05T17:00:00,0.06857686458205203,0.0648
19,2018-04-05T18:00:00,0.06554064443436906,0.0717
19,2018-04-05T19:00:00,0.061669248450765456,0.0625
19,2018-04-05T20:00:00,0.05483727259161675,0.0537
19,2018-04-05T21:00:00,0.04172394596021375,0.0431
19,2018-04-05T22:00:00,0.029752887871273045,0.0316
19,2018-04-05T23:00:00,0.01900035016701793,0.0196
19,2018-04-06T00:00:00,0.01136230517106265,0.0121
19,2018-04-06T01:00:00,0.00757984827047313,0.0086
19,2018-04-06T02:00:00,0.005038760898846521,0.0054
19,2018-04-06T03:00:00,0.0027787550212349625,0.0042
19,2018-04-06T04:00:00,0.004543335513907908,0.0055
19,2018-04-06T05:00:00,0.01034873428516013,0.0088
19,2018-04-06T06:00:00,0.017652979653766963,0.0205
19,2018-04-06T07:00:00,0.029180825959799178,0.0314
19,2018-04-06T08:00:00,0.04122371197757174,0.0393
19,2018-04-06T09:00:00,0.046655609878244964,0.0507
20,2018-04-03T10:00:00,0.04812343362634398,0.043
20,2018-04-03T11:00:00,0.050777923585260544,0.0421
20,2018-04-03T12:00:00,0.055789152063534964,0.0513
20,2018-04-03T13:00:00,0.05883258405648362,0.0549
20,2018-04-03T14:00:00,0.06206894867963022,0.0541
20,2018-04-03T15:00:00,0.06602943443106155,0.0642
20,2018-04-03T16:00:00,0.06212346679562674,0.0681
20,2018-04-03T17:00:00,0.05909667145739084,0.0655
20,2018-04-03T18:00:00,0.05475112468195257,0.0769
20,2018-04-03T19:00:00,0.05013450293541284,0.0635
20,2018-04-03T20:00:00,0.044799083089236864,0.0507
20,2018-04-03T21:00:00,0.03395117735191616,0.0346
20,2018-04-03T22:00:00,0.025821446933053268,0.0272
20,2018-04-03T23:00:00,0.016960794419579425,0.0165
20,2018-04-04T00:00:00,0.009693460347357533,0.0105
20,2018-04-04T01:00:00,0.0032554902328380472,0.007
20,2018-04-04T02:00:00,-0.0009109396072321738,0.005
20,2018-04-04T03:00:00,-0.003979993274942743,0.0038
20,2018-04-04T04:00:00,-0.0028161230482019878,0.0058
20,2018-04-04T05:00:00,-7.528080828850259e-06,0.0105
20,2018-04-04T06:00:00,0.0077903041427755705,0.018
20,2018-04-04T07:00:00,0.018621414655899428,0.0314
20,2018-04-04T08:00:00,0.030315854955520184,0.0402
20,2018-04-04T09:00:00,0.038921005177649244,0.0469
20,2018-04-04T10:00:00,0.04494624485686877,0.0407
20,2018-04-04T11:00:00,0.04784531326413141,0.0416
20,2018-04-04T12:00:00,0.05296642601451272,0.0454
20,2018-04-04T13:00:00,0.05486592022769399,0.0556
20,2018-04-04T14:00:00,0.056379062083058595,0.058
20,2018-04-04T15:00:00,0.06021100843202741,0.0666
20,2018-04-04T16:00:00,0.06091181020933036,0.0727
20,2018-04-04T17:00:00,0.060198860783041264,0.0716
20,2018-04-04T18:00:00,0.05739372105348735,0.0723
20,2018-04-04T19:00:00,0.05254750996761377,0.0595
20,2018-04-04T20:00:00,0.045851198274388175,0.0527
20,2018-04-04T21:00:00,0.03358226973992899,0.0408
20,2018-04-04T22:00:00,0.024468593419950533,0.0313
20,2018-04-04T23:00:00,0.015976286429066084,0.0196
20,2018-04-05T00:00:00,0.0068978908556173064,0.0124
20,2018-04-05T01:00:00,-0.0006271895902969019,0.0082
20,2018-04-05T02:00:00,-0.003913260928298246,0.0048
20,2018-04-05T03:00:00,-0.006749371643497495,0.0045
20,2018-04-05T04:00:00,-0.005810685853515768,0.0061
20,2018-04-05T05:00:00,-0.0021059104786439325,0.0101
20,2018-04-05T06:00:00,0.0034109864475970857,0.0183
20,2018-04-05T07:00:00,0.01104157079312932,0.0331
20,2018-04-05T08:00:00,0.022759676948717198,0.0391
20,2018-04-05T09:00:00,0.032963226388626574,0.0522
20,2018-04-05T10:00:00,0.037087150495783955,0.0437
20,2018-04-05T11:00:00,0.04123189451338096,0.0414
20,2018-04-05T12:00:00,0.04636381872392442,0.048
20,2018-04-05T13:00:00,0.04738823891640738,0.0551
20,2018-04-05T14:00:00,0.04858717840529406,0.0623
20,2018-04-05T15:00:00,0.05302370201302824,0.0611
20,2018-04-05T16:00:00,0.05406918128428871,0.0675
20,2018-04-05T17:00:00,0.055163256407940744,0.0648
20,2018-04-05T18:00:00,0.050155192310752286,0.0717
20,2018-04-05T19:00:00,0.04745889607680191,0.0625
20,2018-04-05T20:00:00,0.041580253097163226,0.0537
20,2018-04-05T21:00:00,0.031827729586645245,0.0431
20,2018-04-05T22:00:00,0.023067987188552887,0.0316
20,2018-04-05T23:00:00,0.01479082885062566,0.0196
20,2018-04-06T00:00:00,0.0084202104674206,0.0121
20,2018-04-06T01:00:00,0.0013476295082030347,0.0086
20,2018-04-06T02:00:00,-0.002558593940985114,0.0054
20,2018-04-06T03:00:00,-0.004682251088061001,0.0042
20,2018-04-06T04:00:00,-0.0034229588270226208,0.0055
20,2018-04-06T05:00:00,0.0011711740871592352,0.0088
20,2018-04-06T06:00:00,0.00865282051162277,0.0205
20,2018-04-06T07:00:00,0.019084404258632434,0.0314
20,2018-04-06T08:00:00,0.030192276622766655,0.0393
20,2018-04-06T09:00:00,0.038736903378388865,0.0507
20,2018-04-06T10:00:00,0.041022000730476293,0.0464
20,2018-04-06T11:00:00,0.04545072482217169,0.0459
20,2018-04-06T12:00:00,0.05338275238519625,0.0485
20,2018-04-06T13:00:00,0.05857678782462334,0.0589
20,2018-04-06T14:00:00,0.061839310280124495,0.0581
20,2018-04-06T15:00:00,0.06857297656343092,0.0683
20,2018-04-06T16:00:00,0.06801528155533947,0.068
20,2018-04-06T17:00:00,0.0648007504608264,0.0711
20,2018-04-06T18:00:00,0.05774729946434225,0.0727
20,2018-04-06T19:00:00,0.05408903488455728,0.064
20,2018-04-06T20:00:00,0.04871678837079285,0.0533
20,2018-04-06T21:00:00,0.037853991294373876,0.0433
20,2018-04-06T22:00:00,0.02747595900275989,0.0333
20,2018-04-06T23:00:00,0.018299588163497173,0.02
20,2018-04-07T00:00:00,0.012148822077227887,0.014
20,2018-04-07T01:00:00,0.006392655188452615,0.0091
20,2018-04-07T02:00:00,0.0040308161633687105,0.0049
20,2018-04-07T03:00:00,0.003298882202712832,0.0049
20,2018-04-07T04:00:00,0.007524487370809747,0.0061
20,2018-04-07T05:00:00,0.009739172162502426,0.0103
20,2018-04-07T06:00:00,0.01732123179289231,0.0172
20,2018-04-07T07:00:00,0.02668177802167322,0.0303
20,2018-04-07T08:00:00,0.03915948141668851,0.0373
20,2018-04-07T09:00:00,0.04777668334012473,0.0434
21,2018-04-04T10:00:00,0.04773388885305742,0.0407
21,2018-04-04T11:00:00,0.04718091588650898,0.0416
21,2018-04-04T12:00:00,0.05220047408110825,0.0454
21,2018-04-04T13:00:00,0.0557669348142714,0.0556
21,2018-04-04T14:00:00,0.05895052470967205,0.058
21,2018-04-04T15:00:00,0.06588375025067758,0.0666
21,2018-04-04T16:00:00,0.06826838823849157,0.0727
21,2018-04-04T17:00:00,0.06777466944667462,0.0716
21,2018-04-04T18:00:00,0.06529242799906354,0.0723
21,2018-04-04T19:00:00,0.05891976047760819,0.0595
21,2018-04-04T20:00:00,0.047772329249870786,0.0527
21,2018-04-04T21:00:00,0.03259305477635401,0.0408
21,2018-04-04T22:00:00,0.023121888197673177,0.0313
21,2018-04-04T23:00:00,0.014475949278560959,0.0196
21,2018-04-05T00:00:00,0.00734423504289259,0.0124
21,2018-04-05T01:00:00,0.002934214440865092,0.0082
21,2018-04-05T02:00:00,0.0012931972475072918,0.0048
21,2018-04-05T03:00:00,0.0011948789109200234,0.0045
21,2018-04-05T04:00:00,0.0026761982362274554,0.0061
21,2018-04-05T05:00:00,0.00446843640079515,0.0101
21,2018-04-05T06:00:00,0.010653052779154158,0.0183
21,2018-04-05T07:00:00,0.016923522706146096,0.0331
21,2018-04-05T08:00:00,0.027391449177191645,0.0391
21,2018-04-05T09:00:00,0.03383631242107452,0.0522
21,2018-04-05T10:00:00,0.03917943488944983,0.0437
21,2018-04-05T11:00:00,0.04215679421985081,0.0414
21,2018-04-05T12:00:00,0.04779324290028167,0.048
21,2018-04-05T13:00:00,0.05277675763789348,0.0551
21,2018-04-05T14:00:00,0.057115236244283704,0.0623
21,2018-04-05T15:00:00,0.066510352022317,0.0611
21,2018-04-05T16:00:00,0.06489725532320328,0.0675
21,2018-04-05T17:00:00,0.06293041375908008,0.0648
21,2018-04-05T18:00:00,0.05505203524615025,0.0717
21,2018-04-05T19:00:00,0.047823632172460474,0.0625
21,2018-04-05T20:00:00,0.03804363128617939,0.0537
21,2018-04-05T21:00:00,0.026240853231241174,0.0431
21,2018-04-05T22:00:00,0.01756156145513907,0.0316
21,2018-04-05T23:00:00,0.010279855555996083,0.0196
21,2018-04-06T00:00:00,0.005599410030144466,0.0121
21,2018-04-06T01:00:00,0.0024494456261174094,0.0086
21,2018-04-06T02:00:00,0.002598868892457872,0.0054
21,2018-04-06T03:00:00,0.0038516659371697556,0.0042
21,2018-04-06T04:00:00,0.0071521522049574834,0.0055
21,2018-04-06T05:00:00,0.009345024493804564,0.0088
21,2018-04-06T06:00:00,0.013335771610538023,0.0205
21,2018-04-06T07:00:00,0.018821160342251675,0.0314
21,2018-04-06T08:00:00,0.026219158998452775,0.0393
21,2018-04-06T09:00:00,0.03260976887605235,0.0507
21,2018-04-06T10:00:00,0.03693494043646607,0.0464
21,2018-04-06T11:00:00,0.04238044815446222,0.0459
21,2018-04-06T12:00:00,0.051195493981730913,0.0485
21,2018-04-06T13:00:00,0.059619493444023855,0.0589
21,2018-04-06T14:00:00,0.07024792236993854,0.0581
21,2018-04-06T15:00:00,0.08288695278114025,0.0683
21,2018-04-06T16:00:00,0.08356127257852447,0.068
21,2018-04-06T17:00:00,0.07618643190038266,0.0711
21,2018-04-06T18:00:00,0.06392809966218896,0.0727
21,2018-04-06T19:00:00,0.05366714719296188,0.064
21,2018-04-06T20:00:00,0.0419658914542642,0.0533
21,2018-04-06T21:00:00,0.03020334896039274,0.0433
21,2018-04-06T22:00:00,0.021282208146042383,0.0333
21,2018-04-06T23:00:00,0.013581040931233034,0.02
21,2018-04-07T00:00:00,0.00785763046792956,0.014
21,2018-04-07T01:00:00,0.00502184390029449,0.0091
21,2018-04-07T02:00:00,0.005781654551469565,0.0049
21,2018-04-07T03:00:00,0.008182725944712813,0.0049
21,2018-04-07T04:00:00,0.012329604430216197,0.0061
21,2018-04-07T05:00:00,0.014423266713852172,0.0103
21,2018-04-07T06:00:00,0.018399768508822016,0.0172
21,2018-04-07T07:00:00,0.023297190179033207,0.0303
21,2018-04-07T08:00:00,0.032004888845940556,0.0373
21,2018-04-07T09:00:00,0.03870350829460819,0.0434
21,2018-04-07T10:00:00,0.04222849828927018,0.0423
21,2018-04-07T11:00:00,0.04806379923528045,0.0442
21,2018-04-07T12:00:00,0.05571504842606619,0.0531
21,2018-04-07T13:00:00,0.06483648904388864,0.0565
21,2018-04-07T14:00:00,0.07468002180145894,0.065
21,2018-04-07T15:00:00,0.0944454697019155,0.0698
21,2018-04-07T16:00:00,0.096717700323069,0.0729
21,2018-04-07T17:00:00,0.08998486806268446,0.0744
21,2018-04-07T18:00:00,0.0750093732481524,0.0716
21,2018-04-07T19:00:00,0.06524669340598171,0.0633
21,2018-04-07T20:00:00,0.05476135898423557,0.0551
21,2018-04-07T21:00:00,0.04217669600421676,0.0403
21,2018-04-07T22:00:00,0.03303465186635565,0.0352
21,2018-04-07T23:00:00,0.024330081135835156,0.0277
21,2018-04-08T00:00:00,0.01733227979316885,0.0184
21,2018-04-08T01:00:00,0.011897460534475348,0.013
21,2018-04-08T02:00:00,0.00884133947850093,0.0078
21,2018-04-08T03:00:00,0.007082507786682381,0.006
21,2018-04-08T04:00:00,0.006472441045113957,0.0053
21,2018-04-08T05:00:00,0.006459603049423567,0.0057
21,2018-04-08T06:00:00,0.008334412987555526,0.0099
21,2018-04-08T07:00:00,0.012655608396253643,0.0163
21,2018-04-08T08:00:00,0.021608970617380006,0.0223
21,2018-04-08T09:00:00,0.030773872064532755,0.0323
22,2018-04-05T10:00:00,0.048854749078404425,0.0437
22,2018-04-05T11:00:00,0.04784203324121174,0.0414
22,2018-04-05T12:00:00,0.05105366628128615,0.048
22,2018-04-05T13:00:00,0.05565444860090612,0.0551
22,2018-04-05T14:00:00,0.05944687347713132,0.0623
22,2018-04-05T15:00:00,0.062032935009175685,0.0611
22,2018-04-05T16:00:00,0.06471607786061648,0.0675
22,2018-04-05T17:00:00,0.06437640976063724,0.0648
22,2018-04-05T18:00:00,0.0625474956132947,0.0717
22,2018-04-05T19:00:00,0.05623967512616464,0.0625
22,2018-04-05T20:00:00,0.048796903631465355,0.0537
22,2018-04-05T21:00:00,0.03834757587157776,0.0431
22,2018-04-05T22:00:00,0.03005725942033866,0.0316
22,2018-04-05T23:00:00,0.02018144401838494,0.0196
22,2018-04-06T00:00:00,0.01173942896011975,0.0121
22,2018-04-06T01:00:00,0.005430863809666574,0.0086
22,2018-04-06T02:00:00,0.0008478903324373802,0.0054
22,2018-04-06T03:00:00,-0.0003709448082937668,0.0042
22,2018-04-06T04:00:00,3.4022380451609324e-05,0.0055
22,2018-04-06T05:00:00,0.0035887542282385526,0.0088
22,2018-04-06T06:00:00,0.009686705812979687,0.0205
22,2018-04-06T07:00:00,0.020121685750387426,0.0314
22,2018-04-06T08:00:00,0.030482435948163175,0.0393
22,2018-04-06T09:00:00,0.039019651166098686,0.0507
22,2018-04-06T10:00:00,0.04213925310582656,0.0464
22,2018-04-06T11:00:00,0.04395296157854102,0.0459
22,2018-04-06T12:00:00,0.04859223685944421,0.0485
22,2018-04-06T13:00:00,0.053273097644607775,0.0589
22,2018-04-06T14:00:00,0.055159718819118735,0.0581
22,2018-04-06T15:00:00,0.05714004667406068,0.0683
22,2018-04-06T16:00:00,0.05792001229513156,0.068
22,2018-04-06T17:00:00,0.05702583985038177,0.0711
22,2018-04-06T18:00:00,0.055494838340305525,0.0727
22,2018-04-06T19:00:00,0.049924556938468104,0.064
22,2018-04-06T20:00:00,0.04299924147410298,0.0533
22,2018-04-06T21:00:00,0.034796923201867364,0.0433
22,2018-04-06T22:00:00,0.026863136130821468,0.0333
22,2018-04-06T23:00:00,0.01890824757899237,0.02
22,2018-04-07T00:00:00,0.010975774094048443,0.014
22,2018-04-07T01:00:00,0.00484021438326683,0.0091
22,2018-04-07T02:00:00,0.00019697223703771596,0.0049
22,2018-04-07T03:00:00,-0.0011438843118924957,0.0049
22,2018-04-07T04:00:00,-0.0011934000425067245,0.0061
22,2018-04-07T05:00:00,0.001876340467610104,0.0103
22,2018-04-07T06:00:00,0.006678486758394598,0.0172
22,2018-04-07T07:00:00,0.016001693640790952,0.0303
22,2018-04-07T08:00:00,0.024654015638693957,0.0373
22,2018-04-07T09:00:00,0.03463536788066681,0.0434
22,2018-04-07T10:00:00,0.039770072050806606,0.0423
22,2018-04-07T11:00:00,0.04359992002613835,0.0442
22,2018-04-07T12:00:00,0.0504448313004616,0.0531
22,2018-04-07T13:00:00,0.05563638744905999,0.0565
22,2018-04-07T14:00:00,0.05787336132812505,0.065
22,2018-04-07T15:00:00,0.058505909893455374,0.0698
22,2018-04-07T16:00:00,0.059544748520022714,0.0729
22,2018-04-07T17:00:00,0.05786411173357755,0.0744
22,2018-04-07T18:00:00,0.055111993784777956,0.0716
22,2018-04-07T19:00:00,0.04966341490002241,0.0633
22,2018-04-07T20:00:00,0.043811494820789346,0.0551
22,2018-04-07T21:00:00,0.03589645486792134,0.0403
22,2018-04-07T22:00:00,0.029155653956555477,0.0352
22,2018-04-07T23:00:00,0.02144656883299971,0.0277
22,2018-04-08T00:00:00,0.014118414515274102,0.0184
22,2018-04-08T01:00:00,0.008345046779809517,0.013
22,2018-04-08T02:00:00,0.003458834132367552,0.0078
22,2018-04-08T03:00:00,0.0012003578808291067,0.006
22,2018-04-08T04:00:00,-0.00030250586852760206,0.0053
22,2018-04-08T05:00:00,0.0006633487437791158,0.0057
22,2018-04-08T06:00:00,0.004442499339214034,0.0099
22,2018-04-08T07:00:00,0.01151999332421512,0.0163
22,2018-04-08T08:00:00,0.02055795805959159,0.0223
22,2018-04-08T09:00:00,0.031048976277464387,0.0323
22,2018-04-08T10:00:00,0.037938151741432405,0.0374
22,2018-04-08T11:00:00,0.04346407696580279,0.0489
22,2018-04-08T12:00:00,0.04997653794271907,0.0524
22,2018-04-08T13:00:00,0.05516742652255016,0.0571
22,2018-04-08T14:00:00,0.05714027094913211,0.0561
22,2018-04-08T15:00:00,0.057018251293082044,0.0571
22,2018-04-08T16:00:00,0.057885911971380176,0.0584
22,2018-04-08T17:00:00,0.05643454388100266,0.059
22,2018-04-08T18:00:00,0.05421582739447123,0.0537
22,2018-04-08T19:00:00,0.04836459766194241,0.0491
22,2018-04-08T20:00:00,0.04295204576397376,0.044
22,2018-04-08T21:00:00,0.03492953021822304,0.0363
22,2018-04-08T22:00:00,0.02813104353325607,0.0304
22,2018-04-08T23:00:00,0.021332711563045406,0.024
22,2018-04-09T00:00:00,0.015185032763306279,0.0201
22,2018-04-09T01:00:00,0.01050678863745267,0.013
22,2018-04-09T02:00:00,0.006587070136700797,0.0076
22,2018-04-09T03:00:00,0.004143619515702187,0.0057
22,2018-04-09T04:00:00,0.0033900570278452453,0.0042
22,2018-04-09T05:00:00,0.003781951432934829,0.0039
22,2018-04-09T06:00:00,0.006024097655834754,0.0049
22,2018-04-09T07:00:00,0.011457707931721326,0.0097
22,2018-04-09T08:00:00,0.018934097909198214,0.0145
22,2018-04-09T09:00:00,0.02730701381795571,0.0225
23,2018-04-06T10:00:00,0.04696664506019853,0.0464
23,2018-04-06T11:00:00,0.0464239046437841,0.0459
23,2018-04-06T12:00:00,0.05021725342817465,0.0485
23,2018-04-06T13:00:00,0.0555897732771824,0.0589
23,2018-04-06T14:00:00,0.05886754118109383,0.0581
23,2018-04-06T15:00:00,0.0600746316671078,0.0683
23,2018-04-06T16:00:00,0.060847329374145144,0.068
23,2018-04-06T17:00:00,0.06108438987679601,0.0711
23,2018-04-06T18:00:00,0.062085532769873095,0.0727
23,2018-04-06T19:00:00,0.056386976540071486,0.064
23,2018-04-06T20:00:00,0.04775144188169484,0.0533
23,2018-04-06T21:00:00,0.037036387760729594,0.0433
23,2018-04-06T22:00:00,0.02932154879013032,0.0333
23,2018-04-06T23:00:00,0.01939556384316468,0.02
23,2018-04-07T00:00:00,0.010571397379514562,0.014
23,2018-04-07T01:00:00,0.005008010683974627,0.0091
23,2018-04-07T02:00:00,0.0011244074783190207,0.0049
23,2018-04-07T03:00:00,-0.0006726140530065212,0.0049
23,2018-04-07T04:00:00,-0.0005643049628466304,0.0061
23,2018-04-07T05:00:00,0.002952918631392583,0.0103
23,2018-04-07T06:00:00,0.00994792494598119,0.0172
23,2018-04-07T07:00:00,0.019983410181601345,0.0303
23,2018-04-07T08:00:00,0.030542483092965585,0.0373
23,2018-04-07T09:00:00,0.038479279655126236,0.0434
23,2018-04-07T10:00:00,0.03983835084415458,0.0423
23,2018-04-07T11:00:00,0.04178451599884089,0.0442
23,2018-04-07T12:00:00,0.04663680879387802,0.0531
23,2018-04-07T13:00:00,0.05148071755597144,0.0565
23,2018-04-07T14:00:00,0.053936571639709545,0.065
23,2018-04-07T15:00:00,0.05451800125809471,0.0698
23,2018-04-07T16:00:00,0.05461208990700672,0.0729
23,2018-04-07T17:00:00,0.05477250615614526,0.0744
23,2018-04-07T18:00:00,0.05479180782948023,0.0716
23,2018-04-07T19:00:00,0.0499061313396309,0.0633
23,2018-04-07T20:00:00,0.04183429104750647,0.0551
23,2018-04-07T21:00:00,0.03258061311676641,0.0403
23,2018-04-07T22:00:00,0.024798370989279693,0.0352
23,2018-04-07T23:00:00,0.016731326854600777,0.0277
23,2018-04-08T00:00:00,0.007585607584221502,0.0184
23,2018-04-08T01:00:00,0.0023599773941066597,0.013
23,2018-04-08T02:00:00,-0.0019160493656351849,0.0078
23,2018-04-08T03:00:00,-0.003957760256338212,0.006
23,2018-04-08T04:00:00,-0.003996754332234176,0.0053
23,2018-04-08T05:00:00,-0.001237559453641554,0.0057
23,2018-04-08T06:00:00,0.004111208263582515,0.0099
23,2018-04-08T07:00:00,0.013107545443122717,0.0163
23,2018-04-08T08:00:00,0.02184058228708451,0.0223
23,2018-04-08T09:00:00,0.030181591107074315,0.0323
23,2018-04-08T10:00:00,0.03238619554029473,0.0374
23,2018-04-08T11:00:00,0.03590792916604849,0.0489
23,2018-04-08T12:00:00,0.04238594639801026,0.0524
23,2018-04-08T13:00:00,0.04705486979206714,0.0571
23,2018-04-08T14:00:00,0.04933612573269673,0.0561
23,2018-04-08T15:00:00,0.048526091482713224,0.0571
23,2018-04-08T16:00:00,0.048494414381022685,0.0584
23,2018-04-08T17:00:00,0.04884418537211026,0.059
23,2018-04-08T18:00:00,0.04880041844235043,0.0537
23,2018-04-08T19:00:00,0.043865156661571744,0.0491
23,2018-04-08T20:00:00,0.0366955993366826,0.044
23,2018-04-08T21:00:00,0.02845501010044149,0.0363
23,2018-04-08T22:00:00,0.02161067370620368,0.0304
23,2018-04-08T23:00:00,0.01465671148183582,0.024
23,2018-04-09T00:00:00,0.0077984796699888045,0.0201
23,2018-04-09T01:00:00,0.0027332044037976615,0.013
23,2018-04-09T02:00:00,-0.0007129800615659938,0.0076
23,2018-04-09T03:00:00,-0.0031216960808768263,0.0057
23,2018-04-09T04:00:00,-0.003682217305298101,0.0042
23,2018-04-09T05:00:00,-0.0002723601450591723,0.0039
23,2018-04-09T06:00:00,0.006035104655824793,0.0049
23,2018-04-09T07:00:00,0.01530349625775498,0.0097
23,2018-04-09T08:00:00,0.024249947652813096,0.0145
23,2018-04-09T09:00:00,0.03188162393759935,0.0225
23,2018-04-09T10:00:00,0.03239214951779651,0.0292
23,2018-04-09T11:00:00,0.03733523148997213,0.0344
23,2018-04-09T12:00:00,0.043040586057876466,0.041
23,2018-04-09T13:00:00,0.04891681720442277,0.0453
23,2018-04-09T14:00:00,0.05101643136298173,0.0495
23,2018-04-09T15:00:00,0.050703068275872676,0.0456
23,2018-04-09T16:00:00,0.05059750480318881,0.0466
23,2018-04-09T17:00:00,0.05041560370306684,0.044
23,2018-04-09T18:00:00,0.05094663450774402,0.0455
23,2018-04-09T19:00:00,0.045454035682913674,0.0344
23,2018-04-09T20:00:00,0.0379570525230772,0.0353
23,2018-04-09T21:00:00,0.0286669942847053,0.0262
23,2018-04-09T22:00:00,0.02193706139287115,0.0211
23,2018-04-09T23:00:00,0.015115303190589992,0.0132
23,2018-04-10T00:00:00,0.009012817044248375,0.0099
23,2018-04-10T01:00:00,0.004910091837358344,0.0059
23,2018-04-10T02:00:00,0.0025670200801657696,0.0039
23,2018-04-10T03:00:00,0.0015732467257639632,0.0028
23,2018-04-10T04:00:00,0.003738272110624774,0.0045
23,2018-04-10T05:00:00,0.008563161295371505,0.0083
23,2018-04-10T06:00:00,0.015806047107013794,0.0146
23,2018-04-10T07:00:00,0.026792020783464602,0.0227
23,2018-04-10T08:00:00,0.03629287594994093,0.0358
23,2018-04-10T09:00:00,0.04369574540513475,0.043
24,2018-04-07T10:00:00,0.04241404683795618,0.0423
24,2018-04-07T11:00:00,0.04300641740031425,0.0442
24,2018-04-07T12:00:00,0.04749326097505162,0.0531
24,2018-04-07T13:00:00,0.05442157524242263,0.0565
24,2018-04-07T14:00:00,0.05803876244115593,0.065
24,2018-04-07T15:00:00,0.06164800364419442,0.0698
24,2018-04-07T16:00:00,0.06312571529472003,0.0729
24,2018-04-07T17:00:00,0.06362886765672901,0.0744
24,2018-04-07T18:00:00,0.06282500973195482,0.0716
24,2018-04-07T19:00:00,0.05559093670411544,0.0633
24,2018-04-07T20:00:00,0.046365119519338714,0.0551
24,2018-04-07T21:00:00,0.034894358280145976,0.0403
24,2018-04-07T22:00:00,0.026340776536308366,0.0352
24,2018-04-07T23:00:00,0.01629693600298803,0.0277
24,2018-04-08T00:00:00,0.007906534698544344,0.0184
24,2018-04-08T01:00:00,0.003129181316046871,0.013
24,2018-04-08T02:00:00,0.0004407469746395276,0.0078
24,2018-04-08T03:00:00,-0.00019717543166014248,0.006
24,2018-04-08T04:00:00,0.0004879656379205913,0.0053
24,2018-04-08T05:00:00,0.004106188356710266,0.0057
24,2018-04-08T06:00:00,0.01101762066850915,0.0099
24,2018-04-08T07:00:00,0.02029336008246707,0.0163
24,2018-04-08T08:00:00,0.02928320425338851,0.0223
24,2018-04-08T09:00:00,0.03581932999993954,0.0323
24,2018-04-08T10:00:00,0.03687155767305637,0.0374
24,2018-04-08T11:00:00,0.038408405228256254,0.0489
24,2018-04-08T12:00:00,0.043091160086484004,0.0524
24,2018-04-08T13:00:00,0.04981434676664804,0.0571
24,2018-04-08T14:00:00,0.05229337477300128,0.0561
24,2018-04-08T15:00:00,0.05599256780117329,0.0571
24,2018-04-08T16:00:00,0.057608015884239035,0.0584
24,2018-04-08T17:00:00,0.05790142374643777,0.059
24,2018-04-08T18:00:00,0.05853833341061802,0.0537
24,2018-04-08T19:00:00,0.05135512001167246,0.0491
24,2018-04-08T20:00:00,0.041623292009015406,0.044
24,2018-04-08T21:00:00,0.029879222019009756,0.0363
24,2018-04-08T22:00:00,0.021371603488654918,0.0304
24,2018-04-08T23:00:00,0.012061113002808668,0.024
24,2018-04-09T00:00:00,0.005134408960364576,0.0201
24,2018-04-09T01:00:00,0.0003805746738343649,0.013
24,2018-04-09T02:00:00,-0.0018656260218412601,0.0076
24,2018-04-09T03:00:00,-0.0018251093284681746,0.0057
24,2018-04-09T04:00:00,-0.0004024204128498174,0.0042
24,2018-04-09T05:00:00,0.004407463367899024,0.0039
24,2018-04-09T06:00:00,0.010708364618645664,0.0049
24,2018-04-09T07:00:00,0.019896407924086933,0.0097
24,2018-04-09T08:00:00,0.028087680298624813,0.0145
24,2018-04-09T09:00:00,0.03539728005934715,0.0225
24,2018-04-09T10:00:00,0.035803866058549516,0.0292
24,2018-04-09T11:00:00,0.03814884888465153,0.0344
24,2018-04-09T12:00:00,0.044244517419251464,0.041
24,2018-04-09T13:00:00,0.04946275879705208,0.0453
24,2018-04-09T14:00:00,0.052993130517353895,0.0495
24,2018-04-09T15:00:00,0.05608074645152332,0.0456
24,2018-04-09T16:00:00,0.05976202726051382,0.0466
24,2018-04-09T17:00:00,0.06118422557441342,0.044
24,2018-04-09T18:00:00,0.06153785129329121,0.0455
24,2018-04-09T19:00:00,0.053433322909505795,0.0344
24,2018-04-09T20:00:00,0.04275557729710279,0.0353
24,2018-04-09T21:00:00,0.031064894551088955,0.0262
24,2018-04-09T22:00:00,0.022153762800268227,0.0211
24,2018-04-09T23:00:00,0.013571369068777601,0.0132
24,2018-04-10T00:00:00,0.006532511721277376,0.0099
24,2018-04-10T01:00:00,0.002321528236548319,0.0059
24,2018-04-10T02:00:00,-0.00014149564087957006,0.0039
24,2018-04-10T03:00:00,-1.1191824378541798e-05,0.0028
24,2018-04-10T04:00:00,0.002703141031332023,0.0045
24,2018-04-10T05:00:00,0.007880133317479401,0.0083
24,2018-04-10T06:00:00,0.015470900777947369,0.0146
24,2018-04-10T07:00:00,0.02594562733924465,0.0227
24,2018-04-10T08:00:00,0.033840296983105304,0.0358
24,2018-04-10T09:00:00,0.040079565166429194,0.043
24,2018-04-10T10:00:00,0.0397310622055697,0.0402
24,2018-04-10T11:00:00,0.04233499390521968,0.0443
24,2018-04-10T12:00:00,0.04800608695166504,0.0489
24,2018-04-10T13:00:00,0.05410065513669576,0.0546
24,2018-04-10T14:00:00,0.056839631968028735,0.0556
24,2018-04-10T15:00:00,0.061887266598132686,0.065
24,2018-04-10T16:00:00,0.06592878398416119,0.0709
24,2018-04-10T17:00:00,0.06678321418539393,0.069
24,2018-04-10T18:00:00,0.06878185550163736,0.0694
24,2018-04-10T19:00:00,0.06016288040341765,0.0595
24,2018-04-10T20:00:00,0.049517278665197596,0.0458
24,2018-04-10T21:00:00,0.03560116519770137,0.0365
24,2018-04-10T22:00:00,0.025982695978609395,0.0267
24,2018-04-10T23:00:00,0.01605354393472685,0.0172
24,2018-04-11T00:00:00,0.009265944753188426,0.0105
24,2018-04-11T01:00:00,0.00500397373268888,0.0076
24,2018-04-11T02:00:00,0.0031912827328961363,0.006
24,2018-04-11T03:00:00,0.0031449348876658595,0.0044
24,2018-04-11T04:00:00,0.005221970854268166,0.0053
24,2018-04-11T05:00:00,0.010454332800823907,0.0104
24,2018-04-11T06:00:00,0.018195750382359023,0.019
24,2018-04-11T07:00:00,0.029108317198432113,0.0302
24,2018-04-11T08:00:00,0.03806233267326849,0.038
24,2018-04-11T09:00:00,0.04371071997131032,0.0501
25,2018-04-08T10:00:00,0.0340815153353226,0.0374
25,2018-04-08T11:00:00,0.037764019144312,0.0489
25,2018-04-08T12:00:00,0.04469759266210805,0.0524
25,2018-04-08T13:00:00,0.0527165537984064,0.0571
25,2018-04-08T14:00:00,0.057628260213733615,0.0561
25,2018-04-08T15:00:00,0.06078874977677693,0.0571
25,2018-04-08T16:00:00,0.062242684765432925,0.0584
25,2018-04-08T17:00:00,0.062136362612233986,0.059
25,2018-04-08T18:00:00,0.05938960623936078,0.0537
25,2018-04-08T19:00:00,0.05168886409589774,0.0491
25,2018-04-08T20:00:00,0.04294430021412403,0.044
25,2018-04-08T21:00:00,0.03211784288308765,0.0363
25,2018-04-08T22:00:00,0.02584439114893509,0.0304
25,2018-04-08T23:00:00,0.018528538494092337,0.024
25,2018-04-09T00:00:00,0.011787106686437648,0.0201
25,2018-04-09T01:00:00,0.00731693305724394,0.013
25,2018-04-09T02:00:00,0.003958480444236447,0.0076
25,2018-04-09T03:00:00,0.002227373005974479,0.0057
25,2018-04-09T04:00:00,0.0016462482615145421,0.0042
25,2018-04-09T05:00:00,0.0025237717865086197,0.0039
25,2018-04-09T06:00:00,0.005990694687383599,0.0049
25,2018-04-09T07:00:00,0.01261859827866535,0.0097
25,2018-04-09T08:00:00,0.02023066363581892,0.0145
25,2018-04-09T09:00:00,0.02789209106011981,0.0225
25,2018-04-09T10:00:00,0.03091174639119885,0.0292
25,2018-04-09T11:00:00,0.034518404926617896,0.0344
25,2018-04-09T12:00:00,0.0409844789853813,0.041
25,2018-04-09T13:00:00,0.048167512438625014,0.0453
25,2018-04-09T14:00:00,0.053081381005812736,0.0495
25,2018-04-09T15:00:00,0.05662940737939371,0.0456
25,2018-04-09T16:00:00,0.058016427797909664,0.0466
25,2018-04-09T17:00:00,0.05773775901306148,0.044
25,2018-04-09T18:00:00,0.05565863448485649,0.0455
25,2018-04-09T19:00:00,0.04764856445342115,0.0344
25,2018-04-09T20:00:00,0.03876147025945546,0.0353
25,2018-04-09T21:00:00,0.02899923611142478,0.0262
25,2018-04-09T22:00:00,0.021200519280356975,0.0211
25,2018-04-09T23:00:00,0.013748286005866833,0.0132
25,2018-04-10T00:00:00,0.007078879086112599,0.0099
25,2018-04-10T01:00:00,0.0032718377829665246,0.0059
25,2018-04-10T02:00:00,0.0011354740513749122,0.0039
25,2018-04-10T03:00:00,0.000985211505665582,0.0028
25,2018-04-10T04:00:00,0.002173546988831196,0.0045
25,2018-04-10T05:00:00,0.005074278711135305,0.0083
25,2018-04-10T06:00:00,0.00938439528173456,0.0146
25,2018-04-10T07:00:00,0.016732650603166914,0.0227
25,2018-04-10T08:00:00,0.023103301401128387,0.0358
25,2018-04-10T09:00:00,0.030408785451467628,0.043
25,2018-04-10T10:00:00,0.032431159888678125,0.0402
25,2018-04-10T11:00:00,0.03516799559393853,0.0443
25,2018-04-10T12:00:00,0.042738953608292614,0.0489
25,2018-04-10T13:00:00,0.05000211406160711,0.0546
25,2018-04-10T14:00:00,0.05586099367665049,0.0556
25,2018-04-10T15:00:00,0.05915671234702133,0.065
25,2018-04-10T16:00:00,0.06264886619343221,0.0709
25,2018-04-10T17:00:00,0.06284826775772173,0.069
25,2018-04-10T18:00:00,0.06009303098371006,0.0694
25,2018-04-10T19:00:00,0.05216174983615761,0.0595
25,2018-04-10T20:00:00,0.04308233801629142,0.0458
25,2018-04-10T21:00:00,0.0323995178299675,0.0365
25,2018-04-10T22:00:00,0.024125333414530416,0.0267
25,2018-04-10T23:00:00,0.015272100200763326,0.0172
25,2018-04-11T00:00:00,0.00813807067541224,0.0105
25,2018-04-11T01:00:00,0.003905271183539595,0.0076
25,2018-04-11T02:00:00,0.0020030155835413475,0.006
25,2018-04-11T03:00:00,0.0022377772667100497,0.0044
25,2018-04-11T04:00:00,0.004431781443808253,0.0053
25,2018-04-11T05:00:00,0.008877249772164718,0.0104
25,2018-04-11T06:00:00,0.015101268477135641,0.019
25,2018-04-11T07:00:00,0.024159619816505128,0.0302
25,2018-04-11T08:00:00,0.0312322379212814,0.038
25,2018-04-11T09:00:00,0.03820388651282523,0.0501
25,2018-04-11T10:00:00,0.03817869551628642,0.0421
25,2018-04-11T11:00:00,0.04034411110472854,0.0442
25,2018-04-11T12:00:00,0.045713238092421296,0.0495
25,2018-04-11T13:00:00,0.0533887167003771,0.0528
25,2018-04-11T14:00:00,0.058610104937773716,0.056
25,2018-04-11T15:00:00,0.06349104011244108,0.0654
25,2018-04-11T16:00:00,0.06768895081351435,0.075
25,2018-04-11T17:00:00,0.06852300877837583,0.0719
25,2018-04-11T18:00:00,0.06716679639564863,0.074
25,2018-04-11T19:00:00,0.0597250271301748,0.0618
25,2018-04-11T20:00:00,0.05127914683122543,0.055
25,2018-04-11T21:00:00,0.03892826345486331,0.04
25,2018-04-11T22:00:00,0.02939067539581277,0.0295
25,2018-04-11T23:00:00,0.019650906093220212,0.0208
25,2018-04-12T00:00:00,0.01140249771687156,0.0126
25,2018-04-12T01:00:00,0.006845626003229063,0.0084
25,2018-04-12T02:00:00,0.004422118342097797,0.0046
25,2018-04-12T03:00:00,0.003941835028778724,0.0043
25,2018-04-12T04:00:00,0.0051085437368922695,0.0063
25,2018-04-12T05:00:00,0.010406963452729227,0.0097
25,2018-04-12T06:00:00,0.018155623366922544,0.0199
25,2018-04-12T07:00:00,0.029037670533410064,0.0323
25,2018-04-12T08:00:00,0.03729670243441959,0.0399
25,2018-04-12T09:00:00,0.04461952986876893,0.0509
26,2018-04-09T10:00:00,0.029855918910449177,0.0292
26,2018-04-09T11:00:00,0.03811053464256585,0.0344
26,2018-04-09T12:00:00,0.0461297719175459,0.041
26,2018-04-09T13:00:00,0.052624143708232124,0.0453
26,2018-04-09T14:00:00,0.05556377839468442,0.0495
26,2018-04-09T15:00:00,0.05625651503016087,0.0456
26,2018-04-09T16:00:00,0.054606523329647855,0.0466
26,2018-04-09T17:00:00,0.052848567712327085,0.044
26,2018-04-09T18:00:00,0.04932313705219272,0.0455
26,2018-04-09T19:00:00,0.04242273907390821,0.0344
26,2018-04-09T20:00:00,0.035273614434530656,0.0353
26,2018-04-09T21:00:00,0.02776358834765727,0.0262
26,2018-04-09T22:00:00,0.022680683413831643,0.0211
26,2018-04-09T23:00:00,0.017295869436181728,0.0132
26,2018-04-10T00:00:00,0.012183582961150595,0.0099
26,2018-04-10T01:00:00,0.007912816152693389,0.0059
26,2018-04-10T02:00:00,0.00419970580504973,0.0039
26,2018-04-10T03:00:00,0.001977290531988689,0.0028
26,2018-04-10T04:00:00,0.0011357070871913198,0.0045
26,2018-04-10T05:00:00,0.0020429382984049407,0.0083
26,2018-04-10T06:00:00,0.004989937267085534,0.0146
26,2018-04-10T07:00:00,0.010517231445466145,0.0227
26,2018-04-10T08:00:00,0.01715943292298138,0.0358
26,2018-04-10T09:00:00,0.023901542286652647,0.043
26,2018-04-10T10:00:00,0.02986488945774765,0.0402
26,2018-04-10T11:00:00,0.03591017419455649,0.0443
26,2018-04-10T12:00:00,0.04313791618243024,0.0489
26,2018-04-10T13:00:00,0.049892706374027006,0.0546
26,2018-04-10T14:00:00,0.05386240492487693,0.0556
26,2018-04-10T15:00:00,0.055895362079198194,0.065
26,2018-04-10T16:00:00,0.056184554270913636,0.0709
26,2018-04-10T17:00:00,0.05501111555850819,0.069
26,2018-04-10T18:00:00,0.05287784436989372,0.0694
26,2018-04-10T19:00:00,0.046241094703978136,0.0595
26,2018-04-10T20:00:00,0.03811061243798125,0.0458
26,2018-04-10T21:00:00,0.028380157857314365,0.0365
26,2018-04-10T22:00:00,0.021167299411475854,0.0267
26,2018-04-10T23:00:00,0.014468625295759562,0.0172
26,2018-04-11T00:00:00,0.008878754868151893,0.0105
26,2018-04-11T01:00:00,0.004785319555236266,0.0076
26,2018-04-11T02:00:00,0.0021827825661867375,0.006
26,2018-04-11T03:00:00,0.001652042618242821,0.0044
26,2018-04-11T04:00:00,0.002239694117711178,0.0053
26,2018-04-11T05:00:00,0.005433336091899298,0.0104
26,2018-04-11T06:00:00,0.00926947883771245,0.019
26,2018-04-11T07:00:00,0.01530728370302376,0.0302
26,2018-04-11T08:00:00,0.022225569019974037,0.038
26,2018-04-11T09:00:00,0.029813046260015182,0.0501
26,2018-04-11T10:00:00,0.033509832571369885,0.0421
26,2018-04-11T11:00:00,0.03759596650420616,0.0442
26,2018-04-11T12:00:00,0.04469632077715218,0.0495
26,2018-04-11T13:00:00,0.05072615984748502,0.0528
26,2018-04-11T14:00:00,0.0549954793808719,0.056
26,2018-04-11T15:00:00,0.05684823852389488,0.0654
26,2018-04-11T16:00:00,0.05918253026247075,0.075
26,2018-04-11T17:00:00,0.060302484626787056,0.0719
26,2018-04-11T18:00:00,0.05883130673986586,0.074
26,2018-04-11T19:00:00,0.05305936350153466,0.0618
26,2018-04-11T20:00:00,0.04450154716400461,0.055
26,2018-04-11T21:00:00,0.03411432082096628,0.04
26,2018-04-11T22:00:00,0.024993536207727773,0.0295
26,2018-04-11T23:00:00,0.016618209867597093,0.0208
26,2018-04-12T00:00:00,0.010282145614733267,0.0126
26,2018-04-12T01:00:00,0.005439053354071775,0.0084
26,2018-04-12T02:00:00,0.0031613542759031527,0.0046
26,2018-04-12T03:00:00,0.003002322224471096,0.0043
26,2018-04-12T04:00:00,0.004410424499701502,0.0063
26,2018-04-12T05:00:00,0.008861257908282336,0.0097
26,2018-04-12T06:00:00,0.01566184577032477,0.0199
26,2018-04-12T07:00:00,0.02467747761460396,0.0323
26,2018-04-12T08:00:00,0.03173195572082931,0.0399
26,2018-04-12T09:00:00,0.038510610532175256,0.0509
26,2018-04-12T10:00:00,0.04020565208594263,0.0412
26,2018-04-12T11:00:00,0.04197566844565937,0.045
26,2018-04-12T12:00:00,0.04749432803378991,0.0515
26,2018-04-12T13:00:00,0.05443160629542215,0.0552
26,2018-04-12T14:00:00,0.058702783106744316,0.0593
26,2018-04-12T15:00:00,0.061128302234922466,0.0693
26,2018-04-12T16:00:00,0.06346282350501675,0.0741
26,2018-04-12T17:00:00,0.06464747597099374,0.0793
26,2018-04-12T18:00:00,0.0653022505463326,0.0702
26,2018-04-12T19:00:00,0.05960021630077482,0.0669
26,2018-04-12T20:00:00,0.05168915144833301,0.0525
26,2018-04-12T21:00:00,0.04023140499666432,0.0414
26,2018-04-12T22:00:00,0.029884733368632278,0.0332
26,2018-04-12T23:00:00,0.01960910805328668,0.0205
26,2018-04-13T00:00:00,0.012000287851287768,0.0124
26,2018-04-13T01:00:00,0.007283339104552266,0.0087
26,2018-04-13T02:00:00,0.004255897223337003,0.0058
26,2018-04-13T03:00:00,0.0035610071967450314,0.0041
26,2018-04-13T04:00:00,0.005624669010064309,0.0054
26,2018-04-13T05:00:00,0.010223502940001222,0.0103
26,2018-04-13T06:00:00,0.01890188114561704,0.0195
26,2018-04-13T07:00:00,0.029140083291770136,0.0321
26,2018-04-13T08:00:00,0.03733428585515923,0.0402
26,2018-04-13T09:00:00,0.04389146990954221,0.0482
27,2018-04-10T10:00:00,0.044218532348787865,0.0402
27,2018-04-10T11:00:00,0.046792629156201235,0.0443
27,2018-04-10T12:00:00,0.05101293407358662,0.0489
27,2018-04-10T13:00:00,0.055500231454913826,0.0546
27,2018-04-10T14:00:00,0.05742115620245966,0.0556
27,2018-04-10T15:00:00,0.05797535392115599,0.065
27,2018-04-10T16:00:00,0.05681350217005811,0.0709
27,2018-04-10T17:00:00,0.05536715048225485,0.069
27,2018-04-10T18:00:00,0.052576616666727846,0.0694
27,2018-04-10T19:00:00,0.04605389160099564,0.0595
27,2018-04-10T20:00:00,0.03993572827673124,0.0458
27,2018-04-10T21:00:00,0.030586530541779604,0.0365
27,2018-04-10T22:00:00,0.023341801644608896,0.0267
27,2018-04-10T23:00:00,0.015433522008210413,0.0172
27,2018-04-11T00:00:00,0.008650276391281232,0.0105
27,2018-04-11T01:00:00,0.003933272276637475,0.0076
27,2018-04-11T02:00:00,0.000531061494615126,0.006
27,2018-04-11T03:00:00,-0.0005407841147303735,0.0044
27,2018-04-11T04:00:00,0.0009594321374940609,0.0053
27,2018-04-11T05:00:00,0.004284562380904196,0.0104
27,2018-04-11T06:00:00,0.00984170967387098,0.019
27,2018-04-11T07:00:00,0.018238098772292058,0.0302
27,2018-04-11T08:00:00,0.028573937686594643,0.038
27,2018-04-11T09:00:00,0.037217831024319026,0.0501
27,2018-04-11T10:00:00,0.041697516544764876,0.0421
27,2018-04-11T11:00:00,0.04501195342285517,0.0442
27,2018-04-11T12:00:00,0.04945831534719936,0.0495
27,2018-04-11T13:00:00,0.053469953336406764,0.0528
27,2018-04-11T14:00:00,0.055433087353255375,0.056
27,2018-04-11T15:00:00,0.05734731538734021,0.0654
27,2018-04-11T16:00:00,0.057789471938516135,0.075
27,2018-04-11T17:00:00,0.0585601529220596,0.0719
27,2018-04-11T18:00:00,0.05595883542871097,0.074
27,2018-04-11T19:00:00,0.04978470741423932,0.0618
27,2018-04-11T20:00:00,0.04232539388087306,0.055
27,2018-04-11T21:00:00,0.03297663470881501,0.04
27,2018-04-11T22:00:00,0.024489002801880492,0.0295
27,2018-04-11T23:00:00,0.01604299722427794,0.0208
27,2018-04-12T00:00:00,0.008930480058649513,0.0126
27,2018-04-12T01:00:00,0.003286767844557604,0.0084
27,2018-04-12T02:00:00,0.0002004011926220045,0.0046
27,2018-04-12T03:00:00,0.0007503481978551364,0.0043
27,2018-04-12T04:00:00,0.0027472759123809178,0.0063
27,2018-04-12T05:00:00,0.006074710231720199,0.0097
27,2018-04-12T06:00:00,0.011411035938926874,0.0199
27,2018-04-12T07:00:00,0.019012817583195764,0.0323
27,2018-04-12T08:00:00,0.026815636948486217,0.0399
27,2018-04-12T09:00:00,0.034381751322157,0.0509
27,2018-04-12T10:00:00,0.03850655360639096,0.0412
27,2018-04-12T11:00:00,0.041234787486587515,0.045
27,2018-04-12T12:00:00,0.04679863552295798,0.0515
27,2018-04-12T13:00:00,0.05189920432636648,0.0552
27,2018-04-12T14:00:00,0.05555472328867542,0.0593
27,2018-04-12T15:00:00,0.05746760917662967,0.0693
27,2018-04-12T16:00:00,0.059807148601447216,0.0741
27,2018-04-12T17:00:00,0.061210952855191535,0.0793
27,2018-04-12T18:00:00,0.05880605301639301,0.0702
27,2018-04-12T19:00:00,0.05265101466522787,0.0669
27,2018-04-12T20:00:00,0.04454602441496724,0.0525
27,2018-04-12T21:00:00,0.0345872633308536,0.0414
27,2018-04-12T22:00:00,0.025687963491770018,0.0332
27,2018-04-12T23:00:00,0.016513104581875562,0.0205
27,2018-04-13T00:00:00,0.00949091893206799,0.0124
27,2018-04-13T01:00:00,0.004392960830662859,0.0087
27,2018-04-13T02:00:00,0.0014627579622536087,0.0058
27,2018-04-13T03:00:00,0.0025743440629671654,0.0041
27,2018-04-13T04:00:00,0.005291713392887018,0.0054
27,2018-04-13T05:00:00,0.01023026623512404,0.0103
27,2018-04-13T06:00:00,0.017479929884725815,0.0195
27,2018-04-13T07:00:00,0.026811281982157778,0.0321
27,2018-04-13T08:00:00,0.03417684941174065,0.0402
27,2018-04-13T09:00:00,0.04030675984373082,0.0482
27,2018-04-13T10:00:00,0.04236828596263942,0.0431
27,2018-04-13T11:00:00,0.04524798541404565,0.0458
27,2018-04-13T12:00:00,0.049865569090383935,0.0491
27,2018-04-13T13:00:00,0.056502106746271055,0.0583
27,2018-04-13T14:00:00,0.06044299120688916,0.0606
27,2018-04-13T15:00:00,0.0647487834737674,0.0674
27,2018-04-13T16:00:00,0.06674193180290978,0.075
27,2018-04-13T17:00:00,0.06837805874842101,0.075
27,2018-04-13T18:00:00,0.06675047528141209,0.0748
27,2018-04-13T19:00:00,0.06064697288865305,0.0657
27,2018-04-13T20:00:00,0.05167873667470347,0.0558
27,2018-04-13T21:00:00,0.04023530142560062,0.0453
27,2018-04-13T22:00:00,0.03043465426684537,0.0331
27,2018-04-13T23:00:00,0.020231232032953076,0.0219
27,2018-04-14T00:00:00,0.012591872224391534,0.0128
27,2018-04-14T01:00:00,0.007315359627445936,0.0092
27,2018-04-14T02:00:00,0.0040705969541636675,0.0065
27,2018-04-14T03:00:00,0.0036763686866120096,0.0047
27,2018-04-14T04:00:00,0.006167148356278403,0.0057
27,2018-04-14T05:00:00,0.011167849923387568,0.0085
27,2018-04-14T06:00:00,0.018075957882897196,0.016
27,2018-04-14T07:00:00,0.02713590104962914,0.0294
27,2018-04-14T08:00:00,0.03526193601104552,0.0384
27,2018-04-14T09:00:00,0.041787805483365144,0.0506
28,2018-04-11T10:00:00,0.049350139420363134,0.0421
28,2018-04-11T11:00:00,0.050384189423725634,0.0442
28,2018-04-11T12:00:00,0.053682310290369364,0.0495
28,2018-04-11T13:00:00,0.05747505230556276,0.0528
28,2018-04-11T14:00:00,0.06105150204014954,0.056
28,2018-04-11T15:00:00,0.06485759718283801,0.0654
28,2018-04-11T16:00:00,0.06816347656523405,0.075
28,2018-04-11T17:00:00,0.06882692953454787,0.0719
28,2018-04-11T18:00:00,0.06654669860108067,0.074
28,2018-04-11T19:00:00,0.05934332672794132,0.0618
28,2018-04-11T20:00:00,0.04998886781520075,0.055
28,2018-04-11T21:00:00,0.03841546463655932,0.04
28,2018-04-11T22:00:00,0.02904156233667302,0.0295
28,2018-04-11T23:00:00,0.019249371890001813,0.0208
28,2018-04-12T00:00:00,0.01108247471143042,0.0126
28,2018-04-12T01:00:00,0.005131794754063213,0.0084
28,2018-04-12T02:00:00,0.0018791929661748571,0.0046
28,2018-04-12T03:00:00,0.0012698288363536502,0.0043
28,2018-04-12T04:00:00,0.0016175498131164347,0.0063
28,2018-04-12T05:00:00,0.005302014276831857,0.0097
28,2018-04-12T06:00:00,0.011308524709793252,0.0199
28,2018-04-12T07:00:00,0.018993210685505767,0.0323
28,2018-04-12T08:00:00,0.028070959277937933,0.0399
28,2018-04-12T09:00:00,0.03579675075669349,0.0509
28,2018-04-12T10:00:00,0.040332489801300664,0.0412
28,2018-04-12T11:00:00,0.04330095189431713,0.045
28,2018-04-12T12:00:00,0.04804183779977023,0.0515
28,2018-04-12T13:00:00,0.05258141580282665,0.0552
28,2018-04-12T14:00:00,0.05568563159657991,0.0593
28,2018-04-12T15:00:00,0.058347992208784484,0.0693
28,2018-04-12T16:00:00,0.060143263343263476,0.0741
28,2018-04-12T17:00:00,0.059886226589914354,0.0793
28,2018-04-12T18:00:00,0.057779885931361484,0.0702
28,2018-04-12T19:00:00,0.05112384860930289,0.0669
28,2018-04-12T20:00:00,0.043046817400564236,0.0525
28,2018-04-12T21:00:00,0.03273052505746173,0.0414
28,2018-04-12T22:00:00,0.024218947231064637,0.0332
28,2018-04-12T23:00:00,0.016000840519445017,0.0205
28,2018-04-13T00:00:00,0.008478874167940593,0.0124
28,2018-04-13T01:00:00,0.003013308198673195,0.0087
28,2018-04-13T02:00:00,-0.000259040308395006,0.0058
28,2018-04-13T03:00:00,-0.0002782701436211607,0.0041
28,2018-04-13T04:00:00,0.0007711479585813044,0.0054
28,2018-04-13T05:00:00,0.005231018951681182,0.0103
28,2018-04-13T06:00:00,0.010119332425768814,0.0195
28,2018-04-13T07:00:00,0.01715361789089495,0.0321
28,2018-04-13T08:00:00,0.024280231620837273,0.0402
28,2018-04-13T09:00:00,0.03204805759203331,0.0482
28,2018-04-13T10:00:00,0.03555732940848602,0.0431
28,2018-04-13T11:00:00,0.040461888808060384,0.0458
28,2018-04-13T12:00:00,0.04709364484933865,0.0491
28,2018-04-13T13:00:00,0.052865567061881905,0.0583
28,2018-04-13T14:00:00,0.05763851904610255,0.0606
28,2018-04-13T15:00:00,0.06121836269329371,0.0674
28,2018-04-13T16:00:00,0.06391491474099745,0.075
28,2018-04-13T17:00:00,0.06357463689316775,0.075
28,2018-04-13T18:00:00,0.060324078111008206,0.0748
28,2018-04-13T19:00:00,0.052770931742483276,0.0657
28,2018-04-13T20:00:00,0.04352993201144522,0.0558
28,2018-04-13T21:00:00,0.03362572601367191,0.0453
28,2018-04-13T22:00:00,0.025456767782237058,0.0331
28,2018-04-13T23:00:00,0.017649333782137025,0.0219
28,2018-04-14T00:00:00,0.010392926987125881,0.0128
28,2018-04-14T01:00:00,0.005152061861494733,0.0092
28,2018-04-14T02:00:00,0.0015851928776156182,0.0065
28,2018-04-14T03:00:00,0.001764374642496496,0.0047
28,2018-04-14T04:00:00,0.003171649903401002,0.0057
28,2018-04-14T05:00:00,0.007476357590050997,0.0085
28,2018-04-14T06:00:00,0.012743540519239996,0.016
28,2018-04-14T07:00:00,0.020101631879488664,0.0294
28,2018-04-14T08:00:00,0.02783246139985857,0.0384
28,2018-04-14T09:00:00,0.0358490685239814,0.0506
28,2018-04-14T10:00:00,0.04059068227212725,0.0421
28,2018-04-14T11:00:00,0.04576624655684326,0.0459
28,2018-04-14T12:00:00,0.05187442193097343,0.0563
28,2018-04-14T13:00:00,0.057667114117709924,0.0579
28,2018-04-14T14:00:00,0.062075873172460626,0.0554
28,2018-04-14T15:00:00,0.06642421988199378,0.0634
28,2018-04-14T16:00:00,0.06989604354360932,0.0764
28,2018-04-14T17:00:00,0.06965279094640817,0.0774
28,2018-04-14T18:00:00,0.0669920826107064,0.0811
28,2018-04-14T19:00:00,0.05972532674765304,0.0688
28,2018-04-14T20:00:00,0.05159185811890814,0.0506
28,2018-04-14T21:00:00,0.0403838112966697,0.0371
28,2018-04-14T22:00:00,0.032675788098055665,0.033
28,2018-04-14T23:00:00,0.02497618222321625,0.0267
28,2018-04-15T00:00:00,0.017609555619565564,0.0196
28,2018-04-15T01:00:00,0.011223147745687112,0.0122
28,2018-04-15T02:00:00,0.006920770417201197,0.0078
28,2018-04-15T03:00:00,0.005012999052164957,0.0066
28,2018-04-15T04:00:00,0.0046480737244148675,0.0053
28,2018-04-15T05:00:00,0.005621385482846651,0.0061
28,2018-04-15T06:00:00,0.009288389781821418,0.0099
28,2018-04-15T07:00:00,0.014988655057753281,0.0146
28,2018-04-15T08:00:00,0.022486108669595065,0.0252
28,2018-04-15T09:00:00,0.03113067208165982,0.0306
29,2018-04-12T10:00:00,0.048790913034049574,0.0412
29,2018-04-12T11:00:00,0.04885574079473591,0.045
29,2018-04-12T12:00:00,0.05155693778942684,0.0515
29,2018-04-12T13:00:00,0.05461782994711614,0.0552
29,2018-04-12T14:00:00,0.05663021336793166,0.0593
29,2018-04-12T15:00:00,0.06029391486604982,0.0693
29,2018-04-12T16:00:00,0.06426576856016428,0.0741
29,2018-04-12T17:00:00,0.06405195557038636,0.0793
29,2018-04-12T18:00:00,0.06261704015907706,0.0702
29,2018-04-12T19:00:00,0.056332616117484566,0.0669
29,2018-04-12T20:00:00,0.049076092804565215,0.0525
29,2018-04-12T21:00:00,0.03829307615314569,0.0414
29,2018-04-12T22:00:00,0.029649700189976712,0.0332
29,2018-04-12T23:00:00,0.020192326615796296,0.0205
29,2018-04-13T00:00:00,0.011773008895619459,0.0124
29,2018-04-13T01:00:00,0.005288918715239118,0.0087
29,2018-04-13T02:00:00,0.0006541079099765881,0.0058
29,2018-04-13T03:00:00,-0.0007555765557967983,0.0041
29,2018-04-13T04:00:00,0.00011272190473571655,0.0054
29,2018-04-13T05:00:00,0.003999403636176499,0.0103
29,2018-04-13T06:00:00,0.010597702392384747,0.0195
29,2018-04-13T07:00:00,0.020175636520539192,0.0321
29,2018-04-13T08:00:00,0.030174333986278588,0.0402
29,2018-04-13T09:00:00,0.03859901275673711,0.0482
29,2018-04-13T10:00:00,0.041649921169449766,0.0431
29,2018-04-13T11:00:00,0.0453415081188321,0.0458
29,2018-04-13T12:00:00,0.04888690977321774,0.0491
29,2018-04-13T13:00:00,0.05236809166261849,0.0583
29,2018-04-13T14:00:00,0.05325737561167071,0.0606
29,2018-04-13T15:00:00,0.05614954107753557,0.0674
29,2018-04-13T16:00:00,0.0574733457124411,0.075
29,2018-04-13T17:00:00,0.05681127869298276,0.075
29,2018-04-13T18:00:00,0.05459054723510644,0.0748
29,2018-04-13T19:00:00,0.04916173259102069,0.0657
29,2018-04-13T20:00:00,0.04222071874772994,0.0558
29,2018-04-13T21:00:00,0.03427401273171006,0.0453
29,2018-04-13T22:00:00,0.027042296519484598,0.0331
29,2018-04-13T23:00:00,0.018752307194462962,0.0219
29,2018-04-14T00:00:00,0.011701593054709854,0.0128
29,2018-04-14T01:00:00,0.005434464475852427,0.0092
29,2018-04-14T02:00:00,0.00045393890442701687,0.0065
29,2018-04-14T03:00:00,-0.001251159634145009,0.0047
29,2018-04-14T04:00:00,-0.0012694713432974992,0.0057
29,2018-04-14T05:00:00,0.0019302891351830748,0.0085
29,2018-04-14T06:00:00,0.007069408720791651,0.016
29,2018-04-14T07:00:00,0.015825068086079683,0.0294
29,2018-04-14T08:00:00,0.02459770262126639,0.0384
29,2018-04-14T09:00:00,0.034139967025814136,0.0506
29,2018-04-14T10:00:00,0.03962716415050609,0.0421
29,2018-04-14T11:00:00,0.045463385850813526,0.0459
29,2018-04-14T12:00:00,0.05158434315186623,0.0563
29,2018-04-14T13:00:00,0.05503131257997989,0.0579
29,2018-04-14T14:00:00,0.05627377194561803,0.0554
29,2018-04-14T15:00:00,0.05755694074101876,0.0634
29,2018-04-14T16:00:00,0.05977255417167908,0.0764
29,2018-04-14T17:00:00,0.058065442413911164,0.0774
29,2018-04-14T18:00:00,0.0550201636559212,0.0811
29,2018-04-14T19:00:00,0.048995954765955765,0.0688
29,2018-04-14T20:00:00,0.04265120949089349,0.0506
29,2018-04-14T21:00:00,0.03473972149446925,0.0371
29,2018-04-14T22:00:00,0.028700818557382435,0.033
29,2018-04-14T23:00:00,0.021902301385022943,0.0267
29,2018-04-15T00:00:00,0.015237294812256132,0.0196
29,2018-04-15T01:00:00,0.009238036523987317,0.0122
29,2018-04-15T02:00:00,0.004169574098773263,0.0078
29,2018-04-15T03:00:00,0.0008142613367657994,0.0066
29,2018-04-15T04:00:00,-3.5308403153286316e-05,0.0053
29,2018-04-15T05:00:00,0.0010052806202606075,0.0061
29,2018-04-15T06:00:00,0.005191392349997836,0.0099
29,2018-04-15T07:00:00,0.011843573192117225,0.0146
29,2018-04-15T08:00:00,0.02028904874464862,0.0252
29,2018-04-15T09:00:00,0.03043450182988276,0.0306
29,2018-04-15T10:00:00,0.037133309809782314,0.037
29,2018-04-15T11:00:00,0.045466557240495475,0.0438
29,2018-04-15T12:00:00,0.050904603957638773,0.0519
29,2018-04-15T13:00:00,0.055178065571251135,0.055
29,2018-04-15T14:00:00,0.05546739968703522,0.058
29,2018-04-15T15:00:00,0.05594418220666118,0.0609
29,2018-04-15T16:00:00,0.05729190542750495,0.0596
29,2018-04-15T17:00:00,0.055619458185464994,0.0581
29,2018-04-15T18:00:00,0.053079676164840064,0.0551
29,2018-04-15T19:00:00,0.047078269741902705,0.0522
29,2018-04-15T20:00:00,0.0415584151881572,0.0407
29,2018-04-15T21:00:00,0.033420671140648256,0.0358
29,2018-04-15T22:00:00,0.027225446200980795,0.03
29,2018-04-15T23:00:00,0.02146366928155157,0.0247
29,2018-04-16T00:00:00,0.015860798784471428,0.0186
29,2018-04-16T01:00:00,0.010896187982372591,0.0126
29,2018-04-16T02:00:00,0.006731356102186312,0.0079
29,2018-04-16T03:00:00,0.004091824239244753,0.0062
29,2018-04-16T04:00:00,0.003013378284633012,0.0044
29,2018-04-16T05:00:00,0.0038132045145684475,0.0039
29,2018-04-16T06:00:00,0.00578373084802929,0.0046
29,2018-04-16T07:00:00,0.01159991760064711,0.0074
29,2018-04-16T08:00:00,0.018514896262012987,0.013
29,2018-04-16T09:00:00,0.026620369754966598,0.0194
30,2018-04-13T10:00:00,0.045001400755099674,0.0431
30,2018-04-13T11:00:00,0.04617290982581633,0.0458
30,2018-04-13T12:00:00,0.05038543695381047,0.0491
30,2018-04-13T13:00:00,0.05462970776515697,0.0583
30,2018-04-13T14:00:00,0.05802894865463186,0.0606
30,2018-04-13T15:00:00,0.06332286184325225,0.0674
30,2018-04-13T16:00:00,0.06672289645622213,0.075
30,2018-04-13T17:00:00,0.06697272136430557,0.075
30,2018-04-13T18:00:00,0.06369248293031042,0.0748
30,2018-04-13T19:00:00,0.05694178751091626,0.0657
30,2018-04-13T20:00:00,0.04788934827268755,0.0558
30,2018-04-13T21:00:00,0.037478256433825546,0.0453
30,2018-04-13T22:00:00,0.02947243511314711,0.0331
30,2018-04-13T23:00:00,0.01954513534131017,0.0219
30,2018-04-14T00:00:00,0.01062794097974994,0.0128
30,2018-04-14T01:00:00,0.005172302686691322,0.0092
30,2018-04-14T02:00:00,0.0013666771199336535,0.0065
30,2018-04-14T03:00:00,-0.000469073912789518,0.0047
30,2018-04-14T04:00:00,-0.0005233887795025559,0.0057
30,2018-04-14T05:00:00,0.0031264041598889278,0.0085
30,2018-04-14T06:00:00,0.01017808022944059,0.016
30,2018-04-14T07:00:00,0.020073371468339443,0.0294
30,2018-04-14T08:00:00,0.03060076035702461,0.0384
30,2018-04-14T09:00:00,0.037475437576521504,0.0506
30,2018-04-14T10:00:00,0.03843849137865884,0.0421
30,2018-04-14T11:00:00,0.04089925673603147,0.0459
30,2018-04-14T12:00:00,0.0460302445981517,0.0563
30,2018-04-14T13:00:00,0.050392806492485745,0.0579
30,2018-04-14T14:00:00,0.05224160402662978,0.0554
30,2018-04-14T15:00:00,0.05554668968553082,0.0634
30,2018-04-14T16:00:00,0.05804946982366774,0.0764
30,2018-04-14T17:00:00,0.056866227837632184,0.0774
30,2018-04-14T18:00:00,0.055248293455141755,0.0811
30,2018-04-14T19:00:00,0.049696993083373116,0.0688
30,2018-04-14T20:00:00,0.04239206139800473,0.0506
30,2018-04-14T21:00:00,0.03274370664957015,0.0371
30,2018-04-14T22:00:00,0.02505204449263186,0.033
30,2018-04-14T23:00:00,0.016560706264927054,0.0267
30,2018-04-15T00:00:00,0.008058495076630364,0.0196
30,2018-04-15T01:00:00,0.0022481657581046623,0.0122
30,2018-04-15T02:00:00,-0.0012552736799865613,0.0078
30,2018-04-15T03:00:00,-0.004238244267545779,0.0066
30,2018-04-15T04:00:00,-0.004452462003741671,0.0053
30,2018-04-15T05:00:00,-0.0016199221681953493,0.0061
30,2018-04-15T06:00:00,0.0038756738827067753,0.0099
30,2018-04-15T07:00:00,0.01226644979660571,0.0146
30,2018-04-15T08:00:00,0.02128068973372284,0.0252
30,2018-04-15T09:00:00,0.029413484000618783,0.0306
30,2018-04-15T10:00:00,0.03109909345074283,0.037
30,2018-04-15T11:00:00,0.03571445021579373,0.0438
30,2018-04-15T12:00:00,0.042250269967044174,0.0519
30,2018-04-15T13:00:00,0.04578626398304292,0.055
30,2018-04-15T14:00:00,0.047808179970468725,0.058
30,2018-04-15T15:00:00,0.04808776863353957,0.0609
30,2018-04-15T16:00:00,0.049929235176286224,0.0596
30,2018-04-15T17:00:00,0.049183191159769185,0.0581
30,2018-04-15T18:00:00,0.04698735773911962,0.0551
30,2018-04-15T19:00:00,0.04172796889430753,0.0522
30,2018-04-15T20:00:00,0.035955762132767397,0.0407
30,2018-04-15T21:00:00,0.02809609120953411,0.0358
30,2018-04-15T22:00:00,0.021374652227907177,0.03
30,2018-04-15T23:00:00,0.014028863231400962,0.0247
30,2018-04-16T00:00:00,0.007515798463940817,0.0186
30,2018-04-16T01:00:00,0.0027278883837451653,0.0126
30,2018-04-16T02:00:00,-0.0007774205973243159,0.0079
30,2018-04-16T03:00:00,-0.003347197656604052,0.0062
30,2018-04-16T04:00:00,-0.003910206932599004,0.0044
30,2018-04-16T05:00:00,-0.0013580477314695145,0.0039
30,2018-04-16T06:00:00,0.00393937676373797,0.0046
30,2018-04-16T07:00:00,0.012788029334385994,0.0074
30,2018-04-16T08:00:00,0.021802585709611723,0.013
30,2018-04-16T09:00:00,0.02944428093654364,0.0194
30,2018-04-16T10:00:00,0.030969541726676653,0.0263
30,2018-04-16T11:00:00,0.03672631240599579,0.0347
30,2018-04-16T12:00:00,0.04269979483039108,0.0396
30,2018-04-16T13:00:00,0.047710383774282134,0.047
30,2018-04-16T14:00:00,0.04949485466235255,0.0466
30,2018-04-16T15:00:00,0.050140835201882755,0.0428
30,2018-04-16T16:00:00,0.051318084838353525,0.0417
30,2018-04-16T17:00:00,0.04913470218846634,0.0448
30,2018-04-16T18:00:00,0.047312563601289596,0.046
30,2018-04-16T19:00:00,0.040602376114523546,0.0438
30,2018-04-16T20:00:00,0.03508976564558524,0.0368
30,2018-04-16T21:00:00,0.02641271977406563,0.0255
30,2018-04-16T22:00:00,0.020455676361976385,0.0201
30,2018-04-16T23:00:00,0.013514669527281618,0.014
30,2018-04-17T00:00:00,0.007841428346167714,0.0098
30,2018-04-17T01:00:00,0.004257959502704765,0.0072
30,2018-04-17T02:00:00,0.002876710662980151,0.0037
30,2018-04-17T03:00:00,0.001812860109501345,0.0039
30,2018-04-17T04:00:00,0.003221577389029187,0.0051
30,2018-04-17T05:00:00,0.006986980623445022,0.0083
30,2018-04-17T06:00:00,0.01348434736240934,0.017
30,2018-04-17T07:00:00,0.023240711933955365,0.0312
30,2018-04-17T08:00:00,0.03289192653998047,0.0447
30,2018-04-17T09:00:00,0.04076193258414997,0.05
31,2018-04-14T10:00:00,0.047165950781938,0.0421
31,2018-04-14T11:00:00,0.04784269204923407,0.0459
31,2018-04-14T12:00:00,0.051837919410949146,0.0563
31,2018-04-14T13:00:00,0.05631498599429134,0.0579
31,2018-04-14T14:00:00,0.059122466594903306,0.0554
31,2018-04-14T15:00:00,0.06360616856649165,0.0634
31,2018-04-14T16:00:00,0.06704456823386809,0.0764
31,2018-04-14T17:00:00,0.0670126721135531,0.0774
31,2018-04-14T18:00:00,0.06445308905712947,0.0811
31,2018-04-14T19:00:00,0.05751976364363119,0.0688
31,2018-04-14T20:00:00,0.04859416597548831,0.0506
31,2018-04-14T21:00:00,0.037643767406598444,0.0371
31,2018-04-14T22:00:00,0.028618207413030238,0.033
31,2018-04-14T23:00:00,0.018321082300870276,0.0267
31,2018-04-15T00:00:00,0.009103042204625204,0.0196
31,2018-04-15T01:00:00,0.003900503586122709,0.0122
31,2018-04-15T02:00:00,0.0013942086371007238,0.0078
31,2018-04-15T03:00:00,-0.0011475392946972071,0.0066
31,2018-04-15T04:00:00,-0.0006351057994587947,0.0053
31,2018-04-15T05:00:00,0.0015161441899990066,0.0061
31,2018-04-15T06:00:00,0.008563324245228092,0.0099
31,2018-04-15T07:00:00,0.018284027853912397,0.0146
31,2018-04-15T08:00:00,0.028797216065590353,0.0252
31,2018-04-15T09:00:00,0.03765025649040346,0.0306
31,2018-04-15T10:00:00,0.039175476784868886,0.037
31,2018-04-15T11:00:00,0.04246831667444004,0.0438
31,2018-04-15T12:00:00,0.04712365565733442,0.0519
31,2018-04-15T13:00:00,0.05136963130965359,0.055
31,2018-04-15T14:00:00,0.05340841611153406,0.058
31,2018-04-15T15:00:00,0.058101594504136336,0.0609
31,2018-04-15T16:00:00,0.0606605362740276,0.0596
31,2018-04-15T17:00:00,0.060611789736822415,0.0581
31,2018-04-15T18:00:00,0.057577220113493255,0.0551
31,2018-04-15T19:00:00,0.051018374496217794,0.0522
31,2018-04-15T20:00:00,0.04188027847568836,0.0407
31,2018-04-15T21:00:00,0.03173620888730111,0.0358
31,2018-04-15T22:00:00,0.02355375648037703,0.03
31,2018-04-15T23:00:00,0.013761501764880665,0.0247
31,2018-04-16T00:00:00,0.0061186471199325965,0.0186
31,2018-04-16T01:00:00,0.0008633512951741057,0.0126
31,2018-04-16T02:00:00,-0.0016853894632650641,0.0079
31,2018-04-16T03:00:00,-0.0027691146428003854,0.0062
31,2018-04-16T04:00:00,-0.001871057683727466,0.0044
31,2018-04-16T05:00:00,0.0016075064950739452,0.0039
31,2018-04-16T06:00:00,0.0073893090758031035,0.0046
31,2018-04-16T07:00:00,0.016098217776806777,0.0074
31,2018-04-16T08:00:00,0.025068391867545437,0.013
31,2018-04-16T09:00:00,0.033196856533973945,0.0194
31,2018-04-16T10:00:00,0.03552454494863029,0.0263
31,2018-04-16T11:00:00,0.03926308178163777,0.0347
31,2018-04-16T12:00:00,0.0458405219049136,0.0396
31,2018-04-16T13:00:00,0.050526379819012465,0.047
31,2018-04-16T14:00:00,0.054135097129501285,0.0466
31,2018-04-16T15:00:00,0.05784167721783853,0.0428
31,2018-04-16T16:00:00,0.06276102125063734,0.0417
31,2018-04-16T17:00:00,0.06220772063222673,0.0448
31,2018-04-16T18:00:00,0.0587662529519591,0.046
31,2018-04-16T19:00:00,0.051184728778302255,0.0438
31,2018-04-16T20:00:00,0.04127465290617896,0.0368
31,2018-04-16T21:00:00,0.03094815587211147,0.0255
31,2018-04-16T22:00:00,0.022753816010327086,0.0201
31,2018-04-16T23:00:00,0.014196799879243301,0.014
31,2018-04-17T00:00:00,0.006935071457302874,0.0098
31,2018-04-17T01:00:00,0.0023800044571257936,0.0072
31,2018-04-17T02:00:00,0.0008982944025923492,0.0037
31,2018-04-17T03:00:00,-0.000449479630572288,0.0039
31,2018-04-17T04:00:00,0.0009993005357387952,0.0051
31,2018-04-17T05:00:00,0.005270111147920888,0.0083
31,2018-04-17T06:00:00,0.012390471983742796,0.017
31,2018-04-17T07:00:00,0.02200853417862311,0.0312
31,2018-04-17T08:00:00,0.030171441608802696,0.0447
31,2018-04-17T09:00:00,0.03809886760804919,0.05
31,2018-04-17T10:00:00,0.038714946148036236,0.0394
31,2018-04-17T11:00:00,0.04285316043197153,0.0412
31,2018-04-17T12:00:00,0.04829215506172142,0.049
31,2018-04-17T13:00:00,0.05353014491085087,0.0545
31,2018-04-17T14:00:00,0.05690200321582331,0.0575
31,2018-04-17T15:00:00,0.06321376428604437,0.0661
31,2018-04-17T16:00:00,0.06847351056925155,0.0695
31,2018-04-17T17:00:00,0.06831409654933847,0.0735
31,2018-04-17T18:00:00,0.0656342144471784,0.0739
31,2018-04-17T19:00:00,0.05772254510333313,0.0661
31,2018-04-17T20:00:00,0.04707665075623081,0.0516
31,2018-04-17T21:00:00,0.03495280646633951,0.0324
31,2018-04-17T22:00:00,0.025792516675343054,0.0278
31,2018-04-17T23:00:00,0.016504088023144466,0.0164
31,2018-04-18T00:00:00,0.009243405108509677,0.0102
31,2018-04-18T01:00:00,0.005265515261105563,0.008
31,2018-04-18T02:00:00,0.0036425276809119687,0.005
31,2018-04-18T03:00:00,0.0026816281459646624,0.004
31,2018-04-18T04:00:00,0.0045147211686615875,0.0052
31,2018-04-18T05:00:00,0.009871002100778577,0.0085
31,2018-04-18T06:00:00,0.01753902636604771,0.0181
31,2018-04-18T07:00:00,0.02763248590164407,0.0322
31,2018-04-18T08:00:00,0.036980762461782786,0.0454
31,2018-04-18T09:00:00,0.044141990946421586,0.0492
32,2018-04-15T10:00:00,0.03203064053015795,0.037
32,2018-04-15T11:00:00,0.03749711130916665,0.0438
32,2018-04-15T12:00:00,0.045762021249540485,0.0519
32,2018-04-15T13:00:00,0.051126221019042864,0.055
32,2018-04-15T14:00:00,0.05341051168173274,0.058
32,2018-04-15T15:00:00,0.0582986551973678,0.0609
32,2018-04-15T16:00:00,0.06367449186442412,0.0596
32,2018-04-15T17:00:00,0.06526702534292607,0.0581
32,2018-04-15T18:00:00,0.06252980942133363,0.0551
32,2018-04-15T19:00:00,0.05405401117828525,0.0522
32,2018-04-15T20:00:00,0.04210482372849381,0.0407
32,2018-04-15T21:00:00,0.02981165426524567,0.0358
32,2018-04-15T22:00:00,0.024137030235580004,0.03
32,2018-04-15T23:00:00,0.017486870672541885,0.0247
32,2018-04-16T00:00:00,0.010793144099944325,0.0186
32,2018-04-16T01:00:00,0.005769776733428732,0.0126
32,2018-04-16T02:00:00,0.002985086334801875,0.0079
32,2018-04-16T03:00:00,0.001664584500752967,0.0062
32,2018-04-16T04:00:00,0.0009646132420739022,0.0044
32,2018-04-16T05:00:00,0.0022653788698369405,0.0039
32,2018-04-16T06:00:00,0.006360862444928367,0.0046
32,2018-04-16T07:00:00,0.012867887554800853,0.0074
32,2018-04-16T08:00:00,0.021171531902589504,0.013
32,2018-04-16T09:00:00,0.02674842608995103,0.0194
32,2018-04-16T10:00:00,0.02929743839644153,0.0263
32,2018-04-16T11:00:00,0.03414417866635474,0.0347
32,2018-04-16T12:00:00,0.041600762176371035,0.0396
32,2018-04-16T13:00:00,0.047127198502603426,0.047
32,2018-04-16T14:00:00,0.05027931104129903,0.0466
32,2018-04-16T15:00:00,0.05481602778504571,0.0428
32,2018-04-16T16:00:00,0.05995133469443998,0.0417
32,2018-04-16T17:00:00,0.06043376789457659,0.0448
32,2018-04-16T18:00:00,0.05799137031512431,0.046
32,2018-04-16T19:00:00,0.050166141489825476,0.0438
32,2018-04-16T20:00:00,0.038990528697643655,0.0368
32,2018-04-16T21:00:00,0.027750155497382887,0.0255
32,2018-04-16T22:00:00,0.020285066109981736,0.0201
32,2018-04-16T23:00:00,0.013760665989809785,0.014
32,2018-04-17T00:00:00,0.0064360156196454806,0.0098
32,2018-04-17T01:00:00,0.002110474881438399,0.0072
32,2018-04-17T02:00:00,0.00022344019976448803,0.0037
32,2018-04-17T03:00:00,-0.0003675281177524456,0.0039
32,2018-04-17T04:00:00,0.0007287021491641198,0.0051
32,2018-04-17T05:00:00,0.003917909434244495,0.0083
32,2018-04-17T06:00:00,0.00899353114025436,0.017
32,2018-04-17T07:00:00,0.016778569171893278,0.0312
32,2018-04-17T08:00:00,0.02423858356485776,0.0447
32,2018-04-17T09:00:00,0.03135695027990783,0.05
32,2018-04-17T10:00:00,0.032319326526028584,0.0394
32,2018-04-17T11:00:00,0.03568930144604571,0.0412
32,2018-04-17T12:00:00,0.04383730660371729,0.049
32,2018-04-17T13:00:00,0.04804121578687681,0.0545
32,2018-04-17T14:00:00,0.052128879521001106,0.0575
32,2018-04-17T15:00:00,0.057159984377481036,0.0661
32,2018-04-17T16:00:00,0.06374734096321208,0.0695
32,2018-04-17T17:00:00,0.06517379349487287,0.0735
32,2018-04-17T18:00:00,0.061997073775683774,0.0739
32,2018-04-17T19:00:00,0.05418829412515516,0.0661
32,2018-04-17T20:00:00,0.04322040560499173,0.0516
32,2018-04-17T21:00:00,0.03211754571861801,0.0324
32,2018-04-17T22:00:00,0.02416069002911161,0.0278
32,2018-04-17T23:00:00,0.016242914446016846,0.0164
32,2018-04-18T00:00:00,0.008595152031732247,0.0102
32,2018-04-18T01:00:00,0.0035625087884342196,0.008
32,2018-04-18T02:00:00,0.0011310095757342507,0.005
32,2018-04-18T03:00:00,0.001390898827648132,0.004
32,2018-04-18T04:00:00,0.0034451971567351913,0.0052
32,2018-04-18T05:00:00,0.008033898409030838,0.0085
32,2018-04-18T06:00:00,0.01497975343999629,0.0181
32,2018-04-18T07:00:00,0.024186681407311592,0.0322
32,2018-04-18T08:00:00,0.03315187904447309,0.0454
32,2018-04-18T09:00:00,0.03934922338356557,0.0492
32,2018-04-18T10:00:00,0.03928985181485137,0.0416
32,2018-04-18T11:00:00,0.042841380734274445,0.0409
32,2018-04-18T12:00:00,0.048504366587317396,0.0579
32,2018-04-18T13:00:00,0.05341384952556926,0.0547
32,2018-04-18T14:00:00,0.05637135262747817,0.0551
32,2018-04-18T15:00:00,0.06315628153394737,0.0682
32,2018-04-18T16:00:00,0.07039387112482082,0.0708
32,2018-04-18T17:00:00,0.07106006095086569,0.0773
32,2018-04-18T18:00:00,0.06860756398460305,0.0764
32,2018-04-18T19:00:00,0.06121551895547394,0.0666
32,2018-04-18T20:00:00,0.05166425866755324,0.0553
32,2018-04-18T21:00:00,0.038757368478656885,0.0392
32,2018-04-18T22:00:00,0.028853568804235646,0.0294
32,2018-04-18T23:00:00,0.019829770193488194,0.0181
32,2018-04-19T00:00:00,0.01152253919670565,0.0122
32,2018-04-19T01:00:00,0.0064595417242087234,0.0073
32,2018-04-19T02:00:00,0.0039585137350673615,0.0056
32,2018-04-19T03:00:00,0.0036482519516804306,0.0045
32,2018-04-19T04:00:00,0.005856567681774283,0.0056
32,2018-04-19T05:00:00,0.01035972201151122,0.0108
32,2018-04-19T06:00:00,0.01859413492254302,0.0188
32,2018-04-19T07:00:00,0.02898185771947775,0.0342
32,2018-04-19T08:00:00,0.037928565559062856,0.046
32,2018-04-19T09:00:00,0.04386225755584371,0.0518
33,2018-04-16T10:00:00,0.02582235226843927,0.0263
33,2018-04-16T11:00:00,0.03478810008038537,0.0347
33,2018-04-16T12:00:00,0.0450078069622572,0.0396
33,2018-04-16T13:00:00,0.05156054195991068,0.047
33,2018-04-16T14:00:00,0.05556702337462418,0.0466
33,2018-04-16T15:00:00,0.05703443764550292,0.0428
33,2018-04-16T16:00:00,0.05696939086619215,0.0417
33,2018-04-16T17:00:00,0.05439278743442575,0.0448
33,2018-04-16T18:00:00,0.04966043624672997,0.046
33,2018-04-16T19:00:00,0.0428517546828324,0.0438
33,2018-04-16T20:00:00,0.03342686113261974,0.0368
33,2018-04-16T21:00:00,0.025443453202019878,0.0255
33,2018-04-16T22:00:00,0.021638334882396422,0.0201
33,2018-04-16T23:00:00,0.016654827153380583,0.014
33,2018-04-17T00:00:00,0.011157393098182127,0.0098
33,2018-04-17T01:00:00,0.007692628844869667,0.0072
33,2018-04-17T02:00:00,0.004370189902316697,0.0037
33,2018-04-17T03:00:00,0.002508808434086629,0.0039
33,2018-04-17T04:00:00,0.0014683140267184973,0.0051
33,2018-04-17T05:00:00,0.0011711968650961746,0.0083
33,2018-04-17T06:00:00,0.004082103316617441,0.017
33,2018-04-17T07:00:00,0.008000511209920642,0.0312
33,2018-04-17T08:00:00,0.01602216294621656,0.0447
33,2018-04-17T09:00:00,0.0223737338929059,0.05
33,2018-04-17T10:00:00,0.02760322599462183,0.0394
33,2018-04-17T11:00:00,0.03432811331060094,0.0412
33,2018-04-17T12:00:00,0.043348233634962034,0.049
33,2018-04-17T13:00:00,0.04924875307088465,0.0545
33,2018-04-17T14:00:00,0.05255878329425114,0.0575
33,2018-04-17T15:00:00,0.05725556936163525,0.0661
33,2018-04-17T16:00:00,0.05927821161481972,0.0695
33,2018-04-17T17:00:00,0.05808356664312113,0.0735
33,2018-04-17T18:00:00,0.05435590119377144,0.0739
33,2018-04-17T19:00:00,0.046255797862274295,0.0661
33,2018-04-17T20:00:00,0.035657342073151986,0.0516
33,2018-04-17T21:00:00,0.02622244497867903,0.0324
33,2018-04-17T22:00:00,0.01983281104806997,0.0278
33,2018-04-17T23:00:00,0.014033484349161823,0.0164
33,2018-04-18T00:00:00,0.008255135254102895,0.0102
33,2018-04-18T01:00:00,0.004528387930826872,0.008
33,2018-04-18T02:00:00,0.00257485569047387,0.005
33,2018-04-18T03:00:00,0.002389303111845171,0.004
33,2018-04-18T04:00:00,0.0037021357897405634,0.0052
33,2018-04-18T05:00:00,0.005541086246529606,0.0085
33,2018-04-18T06:00:00,0.008976465209037707,0.0181
33,2018-04-18T07:00:00,0.014443320759965834,0.0322
33,2018-04-18T08:00:00,0.02135984306459679,0.0454
33,2018-04-18T09:00:00,0.028223419456524932,0.0492
33,2018-04-18T10:00:00,0.03203905522570907,0.0416
33,2018-04-18T11:00:00,0.037888458518124925,0.0409
33,2018-04-18T12:00:00,0.0461177626883304,0.0579
33,2018-04-18T13:00:00,0.05160345208881169,0.0547
33,2018-04-18T14:00:00,0.05525287182046712,0.0551
33,2018-04-18T15:00:00,0.05997344681476381,0.0682
33,2018-04-18T16:00:00,0.06445817904996154,0.0708
33,2018-04-18T17:00:00,0.06469288466436238,0.0773
33,2018-04-18T18:00:00,0.060513035115135255,0.0764
33,2018-04-18T19:00:00,0.0535501334265921,0.0666
33,2018-04-18T20:00:00,0.04293359913934861,0.0553
33,2018-04-18T21:00:00,0.0322354241705171,0.0392
33,2018-04-18T22:00:00,0.023927994830468258,0.0294
33,2018-04-18T23:00:00,0.01645325467648558,0.0181
33,2018-04-19T00:00:00,0.009302389452295858,0.0122
33,2018-04-19T01:00:00,0.0047719699320391724,0.0073
33,2018-04-19T02:00:00,0.003833256107673516,0.0056
33,2018-04-19T03:00:00,0.004155628744917685,0.0045
33,2018-04-19T04:00:00,0.005694949458424796,0.0056
33,2018-04-19T05:00:00,0.010034155206648167,0.0108
33,2018-04-19T06:00:00,0.015667165294675257,0.0188
33,2018-04-19T07:00:00,0.023367330105044253,0.0342
33,2018-04-19T08:00:00,0.030603970469199358,0.046
33,2018-04-19T09:00:00,0.036104779075755794,0.0518
33,2018-04-19T10:00:00,0.03798529313494277,0.044
33,2018-04-19T11:00:00,0.04315682362224122,0.0452
33,2018-04-19T12:00:00,0.04978071777097645,0.0507
33,2018-04-19T13:00:00,0.05547033628875177,0.0592
33,2018-04-19T14:00:00,0.05891141674409138,0.0618
33,2018-04-19T15:00:00,0.06533072296751027,0.066
33,2018-04-19T16:00:00,0.0704066320259554,0.0744
33,2018-04-19T17:00:00,0.07146233683875391,0.0742
33,2018-04-19T18:00:00,0.06880221021651867,0.076
33,2018-04-19T19:00:00,0.06194890719979612,0.0683
33,2018-04-19T20:00:00,0.051425651017339306,0.0534
33,2018-04-19T21:00:00,0.03964745491194906,0.0444
33,2018-04-19T22:00:00,0.030383270640272946,0.0305
33,2018-04-19T23:00:00,0.020397555126785413,0.018
33,2018-04-20T00:00:00,0.01180588096292496,0.0126
33,2018-04-20T01:00:00,0.007169554548781282,0.0081
33,2018-04-20T02:00:00,0.005125176887307022,0.0057
33,2018-04-20T03:00:00,0.0042995888106900255,0.0045
33,2018-04-20T04:00:00,0.0058277676087344354,0.006
33,2018-04-20T05:00:00,0.011320201030699594,0.01
33,2018-04-20T06:00:00,0.019045651278438266,0.0191
33,2018-04-20T07:00:00,0.02861949746777119,0.0324
33,2018-04-20T08:00:00,0.037607258578837774,0.0454
33,2018-04-20T09:00:00,0.04292464898706445,0.0521
34,2018-04-17T10:00:00,0.04857229389957687,0.0394
34,2018-04-17T11:00:00,0.05073042983458718,0.0412
34,2018-04-17T12:00:00,0.054817385700517265,0.049
34,2018-04-17T13:00:00,0.058088574284950414,0.0545
34,2018-04-17T14:00:00,0.05834472970735477,0.0575
34,2018-04-17T15:00:00,0.05783356652013813,0.0661
34,2018-04-17T16:00:00,0.05711641368840871,0.0695
34,2018-04-17T17:00:00,0.05716884674710053,0.0735
34,2018-04-17T18:00:00,0.05660432186222443,0.0739
34,2018-04-17T19:00:00,0.05144664877090197,0.0661
34,2018-04-17T20:00:00,0.04228289550698601,0.0516
34,2018-04-17T21:00:00,0.03181487809940759,0.0324
34,2018-04-17T22:00:00,0.02447162148384464,0.0278
34,2018-04-17T23:00:00,0.016359097693762738,0.0164
34,2018-04-18T00:00:00,0.008521402328360572,0.0102
34,2018-04-18T01:00:00,0.0032163104291485674,0.008
34,2018-04-18T02:00:00,-0.0001521767411564387,0.005
34,2018-04-18T03:00:00,-0.0010864751500533135,0.004
34,2018-04-18T04:00:00,0.00025064056077140143,0.0052
34,2018-04-18T05:00:00,0.003325225762860918,0.0085
34,2018-04-18T06:00:00,0.010569026721923586,0.0181
34,2018-04-18T07:00:00,0.02136164392333442,0.0322
34,2018-04-18T08:00:00,0.03355653294897806,0.0454
34,2018-04-18T09:00:00,0.041519164072003595,0.0492
34,2018-04-18T10:00:00,0.044191616536777834,0.0416
34,2018-04-18T11:00:00,0.04801163951183193,0.0409
34,2018-04-18T12:00:00,0.052956631501627605,0.0579
34,2018-04-18T13:00:00,0.05602610393294811,0.0547
34,2018-04-18T14:00:00,0.05681910904684387,0.0551
34,2018-04-18T15:00:00,0.057568923687999325,0.0682
34,2018-04-18T16:00:00,0.05853162443211406,0.0708
34,2018-04-18T17:00:00,0.058990934521956404,0.0773
34,2018-04-18T18:00:00,0.058402969387817846,0.0764
34,2018-04-18T19:00:00,0.053116704329563016,0.0666
34,2018-04-18T20:00:00,0.04372504729364693,0.0553
34,2018-04-18T21:00:00,0.033037300239562424,0.0392
34,2018-04-18T22:00:00,0.024353198113607935,0.0294
34,2018-04-18T23:00:00,0.015658462370614364,0.0181
34,2018-04-19T00:00:00,0.007190231659077763,0.0122
34,2018-04-19T01:00:00,0.0012606931314908532,0.0073
34,2018-04-19T02:00:00,-0.0006022214671103227,0.0056
34,2018-04-19T03:00:00,-0.0002819093570849175,0.0045
34,2018-04-19T04:00:00,0.0006856273182575291,0.0056
34,2018-04-19T05:00:00,0.004045203058771169,0.0108
34,2018-04-19T06:00:00,0.009204375989633813,0.0188
34,2018-04-19T07:00:00,0.018115851336872567,0.0342
34,2018-04-19T08:00:00,0.027812711526810537,0.046
34,2018-04-19T09:00:00,0.03495100735975089,0.0518
34,2018-04-19T10:00:00,0.038019076670155756,0.044
34,2018-04-19T11:00:00,0.04221586967538475,0.0452
34,2018-04-19T12:00:00,0.04865362164735429,0.0507
34,2018-04-19T13:00:00,0.05329876312309459,0.0592
34,2018-04-19T14:00:00,0.056119831639167034,0.0618
34,2018-04-19T15:00:00,0.05806242346119184,0.066
34,2018-04-19T16:00:00,0.061262748131648975,0.0744
34,2018-04-19T17:00:00,0.0624409999973452,0.0742
34,2018-04-19T18:00:00,0.06120217984517082,0.076
34,2018-04-19T19:00:00,0.05486663160018618,0.0683
34,2018-04-19T20:00:00,0.044700043918552826,0.0534
34,2018-04-19T21:00:00,0.03398681623770054,0.0444
34,2018-04-19T22:00:00,0.024978493658171178,0.0305
34,2018-04-19T23:00:00,0.015843018502109285,0.018
34,2018-04-20T00:00:00,0.008137276951917256,0.0126
34,2018-04-20T01:00:00,0.002678931588660515,0.0081
34,2018-04-20T02:00:00,0.0010594237763720815,0.0057
34,2018-04-20T03:00:00,0.001724338037948192,0.0045
34,2018-04-20T04:00:00,0.0038396216649743443,0.006
34,2018-04-20T05:00:00,0.008709253726471428,0.01
34,2018-04-20T06:00:00,0.015699223488772326,0.0191
34,2018-04-20T07:00:00,0.025792023620615705,0.0324
34,2018-04-20T08:00:00,0.034747377159075506,0.0454
34,2018-04-20T09:00:00,0.04079806662724049,0.0521
34,2018-04-20T10:00:00,0.04119092646642662,0.0449
34,2018-04-20T11:00:00,0.04445795439785494,0.0424
34,2018-04-20T12:00:00,0.05029516974185774,0.0498
34,2018-04-20T13:00:00,0.05617464586834381,0.0552
34,2018-04-20T14:00:00,0.059854474145817,0.0625
34,2018-04-20T15:00:00,0.06515635610806916,0.0734
34,2018-04-20T16:00:00,0.07014208380986237,0.0759
34,2018-04-20T17:00:00,0.07170551759784623,0.0761
34,2018-04-20T18:00:00,0.07005716415664406,0.0747
34,2018-04-20T19:00:00,0.06282173671763112,0.0586
34,2018-04-20T20:00:00,0.05187305175045891,0.0625
34,2018-04-20T21:00:00,0.040463918672671725,0.0478
34,2018-04-20T22:00:00,0.031069808803376772,0.0338
34,2018-04-20T23:00:00,0.021414151974003245,0.0201
34,2018-04-21T00:00:00,0.01230604065444955,0.015
34,2018-04-21T01:00:00,0.006970259865580492,0.0103
34,2018-04-21T02:00:00,0.004131040838063139,0.0058
34,2018-04-21T03:00:00,0.003761353169343149,0.0049
34,2018-04-21T04:00:00,0.005850521015590644,0.0059
34,2018-04-21T05:00:00,0.01016258071942596,0.0089
34,2018-04-21T06:00:00,0.017154830903644572,0.0184
34,2018-04-21T07:00:00,0.027219812516315407,0.0322
34,2018-04-21T08:00:00,0.03708547596698891,0.0455
34,2018-04-21T09:00:00,0.04386387952016889,0.0513
35,2018-04-18T10:00:00,0.04632598211765492,0.0416
35,2018-04-18T11:00:00,0.04672955529665944,0.0409
35,2018-04-18T12:00:00,0.05144967648436628,0.0579
35,2018-04-18T13:00:00,0.056310935025813635,0.0547
35,2018-04-18T14:00:00,0.05911462047170124,0.0551
35,2018-04-18T15:00:00,0.06352097733017904,0.0682
35,2018-04-18T16:00:00,0.06702331291440308,0.0708
35,2018-04-18T17:00:00,0.06955725327027684,0.0773
35,2018-04-18T18:00:00,0.06962910189198834,0.0764
35,2018-04-18T19:00:00,0.06372298784432294,0.0666
35,2018-04-18T20:00:00,0.051385560096172136,0.0553
35,2018-04-18T21:00:00,0.03727723185392145,0.0392
35,2018-04-18T22:00:00,0.027743039950226003,0.0294
35,2018-04-18T23:00:00,0.018518813366307438,0.0181
35,2018-04-19T00:00:00,0.00963235590328674,0.0122
35,2018-04-19T01:00:00,0.0037149790418779423,0.0073
35,2018-04-19T02:00:00,0.001277893978180164,0.0056
35,2018-04-19T03:00:00,0.0009049981246493227,0.0045
35,2018-04-19T04:00:00,0.001349567384992114,0.0056
35,2018-04-19T05:00:00,0.004637142066831638,0.0108
35,2018-04-19T06:00:00,0.010258940153436206,0.0188
35,2018-04-19T07:00:00,0.019740958316491176,0.0342
35,2018-04-19T08:00:00,0.03021994596397371,0.046
35,2018-04-19T09:00:00,0.03562074143278395,0.0518
35,2018-04-19T10:00:00,0.03745982803154995,0.044
35,2018-04-19T11:00:00,0.04048783988683347,0.0452
35,2018-04-19T12:00:00,0.046134931996337794,0.0507
35,2018-04-19T13:00:00,0.050213405708980426,0.0592
35,2018-04-19T14:00:00,0.05254323297191564,0.0618
35,2018-04-19T15:00:00,0.055462696919131166,0.066
35,2018-04-19T16:00:00,0.058780224588049615,0.0744
35,2018-04-19T17:00:00,0.060984350929895105,0.0742
35,2018-04-19T18:00:00,0.060898229302465856,0.076
35,2018-04-19T19:00:00,0.05456648672509955,0.0683
35,2018-04-19T20:00:00,0.04300925062524006,0.0534
35,2018-04-19T21:00:00,0.031595115862930186,0.0444
35,2018-04-19T22:00:00,0.02389247877032847,0.0305
35,2018-04-19T23:00:00,0.01569395390066821,0.018
35,2018-04-20T00:00:00,0.00808463013104798,0.0126
35,2018-04-20T01:00:00,0.001552746582516036,0.0081
35,2018-04-20T02:00:00,-0.0006008215000628779,0.0057
35,2018-04-20T03:00:00,-0.000308671680842941,0.0045
35,2018-04-20T04:00:00,0.0014259523204530923,0.006
35,2018-04-20T05:00:00,0.005641762975664887,0.01
35,2018-04-20T06:00:00,0.010805594870706696,0.0191
35,2018-04-20T07:00:00,0.01892318202095594,0.0324
35,2018-04-20T08:00:00,0.02718749570502659,0.0454
35,2018-04-20T09:00:00,0.0328330983126698,0.0521
35,2018-04-20T10:00:00,0.03446148934515077,0.0449
35,2018-04-20T11:00:00,0.03886251318773082,0.0424
35,2018-04-20T12:00:00,0.046478858869665615,0.0498
35,2018-04-20T13:00:00,0.05085340441183982,0.0552
35,2018-04-20T14:00:00,0.05443065663066656,0.0625
35,2018-04-20T15:00:00,0.058120668398101885,0.0734
35,2018-04-20T16:00:00,0.06384920740151534,0.0759
35,2018-04-20T17:00:00,0.06639576323015706,0.0761
35,2018-04-20T18:00:00,0.06443613175915054,0.0747
35,2018-04-20T19:00:00,0.05629290891694742,0.0586
35,2018-04-20T20:00:00,0.04331051337138585,0.0625
35,2018-04-20T21:00:00,0.03194357572092439,0.0478
35,2018-04-20T22:00:00,0.02527940562408806,0.0338
35,2018-04-20T23:00:00,0.018410696837322153,0.0201
35,2018-04-21T00:00:00,0.010517609909649183,0.015
35,2018-04-21T01:00:00,0.004895773275766711,0.0103
35,2018-04-21T02:00:00,0.0008704124556261732,0.0058
35,2018-04-21T03:00:00,0.0014217787015456985,0.0049
35,2018-04-21T04:00:00,0.004015087121835664,0.0059
35,2018-04-21T05:00:00,0.008461354430134096,0.0089
35,2018-04-21T06:00:00,0.013869145739281845,0.0184
35,2018-04-21T07:00:00,0.021975038696704988,0.0322
35,2018-04-21T08:00:00,0.03080455534731302,0.0455
35,2018-04-21T09:00:00,0.03687421077706543,0.0513
35,2018-04-21T10:00:00,0.04038991928806819,0.0431
35,2018-04-21T11:00:00,0.04595632318417846,0.0452
35,2018-04-21T12:00:00,0.05339047585796863,0.0563
35,2018-04-21T13:00:00,0.05712636414255444,0.0611
35,2018-04-21T14:00:00,0.05859895601371504,0.067
35,2018-04-21T15:00:00,0.06325268652383151,0.0743
35,2018-04-21T16:00:00,0.070124115521913,0.2174
35,2018-04-21T17:00:00,0.0731924893558133,0.1329
35,2018-04-21T18:00:00,0.07210212002728686,0.0732
35,2018-04-21T19:00:00,0.06406248773799861,0.0671
35,2018-04-21T20:00:00,0.05047910333481455,0.0604
35,2018-04-21T21:00:00,0.03757301913445615,0.0431
35,2018-04-21T22:00:00,0.030930181171296787,0.0346
35,2018-04-21T23:00:00,0.02500047016216276,0.0288
35,2018-04-22T00:00:00,0.017447531773723608,0.0221
35,2018-04-22T01:00:00,0.010940347393507428,0.0137
35,2018-04-22T02:00:00,0.006645553365874253,0.0097
35,2018-04-22T03:00:00,0.005355526659304933,0.0067
35,2018-04-22T04:00:00,0.0049627491711215915,0.0055
35,2018-04-22T05:00:00,0.005666077547276133,0.0052
35,2018-04-22T06:00:00,0.008914931488463004,0.0087
35,2018-04-22T07:00:00,0.014676923396573982,0.015
35,2018-04-22T08:00:00,0.023064258790705255,0.0247
35,2018-04-22T09:00:00,0.03025246269546292,0.0346
36,2018-04-19T10:00:00,0.04745933937049779,0.044
36,2018-04-19T11:00:00,0.04802170911210936,0.0452
36,2018-04-19T12:00:00,0.053616543377821416,0.0507
36,2018-04-19T13:00:00,0.05639295136814631,0.0592
36,2018-04-19T14:00:00,0.05786225270349327,0.0618
36,2018-04-19T15:00:00,0.061279950730487275,0.066
36,2018-04-19T16:00:00,0.06392109281835576,0.0744
36,2018-04-19T17:00:00,0.06586615517046426,0.0742
36,2018-04-19T18:00:00,0.06527034216097463,0.076
36,2018-04-19T19:00:00,0.05921520433693976,0.0683
36,2018-04-19T20:00:00,0.04976534441568951,0.0534
36,2018-04-19T21:00:00,0.03774908452713354,0.0444
36,2018-04-19T22:00:00,0.02879480827996216,0.0305
36,2018-04-19T23:00:00,0.019585335771789558,0.018
36,2018-04-20T00:00:00,0.010586048849415348,0.0126
36,2018-04-20T01:00:00,0.004759237065288514,0.0081
36,2018-04-20T02:00:00,0.0009054466747921847,0.0057
36,2018-04-20T03:00:00,-0.00045894649159524195,0.0045
36,2018-04-20T04:00:00,-2.827527708515118e-05,0.006
36,2018-04-20T05:00:00,0.0030368115252994952,0.01
36,2018-04-20T06:00:00,0.01014804138706089,0.0191
36,2018-04-20T07:00:00,0.021660628174926394,0.0324
36,2018-04-20T08:00:00,0.0338487235932696,0.0454
36,2018-04-20T09:00:00,0.039429632479624624,0.0521
36,2018-04-20T10:00:00,0.0403920017171494,0.0449
36,2018-04-20T11:00:00,0.04346153810190824,0.0424
36,2018-04-20T12:00:00,0.04972946916500563,0.0498
36,2018-04-20T13:00:00,0.053537808810557405,0.0552
36,2018-04-20T14:00:00,0.05499554946683173,0.0625
36,2018-04-20T15:00:00,0.05713436270271911,0.0734
36,2018-04-20T16:00:00,0.057807601424173086,0.0759
36,2018-04-20T17:00:00,0.05804104023485014,0.0761
36,2018-04-20T18:00:00,0.0561344533225349,0.0747
36,2018-04-20T19:00:00,0.0513287641864814,0.0586
36,2018-04-20T20:00:00,0.04246462139220842,0.0625
36,2018-04-20T21:00:00,0.0334478569588185,0.0478
36,2018-04-20T22:00:00,0.026142206366717238,0.0338
36,2018-04-20T23:00:00,0.017997649613483803,0.0201
36,2018-04-21T00:00:00,0.010871803324801529,0.015
36,2018-04-21T01:00:00,0.0049653844032108985,0.0103
36,2018-04-21T02:00:00,0.00031611661658608944,0.0058
36,2018-04-21T03:00:00,-0.00159308800632851,0.0049
36,2018-04-21T04:00:00,-0.0017553247382734276,0.0059
36,2018-04-21T05:00:00,0.0007557868683373235,0.0089
36,2018-04-21T06:00:00,0.006396047348907998,0.0184
36,2018-04-21T07:00:00,0.01608970934128439,0.0322
36,2018-04-21T08:00:00,0.02639034605789676,0.0455
36,2018-04-21T09:00:00,0.03432651219684881,0.0513
36,2018-04-21T10:00:00,0.03818413015682592,0.0431
36,2018-04-21T11:00:00,0.04338904241157268,0.0452
36,2018-04-21T12:00:00,0.05228399376727911,0.0563
36,2018-04-21T13:00:00,0.056348252295120846,0.0611
36,2018-04-21T14:00:00,0.05787498031379694,0.067
36,2018-04-21T15:00:00,0.059785269516939785,0.0743
36,2018-04-21T16:00:00,0.0596359356101981,0.2174
36,2018-04-21T17:00:00,0.059046432089241443,0.1329
36,2018-04-21T18:00:00,0.056147715338282216,0.0732
36,2018-04-21T19:00:00,0.05069995645925658,0.0671
36,2018-04-21T20:00:00,0.04256184113137548,0.0604
36,2018-04-21T21:00:00,0.033366297401728966,0.0431
36,2018-04-21T22:00:00,0.02782329688966629,0.0346
36,2018-04-21T23:00:00,0.02079152775579862,0.0288
36,2018-04-22T00:00:00,0.013838971280569889,0.0221
36,2018-04-22T01:00:00,0.008169018883120629,0.0137
36,2018-04-22T02:00:00,0.0037604402997164672,0.0097
36,2018-04-22T03:00:00,0.0011286879783151509,0.0067
36,2018-04-22T04:00:00,5.5487957796088866e-05,0.0055
36,2018-04-22T05:00:00,-0.00023025250039812595,0.0052
36,2018-04-22T06:00:00,0.002926154555485564,0.0087
36,2018-04-22T07:00:00,0.010635583853668529,0.015
36,2018-04-22T08:00:00,0.020636671601067656,0.0247
36,2018-04-22T09:00:00,0.029257365697623917,0.0346
36,2018-04-22T10:00:00,0.03524658280547202,0.0396
36,2018-04-22T11:00:00,0.04219448311995998,0.0484
36,2018-04-22T12:00:00,0.05047638224742446,0.0531
36,2018-04-22T13:00:00,0.05488799555288892,0.0573
36,2018-04-22T14:00:00,0.05616367566348267,0.0564
36,2018-04-22T15:00:00,0.05753902501753927,0.0588
36,2018-04-22T16:00:00,0.0573169261151614,0.0576
36,2018-04-22T17:00:00,0.05655420339235573,0.0623
36,2018-04-22T18:00:00,0.0543024886837911,0.0592
36,2018-04-22T19:00:00,0.04936010213955183,0.0541
36,2018-04-22T20:00:00,0.04094016766292855,0.0476
36,2018-04-22T21:00:00,0.031410718300919356,0.0371
36,2018-04-22T22:00:00,0.026420260322482875,0.0303
36,2018-04-22T23:00:00,0.021177148591409636,0.0322
36,2018-04-23T00:00:00,0.014907444003098956,0.021
36,2018-04-23T01:00:00,0.010186413450063426,0.0158
36,2018-04-23T02:00:00,0.006387756179861058,0.0096
36,2018-04-23T03:00:00,0.00437412172466271,0.0066
36,2018-04-23T04:00:00,0.0031727292271822617,0.005
36,2018-04-23T05:00:00,0.003156770654130798,0.0039
36,2018-04-23T06:00:00,0.005265247182309241,0.0058
36,2018-04-23T07:00:00,0.011413965532047429,0.0075
36,2018-04-23T08:00:00,0.019399630580983353,0.0139
36,2018-04-23T09:00:00,0.025307553372056864,0.0226
37,2018-04-20T10:00:00,0.046301994146616454,0.0449
37,2018-04-20T11:00:00,0.04669511155170493,0.0424
37,2018-04-20T12:00:00,0.05217308624015882,0.0498
37,2018-04-20T13:00:00,0.05701033157962215,0.0552
37,2018-04-20T14:00:00,0.05927393461912158,0.0625
37,2018-04-20T15:00:00,0.06252756141417233,0.0734
37,2018-04-20T16:00:00,0.06477739081041774,0.0759
37,2018-04-20T17:00:00,0.06631266230759614,0.0761
37,2018-04-20T18:00:00,0.06589412297273123,0.0747
37,2018-04-20T19:00:00,0.05993656758270549,0.0586
37,2018-04-20T20:00:00,0.04908717689911106,0.0625
37,2018-04-20T21:00:00,0.0373332340401172,0.0478
37,2018-04-20T22:00:00,0.028869234488061016,0.0338
37,2018-04-20T23:00:00,0.018506623490530498,0.0201
37,2018-04-21T00:00:00,0.010185397203646005,0.015
37,2018-04-21T01:00:00,0.004740326121179549,0.0103
37,2018-04-21T02:00:00,0.0008536198596528245,0.0058
37,2018-04-21T03:00:00,-0.0012628219378593881,0.0049
37,2018-04-21T04:00:00,-0.0009536447347007031,0.0059
37,2018-04-21T05:00:00,0.0018019669991960093,0.0089
37,2018-04-21T06:00:00,0.009260586681560035,0.0184
37,2018-04-21T07:00:00,0.02085266146075764,0.0322
37,2018-04-21T08:00:00,0.033511812324519955,0.0455
37,2018-04-21T09:00:00,0.038948207290805156,0.0513
37,2018-04-21T10:00:00,0.03868580125207407,0.0431
37,2018-04-21T11:00:00,0.0412058169294504,0.0452
37,2018-04-21T12:00:00,0.04782183271544205,0.0563
37,2018-04-21T13:00:00,0.05196598748533185,0.0611
37,2018-04-21T14:00:00,0.05224544999367502,0.067
37,2018-04-21T15:00:00,0.05462761745140528,0.0743
37,2018-04-21T16:00:00,0.055673951771375574,0.2174
37,2018-04-21T17:00:00,0.05727300149199197,0.1329
37,2018-04-21T18:00:00,0.05716132477146263,0.0732
37,2018-04-21T19:00:00,0.05254384972836207,0.0671
37,2018-04-21T20:00:00,0.043090801772014416,0.0604
37,2018-04-21T21:00:00,0.0321758155360438,0.0431
37,2018-04-21T22:00:00,0.023992670154191983,0.0346
37,2018-04-21T23:00:00,0.015321238518483915,0.0288
37,2018-04-22T00:00:00,0.007063192096155441,0.0221
37,2018-04-22T01:00:00,0.0012851951830446205,0.0137
37,2018-04-22T02:00:00,-0.0033236522784018604,0.0097
37,2018-04-22T03:00:00,-0.0056640274782902775,0.0067
37,2018-04-22T04:00:00,-0.005924929472323585,0.0055
37,2018-04-22T05:00:00,-0.0033258389603483055,0.0052
37,2018-04-22T06:00:00,0.0019508120563679447,0.0087
37,2018-04-22T07:00:00,0.01283427853362782,0.015
37,2018-04-22T08:00:00,0.023413621355861974,0.0247
37,2018-04-22T09:00:00,0.02981528329872376,0.0346
37,2018-04-22T10:00:00,0.030256341988382045,0.0396
37,2018-04-22T11:00:00,0.0343880914732974,0.0484
37,2018-04-22T12:00:00,0.04245235705009917,0.0531
37,2018-04-22T13:00:00,0.046629369169242915,0.0573
37,2018-04-22T14:00:00,0.04653762734869554,0.0564
37,2018-04-22T15:00:00,0.046099309055109276,0.0588
37,2018-04-22T16:00:00,0.04713888183210575,0.0576
37,2018-04-22T17:00:00,0.049038842116919834,0.0623
37,2018-04-22T18:00:00,0.04914367494347255,0.0592
37,2018-04-22T19:00:00,0.04512585887690685,0.0541
37,2018-04-22T20:00:00,0.03663676042126306,0.0476
37,2018-04-22T21:00:00,0.027273202248358795,0.0371
37,2018-04-22T22:00:00,0.020393855288966412,0.0303
37,2018-04-22T23:00:00,0.012911732279976086,0.0322
37,2018-04-23T00:00:00,0.0072897064140020965,0.021
37,2018-04-23T01:00:00,0.0017375492413746335,0.0158
37,2018-04-23T02:00:00,-0.0017209125320008338,0.0096
37,2018-04-23T03:00:00,-0.004399846721554308,0.0066
37,2018-04-23T04:00:00,-0.005407062563049972,0.005
37,2018-04-23T05:00:00,-0.002586644094254867,0.0039
37,2018-04-23T06:00:00,0.004316172900932901,0.0058
37,2018-04-23T07:00:00,0.015559139001363244,0.0075
37,2018-04-23T08:00:00,0.025943893763028452,0.0139
37,2018-04-23T09:00:00,0.030832040432531706,0.0226
37,2018-04-23T10:00:00,0.029699505533298417,0.0304
37,2018-04-23T11:00:00,0.03482692997992044,0.0384
37,2018-04-23T12:00:00,0.043043665634951045,0.0416
37,2018-04-23T13:00:00,0.04880870435495038,0.0517
37,2018-04-23T14:00:00,0.048476100919721196,0.0526
37,2018-04-23T15:00:00,0.04815848711914894,0.0463
37,2018-04-23T16:00:00,0.04826407336976975,0.0486
37,2018-04-23T17:00:00,0.04935350529858358,0.0508
37,2018-04-23T18:00:00,0.050366992081334314,0.0491
37,2018-04-23T19:00:00,0.04601784814400819,0.0463
37,2018-04-23T20:00:00,0.0373131558143474,0.0413
37,2018-04-23T21:00:00,0.02657612904411837,0.0294
37,2018-04-23T22:00:00,0.019583866594856794,0.0196
37,2018-04-23T23:00:00,0.01282545996773322,0.0143
37,2018-04-24T00:00:00,0.007513892125833661,0.0094
37,2018-04-24T01:00:00,0.0045126834193797635,0.007
37,2018-04-24T02:00:00,0.002600766469820052,0.0048
37,2018-04-24T03:00:00,0.0014833754994842407,0.0039
37,2018-04-24T04:00:00,0.003069122904926426,0.0047
37,2018-04-24T05:00:00,0.007483574691763667,0.0096
37,2018-04-24T06:00:00,0.015589020325548245,0.0184
37,2018-04-24T07:00:00,0.02861115979668991,0.0312
37,2018-04-24T08:00:00,0.040911949303355226,0.0443
37,2018-04-24T09:00:00,0.044833734814277146,0.0493
38,2018-04-21T10:00:00,0.04661364012770987,0.0431
38,2018-04-21T11:00:00,0.04584952795075072,0.0452
38,2018-04-21T12:00:00,0.05124012647309455,0.0563
38,2018-04-21T13:00:00,0.05659903562870486,0.0611
38,2018-04-21T14:00:00,0.06016802996931557,0.067
38,2018-04-21T15:00:00,0.06587060212461497,0.0743
38,2018-04-21T16:00:00,0.06811577781312819,0.2174
38,2018-04-21T17:00:00,0.0678770002044617,0.1329
38,2018-04-21T18:00:00,0.0646207118950867,0.0732
38,2018-04-21T19:00:00,0.05716628160097104,0.0671
38,2018-04-21T20:00:00,0.04969953369941667,0.0604
38,2018-04-21T21:00:00,0.037205074153127134,0.0431
38,2018-04-21T22:00:00,0.027579123187738194,0.0346
38,2018-04-21T23:00:00,0.016278057298420585,0.0288
38,2018-04-22T00:00:00,0.008160871390291324,0.0221
38,2018-04-22T01:00:00,0.0033183398173084085,0.0137
38,2018-04-22T02:00:00,-0.0001389585291340159,0.0097
38,2018-04-22T03:00:00,-0.0017833959173311278,0.0067
38,2018-04-22T04:00:00,-0.0010011892976949377,0.0055
38,2018-04-22T05:00:00,0.002271742674988777,0.0052
38,2018-04-22T06:00:00,0.008995565385238193,0.0087
38,2018-04-22T07:00:00,0.020447457907112762,0.015
38,2018-04-22T08:00:00,0.032471771723741674,0.0247
38,2018-04-22T09:00:00,0.03840483259645433,0.0346
38,2018-04-22T10:00:00,0.03871327827740738,0.0396
38,2018-04-22T11:00:00,0.04083141527907279,0.0484
38,2018-04-22T12:00:00,0.0467347293926433,0.0531
38,2018-04-22T13:00:00,0.05134610170079237,0.0573
38,2018-04-22T14:00:00,0.05394015653655444,0.0564
38,2018-04-22T15:00:00,0.05843188159839341,0.0588
38,2018-04-22T16:00:00,0.06102275978802655,0.0576
38,2018-04-22T17:00:00,0.061692085960773455,0.0623
38,2018-04-22T18:00:00,0.059112847296917743,0.0592
38,2018-04-22T19:00:00,0.051692759123114856,0.0541
38,2018-04-22T20:00:00,0.04205982591406461,0.0476
38,2018-04-22T21:00:00,0.03061505903172514,0.0371
38,2018-04-22T22:00:00,0.020927702673153935,0.0303
38,2018-04-22T23:00:00,0.011140605758655768,0.0322
38,2018-04-23T00:00:00,0.003739808745293876,0.021
38,2018-04-23T01:00:00,-0.0012386510424657847,0.0158
38,2018-04-23T02:00:00,-0.0035503593326380173,0.0096
38,2018-04-23T03:00:00,-0.0034581121923203256,0.0066
38,2018-04-23T04:00:00,-0.0021715214499312824,0.005
38,2018-04-23T05:00:00,0.0016317667500663248,0.0039
38,2018-04-23T06:00:00,0.007525380966797477,0.0058
38,2018-04-23T07:00:00,0.0181859959936859,0.0075
38,2018-04-23T08:00:00,0.02772920147745915,0.0139
38,2018-04-23T09:00:00,0.03440211514821308,0.0226
38,2018-04-23T10:00:00,0.03409906135536404,0.0304
38,2018-04-23T11:00:00,0.03685903891891296,0.0384
38,2018-04-23T12:00:00,0.04585804865131608,0.0416
38,2018-04-23T13:00:00,0.05058555164274117,0.0517
38,2018-04-23T14:00:00,0.05469017442699338,0.0526
38,2018-04-23T15:00:00,0.05879410160809436,0.0463
38,2018-04-23T16:00:00,0.062466767100473754,0.0486
38,2018-04-23T17:00:00,0.06412591377948851,0.0508
38,2018-04-23T18:00:00,0.06120536174774673,0.0491
38,2018-04-23T19:00:00,0.0531995459340726,0.0463
38,2018-04-23T20:00:00,0.04244267397389017,0.0413
38,2018-04-23T21:00:00,0.030435389521128373,0.0294
38,2018-04-23T22:00:00,0.02073161950384709,0.0196
38,2018-04-23T23:00:00,0.011818449127670036,0.0143
38,2018-04-24T00:00:00,0.004651348490887552,0.0094
38,2018-04-24T01:00:00,0.0010828552648895658,0.007
38,2018-04-24T02:00:00,-0.001599872327239276,0.0048
38,2018-04-24T03:00:00,-0.002011940975863623,0.0039
38,2018-04-24T04:00:00,0.0002370649103538812,0.0047
38,2018-04-24T05:00:00,0.004791834045201719,0.0096
38,2018-04-24T06:00:00,0.012833721350247233,0.0184
38,2018-04-24T07:00:00,0.024395214821736115,0.0312
38,2018-04-24T08:00:00,0.03473834132670546,0.0443
38,2018-04-24T09:00:00,0.038989394181169035,0.0493
38,2018-04-24T10:00:00,0.03758541628945926,0.0426
38,2018-04-24T11:00:00,0.0411429410627451,0.0421
38,2018-04-24T12:00:00,0.04885810794802889,0.0502
38,2018-04-24T13:00:00,0.05461075301732311,0.0554
38,2018-04-24T14:00:00,0.057534826868545934,0.0591
38,2018-04-24T15:00:00,0.06367901065668363,0.0684
38,2018-04-24T16:00:00,0.06821636167836673,0.0756
38,2018-04-24T17:00:00,0.07091126845816362,0.0743
38,2018-04-24T18:00:00,0.06972216553373796,0.0743
38,2018-04-24T19:00:00,0.06166059633902544,0.0693
38,2018-04-24T20:00:00,0.049469790170971216,0.0496
38,2018-04-24T21:00:00,0.03488153482729225,0.0283
38,2018-04-24T22:00:00,0.024587422938324402,0.02
38,2018-04-24T23:00:00,0.015605773498169192,0.0127
38,2018-04-25T00:00:00,0.009499748010856564,0.008
38,2018-04-25T01:00:00,0.005483790974375138,0.0059
38,2018-04-25T02:00:00,0.0029791220196210243,0.0044
38,2018-04-25T03:00:00,0.0023586702909559783,0.0029
38,2018-04-25T04:00:00,0.004670545035282792,0.0037
38,2018-04-25T05:00:00,0.009612421704164369,0.0069
38,2018-04-25T06:00:00,0.01780105253887656,0.0171
38,2018-04-25T07:00:00,0.030361497245392933,0.0315
38,2018-04-25T08:00:00,0.0418175447082666,0.0452
38,2018-04-25T09:00:00,0.04540496114341652,0.0527
39,2018-04-22T10:00:00,0.03262639449222643,0.0396
39,2018-04-22T11:00:00,0.03431282283196148,0.0484
39,2018-04-22T12:00:00,0.044157231313599776,0.0531
39,2018-04-22T13:00:00,0.048984099725851875,0.0573
39,2018-04-22T14:00:00,0.05584794717522963,0.0564
39,2018-04-22T15:00:00,0.0799569514098655,0.0588
39,2018-04-22T16:00:00,0.11330847676651223,0.0576
39,2018-04-22T17:00:00,0.10303331436893129,0.0623
39,2018-04-22T18:00:00,0.0780580984832166,0.0592
39,2018-04-22T19:00:00,0.06111452859166845,0.0541
39,2018-04-22T20:00:00,0.051889774260472435,0.0476
39,2018-04-22T21:00:00,0.03823479126723854,0.0371
39,2018-04-22T22:00:00,0.02625937730085192,0.0303
39,2018-04-22T23:00:00,0.01682635973660649,0.0322
39,2018-04-23T00:00:00,0.010479379770715287,0.021
39,2018-04-23T01:00:00,0.004422715824905284,0.0158
39,2018-04-23T02:00:00,0.0025046260544342516,0.0096
39,2018-04-23T03:00:00,0.001591782709987881,0.0066
39,2018-04-23T04:00:00,-0.0010468853434988691,0.005
39,2018-04-23T05:00:00,0.002777069453901243,0.0039
39,2018-04-23T06:00:00,0.003959370535926182,0.0058
39,2018-04-23T07:00:00,0.01153320978408855,0.0075
39,2018-04-23T08:00:00,0.01697116188518609,0.0139
39,2018-04-23T09:00:00,0.022815135618294534,0.0226
39,2018-04-23T10:00:00,0.025174647614297448,0.0304
39,2018-04-23T11:00:00,0.027901340304237517,0.0384
39,2018-04-23T12:00:00,0.03864981982116106,0.0416
39,2018-04-23T13:00:00,0.04308345413520158,0.0517
39,2018-04-23T14:00:00,0.0465019756722235,0.0526
39,2018-04-23T15:00:00,0.06123946382364712,0.0463
39,2018-04-23T16:00:00,0.08048511219448795,0.0486
39,2018-04-23T17:00:00,0.0786353755084823,0.0508
39,2018-04-23T18:00:00,0.06468816087067039,0.0491
39,2018-04-23T19:00:00,0.05287961228823023,0.0463
39,2018-04-23T20:00:00,0.04643196855910632,0.0413
39,2018-04-23T21:00:00,0.03414935854443028,0.0294
39,2018-04-23T22:00:00,0.021801108998438273,0.0196
39,2018-04-23T23:00:00,0.016759999896838445,0.0143
39,2018-04-24T00:00:00,0.003630089175192565,0.0094
39,2018-04-24T01:00:00,0.0005399921980454442,0.007
39,2018-04-24T02:00:00,-0.004306942525363289,0.0048
39,2018-04-24T03:00:00,-0.006207004434819106,0.0039
39,2018-04-24T04:00:00,-0.005061570319809527,0.0047
39,2018-04-24T05:00:00,0.005436130769547194,0.0096
39,2018-04-24T06:00:00,0.006185801734485026,0.0184
39,2018-04-24T07:00:00,0.012525569679895644,0.0312
39,2018-04-24T08:00:00,0.021429577192900465,0.0443
39,2018-04-24T09:00:00,0.026678204163366998,0.0493
39,2018-04-24T10:00:00,0.026987853395465083,0.0426
39,2018-04-24T11:00:00,0.03037069049082874,0.0421
39,2018-04-24T12:00:00,0.04042842977084137,0.0502
39,2018-04-24T13:00:00,0.04770127084735627,0.0554
39,2018-04-24T14:00:00,0.049372824493408504,0.0591
39,2018-04-24T15:00:00,0.05937466741702472,0.0684
39,2018-04-24T16:00:00,0.08015416629220856,0.0756
39,2018-04-24T17:00:00,0.07528602706165569,0.0743
39,2018-04-24T18:00:00,0.06064278174825569,0.0743
39,2018-04-24T19:00:00,0.05408207710089596,0.0693
39,2018-04-24T20:00:00,0.04449854923707322,0.0496
39,2018-04-24T21:00:00,0.03680363964718658,0.0283
39,2018-04-24T22:00:00,0.02468963227218609,0.02
39,2018-04-24T23:00:00,0.01993643681917966,0.0127
39,2018-04-25T00:00:00,0.010304909534483445,0.008
39,2018-04-25T01:00:00,0.0031665826885058715,0.0059
39,2018-04-25T02:00:00,-0.0007502114755724258,0.0044
39,2018-04-25T03:00:00,-0.0005080749972814526,0.0029
39,2018-04-25T04:00:00,-0.004424872665657741,0.0037
39,2018-04-25T05:00:00,0.004789642106808285,0.0069
39,2018-04-25T06:00:00,0.012794327784380295,0.0171
39,2018-04-25T07:00:00,0.02295108591014862,0.0315
39,2018-04-25T08:00:00,0.03160835860503855,0.0452
39,2018-04-25T09:00:00,0.03929277965582294,0.0527
39,2018-04-25T10:00:00,0.03599200673645953,0.044
39,2018-04-25T11:00:00,0.04188336173227583,0.0467
39,2018-04-25T12:00:00,0.0504093572918977,0.0504
39,2018-04-25T13:00:00,0.05666778995529022,0.0569
39,2018-04-25T14:00:00,0.05605270330684954,0.0552
39,2018-04-25T15:00:00,0.06439814867322502,0.0701
39,2018-04-25T16:00:00,0.07960895008926341,0.074
39,2018-04-25T17:00:00,0.07725746451259421,0.0752
39,2018-04-25T18:00:00,0.07169293541590918,0.0776
39,2018-04-25T19:00:00,0.06496214265695548,0.0667
39,2018-04-25T20:00:00,0.057299613130936386,0.0537
39,2018-04-25T21:00:00,0.04086560496242294,0.0361
39,2018-04-25T22:00:00,0.025539928803508527,0.0292
39,2018-04-25T23:00:00,0.017494003671102765,0.0196
39,2018-04-26T00:00:00,0.011831264345423486,0.0118
39,2018-04-26T01:00:00,0.0065612452126553936,0.0085
39,2018-04-26T02:00:00,0.0027929544366948923,0.005
39,2018-04-26T03:00:00,0.002077385547657448,0.0041
39,2018-04-26T04:00:00,0.00047006217948406676,0.0063
39,2018-04-26T05:00:00,0.006449847083816348,0.01
39,2018-04-26T06:00:00,0.015675722089509923,0.0192
39,2018-04-26T07:00:00,0.02977097257200167,0.0337
39,2018-04-26T08:00:00,0.03830674782132817,0.0461
39,2018-04-26T09:00:00,0.046605837808232686,0.0486
40,2018-04-23T10:00:00,0.029202469853346933,0.0304
40,2018-04-23T11:00:00,0.04048775578368168,0.0384
40,2018-04-23T12:00:00,0.05304669896859483,0.0416
40,2018-04-23T13:00:00,0.053711318869139685,0.0517
40,2018-04-23T14:00:00,0.05590116694882045,0.0526
40,2018-04-23T15:00:00,0.05532708934762061,0.0463
40,2018-04-23T16:00:00,0.06332271115843865,0.0486
40,2018-04-23T17:00:00,0.05446368989567965,0.0508
40,2018-04-23T18:00:00,0.0414016434089294,0.0491
40,2018-04-23T19:00:00,0.03831931248177525,0.0463
40,2018-04-23T20:00:00,0.03542683145387629,0.0413
40,2018-04-23T21:00:00,0.024677253689962333,0.0294
40,2018-04-23T22:00:00,0.02056431310399845,0.0196
40,2018-04-23T23:00:00,0.019248174120948452,0.0143
40,2018-04-24T00:00:00,0.012706028235749577,0.0094
40,2018-04-24T01:00:00,0.008202225610884285,0.007
40,2018-04-24T02:00:00,0.0006473008111288793,0.0048
40,2018-04-24T03:00:00,-0.0035431597524153077,0.0039
40,2018-04-24T04:00:00,-0.005121178428638122,0.0047
40,2018-04-24T05:00:00,-0.0011514623562982433,0.0096
40,2018-04-24T06:00:00,0.002291964226546414,0.0184
40,2018-04-24T07:00:00,0.005437469411379795,0.0312
40,2018-04-24T08:00:00,0.014330569972102223,0.0443
40,2018-04-24T09:00:00,0.023148511576015853,0.0493
40,2018-04-24T10:00:00,0.027510146408316352,0.0426
40,2018-04-24T11:00:00,0.03763967789084283,0.0421
40,2018-04-24T12:00:00,0.04677918666910738,0.0502
40,2018-04-24T13:00:00,0.05226402452517683,0.0554
40,2018-04-24T14:00:00,0.054340753865704916,0.0591
40,2018-04-24T15:00:00,0.0596149098222515,0.0684
40,2018-04-24T16:00:00,0.07312374554212192,0.0756
40,2018-04-24T17:00:00,0.06255630191414632,0.0743
40,2018-04-24T18:00:00,0.049111996089633014,0.0743
40,2018-04-24T19:00:00,0.040921443322687615,0.0693
40,2018-04-24T20:00:00,0.03740528521025259,0.0496
40,2018-04-24T21:00:00,0.02728357391912305,0.0283
40,2018-04-24T22:00:00,0.019681888117404216,0.02
40,2018-04-24T23:00:00,0.01439620091788812,0.0127
40,2018-04-25T00:00:00,0.00932795155399193,0.008
40,2018-04-25T01:00:00,0.002472051852457989,0.0059
40,2018-04-25T02:00:00,-0.0006487935874120269,0.0044
40,2018-04-25T03:00:00,-0.001205277860547551,0.0029
40,2018-04-25T04:00:00,-0.0029691119377483963,0.0037
40,2018-04-25T05:00:00,-0.0018068203972526273,0.0069
40,2018-04-25T06:00:00,0.0032109576139671622,0.0171
40,2018-04-25T07:00:00,0.010030114751064426,0.0315
40,2018-04-25T08:00:00,0.019469531864301205,0.0452
40,2018-04-25T09:00:00,0.030893610072160817,0.0527
40,2018-04-25T10:00:00,0.0331165993492328,0.044
40,2018-04-25T11:00:00,0.0414866419088525,0.0467
40,2018-04-25T12:00:00,0.049968474553041556,0.0504
40,2018-04-25T13:00:00,0.05412030899197885,0.0569
40,2018-04-25T14:00:00,0.054274161690980066,0.0552
40,2018-04-25T15:00:00,0.060238389264380854,0.0701
40,2018-04-25T16:00:00,0.07481891290018716,0.074
40,2018-04-25T17:00:00,0.07264490599957517,0.0752
40,2018-04-25T18:00:00,0.0625571814929421,0.0776
40,2018-04-25T19:00:00,0.05643594209590111,0.0667
40,2018-04-25T20:00:00,0.04835513780951545,0.0537
40,2018-04-25T21:00:00,0.03390729916069511,0.0361
40,2018-04-25T22:00:00,0.021159480972227914,0.0292
40,2018-04-25T23:00:00,0.016558307397737247,0.0196
40,2018-04-26T00:00:00,0.01060982025483797,0.0118
40,2018-04-26T01:00:00,0.005215649100692225,0.0085
40,2018-04-26T02:00:00,0.002224145547524675,0.005
40,2018-04-26T03:00:00,0.003425941039274103,0.0041
40,2018-04-26T04:00:00,0.0020247089402552453,0.0063
40,2018-04-26T05:00:00,0.004658914270250336,0.01
40,2018-04-26T06:00:00,0.011480230054910119,0.0192
40,2018-04-26T07:00:00,0.022563684015083622,0.0337
40,2018-04-26T08:00:00,0.030572897561046954,0.0461
40,2018-04-26T09:00:00,0.03826261241463457,0.0486
40,2018-04-26T10:00:00,0.03978575728861477,0.0394
40,2018-04-26T11:00:00,0.04623742325097287,0.0423
40,2018-04-26T12:00:00,0.05249493498485332,0.0446
40,2018-04-26T13:00:00,0.054126157665326,0.0584
40,2018-04-26T14:00:00,0.0558632714703447,0.0607
40,2018-04-26T15:00:00,0.06081848374523141,0.0704
40,2018-04-26T16:00:00,0.07421802391505743,0.0734
40,2018-04-26T17:00:00,0.06965480942205104,0.0776
40,2018-04-26T18:00:00,0.06810468670998637,0.0851
40,2018-04-26T19:00:00,0.06023928461251758,0.0777
40,2018-04-26T20:00:00,0.053029843295257645,0.06
40,2018-04-26T21:00:00,0.040657892254587935,0.046
40,2018-04-26T22:00:00,0.028834101903250392,0.0303
40,2018-04-26T23:00:00,0.01901777879307666,0.0153
40,2018-04-27T00:00:00,0.01254224786053958,0.01
40,2018-04-27T01:00:00,0.007144069541641016,0.0065
40,2018-04-27T02:00:00,0.003994685098931486,0.0038
40,2018-04-27T03:00:00,0.003995838012970557,0.0033
40,2018-04-27T04:00:00,0.004998061981977896,0.0039
40,2018-04-27T05:00:00,0.008259424514843999,0.0076
40,2018-04-27T06:00:00,0.019083084890438785,0.0141
40,2018-04-27T07:00:00,0.028323346616319918,0.0255
40,2018-04-27T08:00:00,0.04017090767222048,0.0365
40,2018-04-27T09:00:00,0.04669076008967449,0.0382
41,2018-04-24T10:00:00,0.047260824393600014,0.0426
41,2018-04-24T11:00:00,0.049699484639244784,0.0421
41,2018-04-24T12:00:00,0.055521632202745475,0.0502
41,2018-04-24T13:00:00,0.06213701441166033,0.0554
41,2018-04-24T14:00:00,0.06248122933828302,0.0591
41,2018-04-24T15:00:00,0.06435464982226151,0.0684
41,2018-04-24T16:00:00,0.07606564750937445,0.0756
41,2018-04-24T17:00:00,0.06985281627574011,0.0743
41,2018-04-24T18:00:00,0.05582522005060835,0.0743
41,2018-04-24T19:00:00,0.05265611692310291,0.0693
41,2018-04-24T20:00:00,0.04671891712403296,0.0496
41,2018-04-24T21:00:00,0.03519963449878097,0.0283
41,2018-04-24T22:00:00,0.024499742423933813,0.02
41,2018-04-24T23:00:00,0.015692650301815526,0.0127
41,2018-04-25T00:00:00,0.00431214646254113,0.008
41,2018-04-25T01:00:00,0.00034885727271692646,0.0059
41,2018-04-25T02:00:00,-0.0035500877495437053,0.0044
41,2018-04-25T03:00:00,-0.0017559082038889444,0.0029
41,2018-04-25T04:00:00,-0.006377285282802597,0.0037
41,2018-04-25T05:00:00,-0.0010920715139450948,0.0069
41,2018-04-25T06:00:00,0.00803603603080541,0.0171
41,2018-04-25T07:00:00,0.01652851385621692,0.0315
41,2018-04-25T08:00:00,0.032676379798771464,0.0452
41,2018-04-25T09:00:00,0.0441156083133509,0.0527
41,2018-04-25T10:00:00,0.04545397505855843,0.044
41,2018-04-25T11:00:00,0.04694765649588906,0.0467
41,2018-04-25T12:00:00,0.05329307039100804,0.0504
41,2018-04-25T13:00:00,0.05789900402867492,0.0569
41,2018-04-25T14:00:00,0.056393431456971094,0.0552
41,2018-04-25T15:00:00,0.0608697481205432,0.0701
41,2018-04-25T16:00:00,0.07122721771719011,0.074
41,2018-04-25T17:00:00,0.06828619357658434,0.0752
41,2018-04-25T18:00:00,0.06021671342915691,0.0776
41,2018-04-25T19:00:00,0.056407704462688835,0.0667
41,2018-04-25T20:00:00,0.052954041825412176,0.0537
41,2018-04-25T21:00:00,0.03769252971314459,0.0361
41,2018-04-25T22:00:00,0.021241294766136704,0.0292
41,2018-04-25T23:00:00,0.014708593664883439,0.0196
41,2018-04-26T00:00:00,0.006204192290342313,0.0118
41,2018-04-26T01:00:00,-0.0021704824255769223,0.0085
41,2018-04-26T02:00:00,-0.006742398090495205,0.005
41,2018-04-26T03:00:00,-0.005266422819624195,0.0041
41,2018-04-26T04:00:00,-0.00820552660493084,0.0063
41,2018-04-26T05:00:00,-0.006837080717916708,0.01
41,2018-04-26T06:00:00,0.001727998277199893,0.0192
41,2018-04-26T07:00:00,0.015093499448489376,0.0337
41,2018-04-26T08:00:00,0.024603491020688092,0.0461
41,2018-04-26T09:00:00,0.03318328859301201,0.0486
41,2018-04-26T10:00:00,0.036843017794142355,0.0394
41,2018-04-26T11:00:00,0.04169451336138651,0.0423
41,2018-04-26T12:00:00,0.0462338285420936,0.0446
41,2018-04-26T13:00:00,0.048387780345302535,0.0584
41,2018-04-26T14:00:00,0.05059958109974853,0.0607
41,2018-04-26T15:00:00,0.051646656578743955,0.0704
41,2018-04-26T16:00:00,0.0676450752505168,0.0734
41,2018-04-26T17:00:00,0.06163248661268984,0.0776
41,2018-04-26T18:00:00,0.05867970204802594,0.0851
41,2018-04-26T19:00:00,0.053350306090096666,0.0777
41,2018-04-26T20:00:00,0.04815833468218633,0.06
41,2018-04-26T21:00:00,0.038799794313575525,0.046
41,2018-04-26T22:00:00,0.022808288570449725,0.0303
41,2018-04-26T23:00:00,0.014474321532144093,0.0153
41,2018-04-27T00:00:00,0.005770700115949386,0.01
41,2018-04-27T01:00:00,0.0004444422568711387,0.0065
41,2018-04-27T02:00:00,-0.0030851848001075682,0.0038
41,2018-04-27T03:00:00,-0.002788162254531011,0.0033
41,2018-04-27T04:00:00,-0.004942086023356017,0.0039
41,2018-04-27T05:00:00,8.842835891242212e-05,0.0076
41,2018-04-27T06:00:00,0.010799942438047057,0.0141
41,2018-04-27T07:00:00,0.023945010650223638,0.0255
41,2018-04-27T08:00:00,0.03135650856314605,0.0365
41,2018-04-27T09:00:00,0.04074407766024062,0.0382
41,2018-04-27T10:00:00,0.0409102665394599,0.0336
41,2018-04-27T11:00:00,0.04394209597697492,0.0338
41,2018-04-27T12:00:00,0.04933386370834347,0.0384
41,2018-04-27T13:00:00,0.057176225046520784,0.0425
41,2018-04-27T14:00:00,0.06297556138224841,0.0494
41,2018-04-27T15:00:00,0.0749994070246657,0.0578
41,2018-04-27T16:00:00,0.09129246181508316,0.0566
41,2018-04-27T17:00:00,0.0790427431413516,0.0625
41,2018-04-27T18:00:00,0.0644909897920522,0.0657
41,2018-04-27T19:00:00,0.05767989429248346,0.054
41,2018-04-27T20:00:00,0.05619448369927142,0.0447
41,2018-04-27T21:00:00,0.04395295281779604,0.034
41,2018-04-27T22:00:00,0.031532825739634104,0.0308
41,2018-04-27T23:00:00,0.019856410567676126,0.0223
41,2018-04-28T00:00:00,0.009109348188860184,0.0144
41,2018-04-28T01:00:00,0.0043563934811257435,0.0093
41,2018-04-28T02:00:00,0.003951121418455137,0.0056
41,2018-04-28T03:00:00,0.005894156534175805,0.0043
41,2018-04-28T04:00:00,0.005410799951518538,0.006
41,2018-04-28T05:00:00,0.014333678284420328,0.0079
41,2018-04-28T06:00:00,0.018935934686990244,0.0154
41,2018-04-28T07:00:00,0.031208387248638222,0.0291
41,2018-04-28T08:00:00,0.03910793757361194,0.0452
41,2018-04-28T09:00:00,0.0467389427853329,0.0487
42,2018-04-25T10:00:00,0.04967363693726244,0.044
42,2018-04-25T11:00:00,0.05127713361202954,0.0467
42,2018-04-25T12:00:00,0.05483475300136115,0.0504
42,2018-04-25T13:00:00,0.06159608746945629,0.0569
42,2018-04-25T14:00:00,0.06166640120864769,0.0552
42,2018-04-25T15:00:00,0.06799063933186605,0.0701
42,2018-04-25T16:00:00,0.08151822479813783,0.074
42,2018-04-25T17:00:00,0.07606132846210042,0.0752
42,2018-04-25T18:00:00,0.06835146988741354,0.0776
42,2018-04-25T19:00:00,0.06071905454618096,0.0667
42,2018-04-25T20:00:00,0.0493002329605229,0.0537
42,2018-04-25T21:00:00,0.03191495944831418,0.0361
42,2018-04-25T22:00:00,0.015346597370896503,0.0292
42,2018-04-25T23:00:00,0.011239066019311676,0.0196
42,2018-04-26T00:00:00,0.006096228373534539,0.0118
42,2018-04-26T01:00:00,-0.0018254457410753142,0.0085
42,2018-04-26T02:00:00,-0.0007853595844231481,0.005
42,2018-04-26T03:00:00,0.0014910043562108635,0.0041
42,2018-04-26T04:00:00,0.0007169767680858981,0.0063
42,2018-04-26T05:00:00,0.0029562634838250883,0.01
42,2018-04-26T06:00:00,0.006971114914290321,0.0192
42,2018-04-26T07:00:00,0.017510327041575104,0.0337
42,2018-04-26T08:00:00,0.02591417801692353,0.0461
42,2018-04-26T09:00:00,0.034232897153810296,0.0486
42,2018-04-26T10:00:00,0.03740753531999268,0.0394
42,2018-04-26T11:00:00,0.04256397875315006,0.0423
42,2018-04-26T12:00:00,0.04814332402174146,0.0446
42,2018-04-26T13:00:00,0.05210563901672413,0.0584
42,2018-04-26T14:00:00,0.05838470148239024,0.0607
42,2018-04-26T15:00:00,0.06766213242098847,0.0704
42,2018-04-26T16:00:00,0.0849507792964651,0.0734
42,2018-04-26T17:00:00,0.07249378665300701,0.0776
42,2018-04-26T18:00:00,0.05875602916257007,0.0851
42,2018-04-26T19:00:00,0.048283890174909416,0.0777
42,2018-04-26T20:00:00,0.0347137581506532,0.06
42,2018-04-26T21:00:00,0.022456950106870727,0.046
42,2018-04-26T22:00:00,0.013709945306331316,0.0303
42,2018-04-26T23:00:00,0.00397453713763166,0.0153
42,2018-04-27T00:00:00,7.927338041067294e-05,0.01
42,2018-04-27T01:00:00,-0.0030779641940969077,0.0065
42,2018-04-27T02:00:00,0.0004300027969988164,0.0038
42,2018-04-27T03:00:00,0.005873062412418386,0.0033
42,2018-04-27T04:00:00,0.005001837863063307,0.0039
42,2018-04-27T05:00:00,0.009225060108526275,0.0076
42,2018-04-27T06:00:00,0.013996821157074648,0.0141
42,2018-04-27T07:00:00,0.018467920621797605,0.0255
42,2018-04-27T08:00:00,0.023247137064322045,0.0365
42,2018-04-27T09:00:00,0.03271248703398235,0.0382
42,2018-04-27T10:00:00,0.03419132531631208,0.0336
42,2018-04-27T11:00:00,0.03814236996331069,0.0338
42,2018-04-27T12:00:00,0.05115349847460558,0.0384
42,2018-04-27T13:00:00,0.05840907037062035,0.0425
42,2018-04-27T14:00:00,0.06929870266019555,0.0494
42,2018-04-27T15:00:00,0.08817696568609656,0.0578
42,2018-04-27T16:00:00,0.11207454335788644,0.0566
42,2018-04-27T17:00:00,0.09643123973163761,0.0625
42,2018-04-27T18:00:00,0.06772261310001684,0.0657
42,2018-04-27T19:00:00,0.05220824486190351,0.054
42,2018-04-27T20:00:00,0.04041592643560913,0.0447
42,2018-04-27T21:00:00,0.028125390399736827,0.034
42,2018-04-27T22:00:00,0.018575515886456714,0.0308
42,2018-04-27T23:00:00,0.009758962685407158,0.0223
42,2018-04-28T00:00:00,0.001412856758860357,0.0144
42,2018-04-28T01:00:00,0.0008436448754211637,0.0093
42,2018-04-28T02:00:00,0.0009103789742146567,0.0056
42,2018-04-28T03:00:00,0.007921636470736987,0.0043
42,2018-04-28T04:00:00,0.013430753855437766,0.006
42,2018-04-28T05:00:00,0.020266632801688958,0.0079
42,2018-04-28T06:00:00,0.020055310316493317,0.0154
42,2018-04-28T07:00:00,0.024315297028255405,0.0291
42,2018-04-28T08:00:00,0.029972844123208723,0.0452
42,2018-04-28T09:00:00,0.03893765059310697,0.0487
42,2018-04-28T10:00:00,0.043027243443275354,0.041
42,2018-04-28T11:00:00,0.04354819238263214,0.048
42,2018-04-28T12:00:00,0.05398218358236169,0.0498
42,2018-04-28T13:00:00,0.0598753054452251,0.0572
42,2018-04-28T14:00:00,0.06889373547145018,0.0635
42,2018-04-28T15:00:00,0.09281889547272801,0.0717
42,2018-04-28T16:00:00,0.13480230576139368,0.077
42,2018-04-28T17:00:00,0.1178242675948051,0.0733
42,2018-04-28T18:00:00,0.0838010699379064,0.0724
42,2018-04-28T19:00:00,0.06442321491675534,0.0672
42,2018-04-28T20:00:00,0.054917377339395286,0.0528
42,2018-04-28T21:00:00,0.041955418158858206,0.0382
42,2018-04-28T22:00:00,0.030502546711339826,0.0354
42,2018-04-28T23:00:00,0.027474795575826844,0.0301
42,2018-04-29T00:00:00,0.01719239399945586,0.0188
42,2018-04-29T01:00:00,0.012147350272071627,0.0129
42,2018-04-29T02:00:00,0.007142559189206848,0.0074
42,2018-04-29T03:00:00,0.0072450406318075485,0.0057
42,2018-04-29T04:00:00,0.00685213523674753,0.0055
42,2018-04-29T05:00:00,0.007475647969707802,0.0033
42,2018-04-29T06:00:00,0.00920895610710818,0.0061
42,2018-04-29T07:00:00,0.012918212252606327,0.0157
42,2018-04-29T08:00:00,0.02149259813754259,0.0226
42,2018-04-29T09:00:00,0.029908931247120414,0.0304
43,2018-04-26T10:00:00,0.04685102057276732,0.0394
43,2018-04-26T11:00:00,0.04749318388049582,0.0423
43,2018-04-26T12:00:00,0.05157197998855363,0.0446
43,2018-04-26T13:00:00,0.05563580923989146,0.0584
43,2018-04-26T14:00:00,0.0584420405582696,0.0607
43,2018-04-26T15:00:00,0.06210480115237715,0.0704
43,2018-04-26T16:00:00,0.06519549035588476,0.0734
43,2018-04-26T17:00:00,0.06600967544683872,0.0776
43,2018-04-26T18:00:00,0.06507814017690783,0.0851
43,2018-04-26T19:00:00,0.05930715886837519,0.0777
43,2018-04-26T20:00:00,0.048935235794663995,0.06
43,2018-04-26T21:00:00,0.03538931373872398,0.046
43,2018-04-26T22:00:00,0.026943238250376506,0.0303
43,2018-04-26T23:00:00,0.019014454966432105,0.0153
43,2018-04-27T00:00:00,0.01023639875660846,0.01
43,2018-04-27T01:00:00,0.0041398226088288324,0.0065
43,2018-04-27T02:00:00,-0.0003660125088712947,0.0038
43,2018-04-27T03:00:00,-0.001731737308495341,0.0033
43,2018-04-27T04:00:00,-0.0008787333565449806,0.0039
43,2018-04-27T05:00:00,0.0024791235258040285,0.0076
43,2018-04-27T06:00:00,0.010548794657471973,0.0141
43,2018-04-27T07:00:00,0.02108755315338181,0.0255
43,2018-04-27T08:00:00,0.0328471515989035,0.0365
43,2018-04-27T09:00:00,0.038734053858477405,0.0382
43,2018-04-27T10:00:00,0.04058195043760793,0.0336
43,2018-04-27T11:00:00,0.04392737564761861,0.0338
43,2018-04-27T12:00:00,0.0488170463363182,0.0384
43,2018-04-27T13:00:00,0.05357063356984003,0.0425
43,2018-04-27T14:00:00,0.05488257440389668,0.0494
43,2018-04-27T15:00:00,0.05750469866656746,0.0578
43,2018-04-27T16:00:00,0.058664391770102825,0.0566
43,2018-04-27T17:00:00,0.05865993780735614,0.0625
43,2018-04-27T18:00:00,0.057129779080946755,0.0657
43,2018-04-27T19:00:00,0.052008773211654175,0.054
43,2018-04-27T20:00:00,0.0425623475024352,0.0447
43,2018-04-27T21:00:00,0.031740014905349244,0.034
43,2018-04-27T22:00:00,0.024032985175215682,0.0308
43,2018-04-27T23:00:00,0.017192820998166075,0.0223
43,2018-04-28T00:00:00,0.009830820067863639,0.0144
43,2018-04-28T01:00:00,0.002560239263552991,0.0093
43,2018-04-28T02:00:00,-0.002391906750591505,0.0056
43,2018-04-28T03:00:00,-0.004207851491068983,0.0043
43,2018-04-28T04:00:00,-0.003840939226357941,0.006
43,2018-04-28T05:00:00,-0.0007467089297303227,0.0079
43,2018-04-28T06:00:00,0.0052730144588065166,0.0154
43,2018-04-28T07:00:00,0.01538309113017581,0.0291
43,2018-04-28T08:00:00,0.026088774933527754,0.0452
43,2018-04-28T09:00:00,0.034643354175788524,0.0487
43,2018-04-28T10:00:00,0.0397908998459167,0.041
43,2018-04-28T11:00:00,0.04509672501948335,0.048
43,2018-04-28T12:00:00,0.051716747795012924,0.0498
43,2018-04-28T13:00:00,0.05605868339137136,0.0572
43,2018-04-28T14:00:00,0.0571447634591567,0.0635
43,2018-04-28T15:00:00,0.058431412022462596,0.0717
43,2018-04-28T16:00:00,0.06025375736322082,0.077
43,2018-04-28T17:00:00,0.05980898835789254,0.0733
43,2018-04-28T18:00:00,0.05781813183963634,0.0724
43,2018-04-28T19:00:00,0.0524550192785857,0.0672
43,2018-04-28T20:00:00,0.04417848312876679,0.0528
43,2018-04-28T21:00:00,0.033892579356983504,0.0382
43,2018-04-28T22:00:00,0.027456063175700526,0.0354
43,2018-04-28T23:00:00,0.022143118845550064,0.0301
43,2018-04-29T00:00:00,0.014783701984586263,0.0188
43,2018-04-29T01:00:00,0.007345741891028764,0.0129
43,2018-04-29T02:00:00,0.0021040900504986186,0.0074
43,2018-04-29T03:00:00,-0.0012039532359069162,0.0057
43,2018-04-29T04:00:00,-0.0022871002062737136,0.0055
43,2018-04-29T05:00:00,-0.0019460811994189003,0.0033
43,2018-04-29T06:00:00,0.0023858233439400106,0.0061
43,2018-04-29T07:00:00,0.009964992629346837,0.0157
43,2018-04-29T08:00:00,0.020723620593252605,0.0226
43,2018-04-29T09:00:00,0.03052804794337979,0.0304
43,2018-04-29T10:00:00,0.03824024903614477,0.0353
43,2018-04-29T11:00:00,0.04610931452673346,0.0472
43,2018-04-29T12:00:00,0.05215315904963243,0.0533
43,2018-04-29T13:00:00,0.0565142561474062,0.0589
43,2018-04-29T14:00:00,0.05635140090686585,0.0622
43,2018-04-29T15:00:00,0.05665305963868463,0.0552
43,2018-04-29T16:00:00,0.057743754866924256,0.0593
43,2018-04-29T17:00:00,0.0582567262719043,0.0604
43,2018-04-29T18:00:00,0.057152402828777295,0.0558
43,2018-04-29T19:00:00,0.05229935310537409,0.054
43,2018-04-29T20:00:00,0.044126372640705055,0.0465
43,2018-04-29T21:00:00,0.03349510488298779,0.0363
43,2018-04-29T22:00:00,0.02777231529368089,0.0304
43,2018-04-29T23:00:00,0.024240640587778535,0.0215
43,2018-04-30T00:00:00,0.01777072932271488,0.0104
43,2018-04-30T01:00:00,0.012419980450621544,0.0044
43,2018-04-30T02:00:00,0.007718073552583037,0.0029
43,2018-04-30T03:00:00,0.005251946619284024,0.0031
43,2018-04-30T04:00:00,0.0036861299086662185,0.0064
43,2018-04-30T05:00:00,0.003652839077750776,0.0044
43,2018-04-30T06:00:00,0.006429374974952346,0.0056
43,2018-04-30T07:00:00,0.012091728302207908,0.0076
43,2018-04-30T08:00:00,0.020426420730197695,0.0139
43,2018-04-30T09:00:00,0.027730708325595325,0.0208
44,2018-04-27T10:00:00,0.03398731542494937,0.0336
44,2018-04-27T11:00:00,0.035748645330805774,0.0338
44,2018-04-27T12:00:00,0.04118750451943831,0.0384
44,2018-04-27T13:00:00,0.049387901735515216,0.0425
44,2018-04-27T14:00:00,0.054309914291234246,0.0494
44,2018-04-27T15:00:00,0.059413607176301814,0.0578
44,2018-04-27T16:00:00,0.06261842961323053,0.0566
44,2018-04-27T17:00:00,0.0652200800148883,0.0625
44,2018-04-27T18:00:00,0.06702145738861678,0.0657
44,2018-04-27T19:00:00,0.06200953856363812,0.054
44,2018-04-27T20:00:00,0.05008027742829857,0.0447
44,2018-04-27T21:00:00,0.03584493134977311,0.034
44,2018-04-27T22:00:00,0.02592395010230151,0.0308
44,2018-04-27T23:00:00,0.015671296161147166,0.0223
44,2018-04-28T00:00:00,0.007888561154147999,0.0144
44,2018-04-28T01:00:00,0.0030133642674410495,0.0093
44,2018-04-28T02:00:00,-0.00026758378689730605,0.0056
44,2018-04-28T03:00:00,-0.0015661574762669134,0.0043
44,2018-04-28T04:00:00,-0.0012047417029549118,0.006
44,2018-04-28T05:00:00,0.0012817469538213798,0.0079
44,2018-04-28T06:00:00,0.008046841533660962,0.0154
44,2018-04-28T07:00:00,0.017958120431284606,0.0291
44,2018-04-28T08:00:00,0.029562941628353198,0.0452
44,2018-04-28T09:00:00,0.03329102998689735,0.0487
44,2018-04-28T10:00:00,0.03248441067530617,0.041
44,2018-04-28T11:00:00,0.035266971336828934,0.048
44,2018-04-28T12:00:00,0.04068016749998325,0.0498
44,2018-04-28T13:00:00,0.04710645305849612,0.0572
44,2018-04-28T14:00:00,0.04953414309927976,0.0635
44,2018-04-28T15:00:00,0.0529070264114146,0.0717
44,2018-04-28T16:00:00,0.05492213968036519,0.077
44,2018-04-28T17:00:00,0.056162135524515586,0.0733
44,2018-04-28T18:00:00,0.057183224881758005,0.0724
44,2018-04-28T19:00:00,0.053651840419336766,0.0672
44,2018-04-28T20:00:00,0.04342890958331312,0.0528
44,2018-04-28T21:00:00,0.031149723337860348,0.0382
44,2018-04-28T22:00:00,0.022045239597501078,0.0354
44,2018-04-28T23:00:00,0.014059678275785692,0.0301
44,2018-04-29T00:00:00,0.006511280931898303,0.0188
44,2018-04-29T01:00:00,0.0011381986430629917,0.0129
44,2018-04-29T02:00:00,-0.0021917027020620233,0.0074
44,2018-04-29T03:00:00,-0.0038792341948046746,0.0057
44,2018-04-29T04:00:00,-0.003889913542932548,0.0055
44,2018-04-29T05:00:00,-0.0019772852208806424,0.0033
44,2018-04-29T06:00:00,0.003994418772284163,0.0061
44,2018-04-29T07:00:00,0.014166586347608744,0.0157
44,2018-04-29T08:00:00,0.023657828523835883,0.0226
44,2018-04-29T09:00:00,0.029546894612076883,0.0304
44,2018-04-29T10:00:00,0.030426259966308555,0.0353
44,2018-04-29T11:00:00,0.03413448455160706,0.0472
44,2018-04-29T12:00:00,0.04121232020566228,0.0533
44,2018-04-29T13:00:00,0.046869090134928626,0.0589
44,2018-04-29T14:00:00,0.048076707316930666,0.0622
44,2018-04-29T15:00:00,0.047868718470413955,0.0552
44,2018-04-29T16:00:00,0.049278374901803416,0.0593
44,2018-04-29T17:00:00,0.050948828198286444,0.0604
44,2018-04-29T18:00:00,0.052124570986621044,0.0558
44,2018-04-29T19:00:00,0.04844575895556527,0.054
44,2018-04-29T20:00:00,0.03988686679855195,0.0465
44,2018-04-29T21:00:00,0.028804092269194448,0.0363
44,2018-04-29T22:00:00,0.020660475421246695,0.0304
44,2018-04-29T23:00:00,0.013478967739348303,0.0215
44,2018-04-30T00:00:00,0.008300792752628926,0.0104
44,2018-04-30T01:00:00,0.003632787484645711,0.0044
44,2018-04-30T02:00:00,0.0006108140604455525,0.0029
44,2018-04-30T03:00:00,-0.0017980736694668403,0.0031
44,2018-04-30T04:00:00,-0.002639481899364658,0.0064
44,2018-04-30T05:00:00,3.730765981826631e-05,0.0044
44,2018-04-30T06:00:00,0.006784635448842981,0.0056
44,2018-04-30T07:00:00,0.01692508737519912,0.0076
44,2018-04-30T08:00:00,0.027434752137897457,0.0139
44,2018-04-30T09:00:00,0.032210565556642735,0.0208
44,2018-04-30T10:00:00,0.03224708822638047,0.0302
44,2018-04-30T11:00:00,0.03741472578904061,0.0347
44,2018-04-30T12:00:00,0.044013519352125205,0.0427
44,2018-04-30T13:00:00,0.051516407078861785,0.048
44,2018-04-30T14:00:00,0.05191149915586825,0.0441
44,2018-04-30T15:00:00,0.052112575774597505,0.047
44,2018-04-30T16:00:00,0.05293403053173401,0.0468
44,2018-04-30T17:00:00,0.053076946316704995,0.0476
44,2018-04-30T18:00:00,0.05373959154533187,0.046
44,2018-04-30T19:00:00,0.04924489483879645,0.0404
44,2018-04-30T20:00:00,0.04034364678524472,0.0356
44,2018-04-30T21:00:00,0.028049131619003527,0.0268
44,2018-04-30T22:00:00,0.01989657139958822,0.0224
44,2018-04-30T23:00:00,0.013254835292846202,0.014
44,2018-05-01T00:00:00,0.008114886239903127,0.0091
44,2018-05-01T01:00:00,0.005221450466016488,0.0066
44,2018-05-01T02:00:00,0.003450320440398176,0.0045
44,2018-05-01T03:00:00,0.002150026140714939,0.0037
44,2018-05-01T04:00:00,0.0038184644658530893,0.0053
44,2018-05-01T05:00:00,0.00839771462646674,0.0085
44,2018-05-01T06:00:00,0.016568855509905354,0.0166
44,2018-05-01T07:00:00,0.028781388500719284,0.0315
44,2018-05-01T08:00:00,0.04054267689394718,0.0444
44,2018-05-01T09:00:00,0.04478224143309164,0.0459
45,2018-04-28T10:00:00,0.04472750254632168,0.041
45,2018-04-28T11:00:00,0.045336120260670784,0.048
45,2018-04-28T12:00:00,0.04854712778355379,0.0498
45,2018-04-28T13:00:00,0.05302041322936359,0.0572
45,2018-04-28T14:00:00,0.055852783106457346,0.0635
45,2018-04-28T15:00:00,0.0591569594000297,0.0717
45,2018-04-28T16:00:00,0.058849888279963666,0.077
45,2018-04-28T17:00:00,0.058992742739719814,0.0733
45,2018-04-28T18:00:00,0.05846294369578651,0.0724
45,2018-04-28T19:00:00,0.05126251543295968,0.0672
45,2018-04-28T20:00:00,0.040553400571444645,0.0528
45,2018-04-28T21:00:00,0.02926106991581541,0.0382
45,2018-04-28T22:00:00,0.02355963055988461,0.0354
45,2018-04-28T23:00:00,0.01621137050764997,0.0301
45,2018-04-29T00:00:00,0.008928848807934653,0.0188
45,2018-04-29T01:00:00,0.004033374300902212,0.0129
45,2018-04-29T02:00:00,0.0013377211056332002,0.0074
45,2018-04-29T03:00:00,0.00019430546626648948,0.0057
45,2018-04-29T04:00:00,0.0006817655818713401,0.0055
45,2018-04-29T05:00:00,0.0023912988095511033,0.0033
45,2018-04-29T06:00:00,0.009090449509794186,0.0061
45,2018-04-29T07:00:00,0.020332834948047405,0.0157
45,2018-04-29T08:00:00,0.03356656575412658,0.0226
45,2018-04-29T09:00:00,0.03968420203197312,0.0304
45,2018-04-29T10:00:00,0.04036132246431182,0.0353
45,2018-04-29T11:00:00,0.0426702194314207,0.0472
45,2018-04-29T12:00:00,0.04812226844726193,0.0533
45,2018-04-29T13:00:00,0.052455176971995296,0.0589
45,2018-04-29T14:00:00,0.05520055265146001,0.0622
45,2018-04-29T15:00:00,0.0585555430180523,0.0552
45,2018-04-29T16:00:00,0.05892972845324387,0.0593
45,2018-04-29T17:00:00,0.05916995333698069,0.0604
45,2018-04-29T18:00:00,0.05923041999881711,0.0558
45,2018-04-29T19:00:00,0.05154846089258637,0.054
45,2018-04-29T20:00:00,0.038747506332820536,0.0465
45,2018-04-29T21:00:00,0.02638640126964818,0.0363
45,2018-04-29T22:00:00,0.01903008290896811,0.0304
45,2018-04-29T23:00:00,0.011407086595090904,0.0215
45,2018-04-30T00:00:00,0.005177876272646164,0.0104
45,2018-04-30T01:00:00,0.0013289883950393828,0.0044
45,2018-04-30T02:00:00,-0.00047888945146258577,0.0029
45,2018-04-30T03:00:00,-0.0001499515119320928,0.0031
45,2018-04-30T04:00:00,0.0011945477547598664,0.0064
45,2018-04-30T05:00:00,0.0042698197992556385,0.0044
45,2018-04-30T06:00:00,0.010022682135025305,0.0056
45,2018-04-30T07:00:00,0.019733435815208582,0.0076
45,2018-04-30T08:00:00,0.03019474704772144,0.0139
45,2018-04-30T09:00:00,0.03562563308234973,0.0208
45,2018-04-30T10:00:00,0.035702723608211216,0.0302
45,2018-04-30T11:00:00,0.03896020320368828,0.0347
45,2018-04-30T12:00:00,0.04610400183576406,0.0427
45,2018-04-30T13:00:00,0.05171582090819428,0.048
45,2018-04-30T14:00:00,0.055883594646544084,0.0441
45,2018-04-30T15:00:00,0.06096879359896362,0.047
45,2018-04-30T16:00:00,0.06315742218294348,0.0468
45,2018-04-30T17:00:00,0.0641761496433399,0.0476
45,2018-04-30T18:00:00,0.06252636644855737,0.046
45,2018-04-30T19:00:00,0.054330545845656844,0.0404
45,2018-04-30T20:00:00,0.04024212902459158,0.0356
45,2018-04-30T21:00:00,0.02659455026258308,0.0268
45,2018-04-30T22:00:00,0.018268649242178456,0.0224
45,2018-04-30T23:00:00,0.011070171121183674,0.014
45,2018-05-01T00:00:00,0.005125315307077671,0.0091
45,2018-05-01T01:00:00,0.001657321843166415,0.0066
45,2018-05-01T02:00:00,0.0004895706064005148,0.0045
45,2018-05-01T03:00:00,0.0005073479101093611,0.0037
45,2018-05-01T04:00:00,0.003184172512272196,0.0053
45,2018-05-01T05:00:00,0.0077132183477163704,0.0085
45,2018-05-01T06:00:00,0.015366564860849785,0.0166
45,2018-05-01T07:00:00,0.026853793321947397,0.0315
45,2018-05-01T08:00:00,0.03775675123027847,0.0444
45,2018-05-01T09:00:00,0.04162273254784113,0.0459
45,2018-05-01T10:00:00,0.03961710173403955,0.0393
45,2018-05-01T11:00:00,0.04200448551454447,0.0417
45,2018-05-01T12:00:00,0.04783673824694719,0.0514
45,2018-05-01T13:00:00,0.0545991082350987,0.0513
45,2018-05-01T14:00:00,0.05868496550360857,0.0627
45,2018-05-01T15:00:00,0.0658011416819844,0.071
45,2018-05-01T16:00:00,0.06959403087769342,0.0698
45,2018-05-01T17:00:00,0.07061428445986496,0.066
45,2018-05-01T18:00:00,0.06990983120405529,0.0852
45,2018-05-01T19:00:00,0.06249444404600745,0.0645
45,2018-05-01T20:00:00,0.04742699645218894,0.0434
45,2018-05-01T21:00:00,0.030873931862006702,0.0295
45,2018-05-01T22:00:00,0.020784493403226186,0.0255
45,2018-05-01T23:00:00,0.013230214445590537,0.0165
45,2018-05-02T00:00:00,0.0072869432750361125,0.01
45,2018-05-02T01:00:00,0.004126944313711543,0.0075
45,2018-05-02T02:00:00,0.002896113960956865,0.0048
45,2018-05-02T03:00:00,0.0021933375117359245,0.005
45,2018-05-02T04:00:00,0.004786560076725111,0.0053
45,2018-05-02T05:00:00,0.00930569575745046,0.0087
45,2018-05-02T06:00:00,0.01767777729285628,0.0181
45,2018-05-02T07:00:00,0.030368571757220342,0.0293
45,2018-05-02T08:00:00,0.042574703131507116,0.0336
45,2018-05-02T09:00:00,0.046681287621774745,0.0419
46,2018-04-29T10:00:00,0.031805107941393504,0.0353
46,2018-04-29T11:00:00,0.03678082701769432,0.0472
46,2018-04-29T12:00:00,0.04382979952134586,0.0533
46,2018-04-29T13:00:00,0.05132716097015047,0.0589
46,2018-04-29T14:00:00,0.056935246738715875,0.0622
46,2018-04-29T15:00:00,0.0625471802264755,0.0552
46,2018-04-29T16:00:00,0.06392711845875144,0.0593
46,2018-04-29T17:00:00,0.06384614114077312,0.0604
46,2018-04-29T18:00:00,0.06311570701965744,0.0558
46,2018-04-29T19:00:00,0.055540606224218275,0.054
46,2018-04-29T20:00:00,0.04371377116357117,0.0465
46,2018-04-29T21:00:00,0.03221968198786658,0.0363
46,2018-04-29T22:00:00,0.027121237489900286,0.0304
46,2018-04-29T23:00:00,0.020614756422290922,0.0215
46,2018-04-30T00:00:00,0.013449234997398123,0.0104
46,2018-04-30T01:00:00,0.00746138898118202,0.0044
46,2018-04-30T02:00:00,0.004099842073048383,0.0029
46,2018-04-30T03:00:00,0.002438373796614532,0.0031
46,2018-04-30T04:00:00,0.0017095691740647047,0.0064
46,2018-04-30T05:00:00,0.001482972505215261,0.0044
46,2018-04-30T06:00:00,0.004256130259153411,0.0056
46,2018-04-30T07:00:00,0.011428427769856697,0.0076
46,2018-04-30T08:00:00,0.02042546160383753,0.0139
46,2018-04-30T09:00:00,0.024737143193919613,0.0208
46,2018-04-30T10:00:00,0.02763613678442014,0.0302
46,2018-04-30T11:00:00,0.03211944347119509,0.0347
46,2018-04-30T12:00:00,0.038663314872724786,0.0427
46,2018-04-30T13:00:00,0.045366681243451154,0.048
46,2018-04-30T14:00:00,0.050257531829284344,0.0441
46,2018-04-30T15:00:00,0.05620981149868449,0.047
46,2018-04-30T16:00:00,0.05706402793773977,0.0468
46,2018-04-30T17:00:00,0.05780180181099782,0.0476
46,2018-04-30T18:00:00,0.058016678355216025,0.046
46,2018-04-30T19:00:00,0.05041673909561596,0.0404
46,2018-04-30T20:00:00,0.03975216911801478,0.0356
46,2018-04-30T21:00:00,0.02903386069567712,0.0268
46,2018-04-30T22:00:00,0.02277136553466651,0.0224
46,2018-04-30T23:00:00,0.016097321377380652,0.014
46,2018-05-01T00:00:00,0.0088104455874114,0.0091
46,2018-05-01T01:00:00,0.003840813126291323,0.0066
46,2018-05-01T02:00:00,0.0015617806627370896,0.0045
46,2018-05-01T03:00:00,0.0011959214395723776,0.0037
46,2018-05-01T04:00:00,0.002809492971063886,0.0053
46,2018-05-01T05:00:00,0.005707149671880806,0.0085
46,2018-05-01T06:00:00,0.009152377463892889,0.0166
46,2018-05-01T07:00:00,0.017089766602843837,0.0315
46,2018-05-01T08:00:00,0.026062931611917896,0.0444
46,2018-05-01T09:00:00,0.0309739320864148,0.0459
46,2018-05-01T10:00:00,0.03120377794036159,0.0393
46,2018-05-01T11:00:00,0.035574036149158585,0.0417
46,2018-05-01T12:00:00,0.04160807179155067,0.0514
46,2018-05-01T13:00:00,0.04740889500091591,0.0513
46,2018-05-01T14:00:00,0.05211622725310423,0.0627
46,2018-05-01T15:00:00,0.057424621953172855,0.071
46,2018-05-01T16:00:00,0.06089407495719741,0.0698
46,2018-05-01T17:00:00,0.06215344956923858,0.066
46,2018-05-01T18:00:00,0.061285948336499044,0.0852
46,2018-05-01T19:00:00,0.05432780373247881,0.0645
46,2018-05-01T20:00:00,0.04225282512592439,0.0434
46,2018-05-01T21:00:00,0.030972927404180752,0.0295
46,2018-05-01T22:00:00,0.024256766841488874,0.0255
46,2018-05-01T23:00:00,0.017389676689965057,0.0165
46,2018-05-02T00:00:00,0.010397272316634846,0.01
46,2018-05-02T01:00:00,0.0055446641347785194,0.0075
46,2018-05-02T02:00:00,0.0034991686022451014,0.0048
46,2018-05-02T03:00:00,0.0035607776652266145,0.005
46,2018-05-02T04:00:00,0.006205716659968441,0.0053
46,2018-05-02T05:00:00,0.010611598686068452,0.0087
46,2018-05-02T06:00:00,0.01693488013593525,0.0181
46,2018-05-02T07:00:00,0.027108357617848904,0.0293
46,2018-05-02T08:00:00,0.0365694582757652,0.0336
46,2018-05-02T09:00:00,0.04089161841770027,0.0419
46,2018-05-02T10:00:00,0.04013092012784405,0.0346
46,2018-05-02T11:00:00,0.04409468415004605,0.0348
46,2018-05-02T12:00:00,0.049260615119584523,0.0401
46,2018-05-02T13:00:00,0.05543542997646242,0.0447
46,2018-05-02T14:00:00,0.05885981946047044,0.0548
46,2018-05-02T15:00:00,0.06642490146795305,0.0682
46,2018-05-02T16:00:00,0.0710009995125237,0.0734
46,2018-05-02T17:00:00,0.07360242739125905,0.0734
46,2018-05-02T18:00:00,0.07410416752117763,0.0744
46,2018-05-02T19:00:00,0.06617028968881376,0.07
46,2018-05-02T20:00:00,0.05291331136986163,0.0516
46,2018-05-02T21:00:00,0.037312057041712296,0.0423
46,2018-05-02T22:00:00,0.027778763464806865,0.0299
46,2018-05-02T23:00:00,0.01877009501106578,0.0194
46,2018-05-03T00:00:00,0.011163266301615207,0.0111
46,2018-05-03T01:00:00,0.006615575848709393,0.0086
46,2018-05-03T02:00:00,0.004259643317889486,0.0051
46,2018-05-03T03:00:00,0.003573457967507406,0.0036
46,2018-05-03T04:00:00,0.005696743658996237,0.006
46,2018-05-03T05:00:00,0.00976451349342506,0.0099
46,2018-05-03T06:00:00,0.01827644280091066,0.0179
46,2018-05-03T07:00:00,0.030002434047494277,0.0331
46,2018-05-03T08:00:00,0.03980359661839805,0.046
46,2018-05-03T09:00:00,0.04290492241759805,0.0526
47,2018-04-30T10:00:00,0.02642997230915031,0.0302
47,2018-04-30T11:00:00,0.035392958559064526,0.0347
47,2018-04-30T12:00:00,0.04456806574847165,0.0427
47,2018-04-30T13:00:00,0.05176398573193293,0.048
47,2018-04-30T14:00:00,0.05618471371647224,0.0441
47,2018-04-30T15:00:00,0.05756461164932128,0.047
47,2018-04-30T16:00:00,0.056061248537500843,0.0468
47,2018-04-30T17:00:00,0.05495802544394304,0.0476
47,2018-04-30T18:00:00,0.05273872549179608,0.046
47,2018-04-30T19:00:00,0.046163351853045605,0.0404
47,2018-04-30T20:00:00,0.037233993547513576,0.0356
47,2018-04-30T21:00:00,0.02791309091626127,0.0268
47,2018-04-30T22:00:00,0.022427065278387736,0.0224
47,2018-04-30T23:00:00,0.015346481729062797,0.014
47,2018-05-01T00:00:00,0.007454856969726611,0.0091
47,2018-05-01T01:00:00,0.0023200231405611435,0.0066
47,2018-05-01T02:00:00,0.0002762692441293027,0.0045
47,2018-05-01T03:00:00,0.0006194836936755307,0.0037
47,2018-05-01T04:00:00,0.002309128278106816,0.0053
47,2018-05-01T05:00:00,0.002901722589891624,0.0085
47,2018-05-01T06:00:00,0.0049980759991698626,0.0166
47,2018-05-01T07:00:00,0.010432129568752304,0.0315
47,2018-05-01T08:00:00,0.018021286103433766,0.0444
47,2018-05-01T09:00:00,0.023521765393586486,0.0459
47,2018-05-01T10:00:00,0.02720248779269211,0.0393
47,2018-05-01T11:00:00,0.033678606220787395,0.0417
47,2018-05-01T12:00:00,0.04148919654208801,0.0514
47,2018-05-01T13:00:00,0.049140841718546754,0.0513
47,2018-05-01T14:00:00,0.05408857932581844,0.0627
47,2018-05-01T15:00:00,0.0583204256486375,0.071
47,2018-05-01T16:00:00,0.05864068168989505,0.0698
47,2018-05-01T17:00:00,0.05931208065490369,0.066
47,2018-05-01T18:00:00,0.057954965915443774,0.0852
47,2018-05-01T19:00:00,0.05087385199061788,0.0645
47,2018-05-01T20:00:00,0.039582427406277224,0.0434
47,2018-05-01T21:00:00,0.02813534155474215,0.0295
47,2018-05-01T22:00:00,0.020544154629804648,0.0255
47,2018-05-01T23:00:00,0.013048211370397026,0.0165
47,2018-05-02T00:00:00,0.006420663290146476,0.01
47,2018-05-02T01:00:00,0.0027397346631040723,0.0075
47,2018-05-02T02:00:00,0.001994202274093731,0.0048
47,2018-05-02T03:00:00,0.003326431241369856,0.005
47,2018-05-02T04:00:00,0.005829665186096615,0.0053
47,2018-05-02T05:00:00,0.007894362519472262,0.0087
47,2018-05-02T06:00:00,0.011261673997801251,0.0181
47,2018-05-02T07:00:00,0.017006781322116617,0.0293
47,2018-05-02T08:00:00,0.025000327186804724,0.0336
47,2018-05-02T09:00:00,0.030268768334187422,0.0419
47,2018-05-02T10:00:00,0.03312641120839298,0.0346
47,2018-05-02T11:00:00,0.03863210314180746,0.0348
47,2018-05-02T12:00:00,0.045991956638300954,0.0401
47,2018-05-02T13:00:00,0.05342712555850854,0.0447
47,2018-05-02T14:00:00,0.058987279539151685,0.0548
47,2018-05-02T15:00:00,0.06325405670434603,0.0682
47,2018-05-02T16:00:00,0.06743576177935945,0.0734
47,2018-05-02T17:00:00,0.07051828246424982,0.0734
47,2018-05-02T18:00:00,0.07003410938016062,0.0744
47,2018-05-02T19:00:00,0.06305982748389137,0.07
47,2018-05-02T20:00:00,0.04942952929135148,0.0516
47,2018-05-02T21:00:00,0.03490063202483944,0.0423
47,2018-05-02T22:00:00,0.024616917212796286,0.0299
47,2018-05-02T23:00:00,0.014986486948586187,0.0194
47,2018-05-03T00:00:00,0.007875342942125569,0.0111
47,2018-05-03T01:00:00,0.003350095765703748,0.0086
47,2018-05-03T02:00:00,0.0030644008633834152,0.0051
47,2018-05-03T03:00:00,0.00446260349678897,0.0036
47,2018-05-03T04:00:00,0.006883891185142866,0.006
47,2018-05-03T05:00:00,0.009986207649384949,0.0099
47,2018-05-03T06:00:00,0.016218897739734853,0.0179
47,2018-05-03T07:00:00,0.02484163995829499,0.0331
47,2018-05-03T08:00:00,0.03190290851795259,0.046
47,2018-05-03T09:00:00,0.035910114621490644,0.0526
47,2018-05-03T10:00:00,0.03553561327383518,0.0432
47,2018-05-03T11:00:00,0.039524603685985704,0.0454
47,2018-05-03T12:00:00,0.04435267056815076,0.0479
47,2018-05-03T13:00:00,0.05295703274374758,0.0572
47,2018-05-03T14:00:00,0.059208022278207,0.0587
47,2018-05-03T15:00:00,0.06503530188611564,0.0649
47,2018-05-03T16:00:00,0.06888970027231342,0.0728
47,2018-05-03T17:00:00,0.07283865337905604,0.0748
47,2018-05-03T18:00:00,0.0755273610557067,0.0781
47,2018-05-03T19:00:00,0.06929619358283393,0.067
47,2018-05-03T20:00:00,0.056482326736260295,0.0522
47,2018-05-03T21:00:00,0.0416968780616709,0.0445
47,2018-05-03T22:00:00,0.02965560710475647,0.0316
47,2018-05-03T23:00:00,0.01811475624375035,0.0183
47,2018-05-04T00:00:00,0.009609325656889236,0.0124
47,2018-05-04T01:00:00,0.0049805352355754146,0.0092
47,2018-05-04T02:00:00,0.0028442941544134896,0.0062
47,2018-05-04T03:00:00,0.0022321984243082182,0.0047
47,2018-05-04T04:00:00,0.004917578770016324,0.0064
47,2018-05-04T05:00:00,0.008463535855633555,0.0096
47,2018-05-04T06:00:00,0.015244635615687886,0.0176
47,2018-05-04T07:00:00,0.025168495643959173,0.0339
47,2018-05-04T08:00:00,0.03358307467717755,0.0474
47,2018-05-04T09:00:00,0.03668478542351187,0.0522
48,2018-05-01T10:00:00,0.045860484839279486,0.0393
48,2018-05-01T11:00:00,0.048945645311846545,0.0417
48,2018-05-01T12:00:00,0.05320456934524284,0.0514
48,2018-05-01T13:00:00,0.05668768210283669,0.0513
48,2018-05-01T14:00:00,0.05830842342801799,0.0627
48,2018-05-01T15:00:00,0.059320780074666596,0.071
48,2018-05-01T16:00:00,0.0589621572268535,0.0698
48,2018-05-01T17:00:00,0.05839781456547294,0.066
48,2018-05-01T18:00:00,0.05632112377222276,0.0852
48,2018-05-01T19:00:00,0.050571783255934144,0.0645
48,2018-05-01T20:00:00,0.04213390607273684,0.0434
48,2018-05-01T21:00:00,0.03213922207948665,0.0295
48,2018-05-01T22:00:00,0.02535745177201172,0.0255
48,2018-05-01T23:00:00,0.017331576130132233,0.0165
48,2018-05-02T00:00:00,0.008743392597500715,0.01
48,2018-05-02T01:00:00,0.004094993876777701,0.0075
48,2018-05-02T02:00:00,0.0012903990655614012,0.0048
48,2018-05-02T03:00:00,0.0003314882197240458,0.005
48,2018-05-02T04:00:00,0.0010869342677512044,0.0053
48,2018-05-02T05:00:00,0.00343879130000746,0.0087
48,2018-05-02T06:00:00,0.010423859425493311,0.0181
48,2018-05-02T07:00:00,0.020853649497576232,0.0293
48,2018-05-02T08:00:00,0.032751634773345216,0.0336
48,2018-05-02T09:00:00,0.039215674061480084,0.0419
48,2018-05-02T10:00:00,0.042056342641861456,0.0346
48,2018-05-02T11:00:00,0.046077156635358545,0.0348
48,2018-05-02T12:00:00,0.050830847245671114,0.0401
48,2018-05-02T13:00:00,0.0542452091809776,0.0447
48,2018-05-02T14:00:00,0.055987462039000256,0.0548
48,2018-05-02T15:00:00,0.05736305669391624,0.0682
48,2018-05-02T16:00:00,0.059002472423092096,0.0734
48,2018-05-02T17:00:00,0.060174258858994745,0.0734
48,2018-05-02T18:00:00,0.05877757533876834,0.0744
48,2018-05-02T19:00:00,0.05310385932527664,0.07
48,2018-05-02T20:00:00,0.043548113535927344,0.0516
48,2018-05-02T21:00:00,0.03231890933935274,0.0423
48,2018-05-02T22:00:00,0.02513407905731409,0.0299
48,2018-05-02T23:00:00,0.01647220416787245,0.0194
48,2018-05-03T00:00:00,0.007118444362581102,0.0111
48,2018-05-03T01:00:00,0.00015273047490009517,0.0086
48,2018-05-03T02:00:00,-0.0020555782465977793,0.0051
48,2018-05-03T03:00:00,-0.0021286446118611926,0.0036
48,2018-05-03T04:00:00,-0.0010651409838835016,0.006
48,2018-05-03T05:00:00,0.0008898665659237588,0.0099
48,2018-05-03T06:00:00,0.006114426193002318,0.0179
48,2018-05-03T07:00:00,0.014709437149409896,0.0331
48,2018-05-03T08:00:00,0.024041302100852858,0.046
48,2018-05-03T09:00:00,0.02969570936232764,0.0526
48,2018-05-03T10:00:00,0.03202602624577817,0.0432
48,2018-05-03T11:00:00,0.035822164276154735,0.0454
48,2018-05-03T12:00:00,0.04129129586862808,0.0479
48,2018-05-03T13:00:00,0.04644187293173346,0.0572
48,2018-05-03T14:00:00,0.050576267005213754,0.0587
48,2018-05-03T15:00:00,0.05323735205294957,0.0649
48,2018-05-03T16:00:00,0.0555148881812616,0.0728
48,2018-05-03T17:00:00,0.05754067028544609,0.0748
48,2018-05-03T18:00:00,0.0560597679715996,0.0781
48,2018-05-03T19:00:00,0.049766379935745876,0.067
48,2018-05-03T20:00:00,0.04069982643649842,0.0522
48,2018-05-03T21:00:00,0.031027934544961933,0.0445
48,2018-05-03T22:00:00,0.02360789227746272,0.0316
48,2018-05-03T23:00:00,0.015490141126067499,0.0183
48,2018-05-04T00:00:00,0.006664348668149512,0.0124
48,2018-05-04T01:00:00,0.00038139993601126604,0.0092
48,2018-05-04T02:00:00,-0.002859346811773203,0.0062
48,2018-05-04T03:00:00,-0.0020429557652338406,0.0047
48,2018-05-04T04:00:00,0.00046923691730715866,0.0064
48,2018-05-04T05:00:00,0.004189753598755008,0.0096
48,2018-05-04T06:00:00,0.01114499839618761,0.0176
48,2018-05-04T07:00:00,0.02196089640130231,0.0339
48,2018-05-04T08:00:00,0.03031837619279584,0.0474
48,2018-05-04T09:00:00,0.0337841540993452,0.0522
48,2018-05-04T10:00:00,0.03314166769534193,0.0443
48,2018-05-04T11:00:00,0.03608668130399566,0.0445
48,2018-05-04T12:00:00,0.04124827079875297,0.0514
48,2018-05-04T13:00:00,0.047244580220262275,0.0582
48,2018-05-04T14:00:00,0.05226855558247932,0.0607
48,2018-05-04T15:00:00,0.05734126521685858,0.0665
48,2018-05-04T16:00:00,0.059483020310909504,0.0747
48,2018-05-04T17:00:00,0.06113902188247724,0.0745
48,2018-05-04T18:00:00,0.0605421505749943,0.0793
48,2018-05-04T19:00:00,0.05429908776259075,0.0676
48,2018-05-04T20:00:00,0.04452520117544453,0.0546
48,2018-05-04T21:00:00,0.03424338586812745,0.0436
48,2018-05-04T22:00:00,0.028298266285511662,0.0318
48,2018-05-04T23:00:00,0.020741806147677413,0.0213
48,2018-05-05T00:00:00,0.012083756024278153,0.0155
48,2018-05-05T01:00:00,0.006104563346306373,0.0095
48,2018-05-05T02:00:00,0.003064232657079842,0.0069
48,2018-05-05T03:00:00,0.0032660994950061,0.0049
48,2018-05-05T04:00:00,0.005665127882520542,0.0059
48,2018-05-05T05:00:00,0.008934443419677446,0.0102
48,2018-05-05T06:00:00,0.01606655188886981,0.0171
48,2018-05-05T07:00:00,0.027866714931518127,0.0335
48,2018-05-05T08:00:00,0.039053906555036176,0.0464
48,2018-05-05T09:00:00,0.04394268347253313,0.0502
49,2018-05-02T10:00:00,0.041200779851517995,0.0346
49,2018-05-02T11:00:00,0.04432520966258821,0.0348
49,2018-05-02T12:00:00,0.0498542414471277,0.0401
49,2018-05-02T13:00:00,0.0552589868204616,0.0447
49,2018-05-02T14:00:00,0.06097127288979232,0.0548
49,2018-05-02T15:00:00,0.06465231015007245,0.0682
49,2018-05-02T16:00:00,0.06731741287545506,0.0734
49,2018-05-02T17:00:00,0.06870124788709711,0.0734
49,2018-05-02T18:00:00,0.0705369113123705,0.0744
49,2018-05-02T19:00:00,0.06226133113504356,0.07
49,2018-05-02T20:00:00,0.047546943315977266,0.0516
49,2018-05-02T21:00:00,0.03305767860845516,0.0423
49,2018-05-02T22:00:00,0.02514068238123362,0.0299
49,2018-05-02T23:00:00,0.01689117453139026,0.0194
49,2018-05-03T00:00:00,0.00813419316968509,0.0111
49,2018-05-03T01:00:00,0.003038236022432878,0.0086
49,2018-05-03T02:00:00,0.000995761194767783,0.0051
49,2018-05-03T03:00:00,0.0015034113232483479,0.0036
49,2018-05-03T04:00:00,0.00193175918819034,0.006
49,2018-05-03T05:00:00,0.004626347076870055,0.0099
49,2018-05-03T06:00:00,0.009833031279896022,0.0179
49,2018-05-03T07:00:00,0.017222402529657933,0.0331
49,2018-05-03T08:00:00,0.02536033808705209,0.046
49,2018-05-03T09:00:00,0.030817975687243572,0.0526
49,2018-05-03T10:00:00,0.03487491415709766,0.0432
49,2018-05-03T11:00:00,0.03937046731406211,0.0454
49,2018-05-03T12:00:00,0.04512310344739645,0.0479
49,2018-05-03T13:00:00,0.051036404109382,0.0572
49,2018-05-03T14:00:00,0.05565620775849765,0.0587
49,2018-05-03T15:00:00,0.058879694086526956,0.0649
49,2018-05-03T16:00:00,0.05998412441074269,0.0728
49,2018-05-03T17:00:00,0.06027047812108535,0.0748
49,2018-05-03T18:00:00,0.0598824682303189,0.0781
49,2018-05-03T19:00:00,0.052744917586346356,0.067
49,2018-05-03T20:00:00,0.041233020093895706,0.0522
49,2018-05-03T21:00:00,0.03032749318470736,0.0445
49,2018-05-03T22:00:00,0.022681170160822606,0.0316
49,2018-05-03T23:00:00,0.014977067395586113,0.0183
49,2018-05-04T00:00:00,0.0071360341863474265,0.0124
49,2018-05-04T01:00:00,0.0018293583444434387,0.0092
49,2018-05-04T02:00:00,-0.0016129556237890474,0.0062
49,2018-05-04T03:00:00,-0.0002852033971965512,0.0047
49,2018-05-04T04:00:00,0.0011189810728798044,0.0064
49,2018-05-04T05:00:00,0.0037407128541755777,0.0096
49,2018-05-04T06:00:00,0.009050609145933381,0.0176
49,2018-05-04T07:00:00,0.018545310940352236,0.0339
49,2018-05-04T08:00:00,0.02423166608062333,0.0474
49,2018-05-04T09:00:00,0.03006760484391096,0.0522
49,2018-05-04T10:00:00,0.033602504607818995,0.0443
49,2018-05-04T11:00:00,0.03856939548140574,0.0445
49,2018-05-04T12:00:00,0.04642018465625165,0.0514
49,2018-05-04T13:00:00,0.05271405348178976,0.0582
49,2018-05-04T14:00:00,0.05895358921826526,0.0607
49,2018-05-04T15:00:00,0.0626282433997546,0.0665
49,2018-05-04T16:00:00,0.06463488152401373,0.0747
49,2018-05-04T17:00:00,0.06384835060065652,0.0745
49,2018-05-04T18:00:00,0.062467452190731014,0.0793
49,2018-05-04T19:00:00,0.05484716872914362,0.0676
49,2018-05-04T20:00:00,0.042531037300744326,0.0546
49,2018-05-04T21:00:00,0.03224365489042369,0.0436
49,2018-05-04T22:00:00,0.02633644031797418,0.0318
49,2018-05-04T23:00:00,0.01891503803242462,0.0213
49,2018-05-05T00:00:00,0.010379817408341176,0.0155
49,2018-05-05T01:00:00,0.005124225470402439,0.0095
49,2018-05-05T02:00:00,0.0011054772605711034,0.0069
49,2018-05-05T03:00:00,0.0016419922916043501,0.0049
49,2018-05-05T04:00:00,0.0035104857326073574,0.0059
49,2018-05-05T05:00:00,0.006182297436493928,0.0102
49,2018-05-05T06:00:00,0.010901230667181783,0.0171
49,2018-05-05T07:00:00,0.019915772674785746,0.0335
49,2018-05-05T08:00:00,0.027654148070105848,0.0464
49,2018-05-05T09:00:00,0.03444138851665892,0.0502
49,2018-05-05T10:00:00,0.040047002002991605,0.0452
49,2018-05-05T11:00:00,0.04620536768509928,0.046
49,2018-05-05T12:00:00,0.05229889579448626,0.0556
49,2018-05-05T13:00:00,0.05812082609151149,0.0602
49,2018-05-05T14:00:00,0.06287786330640556,0.0674
49,2018-05-05T15:00:00,0.06794681633333836,0.0718
49,2018-05-05T16:00:00,0.07096535729765624,0.0754
49,2018-05-05T17:00:00,0.07031586545153895,0.0772
49,2018-05-05T18:00:00,0.06862627868802453,0.0782
49,2018-05-05T19:00:00,0.062290292405791,0.0711
49,2018-05-05T20:00:00,0.05062476648941057,0.0588
49,2018-05-05T21:00:00,0.038345530237625464,0.0439
49,2018-05-05T22:00:00,0.03231615163204865,0.0337
49,2018-05-05T23:00:00,0.02567386815396042,0.0266
49,2018-05-06T00:00:00,0.016052808908223217,0.0184
49,2018-05-06T01:00:00,0.010323373680598547,0.0135
49,2018-05-06T02:00:00,0.006581421208339145,0.0079
49,2018-05-06T03:00:00,0.005251946619284024,0.0061
49,2018-05-06T04:00:00,0.004257258643106544,0.0051
49,2018-05-06T05:00:00,0.004277464425323223,0.0057
49,2018-05-06T06:00:00,0.007243843914043584,0.0085
49,2018-05-06T07:00:00,0.013550868925529671,0.0156
49,2018-05-06T08:00:00,0.022138342487388194,0.0241
49,2018-05-06T09:00:00,0.029781186969872087,0.033
50,2018-05-03T10:00:00,0.04780729513522597,0.0432
50,2018-05-03T11:00:00,0.04608224487604162,0.0454
50,2018-05-03T12:00:00,0.04820837430535023,0.0479
50,2018-05-03T13:00:00,0.05184739503271707,0.0572
50,2018-05-03T14:00:00,0.05710625122423452,0.0587
50,2018-05-03T15:00:00,0.06161929293075335,0.0649
50,2018-05-03T16:00:00,0.06345972570559263,0.0728
50,2018-05-03T17:00:00,0.06359192359515783,0.0748
50,2018-05-03T18:00:00,0.06491356783035185,0.0781
50,2018-05-03T19:00:00,0.05971266922330919,0.067
50,2018-05-03T20:00:00,0.04975622448016767,0.0522
50,2018-05-03T21:00:00,0.03942855263019867,0.0445
50,2018-05-03T22:00:00,0.031345807313155734,0.0316
50,2018-05-03T23:00:00,0.020845784451165007,0.0183
50,2018-05-04T00:00:00,0.010923481207276268,0.0124
50,2018-05-04T01:00:00,0.004456250204531106,0.0092
50,2018-05-04T02:00:00,-0.0002079493958337779,0.0062
50,2018-05-04T03:00:00,-0.0005942684628195208,0.0047
50,2018-05-04T04:00:00,0.0003270833171492328,0.0064
50,2018-05-04T05:00:00,0.0036177277640289628,0.0096
50,2018-05-04T06:00:00,0.011042438106882116,0.0176
50,2018-05-04T07:00:00,0.022822529687055754,0.0339
50,2018-05-04T08:00:00,0.03444841656149497,0.0474
50,2018-05-04T09:00:00,0.04044802860864599,0.0522
50,2018-05-04T10:00:00,0.04240420904699087,0.0443
50,2018-05-04T11:00:00,0.04457278603786566,0.0445
50,2018-05-04T12:00:00,0.04875421252118879,0.0514
50,2018-05-04T13:00:00,0.05277817512643088,0.0582
50,2018-05-04T14:00:00,0.055292484404958514,0.0607
50,2018-05-04T15:00:00,0.05778856782963443,0.0665
50,2018-05-04T16:00:00,0.05700875464552617,0.0747
50,2018-05-04T17:00:00,0.05600001268225538,0.0745
50,2018-05-04T18:00:00,0.05697269541919775,0.0793
50,2018-05-04T19:00:00,0.05210142860268782,0.0676
50,2018-05-04T20:00:00,0.042485168843479235,0.0546
50,2018-05-04T21:00:00,0.034014976951571914,0.0436
50,2018-05-04T22:00:00,0.027173277191142604,0.0318
50,2018-05-04T23:00:00,0.019001560376329156,0.0213
50,2018-05-05T00:00:00,0.009787550748418541,0.0155
50,2018-05-05T01:00:00,0.003881671488718541,0.0095
50,2018-05-05T02:00:00,-0.0005150765846676716,0.0069
50,2018-05-05T03:00:00,-0.001238414502351383,0.0049
50,2018-05-05T04:00:00,-0.0005173245918289604,0.0059
50,2018-05-05T05:00:00,0.0025762048452004395,0.0102
50,2018-05-05T06:00:00,0.00739164469041417,0.0171
50,2018-05-05T07:00:00,0.01666025811440719,0.0335
50,2018-05-05T08:00:00,0.026136383800390125,0.0464
50,2018-05-05T09:00:00,0.03448475928553086,0.0502
50,2018-05-05T10:00:00,0.038757051339688695,0.0452
50,2018-05-05T11:00:00,0.044979549179331474,0.046
50,2018-05-05T12:00:00,0.052072833531080456,0.0556
50,2018-05-05T13:00:00,0.05540754627734725,0.0602
50,2018-05-05T14:00:00,0.05798857388532741,0.0674
50,2018-05-05T15:00:00,0.0591744791378362,0.0718
50,2018-05-05T16:00:00,0.05907717879981535,0.0754
50,2018-05-05T17:00:00,0.05779588830813784,0.0772
50,2018-05-05T18:00:00,0.057397605567810484,0.0782
50,2018-05-05T19:00:00,0.05176444129067177,0.0711
50,2018-05-05T20:00:00,0.042139038818004404,0.0588
50,2018-05-05T21:00:00,0.033770878241620825,0.0439
50,2018-05-05T22:00:00,0.027300850809078767,0.0337
50,2018-05-05T23:00:00,0.01917391559350847,0.0266
50,2018-05-06T00:00:00,0.010919123612724336,0.0184
50,2018-05-06T01:00:00,0.005326558379961512,0.0135
50,2018-05-06T02:00:00,0.0021338695748269777,0.0079
50,2018-05-06T03:00:00,0.0005244190977729997,0.0061
50,2018-05-06T04:00:00,-9.28945320410185e-05,0.0051
50,2018-05-06T05:00:00,0.0008932587263791418,0.0057
50,2018-05-06T06:00:00,0.004565528233085536,0.0085
50,2018-05-06T07:00:00,0.011159332727120202,0.0156
50,2018-05-06T08:00:00,0.02074306384022642,0.0241
50,2018-05-06T09:00:00,0.029657827936086838,0.033
50,2018-05-06T10:00:00,0.03546746904553007,0.0399
50,2018-05-06T11:00:00,0.043429675272424174,0.0491
50,2018-05-06T12:00:00,0.05040399221167333,0.0537
50,2018-05-06T13:00:00,0.05550910959387428,0.0607
50,2018-05-06T14:00:00,0.05705844033459296,0.058
50,2018-05-06T15:00:00,0.05646774184802134,0.0592
50,2018-05-06T16:00:00,0.057118360325942766,0.0614
50,2018-05-06T17:00:00,0.056295941886858714,0.0573
50,2018-05-06T18:00:00,0.056595957102919675,0.06
50,2018-05-06T19:00:00,0.05061182686907843,0.0558
50,2018-05-06T20:00:00,0.04283392937024108,0.0462
50,2018-05-06T21:00:00,0.0340482104872152,0.0364
50,2018-05-06T22:00:00,0.02738207675699955,0.0292
50,2018-05-06T23:00:00,0.019202245039328113,0.0254
50,2018-05-07T00:00:00,0.010515444253490686,0.0204
50,2018-05-07T01:00:00,0.005672988022914573,0.0146
50,2018-05-07T02:00:00,0.003279054884679191,0.0075
50,2018-05-07T03:00:00,0.0027081924768861884,0.0
50,2018-05-07T04:00:00,0.0034757248486846463,0.0037
50,2018-05-07T05:00:00,0.004068939421213877,0.0024
50,2018-05-07T06:00:00,0.0059499992748129685,0.0027
50,2018-05-07T07:00:00,0.012133059744863922,0.006
50,2018-05-07T08:00:00,0.019521921119268135,0.0083
50,2018-05-07T09:00:00,0.02614328656657299,0.0174
51,2018-05-04T10:00:00,0.04814940222660702,0.0443
51,2018-05-04T11:00:00,0.04837217745849716,0.0445
51,2018-05-04T12:00:00,0.052022879763217345,0.0514
51,2018-05-04T13:00:00,0.05652685935513119,0.0582
51,2018-05-04T14:00:00,0.059180503026082895,0.0607
51,2018-05-04T15:00:00,0.06362683341174516,0.0665
51,2018-05-04T16:00:00,0.06501392391622095,0.0747
51,2018-05-04T17:00:00,0.06653511864836908,0.0745
51,2018-05-04T18:00:00,0.06771809430775733,0.0793
51,2018-05-04T19:00:00,0.06041185551923825,0.0676
51,2018-05-04T20:00:00,0.04842856862176993,0.0546
51,2018-05-04T21:00:00,0.03814825806001024,0.0436
51,2018-05-04T22:00:00,0.03032527380766066,0.0318
51,2018-05-04T23:00:00,0.019720880441151174,0.0213
51,2018-05-05T00:00:00,0.010254148025933382,0.0155
51,2018-05-05T01:00:00,0.004768611062414704,0.0095
51,2018-05-05T02:00:00,0.000930381507147849,0.0069
51,2018-05-05T03:00:00,-0.0011655005740505847,0.0049
51,2018-05-05T04:00:00,-0.00034191870803349303,0.0059
51,2018-05-05T05:00:00,0.00187530669970273,0.0102
51,2018-05-05T06:00:00,0.008550773601972969,0.0171
51,2018-05-05T07:00:00,0.02057821728235263,0.0335
51,2018-05-05T08:00:00,0.033397546102990096,0.0464
51,2018-05-05T09:00:00,0.038831265362544186,0.0502
51,2018-05-05T10:00:00,0.03826490650331445,0.0452
51,2018-05-05T11:00:00,0.04132502018120502,0.046
51,2018-05-05T12:00:00,0.045984278721402455,0.0556
51,2018-05-05T13:00:00,0.0495331005706274,0.0602
51,2018-05-05T14:00:00,0.0518223042591008,0.0674
51,2018-05-05T15:00:00,0.05575653580998281,0.0718
51,2018-05-05T16:00:00,0.05649220184799921,0.0754
51,2018-05-05T17:00:00,0.05738524240449788,0.0772
51,2018-05-05T18:00:00,0.058425761341951946,0.0782
51,2018-05-05T19:00:00,0.05326676713028685,0.0711
51,2018-05-05T20:00:00,0.042283384356555764,0.0588
51,2018-05-05T21:00:00,0.03329131365981972,0.0439
51,2018-05-05T22:00:00,0.026779371844650828,0.0337
51,2018-05-05T23:00:00,0.016691280613232995,0.0266
51,2018-05-06T00:00:00,0.007761709071168205,0.0184
51,2018-05-06T01:00:00,0.0021202834115154855,0.0135
51,2018-05-06T02:00:00,-0.0018219309301902437,0.0079
51,2018-05-06T03:00:00,-0.004492805234364197,0.0061
51,2018-05-06T04:00:00,-0.004876401461810856,0.0051
51,2018-05-06T05:00:00,-0.002831948457929792,0.0057
51,2018-05-06T06:00:00,0.002834376991098682,0.0085
51,2018-05-06T07:00:00,0.013747828519764093,0.0156
51,2018-05-06T08:00:00,0.02430436151594438,0.0241
51,2018-05-06T09:00:00,0.03022709347032828,0.033
51,2018-05-06T10:00:00,0.030902626718499367,0.0399
51,2018-05-06T11:00:00,0.034422423956790696,0.0491
51,2018-05-06T12:00:00,0.04073060275839035,0.0537
51,2018-05-06T13:00:00,0.044340135694236595,0.0607
51,2018-05-06T14:00:00,0.046574563700811124,0.058
51,2018-05-06T15:00:00,0.046932301187736766,0.0592
51,2018-05-06T16:00:00,0.04852179346122713,0.0614
51,2018-05-06T17:00:00,0.04970974872806072,0.0573
51,2018-05-06T18:00:00,0.05066797623578981,0.06
51,2018-05-06T19:00:00,0.04515741858461469,0.0558
51,2018-05-06T20:00:00,0.036486942570968794,0.0462
51,2018-05-06T21:00:00,0.029438804365326535,0.0364
51,2018-05-06T22:00:00,0.023014761282440583,0.0292
51,2018-05-06T23:00:00,0.014712894139378116,0.0254
51,2018-05-07T00:00:00,0.007604823402255694,0.0204
51,2018-05-07T01:00:00,0.002907564254642784,0.0146
51,2018-05-07T02:00:00,-0.0005232433511359255,0.0075
51,2018-05-07T03:00:00,-0.0034251174745851334,0.0
51,2018-05-07T04:00:00,-0.003799595518658959,0.0037
51,2018-05-07T05:00:00,-0.000869001921023696,0.0024
51,2018-05-07T06:00:00,0.005612337385433628,0.0027
51,2018-05-07T07:00:00,0.016976822027301317,0.006
51,2018-05-07T08:00:00,0.02755350911730291,0.0083
51,2018-05-07T09:00:00,0.03273691374312931,0.0174
51,2018-05-07T10:00:00,0.031877986301069694,0.0218
51,2018-05-07T11:00:00,0.0373534315872336,0.032
51,2018-05-07T12:00:00,0.0438848595770267,0.0394
51,2018-05-07T13:00:00,0.04856178976634855,0.0433
51,2018-05-07T14:00:00,0.04938433260801128,0.0495
51,2018-05-07T15:00:00,0.05111839066518176,0.0528
51,2018-05-07T16:00:00,0.05074244081595167,0.0504
51,2018-05-07T17:00:00,0.0503542031458158,0.049
51,2018-05-07T18:00:00,0.05180355976914641,0.0544
51,2018-05-07T19:00:00,0.044813815157991446,0.0512
51,2018-05-07T20:00:00,0.034943609436261874,0.0397
51,2018-05-07T21:00:00,0.02671232533769143,0.0347
51,2018-05-07T22:00:00,0.02092133518848921,0.024
51,2018-05-07T23:00:00,0.013627250356692662,0.021
51,2018-05-08T00:00:00,0.007764049942226254,0.0157
51,2018-05-08T01:00:00,0.004814159927703007,0.0093
51,2018-05-08T02:00:00,0.003010348819019709,0.0059
51,2018-05-08T03:00:00,0.0021603515547457125,0.0047
51,2018-05-08T04:00:00,0.0036732463571019433,0.0036
51,2018-05-08T05:00:00,0.007990690414800588,0.0048
51,2018-05-08T06:00:00,0.015167432076216184,0.0103
51,2018-05-08T07:00:00,0.027536301962877218,0.0193
51,2018-05-08T08:00:00,0.03848542619380262,0.0325
51,2018-05-08T09:00:00,0.04191266992852438,0.0464
52,2018-05-05T10:00:00,0.04554360553956617,0.0452
52,2018-05-05T11:00:00,0.04610058987602502,0.046
52,2018-05-05T12:00:00,0.050870261837326,0.0556
52,2018-05-05T13:00:00,0.05615170498154508,0.0602
52,2018-05-05T14:00:00,0.06050357000626129,0.0674
52,2018-05-05T15:00:00,0.06437452444831802,0.0718
52,2018-05-05T16:00:00,0.06654505333317386,0.0754
52,2018-05-05T17:00:00,0.06762290530927612,0.0772
52,2018-05-05T18:00:00,0.06805228518997647,0.0782
52,2018-05-05T19:00:00,0.060277358810190876,0.0711
52,2018-05-05T20:00:00,0.047649149671185664,0.0588
52,2018-05-05T21:00:00,0.03599990051811428,0.0439
52,2018-05-05T22:00:00,0.027486077838424088,0.0337
52,2018-05-05T23:00:00,0.017496890687002734,0.0266
52,2018-05-06T00:00:00,0.00906574245680794,0.0184
52,2018-05-06T01:00:00,0.0042986146158485,0.0135
52,2018-05-06T02:00:00,0.0013338838993329494,0.0079
52,2018-05-06T03:00:00,-0.0008516819282026883,0.0061
52,2018-05-06T04:00:00,-0.0010248713435187864,0.0051
52,2018-05-06T05:00:00,0.0027453345312938478,0.0057
52,2018-05-06T06:00:00,0.009236729420836635,0.0085
52,2018-05-06T07:00:00,0.020972799133571588,0.0156
52,2018-05-06T08:00:00,0.032522068211948314,0.0241
52,2018-05-06T09:00:00,0.038084619307632274,0.033
52,2018-05-06T10:00:00,0.03810379062108198,0.0399
52,2018-05-06T11:00:00,0.040612806657494054,0.0491
52,2018-05-06T12:00:00,0.04578307594794551,0.0537
52,2018-05-06T13:00:00,0.05093870778568815,0.0607
52,2018-05-06T14:00:00,0.05519145724602412,0.058
52,2018-05-06T15:00:00,0.0580472393379964,0.0592
52,2018-05-06T16:00:00,0.060294184696995136,0.0614
52,2018-05-06T17:00:00,0.06115182133088973,0.0573
52,2018-05-06T18:00:00,0.062126892246913035,0.06
52,2018-05-06T19:00:00,0.05343180379632666,0.0558
52,2018-05-06T20:00:00,0.040980117711316474,0.0462
52,2018-05-06T21:00:00,0.029959568580871166,0.0364
52,2018-05-06T22:00:00,0.021739106227577458,0.0292
52,2018-05-06T23:00:00,0.013692798951475769,0.0254
52,2018-05-07T00:00:00,0.005912417431007424,0.0204
52,2018-05-07T01:00:00,0.0018198757140795267,0.0146
52,2018-05-07T02:00:00,-0.0011242234480134325,0.0075
52,2018-05-07T03:00:00,-0.0020791323855449545,0.0
52,2018-05-07T04:00:00,-0.0008704929998189087,0.0037
52,2018-05-07T05:00:00,0.0028880821099612694,0.0024
52,2018-05-07T06:00:00,0.007644353635744287,0.0027
52,2018-05-07T07:00:00,0.01820894126085712,0.006
52,2018-05-07T08:00:00,0.02769849068593966,0.0083
52,2018-05-07T09:00:00,0.034527418331480805,0.0174
52,2018-05-07T10:00:00,0.03501706705639599,0.0218
52,2018-05-07T11:00:00,0.03850428632559072,0.032
52,2018-05-07T12:00:00,0.04652005784985757,0.0394
52,2018-05-07T13:00:00,0.05152270255020279,0.0433
52,2018-05-07T14:00:00,0.0574946045362041,0.0495
52,2018-05-07T15:00:00,0.06022094662113016,0.0528
52,2018-05-07T16:00:00,0.06328767693927263,0.0504
52,2018-05-07T17:00:00,0.06386054906196353,0.049
52,2018-05-07T18:00:00,0.06432096475782206,0.0544
52,2018-05-07T19:00:00,0.05437737728400989,0.0512
52,2018-05-07T20:00:00,0.039360539637853326,0.0397
52,2018-05-07T21:00:00,0.028425562538261825,0.0347
52,2018-05-07T22:00:00,0.020533537307751218,0.024
52,2018-05-07T23:00:00,0.013763836503417233,0.021
52,2018-05-08T00:00:00,0.006803989686647822,0.0157
52,2018-05-08T01:00:00,0.0033957077083558926,0.0093
52,2018-05-08T02:00:00,0.0005765227524536544,0.0059
52,2018-05-08T03:00:00,0.0006943074643814794,0.0047
52,2018-05-08T04:00:00,0.0024948998753599565,0.0036
52,2018-05-08T05:00:00,0.006763607908747391,0.0048
52,2018-05-08T06:00:00,0.012615188071075312,0.0103
52,2018-05-08T07:00:00,0.02296404935970709,0.0193
52,2018-05-08T08:00:00,0.03144220371750978,0.0325
52,2018-05-08T09:00:00,0.03619275149816904,0.0464
52,2018-05-08T10:00:00,0.03627615904680419,0.0493
52,2018-05-08T11:00:00,0.04071646834765815,0.0421
52,2018-05-08T12:00:00,0.04751291833463269,0.0469
52,2018-05-08T13:00:00,0.05360644223886207,0.0534
52,2018-05-08T14:00:00,0.06062887318952902,0.0569
52,2018-05-08T15:00:00,0.06666962061386346,0.0614
52,2018-05-08T16:00:00,0.06966673454811476,0.0669
52,2018-05-08T17:00:00,0.07003223633288438,0.0782
52,2018-05-08T18:00:00,0.07297452202076693,0.0746
52,2018-05-08T19:00:00,0.06238431622519018,0.0739
52,2018-05-08T20:00:00,0.04588763824269332,0.0623
52,2018-05-08T21:00:00,0.03151748033112363,0.0497
52,2018-05-08T22:00:00,0.022911639078952214,0.0316
52,2018-05-08T23:00:00,0.015047890309275622,0.0252
52,2018-05-09T00:00:00,0.008324953135128557,0.0159
52,2018-05-09T01:00:00,0.004705586263044785,0.0103
52,2018-05-09T02:00:00,0.0027196305055291366,0.007
52,2018-05-09T03:00:00,0.0026449328895508696,0.0045
52,2018-05-09T04:00:00,0.004844048085269094,0.0037
52,2018-05-09T05:00:00,0.009283192907900618,0.005
52,2018-05-09T06:00:00,0.016432148289685193,0.0105
52,2018-05-09T07:00:00,0.0273663494676155,0.0191
52,2018-05-09T08:00:00,0.035773183651843746,0.0322
52,2018-05-09T09:00:00,0.039516026215792886,0.0473
53,2018-05-06T10:00:00,0.033014544029267824,0.0399
53,2018-05-06T11:00:00,0.03708529006398048,0.0491
53,2018-05-06T12:00:00,0.045433130793247775,0.0537
53,2018-05-06T13:00:00,0.05287426648164481,0.0607
53,2018-05-06T14:00:00,0.059015646831389636,0.058
53,2018-05-06T15:00:00,0.06237092980686418,0.0592
53,2018-05-06T16:00:00,0.06458041947678506,0.0614
53,2018-05-06T17:00:00,0.06477783936056061,0.0573
53,2018-05-06T18:00:00,0.0635340290880469,0.06
53,2018-05-06T19:00:00,0.05596545329546716,0.0558
53,2018-05-06T20:00:00,0.04440816813543579,0.0462
53,2018-05-06T21:00:00,0.0327241996243729,0.0364
53,2018-05-06T22:00:00,0.024858977472605952,0.0292
53,2018-05-06T23:00:00,0.017096686540086857,0.0254
53,2018-05-07T00:00:00,0.010346805169116027,0.0204
53,2018-05-07T01:00:00,0.005974157905163601,0.0146
53,2018-05-07T02:00:00,0.0030209668419327387,0.0075
53,2018-05-07T03:00:00,0.0013196932446179928,0.0
53,2018-05-07T04:00:00,0.00039094213944102993,0.0037
53,2018-05-07T05:00:00,0.0008232498611129672,0.0024
53,2018-05-07T06:00:00,0.00395217446000146,0.0027
53,2018-05-07T07:00:00,0.011103875459262062,0.006
53,2018-05-07T08:00:00,0.020928386887336697,0.0083
53,2018-05-07T09:00:00,0.026524865369666178,0.0174
53,2018-05-07T10:00:00,0.028379164651656238,0.0218
53,2018-05-07T11:00:00,0.03211698450529473,0.032
53,2018-05-07T12:00:00,0.03991890046256308,0.0394
53,2018-05-07T13:00:00,0.04734736128034121,0.0433
53,2018-05-07T14:00:00,0.05336250104710569,0.0495
53,2018-05-07T15:00:00,0.058047102670374745,0.0528
53,2018-05-07T16:00:00,0.060365625067990675,0.0504
53,2018-05-07T17:00:00,0.060213512252942046,0.049
53,2018-05-07T18:00:00,0.05944453435822226,0.0544
53,2018-05-07T19:00:00,0.0510325861767207,0.0512
53,2018-05-07T20:00:00,0.03942215588464572,0.0397
53,2018-05-07T21:00:00,0.028330370455998375,0.0347
53,2018-05-07T22:00:00,0.01844018287669376,0.024
53,2018-05-07T23:00:00,0.01057874939669989,0.021
53,2018-05-08T00:00:00,0.003814884825455181,0.0157
53,2018-05-08T01:00:00,0.00044994400471716836,0.0093
53,2018-05-08T02:00:00,-0.0017725921666245648,0.0059
53,2018-05-08T03:00:00,-0.0018330553241629952,0.0047
53,2018-05-08T04:00:00,-0.0003359403756606795,0.0036
53,2018-05-08T05:00:00,0.0024316069971937193,0.0048
53,2018-05-08T06:00:00,0.0058876543092533234,0.0103
53,2018-05-08T07:00:00,0.01409393436558278,0.0193
53,2018-05-08T08:00:00,0.022876346242594457,0.0325
53,2018-05-08T09:00:00,0.027986915085965257,0.0464
53,2018-05-08T10:00:00,0.027648731581829945,0.0493
53,2018-05-08T11:00:00,0.030949041583428722,0.0421
53,2018-05-08T12:00:00,0.039031194323681365,0.0469
53,2018-05-08T13:00:00,0.04620290609097544,0.0534
53,2018-05-08T14:00:00,0.05321668195124907,0.0569
53,2018-05-08T15:00:00,0.059640175810767325,0.0614
53,2018-05-08T16:00:00,0.06407535026377494,0.0669
53,2018-05-08T17:00:00,0.06509664812674783,0.0782
53,2018-05-08T18:00:00,0.06382401149895933,0.0746
53,2018-05-08T19:00:00,0.05628557266910306,0.0739
53,2018-05-08T20:00:00,0.04365319394113314,0.0623
53,2018-05-08T21:00:00,0.03180344497678183,0.0497
53,2018-05-08T22:00:00,0.021326363001589833,0.0316
53,2018-05-08T23:00:00,0.012511604526756415,0.0252
53,2018-05-09T00:00:00,0.004699031473652436,0.0159
53,2018-05-09T01:00:00,0.0007056000646577971,0.0103
53,2018-05-09T02:00:00,-0.0007019397707450359,0.007
53,2018-05-09T03:00:00,-0.0004978109084655263,0.0045
53,2018-05-09T04:00:00,0.0018421753143458806,0.0037
53,2018-05-09T05:00:00,0.005986661240395846,0.005
53,2018-05-09T06:00:00,0.011868106782352908,0.0105
53,2018-05-09T07:00:00,0.022378490276569216,0.0191
53,2018-05-09T08:00:00,0.03173193276767747,0.0322
53,2018-05-09T09:00:00,0.035594347060314994,0.0473
53,2018-05-09T10:00:00,0.033635910554923446,0.0522
53,2018-05-09T11:00:00,0.0355144648354589,0.0437
53,2018-05-09T12:00:00,0.04117861586758389,0.0468
53,2018-05-09T13:00:00,0.04810709308481148,0.0512
53,2018-05-09T14:00:00,0.05525271938350451,0.0575
53,2018-05-09T15:00:00,0.06353084893761998,0.0608
53,2018-05-09T16:00:00,0.06952463526457568,0.069
53,2018-05-09T17:00:00,0.07096312681198491,0.0718
53,2018-05-09T18:00:00,0.07114497359548802,0.0716
53,2018-05-09T19:00:00,0.06415206635539608,0.0807
53,2018-05-09T20:00:00,0.052169897328986914,0.0641
53,2018-05-09T21:00:00,0.039672636797313095,0.0485
53,2018-05-09T22:00:00,0.02857619403398515,0.0343
53,2018-05-09T23:00:00,0.018522401767450326,0.0261
53,2018-05-10T00:00:00,0.010083998589124558,0.0169
53,2018-05-10T01:00:00,0.006167388400690792,0.0113
53,2018-05-10T02:00:00,0.003933701553141385,0.0082
53,2018-05-10T03:00:00,0.0032175667199783736,0.0048
53,2018-05-10T04:00:00,0.005683453608864995,0.0033
53,2018-05-10T05:00:00,0.0101541406177144,0.0054
53,2018-05-10T06:00:00,0.017711594469329982,0.0111
53,2018-05-10T07:00:00,0.030089749519163135,0.0206
53,2018-05-10T08:00:00,0.04134062657230838,0.0342
53,2018-05-10T09:00:00,0.045732768245985295,0.0465
54,2018-05-07T10:00:00,0.02494881137811207,0.0218
54,2018-05-07T11:00:00,0.034508123666741816,0.032
54,2018-05-07T12:00:00,0.04460141089600595,0.0394
54,2018-05-07T13:00:00,0.052167472354777075,0.0433
54,2018-05-07T14:00:00,0.054700438515809316,0.0495
54,2018-05-07T15:00:00,0.05548053730020385,0.0528
54,2018-05-07T16:00:00,0.05482026798561494,0.0504
54,2018-05-07T17:00:00,0.052804346975977405,0.049
54,2018-05-07T18:00:00,0.050948935079375174,0.0544
54,2018-05-07T19:00:00,0.04408447174962549,0.0512
54,2018-05-07T20:00:00,0.034429503164377415,0.0397
54,2018-05-07T21:00:00,0.025651200251975197,0.0347
54,2018-05-07T22:00:00,0.020421428857709374,0.024
54,2018-05-07T23:00:00,0.015910246181274828,0.021
54,2018-05-08T00:00:00,0.011975902492857102,0.0157
54,2018-05-08T01:00:00,0.007931579916286732,0.0093
54,2018-05-08T02:00:00,0.0037207190819873587,0.0059
54,2018-05-08T03:00:00,0.000192145066554978,0.0047
54,2018-05-08T04:00:00,0.00018576023561519758,0.0036
54,2018-05-08T05:00:00,0.0010504054654919895,0.0048
54,2018-05-08T06:00:00,0.002716182276305896,0.0103
54,2018-05-08T07:00:00,0.007604844428043642,0.0193
54,2018-05-08T08:00:00,0.014906809725162569,0.0325
54,2018-05-08T09:00:00,0.02123747087616882,0.0464
54,2018-05-08T10:00:00,0.026487719810960528,0.0493
54,2018-05-08T11:00:00,0.03354776589626393,0.0421
54,2018-05-08T12:00:00,0.041935796543116646,0.0469
54,2018-05-08T13:00:00,0.049338305406047195,0.0534
54,2018-05-08T14:00:00,0.05267660830560586,0.0569
54,2018-05-08T15:00:00,0.0559927202381359,0.0614
54,2018-05-08T16:00:00,0.05687245847946036,0.0669
54,2018-05-08T17:00:00,0.05661581771178423,0.0782
54,2018-05-08T18:00:00,0.05507820008710079,0.0746
54,2018-05-08T19:00:00,0.04799316835712085,0.0739
54,2018-05-08T20:00:00,0.03739367266756969,0.0623
54,2018-05-08T21:00:00,0.02668372571049667,0.0497
54,2018-05-08T22:00:00,0.01872711129190696,0.0316
54,2018-05-08T23:00:00,0.012903882652476027,0.0252
54,2018-05-09T00:00:00,0.0082997800105095,0.0159
54,2018-05-09T01:00:00,0.0045239217030372154,0.0103
54,2018-05-09T02:00:00,0.00207355359780418,0.007
54,2018-05-09T03:00:00,0.0014417584565419445,0.0045
54,2018-05-09T04:00:00,0.0027148874381981852,0.0037
54,2018-05-09T05:00:00,0.005228276838503149,0.005
54,2018-05-09T06:00:00,0.008095095716998395,0.0105
54,2018-05-09T07:00:00,0.01508346962199415,0.0191
54,2018-05-09T08:00:00,0.022846310904512748,0.0322
54,2018-05-09T09:00:00,0.02913406253987014,0.0473
54,2018-05-09T10:00:00,0.03249970238044993,0.0522
54,2018-05-09T11:00:00,0.037476768684113426,0.0437
54,2018-05-09T12:00:00,0.04478642381274402,0.0468
54,2018-05-09T13:00:00,0.050977976948976406,0.0512
54,2018-05-09T14:00:00,0.0551731981013415,0.0575
54,2018-05-09T15:00:00,0.05814541224621704,0.0608
54,2018-05-09T16:00:00,0.06256701980955211,0.069
54,2018-05-09T17:00:00,0.06423758699571985,0.0718
54,2018-05-09T18:00:00,0.06336211173290157,0.0716
54,2018-05-09T19:00:00,0.05599522756334853,0.0807
54,2018-05-09T20:00:00,0.04470462648903578,0.0641
54,2018-05-09T21:00:00,0.03364497249431353,0.0485
54,2018-05-09T22:00:00,0.02396836837326841,0.0343
54,2018-05-09T23:00:00,0.016162646748381727,0.0261
54,2018-05-10T00:00:00,0.009730872232710505,0.0169
54,2018-05-10T01:00:00,0.005248838306965924,0.0113
54,2018-05-10T02:00:00,0.0033702086840236636,0.0082
54,2018-05-10T03:00:00,0.0029736307846689736,0.0048
54,2018-05-10T04:00:00,0.005244669944505509,0.0033
54,2018-05-10T05:00:00,0.009608335692706752,0.0054
54,2018-05-10T06:00:00,0.015458080128532035,0.0111
54,2018-05-10T07:00:00,0.025495076943090653,0.0206
54,2018-05-10T08:00:00,0.03366955987552338,0.0342
54,2018-05-10T09:00:00,0.03890412847852411,0.0465
54,2018-05-10T10:00:00,0.03952784095646988,0.0499
54,2018-05-10T11:00:00,0.042662802409507636,0.0468
54,2018-05-10T12:00:00,0.04835380617627883,0.0459
54,2018-05-10T13:00:00,0.054952599038503816,0.0526
54,2018-05-10T14:00:00,0.05857387049654575,0.0592
54,2018-05-10T15:00:00,0.06340269500793648,0.0624
54,2018-05-10T16:00:00,0.0682744804605491,0.0648
54,2018-05-10T17:00:00,0.07067705519763054,0.0717
54,2018-05-10T18:00:00,0.07128305344923129,0.0786
54,2018-05-10T19:00:00,0.06348084610958499,0.0808
54,2018-05-10T20:00:00,0.05275278823963436,0.0653
54,2018-05-10T21:00:00,0.04055670705181415,0.0535
54,2018-05-10T22:00:00,0.029660531799852303,0.0369
54,2018-05-10T23:00:00,0.019648089864139663,0.0296
54,2018-05-11T00:00:00,0.011848484465751749,0.0181
54,2018-05-11T01:00:00,0.007725814546845372,0.0132
54,2018-05-11T02:00:00,0.004916043887496221,0.009
54,2018-05-11T03:00:00,0.0035910495434227224,0.0055
54,2018-05-11T04:00:00,0.005979778799141324,0.0046
54,2018-05-11T05:00:00,0.011079842983639104,0.0056
54,2018-05-11T06:00:00,0.018729693083451904,0.0112
54,2018-05-11T07:00:00,0.03111501705090034,0.0189
54,2018-05-11T08:00:00,0.041401778324402054,0.0341
54,2018-05-11T09:00:00,0.04583210458113898,0.0512
55,2018-05-08T10:00:00,0.04501510729104716,0.0493
55,2018-05-08T11:00:00,0.04711875489659387,0.0421
55,2018-05-08T12:00:00,0.05145236252877646,0.0469
55,2018-05-08T13:00:00,0.055638866739888694,0.0534
55,2018-05-08T14:00:00,0.05864617117269811,0.0569
55,2018-05-08T15:00:00,0.06018526585898479,0.0614
55,2018-05-08T16:00:00,0.05910261474678374,0.0669
55,2018-05-08T17:00:00,0.058260190270468505,0.0782
55,2018-05-08T18:00:00,0.0582626713134462,0.0746
55,2018-05-08T19:00:00,0.054187924421717104,0.0739
55,2018-05-08T20:00:00,0.04562333304966596,0.0623
55,2018-05-08T21:00:00,0.03503779620551764,0.0497
55,2018-05-08T22:00:00,0.027270974390910953,0.0316
55,2018-05-08T23:00:00,0.02016150281066659,0.0252
55,2018-05-09T00:00:00,0.013237836994580775,0.0159
55,2018-05-09T01:00:00,0.006948151249554647,0.0103
55,2018-05-09T02:00:00,0.0023021266907206003,0.007
55,2018-05-09T03:00:00,0.0001611302771847567,0.0045
55,2018-05-09T04:00:00,7.95064162270806e-05,0.0037
55,2018-05-09T05:00:00,0.0020058680821061006,0.005
55,2018-05-09T06:00:00,0.0062276150181148175,0.0105
55,2018-05-09T07:00:00,0.015018677429932422,0.0191
55,2018-05-09T08:00:00,0.027203918772776774,0.0322
55,2018-05-09T09:00:00,0.037135569731556774,0.0473
55,2018-05-09T10:00:00,0.041570284245453046,0.0522
55,2018-05-09T11:00:00,0.0450067469121149,0.0437
55,2018-05-09T12:00:00,0.04958016504479686,0.0468
55,2018-05-09T13:00:00,0.05379810456103825,0.0512
55,2018-05-09T14:00:00,0.055869230529078565,0.0575
55,2018-05-09T15:00:00,0.05813703872616731,0.0608
55,2018-05-09T16:00:00,0.05867258481880602,0.069
55,2018-05-09T17:00:00,0.05842291059553619,0.0718
55,2018-05-09T18:00:00,0.059278803841180214,0.0716
55,2018-05-09T19:00:00,0.05423496436580062,0.0807
55,2018-05-09T20:00:00,0.044806654125046634,0.0641
55,2018-05-09T21:00:00,0.03415461026061464,0.0485
55,2018-05-09T22:00:00,0.025520941115273556,0.0343
55,2018-05-09T23:00:00,0.018314516998583955,0.0261
55,2018-05-10T00:00:00,0.010913588574047391,0.0169
55,2018-05-10T01:00:00,0.004657016692888153,0.0113
55,2018-05-10T02:00:00,0.0008123234599767166,0.0082
55,2018-05-10T03:00:00,2.9487818851130915e-05,0.0048
55,2018-05-10T04:00:00,0.0016116065237235279,0.0033
55,2018-05-10T05:00:00,0.0037288805920086335,0.0054
55,2018-05-10T06:00:00,0.007852964495154414,0.0111
55,2018-05-10T07:00:00,0.015815586331790265,0.0206
55,2018-05-10T08:00:00,0.024576714504523204,0.0342
55,2018-05-10T09:00:00,0.03257684214169819,0.0465
55,2018-05-10T10:00:00,0.035980140132172274,0.0499
55,2018-05-10T11:00:00,0.039557429496557724,0.0468
55,2018-05-10T12:00:00,0.0464277646280213,0.0459
55,2018-05-10T13:00:00,0.05125438721376932,0.0526
55,2018-05-10T14:00:00,0.055475916883302584,0.0592
55,2018-05-10T15:00:00,0.05789042375504372,0.0624
55,2018-05-10T16:00:00,0.06108201396275804,0.0648
55,2018-05-10T17:00:00,0.06198358047626905,0.0717
55,2018-05-10T18:00:00,0.06214347633715591,0.0786
55,2018-05-10T19:00:00,0.05616364412480075,0.0808
55,2018-05-10T20:00:00,0.045793517003809986,0.0653
55,2018-05-10T21:00:00,0.03500923267259219,0.0535
55,2018-05-10T22:00:00,0.025622858190682787,0.0369
55,2018-05-10T23:00:00,0.01807434643146599,0.0296
55,2018-05-11T00:00:00,0.01099038526452233,0.0181
55,2018-05-11T01:00:00,0.005479990563203793,0.0132
55,2018-05-11T02:00:00,0.0019676799947481,0.009
55,2018-05-11T03:00:00,0.0021788717696286687,0.0055
55,2018-05-11T04:00:00,0.0047734627629833805,0.0046
55,2018-05-11T05:00:00,0.009581342085281316,0.0056
55,2018-05-11T06:00:00,0.016482874229610645,0.0112
55,2018-05-11T07:00:00,0.026264359361305868,0.0189
55,2018-05-11T08:00:00,0.03473566159003166,0.0341
55,2018-05-11T09:00:00,0.040462996166225576,0.0512
55,2018-05-11T10:00:00,0.040752001754072995,0.0542
55,2018-05-11T11:00:00,0.043654015874226945,0.0452
55,2018-05-11T12:00:00,0.050295187263347696,0.0463
55,2018-05-11T13:00:00,0.056656365943839236,0.0216
55,2018-05-11T14:00:00,0.06114702044264192,0.0341
55,2018-05-11T15:00:00,0.06556422660770017,0.0648
55,2018-05-11T16:00:00,0.0699754947398125,0.0724
55,2018-05-11T17:00:00,0.07148355361094103,0.0769
55,2018-05-11T18:00:00,0.0724721738951469,0.0826
55,2018-05-11T19:00:00,0.06591112057013707,0.0721
55,2018-05-11T20:00:00,0.054427800627803814,0.0679
55,2018-05-11T21:00:00,0.0412209337701244,0.0537
55,2018-05-11T22:00:00,0.03056888149537723,0.0405
55,2018-05-11T23:00:00,0.021756515579997242,0.0313
55,2018-05-12T00:00:00,0.014063889390681594,0.0213
55,2018-05-12T01:00:00,0.008784380618953605,0.0153
55,2018-05-12T02:00:00,0.0051879774116055065,0.0106
55,2018-05-12T03:00:00,0.003698577175130599,0.0063
55,2018-05-12T04:00:00,0.006087907417954678,0.0046
55,2018-05-12T05:00:00,0.010594769294966201,0.0067
55,2018-05-12T06:00:00,0.01846554172910635,0.0106
55,2018-05-12T07:00:00,0.029380929925578034,0.0157
55,2018-05-12T08:00:00,0.039797883911812965,0.0267
55,2018-05-12T09:00:00,0.04578976477673602,0.0375
56,2018-05-09T10:00:00,0.0492170023789363,0.0522
56,2018-05-09T11:00:00,0.04846657623778139,0.0437
56,2018-05-09T12:00:00,0.0505062108319247,0.0468
56,2018-05-09T13:00:00,0.05476507003580815,0.0512
56,2018-05-09T14:00:00,0.05840862882907347,0.0575
56,2018-05-09T15:00:00,0.061031504763663334,0.0608
56,2018-05-09T16:00:00,0.06345995348496206,0.069
56,2018-05-09T17:00:00,0.06701514614793481,0.0718
56,2018-05-09T18:00:00,0.06822896138179371,0.0716
56,2018-05-09T19:00:00,0.06518231594758722,0.0807
56,2018-05-09T20:00:00,0.056520059264879456,0.0641
56,2018-05-09T21:00:00,0.04450352621629508,0.0485
56,2018-05-09T22:00:00,0.03321909778767875,0.0343
56,2018-05-09T23:00:00,0.024287264922120307,0.0261
56,2018-05-10T00:00:00,0.014732895971451712,0.0169
56,2018-05-10T01:00:00,0.0066610038157170065,0.0113
56,2018-05-10T02:00:00,0.0016698549649315775,0.0082
56,2018-05-10T03:00:00,0.00023263547769313345,0.0048
56,2018-05-10T04:00:00,8.421619272712053e-05,0.0033
56,2018-05-10T05:00:00,0.0011473290914787992,0.0054
56,2018-05-10T06:00:00,0.005107199838612686,0.0111
56,2018-05-10T07:00:00,0.011322405234135996,0.0206
56,2018-05-10T08:00:00,0.021933745100467274,0.0342
56,2018-05-10T09:00:00,0.03242404984326908,0.0465
56,2018-05-10T10:00:00,0.037703845091357845,0.0499
56,2018-05-10T11:00:00,0.03990750658807482,0.0468
56,2018-05-10T12:00:00,0.0448898556209599,0.0459
56,2018-05-10T13:00:00,0.0497957371921663,0.0526
56,2018-05-10T14:00:00,0.05356691901396947,0.0592
56,2018-05-10T15:00:00,0.05624470729807986,0.0624
56,2018-05-10T16:00:00,0.05777201002162649,0.0648
56,2018-05-10T17:00:00,0.05857271232605969,0.0717
56,2018-05-10T18:00:00,0.059500228166194796,0.0786
56,2018-05-10T19:00:00,0.0555765813473949,0.0808
56,2018-05-10T20:00:00,0.046707996855418196,0.0653
56,2018-05-10T21:00:00,0.036053137988409964,0.0535
56,2018-05-10T22:00:00,0.02690893748078003,0.0369
56,2018-05-10T23:00:00,0.019699367730998715,0.0296
56,2018-05-11T00:00:00,0.0121634621581602,0.0181
56,2018-05-11T01:00:00,0.005719589929749209,0.0132
56,2018-05-11T02:00:00,0.0014630295453479172,0.009
56,2018-05-11T03:00:00,-3.205816676654302e-05,0.0055
56,2018-05-11T04:00:00,0.0010069942219782559,0.0046
56,2018-05-11T05:00:00,0.0034667818802113677,0.0056
56,2018-05-11T06:00:00,0.007223603088846998,0.0112
56,2018-05-11T07:00:00,0.0123957846747122,0.0189
56,2018-05-11T08:00:00,0.02117038371935272,0.0341
56,2018-05-11T09:00:00,0.030391128432787327,0.0512
56,2018-05-11T10:00:00,0.03476066826049615,0.0542
56,2018-05-11T11:00:00,0.03832221789523967,0.0452
56,2018-05-11T12:00:00,0.04542759295113244,0.0463
56,2018-05-11T13:00:00,0.0517957311674343,0.0216
56,2018-05-11T14:00:00,0.05745553862219933,0.0341
56,2018-05-11T15:00:00,0.060819510504542804,0.0648
56,2018-05-11T16:00:00,0.06413405251157284,0.0724
56,2018-05-11T17:00:00,0.06533837985862083,0.0769
56,2018-05-11T18:00:00,0.06467262806982485,0.0826
56,2018-05-11T19:00:00,0.0590514870390936,0.0721
56,2018-05-11T20:00:00,0.04858686301847486,0.0679
56,2018-05-11T21:00:00,0.036935566304087286,0.0537
56,2018-05-11T22:00:00,0.027156439740154973,0.0405
56,2018-05-11T23:00:00,0.020778137482744832,0.0313
56,2018-05-12T00:00:00,0.013913865137235658,0.0213
56,2018-05-12T01:00:00,0.008163704615217128,0.0153
56,2018-05-12T02:00:00,0.004330855909515607,0.0106
56,2018-05-12T03:00:00,0.0034385617684890464,0.0063
56,2018-05-12T04:00:00,0.004853099686980104,0.0046
56,2018-05-12T05:00:00,0.007724461887820808,0.0067
56,2018-05-12T06:00:00,0.012784198611037023,0.0106
56,2018-05-12T07:00:00,0.01901529477144567,0.0157
56,2018-05-12T08:00:00,0.02723618810082781,0.0267
56,2018-05-12T09:00:00,0.03681495011938265,0.0375
56,2018-05-12T10:00:00,0.04200434762041852,0.0392
56,2018-05-12T11:00:00,0.04627627259936179,0.0454
56,2018-05-12T12:00:00,0.052748322011844706,0.0518
56,2018-05-12T13:00:00,0.05943223602442249,0.0601
56,2018-05-12T14:00:00,0.06444387450556188,0.0646
56,2018-05-12T15:00:00,0.06802972276736079,0.0661
56,2018-05-12T16:00:00,0.07109703479896978,0.0698
56,2018-05-12T17:00:00,0.07235084984224807,0.0796
56,2018-05-12T18:00:00,0.07239377048404305,0.073
56,2018-05-12T19:00:00,0.06685024614951666,0.0724
56,2018-05-12T20:00:00,0.05629963191264334,0.0595
56,2018-05-12T21:00:00,0.04356634639837503,0.0479
56,2018-05-12T22:00:00,0.033090286101262335,0.0362
56,2018-05-12T23:00:00,0.026069798459046355,0.029
56,2018-05-13T00:00:00,0.01847292002852661,0.0258
56,2018-05-13T01:00:00,0.012341360473901837,0.0178
56,2018-05-13T02:00:00,0.007070297060332395,0.0124
56,2018-05-13T03:00:00,0.004664486104056183,0.0083
56,2018-05-13T04:00:00,0.004391920054159504,0.0057
56,2018-05-13T05:00:00,0.005396066130614961,0.0053
56,2018-05-13T06:00:00,0.007351285690450682,0.0055
56,2018-05-13T07:00:00,0.012500127950835566,0.0088
56,2018-05-13T08:00:00,0.02057840914266764,0.0153
56,2018-05-13T09:00:00,0.02981371309287991,0.026
57,2018-05-10T10:00:00,0.0483977150301073,0.0499
57,2018-05-10T11:00:00,0.04660488463917911,0.0468
57,2018-05-10T12:00:00,0.04862886027774919,0.0459
57,2018-05-10T13:00:00,0.05245847977285191,0.0526
57,2018-05-10T14:00:00,0.056227769273739875,0.0592
57,2018-05-10T15:00:00,0.05875838229867109,0.0624
57,2018-05-10T16:00:00,0.06048869951773607,0.0648
57,2018-05-10T17:00:00,0.062030425931814064,0.0717
57,2018-05-10T18:00:00,0.06355136660235786,0.0786
57,2018-05-10T19:00:00,0.06328705317423022,0.0808
57,2018-05-10T20:00:00,0.05500518102986026,0.0653
57,2018-05-10T21:00:00,0.04365992341978034,0.0535
57,2018-05-10T22:00:00,0.03303466711005191,0.0369
57,2018-05-10T23:00:00,0.025070026272128485,0.0296
57,2018-05-11T00:00:00,0.016341273082031017,0.0181
57,2018-05-11T01:00:00,0.008173001517787517,0.0132
57,2018-05-11T02:00:00,0.0030635388060776085,0.009
57,2018-05-11T03:00:00,-0.0008161693723608941,0.0055
57,2018-05-11T04:00:00,-0.0017006804675492211,0.0046
57,2018-05-11T05:00:00,-0.00020684904626457057,0.0056
57,2018-05-11T06:00:00,0.004513485903619722,0.0112
57,2018-05-11T07:00:00,0.012137121226235607,0.0189
57,2018-05-11T08:00:00,0.02397625742412087,0.0341
57,2018-05-11T09:00:00,0.03516899011370841,0.0512
57,2018-05-11T10:00:00,0.04057856090537604,0.0542
57,2018-05-11T11:00:00,0.041886713593304314,0.0452
57,2018-05-11T12:00:00,0.045602713234641636,0.0463
57,2018-05-11T13:00:00,0.04999568542694244,0.0216
57,2018-05-11T14:00:00,0.05315457527795282,0.0341
57,2018-05-11T15:00:00,0.05510951624609825,0.0648
57,2018-05-11T16:00:00,0.05617618075086391,0.0724
57,2018-05-11T17:00:00,0.056745434685879004,0.0769
57,2018-05-11T18:00:00,0.05748659896744343,0.0826
57,2018-05-11T19:00:00,0.056069080643510946,0.0721
57,2018-05-11T20:00:00,0.0483025978697349,0.0679
57,2018-05-11T21:00:00,0.03813003658653102,0.0537
57,2018-05-11T22:00:00,0.03034410404778689,0.0405
57,2018-05-11T23:00:00,0.02440487476957838,0.0313
57,2018-05-12T00:00:00,0.016798218296374068,0.0213
57,2018-05-12T01:00:00,0.0088015096275341,0.0153
57,2018-05-12T02:00:00,0.003496524609410818,0.0106
57,2018-05-12T03:00:00,-0.001331409810290174,0.0063
57,2018-05-12T04:00:00,-0.0019148456392752422,0.0046
57,2018-05-12T05:00:00,-0.0003716386592960072,0.0067
57,2018-05-12T06:00:00,0.0027186405413466494,0.0106
57,2018-05-12T07:00:00,0.00940482358687367,0.0157
57,2018-05-12T08:00:00,0.01986459765907273,0.0267
57,2018-05-12T09:00:00,0.03215556472359794,0.0375
57,2018-05-12T10:00:00,0.03990872660942042,0.0392
57,2018-05-12T11:00:00,0.04434815002374224,0.0454
57,2018-05-12T12:00:00,0.05036228580913227,0.0518
57,2018-05-12T13:00:00,0.05450677874377821,0.0601
57,2018-05-12T14:00:00,0.05740040900620336,0.0646
57,2018-05-12T15:00:00,0.05739029735435004,0.0661
57,2018-05-12T16:00:00,0.0585923977200247,0.0698
57,2018-05-12T17:00:00,0.05853209225589587,0.0796
57,2018-05-12T18:00:00,0.05779488607891238,0.073
57,2018-05-12T19:00:00,0.05532292799375618,0.0724
57,2018-05-12T20:00:00,0.04704261526199227,0.0595
57,2018-05-12T21:00:00,0.03790646465249259,0.0479
57,2018-05-12T22:00:00,0.030639282491588614,0.0362
57,2018-05-12T23:00:00,0.025890794537288524,0.029
57,2018-05-13T00:00:00,0.019436412743987327,0.0258
57,2018-05-13T01:00:00,0.012349609591372886,0.0178
57,2018-05-13T02:00:00,0.006045994261832135,0.0124
57,2018-05-13T03:00:00,0.0014385187330491732,0.0083
57,2018-05-13T04:00:00,5.0688821697276315e-05,0.0057
57,2018-05-13T05:00:00,0.0008814159513182221,0.0053
57,2018-05-13T06:00:00,0.0019141097913581706,0.0055
57,2018-05-13T07:00:00,0.006759262579238427,0.0088
57,2018-05-13T08:00:00,0.015196688759284272,0.0153
57,2018-05-13T09:00:00,0.027323898296622386,0.026
57,2018-05-13T10:00:00,0.036971145441590914,0.0331
57,2018-05-13T11:00:00,0.044602359509472146,0.0406
57,2018-05-13T12:00:00,0.05160594890113035,0.0471
57,2018-05-13T13:00:00,0.05662038205991764,0.0514
57,2018-05-13T14:00:00,0.058102202499837795,0.0566
57,2018-05-13T15:00:00,0.05824138445529927,0.0557
57,2018-05-13T16:00:00,0.05847839064133127,0.056
57,2018-05-13T17:00:00,0.057878558202045856,0.0574
57,2018-05-13T18:00:00,0.05750603029980408,0.0615
57,2018-05-13T19:00:00,0.054414780408617885,0.0585
57,2018-05-13T20:00:00,0.045755935860864044,0.0534
57,2018-05-13T21:00:00,0.034941354420504604,0.0427
57,2018-05-13T22:00:00,0.027294728625273417,0.0319
57,2018-05-13T23:00:00,0.023827531162650836,0.0276
57,2018-05-14T00:00:00,0.017826121235415486,0.0229
57,2018-05-14T01:00:00,0.011454401626566722,0.0181
57,2018-05-14T02:00:00,0.005522611587520536,0.009
57,2018-05-14T03:00:00,0.0018679739561563574,0.0057
57,2018-05-14T04:00:00,0.0012994909666993078,0.0042
57,2018-05-14T05:00:00,0.0015098925223828857,0.0035
57,2018-05-14T06:00:00,0.002763427221821893,0.0024
57,2018-05-14T07:00:00,0.006037671554103275,0.0036
57,2018-05-14T08:00:00,0.012746643049466416,0.0072
57,2018-05-14T09:00:00,0.02228610401562128,0.0129
58,2018-05-11T10:00:00,0.05139204304745568,0.0542
58,2018-05-11T11:00:00,0.04845630689251848,0.0452
58,2018-05-11T12:00:00,0.04998922174929786,0.0463
58,2018-05-11T13:00:00,0.054240725431697986,0.0216
58,2018-05-11T14:00:00,0.05985038813435938,0.0341
58,2018-05-11T15:00:00,0.06187674669556341,0.0648
58,2018-05-11T16:00:00,0.06309270305549486,0.0724
58,2018-05-11T17:00:00,0.0654552026407501,0.0769
58,2018-05-11T18:00:00,0.0675065661202696,0.0826
58,2018-05-11T19:00:00,0.06725564611906396,0.0721
58,2018-05-11T20:00:00,0.05756963856478951,0.0679
58,2018-05-11T21:00:00,0.04513875539437369,0.0537
58,2018-05-11T22:00:00,0.03494075518554812,0.0405
58,2018-05-11T23:00:00,0.026902501311874678,0.0313
58,2018-05-12T00:00:00,0.017124289194503144,0.0213
58,2018-05-12T01:00:00,0.009089920360797532,0.0153
58,2018-05-12T02:00:00,0.004257819330785121,0.0106
58,2018-05-12T03:00:00,-0.00041877672372327493,0.0063
58,2018-05-12T04:00:00,-0.0023340700643974116,0.0046
58,2018-05-12T05:00:00,-0.002338163084451013,0.0067
58,2018-05-12T06:00:00,0.0019932806437220722,0.0106
58,2018-05-12T07:00:00,0.009430028250174655,0.0157
58,2018-05-12T08:00:00,0.022217527532158964,0.0267
58,2018-05-12T09:00:00,0.03482066850026995,0.0375
58,2018-05-12T10:00:00,0.040554047114424,0.0392
58,2018-05-12T11:00:00,0.04154415444748242,0.0454
58,2018-05-12T12:00:00,0.04480945581129052,0.0518
58,2018-05-12T13:00:00,0.050451741776100054,0.0601
58,2018-05-12T14:00:00,0.05438719457483195,0.0646
58,2018-05-12T15:00:00,0.05616762325516965,0.0661
58,2018-05-12T16:00:00,0.056038959450128455,0.0698
58,2018-05-12T17:00:00,0.05727311888597468,0.0796
58,2018-05-12T18:00:00,0.058213891485410105,0.073
58,2018-05-12T19:00:00,0.05675307580764859,0.0724
58,2018-05-12T20:00:00,0.048406878769354025,0.0595
58,2018-05-12T21:00:00,0.037461547415359286,0.0479
58,2018-05-12T22:00:00,0.027777122051627832,0.0362
58,2018-05-12T23:00:00,0.020654566298759204,0.029
58,2018-05-13T00:00:00,0.013326092038627009,0.0258
58,2018-05-13T01:00:00,0.004887829032220889,0.0178
58,2018-05-13T02:00:00,-0.0003901343440930252,0.0124
58,2018-05-13T03:00:00,-0.004835823443222927,0.0083
58,2018-05-13T04:00:00,-0.0065848939129872705,0.0057
58,2018-05-13T05:00:00,-0.007096754455504138,0.0053
58,2018-05-13T06:00:00,-0.005838837631427264,0.0055
58,2018-05-13T07:00:00,8.969691478519573e-05,0.0088
58,2018-05-13T08:00:00,0.010476334535761023,0.0153
58,2018-05-13T09:00:00,0.022056873866831528,0.026
58,2018-05-13T10:00:00,0.028712386945910648,0.0331
58,2018-05-13T11:00:00,0.03262429541772976,0.0406
58,2018-05-13T12:00:00,0.03948764315421398,0.0471
58,2018-05-13T13:00:00,0.04529277559881888,0.0514
58,2018-05-13T14:00:00,0.049774876106225295,0.0566
58,2018-05-13T15:00:00,0.05010894784231275,0.0557
58,2018-05-13T16:00:00,0.050649368413457074,0.056
58,2018-05-13T17:00:00,0.05110106541591376,0.0574
58,2018-05-13T18:00:00,0.05177999686945427,0.0615
58,2018-05-13T19:00:00,0.04980741351307265,0.0585
58,2018-05-13T20:00:00,0.04073522229921712,0.0534
58,2018-05-13T21:00:00,0.0314799003971605,0.0427
58,2018-05-13T22:00:00,0.02268499545250969,0.0319
58,2018-05-13T23:00:00,0.017874474239956268,0.0276
58,2018-05-14T00:00:00,0.011452211440322286,0.0229
58,2018-05-14T01:00:00,0.004380178903740324,0.0181
58,2018-05-14T02:00:00,-2.3977885698807377e-06,0.009
58,2018-05-14T03:00:00,-0.002983134386159776,0.0057
58,2018-05-14T04:00:00,-0.004937905395852635,0.0042
58,2018-05-14T05:00:00,-0.005422337797993171,0.0035
58,2018-05-14T06:00:00,-0.0027499566456830465,0.0024
58,2018-05-14T07:00:00,0.0029002069810104697,0.0036
58,2018-05-14T08:00:00,0.012561393592613952,0.0072
58,2018-05-14T09:00:00,0.022645694400109717,0.0129
58,2018-05-14T10:00:00,0.027990383114472148,0.018
58,2018-05-14T11:00:00,0.03219925876395956,0.0248
58,2018-05-14T12:00:00,0.03968037253512845,0.0355
58,2018-05-14T13:00:00,0.04643074836254582,0.0418
58,2018-05-14T14:00:00,0.05118095815366383,0.0496
58,2018-05-14T15:00:00,0.05295519824374924,0.0525
58,2018-05-14T16:00:00,0.05366030855543225,0.052
58,2018-05-14T17:00:00,0.054134559219759654,0.0486
58,2018-05-14T18:00:00,0.05512840441227028,0.0437
58,2018-05-14T19:00:00,0.05306586923075514,0.0338
58,2018-05-14T20:00:00,0.04408934009560962,0.0447
58,2018-05-14T21:00:00,0.03394187887241168,0.0361
58,2018-05-14T22:00:00,0.024917223636020308,0.0273
58,2018-05-14T23:00:00,0.019954353944378347,0.0213
58,2018-05-15T00:00:00,0.013203803252491222,0.0132
58,2018-05-15T01:00:00,0.007910314083927745,0.0093
58,2018-05-15T02:00:00,0.004070886058747933,0.006
58,2018-05-15T03:00:00,0.0025112596905314012,0.0046
58,2018-05-15T04:00:00,0.0021983223756282637,0.0035
58,2018-05-15T05:00:00,0.003899091354032297,0.005
58,2018-05-15T06:00:00,0.009198234707404412,0.0095
58,2018-05-15T07:00:00,0.016861256587291252,0.0174
58,2018-05-15T08:00:00,0.029507082612004017,0.0305
58,2018-05-15T09:00:00,0.04071188787975399,0.0461
59,2018-05-12T10:00:00,0.04253450357710222,0.0392
59,2018-05-12T11:00:00,0.03921275813512169,0.0454
59,2018-05-12T12:00:00,0.037690554340367007,0.0518
59,2018-05-12T13:00:00,0.03625740229180683,0.0601
59,2018-05-12T14:00:00,0.04223845750416088,0.0646
59,2018-05-12T15:00:00,0.052685959524795115,0.0661
59,2018-05-12T16:00:00,0.059933771152908585,0.0698
59,2018-05-12T17:00:00,0.06359614452208812,0.0796
59,2018-05-12T18:00:00,0.06466325407269866,0.073
59,2018-05-12T19:00:00,0.06208255411658066,0.0724
59,2018-05-12T20:00:00,0.05446592213349999,0.0595
59,2018-05-12T21:00:00,0.04187740092139297,0.0479
59,2018-05-12T22:00:00,0.03132656740307285,0.0362
59,2018-05-12T23:00:00,0.023063902578814462,0.029
59,2018-05-13T00:00:00,0.014093078440798453,0.0258
59,2018-05-13T01:00:00,0.008072123291517748,0.0178
59,2018-05-13T02:00:00,0.0029382689136407923,0.0124
59,2018-05-13T03:00:00,0.0005402725418847329,0.0083
59,2018-05-13T04:00:00,-0.00015956029702368646,0.0057
59,2018-05-13T05:00:00,0.0017333265622953634,0.0053
59,2018-05-13T06:00:00,0.005418353465838351,0.0055
59,2018-05-13T07:00:00,0.010387826481399836,0.0088
59,2018-05-13T08:00:00,0.020698458857602017,0.0153
59,2018-05-13T09:00:00,0.02956399016862875,0.026
59,2018-05-13T10:00:00,0.03609809252475898,0.0331
59,2018-05-13T11:00:00,0.035735098415631786,0.0406
59,2018-05-13T12:00:00,0.037227560182046614,0.0471
59,2018-05-13T13:00:00,0.03869077980823002,0.0514
59,2018-05-13T14:00:00,0.044417159463221355,0.0566
59,2018-05-13T15:00:00,0.051096699060616854,0.0557
59,2018-05-13T16:00:00,0.05648074805001531,0.056
59,2018-05-13T17:00:00,0.058863816112329284,0.0574
59,2018-05-13T18:00:00,0.0592858176936094,0.0615
59,2018-05-13T19:00:00,0.05723845437024672,0.0585
59,2018-05-13T20:00:00,0.04825092173940916,0.0534
59,2018-05-13T21:00:00,0.03748329386218775,0.0427
59,2018-05-13T22:00:00,0.025927703555879776,0.0319
59,2018-05-13T23:00:00,0.019673700325148015,0.0276
59,2018-05-14T00:00:00,0.011683608997419534,0.0229
59,2018-05-14T01:00:00,0.00546101478958199,0.0181
59,2018-05-14T02:00:00,0.0012997958406245347,0.009
59,2018-05-14T03:00:00,-0.00027397387428407596,0.0057
59,2018-05-14T04:00:00,0.0004084601250985351,0.0042
59,2018-05-14T05:00:00,0.0023115655173596254,0.0035
59,2018-05-14T06:00:00,0.006803903831347036,0.0024
59,2018-05-14T07:00:00,0.013012915380171082,0.0036
59,2018-05-14T08:00:00,0.02128854496809969,0.0072
59,2018-05-14T09:00:00,0.03189569562139751,0.0129
59,2018-05-14T10:00:00,0.03728416055190945,0.018
59,2018-05-14T11:00:00,0.03566854356168053,0.0248
59,2018-05-14T12:00:00,0.040135253192310046,0.0355
59,2018-05-14T13:00:00,0.04213610326757726,0.0418
59,2018-05-14T14:00:00,0.048837769002488554,0.0496
59,2018-05-14T15:00:00,0.05553708790903521,0.0525
59,2018-05-14T16:00:00,0.06068693064649656,0.052
59,2018-05-14T17:00:00,0.06364092244181838,0.0486
59,2018-05-14T18:00:00,0.0632642279292652,0.0437
59,2018-05-14T19:00:00,0.06091223598153628,0.0338
59,2018-05-14T20:00:00,0.052139539595490024,0.0447
59,2018-05-14T21:00:00,0.04009173927286517,0.0361
59,2018-05-14T22:00:00,0.02820391628605547,0.0273
59,2018-05-14T23:00:00,0.020637788771267217,0.0213
59,2018-05-15T00:00:00,0.012415909157215483,0.0132
59,2018-05-15T01:00:00,0.007707520359182842,0.0093
59,2018-05-15T02:00:00,0.003680736794057917,0.006
59,2018-05-15T03:00:00,0.0017473052069818563,0.0046
59,2018-05-15T04:00:00,0.0028296269151717422,0.0035
59,2018-05-15T05:00:00,0.005730292055814025,0.005
59,2018-05-15T06:00:00,0.011143882277277445,0.0095
59,2018-05-15T07:00:00,0.017747487066288918,0.0174
59,2018-05-15T08:00:00,0.029062728436711177,0.0305
59,2018-05-15T09:00:00,0.03924210049827566,0.0461
59,2018-05-15T10:00:00,0.04390061174692649,0.0508
59,2018-05-15T11:00:00,0.04166024833562954,0.0461
59,2018-05-15T12:00:00,0.045645991314831706,0.0428
59,2018-05-15T13:00:00,0.05022068063160995,0.0499
59,2018-05-15T14:00:00,0.05495746650841346,0.0548
59,2018-05-15T15:00:00,0.06021450221712453,0.061
59,2018-05-15T16:00:00,0.06535864521390336,0.0688
59,2018-05-15T17:00:00,0.07041108598870209,0.0744
59,2018-05-15T18:00:00,0.07115738757112147,0.0743
59,2018-05-15T19:00:00,0.07045539958894853,0.0786
59,2018-05-15T20:00:00,0.06101648359032449,0.066
59,2018-05-15T21:00:00,0.045964302470704196,0.0506
59,2018-05-15T22:00:00,0.032321497263419166,0.0317
59,2018-05-15T23:00:00,0.02455758594350899,0.0254
59,2018-05-16T00:00:00,0.014941842192179585,0.0168
59,2018-05-16T01:00:00,0.009700353301506023,0.0103
59,2018-05-16T02:00:00,0.005572186891200613,0.0073
59,2018-05-16T03:00:00,0.003670709245356389,0.0043
59,2018-05-16T04:00:00,0.00357726013082775,0.0035
59,2018-05-16T05:00:00,0.0060484297489359524,0.0058
59,2018-05-16T06:00:00,0.011004903571099452,0.0103
59,2018-05-16T07:00:00,0.018850809506694766,0.0173
59,2018-05-16T08:00:00,0.030851781369619864,0.0308
59,2018-05-16T09:00:00,0.042233628055884445,0.0455
60,2018-05-13T10:00:00,0.03178096543081363,0.0331
60,2018-05-13T11:00:00,0.03617866351938522,0.0406
60,2018-05-13T12:00:00,0.04343277920436979,0.0471
60,2018-05-13T13:00:00,0.05065203693637729,0.0514
60,2018-05-13T14:00:00,0.05767872385695443,0.0566
60,2018-05-13T15:00:00,0.0629943479237787,0.0557
60,2018-05-13T16:00:00,0.0648365065653786,0.056
60,2018-05-13T17:00:00,0.06607128450982024,0.0574
60,2018-05-13T18:00:00,0.0647613831771944,0.0615
60,2018-05-13T19:00:00,0.06046806796331347,0.0585
60,2018-05-13T20:00:00,0.04972872274953352,0.0534
60,2018-05-13T21:00:00,0.03831939255498435,0.0427
60,2018-05-13T22:00:00,0.029020772755932515,0.0319
60,2018-05-13T23:00:00,0.023225967249728016,0.0276
60,2018-05-14T00:00:00,0.017246029382788422,0.0229
60,2018-05-14T01:00:00,0.010963824437898794,0.0181
60,2018-05-14T02:00:00,0.006075489938023218,0.009
60,2018-05-14T03:00:00,0.002574317780732232,0.0057
60,2018-05-14T04:00:00,0.0008300324298747379,0.0042
60,2018-05-14T05:00:00,0.0006036985833746261,0.0035
60,2018-05-14T06:00:00,0.0016761977442954663,0.0024
60,2018-05-14T07:00:00,0.005190265718193695,0.0036
60,2018-05-14T08:00:00,0.014175466238718189,0.0072
60,2018-05-14T09:00:00,0.02283312475681694,0.0129
60,2018-05-14T10:00:00,0.02941912721171826,0.018
60,2018-05-14T11:00:00,0.030157222096193783,0.0248
60,2018-05-14T12:00:00,0.03608161408910053,0.0355
60,2018-05-14T13:00:00,0.04120836735752832,0.0418
60,2018-05-14T14:00:00,0.04879473271885987,0.0496
60,2018-05-14T15:00:00,0.05655746238948745,0.0525
60,2018-05-14T16:00:00,0.059158622189426475,0.052
60,2018-05-14T17:00:00,0.05999885297519928,0.0486
60,2018-05-14T18:00:00,0.061305057273444506,0.0437
60,2018-05-14T19:00:00,0.05818494072755664,0.0338
60,2018-05-14T20:00:00,0.04940056626845504,0.0447
60,2018-05-14T21:00:00,0.03801221981027657,0.0361
60,2018-05-14T22:00:00,0.026551795023653277,0.0273
60,2018-05-14T23:00:00,0.01948072283993578,0.0213
60,2018-05-15T00:00:00,0.012359082760132221,0.0132
60,2018-05-15T01:00:00,0.007597441598537445,0.0093
60,2018-05-15T02:00:00,0.0033261719233185147,0.006
60,2018-05-15T03:00:00,0.0014508223232959257,0.0046
60,2018-05-15T04:00:00,0.001155166453935895,0.0035
60,2018-05-15T05:00:00,0.003431199238409746,0.005
60,2018-05-15T06:00:00,0.0055937243066539084,0.0095
60,2018-05-15T07:00:00,0.010221987331120067,0.0174
60,2018-05-15T08:00:00,0.01867041875900696,0.0305
60,2018-05-15T09:00:00,0.02905706172403722,0.0461
60,2018-05-15T10:00:00,0.03397357419645178,0.0508
60,2018-05-15T11:00:00,0.034516572529198354,0.0461
60,2018-05-15T12:00:00,0.039196619966798185,0.0428
60,2018-05-15T13:00:00,0.04342200962056865,0.0499
60,2018-05-15T14:00:00,0.04931516652641196,0.0548
60,2018-05-15T15:00:00,0.05417733268103901,0.061
60,2018-05-15T16:00:00,0.05910173516798797,0.0688
60,2018-05-15T17:00:00,0.06302738469308977,0.0744
60,2018-05-15T18:00:00,0.06502170871420818,0.0743
60,2018-05-15T19:00:00,0.06450788226051829,0.0786
60,2018-05-15T20:00:00,0.05513809905266265,0.066
60,2018-05-15T21:00:00,0.04223690107020814,0.0506
60,2018-05-15T22:00:00,0.03104565709401467,0.0317
60,2018-05-15T23:00:00,0.022994094860252973,0.0254
60,2018-05-16T00:00:00,0.015016085300708408,0.0168
60,2018-05-16T01:00:00,0.00888645381083834,0.0103
60,2018-05-16T02:00:00,0.005052618645252322,0.0073
60,2018-05-16T03:00:00,0.003682898945918424,0.0043
60,2018-05-16T04:00:00,0.0030694803433215165,0.0035
60,2018-05-16T05:00:00,0.006141069370628645,0.0058
60,2018-05-16T06:00:00,0.01079598082916812,0.0103
60,2018-05-16T07:00:00,0.018167521159461925,0.0173
60,2018-05-16T08:00:00,0.02868458055160916,0.0308
60,2018-05-16T09:00:00,0.03971790777177071,0.0455
60,2018-05-16T10:00:00,0.045085354974221434,0.0545
60,2018-05-16T11:00:00,0.04378327768772032,0.045
60,2018-05-16T12:00:00,0.04670922861616207,0.0471
60,2018-05-16T13:00:00,0.05049405792649156,0.0498
60,2018-05-16T14:00:00,0.05583952284285902,0.0564
60,2018-05-16T15:00:00,0.060747230854178394,0.0596
60,2018-05-16T16:00:00,0.06544938725823386,0.0687
60,2018-05-16T17:00:00,0.06944458308126703,0.0792
60,2018-05-16T18:00:00,0.07275678246509,0.0777
60,2018-05-16T19:00:00,0.0723800932089838,0.0823
60,2018-05-16T20:00:00,0.0629193471860242,0.0663
60,2018-05-16T21:00:00,0.04803601190436003,0.0546
60,2018-05-16T22:00:00,0.034341171901849876,0.0393
60,2018-05-16T23:00:00,0.02542629896249385,0.0293
60,2018-05-17T00:00:00,0.0162386427067657,0.0187
60,2018-05-17T01:00:00,0.011026330601166028,0.0114
60,2018-05-17T02:00:00,0.006350678954966233,0.0085
60,2018-05-17T03:00:00,0.0033898467699657805,0.0044
60,2018-05-17T04:00:00,0.002670251442536558,0.0034
60,2018-05-17T05:00:00,0.005186258553440872,0.0055
60,2018-05-17T06:00:00,0.010944256437916498,0.0102
60,2018-05-17T07:00:00,0.01905997229303849,0.0195
60,2018-05-17T08:00:00,0.03222415715161611,0.0333
60,2018-05-17T09:00:00,0.04307172700197437,0.0467
61,2018-05-14T10:00:00,0.021983979913029278,0.018
61,2018-05-14T11:00:00,0.028799132461032745,0.0248
61,2018-05-14T12:00:00,0.03663440553301303,0.0355
61,2018-05-14T13:00:00,0.04256541148538372,0.0418
61,2018-05-14T14:00:00,0.04881170753832875,0.0496
61,2018-05-14T15:00:00,0.05352733271171301,0.0525
61,2018-05-14T16:00:00,0.052776461524713235,0.052
61,2018-05-14T17:00:00,0.053252849810815205,0.0486
61,2018-05-14T18:00:00,0.053711730624153645,0.0437
61,2018-05-14T19:00:00,0.051049527705358665,0.0338
61,2018-05-14T20:00:00,0.04433900205383647,0.0447
61,2018-05-14T21:00:00,0.0343911212893405,0.0361
61,2018-05-14T22:00:00,0.02669157673971593,0.0273
61,2018-05-14T23:00:00,0.020658533864944727,0.0213
61,2018-05-15T00:00:00,0.01593894112537494,0.0132
61,2018-05-15T01:00:00,0.011650465347019717,0.0093
61,2018-05-15T02:00:00,0.006870238440169547,0.006
61,2018-05-15T03:00:00,0.0023497676219095924,0.0046
61,2018-05-15T04:00:00,0.0017046649090261615,0.0035
61,2018-05-15T05:00:00,0.0013095588148277354,0.005
61,2018-05-15T06:00:00,0.0015126766871368137,0.0095
61,2018-05-15T07:00:00,0.003809568805402685,0.0174
61,2018-05-15T08:00:00,0.009630213025065181,0.0305
61,2018-05-15T09:00:00,0.01806302334379715,0.0461
61,2018-05-15T10:00:00,0.02494459973757147,0.0508
61,2018-05-15T11:00:00,0.03071238617762563,0.0461
61,2018-05-15T12:00:00,0.03676131368476069,0.0428
61,2018-05-15T13:00:00,0.041138374261603106,0.0499
61,2018-05-15T14:00:00,0.04711011680204581,0.0548
61,2018-05-15T15:00:00,0.05165393500567146,0.061
61,2018-05-15T16:00:00,0.05342399622040249,0.0688
61,2018-05-15T17:00:00,0.05630428036392854,0.0744
61,2018-05-15T18:00:00,0.057592803726659675,0.0743
61,2018-05-15T19:00:00,0.056362488505709685,0.0786
61,2018-05-15T20:00:00,0.04794387164513107,0.066
61,2018-05-15T21:00:00,0.03694635375980818,0.0506
61,2018-05-15T22:00:00,0.027214064241105704,0.0317
61,2018-05-15T23:00:00,0.020900758125900372,0.0254
61,2018-05-16T00:00:00,0.014910464707967285,0.0168
61,2018-05-16T01:00:00,0.01006469516364059,0.0103
61,2018-05-16T02:00:00,0.006489682191230167,0.0073
61,2018-05-16T03:00:00,0.004310657135894912,0.0043
61,2018-05-16T04:00:00,0.0042423320858134585,0.0035
61,2018-05-16T05:00:00,0.0057103140529667674,0.0058
61,2018-05-16T06:00:00,0.007070347872653267,0.0103
61,2018-05-16T07:00:00,0.010990415051055254,0.0173
61,2018-05-16T08:00:00,0.018349449593108226,0.0308
61,2018-05-16T09:00:00,0.027768538624128435,0.0455
61,2018-05-16T10:00:00,0.034250494687032194,0.0545
61,2018-05-16T11:00:00,0.037725250044347076,0.045
61,2018-05-16T12:00:00,0.042862574728524616,0.0471
61,2018-05-16T13:00:00,0.046098285099236275,0.0498
61,2018-05-16T14:00:00,0.05207136523022218,0.0564
61,2018-05-16T15:00:00,0.05564080111237978,0.0596
61,2018-05-16T16:00:00,0.05932107443569785,0.0687
61,2018-05-16T17:00:00,0.06347840536603418,0.0792
61,2018-05-16T18:00:00,0.065151698896039,0.0777
61,2018-05-16T19:00:00,0.06413564171071179,0.0823
61,2018-05-16T20:00:00,0.05557640087604836,0.0663
61,2018-05-16T21:00:00,0.04385441371043533,0.0546
61,2018-05-16T22:00:00,0.032713929052605686,0.0393
61,2018-05-16T23:00:00,0.02495982065589581,0.0293
61,2018-05-17T00:00:00,0.017368179048293964,0.0187
61,2018-05-17T01:00:00,0.012084926459807181,0.0114
61,2018-05-17T02:00:00,0.007996325325970274,0.0085
61,2018-05-17T03:00:00,0.0052305844187302865,0.0044
61,2018-05-17T04:00:00,0.005299322975974692,0.0034
61,2018-05-17T05:00:00,0.008607749983010251,0.0055
61,2018-05-17T06:00:00,0.01261549995359652,0.0102
61,2018-05-17T07:00:00,0.020395011707303474,0.0195
61,2018-05-17T08:00:00,0.03045113485764708,0.0333
61,2018-05-17T09:00:00,0.039802091697625774,0.0467
61,2018-05-17T10:00:00,0.04382279793395964,0.0539
61,2018-05-17T11:00:00,0.04389834359005175,0.0479
61,2018-05-17T12:00:00,0.04472584851766988,0.0463
61,2018-05-17T13:00:00,0.047226207185894944,0.0545
61,2018-05-17T14:00:00,0.054655311918428935,0.0571
61,2018-05-17T15:00:00,0.06163694758403251,0.061
61,2018-05-17T16:00:00,0.06572524910039118,0.0706
61,2018-05-17T17:00:00,0.07002708501483745,0.0767
61,2018-05-17T18:00:00,0.07301903010955188,0.0776
61,2018-05-17T19:00:00,0.07267003707261832,0.0835
61,2018-05-17T20:00:00,0.06435846249847582,0.0677
61,2018-05-17T21:00:00,0.0514799834055423,0.0539
61,2018-05-17T22:00:00,0.038404878152328216,0.042
61,2018-05-17T23:00:00,0.028468921848079334,0.0307
61,2018-05-18T00:00:00,0.018938501760483624,0.019
61,2018-05-18T01:00:00,0.011156974334572193,0.0108
61,2018-05-18T02:00:00,0.005923913280567222,0.0091
61,2018-05-18T03:00:00,0.0028207750584462316,0.0043
61,2018-05-18T04:00:00,0.004110106161864316,0.004
61,2018-05-18T05:00:00,0.006934752566185684,0.0055
61,2018-05-18T06:00:00,0.011342258834404564,0.0115
61,2018-05-18T07:00:00,0.018923470249465703,0.0187
61,2018-05-18T08:00:00,0.03193182528411554,0.0322
61,2018-05-18T09:00:00,0.04363106815404713,0.0492
62,2018-05-15T10:00:00,0.0452870565844974,0.0508
62,2018-05-15T11:00:00,0.04540356485588197,0.0461
62,2018-05-15T12:00:00,0.04913692916983969,0.0428
62,2018-05-15T13:00:00,0.05201668591651808,0.0499
62,2018-05-15T14:00:00,0.05785260186682578,0.0548
62,2018-05-15T15:00:00,0.06237082818222244,0.061
62,2018-05-15T16:00:00,0.06323541383903339,0.0688
62,2018-05-15T17:00:00,0.06147351588647262,0.0744
62,2018-05-15T18:00:00,0.05797451989823411,0.0743
62,2018-05-15T19:00:00,0.05430793436286928,0.0786
62,2018-05-15T20:00:00,0.05106546700477118,0.066
62,2018-05-15T21:00:00,0.04202965040406326,0.0506
62,2018-05-15T22:00:00,0.03234995934691778,0.0317
62,2018-05-15T23:00:00,0.02284981099734626,0.0254
62,2018-05-16T00:00:00,0.013336325289620615,0.0168
62,2018-05-16T01:00:00,0.006641525175333483,0.0103
62,2018-05-16T02:00:00,0.0017436607370711135,0.0073
62,2018-05-16T03:00:00,-0.00024011009064708877,0.0043
62,2018-05-16T04:00:00,-0.000791360694732908,0.0035
62,2018-05-16T05:00:00,0.001787063219839867,0.0058
62,2018-05-16T06:00:00,0.0048287518245379475,0.0103
62,2018-05-16T07:00:00,0.012300777198866918,0.0173
62,2018-05-16T08:00:00,0.023205318524245264,0.0308
62,2018-05-16T09:00:00,0.035063105121683855,0.0455
62,2018-05-16T10:00:00,0.04146305623122341,0.0545
62,2018-05-16T11:00:00,0.04221352197094562,0.045
62,2018-05-16T12:00:00,0.04428429120145044,0.0471
62,2018-05-16T13:00:00,0.04557128143381047,0.0498
62,2018-05-16T14:00:00,0.05140676810761427,0.0564
62,2018-05-16T15:00:00,0.05837145698813288,0.0596
62,2018-05-16T16:00:00,0.06276439588960278,0.0687
62,2018-05-16T17:00:00,0.06451309490378006,0.0792
62,2018-05-16T18:00:00,0.06351004216829782,0.0777
62,2018-05-16T19:00:00,0.059513271163317664,0.0823
62,2018-05-16T20:00:00,0.05569447819685844,0.0663
62,2018-05-16T21:00:00,0.04599256007841502,0.0546
62,2018-05-16T22:00:00,0.03377732912857774,0.0393
62,2018-05-16T23:00:00,0.02306161549873057,0.0293
62,2018-05-17T00:00:00,0.011919103078868377,0.0187
62,2018-05-17T01:00:00,0.004068376981386304,0.0114
62,2018-05-17T02:00:00,-0.0012938314707826234,0.0085
62,2018-05-17T03:00:00,-0.002043004825405717,0.0044
62,2018-05-17T04:00:00,0.00031778816672784274,0.0034
62,2018-05-17T05:00:00,0.004382861443852512,0.0055
62,2018-05-17T06:00:00,0.0077430994966864695,0.0102
62,2018-05-17T07:00:00,0.01362634204265337,0.0195
62,2018-05-17T08:00:00,0.023343105068246685,0.0333
62,2018-05-17T09:00:00,0.03319849619500398,0.0467
62,2018-05-17T10:00:00,0.03725145774219692,0.0539
62,2018-05-17T11:00:00,0.036359217041714714,0.0479
62,2018-05-17T12:00:00,0.036367395898011044,0.0463
62,2018-05-17T13:00:00,0.035748555445562304,0.0545
62,2018-05-17T14:00:00,0.04366770226046098,0.0571
62,2018-05-17T15:00:00,0.054918635382374084,0.061
62,2018-05-17T16:00:00,0.06331748099368692,0.0706
62,2018-05-17T17:00:00,0.0666057898259556,0.0767
62,2018-05-17T18:00:00,0.06635624526171144,0.0776
62,2018-05-17T19:00:00,0.06321523258690265,0.0835
62,2018-05-17T20:00:00,0.0586956623732264,0.0677
62,2018-05-17T21:00:00,0.049355267960473105,0.0539
62,2018-05-17T22:00:00,0.03749873011962364,0.042
62,2018-05-17T23:00:00,0.026158738943779646,0.0307
62,2018-05-18T00:00:00,0.01455279502920777,0.019
62,2018-05-18T01:00:00,0.005506479551718509,0.0108
62,2018-05-18T02:00:00,-0.0011557673863803082,0.0091
62,2018-05-18T03:00:00,-0.0008427109253454773,0.0043
62,2018-05-18T04:00:00,0.002347612478645067,0.004
62,2018-05-18T05:00:00,0.006903147302603961,0.0055
62,2018-05-18T06:00:00,0.013035276831296981,0.0115
62,2018-05-18T07:00:00,0.021082968480320055,0.0187
62,2018-05-18T08:00:00,0.03198691687847831,0.0322
62,2018-05-18T09:00:00,0.04211608040971572,0.0492
62,2018-05-18T10:00:00,0.04602837435431385,0.0563
62,2018-05-18T11:00:00,0.04451986237745509,0.0459
62,2018-05-18T12:00:00,0.04226487115026879,0.0497
62,2018-05-18T13:00:00,0.037928194804335395,0.054
62,2018-05-18T14:00:00,0.04437984639907173,0.0594
62,2018-05-18T15:00:00,0.05831054703260059,0.0643
62,2018-05-18T16:00:00,0.06853946320959303,0.074
62,2018-05-18T17:00:00,0.07374474919772056,0.0873
62,2018-05-18T18:00:00,0.07370832552440107,0.0802
62,2018-05-18T19:00:00,0.06943056413715364,0.0832
62,2018-05-18T20:00:00,0.06249477695431661,0.071
62,2018-05-18T21:00:00,0.05022724242959828,0.0545
62,2018-05-18T22:00:00,0.03827017293755037,0.0403
62,2018-05-18T23:00:00,0.028751840610488136,0.0308
62,2018-05-19T00:00:00,0.019578921329531755,0.0222
62,2018-05-19T01:00:00,0.012529234649949636,0.0142
62,2018-05-19T02:00:00,0.006332172757275243,0.0093
62,2018-05-19T03:00:00,0.004057534683401847,0.0053
62,2018-05-19T04:00:00,0.0046342650381809465,0.0051
62,2018-05-19T05:00:00,0.007554606812043244,0.0043
62,2018-05-19T06:00:00,0.012222738234754137,0.0099
62,2018-05-19T07:00:00,0.018234128402668144,0.0182
62,2018-05-19T08:00:00,0.02714065392899447,0.0303
62,2018-05-19T09:00:00,0.03666703650461675,0.0357
63,2018-05-16T10:00:00,0.04871219774042451,0.0545
63,2018-05-16T11:00:00,0.047770911761333384,0.045
63,2018-05-16T12:00:00,0.048266225008736285,0.0471
63,2018-05-16T13:00:00,0.05171859456005423,0.0498
63,2018-05-16T14:00:00,0.05623079873935318,0.0564
63,2018-05-16T15:00:00,0.059807845956747444,0.0596
63,2018-05-16T16:00:00,0.06391570145589645,0.0687
63,2018-05-16T17:00:00,0.06771685904271546,0.0792
63,2018-05-16T18:00:00,0.06950480444224406,0.0777
63,2018-05-16T19:00:00,0.06887480174940427,0.0823
63,2018-05-16T20:00:00,0.06233542601176736,0.0663
63,2018-05-16T21:00:00,0.04970250183981513,0.0546
63,2018-05-16T22:00:00,0.03642028293850761,0.0393
63,2018-05-16T23:00:00,0.02621857781063095,0.0293
63,2018-05-17T00:00:00,0.017679219311479616,0.0187
63,2018-05-17T01:00:00,0.00885015804439553,0.0114
63,2018-05-17T02:00:00,0.003024446609837899,0.0085
63,2018-05-17T03:00:00,0.00023843509086840173,0.0044
63,2018-05-17T04:00:00,-7.235058506820102e-05,0.0034
63,2018-05-17T05:00:00,0.0015205911441497078,0.0055
63,2018-05-17T06:00:00,0.004445318546947873,0.0102
63,2018-05-17T07:00:00,0.009150203046989411,0.0195
63,2018-05-17T08:00:00,0.019144262048692892,0.0333
63,2018-05-17T09:00:00,0.02957950469105598,0.0467
63,2018-05-17T10:00:00,0.03620406967982069,0.0539
63,2018-05-17T11:00:00,0.03844400188724984,0.0479
63,2018-05-17T12:00:00,0.042663998426412005,0.0463
63,2018-05-17T13:00:00,0.04777141638024411,0.0545
63,2018-05-17T14:00:00,0.05205642640788613,0.0571
63,2018-05-17T15:00:00,0.05507809846245905,0.061
63,2018-05-17T16:00:00,0.05695218476305585,0.0706
63,2018-05-17T17:00:00,0.058399076112749734,0.0767
63,2018-05-17T18:00:00,0.058641692679865486,0.0776
63,2018-05-17T19:00:00,0.056912439015240804,0.0835
63,2018-05-17T20:00:00,0.05157909196132657,0.0677
63,2018-05-17T21:00:00,0.0411855035652854,0.0539
63,2018-05-17T22:00:00,0.030879607598247986,0.042
63,2018-05-17T23:00:00,0.023472945966983086,0.0307
63,2018-05-18T00:00:00,0.015921609918800365,0.019
63,2018-05-18T01:00:00,0.00854450616501589,0.0108
63,2018-05-18T02:00:00,0.0027918085312518062,0.0091
63,2018-05-18T03:00:00,9.001054945539932e-05,0.0043
63,2018-05-18T04:00:00,-0.00015574411651137973,0.004
63,2018-05-18T05:00:00,0.0017527316124210691,0.0055
63,2018-05-18T06:00:00,0.00450748829760796,0.0115
63,2018-05-18T07:00:00,0.008887140653244596,0.0187
63,2018-05-18T08:00:00,0.01715347649247101,0.0322
63,2018-05-18T09:00:00,0.02709466177001029,0.0492
63,2018-05-18T10:00:00,0.03311802016685329,0.0563
63,2018-05-18T11:00:00,0.037762112806204846,0.0459
63,2018-05-18T12:00:00,0.04371333242546268,0.0497
63,2018-05-18T13:00:00,0.05037546547387679,0.054
63,2018-05-18T14:00:00,0.05564943920692784,0.0594
63,2018-05-18T15:00:00,0.058830069722675,0.0643
63,2018-05-18T16:00:00,0.06231652558055237,0.074
63,2018-05-18T17:00:00,0.06478073040640325,0.0873
63,2018-05-18T18:00:00,0.0629440279567755,0.0802
63,2018-05-18T19:00:00,0.058733149600986176,0.0832
63,2018-05-18T20:00:00,0.051300195397108964,0.071
63,2018-05-18T21:00:00,0.03983407104501805,0.0545
63,2018-05-18T22:00:00,0.03054185885484294,0.0403
63,2018-05-18T23:00:00,0.024523340366605875,0.0308
63,2018-05-19T00:00:00,0.018885969354943757,0.0222
63,2018-05-19T01:00:00,0.012353391955409576,0.0142
63,2018-05-19T02:00:00,0.006535910890328744,0.0093
63,2018-05-19T03:00:00,0.0041156464569882395,0.0053
63,2018-05-19T04:00:00,0.0029947722144492775,0.0051
63,2018-05-19T05:00:00,0.0054051037151340055,0.0043
63,2018-05-19T06:00:00,0.00831664794888965,0.0099
63,2018-05-19T07:00:00,0.012907542891727727,0.0182
63,2018-05-19T08:00:00,0.020627215252938674,0.0303
63,2018-05-19T09:00:00,0.030498649161028162,0.0357
63,2018-05-19T10:00:00,0.03767962198192418,0.0499
63,2018-05-19T11:00:00,0.043564228926313904,0.0471
63,2018-05-19T12:00:00,0.050247455220410936,0.0508
63,2018-05-19T13:00:00,0.05769617175665212,0.0594
63,2018-05-19T14:00:00,0.06224329451328337,0.0649
63,2018-05-19T15:00:00,0.06493196013835814,0.0651
63,2018-05-19T16:00:00,0.0690085660601715,0.0781
63,2018-05-19T17:00:00,0.07210169951152792,0.0818
63,2018-05-19T18:00:00,0.07150516812095012,0.0748
63,2018-05-19T19:00:00,0.06685001136155126,0.0839
63,2018-05-19T20:00:00,0.059239143948665945,0.0699
63,2018-05-19T21:00:00,0.04659389691282802,0.0552
63,2018-05-19T22:00:00,0.035755022277075076,0.0448
63,2018-05-19T23:00:00,0.02910189254114566,0.0341
63,2018-05-20T00:00:00,0.023214210680397678,0.0272
63,2018-05-20T01:00:00,0.016529196843895387,0.0191
63,2018-05-20T02:00:00,0.010339302467117086,0.012
63,2018-05-20T03:00:00,0.0062343783132376394,0.0083
63,2018-05-20T04:00:00,0.004644141902068858,0.0061
63,2018-05-20T05:00:00,0.004222490750587855,0.0049
63,2018-05-20T06:00:00,0.00491665538749567,0.0065
63,2018-05-20T07:00:00,0.007492861081440077,0.0085
63,2018-05-20T08:00:00,0.013930445723180545,0.0165
63,2018-05-20T09:00:00,0.02364135832327772,0.0258
64,2018-05-17T10:00:00,0.04919851195058626,0.0539
64,2018-05-17T11:00:00,0.04724588732341295,0.0479
64,2018-05-17T12:00:00,0.048037788583441515,0.0463
64,2018-05-17T13:00:00,0.05108562022251799,0.0545
64,2018-05-17T14:00:00,0.05573140648908864,0.0571
64,2018-05-17T15:00:00,0.05906791168377788,0.061
64,2018-05-17T16:00:00,0.06191540786315021,0.0706
64,2018-05-17T17:00:00,0.06551708328682591,0.0767
64,2018-05-17T18:00:00,0.06633931424596744,0.0776
64,2018-05-17T19:00:00,0.06567785171791257,0.0835
64,2018-05-17T20:00:00,0.060018433240224545,0.0677
64,2018-05-17T21:00:00,0.048967340420709445,0.0539
64,2018-05-17T22:00:00,0.037561598627303155,0.042
64,2018-05-17T23:00:00,0.027955281787999605,0.0307
64,2018-05-18T00:00:00,0.01808883898145288,0.019
64,2018-05-18T01:00:00,0.009100506845028642,0.0108
64,2018-05-18T02:00:00,0.0029282343563432796,0.0091
64,2018-05-18T03:00:00,-0.0007063008695949585,0.0043
64,2018-05-18T04:00:00,-0.002413028906732853,0.004
64,2018-05-18T05:00:00,-0.0013471861598461018,0.0055
64,2018-05-18T06:00:00,0.0031903996498023786,0.0115
64,2018-05-18T07:00:00,0.010534425283559475,0.0187
64,2018-05-18T08:00:00,0.02222914287828026,0.0322
64,2018-05-18T09:00:00,0.03456224474577595,0.0492
64,2018-05-18T10:00:00,0.039703896887542695,0.0563
64,2018-05-18T11:00:00,0.04051040581374715,0.0459
64,2018-05-18T12:00:00,0.0432716727837419,0.0497
64,2018-05-18T13:00:00,0.04771705770980618,0.054
64,2018-05-18T14:00:00,0.05182392674907069,0.0594
64,2018-05-18T15:00:00,0.05514054855695843,0.0643
64,2018-05-18T16:00:00,0.05691544570291717,0.074
64,2018-05-18T17:00:00,0.05908103002330756,0.0873
64,2018-05-18T18:00:00,0.05966050949986068,0.0802
64,2018-05-18T19:00:00,0.05791145655158629,0.0832
64,2018-05-18T20:00:00,0.05220213862265402,0.071
64,2018-05-18T21:00:00,0.041822506093362403,0.0545
64,2018-05-18T22:00:00,0.03281267561440747,0.0403
64,2018-05-18T23:00:00,0.025298120502724425,0.0308
64,2018-05-19T00:00:00,0.01773265635154589,0.0222
64,2018-05-19T01:00:00,0.009473325604003678,0.0142
64,2018-05-19T02:00:00,0.0026476837634738827,0.0093
64,2018-05-19T03:00:00,-0.0020775729729389097,0.0053
64,2018-05-19T04:00:00,-0.0036219906878740757,0.0051
64,2018-05-19T05:00:00,-0.002388614462628863,0.0043
64,2018-05-19T06:00:00,0.0007129678511840834,0.0099
64,2018-05-19T07:00:00,0.006724563020530563,0.0182
64,2018-05-19T08:00:00,0.016904066843699515,0.0303
64,2018-05-19T09:00:00,0.028360728539925065,0.0357
64,2018-05-19T10:00:00,0.0361491452404721,0.0499
64,2018-05-19T11:00:00,0.04035127213767335,0.0471
64,2018-05-19T12:00:00,0.04577824527316478,0.0508
64,2018-05-19T13:00:00,0.05060396672868439,0.0594
64,2018-05-19T14:00:00,0.05478609407160574,0.0649
64,2018-05-19T15:00:00,0.0562567358009343,0.0651
64,2018-05-19T16:00:00,0.05894238948188571,0.0781
64,2018-05-19T17:00:00,0.06079631555613972,0.0818
64,2018-05-19T18:00:00,0.06068283587429396,0.0748
64,2018-05-19T19:00:00,0.05817677571323737,0.0839
64,2018-05-19T20:00:00,0.05206067536920034,0.0699
64,2018-05-19T21:00:00,0.04232477992786502,0.0552
64,2018-05-19T22:00:00,0.033519042742564994,0.0448
64,2018-05-19T23:00:00,0.027061045389811474,0.0341
64,2018-05-20T00:00:00,0.020552888391687864,0.0272
64,2018-05-20T01:00:00,0.01250737483908116,0.0191
64,2018-05-20T02:00:00,0.006053589827727843,0.012
64,2018-05-20T03:00:00,0.0015030293547673192,0.0083
64,2018-05-20T04:00:00,-0.0011839121556958196,0.0061
64,2018-05-20T05:00:00,-0.001590924102319008,0.0049
64,2018-05-20T06:00:00,-0.0003325569759502732,0.0065
64,2018-05-20T07:00:00,0.00411526624065621,0.0085
64,2018-05-20T08:00:00,0.011213172761455448,0.0165
64,2018-05-20T09:00:00,0.02237820572757234,0.0258
64,2018-05-20T10:00:00,0.031306361007604026,0.0349
64,2018-05-20T11:00:00,0.03836846446625801,0.0414
64,2018-05-20T12:00:00,0.0448717061608044,0.0486
64,2018-05-20T13:00:00,0.05115212654194207,0.059
64,2018-05-20T14:00:00,0.055341665475114585,0.0591
64,2018-05-20T15:00:00,0.055909969745374086,0.0595
64,2018-05-20T16:00:00,0.056451637846603245,0.0602
64,2018-05-20T17:00:00,0.056648446230379346,0.062
64,2018-05-20T18:00:00,0.057112590499300425,0.063
64,2018-05-20T19:00:00,0.055520542366070236,0.0659
64,2018-05-20T20:00:00,0.051091761504747396,0.0504
64,2018-05-20T21:00:00,0.04076098239374969,0.0422
64,2018-05-20T22:00:00,0.030608472002791272,0.0305
64,2018-05-20T23:00:00,0.0251688777876551,0.0284
64,2018-05-21T00:00:00,0.019221728936158623,0.0234
64,2018-05-21T01:00:00,0.01355714512323173,0.0171
64,2018-05-21T02:00:00,0.008216642292819664,0.012
64,2018-05-21T03:00:00,0.005050284782790248,0.0073
64,2018-05-21T04:00:00,0.002989859188665754,0.0059
64,2018-05-21T05:00:00,0.002801250862188822,0.0048
64,2018-05-21T06:00:00,0.0021471123169353387,0.0043
64,2018-05-21T07:00:00,0.0043081112634043815,0.0052
64,2018-05-21T08:00:00,0.010648127488327667,0.0086
64,2018-05-21T09:00:00,0.019130717060882797,0.0149
65,2018-05-18T10:00:00,0.050885360105220656,0.0563
65,2018-05-18T11:00:00,0.04755675885465034,0.0459
65,2018-05-18T12:00:00,0.048395044755038086,0.0497
65,2018-05-18T13:00:00,0.053156697130386434,0.054
65,2018-05-18T14:00:00,0.058012198110234406,0.0594
65,2018-05-18T15:00:00,0.06152801472883019,0.0643
65,2018-05-18T16:00:00,0.06538502206488236,0.074
65,2018-05-18T17:00:00,0.06811914544349765,0.0873
65,2018-05-18T18:00:00,0.0677303453335342,0.0802
65,2018-05-18T19:00:00,0.06699710777402564,0.0832
65,2018-05-18T20:00:00,0.05910010041297512,0.071
65,2018-05-18T21:00:00,0.04709298253701834,0.0545
65,2018-05-18T22:00:00,0.036890668887795526,0.0403
65,2018-05-18T23:00:00,0.027961439102392315,0.0308
65,2018-05-19T00:00:00,0.017836998576379857,0.0222
65,2018-05-19T01:00:00,0.008843040815175607,0.0142
65,2018-05-19T02:00:00,0.0033482454963644492,0.0093
65,2018-05-19T03:00:00,-0.0008681170857809464,0.0053
65,2018-05-19T04:00:00,-0.003150869361652729,0.0051
65,2018-05-19T05:00:00,-0.0026629799695439688,0.0043
65,2018-05-19T06:00:00,0.001442376965137375,0.0099
65,2018-05-19T07:00:00,0.008182748722649756,0.0182
65,2018-05-19T08:00:00,0.01998289750280525,0.0303
65,2018-05-19T09:00:00,0.03285701532167395,0.0357
65,2018-05-19T10:00:00,0.03934501647382725,0.0499
65,2018-05-19T11:00:00,0.04010973787299216,0.0471
65,2018-05-19T12:00:00,0.04362861707281726,0.0508
65,2018-05-19T13:00:00,0.049336306204043265,0.0594
65,2018-05-19T14:00:00,0.05395488685316002,0.0649
65,2018-05-19T15:00:00,0.05628541322354446,0.0651
65,2018-05-19T16:00:00,0.05793248233953288,0.0781
65,2018-05-19T17:00:00,0.0586510947113756,0.0818
65,2018-05-19T18:00:00,0.057120261407602936,0.0748
65,2018-05-19T19:00:00,0.05555934896202367,0.0839
65,2018-05-19T20:00:00,0.04974421525095218,0.0699
65,2018-05-19T21:00:00,0.03898391328389606,0.0552
65,2018-05-19T22:00:00,0.0301908259134843,0.0448
65,2018-05-19T23:00:00,0.022694064750925554,0.0341
65,2018-05-20T00:00:00,0.013667557843475682,0.0272
65,2018-05-20T01:00:00,0.004790539207094005,0.0191
65,2018-05-20T02:00:00,0.00019338383589483435,0.012
65,2018-05-20T03:00:00,-0.005289775461436885,0.0083
65,2018-05-20T04:00:00,-0.007893714169682847,0.0061
65,2018-05-20T05:00:00,-0.008691462350909562,0.0049
65,2018-05-20T06:00:00,-0.008148301418736195,0.0065
65,2018-05-20T07:00:00,-0.0034947180891353527,0.0085
65,2018-05-20T08:00:00,0.006137332036821139,0.0165
65,2018-05-20T09:00:00,0.018424161226278456,0.0258
65,2018-05-20T10:00:00,0.026297980647521868,0.0349
65,2018-05-20T11:00:00,0.030285122016837387,0.0414
65,2018-05-20T12:00:00,0.03733046389255524,0.0486
65,2018-05-20T13:00:00,0.04473519973685913,0.059
65,2018-05-20T14:00:00,0.049905840482897645,0.0591
65,2018-05-20T15:00:00,0.05048063821733465,0.0595
65,2018-05-20T16:00:00,0.051594915618905376,0.0602
65,2018-05-20T17:00:00,0.05021124180497092,0.062
65,2018-05-20T18:00:00,0.047132603882254695,0.063
65,2018-05-20T19:00:00,0.04548031861870652,0.0659
65,2018-05-20T20:00:00,0.0409294007073509,0.0504
65,2018-05-20T21:00:00,0.03353712509541396,0.0422
65,2018-05-20T22:00:00,0.02429416646179888,0.0305
65,2018-05-20T23:00:00,0.01753010442336237,0.0284
65,2018-05-21T00:00:00,0.010892552273206825,0.0234
65,2018-05-21T01:00:00,0.00400813634677032,0.0171
65,2018-05-21T02:00:00,0.0003039391810670186,0.012
65,2018-05-21T03:00:00,-0.0028547351556169123,0.0073
65,2018-05-21T04:00:00,-0.005871646621368923,0.0059
65,2018-05-21T05:00:00,-0.006862292389813673,0.0048
65,2018-05-21T06:00:00,-0.00598272936338877,0.0043
65,2018-05-21T07:00:00,-0.0018658415361677144,0.0052
65,2018-05-21T08:00:00,0.0072313598524502976,0.0086
65,2018-05-21T09:00:00,0.01882726938493956,0.0149
65,2018-05-21T10:00:00,0.02470018371343729,0.023
65,2018-05-21T11:00:00,0.028397724552713947,0.0297
65,2018-05-21T12:00:00,0.035885179964349874,0.0394
65,2018-05-21T13:00:00,0.04445308359886221,0.0456
65,2018-05-21T14:00:00,0.05055404625165219,0.0519
65,2018-05-21T15:00:00,0.05304907663478179,0.0508
65,2018-05-21T16:00:00,0.05425689776692691,0.0499
65,2018-05-21T17:00:00,0.05223796656531502,0.056
65,2018-05-21T18:00:00,0.04854196770476189,0.0501
65,2018-05-21T19:00:00,0.046199897300720286,0.0535
65,2018-05-21T20:00:00,0.043500080123363344,0.0426
65,2018-05-21T21:00:00,0.035405599437992916,0.0333
65,2018-05-21T22:00:00,0.02617422128273412,0.0248
65,2018-05-21T23:00:00,0.020294999743497105,0.0181
65,2018-05-22T00:00:00,0.012546766127154406,0.0128
65,2018-05-22T01:00:00,0.007168617149068662,0.0106
65,2018-05-22T02:00:00,0.003889179447164468,0.0067
65,2018-05-22T03:00:00,0.0029853316356612536,0.0038
65,2018-05-22T04:00:00,0.0018683331467004433,0.0038
65,2018-05-22T05:00:00,0.003143874837523552,0.0046
65,2018-05-22T06:00:00,0.007365635790724235,0.0095
65,2018-05-22T07:00:00,0.014852905737388985,0.0161
65,2018-05-22T08:00:00,0.026963107795200936,0.0282
65,2018-05-22T09:00:00,0.03968918987451875,0.0379
66,2018-05-19T10:00:00,0.04150933574264286,0.0499
66,2018-05-19T11:00:00,0.03952999084328741,0.0471
66,2018-05-19T12:00:00,0.04178470698308141,0.0508
66,2018-05-19T13:00:00,0.04822906543283867,0.0594
66,2018-05-19T14:00:00,0.05483352649706427,0.0649
66,2018-05-19T15:00:00,0.059517441277927075,0.0651
66,2018-05-19T16:00:00,0.06486589010403396,0.0781
66,2018-05-19T17:00:00,0.07030683837991389,0.0818
66,2018-05-19T18:00:00,0.06944808737925812,0.0748
66,2018-05-19T19:00:00,0.06828565041039572,0.0839
66,2018-05-19T20:00:00,0.05873888088035062,0.0699
66,2018-05-19T21:00:00,0.044095097657208995,0.0552
66,2018-05-19T22:00:00,0.032089003912340104,0.0448
66,2018-05-19T23:00:00,0.023239376796420755,0.0341
66,2018-05-20T00:00:00,0.013901924241830987,0.0272
66,2018-05-20T01:00:00,0.005887170716130548,0.0191
66,2018-05-20T02:00:00,0.0014937552301338766,0.012
66,2018-05-20T03:00:00,-0.0010507120369051513,0.0083
66,2018-05-20T04:00:00,-0.002105036156295155,0.0061
66,2018-05-20T05:00:00,-0.0010915371085014544,0.0049
66,2018-05-20T06:00:00,0.003024465883476851,0.0065
66,2018-05-20T07:00:00,0.009001978250561905,0.0085
66,2018-05-20T08:00:00,0.019429579362904684,0.0165
66,2018-05-20T09:00:00,0.028864588647477825,0.0258
66,2018-05-20T10:00:00,0.03495221897078131,0.0349
66,2018-05-20T11:00:00,0.03364832750921021,0.0414
66,2018-05-20T12:00:00,0.03653031228855133,0.0486
66,2018-05-20T13:00:00,0.042632691028159524,0.059
66,2018-05-20T14:00:00,0.04873557491232313,0.0591
66,2018-05-20T15:00:00,0.053224570126027035,0.0595
66,2018-05-20T16:00:00,0.05829553637215572,0.0602
66,2018-05-20T17:00:00,0.06248128015060389,0.062
66,2018-05-20T18:00:00,0.06334885146930325,0.063
66,2018-05-20T19:00:00,0.062098409312841385,0.0659
66,2018-05-20T20:00:00,0.05317527867048423,0.0504
66,2018-05-20T21:00:00,0.04011047605336398,0.0422
66,2018-05-20T22:00:00,0.027521998995411648,0.0305
66,2018-05-20T23:00:00,0.01908823095203871,0.0284
66,2018-05-21T00:00:00,0.010385401507189994,0.0234
66,2018-05-21T01:00:00,0.001944157394482851,0.0171
66,2018-05-21T02:00:00,-0.0009206640341574736,0.012
66,2018-05-21T03:00:00,-0.003436669392912789,0.0073
66,2018-05-21T04:00:00,-0.002752469227342666,0.0059
66,2018-05-21T05:00:00,-0.0005264427752018006,0.0048
66,2018-05-21T06:00:00,0.0034747769360780577,0.0043
66,2018-05-21T07:00:00,0.009417512649899443,0.0052
66,2018-05-21T08:00:00,0.01900340591486617,0.0086
66,2018-05-21T09:00:00,0.030503357658459435,0.0149
66,2018-05-21T10:00:00,0.03664830112583714,0.023
66,2018-05-21T11:00:00,0.03492142162310143,0.0297
66,2018-05-21T12:00:00,0.038552999046320285,0.0394
66,2018-05-21T13:00:00,0.04430126076447234,0.0456
66,2018-05-21T14:00:00,0.05019822509008298,0.0519
66,2018-05-21T15:00:00,0.054237844898749304,0.0508
66,2018-05-21T16:00:00,0.06054007427843457,0.0499
66,2018-05-21T17:00:00,0.06568750605887803,0.056
66,2018-05-21T18:00:00,0.06544155164792576,0.0501
66,2018-05-21T19:00:00,0.06494454757674217,0.0535
66,2018-05-21T20:00:00,0.055786376659526016,0.0426
66,2018-05-21T21:00:00,0.042808204669118215,0.0333
66,2018-05-21T22:00:00,0.02949838255270673,0.0248
66,2018-05-21T23:00:00,0.021624927087852675,0.0181
66,2018-05-22T00:00:00,0.01287643979404813,0.0128
66,2018-05-22T01:00:00,0.004857697325944425,0.0106
66,2018-05-22T02:00:00,0.0011532969109576408,0.0067
66,2018-05-22T03:00:00,-0.0001687030104824648,0.0038
66,2018-05-22T04:00:00,-5.219035872540412e-05,0.0038
66,2018-05-22T05:00:00,0.0025206179183166304,0.0046
66,2018-05-22T06:00:00,0.008298075169536828,0.0095
66,2018-05-22T07:00:00,0.015717165494486755,0.0161
66,2018-05-22T08:00:00,0.027058709074340808,0.0282
66,2018-05-22T09:00:00,0.0388307099313126,0.0379
66,2018-05-22T10:00:00,0.04519437315907982,0.0464
66,2018-05-22T11:00:00,0.04287306659670997,0.0439
66,2018-05-22T12:00:00,0.044255601513797316,0.045
66,2018-05-22T13:00:00,0.049708955004565736,0.0567
66,2018-05-22T14:00:00,0.05500187472470566,0.061
66,2018-05-22T15:00:00,0.059819623902295525,0.0649
66,2018-05-22T16:00:00,0.06663028662106237,0.0665
66,2018-05-22T17:00:00,0.07231728041964233,0.0735
66,2018-05-22T18:00:00,0.07309281485590347,0.0732
66,2018-05-22T19:00:00,0.07296790941045773,0.0779
66,2018-05-22T20:00:00,0.06348473763250409,0.067
66,2018-05-22T21:00:00,0.04861688258721561,0.0524
66,2018-05-22T22:00:00,0.03378262622542109,0.0344
66,2018-05-22T23:00:00,0.024841531325057266,0.0289
66,2018-05-23T00:00:00,0.015467343214626807,0.0175
66,2018-05-23T01:00:00,0.008484346129253695,0.0111
66,2018-05-23T02:00:00,0.0038155068383485986,0.008
66,2018-05-23T03:00:00,0.0024283252221250565,0.0049
66,2018-05-23T04:00:00,0.0025798177764292628,0.0046
66,2018-05-23T05:00:00,0.004748752205699144,0.0054
66,2018-05-23T06:00:00,0.009868461484735028,0.0102
66,2018-05-23T07:00:00,0.017301599664256775,0.0168
66,2018-05-23T08:00:00,0.029772095769593776,0.0313
66,2018-05-23T09:00:00,0.042654987124127894,0.0398
67,2018-05-20T10:00:00,0.03377784531167183,0.0349
67,2018-05-20T11:00:00,0.03577976419782633,0.0414
67,2018-05-20T12:00:00,0.041365278432601266,0.0486
67,2018-05-20T13:00:00,0.04917181095204309,0.059
67,2018-05-20T14:00:00,0.05608434536556017,0.0591
67,2018-05-20T15:00:00,0.05932242183827542,0.0595
67,2018-05-20T16:00:00,0.06364310912376483,0.0602
67,2018-05-20T17:00:00,0.06714203152174553,0.062
67,2018-05-20T18:00:00,0.06513210636597076,0.063
67,2018-05-20T19:00:00,0.06456637249828773,0.0659
67,2018-05-20T20:00:00,0.055187714655769625,0.0504
67,2018-05-20T21:00:00,0.0428317164060597,0.0422
67,2018-05-20T22:00:00,0.03283590823401396,0.0305
67,2018-05-20T23:00:00,0.025145939003435168,0.0284
67,2018-05-21T00:00:00,0.016852935631711384,0.0234
67,2018-05-21T01:00:00,0.009308420349138539,0.0171
67,2018-05-21T02:00:00,0.004780946191343373,0.012
67,2018-05-21T03:00:00,0.001331322257501457,0.0073
67,2018-05-21T04:00:00,-0.0009873823636100086,0.0059
67,2018-05-21T05:00:00,-0.0010414151343347625,0.0048
67,2018-05-21T06:00:00,0.0011133934697329963,0.0043
67,2018-05-21T07:00:00,0.004277837633059275,0.0052
67,2018-05-21T08:00:00,0.013111279272632233,0.0086
67,2018-05-21T09:00:00,0.022866448703348398,0.0149
67,2018-05-21T10:00:00,0.03034828919583468,0.023
67,2018-05-21T11:00:00,0.03045955240920107,0.0297
67,2018-05-21T12:00:00,0.035728727251454165,0.0394
67,2018-05-21T13:00:00,0.042544319641419984,0.0456
67,2018-05-21T14:00:00,0.049277561904669476,0.0519
67,2018-05-21T15:00:00,0.053823927732934665,0.0508
67,2018-05-21T16:00:00,0.05875020151501087,0.0499
67,2018-05-21T17:00:00,0.06274472976927672,0.056
67,2018-05-21T18:00:00,0.062033634116624915,0.0501
67,2018-05-21T19:00:00,0.06094575108752315,0.0535
67,2018-05-21T20:00:00,0.05240024359668683,0.0426
67,2018-05-21T21:00:00,0.03970444075459091,0.0333
67,2018-05-21T22:00:00,0.02809813344431736,0.0248
67,2018-05-21T23:00:00,0.02088005823766695,0.0181
67,2018-05-22T00:00:00,0.01220446682502855,0.0128
67,2018-05-22T01:00:00,0.004091796204860821,0.0106
67,2018-05-22T02:00:00,0.00046481974968938175,0.0067
67,2018-05-22T03:00:00,-0.0018917190246829849,0.0038
67,2018-05-22T04:00:00,-0.001591873767074592,0.0038
67,2018-05-22T05:00:00,0.0006910116721208504,0.0046
67,2018-05-22T06:00:00,0.003647559852827189,0.0095
67,2018-05-22T07:00:00,0.00881172991262514,0.0161
67,2018-05-22T08:00:00,0.01774695038305158,0.0282
67,2018-05-22T09:00:00,0.02847638850837344,0.0379
67,2018-05-22T10:00:00,0.03543248353610613,0.0464
67,2018-05-22T11:00:00,0.03461184457954196,0.0439
67,2018-05-22T12:00:00,0.03855962970376414,0.045
67,2018-05-22T13:00:00,0.04536669175634513,0.0567
67,2018-05-22T14:00:00,0.05053218819293272,0.061
67,2018-05-22T15:00:00,0.054232919607922814,0.0649
67,2018-05-22T16:00:00,0.06150162736495721,0.0665
67,2018-05-22T17:00:00,0.06783293891367062,0.0735
67,2018-05-22T18:00:00,0.06709043949457158,0.0732
67,2018-05-22T19:00:00,0.0669157011795434,0.0779
67,2018-05-22T20:00:00,0.05750529965367293,0.067
67,2018-05-22T21:00:00,0.045835678089015404,0.0524
67,2018-05-22T22:00:00,0.03321460930759686,0.0344
67,2018-05-22T23:00:00,0.024701524107418885,0.0289
67,2018-05-23T00:00:00,0.015239367604517868,0.0175
67,2018-05-23T01:00:00,0.006634807436084543,0.0111
67,2018-05-23T02:00:00,0.002656197455443255,0.008
67,2018-05-23T03:00:00,0.001389449800428811,0.0049
67,2018-05-23T04:00:00,0.0010779667691919806,0.0046
67,2018-05-23T05:00:00,0.004181182085868779,0.0054
67,2018-05-23T06:00:00,0.00958893940332602,0.0102
67,2018-05-23T07:00:00,0.01733162448944451,0.0168
67,2018-05-23T08:00:00,0.02826668842554023,0.0313
67,2018-05-23T09:00:00,0.0400071605878414,0.0398
67,2018-05-23T10:00:00,0.04644341885279223,0.0458
67,2018-05-23T11:00:00,0.0436719484183368,0.0449
67,2018-05-23T12:00:00,0.04586686721721068,0.0477
67,2018-05-23T13:00:00,0.05060504780461465,0.0552
67,2018-05-23T14:00:00,0.055052056271938196,0.0657
67,2018-05-23T15:00:00,0.059451388765092844,0.0647
67,2018-05-23T16:00:00,0.06715605046585892,0.072
67,2018-05-23T17:00:00,0.07390603626490988,0.0757
67,2018-05-23T18:00:00,0.07511836041997356,0.0808
67,2018-05-23T19:00:00,0.07568823987218007,0.0869
67,2018-05-23T20:00:00,0.06606782927200101,0.0719
67,2018-05-23T21:00:00,0.05190365128051718,0.0572
67,2018-05-23T22:00:00,0.03837884472255234,0.0451
67,2018-05-23T23:00:00,0.028776884426511325,0.0333
67,2018-05-24T00:00:00,0.01788205158350242,0.0232
67,2018-05-24T01:00:00,0.009847596894496023,0.0129
67,2018-05-24T02:00:00,0.004928128459118528,0.0089
67,2018-05-24T03:00:00,0.0028341229294943267,0.0059
67,2018-05-24T04:00:00,0.0021718964644773867,0.0043
67,2018-05-24T05:00:00,0.004705754469348362,0.007
67,2018-05-24T06:00:00,0.010511137471259622,0.0106
67,2018-05-24T07:00:00,0.018161181884396027,0.0178
67,2018-05-24T08:00:00,0.030882559268445887,0.0303
67,2018-05-24T09:00:00,0.04332067320733654,0.0394
68,2018-05-21T10:00:00,0.02461821643127649,0.023
68,2018-05-21T11:00:00,0.030404287895253932,0.0297
68,2018-05-21T12:00:00,0.039797396288747504,0.0394
68,2018-05-21T13:00:00,0.049923027312394994,0.0456
68,2018-05-21T14:00:00,0.05619627789984287,0.0519
68,2018-05-21T15:00:00,0.05789169756736348,0.0508
68,2018-05-21T16:00:00,0.05883787379430118,0.0499
68,2018-05-21T17:00:00,0.059879260045508045,0.056
68,2018-05-21T18:00:00,0.05696946796074795,0.0501
68,2018-05-21T19:00:00,0.05545966920566686,0.0535
68,2018-05-21T20:00:00,0.04525176567550354,0.0426
68,2018-05-21T21:00:00,0.032368900778419266,0.0333
68,2018-05-21T22:00:00,0.024170116590707665,0.0248
68,2018-05-21T23:00:00,0.01942121530445953,0.0181
68,2018-05-22T00:00:00,0.014221131446699798,0.0128
68,2018-05-22T01:00:00,0.008247762211129623,0.0106
68,2018-05-22T02:00:00,0.004485877291896853,0.0067
68,2018-05-22T03:00:00,0.0013039834767238946,0.0038
68,2018-05-22T04:00:00,0.00011141830588302232,0.0038
68,2018-05-22T05:00:00,-0.00023914290440154445,0.0046
68,2018-05-22T06:00:00,0.0015406900452776574,0.0095
68,2018-05-22T07:00:00,0.0033674875966335747,0.0161
68,2018-05-22T08:00:00,0.009700617876004354,0.0282
68,2018-05-22T09:00:00,0.017703496562317254,0.0379
68,2018-05-22T10:00:00,0.026414425140683,0.0464
68,2018-05-22T11:00:00,0.030015127210548696,0.0439
68,2018-05-22T12:00:00,0.036679854525808596,0.045
68,2018-05-22T13:00:00,0.045128100751546656,0.0567
68,2018-05-22T14:00:00,0.051164521243936584,0.061
68,2018-05-22T15:00:00,0.05505094540947502,0.0649
68,2018-05-22T16:00:00,0.05823134113725678,0.0665
68,2018-05-22T17:00:00,0.06128680688950686,0.0735
68,2018-05-22T18:00:00,0.060384940758517615,0.0732
68,2018-05-22T19:00:00,0.059296999908499,0.0779
68,2018-05-22T20:00:00,0.04999016440545746,0.067
68,2018-05-22T21:00:00,0.037066840285487145,0.0524
68,2018-05-22T22:00:00,0.026182395758657953,0.0344
68,2018-05-22T23:00:00,0.01865674954383308,0.0289
68,2018-05-23T00:00:00,0.01267053968434902,0.0175
68,2018-05-23T01:00:00,0.004740229752984791,0.0111
68,2018-05-23T02:00:00,0.0016867316640567127,0.008
68,2018-05-23T03:00:00,0.0003531658070969855,0.0049
68,2018-05-23T04:00:00,0.0008132328253054079,0.0046
68,2018-05-23T05:00:00,0.0023629139958231994,0.0054
68,2018-05-23T06:00:00,0.0051452530104980285,0.0102
68,2018-05-23T07:00:00,0.009655564868881788,0.0168
68,2018-05-23T08:00:00,0.017086976130353523,0.0313
68,2018-05-23T09:00:00,0.02734086971692222,0.0398
68,2018-05-23T10:00:00,0.03423263345538646,0.0458
68,2018-05-23T11:00:00,0.03548802665926505,0.0449
68,2018-05-23T12:00:00,0.04079489576320325,0.0477
68,2018-05-23T13:00:00,0.047078115552791094,0.0552
68,2018-05-23T14:00:00,0.051850985186008954,0.0657
68,2018-05-23T15:00:00,0.055057652635829984,0.0647
68,2018-05-23T16:00:00,0.06106348849142809,0.072
68,2018-05-23T17:00:00,0.06612631775762146,0.0757
68,2018-05-23T18:00:00,0.06690791988585418,0.0808
68,2018-05-23T19:00:00,0.06721235402168191,0.0869
68,2018-05-23T20:00:00,0.057339278279897626,0.0719
68,2018-05-23T21:00:00,0.045597286829202416,0.0572
68,2018-05-23T22:00:00,0.03353637219699057,0.0451
68,2018-05-23T23:00:00,0.025401462425696835,0.0333
68,2018-05-24T00:00:00,0.016467677666157345,0.0232
68,2018-05-24T01:00:00,0.007730265005294071,0.0129
68,2018-05-24T02:00:00,0.003580068825667613,0.0089
68,2018-05-24T03:00:00,0.002505388239247317,0.0059
68,2018-05-24T04:00:00,0.0028399242948185903,0.0043
68,2018-05-24T05:00:00,0.005517088813886562,0.007
68,2018-05-24T06:00:00,0.01138440677849251,0.0106
68,2018-05-24T07:00:00,0.018709641315131934,0.0178
68,2018-05-24T08:00:00,0.029214085760155908,0.0303
68,2018-05-24T09:00:00,0.04031387304300805,0.0394
68,2018-05-24T10:00:00,0.04696822952853521,0.0413
68,2018-05-24T11:00:00,0.04484600739148668,0.0451
68,2018-05-24T12:00:00,0.047402764231580484,0.0538
68,2018-05-24T13:00:00,0.05264263764088015,0.0619
68,2018-05-24T14:00:00,0.056525942981206515,0.0694
68,2018-05-24T15:00:00,0.06097432863764056,0.0718
68,2018-05-24T16:00:00,0.0679738537444887,0.0747
68,2018-05-24T17:00:00,0.07326164317236965,0.0791
68,2018-05-24T18:00:00,0.07425365386488192,0.0752
68,2018-05-24T19:00:00,0.07477725906211596,0.0731
68,2018-05-24T20:00:00,0.06547150288285569,0.0718
68,2018-05-24T21:00:00,0.05184026203415619,0.0578
68,2018-05-24T22:00:00,0.0390035441860273,0.0387
68,2018-05-24T23:00:00,0.029396949398072136,0.0323
68,2018-05-25T00:00:00,0.018818877467325374,0.0243
68,2018-05-25T01:00:00,0.010312590955679934,0.0172
68,2018-05-25T02:00:00,0.004983011022106125,0.0128
68,2018-05-25T03:00:00,0.00293280220877468,0.0073
68,2018-05-25T04:00:00,0.00304630817285537,0.0058
68,2018-05-25T05:00:00,0.005480754500165854,0.0055
68,2018-05-25T06:00:00,0.012042408111421578,0.0047
68,2018-05-25T07:00:00,0.019126091387534547,0.0068
68,2018-05-25T08:00:00,0.03137225705353295,0.0088
68,2018-05-25T09:00:00,0.04308116933291138,0.0151
69,2018-05-22T10:00:00,0.04074487839233159,0.0464
69,2018-05-22T11:00:00,0.04189378526665036,0.0439
69,2018-05-22T12:00:00,0.04720094645382611,0.045
69,2018-05-22T13:00:00,0.05385080920282438,0.0567
69,2018-05-22T14:00:00,0.05880177602069486,0.061
69,2018-05-22T15:00:00,0.059302981745169805,0.0649
69,2018-05-22T16:00:00,0.060140957515185334,0.0665
69,2018-05-22T17:00:00,0.062103905804240425,0.0735
69,2018-05-22T18:00:00,0.05961268634517615,0.0732
69,2018-05-22T19:00:00,0.05893222526556253,0.0779
69,2018-05-22T20:00:00,0.05037478564006652,0.067
69,2018-05-22T21:00:00,0.038458885341677636,0.0524
69,2018-05-22T22:00:00,0.028383495613543436,0.0344
69,2018-05-22T23:00:00,0.020195200140149,0.0289
69,2018-05-23T00:00:00,0.012092007945187593,0.0175
69,2018-05-23T01:00:00,0.005726815792206852,0.0111
69,2018-05-23T02:00:00,0.0005767119845451717,0.008
69,2018-05-23T03:00:00,-0.0007596187635295279,0.0049
69,2018-05-23T04:00:00,-0.001734775534853624,0.0046
69,2018-05-23T05:00:00,-7.947482288410412e-05,0.0054
69,2018-05-23T06:00:00,0.004161386306517061,0.0102
69,2018-05-23T07:00:00,0.009885699126553245,0.0168
69,2018-05-23T08:00:00,0.021099059515835586,0.0313
69,2018-05-23T09:00:00,0.030844895686889702,0.0398
69,2018-05-23T10:00:00,0.037683601462722864,0.0458
69,2018-05-23T11:00:00,0.03867248912486548,0.0449
69,2018-05-23T12:00:00,0.04445110542264623,0.0477
69,2018-05-23T13:00:00,0.049833834167776536,0.0552
69,2018-05-23T14:00:00,0.054358678349929385,0.0657
69,2018-05-23T15:00:00,0.05737446318387726,0.0647
69,2018-05-23T16:00:00,0.06005961575021594,0.072
69,2018-05-23T17:00:00,0.06304256531198721,0.0757
69,2018-05-23T18:00:00,0.06298203907708497,0.0808
69,2018-05-23T19:00:00,0.06195333663245687,0.0869
69,2018-05-23T20:00:00,0.05356055696096662,0.0719
69,2018-05-23T21:00:00,0.041557998176696254,0.0572
69,2018-05-23T22:00:00,0.029641875697053992,0.0451
69,2018-05-23T23:00:00,0.021392724768721772,0.0333
69,2018-05-24T00:00:00,0.013133256477483413,0.0232
69,2018-05-24T01:00:00,0.004721275005150939,0.0129
69,2018-05-24T02:00:00,0.000720796452896199,0.0089
69,2018-05-24T03:00:00,-0.0006777460974144861,0.0059
69,2018-05-24T04:00:00,0.0010027750471969694,0.0043
69,2018-05-24T05:00:00,0.002850486248963762,0.007
69,2018-05-24T06:00:00,0.00738414899701121,0.0106
69,2018-05-24T07:00:00,0.013430227509879503,0.0178
69,2018-05-24T08:00:00,0.021993902858435773,0.0303
69,2018-05-24T09:00:00,0.03118290318765841,0.0394
69,2018-05-24T10:00:00,0.037690132773318674,0.0413
69,2018-05-24T11:00:00,0.03791433775878919,0.0451
69,2018-05-24T12:00:00,0.0426424242158298,0.0538
69,2018-05-24T13:00:00,0.04854153667610899,0.0619
69,2018-05-24T14:00:00,0.053717519724434934,0.0694
69,2018-05-24T15:00:00,0.05691842786050759,0.0718
69,2018-05-24T16:00:00,0.06345552054800331,0.0747
69,2018-05-24T17:00:00,0.06815934149360456,0.0791
69,2018-05-24T18:00:00,0.06717831852744335,0.0752
69,2018-05-24T19:00:00,0.06611306450261911,0.0731
69,2018-05-24T20:00:00,0.05693987241206412,0.0718
69,2018-05-24T21:00:00,0.04571554987780603,0.0578
69,2018-05-24T22:00:00,0.03293476307862367,0.0387
69,2018-05-24T23:00:00,0.024377611331207628,0.0323
69,2018-05-25T00:00:00,0.015641898430084934,0.0243
69,2018-05-25T01:00:00,0.00744932193104967,0.0172
69,2018-05-25T02:00:00,0.002535986017156596,0.0128
69,2018-05-25T03:00:00,0.0018201840923027443,0.0073
69,2018-05-25T04:00:00,0.0030486455396154383,0.0058
69,2018-05-25T05:00:00,0.006503618784340765,0.0055
69,2018-05-25T06:00:00,0.014156479076127916,0.0047
69,2018-05-25T07:00:00,0.021601517851627436,0.0068
69,2018-05-25T08:00:00,0.032291801316597896,0.0088
69,2018-05-25T09:00:00,0.04161152808065929,0.0151
69,2018-05-25T10:00:00,0.04732553476030365,0.0167
69,2018-05-25T11:00:00,0.045918797409140774,0.024
69,2018-05-25T12:00:00,0.04884895472167615,0.0317
69,2018-05-25T13:00:00,0.05461880063765967,0.0406
69,2018-05-25T14:00:00,0.059768315723258844,0.0508
69,2018-05-25T15:00:00,0.06425230504728247,0.0542
69,2018-05-25T16:00:00,0.0718608018025768,0.0527
69,2018-05-25T17:00:00,0.07804413736002005,0.0503
69,2018-05-25T18:00:00,0.07728361533635279,0.0395
69,2018-05-25T19:00:00,0.07680498079523854,0.0408
69,2018-05-25T20:00:00,0.06673431345907714,0.0397
69,2018-05-25T21:00:00,0.05267821327408578,0.0398
69,2018-05-25T22:00:00,0.03894863902031766,0.041
69,2018-05-25T23:00:00,0.029597566153032474,0.0366
69,2018-05-26T00:00:00,0.019983875902804364,0.0285
69,2018-05-26T01:00:00,0.012112988878119901,0.0222
69,2018-05-26T02:00:00,0.006352837602528749,0.0143
69,2018-05-26T03:00:00,0.0037578909229279457,0.0088
69,2018-05-26T04:00:00,0.003947126518745285,0.0052
69,2018-05-26T05:00:00,0.005936775806343553,0.0046
69,2018-05-26T06:00:00,0.011400468728334712,0.006
69,2018-05-26T07:00:00,0.01818413258322913,0.0088
69,2018-05-26T08:00:00,0.028300507003733127,0.0144
69,2018-05-26T09:00:00,0.037701711674740866,0.0213
70,2018-05-23T10:00:00,0.04434196493778795,0.0458
70,2018-05-23T11:00:00,0.04440805775004907,0.0449
70,2018-05-23T12:00:00,0.04750627593779057,0.0477
70,2018-05-23T13:00:00,0.05435597303188026,0.0552
70,2018-05-23T14:00:00,0.059463229788004765,0.0657
70,2018-05-23T15:00:00,0.061693238874812525,0.0647
70,2018-05-23T16:00:00,0.06403106645006142,0.072
70,2018-05-23T17:00:00,0.06742111030945866,0.0757
70,2018-05-23T18:00:00,0.0689282160115336,0.0808
70,2018-05-23T19:00:00,0.06999697608649794,0.0869
70,2018-05-23T20:00:00,0.061631098910685356,0.0719
70,2018-05-23T21:00:00,0.049176405086709424,0.0572
70,2018-05-23T22:00:00,0.03636045563583967,0.0451
70,2018-05-23T23:00:00,0.027012349314497364,0.0333
70,2018-05-24T00:00:00,0.017360527939275096,0.0232
70,2018-05-24T01:00:00,0.007885573740110584,0.0129
70,2018-05-24T02:00:00,0.0028493543607126387,0.0089
70,2018-05-24T03:00:00,-0.00019415823108980684,0.0059
70,2018-05-24T04:00:00,-0.0004272623813087184,0.0043
70,2018-05-24T05:00:00,0.0004524986379526759,0.007
70,2018-05-24T06:00:00,0.0042219580972932096,0.0106
70,2018-05-24T07:00:00,0.009275311741718636,0.0178
70,2018-05-24T08:00:00,0.019591092457314437,0.0303
70,2018-05-24T09:00:00,0.02835909227806408,0.0394
70,2018-05-24T10:00:00,0.034641831558311395,0.0413
70,2018-05-24T11:00:00,0.036319660350776294,0.0451
70,2018-05-24T12:00:00,0.04105919569978362,0.0538
70,2018-05-24T13:00:00,0.04720868394379045,0.0619
70,2018-05-24T14:00:00,0.05255589224840848,0.0694
70,2018-05-24T15:00:00,0.05540280846646328,0.0718
70,2018-05-24T16:00:00,0.058093636243398555,0.0747
70,2018-05-24T17:00:00,0.060418662618085955,0.0791
70,2018-05-24T18:00:00,0.061142972978462204,0.0752
70,2018-05-24T19:00:00,0.06163610830466363,0.0731
70,2018-05-24T20:00:00,0.053466163438129384,0.0718
70,2018-05-24T21:00:00,0.042114351038657113,0.0578
70,2018-05-24T22:00:00,0.031627833127871936,0.0387
70,2018-05-24T23:00:00,0.02253837071854492,0.0323
70,2018-05-25T00:00:00,0.014674796112478485,0.0243
70,2018-05-25T01:00:00,0.005536127664872201,0.0172
70,2018-05-25T02:00:00,0.0008790575587702132,0.0128
70,2018-05-25T03:00:00,-0.0010863402345806551,0.0073
70,2018-05-25T04:00:00,-0.0005368996004072417,0.0058
70,2018-05-25T05:00:00,0.0017975270536412895,0.0055
70,2018-05-25T06:00:00,0.0061373232760761585,0.0047
70,2018-05-25T07:00:00,0.011172698119658254,0.0068
70,2018-05-25T08:00:00,0.020219486151731608,0.0088
70,2018-05-25T09:00:00,0.02981359559376827,0.0151
70,2018-05-25T10:00:00,0.035624863888940685,0.0167
70,2018-05-25T11:00:00,0.037325267719494036,0.024
70,2018-05-25T12:00:00,0.042919176149676844,0.0317
70,2018-05-25T13:00:00,0.0499834571791025,0.0406
70,2018-05-25T14:00:00,0.0559502796851657,0.0508
70,2018-05-25T15:00:00,0.058958060702501904,0.0542
70,2018-05-25T16:00:00,0.06366586428277003,0.0527
70,2018-05-25T17:00:00,0.06692754045030633,0.0503
70,2018-05-25T18:00:00,0.06674976916536687,0.0395
70,2018-05-25T19:00:00,0.06680914073408108,0.0408
70,2018-05-25T20:00:00,0.05811002234080493,0.0397
70,2018-05-25T21:00:00,0.04663939146149746,0.0398
70,2018-05-25T22:00:00,0.03504687356381889,0.041
70,2018-05-25T23:00:00,0.027085430222597438,0.0366
70,2018-05-26T00:00:00,0.018251889060961528,0.0285
70,2018-05-26T01:00:00,0.010233300957184333,0.0222
70,2018-05-26T02:00:00,0.004747643095384963,0.0143
70,2018-05-26T03:00:00,0.0026282857219441513,0.0088
70,2018-05-26T04:00:00,0.0028566047532562235,0.0052
70,2018-05-26T05:00:00,0.005555033352534183,0.0046
70,2018-05-26T06:00:00,0.010060197397169016,0.006
70,2018-05-26T07:00:00,0.01589400551223508,0.0088
70,2018-05-26T08:00:00,0.02581439961457827,0.0144
70,2018-05-26T09:00:00,0.03623991321660775,0.0213
70,2018-05-26T10:00:00,0.04393063043959274,0.0313
70,2018-05-26T11:00:00,0.045592939747544456,0.0356
70,2018-05-26T12:00:00,0.051298213716595,0.0419
70,2018-05-26T13:00:00,0.058562038234378805,0.0492
70,2018-05-26T14:00:00,0.0628983249023756,0.0556
70,2018-05-26T15:00:00,0.06601844495256146,0.055
70,2018-05-26T16:00:00,0.071235915384804,0.0567
70,2018-05-26T17:00:00,0.07490163886286304,0.0589
70,2018-05-26T18:00:00,0.0745215399248115,0.0596
70,2018-05-26T19:00:00,0.074587482052259,0.0536
70,2018-05-26T20:00:00,0.06549490984128724,0.0512
70,2018-05-26T21:00:00,0.05273741488434741,0.0388
70,2018-05-26T22:00:00,0.040889811601656056,0.0322
70,2018-05-26T23:00:00,0.033154881526991864,0.0294
70,2018-05-27T00:00:00,0.024812004110184263,0.0214
70,2018-05-27T01:00:00,0.01711995700611165,0.0162
70,2018-05-27T02:00:00,0.010071754571943661,0.0116
70,2018-05-27T03:00:00,0.006555526198333918,0.0064
70,2018-05-27T04:00:00,0.005084344807114737,0.0059
70,2018-05-27T05:00:00,0.004530765597013833,0.005
70,2018-05-27T06:00:00,0.006094131051186866,0.0046
70,2018-05-27T07:00:00,0.00856470318648759,0.0064
70,2018-05-27T08:00:00,0.016196725170270668,0.01
70,2018-05-27T09:00:00,0.025210108656958774,0.0166
71,2018-05-24T10:00:00,0.04247050388203118,0.0413
71,2018-05-24T11:00:00,0.04271334524986306,0.0451
71,2018-05-24T12:00:00,0.04605366206947722,0.0538
71,2018-05-24T13:00:00,0.05184866358858985,0.0619
71,2018-05-24T14:00:00,0.05817999966738918,0.0694
71,2018-05-24T15:00:00,0.05981292718883453,0.0718
71,2018-05-24T16:00:00,0.06137795893670234,0.0747
71,2018-05-24T17:00:00,0.06470551415432231,0.0791
71,2018-05-24T18:00:00,0.06755398277638716,0.0752
71,2018-05-24T19:00:00,0.06862324571811323,0.0731
71,2018-05-24T20:00:00,0.06028015874428576,0.0718
71,2018-05-24T21:00:00,0.048271497225063895,0.0578
71,2018-05-24T22:00:00,0.03802564127158248,0.0387
71,2018-05-24T23:00:00,0.02935294075760622,0.0323
71,2018-05-25T00:00:00,0.01964837458835144,0.0243
71,2018-05-25T01:00:00,0.009837159342929534,0.0172
71,2018-05-25T02:00:00,0.003981896163412969,0.0128
71,2018-05-25T03:00:00,0.0004020069603479261,0.0073
71,2018-05-25T04:00:00,-0.0013880567873162906,0.0058
71,2018-05-25T05:00:00,-0.0004596701291304066,0.0055
71,2018-05-25T06:00:00,0.0034119518816936346,0.0047
71,2018-05-25T07:00:00,0.009172718161582223,0.0068
71,2018-05-25T08:00:00,0.019925906578931306,0.0088
71,2018-05-25T09:00:00,0.028848611729426377,0.0151
71,2018-05-25T10:00:00,0.03545119298308061,0.0167
71,2018-05-25T11:00:00,0.03745813142567756,0.024
71,2018-05-25T12:00:00,0.04221679288269051,0.0317
71,2018-05-25T13:00:00,0.048497154742051726,0.0406
71,2018-05-25T14:00:00,0.05330964922480393,0.0508
71,2018-05-25T15:00:00,0.05475739562320764,0.0542
71,2018-05-25T16:00:00,0.055419506446390876,0.0527
71,2018-05-25T17:00:00,0.05788143523069655,0.0503
71,2018-05-25T18:00:00,0.05998983291217019,0.0395
71,2018-05-25T19:00:00,0.05966098608438747,0.0408
71,2018-05-25T20:00:00,0.05184758952125558,0.0397
71,2018-05-25T21:00:00,0.041451295281520584,0.0398
71,2018-05-25T22:00:00,0.0318492428224424,0.041
71,2018-05-25T23:00:00,0.025781661586670925,0.0366
71,2018-05-26T00:00:00,0.017993081761052403,0.0285
71,2018-05-26T01:00:00,0.00919898988362149,0.0222
71,2018-05-26T02:00:00,0.0034867125750357407,0.0143
71,2018-05-26T03:00:00,-0.0005115144657597166,0.0088
71,2018-05-26T04:00:00,-0.001611371681097068,0.0052
71,2018-05-26T05:00:00,-0.0011034254394362564,0.0046
71,2018-05-26T06:00:00,0.0010351127090588337,0.006
71,2018-05-26T07:00:00,0.006412698020812707,0.0088
71,2018-05-26T08:00:00,0.015274714231849786,0.0144
71,2018-05-26T09:00:00,0.025437815136981998,0.0213
71,2018-05-26T10:00:00,0.03351765171147742,0.0313
71,2018-05-26T11:00:00,0.03847671363292225,0.0356
71,2018-05-26T12:00:00,0.04606112096775128,0.0419
71,2018-05-26T13:00:00,0.05310708678372644,0.0492
71,2018-05-26T14:00:00,0.05730477496187727,0.0556
71,2018-05-26T15:00:00,0.05744332964799834,0.055
71,2018-05-26T16:00:00,0.05892568274121314,0.0567
71,2018-05-26T17:00:00,0.06111511556158196,0.0589
71,2018-05-26T18:00:00,0.06160780934623651,0.0596
71,2018-05-26T19:00:00,0.06088189752167834,0.0536
71,2018-05-26T20:00:00,0.05158033598711341,0.0512
71,2018-05-26T21:00:00,0.04170886521380905,0.0388
71,2018-05-26T22:00:00,0.03346047383330566,0.0322
71,2018-05-26T23:00:00,0.028181115466047443,0.0294
71,2018-05-27T00:00:00,0.021619174782700284,0.0214
71,2018-05-27T01:00:00,0.013898665244699265,0.0162
71,2018-05-27T02:00:00,0.00786333896935706,0.0116
71,2018-05-27T03:00:00,0.003908901636258375,0.0064
71,2018-05-27T04:00:00,0.0012425951845158219,0.0059
71,2018-05-27T05:00:00,0.0006605277838962823,0.005
71,2018-05-27T06:00:00,0.0020479354273402507,0.0046
71,2018-05-27T07:00:00,0.005486618942853953,0.0064
71,2018-05-27T08:00:00,0.012900991606633369,0.01
71,2018-05-27T09:00:00,0.022317093398831065,0.0166
71,2018-05-27T10:00:00,0.0318427872046832,0.0226
71,2018-05-27T11:00:00,0.0387633878113162,0.0311
71,2018-05-27T12:00:00,0.04684051889254759,0.0383
71,2018-05-27T13:00:00,0.05521185226033232,0.0456
71,2018-05-27T14:00:00,0.05840364046088314,0.0487
71,2018-05-27T15:00:00,0.05845228186914859,0.0523
71,2018-05-27T16:00:00,0.05919274353896581,0.0492
71,2018-05-27T17:00:00,0.06074640383985249,0.0534
71,2018-05-27T18:00:00,0.06129623520325191,0.0542
71,2018-05-27T19:00:00,0.060418165007771224,0.054
71,2018-05-27T20:00:00,0.050734454520829954,0.0442
71,2018-05-27T21:00:00,0.0393494862059149,0.0369
71,2018-05-27T22:00:00,0.029918371755822473,0.0278
71,2018-05-27T23:00:00,0.02615605587802276,0.0242
71,2018-05-28T00:00:00,0.02033849789360102,0.0222
71,2018-05-28T01:00:00,0.014488640093735725,0.017
71,2018-05-28T02:00:00,0.009166576879352822,0.0119
71,2018-05-28T03:00:00,0.005582473757953482,0.0075
71,2018-05-28T04:00:00,0.004117840147530669,0.0057
71,2018-05-28T05:00:00,0.003375731457657634,0.0042
71,2018-05-28T06:00:00,0.0041277485501005,0.0038
71,2018-05-28T07:00:00,0.0055742036146944896,0.0062
71,2018-05-28T08:00:00,0.011745903150658304,0.0093
71,2018-05-28T09:00:00,0.019343116942495797,0.0138
72,2018-05-25T10:00:00,0.023016686018112194,0.0167
72,2018-05-25T11:00:00,0.02870281092600527,0.024
72,2018-05-25T12:00:00,0.03881548726083926,0.0317
72,2018-05-25T13:00:00,0.049640547603481494,0.0406
72,2018-05-25T14:00:00,0.05836415928756642,0.0508
72,2018-05-25T15:00:00,0.061602877046814046,0.0542
72,2018-05-25T16:00:00,0.0628522135972597,0.0527
72,2018-05-25T17:00:00,0.06361717381433271,0.0503
72,2018-05-25T18:00:00,0.061946950049368094,0.0395
72,2018-05-25T19:00:00,0.05945930672640373,0.0408
72,2018-05-25T20:00:00,0.05251240566248794,0.0397
72,2018-05-25T21:00:00,0.040425130474282756,0.0398
72,2018-05-25T22:00:00,0.030282857294174678,0.041
72,2018-05-25T23:00:00,0.024036746863894228,0.0366
72,2018-05-26T00:00:00,0.0175363923604627,0.0285
72,2018-05-26T01:00:00,0.01158006750467653,0.0222
72,2018-05-26T02:00:00,0.007235055134681909,0.0143
72,2018-05-26T03:00:00,0.0033840664304294645,0.0088
72,2018-05-26T04:00:00,0.0012200800699230102,0.0052
72,2018-05-26T05:00:00,-0.0005037051376865533,0.0046
72,2018-05-26T06:00:00,0.0002783472928380229,0.006
72,2018-05-26T07:00:00,0.0020586252883620995,0.0088
72,2018-05-26T08:00:00,0.007544174516923744,0.0144
72,2018-05-26T09:00:00,0.013624852716007153,0.0213
72,2018-05-26T10:00:00,0.021082106948658946,0.0313
72,2018-05-26T11:00:00,0.026858967067501457,0.0356
72,2018-05-26T12:00:00,0.035554556807915465,0.0419
72,2018-05-26T13:00:00,0.04500505819091298,0.0492
72,2018-05-26T14:00:00,0.05227469336041073,0.0556
72,2018-05-26T15:00:00,0.05534688687912133,0.055
72,2018-05-26T16:00:00,0.05652615499123497,0.0567
72,2018-05-26T17:00:00,0.058032803382422074,0.0589
72,2018-05-26T18:00:00,0.05684930733478216,0.0596
72,2018-05-26T19:00:00,0.054742670563049045,0.0536
72,2018-05-26T20:00:00,0.04727570189072122,0.0512
72,2018-05-26T21:00:00,0.03684171769958766,0.0388
72,2018-05-26T22:00:00,0.02645565636041647,0.0322
72,2018-05-26T23:00:00,0.02008254221618215,0.0294
72,2018-05-27T00:00:00,0.014631536605067766,0.0214
72,2018-05-27T01:00:00,0.00787378002522154,0.0162
72,2018-05-27T02:00:00,0.0035138691323177637,0.0116
72,2018-05-27T03:00:00,0.00021886183443911925,0.0064
72,2018-05-27T04:00:00,-0.001902330039000033,0.0059
72,2018-05-27T05:00:00,-0.002459273375172391,0.005
72,2018-05-27T06:00:00,-0.002091812687825746,0.0046
72,2018-05-27T07:00:00,-0.00028483719805648053,0.0064
72,2018-05-27T08:00:00,0.005546267351109451,0.01
72,2018-05-27T09:00:00,0.013693471075830462,0.0166
72,2018-05-27T10:00:00,0.0204597255783051,0.0226
72,2018-05-27T11:00:00,0.026533348048598332,0.0311
72,2018-05-27T12:00:00,0.035977013947934414,0.0383
72,2018-05-27T13:00:00,0.04443137534888185,0.0456
72,2018-05-27T14:00:00,0.049844499498712454,0.0487
72,2018-05-27T15:00:00,0.05131835116500085,0.0523
72,2018-05-27T16:00:00,0.05248132253930689,0.0492
72,2018-05-27T17:00:00,0.05371251033045666,0.0534
72,2018-05-27T18:00:00,0.05248914238027403,0.0542
72,2018-05-27T19:00:00,0.051367204583294766,0.054
72,2018-05-27T20:00:00,0.04376153754862824,0.0442
72,2018-05-27T21:00:00,0.03424651993703579,0.0369
72,2018-05-27T22:00:00,0.024233421208272172,0.0278
72,2018-05-27T23:00:00,0.019302343559294863,0.0242
72,2018-05-28T00:00:00,0.013729670474078515,0.0222
72,2018-05-28T01:00:00,0.008038446987823286,0.017
72,2018-05-28T02:00:00,0.0036830531350300344,0.0119
72,2018-05-28T03:00:00,0.00046078279840363473,0.0075
72,2018-05-28T04:00:00,-0.0014304920838395033,0.0057
72,2018-05-28T05:00:00,-0.002018038454368133,0.0042
72,2018-05-28T06:00:00,-1.1975665079287656e-06,0.0038
72,2018-05-28T07:00:00,0.003649597602109013,0.0062
72,2018-05-28T08:00:00,0.010514988694751839,0.0093
72,2018-05-28T09:00:00,0.018265432296622627,0.0138
72,2018-05-28T10:00:00,0.024839090231076666,0.0193
72,2018-05-28T11:00:00,0.03008537205524159,0.0288
72,2018-05-28T12:00:00,0.03893564613465606,0.0351
72,2018-05-28T13:00:00,0.04779010830572862,0.0416
72,2018-05-28T14:00:00,0.052514362812915966,0.0493
72,2018-05-28T15:00:00,0.05348373749255475,0.0506
72,2018-05-28T16:00:00,0.054090743229827945,0.0498
72,2018-05-28T17:00:00,0.05560399722272826,0.0491
72,2018-05-28T18:00:00,0.054809015684765525,0.0498
72,2018-05-28T19:00:00,0.05377515140919655,0.0485
72,2018-05-28T20:00:00,0.046372717363028115,0.0418
72,2018-05-28T21:00:00,0.035407804167074015,0.0349
72,2018-05-28T22:00:00,0.024987098111458526,0.0255
72,2018-05-28T23:00:00,0.019657694444073667,0.0204
72,2018-05-29T00:00:00,0.013450319051981671,0.014
72,2018-05-29T01:00:00,0.0089024141360388,0.0096
72,2018-05-29T02:00:00,0.00460277541643293,0.0063
72,2018-05-29T03:00:00,0.002461656352467395,0.0043
72,2018-05-29T04:00:00,0.002444180418385785,0.0036
72,2018-05-29T05:00:00,0.003257287937707482,0.0049
72,2018-05-29T06:00:00,0.0074977338077967005,0.0096
72,2018-05-29T07:00:00,0.014363371953447905,0.0193
72,2018-05-29T08:00:00,0.024696759313440387,0.0305
72,2018-05-29T09:00:00,0.03343931821111849,0.0451
73,2018-05-26T10:00:00,0.026851348198024108,0.0313
73,2018-05-26T11:00:00,0.03129758046334263,0.0356
73,2018-05-26T12:00:00,0.03852763721525441,0.0419
73,2018-05-26T13:00:00,0.046981899794998484,0.0492
73,2018-05-26T14:00:00,0.05406172063386566,0.0556
73,2018-05-26T15:00:00,0.05573910718392408,0.055
73,2018-05-26T16:00:00,0.05403824534162329,0.0567
73,2018-05-26T17:00:00,0.05073018102942981,0.0589
73,2018-05-26T18:00:00,0.04580577801683615,0.0596
73,2018-05-26T19:00:00,0.04331632349745509,0.0536
73,2018-05-26T20:00:00,0.03897353460453582,0.0512
73,2018-05-26T21:00:00,0.03367205738870163,0.0388
73,2018-05-26T22:00:00,0.02968715337348151,0.0322
73,2018-05-26T23:00:00,0.02580572227189271,0.0294
73,2018-05-27T00:00:00,0.01976874056617951,0.0214
73,2018-05-27T01:00:00,0.01367111803501974,0.0162
73,2018-05-27T02:00:00,0.008232020904553602,0.0116
73,2018-05-27T03:00:00,0.004455801654388244,0.0064
73,2018-05-27T04:00:00,0.001621401036608655,0.0059
73,2018-05-27T05:00:00,0.0014450787788885151,0.005
73,2018-05-27T06:00:00,0.002973150695844192,0.0046
73,2018-05-27T07:00:00,0.005764611398189852,0.0064
73,2018-05-27T08:00:00,0.014283841209680315,0.01
73,2018-05-27T09:00:00,0.02283193942802145,0.0166
73,2018-05-27T10:00:00,0.029719766709705588,0.0226
73,2018-05-27T11:00:00,0.0333871884494178,0.0311
73,2018-05-27T12:00:00,0.04099773188995384,0.0383
73,2018-05-27T13:00:00,0.04857651833080513,0.0456
73,2018-05-27T14:00:00,0.05472971517337595,0.0487
73,2018-05-27T15:00:00,0.057312174287085474,0.0523
73,2018-05-27T16:00:00,0.056960442641271876,0.0492
73,2018-05-27T17:00:00,0.05607971618791393,0.0534
73,2018-05-27T18:00:00,0.05429672411359575,0.0542
73,2018-05-27T19:00:00,0.05258744319537134,0.054
73,2018-05-27T20:00:00,0.04696670761191767,0.0442
73,2018-05-27T21:00:00,0.03791182430105508,0.0369
73,2018-05-27T22:00:00,0.02878887147352054,0.0278
73,2018-05-27T23:00:00,0.023297895068574118,0.0242
73,2018-05-28T00:00:00,0.015889776700634323,0.0222
73,2018-05-28T01:00:00,0.009204430306252676,0.017
73,2018-05-28T02:00:00,0.005603946343893943,0.0119
73,2018-05-28T03:00:00,0.0033585568932032565,0.0075
73,2018-05-28T04:00:00,0.0034868597555513664,0.0057
73,2018-05-28T05:00:00,0.004490120996764071,0.0042
73,2018-05-28T06:00:00,0.0069046576550381225,0.0038
73,2018-05-28T07:00:00,0.01081920556410413,0.0062
73,2018-05-28T08:00:00,0.01795868882841876,0.0093
73,2018-05-28T09:00:00,0.026336253363676353,0.0138
73,2018-05-28T10:00:00,0.03236052918573343,0.0193
73,2018-05-28T11:00:00,0.03555424457496446,0.0288
73,2018-05-28T12:00:00,0.041992890318136626,0.0351
73,2018-05-28T13:00:00,0.049758316546068354,0.0416
73,2018-05-28T14:00:00,0.055969456955921995,0.0493
73,2018-05-28T15:00:00,0.05784165619205059,0.0506
73,2018-05-28T16:00:00,0.06006524890923663,0.0498
73,2018-05-28T17:00:00,0.06154970983769309,0.0491
73,2018-05-28T18:00:00,0.06045969444326374,0.0498
73,2018-05-28T19:00:00,0.0601109291856996,0.0485
73,2018-05-28T20:00:00,0.053570826306229544,0.0418
73,2018-05-28T21:00:00,0.043399350829758196,0.0349
73,2018-05-28T22:00:00,0.03235699247298591,0.0255
73,2018-05-28T23:00:00,0.025071758972270184,0.0204
73,2018-05-29T00:00:00,0.017037047943865742,0.014
73,2018-05-29T01:00:00,0.009912447433119306,0.0096
73,2018-05-29T02:00:00,0.006161166519607599,0.0063
73,2018-05-29T03:00:00,0.004659667694318425,0.0043
73,2018-05-29T04:00:00,0.004901770881778476,0.0036
73,2018-05-29T05:00:00,0.0070855880646165555,0.0049
73,2018-05-29T06:00:00,0.011835085782382779,0.0096
73,2018-05-29T07:00:00,0.01861398203986031,0.0193
73,2018-05-29T08:00:00,0.027881925547206372,0.0305
73,2018-05-29T09:00:00,0.03575950567592489,0.0451
73,2018-05-29T10:00:00,0.040022434070635604,0.0504
73,2018-05-29T11:00:00,0.0411284938934172,0.042
73,2018-05-29T12:00:00,0.04515296917745539,0.0426
73,2018-05-29T13:00:00,0.05307256419206713,0.0506
73,2018-05-29T14:00:00,0.059199859016036735,0.0538
73,2018-05-29T15:00:00,0.06188744706947923,0.0595
73,2018-05-29T16:00:00,0.06512072265394667,0.0691
73,2018-05-29T17:00:00,0.06870287738566297,0.0721
73,2018-05-29T18:00:00,0.07017269210066562,0.0761
73,2018-05-29T19:00:00,0.07079912917029946,0.0825
73,2018-05-29T20:00:00,0.06320116633476637,0.0694
73,2018-05-29T21:00:00,0.049261888931904294,0.0505
73,2018-05-29T22:00:00,0.03611904735067125,0.0333
73,2018-05-29T23:00:00,0.027493654656325542,0.0251
73,2018-05-30T00:00:00,0.017863329871484975,0.0167
73,2018-05-30T01:00:00,0.01073553519311965,0.0102
73,2018-05-30T02:00:00,0.006509675963418379,0.0085
73,2018-05-30T03:00:00,0.003819251180752086,0.0045
73,2018-05-30T04:00:00,0.004315999438182342,0.004
73,2018-05-30T05:00:00,0.006319718482214874,0.0054
73,2018-05-30T06:00:00,0.011726415749529803,0.0095
73,2018-05-30T07:00:00,0.019498271488200707,0.0174
73,2018-05-30T08:00:00,0.029969607641191595,0.0306
73,2018-05-30T09:00:00,0.039139424567136455,0.0418
74,2018-05-27T10:00:00,0.024254598732321782,0.0226
74,2018-05-27T11:00:00,0.030725581786926012,0.0311
74,2018-05-27T12:00:00,0.03920231865619131,0.0383
74,2018-05-27T13:00:00,0.04779843802205347,0.0456
74,2018-05-27T14:00:00,0.05475512308596041,0.0487
74,2018-05-27T15:00:00,0.05698056081603878,0.0523
74,2018-05-27T16:00:00,0.05845682694364304,0.0492
74,2018-05-27T17:00:00,0.05918565083983182,0.0534
74,2018-05-27T18:00:00,0.05854573273582622,0.0542
74,2018-05-27T19:00:00,0.05586660931418122,0.054
74,2018-05-27T20:00:00,0.04936852296762444,0.0442
74,2018-05-27T21:00:00,0.03934268506437377,0.0369
74,2018-05-27T22:00:00,0.0306071216215604,0.0278
74,2018-05-27T23:00:00,0.02421009957949671,0.0242
74,2018-05-28T00:00:00,0.017158579626420548,0.0222
74,2018-05-28T01:00:00,0.010160889895645255,0.017
74,2018-05-28T02:00:00,0.006116404369218297,0.0119
74,2018-05-28T03:00:00,0.0027674606688096494,0.0075
74,2018-05-28T04:00:00,0.002453936383993001,0.0057
74,2018-05-28T05:00:00,0.003202063705665753,0.0042
74,2018-05-28T06:00:00,0.0039237931505715536,0.0038
74,2018-05-28T07:00:00,0.005916414082866275,0.0062
74,2018-05-28T08:00:00,0.009886007504776462,0.0093
74,2018-05-28T09:00:00,0.01660567131417004,0.0138
74,2018-05-28T10:00:00,0.02238461193472987,0.0193
74,2018-05-28T11:00:00,0.027161775734706017,0.0288
74,2018-05-28T12:00:00,0.03462077282996368,0.0351
74,2018-05-28T13:00:00,0.04300637009229137,0.0416
74,2018-05-28T14:00:00,0.05031217259571055,0.0493
74,2018-05-28T15:00:00,0.05364199158983278,0.0506
74,2018-05-28T16:00:00,0.05587518433136544,0.0498
74,2018-05-28T17:00:00,0.057610314703721195,0.0491
74,2018-05-28T18:00:00,0.05764012226243348,0.0498
74,2018-05-28T19:00:00,0.05569440986304761,0.0485
74,2018-05-28T20:00:00,0.04976847200164656,0.0418
74,2018-05-28T21:00:00,0.040143752867087455,0.0349
74,2018-05-28T22:00:00,0.03107390007128138,0.0255
74,2018-05-28T23:00:00,0.023001134994917093,0.0204
74,2018-05-29T00:00:00,0.015944267658321416,0.014
74,2018-05-29T01:00:00,0.008352728201006007,0.0096
74,2018-05-29T02:00:00,0.0037924275317792223,0.0063
74,2018-05-29T03:00:00,0.002403399150514369,0.0043
74,2018-05-29T04:00:00,0.0032197095981999282,0.0036
74,2018-05-29T05:00:00,0.005819325754873875,0.0049
74,2018-05-29T06:00:00,0.008651995249445866,0.0096
74,2018-05-29T07:00:00,0.012679414844656175,0.0193
74,2018-05-29T08:00:00,0.018176262630800723,0.0305
74,2018-05-29T09:00:00,0.024556441965429797,0.0451
74,2018-05-29T10:00:00,0.028509677569618395,0.0504
74,2018-05-29T11:00:00,0.030893335159983416,0.042
74,2018-05-29T12:00:00,0.03701191829914715,0.0426
74,2018-05-29T13:00:00,0.04424479075449477,0.0506
74,2018-05-29T14:00:00,0.05141544650158923,0.0538
74,2018-05-29T15:00:00,0.054217928221116894,0.0595
74,2018-05-29T16:00:00,0.059034033882948936,0.0691
74,2018-05-29T17:00:00,0.06311794276177576,0.0721
74,2018-05-29T18:00:00,0.06432682744836118,0.0761
74,2018-05-29T19:00:00,0.06369077984148674,0.0825
74,2018-05-29T20:00:00,0.056465192471232814,0.0694
74,2018-05-29T21:00:00,0.045147761965855515,0.0505
74,2018-05-29T22:00:00,0.0351065913571746,0.0333
74,2018-05-29T23:00:00,0.027180891154602767,0.0251
74,2018-05-30T00:00:00,0.018243233269708614,0.0167
74,2018-05-30T01:00:00,0.010892056415041085,0.0102
74,2018-05-30T02:00:00,0.005909640274849477,0.0085
74,2018-05-30T03:00:00,0.00427375337375065,0.0045
74,2018-05-30T04:00:00,0.005179984107887812,0.004
74,2018-05-30T05:00:00,0.009088916379423082,0.0054
74,2018-05-30T06:00:00,0.014278639780172128,0.0095
74,2018-05-30T07:00:00,0.022292545265758718,0.0174
74,2018-05-30T08:00:00,0.030018147512422752,0.0306
74,2018-05-30T09:00:00,0.03739765530223657,0.0418
74,2018-05-30T10:00:00,0.0415998710333919,0.0488
74,2018-05-30T11:00:00,0.04311066027830018,0.0428
74,2018-05-30T12:00:00,0.048199895656360764,0.0454
74,2018-05-30T13:00:00,0.05537553977164555,0.0528
74,2018-05-30T14:00:00,0.06212433586152853,0.0558
74,2018-05-30T15:00:00,0.06552278477965744,0.0592
74,2018-05-30T16:00:00,0.06960310525734137,0.0708
74,2018-05-30T17:00:00,0.07385025484948757,0.0807
74,2018-05-30T18:00:00,0.07592417374302679,0.0826
74,2018-05-30T19:00:00,0.07646547389296687,0.0831
74,2018-05-30T20:00:00,0.06928017894101461,0.069
74,2018-05-30T21:00:00,0.05540446249511509,0.054
74,2018-05-30T22:00:00,0.042217919689709546,0.042
74,2018-05-30T23:00:00,0.03252324758343722,0.0305
74,2018-05-31T00:00:00,0.02270627547727554,0.0198
74,2018-05-31T01:00:00,0.014545905579357268,0.0128
74,2018-05-31T02:00:00,0.008473468788289328,0.0082
74,2018-05-31T03:00:00,0.005400824967286874,0.005
74,2018-05-31T04:00:00,0.004728094369041619,0.0039
74,2018-05-31T05:00:00,0.007345324879567825,0.0065
74,2018-05-31T06:00:00,0.011390241434647692,0.0105
74,2018-05-31T07:00:00,0.017390212847557696,0.0171
74,2018-05-31T08:00:00,0.025902868596016856,0.0325
74,2018-05-31T09:00:00,0.03343103755496553,0.0475
75,2018-05-28T10:00:00,0.020566921352993223,0.0193
75,2018-05-28T11:00:00,0.027695096422905477,0.0288
75,2018-05-28T12:00:00,0.03627474856686277,0.0351
75,2018-05-28T13:00:00,0.04431162052062342,0.0416
75,2018-05-28T14:00:00,0.050989316857275604,0.0493
75,2018-05-28T15:00:00,0.052823010867077996,0.0506
75,2018-05-28T16:00:00,0.051927519054134556,0.0498
75,2018-05-28T17:00:00,0.05203629071162928,0.0491
75,2018-05-28T18:00:00,0.05051328776171772,0.0498
75,2018-05-28T19:00:00,0.04819757230679267,0.0485
75,2018-05-28T20:00:00,0.043197329802720334,0.0418
75,2018-05-28T21:00:00,0.03524070977725384,0.0349
75,2018-05-28T22:00:00,0.02850274196816335,0.0255
75,2018-05-28T23:00:00,0.023682226147309512,0.0204
75,2018-05-29T00:00:00,0.019408896996161218,0.014
75,2018-05-29T01:00:00,0.01460228622973606,0.0096
75,2018-05-29T02:00:00,0.009804253984793117,0.0063
75,2018-05-29T03:00:00,0.006767294430234029,0.0043
75,2018-05-29T04:00:00,0.005112347652361609,0.0036
75,2018-05-29T05:00:00,0.004569142916463355,0.0049
75,2018-05-29T06:00:00,0.005498519538831726,0.0096
75,2018-05-29T07:00:00,0.00731208661312225,0.0193
75,2018-05-29T08:00:00,0.012068030487043097,0.0305
75,2018-05-29T09:00:00,0.01698965406568512,0.0451
75,2018-05-29T10:00:00,0.02366342716552136,0.0504
75,2018-05-29T11:00:00,0.029377536792679956,0.042
75,2018-05-29T12:00:00,0.03685446510917498,0.0426
75,2018-05-29T13:00:00,0.04466644453419927,0.0506
75,2018-05-29T14:00:00,0.05115398557202634,0.0538
75,2018-05-29T15:00:00,0.05412923619111117,0.0595
75,2018-05-29T16:00:00,0.055337383222969466,0.0691
75,2018-05-29T17:00:00,0.055459793608245544,0.0721
75,2018-05-29T18:00:00,0.05426413764657652,0.0761
75,2018-05-29T19:00:00,0.05175873804569127,0.0825
75,2018-05-29T20:00:00,0.04618085056506416,0.0694
75,2018-05-29T21:00:00,0.037184433487529756,0.0505
75,2018-05-29T22:00:00,0.029185584463562782,0.0333
75,2018-05-29T23:00:00,0.025004656046113127,0.0251
75,2018-05-30T00:00:00,0.020643247416247953,0.0167
75,2018-05-30T01:00:00,0.01597340239181941,0.0102
75,2018-05-30T02:00:00,0.012576074849047662,0.0085
75,2018-05-30T03:00:00,0.010355553649050806,0.0045
75,2018-05-30T04:00:00,0.009857801410246107,0.004
75,2018-05-30T05:00:00,0.010562952021356011,0.0054
75,2018-05-30T06:00:00,0.012588887263362717,0.0095
75,2018-05-30T07:00:00,0.015574105157223631,0.0174
75,2018-05-30T08:00:00,0.019885919034554875,0.0306
75,2018-05-30T09:00:00,0.02639669111505434,0.0418
75,2018-05-30T10:00:00,0.032396489766073386,0.0488
75,2018-05-30T11:00:00,0.037917215838729285,0.0428
75,2018-05-30T12:00:00,0.045633511458396,0.0454
75,2018-05-30T13:00:00,0.0533878511387733,0.0528
75,2018-05-30T14:00:00,0.05999853583623109,0.0558
75,2018-05-30T15:00:00,0.06369548611368879,0.0592
75,2018-05-30T16:00:00,0.06604036258434678,0.0708
75,2018-05-30T17:00:00,0.06787676541649629,0.0807
75,2018-05-30T18:00:00,0.0661248389438692,0.0826
75,2018-05-30T19:00:00,0.06286083241816881,0.0831
75,2018-05-30T20:00:00,0.05656935948116723,0.069
75,2018-05-30T21:00:00,0.04564297761855936,0.054
75,2018-05-30T22:00:00,0.03533752266742413,0.042
75,2018-05-30T23:00:00,0.02819532558713774,0.0305
75,2018-05-31T00:00:00,0.02325778014296571,0.0198
75,2018-05-31T01:00:00,0.017935222296921367,0.0128
75,2018-05-31T02:00:00,0.013713639186843735,0.0082
75,2018-05-31T03:00:00,0.011949869063081233,0.005
75,2018-05-31T04:00:00,0.01144166350336908,0.0039
75,2018-05-31T05:00:00,0.012593130267370339,0.0065
75,2018-05-31T06:00:00,0.014892086417152966,0.0105
75,2018-05-31T07:00:00,0.0183957974383385,0.0171
75,2018-05-31T08:00:00,0.02303603377296575,0.0325
75,2018-05-31T09:00:00,0.029245325761997273,0.0475
75,2018-05-31T10:00:00,0.03488689587757393,0.0536
75,2018-05-31T11:00:00,0.04036979235255631,0.0431
75,2018-05-31T12:00:00,0.048405899318065514,0.0467
75,2018-05-31T13:00:00,0.056886612339046405,0.0529
75,2018-05-31T14:00:00,0.06350561623993506,0.0589
75,2018-05-31T15:00:00,0.06691710114659086,0.0628
75,2018-05-31T16:00:00,0.06902499946560076,0.0708
75,2018-05-31T17:00:00,0.07004283157786045,0.0787
75,2018-05-31T18:00:00,0.06859773968518501,0.0814
75,2018-05-31T19:00:00,0.06673899520119325,0.083
75,2018-05-31T20:00:00,0.06322134758689711,0.0676
75,2018-05-31T21:00:00,0.05269633049469977,0.0558
75,2018-05-31T22:00:00,0.040831579981078364,0.0428
75,2018-05-31T23:00:00,0.03221067892068275,0.032
75,2018-06-01T00:00:00,0.024130817290456685,0.0179
75,2018-06-01T01:00:00,0.017648653072252253,0.0114
75,2018-06-01T02:00:00,0.011977583504603435,0.0083
75,2018-06-01T03:00:00,0.00805383085600421,0.0043
75,2018-06-01T04:00:00,0.006514913136766078,0.0044
75,2018-06-01T05:00:00,0.005164379468933448,0.0052
75,2018-06-01T06:00:00,0.005645228726378085,0.0093
75,2018-06-01T07:00:00,0.007258434058729529,0.0187
75,2018-06-01T08:00:00,0.01080996823459959,0.0326
75,2018-06-01T09:00:00,0.01631708641729645,0.0438
76,2018-05-29T10:00:00,0.04453270142443488,0.0504
76,2018-05-29T11:00:00,0.04566312733200818,0.042
76,2018-05-29T12:00:00,0.04877093152690433,0.0426
76,2018-05-29T13:00:00,0.05354877200682256,0.0506
76,2018-05-29T14:00:00,0.058602957922020874,0.0538
76,2018-05-29T15:00:00,0.060508271022016356,0.0595
76,2018-05-29T16:00:00,0.06008236915707215,0.0691
76,2018-05-29T17:00:00,0.059553122040072445,0.0721
76,2018-05-29T18:00:00,0.05898917711651387,0.0761
76,2018-05-29T19:00:00,0.05697775912979489,0.0825
76,2018-05-29T20:00:00,0.05187576933355101,0.0694
76,2018-05-29T21:00:00,0.04411242921421337,0.0505
76,2018-05-29T22:00:00,0.036538984199575006,0.0333
76,2018-05-29T23:00:00,0.02870932024713119,0.0251
76,2018-05-30T00:00:00,0.02047380812542703,0.0167
76,2018-05-30T01:00:00,0.012558965114106119,0.0102
76,2018-05-30T02:00:00,0.006356008992210695,0.0085
76,2018-05-30T03:00:00,0.002078468375736695,0.0045
76,2018-05-30T04:00:00,0.00012919035314488264,0.004
76,2018-05-30T05:00:00,-3.37489905472485e-05,0.0054
76,2018-05-30T06:00:00,0.003479882698251089,0.0095
76,2018-05-30T07:00:00,0.010381664173382488,0.0174
76,2018-05-30T08:00:00,0.02073116201774435,0.0306
76,2018-05-30T09:00:00,0.03154565041899213,0.0418
76,2018-05-30T10:00:00,0.03719218464425627,0.0488
76,2018-05-30T11:00:00,0.041156562619466305,0.0428
76,2018-05-30T12:00:00,0.046171180454757724,0.0454
76,2018-05-30T13:00:00,0.05137348253314582,0.0528
76,2018-05-30T14:00:00,0.05563561475135295,0.0558
76,2018-05-30T15:00:00,0.058313820046924286,0.0592
76,2018-05-30T16:00:00,0.05705004403660629,0.0708
76,2018-05-30T17:00:00,0.05683045245944105,0.0807
76,2018-05-30T18:00:00,0.05551070054516224,0.0826
76,2018-05-30T19:00:00,0.05385003650511734,0.0831
76,2018-05-30T20:00:00,0.049532082572060994,0.069
76,2018-05-30T21:00:00,0.043296392802630715,0.054
76,2018-05-30T22:00:00,0.036956896615529304,0.042
76,2018-05-30T23:00:00,0.029483037739050845,0.0305
76,2018-05-31T00:00:00,0.022069857290888548,0.0198
76,2018-05-31T01:00:00,0.013428101101858502,0.0128
76,2018-05-31T02:00:00,0.006018326077043411,0.0082
76,2018-05-31T03:00:00,0.0009426780887986166,0.005
76,2018-05-31T04:00:00,-0.002090183189259888,0.0039
76,2018-05-31T05:00:00,-0.0037676082865962038,0.0065
76,2018-05-31T06:00:00,-0.002869737055316804,0.0105
76,2018-05-31T07:00:00,0.0013503716213810711,0.0171
76,2018-05-31T08:00:00,0.008423744551944626,0.0325
76,2018-05-31T09:00:00,0.016982974348069387,0.0475
76,2018-05-31T10:00:00,0.02424083087115945,0.0536
76,2018-05-31T11:00:00,0.03069872074709358,0.0431
76,2018-05-31T12:00:00,0.038201770792913106,0.0467
76,2018-05-31T13:00:00,0.04559801046673758,0.0529
76,2018-05-31T14:00:00,0.05128132124812891,0.0589
76,2018-05-31T15:00:00,0.05317180065472807,0.0628
76,2018-05-31T16:00:00,0.052391665075204624,0.0708
76,2018-05-31T17:00:00,0.04991579619349036,0.0787
76,2018-05-31T18:00:00,0.04735771648090491,0.0814
76,2018-05-31T19:00:00,0.04571754294728847,0.083
76,2018-05-31T20:00:00,0.04302654784012412,0.0676
76,2018-05-31T21:00:00,0.039519680497738005,0.0558
76,2018-05-31T22:00:00,0.03504124863989847,0.0428
76,2018-05-31T23:00:00,0.02920884580089131,0.032
76,2018-06-01T00:00:00,0.02205551402399608,0.0179
76,2018-06-01T01:00:00,0.014438621496359771,0.0114
76,2018-06-01T02:00:00,0.007630115673006449,0.0083
76,2018-06-01T03:00:00,0.0023325807924122477,0.0043
76,2018-06-01T04:00:00,-0.0009108117003554968,0.0044
76,2018-06-01T05:00:00,-0.0031893448014460035,0.0052
76,2018-06-01T06:00:00,-0.0027552849307785204,0.0093
76,2018-06-01T07:00:00,0.00036689739877510466,0.0187
76,2018-06-01T08:00:00,0.006322401022327062,0.0326
76,2018-06-01T09:00:00,0.01441710598276892,0.0438
76,2018-06-01T10:00:00,0.020919430777745943,0.053
76,2018-06-01T11:00:00,0.027604184770552195,0.045
76,2018-06-01T12:00:00,0.03528521804125369,0.0473
76,2018-06-01T13:00:00,0.044405772947758874,0.0568
76,2018-06-01T14:00:00,0.05165830486526636,0.0586
76,2018-06-01T15:00:00,0.05452725961338718,0.0632
76,2018-06-01T16:00:00,0.05339783488374994,0.072
76,2018-06-01T17:00:00,0.050228130769139026,0.0796
76,2018-06-01T18:00:00,0.045963165326006084,0.0809
76,2018-06-01T19:00:00,0.043875294070015294,0.0849
76,2018-06-01T20:00:00,0.041200803330314534,0.0681
76,2018-06-01T21:00:00,0.038164589315153055,0.0549
76,2018-06-01T22:00:00,0.035505421994492865,0.0413
76,2018-06-01T23:00:00,0.03190252094259478,0.0299
76,2018-06-02T00:00:00,0.025030320122880742,0.0206
76,2018-06-02T01:00:00,0.018454097392727017,0.014
76,2018-06-02T02:00:00,0.012406115520404857,0.0104
76,2018-06-02T03:00:00,0.007614421674453316,0.0054
76,2018-06-02T04:00:00,0.004986690534996778,0.0046
76,2018-06-02T05:00:00,0.004475995171561952,0.0064
76,2018-06-02T06:00:00,0.005467373338286841,0.0095
76,2018-06-02T07:00:00,0.008456719996040866,0.0169
76,2018-06-02T08:00:00,0.014392379656143726,0.0324
76,2018-06-02T09:00:00,0.02198084531847624,0.047
77,2018-05-30T10:00:00,0.04430086039842686,0.0488
77,2018-05-30T11:00:00,0.042844662509343115,0.0428
77,2018-05-30T12:00:00,0.04396305570890438,0.0454
77,2018-05-30T13:00:00,0.04832328549292535,0.0528
77,2018-05-30T14:00:00,0.053342423171765685,0.0558
77,2018-05-30T15:00:00,0.05734040491170177,0.0592
77,2018-05-30T16:00:00,0.061064268197731114,0.0708
77,2018-05-30T17:00:00,0.06484824946794676,0.0807
77,2018-05-30T18:00:00,0.06907476224922338,0.0826
77,2018-05-30T19:00:00,0.06998954697475682,0.0831
77,2018-05-30T20:00:00,0.06310596682339117,0.069
77,2018-05-30T21:00:00,0.050476760711607505,0.054
77,2018-05-30T22:00:00,0.038229711436870636,0.042
77,2018-05-30T23:00:00,0.028792974410737457,0.0305
77,2018-05-31T00:00:00,0.0198610276554943,0.0198
77,2018-05-31T01:00:00,0.010912526771756092,0.0128
77,2018-05-31T02:00:00,0.00539577176958371,0.0082
77,2018-05-31T03:00:00,0.0024470399255465194,0.005
77,2018-05-31T04:00:00,0.0015979450180052326,0.0039
77,2018-05-31T05:00:00,0.002509659978498467,0.0065
77,2018-05-31T06:00:00,0.005383028389939079,0.0105
77,2018-05-31T07:00:00,0.010879980604163758,0.0171
77,2018-05-31T08:00:00,0.01958060707208037,0.0325
77,2018-05-31T09:00:00,0.02841971200763675,0.0475
77,2018-05-31T10:00:00,0.03333628046121171,0.0536
77,2018-05-31T11:00:00,0.035428124189405205,0.0431
77,2018-05-31T12:00:00,0.03898855139750218,0.0467
77,2018-05-31T13:00:00,0.04443191956635986,0.0529
77,2018-05-31T14:00:00,0.04938112792749842,0.0589
77,2018-05-31T15:00:00,0.05175742743824259,0.0628
77,2018-05-31T16:00:00,0.0539774142327958,0.0708
77,2018-05-31T17:00:00,0.05573087558794299,0.0787
77,2018-05-31T18:00:00,0.057936463222050774,0.0814
77,2018-05-31T19:00:00,0.058055402600166665,0.083
77,2018-05-31T20:00:00,0.052075512566894654,0.0676
77,2018-05-31T21:00:00,0.042122334530340436,0.0558
77,2018-05-31T22:00:00,0.03396710438628571,0.0428
77,2018-05-31T23:00:00,0.02722614443235552,0.032
77,2018-06-01T00:00:00,0.01913795518838341,0.0179
77,2018-06-01T01:00:00,0.011255170020729774,0.0114
77,2018-06-01T02:00:00,0.005696079594526924,0.0083
77,2018-06-01T03:00:00,0.0015740019019810474,0.0043
77,2018-06-01T04:00:00,0.000745179358318266,0.0044
77,2018-06-01T05:00:00,0.001577483422035203,0.0052
77,2018-06-01T06:00:00,0.0034864374876434415,0.0093
77,2018-06-01T07:00:00,0.007893819353283638,0.0187
77,2018-06-01T08:00:00,0.015630568158605213,0.0326
77,2018-06-01T09:00:00,0.024447303057505608,0.0438
77,2018-06-01T10:00:00,0.02988455596354648,0.053
77,2018-06-01T11:00:00,0.033312773630287416,0.045
77,2018-06-01T12:00:00,0.03924106550386399,0.0473
77,2018-06-01T13:00:00,0.045581775930219316,0.0568
77,2018-06-01T14:00:00,0.05096777768967331,0.0586
77,2018-06-01T15:00:00,0.05309395793130279,0.0632
77,2018-06-01T16:00:00,0.05510453839080189,0.072
77,2018-06-01T17:00:00,0.056391192210554775,0.0796
77,2018-06-01T18:00:00,0.05673987336496712,0.0809
77,2018-06-01T19:00:00,0.05506053492092766,0.0849
77,2018-06-01T20:00:00,0.048325300464270235,0.0681
77,2018-06-01T21:00:00,0.03900319217929409,0.0549
77,2018-06-01T22:00:00,0.03158466911258147,0.0413
77,2018-06-01T23:00:00,0.026133893295807852,0.0299
77,2018-06-02T00:00:00,0.019915269808024025,0.0206
77,2018-06-02T01:00:00,0.012999556996229011,0.014
77,2018-06-02T02:00:00,0.007428905890953526,0.0104
77,2018-06-02T03:00:00,0.003940079375485184,0.0054
77,2018-06-02T04:00:00,0.0023003780460230418,0.0046
77,2018-06-02T05:00:00,0.0028033376716425223,0.0064
77,2018-06-02T06:00:00,0.004485782675851091,0.0095
77,2018-06-02T07:00:00,0.007909553651263675,0.0169
77,2018-06-02T08:00:00,0.014738811226460685,0.0324
77,2018-06-02T09:00:00,0.023467550749795993,0.047
77,2018-06-02T10:00:00,0.03010042396127382,0.0526
77,2018-06-02T11:00:00,0.035637271206407965,0.0464
77,2018-06-02T12:00:00,0.04199637288948018,0.0485
77,2018-06-02T13:00:00,0.049490078304190686,0.046
77,2018-06-02T14:00:00,0.0543704072353056,0.0571
77,2018-06-02T15:00:00,0.05597581375247784,0.0694
77,2018-06-02T16:00:00,0.05735947705351832,0.0762
77,2018-06-02T17:00:00,0.058595838940651956,0.076
77,2018-06-02T18:00:00,0.05883966624272363,0.0751
77,2018-06-02T19:00:00,0.05589119897318477,0.0847
77,2018-06-02T20:00:00,0.049618298815536005,0.068
77,2018-06-02T21:00:00,0.03969468584027309,0.0542
77,2018-06-02T22:00:00,0.031633194616190866,0.0402
77,2018-06-02T23:00:00,0.027161828474390786,0.034
77,2018-06-03T00:00:00,0.021199071830071754,0.0269
77,2018-06-03T01:00:00,0.014991916858323394,0.0203
77,2018-06-03T02:00:00,0.009351847361993234,0.0132
77,2018-06-03T03:00:00,0.006095560804767239,0.009
77,2018-06-03T04:00:00,0.004420057814879034,0.0061
77,2018-06-03T05:00:00,0.0033254868330612544,0.0049
77,2018-06-03T06:00:00,0.003454886540680581,0.0059
77,2018-06-03T07:00:00,0.005342227848428714,0.0084
77,2018-06-03T08:00:00,0.009917672341424034,0.0159
77,2018-06-03T09:00:00,0.017350674378968825,0.0246
78,2018-05-31T10:00:00,0.04830543985540568,0.0536
78,2018-05-31T11:00:00,0.046611242311809464,0.0431
78,2018-05-31T12:00:00,0.04792380603483404,0.0467
78,2018-05-31T13:00:00,0.051685142531431194,0.0529
78,2018-05-31T14:00:00,0.056193134544544845,0.0589
78,2018-05-31T15:00:00,0.059243357867000246,0.0628
78,2018-05-31T16:00:00,0.06332443176875227,0.0708
78,2018-05-31T17:00:00,0.06753791557009797,0.0787
78,2018-05-31T18:00:00,0.06967806394351998,0.0814
78,2018-05-31T19:00:00,0.06908981671339312,0.083
78,2018-05-31T20:00:00,0.06104111179660593,0.0676
78,2018-05-31T21:00:00,0.049334739782841246,0.0558
78,2018-05-31T22:00:00,0.039477397462962506,0.0428
78,2018-05-31T23:00:00,0.030231947834163428,0.032
78,2018-06-01T00:00:00,0.01992537445128136,0.0179
78,2018-06-01T01:00:00,0.010869006895004633,0.0114
78,2018-06-01T02:00:00,0.004869596169773203,0.0083
78,2018-06-01T03:00:00,0.0004849098900723513,0.0043
78,2018-06-01T04:00:00,-0.0016047923616187808,0.0044
78,2018-06-01T05:00:00,-0.0009269157017735979,0.0052
78,2018-06-01T06:00:00,0.0025017472736345615,0.0093
78,2018-06-01T07:00:00,0.008947309449751764,0.0187
78,2018-06-01T08:00:00,0.021051154711007866,0.0326
78,2018-06-01T09:00:00,0.03250019070437499,0.0438
78,2018-06-01T10:00:00,0.03778576453985107,0.053
78,2018-06-01T11:00:00,0.03908589115887544,0.045
78,2018-06-01T12:00:00,0.042829001100761294,0.0473
78,2018-06-01T13:00:00,0.04821454887841054,0.0568
78,2018-06-01T14:00:00,0.0519882117431914,0.0586
78,2018-06-01T15:00:00,0.05469590395420883,0.0632
78,2018-06-01T16:00:00,0.056911049561087335,0.072
78,2018-06-01T17:00:00,0.05944802989546838,0.0796
78,2018-06-01T18:00:00,0.06093005183252303,0.0809
78,2018-06-01T19:00:00,0.059702876462573065,0.0849
78,2018-06-01T20:00:00,0.05206567600243364,0.0681
78,2018-06-01T21:00:00,0.04159823978267704,0.0549
78,2018-06-01T22:00:00,0.033074008637093685,0.0413
78,2018-06-01T23:00:00,0.026344200936305268,0.0299
78,2018-06-02T00:00:00,0.018730370289038685,0.0206
78,2018-06-02T01:00:00,0.00998109838291393,0.014
78,2018-06-02T02:00:00,0.003797540302548235,0.0104
78,2018-06-02T03:00:00,-0.001771966649433153,0.0054
78,2018-06-02T04:00:00,-0.004193525920881368,0.0046
78,2018-06-02T05:00:00,-0.0041441696358257354,0.0064
78,2018-06-02T06:00:00,-0.0026838813549118837,0.0095
78,2018-06-02T07:00:00,0.0024720080487330987,0.0169
78,2018-06-02T08:00:00,0.01167908670086202,0.0324
78,2018-06-02T09:00:00,0.022218815712100493,0.047
78,2018-06-02T10:00:00,0.02976649525310887,0.0526
78,2018-06-02T11:00:00,0.03452723610798527,0.0464
78,2018-06-02T12:00:00,0.041069949339028904,0.0485
78,2018-06-02T13:00:00,0.04779911259941676,0.046
78,2018-06-02T14:00:00,0.051758829157439026,0.0571
78,2018-06-02T15:00:00,0.0537002487917858,0.0694
78,2018-06-02T16:00:00,0.055598230900383905,0.0762
78,2018-06-02T17:00:00,0.05774825613769382,0.076
78,2018-06-02T18:00:00,0.05818773890950253,0.0751
78,2018-06-02T19:00:00,0.055870457033375454,0.0847
78,2018-06-02T20:00:00,0.04819675405321174,0.068
78,2018-06-02T21:00:00,0.038982711309685114,0.0542
78,2018-06-02T22:00:00,0.031050898998164652,0.0402
78,2018-06-02T23:00:00,0.025651186409998132,0.034
78,2018-06-03T00:00:00,0.019631068437507497,0.0269
78,2018-06-03T01:00:00,0.01224875309175066,0.0203
78,2018-06-03T02:00:00,0.006424171092435562,0.0132
78,2018-06-03T03:00:00,0.0017194512943996057,0.009
78,2018-06-03T04:00:00,-0.0018929367682348902,0.0061
78,2018-06-03T05:00:00,-0.0035328676292154457,0.0049
78,2018-06-03T06:00:00,-0.0033641286723480462,0.0059
78,2018-06-03T07:00:00,-0.0004521218712575763,0.0084
78,2018-06-03T08:00:00,0.0060711165741303245,0.0159
78,2018-06-03T09:00:00,0.015467171504025242,0.0246
78,2018-06-03T10:00:00,0.023485809544048813,0.0342
78,2018-06-03T11:00:00,0.030692334584520562,0.0404
78,2018-06-03T12:00:00,0.0383723249761399,0.048
78,2018-06-03T13:00:00,0.0461143764851816,0.0567
78,2018-06-03T14:00:00,0.05003138546272676,0.0578
78,2018-06-03T15:00:00,0.05175026815744678,0.0621
78,2018-06-03T16:00:00,0.05196736993088934,0.0597
78,2018-06-03T17:00:00,0.05294403004605161,0.0635
78,2018-06-03T18:00:00,0.054279684464614036,0.0637
78,2018-06-03T19:00:00,0.05262407011797431,0.0667
78,2018-06-03T20:00:00,0.04522674936821959,0.0561
78,2018-06-03T21:00:00,0.03526944396949145,0.0431
78,2018-06-03T22:00:00,0.02703481834757159,0.0347
78,2018-06-03T23:00:00,0.022886582472241356,0.032
78,2018-06-04T00:00:00,0.018297276903757147,0.0263
78,2018-06-04T01:00:00,0.013430944839678282,0.02
78,2018-06-04T02:00:00,0.00910138467167541,0.0139
78,2018-06-04T03:00:00,0.005931691069958469,0.0077
78,2018-06-04T04:00:00,0.0040136328381693565,0.0056
78,2018-06-04T05:00:00,0.0029969273577137995,0.0047
78,2018-06-04T06:00:00,0.003331428370305166,0.0037
78,2018-06-04T07:00:00,0.005603860488593165,0.0052
78,2018-06-04T08:00:00,0.011801814225106292,0.0087
78,2018-06-04T09:00:00,0.019278754377367778,0.0148
79,2018-06-01T10:00:00,0.04573921352606542,0.053
79,2018-06-01T11:00:00,0.043039172073637055,0.045
79,2018-06-01T12:00:00,0.04518869356811075,0.0473
79,2018-06-01T13:00:00,0.051091305946008546,0.0568
79,2018-06-01T14:00:00,0.05697932204669892,0.0586
79,2018-06-01T15:00:00,0.06028058802078967,0.0632
79,2018-06-01T16:00:00,0.06433055602142371,0.072
79,2018-06-01T17:00:00,0.06795014716857892,0.0796
79,2018-06-01T18:00:00,0.06970467908676238,0.0809
79,2018-06-01T19:00:00,0.06862639958630522,0.0849
79,2018-06-01T20:00:00,0.059234873961563794,0.0681
79,2018-06-01T21:00:00,0.046783333304920245,0.0549
79,2018-06-01T22:00:00,0.036799105436015896,0.0413
79,2018-06-01T23:00:00,0.027850238528352517,0.0299
79,2018-06-02T00:00:00,0.01690880815888147,0.0206
79,2018-06-02T01:00:00,0.008345209729666105,0.014
79,2018-06-02T02:00:00,0.0032744625021618595,0.0104
79,2018-06-02T03:00:00,-0.0007298164612642294,0.0054
79,2018-06-02T04:00:00,-0.003076066616734728,0.0046
79,2018-06-02T05:00:00,-0.0025234633536243486,0.0064
79,2018-06-02T06:00:00,0.0009964900887499337,0.0095
79,2018-06-02T07:00:00,0.007738260061160764,0.0169
79,2018-06-02T08:00:00,0.019395443996173385,0.0324
79,2018-06-02T09:00:00,0.03024243630317973,0.047
79,2018-06-02T10:00:00,0.03589027626491833,0.0526
79,2018-06-02T11:00:00,0.036704459603723295,0.0464
79,2018-06-02T12:00:00,0.04100099877175604,0.0485
79,2018-06-02T13:00:00,0.047443934476528914,0.046
79,2018-06-02T14:00:00,0.05226705399079014,0.0571
79,2018-06-02T15:00:00,0.054463476133502206,0.0694
79,2018-06-02T16:00:00,0.05657857403273482,0.0762
79,2018-06-02T17:00:00,0.05913675536996202,0.076
79,2018-06-02T18:00:00,0.059980040151434065,0.0751
79,2018-06-02T19:00:00,0.05828423501113443,0.0847
79,2018-06-02T20:00:00,0.05052966334623013,0.068
79,2018-06-02T21:00:00,0.03978199822815971,0.0542
79,2018-06-02T22:00:00,0.030512990570642697,0.0402
79,2018-06-02T23:00:00,0.02317922201710555,0.034
79,2018-06-03T00:00:00,0.013881337717637577,0.0269
79,2018-06-03T01:00:00,0.005185972953154601,0.0203
79,2018-06-03T02:00:00,0.00019023872844782172,0.0132
79,2018-06-03T03:00:00,-0.004734861113801371,0.009
79,2018-06-03T04:00:00,-0.007104383312230761,0.0061
79,2018-06-03T05:00:00,-0.007599265530980753,0.0049
79,2018-06-03T06:00:00,-0.006754694672145969,0.0059
79,2018-06-03T07:00:00,-0.0019546457037091514,0.0084
79,2018-06-03T08:00:00,0.007213465154758746,0.0159
79,2018-06-03T09:00:00,0.018351180716315828,0.0246
79,2018-06-03T10:00:00,0.02507574458559036,0.0342
79,2018-06-03T11:00:00,0.029008080101001307,0.0404
79,2018-06-03T12:00:00,0.03628932644650574,0.048
79,2018-06-03T13:00:00,0.04369759637533365,0.0567
79,2018-06-03T14:00:00,0.04842599121059747,0.0578
79,2018-06-03T15:00:00,0.04950231356062661,0.0621
79,2018-06-03T16:00:00,0.05065828509969543,0.0597
79,2018-06-03T17:00:00,0.051602243106004766,0.0635
79,2018-06-03T18:00:00,0.0516421885988053,0.0637
79,2018-06-03T19:00:00,0.05026527632784467,0.0667
79,2018-06-03T20:00:00,0.04269718412838771,0.0561
79,2018-06-03T21:00:00,0.0336945886230652,0.0431
79,2018-06-03T22:00:00,0.024922041169683568,0.0347
79,2018-06-03T23:00:00,0.019074113887581567,0.032
79,2018-06-04T00:00:00,0.011906399998650643,0.0263
79,2018-06-04T01:00:00,0.005050482775626749,0.02
79,2018-06-04T02:00:00,0.0008321718037983053,0.0139
79,2018-06-04T03:00:00,-0.002421055501281466,0.0077
79,2018-06-04T04:00:00,-0.005258587209316101,0.0056
79,2018-06-04T05:00:00,-0.005602302773475058,0.0047
79,2018-06-04T06:00:00,-0.003947077403912355,0.0037
79,2018-06-04T07:00:00,0.0009245398423966891,0.0052
79,2018-06-04T08:00:00,0.009704889615255504,0.0087
79,2018-06-04T09:00:00,0.019614353461734655,0.0148
79,2018-06-04T10:00:00,0.024937212677406232,0.0235
79,2018-06-04T11:00:00,0.028730175060378796,0.0308
79,2018-06-04T12:00:00,0.03630819691597291,0.0364
79,2018-06-04T13:00:00,0.04479420037563096,0.0457
79,2018-06-04T14:00:00,0.049784367497334184,0.0487
79,2018-06-04T15:00:00,0.05175563323767115,0.053
79,2018-06-04T16:00:00,0.05323376890825367,0.0515
79,2018-06-04T17:00:00,0.053512682993961225,0.0491
79,2018-06-04T18:00:00,0.05409229913813599,0.0548
79,2018-06-04T19:00:00,0.05297031228098485,0.0547
79,2018-06-04T20:00:00,0.04584936973169643,0.0466
79,2018-06-04T21:00:00,0.034898153434870335,0.0339
79,2018-06-04T22:00:00,0.025749167282688862,0.0299
79,2018-06-04T23:00:00,0.020166316664816962,0.0217
79,2018-06-05T00:00:00,0.012717331348919867,0.0146
79,2018-06-05T01:00:00,0.0075560155398356685,0.0087
79,2018-06-05T02:00:00,0.003885810064646028,0.0066
79,2018-06-05T03:00:00,0.002276913266674646,0.0042
79,2018-06-05T04:00:00,0.0013972766499919312,0.0028
79,2018-06-05T05:00:00,0.003283889063757914,0.0049
79,2018-06-05T06:00:00,0.007583685476773384,0.0099
79,2018-06-05T07:00:00,0.015601724982700075,0.0175
79,2018-06-05T08:00:00,0.027400889230334968,0.0307
79,2018-06-05T09:00:00,0.03880165124108101,0.043
80,2018-06-02T10:00:00,0.04915298060678792,0.0526
80,2018-06-02T11:00:00,0.04562522554579605,0.0464
80,2018-06-02T12:00:00,0.04761558375287792,0.0485
80,2018-06-02T13:00:00,0.0540785955808418,0.046
80,2018-06-02T14:00:00,0.05886480082006479,0.0571
80,2018-06-02T15:00:00,0.06181995604231966,0.0694
80,2018-06-02T16:00:00,0.06599451410158025,0.0762
80,2018-06-02T17:00:00,0.07055090046995097,0.076
80,2018-06-02T18:00:00,0.07212463689402865,0.0751
80,2018-06-02T19:00:00,0.07139721822133431,0.0847
80,2018-06-02T20:00:00,0.061045858368234875,0.068
80,2018-06-02T21:00:00,0.04727507462138082,0.0542
80,2018-06-02T22:00:00,0.03592899630471138,0.0402
80,2018-06-02T23:00:00,0.025892227269522186,0.034
80,2018-06-03T00:00:00,0.014937906865535582,0.0269
80,2018-06-03T01:00:00,0.006058266313396968,0.0203
80,2018-06-03T02:00:00,0.0014764825453357465,0.0132
80,2018-06-03T03:00:00,-0.0015619891138065022,0.009
80,2018-06-03T04:00:00,-0.003284565338609137,0.0061
80,2018-06-03T05:00:00,-0.001940933385669981,0.0049
80,2018-06-03T06:00:00,0.001505569970810864,0.0059
80,2018-06-03T07:00:00,0.007697632982400959,0.0084
80,2018-06-03T08:00:00,0.020851748240701157,0.0159
80,2018-06-03T09:00:00,0.03300778931967508,0.0246
80,2018-06-03T10:00:00,0.038835652743629046,0.0342
80,2018-06-03T11:00:00,0.036861424644985305,0.0404
80,2018-06-03T12:00:00,0.0400006646706553,0.048
80,2018-06-03T13:00:00,0.04674225750080268,0.0567
80,2018-06-03T14:00:00,0.051817110889478,0.0578
80,2018-06-03T15:00:00,0.0558156340434537,0.0621
80,2018-06-03T16:00:00,0.0594928218323906,0.0597
80,2018-06-03T17:00:00,0.06330033621576547,0.0635
80,2018-06-03T18:00:00,0.06589916215324243,0.0637
80,2018-06-03T19:00:00,0.06548897005619232,0.0667
80,2018-06-03T20:00:00,0.05612936332970283,0.0561
80,2018-06-03T21:00:00,0.04254357497809688,0.0431
80,2018-06-03T22:00:00,0.03072312212016606,0.0347
80,2018-06-03T23:00:00,0.021081166395078135,0.032
80,2018-06-04T00:00:00,0.011134546827429155,0.0263
80,2018-06-04T01:00:00,0.0024460587221090124,0.02
80,2018-06-04T02:00:00,-0.0017178357583646497,0.0139
80,2018-06-04T03:00:00,-0.004618006792990181,0.0077
80,2018-06-04T04:00:00,-0.004563248632581271,0.0056
80,2018-06-04T05:00:00,-0.0022202101662196147,0.0047
80,2018-06-04T06:00:00,0.001004849591607699,0.0037
80,2018-06-04T07:00:00,0.007743017145683682,0.0052
80,2018-06-04T08:00:00,0.019088329072382462,0.0087
80,2018-06-04T09:00:00,0.031382436513552395,0.0148
80,2018-06-04T10:00:00,0.036768109920284626,0.0235
80,2018-06-04T11:00:00,0.034881002874857195,0.0308
80,2018-06-04T12:00:00,0.03914857078489323,0.0364
80,2018-06-04T13:00:00,0.04598374151252042,0.0457
80,2018-06-04T14:00:00,0.05077126717122645,0.0487
80,2018-06-04T15:00:00,0.05434022997315524,0.053
80,2018-06-04T16:00:00,0.060248634079557835,0.0515
80,2018-06-04T17:00:00,0.06570725277805789,0.0491
80,2018-06-04T18:00:00,0.06814112440049783,0.0548
80,2018-06-04T19:00:00,0.0676709001745622,0.0547
80,2018-06-04T20:00:00,0.05734656371542113,0.0466
80,2018-06-04T21:00:00,0.04433136969281186,0.0339
80,2018-06-04T22:00:00,0.031432618060784935,0.0299
80,2018-06-04T23:00:00,0.022232531884867453,0.0217
80,2018-06-05T00:00:00,0.012708092792911033,0.0146
80,2018-06-05T01:00:00,0.004828574857489394,0.0087
80,2018-06-05T02:00:00,0.0008297082823105588,0.0066
80,2018-06-05T03:00:00,-0.0010872986600812228,0.0042
80,2018-06-05T04:00:00,-0.0014966409648684842,0.0028
80,2018-06-05T05:00:00,0.001366778744575397,0.0049
80,2018-06-05T06:00:00,0.0066512128071298734,0.0099
80,2018-06-05T07:00:00,0.0143811694068702,0.0175
80,2018-06-05T08:00:00,0.02683573357182047,0.0307
80,2018-06-05T09:00:00,0.039008167581581855,0.043
80,2018-06-05T10:00:00,0.044074105160093316,0.0485
80,2018-06-05T11:00:00,0.04097607795659234,0.0417
80,2018-06-05T12:00:00,0.043826934757738134,0.0437
80,2018-06-05T13:00:00,0.05029328442953853,0.0559
80,2018-06-05T14:00:00,0.05477763469625523,0.0591
80,2018-06-05T15:00:00,0.059561935349520055,0.0615
80,2018-06-05T16:00:00,0.0666934621052459,0.0715
80,2018-06-05T17:00:00,0.0720229631921149,0.0762
80,2018-06-05T18:00:00,0.07552764139954599,0.0804
80,2018-06-05T19:00:00,0.07566812520171115,0.0645
80,2018-06-05T20:00:00,0.065509964305457,0.0853
80,2018-06-05T21:00:00,0.04935868640316342,0.0527
80,2018-06-05T22:00:00,0.03453149242832526,0.0334
80,2018-06-05T23:00:00,0.024930732354346195,0.0273
80,2018-06-06T00:00:00,0.01475212055023088,0.0181
80,2018-06-06T01:00:00,0.00812019349921065,0.0101
80,2018-06-06T02:00:00,0.003956132564582406,0.0083
80,2018-06-06T03:00:00,0.0021993403741946797,0.0046
80,2018-06-06T04:00:00,0.0021019121292971503,0.0039
80,2018-06-06T05:00:00,0.004664191743024931,0.0052
80,2018-06-06T06:00:00,0.009275977558336944,0.0102
80,2018-06-06T07:00:00,0.016465371662864305,0.0185
80,2018-06-06T08:00:00,0.02944718269677741,0.032
80,2018-06-06T09:00:00,0.04137373342757929,0.0459
81,2018-06-03T10:00:00,0.03259355589096674,0.0342
81,2018-06-03T11:00:00,0.03325761247560953,0.0404
81,2018-06-03T12:00:00,0.037597220692457176,0.048
81,2018-06-03T13:00:00,0.044598899365635734,0.0567
81,2018-06-03T14:00:00,0.05251934592465931,0.0578
81,2018-06-03T15:00:00,0.058862142810038535,0.0621
81,2018-06-03T16:00:00,0.06253133554310875,0.0597
81,2018-06-03T17:00:00,0.0647731926614244,0.0635
81,2018-06-03T18:00:00,0.0642213077794022,0.0637
81,2018-06-03T19:00:00,0.0641280023410912,0.0667
81,2018-06-03T20:00:00,0.05406172238601466,0.0561
81,2018-06-03T21:00:00,0.04022784200168186,0.0431
81,2018-06-03T22:00:00,0.03066518153153653,0.0347
81,2018-06-03T23:00:00,0.02338174065445815,0.032
81,2018-06-04T00:00:00,0.015984046696967374,0.0263
81,2018-06-04T01:00:00,0.009507392636924149,0.02
81,2018-06-04T02:00:00,0.004710043730089465,0.0139
81,2018-06-04T03:00:00,0.001547227313180053,0.0077
81,2018-06-04T04:00:00,-0.00030752577539985143,0.0056
81,2018-06-04T05:00:00,-0.00021709035714355743,0.0047
81,2018-06-04T06:00:00,0.0007980522064079676,0.0037
81,2018-06-04T07:00:00,0.0033991086295562557,0.0052
81,2018-06-04T08:00:00,0.012141204784684636,0.0087
81,2018-06-04T09:00:00,0.021333023795996414,0.0148
81,2018-06-04T10:00:00,0.0283882939611752,0.0235
81,2018-06-04T11:00:00,0.028942267527450532,0.0308
81,2018-06-04T12:00:00,0.033933054524425396,0.0364
81,2018-06-04T13:00:00,0.04080547418754897,0.0457
81,2018-06-04T14:00:00,0.048072884127822374,0.0487
81,2018-06-04T15:00:00,0.05429563252477152,0.053
81,2018-06-04T16:00:00,0.058525605800314344,0.0515
81,2018-06-04T17:00:00,0.061242002687541666,0.0491
81,2018-06-04T18:00:00,0.062395396815438035,0.0548
81,2018-06-04T19:00:00,0.060608338003301176,0.0547
81,2018-06-04T20:00:00,0.050537789813271485,0.0466
81,2018-06-04T21:00:00,0.0374389434668124,0.0339
81,2018-06-04T22:00:00,0.026730063568477673,0.0299
81,2018-06-04T23:00:00,0.01945391846460186,0.0217
81,2018-06-05T00:00:00,0.011445833617978487,0.0146
81,2018-06-05T01:00:00,0.004085570819479634,0.0087
81,2018-06-05T02:00:00,0.0005555898284038234,0.0066
81,2018-06-05T03:00:00,-0.0016766777784591944,0.0042
81,2018-06-05T04:00:00,-0.001021319737504807,0.0028
81,2018-06-05T05:00:00,0.001018027504203229,0.0049
81,2018-06-05T06:00:00,0.0030977705410036582,0.0099
81,2018-06-05T07:00:00,0.007892373830362311,0.0175
81,2018-06-05T08:00:00,0.01666193912615352,0.0307
81,2018-06-05T09:00:00,0.027586463535611207,0.043
81,2018-06-05T10:00:00,0.03314631614662712,0.0485
81,2018-06-05T11:00:00,0.03253665713012996,0.0417
81,2018-06-05T12:00:00,0.03786534031384785,0.0437
81,2018-06-05T13:00:00,0.043817919075081535,0.0559
81,2018-06-05T14:00:00,0.050330473791969074,0.0591
81,2018-06-05T15:00:00,0.055432642307410504,0.0615
81,2018-06-05T16:00:00,0.06245368906037097,0.0715
81,2018-06-05T17:00:00,0.0673684967794203,0.0762
81,2018-06-05T18:00:00,0.06841970382574722,0.0804
81,2018-06-05T19:00:00,0.06750788373631426,0.0645
81,2018-06-05T20:00:00,0.05663752333354109,0.0853
81,2018-06-05T21:00:00,0.04409191225033508,0.0527
81,2018-06-05T22:00:00,0.032027843749931256,0.0334
81,2018-06-05T23:00:00,0.024018596878094028,0.0273
81,2018-06-06T00:00:00,0.014618452782873298,0.0181
81,2018-06-06T01:00:00,0.007010464676432369,0.0101
81,2018-06-06T02:00:00,0.0025751588122500946,0.0083
81,2018-06-06T03:00:00,0.0007863163124357739,0.0046
81,2018-06-06T04:00:00,0.0012612801014043641,0.0039
81,2018-06-06T05:00:00,0.00474127052948815,0.0052
81,2018-06-06T06:00:00,0.008962493572947195,0.0102
81,2018-06-06T07:00:00,0.015567980520409688,0.0185
81,2018-06-06T08:00:00,0.02667858840964172,0.032
81,2018-06-06T09:00:00,0.03810620893712564,0.0459
81,2018-06-06T10:00:00,0.04342369694005136,0.0523
81,2018-06-06T11:00:00,0.04129560790730613,0.0437
81,2018-06-06T12:00:00,0.0451333195273299,0.0478
81,2018-06-06T13:00:00,0.05077676366262549,0.0537
81,2018-06-06T14:00:00,0.055258830879200985,0.0577
81,2018-06-06T15:00:00,0.06015006868996219,0.065
81,2018-06-06T16:00:00,0.06815402722570105,0.0711
81,2018-06-06T17:00:00,0.07478951359219084,0.0745
81,2018-06-06T18:00:00,0.077630381391913,0.0759
81,2018-06-06T19:00:00,0.0771128281173096,0.0836
81,2018-06-06T20:00:00,0.06659818199501691,0.0737
81,2018-06-06T21:00:00,0.052077420657150805,0.057
81,2018-06-06T22:00:00,0.03946904882342851,0.0432
81,2018-06-06T23:00:00,0.030042388230953832,0.0294
81,2018-06-07T00:00:00,0.018615925173096376,0.0197
81,2018-06-07T01:00:00,0.010948307406394207,0.0122
81,2018-06-07T02:00:00,0.005827394400998383,0.0086
81,2018-06-07T03:00:00,0.0037939641664483173,0.0048
81,2018-06-07T04:00:00,0.0033267694061259977,0.0046
81,2018-06-07T05:00:00,0.006036539665852152,0.0064
81,2018-06-07T06:00:00,0.010460773700531549,0.0109
81,2018-06-07T07:00:00,0.017339784772961483,0.0199
81,2018-06-07T08:00:00,0.02999946701094968,0.0311
81,2018-06-07T09:00:00,0.04238247258741168,0.0483
82,2018-06-04T10:00:00,0.024328676437985423,0.0235
82,2018-06-04T11:00:00,0.029914414141843246,0.0308
82,2018-06-04T12:00:00,0.038908989815912266,0.0364
82,2018-06-04T13:00:00,0.048182892802507954,0.0457
82,2018-06-04T14:00:00,0.05516848832484146,0.0487
82,2018-06-04T15:00:00,0.0585397964550293,0.053
82,2018-06-04T16:00:00,0.05837389422738569,0.0515
82,2018-06-04T17:00:00,0.05863777487471143,0.0491
82,2018-06-04T18:00:00,0.05772989011192248,0.0548
82,2018-06-04T19:00:00,0.056314863343861654,0.0547
82,2018-06-04T20:00:00,0.04612795669118651,0.0466
82,2018-06-04T21:00:00,0.0343491133419573,0.0339
82,2018-06-04T22:00:00,0.026802289427867918,0.0299
82,2018-06-04T23:00:00,0.022355349819999894,0.0217
82,2018-06-05T00:00:00,0.016286493370189455,0.0146
82,2018-06-05T01:00:00,0.010723645110035852,0.0087
82,2018-06-05T02:00:00,0.005976726555591075,0.0066
82,2018-06-05T03:00:00,0.0022539268240020296,0.0042
82,2018-06-05T04:00:00,0.0006061638570113645,0.0028
82,2018-06-05T05:00:00,0.0005305411063634483,0.0049
82,2018-06-05T06:00:00,0.001251506614307188,0.0099
82,2018-06-05T07:00:00,0.00332990575282803,0.0175
82,2018-06-05T08:00:00,0.010856207446592145,0.0307
82,2018-06-05T09:00:00,0.01880821231160436,0.043
82,2018-06-05T10:00:00,0.02581234767288958,0.0485
82,2018-06-05T11:00:00,0.02843121514613637,0.0417
82,2018-06-05T12:00:00,0.03518287519363854,0.0437
82,2018-06-05T13:00:00,0.04292315177574775,0.0559
82,2018-06-05T14:00:00,0.05032008004412747,0.0591
82,2018-06-05T15:00:00,0.05605132962203703,0.0615
82,2018-06-05T16:00:00,0.05825793350256224,0.0715
82,2018-06-05T17:00:00,0.05969076210441784,0.0762
82,2018-06-05T18:00:00,0.060169664724328414,0.0804
82,2018-06-05T19:00:00,0.05938959923076479,0.0645
82,2018-06-05T20:00:00,0.0496398344788403,0.0853
82,2018-06-05T21:00:00,0.03728703863184954,0.0527
82,2018-06-05T22:00:00,0.026564893388684407,0.0334
82,2018-06-05T23:00:00,0.019681955399925646,0.0273
82,2018-06-06T00:00:00,0.013157930940498337,0.0181
82,2018-06-06T01:00:00,0.0065188519677080725,0.0101
82,2018-06-06T02:00:00,0.003252581665505433,0.0083
82,2018-06-06T03:00:00,0.0015913727071229233,0.0046
82,2018-06-06T04:00:00,0.002001256425949817,0.0039
82,2018-06-06T05:00:00,0.0035576956351434444,0.0052
82,2018-06-06T06:00:00,0.005491889407032567,0.0102
82,2018-06-06T07:00:00,0.009779986721204753,0.0185
82,2018-06-06T08:00:00,0.01776693714664381,0.032
82,2018-06-06T09:00:00,0.02730891279703709,0.0459
82,2018-06-06T10:00:00,0.033777519236743755,0.0523
82,2018-06-06T11:00:00,0.03397264275404574,0.0437
82,2018-06-06T12:00:00,0.03950834829889439,0.0478
82,2018-06-06T13:00:00,0.04563281340223618,0.0537
82,2018-06-06T14:00:00,0.051659235256383,0.0577
82,2018-06-06T15:00:00,0.055975314390014116,0.065
82,2018-06-06T16:00:00,0.06135889029918377,0.0711
82,2018-06-06T17:00:00,0.0658114180358433,0.0745
82,2018-06-06T18:00:00,0.06768935731208131,0.0759
82,2018-06-06T19:00:00,0.06773120914298901,0.0836
82,2018-06-06T20:00:00,0.05767841022228423,0.0737
82,2018-06-06T21:00:00,0.04569685725146191,0.057
82,2018-06-06T22:00:00,0.03386463678566208,0.0432
82,2018-06-06T23:00:00,0.0255754516970294,0.0294
82,2018-06-07T00:00:00,0.016039443165255365,0.0197
82,2018-06-07T01:00:00,0.008244457658124014,0.0122
82,2018-06-07T02:00:00,0.004599181758843059,0.0086
82,2018-06-07T03:00:00,0.003487278519161304,0.0048
82,2018-06-07T04:00:00,0.004258840833649528,0.0046
82,2018-06-07T05:00:00,0.006576098179690668,0.0064
82,2018-06-07T06:00:00,0.011477146272677954,0.0109
82,2018-06-07T07:00:00,0.01815085752165465,0.0199
82,2018-06-07T08:00:00,0.028850383484969187,0.0311
82,2018-06-07T09:00:00,0.039348067841303,0.0483
82,2018-06-07T10:00:00,0.04549836925765867,0.0543
82,2018-06-07T11:00:00,0.04297515906223365,0.0453
82,2018-06-07T12:00:00,0.04609057284021746,0.0476
82,2018-06-07T13:00:00,0.05139576110762423,0.0537
82,2018-06-07T14:00:00,0.056818849728792524,0.0615
82,2018-06-07T15:00:00,0.06213732979847953,0.0663
82,2018-06-07T16:00:00,0.06784839987640734,0.0744
82,2018-06-07T17:00:00,0.07339162809775349,0.081
82,2018-06-07T18:00:00,0.07628253201634155,0.0876
82,2018-06-07T19:00:00,0.07624311742468667,0.0858
82,2018-06-07T20:00:00,0.06597804039672409,0.0678
82,2018-06-07T21:00:00,0.052429450168293645,0.0558
82,2018-06-07T22:00:00,0.039807045198051096,0.0426
82,2018-06-07T23:00:00,0.029983001593758274,0.0337
82,2018-06-08T00:00:00,0.018435078866669723,0.021
82,2018-06-08T01:00:00,0.011024867556754744,0.0151
82,2018-06-08T02:00:00,0.00592954468743892,0.0097
82,2018-06-08T03:00:00,0.0036208238113040955,0.0057
82,2018-06-08T04:00:00,0.0035769132053266317,0.0044
82,2018-06-08T05:00:00,0.006039290539775165,0.0062
82,2018-06-08T06:00:00,0.011170033101036023,0.0095
82,2018-06-08T07:00:00,0.0185615852506527,0.0162
82,2018-06-08T08:00:00,0.031079842484599787,0.032
82,2018-06-08T09:00:00,0.04176276482121015,0.0473
83,2018-06-05T10:00:00,0.043577832786330255,0.0485
83,2018-06-05T11:00:00,0.04342451519363228,0.0417
83,2018-06-05T12:00:00,0.046726165939642454,0.0437
83,2018-06-05T13:00:00,0.05238189334025645,0.0559
83,2018-06-05T14:00:00,0.057096989364644045,0.0591
83,2018-06-05T15:00:00,0.06009906888914873,0.0615
83,2018-06-05T16:00:00,0.05999102437348716,0.0715
83,2018-06-05T17:00:00,0.05929592233686673,0.0762
83,2018-06-05T18:00:00,0.06049818740454697,0.0804
83,2018-06-05T19:00:00,0.061032897722114794,0.0645
83,2018-06-05T20:00:00,0.052616446517694676,0.0853
83,2018-06-05T21:00:00,0.04017361123812061,0.0527
83,2018-06-05T22:00:00,0.03104321240812863,0.0334
83,2018-06-05T23:00:00,0.022477065127769435,0.0273
83,2018-06-06T00:00:00,0.013727345372361418,0.0181
83,2018-06-06T01:00:00,0.006353666369003648,0.0101
83,2018-06-06T02:00:00,0.0017490380823384534,0.0083
83,2018-06-06T03:00:00,-0.0014733654176116058,0.0046
83,2018-06-06T04:00:00,-0.00224275156304736,0.0039
83,2018-06-06T05:00:00,0.00014918237318410285,0.0052
83,2018-06-06T06:00:00,0.003879936861212945,0.0102
83,2018-06-06T07:00:00,0.01015097448447944,0.0185
83,2018-06-06T08:00:00,0.022176652173886487,0.032
83,2018-06-06T09:00:00,0.0330490037187782,0.0459
83,2018-06-06T10:00:00,0.039048531837992326,0.0523
83,2018-06-06T11:00:00,0.04032888668210621,0.0437
83,2018-06-06T12:00:00,0.04451794202215596,0.0478
83,2018-06-06T13:00:00,0.04894322734623269,0.0537
83,2018-06-06T14:00:00,0.053168669564473026,0.0577
83,2018-06-06T15:00:00,0.0565834660327304,0.065
83,2018-06-06T16:00:00,0.05838334882336568,0.0711
83,2018-06-06T17:00:00,0.06017063891916995,0.0745
83,2018-06-06T18:00:00,0.06255260663191473,0.0759
83,2018-06-06T19:00:00,0.06318676892646993,0.0836
83,2018-06-06T20:00:00,0.05440743189573055,0.0737
83,2018-06-06T21:00:00,0.04191515272365108,0.057
83,2018-06-06T22:00:00,0.031411440361520424,0.0432
83,2018-06-06T23:00:00,0.023417851569181927,0.0294
83,2018-06-07T00:00:00,0.014280367399081739,0.0197
83,2018-06-07T01:00:00,0.005569136399799363,0.0122
83,2018-06-07T02:00:00,0.0015702750810675133,0.0086
83,2018-06-07T03:00:00,-0.0003987479085551457,0.0048
83,2018-06-07T04:00:00,0.00032904221972625963,0.0046
83,2018-06-07T05:00:00,0.002544948259268834,0.0064
83,2018-06-07T06:00:00,0.005703619091654774,0.0109
83,2018-06-07T07:00:00,0.01203004564896858,0.0199
83,2018-06-07T08:00:00,0.021231909204827145,0.0311
83,2018-06-07T09:00:00,0.03160516916822195,0.0483
83,2018-06-07T10:00:00,0.037484540866627884,0.0543
83,2018-06-07T11:00:00,0.03778243720890852,0.0453
83,2018-06-07T12:00:00,0.04247939726468789,0.0476
83,2018-06-07T13:00:00,0.04783622837158948,0.0537
83,2018-06-07T14:00:00,0.0532036792535531,0.0615
83,2018-06-07T15:00:00,0.05702842777444819,0.0663
83,2018-06-07T16:00:00,0.06144181075039815,0.0744
83,2018-06-07T17:00:00,0.0645994530713237,0.081
83,2018-06-07T18:00:00,0.06681840434582054,0.0876
83,2018-06-07T19:00:00,0.06716422248877416,0.0858
83,2018-06-07T20:00:00,0.057674275150654736,0.0678
83,2018-06-07T21:00:00,0.045390020568931475,0.0558
83,2018-06-07T22:00:00,0.03416420800716757,0.0426
83,2018-06-07T23:00:00,0.02528165380646425,0.0337
83,2018-06-08T00:00:00,0.01576757219286522,0.021
83,2018-06-08T01:00:00,0.008463255511794266,0.0151
83,2018-06-08T02:00:00,0.003856663066105062,0.0097
83,2018-06-08T03:00:00,0.00207817927115243,0.0057
83,2018-06-08T04:00:00,0.0025980523910259477,0.0044
83,2018-06-08T05:00:00,0.006798463408715857,0.0062
83,2018-06-08T06:00:00,0.012537554729455003,0.0095
83,2018-06-08T07:00:00,0.020512498553902057,0.0162
83,2018-06-08T08:00:00,0.03218985165121735,0.032
83,2018-06-08T09:00:00,0.04229334987918285,0.0473
83,2018-06-08T10:00:00,0.046257843496226594,0.0552
83,2018-06-08T11:00:00,0.04398714775759319,0.0498
83,2018-06-08T12:00:00,0.0469304766749877,0.0478
83,2018-06-08T13:00:00,0.052967232003050674,0.0522
83,2018-06-08T14:00:00,0.058575680466458155,0.0594
83,2018-06-08T15:00:00,0.06432204933805032,0.064
83,2018-06-08T16:00:00,0.06957908855105938,0.07
83,2018-06-08T17:00:00,0.07378099239969349,0.0757
83,2018-06-08T18:00:00,0.07629407342177524,0.0755
83,2018-06-08T19:00:00,0.0773422755325748,0.077
83,2018-06-08T20:00:00,0.0668819250033562,0.0636
83,2018-06-08T21:00:00,0.05203296863713371,0.0516
83,2018-06-08T22:00:00,0.039199078231838935,0.0442
83,2018-06-08T23:00:00,0.02974570057361479,0.0327
83,2018-06-09T00:00:00,0.019729905935842153,0.0213
83,2018-06-09T01:00:00,0.012107725422537272,0.015
83,2018-06-09T02:00:00,0.0067230141208185,0.0088
83,2018-06-09T03:00:00,0.003312937941955127,0.006
83,2018-06-09T04:00:00,0.0035812462697926255,0.0054
83,2018-06-09T05:00:00,0.0060716667489149265,0.0062
83,2018-06-09T06:00:00,0.010833056301913946,0.009
83,2018-06-09T07:00:00,0.017581700830908813,0.0151
83,2018-06-09T08:00:00,0.030128607628297034,0.0274
83,2018-06-09T09:00:00,0.04213357386528729,0.0438
84,2018-06-06T10:00:00,0.047747711556483316,0.0523
84,2018-06-06T11:00:00,0.04549616505422227,0.0437
84,2018-06-06T12:00:00,0.04684252860744549,0.0478
84,2018-06-06T13:00:00,0.05277854482986894,0.0537
84,2018-06-06T14:00:00,0.05779966243707425,0.0577
84,2018-06-06T15:00:00,0.062097506956108675,0.065
84,2018-06-06T16:00:00,0.06651143309824725,0.0711
84,2018-06-06T17:00:00,0.06879375784976413,0.0745
84,2018-06-06T18:00:00,0.07185842063209184,0.0759
84,2018-06-06T19:00:00,0.07138948949211493,0.0836
84,2018-06-06T20:00:00,0.06834076776134873,0.0737
84,2018-06-06T21:00:00,0.052125326162838125,0.057
84,2018-06-06T22:00:00,0.03803891590280256,0.0432
84,2018-06-06T23:00:00,0.028034534027684355,0.0294
84,2018-06-07T00:00:00,0.017568476486364906,0.0197
84,2018-06-07T01:00:00,0.007947534985040201,0.0122
84,2018-06-07T02:00:00,0.0028165331057280023,0.0086
84,2018-06-07T03:00:00,-0.0003751639830750497,0.0048
84,2018-06-07T04:00:00,-0.001352241109698265,0.0046
84,2018-06-07T05:00:00,0.0008239945244360759,0.0064
84,2018-06-07T06:00:00,0.003127777844701439,0.0109
84,2018-06-07T07:00:00,0.009694488858817917,0.0199
84,2018-06-07T08:00:00,0.019315177174612765,0.0311
84,2018-06-07T09:00:00,0.029799140066689656,0.0483
84,2018-06-07T10:00:00,0.03630701789491381,0.0543
84,2018-06-07T11:00:00,0.036520324513632005,0.0453
84,2018-06-07T12:00:00,0.0387681915030024,0.0476
84,2018-06-07T13:00:00,0.04401730574610459,0.0537
84,2018-06-07T14:00:00,0.05000212807879907,0.0615
84,2018-06-07T15:00:00,0.054577462186407674,0.0663
84,2018-06-07T16:00:00,0.058775970370288415,0.0744
84,2018-06-07T17:00:00,0.06100046369205818,0.081
84,2018-06-07T18:00:00,0.06304327142803243,0.0876
84,2018-06-07T19:00:00,0.06238518704324097,0.0858
84,2018-06-07T20:00:00,0.05750316553619635,0.0678
84,2018-06-07T21:00:00,0.045889392844697466,0.0558
84,2018-06-07T22:00:00,0.03324310976315846,0.0426
84,2018-06-07T23:00:00,0.024317628262493986,0.0337
84,2018-06-08T00:00:00,0.015328915559307914,0.021
84,2018-06-08T01:00:00,0.006450479609603741,0.0151
84,2018-06-08T02:00:00,0.0006829202480594029,0.0097
84,2018-06-08T03:00:00,-0.0006240672607868321,0.0057
84,2018-06-08T04:00:00,-0.0013140565266382513,0.0044
84,2018-06-08T05:00:00,0.0023201878425667226,0.0062
84,2018-06-08T06:00:00,0.005725873136047249,0.0095
84,2018-06-08T07:00:00,0.01091355878751447,0.0162
84,2018-06-08T08:00:00,0.02015660905852202,0.032
84,2018-06-08T09:00:00,0.03113953399572057,0.0473
84,2018-06-08T10:00:00,0.036163416318825956,0.0552
84,2018-06-08T11:00:00,0.03503894438875442,0.0498
84,2018-06-08T12:00:00,0.03835466208776046,0.0478
84,2018-06-08T13:00:00,0.04439636110421438,0.0522
84,2018-06-08T14:00:00,0.05113933935857254,0.0594
84,2018-06-08T15:00:00,0.05878430534306024,0.064
84,2018-06-08T16:00:00,0.0634824493259159,0.07
84,2018-06-08T17:00:00,0.06579756204158649,0.0757
84,2018-06-08T18:00:00,0.06662461666691277,0.0755
84,2018-06-08T19:00:00,0.06634891777461205,0.077
84,2018-06-08T20:00:00,0.06036817970122618,0.0636
84,2018-06-08T21:00:00,0.04710574694245091,0.0516
84,2018-06-08T22:00:00,0.03550771625838764,0.0442
84,2018-06-08T23:00:00,0.028170471336114382,0.0327
84,2018-06-09T00:00:00,0.01867888339080446,0.0213
84,2018-06-09T01:00:00,0.011190813588123238,0.015
84,2018-06-09T02:00:00,0.004474765162967076,0.0088
84,2018-06-09T03:00:00,0.002549170938348104,0.006
84,2018-06-09T04:00:00,0.002379081074605136,0.0054
84,2018-06-09T05:00:00,0.004937421857390923,0.0062
84,2018-06-09T06:00:00,0.01004634140291221,0.009
84,2018-06-09T07:00:00,0.016266869827084002,0.0151
84,2018-06-09T08:00:00,0.02616662326382982,0.0274
84,2018-06-09T09:00:00,0.037640664350727326,0.0438
84,2018-06-09T10:00:00,0.04501794927671794,0.0504
84,2018-06-09T11:00:00,0.044762055975803315,0.044
84,2018-06-09T12:00:00,0.047517817343224245,0.0506
84,2018-06-09T13:00:00,0.05230607960536801,0.0598
84,2018-06-09T14:00:00,0.05831332594090754,0.062
84,2018-06-09T15:00:00,0.06609950812584056,0.0688
84,2018-06-09T16:00:00,0.07081524894105852,0.0735
84,2018-06-09T17:00:00,0.07322421376552672,0.0868
84,2018-06-09T18:00:00,0.07401408954131641,0.078
84,2018-06-09T19:00:00,0.07405754809285303,0.0837
84,2018-06-09T20:00:00,0.06635856861127953,0.0605
84,2018-06-09T21:00:00,0.05183625662155236,0.0372
84,2018-06-09T22:00:00,0.038974939828030256,0.0285
84,2018-06-09T23:00:00,0.03230721759953524,0.0252
84,2018-06-10T00:00:00,0.024807134187266034,0.029
84,2018-06-10T01:00:00,0.017643492993460363,0.0199
84,2018-06-10T02:00:00,0.009863494142332643,0.0153
84,2018-06-10T03:00:00,0.006219944109812303,0.0087
84,2018-06-10T04:00:00,0.005056322688228913,0.0058
84,2018-06-10T05:00:00,0.004664992475115894,0.0052
84,2018-06-10T06:00:00,0.005496409951441086,0.0055
84,2018-06-10T07:00:00,0.00828125103488156,0.0084
84,2018-06-10T08:00:00,0.01577180012839148,0.0138
84,2018-06-10T09:00:00,0.025565612679559792,0.0216
85,2018-06-07T10:00:00,0.04966244070518089,0.0543
85,2018-06-07T11:00:00,0.04774357298055583,0.0453
85,2018-06-07T12:00:00,0.0487253108235072,0.0476
85,2018-06-07T13:00:00,0.05358713005263313,0.0537
85,2018-06-07T14:00:00,0.05750741624965956,0.0615
85,2018-06-07T15:00:00,0.06126429703136104,0.0663
85,2018-06-07T16:00:00,0.0634410004892772,0.0744
85,2018-06-07T17:00:00,0.06502651661105197,0.081
85,2018-06-07T18:00:00,0.06715657786270658,0.0876
85,2018-06-07T19:00:00,0.06755859092824547,0.0858
85,2018-06-07T20:00:00,0.06322901148660365,0.0678
85,2018-06-07T21:00:00,0.049885412177758534,0.0558
85,2018-06-07T22:00:00,0.038264375952598594,0.0426
85,2018-06-07T23:00:00,0.028476902080765525,0.0337
85,2018-06-08T00:00:00,0.018394964466706014,0.021
85,2018-06-08T01:00:00,0.008618792025980204,0.0151
85,2018-06-08T02:00:00,0.002977899019622133,0.0097
85,2018-06-08T03:00:00,-0.0008416228408192408,0.0057
85,2018-06-08T04:00:00,-0.004040654425317661,0.0044
85,2018-06-08T05:00:00,-0.0015174880336175367,0.0062
85,2018-06-08T06:00:00,0.002253676266695665,0.0095
85,2018-06-08T07:00:00,0.008373286165170787,0.0162
85,2018-06-08T08:00:00,0.020853920555025843,0.032
85,2018-06-08T09:00:00,0.03293523826143126,0.0473
85,2018-06-08T10:00:00,0.039733255896112124,0.0552
85,2018-06-08T11:00:00,0.03968528030446498,0.0498
85,2018-06-08T12:00:00,0.04366630387034764,0.0478
85,2018-06-08T13:00:00,0.05019434408005784,0.0522
85,2018-06-08T14:00:00,0.053988591191238416,0.0594
85,2018-06-08T15:00:00,0.057151404103849834,0.064
85,2018-06-08T16:00:00,0.05802857544689581,0.07
85,2018-06-08T17:00:00,0.058640525748634445,0.0757
85,2018-06-08T18:00:00,0.06003903150381623,0.0755
85,2018-06-08T19:00:00,0.05935173704311996,0.077
85,2018-06-08T20:00:00,0.05528449986198579,0.0636
85,2018-06-08T21:00:00,0.04243186146243863,0.0516
85,2018-06-08T22:00:00,0.03184841388075261,0.0442
85,2018-06-08T23:00:00,0.026448281039649503,0.0327
85,2018-06-09T00:00:00,0.016831079325140903,0.0213
85,2018-06-09T01:00:00,0.008881111508550907,0.015
85,2018-06-09T02:00:00,0.0022558016234272664,0.0088
85,2018-06-09T03:00:00,-0.002663461810517749,0.006
85,2018-06-09T04:00:00,-0.005236914878390148,0.0054
85,2018-06-09T05:00:00,-0.003590094567559092,0.0062
85,2018-06-09T06:00:00,-0.0006431481633483692,0.009
85,2018-06-09T07:00:00,0.004551857966622261,0.0151
85,2018-06-09T08:00:00,0.014129382091911743,0.0274
85,2018-06-09T09:00:00,0.027117296906809297,0.0438
85,2018-06-09T10:00:00,0.034730142145480786,0.0504
85,2018-06-09T11:00:00,0.03975586825497419,0.044
85,2018-06-09T12:00:00,0.04618333686448885,0.0506
85,2018-06-09T13:00:00,0.053653163291828405,0.0598
85,2018-06-09T14:00:00,0.05633834038825303,0.062
85,2018-06-09T15:00:00,0.05956348950567911,0.0688
85,2018-06-09T16:00:00,0.059882191390777606,0.0735
85,2018-06-09T17:00:00,0.062196145935962135,0.0868
85,2018-06-09T18:00:00,0.06222598678550534,0.078
85,2018-06-09T19:00:00,0.06040620133442961,0.0837
85,2018-06-09T20:00:00,0.05508246306560696,0.0605
85,2018-06-09T21:00:00,0.043002348910346586,0.0372
85,2018-06-09T22:00:00,0.03424670881869751,0.0285
85,2018-06-09T23:00:00,0.028673869577191913,0.0252
85,2018-06-10T00:00:00,0.02174627076482026,0.029
85,2018-06-10T01:00:00,0.014042573622076237,0.0199
85,2018-06-10T02:00:00,0.007112190942815986,0.0153
85,2018-06-10T03:00:00,0.002762992688870994,0.0087
85,2018-06-10T04:00:00,-0.0008921933651287912,0.0058
85,2018-06-10T05:00:00,-0.000977820886541296,0.0052
85,2018-06-10T06:00:00,-0.00010455858790438949,0.0055
85,2018-06-10T07:00:00,0.003918571746564813,0.0084
85,2018-06-10T08:00:00,0.011343010506323657,0.0138
85,2018-06-10T09:00:00,0.02248569726501091,0.0216
85,2018-06-10T10:00:00,0.03151667355411863,0.0296
85,2018-06-10T11:00:00,0.03846624191445035,0.0384
85,2018-06-10T12:00:00,0.04605736173208132,0.0518
85,2018-06-10T13:00:00,0.05476592683666697,0.0617
85,2018-06-10T14:00:00,0.05724263324560111,0.0661
85,2018-06-10T15:00:00,0.05940936872788158,0.0657
85,2018-06-10T16:00:00,0.060298871695558226,0.0679
85,2018-06-10T17:00:00,0.06081812630683632,0.0676
85,2018-06-10T18:00:00,0.06244561866209747,0.064
85,2018-06-10T19:00:00,0.06067111049321574,0.0644
85,2018-06-10T20:00:00,0.05550473447783239,0.0522
85,2018-06-10T21:00:00,0.041094667430553816,0.0399
85,2018-06-10T22:00:00,0.03290661200157177,0.0343
85,2018-06-10T23:00:00,0.02844074965763204,0.0317
85,2018-06-11T00:00:00,0.02219209982029085,0.0267
85,2018-06-11T01:00:00,0.015215165696087041,0.0208
85,2018-06-11T02:00:00,0.010456901451251385,0.0137
85,2018-06-11T03:00:00,0.005572404157676059,0.0091
85,2018-06-11T04:00:00,0.003955259994382624,0.0066
85,2018-06-11T05:00:00,0.002936586850605067,0.0046
85,2018-06-11T06:00:00,0.0037061937668142544,0.004
85,2018-06-11T07:00:00,0.005706049322311602,0.0052
85,2018-06-11T08:00:00,0.011255238354540599,0.0087
85,2018-06-11T09:00:00,0.021111280054219944,0.014
86,2018-06-08T10:00:00,0.048717182604316844,0.0552
86,2018-06-08T11:00:00,0.04539963215746146,0.0498
86,2018-06-08T12:00:00,0.04742185739918499,0.0478
86,2018-06-08T13:00:00,0.05373960556252384,0.0522
86,2018-06-08T14:00:00,0.058848791434692446,0.0594
86,2018-06-08T15:00:00,0.06353295502071263,0.064
86,2018-06-08T16:00:00,0.06704740321094288,0.07
86,2018-06-08T17:00:00,0.07047409326658205,0.0757
86,2018-06-08T18:00:00,0.07240925072041873,0.0755
86,2018-06-08T19:00:00,0.07039886299730913,0.077
86,2018-06-08T20:00:00,0.0625757612808909,0.0636
86,2018-06-08T21:00:00,0.04784002878276083,0.0516
86,2018-06-08T22:00:00,0.03716618520617091,0.0442
86,2018-06-08T23:00:00,0.02851123470443074,0.0327
86,2018-06-09T00:00:00,0.018379229117436585,0.0213
86,2018-06-09T01:00:00,0.009132991687406129,0.015
86,2018-06-09T02:00:00,0.0035801283987334613,0.0088
86,2018-06-09T03:00:00,-0.0007054791117160446,0.006
86,2018-06-09T04:00:00,-0.0031722981438682962,0.0054
86,2018-06-09T05:00:00,-0.003228300330064056,0.0062
86,2018-06-09T06:00:00,-5.295955213445447e-05,0.009
86,2018-06-09T07:00:00,0.006461206265754492,0.0151
86,2018-06-09T08:00:00,0.017747053759842316,0.0274
86,2018-06-09T09:00:00,0.03245698674008742,0.0438
86,2018-06-09T10:00:00,0.037373433594522096,0.0504
86,2018-06-09T11:00:00,0.037534747469591054,0.044
86,2018-06-09T12:00:00,0.041239799158359486,0.0506
86,2018-06-09T13:00:00,0.04907329812691731,0.0598
86,2018-06-09T14:00:00,0.05263437625836613,0.062
86,2018-06-09T15:00:00,0.05739548546752586,0.0688
86,2018-06-09T16:00:00,0.056887809056810366,0.0735
86,2018-06-09T17:00:00,0.0596058967678184,0.0868
86,2018-06-09T18:00:00,0.06120374100992585,0.078
86,2018-06-09T19:00:00,0.05930557492568321,0.0837
86,2018-06-09T20:00:00,0.05333270224913837,0.0605
86,2018-06-09T21:00:00,0.040686010566453615,0.0372
86,2018-06-09T22:00:00,0.03160482636027097,0.0285
86,2018-06-09T23:00:00,0.022338140913425203,0.0252
86,2018-06-10T00:00:00,0.014347164575239072,0.029
86,2018-06-10T01:00:00,0.005768546724833859,0.0199
86,2018-06-10T02:00:00,-0.0014202525251095152,0.0153
86,2018-06-10T03:00:00,-0.005750208678785382,0.0087
86,2018-06-10T04:00:00,-0.008210450143608342,0.0058
86,2018-06-10T05:00:00,-0.008080519534843365,0.0052
86,2018-06-10T06:00:00,-0.0068256461935717605,0.0055
86,2018-06-10T07:00:00,-0.001537339881737109,0.0084
86,2018-06-10T08:00:00,0.008724903921299678,0.0138
86,2018-06-10T09:00:00,0.020286987516570258,0.0216
86,2018-06-10T10:00:00,0.026886997246272658,0.0296
86,2018-06-10T11:00:00,0.030696171440391017,0.0384
86,2018-06-10T12:00:00,0.037024546737817673,0.0518
86,2018-06-10T13:00:00,0.044714534891605616,0.0617
86,2018-06-10T14:00:00,0.048569299476943474,0.0661
86,2018-06-10T15:00:00,0.05055889094362489,0.0657
86,2018-06-10T16:00:00,0.051747356085816175,0.0679
86,2018-06-10T17:00:00,0.052662720772667135,0.0676
86,2018-06-10T18:00:00,0.054076372103766444,0.064
86,2018-06-10T19:00:00,0.05184331778200443,0.0644
86,2018-06-10T20:00:00,0.04544889119824784,0.0522
86,2018-06-10T21:00:00,0.03474054588057166,0.0399
86,2018-06-10T22:00:00,0.027026738312478614,0.0343
86,2018-06-10T23:00:00,0.02033004903114448,0.0317
86,2018-06-11T00:00:00,0.013052661127986125,0.0267
86,2018-06-11T01:00:00,0.004770494622584918,0.0208
86,2018-06-11T02:00:00,0.00028408207650045675,0.0137
86,2018-06-11T03:00:00,-0.0037192997866399083,0.0091
86,2018-06-11T04:00:00,-0.005954115018142456,0.0066
86,2018-06-11T05:00:00,-0.00612569946497863,0.0046
86,2018-06-11T06:00:00,-0.0037409528439269063,0.004
86,2018-06-11T07:00:00,0.002087258907247369,0.0052
86,2018-06-11T08:00:00,0.010242180848293779,0.0087
86,2018-06-11T09:00:00,0.022206059191338393,0.014
86,2018-06-11T10:00:00,0.027594469279586774,0.0215
86,2018-06-11T11:00:00,0.031268405430417735,0.0292
86,2018-06-11T12:00:00,0.03762673021062532,0.0378
86,2018-06-11T13:00:00,0.04692772510020509,0.0445
86,2018-06-11T14:00:00,0.05138427226666041,0.0504
86,2018-06-11T15:00:00,0.0541664693572666,0.0537
86,2018-06-11T16:00:00,0.055266873243090556,0.0528
86,2018-06-11T17:00:00,0.05494296922762428,0.0535
86,2018-06-11T18:00:00,0.05690938501954156,0.0566
86,2018-06-11T19:00:00,0.05565332021695298,0.0558
86,2018-06-11T20:00:00,0.0506783752400784,0.0489
86,2018-06-11T21:00:00,0.037234738210836685,0.0346
86,2018-06-11T22:00:00,0.027542271008860357,0.0276
86,2018-06-11T23:00:00,0.021146296051036403,0.0219
86,2018-06-12T00:00:00,0.013484891755102254,0.0142
86,2018-06-12T01:00:00,0.00728619510741501,0.0102
86,2018-06-12T02:00:00,0.00427797605282992,0.0082
86,2018-06-12T03:00:00,0.0024407497106524977,0.004
86,2018-06-12T04:00:00,0.0006236503039869501,0.0041
86,2018-06-12T05:00:00,0.004006061802359587,0.0051
86,2018-06-12T06:00:00,0.00773966703680419,0.0091
86,2018-06-12T07:00:00,0.014955052694746429,0.0164
86,2018-06-12T08:00:00,0.02723180650183464,0.0296
86,2018-06-12T09:00:00,0.0392242093048821,0.0475
87,2018-06-09T10:00:00,0.04820088036409626,0.0504
87,2018-06-09T11:00:00,0.04584193238485501,0.044
87,2018-06-09T12:00:00,0.04721928619736252,0.0506
87,2018-06-09T13:00:00,0.05362414244801512,0.0598
87,2018-06-09T14:00:00,0.05865068470851064,0.062
87,2018-06-09T15:00:00,0.062314412488863734,0.0688
87,2018-06-09T16:00:00,0.06441112333653706,0.0735
87,2018-06-09T17:00:00,0.0667194447227009,0.0868
87,2018-06-09T18:00:00,0.06616781215013406,0.078
87,2018-06-09T19:00:00,0.06393761032693679,0.0837
87,2018-06-09T20:00:00,0.05672469800251667,0.0605
87,2018-06-09T21:00:00,0.04331792548728172,0.0372
87,2018-06-09T22:00:00,0.03384388503381839,0.0285
87,2018-06-09T23:00:00,0.025168363707139808,0.0252
87,2018-06-10T00:00:00,0.015001543164904945,0.029
87,2018-06-10T01:00:00,0.006531208122424689,0.0199
87,2018-06-10T02:00:00,-0.00035826100171498093,0.0153
87,2018-06-10T03:00:00,-0.00206609289272007,0.0087
87,2018-06-10T04:00:00,-0.003127726977719507,0.0058
87,2018-06-10T05:00:00,-0.0015940937398519553,0.0052
87,2018-06-10T06:00:00,0.0007501940087435259,0.0055
87,2018-06-10T07:00:00,0.006962583700830992,0.0084
87,2018-06-10T08:00:00,0.01837217233735701,0.0138
87,2018-06-10T09:00:00,0.03090444080596191,0.0216
87,2018-06-10T10:00:00,0.03806828857813416,0.0296
87,2018-06-10T11:00:00,0.03702695769483555,0.0384
87,2018-06-10T12:00:00,0.040192460857014736,0.0518
87,2018-06-10T13:00:00,0.04749350101946401,0.0617
87,2018-06-10T14:00:00,0.0534558450326946,0.0661
87,2018-06-10T15:00:00,0.05743116622967123,0.0657
87,2018-06-10T16:00:00,0.06045464650200756,0.0679
87,2018-06-10T17:00:00,0.061847319353183154,0.0676
87,2018-06-10T18:00:00,0.06280004336091723,0.064
87,2018-06-10T19:00:00,0.06031040083594895,0.0644
87,2018-06-10T20:00:00,0.05368366645369192,0.0522
87,2018-06-10T21:00:00,0.03902163565005105,0.0399
87,2018-06-10T22:00:00,0.028644105646989614,0.0343
87,2018-06-10T23:00:00,0.021000335907185644,0.0317
87,2018-06-11T00:00:00,0.010427784239243343,0.0267
87,2018-06-11T01:00:00,0.002109535729576787,0.0208
87,2018-06-11T02:00:00,-0.0018224986264648024,0.0137
87,2018-06-11T03:00:00,-0.0045806825150869895,0.0091
87,2018-06-11T04:00:00,-0.0038772665314826676,0.0066
87,2018-06-11T05:00:00,-0.0018586034086670936,0.0046
87,2018-06-11T06:00:00,0.0008438814155355585,0.004
87,2018-06-11T07:00:00,0.007120539932779779,0.0052
87,2018-06-11T08:00:00,0.016941557050112587,0.0087
87,2018-06-11T09:00:00,0.03030188713911448,0.014
87,2018-06-11T10:00:00,0.03634663871450547,0.0215
87,2018-06-11T11:00:00,0.03532243701500225,0.0292
87,2018-06-11T12:00:00,0.040128607291169925,0.0378
87,2018-06-11T13:00:00,0.04757775660821301,0.0445
87,2018-06-11T14:00:00,0.05448662727818039,0.0504
87,2018-06-11T15:00:00,0.05702473249221658,0.0537
87,2018-06-11T16:00:00,0.0627492625787282,0.0528
87,2018-06-11T17:00:00,0.0661939384438067,0.0535
87,2018-06-11T18:00:00,0.06608703282499223,0.0566
87,2018-06-11T19:00:00,0.06424130330373941,0.0558
87,2018-06-11T20:00:00,0.057943201987087654,0.0489
87,2018-06-11T21:00:00,0.04425282610978836,0.0346
87,2018-06-11T22:00:00,0.030238547093097284,0.0276
87,2018-06-11T23:00:00,0.020596180313855003,0.0219
87,2018-06-12T00:00:00,0.012474934851717957,0.0142
87,2018-06-12T01:00:00,0.004439518933772601,0.0102
87,2018-06-12T02:00:00,-8.030358935899942e-05,0.0082
87,2018-06-12T03:00:00,-0.0011139926500284142,0.004
87,2018-06-12T04:00:00,-0.0011615967860885007,0.0041
87,2018-06-12T05:00:00,0.001957980097908738,0.0051
87,2018-06-12T06:00:00,0.0070077278197013225,0.0091
87,2018-06-12T07:00:00,0.014180215438570625,0.0164
87,2018-06-12T08:00:00,0.025829788388776382,0.0296
87,2018-06-12T09:00:00,0.03947461592643207,0.0475
87,2018-06-12T10:00:00,0.043645791462056736,0.0507
87,2018-06-12T11:00:00,0.041891117970234426,0.0425
87,2018-06-12T12:00:00,0.04480895732490128,0.0475
87,2018-06-12T13:00:00,0.05292323729392143,0.0526
87,2018-06-12T14:00:00,0.058251231532654255,0.0577
87,2018-06-12T15:00:00,0.06169862322867585,0.0593
87,2018-06-12T16:00:00,0.06761269378493004,0.0753
87,2018-06-12T17:00:00,0.07201974624655907,0.0794
87,2018-06-12T18:00:00,0.07401333786939733,0.0789
87,2018-06-12T19:00:00,0.07209641503015735,0.0814
87,2018-06-12T20:00:00,0.06898142001578346,0.0677
87,2018-06-12T21:00:00,0.051725829183256855,0.0491
87,2018-06-12T22:00:00,0.03568979012040057,0.0388
87,2018-06-12T23:00:00,0.02544862957579743,0.0253
87,2018-06-13T00:00:00,0.016210593254355542,0.0175
87,2018-06-13T01:00:00,0.00896881007007615,0.0118
87,2018-06-13T02:00:00,0.004484843523989476,0.0079
87,2018-06-13T03:00:00,0.003432849762763552,0.0058
87,2018-06-13T04:00:00,0.0024333293596563443,0.0045
87,2018-06-13T05:00:00,0.004694060626952063,0.0056
87,2018-06-13T06:00:00,0.009458540970779233,0.0101
87,2018-06-13T07:00:00,0.017796685132290255,0.0173
87,2018-06-13T08:00:00,0.029845098794671,0.031
87,2018-06-13T09:00:00,0.043246549420154316,0.0471
88,2018-06-10T10:00:00,0.029457948504697466,0.0296
88,2018-06-10T11:00:00,0.03169970005954044,0.0384
88,2018-06-10T12:00:00,0.03882876504592754,0.0518
88,2018-06-10T13:00:00,0.049650074037570296,0.0617
88,2018-06-10T14:00:00,0.05755731570090381,0.0661
88,2018-06-10T15:00:00,0.06285557246688418,0.0657
88,2018-06-10T16:00:00,0.0660639780485088,0.0679
88,2018-06-10T17:00:00,0.07043240263338195,0.0676
88,2018-06-10T18:00:00,0.06905850230654467,0.064
88,2018-06-10T19:00:00,0.06544628770666075,0.0644
88,2018-06-10T20:00:00,0.051073768686712095,0.0522
88,2018-06-10T21:00:00,0.03358742964350599,0.0399
88,2018-06-10T22:00:00,0.023713344488685374,0.0343
88,2018-06-10T23:00:00,0.018939257987990107,0.0317
88,2018-06-11T00:00:00,0.014588669579032048,0.0267
88,2018-06-11T01:00:00,0.008885080126025829,0.0208
88,2018-06-11T02:00:00,0.004600345185776102,0.0137
88,2018-06-11T03:00:00,0.0014663463633964938,0.0091
88,2018-06-11T04:00:00,0.00023782534301795138,0.0066
88,2018-06-11T05:00:00,0.0001902457370437996,0.0046
88,2018-06-11T06:00:00,0.0013161626643919642,0.004
88,2018-06-11T07:00:00,0.0035580723471774836,0.0052
88,2018-06-11T08:00:00,0.01149347805346547,0.0087
88,2018-06-11T09:00:00,0.020660213474971857,0.014
88,2018-06-11T10:00:00,0.02687857676862985,0.0215
88,2018-06-11T11:00:00,0.027679067063034593,0.0292
88,2018-06-11T12:00:00,0.03382086074472747,0.0378
88,2018-06-11T13:00:00,0.042570520401424936,0.0445
88,2018-06-11T14:00:00,0.051120664954577975,0.0504
88,2018-06-11T15:00:00,0.056564122307819535,0.0537
88,2018-06-11T16:00:00,0.059882035449517,0.0528
88,2018-06-11T17:00:00,0.0630790240282866,0.0535
88,2018-06-11T18:00:00,0.06413985738119508,0.0566
88,2018-06-11T19:00:00,0.062391400163579185,0.0558
88,2018-06-11T20:00:00,0.05103619910794952,0.0489
88,2018-06-11T21:00:00,0.035640623067436455,0.0346
88,2018-06-11T22:00:00,0.024920200537163744,0.0276
88,2018-06-11T23:00:00,0.017194415453752027,0.0219
88,2018-06-12T00:00:00,0.010583168316466666,0.0142
88,2018-06-12T01:00:00,0.0033764130436169035,0.0102
88,2018-06-12T02:00:00,0.00039050760649013763,0.0082
88,2018-06-12T03:00:00,-0.0023498148752714165,0.004
88,2018-06-12T04:00:00,-0.0018944103255401495,0.0041
88,2018-06-12T05:00:00,0.0008409237880310713,0.0051
88,2018-06-12T06:00:00,0.0038806026778312533,0.0091
88,2018-06-12T07:00:00,0.00834252193310693,0.0164
88,2018-06-12T08:00:00,0.017282278016423253,0.0296
88,2018-06-12T09:00:00,0.029003379418154555,0.0475
88,2018-06-12T10:00:00,0.03407056475453022,0.0507
88,2018-06-12T11:00:00,0.03300830112239668,0.0425
88,2018-06-12T12:00:00,0.038431099062046614,0.0475
88,2018-06-12T13:00:00,0.045689437075680656,0.0526
88,2018-06-12T14:00:00,0.05212527535051725,0.0577
88,2018-06-12T15:00:00,0.05614147243141107,0.0593
88,2018-06-12T16:00:00,0.06107952591118436,0.0753
88,2018-06-12T17:00:00,0.0662481902331559,0.0794
88,2018-06-12T18:00:00,0.06790953410701106,0.0789
88,2018-06-12T19:00:00,0.06797967263130292,0.0814
88,2018-06-12T20:00:00,0.05772139394144305,0.0677
88,2018-06-12T21:00:00,0.04349152350374358,0.0491
88,2018-06-12T22:00:00,0.031698073714842775,0.0388
88,2018-06-12T23:00:00,0.023039780042733132,0.0253
88,2018-06-13T00:00:00,0.01457322771471937,0.0175
88,2018-06-13T01:00:00,0.0066281352527094925,0.0118
88,2018-06-13T02:00:00,0.0022398763412067174,0.0079
88,2018-06-13T03:00:00,0.0004934183255947376,0.0058
88,2018-06-13T04:00:00,0.0005903787467104599,0.0045
88,2018-06-13T05:00:00,0.003973429779466471,0.0056
88,2018-06-13T06:00:00,0.008577189000229874,0.0101
88,2018-06-13T07:00:00,0.015989140194097435,0.0173
88,2018-06-13T08:00:00,0.027450810758656567,0.031
88,2018-06-13T09:00:00,0.040336231690695556,0.0471
88,2018-06-13T10:00:00,0.04577073433606556,0.0555
88,2018-06-13T11:00:00,0.04332078096449977,0.0463
88,2018-06-13T12:00:00,0.04677528988974128,0.0505
88,2018-06-13T13:00:00,0.05275993700753621,0.0585
88,2018-06-13T14:00:00,0.058382327320501276,0.057
88,2018-06-13T15:00:00,0.06335345086041658,0.0627
88,2018-06-13T16:00:00,0.0686233718728409,0.0774
88,2018-06-13T17:00:00,0.0731880073586827,0.0788
88,2018-06-13T18:00:00,0.07568000126760299,0.0807
88,2018-06-13T19:00:00,0.0769190491991468,0.0797
88,2018-06-13T20:00:00,0.06843556953490193,0.0691
88,2018-06-13T21:00:00,0.0533769843107029,0.055
88,2018-06-13T22:00:00,0.03992953162659358,0.0421
88,2018-06-13T23:00:00,0.02937517862265487,0.0314
88,2018-06-14T00:00:00,0.01862350970045341,0.02
88,2018-06-14T01:00:00,0.010698019930975938,0.0127
88,2018-06-14T02:00:00,0.005315703816934081,0.0087
88,2018-06-14T03:00:00,0.0036854413141109675,0.0064
88,2018-06-14T04:00:00,0.003492871378755095,0.0037
88,2018-06-14T05:00:00,0.006045974988193186,0.006
88,2018-06-14T06:00:00,0.01063879203847938,0.0104
88,2018-06-14T07:00:00,0.01821895198892829,0.0168
88,2018-06-14T08:00:00,0.03063215362809936,0.0311
88,2018-06-14T09:00:00,0.04425546134187767,0.0502
89,2018-06-11T10:00:00,0.022883101828261698,0.0215
89,2018-06-11T11:00:00,0.029663062288474654,0.0292
89,2018-06-11T12:00:00,0.040570939758104996,0.0378
89,2018-06-11T13:00:00,0.05192483476187337,0.0445
89,2018-06-11T14:00:00,0.05921099742720144,0.0504
89,2018-06-11T15:00:00,0.06159043153249865,0.0537
89,2018-06-11T16:00:00,0.06085816991998061,0.0528
89,2018-06-11T17:00:00,0.06128211813879477,0.0535
89,2018-06-11T18:00:00,0.05833284137641997,0.0566
89,2018-06-11T19:00:00,0.05517919570735326,0.0558
89,2018-06-11T20:00:00,0.04434544470569311,0.0489
89,2018-06-11T21:00:00,0.032117492978933244,0.0346
89,2018-06-11T22:00:00,0.026054608203329437,0.0276
89,2018-06-11T23:00:00,0.022010476961429375,0.0219
89,2018-06-12T00:00:00,0.016495598861261028,0.0142
89,2018-06-12T01:00:00,0.01130301244905325,0.0102
89,2018-06-12T02:00:00,0.0068015349259050555,0.0082
89,2018-06-12T03:00:00,0.0029470997445783624,0.004
89,2018-06-12T04:00:00,0.0008870263324019696,0.0041
89,2018-06-12T05:00:00,0.0005750088957214988,0.0051
89,2018-06-12T06:00:00,0.0010081751704012522,0.0091
89,2018-06-12T07:00:00,0.0032241442873076655,0.0164
89,2018-06-12T08:00:00,0.010275142275198053,0.0296
89,2018-06-12T09:00:00,0.018951509013766986,0.0475
89,2018-06-12T10:00:00,0.0255032480899314,0.0507
89,2018-06-12T11:00:00,0.02875622220948131,0.0425
89,2018-06-12T12:00:00,0.03690358923448871,0.0475
89,2018-06-12T13:00:00,0.04596512370293841,0.0526
89,2018-06-12T14:00:00,0.05319813019768419,0.0577
89,2018-06-12T15:00:00,0.05763209917218286,0.0593
89,2018-06-12T16:00:00,0.05987929508848796,0.0753
89,2018-06-12T17:00:00,0.06239870487274163,0.0794
89,2018-06-12T18:00:00,0.06163525150380481,0.0789
89,2018-06-12T19:00:00,0.05843989592789905,0.0814
89,2018-06-12T20:00:00,0.046860568733503666,0.0677
89,2018-06-12T21:00:00,0.03359945078733465,0.0491
89,2018-06-12T22:00:00,0.02423416639723998,0.0388
89,2018-06-12T23:00:00,0.018611573535851026,0.0253
89,2018-06-13T00:00:00,0.013150485358556653,0.0175
89,2018-06-13T01:00:00,0.006293616718628173,0.0118
89,2018-06-13T02:00:00,0.002938473915073271,0.0079
89,2018-06-13T03:00:00,0.0011346522934959982,0.0058
89,2018-06-13T04:00:00,0.0018253897269685168,0.0045
89,2018-06-13T05:00:00,0.003983024547366102,0.0056
89,2018-06-13T06:00:00,0.005523739971473669,0.0101
89,2018-06-13T07:00:00,0.009649334227053614,0.0173
89,2018-06-13T08:00:00,0.017461150351791514,0.031
89,2018-06-13T09:00:00,0.027196828701866283,0.0471
89,2018-06-13T10:00:00,0.03387656506559398,0.0555
89,2018-06-13T11:00:00,0.03451707749853887,0.0463
89,2018-06-13T12:00:00,0.04110650267137406,0.0505
89,2018-06-13T13:00:00,0.049011801201471514,0.0585
89,2018-06-13T14:00:00,0.05556887364396348,0.057
89,2018-06-13T15:00:00,0.05940317488118231,0.0627
89,2018-06-13T16:00:00,0.06496599388044769,0.0774
89,2018-06-13T17:00:00,0.06991614244473726,0.0788
89,2018-06-13T18:00:00,0.07024936088426387,0.0807
89,2018-06-13T19:00:00,0.06853290491590269,0.0797
89,2018-06-13T20:00:00,0.056985557944974084,0.0691
89,2018-06-13T21:00:00,0.043883225172443655,0.055
89,2018-06-13T22:00:00,0.032279951182511195,0.0421
89,2018-06-13T23:00:00,0.024735351095926963,0.0314
89,2018-06-14T00:00:00,0.01631263420669876,0.02
89,2018-06-14T01:00:00,0.008378206199550292,0.0127
89,2018-06-14T02:00:00,0.004327914051352081,0.0087
89,2018-06-14T03:00:00,0.003366001774285348,0.0064
89,2018-06-14T04:00:00,0.00428734654565812,0.0037
89,2018-06-14T05:00:00,0.0071168236247602205,0.006
89,2018-06-14T06:00:00,0.011410203668153988,0.0104
89,2018-06-14T07:00:00,0.018693061079616845,0.0168
89,2018-06-14T08:00:00,0.02929165576159003,0.0311
89,2018-06-14T09:00:00,0.04060535827211397,0.0502
89,2018-06-14T10:00:00,0.04636390107492721,0.0524
89,2018-06-14T11:00:00,0.04401375063579262,0.0449
89,2018-06-14T12:00:00,0.04700262596546684,0.0485
89,2018-06-14T13:00:00,0.05276632534277398,0.0556
89,2018-06-14T14:00:00,0.05915917762065806,0.0648
89,2018-06-14T15:00:00,0.06442003651847743,0.064
89,2018-06-14T16:00:00,0.07023416274387648,0.0702
89,2018-06-14T17:00:00,0.07632191682146351,0.0791
89,2018-06-14T18:00:00,0.07884211682491418,0.0803
89,2018-06-14T19:00:00,0.07829572843429101,0.0854
89,2018-06-14T20:00:00,0.06657435802512443,0.0665
89,2018-06-14T21:00:00,0.05220026207107979,0.055
89,2018-06-14T22:00:00,0.04071880466312881,0.0448
89,2018-06-14T23:00:00,0.031607420329251436,0.0324
89,2018-06-15T00:00:00,0.02092560132086357,0.0221
89,2018-06-15T01:00:00,0.012681517949095535,0.0134
89,2018-06-15T02:00:00,0.007105068457149078,0.0097
89,2018-06-15T03:00:00,0.00430045437229383,0.0067
89,2018-06-15T04:00:00,0.004006687319550999,0.0041
89,2018-06-15T05:00:00,0.005987836932371857,0.0065
89,2018-06-15T06:00:00,0.010191489425703533,0.0101
89,2018-06-15T07:00:00,0.017002261653782595,0.0164
89,2018-06-15T08:00:00,0.03025610387133355,0.0283
89,2018-06-15T09:00:00,0.04321474966803409,0.0463
90,2018-06-12T10:00:00,0.046164695050465596,0.0507
90,2018-06-12T11:00:00,0.04505354155533904,0.0425
90,2018-06-12T12:00:00,0.04881069129191133,0.0475
90,2018-06-12T13:00:00,0.05400431672847347,0.0526
90,2018-06-12T14:00:00,0.058718895868907384,0.0577
90,2018-06-12T15:00:00,0.06027089513254629,0.0593
90,2018-06-12T16:00:00,0.06079039329253476,0.0753
90,2018-06-12T17:00:00,0.06166744373730004,0.0794
90,2018-06-12T18:00:00,0.06204428192607087,0.0789
90,2018-06-12T19:00:00,0.06147396093231749,0.0814
90,2018-06-12T20:00:00,0.05289577761486317,0.0677
90,2018-06-12T21:00:00,0.039584416095387175,0.0491
90,2018-06-12T22:00:00,0.031265707646609284,0.0388
90,2018-06-12T23:00:00,0.023324442754080188,0.0253
90,2018-06-13T00:00:00,0.014726345387216948,0.0175
90,2018-06-13T01:00:00,0.0065280945536595955,0.0118
90,2018-06-13T02:00:00,0.0010899409554275645,0.0079
90,2018-06-13T03:00:00,-0.002178430173420731,0.0058
90,2018-06-13T04:00:00,-0.0028897904005708713,0.0045
90,2018-06-13T05:00:00,-0.0006078318481940737,0.0056
90,2018-06-13T06:00:00,0.003186956677026124,0.0101
90,2018-06-13T07:00:00,0.009983402458843077,0.0173
90,2018-06-13T08:00:00,0.022178532930618312,0.031
90,2018-06-13T09:00:00,0.03481920685757786,0.0471
90,2018-06-13T10:00:00,0.04142977293454865,0.0555
90,2018-06-13T11:00:00,0.04230654075768095,0.0463
90,2018-06-13T12:00:00,0.04622483038092695,0.0505
90,2018-06-13T13:00:00,0.050896361848763706,0.0585
90,2018-06-13T14:00:00,0.054747283971354324,0.057
90,2018-06-13T15:00:00,0.057155747681209804,0.0627
90,2018-06-13T16:00:00,0.05884722851778842,0.0774
90,2018-06-13T17:00:00,0.06145018251829889,0.0788
90,2018-06-13T18:00:00,0.06226479688575676,0.0807
90,2018-06-13T19:00:00,0.06200460976851364,0.0797
90,2018-06-13T20:00:00,0.05452862628960371,0.0691
90,2018-06-13T21:00:00,0.04246906063690355,0.055
90,2018-06-13T22:00:00,0.03246669382073767,0.0421
90,2018-06-13T23:00:00,0.024320553300027154,0.0314
90,2018-06-14T00:00:00,0.015082748963112281,0.02
90,2018-06-14T01:00:00,0.005098731702517196,0.0127
90,2018-06-14T02:00:00,-0.00016409135432617766,0.0087
90,2018-06-14T03:00:00,-0.002143826982907625,0.0064
90,2018-06-14T04:00:00,-0.0010530266257282733,0.0037
90,2018-06-14T05:00:00,0.001087177816461584,0.006
90,2018-06-14T06:00:00,0.004180528534293439,0.0104
90,2018-06-14T07:00:00,0.010515286560081084,0.0168
90,2018-06-14T08:00:00,0.020814521382282115,0.0311
90,2018-06-14T09:00:00,0.03359830628361076,0.0502
90,2018-06-14T10:00:00,0.03953075302810048,0.0524
90,2018-06-14T11:00:00,0.03956687357964373,0.0449
90,2018-06-14T12:00:00,0.04347256437553724,0.0485
90,2018-06-14T13:00:00,0.04801691523245753,0.0556
90,2018-06-14T14:00:00,0.052756928567710845,0.0648
90,2018-06-14T15:00:00,0.05602990083982146,0.064
90,2018-06-14T16:00:00,0.059920099134296315,0.0702
90,2018-06-14T17:00:00,0.0636217031194862,0.0791
90,2018-06-14T18:00:00,0.06473161066146202,0.0803
90,2018-06-14T19:00:00,0.0649415426412148,0.0854
90,2018-06-14T20:00:00,0.05646810979931041,0.0665
90,2018-06-14T21:00:00,0.04557164938509954,0.055
90,2018-06-14T22:00:00,0.03624761478751769,0.0448
90,2018-06-14T23:00:00,0.02775815083359342,0.0324
90,2018-06-15T00:00:00,0.018025104036095065,0.0221
90,2018-06-15T01:00:00,0.00860597856037575,0.0134
90,2018-06-15T02:00:00,0.002862470948093318,0.0097
90,2018-06-15T03:00:00,0.0009397117005491527,0.0067
90,2018-06-15T04:00:00,0.0019679936294183034,0.0041
90,2018-06-15T05:00:00,0.004653939919251969,0.0065
90,2018-06-15T06:00:00,0.010345088063100392,0.0101
90,2018-06-15T07:00:00,0.0180218222610264,0.0164
90,2018-06-15T08:00:00,0.030605041470272886,0.0283
90,2018-06-15T09:00:00,0.043284765541896246,0.0463
90,2018-06-15T10:00:00,0.048475876644649765,0.0507
90,2018-06-15T11:00:00,0.04664971337123024,0.0467
90,2018-06-15T12:00:00,0.04880466214721765,0.0484
90,2018-06-15T13:00:00,0.05387920452944625,0.056
90,2018-06-15T14:00:00,0.05871670568266295,0.0592
90,2018-06-15T15:00:00,0.06333309088908828,0.0646
90,2018-06-15T16:00:00,0.06802609581894001,0.0758
90,2018-06-15T17:00:00,0.0723406050270711,0.0821
90,2018-06-15T18:00:00,0.07264239867436253,0.0841
90,2018-06-15T19:00:00,0.07149531578714813,0.0851
90,2018-06-15T20:00:00,0.06103013633529781,0.0729
90,2018-06-15T21:00:00,0.04744166018713269,0.056
90,2018-06-15T22:00:00,0.03831325214882945,0.0502
90,2018-06-15T23:00:00,0.030796107536145877,0.0325
90,2018-06-16T00:00:00,0.021498931630516804,0.0239
90,2018-06-16T01:00:00,0.012814104290093064,0.0161
90,2018-06-16T02:00:00,0.0064684899491289916,0.0107
90,2018-06-16T03:00:00,0.0034867616352076136,0.0056
90,2018-06-16T04:00:00,0.0038533357351625136,0.0055
90,2018-06-16T05:00:00,0.006013942200256549,0.0061
90,2018-06-16T06:00:00,0.010547967643146073,0.0075
90,2018-06-16T07:00:00,0.016111953573642486,0.0153
90,2018-06-16T08:00:00,0.026955706893058637,0.0301
90,2018-06-16T09:00:00,0.03931418443359727,0.0467
91,2018-06-13T10:00:00,0.04948941073542338,0.0555
91,2018-06-13T11:00:00,0.04746749562407207,0.0463
91,2018-06-13T12:00:00,0.04994360455019872,0.0505
91,2018-06-13T13:00:00,0.054349607474579426,0.0585
91,2018-06-13T14:00:00,0.05823863708567425,0.057
91,2018-06-13T15:00:00,0.06154852713712109,0.0627
91,2018-06-13T16:00:00,0.06683511108649311,0.0774
91,2018-06-13T17:00:00,0.07127002797359837,0.0788
91,2018-06-13T18:00:00,0.07296103748209719,0.0807
91,2018-06-13T19:00:00,0.0727198927201377,0.0797
91,2018-06-13T20:00:00,0.06313199324457107,0.0691
91,2018-06-13T21:00:00,0.04801862532987719,0.055
91,2018-06-13T22:00:00,0.036762547723298254,0.0421
91,2018-06-13T23:00:00,0.027243367531337076,0.0314
91,2018-06-14T00:00:00,0.017623653410383758,0.02
91,2018-06-14T01:00:00,0.008446002100635092,0.0127
91,2018-06-14T02:00:00,0.0029799858290758333,0.0087
91,2018-06-14T03:00:00,0.0007264874328337424,0.0064
91,2018-06-14T04:00:00,-0.0003776537867977263,0.0037
91,2018-06-14T05:00:00,0.0007513539313785816,0.006
91,2018-06-14T06:00:00,0.0032859601038706526,0.0104
91,2018-06-14T07:00:00,0.00807496878148652,0.0168
91,2018-06-14T08:00:00,0.018980302078210852,0.0311
91,2018-06-14T09:00:00,0.030073242838862882,0.0502
91,2018-06-14T10:00:00,0.03656309622276236,0.0524
91,2018-06-14T11:00:00,0.03653788752951869,0.0449
91,2018-06-14T12:00:00,0.04208405638252406,0.0485
91,2018-06-14T13:00:00,0.04745591216706249,0.0556
91,2018-06-14T14:00:00,0.05170340693256081,0.0648
91,2018-06-14T15:00:00,0.05554540886461508,0.064
91,2018-06-14T16:00:00,0.059185999517481935,0.0702
91,2018-06-14T17:00:00,0.06293557208572298,0.0791
91,2018-06-14T18:00:00,0.06435266814174753,0.0803
91,2018-06-14T19:00:00,0.06292412179203707,0.0854
91,2018-06-14T20:00:00,0.053082747682029266,0.0665
91,2018-06-14T21:00:00,0.03953275748655139,0.055
91,2018-06-14T22:00:00,0.030232771484363256,0.0448
91,2018-06-14T23:00:00,0.023981615145319463,0.0324
91,2018-06-15T00:00:00,0.016323994264711403,0.0221
91,2018-06-15T01:00:00,0.008204957211168346,0.0134
91,2018-06-15T02:00:00,0.003049369177150596,0.0097
91,2018-06-15T03:00:00,0.0002162739103726899,0.0067
91,2018-06-15T04:00:00,0.00039924382138194214,0.0041
91,2018-06-15T05:00:00,0.0028302664495551202,0.0065
91,2018-06-15T06:00:00,0.005861075961139835,0.0101
91,2018-06-15T07:00:00,0.010648635611536377,0.0164
91,2018-06-15T08:00:00,0.019278847241264545,0.0283
91,2018-06-15T09:00:00,0.029681814855835913,0.0463
91,2018-06-15T10:00:00,0.03484040786042401,0.0507
91,2018-06-15T11:00:00,0.03556149566836764,0.0467
91,2018-06-15T12:00:00,0.041665478500381256,0.0484
91,2018-06-15T13:00:00,0.049024444708623396,0.056
91,2018-06-15T14:00:00,0.0543902853656601,0.0592
91,2018-06-15T15:00:00,0.058858959155313625,0.0646
91,2018-06-15T16:00:00,0.06468967122310454,0.0758
91,2018-06-15T17:00:00,0.06912857950562168,0.0821
91,2018-06-15T18:00:00,0.06821197604943086,0.0841
91,2018-06-15T19:00:00,0.06515067564102558,0.0851
91,2018-06-15T20:00:00,0.052206547029526824,0.0729
91,2018-06-15T21:00:00,0.037695715996093,0.056
91,2018-06-15T22:00:00,0.029314679244692412,0.0502
91,2018-06-15T23:00:00,0.025065793605799937,0.0325
91,2018-06-16T00:00:00,0.019531728773270723,0.0239
91,2018-06-16T01:00:00,0.012395519399354273,0.0161
91,2018-06-16T02:00:00,0.0070252317881668615,0.0107
91,2018-06-16T03:00:00,0.004621434051086535,0.0056
91,2018-06-16T04:00:00,0.0034867125750357407,0.0055
91,2018-06-16T05:00:00,0.006558478569391419,0.0061
91,2018-06-16T06:00:00,0.01110572222430337,0.0075
91,2018-06-16T07:00:00,0.01597615904783411,0.0153
91,2018-06-16T08:00:00,0.02434448082192528,0.0301
91,2018-06-16T09:00:00,0.03517602779536393,0.0467
91,2018-06-16T10:00:00,0.041470954918895346,0.0481
91,2018-06-16T11:00:00,0.04393274475778568,0.0403
91,2018-06-16T12:00:00,0.0508951844046387,0.0436
91,2018-06-16T13:00:00,0.059469439404045,0.0551
91,2018-06-16T14:00:00,0.06357327196910022,0.0579
91,2018-06-16T15:00:00,0.06742277309885544,0.0642
91,2018-06-16T16:00:00,0.07280956770572994,0.0731
91,2018-06-16T17:00:00,0.07758386534037916,0.0973
91,2018-06-16T18:00:00,0.07680474775942212,0.082
91,2018-06-16T19:00:00,0.07347342191716372,0.0855
91,2018-06-16T20:00:00,0.05924189832688695,0.073
91,2018-06-16T21:00:00,0.04121926572428064,0.0581
91,2018-06-16T22:00:00,0.030656628766644555,0.0528
91,2018-06-16T23:00:00,0.026950329898221093,0.0394
91,2018-06-17T00:00:00,0.023860517119641052,0.0293
91,2018-06-17T01:00:00,0.01787756432992482,0.0213
91,2018-06-17T02:00:00,0.01171806325526802,0.0141
91,2018-06-17T03:00:00,0.007296974328035635,0.01
91,2018-06-17T04:00:00,0.0052398112353408514,0.0072
91,2018-06-17T05:00:00,0.0048885001052861865,0.0053
91,2018-06-17T06:00:00,0.00557072735108732,0.006
91,2018-06-17T07:00:00,0.0071418846118435665,0.008
91,2018-06-17T08:00:00,0.013138591771174862,0.0147
91,2018-06-17T09:00:00,0.022771469261887046,0.0248
92,2018-06-14T10:00:00,0.05173299021620166,0.0524
92,2018-06-14T11:00:00,0.04993864596854132,0.0449
92,2018-06-14T12:00:00,0.05259529282287141,0.0485
92,2018-06-14T13:00:00,0.057027818026597746,0.0556
92,2018-06-14T14:00:00,0.06003377856112757,0.0648
92,2018-06-14T15:00:00,0.0626732806375362,0.064
92,2018-06-14T16:00:00,0.0672462581047458,0.0702
92,2018-06-14T17:00:00,0.06875401385409807,0.0791
92,2018-06-14T18:00:00,0.06862084527398932,0.0803
92,2018-06-14T19:00:00,0.0670192479287334,0.0854
92,2018-06-14T20:00:00,0.059412026737907825,0.0665
92,2018-06-14T21:00:00,0.04706631658145506,0.055
92,2018-06-14T22:00:00,0.03809868783756224,0.0448
92,2018-06-14T23:00:00,0.02940534535088546,0.0324
92,2018-06-15T00:00:00,0.01862866767666651,0.0221
92,2018-06-15T01:00:00,0.009554129459231436,0.0134
92,2018-06-15T02:00:00,0.003520138321423838,0.0097
92,2018-06-15T03:00:00,-0.000923928287736183,0.0067
92,2018-06-15T04:00:00,-0.003522817302576975,0.0041
92,2018-06-15T05:00:00,-0.002692922443728922,0.0065
92,2018-06-15T06:00:00,0.0003682833486305867,0.0101
92,2018-06-15T07:00:00,0.00656890035161695,0.0164
92,2018-06-15T08:00:00,0.01880350744112151,0.0283
92,2018-06-15T09:00:00,0.03256273891921811,0.0463
92,2018-06-15T10:00:00,0.039260212462442656,0.0507
92,2018-06-15T11:00:00,0.04154615189733735,0.0467
92,2018-06-15T12:00:00,0.04694411294976046,0.0484
92,2018-06-15T13:00:00,0.05306785616771609,0.056
92,2018-06-15T14:00:00,0.05629828275791677,0.0592
92,2018-06-15T15:00:00,0.05843114920011327,0.0646
92,2018-06-15T16:00:00,0.061204715204767376,0.0758
92,2018-06-15T17:00:00,0.061783029502238455,0.0821
92,2018-06-15T18:00:00,0.06025784512682744,0.0841
92,2018-06-15T19:00:00,0.058332072183010925,0.0851
92,2018-06-15T20:00:00,0.04976815311052937,0.0729
92,2018-06-15T21:00:00,0.03869821347555854,0.056
92,2018-06-15T22:00:00,0.031808659547407483,0.0502
92,2018-06-15T23:00:00,0.02557708943069554,0.0325
92,2018-06-16T00:00:00,0.017589546078036387,0.0239
92,2018-06-16T01:00:00,0.009094360306352255,0.0161
92,2018-06-16T02:00:00,0.002951148960907077,0.0107
92,2018-06-16T03:00:00,-0.0017745493170525997,0.0056
92,2018-06-16T04:00:00,-0.005037546604931546,0.0055
92,2018-06-16T05:00:00,-0.004306704233099895,0.0061
92,2018-06-16T06:00:00,-0.0029191266312033545,0.0075
92,2018-06-16T07:00:00,0.0014206573261885437,0.0153
92,2018-06-16T08:00:00,0.01107113655528022,0.0301
92,2018-06-16T09:00:00,0.024895305128160482,0.0467
92,2018-06-16T10:00:00,0.03383012908726923,0.0481
92,2018-06-16T11:00:00,0.03983527477137799,0.0403
92,2018-06-16T12:00:00,0.04972721239709936,0.0436
92,2018-06-16T13:00:00,0.058095136082938745,0.0551
92,2018-06-16T14:00:00,0.06110437138394125,0.0579
92,2018-06-16T15:00:00,0.062271498855664735,0.0642
92,2018-06-16T16:00:00,0.0644204745557263,0.0731
92,2018-06-16T17:00:00,0.06442558732649534,0.0973
92,2018-06-16T18:00:00,0.0617956870265823,0.082
92,2018-06-16T19:00:00,0.05840718681045013,0.0855
92,2018-06-16T20:00:00,0.04936201548625496,0.073
92,2018-06-16T21:00:00,0.03903361666966771,0.0581
92,2018-06-16T22:00:00,0.03205012127312027,0.0528
92,2018-06-16T23:00:00,0.027492832197587032,0.0394
92,2018-06-17T00:00:00,0.020926989373297844,0.0293
92,2018-06-17T01:00:00,0.014027914267504972,0.0213
92,2018-06-17T02:00:00,0.008047754403287644,0.0141
92,2018-06-17T03:00:00,0.0037628652739263094,0.01
92,2018-06-17T04:00:00,-0.00027126505193695444,0.0072
92,2018-06-17T05:00:00,-0.0013739222013691918,0.0053
92,2018-06-17T06:00:00,-0.0016131115650496498,0.006
92,2018-06-17T07:00:00,0.0005124168771534834,0.008
92,2018-06-17T08:00:00,0.007644970392190718,0.0147
92,2018-06-17T09:00:00,0.019640460481768342,0.0248
92,2018-06-17T10:00:00,0.02894159077742249,0.033
92,2018-06-17T11:00:00,0.0373285897939896,0.0398
92,2018-06-17T12:00:00,0.049338419295731906,0.0489
92,2018-06-17T13:00:00,0.0589392040750118,0.0581
92,2018-06-17T14:00:00,0.0626742688495697,0.0621
92,2018-06-17T15:00:00,0.06378394335572911,0.0643
92,2018-06-17T16:00:00,0.06541959897316052,0.0653
92,2018-06-17T17:00:00,0.06453293098255868,0.0678
92,2018-06-17T18:00:00,0.06345051641047202,0.0792
92,2018-06-17T19:00:00,0.06010286404387309,0.0732
92,2018-06-17T20:00:00,0.05108344580561451,0.0645
92,2018-06-17T21:00:00,0.038463246615742464,0.0491
92,2018-06-17T22:00:00,0.03102996002920079,0.0412
92,2018-06-17T23:00:00,0.027382338703274386,0.0336
92,2018-06-18T00:00:00,0.021984113076352937,0.0319
92,2018-06-18T01:00:00,0.016289050281218662,0.0243
92,2018-06-18T02:00:00,0.01072831809140698,0.0167
92,2018-06-18T03:00:00,0.007255439636096133,0.0099
92,2018-06-18T04:00:00,0.004372523764778771,0.0071
92,2018-06-18T05:00:00,0.0033144272686013478,0.0049
92,2018-06-18T06:00:00,0.0030703021012004304,0.0038
92,2018-06-18T07:00:00,0.004510403873536552,0.0051
92,2018-06-18T08:00:00,0.011272416423292967,0.0075
92,2018-06-18T09:00:00,0.020027615849469663,0.0145
93,2018-06-15T10:00:00,0.04736017649809466,0.0507
93,2018-06-15T11:00:00,0.04485846096568744,0.0467
93,2018-06-15T12:00:00,0.04807583474673088,0.0484
93,2018-06-15T13:00:00,0.054566055696446646,0.056
93,2018-06-15T14:00:00,0.06036834790752976,0.0592
93,2018-06-15T15:00:00,0.062328089763923,0.0646
93,2018-06-15T16:00:00,0.06593202020335596,0.0758
93,2018-06-15T17:00:00,0.06913858077208827,0.0821
93,2018-06-15T18:00:00,0.06937520849393723,0.0841
93,2018-06-15T19:00:00,0.06873865977245007,0.0851
93,2018-06-15T20:00:00,0.05858722011974285,0.0729
93,2018-06-15T21:00:00,0.04500073353676217,0.056
93,2018-06-15T22:00:00,0.037089568811827615,0.0502
93,2018-06-15T23:00:00,0.02807649622645728,0.0325
93,2018-06-16T00:00:00,0.01707241034053862,0.0239
93,2018-06-16T01:00:00,0.008605042912812125,0.0161
93,2018-06-16T02:00:00,0.002983886112739923,0.0107
93,2018-06-16T03:00:00,-0.00011331582858414846,0.0056
93,2018-06-16T04:00:00,-0.0034237192596866875,0.0055
93,2018-06-16T05:00:00,-0.0023171758437823195,0.0061
93,2018-06-16T06:00:00,0.0004642292754778801,0.0075
93,2018-06-16T07:00:00,0.0054382228354478805,0.0153
93,2018-06-16T08:00:00,0.01758466371486029,0.0301
93,2018-06-16T09:00:00,0.031324862824922535,0.0467
93,2018-06-16T10:00:00,0.037415527747635874,0.0481
93,2018-06-16T11:00:00,0.037617885537710685,0.0403
93,2018-06-16T12:00:00,0.04296128729863589,0.0436
93,2018-06-16T13:00:00,0.0500744375156964,0.0551
93,2018-06-16T14:00:00,0.0543341062124158,0.0579
93,2018-06-16T15:00:00,0.05635427443121856,0.0642
93,2018-06-16T16:00:00,0.058288005635772855,0.0731
93,2018-06-16T17:00:00,0.059872650939496834,0.0973
93,2018-06-16T18:00:00,0.06082011850024426,0.082
93,2018-06-16T19:00:00,0.05858741636043034,0.0855
93,2018-06-16T20:00:00,0.05050288174883315,0.073
93,2018-06-16T21:00:00,0.03805448269533862,0.0581
93,2018-06-16T22:00:00,0.0289897075397142,0.0528
93,2018-06-16T23:00:00,0.02179417977480557,0.0394
93,2018-06-17T00:00:00,0.01232682762448805,0.0293
93,2018-06-17T01:00:00,0.003947541778057229,0.0213
93,2018-06-17T02:00:00,-0.0007988160887089681,0.0141
93,2018-06-17T03:00:00,-0.005318118223588894,0.01
93,2018-06-17T04:00:00,-0.007597141926398147,0.0072
93,2018-06-17T05:00:00,-0.007765116946303489,0.0053
93,2018-06-17T06:00:00,-0.007269822972539537,0.006
93,2018-06-17T07:00:00,-0.0026826636113599783,0.008
93,2018-06-17T08:00:00,0.006557295868819427,0.0147
93,2018-06-17T09:00:00,0.02007093247693764,0.0248
93,2018-06-17T10:00:00,0.026259963745120733,0.033
93,2018-06-17T11:00:00,0.030047534818198458,0.0398
93,2018-06-17T12:00:00,0.03834655787301135,0.0489
93,2018-06-17T13:00:00,0.045925821073604337,0.0581
93,2018-06-17T14:00:00,0.0501575489511513,0.0621
93,2018-06-17T15:00:00,0.050598652460780894,0.0643
93,2018-06-17T16:00:00,0.053182847954145004,0.0653
93,2018-06-17T17:00:00,0.054527026577570775,0.0678
93,2018-06-17T18:00:00,0.05504413831062731,0.0792
93,2018-06-17T19:00:00,0.053232642276449534,0.0732
93,2018-06-17T20:00:00,0.044011006069605986,0.0645
93,2018-06-17T21:00:00,0.033202345140702506,0.0491
93,2018-06-17T22:00:00,0.02478281260705881,0.0412
93,2018-06-17T23:00:00,0.01825873470708714,0.0336
93,2018-06-18T00:00:00,0.011208193154010095,0.0319
93,2018-06-18T01:00:00,0.004162574263536046,0.0243
93,2018-06-18T02:00:00,-9.677904636415033e-05,0.0167
93,2018-06-18T03:00:00,-0.0029953906683836476,0.0099
93,2018-06-18T04:00:00,-0.006145192122554113,0.0071
93,2018-06-18T05:00:00,-0.005833441012520972,0.0049
93,2018-06-18T06:00:00,-0.0038991018122652085,0.0038
93,2018-06-18T07:00:00,0.0005056097783057746,0.0051
93,2018-06-18T08:00:00,0.009780060311462568,0.0075
93,2018-06-18T09:00:00,0.02183201918451346,0.0145
93,2018-06-18T10:00:00,0.026499331302354035,0.0224
93,2018-06-18T11:00:00,0.030385473056517374,0.0326
93,2018-06-18T12:00:00,0.03829120152893536,0.0419
93,2018-06-18T13:00:00,0.046850760203426586,0.0483
93,2018-06-18T14:00:00,0.05139141227381727,0.0553
93,2018-06-18T15:00:00,0.053573132134307686,0.0595
93,2018-06-18T16:00:00,0.05693667474014725,0.0551
93,2018-06-18T17:00:00,0.057561496328407194,0.0554
93,2018-06-18T18:00:00,0.058889577959010855,0.0603
93,2018-06-18T19:00:00,0.05725604769831104,0.0645
93,2018-06-18T20:00:00,0.049049947237253616,0.054
93,2018-06-18T21:00:00,0.03634025090491239,0.0396
93,2018-06-18T22:00:00,0.027675380015903257,0.0319
93,2018-06-18T23:00:00,0.021273134817683833,0.0263
93,2018-06-19T00:00:00,0.013386578674961971,0.0187
93,2018-06-19T01:00:00,0.007886413019479455,0.0126
93,2018-06-19T02:00:00,0.004906563009281304,0.0095
93,2018-06-19T03:00:00,0.0030895459536185513,0.0041
93,2018-06-19T04:00:00,0.001704393325931853,0.0044
93,2018-06-19T05:00:00,0.00396022733678501,0.0061
93,2018-06-19T06:00:00,0.007792797450796238,0.0079
93,2018-06-19T07:00:00,0.014581099244081875,0.0172
93,2018-06-19T08:00:00,0.027020200343716622,0.0316
93,2018-06-19T09:00:00,0.04086698285239304,0.051
94,2018-06-16T10:00:00,0.04843789881517123,0.0481
94,2018-06-16T11:00:00,0.04513842108434534,0.0403
94,2018-06-16T12:00:00,0.047289198694433945,0.0436
94,2018-06-16T13:00:00,0.05389838705664953,0.0551
94,2018-06-16T14:00:00,0.05765423231829464,0.0579
94,2018-06-16T15:00:00,0.06109985960027771,0.0642
94,2018-06-16T16:00:00,0.0666676371812005,0.0731
94,2018-06-16T17:00:00,0.07086180353987026,0.0973
94,2018-06-16T18:00:00,0.07194477354318851,0.082
94,2018-06-16T19:00:00,0.07071900164458397,0.0855
94,2018-06-16T20:00:00,0.061318095014120395,0.073
94,2018-06-16T21:00:00,0.04812677322232949,0.0581
94,2018-06-16T22:00:00,0.03855418752898397,0.0528
94,2018-06-16T23:00:00,0.027726425723020403,0.0394
94,2018-06-17T00:00:00,0.015900185867387083,0.0293
94,2018-06-17T01:00:00,0.0068712284043520346,0.0213
94,2018-06-17T02:00:00,0.0016609067400113094,0.0141
94,2018-06-17T03:00:00,-0.0014821559491222797,0.01
94,2018-06-17T04:00:00,-0.003415957239636405,0.0072
94,2018-06-17T05:00:00,-0.0021276563998277043,0.0053
94,2018-06-17T06:00:00,0.0003522634503642756,0.006
94,2018-06-17T07:00:00,0.006210284512399838,0.008
94,2018-06-17T08:00:00,0.018933777265932025,0.0147
94,2018-06-17T09:00:00,0.03302731474243679,0.0248
94,2018-06-17T10:00:00,0.03800802271257263,0.033
94,2018-06-17T11:00:00,0.03679520164805381,0.0398
94,2018-06-17T12:00:00,0.04065316916175553,0.0489
94,2018-06-17T13:00:00,0.04695337743757443,0.0581
94,2018-06-17T14:00:00,0.05151957496424574,0.0621
94,2018-06-17T15:00:00,0.055121215344941535,0.0643
94,2018-06-17T16:00:00,0.05990847713000884,0.0653
94,2018-06-17T17:00:00,0.06367238227703348,0.0678
94,2018-06-17T18:00:00,0.06482683995937014,0.0792
94,2018-06-17T19:00:00,0.06354521305508548,0.0732
94,2018-06-17T20:00:00,0.0539406453861242,0.0645
94,2018-06-17T21:00:00,0.04111396857824409,0.0491
94,2018-06-17T22:00:00,0.03138654134309023,0.0412
94,2018-06-17T23:00:00,0.021165071028383317,0.0336
94,2018-06-18T00:00:00,0.011630229778270117,0.0319
94,2018-06-18T01:00:00,0.0021746683641883473,0.0243
94,2018-06-18T02:00:00,-0.0018198704029714768,0.0167
94,2018-06-18T03:00:00,-0.003907992216268627,0.0099
94,2018-06-18T04:00:00,-0.004456229124082098,0.0071
94,2018-06-18T05:00:00,-0.0017443264990283612,0.0049
94,2018-06-18T06:00:00,0.00047241005913810016,0.0038
94,2018-06-18T07:00:00,0.006449684133959761,0.0051
94,2018-06-18T08:00:00,0.017323273747331724,0.0075
94,2018-06-18T09:00:00,0.031058319191467395,0.0145
94,2018-06-18T10:00:00,0.03640319335327952,0.0224
94,2018-06-18T11:00:00,0.03494380217265139,0.0326
94,2018-06-18T12:00:00,0.04002362816017607,0.0419
94,2018-06-18T13:00:00,0.04662777997010395,0.0483
94,2018-06-18T14:00:00,0.051797259041358415,0.0553
94,2018-06-18T15:00:00,0.05494610732647531,0.0595
94,2018-06-18T16:00:00,0.06306374704119441,0.0551
94,2018-06-18T17:00:00,0.06767960309862309,0.0554
94,2018-06-18T18:00:00,0.06821249468553353,0.0603
94,2018-06-18T19:00:00,0.0662984243448583,0.0645
94,2018-06-18T20:00:00,0.055361552366214074,0.054
94,2018-06-18T21:00:00,0.04344534912126387,0.0396
94,2018-06-18T22:00:00,0.03228643536029903,0.0319
94,2018-06-18T23:00:00,0.022696970164389974,0.0263
94,2018-06-19T00:00:00,0.012782150348861227,0.0187
94,2018-06-19T01:00:00,0.005188524082092118,0.0126
94,2018-06-19T02:00:00,0.0012750116930824833,0.0095
94,2018-06-19T03:00:00,-0.0003753987710404562,0.0041
94,2018-06-19T04:00:00,-0.000710455214863407,0.0044
94,2018-06-19T05:00:00,0.002469251918363103,0.0061
94,2018-06-19T06:00:00,0.006622985686811571,0.0079
94,2018-06-19T07:00:00,0.013878229930964173,0.0172
94,2018-06-19T08:00:00,0.026289954052973255,0.0316
94,2018-06-19T09:00:00,0.040328984802449966,0.051
94,2018-06-19T10:00:00,0.04474394471249592,0.0536
94,2018-06-19T11:00:00,0.04210709100929405,0.0499
94,2018-06-19T12:00:00,0.0459078037254831,0.0553
94,2018-06-19T13:00:00,0.052694135052008345,0.0622
94,2018-06-19T14:00:00,0.05695260177451679,0.0646
94,2018-06-19T15:00:00,0.06143016246387574,0.0651
94,2018-06-19T16:00:00,0.0705432102880095,0.0757
94,2018-06-19T17:00:00,0.0754379103451859,0.0828
94,2018-06-19T18:00:00,0.0766709010976521,0.0808
94,2018-06-19T19:00:00,0.07510493895866766,0.0874
94,2018-06-19T20:00:00,0.06482976429604372,0.0726
94,2018-06-19T21:00:00,0.049554715080636504,0.0563
94,2018-06-19T22:00:00,0.0369517400410354,0.0414
94,2018-06-19T23:00:00,0.026608417645808354,0.0294
94,2018-06-20T00:00:00,0.01640182209487022,0.0194
94,2018-06-20T01:00:00,0.009093515770536399,0.0124
94,2018-06-20T02:00:00,0.004740068555277203,0.0093
94,2018-06-20T03:00:00,0.0033186446912336354,0.0066
94,2018-06-20T04:00:00,0.002625329846588663,0.0047
94,2018-06-20T05:00:00,0.005522665904139398,0.0063
94,2018-06-20T06:00:00,0.009283941075521718,0.0102
94,2018-06-20T07:00:00,0.01633166780123741,0.017
94,2018-06-20T08:00:00,0.029493151864062466,0.0311
94,2018-06-20T09:00:00,0.04401298932705405,0.0476
95,2018-06-17T10:00:00,0.02991256615029764,0.033
95,2018-06-17T11:00:00,0.029826018032281385,0.0398
95,2018-06-17T12:00:00,0.03486874186183104,0.0489
95,2018-06-17T13:00:00,0.04432495507533915,0.0581
95,2018-06-17T14:00:00,0.050888025123842884,0.0621
95,2018-06-17T15:00:00,0.05558712052360313,0.0643
95,2018-06-17T16:00:00,0.0621888762697796,0.0653
95,2018-06-17T17:00:00,0.06998784388593313,0.0678
95,2018-06-17T18:00:00,0.06800238048228524,0.0792
95,2018-06-17T19:00:00,0.06523537802776844,0.0732
95,2018-06-17T20:00:00,0.05605664914638752,0.0645
95,2018-06-17T21:00:00,0.043597518005080355,0.0491
95,2018-06-17T22:00:00,0.036249346962014685,0.0412
95,2018-06-17T23:00:00,0.027700790031066517,0.0336
95,2018-06-18T00:00:00,0.018188935223625934,0.0319
95,2018-06-18T01:00:00,0.010112132845546098,0.0243
95,2018-06-18T02:00:00,0.005350830899996863,0.0167
95,2018-06-18T03:00:00,0.0025082214641731215,0.0099
95,2018-06-18T04:00:00,0.0003509616036605802,0.0071
95,2018-06-18T05:00:00,-4.022318108580156e-05,0.0049
95,2018-06-18T06:00:00,0.0003934967726765444,0.0038
95,2018-06-18T07:00:00,0.0031621462472491424,0.0051
95,2018-06-18T08:00:00,0.011675647232383755,0.0075
95,2018-06-18T09:00:00,0.022216601871844613,0.0145
95,2018-06-18T10:00:00,0.027085987931622722,0.0224
95,2018-06-18T11:00:00,0.026184319443040168,0.0326
95,2018-06-18T12:00:00,0.031801449103861,0.0419
95,2018-06-18T13:00:00,0.03962013768260414,0.0483
95,2018-06-18T14:00:00,0.04602144004944907,0.0553
95,2018-06-18T15:00:00,0.050526537512422066,0.0595
95,2018-06-18T16:00:00,0.056976143648421,0.0551
95,2018-06-18T17:00:00,0.06221496051187634,0.0554
95,2018-06-18T18:00:00,0.062897772975442,0.0603
95,2018-06-18T19:00:00,0.05966092651132161,0.0645
95,2018-06-18T20:00:00,0.05126470737135311,0.054
95,2018-06-18T21:00:00,0.04020783421230169,0.0396
95,2018-06-18T22:00:00,0.031503163171251194,0.0319
95,2018-06-18T23:00:00,0.022962684435639556,0.0263
95,2018-06-19T00:00:00,0.013787888077464241,0.0187
95,2018-06-19T01:00:00,0.0052746947696932465,0.0126
95,2018-06-19T02:00:00,0.002767525498322484,0.0095
95,2018-06-19T03:00:00,-6.543134868477324e-05,0.0041
95,2018-06-19T04:00:00,-0.0002381546923680561,0.0044
95,2018-06-19T05:00:00,0.0022101844243281356,0.0061
95,2018-06-19T06:00:00,0.004471914416551315,0.0079
95,2018-06-19T07:00:00,0.008135144586589673,0.0172
95,2018-06-19T08:00:00,0.017583010562282987,0.0316
95,2018-06-19T09:00:00,0.03048015039244891,0.051
95,2018-06-19T10:00:00,0.034401851975433946,0.0536
95,2018-06-19T11:00:00,0.03279410213419505,0.0499
95,2018-06-19T12:00:00,0.03811592828281885,0.0553
95,2018-06-19T13:00:00,0.045515845191740276,0.0622
95,2018-06-19T14:00:00,0.05023055399119987,0.0646
95,2018-06-19T15:00:00,0.05377092522581929,0.0651
95,2018-06-19T16:00:00,0.06173091533466383,0.0757
95,2018-06-19T17:00:00,0.068417035302827,0.0828
95,2018-06-19T18:00:00,0.06800240150807318,0.0808
95,2018-06-19T19:00:00,0.06633446604969676,0.0874
95,2018-06-19T20:00:00,0.0577969641276211,0.0726
95,2018-06-19T21:00:00,0.046396549568020876,0.0563
95,2018-06-19T22:00:00,0.036958151504639915,0.0414
95,2018-06-19T23:00:00,0.027521058792260637,0.0294
95,2018-06-20T00:00:00,0.017742613814287593,0.0194
95,2018-06-20T01:00:00,0.008905646850935586,0.0124
95,2018-06-20T02:00:00,0.005096340019138269,0.0093
95,2018-06-20T03:00:00,0.003955063753695125,0.0066
95,2018-06-20T04:00:00,0.0037040193499107803,0.0047
95,2018-06-20T05:00:00,0.006248003023827033,0.0063
95,2018-06-20T06:00:00,0.010392180571653777,0.0102
95,2018-06-20T07:00:00,0.016949920582913044,0.017
95,2018-06-20T08:00:00,0.028630668468907217,0.0311
95,2018-06-20T09:00:00,0.04240449394641754,0.0476
95,2018-06-20T10:00:00,0.046738469705104105,0.0513
95,2018-06-20T11:00:00,0.044175459970889876,0.047
95,2018-06-20T12:00:00,0.048287240283788904,0.0501
95,2018-06-20T13:00:00,0.05439421718800612,0.0556
95,2018-06-20T14:00:00,0.05780208916343309,0.0623
95,2018-06-20T15:00:00,0.06134433694962674,0.0664
95,2018-06-20T16:00:00,0.06995177765100874,0.0751
95,2018-06-20T17:00:00,0.07617971591328271,0.0803
95,2018-06-20T18:00:00,0.07704558939960539,0.0817
95,2018-06-20T19:00:00,0.07509774813918992,0.0895
95,2018-06-20T20:00:00,0.06651593261686783,0.0717
95,2018-06-20T21:00:00,0.05303144475943958,0.0611
95,2018-06-20T22:00:00,0.04185998018000472,0.0447
95,2018-06-20T23:00:00,0.03108333740859376,0.0322
95,2018-06-21T00:00:00,0.02020247856707651,0.0222
95,2018-06-21T01:00:00,0.01175987829104681,0.0161
95,2018-06-21T02:00:00,0.006665780173878873,0.0094
95,2018-06-21T03:00:00,0.004818095254347014,0.0072
95,2018-06-21T04:00:00,0.0037896556320682617,0.0056
95,2018-06-21T05:00:00,0.005117365807084863,0.0058
95,2018-06-21T06:00:00,0.009254289458070029,0.0104
95,2018-06-21T07:00:00,0.015883350694193145,0.0177
95,2018-06-21T08:00:00,0.028896301493007873,0.0319
95,2018-06-21T09:00:00,0.04354953890913522,0.0457
96,2018-06-18T10:00:00,0.021795075648586997,0.0224
96,2018-06-18T11:00:00,0.027942699080417865,0.0326
96,2018-06-18T12:00:00,0.03792797911479404,0.0419
96,2018-06-18T13:00:00,0.04954340671101923,0.0483
96,2018-06-18T14:00:00,0.056160255468643366,0.0553
96,2018-06-18T15:00:00,0.057803545199248386,0.0595
96,2018-06-18T16:00:00,0.05919866405042177,0.0551
96,2018-06-18T17:00:00,0.06331839035901562,0.0554
96,2018-06-18T18:00:00,0.06409369351160935,0.0603
96,2018-06-18T19:00:00,0.06115813782801868,0.0645
96,2018-06-18T20:00:00,0.050695413136911116,0.054
96,2018-06-18T21:00:00,0.038598699122066905,0.0396
96,2018-06-18T22:00:00,0.03193536585159085,0.0319
96,2018-06-18T23:00:00,0.02522296452456892,0.0263
96,2018-06-19T00:00:00,0.01908026743485394,0.0187
96,2018-06-19T01:00:00,0.013387352248743507,0.0126
96,2018-06-19T02:00:00,0.008500210086259403,0.0095
96,2018-06-19T03:00:00,0.0031453501469778065,0.0041
96,2018-06-19T04:00:00,0.00026324727279437854,0.0044
96,2018-06-19T05:00:00,-0.0003541609730653983,0.0061
96,2018-06-19T06:00:00,-0.0003996029572649745,0.0079
96,2018-06-19T07:00:00,0.001110698664577841,0.0172
96,2018-06-19T08:00:00,0.007945076719999448,0.0316
96,2018-06-19T09:00:00,0.0163893485461709,0.051
96,2018-06-19T10:00:00,0.022680521515264455,0.0536
96,2018-06-19T11:00:00,0.025952047563594142,0.0499
96,2018-06-19T12:00:00,0.033319520980854375,0.0553
96,2018-06-19T13:00:00,0.043162428746877986,0.0622
96,2018-06-19T14:00:00,0.05057608653386721,0.0646
96,2018-06-19T15:00:00,0.054210982702498536,0.0651
96,2018-06-19T16:00:00,0.057476885053412106,0.0757
96,2018-06-19T17:00:00,0.06273413802859862,0.0828
96,2018-06-19T18:00:00,0.06280232465890943,0.0808
96,2018-06-19T19:00:00,0.06129194068606383,0.0874
96,2018-06-19T20:00:00,0.051531759408360786,0.0726
96,2018-06-19T21:00:00,0.039763024907546504,0.0563
96,2018-06-19T22:00:00,0.03099984829742287,0.0414
96,2018-06-19T23:00:00,0.023133914072304133,0.0294
96,2018-06-20T00:00:00,0.016896436234823897,0.0194
96,2018-06-20T01:00:00,0.009188445450966278,0.0124
96,2018-06-20T02:00:00,0.004733946546686751,0.0093
96,2018-06-20T03:00:00,0.0022698310804346346,0.0066
96,2018-06-20T04:00:00,0.001247008847835615,0.0047
96,2018-06-20T05:00:00,0.0016149303503680892,0.0063
96,2018-06-20T06:00:00,0.0026429284310999605,0.0102
96,2018-06-20T07:00:00,0.006686523865837183,0.017
96,2018-06-20T08:00:00,0.014022673589859284,0.0311
96,2018-06-20T09:00:00,0.02490497488803712,0.0476
96,2018-06-20T10:00:00,0.031203965945948813,0.0513
96,2018-06-20T11:00:00,0.03174794828557129,0.047
96,2018-06-20T12:00:00,0.03869902366925408,0.0501
96,2018-06-20T13:00:00,0.04737961308690229,0.0556
96,2018-06-20T14:00:00,0.052979511063211485,0.0623
96,2018-06-20T15:00:00,0.05532253025593419,0.0664
96,2018-06-20T16:00:00,0.060378880075142013,0.0751
96,2018-06-20T17:00:00,0.06764260647258205,0.0803
96,2018-06-20T18:00:00,0.06892472397858547,0.0817
96,2018-06-20T19:00:00,0.06792654396945985,0.0895
96,2018-06-20T20:00:00,0.058434231230196435,0.0717
96,2018-06-20T21:00:00,0.04697475803569262,0.0611
96,2018-06-20T22:00:00,0.03740763659420462,0.0447
96,2018-06-20T23:00:00,0.028430157741739046,0.0322
96,2018-06-21T00:00:00,0.019952964840654678,0.0222
96,2018-06-21T01:00:00,0.012279919617223897,0.0161
96,2018-06-21T02:00:00,0.0075342696186519,0.0094
96,2018-06-21T03:00:00,0.004738878846109223,0.0072
96,2018-06-21T04:00:00,0.004341111237586556,0.0056
96,2018-06-21T05:00:00,0.00574395356153232,0.0058
96,2018-06-21T06:00:00,0.008933942305064717,0.0104
96,2018-06-21T07:00:00,0.015469775197432629,0.0177
96,2018-06-21T08:00:00,0.025870428608653656,0.0319
96,2018-06-21T09:00:00,0.0379398472960154,0.0457
96,2018-06-21T10:00:00,0.04401132916588077,0.0502
96,2018-06-21T11:00:00,0.04277882200653735,0.0466
96,2018-06-21T12:00:00,0.047336953515307645,0.0484
96,2018-06-21T13:00:00,0.05498380481211455,0.0597
96,2018-06-21T14:00:00,0.059585894234885195,0.0652
96,2018-06-21T15:00:00,0.06336294225152546,0.0677
96,2018-06-21T16:00:00,0.06854549060213773,0.0765
96,2018-06-21T17:00:00,0.07561356328198973,0.0854
96,2018-06-21T18:00:00,0.0774907368691167,0.0849
96,2018-06-21T19:00:00,0.07715347096541036,0.0875
96,2018-06-21T20:00:00,0.06680121050772722,0.0758
96,2018-06-21T21:00:00,0.05295785975807348,0.0587
96,2018-06-21T22:00:00,0.042501066091315855,0.0433
96,2018-06-21T23:00:00,0.03206701181422247,0.0375
96,2018-06-22T00:00:00,0.021410421473576823,0.0238
96,2018-06-22T01:00:00,0.012725301874700622,0.0176
96,2018-06-22T02:00:00,0.007231789128954204,0.0095
96,2018-06-22T03:00:00,0.00416429312170068,0.0075
96,2018-06-22T04:00:00,0.00360794551618681,0.0062
96,2018-06-22T05:00:00,0.005875841320725328,0.0056
96,2018-06-22T06:00:00,0.009337733801834083,0.0107
96,2018-06-22T07:00:00,0.015753410098178895,0.0161
96,2018-06-22T08:00:00,0.028064870647785848,0.0321
96,2018-06-22T09:00:00,0.040673091796694524,0.0431
97,2018-06-19T10:00:00,0.048433329210590834,0.0536
97,2018-06-19T11:00:00,0.04779810686589331,0.0499
97,2018-06-19T12:00:00,0.05178026670039958,0.0553
97,2018-06-19T13:00:00,0.058417212607002666,0.0622
97,2018-06-19T14:00:00,0.06338005724291398,0.0646
97,2018-06-19T15:00:00,0.0650248468130592,0.0651
97,2018-06-19T16:00:00,0.06475427295657046,0.0757
97,2018-06-19T17:00:00,0.06610660958571951,0.0828
97,2018-06-19T18:00:00,0.0671496796521111,0.0808
97,2018-06-19T19:00:00,0.06698863087718517,0.0874
97,2018-06-19T20:00:00,0.059524621584510835,0.0726
97,2018-06-19T21:00:00,0.04561912386213395,0.0563
97,2018-06-19T22:00:00,0.03709658581812499,0.0414
97,2018-06-19T23:00:00,0.026781349320007208,0.0294
97,2018-06-20T00:00:00,0.01751720632896143,0.0194
97,2018-06-20T01:00:00,0.008046268580939417,0.0124
97,2018-06-20T02:00:00,0.0016645039018991711,0.0093
97,2018-06-20T03:00:00,-0.0024961403421877443,0.0066
97,2018-06-20T04:00:00,-0.004285629384981428,0.0047
97,2018-06-20T05:00:00,-0.00345388776109206,0.0063
97,2018-06-20T06:00:00,-0.0004924195460062203,0.0102
97,2018-06-20T07:00:00,0.006989342520291021,0.017
97,2018-06-20T08:00:00,0.020152815655946656,0.0311
97,2018-06-20T09:00:00,0.03352014659643219,0.0476
97,2018-06-20T10:00:00,0.040098962156669526,0.0513
97,2018-06-20T11:00:00,0.04080877926619928,0.047
97,2018-06-20T12:00:00,0.04527195306015577,0.0501
97,2018-06-20T13:00:00,0.05164461006871715,0.0556
97,2018-06-20T14:00:00,0.05557018074711416,0.0623
97,2018-06-20T15:00:00,0.05907686866944313,0.0664
97,2018-06-20T16:00:00,0.06071061094017141,0.0751
97,2018-06-20T17:00:00,0.06437132677640114,0.0803
97,2018-06-20T18:00:00,0.06740891885674763,0.0817
97,2018-06-20T19:00:00,0.06624076462571277,0.0895
97,2018-06-20T20:00:00,0.05922016817504415,0.0717
97,2018-06-20T21:00:00,0.04664354755891491,0.0611
97,2018-06-20T22:00:00,0.03647984864533051,0.0447
97,2018-06-20T23:00:00,0.026762432944236355,0.0322
97,2018-06-21T00:00:00,0.0173234787487642,0.0222
97,2018-06-21T01:00:00,0.007178364353930905,0.0161
97,2018-06-21T02:00:00,0.0005986296163305038,0.0094
97,2018-06-21T03:00:00,-0.0025281118049095413,0.0072
97,2018-06-21T04:00:00,-0.0026692000984781736,0.0056
97,2018-06-21T05:00:00,-0.0015922189404267185,0.0058
97,2018-06-21T06:00:00,0.00026468403497072884,0.0104
97,2018-06-21T07:00:00,0.006570470277116963,0.0177
97,2018-06-21T08:00:00,0.017109967128613523,0.0319
97,2018-06-21T09:00:00,0.030294215249608528,0.0457
97,2018-06-21T10:00:00,0.03551407638402658,0.0502
97,2018-06-21T11:00:00,0.03698663233613277,0.0466
97,2018-06-21T12:00:00,0.04276424237474538,0.0484
97,2018-06-21T13:00:00,0.04874784345958997,0.0597
97,2018-06-21T14:00:00,0.05310680293558917,0.0652
97,2018-06-21T15:00:00,0.05756569798169853,0.0677
97,2018-06-21T16:00:00,0.06217468035861765,0.0765
97,2018-06-21T17:00:00,0.06773052930917874,0.0854
97,2018-06-21T18:00:00,0.06997567696330803,0.0849
97,2018-06-21T19:00:00,0.06926480558572766,0.0875
97,2018-06-21T20:00:00,0.060303465830224556,0.0758
97,2018-06-21T21:00:00,0.048817195268982816,0.0587
97,2018-06-21T22:00:00,0.03954312495215805,0.0433
97,2018-06-21T23:00:00,0.029180615001060114,0.0375
97,2018-06-22T00:00:00,0.019178929192644335,0.0238
97,2018-06-22T01:00:00,0.00977483014671085,0.0176
97,2018-06-22T02:00:00,0.003349564864558098,0.0095
97,2018-06-22T03:00:00,0.0010244000701000386,0.0075
97,2018-06-22T04:00:00,0.0015102131656490707,0.0062
97,2018-06-22T05:00:00,0.003588365251161539,0.0056
97,2018-06-22T06:00:00,0.008348167357170592,0.0107
97,2018-06-22T07:00:00,0.016272958544843535,0.0161
97,2018-06-22T08:00:00,0.028863056831218467,0.0321
97,2018-06-22T09:00:00,0.04070592636801153,0.0431
97,2018-06-22T10:00:00,0.044249928055349726,0.0494
97,2018-06-22T11:00:00,0.04326655195308751,0.0474
97,2018-06-22T12:00:00,0.047392974975142346,0.0565
97,2018-06-22T13:00:00,0.05469736174217313,0.0648
97,2018-06-22T14:00:00,0.05933054655316779,0.0714
97,2018-06-22T15:00:00,0.06504353172994774,0.07
97,2018-06-22T16:00:00,0.07240730057858669,0.0772
97,2018-06-22T17:00:00,0.078803609846439,0.081
97,2018-06-22T18:00:00,0.08047463959994156,0.0713
97,2018-06-22T19:00:00,0.0786321550586285,0.0767
97,2018-06-22T20:00:00,0.07008515123254996,0.0771
97,2018-06-22T21:00:00,0.05584155183139587,0.0654
97,2018-06-22T22:00:00,0.045171314878298396,0.0521
97,2018-06-22T23:00:00,0.03328608892672989,0.0393
97,2018-06-23T00:00:00,0.02186080997116363,0.026
97,2018-06-23T01:00:00,0.012633411647133323,0.0192
97,2018-06-23T02:00:00,0.006722337791306217,0.0128
97,2018-06-23T03:00:00,0.0029047170125250134,0.0079
97,2018-06-23T04:00:00,0.003219066559518563,0.006
97,2018-06-23T05:00:00,0.004808812368968594,0.0057
97,2018-06-23T06:00:00,0.008910882272134293,0.0083
97,2018-06-23T07:00:00,0.015502529870755432,0.0137
97,2018-06-23T08:00:00,0.027710330569954734,0.0283
97,2018-06-23T09:00:00,0.040538206285785035,0.0353
98,2018-06-20T10:00:00,0.050676171036641994,0.0513
98,2018-06-20T11:00:00,0.04959871154191475,0.047
98,2018-06-20T12:00:00,0.05298278232538618,0.0501
98,2018-06-20T13:00:00,0.0588286119347107,0.0556
98,2018-06-20T14:00:00,0.06295217019315782,0.0623
98,2018-06-20T15:00:00,0.06608652470178353,0.0664
98,2018-06-20T16:00:00,0.06948301121303742,0.0751
98,2018-06-20T17:00:00,0.0756656318936905,0.0803
98,2018-06-20T18:00:00,0.0783493950058757,0.0817
98,2018-06-20T19:00:00,0.07791611484151123,0.0895
98,2018-06-20T20:00:00,0.06866416365360631,0.0717
98,2018-06-20T21:00:00,0.0535458827131289,0.0611
98,2018-06-20T22:00:00,0.04145317411088851,0.0447
98,2018-06-20T23:00:00,0.029063973829174236,0.0322
98,2018-06-21T00:00:00,0.017745277080760832,0.0222
98,2018-06-21T01:00:00,0.007491426071412725,0.0161
98,2018-06-21T02:00:00,0.000822911696356822,0.0094
98,2018-06-21T03:00:00,-0.0017568158170686403,0.0072
98,2018-06-21T04:00:00,-0.0027615173247556857,0.0056
98,2018-06-21T05:00:00,-0.002564605564188846,0.0058
98,2018-06-21T06:00:00,-7.301464953751377e-05,0.0104
98,2018-06-21T07:00:00,0.004646594910662626,0.0177
98,2018-06-21T08:00:00,0.016429458215332322,0.0319
98,2018-06-21T09:00:00,0.028232583476115496,0.0457
98,2018-06-21T10:00:00,0.03417516121618344,0.0502
98,2018-06-21T11:00:00,0.03541592397594919,0.0466
98,2018-06-21T12:00:00,0.04112329001090042,0.0484
98,2018-06-21T13:00:00,0.04717635153837558,0.0597
98,2018-06-21T14:00:00,0.052492348812935886,0.0652
98,2018-06-21T15:00:00,0.057778883702136026,0.0677
98,2018-06-21T16:00:00,0.06111853750857027,0.0765
98,2018-06-21T17:00:00,0.066588301626831,0.0854
98,2018-06-21T18:00:00,0.06903820541258023,0.0849
98,2018-06-21T19:00:00,0.06797029512987873,0.0875
98,2018-06-21T20:00:00,0.058741505599545954,0.0758
98,2018-06-21T21:00:00,0.046126302662534716,0.0587
98,2018-06-21T22:00:00,0.03574724220989014,0.0433
98,2018-06-21T23:00:00,0.025241054236443673,0.0375
98,2018-06-22T00:00:00,0.013848448654486818,0.0238
98,2018-06-22T01:00:00,0.00400437273072788,0.0176
98,2018-06-22T02:00:00,-0.0018185790691617604,0.0095
98,2018-06-22T03:00:00,-0.004847138821436184,0.0075
98,2018-06-22T04:00:00,-0.0042067651586917415,0.0062
98,2018-06-22T05:00:00,-0.002167840184891634,0.0056
98,2018-06-22T06:00:00,0.0008881477077591245,0.0107
98,2018-06-22T07:00:00,0.005402950324018475,0.0161
98,2018-06-22T08:00:00,0.015554503866410418,0.0321
98,2018-06-22T09:00:00,0.026824008015527354,0.0431
98,2018-06-22T10:00:00,0.032191933554653863,0.0494
98,2018-06-22T11:00:00,0.03304775338525497,0.0474
98,2018-06-22T12:00:00,0.038657139774019765,0.0565
98,2018-06-22T13:00:00,0.04654952987203721,0.0648
98,2018-06-22T14:00:00,0.05276704547601115,0.0714
98,2018-06-22T15:00:00,0.05834719673314051,0.07
98,2018-06-22T16:00:00,0.06570753662619516,0.0772
98,2018-06-22T17:00:00,0.07280208252522094,0.081
98,2018-06-22T18:00:00,0.07309596171549948,0.0713
98,2018-06-22T19:00:00,0.07070214071479981,0.0767
98,2018-06-22T20:00:00,0.06120278083227629,0.0771
98,2018-06-22T21:00:00,0.04934366522982457,0.0654
98,2018-06-22T22:00:00,0.039483318850492964,0.0521
98,2018-06-22T23:00:00,0.029162814358726648,0.0393
98,2018-06-23T00:00:00,0.01825511739548583,0.026
98,2018-06-23T01:00:00,0.007661123453780692,0.0192
98,2018-06-23T02:00:00,0.002655698092979525,0.0128
98,2018-06-23T03:00:00,-0.0003335574530267324,0.0079
98,2018-06-23T04:00:00,-0.0007746925013382422,0.006
98,2018-06-23T05:00:00,0.0020859044960738066,0.0057
98,2018-06-23T06:00:00,0.00662955799769388,0.0083
98,2018-06-23T07:00:00,0.011685869269623794,0.0137
98,2018-06-23T08:00:00,0.021602001269535306,0.0283
98,2018-06-23T09:00:00,0.03432467506862698,0.0353
98,2018-06-23T10:00:00,0.04032379038153776,0.0395
98,2018-06-23T11:00:00,0.04184512108044796,0.0484
98,2018-06-23T12:00:00,0.0463359525462992,0.0571
98,2018-06-23T13:00:00,0.05509559367017962,0.07
98,2018-06-23T14:00:00,0.0599536072316872,0.1323
98,2018-06-23T15:00:00,0.06542304545023478,0.0802
98,2018-06-23T16:00:00,0.07298446721846569,0.1171
98,2018-06-23T17:00:00,0.0819888309925545,0.1387
98,2018-06-23T18:00:00,0.08285891314076448,0.0819
98,2018-06-23T19:00:00,0.07959594563941845,0.0757
98,2018-06-23T20:00:00,0.06963731947077748,0.0622
98,2018-06-23T21:00:00,0.056537582506983944,0.0525
98,2018-06-23T22:00:00,0.046364173358881114,0.0474
98,2018-06-23T23:00:00,0.03688326903694262,0.0381
98,2018-06-24T00:00:00,0.02730132599188636,0.029
98,2018-06-24T01:00:00,0.01775490619078077,0.0221
98,2018-06-24T02:00:00,0.010921093028195331,0.0148
98,2018-06-24T03:00:00,0.006697928603649216,0.009
98,2018-06-24T04:00:00,0.005119058383014564,0.006
98,2018-06-24T05:00:00,0.004952374696918942,0.0054
98,2018-06-24T06:00:00,0.005156901297020441,0.006
98,2018-06-24T07:00:00,0.007205517406914934,0.0064
98,2018-06-24T08:00:00,0.014216265728939156,0.011
98,2018-06-24T09:00:00,0.024935207518095727,0.0182
99,2018-06-21T10:00:00,0.047077404180298904,0.0502
99,2018-06-21T11:00:00,0.04660283812915231,0.0466
99,2018-06-21T12:00:00,0.04943958662658593,0.0484
99,2018-06-21T13:00:00,0.05455023554316583,0.0597
99,2018-06-21T14:00:00,0.059866627051250135,0.0652
99,2018-06-21T15:00:00,0.06341979598213304,0.0677
99,2018-06-21T16:00:00,0.0654538622467685,0.0765
99,2018-06-21T17:00:00,0.06890568863189782,0.0854
99,2018-06-21T18:00:00,0.07118373113126958,0.0849
99,2018-06-21T19:00:00,0.07190723900740585,0.0875
99,2018-06-21T20:00:00,0.0628698542333469,0.0758
99,2018-06-21T21:00:00,0.04979091177383256,0.0587
99,2018-06-21T22:00:00,0.03897213814178637,0.0433
99,2018-06-21T23:00:00,0.028659699405098715,0.0375
99,2018-06-22T00:00:00,0.01798696045332155,0.0238
99,2018-06-22T01:00:00,0.009102961605771408,0.0176
99,2018-06-22T02:00:00,0.002408271876870989,0.0095
99,2018-06-22T03:00:00,-0.0022939108094194097,0.0075
99,2018-06-22T04:00:00,-0.004142627744709651,0.0062
99,2018-06-22T05:00:00,-0.003295854434587464,0.0056
99,2018-06-22T06:00:00,-0.0002546389101181837,0.0107
99,2018-06-22T07:00:00,0.006370303023716387,0.0161
99,2018-06-22T08:00:00,0.018370233058848735,0.0321
99,2018-06-22T09:00:00,0.030710109522828263,0.0431
99,2018-06-22T10:00:00,0.03655175053237148,0.0494
99,2018-06-22T11:00:00,0.03870986947153653,0.0474
99,2018-06-22T12:00:00,0.04390082288088046,0.0565
99,2018-06-22T13:00:00,0.0504140057431829,0.0648
99,2018-06-22T14:00:00,0.05514865399821184,0.0714
99,2018-06-22T15:00:00,0.05863717563975496,0.07
99,2018-06-22T16:00:00,0.060344853341648436,0.0772
99,2018-06-22T17:00:00,0.062307633424399954,0.081
99,2018-06-22T18:00:00,0.06440556902422118,0.0713
99,2018-06-22T19:00:00,0.06399180955181613,0.0767
99,2018-06-22T20:00:00,0.05493525977204386,0.0771
99,2018-06-22T21:00:00,0.041971964402682777,0.0654
99,2018-06-22T22:00:00,0.0328493966274115,0.0521
99,2018-06-22T23:00:00,0.02487497862287801,0.0393
99,2018-06-23T00:00:00,0.016034231748497902,0.026
99,2018-06-23T01:00:00,0.006549360386018582,0.0192
99,2018-06-23T02:00:00,0.00037246748043195943,0.0128
99,2018-06-23T03:00:00,-0.005020379049073154,0.0079
99,2018-06-23T04:00:00,-0.006346559598016645,0.006
99,2018-06-23T05:00:00,-0.0054710335228774845,0.0057
99,2018-06-23T06:00:00,-0.0036314978483239294,0.0083
99,2018-06-23T07:00:00,0.001633834285881073,0.0137
99,2018-06-23T08:00:00,0.01177302816925841,0.0283
99,2018-06-23T09:00:00,0.0248773049510994,0.0353
99,2018-06-23T10:00:00,0.032897841970204345,0.0395
99,2018-06-23T11:00:00,0.03806684796123001,0.0484
99,2018-06-23T12:00:00,0.046607397921698324,0.0571
99,2018-06-23T13:00:00,0.05403001724994019,0.07
99,2018-06-23T14:00:00,0.05942798355881029,0.1323
99,2018-06-23T15:00:00,0.06077136670659209,0.0802
99,2018-06-23T16:00:00,0.06376824585287799,0.1171
99,2018-06-23T17:00:00,0.06648935076445633,0.1387
99,2018-06-23T18:00:00,0.06802984541779047,0.0819
99,2018-06-23T19:00:00,0.06674945553069667,0.0757
99,2018-06-23T20:00:00,0.05680242508410824,0.0622
99,2018-06-23T21:00:00,0.045109419163741206,0.0525
99,2018-06-23T22:00:00,0.03557420610761115,0.0474
99,2018-06-23T23:00:00,0.028959898964755496,0.0381
99,2018-06-24T00:00:00,0.02206813177455773,0.029
99,2018-06-24T01:00:00,0.013394493131974869,0.0221
99,2018-06-24T02:00:00,0.0060584345197005375,0.0148
99,2018-06-24T03:00:00,0.0009178553939786678,0.009
99,2018-06-24T04:00:00,-0.0018490647095353238,0.006
99,2018-06-24T05:00:00,-0.0024118409497138685,0.0054
99,2018-06-24T06:00:00,-0.0018719495275662038,0.006
99,2018-06-24T07:00:00,0.0016219529635422524,0.0064
99,2018-06-24T08:00:00,0.009376640270280259,0.011
99,2018-06-24T09:00:00,0.021483907478524668,0.0182
99,2018-06-24T10:00:00,0.030337398608623903,0.028
99,2018-06-24T11:00:00,0.03854075485392448,0.0391
99,2018-06-24T12:00:00,0.047849236325732444,0.0479
99,2018-06-24T13:00:00,0.0562681125043624,0.0536
99,2018-06-24T14:00:00,0.06058547596320725,0.0602
99,2018-06-24T15:00:00,0.06229530880836526,0.0613
99,2018-06-24T16:00:00,0.06385052326541099,0.0583
99,2018-06-24T17:00:00,0.06640487966138091,0.0594
99,2018-06-24T18:00:00,0.07091715392663966,0.0564
99,2018-06-24T19:00:00,0.06959008679030444,0.0599
99,2018-06-24T20:00:00,0.05978334740949166,0.0512
99,2018-06-24T21:00:00,0.045636598569711265,0.0413
99,2018-06-24T22:00:00,0.036665229338142744,0.0358
99,2018-06-24T23:00:00,0.031123090532956074,0.0318
99,2018-06-25T00:00:00,0.025749077397445388,0.0277
99,2018-06-25T01:00:00,0.018834235929345862,0.0185
99,2018-06-25T02:00:00,0.012417920624262373,0.0144
99,2018-06-25T03:00:00,0.007487636173135352,0.0103
99,2018-06-25T04:00:00,0.004881992623916715,0.0059
99,2018-06-25T05:00:00,0.003807639689358582,0.0031
99,2018-06-25T06:00:00,0.003393331794317927,0.0021
99,2018-06-25T07:00:00,0.005294847987440055,0.0026
99,2018-06-25T08:00:00,0.012082134585597676,0.0042
99,2018-06-25T09:00:00,0.02139292994536915,0.008
100,2018-06-22T10:00:00,0.04486747384490565,0.0494
100,2018-06-22T11:00:00,0.043955648499025696,0.0474
100,2018-06-22T12:00:00,0.04829540529810816,0.0565
100,2018-06-22T13:00:00,0.05539617307821714,0.0648
100,2018-06-22T14:00:00,0.06206053486015358,0.0714
100,2018-06-22T15:00:00,0.06505969530443169,0.07
100,2018-06-22T16:00:00,0.06863133889432367,0.0772
100,2018-06-22T17:00:00,0.07174410342302621,0.081
100,2018-06-22T18:00:00,0.07248306700545223,0.0713
100,2018-06-22T19:00:00,0.07253100755411948,0.0767
100,2018-06-22T20:00:00,0.06223437607489603,0.0771
100,2018-06-22T21:00:00,0.047489886336086196,0.0654
100,2018-06-22T22:00:00,0.03719879602806118,0.0521
100,2018-06-22T23:00:00,0.02853699337972262,0.0393
100,2018-06-23T00:00:00,0.017833309601884628,0.026
100,2018-06-23T01:00:00,0.008848866710585813,0.0192
100,2018-06-23T02:00:00,0.002885559015407678,0.0128
100,2018-06-23T03:00:00,-0.0015725440593556926,0.0079
100,2018-06-23T04:00:00,-0.0035531522581369254,0.006
100,2018-06-23T05:00:00,-0.004051346038488508,0.0057
100,2018-06-23T06:00:00,-0.0007491023652582453,0.0083
100,2018-06-23T07:00:00,0.0051052637139726055,0.0137
100,2018-06-23T08:00:00,0.017188730431121062,0.0283
100,2018-06-23T09:00:00,0.02883073669084656,0.0353
100,2018-06-23T10:00:00,0.03446514608010448,0.0395
100,2018-06-23T11:00:00,0.03636247446191234,0.0484
100,2018-06-23T12:00:00,0.042196705545745936,0.0571
100,2018-06-23T13:00:00,0.049811305035991765,0.07
100,2018-06-23T14:00:00,0.055141035654379195,0.1323
100,2018-06-23T15:00:00,0.05764066017217512,0.0802
100,2018-06-23T16:00:00,0.05908693651757156,0.1171
100,2018-06-23T17:00:00,0.061132775471308104,0.1387
100,2018-06-23T18:00:00,0.06218951580416297,0.0819
100,2018-06-23T19:00:00,0.06145242526901319,0.0757
100,2018-06-23T20:00:00,0.05258343603061852,0.0622
100,2018-06-23T21:00:00,0.03966529284001315,0.0525
100,2018-06-23T22:00:00,0.02923947406619311,0.0474
100,2018-06-23T23:00:00,0.02128950935090684,0.0381
100,2018-06-24T00:00:00,0.012636331253004607,0.029
100,2018-06-24T01:00:00,0.0030787667329979264,0.0221
100,2018-06-24T02:00:00,-0.0026301306801754104,0.0148
100,2018-06-24T03:00:00,-0.007317987796278201,0.009
100,2018-06-24T04:00:00,-0.009071789068330532,0.006
100,2018-06-24T05:00:00,-0.009468656072269481,0.0054
100,2018-06-24T06:00:00,-0.009062754988109475,0.006
100,2018-06-24T07:00:00,-0.004218660498222525,0.0064
100,2018-06-24T08:00:00,0.005996015963883085,0.011
100,2018-06-24T09:00:00,0.01792898061655452,0.0182
100,2018-06-24T10:00:00,0.0242272285880772,0.028
100,2018-06-24T11:00:00,0.029183520922647744,0.0391
100,2018-06-24T12:00:00,0.03823472345907241,0.0479
100,2018-06-24T13:00:00,0.04637583776517429,0.0536
100,2018-06-24T14:00:00,0.05151535754161345,0.0602
100,2018-06-24T15:00:00,0.052328356427697426,0.0613
100,2018-06-24T16:00:00,0.05403186051068351,0.0583
100,2018-06-24T17:00:00,0.055421623042377494,0.0594
100,2018-06-24T18:00:00,0.056620637873670984,0.0564
100,2018-06-24T19:00:00,0.056708895370725806,0.0599
100,2018-06-24T20:00:00,0.047372501114129356,0.0512
100,2018-06-24T21:00:00,0.03601830701852743,0.0413
100,2018-06-24T22:00:00,0.02646975152301117,0.0358
100,2018-06-24T23:00:00,0.02062394574291298,0.0318
100,2018-06-25T00:00:00,0.012751817145450272,0.0277
100,2018-06-25T01:00:00,0.0047993174735617115,0.0185
100,2018-06-25T02:00:00,-0.0007401155930600693,0.0144
100,2018-06-25T03:00:00,-0.004328681437951072,0.0103
100,2018-06-25T04:00:00,-0.006603484213830051,0.0059
100,2018-06-25T05:00:00,-0.007196344852262178,0.0031
100,2018-06-25T06:00:00,-0.004868369610815264,0.0021
100,2018-06-25T07:00:00,0.00019767835308292375,0.0026
100,2018-06-25T08:00:00,0.01107656646501743,0.0042
100,2018-06-25T09:00:00,0.02217760727030396,0.008
100,2018-06-25T10:00:00,0.027385083619890813,0.0138
100,2018-06-25T11:00:00,0.03313861720394068,0.0214
100,2018-06-25T12:00:00,0.04213690820482582,0.0258
100,2018-06-25T13:00:00,0.0508426251912192,0.041
100,2018-06-25T14:00:00,0.05548614592913861,0.0465
100,2018-06-25T15:00:00,0.05757176216937211,0.0455
100,2018-06-25T16:00:00,0.05889683886444841,0.0453
100,2018-06-25T17:00:00,0.05972352028203863,0.0436
100,2018-06-25T18:00:00,0.061874805314476346,0.037
100,2018-06-25T19:00:00,0.06289308948117689,0.0328
100,2018-06-25T20:00:00,0.05435888860780885,0.0319
100,2018-06-25T21:00:00,0.041163806704273505,0.0315
100,2018-06-25T22:00:00,0.031138228574632925,0.0334
100,2018-06-25T23:00:00,0.02487949443648424,0.0306
100,2018-06-26T00:00:00,0.017019841840729442,0.0218
100,2018-06-26T01:00:00,0.010752452191671685,0.0137
100,2018-06-26T02:00:00,0.005825197206157963,0.0085
100,2018-06-26T03:00:00,0.003452990715467393,0.0042
100,2018-06-26T04:00:00,0.002271646306794023,0.0031
100,2018-06-26T05:00:00,0.00362434212648716,0.0034
100,2018-06-26T06:00:00,0.00711903133249461,0.0053
100,2018-06-26T07:00:00,0.014916833243921407,0.0079
100,2018-06-26T08:00:00,0.02875093410116231,0.0102
100,2018-06-26T09:00:00,0.04203849612826729,0.0174
101,2018-06-23T10:00:00,0.04032996775803646,0.0395
101,2018-06-23T11:00:00,0.041292672006449184,0.0484
101,2018-06-23T12:00:00,0.04805059854474798,0.0571
101,2018-06-23T13:00:00,0.05666036609999607,0.07
101,2018-06-23T14:00:00,0.062733989095934,0.1323
101,2018-06-23T15:00:00,0.06421312874789098,0.0802
101,2018-06-23T16:00:00,0.06620635767588715,0.1171
101,2018-06-23T17:00:00,0.0671403109114319,0.1387
101,2018-06-23T18:00:00,0.06452292621179409,0.0819
101,2018-06-23T19:00:00,0.06469077157267375,0.0757
101,2018-06-23T20:00:00,0.05934030076662601,0.0622
101,2018-06-23T21:00:00,0.04848513324779326,0.0525
101,2018-06-23T22:00:00,0.037673381878491424,0.0474
101,2018-06-23T23:00:00,0.028028533355411844,0.0381
101,2018-06-24T00:00:00,0.01710067811071362,0.029
101,2018-06-24T01:00:00,0.008679607365466732,0.0221
101,2018-06-24T02:00:00,0.0029553173233674915,0.0148
101,2018-06-24T03:00:00,-0.0008063783637737611,0.009
101,2018-06-24T04:00:00,-0.0035434155661686548,0.006
101,2018-06-24T05:00:00,-0.003540254689380684,0.0054
101,2018-06-24T06:00:00,-0.000844026789241132,0.006
101,2018-06-24T07:00:00,0.00433105915879909,0.0064
101,2018-06-24T08:00:00,0.016582398570351556,0.011
101,2018-06-24T09:00:00,0.02632814967457194,0.0182
101,2018-06-24T10:00:00,0.03313226233474872,0.028
101,2018-06-24T11:00:00,0.034264683940027955,0.0391
101,2018-06-24T12:00:00,0.04066085513853941,0.0479
101,2018-06-24T13:00:00,0.04764172055944453,0.0536
101,2018-06-24T14:00:00,0.053502736044113486,0.0602
101,2018-06-24T15:00:00,0.055847877089269804,0.0613
101,2018-06-24T16:00:00,0.05983987699253508,0.0583
101,2018-06-24T17:00:00,0.06198974628858439,0.0594
101,2018-06-24T18:00:00,0.06188144070272249,0.0564
101,2018-06-24T19:00:00,0.06084776916354302,0.0599
101,2018-06-24T20:00:00,0.05391870848069991,0.0512
101,2018-06-24T21:00:00,0.042591781853411434,0.0413
101,2018-06-24T22:00:00,0.03057304363770871,0.0358
101,2018-06-24T23:00:00,0.02192740477411198,0.0318
101,2018-06-25T00:00:00,0.011847971086096053,0.0277
101,2018-06-25T01:00:00,0.003366322417551533,0.0185
101,2018-06-25T02:00:00,-0.0006783137936890449,0.0144
101,2018-06-25T03:00:00,-0.0031786654533181302,0.0103
101,2018-06-25T04:00:00,-0.00323466238306689,0.0059
101,2018-06-25T05:00:00,-0.001776883179514667,0.0031
101,2018-06-25T06:00:00,0.0009257435687566283,0.0021
101,2018-06-25T07:00:00,0.006245055909216517,0.0026
101,2018-06-25T08:00:00,0.017287957432177425,0.0042
101,2018-06-25T09:00:00,0.02961591455218493,0.008
101,2018-06-25T10:00:00,0.035707232763651266,0.0138
101,2018-06-25T11:00:00,0.03710961006725361,0.0214
101,2018-06-25T12:00:00,0.044479691733508624,0.0258
101,2018-06-25T13:00:00,0.051379558985862384,0.041
101,2018-06-25T14:00:00,0.0560494145231849,0.0465
101,2018-06-25T15:00:00,0.05771186750735425,0.0455
101,2018-06-25T16:00:00,0.06370145918961462,0.0453
101,2018-06-25T17:00:00,0.06808541307103533,0.0436
101,2018-06-25T18:00:00,0.06741880448138052,0.037
101,2018-06-25T19:00:00,0.06739715317624251,0.0328
101,2018-06-25T20:00:00,0.05953525537676482,0.0319
101,2018-06-25T21:00:00,0.04731359736919697,0.0315
101,2018-06-25T22:00:00,0.03421910686514082,0.0334
101,2018-06-25T23:00:00,0.025120987000019343,0.0306
101,2018-06-26T00:00:00,0.014781046252353708,0.0218
101,2018-06-26T01:00:00,0.007431485054274975,0.0137
101,2018-06-26T02:00:00,0.0026903433350685263,0.0085
101,2018-06-26T03:00:00,0.001495794731564696,0.0042
101,2018-06-26T04:00:00,0.0006332065246086767,0.0031
101,2018-06-26T05:00:00,0.003297263217040946,0.0034
101,2018-06-26T06:00:00,0.00819530287020287,0.0053
101,2018-06-26T07:00:00,0.015720240165544144,0.0079
101,2018-06-26T08:00:00,0.028322838493111208,0.0102
101,2018-06-26T09:00:00,0.04035986467634753,0.0174
101,2018-06-26T10:00:00,0.04636306529985633,0.0245
101,2018-06-26T11:00:00,0.04684548973924797,0.0282
101,2018-06-26T12:00:00,0.05225056276444402,0.0376
101,2018-06-26T13:00:00,0.05928066987986047,0.0444
101,2018-06-26T14:00:00,0.06274171957730237,0.0509
101,2018-06-26T15:00:00,0.06543760756053679,0.0524
101,2018-06-26T16:00:00,0.07239864145825067,0.0543
101,2018-06-26T17:00:00,0.07754569127021313,0.0533
101,2018-06-26T18:00:00,0.07869867539524453,0.0504
101,2018-06-26T19:00:00,0.07904433584478854,0.052
101,2018-06-26T20:00:00,0.07009851662508802,0.0473
101,2018-06-26T21:00:00,0.054614358939955955,0.0363
101,2018-06-26T22:00:00,0.039605872911986674,0.0305
101,2018-06-26T23:00:00,0.029577421450729783,0.0239
101,2018-06-27T00:00:00,0.01862918718884369,0.0175
101,2018-06-27T01:00:00,0.011117417818848663,0.0106
101,2018-06-27T02:00:00,0.005376384240947954,0.008
101,2018-06-27T03:00:00,0.0034811862971037763,0.0046
101,2018-06-27T04:00:00,0.0029988845081418275,0.0033
101,2018-06-27T05:00:00,0.004768893158402988,0.0057
101,2018-06-27T06:00:00,0.009182356733206744,0.0081
101,2018-06-27T07:00:00,0.016765573482793287,0.0127
101,2018-06-27T08:00:00,0.02986152347439826,0.0254
101,2018-06-27T09:00:00,0.042427234913015886,0.0307
102,2018-06-24T10:00:00,0.024198261710452976,0.028
102,2018-06-24T11:00:00,0.029467196331326637,0.0391
102,2018-06-24T12:00:00,0.04276464116385677,0.0479
102,2018-06-24T13:00:00,0.058853219115204206,0.0536
102,2018-06-24T14:00:00,0.07969894747027081,0.0602
102,2018-06-24T15:00:00,0.0819593791200883,0.0613
102,2018-06-24T16:00:00,0.08941333458182618,0.0583
102,2018-06-24T17:00:00,0.0957632241663394,0.0594
102,2018-06-24T18:00:00,0.0818510367390975,0.0564
102,2018-06-24T19:00:00,0.06881763613627548,0.0599
102,2018-06-24T20:00:00,0.05625542519348563,0.0512
102,2018-06-24T21:00:00,0.043407824222300675,0.0413
102,2018-06-24T22:00:00,0.03244794407433629,0.0358
102,2018-06-24T23:00:00,0.02553496391411474,0.0318
102,2018-06-25T00:00:00,0.016099272570502098,0.0277
102,2018-06-25T01:00:00,0.008615252685009192,0.0185
102,2018-06-25T02:00:00,0.0030156017617083697,0.0144
102,2018-06-25T03:00:00,0.001059013773507124,0.0103
102,2018-06-25T04:00:00,-0.0022338629111929367,0.0059
102,2018-06-25T05:00:00,-0.0038021098524675667,0.0031
102,2018-06-25T06:00:00,-0.004236411519696434,0.0021
102,2018-06-25T07:00:00,-0.0016388366166023086,0.0026
102,2018-06-25T08:00:00,0.0041048514670266635,0.0042
102,2018-06-25T09:00:00,0.012901611166518195,0.008
102,2018-06-25T10:00:00,0.021122755053206696,0.0138
102,2018-06-25T11:00:00,0.020789738636459262,0.0214
102,2018-06-25T12:00:00,0.03311949687802674,0.0258
102,2018-06-25T13:00:00,0.04449038071845597,0.041
102,2018-06-25T14:00:00,0.058282251578471465,0.0465
102,2018-06-25T15:00:00,0.06157376684340198,0.0455
102,2018-06-25T16:00:00,0.06816995075577259,0.0453
102,2018-06-25T17:00:00,0.07558162335794988,0.0436
102,2018-06-25T18:00:00,0.073224105132289,0.037
102,2018-06-25T19:00:00,0.06261109511753515,0.0328
102,2018-06-25T20:00:00,0.05669946180053377,0.0319
102,2018-06-25T21:00:00,0.045983670725701,0.0315
102,2018-06-25T22:00:00,0.030664219076093274,0.0334
102,2018-06-25T23:00:00,0.022219013704936987,0.0306
102,2018-06-26T00:00:00,0.00954985596783129,0.0218
102,2018-06-26T01:00:00,0.0018428621567521362,0.0137
102,2018-06-26T02:00:00,-0.0032646889604036264,0.0085
102,2018-06-26T03:00:00,-0.005546419733411002,0.0042
102,2018-06-26T04:00:00,-0.004835378397378055,0.0031
102,2018-06-26T05:00:00,-0.0019177594630548425,0.0034
102,2018-06-26T06:00:00,-0.0005122170775069337,0.0053
102,2018-06-26T07:00:00,0.0014000100024249874,0.0079
102,2018-06-26T08:00:00,0.010981354688599267,0.0102
102,2018-06-26T09:00:00,0.021420003976433483,0.0174
102,2018-06-26T10:00:00,0.026963639221991288,0.0245
102,2018-06-26T11:00:00,0.02986068915361105,0.0282
102,2018-06-26T12:00:00,0.03657574358464204,0.0376
102,2018-06-26T13:00:00,0.04713914465445508,0.0444
102,2018-06-26T14:00:00,0.05797639294551035,0.0509
102,2018-06-26T15:00:00,0.05775564319785906,0.0524
102,2018-06-26T16:00:00,0.06912550974058146,0.0543
102,2018-06-26T17:00:00,0.0760251886369182,0.0533
102,2018-06-26T18:00:00,0.07047630097431645,0.0504
102,2018-06-26T19:00:00,0.06939633415437657,0.052
102,2018-06-26T20:00:00,0.05971833392101181,0.0473
102,2018-06-26T21:00:00,0.05110236025402147,0.0363
102,2018-06-26T22:00:00,0.03817617224651793,0.0305
102,2018-06-26T23:00:00,0.029172062709248367,0.0239
102,2018-06-27T00:00:00,0.01880761903395447,0.0175
102,2018-06-27T01:00:00,0.007274573103127534,0.0106
102,2018-06-27T02:00:00,0.0007364413912774592,0.008
102,2018-06-27T03:00:00,-0.00029305652899460494,0.0046
102,2018-06-27T04:00:00,-0.0034659250246914866,0.0033
102,2018-06-27T05:00:00,-0.00037609262204268967,0.0057
102,2018-06-27T06:00:00,0.005073360585061637,0.0081
102,2018-06-27T07:00:00,0.014379631896126606,0.0127
102,2018-06-27T08:00:00,0.022729076016939725,0.0254
102,2018-06-27T09:00:00,0.03675421415224562,0.0307
102,2018-06-27T10:00:00,0.04210013340084763,0.0407
102,2018-06-27T11:00:00,0.0441570238591587,0.0394
102,2018-06-27T12:00:00,0.0475285825466529,0.0429
102,2018-06-27T13:00:00,0.055794010772699625,0.0497
102,2018-06-27T14:00:00,0.06494375735754518,0.0566
102,2018-06-27T15:00:00,0.06568337449154653,0.0566
102,2018-06-27T16:00:00,0.07438430811118206,0.0665
102,2018-06-27T17:00:00,0.08152825409898837,0.0759
102,2018-06-27T18:00:00,0.08082843177297391,0.0744
102,2018-06-27T19:00:00,0.08027471939954936,0.0792
102,2018-06-27T20:00:00,0.07074514020329958,0.064
102,2018-06-27T21:00:00,0.05843874827030696,0.0475
102,2018-06-27T22:00:00,0.04269542672294517,0.0344
102,2018-06-27T23:00:00,0.03192016806163325,0.0266
102,2018-06-28T00:00:00,0.021475531155036545,0.0183
102,2018-06-28T01:00:00,0.012764354822802828,0.0127
102,2018-06-28T02:00:00,0.005345327400001838,0.009
102,2018-06-28T03:00:00,0.0024990051604565286,0.0053
102,2018-06-28T04:00:00,0.0019015153443781574,0.0047
102,2018-06-28T05:00:00,0.002919755707353814,0.0053
102,2018-06-28T06:00:00,0.008335042009044932,0.009
102,2018-06-28T07:00:00,0.015892804238883732,0.0142
102,2018-06-28T08:00:00,0.02752840064698179,0.0253
102,2018-06-28T09:00:00,0.041497540275604816,0.0328
103,2018-06-25T10:00:00,0.019987399649649313,0.0138
103,2018-06-25T11:00:00,0.02764006177338507,0.0214
103,2018-06-25T12:00:00,0.040228886983342815,0.0258
103,2018-06-25T13:00:00,0.05047753340931453,0.041
103,2018-06-25T14:00:00,0.057916996846710214,0.0465
103,2018-06-25T15:00:00,0.054538313921400114,0.0455
103,2018-06-25T16:00:00,0.054659702803811785,0.0453
103,2018-06-25T17:00:00,0.05551866055804902,0.0436
103,2018-06-25T18:00:00,0.0497057415633079,0.037
103,2018-06-25T19:00:00,0.046437283878299214,0.0328
103,2018-06-25T20:00:00,0.041103901781405064,0.0319
103,2018-06-25T21:00:00,0.033153519581577626,0.0315
103,2018-06-25T22:00:00,0.024852330520176436,0.0334
103,2018-06-25T23:00:00,0.021174149087544156,0.0306
103,2018-06-26T00:00:00,0.0145625469648723,0.0218
103,2018-06-26T01:00:00,0.007827849191452206,0.0137
103,2018-06-26T02:00:00,0.003260804500741548,0.0085
103,2018-06-26T03:00:00,-0.001082762346331742,0.0042
103,2018-06-26T04:00:00,-0.002212670669091761,0.0031
103,2018-06-26T05:00:00,-0.0034623331192506074,0.0034
103,2018-06-26T06:00:00,0.0004832628700165327,0.0053
103,2018-06-26T07:00:00,0.0013025729967824778,0.0079
103,2018-06-26T08:00:00,0.0059973738793546345,0.0102
103,2018-06-26T09:00:00,0.012470994969486563,0.0174
103,2018-06-26T10:00:00,0.021861418842939583,0.0245
103,2018-06-26T11:00:00,0.0297615205692022,0.0282
103,2018-06-26T12:00:00,0.039016269518537275,0.0376
103,2018-06-26T13:00:00,0.0499535742779834,0.0444
103,2018-06-26T14:00:00,0.06124869414455567,0.0509
103,2018-06-26T15:00:00,0.05962486378069522,0.0524
103,2018-06-26T16:00:00,0.06338430795637719,0.0543
103,2018-06-26T17:00:00,0.06683028566815936,0.0533
103,2018-06-26T18:00:00,0.05724412082009833,0.0504
103,2018-06-26T19:00:00,0.05455812547009278,0.052
103,2018-06-26T20:00:00,0.046558699743805415,0.0473
103,2018-06-26T21:00:00,0.03595075238835932,0.0363
103,2018-06-26T22:00:00,0.027651396074807478,0.0305
103,2018-06-26T23:00:00,0.01997641279937272,0.0239
103,2018-06-27T00:00:00,0.014340737692723397,0.0175
103,2018-06-27T01:00:00,0.003114347622650549,0.0106
103,2018-06-27T02:00:00,-0.0012384583060762767,0.008
103,2018-06-27T03:00:00,-0.0018015043772001277,0.0046
103,2018-06-27T04:00:00,-0.0033642232883938084,0.0033
103,2018-06-27T05:00:00,-0.0015207295092592998,0.0057
103,2018-06-27T06:00:00,0.003062417430720457,0.0081
103,2018-06-27T07:00:00,0.0065735768372860715,0.0127
103,2018-06-27T08:00:00,0.01366000397872607,0.0254
103,2018-06-27T09:00:00,0.02426354432901856,0.0307
103,2018-06-27T10:00:00,0.03025049773045037,0.0407
103,2018-06-27T11:00:00,0.03572119108340941,0.0394
103,2018-06-27T12:00:00,0.04393280205305783,0.0429
103,2018-06-27T13:00:00,0.05253255187163877,0.0497
103,2018-06-27T14:00:00,0.06234892281548007,0.0566
103,2018-06-27T15:00:00,0.06228170161926582,0.0566
103,2018-06-27T16:00:00,0.07010969183138163,0.0665
103,2018-06-27T17:00:00,0.07670766994432371,0.0759
103,2018-06-27T18:00:00,0.07086216273041435,0.0744
103,2018-06-27T19:00:00,0.06915774752995059,0.0792
103,2018-06-27T20:00:00,0.0581825928479026,0.064
103,2018-06-27T21:00:00,0.04721779511856731,0.0475
103,2018-06-27T22:00:00,0.03383740383468385,0.0344
103,2018-06-27T23:00:00,0.025825015534912503,0.0266
103,2018-06-28T00:00:00,0.01668511918129014,0.0183
103,2018-06-28T01:00:00,0.008807009623231127,0.0127
103,2018-06-28T02:00:00,0.0028209169825148712,0.009
103,2018-06-28T03:00:00,0.0015763620466780516,0.0053
103,2018-06-28T04:00:00,0.002088494172289228,0.0047
103,2018-06-28T05:00:00,0.003675848298360332,0.0053
103,2018-06-28T06:00:00,0.007994301593880416,0.009
103,2018-06-28T07:00:00,0.0176158013298751,0.0142
103,2018-06-28T08:00:00,0.02692009937074128,0.0253
103,2018-06-28T09:00:00,0.03704450406530678,0.0328
103,2018-06-28T10:00:00,0.04221698088827773,0.0408
103,2018-06-28T11:00:00,0.04314936752740556,0.0409
103,2018-06-28T12:00:00,0.049797356177838197,0.0429
103,2018-06-28T13:00:00,0.05641895851568725,0.0542
103,2018-06-28T14:00:00,0.06368518698189296,0.0573
103,2018-06-28T15:00:00,0.06370464109219054,0.0624
103,2018-06-28T16:00:00,0.07230156714745026,0.0663
103,2018-06-28T17:00:00,0.07925509308671821,0.0689
103,2018-06-28T18:00:00,0.07656417770233317,0.0704
103,2018-06-28T19:00:00,0.07694073204296673,0.0757
103,2018-06-28T20:00:00,0.07011533024684932,0.0634
103,2018-06-28T21:00:00,0.05649599525057458,0.0484
103,2018-06-28T22:00:00,0.043064028059287926,0.036
103,2018-06-28T23:00:00,0.03363436953988186,0.0282
103,2018-06-29T00:00:00,0.023716824256590534,0.0193
103,2018-06-29T01:00:00,0.014094032485926531,0.0138
103,2018-06-29T02:00:00,0.006142169720197852,0.0092
103,2018-06-29T03:00:00,0.004742251732925657,0.007
103,2018-06-29T04:00:00,0.004163893631729695,0.0046
103,2018-06-29T05:00:00,0.003527111874426128,0.0061
103,2018-06-29T06:00:00,0.009189028916581791,0.0085
103,2018-06-29T07:00:00,0.017276914162703175,0.0162
103,2018-06-29T08:00:00,0.028611361363910355,0.0197
103,2018-06-29T09:00:00,0.03886459912111002,0.0352
104,2018-06-26T10:00:00,0.023748875792521423,0.0245
104,2018-06-26T11:00:00,0.028924297189486844,0.0282
104,2018-06-26T12:00:00,0.03820854390007031,0.0376
104,2018-06-26T13:00:00,0.04959536668948225,0.0444
104,2018-06-26T14:00:00,0.06053822400909527,0.0509
104,2018-06-26T15:00:00,0.05671185825467728,0.0524
104,2018-06-26T16:00:00,0.05986163167446383,0.0543
104,2018-06-26T17:00:00,0.058738635579491244,0.0533
104,2018-06-26T18:00:00,0.0465350439802165,0.0504
104,2018-06-26T19:00:00,0.04325860683346719,0.052
104,2018-06-26T20:00:00,0.03850336049006147,0.0473
104,2018-06-26T21:00:00,0.033053506741696756,0.0363
104,2018-06-26T22:00:00,0.02903805379848135,0.0305
104,2018-06-26T23:00:00,0.023545410644281426,0.0239
104,2018-06-27T00:00:00,0.01636110670780104,0.0175
104,2018-06-27T01:00:00,0.008324487063495742,0.0106
104,2018-06-27T02:00:00,0.0012081304137733645,0.008
104,2018-06-27T03:00:00,-0.00035225113066024785,0.0046
104,2018-06-27T04:00:00,-0.0028204175653900806,0.0033
104,2018-06-27T05:00:00,-0.0020604895202323073,0.0057
104,2018-06-27T06:00:00,0.0005804685919916334,0.0081
104,2018-06-27T07:00:00,0.00436572017022905,0.0127
104,2018-06-27T08:00:00,0.010905838819040076,0.0254
104,2018-06-27T09:00:00,0.021785000791862588,0.0307
104,2018-06-27T10:00:00,0.029366769940479095,0.0407
104,2018-06-27T11:00:00,0.032772647069744545,0.0394
104,2018-06-27T12:00:00,0.040828735191969195,0.0429
104,2018-06-27T13:00:00,0.05024838210722958,0.0497
104,2018-06-27T14:00:00,0.05784184191984411,0.0566
104,2018-06-27T15:00:00,0.05767981544577866,0.0566
104,2018-06-27T16:00:00,0.06079839535699744,0.0665
104,2018-06-27T17:00:00,0.0627700553308584,0.0759
104,2018-06-27T18:00:00,0.05656064604421236,0.0744
104,2018-06-27T19:00:00,0.05221517636332991,0.0792
104,2018-06-27T20:00:00,0.04814163319796075,0.064
104,2018-06-27T21:00:00,0.04056855858762004,0.0475
104,2018-06-27T22:00:00,0.030569385886508583,0.0344
104,2018-06-27T23:00:00,0.022508045049374648,0.0266
104,2018-06-28T00:00:00,0.015683346390649156,0.0183
104,2018-06-28T01:00:00,0.005802030292138809,0.0127
104,2018-06-28T02:00:00,-0.0007132674140012674,0.009
104,2018-06-28T03:00:00,-0.0014376688861252734,0.0053
104,2018-06-28T04:00:00,-0.0018424941508020168,0.0047
104,2018-06-28T05:00:00,-0.0024188039898221797,0.0053
104,2018-06-28T06:00:00,0.0018104456481854783,0.009
104,2018-06-28T07:00:00,0.009970932414441754,0.0142
104,2018-06-28T08:00:00,0.016017158808685268,0.0253
104,2018-06-28T09:00:00,0.02567027081685766,0.0328
104,2018-06-28T10:00:00,0.03334918503856393,0.0408
104,2018-06-28T11:00:00,0.03534020660925551,0.0409
104,2018-06-28T12:00:00,0.04251552482482713,0.0429
104,2018-06-28T13:00:00,0.050252480383730175,0.0542
104,2018-06-28T14:00:00,0.05675285503687515,0.0573
104,2018-06-28T15:00:00,0.05249070354502906,0.0624
104,2018-06-28T16:00:00,0.060435521795721134,0.0663
104,2018-06-28T17:00:00,0.06305180965008775,0.0689
104,2018-06-28T18:00:00,0.06004536552243514,0.0704
104,2018-06-28T19:00:00,0.059627129309346466,0.0757
104,2018-06-28T20:00:00,0.05641924411597353,0.0634
104,2018-06-28T21:00:00,0.0495959010949259,0.0484
104,2018-06-28T22:00:00,0.03949037475449804,0.036
104,2018-06-28T23:00:00,0.02932481738903854,0.0282
104,2018-06-29T00:00:00,0.01938005311939648,0.0193
104,2018-06-29T01:00:00,0.010150928928605557,0.0138
104,2018-06-29T02:00:00,0.0022911302036245328,0.0092
104,2018-06-29T03:00:00,0.002395616104676139,0.007
104,2018-06-29T04:00:00,0.0009947799913302795,0.0046
104,2018-06-29T05:00:00,0.0013280317216878106,0.0061
104,2018-06-29T06:00:00,0.007427742464020479,0.0085
104,2018-06-29T07:00:00,0.016823404211680798,0.0162
104,2018-06-29T08:00:00,0.02643803850226622,0.0197
104,2018-06-29T09:00:00,0.0355892647769385,0.0352
104,2018-06-29T10:00:00,0.044832431741069156,0.0406
104,2018-06-29T11:00:00,0.04741158630177307,0.044
104,2018-06-29T12:00:00,0.05493354266602822,0.0463
104,2018-06-29T13:00:00,0.06474782504826684,0.0517
104,2018-06-29T14:00:00,0.0742506296557156,0.0603
104,2018-06-29T15:00:00,0.07100002181338419,0.0652
104,2018-06-29T16:00:00,0.07772404777291708,0.0698
104,2018-06-29T17:00:00,0.07947716045041417,0.0713
104,2018-06-29T18:00:00,0.07085996903987193,0.0752
104,2018-06-29T19:00:00,0.06818521197352384,0.0794
104,2018-06-29T20:00:00,0.06582166460316928,0.0684
104,2018-06-29T21:00:00,0.05830834808561118,0.0486
104,2018-06-29T22:00:00,0.047039354512711545,0.038
104,2018-06-29T23:00:00,0.03631633407112314,0.0294
104,2018-06-30T00:00:00,0.024472241744589063,0.0204
104,2018-06-30T01:00:00,0.0180612710195867,0.0154
104,2018-06-30T02:00:00,0.012087157996767916,0.0092
104,2018-06-30T03:00:00,0.010074733225236096,0.0056
104,2018-06-30T04:00:00,0.007088395007307426,0.0056
104,2018-06-30T05:00:00,0.008624740571820094,0.0056
104,2018-06-30T06:00:00,0.011357609411754576,0.0086
104,2018-06-30T07:00:00,0.016977939197500874,0.0138
104,2018-06-30T08:00:00,0.026063733745728058,0.0246
104,2018-06-30T09:00:00,0.03298038781196348,0.031
105,2018-06-27T10:00:00,0.034676951107133494,0.0407
105,2018-06-27T11:00:00,0.03889164967337781,0.0394
105,2018-06-27T12:00:00,0.04479173370027503,0.0429
105,2018-06-27T13:00:00,0.053231506883900416,0.0497
105,2018-06-27T14:00:00,0.061698914085409104,0.0566
105,2018-06-27T15:00:00,0.059055469673760484,0.0566
105,2018-06-27T16:00:00,0.06115211043547399,0.0665
105,2018-06-27T17:00:00,0.06150039735636234,0.0759
105,2018-06-27T18:00:00,0.056796755129958645,0.0744
105,2018-06-27T19:00:00,0.052920302444353876,0.0792
105,2018-06-27T20:00:00,0.04596757268158949,0.064
105,2018-06-27T21:00:00,0.038543459821543814,0.0475
105,2018-06-27T22:00:00,0.03070366110640143,0.0344
105,2018-06-27T23:00:00,0.02281921584766047,0.0266
105,2018-06-28T00:00:00,0.016844922178280243,0.0183
105,2018-06-28T01:00:00,0.010872600552594505,0.0127
105,2018-06-28T02:00:00,0.005627169326680958,0.009
105,2018-06-28T03:00:00,0.004463260552662298,0.0053
105,2018-06-28T04:00:00,0.0032053384721384345,0.0047
105,2018-06-28T05:00:00,0.003551783884432457,0.0053
105,2018-06-28T06:00:00,0.004180283233434064,0.009
105,2018-06-28T07:00:00,0.008053939489241935,0.0142
105,2018-06-28T08:00:00,0.015512607355703336,0.0253
105,2018-06-28T09:00:00,0.023115146278768102,0.0328
105,2018-06-28T10:00:00,0.029170652754951648,0.0408
105,2018-06-28T11:00:00,0.0357926132320554,0.0409
105,2018-06-28T12:00:00,0.044423980228831234,0.0429
105,2018-06-28T13:00:00,0.05316181340545344,0.0542
105,2018-06-28T14:00:00,0.06452329766738114,0.0573
105,2018-06-28T15:00:00,0.06055087802914113,0.0624
105,2018-06-28T16:00:00,0.06537879667950117,0.0663
105,2018-06-28T17:00:00,0.06285111324769051,0.0689
105,2018-06-28T18:00:00,0.05375734256680578,0.0704
105,2018-06-28T19:00:00,0.048432411084517166,0.0757
105,2018-06-28T20:00:00,0.03878872318493225,0.0634
105,2018-06-28T21:00:00,0.03200286774207419,0.0484
105,2018-06-28T22:00:00,0.026708578892709143,0.036
105,2018-06-28T23:00:00,0.02233214313219854,0.0282
105,2018-06-29T00:00:00,0.017026564836425367,0.0193
105,2018-06-29T01:00:00,0.011577449794077179,0.0138
105,2018-06-29T02:00:00,0.010263802366898857,0.0092
105,2018-06-29T03:00:00,0.01158585835710682,0.007
105,2018-06-29T04:00:00,0.010512027562949364,0.0046
105,2018-06-29T05:00:00,0.01011155113207958,0.0061
105,2018-06-29T06:00:00,0.011103432165566189,0.0085
105,2018-06-29T07:00:00,0.013417880816767463,0.0162
105,2018-06-29T08:00:00,0.015784685432104754,0.0197
105,2018-06-29T09:00:00,0.022893252903467415,0.0352
105,2018-06-29T10:00:00,0.03180195565013561,0.0406
105,2018-06-29T11:00:00,0.038397193226833735,0.044
105,2018-06-29T12:00:00,0.050935690585117814,0.0463
105,2018-06-29T13:00:00,0.0667631906266728,0.0517
105,2018-06-29T14:00:00,0.08127274872386135,0.0603
105,2018-06-29T15:00:00,0.08027646103565093,0.0652
105,2018-06-29T16:00:00,0.08369796648241226,0.0698
105,2018-06-29T17:00:00,0.08325040805588307,0.0713
105,2018-06-29T18:00:00,0.06749606198704128,0.0752
105,2018-06-29T19:00:00,0.054887897432545164,0.0794
105,2018-06-29T20:00:00,0.04526139461030859,0.0684
105,2018-06-29T21:00:00,0.03674799752760941,0.0486
105,2018-06-29T22:00:00,0.02979779597567368,0.038
105,2018-06-29T23:00:00,0.024858977472605952,0.0294
105,2018-06-30T00:00:00,0.019747720560324603,0.0204
105,2018-06-30T01:00:00,0.01652861197656067,0.0154
105,2018-06-30T02:00:00,0.014535643242690336,0.0092
105,2018-06-30T03:00:00,0.015848412843221887,0.0056
105,2018-06-30T04:00:00,0.014854152391399318,0.0056
105,2018-06-30T05:00:00,0.017572365381060526,0.0056
105,2018-06-30T06:00:00,0.017169918658645245,0.0086
105,2018-06-30T07:00:00,0.01825108920494506,0.0138
105,2018-06-30T08:00:00,0.02264773688019383,0.0246
105,2018-06-30T09:00:00,0.028559837758154676,0.031
105,2018-06-30T10:00:00,0.037143607189429155,0.0402
105,2018-06-30T11:00:00,0.04319263754771025,0.0409
105,2018-06-30T12:00:00,0.05541744591917211,0.0496
105,2018-06-30T13:00:00,0.07382565642973905,0.059
105,2018-06-30T14:00:00,0.09340691842778343,0.0647
105,2018-06-30T15:00:00,0.09128577561451615,0.0684
105,2018-06-30T16:00:00,0.10012779577557132,0.0767
105,2018-06-30T17:00:00,0.10240025067179626,0.0712
105,2018-06-30T18:00:00,0.08572100121697174,0.0723
105,2018-06-30T19:00:00,0.07104046491649946,0.0756
105,2018-06-30T20:00:00,0.059306277537430424,0.0646
105,2018-06-30T21:00:00,0.04995112126938964,0.0469
105,2018-06-30T22:00:00,0.04121304209104845,0.0383
105,2018-06-30T23:00:00,0.036353325440717184,0.0307
105,2018-07-01T00:00:00,0.02831986422019126,0.0252
105,2018-07-01T01:00:00,0.021297444483277885,0.0192
105,2018-07-01T02:00:00,0.014579157862994806,0.0125
105,2018-07-01T03:00:00,0.011007819147028048,0.0073
105,2018-07-01T04:00:00,0.008634978378401086,0.0057
105,2018-07-01T05:00:00,0.0071050053797852356,0.0054
105,2018-07-01T06:00:00,0.005992557221765869,0.0047
105,2018-07-01T07:00:00,0.007602058511140718,0.0079
105,2018-07-01T08:00:00,0.010783752581328177,0.0138
105,2018-07-01T09:00:00,0.016020154983467656,0.0224
