window_index,timestamp,prediction,actual
0,2018-03-14T10:00:00+00:00,0.05086256191448309,0.0413
0,2018-03-14T11:00:00+00:00,0.04635821945683276,0.0458
0,2018-03-14T12:00:00+00:00,0.05263374169550769,0.0515
0,2018-03-14T13:00:00+00:00,0.06061253719723152,0.0525
0,2018-03-14T14:00:00+00:00,0.05848097100222367,0.0624
0,2018-03-14T15:00:00+00:00,0.06253401740643413,0.0724
0,2018-03-14T16:00:00+00:00,0.06802364456875137,0.0737
0,2018-03-14T17:00:00+00:00,0.06691290690100563,0.074
0,2018-03-14T18:00:00+00:00,0.06620398549511147,0.0734
0,2018-03-14T19:00:00+00:00,0.06764299543965993,0.0635
0,2018-03-14T20:00:00+00:00,0.05549520217780349,0.0569
0,2018-03-14T21:00:00+00:00,0.04195218698908006,0.0417
0,2018-03-14T22:00:00+00:00,0.033638698471841776,0.0314
0,2018-03-14T23:00:00+00:00,0.021947273208375365,0.0191
0,2018-03-15T00:00:00+00:00,0.012019365240584164,0.0128
0,2018-03-15T01:00:00+00:00,0.004962718572011391,0.0089
0,2018-03-15T02:00:00+00:00,0.002501305202026252,0.0064
0,2018-03-15T03:00:00+00:00,-0.0009450169022392797,0.0052
0,2018-03-15T04:00:00+00:00,0.00917806512590245,0.0054
0,2018-03-15T05:00:00+00:00,0.014056861556164382,0.0099
0,2018-03-15T06:00:00+00:00,0.025480654388722414,0.0182
0,2018-03-15T07:00:00+00:00,0.036203387773912965,0.0313
0,2018-03-15T08:00:00+00:00,0.044750110564781086,0.0454
0,2018-03-15T09:00:00+00:00,0.04823043919050589,0.0515
0,2018-03-15T10:00:00+00:00,0.05158459006579563,0.0449
0,2018-03-15T11:00:00+00:00,0.0451145762574579,0.0467
0,2018-03-15T12:00:00+00:00,0.04940352528068019,0.0513
0,2018-03-15T13:00:00+00:00,0.05675556352703155,0.0552
0,2018-03-15T14:00:00+00:00,0.05823896304187989,0.0611
0,2018-03-15T15:00:00+00:00,0.061226461330077996,0.0668
0,2018-03-15T16:00:00+00:00,0.06288052842443101,0.0709
0,2018-03-15T17:00:00+00:00,0.06498469264443585,0.0712
0,2018-03-15T18:00:00+00:00,0.0650753265722757,0.0728
0,2018-03-15T19:00:00+00:00,0.06331766292664592,0.0637
0,2018-03-15T20:00:00+00:00,0.05546571356715537,0.0552
0,2018-03-15T21:00:00+00:00,0.04348491381863771,0.0426
0,2018-03-15T22:00:00+00:00,0.034523753126734405,0.0334
0,2018-03-15T23:00:00+00:00,0.024936253446513602,0.0199
0,2018-03-16T00:00:00+00:00,0.015817984129350003,0.0117
0,2018-03-16T01:00:00+00:00,0.005656893583857112,0.0089
0,2018-03-16T02:00:00+00:00,0.007332393078965219,0.006
0,2018-03-16T03:00:00+00:00,0.005434461148303964,0.0042
0,2018-03-16T04:00:00+00:00,0.006677571722964605,0.0069
0,2018-03-16T05:00:00+00:00,0.009536686567793492,0.0109
0,2018-03-16T06:00:00+00:00,0.024831742033963017,0.0216
0,2018-03-16T07:00:00+00:00,0.03587578702199504,0.0321
0,2018-03-16T08:00:00+00:00,0.04383325664790662,0.0452
0,2018-03-16T09:00:00+00:00,0.046179637700692173,0.0517
0,2018-03-16T10:00:00+00:00,0.047788272951284946,0.0449
0,2018-03-16T11:00:00+00:00,0.05085824243248703,0.0463
0,2018-03-16T12:00:00+00:00,0.05286373113582956,0.0514
0,2018-03-16T13:00:00+00:00,0.05875339287811124,0.0584
0,2018-03-16T14:00:00+00:00,0.059907732667069585,0.0616
0,2018-03-16T15:00:00+00:00,0.06041887902859214,0.0689
0,2018-03-16T16:00:00+00:00,0.061922357450804155,0.0704
0,2018-03-16T17:00:00+00:00,0.063004235213937,0.0721
0,2018-03-16T18:00:00+00:00,0.07032548566308243,0.071
0,2018-03-16T19:00:00+00:00,0.06326786356022912,0.0597
0,2018-03-16T20:00:00+00:00,0.05480957840352636,0.0459
0,2018-03-16T21:00:00+00:00,0.04828316485976431,0.0367
0,2018-03-16T22:00:00+00:00,0.036496579402749404,0.0291
0,2018-03-16T23:00:00+00:00,0.027210613194315607,0.0168
0,2018-03-17T00:00:00+00:00,0.016617437115589904,0.0153
0,2018-03-17T01:00:00+00:00,0.012109598133345084,0.0109
0,2018-03-17T02:00:00+00:00,0.0097988653393732,0.0058
0,2018-03-17T03:00:00+00:00,0.005759159617710521,0.0055
0,2018-03-17T04:00:00+00:00,0.008186276133549032,0.005
0,2018-03-17T05:00:00+00:00,0.008961278512319967,0.0093
0,2018-03-17T06:00:00+00:00,0.020594316096943427,0.0191
0,2018-03-17T07:00:00+00:00,0.034215105459745,0.0321
0,2018-03-17T08:00:00+00:00,0.04482965545494345,0.0459
0,2018-03-17T09:00:00+00:00,0.048397451502364,0.0497
0,2018-03-17T10:00:00+00:00,0.05085521378215131,0.0443
0,2018-03-17T11:00:00+00:00,0.051992062593239755,0.0504
0,2018-03-17T12:00:00+00:00,0.05756341736268544,0.0566
0,2018-03-17T13:00:00+00:00,0.05942507023977345,0.063
0,2018-03-17T14:00:00+00:00,0.06538477526506078,0.0671
0,2018-03-17T15:00:00+00:00,0.06539744128963723,0.0761
0,2018-03-17T16:00:00+00:00,0.06545708690273169,0.0684
0,2018-03-17T17:00:00+00:00,0.06574085681811859,0.0714
0,2018-03-17T18:00:00+00:00,0.06482131680170497,0.0723
0,2018-03-17T19:00:00+00:00,0.06550451765571352,0.0639
0,2018-03-17T20:00:00+00:00,0.05766816062364104,0.0559
0,2018-03-17T21:00:00+00:00,0.0484772533056238,0.0456
0,2018-03-17T22:00:00+00:00,0.03881580442782644,0.0375
0,2018-03-17T23:00:00+00:00,0.02461840285995234,0.0306
0,2018-03-18T00:00:00+00:00,0.02522762527424315,0.0205
0,2018-03-18T01:00:00+00:00,0.015968961304223726,0.0146
0,2018-03-18T02:00:00+00:00,0.015074882837873917,0.0086
0,2018-03-18T03:00:00+00:00,0.010985513516878449,0.0062
0,2018-03-18T04:00:00+00:00,0.007153669289567517,0.006
0,2018-03-18T05:00:00+00:00,0.010152196042436397,0.005
0,2018-03-18T06:00:00+00:00,0.01184223723660473,0.0089
0,2018-03-18T07:00:00+00:00,0.021353312058690056,0.0149
0,2018-03-18T08:00:00+00:00,0.028554140759581587,0.0264
0,2018-03-18T09:00:00+00:00,0.036083088216034676,0.0324
1,2018-03-15T10:00:00+00:00,0.04894901885788444,0.0449
1,2018-03-15T11:00:00+00:00,0.04908435775340397,0.0467
1,2018-03-15T12:00:00+00:00,0.05071034194860953,0.0513
1,2018-03-15T13:00:00+00:00,0.05509455769032316,0.0552
1,2018-03-15T14:00:00+00:00,0.05525195978135736,0.0611
1,2018-03-15T15:00:00+00:00,0.061600624970002245,0.0668
1,2018-03-15T16:00:00+00:00,0.06014295853938571,0.0709
1,2018-03-15T17:00:00+00:00,0.06006132701357825,0.0712
1,2018-03-15T18:00:00+00:00,0.060889631549533585,0.0728
1,2018-03-15T19:00:00+00:00,0.06458923445956491,0.0637
1,2018-03-15T20:00:00+00:00,0.05261998326808602,0.0552
1,2018-03-15T21:00:00+00:00,0.04133095858711357,0.0426
1,2018-03-15T22:00:00+00:00,0.030650635183701737,0.0334
1,2018-03-15T23:00:00+00:00,0.01937563106505932,0.0199
1,2018-03-16T00:00:00+00:00,0.016575308589419968,0.0117
1,2018-03-16T01:00:00+00:00,0.00833687524931188,0.0089
1,2018-03-16T02:00:00+00:00,0.0028367459808649707,0.006
1,2018-03-16T03:00:00+00:00,0.00418660081442716,0.0042
1,2018-03-16T04:00:00+00:00,0.00477669886839114,0.0069
1,2018-03-16T05:00:00+00:00,0.01194114877912078,0.0109
1,2018-03-16T06:00:00+00:00,0.019471483670736287,0.0216
1,2018-03-16T07:00:00+00:00,0.03091125602799237,0.0321
1,2018-03-16T08:00:00+00:00,0.04203988625918082,0.0452
1,2018-03-16T09:00:00+00:00,0.048027638675301354,0.0517
1,2018-03-16T10:00:00+00:00,0.0508599280330532,0.0449
1,2018-03-16T11:00:00+00:00,0.05286726734618706,0.0463
1,2018-03-16T12:00:00+00:00,0.0574235438465598,0.0514
1,2018-03-16T13:00:00+00:00,0.05662626104493977,0.0584
1,2018-03-16T14:00:00+00:00,0.06488334773802937,0.0616
1,2018-03-16T15:00:00+00:00,0.06530063309256123,0.0689
1,2018-03-16T16:00:00+00:00,0.06856406022486324,0.0704
1,2018-03-16T17:00:00+00:00,0.06454723438994368,0.0721
1,2018-03-16T18:00:00+00:00,0.06439503740003819,0.071
1,2018-03-16T19:00:00+00:00,0.060299579447505726,0.0597
1,2018-03-16T20:00:00+00:00,0.054587427945763094,0.0459
1,2018-03-16T21:00:00+00:00,0.04674752321534907,0.0367
1,2018-03-16T22:00:00+00:00,0.03602082438694309,0.0291
1,2018-03-16T23:00:00+00:00,0.025086151273069405,0.0168
1,2018-03-17T00:00:00+00:00,0.01807888413731517,0.0153
1,2018-03-17T01:00:00+00:00,0.011697348693268002,0.0109
1,2018-03-17T02:00:00+00:00,0.006675996824790031,0.0058
1,2018-03-17T03:00:00+00:00,0.006768577443742228,0.0055
1,2018-03-17T04:00:00+00:00,0.004847414720643772,0.005
1,2018-03-17T05:00:00+00:00,0.010434050597576475,0.0093
1,2018-03-17T06:00:00+00:00,0.016886894047235017,0.0191
1,2018-03-17T07:00:00+00:00,0.027525840865249913,0.0321
1,2018-03-17T08:00:00+00:00,0.039314186594727185,0.0459
1,2018-03-17T09:00:00+00:00,0.04366818267226338,0.0497
1,2018-03-17T10:00:00+00:00,0.05451778152038763,0.0443
1,2018-03-17T11:00:00+00:00,0.05468388941459376,0.0504
1,2018-03-17T12:00:00+00:00,0.06091854367225573,0.0566
1,2018-03-17T13:00:00+00:00,0.05951064318846609,0.063
1,2018-03-17T14:00:00+00:00,0.06656241477436053,0.0671
1,2018-03-17T15:00:00+00:00,0.0659100100724554,0.0761
1,2018-03-17T16:00:00+00:00,0.06743860122776149,0.0684
1,2018-03-17T17:00:00+00:00,0.06400133792108634,0.0714
1,2018-03-17T18:00:00+00:00,0.06275355904745994,0.0723
1,2018-03-17T19:00:00+00:00,0.058012676909865085,0.0639
1,2018-03-17T20:00:00+00:00,0.052422350256971534,0.0559
1,2018-03-17T21:00:00+00:00,0.04432534026647124,0.0456
1,2018-03-17T22:00:00+00:00,0.03606015141155248,0.0375
1,2018-03-17T23:00:00+00:00,0.029277055574388974,0.0306
1,2018-03-18T00:00:00+00:00,0.020368871720849516,0.0205
1,2018-03-18T01:00:00+00:00,0.014252908181120252,0.0146
1,2018-03-18T02:00:00+00:00,0.012574662013466291,0.0086
1,2018-03-18T03:00:00+00:00,0.00869373798528384,0.0062
1,2018-03-18T04:00:00+00:00,0.004992643726052726,0.006
1,2018-03-18T05:00:00+00:00,0.00477805236178256,0.005
1,2018-03-18T06:00:00+00:00,0.009458027296763788,0.0089
1,2018-03-18T07:00:00+00:00,0.01685024946689711,0.0149
1,2018-03-18T08:00:00+00:00,0.024266651754693558,0.0264
1,2018-03-18T09:00:00+00:00,0.03550541023935263,0.0324
1,2018-03-18T10:00:00+00:00,0.04321931580526519,0.0378
1,2018-03-18T11:00:00+00:00,0.04839719667799092,0.0466
1,2018-03-18T12:00:00+00:00,0.051922620862852494,0.055
1,2018-03-18T13:00:00+00:00,0.05490881160959531,0.0576
1,2018-03-18T14:00:00+00:00,0.05962381862970122,0.0598
1,2018-03-18T15:00:00+00:00,0.056049681215094974,0.0595
1,2018-03-18T16:00:00+00:00,0.05613578261105309,0.0582
1,2018-03-18T17:00:00+00:00,0.05672268491673178,0.0623
1,2018-03-18T18:00:00+00:00,0.053988586491588525,0.0549
1,2018-03-18T19:00:00+00:00,0.05195518825322121,0.0501
1,2018-03-18T20:00:00+00:00,0.044183997332751676,0.0452
1,2018-03-18T21:00:00+00:00,0.03453542544069207,0.0383
1,2018-03-18T22:00:00+00:00,0.03164784807106156,0.032
1,2018-03-18T23:00:00+00:00,0.027072914040258578,0.0266
1,2018-03-19T00:00:00+00:00,0.019650372469359183,0.023
1,2018-03-19T01:00:00+00:00,0.014834887363460121,0.0155
1,2018-03-19T02:00:00+00:00,0.011011541111246363,0.0093
1,2018-03-19T03:00:00+00:00,0.007848807203347557,0.0065
1,2018-03-19T04:00:00+00:00,0.0023918518676175095,0.0046
1,2018-03-19T05:00:00+00:00,0.004979263357741924,0.0041
1,2018-03-19T06:00:00+00:00,0.00786151500241139,0.0055
1,2018-03-19T07:00:00+00:00,0.012653590729939664,0.0084
1,2018-03-19T08:00:00+00:00,0.020580696569692327,0.0144
1,2018-03-19T09:00:00+00:00,0.03080253505256567,0.0221
2,2018-03-16T10:00:00+00:00,0.05029943973575075,0.0449
2,2018-03-16T11:00:00+00:00,0.05713990134335946,0.0463
2,2018-03-16T12:00:00+00:00,0.0605008865247861,0.0514
2,2018-03-16T13:00:00+00:00,0.06295790939614662,0.0584
2,2018-03-16T14:00:00+00:00,0.06501911482204464,0.0616
2,2018-03-16T15:00:00+00:00,0.06804157417873888,0.0689
2,2018-03-16T16:00:00+00:00,0.06795802938140896,0.0704
2,2018-03-16T17:00:00+00:00,0.06727058841693041,0.0721
2,2018-03-16T18:00:00+00:00,0.06397061905178461,0.071
2,2018-03-16T19:00:00+00:00,0.06408768369779569,0.0597
2,2018-03-16T20:00:00+00:00,0.05405411604123178,0.0459
2,2018-03-16T21:00:00+00:00,0.04441468440701295,0.0367
2,2018-03-16T22:00:00+00:00,0.0317680484145323,0.0291
2,2018-03-16T23:00:00+00:00,0.026309482150132298,0.0168
2,2018-03-17T00:00:00+00:00,0.015865784586545226,0.0153
2,2018-03-17T01:00:00+00:00,0.01399534026858614,0.0109
2,2018-03-17T02:00:00+00:00,0.013543611849201786,0.0058
2,2018-03-17T03:00:00+00:00,0.0065678656529071615,0.0055
2,2018-03-17T04:00:00+00:00,0.005969510871510677,0.005
2,2018-03-17T05:00:00+00:00,0.01493307516298215,0.0093
2,2018-03-17T06:00:00+00:00,0.01662367404655713,0.0191
2,2018-03-17T07:00:00+00:00,0.028539882604854523,0.0321
2,2018-03-17T08:00:00+00:00,0.03483272141291451,0.0459
2,2018-03-17T09:00:00+00:00,0.0442656727217709,0.0497
2,2018-03-17T10:00:00+00:00,0.05037621079995047,0.0443
2,2018-03-17T11:00:00+00:00,0.05290040913575738,0.0504
2,2018-03-17T12:00:00+00:00,0.05690224628460165,0.0566
2,2018-03-17T13:00:00+00:00,0.06264149063014063,0.063
2,2018-03-17T14:00:00+00:00,0.06456419483182374,0.0671
2,2018-03-17T15:00:00+00:00,0.06317922227543774,0.0761
2,2018-03-17T16:00:00+00:00,0.066294272694706,0.0684
2,2018-03-17T17:00:00+00:00,0.06440194272280364,0.0714
2,2018-03-17T18:00:00+00:00,0.06439295494184183,0.0723
2,2018-03-17T19:00:00+00:00,0.05724919384599175,0.0639
2,2018-03-17T20:00:00+00:00,0.05304963804833386,0.0559
2,2018-03-17T21:00:00+00:00,0.042668475325825315,0.0456
2,2018-03-17T22:00:00+00:00,0.038185147524056176,0.0375
2,2018-03-17T23:00:00+00:00,0.031337859443026965,0.0306
2,2018-03-18T00:00:00+00:00,0.02441751979371897,0.0205
2,2018-03-18T01:00:00+00:00,0.015289016771507177,0.0146
2,2018-03-18T02:00:00+00:00,0.01079027209516701,0.0086
2,2018-03-18T03:00:00+00:00,0.009221370648254582,0.0062
2,2018-03-18T04:00:00+00:00,0.0012728804484073257,0.006
2,2018-03-18T05:00:00+00:00,0.007319242470335066,0.005
2,2018-03-18T06:00:00+00:00,0.010631606325889283,0.0089
2,2018-03-18T07:00:00+00:00,0.01508136414959237,0.0149
2,2018-03-18T08:00:00+00:00,0.02459214655026597,0.0264
2,2018-03-18T09:00:00+00:00,0.033191833647151725,0.0324
2,2018-03-18T10:00:00+00:00,0.032778832266301634,0.0378
2,2018-03-18T11:00:00+00:00,0.04023054339520171,0.0466
2,2018-03-18T12:00:00+00:00,0.04698832284864511,0.055
2,2018-03-18T13:00:00+00:00,0.05238368170271962,0.0576
2,2018-03-18T14:00:00+00:00,0.051192200217023434,0.0598
2,2018-03-18T15:00:00+00:00,0.055793992110131196,0.0595
2,2018-03-18T16:00:00+00:00,0.05479768938441536,0.0582
2,2018-03-18T17:00:00+00:00,0.05276773127508455,0.0623
2,2018-03-18T18:00:00+00:00,0.05022284203567371,0.0549
2,2018-03-18T19:00:00+00:00,0.04703019759480416,0.0501
2,2018-03-18T20:00:00+00:00,0.04224333845638863,0.0452
2,2018-03-18T21:00:00+00:00,0.03613507708777177,0.0383
2,2018-03-18T22:00:00+00:00,0.030397225921387227,0.032
2,2018-03-18T23:00:00+00:00,0.018883673814319053,0.0266
2,2018-03-19T00:00:00+00:00,0.01729774299762237,0.023
2,2018-03-19T01:00:00+00:00,0.010122289686914383,0.0155
2,2018-03-19T02:00:00+00:00,0.00423894424712597,0.0093
2,2018-03-19T03:00:00+00:00,0.005708568624757694,0.0065
2,2018-03-19T04:00:00+00:00,-0.0002925223851862474,0.0046
2,2018-03-19T05:00:00+00:00,0.0026948547569984257,0.0041
2,2018-03-19T06:00:00+00:00,0.010927129493303142,0.0055
2,2018-03-19T07:00:00+00:00,0.018250410182535697,0.0084
2,2018-03-19T08:00:00+00:00,0.025079238117587565,0.0144
2,2018-03-19T09:00:00+00:00,0.02708620563778367,0.0221
2,2018-03-19T10:00:00+00:00,0.03158884839597836,0.0308
2,2018-03-19T11:00:00+00:00,0.0390625955669763,0.0345
2,2018-03-19T12:00:00+00:00,0.044655709622540896,0.0409
2,2018-03-19T13:00:00+00:00,0.05061476818763589,0.0452
2,2018-03-19T14:00:00+00:00,0.05075349081663396,0.0475
2,2018-03-19T15:00:00+00:00,0.05081708829623545,0.0459
2,2018-03-19T16:00:00+00:00,0.051919147314226075,0.0456
2,2018-03-19T17:00:00+00:00,0.05373202221111394,0.0468
2,2018-03-19T18:00:00+00:00,0.04760463857089463,0.0487
2,2018-03-19T19:00:00+00:00,0.04410771711877879,0.0434
2,2018-03-19T20:00:00+00:00,0.04040725783175599,0.0415
2,2018-03-19T21:00:00+00:00,0.027338378375271456,0.0334
2,2018-03-19T22:00:00+00:00,0.022422178113363313,0.0254
2,2018-03-19T23:00:00+00:00,0.01957756893709927,0.0162
2,2018-03-20T00:00:00+00:00,0.009355308009722202,0.0119
2,2018-03-20T01:00:00+00:00,0.009367023664710535,0.0067
2,2018-03-20T02:00:00+00:00,0.0063268247719464425,0.0044
2,2018-03-20T03:00:00+00:00,0.00779654731962353,0.0037
2,2018-03-20T04:00:00+00:00,0.010821893293396355,0.005
2,2018-03-20T05:00:00+00:00,0.01494296527287157,0.0096
2,2018-03-20T06:00:00+00:00,0.019061478564994197,0.0185
2,2018-03-20T07:00:00+00:00,0.03123949410193353,0.0281
2,2018-03-20T08:00:00+00:00,0.040145186629481314,0.0449
2,2018-03-20T09:00:00+00:00,0.04382554298881018,0.0494
3,2018-03-17T10:00:00+00:00,0.05261248892504837,0.0443
3,2018-03-17T11:00:00+00:00,0.056713774418571644,0.0504
3,2018-03-17T12:00:00+00:00,0.05782048920318181,0.0566
3,2018-03-17T13:00:00+00:00,0.06487287069659214,0.063
3,2018-03-17T14:00:00+00:00,0.06406331872802587,0.0671
3,2018-03-17T15:00:00+00:00,0.06711872144547529,0.0761
3,2018-03-17T16:00:00+00:00,0.0656734954572033,0.0684
3,2018-03-17T17:00:00+00:00,0.059965701034495375,0.0714
3,2018-03-17T18:00:00+00:00,0.056623061119205745,0.0723
3,2018-03-17T19:00:00+00:00,0.05982101509742248,0.0639
3,2018-03-17T20:00:00+00:00,0.045131440618016966,0.0559
3,2018-03-17T21:00:00+00:00,0.04275250575157111,0.0456
3,2018-03-17T22:00:00+00:00,0.030763902528809124,0.0375
3,2018-03-17T23:00:00+00:00,0.023828375764610745,0.0306
3,2018-03-18T00:00:00+00:00,0.01716140464749205,0.0205
3,2018-03-18T01:00:00+00:00,0.013252070834798315,0.0146
3,2018-03-18T02:00:00+00:00,0.006244428773019759,0.0086
3,2018-03-18T03:00:00+00:00,0.0008424319528990837,0.0062
3,2018-03-18T04:00:00+00:00,-0.003530467080180767,0.006
3,2018-03-18T05:00:00+00:00,0.0090750763934172,0.005
3,2018-03-18T06:00:00+00:00,0.010161008370551176,0.0089
3,2018-03-18T07:00:00+00:00,0.019136696662625213,0.0149
3,2018-03-18T08:00:00+00:00,0.03220647635931299,0.0264
3,2018-03-18T09:00:00+00:00,0.03996428325620407,0.0324
3,2018-03-18T10:00:00+00:00,0.043749909235029645,0.0378
3,2018-03-18T11:00:00+00:00,0.04531753133826578,0.0466
3,2018-03-18T12:00:00+00:00,0.05086597280137843,0.055
3,2018-03-18T13:00:00+00:00,0.05693520426642745,0.0576
3,2018-03-18T14:00:00+00:00,0.05783842716806678,0.0598
3,2018-03-18T15:00:00+00:00,0.06124912190076233,0.0595
3,2018-03-18T16:00:00+00:00,0.0633642895207455,0.0582
3,2018-03-18T17:00:00+00:00,0.05577320721393064,0.0623
3,2018-03-18T18:00:00+00:00,0.05561700196196014,0.0549
3,2018-03-18T19:00:00+00:00,0.04817721222739879,0.0501
3,2018-03-18T20:00:00+00:00,0.04401474068655858,0.0452
3,2018-03-18T21:00:00+00:00,0.03635448296171356,0.0383
3,2018-03-18T22:00:00+00:00,0.028757411237769256,0.032
3,2018-03-18T23:00:00+00:00,0.02252326349576688,0.0266
3,2018-03-19T00:00:00+00:00,0.019074607242018475,0.023
3,2018-03-19T01:00:00+00:00,0.01379686236846421,0.0155
3,2018-03-19T02:00:00+00:00,0.0059755222202460025,0.0093
3,2018-03-19T03:00:00+00:00,0.004078183487305671,0.0065
3,2018-03-19T04:00:00+00:00,0.0031147593718896006,0.0046
3,2018-03-19T05:00:00+00:00,0.005498516058542371,0.0041
3,2018-03-19T06:00:00+00:00,0.010235412910040282,0.0055
3,2018-03-19T07:00:00+00:00,0.017689686903741696,0.0084
3,2018-03-19T08:00:00+00:00,0.02370016359663983,0.0144
3,2018-03-19T09:00:00+00:00,0.02942317019893058,0.0221
3,2018-03-19T10:00:00+00:00,0.03399250905932886,0.0308
3,2018-03-19T11:00:00+00:00,0.04016995367869225,0.0345
3,2018-03-19T12:00:00+00:00,0.05059465794940668,0.0409
3,2018-03-19T13:00:00+00:00,0.053908889124547194,0.0452
3,2018-03-19T14:00:00+00:00,0.05872616844467962,0.0475
3,2018-03-19T15:00:00+00:00,0.05750690483614518,0.0459
3,2018-03-19T16:00:00+00:00,0.05650682778549372,0.0456
3,2018-03-19T17:00:00+00:00,0.05238767534371404,0.0468
3,2018-03-19T18:00:00+00:00,0.04925716418666298,0.0487
3,2018-03-19T19:00:00+00:00,0.045594222566764535,0.0434
3,2018-03-19T20:00:00+00:00,0.04018941014619382,0.0415
3,2018-03-19T21:00:00+00:00,0.03420544980916606,0.0334
3,2018-03-19T22:00:00+00:00,0.024021796863034198,0.0254
3,2018-03-19T23:00:00+00:00,0.01490064667278401,0.0162
3,2018-03-20T00:00:00+00:00,0.011570934916979195,0.0119
3,2018-03-20T01:00:00+00:00,0.008322742940228077,0.0067
3,2018-03-20T02:00:00+00:00,0.002913790667957085,0.0044
3,2018-03-20T03:00:00+00:00,0.0026302087377634564,0.0037
3,2018-03-20T04:00:00+00:00,0.003689480237045576,0.005
3,2018-03-20T05:00:00+00:00,0.006886427450116223,0.0096
3,2018-03-20T06:00:00+00:00,0.017411919982192665,0.0185
3,2018-03-20T07:00:00+00:00,0.03004551397971037,0.0281
3,2018-03-20T08:00:00+00:00,0.03358268567260691,0.0449
3,2018-03-20T09:00:00+00:00,0.03912191220598257,0.0494
3,2018-03-20T10:00:00+00:00,0.04005802102845695,0.0418
3,2018-03-20T11:00:00+00:00,0.046364283023677316,0.0423
3,2018-03-20T12:00:00+00:00,0.05017259359351747,0.0492
3,2018-03-20T13:00:00+00:00,0.056335949244827724,0.0561
3,2018-03-20T14:00:00+00:00,0.05855190199308636,0.0548
3,2018-03-20T15:00:00+00:00,0.05883041667795966,0.0638
3,2018-03-20T16:00:00+00:00,0.06084533388310596,0.0674
3,2018-03-20T17:00:00+00:00,0.05727736238283837,0.0698
3,2018-03-20T18:00:00+00:00,0.05488413541989444,0.0686
3,2018-03-20T19:00:00+00:00,0.04832491219373683,0.0626
3,2018-03-20T20:00:00+00:00,0.0457568871988476,0.0504
3,2018-03-20T21:00:00+00:00,0.03465019771170766,0.0372
3,2018-03-20T22:00:00+00:00,0.027571512912312652,0.0277
3,2018-03-20T23:00:00+00:00,0.01985698490653799,0.0177
3,2018-03-21T00:00:00+00:00,0.01065218443837726,0.0112
3,2018-03-21T01:00:00+00:00,0.009083385338958933,0.0072
3,2018-03-21T02:00:00+00:00,0.004928724582898336,0.0052
3,2018-03-21T03:00:00+00:00,0.0022569536929399336,0.005
3,2018-03-21T04:00:00+00:00,0.008990069489028682,0.0063
3,2018-03-21T05:00:00+00:00,0.016519683770736725,0.0098
3,2018-03-21T06:00:00+00:00,0.02143218176869999,0.0194
3,2018-03-21T07:00:00+00:00,0.034856517727474744,0.029
3,2018-03-21T08:00:00+00:00,0.045114588789804115,0.0456
3,2018-03-21T09:00:00+00:00,0.04958822491049894,0.0507
4,2018-03-18T10:00:00+00:00,0.04013115144608068,0.0378
4,2018-03-18T11:00:00+00:00,0.04242323819760634,0.0466
4,2018-03-18T12:00:00+00:00,0.05171010986805431,0.055
4,2018-03-18T13:00:00+00:00,0.059084438980876605,0.0576
4,2018-03-18T14:00:00+00:00,0.06011647351438089,0.0598
4,2018-03-18T15:00:00+00:00,0.058997004978770765,0.0595
4,2018-03-18T16:00:00+00:00,0.060348722954470524,0.0582
4,2018-03-18T17:00:00+00:00,0.05438008027760623,0.0623
4,2018-03-18T18:00:00+00:00,0.05235591420095194,0.0549
4,2018-03-18T19:00:00+00:00,0.050538335496784034,0.0501
4,2018-03-18T20:00:00+00:00,0.04401193657409257,0.0452
4,2018-03-18T21:00:00+00:00,0.035036547491784455,0.0383
4,2018-03-18T22:00:00+00:00,0.029665397475333147,0.032
4,2018-03-18T23:00:00+00:00,0.02194311299161248,0.0266
4,2018-03-19T00:00:00+00:00,0.013648622466876675,0.023
4,2018-03-19T01:00:00+00:00,0.01438112765962646,0.0155
4,2018-03-19T02:00:00+00:00,0.008506561128362906,0.0093
4,2018-03-19T03:00:00+00:00,0.005182690490257304,0.0065
4,2018-03-19T04:00:00+00:00,0.007442974324533478,0.0046
4,2018-03-19T05:00:00+00:00,0.003956836956337188,0.0041
4,2018-03-19T06:00:00+00:00,0.006117448952426826,0.0055
4,2018-03-19T07:00:00+00:00,0.01544917597870907,0.0084
4,2018-03-19T08:00:00+00:00,0.022215918148421845,0.0144
4,2018-03-19T09:00:00+00:00,0.034770530689175856,0.0221
4,2018-03-19T10:00:00+00:00,0.03549336769900047,0.0308
4,2018-03-19T11:00:00+00:00,0.04133034345778676,0.0345
4,2018-03-19T12:00:00+00:00,0.05296673657810976,0.0409
4,2018-03-19T13:00:00+00:00,0.05062045369536958,0.0452
4,2018-03-19T14:00:00+00:00,0.0550319502660728,0.0475
4,2018-03-19T15:00:00+00:00,0.05672527075750118,0.0459
4,2018-03-19T16:00:00+00:00,0.056126888822687904,0.0456
4,2018-03-19T17:00:00+00:00,0.04847288369424289,0.0468
4,2018-03-19T18:00:00+00:00,0.04870090346748435,0.0487
4,2018-03-19T19:00:00+00:00,0.04488888123443965,0.0434
4,2018-03-19T20:00:00+00:00,0.04252718461021499,0.0415
4,2018-03-19T21:00:00+00:00,0.029964809847522953,0.0334
4,2018-03-19T22:00:00+00:00,0.022992528844957272,0.0254
4,2018-03-19T23:00:00+00:00,0.021517097813578433,0.0162
4,2018-03-20T00:00:00+00:00,0.014336903098551762,0.0119
4,2018-03-20T01:00:00+00:00,0.009599335766531252,0.0067
4,2018-03-20T02:00:00+00:00,0.008787108142047698,0.0044
4,2018-03-20T03:00:00+00:00,0.012262133496598427,0.0037
4,2018-03-20T04:00:00+00:00,0.0056205957317645334,0.005
4,2018-03-20T05:00:00+00:00,0.009272368942459454,0.0096
4,2018-03-20T06:00:00+00:00,0.018263349830004535,0.0185
4,2018-03-20T07:00:00+00:00,0.025719981993519075,0.0281
4,2018-03-20T08:00:00+00:00,0.03177115225894532,0.0449
4,2018-03-20T09:00:00+00:00,0.04007935943661541,0.0494
4,2018-03-20T10:00:00+00:00,0.044614959654454805,0.0418
4,2018-03-20T11:00:00+00:00,0.04950448377307831,0.0423
4,2018-03-20T12:00:00+00:00,0.05254992118656103,0.0492
4,2018-03-20T13:00:00+00:00,0.057395517342970305,0.0561
4,2018-03-20T14:00:00+00:00,0.06502310010814158,0.0548
4,2018-03-20T15:00:00+00:00,0.06366706473917015,0.0638
4,2018-03-20T16:00:00+00:00,0.058391926593628976,0.0674
4,2018-03-20T17:00:00+00:00,0.060228408253340554,0.0698
4,2018-03-20T18:00:00+00:00,0.059190865753673993,0.0686
4,2018-03-20T19:00:00+00:00,0.05332895480336503,0.0626
4,2018-03-20T20:00:00+00:00,0.04401948104651508,0.0504
4,2018-03-20T21:00:00+00:00,0.035607851726053075,0.0372
4,2018-03-20T22:00:00+00:00,0.02724052424946745,0.0277
4,2018-03-20T23:00:00+00:00,0.017204836537668536,0.0177
4,2018-03-21T00:00:00+00:00,0.012280246914330436,0.0112
4,2018-03-21T01:00:00+00:00,0.011383277653453285,0.0072
4,2018-03-21T02:00:00+00:00,0.005490415985437577,0.0052
4,2018-03-21T03:00:00+00:00,0.004482441467945179,0.005
4,2018-03-21T04:00:00+00:00,0.004071052582308315,0.0063
4,2018-03-21T05:00:00+00:00,0.009455873821938868,0.0098
4,2018-03-21T06:00:00+00:00,0.020390107781513872,0.0194
4,2018-03-21T07:00:00+00:00,0.031215062815164982,0.029
4,2018-03-21T08:00:00+00:00,0.0362607577218069,0.0456
4,2018-03-21T09:00:00+00:00,0.043180085384157886,0.0507
4,2018-03-21T10:00:00+00:00,0.048720961487604325,0.0427
4,2018-03-21T11:00:00+00:00,0.04648278471205458,0.0429
4,2018-03-21T12:00:00+00:00,0.055185417200394916,0.0489
4,2018-03-21T13:00:00+00:00,0.05441468626295955,0.0516
4,2018-03-21T14:00:00+00:00,0.06750212769073441,0.0555
4,2018-03-21T15:00:00+00:00,0.06226658549306521,0.0685
4,2018-03-21T16:00:00+00:00,0.06582822398104458,0.0709
4,2018-03-21T17:00:00+00:00,0.06618435148603849,0.0699
4,2018-03-21T18:00:00+00:00,0.058980224167186485,0.073
4,2018-03-21T19:00:00+00:00,0.060526983047058204,0.061
4,2018-03-21T20:00:00+00:00,0.05298831310084634,0.0561
4,2018-03-21T21:00:00+00:00,0.03839339125496754,0.042
4,2018-03-21T22:00:00+00:00,0.026289911324971497,0.0298
4,2018-03-21T23:00:00+00:00,0.023785851425172793,0.0191
4,2018-03-22T00:00:00+00:00,0.01391276672808805,0.0126
4,2018-03-22T01:00:00+00:00,0.01118810515964604,0.0092
4,2018-03-22T02:00:00+00:00,0.006909900534580279,0.0052
4,2018-03-22T03:00:00+00:00,0.005656492548778171,0.0044
4,2018-03-22T04:00:00+00:00,0.0055200549842403,0.0058
4,2018-03-22T05:00:00+00:00,0.010427343703626121,0.0107
4,2018-03-22T06:00:00+00:00,0.02063895840289202,0.0201
4,2018-03-22T07:00:00+00:00,0.03324357396068885,0.0316
4,2018-03-22T08:00:00+00:00,0.04353345890607065,0.047
4,2018-03-22T09:00:00+00:00,0.04840740009653577,0.0502
5,2018-03-19T10:00:00+00:00,0.0318994902725595,0.0308
5,2018-03-19T11:00:00+00:00,0.03675081841081969,0.0345
5,2018-03-19T12:00:00+00:00,0.04387170797482412,0.0409
5,2018-03-19T13:00:00+00:00,0.04880732188538426,0.0452
5,2018-03-19T14:00:00+00:00,0.050923893128143716,0.0475
5,2018-03-19T15:00:00+00:00,0.05153893472852786,0.0459
5,2018-03-19T16:00:00+00:00,0.05220322218337089,0.0456
5,2018-03-19T17:00:00+00:00,0.04718450628504718,0.0468
5,2018-03-19T18:00:00+00:00,0.04229457068772288,0.0487
5,2018-03-19T19:00:00+00:00,0.041605771008041983,0.0434
5,2018-03-19T20:00:00+00:00,0.031368438367795945,0.0415
5,2018-03-19T21:00:00+00:00,0.026721160324094332,0.0334
5,2018-03-19T22:00:00+00:00,0.020544477044763608,0.0254
5,2018-03-19T23:00:00+00:00,0.015615219122459749,0.0162
5,2018-03-20T00:00:00+00:00,0.010520170792053914,0.0119
5,2018-03-20T01:00:00+00:00,0.008421840379213008,0.0067
5,2018-03-20T02:00:00+00:00,0.007375803037535829,0.0044
5,2018-03-20T03:00:00+00:00,0.002167888397101546,0.0037
5,2018-03-20T04:00:00+00:00,0.007090180423633238,0.005
5,2018-03-20T05:00:00+00:00,0.007808484379395027,0.0096
5,2018-03-20T06:00:00+00:00,0.01582120703105209,0.0185
5,2018-03-20T07:00:00+00:00,0.02247759928142053,0.0281
5,2018-03-20T08:00:00+00:00,0.0339593975562619,0.0449
5,2018-03-20T09:00:00+00:00,0.03968321823887565,0.0494
5,2018-03-20T10:00:00+00:00,0.0444264334815912,0.0418
5,2018-03-20T11:00:00+00:00,0.04739310718782572,0.0423
5,2018-03-20T12:00:00+00:00,0.04800213743947454,0.0492
5,2018-03-20T13:00:00+00:00,0.05632433384860913,0.0561
5,2018-03-20T14:00:00+00:00,0.06054991932935931,0.0548
5,2018-03-20T15:00:00+00:00,0.06052861225206639,0.0638
5,2018-03-20T16:00:00+00:00,0.06433818650015008,0.0674
5,2018-03-20T17:00:00+00:00,0.06023377000879697,0.0698
5,2018-03-20T18:00:00+00:00,0.055659856319848475,0.0686
5,2018-03-20T19:00:00+00:00,0.050129016536997306,0.0626
5,2018-03-20T20:00:00+00:00,0.04430723102618797,0.0504
5,2018-03-20T21:00:00+00:00,0.03601327625925293,0.0372
5,2018-03-20T22:00:00+00:00,0.029158379477526853,0.0277
5,2018-03-20T23:00:00+00:00,0.020684778749384992,0.0177
5,2018-03-21T00:00:00+00:00,0.010224378179196393,0.0112
5,2018-03-21T01:00:00+00:00,0.0062382127292962275,0.0072
5,2018-03-21T02:00:00+00:00,0.00586586210212468,0.0052
5,2018-03-21T03:00:00+00:00,0.005820883511552605,0.005
5,2018-03-21T04:00:00+00:00,0.00972482006047564,0.0063
5,2018-03-21T05:00:00+00:00,0.011984191122202364,0.0098
5,2018-03-21T06:00:00+00:00,0.02028999313376101,0.0194
5,2018-03-21T07:00:00+00:00,0.029359963310786177,0.029
5,2018-03-21T08:00:00+00:00,0.0362937355465142,0.0456
5,2018-03-21T09:00:00+00:00,0.0468185471544462,0.0507
5,2018-03-21T10:00:00+00:00,0.04771253998309686,0.0427
5,2018-03-21T11:00:00+00:00,0.049495226546672835,0.0429
5,2018-03-21T12:00:00+00:00,0.053018580805684265,0.0489
5,2018-03-21T13:00:00+00:00,0.0595618921295953,0.0516
5,2018-03-21T14:00:00+00:00,0.06077653130237575,0.0555
5,2018-03-21T15:00:00+00:00,0.06283801870606366,0.0685
5,2018-03-21T16:00:00+00:00,0.06944704756481118,0.0709
5,2018-03-21T17:00:00+00:00,0.0644378311849198,0.0699
5,2018-03-21T18:00:00+00:00,0.0631031154255875,0.073
5,2018-03-21T19:00:00+00:00,0.05640763635391216,0.061
5,2018-03-21T20:00:00+00:00,0.04988627543439986,0.0561
5,2018-03-21T21:00:00+00:00,0.04143050927928667,0.042
5,2018-03-21T22:00:00+00:00,0.033637811286165845,0.0298
5,2018-03-21T23:00:00+00:00,0.02415157087465238,0.0191
5,2018-03-22T00:00:00+00:00,0.01489726398366766,0.0126
5,2018-03-22T01:00:00+00:00,0.007008024628009042,0.0092
5,2018-03-22T02:00:00+00:00,0.0038627336573196502,0.0052
5,2018-03-22T03:00:00+00:00,0.004868627805340066,0.0044
5,2018-03-22T04:00:00+00:00,0.009510293446660927,0.0058
5,2018-03-22T05:00:00+00:00,0.017125337599442302,0.0107
5,2018-03-22T06:00:00+00:00,0.020263900788937646,0.0201
5,2018-03-22T07:00:00+00:00,0.03283065612881354,0.0316
5,2018-03-22T08:00:00+00:00,0.043634305651715014,0.047
5,2018-03-22T09:00:00+00:00,0.05019711104016626,0.0502
5,2018-03-22T10:00:00+00:00,0.051851785953310796,0.0417
5,2018-03-22T11:00:00+00:00,0.053237410191700085,0.045
5,2018-03-22T12:00:00+00:00,0.05599702656246511,0.0529
5,2018-03-22T13:00:00+00:00,0.05886724297731771,0.0548
5,2018-03-22T14:00:00+00:00,0.05740364665821627,0.0597
5,2018-03-22T15:00:00+00:00,0.06320657620978025,0.0665
5,2018-03-22T16:00:00+00:00,0.06339221367684089,0.0732
5,2018-03-22T17:00:00+00:00,0.06617162279973096,0.0733
5,2018-03-22T18:00:00+00:00,0.06316954939288273,0.069
5,2018-03-22T19:00:00+00:00,0.0609218563891057,0.0684
5,2018-03-22T20:00:00+00:00,0.053286186083175854,0.0585
5,2018-03-22T21:00:00+00:00,0.03967019921988077,0.0495
5,2018-03-22T22:00:00+00:00,0.03574261413364664,0.034
5,2018-03-22T23:00:00+00:00,0.0227420244760596,0.0189
5,2018-03-23T00:00:00+00:00,0.016631243583672073,0.0125
5,2018-03-23T01:00:00+00:00,0.010310826303399842,0.0086
5,2018-03-23T02:00:00+00:00,0.007043583071674825,0.0051
5,2018-03-23T03:00:00+00:00,0.007292728203189068,0.0048
5,2018-03-23T04:00:00+00:00,0.008733663951606178,0.0058
5,2018-03-23T05:00:00+00:00,0.01250357959008682,0.0111
5,2018-03-23T06:00:00+00:00,0.023359833636233285,0.0196
5,2018-03-23T07:00:00+00:00,0.03704851228503451,0.0314
5,2018-03-23T08:00:00+00:00,0.051817986215564105,0.0407
5,2018-03-23T09:00:00+00:00,0.054035885654935084,0.0521
6,2018-03-20T10:00:00+00:00,0.05058781319964793,0.0418
6,2018-03-20T11:00:00+00:00,0.05278058528485424,0.0423
6,2018-03-20T12:00:00+00:00,0.05267855736557894,0.0492
6,2018-03-20T13:00:00+00:00,0.062447274772094594,0.0561
6,2018-03-20T14:00:00+00:00,0.0645244129874829,0.0548
6,2018-03-20T15:00:00+00:00,0.06815598196735198,0.0638
6,2018-03-20T16:00:00+00:00,0.063775580236337,0.0674
6,2018-03-20T17:00:00+00:00,0.062040445571756274,0.0698
6,2018-03-20T18:00:00+00:00,0.06146368820034007,0.0686
6,2018-03-20T19:00:00+00:00,0.05900687837886523,0.0626
6,2018-03-20T20:00:00+00:00,0.04201116943218722,0.0504
6,2018-03-20T21:00:00+00:00,0.03635367619192585,0.0372
6,2018-03-20T22:00:00+00:00,0.02736530255457496,0.0277
6,2018-03-20T23:00:00+00:00,0.016040539799640947,0.0177
6,2018-03-21T00:00:00+00:00,0.011079347370452328,0.0112
6,2018-03-21T01:00:00+00:00,0.008010106854055184,0.0072
6,2018-03-21T02:00:00+00:00,0.006685960040032381,0.0052
6,2018-03-21T03:00:00+00:00,0.001325988354225361,0.005
6,2018-03-21T04:00:00+00:00,0.007451059776567685,0.0063
6,2018-03-21T05:00:00+00:00,0.012138597982490746,0.0098
6,2018-03-21T06:00:00+00:00,0.022268325809395022,0.0194
6,2018-03-21T07:00:00+00:00,0.03528476000786773,0.029
6,2018-03-21T08:00:00+00:00,0.04289847103232029,0.0456
6,2018-03-21T09:00:00+00:00,0.04975601213909812,0.0507
6,2018-03-21T10:00:00+00:00,0.052010723256756555,0.0427
6,2018-03-21T11:00:00+00:00,0.048317018904344616,0.0429
6,2018-03-21T12:00:00+00:00,0.056306970282925764,0.0489
6,2018-03-21T13:00:00+00:00,0.06177516922193665,0.0516
6,2018-03-21T14:00:00+00:00,0.06169710941480098,0.0555
6,2018-03-21T15:00:00+00:00,0.06464808217995023,0.0685
6,2018-03-21T16:00:00+00:00,0.06837832249903288,0.0709
6,2018-03-21T17:00:00+00:00,0.06458429671515548,0.0699
6,2018-03-21T18:00:00+00:00,0.062398613760459146,0.073
6,2018-03-21T19:00:00+00:00,0.05830041540155395,0.061
6,2018-03-21T20:00:00+00:00,0.05046161456196918,0.0561
6,2018-03-21T21:00:00+00:00,0.04208214428626167,0.042
6,2018-03-21T22:00:00+00:00,0.030864281922375815,0.0298
6,2018-03-21T23:00:00+00:00,0.01964984924390463,0.0191
6,2018-03-22T00:00:00+00:00,0.014441796747661962,0.0126
6,2018-03-22T01:00:00+00:00,0.008638309506691328,0.0092
6,2018-03-22T02:00:00+00:00,0.00694114367369875,0.0052
6,2018-03-22T03:00:00+00:00,0.006836880819348128,0.0044
6,2018-03-22T04:00:00+00:00,0.007018756493819361,0.0058
6,2018-03-22T05:00:00+00:00,0.009865067458263418,0.0107
6,2018-03-22T06:00:00+00:00,0.019282536619912232,0.0201
6,2018-03-22T07:00:00+00:00,0.03087715420848374,0.0316
6,2018-03-22T08:00:00+00:00,0.04245295239048637,0.047
6,2018-03-22T09:00:00+00:00,0.0450488587226214,0.0502
6,2018-03-22T10:00:00+00:00,0.04902679459850587,0.0417
6,2018-03-22T11:00:00+00:00,0.048194634277364506,0.045
6,2018-03-22T12:00:00+00:00,0.05459729507968445,0.0529
6,2018-03-22T13:00:00+00:00,0.05868407855991052,0.0548
6,2018-03-22T14:00:00+00:00,0.060733173561914384,0.0597
6,2018-03-22T15:00:00+00:00,0.06253289367272336,0.0665
6,2018-03-22T16:00:00+00:00,0.06556157742803859,0.0732
6,2018-03-22T17:00:00+00:00,0.06324282184376359,0.0733
6,2018-03-22T18:00:00+00:00,0.05925823964693548,0.069
6,2018-03-22T19:00:00+00:00,0.05822774241456712,0.0684
6,2018-03-22T20:00:00+00:00,0.05002397667718125,0.0585
6,2018-03-22T21:00:00+00:00,0.043491053623921756,0.0495
6,2018-03-22T22:00:00+00:00,0.030815908110341173,0.034
6,2018-03-22T23:00:00+00:00,0.02075407687997185,0.0189
6,2018-03-23T00:00:00+00:00,0.009926233662698857,0.0125
6,2018-03-23T01:00:00+00:00,0.0080280281091452,0.0086
6,2018-03-23T02:00:00+00:00,0.004866273812975681,0.0051
6,2018-03-23T03:00:00+00:00,0.006680249467606262,0.0048
6,2018-03-23T04:00:00+00:00,0.00781884654099194,0.0058
6,2018-03-23T05:00:00+00:00,0.012371484483513065,0.0111
6,2018-03-23T06:00:00+00:00,0.026095073549244455,0.0196
6,2018-03-23T07:00:00+00:00,0.04010937545016682,0.0314
6,2018-03-23T08:00:00+00:00,0.04714159344287651,0.0407
6,2018-03-23T09:00:00+00:00,0.051691833529821485,0.0521
6,2018-03-23T10:00:00+00:00,0.049413436277813305,0.0467
6,2018-03-23T11:00:00+00:00,0.047657514628307654,0.0453
6,2018-03-23T12:00:00+00:00,0.055446069114460546,0.0504
6,2018-03-23T13:00:00+00:00,0.05840606934633463,0.0565
6,2018-03-23T14:00:00+00:00,0.06152202836070362,0.0601
6,2018-03-23T15:00:00+00:00,0.0613744850486933,0.0665
6,2018-03-23T16:00:00+00:00,0.06623471480803506,0.0728
6,2018-03-23T17:00:00+00:00,0.06304915114277798,0.0771
6,2018-03-23T18:00:00+00:00,0.05984482237778565,0.0781
6,2018-03-23T19:00:00+00:00,0.05711533585605017,0.0652
6,2018-03-23T20:00:00+00:00,0.052786866079033226,0.0575
6,2018-03-23T21:00:00+00:00,0.04143301365980566,0.0467
6,2018-03-23T22:00:00+00:00,0.029662461773231865,0.0308
6,2018-03-23T23:00:00+00:00,0.022759288827335418,0.021
6,2018-03-24T00:00:00+00:00,0.010690130293997343,0.0146
6,2018-03-24T01:00:00+00:00,0.007397243793188395,0.0102
6,2018-03-24T02:00:00+00:00,0.0034764512386037637,0.0064
6,2018-03-24T03:00:00+00:00,0.0004756122678578889,0.0046
6,2018-03-24T04:00:00+00:00,0.003461548190227627,0.0062
6,2018-03-24T05:00:00+00:00,0.00805105002914545,0.0108
6,2018-03-24T06:00:00+00:00,0.02206028781783405,0.0181
6,2018-03-24T07:00:00+00:00,0.03465449682864111,0.0327
6,2018-03-24T08:00:00+00:00,0.04634408923647332,0.0451
6,2018-03-24T09:00:00+00:00,0.04968902465984498,0.0498
7,2018-03-21T10:00:00+00:00,0.05411120923314675,0.0427
7,2018-03-21T11:00:00+00:00,0.05357570834547624,0.0429
7,2018-03-21T12:00:00+00:00,0.0548954458623551,0.0489
7,2018-03-21T13:00:00+00:00,0.06348457915718303,0.0516
7,2018-03-21T14:00:00+00:00,0.061102322174627535,0.0555
7,2018-03-21T15:00:00+00:00,0.06132204971212223,0.0685
7,2018-03-21T16:00:00+00:00,0.06522997572459094,0.0709
7,2018-03-21T17:00:00+00:00,0.06707922366764871,0.0699
7,2018-03-21T18:00:00+00:00,0.06530299335109874,0.073
7,2018-03-21T19:00:00+00:00,0.06504265474568852,0.061
7,2018-03-21T20:00:00+00:00,0.053745899695824675,0.0561
7,2018-03-21T21:00:00+00:00,0.04156236836000667,0.042
7,2018-03-21T22:00:00+00:00,0.034601254200101246,0.0298
7,2018-03-21T23:00:00+00:00,0.021259276643214524,0.0191
7,2018-03-22T00:00:00+00:00,0.016776063199104612,0.0126
7,2018-03-22T01:00:00+00:00,0.008910125652511751,0.0092
7,2018-03-22T02:00:00+00:00,0.00511389835314895,0.0052
7,2018-03-22T03:00:00+00:00,0.004371342218733296,0.0044
7,2018-03-22T04:00:00+00:00,0.007547295663166444,0.0058
7,2018-03-22T05:00:00+00:00,0.014386307696062736,0.0107
7,2018-03-22T06:00:00+00:00,0.022954872799843453,0.0201
7,2018-03-22T07:00:00+00:00,0.03174196364133477,0.0316
7,2018-03-22T08:00:00+00:00,0.04736253870667859,0.047
7,2018-03-22T09:00:00+00:00,0.050249740628103695,0.0502
7,2018-03-22T10:00:00+00:00,0.050783929796870186,0.0417
7,2018-03-22T11:00:00+00:00,0.048179062837190145,0.045
7,2018-03-22T12:00:00+00:00,0.05217701704743157,0.0529
7,2018-03-22T13:00:00+00:00,0.057515748495125495,0.0548
7,2018-03-22T14:00:00+00:00,0.05812752124187141,0.0597
7,2018-03-22T15:00:00+00:00,0.061824147719676245,0.0665
7,2018-03-22T16:00:00+00:00,0.06177928609766887,0.0732
7,2018-03-22T17:00:00+00:00,0.06607175253272934,0.0733
7,2018-03-22T18:00:00+00:00,0.06218820193365227,0.069
7,2018-03-22T19:00:00+00:00,0.06067759051771854,0.0684
7,2018-03-22T20:00:00+00:00,0.05090459958114296,0.0585
7,2018-03-22T21:00:00+00:00,0.04091719377750643,0.0495
7,2018-03-22T22:00:00+00:00,0.031744969315702434,0.034
7,2018-03-22T23:00:00+00:00,0.020367739632241262,0.0189
7,2018-03-23T00:00:00+00:00,0.012726093485890374,0.0125
7,2018-03-23T01:00:00+00:00,0.007090616967026456,0.0086
7,2018-03-23T02:00:00+00:00,0.0059437401902402084,0.0051
7,2018-03-23T03:00:00+00:00,0.0062589934480480405,0.0048
7,2018-03-23T04:00:00+00:00,0.010269450762365098,0.0058
7,2018-03-23T05:00:00+00:00,0.012295160406328422,0.0111
7,2018-03-23T06:00:00+00:00,0.023783332945764308,0.0196
7,2018-03-23T07:00:00+00:00,0.03606209340303499,0.0314
7,2018-03-23T08:00:00+00:00,0.03941851524389545,0.0407
7,2018-03-23T09:00:00+00:00,0.048466229018401766,0.0521
7,2018-03-23T10:00:00+00:00,0.050308751268989836,0.0467
7,2018-03-23T11:00:00+00:00,0.05137720062315138,0.0453
7,2018-03-23T12:00:00+00:00,0.05574279747583559,0.0504
7,2018-03-23T13:00:00+00:00,0.05928079787012571,0.0565
7,2018-03-23T14:00:00+00:00,0.061791056059490805,0.0601
7,2018-03-23T15:00:00+00:00,0.0592458430678027,0.0665
7,2018-03-23T16:00:00+00:00,0.06037200596501696,0.0728
7,2018-03-23T17:00:00+00:00,0.06256804272641274,0.0771
7,2018-03-23T18:00:00+00:00,0.062068891908944025,0.0781
7,2018-03-23T19:00:00+00:00,0.05756010046838673,0.0652
7,2018-03-23T20:00:00+00:00,0.04882816735459153,0.0575
7,2018-03-23T21:00:00+00:00,0.040044496538164664,0.0467
7,2018-03-23T22:00:00+00:00,0.02993039236954399,0.0308
7,2018-03-23T23:00:00+00:00,0.020265811971735707,0.021
7,2018-03-24T00:00:00+00:00,0.00882978495836462,0.0146
7,2018-03-24T01:00:00+00:00,0.010946926422876938,0.0102
7,2018-03-24T02:00:00+00:00,0.00821443004932506,0.0064
7,2018-03-24T03:00:00+00:00,0.0037221353538378042,0.0046
7,2018-03-24T04:00:00+00:00,0.008544891309266972,0.0062
7,2018-03-24T05:00:00+00:00,0.010339182825439708,0.0108
7,2018-03-24T06:00:00+00:00,0.018323365147312393,0.0181
7,2018-03-24T07:00:00+00:00,0.033650544149922114,0.0327
7,2018-03-24T08:00:00+00:00,0.04465919048170261,0.0451
7,2018-03-24T09:00:00+00:00,0.04957786692635076,0.0498
7,2018-03-24T10:00:00+00:00,0.053193676480852214,0.0432
7,2018-03-24T11:00:00+00:00,0.05376926207789715,0.0457
7,2018-03-24T12:00:00+00:00,0.05763427942564393,0.0562
7,2018-03-24T13:00:00+00:00,0.06129092771901719,0.0553
7,2018-03-24T14:00:00+00:00,0.06448274502503643,0.0695
7,2018-03-24T15:00:00+00:00,0.06539734520831623,0.0684
7,2018-03-24T16:00:00+00:00,0.062406051707938816,0.071
7,2018-03-24T17:00:00+00:00,0.06381505294947117,0.0738
7,2018-03-24T18:00:00+00:00,0.06052082131016828,0.0785
7,2018-03-24T19:00:00+00:00,0.05770797379884743,0.068
7,2018-03-24T20:00:00+00:00,0.05426841916153896,0.0549
7,2018-03-24T21:00:00+00:00,0.046009976886333584,0.0473
7,2018-03-24T22:00:00+00:00,0.0341856090163805,0.0336
7,2018-03-24T23:00:00+00:00,0.02306019672617376,0.0276
7,2018-03-25T00:00:00+00:00,0.022137284464265664,0.0202
7,2018-03-25T01:00:00+00:00,0.010903535262825656,0.0138
7,2018-03-25T02:00:00+00:00,0.01036393212049351,0.008
7,2018-03-25T03:00:00+00:00,0.00614972809883255,0.0059
7,2018-03-25T04:00:00+00:00,0.004915256488164019,0.0055
7,2018-03-25T05:00:00+00:00,0.007341671192614391,0.0053
7,2018-03-25T06:00:00+00:00,0.01166582357635966,0.0082
7,2018-03-25T07:00:00+00:00,0.02015807139130992,0.0152
7,2018-03-25T08:00:00+00:00,0.0315649677491717,0.0243
7,2018-03-25T09:00:00+00:00,0.03788785938455012,0.034
8,2018-03-22T10:00:00+00:00,0.05377447971137207,0.0417
8,2018-03-22T11:00:00+00:00,0.05296287034930188,0.045
8,2018-03-22T12:00:00+00:00,0.05122681246854985,0.0529
8,2018-03-22T13:00:00+00:00,0.05336807034463202,0.0548
8,2018-03-22T14:00:00+00:00,0.056735689314656085,0.0597
8,2018-03-22T15:00:00+00:00,0.057492638848701726,0.0665
8,2018-03-22T16:00:00+00:00,0.06160980909105479,0.0732
8,2018-03-22T17:00:00+00:00,0.06295033777030731,0.0733
8,2018-03-22T18:00:00+00:00,0.06553004604495713,0.069
8,2018-03-22T19:00:00+00:00,0.06494207431240126,0.0684
8,2018-03-22T20:00:00+00:00,0.054458495167884716,0.0585
8,2018-03-22T21:00:00+00:00,0.043649225409886104,0.0495
8,2018-03-22T22:00:00+00:00,0.03317593479943244,0.034
8,2018-03-22T23:00:00+00:00,0.02106086140482368,0.0189
8,2018-03-23T00:00:00+00:00,0.014751978582700732,0.0125
8,2018-03-23T01:00:00+00:00,0.006860149208823975,0.0086
8,2018-03-23T02:00:00+00:00,0.004801297775290338,0.0051
8,2018-03-23T03:00:00+00:00,0.006014370404793693,0.0048
8,2018-03-23T04:00:00+00:00,0.012597601428853949,0.0058
8,2018-03-23T05:00:00+00:00,0.01538705731596116,0.0111
8,2018-03-23T06:00:00+00:00,0.026188157028588604,0.0196
8,2018-03-23T07:00:00+00:00,0.034247237873263774,0.0314
8,2018-03-23T08:00:00+00:00,0.0458344321354262,0.0407
8,2018-03-23T09:00:00+00:00,0.050109963193299044,0.0521
8,2018-03-23T10:00:00+00:00,0.05413326198503957,0.0467
8,2018-03-23T11:00:00+00:00,0.05184642002040564,0.0453
8,2018-03-23T12:00:00+00:00,0.05779224756098225,0.0504
8,2018-03-23T13:00:00+00:00,0.05598575580576747,0.0565
8,2018-03-23T14:00:00+00:00,0.06613398816404194,0.0601
8,2018-03-23T15:00:00+00:00,0.06720766768402461,0.0665
8,2018-03-23T16:00:00+00:00,0.06896303582157237,0.0728
8,2018-03-23T17:00:00+00:00,0.06332753632674037,0.0771
8,2018-03-23T18:00:00+00:00,0.06493514392494337,0.0781
8,2018-03-23T19:00:00+00:00,0.06096947303855641,0.0652
8,2018-03-23T20:00:00+00:00,0.05557983937797861,0.0575
8,2018-03-23T21:00:00+00:00,0.04379966996004561,0.0467
8,2018-03-23T22:00:00+00:00,0.035323381043640245,0.0308
8,2018-03-23T23:00:00+00:00,0.02632053985694425,0.021
8,2018-03-24T00:00:00+00:00,0.01933215217858452,0.0146
8,2018-03-24T01:00:00+00:00,0.010534507796125928,0.0102
8,2018-03-24T02:00:00+00:00,0.0063093922783588816,0.0064
8,2018-03-24T03:00:00+00:00,0.008962383447511414,0.0046
8,2018-03-24T04:00:00+00:00,0.0058825322113173865,0.0062
8,2018-03-24T05:00:00+00:00,0.00953591582850117,0.0108
8,2018-03-24T06:00:00+00:00,0.017709693750114622,0.0181
8,2018-03-24T07:00:00+00:00,0.031623061962240746,0.0327
8,2018-03-24T08:00:00+00:00,0.04153625721666398,0.0451
8,2018-03-24T09:00:00+00:00,0.04428525869018338,0.0498
8,2018-03-24T10:00:00+00:00,0.05241043199571937,0.0432
8,2018-03-24T11:00:00+00:00,0.05352627868327283,0.0457
8,2018-03-24T12:00:00+00:00,0.0577295440554109,0.0562
8,2018-03-24T13:00:00+00:00,0.06067896280962927,0.0553
8,2018-03-24T14:00:00+00:00,0.0629334420788827,0.0695
8,2018-03-24T15:00:00+00:00,0.06714318876273923,0.0684
8,2018-03-24T16:00:00+00:00,0.06714853589712505,0.071
8,2018-03-24T17:00:00+00:00,0.06751234990779859,0.0738
8,2018-03-24T18:00:00+00:00,0.06033401624618511,0.0785
8,2018-03-24T19:00:00+00:00,0.055318157722798834,0.068
8,2018-03-24T20:00:00+00:00,0.05453222296067811,0.0549
8,2018-03-24T21:00:00+00:00,0.04588013342463011,0.0473
8,2018-03-24T22:00:00+00:00,0.034919514698820014,0.0336
8,2018-03-24T23:00:00+00:00,0.02773821400423971,0.0276
8,2018-03-25T00:00:00+00:00,0.020451042137544298,0.0202
8,2018-03-25T01:00:00+00:00,0.015428129991962332,0.0138
8,2018-03-25T02:00:00+00:00,0.01028933332963804,0.008
8,2018-03-25T03:00:00+00:00,0.008055302671961685,0.0059
8,2018-03-25T04:00:00+00:00,0.004522298506363324,0.0055
8,2018-03-25T05:00:00+00:00,0.004753296800555647,0.0053
8,2018-03-25T06:00:00+00:00,0.011044962789882186,0.0082
8,2018-03-25T07:00:00+00:00,0.01613655010400781,0.0152
8,2018-03-25T08:00:00+00:00,0.025077647553980217,0.0243
8,2018-03-25T09:00:00+00:00,0.03400315215435347,0.034
8,2018-03-25T10:00:00+00:00,0.03936494886307831,0.0404
8,2018-03-25T11:00:00+00:00,0.04505714886964381,0.0467
8,2018-03-25T12:00:00+00:00,0.051493055897752535,0.0506
8,2018-03-25T13:00:00+00:00,0.05378617447911671,0.0591
8,2018-03-25T14:00:00+00:00,0.05856139733406995,0.0581
8,2018-03-25T15:00:00+00:00,0.05825031108137921,0.0607
8,2018-03-25T16:00:00+00:00,0.05832561794979592,0.0582
8,2018-03-25T17:00:00+00:00,0.05614768416251031,0.0606
8,2018-03-25T18:00:00+00:00,0.050223128190912326,0.057
8,2018-03-25T19:00:00+00:00,0.051651961870332753,0.0502
8,2018-03-25T20:00:00+00:00,0.04170788978682735,0.0436
8,2018-03-25T21:00:00+00:00,0.035218188706945215,0.0377
8,2018-03-25T22:00:00+00:00,0.03001467396439521,0.0327
8,2018-03-25T23:00:00+00:00,0.024498812946178578,0.0259
8,2018-03-26T00:00:00+00:00,0.02046204762624701,0.0204
8,2018-03-26T01:00:00+00:00,0.01640199146305262,0.0132
8,2018-03-26T02:00:00+00:00,0.009664073689638474,0.0088
8,2018-03-26T03:00:00+00:00,0.007779641184577073,0.0063
8,2018-03-26T04:00:00+00:00,0.004651837014308848,0.0053
8,2018-03-26T05:00:00+00:00,0.00927556469074474,0.0036
8,2018-03-26T06:00:00+00:00,0.007421272478334729,0.0045
8,2018-03-26T07:00:00+00:00,0.012957166974159998,0.008
8,2018-03-26T08:00:00+00:00,0.022044176442410177,0.0149
8,2018-03-26T09:00:00+00:00,0.032287166914792005,0.0218
9,2018-03-23T10:00:00+00:00,0.05214652793781048,0.0467
9,2018-03-23T11:00:00+00:00,0.05307481970933213,0.0453
9,2018-03-23T12:00:00+00:00,0.05852691667217881,0.0504
9,2018-03-23T13:00:00+00:00,0.06405709432940485,0.0565
9,2018-03-23T14:00:00+00:00,0.0645942348657054,0.0601
9,2018-03-23T15:00:00+00:00,0.06343346598313784,0.0665
9,2018-03-23T16:00:00+00:00,0.0652841697670811,0.0728
9,2018-03-23T17:00:00+00:00,0.06564247790031673,0.0771
9,2018-03-23T18:00:00+00:00,0.06364461930709586,0.0781
9,2018-03-23T19:00:00+00:00,0.062462635251107644,0.0652
9,2018-03-23T20:00:00+00:00,0.054687087251603414,0.0575
9,2018-03-23T21:00:00+00:00,0.04579557350725666,0.0467
9,2018-03-23T22:00:00+00:00,0.034104627083851945,0.0308
9,2018-03-23T23:00:00+00:00,0.024746085536295596,0.021
9,2018-03-24T00:00:00+00:00,0.017461087509487702,0.0146
9,2018-03-24T01:00:00+00:00,0.01107464565189666,0.0102
9,2018-03-24T02:00:00+00:00,0.007165401654350808,0.0064
9,2018-03-24T03:00:00+00:00,0.0043702268399199995,0.0046
9,2018-03-24T04:00:00+00:00,0.004147088415529975,0.0062
9,2018-03-24T05:00:00+00:00,0.014271640905627806,0.0108
9,2018-03-24T06:00:00+00:00,0.017217987146298692,0.0181
9,2018-03-24T07:00:00+00:00,0.028300901728303195,0.0327
9,2018-03-24T08:00:00+00:00,0.03863685401183465,0.0451
9,2018-03-24T09:00:00+00:00,0.048113765135951905,0.0498
9,2018-03-24T10:00:00+00:00,0.050382650337181534,0.0432
9,2018-03-24T11:00:00+00:00,0.055042329137464666,0.0457
9,2018-03-24T12:00:00+00:00,0.05851931580419832,0.0562
9,2018-03-24T13:00:00+00:00,0.06256135045353296,0.0553
9,2018-03-24T14:00:00+00:00,0.0659709799368001,0.0695
9,2018-03-24T15:00:00+00:00,0.06623256759938323,0.0684
9,2018-03-24T16:00:00+00:00,0.06692862246316147,0.071
9,2018-03-24T17:00:00+00:00,0.06259334344470006,0.0738
9,2018-03-24T18:00:00+00:00,0.061558037968833204,0.0785
9,2018-03-24T19:00:00+00:00,0.05462484953156645,0.068
9,2018-03-24T20:00:00+00:00,0.05449730575539376,0.0549
9,2018-03-24T21:00:00+00:00,0.04386416976857471,0.0473
9,2018-03-24T22:00:00+00:00,0.03670389469567854,0.0336
9,2018-03-24T23:00:00+00:00,0.028127851958655144,0.0276
9,2018-03-25T00:00:00+00:00,0.020605486594871332,0.0202
9,2018-03-25T01:00:00+00:00,0.0149578620550746,0.0138
9,2018-03-25T02:00:00+00:00,0.01086059526723818,0.008
9,2018-03-25T03:00:00+00:00,0.0061488069713856175,0.0059
9,2018-03-25T04:00:00+00:00,0.0025307583043600902,0.0055
9,2018-03-25T05:00:00+00:00,0.0064590284921874005,0.0053
9,2018-03-25T06:00:00+00:00,0.011671406736599235,0.0082
9,2018-03-25T07:00:00+00:00,0.017960330230828665,0.0152
9,2018-03-25T08:00:00+00:00,0.026270249640300624,0.0243
9,2018-03-25T09:00:00+00:00,0.03581536753652168,0.034
9,2018-03-25T10:00:00+00:00,0.037675523320417875,0.0404
9,2018-03-25T11:00:00+00:00,0.04816070294998254,0.0467
9,2018-03-25T12:00:00+00:00,0.048252673661418846,0.0506
9,2018-03-25T13:00:00+00:00,0.05931547487210758,0.0591
9,2018-03-25T14:00:00+00:00,0.059782405027452905,0.0581
9,2018-03-25T15:00:00+00:00,0.0570698643265269,0.0607
9,2018-03-25T16:00:00+00:00,0.05560418972667784,0.0582
9,2018-03-25T17:00:00+00:00,0.05425088014300856,0.0606
9,2018-03-25T18:00:00+00:00,0.0518543509068365,0.057
9,2018-03-25T19:00:00+00:00,0.047406734025612116,0.0502
9,2018-03-25T20:00:00+00:00,0.043237636006709775,0.0436
9,2018-03-25T21:00:00+00:00,0.037970677305799436,0.0377
9,2018-03-25T22:00:00+00:00,0.030936787289231986,0.0327
9,2018-03-25T23:00:00+00:00,0.019629175050095655,0.0259
9,2018-03-26T00:00:00+00:00,0.0179882167898854,0.0204
9,2018-03-26T01:00:00+00:00,0.013316158120264442,0.0132
9,2018-03-26T02:00:00+00:00,0.00744004384424312,0.0088
9,2018-03-26T03:00:00+00:00,0.005349211951888595,0.0063
9,2018-03-26T04:00:00+00:00,0.0036944910868079196,0.0053
9,2018-03-26T05:00:00+00:00,0.0009603007577924129,0.0036
9,2018-03-26T06:00:00+00:00,0.009824287203673978,0.0045
9,2018-03-26T07:00:00+00:00,0.019875412677287603,0.008
9,2018-03-26T08:00:00+00:00,0.026416456168714485,0.0149
9,2018-03-26T09:00:00+00:00,0.028036839971704412,0.0218
9,2018-03-26T10:00:00+00:00,0.03654643829781074,0.0306
9,2018-03-26T11:00:00+00:00,0.041249166229529656,0.0359
9,2018-03-26T12:00:00+00:00,0.04687037884967449,0.0423
9,2018-03-26T13:00:00+00:00,0.049498718893818586,0.0459
9,2018-03-26T14:00:00+00:00,0.05467360035834977,0.0501
9,2018-03-26T15:00:00+00:00,0.053164918923733415,0.0467
9,2018-03-26T16:00:00+00:00,0.050478079976173686,0.0467
9,2018-03-26T17:00:00+00:00,0.055041430985985795,0.0447
9,2018-03-26T18:00:00+00:00,0.05021221669480624,0.048
9,2018-03-26T19:00:00+00:00,0.04641071536641053,0.0439
9,2018-03-26T20:00:00+00:00,0.04000221762384012,0.0396
9,2018-03-26T21:00:00+00:00,0.03125537467331458,0.0329
9,2018-03-26T22:00:00+00:00,0.02678782822851894,0.0211
9,2018-03-26T23:00:00+00:00,0.019368855243204773,0.015
9,2018-03-27T00:00:00+00:00,0.014191306477653784,0.0104
9,2018-03-27T01:00:00+00:00,0.00974636107489794,0.007
9,2018-03-27T02:00:00+00:00,0.008026971214614254,0.0045
9,2018-03-27T03:00:00+00:00,0.007183851356706298,0.0044
9,2018-03-27T04:00:00+00:00,0.012468382495736952,0.0055
9,2018-03-27T05:00:00+00:00,0.011618499348320668,0.0094
9,2018-03-27T06:00:00+00:00,0.017934847793521183,0.0174
9,2018-03-27T07:00:00+00:00,0.03014356914523494,0.0313
9,2018-03-27T08:00:00+00:00,0.0386672982138818,0.0423
9,2018-03-27T09:00:00+00:00,0.04555130136969638,0.0515
10,2018-03-24T10:00:00+00:00,0.053186645834624596,0.0432
10,2018-03-24T11:00:00+00:00,0.05061361730050831,0.0457
10,2018-03-24T12:00:00+00:00,0.05381597222097151,0.0562
10,2018-03-24T13:00:00+00:00,0.06377277716823318,0.0553
10,2018-03-24T14:00:00+00:00,0.06421743316690252,0.0695
10,2018-03-24T15:00:00+00:00,0.06420056880634345,0.0684
10,2018-03-24T16:00:00+00:00,0.05941239377157516,0.071
10,2018-03-24T17:00:00+00:00,0.05729666637346097,0.0738
10,2018-03-24T18:00:00+00:00,0.055677796373457815,0.0785
10,2018-03-24T19:00:00+00:00,0.056090252597247474,0.068
10,2018-03-24T20:00:00+00:00,0.044525806632192896,0.0549
10,2018-03-24T21:00:00+00:00,0.03980365826346778,0.0473
10,2018-03-24T22:00:00+00:00,0.029543310491575693,0.0336
10,2018-03-24T23:00:00+00:00,0.02003541836324834,0.0276
10,2018-03-25T00:00:00+00:00,0.015998632678254174,0.0202
10,2018-03-25T01:00:00+00:00,0.011274294282027676,0.0138
10,2018-03-25T02:00:00+00:00,0.007799492420984475,0.008
10,2018-03-25T03:00:00+00:00,-0.00047335160874837495,0.0059
10,2018-03-25T04:00:00+00:00,-0.0015102152729948581,0.0055
10,2018-03-25T05:00:00+00:00,0.005417619763712963,0.0053
10,2018-03-25T06:00:00+00:00,0.006809336811087984,0.0082
10,2018-03-25T07:00:00+00:00,0.019911628024767584,0.0152
10,2018-03-25T08:00:00+00:00,0.03306385071668036,0.0243
10,2018-03-25T09:00:00+00:00,0.041605527671652945,0.034
10,2018-03-25T10:00:00+00:00,0.04704177330525974,0.0404
10,2018-03-25T11:00:00+00:00,0.04919069471105347,0.0467
10,2018-03-25T12:00:00+00:00,0.055919353169337785,0.0506
10,2018-03-25T13:00:00+00:00,0.05888531253183796,0.0591
10,2018-03-25T14:00:00+00:00,0.06032913489733367,0.0581
10,2018-03-25T15:00:00+00:00,0.06029526832040716,0.0607
10,2018-03-25T16:00:00+00:00,0.05995760931628806,0.0582
10,2018-03-25T17:00:00+00:00,0.05495349360130692,0.0606
10,2018-03-25T18:00:00+00:00,0.053877652251601835,0.057
10,2018-03-25T19:00:00+00:00,0.047471248455211806,0.0502
10,2018-03-25T20:00:00+00:00,0.045710015179634605,0.0436
10,2018-03-25T21:00:00+00:00,0.03792102728317505,0.0377
10,2018-03-25T22:00:00+00:00,0.030369013521328855,0.0327
10,2018-03-25T23:00:00+00:00,0.02191144061963609,0.0259
10,2018-03-26T00:00:00+00:00,0.01526552802161035,0.0204
10,2018-03-26T01:00:00+00:00,0.011964209340521868,0.0132
10,2018-03-26T02:00:00+00:00,0.004617416925424424,0.0088
10,2018-03-26T03:00:00+00:00,0.0026557872563919387,0.0063
10,2018-03-26T04:00:00+00:00,-0.0015003815586634162,0.0053
10,2018-03-26T05:00:00+00:00,0.0020750968169880313,0.0036
10,2018-03-26T06:00:00+00:00,0.007384655051413624,0.0045
10,2018-03-26T07:00:00+00:00,0.014013402512571094,0.008
10,2018-03-26T08:00:00+00:00,0.02293327173459553,0.0149
10,2018-03-26T09:00:00+00:00,0.030643986251852634,0.0218
10,2018-03-26T10:00:00+00:00,0.03727775918384304,0.0306
10,2018-03-26T11:00:00+00:00,0.040750301567299564,0.0359
10,2018-03-26T12:00:00+00:00,0.05001043965454274,0.0423
10,2018-03-26T13:00:00+00:00,0.05501531148774563,0.0459
10,2018-03-26T14:00:00+00:00,0.05916404444404569,0.0501
10,2018-03-26T15:00:00+00:00,0.0586150107111854,0.0467
10,2018-03-26T16:00:00+00:00,0.05446177028769604,0.0467
10,2018-03-26T17:00:00+00:00,0.053172515614265156,0.0447
10,2018-03-26T18:00:00+00:00,0.04951960196006451,0.048
10,2018-03-26T19:00:00+00:00,0.04788801998354879,0.0439
10,2018-03-26T20:00:00+00:00,0.040171453382789525,0.0396
10,2018-03-26T21:00:00+00:00,0.03388572302593992,0.0329
10,2018-03-26T22:00:00+00:00,0.0249246176852324,0.0211
10,2018-03-26T23:00:00+00:00,0.020854923103435112,0.015
10,2018-03-27T00:00:00+00:00,0.010059128750706112,0.0104
10,2018-03-27T01:00:00+00:00,0.008996168564187522,0.007
10,2018-03-27T02:00:00+00:00,0.008501491794318219,0.0045
10,2018-03-27T03:00:00+00:00,0.0029963997167694566,0.0044
10,2018-03-27T04:00:00+00:00,0.007035462111326343,0.0055
10,2018-03-27T05:00:00+00:00,0.003887437000437321,0.0094
10,2018-03-27T06:00:00+00:00,0.013666147908698675,0.0174
10,2018-03-27T07:00:00+00:00,0.03099368309669405,0.0313
10,2018-03-27T08:00:00+00:00,0.03507477898046207,0.0423
10,2018-03-27T09:00:00+00:00,0.040744983675054906,0.0515
10,2018-03-27T10:00:00+00:00,0.04257196372760978,0.0444
10,2018-03-27T11:00:00+00:00,0.04570323204724476,0.0421
10,2018-03-27T12:00:00+00:00,0.048846723581889864,0.0515
10,2018-03-27T13:00:00+00:00,0.05523968225951364,0.0559
10,2018-03-27T14:00:00+00:00,0.06262462626958157,0.0587
10,2018-03-27T15:00:00+00:00,0.0601013553273947,0.0628
10,2018-03-27T16:00:00+00:00,0.0571157577783728,0.0746
10,2018-03-27T17:00:00+00:00,0.060116076656750686,0.0635
10,2018-03-27T18:00:00+00:00,0.05934271810405852,0.0693
10,2018-03-27T19:00:00+00:00,0.05239047423436913,0.0622
10,2018-03-27T20:00:00+00:00,0.05120052378363575,0.0517
10,2018-03-27T21:00:00+00:00,0.03581003293448207,0.0325
10,2018-03-27T22:00:00+00:00,0.031458259259674985,0.0276
10,2018-03-27T23:00:00+00:00,0.02168756174245709,0.0163
10,2018-03-28T00:00:00+00:00,0.01379519138896864,0.01
10,2018-03-28T01:00:00+00:00,0.005787382461390742,0.0079
10,2018-03-28T02:00:00+00:00,0.005504251695660923,0.0053
10,2018-03-28T03:00:00+00:00,0.006658501669471385,0.0051
10,2018-03-28T04:00:00+00:00,0.006633708511205826,0.0057
10,2018-03-28T05:00:00+00:00,0.01223058853680857,0.0093
10,2018-03-28T06:00:00+00:00,0.020885061307362136,0.019
10,2018-03-28T07:00:00+00:00,0.03496015657541999,0.0335
10,2018-03-28T08:00:00+00:00,0.04676485440580472,0.0442
10,2018-03-28T09:00:00+00:00,0.05023303918804545,0.0512
11,2018-03-25T10:00:00+00:00,0.04137708075427792,0.0404
11,2018-03-25T11:00:00+00:00,0.04476192230109041,0.0467
11,2018-03-25T12:00:00+00:00,0.052737031204302134,0.0506
11,2018-03-25T13:00:00+00:00,0.05709596920369649,0.0591
11,2018-03-25T14:00:00+00:00,0.059094109774707235,0.0581
11,2018-03-25T15:00:00+00:00,0.05950203346661515,0.0607
11,2018-03-25T16:00:00+00:00,0.060098961649267285,0.0582
11,2018-03-25T17:00:00+00:00,0.05583107532258669,0.0606
11,2018-03-25T18:00:00+00:00,0.05236345031847697,0.057
11,2018-03-25T19:00:00+00:00,0.051285204847022633,0.0502
11,2018-03-25T20:00:00+00:00,0.04202822595538828,0.0436
11,2018-03-25T21:00:00+00:00,0.03941474405204637,0.0377
11,2018-03-25T22:00:00+00:00,0.0314624038110051,0.0327
11,2018-03-25T23:00:00+00:00,0.022253913089064613,0.0259
11,2018-03-26T00:00:00+00:00,0.01293101301196773,0.0204
11,2018-03-26T01:00:00+00:00,0.010754623836353335,0.0132
11,2018-03-26T02:00:00+00:00,0.006184369592500141,0.0088
11,2018-03-26T03:00:00+00:00,0.004872633978680704,0.0063
11,2018-03-26T04:00:00+00:00,0.0020597279830774987,0.0053
11,2018-03-26T05:00:00+00:00,0.004268558181236257,0.0036
11,2018-03-26T06:00:00+00:00,0.00404609650354194,0.0045
11,2018-03-26T07:00:00+00:00,0.012533802387350804,0.008
11,2018-03-26T08:00:00+00:00,0.024340471451359213,0.0149
11,2018-03-26T09:00:00+00:00,0.032974898734139016,0.0218
11,2018-03-26T10:00:00+00:00,0.033937199638025405,0.0306
11,2018-03-26T11:00:00+00:00,0.041149822321069125,0.0359
11,2018-03-26T12:00:00+00:00,0.04731758100335021,0.0423
11,2018-03-26T13:00:00+00:00,0.05046479986663262,0.0459
11,2018-03-26T14:00:00+00:00,0.05568344428415285,0.0501
11,2018-03-26T15:00:00+00:00,0.05713864184256467,0.0467
11,2018-03-26T16:00:00+00:00,0.05736613316854067,0.0467
11,2018-03-26T17:00:00+00:00,0.05214210819704469,0.0447
11,2018-03-26T18:00:00+00:00,0.04432688278941809,0.048
11,2018-03-26T19:00:00+00:00,0.03999614256901153,0.0439
11,2018-03-26T20:00:00+00:00,0.04148952200889718,0.0396
11,2018-03-26T21:00:00+00:00,0.030629995453844858,0.0329
11,2018-03-26T22:00:00+00:00,0.023880961489336414,0.0211
11,2018-03-26T23:00:00+00:00,0.02070918653800438,0.015
11,2018-03-27T00:00:00+00:00,0.011965163887558715,0.0104
11,2018-03-27T01:00:00+00:00,0.009133280786696733,0.007
11,2018-03-27T02:00:00+00:00,0.008687012292814166,0.0045
11,2018-03-27T03:00:00+00:00,0.01011407055652054,0.0044
11,2018-03-27T04:00:00+00:00,0.008143024918030504,0.0055
11,2018-03-27T05:00:00+00:00,0.009134709474165448,0.0094
11,2018-03-27T06:00:00+00:00,0.016207711898913322,0.0174
11,2018-03-27T07:00:00+00:00,0.024721642761543015,0.0313
11,2018-03-27T08:00:00+00:00,0.03179421856433843,0.0423
11,2018-03-27T09:00:00+00:00,0.041108064543474765,0.0515
11,2018-03-27T10:00:00+00:00,0.044801546446741364,0.0444
11,2018-03-27T11:00:00+00:00,0.04840140754631976,0.0421
11,2018-03-27T12:00:00+00:00,0.050322908642766076,0.0515
11,2018-03-27T13:00:00+00:00,0.054915992643977535,0.0559
11,2018-03-27T14:00:00+00:00,0.06310239272695567,0.0587
11,2018-03-27T15:00:00+00:00,0.06275931974927093,0.0628
11,2018-03-27T16:00:00+00:00,0.059855604372980833,0.0746
11,2018-03-27T17:00:00+00:00,0.05874842171411192,0.0635
11,2018-03-27T18:00:00+00:00,0.05466182830780346,0.0693
11,2018-03-27T19:00:00+00:00,0.052714673498651374,0.0622
11,2018-03-27T20:00:00+00:00,0.04321054838472436,0.0517
11,2018-03-27T21:00:00+00:00,0.03681781320060811,0.0325
11,2018-03-27T22:00:00+00:00,0.026855948318561418,0.0276
11,2018-03-27T23:00:00+00:00,0.021383449740435986,0.0163
11,2018-03-28T00:00:00+00:00,0.012077424467520016,0.01
11,2018-03-28T01:00:00+00:00,0.009525931726015117,0.0079
11,2018-03-28T02:00:00+00:00,0.006503794032873794,0.0053
11,2018-03-28T03:00:00+00:00,0.006458882281481542,0.0051
11,2018-03-28T04:00:00+00:00,0.006181925784987864,0.0057
11,2018-03-28T05:00:00+00:00,0.01043094257571471,0.0093
11,2018-03-28T06:00:00+00:00,0.020714479365556607,0.019
11,2018-03-28T07:00:00+00:00,0.03357080344185011,0.0335
11,2018-03-28T08:00:00+00:00,0.042286236677488716,0.0442
11,2018-03-28T09:00:00+00:00,0.048797258411372176,0.0512
11,2018-03-28T10:00:00+00:00,0.049455693260531966,0.0423
11,2018-03-28T11:00:00+00:00,0.05012808078847979,0.0444
11,2018-03-28T12:00:00+00:00,0.054772526521936406,0.0496
11,2018-03-28T13:00:00+00:00,0.05742025619440226,0.0572
11,2018-03-28T14:00:00+00:00,0.06266919129272847,0.0559
11,2018-03-28T15:00:00+00:00,0.06797668586747704,0.0633
11,2018-03-28T16:00:00+00:00,0.06776002666608111,0.073
11,2018-03-28T17:00:00+00:00,0.06670343708888937,0.0684
11,2018-03-28T18:00:00+00:00,0.06209273260889711,0.0706
11,2018-03-28T19:00:00+00:00,0.05986275616522188,0.0649
11,2018-03-28T20:00:00+00:00,0.055635917449850025,0.0543
11,2018-03-28T21:00:00+00:00,0.03860513882100868,0.0414
11,2018-03-28T22:00:00+00:00,0.031562977455938154,0.0319
11,2018-03-28T23:00:00+00:00,0.022288700793438067,0.0197
11,2018-03-29T00:00:00+00:00,0.01506742922496148,0.0135
11,2018-03-29T01:00:00+00:00,0.008756395538919073,0.009
11,2018-03-29T02:00:00+00:00,0.004555724362447885,0.0053
11,2018-03-29T03:00:00+00:00,0.001961549582815133,0.004
11,2018-03-29T04:00:00+00:00,0.004465027772876943,0.0067
11,2018-03-29T05:00:00+00:00,0.006459830562345281,0.0091
11,2018-03-29T06:00:00+00:00,0.02065868536019944,0.0187
11,2018-03-29T07:00:00+00:00,0.03153254317533176,0.0326
11,2018-03-29T08:00:00+00:00,0.045650758069272865,0.0458
11,2018-03-29T09:00:00+00:00,0.04928690762168418,0.0532
12,2018-03-26T10:00:00+00:00,0.03215731353164778,0.0306
12,2018-03-26T11:00:00+00:00,0.0378957067220062,0.0359
12,2018-03-26T12:00:00+00:00,0.04552844759200787,0.0423
12,2018-03-26T13:00:00+00:00,0.05022370259011393,0.0459
12,2018-03-26T14:00:00+00:00,0.05208455548576843,0.0501
12,2018-03-26T15:00:00+00:00,0.05110097100273828,0.0467
12,2018-03-26T16:00:00+00:00,0.05188528282602392,0.0467
12,2018-03-26T17:00:00+00:00,0.04708755814343843,0.0447
12,2018-03-26T18:00:00+00:00,0.04680080657401414,0.048
12,2018-03-26T19:00:00+00:00,0.042037077969266076,0.0439
12,2018-03-26T20:00:00+00:00,0.03188856258883955,0.0396
12,2018-03-26T21:00:00+00:00,0.027384162691269053,0.0329
12,2018-03-26T22:00:00+00:00,0.019249820930113293,0.0211
12,2018-03-26T23:00:00+00:00,0.017044800565204445,0.015
12,2018-03-27T00:00:00+00:00,0.007868531027568425,0.0104
12,2018-03-27T01:00:00+00:00,0.00775741297983722,0.007
12,2018-03-27T02:00:00+00:00,0.00655556515509537,0.0045
12,2018-03-27T03:00:00+00:00,0.002093778367748534,0.0044
12,2018-03-27T04:00:00+00:00,0.0118801977132954,0.0055
12,2018-03-27T05:00:00+00:00,0.005614839207402286,0.0094
12,2018-03-27T06:00:00+00:00,0.020151886678451934,0.0174
12,2018-03-27T07:00:00+00:00,0.025789918751581896,0.0313
12,2018-03-27T08:00:00+00:00,0.036811883834304296,0.0423
12,2018-03-27T09:00:00+00:00,0.04198988637522455,0.0515
12,2018-03-27T10:00:00+00:00,0.04602839108037479,0.0444
12,2018-03-27T11:00:00+00:00,0.04664879443621535,0.0421
12,2018-03-27T12:00:00+00:00,0.053583900322453276,0.0515
12,2018-03-27T13:00:00+00:00,0.0592136098733331,0.0559
12,2018-03-27T14:00:00+00:00,0.06080959998659313,0.0587
12,2018-03-27T15:00:00+00:00,0.064513242489555,0.0628
12,2018-03-27T16:00:00+00:00,0.06932979493360686,0.0746
12,2018-03-27T17:00:00+00:00,0.06364905158020788,0.0635
12,2018-03-27T18:00:00+00:00,0.06118863453174697,0.0693
12,2018-03-27T19:00:00+00:00,0.05645815424151206,0.0622
12,2018-03-27T20:00:00+00:00,0.04734548636092628,0.0517
12,2018-03-27T21:00:00+00:00,0.039073492442011803,0.0325
12,2018-03-27T22:00:00+00:00,0.027324818898845978,0.0276
12,2018-03-27T23:00:00+00:00,0.02115803565084543,0.0163
12,2018-03-28T00:00:00+00:00,0.014521968255135166,0.01
12,2018-03-28T01:00:00+00:00,0.007114710402628243,0.0079
12,2018-03-28T02:00:00+00:00,0.005516896832993664,0.0053
12,2018-03-28T03:00:00+00:00,0.009134605037946972,0.0051
12,2018-03-28T04:00:00+00:00,0.009810487001764918,0.0057
12,2018-03-28T05:00:00+00:00,0.011915956674500652,0.0093
12,2018-03-28T06:00:00+00:00,0.02247399362097774,0.019
12,2018-03-28T07:00:00+00:00,0.033680904019722846,0.0335
12,2018-03-28T08:00:00+00:00,0.0403477918489573,0.0442
12,2018-03-28T09:00:00+00:00,0.050575953422678115,0.0512
12,2018-03-28T10:00:00+00:00,0.049846846584477446,0.0423
12,2018-03-28T11:00:00+00:00,0.05022770040855709,0.0444
12,2018-03-28T12:00:00+00:00,0.053935006534062996,0.0496
12,2018-03-28T13:00:00+00:00,0.06295352934114384,0.0572
12,2018-03-28T14:00:00+00:00,0.0636230010098719,0.0559
12,2018-03-28T15:00:00+00:00,0.06573887670741632,0.0633
12,2018-03-28T16:00:00+00:00,0.0704510472398285,0.073
12,2018-03-28T17:00:00+00:00,0.06784489153721249,0.0684
12,2018-03-28T18:00:00+00:00,0.06918157487490083,0.0706
12,2018-03-28T19:00:00+00:00,0.056409677037621134,0.0649
12,2018-03-28T20:00:00+00:00,0.054177198302151286,0.0543
12,2018-03-28T21:00:00+00:00,0.043826044282658856,0.0414
12,2018-03-28T22:00:00+00:00,0.03420985701758563,0.0319
12,2018-03-28T23:00:00+00:00,0.024659202435242205,0.0197
12,2018-03-29T00:00:00+00:00,0.010321455821716053,0.0135
12,2018-03-29T01:00:00+00:00,0.009214678375374812,0.009
12,2018-03-29T02:00:00+00:00,0.006979906220547293,0.0053
12,2018-03-29T03:00:00+00:00,0.0038989103633987957,0.004
12,2018-03-29T04:00:00+00:00,0.009447627538128216,0.0067
12,2018-03-29T05:00:00+00:00,0.017864507911655052,0.0091
12,2018-03-29T06:00:00+00:00,0.02374144514507795,0.0187
12,2018-03-29T07:00:00+00:00,0.036001436847345705,0.0326
12,2018-03-29T08:00:00+00:00,0.044542397369859564,0.0458
12,2018-03-29T09:00:00+00:00,0.05310131726668317,0.0532
12,2018-03-29T10:00:00+00:00,0.0523246418196923,0.0449
12,2018-03-29T11:00:00+00:00,0.046331508849596026,0.0387
12,2018-03-29T12:00:00+00:00,0.056345507247542406,0.042
12,2018-03-29T13:00:00+00:00,0.05577891987508113,0.0564
12,2018-03-29T14:00:00+00:00,0.061960606171457815,0.0606
12,2018-03-29T15:00:00+00:00,0.06545272146879952,0.0644
12,2018-03-29T16:00:00+00:00,0.06614001204512347,0.0735
12,2018-03-29T17:00:00+00:00,0.06878111628388939,0.0725
12,2018-03-29T18:00:00+00:00,0.06395156779681072,0.0745
12,2018-03-29T19:00:00+00:00,0.06323053178957366,0.0643
12,2018-03-29T20:00:00+00:00,0.05632582519780893,0.0585
12,2018-03-29T21:00:00+00:00,0.04396227297475978,0.0466
12,2018-03-29T22:00:00+00:00,0.034371340476037765,0.0325
12,2018-03-29T23:00:00+00:00,0.02339478373892646,0.0185
12,2018-03-30T00:00:00+00:00,0.013964358220013854,0.0127
12,2018-03-30T01:00:00+00:00,0.00919568142723452,0.0098
12,2018-03-30T02:00:00+00:00,0.006846833590968635,0.0051
12,2018-03-30T03:00:00+00:00,0.005310365856065268,0.0048
12,2018-03-30T04:00:00+00:00,0.002436020033134232,0.0062
12,2018-03-30T05:00:00+00:00,0.014681941565868177,0.0098
12,2018-03-30T06:00:00+00:00,0.023156257682106583,0.0175
12,2018-03-30T07:00:00+00:00,0.03867333671603392,0.0333
12,2018-03-30T08:00:00+00:00,0.05303712032318765,0.0457
12,2018-03-30T09:00:00+00:00,0.05497809041948175,0.0517
13,2018-03-27T10:00:00+00:00,0.05064685099395089,0.0444
13,2018-03-27T11:00:00+00:00,0.05154027986702179,0.0421
13,2018-03-27T12:00:00+00:00,0.05460632672385802,0.0515
13,2018-03-27T13:00:00+00:00,0.06209905308883911,0.0559
13,2018-03-27T14:00:00+00:00,0.0635459208144655,0.0587
13,2018-03-27T15:00:00+00:00,0.06905485196740535,0.0628
13,2018-03-27T16:00:00+00:00,0.06415826587168866,0.0746
13,2018-03-27T17:00:00+00:00,0.06400836230114085,0.0635
13,2018-03-27T18:00:00+00:00,0.05757578052222831,0.0693
13,2018-03-27T19:00:00+00:00,0.06182478478060893,0.0622
13,2018-03-27T20:00:00+00:00,0.04513491625536775,0.0517
13,2018-03-27T21:00:00+00:00,0.038122748450061666,0.0325
13,2018-03-27T22:00:00+00:00,0.027800640231651026,0.0276
13,2018-03-27T23:00:00+00:00,0.015081065462007538,0.0163
13,2018-03-28T00:00:00+00:00,0.009564366343137655,0.01
13,2018-03-28T01:00:00+00:00,0.006749106355170068,0.0079
13,2018-03-28T02:00:00+00:00,0.0042148591664216625,0.0053
13,2018-03-28T03:00:00+00:00,0.0010631244810524638,0.0051
13,2018-03-28T04:00:00+00:00,0.006352303031805184,0.0057
13,2018-03-28T05:00:00+00:00,0.013899730999298214,0.0093
13,2018-03-28T06:00:00+00:00,0.022476953343409274,0.019
13,2018-03-28T07:00:00+00:00,0.03364942537693172,0.0335
13,2018-03-28T08:00:00+00:00,0.04778513150983327,0.0442
13,2018-03-28T09:00:00+00:00,0.050929737378929474,0.0512
13,2018-03-28T10:00:00+00:00,0.05179779869453323,0.0423
13,2018-03-28T11:00:00+00:00,0.05054591756624519,0.0444
13,2018-03-28T12:00:00+00:00,0.059260656301030945,0.0496
13,2018-03-28T13:00:00+00:00,0.06131580024880879,0.0572
13,2018-03-28T14:00:00+00:00,0.06349375701206247,0.0559
13,2018-03-28T15:00:00+00:00,0.06790037223391425,0.0633
13,2018-03-28T16:00:00+00:00,0.06597791032425798,0.073
13,2018-03-28T17:00:00+00:00,0.06884750429924848,0.0684
13,2018-03-28T18:00:00+00:00,0.06621641758255853,0.0706
13,2018-03-28T19:00:00+00:00,0.058506332293517725,0.0649
13,2018-03-28T20:00:00+00:00,0.054757533658412384,0.0543
13,2018-03-28T21:00:00+00:00,0.04189478779904496,0.0414
13,2018-03-28T22:00:00+00:00,0.03141630696962372,0.0319
13,2018-03-28T23:00:00+00:00,0.016116550568170174,0.0197
13,2018-03-29T00:00:00+00:00,0.011871374941558783,0.0135
13,2018-03-29T01:00:00+00:00,0.009190850207767946,0.009
13,2018-03-29T02:00:00+00:00,0.0035092442112043785,0.0053
13,2018-03-29T03:00:00+00:00,0.0023232539818755157,0.004
13,2018-03-29T04:00:00+00:00,0.007406469688728323,0.0067
13,2018-03-29T05:00:00+00:00,0.00981582160380453,0.0091
13,2018-03-29T06:00:00+00:00,0.02186022614245897,0.0187
13,2018-03-29T07:00:00+00:00,0.03378887540419145,0.0326
13,2018-03-29T08:00:00+00:00,0.046814688236173616,0.0458
13,2018-03-29T09:00:00+00:00,0.04990573816807453,0.0532
13,2018-03-29T10:00:00+00:00,0.051163181569358444,0.0449
13,2018-03-29T11:00:00+00:00,0.04831645703748923,0.0387
13,2018-03-29T12:00:00+00:00,0.05223129463889651,0.042
13,2018-03-29T13:00:00+00:00,0.05446270185876482,0.0564
13,2018-03-29T14:00:00+00:00,0.05970519533113561,0.0606
13,2018-03-29T15:00:00+00:00,0.060813048470527126,0.0644
13,2018-03-29T16:00:00+00:00,0.06788297733736533,0.0735
13,2018-03-29T17:00:00+00:00,0.06514061591861647,0.0725
13,2018-03-29T18:00:00+00:00,0.062494517539883165,0.0745
13,2018-03-29T19:00:00+00:00,0.06124430530236634,0.0643
13,2018-03-29T20:00:00+00:00,0.05480138224910058,0.0585
13,2018-03-29T21:00:00+00:00,0.045074725485212866,0.0466
13,2018-03-29T22:00:00+00:00,0.031185715715592897,0.0325
13,2018-03-29T23:00:00+00:00,0.01955238518737662,0.0185
13,2018-03-30T00:00:00+00:00,0.01028200190710122,0.0127
13,2018-03-30T01:00:00+00:00,0.005277827707837728,0.0098
13,2018-03-30T02:00:00+00:00,0.003317541088574811,0.0051
13,2018-03-30T03:00:00+00:00,0.003916777311655205,0.0048
13,2018-03-30T04:00:00+00:00,0.0063136783407650235,0.0062
13,2018-03-30T05:00:00+00:00,0.01152955728722008,0.0098
13,2018-03-30T06:00:00+00:00,0.02633690240147355,0.0175
13,2018-03-30T07:00:00+00:00,0.043595257993990034,0.0333
13,2018-03-30T08:00:00+00:00,0.05006875683893823,0.0457
13,2018-03-30T09:00:00+00:00,0.055846095339527516,0.0517
13,2018-03-30T10:00:00+00:00,0.0509384849565888,0.0408
13,2018-03-30T11:00:00+00:00,0.047928562123560114,0.0444
13,2018-03-30T12:00:00+00:00,0.053885658332109995,0.0527
13,2018-03-30T13:00:00+00:00,0.055249812572705545,0.0581
13,2018-03-30T14:00:00+00:00,0.06233481994076693,0.0568
13,2018-03-30T15:00:00+00:00,0.06245697898551513,0.0611
13,2018-03-30T16:00:00+00:00,0.07017124590074361,0.0656
13,2018-03-30T17:00:00+00:00,0.06286800861056044,0.0623
13,2018-03-30T18:00:00+00:00,0.0631048469780898,0.0629
13,2018-03-30T19:00:00+00:00,0.06228284830100588,0.0544
13,2018-03-30T20:00:00+00:00,0.06034018424924814,0.0534
13,2018-03-30T21:00:00+00:00,0.04656412381645032,0.0395
13,2018-03-30T22:00:00+00:00,0.033508112990806055,0.03
13,2018-03-30T23:00:00+00:00,0.022649184333104495,0.0187
13,2018-03-31T00:00:00+00:00,0.01290011555673241,0.0146
13,2018-03-31T01:00:00+00:00,0.007878498420259516,0.0089
13,2018-03-31T02:00:00+00:00,0.001994261095165338,0.005
13,2018-03-31T03:00:00+00:00,0.002228532420444615,0.0046
13,2018-03-31T04:00:00+00:00,0.004498762760168185,0.0053
13,2018-03-31T05:00:00+00:00,0.010001705540340761,0.0083
13,2018-03-31T06:00:00+00:00,0.023058342461114767,0.0161
13,2018-03-31T07:00:00+00:00,0.03508681316591674,0.028
13,2018-03-31T08:00:00+00:00,0.04939305032796732,0.0432
13,2018-03-31T09:00:00+00:00,0.05396476459015477,0.0535
14,2018-03-28T10:00:00+00:00,0.05260897360193456,0.0423
14,2018-03-28T11:00:00+00:00,0.05275898996359833,0.0444
14,2018-03-28T12:00:00+00:00,0.05242736946163137,0.0496
14,2018-03-28T13:00:00+00:00,0.06048399083336149,0.0572
14,2018-03-28T14:00:00+00:00,0.059877803335579516,0.0559
14,2018-03-28T15:00:00+00:00,0.06277320976632786,0.0633
14,2018-03-28T16:00:00+00:00,0.06554867328888403,0.073
14,2018-03-28T17:00:00+00:00,0.06826751149378399,0.0684
14,2018-03-28T18:00:00+00:00,0.06694897081596882,0.0706
14,2018-03-28T19:00:00+00:00,0.06426329319915852,0.0649
14,2018-03-28T20:00:00+00:00,0.051150010073484596,0.0543
14,2018-03-28T21:00:00+00:00,0.0389297714955976,0.0414
14,2018-03-28T22:00:00+00:00,0.03333746786508835,0.0319
14,2018-03-28T23:00:00+00:00,0.0207903898753161,0.0197
14,2018-03-29T00:00:00+00:00,0.015820918787089105,0.0135
14,2018-03-29T01:00:00+00:00,0.007066784621970846,0.009
14,2018-03-29T02:00:00+00:00,0.007131046315921839,0.0053
14,2018-03-29T03:00:00+00:00,0.0037937514462936736,0.004
14,2018-03-29T04:00:00+00:00,0.009070019591718728,0.0067
14,2018-03-29T05:00:00+00:00,0.013537663162197545,0.0091
14,2018-03-29T06:00:00+00:00,0.02324613235863814,0.0187
14,2018-03-29T07:00:00+00:00,0.03147231036959893,0.0326
14,2018-03-29T08:00:00+00:00,0.04578460039378167,0.0458
14,2018-03-29T09:00:00+00:00,0.04899753783626276,0.0532
14,2018-03-29T10:00:00+00:00,0.04917784487873253,0.0449
14,2018-03-29T11:00:00+00:00,0.04629547313241182,0.0387
14,2018-03-29T12:00:00+00:00,0.05267579398323814,0.042
14,2018-03-29T13:00:00+00:00,0.05961058447209629,0.0564
14,2018-03-29T14:00:00+00:00,0.05930798470651867,0.0606
14,2018-03-29T15:00:00+00:00,0.06274343500044113,0.0644
14,2018-03-29T16:00:00+00:00,0.06216228713040032,0.0735
14,2018-03-29T17:00:00+00:00,0.0660119064020954,0.0725
14,2018-03-29T18:00:00+00:00,0.062265125474730953,0.0745
14,2018-03-29T19:00:00+00:00,0.05966561818178297,0.0643
14,2018-03-29T20:00:00+00:00,0.052591351034429384,0.0585
14,2018-03-29T21:00:00+00:00,0.04021125507001188,0.0466
14,2018-03-29T22:00:00+00:00,0.03340836961380987,0.0325
14,2018-03-29T23:00:00+00:00,0.024846564144269837,0.0185
14,2018-03-30T00:00:00+00:00,0.013541817634968416,0.0127
14,2018-03-30T01:00:00+00:00,0.004832267291516406,0.0098
14,2018-03-30T02:00:00+00:00,0.008900296115629047,0.0051
14,2018-03-30T03:00:00+00:00,0.008084883186482057,0.0048
14,2018-03-30T04:00:00+00:00,0.010673583419542436,0.0062
14,2018-03-30T05:00:00+00:00,0.012990918671246195,0.0098
14,2018-03-30T06:00:00+00:00,0.02366464692746143,0.0175
14,2018-03-30T07:00:00+00:00,0.03362531653698771,0.0333
14,2018-03-30T08:00:00+00:00,0.042126879540444695,0.0457
14,2018-03-30T09:00:00+00:00,0.04786030261116597,0.0517
14,2018-03-30T10:00:00+00:00,0.04795785021666876,0.0408
14,2018-03-30T11:00:00+00:00,0.0534697640680082,0.0444
14,2018-03-30T12:00:00+00:00,0.05489622286782053,0.0527
14,2018-03-30T13:00:00+00:00,0.06184688348443788,0.0581
14,2018-03-30T14:00:00+00:00,0.06263552105589269,0.0568
14,2018-03-30T15:00:00+00:00,0.060197526463538,0.0611
14,2018-03-30T16:00:00+00:00,0.0631665290974445,0.0656
14,2018-03-30T17:00:00+00:00,0.06627456766900446,0.0623
14,2018-03-30T18:00:00+00:00,0.06467708620654464,0.0629
14,2018-03-30T19:00:00+00:00,0.06014597674609959,0.0544
14,2018-03-30T20:00:00+00:00,0.050054908596368665,0.0534
14,2018-03-30T21:00:00+00:00,0.04286258988073943,0.0395
14,2018-03-30T22:00:00+00:00,0.0337786623252964,0.03
14,2018-03-30T23:00:00+00:00,0.024038389689425232,0.0187
14,2018-03-31T00:00:00+00:00,0.012005711249380966,0.0146
14,2018-03-31T01:00:00+00:00,0.011246965412377581,0.0089
14,2018-03-31T02:00:00+00:00,0.008310755751071711,0.005
14,2018-03-31T03:00:00+00:00,0.00508870207108008,0.0046
14,2018-03-31T04:00:00+00:00,0.00905205029596821,0.0053
14,2018-03-31T05:00:00+00:00,0.011049280183153869,0.0083
14,2018-03-31T06:00:00+00:00,0.01973432143485456,0.0161
14,2018-03-31T07:00:00+00:00,0.03148064333547091,0.028
14,2018-03-31T08:00:00+00:00,0.04579865124261507,0.0432
14,2018-03-31T09:00:00+00:00,0.05021097181508204,0.0535
14,2018-03-31T10:00:00+00:00,0.053282618541952806,0.0463
14,2018-03-31T11:00:00+00:00,0.053957266069668386,0.0501
14,2018-03-31T12:00:00+00:00,0.05852932079392806,0.0591
14,2018-03-31T13:00:00+00:00,0.06281455397649707,0.0677
14,2018-03-31T14:00:00+00:00,0.06467463822158362,0.0674
14,2018-03-31T15:00:00+00:00,0.06568680898633428,0.1254
14,2018-03-31T16:00:00+00:00,0.0641893126707164,0.109
14,2018-03-31T17:00:00+00:00,0.07029753435357025,0.1064
14,2018-03-31T18:00:00+00:00,0.06333683323890887,0.0753
14,2018-03-31T19:00:00+00:00,0.0634498520258163,0.07
14,2018-03-31T20:00:00+00:00,0.05691098341863913,0.06
14,2018-03-31T21:00:00+00:00,0.045388685822636,0.0422
14,2018-03-31T22:00:00+00:00,0.035226490341951654,0.0342
14,2018-03-31T23:00:00+00:00,0.022001077181589525,0.0272
14,2018-04-01T00:00:00+00:00,0.020852114813520367,0.0191
14,2018-04-01T01:00:00+00:00,0.012012794113717827,0.0138
14,2018-04-01T02:00:00+00:00,0.013205044249981975,0.0092
14,2018-04-01T03:00:00+00:00,0.007222927212210264,0.0058
14,2018-04-01T04:00:00+00:00,0.006760878405716379,0.0061
14,2018-04-01T05:00:00+00:00,0.006742545671925573,0.0058
14,2018-04-01T06:00:00+00:00,0.01153174835908365,0.0072
14,2018-04-01T07:00:00+00:00,0.021488880191709137,0.0134
14,2018-04-01T08:00:00+00:00,0.03007722864835525,0.0257
14,2018-04-01T09:00:00+00:00,0.038863051373063756,0.0347
15,2018-03-29T10:00:00+00:00,0.050507698087732714,0.0449
15,2018-03-29T11:00:00+00:00,0.05278963990499587,0.0387
15,2018-03-29T12:00:00+00:00,0.05387776922016652,0.042
15,2018-03-29T13:00:00+00:00,0.057595556564558406,0.0564
15,2018-03-29T14:00:00+00:00,0.05990603871160595,0.0606
15,2018-03-29T15:00:00+00:00,0.06280834211022229,0.0644
15,2018-03-29T16:00:00+00:00,0.06661844271684708,0.0735
15,2018-03-29T17:00:00+00:00,0.06550615521561917,0.0725
15,2018-03-29T18:00:00+00:00,0.06980549773130393,0.0745
15,2018-03-29T19:00:00+00:00,0.07036682151835416,0.0643
15,2018-03-29T20:00:00+00:00,0.05505780240759367,0.0585
15,2018-03-29T21:00:00+00:00,0.0427869143524715,0.0466
15,2018-03-29T22:00:00+00:00,0.030651255534839467,0.0325
15,2018-03-29T23:00:00+00:00,0.02178277989810683,0.0185
15,2018-03-30T00:00:00+00:00,0.015272125257531306,0.0127
15,2018-03-30T01:00:00+00:00,0.0059917014792118806,0.0098
15,2018-03-30T02:00:00+00:00,0.002771621643749403,0.0051
15,2018-03-30T03:00:00+00:00,0.003913276609611986,0.0048
15,2018-03-30T04:00:00+00:00,0.010074267824935996,0.0062
15,2018-03-30T05:00:00+00:00,0.014798331553907916,0.0098
15,2018-03-30T06:00:00+00:00,0.02573745469505075,0.0175
15,2018-03-30T07:00:00+00:00,0.03506927205866197,0.0333
15,2018-03-30T08:00:00+00:00,0.042726508443706554,0.0457
15,2018-03-30T09:00:00+00:00,0.048183183890371094,0.0517
15,2018-03-30T10:00:00+00:00,0.05060784406635111,0.0408
15,2018-03-30T11:00:00+00:00,0.05185708713576051,0.0444
15,2018-03-30T12:00:00+00:00,0.05373318563058774,0.0527
15,2018-03-30T13:00:00+00:00,0.056032133841667095,0.0581
15,2018-03-30T14:00:00+00:00,0.06646693082853478,0.0568
15,2018-03-30T15:00:00+00:00,0.06581804771591654,0.0611
15,2018-03-30T16:00:00+00:00,0.07087202545904558,0.0656
15,2018-03-30T17:00:00+00:00,0.06571317286532567,0.0623
15,2018-03-30T18:00:00+00:00,0.06710616403456607,0.0629
15,2018-03-30T19:00:00+00:00,0.05988297083966958,0.0544
15,2018-03-30T20:00:00+00:00,0.052393076784933476,0.0534
15,2018-03-30T21:00:00+00:00,0.04313818975075514,0.0395
15,2018-03-30T22:00:00+00:00,0.03569808409663291,0.03
15,2018-03-30T23:00:00+00:00,0.025016199371754904,0.0187
15,2018-03-31T00:00:00+00:00,0.01973480810763265,0.0146
15,2018-03-31T01:00:00+00:00,0.01052039846301019,0.0089
15,2018-03-31T02:00:00+00:00,0.006220932712587637,0.005
15,2018-03-31T03:00:00+00:00,0.00819109690939376,0.0046
15,2018-03-31T04:00:00+00:00,0.005221283850431923,0.0053
15,2018-03-31T05:00:00+00:00,0.010761875887364117,0.0083
15,2018-03-31T06:00:00+00:00,0.023049490969418066,0.0161
15,2018-03-31T07:00:00+00:00,0.031188944622377545,0.028
15,2018-03-31T08:00:00+00:00,0.041786592921068816,0.0432
15,2018-03-31T09:00:00+00:00,0.045119758382618544,0.0535
15,2018-03-31T10:00:00+00:00,0.05033607804991556,0.0463
15,2018-03-31T11:00:00+00:00,0.05522522410942819,0.0501
15,2018-03-31T12:00:00+00:00,0.05592846836248614,0.0591
15,2018-03-31T13:00:00+00:00,0.06082334379294421,0.0677
15,2018-03-31T14:00:00+00:00,0.06347271102531574,0.0674
15,2018-03-31T15:00:00+00:00,0.06588673332808206,0.1254
15,2018-03-31T16:00:00+00:00,0.06855445627021244,0.109
15,2018-03-31T17:00:00+00:00,0.06580197707061788,0.1064
15,2018-03-31T18:00:00+00:00,0.062380130638513755,0.0753
15,2018-03-31T19:00:00+00:00,0.057831323416486224,0.07
15,2018-03-31T20:00:00+00:00,0.05606362971643426,0.06
15,2018-03-31T21:00:00+00:00,0.04435610404334692,0.0422
15,2018-03-31T22:00:00+00:00,0.03578880679525846,0.0342
15,2018-03-31T23:00:00+00:00,0.02792219667941864,0.0272
15,2018-04-01T00:00:00+00:00,0.022413826348972002,0.0191
15,2018-04-01T01:00:00+00:00,0.013313538859905136,0.0138
15,2018-04-01T02:00:00+00:00,0.009057199001538941,0.0092
15,2018-04-01T03:00:00+00:00,0.008539661143445832,0.0058
15,2018-04-01T04:00:00+00:00,0.005441218171639187,0.0061
15,2018-04-01T05:00:00+00:00,0.006903500683112237,0.0058
15,2018-04-01T06:00:00+00:00,0.012666401920859782,0.0072
15,2018-04-01T07:00:00+00:00,0.019758387717039548,0.0134
15,2018-04-01T08:00:00+00:00,0.0270120585335731,0.0257
15,2018-04-01T09:00:00+00:00,0.033969974334287785,0.0347
15,2018-04-01T10:00:00+00:00,0.04268213976065036,0.0403
15,2018-04-01T11:00:00+00:00,0.04821816166866216,0.0435
15,2018-04-01T12:00:00+00:00,0.053003124245350225,0.0518
15,2018-04-01T13:00:00+00:00,0.05713812592764542,0.0566
15,2018-04-01T14:00:00+00:00,0.05868358979840807,0.0584
15,2018-04-01T15:00:00+00:00,0.058097144923366276,0.0577
15,2018-04-01T16:00:00+00:00,0.059586929668612086,0.0605
15,2018-04-01T17:00:00+00:00,0.056825926384865735,0.0599
15,2018-04-01T18:00:00+00:00,0.053880453230981284,0.0531
15,2018-04-01T19:00:00+00:00,0.05154648964457221,0.0503
15,2018-04-01T20:00:00+00:00,0.04206002782827558,0.0457
15,2018-04-01T21:00:00+00:00,0.03454876299015329,0.0392
15,2018-04-01T22:00:00+00:00,0.03037519353455701,0.0316
15,2018-04-01T23:00:00+00:00,0.022212373060985773,0.0238
15,2018-04-02T00:00:00+00:00,0.02088508584987348,0.0186
15,2018-04-02T01:00:00+00:00,0.016574273626494898,0.0128
15,2018-04-02T02:00:00+00:00,0.008814307510786882,0.0084
15,2018-04-02T03:00:00+00:00,0.005311126151735752,0.0057
15,2018-04-02T04:00:00+00:00,0.00593792309287125,0.0043
15,2018-04-02T05:00:00+00:00,0.008773239012234445,0.0041
15,2018-04-02T06:00:00+00:00,0.011124158863074846,0.0048
15,2018-04-02T07:00:00+00:00,0.01322129452557642,0.0087
15,2018-04-02T08:00:00+00:00,0.020058804765651063,0.0127
15,2018-04-02T09:00:00+00:00,0.028965694654443642,0.0214
16,2018-03-30T10:00:00+00:00,0.04861688870717133,0.0408
16,2018-03-30T11:00:00+00:00,0.05261060698439149,0.0444
16,2018-03-30T12:00:00+00:00,0.05884750035457752,0.0527
16,2018-03-30T13:00:00+00:00,0.06462826436313274,0.0581
16,2018-03-30T14:00:00+00:00,0.06417752391037514,0.0568
16,2018-03-30T15:00:00+00:00,0.06293153089608464,0.0611
16,2018-03-30T16:00:00+00:00,0.060184987851148106,0.0656
16,2018-03-30T17:00:00+00:00,0.061914892349907685,0.0623
16,2018-03-30T18:00:00+00:00,0.061332025459710796,0.0629
16,2018-03-30T19:00:00+00:00,0.06181050208337053,0.0544
16,2018-03-30T20:00:00+00:00,0.052363454495925714,0.0534
16,2018-03-30T21:00:00+00:00,0.042459542315872026,0.0395
16,2018-03-30T22:00:00+00:00,0.03316069416098009,0.03
16,2018-03-30T23:00:00+00:00,0.025352286610785972,0.0187
16,2018-03-31T00:00:00+00:00,0.018835971527169197,0.0146
16,2018-03-31T01:00:00+00:00,0.016148562357856607,0.0089
16,2018-03-31T02:00:00+00:00,0.01001996934622737,0.005
16,2018-03-31T03:00:00+00:00,0.0025781451941301603,0.0046
16,2018-03-31T04:00:00+00:00,0.002361972665512302,0.0053
16,2018-03-31T05:00:00+00:00,0.013518820779660597,0.0083
16,2018-03-31T06:00:00+00:00,0.01785545538023779,0.0161
16,2018-03-31T07:00:00+00:00,0.02851465760282558,0.028
16,2018-03-31T08:00:00+00:00,0.03886233076315629,0.0432
16,2018-03-31T09:00:00+00:00,0.04813915775811149,0.0535
16,2018-03-31T10:00:00+00:00,0.05356161781087982,0.0463
16,2018-03-31T11:00:00+00:00,0.05750954707247255,0.0501
16,2018-03-31T12:00:00+00:00,0.057142808847681754,0.0591
16,2018-03-31T13:00:00+00:00,0.064016560544291,0.0677
16,2018-03-31T14:00:00+00:00,0.06564769553379166,0.0674
16,2018-03-31T15:00:00+00:00,0.06673444629087846,0.1254
16,2018-03-31T16:00:00+00:00,0.06710881253706655,0.109
16,2018-03-31T17:00:00+00:00,0.062016205925448625,0.1064
16,2018-03-31T18:00:00+00:00,0.06441758517960658,0.0753
16,2018-03-31T19:00:00+00:00,0.05926738199350063,0.07
16,2018-03-31T20:00:00+00:00,0.05753710779052765,0.06
16,2018-03-31T21:00:00+00:00,0.04894894992998025,0.0422
16,2018-03-31T22:00:00+00:00,0.04108424264204101,0.0342
16,2018-03-31T23:00:00+00:00,0.029796252401812533,0.0272
16,2018-04-01T00:00:00+00:00,0.023621785781218905,0.0191
16,2018-04-01T01:00:00+00:00,0.017210977387314766,0.0138
16,2018-04-01T02:00:00+00:00,0.013607602008984736,0.0092
16,2018-04-01T03:00:00+00:00,0.006062918625313184,0.0058
16,2018-04-01T04:00:00+00:00,0.002049599758609962,0.0061
16,2018-04-01T05:00:00+00:00,0.007971279556751185,0.0058
16,2018-04-01T06:00:00+00:00,0.010882558203983112,0.0072
16,2018-04-01T07:00:00+00:00,0.016560757491100083,0.0134
16,2018-04-01T08:00:00+00:00,0.025032473667679595,0.0257
16,2018-04-01T09:00:00+00:00,0.03270936155486375,0.0347
16,2018-04-01T10:00:00+00:00,0.036446793613041005,0.0403
16,2018-04-01T11:00:00+00:00,0.043809381484001444,0.0435
16,2018-04-01T12:00:00+00:00,0.046892786684710114,0.0518
16,2018-04-01T13:00:00+00:00,0.05744660962977181,0.0566
16,2018-04-01T14:00:00+00:00,0.05789122176522939,0.0584
16,2018-04-01T15:00:00+00:00,0.05591467024930144,0.0577
16,2018-04-01T16:00:00+00:00,0.0542372783699146,0.0605
16,2018-04-01T17:00:00+00:00,0.055117209906110014,0.0599
16,2018-04-01T18:00:00+00:00,0.05489472107499889,0.0531
16,2018-04-01T19:00:00+00:00,0.050059021294652145,0.0503
16,2018-04-01T20:00:00+00:00,0.046281504788191014,0.0457
16,2018-04-01T21:00:00+00:00,0.03819832424174095,0.0392
16,2018-04-01T22:00:00+00:00,0.03328151120032091,0.0316
16,2018-04-01T23:00:00+00:00,0.022835250510841964,0.0238
16,2018-04-02T00:00:00+00:00,0.0198833205877504,0.0186
16,2018-04-02T01:00:00+00:00,0.015734032030768067,0.0128
16,2018-04-02T02:00:00+00:00,0.010504070904614075,0.0084
16,2018-04-02T03:00:00+00:00,0.004254171047779375,0.0057
16,2018-04-02T04:00:00+00:00,0.004063274172756422,0.0043
16,2018-04-02T05:00:00+00:00,0.005332078145885863,0.0041
16,2018-04-02T06:00:00+00:00,0.009846555094176847,0.0048
16,2018-04-02T07:00:00+00:00,0.01797853137498419,0.0087
16,2018-04-02T08:00:00+00:00,0.024712993876110152,0.0127
16,2018-04-02T09:00:00+00:00,0.027622956626989315,0.0214
16,2018-04-02T10:00:00+00:00,0.032681437920949456,0.0293
16,2018-04-02T11:00:00+00:00,0.039423727655559446,0.0366
16,2018-04-02T12:00:00+00:00,0.045234352067700545,0.0423
16,2018-04-02T13:00:00+00:00,0.04811306959073687,0.0442
16,2018-04-02T14:00:00+00:00,0.056093786718880614,0.0523
16,2018-04-02T15:00:00+00:00,0.05010484164114511,0.0473
16,2018-04-02T16:00:00+00:00,0.04897128674838732,0.0446
16,2018-04-02T17:00:00+00:00,0.05143374865800593,0.0496
16,2018-04-02T18:00:00+00:00,0.04914394070476735,0.0463
16,2018-04-02T19:00:00+00:00,0.04501048258978121,0.0436
16,2018-04-02T20:00:00+00:00,0.03999469508302349,0.0376
16,2018-04-02T21:00:00+00:00,0.03067119032022165,0.0294
16,2018-04-02T22:00:00+00:00,0.023785749599859782,0.0225
16,2018-04-02T23:00:00+00:00,0.01981353004039344,0.0166
16,2018-04-03T00:00:00+00:00,0.015751362176861523,0.0106
16,2018-04-03T01:00:00+00:00,0.008336344713322036,0.0066
16,2018-04-03T02:00:00+00:00,0.006250515315832379,0.0033
16,2018-04-03T03:00:00+00:00,0.009542309413796097,0.0035
16,2018-04-03T04:00:00+00:00,0.009904751132558901,0.005
16,2018-04-03T05:00:00+00:00,0.013835571652841334,0.0087
16,2018-04-03T06:00:00+00:00,0.020369356304903233,0.0173
16,2018-04-03T07:00:00+00:00,0.027632113594625054,0.0278
16,2018-04-03T08:00:00+00:00,0.03763017450345131,0.0384
16,2018-04-03T09:00:00+00:00,0.043058141478019736,0.0485
17,2018-03-31T10:00:00+00:00,0.04455220810822295,0.0463
17,2018-03-31T11:00:00+00:00,0.05050454411393482,0.0501
17,2018-03-31T12:00:00+00:00,0.05853815400928654,0.0591
17,2018-03-31T13:00:00+00:00,0.06159162256796984,0.0677
17,2018-03-31T14:00:00+00:00,0.06359208997792817,0.0674
17,2018-03-31T15:00:00+00:00,0.06489359501978596,0.1254
17,2018-03-31T16:00:00+00:00,0.0625716562195719,0.109
17,2018-03-31T17:00:00+00:00,0.061216963900370035,0.1064
17,2018-03-31T18:00:00+00:00,0.059112895761686206,0.0753
17,2018-03-31T19:00:00+00:00,0.06001390879294264,0.07
17,2018-03-31T20:00:00+00:00,0.05167270499204592,0.06
17,2018-03-31T21:00:00+00:00,0.044657596785008705,0.0422
17,2018-03-31T22:00:00+00:00,0.03448651378213229,0.0342
17,2018-03-31T23:00:00+00:00,0.02657006461411264,0.0272
17,2018-04-01T00:00:00+00:00,0.020765814988747154,0.0191
17,2018-04-01T01:00:00+00:00,0.011126462726054366,0.0138
17,2018-04-01T02:00:00+00:00,0.008811972316941818,0.0092
17,2018-04-01T03:00:00+00:00,0.002755264843212115,0.0058
17,2018-04-01T04:00:00+00:00,0.003952705459534387,0.0061
17,2018-04-01T05:00:00+00:00,0.005440470408314919,0.0058
17,2018-04-01T06:00:00+00:00,0.0098276646709794,0.0072
17,2018-04-01T07:00:00+00:00,0.01839119960429735,0.0134
17,2018-04-01T08:00:00+00:00,0.029826642297026074,0.0257
17,2018-04-01T09:00:00+00:00,0.0381481588263784,0.0347
17,2018-04-01T10:00:00+00:00,0.04269115051758024,0.0403
17,2018-04-01T11:00:00+00:00,0.044865909443824264,0.0435
17,2018-04-01T12:00:00+00:00,0.052079041253433045,0.0518
17,2018-04-01T13:00:00+00:00,0.05555987326173089,0.0566
17,2018-04-01T14:00:00+00:00,0.0578038253601622,0.0584
17,2018-04-01T15:00:00+00:00,0.06108181925621687,0.0577
17,2018-04-01T16:00:00+00:00,0.06165506130451926,0.0605
17,2018-04-01T17:00:00+00:00,0.05743166898435702,0.0599
17,2018-04-01T18:00:00+00:00,0.05784305160382078,0.0531
17,2018-04-01T19:00:00+00:00,0.050306324171272516,0.0503
17,2018-04-01T20:00:00+00:00,0.04702749896291881,0.0457
17,2018-04-01T21:00:00+00:00,0.04005045671315293,0.0392
17,2018-04-01T22:00:00+00:00,0.033186701129194855,0.0316
17,2018-04-01T23:00:00+00:00,0.02476975234994492,0.0238
17,2018-04-02T00:00:00+00:00,0.021865116890570076,0.0186
17,2018-04-02T01:00:00+00:00,0.013928199268091848,0.0128
17,2018-04-02T02:00:00+00:00,0.00636048665388475,0.0084
17,2018-04-02T03:00:00+00:00,0.006088447014556797,0.0057
17,2018-04-02T04:00:00+00:00,0.0032481494875724187,0.0043
17,2018-04-02T05:00:00+00:00,0.005387387567189317,0.0041
17,2018-04-02T06:00:00+00:00,0.011634582525965557,0.0048
17,2018-04-02T07:00:00+00:00,0.01868515413970974,0.0087
17,2018-04-02T08:00:00+00:00,0.023656648157488566,0.0127
17,2018-04-02T09:00:00+00:00,0.030671794483745515,0.0214
17,2018-04-02T10:00:00+00:00,0.0347087979182552,0.0293
17,2018-04-02T11:00:00+00:00,0.03897393235057903,0.0366
17,2018-04-02T12:00:00+00:00,0.04545894424425172,0.0423
17,2018-04-02T13:00:00+00:00,0.051393709900567644,0.0442
17,2018-04-02T14:00:00+00:00,0.05269841695688382,0.0523
17,2018-04-02T15:00:00+00:00,0.05336825206365216,0.0473
17,2018-04-02T16:00:00+00:00,0.05287507290915576,0.0446
17,2018-04-02T17:00:00+00:00,0.050429692587430644,0.0496
17,2018-04-02T18:00:00+00:00,0.04804541789713425,0.0463
17,2018-04-02T19:00:00+00:00,0.04342974016441828,0.0436
17,2018-04-02T20:00:00+00:00,0.039387632409730707,0.0376
17,2018-04-02T21:00:00+00:00,0.03698593828037405,0.0294
17,2018-04-02T22:00:00+00:00,0.02719698165689938,0.0225
17,2018-04-02T23:00:00+00:00,0.021984729780311903,0.0166
17,2018-04-03T00:00:00+00:00,0.01446277902831543,0.0106
17,2018-04-03T01:00:00+00:00,0.010259708951905908,0.0066
17,2018-04-03T02:00:00+00:00,0.007876344945434599,0.0033
17,2018-04-03T03:00:00+00:00,0.003738937052665786,0.0035
17,2018-04-03T04:00:00+00:00,0.005294823658032074,0.005
17,2018-04-03T05:00:00+00:00,0.008370716761545969,0.0087
17,2018-04-03T06:00:00+00:00,0.016385284801183453,0.0173
17,2018-04-03T07:00:00+00:00,0.030380880086652882,0.0278
17,2018-04-03T08:00:00+00:00,0.03202645599426294,0.0384
17,2018-04-03T09:00:00+00:00,0.03811641543777344,0.0485
17,2018-04-03T10:00:00+00:00,0.04162035657031396,0.043
17,2018-04-03T11:00:00+00:00,0.044860346126466194,0.0421
17,2018-04-03T12:00:00+00:00,0.04933265695154858,0.0513
17,2018-04-03T13:00:00+00:00,0.054330272556291956,0.0549
17,2018-04-03T14:00:00+00:00,0.059177725588665686,0.0541
17,2018-04-03T15:00:00+00:00,0.060413832670515505,0.0642
17,2018-04-03T16:00:00+00:00,0.05769653176675149,0.0681
17,2018-04-03T17:00:00+00:00,0.05365662552754934,0.0655
17,2018-04-03T18:00:00+00:00,0.0550515550330046,0.0769
17,2018-04-03T19:00:00+00:00,0.04775867363824525,0.0635
17,2018-04-03T20:00:00+00:00,0.0479180015331481,0.0507
17,2018-04-03T21:00:00+00:00,0.03501890455921667,0.0346
17,2018-04-03T22:00:00+00:00,0.02997489525314092,0.0272
17,2018-04-03T23:00:00+00:00,0.020007327109203395,0.0165
17,2018-04-04T00:00:00+00:00,0.014423895335453456,0.0105
17,2018-04-04T01:00:00+00:00,0.010857038169636977,0.007
17,2018-04-04T02:00:00+00:00,0.003692174691482187,0.005
17,2018-04-04T03:00:00+00:00,0.004516122148402812,0.0038
17,2018-04-04T04:00:00+00:00,0.008456187362744502,0.0058
17,2018-04-04T05:00:00+00:00,0.015871366702422625,0.0105
17,2018-04-04T06:00:00+00:00,0.022904236377135588,0.018
17,2018-04-04T07:00:00+00:00,0.03030884468277984,0.0314
17,2018-04-04T08:00:00+00:00,0.04455096113977437,0.0402
17,2018-04-04T09:00:00+00:00,0.04712311658710422,0.0469
18,2018-04-01T10:00:00+00:00,0.03448452844961911,0.0403
18,2018-04-01T11:00:00+00:00,0.049908967335949725,0.0435
18,2018-04-01T12:00:00+00:00,0.055502999385874704,0.0518
18,2018-04-01T13:00:00+00:00,0.0632886254804616,0.0566
18,2018-04-01T14:00:00+00:00,0.0671365340868981,0.0584
18,2018-04-01T15:00:00+00:00,0.07303101451630015,0.0577
18,2018-04-01T16:00:00+00:00,0.07316307620328398,0.0605
18,2018-04-01T17:00:00+00:00,0.06946569569598177,0.0599
18,2018-04-01T18:00:00+00:00,0.06176405303084235,0.0531
18,2018-04-01T19:00:00+00:00,0.05702379542183397,0.0503
18,2018-04-01T20:00:00+00:00,0.04439232774572437,0.0457
18,2018-04-01T21:00:00+00:00,0.035106535423594334,0.0392
18,2018-04-01T22:00:00+00:00,0.028064448730420008,0.0316
18,2018-04-01T23:00:00+00:00,0.021955803036519173,0.0238
18,2018-04-02T00:00:00+00:00,0.012785893664588176,0.0186
18,2018-04-02T01:00:00+00:00,0.01595269014138559,0.0128
18,2018-04-02T02:00:00+00:00,0.015585392138463777,0.0084
18,2018-04-02T03:00:00+00:00,0.009842987552953798,0.0057
18,2018-04-02T04:00:00+00:00,0.0022896819150850928,0.0043
18,2018-04-02T05:00:00+00:00,0.006962135353611877,0.0041
18,2018-04-02T06:00:00+00:00,0.00396070736259381,0.0048
18,2018-04-02T07:00:00+00:00,0.015699079317169427,0.0087
18,2018-04-02T08:00:00+00:00,0.023847672444698053,0.0127
18,2018-04-02T09:00:00+00:00,0.031078835167426246,0.0214
18,2018-04-02T10:00:00+00:00,0.028553069243980055,0.0293
18,2018-04-02T11:00:00+00:00,0.03834987894890283,0.0366
18,2018-04-02T12:00:00+00:00,0.05215885558903907,0.0423
18,2018-04-02T13:00:00+00:00,0.05708415746738715,0.0442
18,2018-04-02T14:00:00+00:00,0.06705679912281812,0.0523
18,2018-04-02T15:00:00+00:00,0.06834687048747745,0.0473
18,2018-04-02T16:00:00+00:00,0.07018760896745399,0.0446
18,2018-04-02T17:00:00+00:00,0.06404626847099791,0.0496
18,2018-04-02T18:00:00+00:00,0.058589473967044316,0.0463
18,2018-04-02T19:00:00+00:00,0.04784971695606152,0.0436
18,2018-04-02T20:00:00+00:00,0.04927620290929067,0.0376
18,2018-04-02T21:00:00+00:00,0.037817372769797034,0.0294
18,2018-04-02T22:00:00+00:00,0.029455581979333765,0.0225
18,2018-04-02T23:00:00+00:00,0.021291634638965197,0.0166
18,2018-04-03T00:00:00+00:00,0.01300814646984555,0.0106
18,2018-04-03T01:00:00+00:00,0.009928445621806122,0.0066
18,2018-04-03T02:00:00+00:00,0.012025627236243824,0.0033
18,2018-04-03T03:00:00+00:00,0.012019392394000968,0.0035
18,2018-04-03T04:00:00+00:00,0.007552484054500198,0.005
18,2018-04-03T05:00:00+00:00,0.012121240682980487,0.0087
18,2018-04-03T06:00:00+00:00,0.01769012031404836,0.0173
18,2018-04-03T07:00:00+00:00,0.02655582473572381,0.0278
18,2018-04-03T08:00:00+00:00,0.034257276282583425,0.0384
18,2018-04-03T09:00:00+00:00,0.03840280304697635,0.0485
18,2018-04-03T10:00:00+00:00,0.04322796312415478,0.043
18,2018-04-03T11:00:00+00:00,0.04993885489295241,0.0421
18,2018-04-03T12:00:00+00:00,0.05515389626093531,0.0513
18,2018-04-03T13:00:00+00:00,0.06705031154492655,0.0549
18,2018-04-03T14:00:00+00:00,0.07393064898947273,0.0541
18,2018-04-03T15:00:00+00:00,0.07104845165163687,0.0642
18,2018-04-03T16:00:00+00:00,0.07265368228150741,0.0681
18,2018-04-03T17:00:00+00:00,0.07129813358531406,0.0655
18,2018-04-03T18:00:00+00:00,0.058188413823414456,0.0769
18,2018-04-03T19:00:00+00:00,0.056610399272078046,0.0635
18,2018-04-03T20:00:00+00:00,0.05362949926416309,0.0507
18,2018-04-03T21:00:00+00:00,0.04107390345641215,0.0346
18,2018-04-03T22:00:00+00:00,0.034698977258451065,0.0272
18,2018-04-03T23:00:00+00:00,0.026800473888032778,0.0165
18,2018-04-04T00:00:00+00:00,0.011209570979991038,0.0105
18,2018-04-04T01:00:00+00:00,0.012470408558375334,0.007
18,2018-04-04T02:00:00+00:00,0.013827329546479424,0.005
18,2018-04-04T03:00:00+00:00,0.008990882002808408,0.0038
18,2018-04-04T04:00:00+00:00,0.01243945366321985,0.0058
18,2018-04-04T05:00:00+00:00,0.016962456784386994,0.0105
18,2018-04-04T06:00:00+00:00,0.017576963671332553,0.018
18,2018-04-04T07:00:00+00:00,0.030409707093856972,0.0314
18,2018-04-04T08:00:00+00:00,0.03881482272737279,0.0402
18,2018-04-04T09:00:00+00:00,0.044561697183033426,0.0469
18,2018-04-04T10:00:00+00:00,0.049523119371902694,0.0407
18,2018-04-04T11:00:00+00:00,0.0493040832021743,0.0416
18,2018-04-04T12:00:00+00:00,0.05809910205810047,0.0454
18,2018-04-04T13:00:00+00:00,0.06265021523183188,0.0556
18,2018-04-04T14:00:00+00:00,0.07163956900309315,0.058
18,2018-04-04T15:00:00+00:00,0.07535782004429506,0.0666
18,2018-04-04T16:00:00+00:00,0.07267208812065115,0.0727
18,2018-04-04T17:00:00+00:00,0.0747932629119209,0.0716
18,2018-04-04T18:00:00+00:00,0.06422140383192887,0.0723
18,2018-04-04T19:00:00+00:00,0.06464370839112057,0.0595
18,2018-04-04T20:00:00+00:00,0.05783888877615243,0.0527
18,2018-04-04T21:00:00+00:00,0.043158569434428015,0.0408
18,2018-04-04T22:00:00+00:00,0.03966239783436082,0.0313
18,2018-04-04T23:00:00+00:00,0.026927566499741658,0.0196
18,2018-04-05T00:00:00+00:00,0.022334298690785688,0.0124
18,2018-04-05T01:00:00+00:00,0.014116241901263924,0.0082
18,2018-04-05T02:00:00+00:00,0.014650330811260681,0.0048
18,2018-04-05T03:00:00+00:00,0.00747462476490399,0.0045
18,2018-04-05T04:00:00+00:00,0.0073916898750899865,0.0061
18,2018-04-05T05:00:00+00:00,0.009993302602202402,0.0101
18,2018-04-05T06:00:00+00:00,0.015630993168897954,0.0183
18,2018-04-05T07:00:00+00:00,0.02927829940975099,0.0331
18,2018-04-05T08:00:00+00:00,0.03932622913507934,0.0391
18,2018-04-05T09:00:00+00:00,0.051227092357615356,0.0522
19,2018-04-02T10:00:00+00:00,0.03142655764555742,0.0293
19,2018-04-02T11:00:00+00:00,0.03328984181637798,0.0366
19,2018-04-02T12:00:00+00:00,0.041999570745763576,0.0423
19,2018-04-02T13:00:00+00:00,0.049038668996546284,0.0442
19,2018-04-02T14:00:00+00:00,0.05730130334156118,0.0523
19,2018-04-02T15:00:00+00:00,0.05500817013912643,0.0473
19,2018-04-02T16:00:00+00:00,0.05419250447433073,0.0446
19,2018-04-02T17:00:00+00:00,0.058419773466922696,0.0496
19,2018-04-02T18:00:00+00:00,0.052196473514933145,0.0463
19,2018-04-02T19:00:00+00:00,0.04615627949606844,0.0436
19,2018-04-02T20:00:00+00:00,0.037053725741060695,0.0376
19,2018-04-02T21:00:00+00:00,0.0322578412246447,0.0294
19,2018-04-02T22:00:00+00:00,0.018656745399560637,0.0225
19,2018-04-02T23:00:00+00:00,0.012644540287246767,0.0166
19,2018-04-03T00:00:00+00:00,0.008537179738894903,0.0106
19,2018-04-03T01:00:00+00:00,0.0065090743280798065,0.0066
19,2018-04-03T02:00:00+00:00,0.005335432637223227,0.0033
19,2018-04-03T03:00:00+00:00,0.004579569239849701,0.0035
19,2018-04-03T04:00:00+00:00,0.008902238629292653,0.005
19,2018-04-03T05:00:00+00:00,0.00895087248751129,0.0087
19,2018-04-03T06:00:00+00:00,0.02163000694245646,0.0173
19,2018-04-03T07:00:00+00:00,0.0277241641997685,0.0278
19,2018-04-03T08:00:00+00:00,0.04307873734466485,0.0384
19,2018-04-03T09:00:00+00:00,0.04859843273864273,0.0485
19,2018-04-03T10:00:00+00:00,0.052081842232812495,0.043
19,2018-04-03T11:00:00+00:00,0.053639748634644054,0.0421
19,2018-04-03T12:00:00+00:00,0.06526597280037433,0.0513
19,2018-04-03T13:00:00+00:00,0.06262824394018947,0.0549
19,2018-04-03T14:00:00+00:00,0.0658532803185807,0.0541
19,2018-04-03T15:00:00+00:00,0.07137036167401019,0.0642
19,2018-04-03T16:00:00+00:00,0.07172967239494316,0.0681
19,2018-04-03T17:00:00+00:00,0.068255238149389,0.0655
19,2018-04-03T18:00:00+00:00,0.06997591257515991,0.0769
19,2018-04-03T19:00:00+00:00,0.06726793991442992,0.0635
19,2018-04-03T20:00:00+00:00,0.06209403179545492,0.0507
19,2018-04-03T21:00:00+00:00,0.04816329296820067,0.0346
19,2018-04-03T22:00:00+00:00,0.040087101293490836,0.0272
19,2018-04-03T23:00:00+00:00,0.02302104202132485,0.0165
19,2018-04-04T00:00:00+00:00,0.019694914516538035,0.0105
19,2018-04-04T01:00:00+00:00,0.010415665645676437,0.007
19,2018-04-04T02:00:00+00:00,0.009542386696597769,0.005
19,2018-04-04T03:00:00+00:00,0.002745848873754564,0.0038
19,2018-04-04T04:00:00+00:00,0.006222413618165584,0.0058
19,2018-04-04T05:00:00+00:00,0.011205153327949618,0.0105
19,2018-04-04T06:00:00+00:00,0.024141501656648277,0.018
19,2018-04-04T07:00:00+00:00,0.03584037896648385,0.0314
19,2018-04-04T08:00:00+00:00,0.04262728881434601,0.0402
19,2018-04-04T09:00:00+00:00,0.04943458252332977,0.0469
19,2018-04-04T10:00:00+00:00,0.05226171690933778,0.0407
19,2018-04-04T11:00:00+00:00,0.05889055523000532,0.0416
19,2018-04-04T12:00:00+00:00,0.058262592780671654,0.0454
19,2018-04-04T13:00:00+00:00,0.06846835487425432,0.0556
19,2018-04-04T14:00:00+00:00,0.07320402355582298,0.058
19,2018-04-04T15:00:00+00:00,0.06966712809672432,0.0666
19,2018-04-04T16:00:00+00:00,0.06928198821023852,0.0727
19,2018-04-04T17:00:00+00:00,0.07415171539928825,0.0716
19,2018-04-04T18:00:00+00:00,0.07603286651836522,0.0723
19,2018-04-04T19:00:00+00:00,0.0655234331436034,0.0595
19,2018-04-04T20:00:00+00:00,0.059573509614538264,0.0527
19,2018-04-04T21:00:00+00:00,0.049499048912268966,0.0408
19,2018-04-04T22:00:00+00:00,0.03918484755995894,0.0313
19,2018-04-04T23:00:00+00:00,0.02797332186362896,0.0196
19,2018-04-05T00:00:00+00:00,0.019319846458961815,0.0124
19,2018-04-05T01:00:00+00:00,0.018776420951033546,0.0082
19,2018-04-05T02:00:00+00:00,0.010799188859500257,0.0048
19,2018-04-05T03:00:00+00:00,0.003896201287891598,0.0045
19,2018-04-05T04:00:00+00:00,0.007885460138582948,0.0061
19,2018-04-05T05:00:00+00:00,0.011128572337667526,0.0101
19,2018-04-05T06:00:00+00:00,0.01826139373963253,0.0183
19,2018-04-05T07:00:00+00:00,0.03731399541856671,0.0331
19,2018-04-05T08:00:00+00:00,0.04764799213390726,0.0391
19,2018-04-05T09:00:00+00:00,0.056202872437800325,0.0522
19,2018-04-05T10:00:00+00:00,0.06226260020696828,0.0437
19,2018-04-05T11:00:00+00:00,0.05309271589972972,0.0414
19,2018-04-05T12:00:00+00:00,0.0579532109270664,0.048
19,2018-04-05T13:00:00+00:00,0.05609372823459827,0.0551
19,2018-04-05T14:00:00+00:00,0.06840333288463285,0.0623
19,2018-04-05T15:00:00+00:00,0.06532316625105902,0.0611
19,2018-04-05T16:00:00+00:00,0.06962752170523051,0.0675
19,2018-04-05T17:00:00+00:00,0.07490046460145935,0.0648
19,2018-04-05T18:00:00+00:00,0.06700602223339641,0.0717
19,2018-04-05T19:00:00+00:00,0.06854158137319905,0.0625
19,2018-04-05T20:00:00+00:00,0.06151831252005034,0.0537
19,2018-04-05T21:00:00+00:00,0.046603486871555085,0.0431
19,2018-04-05T22:00:00+00:00,0.03710831037500795,0.0316
19,2018-04-05T23:00:00+00:00,0.02491455943303124,0.0196
19,2018-04-06T00:00:00+00:00,0.019834132173211668,0.0121
19,2018-04-06T01:00:00+00:00,0.01254269826444036,0.0086
19,2018-04-06T02:00:00+00:00,0.014092888918451113,0.0054
19,2018-04-06T03:00:00+00:00,0.009702303611772805,0.0042
19,2018-04-06T04:00:00+00:00,0.004457938642366974,0.0055
19,2018-04-06T05:00:00+00:00,0.015638047835455825,0.0088
19,2018-04-06T06:00:00+00:00,0.021677274774937468,0.0205
19,2018-04-06T07:00:00+00:00,0.03453729798208929,0.0314
19,2018-04-06T08:00:00+00:00,0.048991482624315685,0.0393
19,2018-04-06T09:00:00+00:00,0.05537227865993606,0.0507
20,2018-04-03T10:00:00+00:00,0.04076901653764998,0.043
20,2018-04-03T11:00:00+00:00,0.05506902512363081,0.0421
20,2018-04-03T12:00:00+00:00,0.06317703746974726,0.0513
20,2018-04-03T13:00:00+00:00,0.06614540930889418,0.0549
20,2018-04-03T14:00:00+00:00,0.06331487865706142,0.0541
20,2018-04-03T15:00:00+00:00,0.0695745683650158,0.0642
20,2018-04-03T16:00:00+00:00,0.06854772640029402,0.0681
20,2018-04-03T17:00:00+00:00,0.06301867665422749,0.0655
20,2018-04-03T18:00:00+00:00,0.05996861480499077,0.0769
20,2018-04-03T19:00:00+00:00,0.05946575650176627,0.0635
20,2018-04-03T20:00:00+00:00,0.04921933947705633,0.0507
20,2018-04-03T21:00:00+00:00,0.04270867700376442,0.0346
20,2018-04-03T22:00:00+00:00,0.03486701670051787,0.0272
20,2018-04-03T23:00:00+00:00,0.021875408035538436,0.0165
20,2018-04-04T00:00:00+00:00,0.014320725928310251,0.0105
20,2018-04-04T01:00:00+00:00,0.00821763415250782,0.007
20,2018-04-04T02:00:00+00:00,0.002384106877655532,0.005
20,2018-04-04T03:00:00+00:00,0.00034193599693644813,0.0038
20,2018-04-04T04:00:00+00:00,0.009706522834999124,0.0058
20,2018-04-04T05:00:00+00:00,0.010546653728334372,0.0105
20,2018-04-04T06:00:00+00:00,0.01776790649829163,0.018
20,2018-04-04T07:00:00+00:00,0.027523504104861575,0.0314
20,2018-04-04T08:00:00+00:00,0.04160219511192146,0.0402
20,2018-04-04T09:00:00+00:00,0.04748268213241026,0.0469
20,2018-04-04T10:00:00+00:00,0.0490351724719518,0.0407
20,2018-04-04T11:00:00+00:00,0.050835134874787635,0.0416
20,2018-04-04T12:00:00+00:00,0.06217520380190109,0.0454
20,2018-04-04T13:00:00+00:00,0.06728545595699226,0.0556
20,2018-04-04T14:00:00+00:00,0.07062238947730451,0.058
20,2018-04-04T15:00:00+00:00,0.0707940826204746,0.0666
20,2018-04-04T16:00:00+00:00,0.06995049279958351,0.0727
20,2018-04-04T17:00:00+00:00,0.07379389185010632,0.0716
20,2018-04-04T18:00:00+00:00,0.07253034310749046,0.0723
20,2018-04-04T19:00:00+00:00,0.06077814797503772,0.0595
20,2018-04-04T20:00:00+00:00,0.058072412338107435,0.0527
20,2018-04-04T21:00:00+00:00,0.04817962888149426,0.0408
20,2018-04-04T22:00:00+00:00,0.0329268920154123,0.0313
20,2018-04-04T23:00:00+00:00,0.030373758580915188,0.0196
20,2018-04-05T00:00:00+00:00,0.01948970361341114,0.0124
20,2018-04-05T01:00:00+00:00,0.011060870514680032,0.0082
20,2018-04-05T02:00:00+00:00,0.011244830736071989,0.0048
20,2018-04-05T03:00:00+00:00,0.01107110317536605,0.0045
20,2018-04-05T04:00:00+00:00,0.016261662605014437,0.0061
20,2018-04-05T05:00:00+00:00,0.01532645924455422,0.0101
20,2018-04-05T06:00:00+00:00,0.024695944141263294,0.0183
20,2018-04-05T07:00:00+00:00,0.0361800588114304,0.0331
20,2018-04-05T08:00:00+00:00,0.04260644230077655,0.0391
20,2018-04-05T09:00:00+00:00,0.04882067092282952,0.0522
20,2018-04-05T10:00:00+00:00,0.05120512733214606,0.0437
20,2018-04-05T11:00:00+00:00,0.0586482214286599,0.0414
20,2018-04-05T12:00:00+00:00,0.057057599337029405,0.048
20,2018-04-05T13:00:00+00:00,0.06247007319858731,0.0551
20,2018-04-05T14:00:00+00:00,0.06894438351295304,0.0623
20,2018-04-05T15:00:00+00:00,0.0679892349234888,0.0611
20,2018-04-05T16:00:00+00:00,0.06771745010853392,0.0675
20,2018-04-05T17:00:00+00:00,0.0679725084187381,0.0648
20,2018-04-05T18:00:00+00:00,0.0765675214726661,0.0717
20,2018-04-05T19:00:00+00:00,0.06693234039253912,0.0625
20,2018-04-05T20:00:00+00:00,0.05624710326504813,0.0537
20,2018-04-05T21:00:00+00:00,0.047654897456672715,0.0431
20,2018-04-05T22:00:00+00:00,0.032707982996779905,0.0316
20,2018-04-05T23:00:00+00:00,0.025460214654223916,0.0196
20,2018-04-06T00:00:00+00:00,0.01510572076446471,0.0121
20,2018-04-06T01:00:00+00:00,0.007812175155355868,0.0086
20,2018-04-06T02:00:00+00:00,0.00727434116256466,0.0054
20,2018-04-06T03:00:00+00:00,0.009047900000646081,0.0042
20,2018-04-06T04:00:00+00:00,0.00615090196192819,0.0055
20,2018-04-06T05:00:00+00:00,0.019551354401900287,0.0088
20,2018-04-06T06:00:00+00:00,0.028147868726468826,0.0205
20,2018-04-06T07:00:00+00:00,0.040270770137833256,0.0314
20,2018-04-06T08:00:00+00:00,0.04259812291161297,0.0393
20,2018-04-06T09:00:00+00:00,0.04810026362162768,0.0507
20,2018-04-06T10:00:00+00:00,0.048188693945257745,0.0464
20,2018-04-06T11:00:00+00:00,0.05336681084383723,0.0459
20,2018-04-06T12:00:00+00:00,0.0559605261041087,0.0485
20,2018-04-06T13:00:00+00:00,0.05748574396955812,0.0589
20,2018-04-06T14:00:00+00:00,0.06462182691462605,0.0581
20,2018-04-06T15:00:00+00:00,0.06833878712416762,0.0683
20,2018-04-06T16:00:00+00:00,0.07658218431773975,0.068
20,2018-04-06T17:00:00+00:00,0.0688880882137472,0.0711
20,2018-04-06T18:00:00+00:00,0.06634080111876021,0.0727
20,2018-04-06T19:00:00+00:00,0.06578276916131627,0.064
20,2018-04-06T20:00:00+00:00,0.059901948989290535,0.0533
20,2018-04-06T21:00:00+00:00,0.048865283986636934,0.0433
20,2018-04-06T22:00:00+00:00,0.034206683200906224,0.0333
20,2018-04-06T23:00:00+00:00,0.024730486420523334,0.02
20,2018-04-07T00:00:00+00:00,0.01696117639634851,0.014
20,2018-04-07T01:00:00+00:00,0.011594915561465031,0.0091
20,2018-04-07T02:00:00+00:00,0.007290236355016296,0.0049
20,2018-04-07T03:00:00+00:00,0.003073337878918725,0.0049
20,2018-04-07T04:00:00+00:00,0.011780279405633268,0.0061
20,2018-04-07T05:00:00+00:00,0.011774422622501286,0.0103
20,2018-04-07T06:00:00+00:00,0.028512467575324194,0.0172
20,2018-04-07T07:00:00+00:00,0.03705919506582214,0.0303
20,2018-04-07T08:00:00+00:00,0.04687649254590392,0.0373
20,2018-04-07T09:00:00+00:00,0.04981178943466033,0.0434
21,2018-04-04T10:00:00+00:00,0.05476650472957924,0.0407
21,2018-04-04T11:00:00+00:00,0.05320212745965107,0.0416
21,2018-04-04T12:00:00+00:00,0.04930637871025634,0.0454
21,2018-04-04T13:00:00+00:00,0.05823617250612229,0.0556
21,2018-04-04T14:00:00+00:00,0.06186539375980009,0.058
21,2018-04-04T15:00:00+00:00,0.07196302885894862,0.0666
21,2018-04-04T16:00:00+00:00,0.07378295111185906,0.0727
21,2018-04-04T17:00:00+00:00,0.07176138340832039,0.0716
21,2018-04-04T18:00:00+00:00,0.07036962040900924,0.0723
21,2018-04-04T19:00:00+00:00,0.06468067463501137,0.0595
21,2018-04-04T20:00:00+00:00,0.05517123267320188,0.0527
21,2018-04-04T21:00:00+00:00,0.04686766037490763,0.0408
21,2018-04-04T22:00:00+00:00,0.032542665945838156,0.0313
21,2018-04-04T23:00:00+00:00,0.019179052859751425,0.0196
21,2018-04-05T00:00:00+00:00,0.016858887386527036,0.0124
21,2018-04-05T01:00:00+00:00,0.009318778309224614,0.0082
21,2018-04-05T02:00:00+00:00,0.0122237803397263,0.0048
21,2018-04-05T03:00:00+00:00,0.009208871721627696,0.0045
21,2018-04-05T04:00:00+00:00,0.011708563054407664,0.0061
21,2018-04-05T05:00:00+00:00,0.01655487773200004,0.0101
21,2018-04-05T06:00:00+00:00,0.021140883046323375,0.0183
21,2018-04-05T07:00:00+00:00,0.036557285565642465,0.0331
21,2018-04-05T08:00:00+00:00,0.04573734509364688,0.0391
21,2018-04-05T09:00:00+00:00,0.0567091332730227,0.0522
21,2018-04-05T10:00:00+00:00,0.055001289881053406,0.0437
21,2018-04-05T11:00:00+00:00,0.05260588437859212,0.0414
21,2018-04-05T12:00:00+00:00,0.0642692042891241,0.048
21,2018-04-05T13:00:00+00:00,0.06575851907138677,0.0551
21,2018-04-05T14:00:00+00:00,0.07239154737313946,0.0623
21,2018-04-05T15:00:00+00:00,0.0766759304448901,0.0611
21,2018-04-05T16:00:00+00:00,0.07605966067457672,0.0675
21,2018-04-05T17:00:00+00:00,0.07337401229990759,0.0648
21,2018-04-05T18:00:00+00:00,0.06884800977054589,0.0717
21,2018-04-05T19:00:00+00:00,0.06718737363805088,0.0625
21,2018-04-05T20:00:00+00:00,0.06118058876547579,0.0537
21,2018-04-05T21:00:00+00:00,0.0557486250168264,0.0431
21,2018-04-05T22:00:00+00:00,0.04262030098696796,0.0316
21,2018-04-05T23:00:00+00:00,0.03615534293596651,0.0196
21,2018-04-06T00:00:00+00:00,0.02456027836037994,0.0121
21,2018-04-06T01:00:00+00:00,0.01781192845310249,0.0086
21,2018-04-06T02:00:00+00:00,0.01551774253358552,0.0054
21,2018-04-06T03:00:00+00:00,0.019874370403827238,0.0042
21,2018-04-06T04:00:00+00:00,0.020939714869213574,0.0055
21,2018-04-06T05:00:00+00:00,0.016253589685326454,0.0088
21,2018-04-06T06:00:00+00:00,0.025838441907408954,0.0205
21,2018-04-06T07:00:00+00:00,0.038781347786265546,0.0314
21,2018-04-06T08:00:00+00:00,0.04694904334251512,0.0393
21,2018-04-06T09:00:00+00:00,0.054353557655562754,0.0507
21,2018-04-06T10:00:00+00:00,0.06243803216675971,0.0464
21,2018-04-06T11:00:00+00:00,0.06357828977601912,0.0459
21,2018-04-06T12:00:00+00:00,0.07348068763090493,0.0485
21,2018-04-06T13:00:00+00:00,0.07462669132090474,0.0589
21,2018-04-06T14:00:00+00:00,0.08144701553686742,0.0581
21,2018-04-06T15:00:00+00:00,0.08062650194281021,0.0683
21,2018-04-06T16:00:00+00:00,0.08193166225231457,0.068
21,2018-04-06T17:00:00+00:00,0.08059852974605432,0.0711
21,2018-04-06T18:00:00+00:00,0.07428460422112239,0.0727
21,2018-04-06T19:00:00+00:00,0.07078336328701049,0.064
21,2018-04-06T20:00:00+00:00,0.05735288230114077,0.0533
21,2018-04-06T21:00:00+00:00,0.05340889446243323,0.0433
21,2018-04-06T22:00:00+00:00,0.043520345894479145,0.0333
21,2018-04-06T23:00:00+00:00,0.03323887276431428,0.02
21,2018-04-07T00:00:00+00:00,0.01800278981981116,0.014
21,2018-04-07T01:00:00+00:00,0.0190926715747278,0.0091
21,2018-04-07T02:00:00+00:00,0.017677149335713977,0.0049
21,2018-04-07T03:00:00+00:00,0.01579877413132403,0.0049
21,2018-04-07T04:00:00+00:00,0.019346811890571615,0.0061
21,2018-04-07T05:00:00+00:00,0.015808549361373127,0.0103
21,2018-04-07T06:00:00+00:00,0.01997335714042059,0.0172
21,2018-04-07T07:00:00+00:00,0.03177115173676423,0.0303
21,2018-04-07T08:00:00+00:00,0.04439762370636316,0.0373
21,2018-04-07T09:00:00+00:00,0.053662689094393895,0.0434
21,2018-04-07T10:00:00+00:00,0.058404839087681015,0.0423
21,2018-04-07T11:00:00+00:00,0.0628374819039007,0.0442
21,2018-04-07T12:00:00+00:00,0.06840037107347695,0.0531
21,2018-04-07T13:00:00+00:00,0.07101995309633988,0.0565
21,2018-04-07T14:00:00+00:00,0.07649424066688776,0.065
21,2018-04-07T15:00:00+00:00,0.08115239678710555,0.0698
21,2018-04-07T16:00:00+00:00,0.07539291061370208,0.0729
21,2018-04-07T17:00:00+00:00,0.07435106743055879,0.0744
21,2018-04-07T18:00:00+00:00,0.06798404653215503,0.0716
21,2018-04-07T19:00:00+00:00,0.0679578706383569,0.0633
21,2018-04-07T20:00:00+00:00,0.057024994349622035,0.0551
21,2018-04-07T21:00:00+00:00,0.04342699766932116,0.0403
21,2018-04-07T22:00:00+00:00,0.03528871187437476,0.0352
21,2018-04-07T23:00:00+00:00,0.026087355190518188,0.0277
21,2018-04-08T00:00:00+00:00,0.01795674597981066,0.0184
21,2018-04-08T01:00:00+00:00,0.01353967251504097,0.013
21,2018-04-08T02:00:00+00:00,0.01406872342185858,0.0078
21,2018-04-08T03:00:00+00:00,0.011225380534743524,0.006
21,2018-04-08T04:00:00+00:00,0.005080925750252565,0.0053
21,2018-04-08T05:00:00+00:00,0.002542290151603909,0.0057
21,2018-04-08T06:00:00+00:00,0.003812907137486044,0.0099
21,2018-04-08T07:00:00+00:00,0.012966000189518469,0.0163
21,2018-04-08T08:00:00+00:00,0.02394475635339082,0.0223
21,2018-04-08T09:00:00+00:00,0.03361506090033363,0.0323
22,2018-04-05T10:00:00+00:00,0.049950211287349194,0.0437
22,2018-04-05T11:00:00+00:00,0.04995403574166969,0.0414
22,2018-04-05T12:00:00+00:00,0.053018025205002,0.048
22,2018-04-05T13:00:00+00:00,0.057566022001974165,0.0551
22,2018-04-05T14:00:00+00:00,0.06442993580680323,0.0623
22,2018-04-05T15:00:00+00:00,0.06237769936334769,0.0611
22,2018-04-05T16:00:00+00:00,0.06462404931735516,0.0675
22,2018-04-05T17:00:00+00:00,0.06676375944867954,0.0648
22,2018-04-05T18:00:00+00:00,0.06681931951690734,0.0717
22,2018-04-05T19:00:00+00:00,0.06855891778546562,0.0625
22,2018-04-05T20:00:00+00:00,0.05590192485319896,0.0537
22,2018-04-05T21:00:00+00:00,0.041498803255632905,0.0431
22,2018-04-05T22:00:00+00:00,0.03526654998663364,0.0316
22,2018-04-05T23:00:00+00:00,0.0245049955703122,0.0196
22,2018-04-06T00:00:00+00:00,0.014524614668911279,0.0121
22,2018-04-06T01:00:00+00:00,0.010028685593021152,0.0086
22,2018-04-06T02:00:00+00:00,0.004481622687992348,0.0054
22,2018-04-06T03:00:00+00:00,0.005356944409504353,0.0042
22,2018-04-06T04:00:00+00:00,0.01459943904199865,0.0055
22,2018-04-06T05:00:00+00:00,0.014457631367106882,0.0088
22,2018-04-06T06:00:00+00:00,0.024611095457745764,0.0205
22,2018-04-06T07:00:00+00:00,0.0312670127844107,0.0314
22,2018-04-06T08:00:00+00:00,0.04388523037639204,0.0393
22,2018-04-06T09:00:00+00:00,0.04944847671783546,0.0507
22,2018-04-06T10:00:00+00:00,0.05360512593949579,0.0464
22,2018-04-06T11:00:00+00:00,0.05069687803132396,0.0459
22,2018-04-06T12:00:00+00:00,0.05844070666255348,0.0485
22,2018-04-06T13:00:00+00:00,0.06105137192108316,0.0589
22,2018-04-06T14:00:00+00:00,0.0684996314329627,0.0581
22,2018-04-06T15:00:00+00:00,0.07106232078145011,0.0683
22,2018-04-06T16:00:00+00:00,0.07338680782539493,0.068
22,2018-04-06T17:00:00+00:00,0.07098591106656632,0.0711
22,2018-04-06T18:00:00+00:00,0.06902629910527475,0.0727
22,2018-04-06T19:00:00+00:00,0.06389999092595548,0.064
22,2018-04-06T20:00:00+00:00,0.05549868825877613,0.0533
22,2018-04-06T21:00:00+00:00,0.047197978557230236,0.0433
22,2018-04-06T22:00:00+00:00,0.038696712674814795,0.0333
22,2018-04-06T23:00:00+00:00,0.02859771729392066,0.02
22,2018-04-07T00:00:00+00:00,0.024175776057007933,0.014
22,2018-04-07T01:00:00+00:00,0.0107800185472373,0.0091
22,2018-04-07T02:00:00+00:00,0.009623331032087675,0.0049
22,2018-04-07T03:00:00+00:00,0.013785467332666591,0.0049
22,2018-04-07T04:00:00+00:00,0.009025404439186934,0.0061
22,2018-04-07T05:00:00+00:00,0.011432736557797866,0.0103
22,2018-04-07T06:00:00+00:00,0.021944110879679995,0.0172
22,2018-04-07T07:00:00+00:00,0.028155808489978257,0.0303
22,2018-04-07T08:00:00+00:00,0.038430918321351544,0.0373
22,2018-04-07T09:00:00+00:00,0.04468533086718647,0.0434
22,2018-04-07T10:00:00+00:00,0.047492288175785435,0.0423
22,2018-04-07T11:00:00+00:00,0.05246609023399252,0.0442
22,2018-04-07T12:00:00+00:00,0.05643458298700264,0.0531
22,2018-04-07T13:00:00+00:00,0.06208689462428445,0.0565
22,2018-04-07T14:00:00+00:00,0.06354899750546172,0.065
22,2018-04-07T15:00:00+00:00,0.06591984378678684,0.0698
22,2018-04-07T16:00:00+00:00,0.06742574304054305,0.0729
22,2018-04-07T17:00:00+00:00,0.06474398804809861,0.0744
22,2018-04-07T18:00:00+00:00,0.06737835823949737,0.0716
22,2018-04-07T19:00:00+00:00,0.058274333500352424,0.0633
22,2018-04-07T20:00:00+00:00,0.053553599198025444,0.0551
22,2018-04-07T21:00:00+00:00,0.04476412381657583,0.0403
22,2018-04-07T22:00:00+00:00,0.037505896447830284,0.0352
22,2018-04-07T23:00:00+00:00,0.026427480455936524,0.0277
22,2018-04-08T00:00:00+00:00,0.020056243989574098,0.0184
22,2018-04-08T01:00:00+00:00,0.015206837999914916,0.013
22,2018-04-08T02:00:00+00:00,0.010822801888497068,0.0078
22,2018-04-08T03:00:00+00:00,0.008281818563657138,0.006
22,2018-04-08T04:00:00+00:00,0.006258531839962389,0.0053
22,2018-04-08T05:00:00+00:00,0.004717195288553803,0.0057
22,2018-04-08T06:00:00+00:00,0.009885518158564862,0.0099
22,2018-04-08T07:00:00+00:00,0.014073554641325153,0.0163
22,2018-04-08T08:00:00+00:00,0.024600296752755626,0.0223
22,2018-04-08T09:00:00+00:00,0.03128904412687873,0.0323
22,2018-04-08T10:00:00+00:00,0.03826446056581353,0.0374
22,2018-04-08T11:00:00+00:00,0.04006694614768768,0.0489
22,2018-04-08T12:00:00+00:00,0.04949430124177717,0.0524
22,2018-04-08T13:00:00+00:00,0.05361737630792271,0.0571
22,2018-04-08T14:00:00+00:00,0.05777789384711529,0.0561
22,2018-04-08T15:00:00+00:00,0.05819022265871841,0.0571
22,2018-04-08T16:00:00+00:00,0.0569209863196445,0.0584
22,2018-04-08T17:00:00+00:00,0.05597956691546074,0.059
22,2018-04-08T18:00:00+00:00,0.05148920637873961,0.0537
22,2018-04-08T19:00:00+00:00,0.050747189135211285,0.0491
22,2018-04-08T20:00:00+00:00,0.04229477433834891,0.044
22,2018-04-08T21:00:00+00:00,0.03599365791561272,0.0363
22,2018-04-08T22:00:00+00:00,0.0295108308276305,0.0304
22,2018-04-08T23:00:00+00:00,0.021845320483177375,0.024
22,2018-04-09T00:00:00+00:00,0.021005993748724368,0.0201
22,2018-04-09T01:00:00+00:00,0.012308559573158542,0.013
22,2018-04-09T02:00:00+00:00,0.007159714057892751,0.0076
22,2018-04-09T03:00:00+00:00,0.006948815558307796,0.0057
22,2018-04-09T04:00:00+00:00,0.0063235141438208395,0.0042
22,2018-04-09T05:00:00+00:00,0.005609769873357595,0.0039
22,2018-04-09T06:00:00+00:00,0.014153425372489153,0.0049
22,2018-04-09T07:00:00+00:00,0.013413258738752164,0.0097
22,2018-04-09T08:00:00+00:00,0.022908391372087545,0.0145
22,2018-04-09T09:00:00+00:00,0.02935000479517366,0.0225
23,2018-04-06T10:00:00+00:00,0.043136462375701595,0.0464
23,2018-04-06T11:00:00+00:00,0.04834699836521955,0.0459
23,2018-04-06T12:00:00+00:00,0.05780149225504151,0.0485
23,2018-04-06T13:00:00+00:00,0.059712441115973285,0.0589
23,2018-04-06T14:00:00+00:00,0.06258765793696638,0.0581
23,2018-04-06T15:00:00+00:00,0.0652266964273309,0.0683
23,2018-04-06T16:00:00+00:00,0.06272628448464346,0.068
23,2018-04-06T17:00:00+00:00,0.0654232537453951,0.0711
23,2018-04-06T18:00:00+00:00,0.06336835835581722,0.0727
23,2018-04-06T19:00:00+00:00,0.06113789315063955,0.064
23,2018-04-06T20:00:00+00:00,0.05355525137900169,0.0533
23,2018-04-06T21:00:00+00:00,0.045084686611730845,0.0433
23,2018-04-06T22:00:00+00:00,0.03407726949424177,0.0333
23,2018-04-06T23:00:00+00:00,0.027036123249214807,0.02
23,2018-04-07T00:00:00+00:00,0.019104825861833718,0.014
23,2018-04-07T01:00:00+00:00,0.015525259852591228,0.0091
23,2018-04-07T02:00:00+00:00,0.008420973558599679,0.0049
23,2018-04-07T03:00:00+00:00,0.00839640598256602,0.0049
23,2018-04-07T04:00:00+00:00,0.00558475948775761,0.0061
23,2018-04-07T05:00:00+00:00,0.011496237956078362,0.0103
23,2018-04-07T06:00:00+00:00,0.01569346691478867,0.0172
23,2018-04-07T07:00:00+00:00,0.028184544637672275,0.0303
23,2018-04-07T08:00:00+00:00,0.03535060652143405,0.0373
23,2018-04-07T09:00:00+00:00,0.043953599546815575,0.0434
23,2018-04-07T10:00:00+00:00,0.04772098887317135,0.0423
23,2018-04-07T11:00:00+00:00,0.04963258941610638,0.0442
23,2018-04-07T12:00:00+00:00,0.05479056265686674,0.0531
23,2018-04-07T13:00:00+00:00,0.059928408949602927,0.0565
23,2018-04-07T14:00:00+00:00,0.06325184304431532,0.065
23,2018-04-07T15:00:00+00:00,0.06787406683920519,0.0698
23,2018-04-07T16:00:00+00:00,0.07192024342896447,0.0729
23,2018-04-07T17:00:00+00:00,0.0663205196051327,0.0744
23,2018-04-07T18:00:00+00:00,0.06548561470016986,0.0716
23,2018-04-07T19:00:00+00:00,0.06103657748637424,0.0633
23,2018-04-07T20:00:00+00:00,0.05459254114301955,0.0551
23,2018-04-07T21:00:00+00:00,0.04679811943011282,0.0403
23,2018-04-07T22:00:00+00:00,0.03989759655326014,0.0352
23,2018-04-07T23:00:00+00:00,0.027982822948604567,0.0277
23,2018-04-08T00:00:00+00:00,0.02196533336363595,0.0184
23,2018-04-08T01:00:00+00:00,0.01651784464892941,0.013
23,2018-04-08T02:00:00+00:00,0.011203162773625517,0.0078
23,2018-04-08T03:00:00+00:00,0.007802015600022791,0.006
23,2018-04-08T04:00:00+00:00,0.004282899362757008,0.0053
23,2018-04-08T05:00:00+00:00,0.008274894442372355,0.0057
23,2018-04-08T06:00:00+00:00,0.010990743682699596,0.0099
23,2018-04-08T07:00:00+00:00,0.016489623893973557,0.0163
23,2018-04-08T08:00:00+00:00,0.022445423526871094,0.0223
23,2018-04-08T09:00:00+00:00,0.03298135733097995,0.0323
23,2018-04-08T10:00:00+00:00,0.033007338190140095,0.0374
23,2018-04-08T11:00:00+00:00,0.04183448110468756,0.0489
23,2018-04-08T12:00:00+00:00,0.04577967622608066,0.0524
23,2018-04-08T13:00:00+00:00,0.056802528494478984,0.0571
23,2018-04-08T14:00:00+00:00,0.05594360534799166,0.0561
23,2018-04-08T15:00:00+00:00,0.05553469786690572,0.0571
23,2018-04-08T16:00:00+00:00,0.054998990195522623,0.0584
23,2018-04-08T17:00:00+00:00,0.055572274018312405,0.059
23,2018-04-08T18:00:00+00:00,0.056503711408734475,0.0537
23,2018-04-08T19:00:00+00:00,0.045987257831366896,0.0491
23,2018-04-08T20:00:00+00:00,0.04353158009850032,0.044
23,2018-04-08T21:00:00+00:00,0.03824618318321852,0.0363
23,2018-04-08T22:00:00+00:00,0.03182035268364918,0.0304
23,2018-04-08T23:00:00+00:00,0.022937167727725676,0.024
23,2018-04-09T00:00:00+00:00,0.017367556520947396,0.0201
23,2018-04-09T01:00:00+00:00,0.01241530383206009,0.013
23,2018-04-09T02:00:00+00:00,0.010940551636101328,0.0076
23,2018-04-09T03:00:00+00:00,0.0038150000393042498,0.0057
23,2018-04-09T04:00:00+00:00,0.004238739552137768,0.0042
23,2018-04-09T05:00:00+00:00,0.005442506914575148,0.0039
23,2018-04-09T06:00:00+00:00,0.008551654598775302,0.0049
23,2018-04-09T07:00:00+00:00,0.01548455688080345,0.0097
23,2018-04-09T08:00:00+00:00,0.023118477357892776,0.0145
23,2018-04-09T09:00:00+00:00,0.027254451863563046,0.0225
23,2018-04-09T10:00:00+00:00,0.03286347468828768,0.0292
23,2018-04-09T11:00:00+00:00,0.036195245404139695,0.0344
23,2018-04-09T12:00:00+00:00,0.04642197567948633,0.041
23,2018-04-09T13:00:00+00:00,0.047965655779637455,0.0453
23,2018-04-09T14:00:00+00:00,0.05432407739981211,0.0495
23,2018-04-09T15:00:00+00:00,0.05222674748594418,0.0456
23,2018-04-09T16:00:00+00:00,0.04962119124722221,0.0466
23,2018-04-09T17:00:00+00:00,0.05236440277678945,0.044
23,2018-04-09T18:00:00+00:00,0.04915020687787576,0.0455
23,2018-04-09T19:00:00+00:00,0.043397713753661256,0.0344
23,2018-04-09T20:00:00+00:00,0.03867549854575632,0.0353
23,2018-04-09T21:00:00+00:00,0.031023071448572432,0.0262
23,2018-04-09T22:00:00+00:00,0.0251842320254675,0.0211
23,2018-04-09T23:00:00+00:00,0.01827462894159965,0.0132
23,2018-04-10T00:00:00+00:00,0.014987991904104143,0.0099
23,2018-04-10T01:00:00+00:00,0.006387633804514698,0.0059
23,2018-04-10T02:00:00+00:00,0.005683633433235011,0.0039
23,2018-04-10T03:00:00+00:00,0.006668577675829686,0.0028
23,2018-04-10T04:00:00+00:00,0.006589490216304235,0.0045
23,2018-04-10T05:00:00+00:00,0.012548727367332823,0.0083
23,2018-04-10T06:00:00+00:00,0.018087865652103872,0.0146
23,2018-04-10T07:00:00+00:00,0.024877904931252578,0.0227
23,2018-04-10T08:00:00+00:00,0.035594808164546854,0.0358
23,2018-04-10T09:00:00+00:00,0.04349376687687769,0.043
24,2018-04-07T10:00:00+00:00,0.04314964013774855,0.0423
24,2018-04-07T11:00:00+00:00,0.048385664830747105,0.0442
24,2018-04-07T12:00:00+00:00,0.05824737851236447,0.0531
24,2018-04-07T13:00:00+00:00,0.06412105315832226,0.0565
24,2018-04-07T14:00:00+00:00,0.06709638044961949,0.065
24,2018-04-07T15:00:00+00:00,0.06854341527319543,0.0698
24,2018-04-07T16:00:00+00:00,0.06560128407830212,0.0729
24,2018-04-07T17:00:00+00:00,0.061265979995148295,0.0744
24,2018-04-07T18:00:00+00:00,0.06049199900259403,0.0716
24,2018-04-07T19:00:00+00:00,0.059762014900158186,0.0633
24,2018-04-07T20:00:00+00:00,0.05025718066430773,0.0551
24,2018-04-07T21:00:00+00:00,0.04978094524189643,0.0403
24,2018-04-07T22:00:00+00:00,0.032615423003980855,0.0352
24,2018-04-07T23:00:00+00:00,0.029477014380088852,0.0277
24,2018-04-08T00:00:00+00:00,0.017681230703131913,0.0184
24,2018-04-08T01:00:00+00:00,0.01436658804929061,0.013
24,2018-04-08T02:00:00+00:00,0.009765800832604563,0.0078
24,2018-04-08T03:00:00+00:00,0.004676212427700513,0.006
24,2018-04-08T04:00:00+00:00,0.003494489462258471,0.0053
24,2018-04-08T05:00:00+00:00,0.008557035152751045,0.0057
24,2018-04-08T06:00:00+00:00,0.012820537246980138,0.0099
24,2018-04-08T07:00:00+00:00,0.02244682088347427,0.0163
24,2018-04-08T08:00:00+00:00,0.030649466542417018,0.0223
24,2018-04-08T09:00:00+00:00,0.04014080866320291,0.0323
24,2018-04-08T10:00:00+00:00,0.04336495942246148,0.0374
24,2018-04-08T11:00:00+00:00,0.049170425729772184,0.0489
24,2018-04-08T12:00:00+00:00,0.05517857453936055,0.0524
24,2018-04-08T13:00:00+00:00,0.06011569024274234,0.0571
24,2018-04-08T14:00:00+00:00,0.0597327288957739,0.0561
24,2018-04-08T15:00:00+00:00,0.0627413107677574,0.0571
24,2018-04-08T16:00:00+00:00,0.06372294020477773,0.0584
24,2018-04-08T17:00:00+00:00,0.056642707660624944,0.059
24,2018-04-08T18:00:00+00:00,0.05598889933594352,0.0537
24,2018-04-08T19:00:00+00:00,0.051463354237218734,0.0491
24,2018-04-08T20:00:00+00:00,0.045216848557484424,0.044
24,2018-04-08T21:00:00+00:00,0.038653435350241655,0.0363
24,2018-04-08T22:00:00+00:00,0.03353513847324148,0.0304
24,2018-04-08T23:00:00+00:00,0.024598333351848328,0.024
24,2018-04-09T00:00:00+00:00,0.020184713070642457,0.0201
24,2018-04-09T01:00:00+00:00,0.012232458989481425,0.013
24,2018-04-09T02:00:00+00:00,0.005768005365415208,0.0076
24,2018-04-09T03:00:00+00:00,0.005496205929389743,0.0057
24,2018-04-09T04:00:00+00:00,0.0014207683999386093,0.0042
24,2018-04-09T05:00:00+00:00,0.001660006711768476,0.0039
24,2018-04-09T06:00:00+00:00,0.009300677423838825,0.0049
24,2018-04-09T07:00:00+00:00,0.0177992728721479,0.0097
24,2018-04-09T08:00:00+00:00,0.023811957868885653,0.0145
24,2018-04-09T09:00:00+00:00,0.034052219422878775,0.0225
24,2018-04-09T10:00:00+00:00,0.03418793898841464,0.0292
24,2018-04-09T11:00:00+00:00,0.038059217287458896,0.0344
24,2018-04-09T12:00:00+00:00,0.04621048607090481,0.041
24,2018-04-09T13:00:00+00:00,0.054622551934760025,0.0453
24,2018-04-09T14:00:00+00:00,0.054332866751958836,0.0495
24,2018-04-09T15:00:00+00:00,0.05815776805946565,0.0456
24,2018-04-09T16:00:00+00:00,0.054054166170616647,0.0466
24,2018-04-09T17:00:00+00:00,0.053400644001173836,0.044
24,2018-04-09T18:00:00+00:00,0.05155383777690399,0.0455
24,2018-04-09T19:00:00+00:00,0.045980606288612336,0.0344
24,2018-04-09T20:00:00+00:00,0.04280870705818032,0.0353
24,2018-04-09T21:00:00+00:00,0.0355718891142218,0.0262
24,2018-04-09T22:00:00+00:00,0.027937313822042648,0.0211
24,2018-04-09T23:00:00+00:00,0.02035762185139557,0.0132
24,2018-04-10T00:00:00+00:00,0.01135644172275439,0.0099
24,2018-04-10T01:00:00+00:00,0.007852257776005917,0.0059
24,2018-04-10T02:00:00+00:00,0.003437511150183814,0.0039
24,2018-04-10T03:00:00+00:00,-0.0014389667960280142,0.0028
24,2018-04-10T04:00:00+00:00,0.0014870979310153618,0.0045
24,2018-04-10T05:00:00+00:00,0.004348721333811981,0.0083
24,2018-04-10T06:00:00+00:00,0.014207310283772631,0.0146
24,2018-04-10T07:00:00+00:00,0.0292354152875404,0.0227
24,2018-04-10T08:00:00+00:00,0.03132335690754867,0.0358
24,2018-04-10T09:00:00+00:00,0.03803800106967605,0.043
24,2018-04-10T10:00:00+00:00,0.03846791589610789,0.0402
24,2018-04-10T11:00:00+00:00,0.04092472258449617,0.0443
24,2018-04-10T12:00:00+00:00,0.05019040414621591,0.0489
24,2018-04-10T13:00:00+00:00,0.05317491555856567,0.0546
24,2018-04-10T14:00:00+00:00,0.05748825670497458,0.0556
24,2018-04-10T15:00:00+00:00,0.06050069436214411,0.065
24,2018-04-10T16:00:00+00:00,0.05932315093416537,0.0709
24,2018-04-10T17:00:00+00:00,0.05828179024635142,0.069
24,2018-04-10T18:00:00+00:00,0.054505986493873254,0.0694
24,2018-04-10T19:00:00+00:00,0.05202313027951118,0.0595
24,2018-04-10T20:00:00+00:00,0.04598731213820051,0.0458
24,2018-04-10T21:00:00+00:00,0.03456735994757683,0.0365
24,2018-04-10T22:00:00+00:00,0.02870583280037076,0.0267
24,2018-04-10T23:00:00+00:00,0.019812986972057384,0.0172
24,2018-04-11T00:00:00+00:00,0.009644333155622652,0.0105
24,2018-04-11T01:00:00+00:00,0.008894211661540793,0.0076
24,2018-04-11T02:00:00+00:00,0.00607541755194007,0.006
24,2018-04-11T03:00:00+00:00,0.0038712180557084162,0.0044
24,2018-04-11T04:00:00+00:00,0.005831786652761215,0.0053
24,2018-04-11T05:00:00+00:00,0.00903856340271457,0.0104
24,2018-04-11T06:00:00+00:00,0.02051569860040111,0.019
24,2018-04-11T07:00:00+00:00,0.031378665806671036,0.0302
24,2018-04-11T08:00:00+00:00,0.04475626394677353,0.038
24,2018-04-11T09:00:00+00:00,0.04545222899540388,0.0501
25,2018-04-08T10:00:00+00:00,0.03644692885794393,0.0374
25,2018-04-08T11:00:00+00:00,0.04043271311564667,0.0489
25,2018-04-08T12:00:00+00:00,0.04943675688539839,0.0524
25,2018-04-08T13:00:00+00:00,0.05766523223207505,0.0571
25,2018-04-08T14:00:00+00:00,0.0574592652107264,0.0561
25,2018-04-08T15:00:00+00:00,0.06060431180066456,0.0571
25,2018-04-08T16:00:00+00:00,0.05946976267510691,0.0584
25,2018-04-08T17:00:00+00:00,0.05789031108140431,0.059
25,2018-04-08T18:00:00+00:00,0.056272195110898524,0.0537
25,2018-04-08T19:00:00+00:00,0.05101669097443033,0.0491
25,2018-04-08T20:00:00+00:00,0.04238165169541028,0.044
25,2018-04-08T21:00:00+00:00,0.035279183635982356,0.0363
25,2018-04-08T22:00:00+00:00,0.029340906311820264,0.0304
25,2018-04-08T23:00:00+00:00,0.021767787034582806,0.024
25,2018-04-09T00:00:00+00:00,0.014402031613116073,0.0201
25,2018-04-09T01:00:00+00:00,0.01244396321913353,0.013
25,2018-04-09T02:00:00+00:00,0.010295317524956556,0.0076
25,2018-04-09T03:00:00+00:00,0.005528299179326582,0.0057
25,2018-04-09T04:00:00+00:00,0.001978898527427917,0.0042
25,2018-04-09T05:00:00+00:00,-0.0001159165622991766,0.0039
25,2018-04-09T06:00:00+00:00,0.007043745992175644,0.0049
25,2018-04-09T07:00:00+00:00,0.010906148257011857,0.0097
25,2018-04-09T08:00:00+00:00,0.02362229020815413,0.0145
25,2018-04-09T09:00:00+00:00,0.028907831245417424,0.0225
25,2018-04-09T10:00:00+00:00,0.032944836246470384,0.0292
25,2018-04-09T11:00:00+00:00,0.03971731144239626,0.0344
25,2018-04-09T12:00:00+00:00,0.04723471295271603,0.041
25,2018-04-09T13:00:00+00:00,0.050710352392231386,0.0453
25,2018-04-09T14:00:00+00:00,0.05244977938539136,0.0495
25,2018-04-09T15:00:00+00:00,0.052046503105205505,0.0456
25,2018-04-09T16:00:00+00:00,0.04979223688583777,0.0466
25,2018-04-09T17:00:00+00:00,0.05071099154188844,0.044
25,2018-04-09T18:00:00+00:00,0.052296673800385156,0.0455
25,2018-04-09T19:00:00+00:00,0.04443736482057879,0.0344
25,2018-04-09T20:00:00+00:00,0.041538837835622455,0.0353
25,2018-04-09T21:00:00+00:00,0.030211768606803458,0.0262
25,2018-04-09T22:00:00+00:00,0.025378782079412646,0.0211
25,2018-04-09T23:00:00+00:00,0.02223719023958158,0.0132
25,2018-04-10T00:00:00+00:00,0.013793813875246978,0.0099
25,2018-04-10T01:00:00+00:00,0.008246397975799732,0.0059
25,2018-04-10T02:00:00+00:00,0.00792899542061572,0.0039
25,2018-04-10T03:00:00+00:00,0.006243384410835023,0.0028
25,2018-04-10T04:00:00+00:00,0.005594856381359609,0.0045
25,2018-04-10T05:00:00+00:00,0.005246118783184872,0.0083
25,2018-04-10T06:00:00+00:00,0.013744403011562895,0.0146
25,2018-04-10T07:00:00+00:00,0.022414146968162716,0.0227
25,2018-04-10T08:00:00+00:00,0.029956259654316548,0.0358
25,2018-04-10T09:00:00+00:00,0.0399635490695882,0.043
25,2018-04-10T10:00:00+00:00,0.04118100488718088,0.0402
25,2018-04-10T11:00:00+00:00,0.04485467628416528,0.0443
25,2018-04-10T12:00:00+00:00,0.04679652782214329,0.0489
25,2018-04-10T13:00:00+00:00,0.05446661403950882,0.0546
25,2018-04-10T14:00:00+00:00,0.058598369844133864,0.0556
25,2018-04-10T15:00:00+00:00,0.05623852696278711,0.065
25,2018-04-10T16:00:00+00:00,0.059257755062881765,0.0709
25,2018-04-10T17:00:00+00:00,0.05987120923274511,0.069
25,2018-04-10T18:00:00+00:00,0.05610397551635486,0.0694
25,2018-04-10T19:00:00+00:00,0.053026449030384046,0.0595
25,2018-04-10T20:00:00+00:00,0.04538466920567351,0.0458
25,2018-04-10T21:00:00+00:00,0.03582596990142109,0.0365
25,2018-04-10T22:00:00+00:00,0.027017593130971095,0.0267
25,2018-04-10T23:00:00+00:00,0.020589915154696964,0.0172
25,2018-04-11T00:00:00+00:00,0.013050365855525558,0.0105
25,2018-04-11T01:00:00+00:00,0.0094366220494255,0.0076
25,2018-04-11T02:00:00+00:00,0.005180940139235691,0.006
25,2018-04-11T03:00:00+00:00,0.0013304916439659323,0.0044
25,2018-04-11T04:00:00+00:00,0.005754604109860718,0.0053
25,2018-04-11T05:00:00+00:00,0.010401788160965708,0.0104
25,2018-04-11T06:00:00+00:00,0.019832042404480017,0.019
25,2018-04-11T07:00:00+00:00,0.03253104271690317,0.0302
25,2018-04-11T08:00:00+00:00,0.038450438494946386,0.038
25,2018-04-11T09:00:00+00:00,0.04401048491065579,0.0501
25,2018-04-11T10:00:00+00:00,0.04638757021167249,0.0421
25,2018-04-11T11:00:00+00:00,0.04544422082617135,0.0442
25,2018-04-11T12:00:00+00:00,0.05383691377149977,0.0495
25,2018-04-11T13:00:00+00:00,0.05816737828028956,0.0528
25,2018-04-11T14:00:00+00:00,0.06367116908255616,0.056
25,2018-04-11T15:00:00+00:00,0.06289853113977145,0.0654
25,2018-04-11T16:00:00+00:00,0.06477503066967762,0.075
25,2018-04-11T17:00:00+00:00,0.06727907699276792,0.0719
25,2018-04-11T18:00:00+00:00,0.061390772921326386,0.074
25,2018-04-11T19:00:00+00:00,0.06047691423519774,0.0618
25,2018-04-11T20:00:00+00:00,0.05375314756938672,0.055
25,2018-04-11T21:00:00+00:00,0.04125972473121731,0.04
25,2018-04-11T22:00:00+00:00,0.029252408104648187,0.0295
25,2018-04-11T23:00:00+00:00,0.024705696917525423,0.0208
25,2018-04-12T00:00:00+00:00,0.013728677005785186,0.0126
25,2018-04-12T01:00:00+00:00,0.007544133334471077,0.0084
25,2018-04-12T02:00:00+00:00,0.004827106053599459,0.0046
25,2018-04-12T03:00:00+00:00,0.0021486282696907034,0.0043
25,2018-04-12T04:00:00+00:00,0.0028747732967354667,0.0063
25,2018-04-12T05:00:00+00:00,0.005687662582543711,0.0097
25,2018-04-12T06:00:00+00:00,0.016368471614371438,0.0199
25,2018-04-12T07:00:00+00:00,0.030753474572394565,0.0323
25,2018-04-12T08:00:00+00:00,0.03939850422007378,0.0399
25,2018-04-12T09:00:00+00:00,0.046809772423370075,0.0509
26,2018-04-09T10:00:00+00:00,0.030517536967249546,0.0292
26,2018-04-09T11:00:00+00:00,0.03720807777233438,0.0344
26,2018-04-09T12:00:00+00:00,0.0426897437617174,0.041
26,2018-04-09T13:00:00+00:00,0.052104179051219564,0.0453
26,2018-04-09T14:00:00+00:00,0.05463924710864517,0.0495
26,2018-04-09T15:00:00+00:00,0.052342613204167186,0.0456
26,2018-04-09T16:00:00+00:00,0.05143220717942126,0.0466
26,2018-04-09T17:00:00+00:00,0.04613113752083318,0.044
26,2018-04-09T18:00:00+00:00,0.045767375728268875,0.0455
26,2018-04-09T19:00:00+00:00,0.04174632440394989,0.0344
26,2018-04-09T20:00:00+00:00,0.03429390310876419,0.0353
26,2018-04-09T21:00:00+00:00,0.028470391789444584,0.0262
26,2018-04-09T22:00:00+00:00,0.021662202017706314,0.0211
26,2018-04-09T23:00:00+00:00,0.016449413861136974,0.0132
26,2018-04-10T00:00:00+00:00,0.00995996029509262,0.0099
26,2018-04-10T01:00:00+00:00,0.006688190797658967,0.0059
26,2018-04-10T02:00:00+00:00,0.0038208630886093393,0.0039
26,2018-04-10T03:00:00+00:00,-0.0009657997097154668,0.0028
26,2018-04-10T04:00:00+00:00,0.007798640221441732,0.0045
26,2018-04-10T05:00:00+00:00,0.001250691929430496,0.0083
26,2018-04-10T06:00:00+00:00,0.011112551821753722,0.0146
26,2018-04-10T07:00:00+00:00,0.01837918003991326,0.0227
26,2018-04-10T08:00:00+00:00,0.032915178188057795,0.0358
26,2018-04-10T09:00:00+00:00,0.04002089708587625,0.043
26,2018-04-10T10:00:00+00:00,0.04040716906097029,0.0402
26,2018-04-10T11:00:00+00:00,0.042765440177229025,0.0443
26,2018-04-10T12:00:00+00:00,0.05257558325416428,0.0489
26,2018-04-10T13:00:00+00:00,0.05655755454553056,0.0546
26,2018-04-10T14:00:00+00:00,0.05592455618174212,0.0556
26,2018-04-10T15:00:00+00:00,0.0606597319243596,0.065
26,2018-04-10T16:00:00+00:00,0.06074908964160971,0.0709
26,2018-04-10T17:00:00+00:00,0.056300777215170295,0.069
26,2018-04-10T18:00:00+00:00,0.05541168662261477,0.0694
26,2018-04-10T19:00:00+00:00,0.05062668853761243,0.0595
26,2018-04-10T20:00:00+00:00,0.04622994671585512,0.0458
26,2018-04-10T21:00:00+00:00,0.03921022764977232,0.0365
26,2018-04-10T22:00:00+00:00,0.028332231027301903,0.0267
26,2018-04-10T23:00:00+00:00,0.020253145947159264,0.0172
26,2018-04-11T00:00:00+00:00,0.013335111205192977,0.0105
26,2018-04-11T01:00:00+00:00,0.00776362275738764,0.0076
26,2018-04-11T02:00:00+00:00,0.005289044157701761,0.006
26,2018-04-11T03:00:00+00:00,0.004164788265836827,0.0044
26,2018-04-11T04:00:00+00:00,0.003064746955587113,0.0053
26,2018-04-11T05:00:00+00:00,0.00511889667056508,0.0104
26,2018-04-11T06:00:00+00:00,0.015247764465210228,0.019
26,2018-04-11T07:00:00+00:00,0.02440913043228901,0.0302
26,2018-04-11T08:00:00+00:00,0.034619992668600816,0.038
26,2018-04-11T09:00:00+00:00,0.04232749942740752,0.0501
26,2018-04-11T10:00:00+00:00,0.044629827194516664,0.0421
26,2018-04-11T11:00:00+00:00,0.05015646028648772,0.0442
26,2018-04-11T12:00:00+00:00,0.05369048374957838,0.0495
26,2018-04-11T13:00:00+00:00,0.062224813094400276,0.0528
26,2018-04-11T14:00:00+00:00,0.062469438226378994,0.056
26,2018-04-11T15:00:00+00:00,0.05769400649898881,0.0654
26,2018-04-11T16:00:00+00:00,0.06416252269195363,0.075
26,2018-04-11T17:00:00+00:00,0.060449629228759405,0.0719
26,2018-04-11T18:00:00+00:00,0.06149138468547918,0.074
26,2018-04-11T19:00:00+00:00,0.05448527052557689,0.0618
26,2018-04-11T20:00:00+00:00,0.050616909130114594,0.055
26,2018-04-11T21:00:00+00:00,0.04076101985640148,0.04
26,2018-04-11T22:00:00+00:00,0.03089841011202961,0.0295
26,2018-04-11T23:00:00+00:00,0.024489336403714312,0.0208
26,2018-04-12T00:00:00+00:00,0.012353987239470052,0.0126
26,2018-04-12T01:00:00+00:00,0.009045099021266628,0.0084
26,2018-04-12T02:00:00+00:00,0.004424283026601774,0.0046
26,2018-04-12T03:00:00+00:00,0.0011814632489289198,0.0043
26,2018-04-12T04:00:00+00:00,0.0038991798088424574,0.0063
26,2018-04-12T05:00:00+00:00,0.009455988701779189,0.0097
26,2018-04-12T06:00:00+00:00,0.013970881306219695,0.0199
26,2018-04-12T07:00:00+00:00,0.027168541063703644,0.0323
26,2018-04-12T08:00:00+00:00,0.037470472726886334,0.0399
26,2018-04-12T09:00:00+00:00,0.043229934879959554,0.0509
26,2018-04-12T10:00:00+00:00,0.04714159970904962,0.0412
26,2018-04-12T11:00:00+00:00,0.04313699291169144,0.045
26,2018-04-12T12:00:00+00:00,0.05232895921296399,0.0515
26,2018-04-12T13:00:00+00:00,0.05386574861142025,0.0552
26,2018-04-12T14:00:00+00:00,0.058811279785286615,0.0593
26,2018-04-12T15:00:00+00:00,0.060818581501381835,0.0693
26,2018-04-12T16:00:00+00:00,0.061662637107807304,0.0741
26,2018-04-12T17:00:00+00:00,0.06489579235782264,0.0793
26,2018-04-12T18:00:00+00:00,0.05881697155919341,0.0702
26,2018-04-12T19:00:00+00:00,0.0580603959068099,0.0669
26,2018-04-12T20:00:00+00:00,0.04976867816367456,0.0525
26,2018-04-12T21:00:00+00:00,0.04303202197977957,0.0414
26,2018-04-12T22:00:00+00:00,0.03288419901148152,0.0332
26,2018-04-12T23:00:00+00:00,0.02090530783485646,0.0205
26,2018-04-13T00:00:00+00:00,0.013902306396445767,0.0124
26,2018-04-13T01:00:00+00:00,0.009770736488289609,0.0087
26,2018-04-13T02:00:00+00:00,0.005175872893915367,0.0058
26,2018-04-13T03:00:00+00:00,0.00128428279474024,0.0041
26,2018-04-13T04:00:00+00:00,0.003546156148261575,0.0054
26,2018-04-13T05:00:00+00:00,0.010827992368555191,0.0103
26,2018-04-13T06:00:00+00:00,0.02046996389160729,0.0195
26,2018-04-13T07:00:00+00:00,0.03267357909550934,0.0321
26,2018-04-13T08:00:00+00:00,0.045704331760625286,0.0402
26,2018-04-13T09:00:00+00:00,0.049125564107764794,0.0482
27,2018-04-10T10:00:00+00:00,0.04361658282544009,0.0402
27,2018-04-10T11:00:00+00:00,0.046759530247386945,0.0443
27,2018-04-10T12:00:00+00:00,0.051578236166263725,0.0489
27,2018-04-10T13:00:00+00:00,0.06291189688701165,0.0546
27,2018-04-10T14:00:00+00:00,0.05988470030344749,0.0556
27,2018-04-10T15:00:00+00:00,0.06577228376498155,0.065
27,2018-04-10T16:00:00+00:00,0.061255133249497655,0.0709
27,2018-04-10T17:00:00+00:00,0.0614668672388304,0.069
27,2018-04-10T18:00:00+00:00,0.05961584805750734,0.0694
27,2018-04-10T19:00:00+00:00,0.058822174571597746,0.0595
27,2018-04-10T20:00:00+00:00,0.03952786205336134,0.0458
27,2018-04-10T21:00:00+00:00,0.03356004207280808,0.0365
27,2018-04-10T22:00:00+00:00,0.026929086046720445,0.0267
27,2018-04-10T23:00:00+00:00,0.017765514908888592,0.0172
27,2018-04-11T00:00:00+00:00,0.014470180423118631,0.0105
27,2018-04-11T01:00:00+00:00,0.009652602415401373,0.0076
27,2018-04-11T02:00:00+00:00,0.004816372099064773,0.006
27,2018-04-11T03:00:00+00:00,0.0035539596225059,0.0044
27,2018-04-11T04:00:00+00:00,0.004415103082997973,0.0053
27,2018-04-11T05:00:00+00:00,0.009076110311980086,0.0104
27,2018-04-11T06:00:00+00:00,0.019228261117171665,0.019
27,2018-04-11T07:00:00+00:00,0.0302529049888979,0.0302
27,2018-04-11T08:00:00+00:00,0.04072800443465552,0.038
27,2018-04-11T09:00:00+00:00,0.04859721083488659,0.0501
27,2018-04-11T10:00:00+00:00,0.04739539225228592,0.0421
27,2018-04-11T11:00:00+00:00,0.04846761802010746,0.0442
27,2018-04-11T12:00:00+00:00,0.05730083755602679,0.0495
27,2018-04-11T13:00:00+00:00,0.06276031607079516,0.0528
27,2018-04-11T14:00:00+00:00,0.06259798459024903,0.056
27,2018-04-11T15:00:00+00:00,0.06710517815666367,0.0654
27,2018-04-11T16:00:00+00:00,0.06879064504446289,0.075
27,2018-04-11T17:00:00+00:00,0.0677046044536617,0.0719
27,2018-04-11T18:00:00+00:00,0.0659762811192498,0.074
27,2018-04-11T19:00:00+00:00,0.058635120949414615,0.0618
27,2018-04-11T20:00:00+00:00,0.0485720646822026,0.055
27,2018-04-11T21:00:00+00:00,0.04122133815475526,0.04
27,2018-04-11T22:00:00+00:00,0.03540965632590212,0.0295
27,2018-04-11T23:00:00+00:00,0.01989927426448438,0.0208
27,2018-04-12T00:00:00+00:00,0.01385268039415163,0.0126
27,2018-04-12T01:00:00+00:00,0.010270720706781727,0.0084
27,2018-04-12T02:00:00+00:00,0.005043299469461009,0.0046
27,2018-04-12T03:00:00+00:00,0.0021031567401674327,0.0043
27,2018-04-12T04:00:00+00:00,0.0030124891605874497,0.0063
27,2018-04-12T05:00:00+00:00,0.006415986149105827,0.0097
27,2018-04-12T06:00:00+00:00,0.0181693488784811,0.0199
27,2018-04-12T07:00:00+00:00,0.02782838319090736,0.0323
27,2018-04-12T08:00:00+00:00,0.037238934497444504,0.0399
27,2018-04-12T09:00:00+00:00,0.042884478667769246,0.0509
27,2018-04-12T10:00:00+00:00,0.04731789222328127,0.0412
27,2018-04-12T11:00:00+00:00,0.04946125971097659,0.045
27,2018-04-12T12:00:00+00:00,0.050583456120613234,0.0515
27,2018-04-12T13:00:00+00:00,0.05774902349888054,0.0552
27,2018-04-12T14:00:00+00:00,0.061278228274850834,0.0593
27,2018-04-12T15:00:00+00:00,0.059349466772496265,0.0693
27,2018-04-12T16:00:00+00:00,0.0636236297159071,0.0741
27,2018-04-12T17:00:00+00:00,0.06327244204404699,0.0793
27,2018-04-12T18:00:00+00:00,0.05963895561520674,0.0702
27,2018-04-12T19:00:00+00:00,0.05495740160460219,0.0669
27,2018-04-12T20:00:00+00:00,0.049637631596734275,0.0525
27,2018-04-12T21:00:00+00:00,0.040999546957583545,0.0414
27,2018-04-12T22:00:00+00:00,0.030609800361188134,0.0332
27,2018-04-12T23:00:00+00:00,0.02319834182288367,0.0205
27,2018-04-13T00:00:00+00:00,0.01138360349445492,0.0124
27,2018-04-13T01:00:00+00:00,0.006627703428643616,0.0087
27,2018-04-13T02:00:00+00:00,0.006689897285468822,0.0058
27,2018-04-13T03:00:00+00:00,0.002685158898475367,0.0041
27,2018-04-13T04:00:00+00:00,0.008634004645765855,0.0054
27,2018-04-13T05:00:00+00:00,0.01017040763021377,0.0103
27,2018-04-13T06:00:00+00:00,0.018411129167868606,0.0195
27,2018-04-13T07:00:00+00:00,0.03721484941674019,0.0321
27,2018-04-13T08:00:00+00:00,0.04091767313974923,0.0402
27,2018-04-13T09:00:00+00:00,0.04765635329755823,0.0482
27,2018-04-13T10:00:00+00:00,0.04717346319930582,0.0431
27,2018-04-13T11:00:00+00:00,0.0471362379535932,0.0458
27,2018-04-13T12:00:00+00:00,0.053695300347974366,0.0491
27,2018-04-13T13:00:00+00:00,0.05706744349498269,0.0583
27,2018-04-13T14:00:00+00:00,0.06365418148725929,0.0606
27,2018-04-13T15:00:00+00:00,0.06344762335691408,0.0674
27,2018-04-13T16:00:00+00:00,0.06457068240971531,0.075
27,2018-04-13T17:00:00+00:00,0.06291062276514628,0.075
27,2018-04-13T18:00:00+00:00,0.06537716395345847,0.0748
27,2018-04-13T19:00:00+00:00,0.058991346624453884,0.0657
27,2018-04-13T20:00:00+00:00,0.05388277589248013,0.0558
27,2018-04-13T21:00:00+00:00,0.0412105686919063,0.0453
27,2018-04-13T22:00:00+00:00,0.03243723027275408,0.0331
27,2018-04-13T23:00:00+00:00,0.02198911557930669,0.0219
27,2018-04-14T00:00:00+00:00,0.01734556643078566,0.0128
27,2018-04-14T01:00:00+00:00,0.0073313278295367955,0.0092
27,2018-04-14T02:00:00+00:00,0.004679337159357234,0.0065
27,2018-04-14T03:00:00+00:00,0.0017360592547850905,0.0047
27,2018-04-14T04:00:00+00:00,0.0026277503091805994,0.0057
27,2018-04-14T05:00:00+00:00,0.008732162158784532,0.0085
27,2018-04-14T06:00:00+00:00,0.018110223357754633,0.016
27,2018-04-14T07:00:00+00:00,0.02779914940463232,0.0294
27,2018-04-14T08:00:00+00:00,0.04097854796713512,0.0384
27,2018-04-14T09:00:00+00:00,0.04551285213150326,0.0506
28,2018-04-11T10:00:00+00:00,0.04798530023233228,0.0421
28,2018-04-11T11:00:00+00:00,0.051214720843175014,0.0442
28,2018-04-11T12:00:00+00:00,0.052492625388382216,0.0495
28,2018-04-11T13:00:00+00:00,0.05677458762858864,0.0528
28,2018-04-11T14:00:00+00:00,0.05773547394389581,0.056
28,2018-04-11T15:00:00+00:00,0.061276110308340195,0.0654
28,2018-04-11T16:00:00+00:00,0.06478224512364975,0.075
28,2018-04-11T17:00:00+00:00,0.06506025433722565,0.0719
28,2018-04-11T18:00:00+00:00,0.06573296144000199,0.074
28,2018-04-11T19:00:00+00:00,0.06159287371386715,0.0618
28,2018-04-11T20:00:00+00:00,0.053317638094731265,0.055
28,2018-04-11T21:00:00+00:00,0.04178431098969518,0.04
28,2018-04-11T22:00:00+00:00,0.03232437858379622,0.0295
28,2018-04-11T23:00:00+00:00,0.022810077726922257,0.0208
28,2018-04-12T00:00:00+00:00,0.015464774572300239,0.0126
28,2018-04-12T01:00:00+00:00,0.007512766960614807,0.0084
28,2018-04-12T02:00:00+00:00,0.006772479180864391,0.0046
28,2018-04-12T03:00:00+00:00,0.0008869468466611435,0.0043
28,2018-04-12T04:00:00+00:00,0.007633555802176638,0.0063
28,2018-04-12T05:00:00+00:00,0.011782324266790978,0.0097
28,2018-04-12T06:00:00+00:00,0.020561061516257164,0.0199
28,2018-04-12T07:00:00+00:00,0.0280890035130169,0.0323
28,2018-04-12T08:00:00+00:00,0.042415804427575414,0.0399
28,2018-04-12T09:00:00+00:00,0.04286703468619765,0.0509
28,2018-04-12T10:00:00+00:00,0.04644772860659965,0.0412
28,2018-04-12T11:00:00+00:00,0.04882983624536273,0.045
28,2018-04-12T12:00:00+00:00,0.05054996969152195,0.0515
28,2018-04-12T13:00:00+00:00,0.05531898485764915,0.0552
28,2018-04-12T14:00:00+00:00,0.05696643905064844,0.0593
28,2018-04-12T15:00:00+00:00,0.05947822827497635,0.0693
28,2018-04-12T16:00:00+00:00,0.06149153298490942,0.0741
28,2018-04-12T17:00:00+00:00,0.06219506339320598,0.0793
28,2018-04-12T18:00:00+00:00,0.06066499759849502,0.0702
28,2018-04-12T19:00:00+00:00,0.05842153217284179,0.0669
28,2018-04-12T20:00:00+00:00,0.05105277159918849,0.0525
28,2018-04-12T21:00:00+00:00,0.04041430414341639,0.0414
28,2018-04-12T22:00:00+00:00,0.03299866841746353,0.0332
28,2018-04-12T23:00:00+00:00,0.02454493354679966,0.0205
28,2018-04-13T00:00:00+00:00,0.014279348298551134,0.0124
28,2018-04-13T01:00:00+00:00,0.006907843141076356,0.0087
28,2018-04-13T02:00:00+00:00,0.006340741942420191,0.0058
28,2018-04-13T03:00:00+00:00,0.005511553876056577,0.0041
28,2018-04-13T04:00:00+00:00,0.006968478809521946,0.0054
28,2018-04-13T05:00:00+00:00,0.009800350422399896,0.0103
28,2018-04-13T06:00:00+00:00,0.020237294617919392,0.0195
28,2018-04-13T07:00:00+00:00,0.028619337940959548,0.0321
28,2018-04-13T08:00:00+00:00,0.03814966009701895,0.0402
28,2018-04-13T09:00:00+00:00,0.042805539507674024,0.0482
28,2018-04-13T10:00:00+00:00,0.043569237710157416,0.0431
28,2018-04-13T11:00:00+00:00,0.04776870578139179,0.0458
28,2018-04-13T12:00:00+00:00,0.05314654023800648,0.0491
28,2018-04-13T13:00:00+00:00,0.058208929274171345,0.0583
28,2018-04-13T14:00:00+00:00,0.056922784711326606,0.0606
28,2018-04-13T15:00:00+00:00,0.059045256600429794,0.0674
28,2018-04-13T16:00:00+00:00,0.06264942987146896,0.075
28,2018-04-13T17:00:00+00:00,0.06175781401115076,0.075
28,2018-04-13T18:00:00+00:00,0.06342336073463836,0.0748
28,2018-04-13T19:00:00+00:00,0.05472611088899815,0.0657
28,2018-04-13T20:00:00+00:00,0.04857966555018308,0.0558
28,2018-04-13T21:00:00+00:00,0.04210406753724358,0.0453
28,2018-04-13T22:00:00+00:00,0.0315928865529109,0.0331
28,2018-04-13T23:00:00+00:00,0.02541907435577128,0.0219
28,2018-04-14T00:00:00+00:00,0.013153736824570422,0.0128
28,2018-04-14T01:00:00+00:00,0.011100334872916721,0.0092
28,2018-04-14T02:00:00+00:00,0.007476861788703694,0.0065
28,2018-04-14T03:00:00+00:00,0.002922563310308844,0.0047
28,2018-04-14T04:00:00+00:00,0.004341235345671816,0.0057
28,2018-04-14T05:00:00+00:00,0.009615911883127333,0.0085
28,2018-04-14T06:00:00+00:00,0.01687181032420092,0.016
28,2018-04-14T07:00:00+00:00,0.028139328715793718,0.0294
28,2018-04-14T08:00:00+00:00,0.037075841676865694,0.0384
28,2018-04-14T09:00:00+00:00,0.04552289994008257,0.0506
28,2018-04-14T10:00:00+00:00,0.04739369620809791,0.0421
28,2018-04-14T11:00:00+00:00,0.0504567499229127,0.0459
28,2018-04-14T12:00:00+00:00,0.05877941629503042,0.0563
28,2018-04-14T13:00:00+00:00,0.06299489861600549,0.0579
28,2018-04-14T14:00:00+00:00,0.06270214300838117,0.0554
28,2018-04-14T15:00:00+00:00,0.06251296515351429,0.0634
28,2018-04-14T16:00:00+00:00,0.0634770701930748,0.0764
28,2018-04-14T17:00:00+00:00,0.06626576578451153,0.0774
28,2018-04-14T18:00:00+00:00,0.06338035598859543,0.0811
28,2018-04-14T19:00:00+00:00,0.0583093530531309,0.0688
28,2018-04-14T20:00:00+00:00,0.052312086497507446,0.0506
28,2018-04-14T21:00:00+00:00,0.04416179523706644,0.0371
28,2018-04-14T22:00:00+00:00,0.036528623045482475,0.033
28,2018-04-14T23:00:00+00:00,0.021837114407310836,0.0267
28,2018-04-15T00:00:00+00:00,0.020430791954782326,0.0196
28,2018-04-15T01:00:00+00:00,0.012033779527457846,0.0122
28,2018-04-15T02:00:00+00:00,0.012323140957981784,0.0078
28,2018-04-15T03:00:00+00:00,0.007811899443739102,0.0066
28,2018-04-15T04:00:00+00:00,0.004139441595613358,0.0053
28,2018-04-15T05:00:00+00:00,0.007808831107640354,0.0061
28,2018-04-15T06:00:00+00:00,0.010328872881952028,0.0099
28,2018-04-15T07:00:00+00:00,0.019989010040845367,0.0146
28,2018-04-15T08:00:00+00:00,0.02592247468296966,0.0252
28,2018-04-15T09:00:00+00:00,0.03303221907482917,0.0306
29,2018-04-12T10:00:00+00:00,0.043480509743304696,0.0412
29,2018-04-12T11:00:00+00:00,0.04784375155926233,0.045
29,2018-04-12T12:00:00+00:00,0.04984278819302757,0.0515
29,2018-04-12T13:00:00+00:00,0.05692250064481236,0.0552
29,2018-04-12T14:00:00+00:00,0.060396391822030465,0.0593
29,2018-04-12T15:00:00+00:00,0.06259995425732942,0.0693
29,2018-04-12T16:00:00+00:00,0.06258435566373827,0.0741
29,2018-04-12T17:00:00+00:00,0.06353414040902172,0.0793
29,2018-04-12T18:00:00+00:00,0.06413788201056705,0.0702
29,2018-04-12T19:00:00+00:00,0.06543425714537343,0.0669
29,2018-04-12T20:00:00+00:00,0.050366533739946734,0.0525
29,2018-04-12T21:00:00+00:00,0.04201791705626278,0.0414
29,2018-04-12T22:00:00+00:00,0.03040501869091916,0.0332
29,2018-04-12T23:00:00+00:00,0.018265905384270576,0.0205
29,2018-04-13T00:00:00+00:00,0.013939359322397904,0.0124
29,2018-04-13T01:00:00+00:00,0.010219137569753407,0.0087
29,2018-04-13T02:00:00+00:00,0.0043693307771655,0.0058
29,2018-04-13T03:00:00+00:00,0.00012327579759455892,0.0041
29,2018-04-13T04:00:00+00:00,0.0026921185280744248,0.0054
29,2018-04-13T05:00:00+00:00,0.01349312633682961,0.0103
29,2018-04-13T06:00:00+00:00,0.020358124189606426,0.0195
29,2018-04-13T07:00:00+00:00,0.03150721713126144,0.0321
29,2018-04-13T08:00:00+00:00,0.03961748712733075,0.0402
29,2018-04-13T09:00:00+00:00,0.04677376803705141,0.0482
29,2018-04-13T10:00:00+00:00,0.04936231266014626,0.0431
29,2018-04-13T11:00:00+00:00,0.049110354016906346,0.0458
29,2018-04-13T12:00:00+00:00,0.057298892953638825,0.0491
29,2018-04-13T13:00:00+00:00,0.05739104329537091,0.0583
29,2018-04-13T14:00:00+00:00,0.0648837905475957,0.0606
29,2018-04-13T15:00:00+00:00,0.06811500955012054,0.0674
29,2018-04-13T16:00:00+00:00,0.06710405860040164,0.075
29,2018-04-13T17:00:00+00:00,0.06429964118063596,0.075
29,2018-04-13T18:00:00+00:00,0.06321238495225173,0.0748
29,2018-04-13T19:00:00+00:00,0.05881284632856372,0.0657
29,2018-04-13T20:00:00+00:00,0.05567874883177029,0.0558
29,2018-04-13T21:00:00+00:00,0.04696640586383631,0.0453
29,2018-04-13T22:00:00+00:00,0.0387968315000164,0.0331
29,2018-04-13T23:00:00+00:00,0.027409531293098397,0.0219
29,2018-04-14T00:00:00+00:00,0.02303155665980074,0.0128
29,2018-04-14T01:00:00+00:00,0.011597394877291587,0.0092
29,2018-04-14T02:00:00+00:00,0.0064601396935519625,0.0065
29,2018-04-14T03:00:00+00:00,0.005737491191101684,0.0047
29,2018-04-14T04:00:00+00:00,0.005238632795044704,0.0057
29,2018-04-14T05:00:00+00:00,0.008116372795076123,0.0085
29,2018-04-14T06:00:00+00:00,0.01745356496867107,0.016
29,2018-04-14T07:00:00+00:00,0.028306565826612094,0.0294
29,2018-04-14T08:00:00+00:00,0.0404705942208113,0.0384
29,2018-04-14T09:00:00+00:00,0.04285619420672013,0.0506
29,2018-04-14T10:00:00+00:00,0.05127003026447846,0.0421
29,2018-04-14T11:00:00+00:00,0.056040440698484455,0.0459
29,2018-04-14T12:00:00+00:00,0.05620825299177607,0.0563
29,2018-04-14T13:00:00+00:00,0.06293839444436271,0.0579
29,2018-04-14T14:00:00+00:00,0.06526970326209819,0.0554
29,2018-04-14T15:00:00+00:00,0.06601215704901973,0.0634
29,2018-04-14T16:00:00+00:00,0.06484970256588601,0.0764
29,2018-04-14T17:00:00+00:00,0.06742956122869045,0.0774
29,2018-04-14T18:00:00+00:00,0.05952195989709985,0.0811
29,2018-04-14T19:00:00+00:00,0.0564539579942538,0.0688
29,2018-04-14T20:00:00+00:00,0.056919948223632874,0.0506
29,2018-04-14T21:00:00+00:00,0.046226244451910245,0.0371
29,2018-04-14T22:00:00+00:00,0.03937021244848936,0.033
29,2018-04-14T23:00:00+00:00,0.03042148671602912,0.0267
29,2018-04-15T00:00:00+00:00,0.023716082809421713,0.0196
29,2018-04-15T01:00:00+00:00,0.015856242249263325,0.0122
29,2018-04-15T02:00:00+00:00,0.00997743874061631,0.0078
29,2018-04-15T03:00:00+00:00,0.006716676820609745,0.0066
29,2018-04-15T04:00:00+00:00,0.0028184612877346638,0.0053
29,2018-04-15T05:00:00+00:00,0.002389007025026299,0.0061
29,2018-04-15T06:00:00+00:00,0.009652750714831598,0.0099
29,2018-04-15T07:00:00+00:00,0.016279371854580952,0.0146
29,2018-04-15T08:00:00+00:00,0.024168307300843815,0.0252
29,2018-04-15T09:00:00+00:00,0.03238605391479671,0.0306
29,2018-04-15T10:00:00+00:00,0.041446002392297183,0.037
29,2018-04-15T11:00:00+00:00,0.04605068507993228,0.0438
29,2018-04-15T12:00:00+00:00,0.04971737909316048,0.0519
29,2018-04-15T13:00:00+00:00,0.055708333523739405,0.055
29,2018-04-15T14:00:00+00:00,0.059560154310919905,0.058
29,2018-04-15T15:00:00+00:00,0.05958192299629848,0.0609
29,2018-04-15T16:00:00+00:00,0.05804989380068022,0.0596
29,2018-04-15T17:00:00+00:00,0.055114367152243174,0.0581
29,2018-04-15T18:00:00+00:00,0.05215829998835679,0.0551
29,2018-04-15T19:00:00+00:00,0.04926423034120489,0.0522
29,2018-04-15T20:00:00+00:00,0.04320986954930428,0.0407
29,2018-04-15T21:00:00+00:00,0.03371168711729894,0.0358
29,2018-04-15T22:00:00+00:00,0.02887229525553861,0.03
29,2018-04-15T23:00:00+00:00,0.02376351147367917,0.0247
29,2018-04-16T00:00:00+00:00,0.019618772158373536,0.0186
29,2018-04-16T01:00:00+00:00,0.012064944339412461,0.0126
29,2018-04-16T02:00:00+00:00,0.006409805613696577,0.0079
29,2018-04-16T03:00:00+00:00,0.003331218055746075,0.0062
29,2018-04-16T04:00:00+00:00,0.0024316629540995296,0.0044
29,2018-04-16T05:00:00+00:00,0.0041787680980416644,0.0039
29,2018-04-16T06:00:00+00:00,0.00809092795480729,0.0046
29,2018-04-16T07:00:00+00:00,0.009638167241283989,0.0074
29,2018-04-16T08:00:00+00:00,0.020943011920630777,0.013
29,2018-04-16T09:00:00+00:00,0.02936826494579262,0.0194
30,2018-04-13T10:00:00+00:00,0.046193905776859986,0.0431
30,2018-04-13T11:00:00+00:00,0.049628401523745605,0.0458
30,2018-04-13T12:00:00+00:00,0.05649674760168667,0.0491
30,2018-04-13T13:00:00+00:00,0.06161994775914417,0.0583
30,2018-04-13T14:00:00+00:00,0.05926951875853059,0.0606
30,2018-04-13T15:00:00+00:00,0.06245907188733333,0.0674
30,2018-04-13T16:00:00+00:00,0.06747609800764215,0.075
30,2018-04-13T17:00:00+00:00,0.06733820042477001,0.075
30,2018-04-13T18:00:00+00:00,0.06462027290369515,0.0748
30,2018-04-13T19:00:00+00:00,0.06243309024490156,0.0657
30,2018-04-13T20:00:00+00:00,0.05527958524986791,0.0558
30,2018-04-13T21:00:00+00:00,0.045133228566077224,0.0453
30,2018-04-13T22:00:00+00:00,0.03517951701960674,0.0331
30,2018-04-13T23:00:00+00:00,0.02838105182635161,0.0219
30,2018-04-14T00:00:00+00:00,0.01664732049514385,0.0128
30,2018-04-14T01:00:00+00:00,0.00733224477953499,0.0092
30,2018-04-14T02:00:00+00:00,0.007284371216986833,0.0065
30,2018-04-14T03:00:00+00:00,0.0004011513328108021,0.0047
30,2018-04-14T04:00:00+00:00,0.005987818540609039,0.0057
30,2018-04-14T05:00:00+00:00,0.011714530539931222,0.0085
30,2018-04-14T06:00:00+00:00,0.014929662187362443,0.016
30,2018-04-14T07:00:00+00:00,0.02490758204927504,0.0294
30,2018-04-14T08:00:00+00:00,0.035396139668326214,0.0384
30,2018-04-14T09:00:00+00:00,0.0422732949412955,0.0506
30,2018-04-14T10:00:00+00:00,0.04953230975912834,0.0421
30,2018-04-14T11:00:00+00:00,0.050769904012729225,0.0459
30,2018-04-14T12:00:00+00:00,0.05457236824305925,0.0563
30,2018-04-14T13:00:00+00:00,0.05987225777237858,0.0579
30,2018-04-14T14:00:00+00:00,0.06404026756588443,0.0554
30,2018-04-14T15:00:00+00:00,0.06770713181014876,0.0634
30,2018-04-14T16:00:00+00:00,0.06906391703116882,0.0764
30,2018-04-14T17:00:00+00:00,0.06912010371670746,0.0774
30,2018-04-14T18:00:00+00:00,0.06533434510388442,0.0811
30,2018-04-14T19:00:00+00:00,0.06280975617662042,0.0688
30,2018-04-14T20:00:00+00:00,0.05692160249333349,0.0506
30,2018-04-14T21:00:00+00:00,0.04921179500463382,0.0371
30,2018-04-14T22:00:00+00:00,0.04197807672763959,0.033
30,2018-04-14T23:00:00+00:00,0.03413040768656317,0.0267
30,2018-04-15T00:00:00+00:00,0.022989104381353532,0.0196
30,2018-04-15T01:00:00+00:00,0.015087371320878954,0.0122
30,2018-04-15T02:00:00+00:00,0.010575766368595984,0.0078
30,2018-04-15T03:00:00+00:00,0.004963524819618002,0.0066
30,2018-04-15T04:00:00+00:00,0.0015909889924282175,0.0053
30,2018-04-15T05:00:00+00:00,0.006635776348331596,0.0061
30,2018-04-15T06:00:00+00:00,0.010220037809956645,0.0099
30,2018-04-15T07:00:00+00:00,0.014496573544251202,0.0146
30,2018-04-15T08:00:00+00:00,0.022617909863120483,0.0252
30,2018-04-15T09:00:00+00:00,0.03254282181689423,0.0306
30,2018-04-15T10:00:00+00:00,0.035857906497030224,0.037
30,2018-04-15T11:00:00+00:00,0.04466732710748386,0.0438
30,2018-04-15T12:00:00+00:00,0.04600237810707746,0.0519
30,2018-04-15T13:00:00+00:00,0.0542586481089386,0.055
30,2018-04-15T14:00:00+00:00,0.05644282300464018,0.058
30,2018-04-15T15:00:00+00:00,0.0550809350299855,0.0609
30,2018-04-15T16:00:00+00:00,0.056262112838367115,0.0596
30,2018-04-15T17:00:00+00:00,0.055218734442812265,0.0581
30,2018-04-15T18:00:00+00:00,0.05571494015892003,0.0551
30,2018-04-15T19:00:00+00:00,0.052484840712657216,0.0522
30,2018-04-15T20:00:00+00:00,0.045315473944761854,0.0407
30,2018-04-15T21:00:00+00:00,0.04123099328315312,0.0358
30,2018-04-15T22:00:00+00:00,0.03234858272178959,0.03
30,2018-04-15T23:00:00+00:00,0.025166498233389643,0.0247
30,2018-04-16T00:00:00+00:00,0.019967490958028945,0.0186
30,2018-04-16T01:00:00+00:00,0.012763897308253332,0.0126
30,2018-04-16T02:00:00+00:00,0.006363371182238984,0.0079
30,2018-04-16T03:00:00+00:00,0.004396404822442513,0.0062
30,2018-04-16T04:00:00+00:00,0.0027112783967155364,0.0044
30,2018-04-16T05:00:00+00:00,0.0005250043330226432,0.0039
30,2018-04-16T06:00:00+00:00,0.004819139658854315,0.0046
30,2018-04-16T07:00:00+00:00,0.013612358034374009,0.0074
30,2018-04-16T08:00:00+00:00,0.022724648900211107,0.013
30,2018-04-16T09:00:00+00:00,0.024829341567481407,0.0194
30,2018-04-16T10:00:00+00:00,0.037316930076305814,0.0263
30,2018-04-16T11:00:00+00:00,0.03850799642803357,0.0347
30,2018-04-16T12:00:00+00:00,0.043493517274315545,0.0396
30,2018-04-16T13:00:00+00:00,0.04707443886567382,0.047
30,2018-04-16T14:00:00+00:00,0.04936816108838077,0.0466
30,2018-04-16T15:00:00+00:00,0.05189762300959873,0.0428
30,2018-04-16T16:00:00+00:00,0.05078033927967907,0.0417
30,2018-04-16T17:00:00+00:00,0.05265294751608493,0.0448
30,2018-04-16T18:00:00+00:00,0.05059571275521326,0.046
30,2018-04-16T19:00:00+00:00,0.04645761245031597,0.0438
30,2018-04-16T20:00:00+00:00,0.043003145365371705,0.0368
30,2018-04-16T21:00:00+00:00,0.03371430742202043,0.0255
30,2018-04-16T22:00:00+00:00,0.02685740311508475,0.0201
30,2018-04-16T23:00:00+00:00,0.02020934957458031,0.014
30,2018-04-17T00:00:00+00:00,0.016055789576262417,0.0098
30,2018-04-17T01:00:00+00:00,0.0088916049335277,0.0072
30,2018-04-17T02:00:00+00:00,0.00784978681507684,0.0037
30,2018-04-17T03:00:00+00:00,0.004804930066968836,0.0039
30,2018-04-17T04:00:00+00:00,0.01000440417222611,0.0051
30,2018-04-17T05:00:00+00:00,0.01250025225216626,0.0083
30,2018-04-17T06:00:00+00:00,0.016478509791603632,0.017
30,2018-04-17T07:00:00+00:00,0.0303759538302275,0.0312
30,2018-04-17T08:00:00+00:00,0.03585514154814615,0.0447
30,2018-04-17T09:00:00+00:00,0.043401468235715376,0.05
31,2018-04-14T10:00:00+00:00,0.04462448632630393,0.0421
31,2018-04-14T11:00:00+00:00,0.04885256365522689,0.0459
31,2018-04-14T12:00:00+00:00,0.0573283564995945,0.0563
31,2018-04-14T13:00:00+00:00,0.06334998175881465,0.0579
31,2018-04-14T14:00:00+00:00,0.06579617041687076,0.0554
31,2018-04-14T15:00:00+00:00,0.07046379263593097,0.0634
31,2018-04-14T16:00:00+00:00,0.06773423927501568,0.0764
31,2018-04-14T17:00:00+00:00,0.06950530208747557,0.0774
31,2018-04-14T18:00:00+00:00,0.06696706752390587,0.0811
31,2018-04-14T19:00:00+00:00,0.061006516565248886,0.0688
31,2018-04-14T20:00:00+00:00,0.05124566947215739,0.0506
31,2018-04-14T21:00:00+00:00,0.046271147848405025,0.0371
31,2018-04-14T22:00:00+00:00,0.0331118892884537,0.033
31,2018-04-14T23:00:00+00:00,0.02646911552097418,0.0267
31,2018-04-15T00:00:00+00:00,0.015687606998570136,0.0196
31,2018-04-15T01:00:00+00:00,0.009663971342144369,0.0122
31,2018-04-15T02:00:00+00:00,0.006366025950912575,0.0078
31,2018-04-15T03:00:00+00:00,-0.0012605667589075768,0.0066
31,2018-04-15T04:00:00+00:00,-0.002461725304607504,0.0053
31,2018-04-15T05:00:00+00:00,0.004620341139541673,0.0061
31,2018-04-15T06:00:00+00:00,0.010939033133484728,0.0099
31,2018-04-15T07:00:00+00:00,0.021483243768998135,0.0146
31,2018-04-15T08:00:00+00:00,0.029209965747641734,0.0252
31,2018-04-15T09:00:00+00:00,0.03553429207557142,0.0306
31,2018-04-15T10:00:00+00:00,0.04453640481964356,0.037
31,2018-04-15T11:00:00+00:00,0.04309014909025743,0.0438
31,2018-04-15T12:00:00+00:00,0.05260023020172398,0.0519
31,2018-04-15T13:00:00+00:00,0.05928771781396175,0.055
31,2018-04-15T14:00:00+00:00,0.057798557597302416,0.058
31,2018-04-15T15:00:00+00:00,0.06243806140890088,0.0609
31,2018-04-15T16:00:00+00:00,0.06650852150817957,0.0596
31,2018-04-15T17:00:00+00:00,0.06490587671907844,0.0581
31,2018-04-15T18:00:00+00:00,0.06144797263818421,0.0551
31,2018-04-15T19:00:00+00:00,0.05892870786933798,0.0522
31,2018-04-15T20:00:00+00:00,0.05179315128281116,0.0407
31,2018-04-15T21:00:00+00:00,0.04228627009707863,0.0358
31,2018-04-15T22:00:00+00:00,0.03345632776969499,0.03
31,2018-04-15T23:00:00+00:00,0.02422907873637342,0.0247
31,2018-04-16T00:00:00+00:00,0.019623595022942628,0.0186
31,2018-04-16T01:00:00+00:00,0.011697921003745233,0.0126
31,2018-04-16T02:00:00+00:00,0.003982068746720337,0.0079
31,2018-04-16T03:00:00+00:00,0.0005440326120284729,0.0062
31,2018-04-16T04:00:00+00:00,-0.0025891207813499503,0.0044
31,2018-04-16T05:00:00+00:00,0.0005794824420270496,0.0039
31,2018-04-16T06:00:00+00:00,0.0072547531054278115,0.0046
31,2018-04-16T07:00:00+00:00,0.017051295453631297,0.0074
31,2018-04-16T08:00:00+00:00,0.022467813085568493,0.013
31,2018-04-16T09:00:00+00:00,0.03297293794413718,0.0194
31,2018-04-16T10:00:00+00:00,0.035259097418083384,0.0263
31,2018-04-16T11:00:00+00:00,0.038368120823183555,0.0347
31,2018-04-16T12:00:00+00:00,0.046286367338523135,0.0396
31,2018-04-16T13:00:00+00:00,0.05307613142823616,0.047
31,2018-04-16T14:00:00+00:00,0.05476256330669406,0.0466
31,2018-04-16T15:00:00+00:00,0.057158200657560346,0.0428
31,2018-04-16T16:00:00+00:00,0.05639674783377413,0.0417
31,2018-04-16T17:00:00+00:00,0.056494307971623144,0.0448
31,2018-04-16T18:00:00+00:00,0.05278976313973367,0.046
31,2018-04-16T19:00:00+00:00,0.04977244413371271,0.0438
31,2018-04-16T20:00:00+00:00,0.04453045195519059,0.0368
31,2018-04-16T21:00:00+00:00,0.03776678334338748,0.0255
31,2018-04-16T22:00:00+00:00,0.029053499405125055,0.0201
31,2018-04-16T23:00:00+00:00,0.02107809285869068,0.014
31,2018-04-17T00:00:00+00:00,0.013129385431508999,0.0098
31,2018-04-17T01:00:00+00:00,0.005803774770242305,0.0072
31,2018-04-17T02:00:00+00:00,0.004308415219654402,0.0037
31,2018-04-17T03:00:00+00:00,-0.001708067600168131,0.0039
31,2018-04-17T04:00:00+00:00,-0.0006560189097556297,0.0051
31,2018-04-17T05:00:00+00:00,0.0032887501118660963,0.0083
31,2018-04-17T06:00:00+00:00,0.016775790620574396,0.017
31,2018-04-17T07:00:00+00:00,0.03166465812478702,0.0312
31,2018-04-17T08:00:00+00:00,0.03311086738005594,0.0447
31,2018-04-17T09:00:00+00:00,0.03817668662381656,0.05
31,2018-04-17T10:00:00+00:00,0.03904224930289333,0.0394
31,2018-04-17T11:00:00+00:00,0.04194528688812553,0.0412
31,2018-04-17T12:00:00+00:00,0.04876251874765922,0.049
31,2018-04-17T13:00:00+00:00,0.056482619470051613,0.0545
31,2018-04-17T14:00:00+00:00,0.05782617888836423,0.0575
31,2018-04-17T15:00:00+00:00,0.06266243635811763,0.0661
31,2018-04-17T16:00:00+00:00,0.06174817663691004,0.0695
31,2018-04-17T17:00:00+00:00,0.06331976209463723,0.0735
31,2018-04-17T18:00:00+00:00,0.0608052721496996,0.0739
31,2018-04-17T19:00:00+00:00,0.0521975847162977,0.0661
31,2018-04-17T20:00:00+00:00,0.05212951318909681,0.0516
31,2018-04-17T21:00:00+00:00,0.035478997275338556,0.0324
31,2018-04-17T22:00:00+00:00,0.028578502596264852,0.0278
31,2018-04-17T23:00:00+00:00,0.022219028259007984,0.0164
31,2018-04-18T00:00:00+00:00,0.011854303797287132,0.0102
31,2018-04-18T01:00:00+00:00,0.009162414314202044,0.008
31,2018-04-18T02:00:00+00:00,0.004929618556928465,0.005
31,2018-04-18T03:00:00+00:00,0.0021212200285145727,0.004
31,2018-04-18T04:00:00+00:00,0.0025306141823785953,0.0052
31,2018-04-18T05:00:00+00:00,0.011478947495747925,0.0085
31,2018-04-18T06:00:00+00:00,0.02044609290515085,0.0181
31,2018-04-18T07:00:00+00:00,0.030770443891353198,0.0322
31,2018-04-18T08:00:00+00:00,0.042828794320441475,0.0454
31,2018-04-18T09:00:00+00:00,0.04665714515624447,0.0492
32,2018-04-15T10:00:00+00:00,0.037682247446344276,0.037
32,2018-04-15T11:00:00+00:00,0.045162598119436285,0.0438
32,2018-04-15T12:00:00+00:00,0.05655437550704023,0.0519
32,2018-04-15T13:00:00+00:00,0.0597938909227606,0.055
32,2018-04-15T14:00:00+00:00,0.06044758645632607,0.058
32,2018-04-15T15:00:00+00:00,0.06438874616223736,0.0609
32,2018-04-15T16:00:00+00:00,0.06303355254918683,0.0596
32,2018-04-15T17:00:00+00:00,0.057922410597514254,0.0581
32,2018-04-15T18:00:00+00:00,0.05481438038085176,0.0551
32,2018-04-15T19:00:00+00:00,0.05487349545795638,0.0522
32,2018-04-15T20:00:00+00:00,0.04414788328840362,0.0407
32,2018-04-15T21:00:00+00:00,0.04107292697776943,0.0358
32,2018-04-15T22:00:00+00:00,0.032334300024551184,0.03
32,2018-04-15T23:00:00+00:00,0.023896257217894012,0.0247
32,2018-04-16T00:00:00+00:00,0.011849098696158425,0.0186
32,2018-04-16T01:00:00+00:00,0.01072407833117427,0.0126
32,2018-04-16T02:00:00+00:00,0.00593693094879575,0.0079
32,2018-04-16T03:00:00+00:00,-0.0033562507579723774,0.0062
32,2018-04-16T04:00:00+00:00,-0.0028810534315727096,0.0044
32,2018-04-16T05:00:00+00:00,-0.003159384308701489,0.0039
32,2018-04-16T06:00:00+00:00,-0.0006859837495599846,0.0046
32,2018-04-16T07:00:00+00:00,0.01052081620788408,0.0074
32,2018-04-16T08:00:00+00:00,0.024727178925484282,0.013
32,2018-04-16T09:00:00+00:00,0.02996680771238235,0.0194
32,2018-04-16T10:00:00+00:00,0.03244492826641775,0.0263
32,2018-04-16T11:00:00+00:00,0.04005949044605087,0.0347
32,2018-04-16T12:00:00+00:00,0.05163874859997151,0.0396
32,2018-04-16T13:00:00+00:00,0.05487078847117356,0.047
32,2018-04-16T14:00:00+00:00,0.05800943103219494,0.0466
32,2018-04-16T15:00:00+00:00,0.0595504751621918,0.0428
32,2018-04-16T16:00:00+00:00,0.05639354999676449,0.0417
32,2018-04-16T17:00:00+00:00,0.056523420611884756,0.0448
32,2018-04-16T18:00:00+00:00,0.053070082482462186,0.046
32,2018-04-16T19:00:00+00:00,0.04876221588262565,0.0438
32,2018-04-16T20:00:00+00:00,0.04290089813003761,0.0368
32,2018-04-16T21:00:00+00:00,0.0367981541268427,0.0255
32,2018-04-16T22:00:00+00:00,0.02671450512607212,0.0201
32,2018-04-16T23:00:00+00:00,0.024252441118445895,0.014
32,2018-04-17T00:00:00+00:00,0.01183969525904709,0.0098
32,2018-04-17T01:00:00+00:00,0.004804654355352069,0.0072
32,2018-04-17T02:00:00+00:00,0.005059624939132753,0.0037
32,2018-04-17T03:00:00+00:00,0.005109282272292431,0.0039
32,2018-04-17T04:00:00+00:00,0.004691825642362271,0.0051
32,2018-04-17T05:00:00+00:00,0.004813990953283581,0.0083
32,2018-04-17T06:00:00+00:00,0.013515283524940906,0.017
32,2018-04-17T07:00:00+00:00,0.019949208353623012,0.0312
32,2018-04-17T08:00:00+00:00,0.03288140847572391,0.0447
32,2018-04-17T09:00:00+00:00,0.03752011439461324,0.05
32,2018-04-17T10:00:00+00:00,0.04045524314105791,0.0394
32,2018-04-17T11:00:00+00:00,0.04336246652992652,0.0412
32,2018-04-17T12:00:00+00:00,0.051252294905857324,0.049
32,2018-04-17T13:00:00+00:00,0.05825502324355672,0.0545
32,2018-04-17T14:00:00+00:00,0.06240847253948303,0.0575
32,2018-04-17T15:00:00+00:00,0.06278655253760002,0.0661
32,2018-04-17T16:00:00+00:00,0.06546429300180635,0.0695
32,2018-04-17T17:00:00+00:00,0.0609390674779101,0.0735
32,2018-04-17T18:00:00+00:00,0.06030331408667833,0.0739
32,2018-04-17T19:00:00+00:00,0.05490970976107418,0.0661
32,2018-04-17T20:00:00+00:00,0.04589060002244551,0.0516
32,2018-04-17T21:00:00+00:00,0.039618860463603675,0.0324
32,2018-04-17T22:00:00+00:00,0.031073152792779113,0.0278
32,2018-04-17T23:00:00+00:00,0.02474208092949824,0.0164
32,2018-04-18T00:00:00+00:00,0.012221937040470244,0.0102
32,2018-04-18T01:00:00+00:00,0.007185854443376615,0.008
32,2018-04-18T02:00:00+00:00,0.004276232154569674,0.005
32,2018-04-18T03:00:00+00:00,0.0018754899613444079,0.004
32,2018-04-18T04:00:00+00:00,0.003077655272190411,0.0052
32,2018-04-18T05:00:00+00:00,0.010883661050450192,0.0085
32,2018-04-18T06:00:00+00:00,0.01994723033164513,0.0181
32,2018-04-18T07:00:00+00:00,0.0318713687320112,0.0322
32,2018-04-18T08:00:00+00:00,0.036730023070997285,0.0454
32,2018-04-18T09:00:00+00:00,0.045187214780492625,0.0492
32,2018-04-18T10:00:00+00:00,0.046978313681466634,0.0416
32,2018-04-18T11:00:00+00:00,0.047221019275749815,0.0409
32,2018-04-18T12:00:00+00:00,0.053947935737909986,0.0579
32,2018-04-18T13:00:00+00:00,0.059925058635714304,0.0547
32,2018-04-18T14:00:00+00:00,0.06491796207828016,0.0551
32,2018-04-18T15:00:00+00:00,0.06625531798521546,0.0682
32,2018-04-18T16:00:00+00:00,0.06612053260165383,0.0708
32,2018-04-18T17:00:00+00:00,0.06989422674251884,0.0773
32,2018-04-18T18:00:00+00:00,0.06601409120778587,0.0764
32,2018-04-18T19:00:00+00:00,0.062339256391327674,0.0666
32,2018-04-18T20:00:00+00:00,0.057313844042675456,0.0553
32,2018-04-18T21:00:00+00:00,0.04311594483622033,0.0392
32,2018-04-18T22:00:00+00:00,0.036398236515442946,0.0294
32,2018-04-18T23:00:00+00:00,0.024473685069832815,0.0181
32,2018-04-19T00:00:00+00:00,0.015724796735968473,0.0122
32,2018-04-19T01:00:00+00:00,0.007855720881010494,0.0073
32,2018-04-19T02:00:00+00:00,0.005995607393782781,0.0056
32,2018-04-19T03:00:00+00:00,0.0025833878922975166,0.0045
32,2018-04-19T04:00:00+00:00,0.003892495890860166,0.0056
32,2018-04-19T05:00:00+00:00,0.004723582607675629,0.0108
32,2018-04-19T06:00:00+00:00,0.01823425703262443,0.0188
32,2018-04-19T07:00:00+00:00,0.033343952832074454,0.0342
32,2018-04-19T08:00:00+00:00,0.04631678543151566,0.046
32,2018-04-19T09:00:00+00:00,0.04991310927637438,0.0518
33,2018-04-16T10:00:00+00:00,0.02940372991904287,0.0263
33,2018-04-16T11:00:00+00:00,0.03671053005081924,0.0347
33,2018-04-16T12:00:00+00:00,0.044532258701770175,0.0396
33,2018-04-16T13:00:00+00:00,0.051921281990531656,0.047
33,2018-04-16T14:00:00+00:00,0.0511418076528857,0.0466
33,2018-04-16T15:00:00+00:00,0.05356908291177629,0.0428
33,2018-04-16T16:00:00+00:00,0.0554285259184814,0.0417
33,2018-04-16T17:00:00+00:00,0.05271312575389361,0.0448
33,2018-04-16T18:00:00+00:00,0.047957889902431786,0.046
33,2018-04-16T19:00:00+00:00,0.044629028257445344,0.0438
33,2018-04-16T20:00:00+00:00,0.03545464692663932,0.0368
33,2018-04-16T21:00:00+00:00,0.03063940672367258,0.0255
33,2018-04-16T22:00:00+00:00,0.02254409068863592,0.0201
33,2018-04-16T23:00:00+00:00,0.016115345374208993,0.014
33,2018-04-17T00:00:00+00:00,0.008278182094529893,0.0098
33,2018-04-17T01:00:00+00:00,0.007748677934524113,0.0072
33,2018-04-17T02:00:00+00:00,0.009013795309141443,0.0037
33,2018-04-17T03:00:00+00:00,0.0025791686690711975,0.0039
33,2018-04-17T04:00:00+00:00,0.005430406934302832,0.0051
33,2018-04-17T05:00:00+00:00,0.005375114222794335,0.0083
33,2018-04-17T06:00:00+00:00,0.015160562311509402,0.017
33,2018-04-17T07:00:00+00:00,0.02294490331842799,0.0312
33,2018-04-17T08:00:00+00:00,0.032563978244942005,0.0447
33,2018-04-17T09:00:00+00:00,0.04011989008864271,0.05
33,2018-04-17T10:00:00+00:00,0.04286737828135643,0.0394
33,2018-04-17T11:00:00+00:00,0.045365390279743345,0.0412
33,2018-04-17T12:00:00+00:00,0.055078046324182534,0.049
33,2018-04-17T13:00:00+00:00,0.061153587825551706,0.0545
33,2018-04-17T14:00:00+00:00,0.06415762463330724,0.0575
33,2018-04-17T15:00:00+00:00,0.06650350856969287,0.0661
33,2018-04-17T16:00:00+00:00,0.06608700022062644,0.0695
33,2018-04-17T17:00:00+00:00,0.06506852986317747,0.0735
33,2018-04-17T18:00:00+00:00,0.059370606751839625,0.0739
33,2018-04-17T19:00:00+00:00,0.05659290829420814,0.0661
33,2018-04-17T20:00:00+00:00,0.04696155166840167,0.0516
33,2018-04-17T21:00:00+00:00,0.03628050138890927,0.0324
33,2018-04-17T22:00:00+00:00,0.03194939616391915,0.0278
33,2018-04-17T23:00:00+00:00,0.022183441095382117,0.0164
33,2018-04-18T00:00:00+00:00,0.01198849180567909,0.0102
33,2018-04-18T01:00:00+00:00,0.004935028353045382,0.008
33,2018-04-18T02:00:00+00:00,0.006977284871463613,0.005
33,2018-04-18T03:00:00+00:00,0.0051461900319008935,0.004
33,2018-04-18T04:00:00+00:00,0.006044625577285405,0.0052
33,2018-04-18T05:00:00+00:00,0.00844104411106588,0.0085
33,2018-04-18T06:00:00+00:00,0.02070631976380729,0.0181
33,2018-04-18T07:00:00+00:00,0.03128896553862433,0.0322
33,2018-04-18T08:00:00+00:00,0.0407269934920607,0.0454
33,2018-04-18T09:00:00+00:00,0.047777931676931715,0.0492
33,2018-04-18T10:00:00+00:00,0.048527029696072546,0.0416
33,2018-04-18T11:00:00+00:00,0.052958676190767995,0.0409
33,2018-04-18T12:00:00+00:00,0.05304207268866765,0.0579
33,2018-04-18T13:00:00+00:00,0.06253968202692413,0.0547
33,2018-04-18T14:00:00+00:00,0.0644538454346605,0.0551
33,2018-04-18T15:00:00+00:00,0.06763734335151617,0.0682
33,2018-04-18T16:00:00+00:00,0.07178582148344315,0.0708
33,2018-04-18T17:00:00+00:00,0.06914384833533954,0.0773
33,2018-04-18T18:00:00+00:00,0.06860844144026565,0.0764
33,2018-04-18T19:00:00+00:00,0.05728630421186405,0.0666
33,2018-04-18T20:00:00+00:00,0.05496471213989532,0.0553
33,2018-04-18T21:00:00+00:00,0.04317640714054326,0.0392
33,2018-04-18T22:00:00+00:00,0.037397398704820575,0.0294
33,2018-04-18T23:00:00+00:00,0.024652365518199854,0.0181
33,2018-04-19T00:00:00+00:00,0.014793126452779207,0.0122
33,2018-04-19T01:00:00+00:00,0.006909501588225713,0.0073
33,2018-04-19T02:00:00+00:00,0.004831314833203933,0.0056
33,2018-04-19T03:00:00+00:00,0.004024743474312892,0.0045
33,2018-04-19T04:00:00+00:00,0.006279517253702408,0.0056
33,2018-04-19T05:00:00+00:00,0.011804366575061946,0.0108
33,2018-04-19T06:00:00+00:00,0.02001492275537296,0.0188
33,2018-04-19T07:00:00+00:00,0.03083314739692456,0.0342
33,2018-04-19T08:00:00+00:00,0.0437393162693899,0.046
33,2018-04-19T09:00:00+00:00,0.049467776531009325,0.0518
33,2018-04-19T10:00:00+00:00,0.0509472200019019,0.044
33,2018-04-19T11:00:00+00:00,0.04694000229908189,0.0452
33,2018-04-19T12:00:00+00:00,0.05373036794141332,0.0507
33,2018-04-19T13:00:00+00:00,0.05835839839005032,0.0592
33,2018-04-19T14:00:00+00:00,0.05982360302691625,0.0618
33,2018-04-19T15:00:00+00:00,0.06873468394115614,0.066
33,2018-04-19T16:00:00+00:00,0.06756094199152984,0.0744
33,2018-04-19T17:00:00+00:00,0.06998712902502394,0.0742
33,2018-04-19T18:00:00+00:00,0.06519791380551965,0.076
33,2018-04-19T19:00:00+00:00,0.06353925569500254,0.0683
33,2018-04-19T20:00:00+00:00,0.05676521969979159,0.0534
33,2018-04-19T21:00:00+00:00,0.042473689246026416,0.0444
33,2018-04-19T22:00:00+00:00,0.03481370096662507,0.0305
33,2018-04-19T23:00:00+00:00,0.022468977027223377,0.018
33,2018-04-20T00:00:00+00:00,0.013621890972396255,0.0126
33,2018-04-20T01:00:00+00:00,0.009292475003239934,0.0081
33,2018-04-20T02:00:00+00:00,0.007217456843086632,0.0057
33,2018-04-20T03:00:00+00:00,0.0037547194540014685,0.0045
33,2018-04-20T04:00:00+00:00,0.0038955621382345436,0.006
33,2018-04-20T05:00:00+00:00,0.008621618510254926,0.01
33,2018-04-20T06:00:00+00:00,0.020892623011760696,0.0191
33,2018-04-20T07:00:00+00:00,0.032744467528613,0.0324
33,2018-04-20T08:00:00+00:00,0.04532249101428107,0.0454
33,2018-04-20T09:00:00+00:00,0.05004542578773129,0.0521
34,2018-04-17T10:00:00+00:00,0.04696596723171872,0.0394
34,2018-04-17T11:00:00+00:00,0.04746590758699909,0.0412
34,2018-04-17T12:00:00+00:00,0.04705605391377378,0.049
34,2018-04-17T13:00:00+00:00,0.06263680562137991,0.0545
34,2018-04-17T14:00:00+00:00,0.06164980189655694,0.0575
34,2018-04-17T15:00:00+00:00,0.06483886208640849,0.0661
34,2018-04-17T16:00:00+00:00,0.06408161386477801,0.0695
34,2018-04-17T17:00:00+00:00,0.06628017798266084,0.0735
34,2018-04-17T18:00:00+00:00,0.06255697457597893,0.0739
34,2018-04-17T19:00:00+00:00,0.06142774334266593,0.0661
34,2018-04-17T20:00:00+00:00,0.04555902756113904,0.0516
34,2018-04-17T21:00:00+00:00,0.0361330505029523,0.0324
34,2018-04-17T22:00:00+00:00,0.02925294229590568,0.0278
34,2018-04-17T23:00:00+00:00,0.015868756841322978,0.0164
34,2018-04-18T00:00:00+00:00,0.008444526014589775,0.0102
34,2018-04-18T01:00:00+00:00,0.004420853341187109,0.008
34,2018-04-18T02:00:00+00:00,0.0024504531185272453,0.005
34,2018-04-18T03:00:00+00:00,-0.001323949099899014,0.004
34,2018-04-18T04:00:00+00:00,0.007762014439623148,0.0052
34,2018-04-18T05:00:00+00:00,0.01122253569215231,0.0085
34,2018-04-18T06:00:00+00:00,0.020498203445082464,0.0181
34,2018-04-18T07:00:00+00:00,0.03361930127189419,0.0322
34,2018-04-18T08:00:00+00:00,0.04217012031234138,0.0454
34,2018-04-18T09:00:00+00:00,0.045820849160851565,0.0492
34,2018-04-18T10:00:00+00:00,0.048755486012707225,0.0416
34,2018-04-18T11:00:00+00:00,0.04474702343016301,0.0409
34,2018-04-18T12:00:00+00:00,0.05639695252876234,0.0579
34,2018-04-18T13:00:00+00:00,0.05896637383589255,0.0547
34,2018-04-18T14:00:00+00:00,0.061579439038722754,0.0551
34,2018-04-18T15:00:00+00:00,0.06674031142890793,0.0682
34,2018-04-18T16:00:00+00:00,0.06804935258829076,0.0708
34,2018-04-18T17:00:00+00:00,0.06881017043986865,0.0773
34,2018-04-18T18:00:00+00:00,0.06672178444375076,0.0764
34,2018-04-18T19:00:00+00:00,0.06082267748987036,0.0666
34,2018-04-18T20:00:00+00:00,0.05735392248587677,0.0553
34,2018-04-18T21:00:00+00:00,0.043854118826908844,0.0392
34,2018-04-18T22:00:00+00:00,0.03291859194694914,0.0294
34,2018-04-18T23:00:00+00:00,0.020684805902801792,0.0181
34,2018-04-19T00:00:00+00:00,0.01437085113572869,0.0122
34,2018-04-19T01:00:00+00:00,0.004557961386247582,0.0073
34,2018-04-19T02:00:00+00:00,0.002562327284480196,0.0056
34,2018-04-19T03:00:00+00:00,0.00273047377367093,0.0045
34,2018-04-19T04:00:00+00:00,0.006729745968989488,0.0056
34,2018-04-19T05:00:00+00:00,0.0062616920799333925,0.0108
34,2018-04-19T06:00:00+00:00,0.019621914644187395,0.0188
34,2018-04-19T07:00:00+00:00,0.030618370136185506,0.0342
34,2018-04-19T08:00:00+00:00,0.039208743611107814,0.046
34,2018-04-19T09:00:00+00:00,0.04150902233961051,0.0518
34,2018-04-19T10:00:00+00:00,0.04496828618006926,0.044
34,2018-04-19T11:00:00+00:00,0.04645090242327906,0.0452
34,2018-04-19T12:00:00+00:00,0.051208028570295244,0.0507
34,2018-04-19T13:00:00+00:00,0.05723758053849752,0.0592
34,2018-04-19T14:00:00+00:00,0.059296097776132047,0.0618
34,2018-04-19T15:00:00+00:00,0.06144412103044692,0.066
34,2018-04-19T16:00:00+00:00,0.06387190802680803,0.0744
34,2018-04-19T17:00:00+00:00,0.06616968028606737,0.0742
34,2018-04-19T18:00:00+00:00,0.06403913965472494,0.076
34,2018-04-19T19:00:00+00:00,0.060303443587589246,0.0683
34,2018-04-19T20:00:00+00:00,0.05217122292603067,0.0534
34,2018-04-19T21:00:00+00:00,0.04581337570505761,0.0444
34,2018-04-19T22:00:00+00:00,0.03093651758269778,0.0305
34,2018-04-19T23:00:00+00:00,0.02166318162943559,0.018
34,2018-04-20T00:00:00+00:00,0.008897632992057977,0.0126
34,2018-04-20T01:00:00+00:00,0.00656987500575058,0.0081
34,2018-04-20T02:00:00+00:00,0.0021097550204505766,0.0057
34,2018-04-20T03:00:00+00:00,0.0035387662414424065,0.0045
34,2018-04-20T04:00:00+00:00,0.006414365298995119,0.006
34,2018-04-20T05:00:00+00:00,0.011391611663687455,0.01
34,2018-04-20T06:00:00+00:00,0.024017508189722588,0.0191
34,2018-04-20T07:00:00+00:00,0.04115978553631148,0.0324
34,2018-04-20T08:00:00+00:00,0.04456524383701278,0.0454
34,2018-04-20T09:00:00+00:00,0.048677509754546336,0.0521
34,2018-04-20T10:00:00+00:00,0.04592289587864618,0.0449
34,2018-04-20T11:00:00+00:00,0.0452966044088081,0.0424
34,2018-04-20T12:00:00+00:00,0.05455360940949708,0.0498
34,2018-04-20T13:00:00+00:00,0.05528929155201282,0.0552
34,2018-04-20T14:00:00+00:00,0.06334226809971821,0.0625
34,2018-04-20T15:00:00+00:00,0.06518898242011581,0.0734
34,2018-04-20T16:00:00+00:00,0.06813101335623939,0.0759
34,2018-04-20T17:00:00+00:00,0.06642719493613006,0.0761
34,2018-04-20T18:00:00+00:00,0.06402376037719254,0.0747
34,2018-04-20T19:00:00+00:00,0.06102689207147303,0.0586
34,2018-04-20T20:00:00+00:00,0.056952822656483895,0.0625
34,2018-04-20T21:00:00+00:00,0.042269437067385104,0.0478
34,2018-04-20T22:00:00+00:00,0.02949170385639821,0.0338
34,2018-04-20T23:00:00+00:00,0.020428030661165893,0.0201
34,2018-04-21T00:00:00+00:00,0.014371931006227703,0.015
34,2018-04-21T01:00:00+00:00,0.0042153395730266385,0.0103
34,2018-04-21T02:00:00+00:00,0.0034876760433652752,0.0058
34,2018-04-21T03:00:00+00:00,0.0019724694338187007,0.0049
34,2018-04-21T04:00:00+00:00,0.006621654482869638,0.0059
34,2018-04-21T05:00:00+00:00,0.010261854071833349,0.0089
34,2018-04-21T06:00:00+00:00,0.022299976249765534,0.0184
34,2018-04-21T07:00:00+00:00,0.034938141942746914,0.0322
34,2018-04-21T08:00:00+00:00,0.04308603848069832,0.0455
34,2018-04-21T09:00:00+00:00,0.045871711687972425,0.0513
35,2018-04-18T10:00:00+00:00,0.04602862084005543,0.0416
35,2018-04-18T11:00:00+00:00,0.04920004593005557,0.0409
35,2018-04-18T12:00:00+00:00,0.05359522747470889,0.0579
35,2018-04-18T13:00:00+00:00,0.05959726049934346,0.0547
35,2018-04-18T14:00:00+00:00,0.06202051078637409,0.0551
35,2018-04-18T15:00:00+00:00,0.06487363516971137,0.0682
35,2018-04-18T16:00:00+00:00,0.06715972728229665,0.0708
35,2018-04-18T17:00:00+00:00,0.06882688858972186,0.0773
35,2018-04-18T18:00:00+00:00,0.06602216621619822,0.0764
35,2018-04-18T19:00:00+00:00,0.06344287986387102,0.0666
35,2018-04-18T20:00:00+00:00,0.055196522947867366,0.0553
35,2018-04-18T21:00:00+00:00,0.041009002612804116,0.0392
35,2018-04-18T22:00:00+00:00,0.03109474393658628,0.0294
35,2018-04-18T23:00:00+00:00,0.02166044017870067,0.0181
35,2018-04-19T00:00:00+00:00,0.01301209624762821,0.0122
35,2018-04-19T01:00:00+00:00,0.0052948278354808115,0.0073
35,2018-04-19T02:00:00+00:00,0.001783022133508158,0.0056
35,2018-04-19T03:00:00+00:00,0.0011787458185242433,0.0045
35,2018-04-19T04:00:00+00:00,0.005768957823727685,0.0056
35,2018-04-19T05:00:00+00:00,0.011310372818061451,0.0108
35,2018-04-19T06:00:00+00:00,0.018519162169706112,0.0188
35,2018-04-19T07:00:00+00:00,0.029044321550245625,0.0342
35,2018-04-19T08:00:00+00:00,0.039188533114108866,0.046
35,2018-04-19T09:00:00+00:00,0.04150794455783587,0.0518
35,2018-04-19T10:00:00+00:00,0.04229530591870094,0.044
35,2018-04-19T11:00:00+00:00,0.040620960443806954,0.0452
35,2018-04-19T12:00:00+00:00,0.048913372687795144,0.0507
35,2018-04-19T13:00:00+00:00,0.050875491118330084,0.0592
35,2018-04-19T14:00:00+00:00,0.05467488074638825,0.0618
35,2018-04-19T15:00:00+00:00,0.05800013412002644,0.066
35,2018-04-19T16:00:00+00:00,0.05828362832379655,0.0744
35,2018-04-19T17:00:00+00:00,0.06022217132237333,0.0742
35,2018-04-19T18:00:00+00:00,0.0599626138998773,0.076
35,2018-04-19T19:00:00+00:00,0.05540442621670651,0.0683
35,2018-04-19T20:00:00+00:00,0.04882903835265359,0.0534
35,2018-04-19T21:00:00+00:00,0.03759338266804536,0.0444
35,2018-04-19T22:00:00+00:00,0.028674394887704843,0.0305
35,2018-04-19T23:00:00+00:00,0.02034418299880243,0.018
35,2018-04-20T00:00:00+00:00,0.013487521244984153,0.0126
35,2018-04-20T01:00:00+00:00,0.005124680348344134,0.0081
35,2018-04-20T02:00:00+00:00,0.00425278413479805,0.0057
35,2018-04-20T03:00:00+00:00,0.004274469271201845,0.0045
35,2018-04-20T04:00:00+00:00,0.006213785097795327,0.006
35,2018-04-20T05:00:00+00:00,0.007864946776550422,0.01
35,2018-04-20T06:00:00+00:00,0.019073787417703457,0.0191
35,2018-04-20T07:00:00+00:00,0.031990455524302464,0.0324
35,2018-04-20T08:00:00+00:00,0.039483295985852235,0.0454
35,2018-04-20T09:00:00+00:00,0.04269530812343766,0.0521
35,2018-04-20T10:00:00+00:00,0.042152618890849626,0.0449
35,2018-04-20T11:00:00+00:00,0.04838639797300079,0.0424
35,2018-04-20T12:00:00+00:00,0.05404907594932826,0.0498
35,2018-04-20T13:00:00+00:00,0.060394405445155105,0.0552
35,2018-04-20T14:00:00+00:00,0.05829576381238315,0.0625
35,2018-04-20T15:00:00+00:00,0.05820606772178518,0.0734
35,2018-04-20T16:00:00+00:00,0.06320290840978747,0.0759
35,2018-04-20T17:00:00+00:00,0.06108445313764676,0.0761
35,2018-04-20T18:00:00+00:00,0.06296773684430496,0.0747
35,2018-04-20T19:00:00+00:00,0.05720308107808706,0.0586
35,2018-04-20T20:00:00+00:00,0.04878098098236093,0.0625
35,2018-04-20T21:00:00+00:00,0.04269274734736069,0.0478
35,2018-04-20T22:00:00+00:00,0.03055250874045806,0.0338
35,2018-04-20T23:00:00+00:00,0.024159299154819402,0.0201
35,2018-04-21T00:00:00+00:00,0.011604632307231785,0.015
35,2018-04-21T01:00:00+00:00,0.00999135173364132,0.0103
35,2018-04-21T02:00:00+00:00,0.006163682866344951,0.0058
35,2018-04-21T03:00:00+00:00,0.00278946770476211,0.0049
35,2018-04-21T04:00:00+00:00,0.0060253278528359135,0.0059
35,2018-04-21T05:00:00+00:00,0.007549804221134177,0.0089
35,2018-04-21T06:00:00+00:00,0.016279111808396952,0.0184
35,2018-04-21T07:00:00+00:00,0.029366639918233173,0.0322
35,2018-04-21T08:00:00+00:00,0.037088615792928256,0.0455
35,2018-04-21T09:00:00+00:00,0.042332023604391776,0.0513
35,2018-04-21T10:00:00+00:00,0.04738340297440519,0.0431
35,2018-04-21T11:00:00+00:00,0.05085848890196264,0.0452
35,2018-04-21T12:00:00+00:00,0.06204844538609132,0.0563
35,2018-04-21T13:00:00+00:00,0.06416385738682573,0.0611
35,2018-04-21T14:00:00+00:00,0.06576555807251187,0.067
35,2018-04-21T15:00:00+00:00,0.06545118416766359,0.0743
35,2018-04-21T16:00:00+00:00,0.06626498877904609,0.2174
35,2018-04-21T17:00:00+00:00,0.0671003949778576,0.1329
35,2018-04-21T18:00:00+00:00,0.06158151940819475,0.0732
35,2018-04-21T19:00:00+00:00,0.059368004201275276,0.0671
35,2018-04-21T20:00:00+00:00,0.04979191731100923,0.0604
35,2018-04-21T21:00:00+00:00,0.044856013067761734,0.0431
35,2018-04-21T22:00:00+00:00,0.03411780014626908,0.0346
35,2018-04-21T23:00:00+00:00,0.021876657614892468,0.0288
35,2018-04-22T00:00:00+00:00,0.023661281470321132,0.0221
35,2018-04-22T01:00:00+00:00,0.010086307232201601,0.0137
35,2018-04-22T02:00:00+00:00,0.011079815244711088,0.0097
35,2018-04-22T03:00:00+00:00,0.005064623256548884,0.0067
35,2018-04-22T04:00:00+00:00,0.0021942648084391607,0.0055
35,2018-04-22T05:00:00+00:00,0.004966290290683177,0.0052
35,2018-04-22T06:00:00+00:00,0.009867983317483196,0.0087
35,2018-04-22T07:00:00+00:00,0.017068451191239904,0.015
35,2018-04-22T08:00:00+00:00,0.025822571257468663,0.0247
35,2018-04-22T09:00:00+00:00,0.0330161139655784,0.0346
36,2018-04-19T10:00:00+00:00,0.047556587466775074,0.044
36,2018-04-19T11:00:00+00:00,0.04941777038087994,0.0452
36,2018-04-19T12:00:00+00:00,0.051799154276649,0.0507
36,2018-04-19T13:00:00+00:00,0.05562926277400891,0.0592
36,2018-04-19T14:00:00+00:00,0.05974893321943221,0.0618
36,2018-04-19T15:00:00+00:00,0.0618146628223145,0.066
36,2018-04-19T16:00:00+00:00,0.06171945876555425,0.0744
36,2018-04-19T17:00:00+00:00,0.06502101138377211,0.0742
36,2018-04-19T18:00:00+00:00,0.06773563872034322,0.076
36,2018-04-19T19:00:00+00:00,0.06736523687300838,0.0683
36,2018-04-19T20:00:00+00:00,0.05481153136081181,0.0534
36,2018-04-19T21:00:00+00:00,0.044552914097059824,0.0444
36,2018-04-19T22:00:00+00:00,0.034102355596100156,0.0305
36,2018-04-19T23:00:00+00:00,0.02507001744385856,0.018
36,2018-04-20T00:00:00+00:00,0.016449190367629443,0.0126
36,2018-04-20T01:00:00+00:00,0.009487075186569948,0.0081
36,2018-04-20T02:00:00+00:00,0.003387371321694789,0.0057
36,2018-04-20T03:00:00+00:00,0.003365107608640651,0.0045
36,2018-04-20T04:00:00+00:00,0.0065263209251984824,0.006
36,2018-04-20T05:00:00+00:00,0.008944742081486906,0.01
36,2018-04-20T06:00:00+00:00,0.0224970285955053,0.0191
36,2018-04-20T07:00:00+00:00,0.03274221431719944,0.0324
36,2018-04-20T08:00:00+00:00,0.04031991155607367,0.0454
36,2018-04-20T09:00:00+00:00,0.04728759318757779,0.0521
36,2018-04-20T10:00:00+00:00,0.05063719899863959,0.0449
36,2018-04-20T11:00:00+00:00,0.05264944890276607,0.0424
36,2018-04-20T12:00:00+00:00,0.058826567158946734,0.0498
36,2018-04-20T13:00:00+00:00,0.05856188400684804,0.0552
36,2018-04-20T14:00:00+00:00,0.0658028167378144,0.0625
36,2018-04-20T15:00:00+00:00,0.06745739974708669,0.0734
36,2018-04-20T16:00:00+00:00,0.07060678252881586,0.0759
36,2018-04-20T17:00:00+00:00,0.0649540092834484,0.0761
36,2018-04-20T18:00:00+00:00,0.06932212931517091,0.0747
36,2018-04-20T19:00:00+00:00,0.0647237274217148,0.0586
36,2018-04-20T20:00:00+00:00,0.05326469519813842,0.0625
36,2018-04-20T21:00:00+00:00,0.04371233412798514,0.0478
36,2018-04-20T22:00:00+00:00,0.03819664072989916,0.0338
36,2018-04-20T23:00:00+00:00,0.028453496098019976,0.0201
36,2018-04-21T00:00:00+00:00,0.022806674672743305,0.015
36,2018-04-21T01:00:00+00:00,0.009626963323766176,0.0103
36,2018-04-21T02:00:00+00:00,0.00650336166692932,0.0058
36,2018-04-21T03:00:00+00:00,0.0061365670465805475,0.0049
36,2018-04-21T04:00:00+00:00,0.0007431820370351859,0.0059
36,2018-04-21T05:00:00+00:00,0.006084653891101844,0.0089
36,2018-04-21T06:00:00+00:00,0.017939793892828078,0.0184
36,2018-04-21T07:00:00+00:00,0.026611121102499954,0.0322
36,2018-04-21T08:00:00+00:00,0.04053964744846584,0.0455
36,2018-04-21T09:00:00+00:00,0.045319223205005046,0.0513
36,2018-04-21T10:00:00+00:00,0.049298790374622065,0.0431
36,2018-04-21T11:00:00+00:00,0.05546697933412327,0.0452
36,2018-04-21T12:00:00+00:00,0.05568469751877453,0.0563
36,2018-04-21T13:00:00+00:00,0.06248712136689089,0.0611
36,2018-04-21T14:00:00+00:00,0.06371400046447641,0.067
36,2018-04-21T15:00:00+00:00,0.06606443781998747,0.0743
36,2018-04-21T16:00:00+00:00,0.06946133443949833,0.2174
36,2018-04-21T17:00:00+00:00,0.06799998349909406,0.1329
36,2018-04-21T18:00:00+00:00,0.06534114181298264,0.0732
36,2018-04-21T19:00:00+00:00,0.05722608628829236,0.0671
36,2018-04-21T20:00:00+00:00,0.05617420678455378,0.0604
36,2018-04-21T21:00:00+00:00,0.04570086238944761,0.0431
36,2018-04-21T22:00:00+00:00,0.03875474370397167,0.0346
36,2018-04-21T23:00:00+00:00,0.029424899140527407,0.0288
36,2018-04-22T00:00:00+00:00,0.023714948109908,0.0221
36,2018-04-22T01:00:00+00:00,0.014956654772389048,0.0137
36,2018-04-22T02:00:00+00:00,0.008083840913021695,0.0097
36,2018-04-22T03:00:00+00:00,0.002982160882742807,0.0067
36,2018-04-22T04:00:00+00:00,0.0008214026759473074,0.0055
36,2018-04-22T05:00:00+00:00,0.0005654107059499605,0.0052
36,2018-04-22T06:00:00+00:00,0.0066138593635227914,0.0087
36,2018-04-22T07:00:00+00:00,0.01199497729484628,0.015
36,2018-04-22T08:00:00+00:00,0.02075528520701958,0.0247
36,2018-04-22T09:00:00+00:00,0.029668855880707893,0.0346
36,2018-04-22T10:00:00+00:00,0.041208007915829334,0.0396
36,2018-04-22T11:00:00+00:00,0.04198260090462385,0.0484
36,2018-04-22T12:00:00+00:00,0.05142013226384139,0.0531
36,2018-04-22T13:00:00+00:00,0.05262677579973552,0.0573
36,2018-04-22T14:00:00+00:00,0.059758027525336876,0.0564
36,2018-04-22T15:00:00+00:00,0.05737816213218441,0.0588
36,2018-04-22T16:00:00+00:00,0.05943607781720053,0.0576
36,2018-04-22T17:00:00+00:00,0.05638306042298103,0.0623
36,2018-04-22T18:00:00+00:00,0.05455405430778777,0.0592
36,2018-04-22T19:00:00+00:00,0.052350652704265255,0.0541
36,2018-04-22T20:00:00+00:00,0.04185214544668013,0.0476
36,2018-04-22T21:00:00+00:00,0.03528682001227712,0.0371
36,2018-04-22T22:00:00+00:00,0.028514435675861323,0.0303
36,2018-04-22T23:00:00+00:00,0.02314527255846647,0.0322
36,2018-04-23T00:00:00+00:00,0.01966383951973131,0.021
36,2018-04-23T01:00:00+00:00,0.013742051107922877,0.0158
36,2018-04-23T02:00:00+00:00,0.006868489485231253,0.0096
36,2018-04-23T03:00:00+00:00,0.002366384051380614,0.0066
36,2018-04-23T04:00:00+00:00,-0.0001665409748419222,0.005
36,2018-04-23T05:00:00+00:00,0.00473466955662875,0.0039
36,2018-04-23T06:00:00+00:00,0.006616012838347712,0.0058
36,2018-04-23T07:00:00+00:00,0.009017078783850246,0.0075
36,2018-04-23T08:00:00+00:00,0.017019100900562537,0.0139
36,2018-04-23T09:00:00+00:00,0.02642421577974705,0.0226
37,2018-04-20T10:00:00+00:00,0.04582891372564207,0.0449
37,2018-04-20T11:00:00+00:00,0.05421033591427286,0.0424
37,2018-04-20T12:00:00+00:00,0.056534879353775644,0.0498
37,2018-04-20T13:00:00+00:00,0.06122666393634184,0.0552
37,2018-04-20T14:00:00+00:00,0.0637987838753574,0.0625
37,2018-04-20T15:00:00+00:00,0.06526378381723512,0.0734
37,2018-04-20T16:00:00+00:00,0.06431137772286798,0.0759
37,2018-04-20T17:00:00+00:00,0.06779974584869086,0.0761
37,2018-04-20T18:00:00+00:00,0.06535325223687682,0.0747
37,2018-04-20T19:00:00+00:00,0.06477245736125443,0.0586
37,2018-04-20T20:00:00+00:00,0.05688702575012135,0.0625
37,2018-04-20T21:00:00+00:00,0.04424675932260538,0.0478
37,2018-04-20T22:00:00+00:00,0.03812467999792232,0.0338
37,2018-04-20T23:00:00+00:00,0.025307910095013396,0.0201
37,2018-04-21T00:00:00+00:00,0.01660437423338327,0.015
37,2018-04-21T01:00:00+00:00,0.010722503432999693,0.0103
37,2018-04-21T02:00:00+00:00,0.006524311572355057,0.0058
37,2018-04-21T03:00:00+00:00,0.0016196045162899,0.0049
37,2018-04-21T04:00:00+00:00,0.0023434310592845564,0.0059
37,2018-04-21T05:00:00+00:00,0.010771928917754359,0.0089
37,2018-04-21T06:00:00+00:00,0.017434945035279467,0.0184
37,2018-04-21T07:00:00+00:00,0.02613357552772791,0.0322
37,2018-04-21T08:00:00+00:00,0.037058028513261794,0.0455
37,2018-04-21T09:00:00+00:00,0.04643070968043725,0.0513
37,2018-04-21T10:00:00+00:00,0.04784829244604154,0.0431
37,2018-04-21T11:00:00+00:00,0.05259156408431506,0.0452
37,2018-04-21T12:00:00+00:00,0.05622759457943732,0.0563
37,2018-04-21T13:00:00+00:00,0.06089672694621666,0.0611
37,2018-04-21T14:00:00+00:00,0.06415323204595824,0.067
37,2018-04-21T15:00:00+00:00,0.06459086366457309,0.0743
37,2018-04-21T16:00:00+00:00,0.06808567550507577,0.2174
37,2018-04-21T17:00:00+00:00,0.06651203056512028,0.1329
37,2018-04-21T18:00:00+00:00,0.06618264708695301,0.0732
37,2018-04-21T19:00:00+00:00,0.06187201292732693,0.0671
37,2018-04-21T20:00:00+00:00,0.0597815089646984,0.0604
37,2018-04-21T21:00:00+00:00,0.045407426902041026,0.0431
37,2018-04-21T22:00:00+00:00,0.038763440107883934,0.0346
37,2018-04-21T23:00:00+00:00,0.030491240449619067,0.0288
37,2018-04-22T00:00:00+00:00,0.01847331258107197,0.0221
37,2018-04-22T01:00:00+00:00,0.0126089056051415,0.0137
37,2018-04-22T02:00:00+00:00,0.00766042932991419,0.0097
37,2018-04-22T03:00:00+00:00,0.0022513559116297648,0.0067
37,2018-04-22T04:00:00+00:00,-0.00015670099433737206,0.0055
37,2018-04-22T05:00:00+00:00,0.0025987567262080458,0.0052
37,2018-04-22T06:00:00+00:00,0.006345059335691877,0.0087
37,2018-04-22T07:00:00+00:00,0.01218143354185975,0.015
37,2018-04-22T08:00:00+00:00,0.021040147003070594,0.0247
37,2018-04-22T09:00:00+00:00,0.034632727098900355,0.0346
37,2018-04-22T10:00:00+00:00,0.03267651662524445,0.0396
37,2018-04-22T11:00:00+00:00,0.043044577301964426,0.0484
37,2018-04-22T12:00:00+00:00,0.050423225896782775,0.0531
37,2018-04-22T13:00:00+00:00,0.055575204498602766,0.0573
37,2018-04-22T14:00:00+00:00,0.05545427362378381,0.0564
37,2018-04-22T15:00:00+00:00,0.05336118382038589,0.0588
37,2018-04-22T16:00:00+00:00,0.05677197254567807,0.0576
37,2018-04-22T17:00:00+00:00,0.05361020153971359,0.0623
37,2018-04-22T18:00:00+00:00,0.058100369913792735,0.0592
37,2018-04-22T19:00:00+00:00,0.05368288079287352,0.0541
37,2018-04-22T20:00:00+00:00,0.04542609487609313,0.0476
37,2018-04-22T21:00:00+00:00,0.038673124710510424,0.0371
37,2018-04-22T22:00:00+00:00,0.031543014472776985,0.0303
37,2018-04-22T23:00:00+00:00,0.021447302044410553,0.0322
37,2018-04-23T00:00:00+00:00,0.018486740990043264,0.021
37,2018-04-23T01:00:00+00:00,0.009731833996908312,0.0158
37,2018-04-23T02:00:00+00:00,0.003988393404111078,0.0096
37,2018-04-23T03:00:00+00:00,0.0027938435823161474,0.0066
37,2018-04-23T04:00:00+00:00,-0.0010540378707035412,0.005
37,2018-04-23T05:00:00+00:00,0.0005692476926166673,0.0039
37,2018-04-23T06:00:00+00:00,0.0043443266577386265,0.0058
37,2018-04-23T07:00:00+00:00,0.012571266792003728,0.0075
37,2018-04-23T08:00:00+00:00,0.024070256312767987,0.0139
37,2018-04-23T09:00:00+00:00,0.024008530330201533,0.0226
37,2018-04-23T10:00:00+00:00,0.03459056045351067,0.0304
37,2018-04-23T11:00:00+00:00,0.03750016603252266,0.0384
37,2018-04-23T12:00:00+00:00,0.047744424360596754,0.0416
37,2018-04-23T13:00:00+00:00,0.05032196036190234,0.0517
37,2018-04-23T14:00:00+00:00,0.048570243314552425,0.0526
37,2018-04-23T15:00:00+00:00,0.04837483897234016,0.0463
37,2018-04-23T16:00:00+00:00,0.05189060907316606,0.0486
37,2018-04-23T17:00:00+00:00,0.052447653063983246,0.0508
37,2018-04-23T18:00:00+00:00,0.051519887651002697,0.0491
37,2018-04-23T19:00:00+00:00,0.04849843923690329,0.0463
37,2018-04-23T20:00:00+00:00,0.03820707286376246,0.0413
37,2018-04-23T21:00:00+00:00,0.032590699034710034,0.0294
37,2018-04-23T22:00:00+00:00,0.02577706787489876,0.0196
37,2018-04-23T23:00:00+00:00,0.01875605066662033,0.0143
37,2018-04-24T00:00:00+00:00,0.013258352673339482,0.0094
37,2018-04-24T01:00:00+00:00,0.00902531462403905,0.007
37,2018-04-24T02:00:00+00:00,0.006752132916781426,0.0048
37,2018-04-24T03:00:00+00:00,0.0057829230348619386,0.0039
37,2018-04-24T04:00:00+00:00,0.009925101574090607,0.0047
37,2018-04-24T05:00:00+00:00,0.012584421578082622,0.0096
37,2018-04-24T06:00:00+00:00,0.018825377517167265,0.0184
37,2018-04-24T07:00:00+00:00,0.032187934491994696,0.0312
37,2018-04-24T08:00:00+00:00,0.03786528549592712,0.0443
37,2018-04-24T09:00:00+00:00,0.04442924072714376,0.0493
38,2018-04-21T10:00:00+00:00,0.0474683618381332,0.0431
38,2018-04-21T11:00:00+00:00,0.04867975095579477,0.0452
38,2018-04-21T12:00:00+00:00,0.054044539239997774,0.0563
38,2018-04-21T13:00:00+00:00,0.06277094141166263,0.0611
38,2018-04-21T14:00:00+00:00,0.06606238251520791,0.067
38,2018-04-21T15:00:00+00:00,0.06638958118768472,0.0743
38,2018-04-21T16:00:00+00:00,0.06856122373716951,0.2174
38,2018-04-21T17:00:00+00:00,0.06263376234997359,0.1329
38,2018-04-21T18:00:00+00:00,0.060522429627932764,0.0732
38,2018-04-21T19:00:00+00:00,0.05968447518539051,0.0671
38,2018-04-21T20:00:00+00:00,0.04781258361422116,0.0604
38,2018-04-21T21:00:00+00:00,0.04340021186800714,0.0431
38,2018-04-21T22:00:00+00:00,0.030514877498946127,0.0346
38,2018-04-21T23:00:00+00:00,0.021878949467706865,0.0288
38,2018-04-22T00:00:00+00:00,0.01391462882586343,0.0221
38,2018-04-22T01:00:00+00:00,0.00752553115523661,0.0137
38,2018-04-22T02:00:00+00:00,0.001502894953421631,0.0097
38,2018-04-22T03:00:00+00:00,-0.0013724137714437278,0.0067
38,2018-04-22T04:00:00+00:00,-0.001890166768146892,0.0055
38,2018-04-22T05:00:00+00:00,0.0022098780231009155,0.0052
38,2018-04-22T06:00:00+00:00,0.005245838894119358,0.0087
38,2018-04-22T07:00:00+00:00,0.017229883475944986,0.015
38,2018-04-22T08:00:00+00:00,0.025239898096457037,0.0247
38,2018-04-22T09:00:00+00:00,0.034811669682175764,0.0346
38,2018-04-22T10:00:00+00:00,0.035908084966920086,0.0396
38,2018-04-22T11:00:00+00:00,0.038975638838388886,0.0484
38,2018-04-22T12:00:00+00:00,0.05011681003178215,0.0531
38,2018-04-22T13:00:00+00:00,0.0539561026501946,0.0573
38,2018-04-22T14:00:00+00:00,0.05693208371221947,0.0564
38,2018-04-22T15:00:00+00:00,0.06232922633690549,0.0588
38,2018-04-22T16:00:00+00:00,0.0647693200972515,0.0576
38,2018-04-22T17:00:00+00:00,0.05790766002601709,0.0623
38,2018-04-22T18:00:00+00:00,0.05389452287833401,0.0592
38,2018-04-22T19:00:00+00:00,0.0512494793054073,0.0541
38,2018-04-22T20:00:00+00:00,0.04577684078274911,0.0476
38,2018-04-22T21:00:00+00:00,0.037291986529885655,0.0371
38,2018-04-22T22:00:00+00:00,0.031005031136193358,0.0303
38,2018-04-22T23:00:00+00:00,0.020865663324142907,0.0322
38,2018-04-23T00:00:00+00:00,0.013446973883161899,0.021
38,2018-04-23T01:00:00+00:00,0.010540228812173896,0.0158
38,2018-04-23T02:00:00+00:00,0.0032673741066689826,0.0096
38,2018-04-23T03:00:00+00:00,0.0019497691773713473,0.0066
38,2018-04-23T04:00:00+00:00,-0.0037083679121769075,0.005
38,2018-04-23T05:00:00+00:00,0.0013802575907928202,0.0039
38,2018-04-23T06:00:00+00:00,0.00899227935941158,0.0058
38,2018-04-23T07:00:00+00:00,0.017933418061690284,0.0075
38,2018-04-23T08:00:00+00:00,0.021560239371067567,0.0139
38,2018-04-23T09:00:00+00:00,0.025500115555853818,0.0226
38,2018-04-23T10:00:00+00:00,0.029625505972962908,0.0304
38,2018-04-23T11:00:00+00:00,0.03674237474255612,0.0384
38,2018-04-23T12:00:00+00:00,0.04644781319993662,0.0416
38,2018-04-23T13:00:00+00:00,0.05312606238428824,0.0517
38,2018-04-23T14:00:00+00:00,0.05771667960201936,0.0526
38,2018-04-23T15:00:00+00:00,0.05512250899983535,0.0463
38,2018-04-23T16:00:00+00:00,0.052937893383291815,0.0486
38,2018-04-23T17:00:00+00:00,0.05371342420932822,0.0508
38,2018-04-23T18:00:00+00:00,0.04965865669623733,0.0491
38,2018-04-23T19:00:00+00:00,0.048110893139943885,0.0463
38,2018-04-23T20:00:00+00:00,0.044068346753138726,0.0413
38,2018-04-23T21:00:00+00:00,0.03193872748202101,0.0294
38,2018-04-23T22:00:00+00:00,0.028542919087906637,0.0196
38,2018-04-23T23:00:00+00:00,0.019894698913753065,0.0143
38,2018-04-24T00:00:00+00:00,0.01029703445638826,0.0094
38,2018-04-24T01:00:00+00:00,0.0073876586370569194,0.007
38,2018-04-24T02:00:00+00:00,0.006209116798829569,0.0048
38,2018-04-24T03:00:00+00:00,-0.0019439138236219886,0.0039
38,2018-04-24T04:00:00+00:00,0.0064612300076728225,0.0047
38,2018-04-24T05:00:00+00:00,0.003937198769815471,0.0096
38,2018-04-24T06:00:00+00:00,0.015122893211868273,0.0184
38,2018-04-24T07:00:00+00:00,0.030930049586597185,0.0312
38,2018-04-24T08:00:00+00:00,0.035187342947638034,0.0443
38,2018-04-24T09:00:00+00:00,0.03919875533117303,0.0493
38,2018-04-24T10:00:00+00:00,0.044180137370116904,0.0426
38,2018-04-24T11:00:00+00:00,0.04556068183083965,0.0421
38,2018-04-24T12:00:00+00:00,0.05294714225479981,0.0502
38,2018-04-24T13:00:00+00:00,0.05603902454336196,0.0554
38,2018-04-24T14:00:00+00:00,0.06472658479665222,0.0591
38,2018-04-24T15:00:00+00:00,0.06208368843237732,0.0684
38,2018-04-24T16:00:00+00:00,0.06146421455888118,0.0756
38,2018-04-24T17:00:00+00:00,0.06300821214513647,0.0743
38,2018-04-24T18:00:00+00:00,0.05745879733646764,0.0743
38,2018-04-24T19:00:00+00:00,0.05541595806395033,0.0693
38,2018-04-24T20:00:00+00:00,0.04893118741794232,0.0496
38,2018-04-24T21:00:00+00:00,0.03551382988728595,0.0283
38,2018-04-24T22:00:00+00:00,0.027684346847113375,0.02
38,2018-04-24T23:00:00+00:00,0.018032049715140823,0.0127
38,2018-04-25T00:00:00+00:00,0.011816339143147725,0.008
38,2018-04-25T01:00:00+00:00,0.008628461171289296,0.0059
38,2018-04-25T02:00:00+00:00,0.009201256232576626,0.0044
38,2018-04-25T03:00:00+00:00,0.00262223398812084,0.0029
38,2018-04-25T04:00:00+00:00,0.006790763873994694,0.0037
38,2018-04-25T05:00:00+00:00,0.012275143116333646,0.0069
38,2018-04-25T06:00:00+00:00,0.02070062485681394,0.0171
38,2018-04-25T07:00:00+00:00,0.03218572958233218,0.0315
38,2018-04-25T08:00:00+00:00,0.04446468846841796,0.0452
38,2018-04-25T09:00:00+00:00,0.04815563570466221,0.0527
39,2018-04-22T10:00:00+00:00,0.03198784487993118,0.0396
39,2018-04-22T11:00:00+00:00,0.054667676736037965,0.0484
39,2018-04-22T12:00:00+00:00,0.0581848191287746,0.0531
39,2018-04-22T13:00:00+00:00,0.06634221309643398,0.0573
39,2018-04-22T14:00:00+00:00,0.07185846731701316,0.0564
39,2018-04-22T15:00:00+00:00,0.0762158596603741,0.0588
39,2018-04-22T16:00:00+00:00,0.08921630989560947,0.0576
39,2018-04-22T17:00:00+00:00,0.07862696192647192,0.0623
39,2018-04-22T18:00:00+00:00,0.06432506095621235,0.0592
39,2018-04-22T19:00:00+00:00,0.06145466491106397,0.0541
39,2018-04-22T20:00:00+00:00,0.052301482043883664,0.0476
39,2018-04-22T21:00:00+00:00,0.03789199714752603,0.0371
39,2018-04-22T22:00:00+00:00,0.03392864944481899,0.0303
39,2018-04-22T23:00:00+00:00,0.02093649196751149,0.0322
39,2018-04-23T00:00:00+00:00,0.016156751201747095,0.021
39,2018-04-23T01:00:00+00:00,0.013456719871069826,0.0158
39,2018-04-23T02:00:00+00:00,0.012059998240105566,0.0096
39,2018-04-23T03:00:00+00:00,0.004975495298979407,0.0066
39,2018-04-23T04:00:00+00:00,-0.0012957993615717207,0.005
39,2018-04-23T05:00:00+00:00,0.010850295767372346,0.0039
39,2018-04-23T06:00:00+00:00,0.007678851878852873,0.0058
39,2018-04-23T07:00:00+00:00,0.012931253215270219,0.0075
39,2018-04-23T08:00:00+00:00,0.027249100551728474,0.0139
39,2018-04-23T09:00:00+00:00,0.037263093205682836,0.0226
39,2018-04-23T10:00:00+00:00,0.029685121299554015,0.0304
39,2018-04-23T11:00:00+00:00,0.046641935065386025,0.0384
39,2018-04-23T12:00:00+00:00,0.05763738327005696,0.0416
39,2018-04-23T13:00:00+00:00,0.05830887473525029,0.0517
39,2018-04-23T14:00:00+00:00,0.0649133418199749,0.0526
39,2018-04-23T15:00:00+00:00,0.06953791960722916,0.0463
39,2018-04-23T16:00:00+00:00,0.06807808508071712,0.0486
39,2018-04-23T17:00:00+00:00,0.05934842449903591,0.0508
39,2018-04-23T18:00:00+00:00,0.05629239098682689,0.0491
39,2018-04-23T19:00:00+00:00,0.03805972380311849,0.0463
39,2018-04-23T20:00:00+00:00,0.04453006345245787,0.0413
39,2018-04-23T21:00:00+00:00,0.036840085268559725,0.0294
39,2018-04-23T22:00:00+00:00,0.028815588477631986,0.0196
39,2018-04-23T23:00:00+00:00,0.028023570305785197,0.0143
39,2018-04-24T00:00:00+00:00,0.004489586994013119,0.0094
39,2018-04-24T01:00:00+00:00,-0.0028772018238354055,0.007
39,2018-04-24T02:00:00+00:00,-0.004374190579431496,0.0048
39,2018-04-24T03:00:00+00:00,-0.007419496403278943,0.0039
39,2018-04-24T04:00:00+00:00,-7.394155737039734e-05,0.0047
39,2018-04-24T05:00:00+00:00,0.002394767726837284,0.0096
39,2018-04-24T06:00:00+00:00,0.015430549779144358,0.0184
39,2018-04-24T07:00:00+00:00,0.01974272750607948,0.0312
39,2018-04-24T08:00:00+00:00,0.04074792146588056,0.0443
39,2018-04-24T09:00:00+00:00,0.03112680167820884,0.0493
39,2018-04-24T10:00:00+00:00,0.03760443515304639,0.0426
39,2018-04-24T11:00:00+00:00,0.055874836186851365,0.0421
39,2018-04-24T12:00:00+00:00,0.0584174340956289,0.0502
39,2018-04-24T13:00:00+00:00,0.0613241447026648,0.0554
39,2018-04-24T14:00:00+00:00,0.07363296399233646,0.0591
39,2018-04-24T15:00:00+00:00,0.06037125611296831,0.0684
39,2018-04-24T16:00:00+00:00,0.08065026327123725,0.0756
39,2018-04-24T17:00:00+00:00,0.0733534007678297,0.0743
39,2018-04-24T18:00:00+00:00,0.05992066813708969,0.0743
39,2018-04-24T19:00:00+00:00,0.05581330654437564,0.0693
39,2018-04-24T20:00:00+00:00,0.04652980816378437,0.0496
39,2018-04-24T21:00:00+00:00,0.03581716436166052,0.0283
39,2018-04-24T22:00:00+00:00,0.030503617185870337,0.02
39,2018-04-24T23:00:00+00:00,0.023689324161524486,0.0127
39,2018-04-25T00:00:00+00:00,0.009453686927524036,0.008
39,2018-04-25T01:00:00+00:00,-0.002614473717746528,0.0059
39,2018-04-25T02:00:00+00:00,-0.003995011912296169,0.0044
39,2018-04-25T03:00:00+00:00,0.0016868990380253454,0.0029
39,2018-04-25T04:00:00+00:00,0.0040025298906436226,0.0037
39,2018-04-25T05:00:00+00:00,0.006261497828567032,0.0069
39,2018-04-25T06:00:00+00:00,0.015211162703721895,0.0171
39,2018-04-25T07:00:00+00:00,0.021701911278875316,0.0315
39,2018-04-25T08:00:00+00:00,0.03733592336917846,0.0452
39,2018-04-25T09:00:00+00:00,0.03854722998222743,0.0527
39,2018-04-25T10:00:00+00:00,0.039405814755366905,0.044
39,2018-04-25T11:00:00+00:00,0.054191965583443406,0.0467
39,2018-04-25T12:00:00+00:00,0.05086192067610166,0.0504
39,2018-04-25T13:00:00+00:00,0.06303570811273611,0.0569
39,2018-04-25T14:00:00+00:00,0.070524261206427,0.0552
39,2018-04-25T15:00:00+00:00,0.07006612040322839,0.0701
39,2018-04-25T16:00:00+00:00,0.07863802381073261,0.074
39,2018-04-25T17:00:00+00:00,0.08290283971259009,0.0752
39,2018-04-25T18:00:00+00:00,0.0784813402408815,0.0776
39,2018-04-25T19:00:00+00:00,0.07060821121628458,0.0667
39,2018-04-25T20:00:00+00:00,0.06280691342275357,0.0537
39,2018-04-25T21:00:00+00:00,0.0365774903186494,0.0361
39,2018-04-25T22:00:00+00:00,0.041276484655557895,0.0292
39,2018-04-25T23:00:00+00:00,0.014677236714225956,0.0196
39,2018-04-26T00:00:00+00:00,0.010896281123090504,0.0118
39,2018-04-26T01:00:00+00:00,0.007864088310834572,0.0085
39,2018-04-26T02:00:00+00:00,0.0007632484120526431,0.005
39,2018-04-26T03:00:00+00:00,-0.0010047439755841506,0.0041
39,2018-04-26T04:00:00+00:00,0.00835130415725615,0.0063
39,2018-04-26T05:00:00+00:00,0.012937394064916452,0.01
39,2018-04-26T06:00:00+00:00,0.01911782921539583,0.0192
39,2018-04-26T07:00:00+00:00,0.02982451232035031,0.0337
39,2018-04-26T08:00:00+00:00,0.03656648221904123,0.0461
39,2018-04-26T09:00:00+00:00,0.051043723245219955,0.0486
40,2018-04-23T10:00:00+00:00,0.031370455553355756,0.0304
40,2018-04-23T11:00:00+00:00,0.039580889543291156,0.0384
40,2018-04-23T12:00:00+00:00,0.039288325053946645,0.0416
40,2018-04-23T13:00:00+00:00,0.05763016046118735,0.0517
40,2018-04-23T14:00:00+00:00,0.07013021917667855,0.0526
40,2018-04-23T15:00:00+00:00,0.05571401903147309,0.0463
40,2018-04-23T16:00:00+00:00,0.04662595214651087,0.0486
40,2018-04-23T17:00:00+00:00,0.05572951318884578,0.0508
40,2018-04-23T18:00:00+00:00,0.05090181531155846,0.0491
40,2018-04-23T19:00:00+00:00,0.03505968846907377,0.0463
40,2018-04-23T20:00:00+00:00,0.033534731171989435,0.0413
40,2018-04-23T21:00:00+00:00,0.015573537583304875,0.0294
40,2018-04-23T22:00:00+00:00,0.0086871668584175,0.0196
40,2018-04-23T23:00:00+00:00,0.008872933826389044,0.0143
40,2018-04-24T00:00:00+00:00,-0.0025555466258351534,0.0094
40,2018-04-24T01:00:00+00:00,-0.0017943945783581508,0.007
40,2018-04-24T02:00:00+00:00,0.0002568037690857637,0.0048
40,2018-04-24T03:00:00+00:00,-0.003796562209953225,0.0039
40,2018-04-24T04:00:00+00:00,0.0018251600589377602,0.0047
40,2018-04-24T05:00:00+00:00,-0.0030105710522745285,0.0096
40,2018-04-24T06:00:00+00:00,0.007669176907573509,0.0184
40,2018-04-24T07:00:00+00:00,0.023805741302981027,0.0312
40,2018-04-24T08:00:00+00:00,0.025619345164673846,0.0443
40,2018-04-24T09:00:00+00:00,0.03816544615362228,0.0493
40,2018-04-24T10:00:00+00:00,0.036144793311357434,0.0426
40,2018-04-24T11:00:00+00:00,0.05223248730051147,0.0421
40,2018-04-24T12:00:00+00:00,0.06078165703197842,0.0502
40,2018-04-24T13:00:00+00:00,0.0674721336087889,0.0554
40,2018-04-24T14:00:00+00:00,0.062461893753956485,0.0591
40,2018-04-24T15:00:00+00:00,0.06740748758955395,0.0684
40,2018-04-24T16:00:00+00:00,0.0759660691130297,0.0756
40,2018-04-24T17:00:00+00:00,0.06059663782733114,0.0743
40,2018-04-24T18:00:00+00:00,0.06414036759256672,0.0743
40,2018-04-24T19:00:00+00:00,0.0692382294346982,0.0693
40,2018-04-24T20:00:00+00:00,0.05301706230306767,0.0496
40,2018-04-24T21:00:00+00:00,0.04603955113468085,0.0283
40,2018-04-24T22:00:00+00:00,0.029022415009058666,0.02
40,2018-04-24T23:00:00+00:00,0.017286289477542408,0.0127
40,2018-04-25T00:00:00+00:00,0.012613733691521516,0.008
40,2018-04-25T01:00:00+00:00,-0.0029561138305138207,0.0059
40,2018-04-25T02:00:00+00:00,0.00373946341120689,0.0044
40,2018-04-25T03:00:00+00:00,0.005835882641249738,0.0029
40,2018-04-25T04:00:00+00:00,-0.0004762507581731919,0.0037
40,2018-04-25T05:00:00+00:00,0.004849198491255296,0.0069
40,2018-04-25T06:00:00+00:00,0.016017391511816345,0.0171
40,2018-04-25T07:00:00+00:00,0.025057892921074902,0.0315
40,2018-04-25T08:00:00+00:00,0.0361206346031191,0.0452
40,2018-04-25T09:00:00+00:00,0.042782745258630045,0.0527
40,2018-04-25T10:00:00+00:00,0.053638969540454245,0.044
40,2018-04-25T11:00:00+00:00,0.06293003119198737,0.0467
40,2018-04-25T12:00:00+00:00,0.07003319792971688,0.0504
40,2018-04-25T13:00:00+00:00,0.08317675502640183,0.0569
40,2018-04-25T14:00:00+00:00,0.07314373461562274,0.0552
40,2018-04-25T15:00:00+00:00,0.08220339276043584,0.0701
40,2018-04-25T16:00:00+00:00,0.08024243148320159,0.074
40,2018-04-25T17:00:00+00:00,0.08443961448997576,0.0752
40,2018-04-25T18:00:00+00:00,0.06932634018349976,0.0776
40,2018-04-25T19:00:00+00:00,0.06004283344801101,0.0667
40,2018-04-25T20:00:00+00:00,0.05499173187833873,0.0537
40,2018-04-25T21:00:00+00:00,0.040330874225926815,0.0361
40,2018-04-25T22:00:00+00:00,0.030812089400012697,0.0292
40,2018-04-25T23:00:00+00:00,0.026181732112428125,0.0196
40,2018-04-26T00:00:00+00:00,0.011788275042519582,0.0118
40,2018-04-26T01:00:00+00:00,0.009335945534817255,0.0085
40,2018-04-26T02:00:00+00:00,0.006345067690589356,0.005
40,2018-04-26T03:00:00+00:00,0.0012804458080735298,0.0041
40,2018-04-26T04:00:00+00:00,0.011791165837046924,0.0063
40,2018-04-26T05:00:00+00:00,0.011780433971236608,0.01
40,2018-04-26T06:00:00+00:00,0.016801811948769202,0.0192
40,2018-04-26T07:00:00+00:00,0.030656692484373187,0.0337
40,2018-04-26T08:00:00+00:00,0.04055659326927531,0.0461
40,2018-04-26T09:00:00+00:00,0.04312410548233183,0.0486
40,2018-04-26T10:00:00+00:00,0.058139107395948846,0.0394
40,2018-04-26T11:00:00+00:00,0.05229226450324122,0.0423
40,2018-04-26T12:00:00+00:00,0.05508998338395403,0.0446
40,2018-04-26T13:00:00+00:00,0.06053274792631792,0.0584
40,2018-04-26T14:00:00+00:00,0.07559822386432308,0.0607
40,2018-04-26T15:00:00+00:00,0.07789838144681235,0.0704
40,2018-04-26T16:00:00+00:00,0.07945086343145641,0.0734
40,2018-04-26T17:00:00+00:00,0.09305249866960891,0.0776
40,2018-04-26T18:00:00+00:00,0.0734078579895904,0.0851
40,2018-04-26T19:00:00+00:00,0.05610605170837811,0.0777
40,2018-04-26T20:00:00+00:00,0.05567868617003921,0.06
40,2018-04-26T21:00:00+00:00,0.03548093978900216,0.046
40,2018-04-26T22:00:00+00:00,0.02153687698899509,0.0303
40,2018-04-26T23:00:00+00:00,0.015025638027777208,0.0153
40,2018-04-27T00:00:00+00:00,0.0004986362765825036,0.01
40,2018-04-27T01:00:00+00:00,-0.004598009927965968,0.0065
40,2018-04-27T02:00:00+00:00,0.008866412828907572,0.0038
40,2018-04-27T03:00:00+00:00,0.0026803715422205505,0.0033
40,2018-04-27T04:00:00+00:00,0.007836830457813044,0.0039
40,2018-04-27T05:00:00+00:00,0.016530242272424375,0.0076
40,2018-04-27T06:00:00+00:00,0.026464654005720997,0.0141
40,2018-04-27T07:00:00+00:00,0.039817662116002864,0.0255
40,2018-04-27T08:00:00+00:00,0.05141730621976949,0.0365
40,2018-04-27T09:00:00+00:00,0.05522820263037906,0.0382
41,2018-04-24T10:00:00+00:00,0.04663541511226674,0.0426
41,2018-04-24T11:00:00+00:00,0.06892879745170809,0.0421
41,2018-04-24T12:00:00+00:00,0.07940399245660561,0.0502
41,2018-04-24T13:00:00+00:00,0.08362125645946783,0.0554
41,2018-04-24T14:00:00+00:00,0.07463342536827189,0.0591
41,2018-04-24T15:00:00+00:00,0.08223410118611572,0.0684
41,2018-04-24T16:00:00+00:00,0.08045931626682942,0.0756
41,2018-04-24T17:00:00+00:00,0.08866337024817827,0.0743
41,2018-04-24T18:00:00+00:00,0.07394310196416348,0.0743
41,2018-04-24T19:00:00+00:00,0.07448471237061469,0.0693
41,2018-04-24T20:00:00+00:00,0.05923401879914715,0.0496
41,2018-04-24T21:00:00+00:00,0.045783556031596936,0.0283
41,2018-04-24T22:00:00+00:00,0.03606060570910284,0.02
41,2018-04-24T23:00:00+00:00,0.022707807515620106,0.0127
41,2018-04-25T00:00:00+00:00,0.015865410704883093,0.008
41,2018-04-25T01:00:00+00:00,0.0035377406777769987,0.0059
41,2018-04-25T02:00:00+00:00,0.0021511263840365835,0.0044
41,2018-04-25T03:00:00+00:00,-0.012442289491571834,0.0029
41,2018-04-25T04:00:00+00:00,0.0008341689592934812,0.0037
41,2018-04-25T05:00:00+00:00,0.01136805085279988,0.0069
41,2018-04-25T06:00:00+00:00,0.023314953737887667,0.0171
41,2018-04-25T07:00:00+00:00,0.03913274850801136,0.0315
41,2018-04-25T08:00:00+00:00,0.044740644465938666,0.0452
41,2018-04-25T09:00:00+00:00,0.05236528004102462,0.0527
41,2018-04-25T10:00:00+00:00,0.05927515622560378,0.044
41,2018-04-25T11:00:00+00:00,0.06651253185896895,0.0467
41,2018-04-25T12:00:00+00:00,0.07038522735749789,0.0504
41,2018-04-25T13:00:00+00:00,0.07663545932150734,0.0569
41,2018-04-25T14:00:00+00:00,0.07057561876122342,0.0552
41,2018-04-25T15:00:00+00:00,0.08578448144974368,0.0701
41,2018-04-25T16:00:00+00:00,0.08301211341670306,0.074
41,2018-04-25T17:00:00+00:00,0.09458660405725039,0.0752
41,2018-04-25T18:00:00+00:00,0.08731696598727445,0.0776
41,2018-04-25T19:00:00+00:00,0.06995084370527757,0.0667
41,2018-04-25T20:00:00+00:00,0.0620919054740468,0.0537
41,2018-04-25T21:00:00+00:00,0.04641066314830129,0.0361
41,2018-04-25T22:00:00+00:00,0.035544066783439424,0.0292
41,2018-04-25T23:00:00+00:00,0.029536250081025808,0.0196
41,2018-04-26T00:00:00+00:00,0.017484372608758507,0.0118
41,2018-04-26T01:00:00+00:00,0.005838777613225814,0.0085
41,2018-04-26T02:00:00+00:00,0.0018028859022617798,0.005
41,2018-04-26T03:00:00+00:00,-0.0014123334715929574,0.0041
41,2018-04-26T04:00:00+00:00,0.008374766798098357,0.0063
41,2018-04-26T05:00:00+00:00,0.010174722934761085,0.01
41,2018-04-26T06:00:00+00:00,0.02657979284786343,0.0192
41,2018-04-26T07:00:00+00:00,0.03556218594516345,0.0337
41,2018-04-26T08:00:00+00:00,0.037308423746311166,0.0461
41,2018-04-26T09:00:00+00:00,0.05588159947635969,0.0486
41,2018-04-26T10:00:00+00:00,0.06207200201953016,0.0394
41,2018-04-26T11:00:00+00:00,0.05931560646174286,0.0423
41,2018-04-26T12:00:00+00:00,0.06015695925883424,0.0446
41,2018-04-26T13:00:00+00:00,0.06472932938047371,0.0584
41,2018-04-26T14:00:00+00:00,0.06326897476159367,0.0607
41,2018-04-26T15:00:00+00:00,0.07648398085278493,0.0704
41,2018-04-26T16:00:00+00:00,0.08760294577304423,0.0734
41,2018-04-26T17:00:00+00:00,0.07985491462838334,0.0776
41,2018-04-26T18:00:00+00:00,0.08603582600801896,0.0851
41,2018-04-26T19:00:00+00:00,0.06426225928059562,0.0777
41,2018-04-26T20:00:00+00:00,0.04842256632418246,0.06
41,2018-04-26T21:00:00+00:00,0.04586627056098996,0.046
41,2018-04-26T22:00:00+00:00,0.024626535830465947,0.0303
41,2018-04-26T23:00:00+00:00,0.020021556543970382,0.0153
41,2018-04-27T00:00:00+00:00,0.006269146737208017,0.01
41,2018-04-27T01:00:00+00:00,0.001800229044863818,0.0065
41,2018-04-27T02:00:00+00:00,-0.000865973305925586,0.0038
41,2018-04-27T03:00:00+00:00,0.008343642716268949,0.0033
41,2018-04-27T04:00:00+00:00,0.0016639690218973498,0.0039
41,2018-04-27T05:00:00+00:00,0.01950450118120662,0.0076
41,2018-04-27T06:00:00+00:00,0.029085389004435875,0.0141
41,2018-04-27T07:00:00+00:00,0.045162178285838024,0.0255
41,2018-04-27T08:00:00+00:00,0.046849061328759725,0.0365
41,2018-04-27T09:00:00+00:00,0.05211787063946141,0.0382
41,2018-04-27T10:00:00+00:00,0.04888866934467748,0.0336
41,2018-04-27T11:00:00+00:00,0.06785546883741947,0.0338
41,2018-04-27T12:00:00+00:00,0.0700074690229338,0.0384
41,2018-04-27T13:00:00+00:00,0.07233864416230965,0.0425
41,2018-04-27T14:00:00+00:00,0.06672400266903114,0.0494
41,2018-04-27T15:00:00+00:00,0.08496610253199205,0.0578
41,2018-04-27T16:00:00+00:00,0.0918809373482243,0.0566
41,2018-04-27T17:00:00+00:00,0.08342765259766205,0.0625
41,2018-04-27T18:00:00+00:00,0.07832708794619646,0.0657
41,2018-04-27T19:00:00+00:00,0.06424932798802427,0.054
41,2018-04-27T20:00:00+00:00,0.05759634610237006,0.0447
41,2018-04-27T21:00:00+00:00,0.04022182192659701,0.034
41,2018-04-27T22:00:00+00:00,0.024913509849035582,0.0308
41,2018-04-27T23:00:00+00:00,0.01730560704487341,0.0223
41,2018-04-28T00:00:00+00:00,0.013311548305581032,0.0144
41,2018-04-28T01:00:00+00:00,0.00308129383004202,0.0093
41,2018-04-28T02:00:00+00:00,-0.003955672877521646,0.0056
41,2018-04-28T03:00:00+00:00,0.006670505568422705,0.0043
41,2018-04-28T04:00:00+00:00,0.006867315622135613,0.006
41,2018-04-28T05:00:00+00:00,0.002180280798785586,0.0079
41,2018-04-28T06:00:00+00:00,0.027860892096993727,0.0154
41,2018-04-28T07:00:00+00:00,0.031171032505456647,0.0291
41,2018-04-28T08:00:00+00:00,0.04188891430611802,0.0452
41,2018-04-28T09:00:00+00:00,0.035564426624230795,0.0487
42,2018-04-25T10:00:00+00:00,0.06823329818861212,0.044
42,2018-04-25T11:00:00+00:00,0.06128039428202197,0.0467
42,2018-04-25T12:00:00+00:00,0.053119568540223566,0.0504
42,2018-04-25T13:00:00+00:00,0.061768867540513965,0.0569
42,2018-04-25T14:00:00+00:00,0.07288586905986597,0.0552
42,2018-04-25T15:00:00+00:00,0.07551353862348748,0.0701
42,2018-04-25T16:00:00+00:00,0.09158565438411294,0.074
42,2018-04-25T17:00:00+00:00,0.09249597059371098,0.0752
42,2018-04-25T18:00:00+00:00,0.08582860366332426,0.0776
42,2018-04-25T19:00:00+00:00,0.07953683532650363,0.0667
42,2018-04-25T20:00:00+00:00,0.07137629782866821,0.0537
42,2018-04-25T21:00:00+00:00,0.0497889304351609,0.0361
42,2018-04-25T22:00:00+00:00,0.030221020611398006,0.0292
42,2018-04-25T23:00:00+00:00,0.01936320942123411,0.0196
42,2018-04-26T00:00:00+00:00,0.008321088670527457,0.0118
42,2018-04-26T01:00:00+00:00,-0.0045259990666042735,0.0085
42,2018-04-26T02:00:00+00:00,0.009271312047928505,0.005
42,2018-04-26T03:00:00+00:00,0.004676755496036574,0.0041
42,2018-04-26T04:00:00+00:00,0.01652440324344953,0.0063
42,2018-04-26T05:00:00+00:00,0.017389068293228525,0.01
42,2018-04-26T06:00:00+00:00,0.023973083111108424,0.0192
42,2018-04-26T07:00:00+00:00,0.029288198396718982,0.0337
42,2018-04-26T08:00:00+00:00,0.046199117144161805,0.0461
42,2018-04-26T09:00:00+00:00,0.04177409190571757,0.0486
42,2018-04-26T10:00:00+00:00,0.06544941292939829,0.0394
42,2018-04-26T11:00:00+00:00,0.05948695914284072,0.0423
42,2018-04-26T12:00:00+00:00,0.06950034345582247,0.0446
42,2018-04-26T13:00:00+00:00,0.0693550810308236,0.0584
42,2018-04-26T14:00:00+00:00,0.07066654511047502,0.0607
42,2018-04-26T15:00:00+00:00,0.08098637661932293,0.0704
42,2018-04-26T16:00:00+00:00,0.080090460075528,0.0734
42,2018-04-26T17:00:00+00:00,0.08672790811804648,0.0776
42,2018-04-26T18:00:00+00:00,0.08438753841399624,0.0851
42,2018-04-26T19:00:00+00:00,0.08028230940886343,0.0777
42,2018-04-26T20:00:00+00:00,0.061929860148739274,0.06
42,2018-04-26T21:00:00+00:00,0.05387588936823401,0.046
42,2018-04-26T22:00:00+00:00,0.0313638927813869,0.0303
42,2018-04-26T23:00:00+00:00,0.027593407443334484,0.0153
42,2018-04-27T00:00:00+00:00,0.028327895879873076,0.01
42,2018-04-27T01:00:00+00:00,0.012989836712022813,0.0065
42,2018-04-27T02:00:00+00:00,0.005135938572695554,0.0038
42,2018-04-27T03:00:00+00:00,0.026141741917831425,0.0033
42,2018-04-27T04:00:00+00:00,0.02070719076186936,0.0039
42,2018-04-27T05:00:00+00:00,0.021973982771249907,0.0076
42,2018-04-27T06:00:00+00:00,0.034100388017744114,0.0141
42,2018-04-27T07:00:00+00:00,0.038439107165242035,0.0255
42,2018-04-27T08:00:00+00:00,0.04843008364318816,0.0365
42,2018-04-27T09:00:00+00:00,0.059707618251404186,0.0382
42,2018-04-27T10:00:00+00:00,0.060600827808416295,0.0336
42,2018-04-27T11:00:00+00:00,0.05513349569001874,0.0338
42,2018-04-27T12:00:00+00:00,0.07680264917493684,0.0384
42,2018-04-27T13:00:00+00:00,0.07459455420775615,0.0425
42,2018-04-27T14:00:00+00:00,0.07014748457231657,0.0494
42,2018-04-27T15:00:00+00:00,0.08456466641797568,0.0578
42,2018-04-27T16:00:00+00:00,0.09763189317130289,0.0566
42,2018-04-27T17:00:00+00:00,0.09612413077540907,0.0625
42,2018-04-27T18:00:00+00:00,0.07771827492188207,0.0657
42,2018-04-27T19:00:00+00:00,0.07752834721496654,0.054
42,2018-04-27T20:00:00+00:00,0.06218586465108285,0.0447
42,2018-04-27T21:00:00+00:00,0.06842273295657644,0.034
42,2018-04-27T22:00:00+00:00,0.040326666490684525,0.0308
42,2018-04-27T23:00:00+00:00,0.023446038424047688,0.0223
42,2018-04-28T00:00:00+00:00,0.008656633885584651,0.0144
42,2018-04-28T01:00:00+00:00,0.014066116693845486,0.0093
42,2018-04-28T02:00:00+00:00,0.0047064968423333985,0.0056
42,2018-04-28T03:00:00+00:00,0.014730034444475125,0.0043
42,2018-04-28T04:00:00+00:00,0.012785828914132723,0.006
42,2018-04-28T05:00:00+00:00,0.012110569390176889,0.0079
42,2018-04-28T06:00:00+00:00,0.026184280878339967,0.0154
42,2018-04-28T07:00:00+00:00,0.03305138573182448,0.0291
42,2018-04-28T08:00:00+00:00,0.03922529361864928,0.0452
42,2018-04-28T09:00:00+00:00,0.04795818441256788,0.0487
42,2018-04-28T10:00:00+00:00,0.062017016350503974,0.041
42,2018-04-28T11:00:00+00:00,0.06466038476648639,0.048
42,2018-04-28T12:00:00+00:00,0.07282851686612918,0.0498
42,2018-04-28T13:00:00+00:00,0.08015000542985273,0.0572
42,2018-04-28T14:00:00+00:00,0.07391502533118911,0.0635
42,2018-04-28T15:00:00+00:00,0.08807709873725916,0.0717
42,2018-04-28T16:00:00+00:00,0.08553111500627875,0.077
42,2018-04-28T17:00:00+00:00,0.08719264929025261,0.0733
42,2018-04-28T18:00:00+00:00,0.07461821527741345,0.0724
42,2018-04-28T19:00:00+00:00,0.06719080332346555,0.0672
42,2018-04-28T20:00:00+00:00,0.06069408099661546,0.0528
42,2018-04-28T21:00:00+00:00,0.0574913542832145,0.0382
42,2018-04-28T22:00:00+00:00,0.03957954858224596,0.0354
42,2018-04-28T23:00:00+00:00,0.03167460097496677,0.0301
42,2018-04-29T00:00:00+00:00,0.01886212026755054,0.0188
42,2018-04-29T01:00:00+00:00,0.006778367294861913,0.0129
42,2018-04-29T02:00:00+00:00,0.005539396571901556,0.0074
42,2018-04-29T03:00:00+00:00,0.0075336938900724855,0.0057
42,2018-04-29T04:00:00+00:00,0.0012990563422054721,0.0055
42,2018-04-29T05:00:00+00:00,-0.003404788534870022,0.0033
42,2018-04-29T06:00:00+00:00,0.0014325968460428967,0.0061
42,2018-04-29T07:00:00+00:00,0.015858599374714268,0.0157
42,2018-04-29T08:00:00+00:00,0.02267799254178926,0.0226
42,2018-04-29T09:00:00+00:00,0.031759150970899465,0.0304
43,2018-04-26T10:00:00+00:00,0.04872032651539601,0.0394
43,2018-04-26T11:00:00+00:00,0.0502340751953327,0.0423
43,2018-04-26T12:00:00+00:00,0.05178791276209254,0.0446
43,2018-04-26T13:00:00+00:00,0.05591532193130472,0.0584
43,2018-04-26T14:00:00+00:00,0.05898847671717024,0.0607
43,2018-04-26T15:00:00+00:00,0.0619323958601238,0.0704
43,2018-04-26T16:00:00+00:00,0.06343153391309608,0.0734
43,2018-04-26T17:00:00+00:00,0.06726615196636966,0.0776
43,2018-04-26T18:00:00+00:00,0.06538301238169297,0.0851
43,2018-04-26T19:00:00+00:00,0.0670235758729974,0.0777
43,2018-04-26T20:00:00+00:00,0.05512977776064109,0.06
43,2018-04-26T21:00:00+00:00,0.04376360082327149,0.046
43,2018-04-26T22:00:00+00:00,0.02938259098406169,0.0303
43,2018-04-26T23:00:00+00:00,0.019296416193347335,0.0153
43,2018-04-27T00:00:00+00:00,0.013400730569984108,0.01
43,2018-04-27T01:00:00+00:00,0.007166746792844743,0.0065
43,2018-04-27T02:00:00+00:00,-0.00026246146406089244,0.0038
43,2018-04-27T03:00:00+00:00,0.00011739394977014136,0.0033
43,2018-04-27T04:00:00+00:00,0.007296742731427181,0.0039
43,2018-04-27T05:00:00+00:00,0.01359477933008059,0.0076
43,2018-04-27T06:00:00+00:00,0.02517878776539849,0.0141
43,2018-04-27T07:00:00+00:00,0.03412711429041362,0.0255
43,2018-04-27T08:00:00+00:00,0.04575159332693319,0.0365
43,2018-04-27T09:00:00+00:00,0.051933887442101395,0.0382
43,2018-04-27T10:00:00+00:00,0.056692887174876985,0.0336
43,2018-04-27T11:00:00+00:00,0.054209458650037685,0.0338
43,2018-04-27T12:00:00+00:00,0.0582798080469248,0.0384
43,2018-04-27T13:00:00+00:00,0.059070139573843244,0.0425
43,2018-04-27T14:00:00+00:00,0.06560772152680883,0.0494
43,2018-04-27T15:00:00+00:00,0.0679161504578012,0.0578
43,2018-04-27T16:00:00+00:00,0.06771615509942484,0.0566
43,2018-04-27T17:00:00+00:00,0.06753417290001076,0.0625
43,2018-04-27T18:00:00+00:00,0.0675092502408343,0.0657
43,2018-04-27T19:00:00+00:00,0.06050826598798342,0.054
43,2018-04-27T20:00:00+00:00,0.05395857987729678,0.0447
43,2018-04-27T21:00:00+00:00,0.04595436251127219,0.034
43,2018-04-27T22:00:00+00:00,0.035845902598078905,0.0308
43,2018-04-27T23:00:00+00:00,0.02517768909638015,0.0223
43,2018-04-28T00:00:00+00:00,0.021900956789844647,0.0144
43,2018-04-28T01:00:00+00:00,0.009135643133958597,0.0093
43,2018-04-28T02:00:00+00:00,0.0042083319027670825,0.0056
43,2018-04-28T03:00:00+00:00,0.002939772310388871,0.0043
43,2018-04-28T04:00:00+00:00,0.001685886006706154,0.006
43,2018-04-28T05:00:00+00:00,0.0062035461709362034,0.0079
43,2018-04-28T06:00:00+00:00,0.01765134105740486,0.0154
43,2018-04-28T07:00:00+00:00,0.026347507377278423,0.0291
43,2018-04-28T08:00:00+00:00,0.039346432321542994,0.0452
43,2018-04-28T09:00:00+00:00,0.04711963468358031,0.0487
43,2018-04-28T10:00:00+00:00,0.05337758448413493,0.041
43,2018-04-28T11:00:00+00:00,0.05753093978746462,0.048
43,2018-04-28T12:00:00+00:00,0.06331935479338519,0.0498
43,2018-04-28T13:00:00+00:00,0.061867643315946,0.0572
43,2018-04-28T14:00:00+00:00,0.06484776005222241,0.0635
43,2018-04-28T15:00:00+00:00,0.06283479580436158,0.0717
43,2018-04-28T16:00:00+00:00,0.0659101521057125,0.077
43,2018-04-28T17:00:00+00:00,0.0656678183043671,0.0733
43,2018-04-28T18:00:00+00:00,0.0671716330112026,0.0724
43,2018-04-28T19:00:00+00:00,0.057931740929272654,0.0672
43,2018-04-28T20:00:00+00:00,0.05406158114212825,0.0528
43,2018-04-28T21:00:00+00:00,0.04672521250599662,0.0382
43,2018-04-28T22:00:00+00:00,0.03647491254268385,0.0354
43,2018-04-28T23:00:00+00:00,0.027305090897176372,0.0301
43,2018-04-29T00:00:00+00:00,0.021953487163374526,0.0188
43,2018-04-29T01:00:00+00:00,0.014239516324825422,0.0129
43,2018-04-29T02:00:00+00:00,0.005989763142997016,0.0074
43,2018-04-29T03:00:00+00:00,0.003283077136478626,0.0057
43,2018-04-29T04:00:00+00:00,0.0009072346264617642,0.0055
43,2018-04-29T05:00:00+00:00,-0.0015719454330100496,0.0033
43,2018-04-29T06:00:00+00:00,0.006993652115622747,0.0061
43,2018-04-29T07:00:00+00:00,0.013570654563613258,0.0157
43,2018-04-29T08:00:00+00:00,0.027430778841746786,0.0226
43,2018-04-29T09:00:00+00:00,0.03554478060499269,0.0304
43,2018-04-29T10:00:00+00:00,0.04512733627463096,0.0353
43,2018-04-29T11:00:00+00:00,0.048592667859383,0.0472
43,2018-04-29T12:00:00+00:00,0.05673892683742875,0.0533
43,2018-04-29T13:00:00+00:00,0.05691747099653068,0.0589
43,2018-04-29T14:00:00+00:00,0.059293687388209684,0.0622
43,2018-04-29T15:00:00+00:00,0.05864883969107326,0.0552
43,2018-04-29T16:00:00+00:00,0.06141801824200171,0.0593
43,2018-04-29T17:00:00+00:00,0.056017483528939656,0.0604
43,2018-04-29T18:00:00+00:00,0.05184832493703059,0.0558
43,2018-04-29T19:00:00+00:00,0.05063088060742195,0.054
43,2018-04-29T20:00:00+00:00,0.04290670060633599,0.0465
43,2018-04-29T21:00:00+00:00,0.038304492012716525,0.0363
43,2018-04-29T22:00:00+00:00,0.032764351923519765,0.0304
43,2018-04-29T23:00:00+00:00,0.02665868657820361,0.0215
43,2018-04-30T00:00:00+00:00,0.017907393600408925,0.0104
43,2018-04-30T01:00:00+00:00,0.01716305996155485,0.0044
43,2018-04-30T02:00:00+00:00,0.00786280165662298,0.0029
43,2018-04-30T03:00:00+00:00,0.005018662965523158,0.0031
43,2018-04-30T04:00:00+00:00,0.003351213414134968,0.0064
43,2018-04-30T05:00:00+00:00,0.007438905489461762,0.0044
43,2018-04-30T06:00:00+00:00,0.012234892353371857,0.0056
43,2018-04-30T07:00:00+00:00,0.015993052651101146,0.0076
43,2018-04-30T08:00:00+00:00,0.020601530550915563,0.0139
43,2018-04-30T09:00:00+00:00,0.03313787902469242,0.0208
44,2018-04-27T10:00:00+00:00,0.04512186277242078,0.0336
44,2018-04-27T11:00:00+00:00,0.056186534435782365,0.0338
44,2018-04-27T12:00:00+00:00,0.060773665572540846,0.0384
44,2018-04-27T13:00:00+00:00,0.059524048621469317,0.0425
44,2018-04-27T14:00:00+00:00,0.0621856286252291,0.0494
44,2018-04-27T15:00:00+00:00,0.06509508172736211,0.0578
44,2018-04-27T16:00:00+00:00,0.06825408517353704,0.0566
44,2018-04-27T17:00:00+00:00,0.06714605031512538,0.0625
44,2018-04-27T18:00:00+00:00,0.06710572122499975,0.0657
44,2018-04-27T19:00:00+00:00,0.06347085623807563,0.054
44,2018-04-27T20:00:00+00:00,0.05360496719644371,0.0447
44,2018-04-27T21:00:00+00:00,0.04560267772301213,0.034
44,2018-04-27T22:00:00+00:00,0.03688536567980319,0.0308
44,2018-04-27T23:00:00+00:00,0.027601980090327865,0.0223
44,2018-04-28T00:00:00+00:00,0.015674002092389623,0.0144
44,2018-04-28T01:00:00+00:00,0.011418384932655262,0.0093
44,2018-04-28T02:00:00+00:00,0.006918472659392567,0.0056
44,2018-04-28T03:00:00+00:00,-0.0007840786008475736,0.0043
44,2018-04-28T04:00:00+00:00,0.003219208122709101,0.006
44,2018-04-28T05:00:00+00:00,0.009692171209856531,0.0079
44,2018-04-28T06:00:00+00:00,0.013381996801114376,0.0154
44,2018-04-28T07:00:00+00:00,0.025805150774046225,0.0291
44,2018-04-28T08:00:00+00:00,0.03281485988967891,0.0452
44,2018-04-28T09:00:00+00:00,0.0443605718247732,0.0487
44,2018-04-28T10:00:00+00:00,0.044100774198974686,0.041
44,2018-04-28T11:00:00+00:00,0.0481285407721415,0.048
44,2018-04-28T12:00:00+00:00,0.05676825043885168,0.0498
44,2018-04-28T13:00:00+00:00,0.05738159390632345,0.0572
44,2018-04-28T14:00:00+00:00,0.06365144316961091,0.0635
44,2018-04-28T15:00:00+00:00,0.06592787284326306,0.0717
44,2018-04-28T16:00:00+00:00,0.06955916193406662,0.077
44,2018-04-28T17:00:00+00:00,0.06716842473057111,0.0733
44,2018-04-28T18:00:00+00:00,0.06522863894099448,0.0724
44,2018-04-28T19:00:00+00:00,0.06104587230981836,0.0672
44,2018-04-28T20:00:00+00:00,0.05478464947817679,0.0528
44,2018-04-28T21:00:00+00:00,0.04154117825127844,0.0382
44,2018-04-28T22:00:00+00:00,0.03735905755811357,0.0354
44,2018-04-28T23:00:00+00:00,0.031039316502355953,0.0301
44,2018-04-29T00:00:00+00:00,0.021935988352788233,0.0188
44,2018-04-29T01:00:00+00:00,0.012498370311509369,0.0129
44,2018-04-29T02:00:00+00:00,0.007646380569805156,0.0074
44,2018-04-29T03:00:00+00:00,0.0077137628179641225,0.0057
44,2018-04-29T04:00:00+00:00,0.0023452545156591002,0.0055
44,2018-04-29T05:00:00+00:00,0.004090676147759445,0.0033
44,2018-04-29T06:00:00+00:00,0.011754072180969584,0.0061
44,2018-04-29T07:00:00+00:00,0.020391215849791873,0.0157
44,2018-04-29T08:00:00+00:00,0.03054841040215462,0.0226
44,2018-04-29T09:00:00+00:00,0.032681089887251394,0.0304
44,2018-04-29T10:00:00+00:00,0.03591625240138579,0.0353
44,2018-04-29T11:00:00+00:00,0.04917892266050717,0.0472
44,2018-04-29T12:00:00+00:00,0.049160508466465955,0.0533
44,2018-04-29T13:00:00+00:00,0.05581509240371154,0.0589
44,2018-04-29T14:00:00+00:00,0.05661870612889541,0.0622
44,2018-04-29T15:00:00+00:00,0.05943822711457671,0.0552
44,2018-04-29T16:00:00+00:00,0.05663542845619736,0.0593
44,2018-04-29T17:00:00+00:00,0.05890284528419525,0.0604
44,2018-04-29T18:00:00+00:00,0.058495422886136,0.0558
44,2018-04-29T19:00:00+00:00,0.05040438978041893,0.054
44,2018-04-29T20:00:00+00:00,0.04737647467567167,0.0465
44,2018-04-29T21:00:00+00:00,0.03851935386679254,0.0363
44,2018-04-29T22:00:00+00:00,0.03332030090058626,0.0304
44,2018-04-29T23:00:00+00:00,0.020590663962383418,0.0215
44,2018-04-30T00:00:00+00:00,0.0206385699001593,0.0104
44,2018-04-30T01:00:00+00:00,0.0095512909285848,0.0044
44,2018-04-30T02:00:00+00:00,0.003832996488471567,0.0029
44,2018-04-30T03:00:00+00:00,0.005953093497966678,0.0031
44,2018-04-30T04:00:00+00:00,0.0016716074869164883,0.0064
44,2018-04-30T05:00:00+00:00,0.00338722302226456,0.0044
44,2018-04-30T06:00:00+00:00,0.009474026925433893,0.0056
44,2018-04-30T07:00:00+00:00,0.016359262428626464,0.0076
44,2018-04-30T08:00:00+00:00,0.025595429270643465,0.0139
44,2018-04-30T09:00:00+00:00,0.02835873589518824,0.0208
44,2018-04-30T10:00:00+00:00,0.036742393541075447,0.0302
44,2018-04-30T11:00:00+00:00,0.04330917272763961,0.0347
44,2018-04-30T12:00:00+00:00,0.051731122435211135,0.0427
44,2018-04-30T13:00:00+00:00,0.05229034914299441,0.048
44,2018-04-30T14:00:00+00:00,0.05420203741235297,0.0441
44,2018-04-30T15:00:00+00:00,0.05382741634179181,0.047
44,2018-04-30T16:00:00+00:00,0.05775477584579404,0.0468
44,2018-04-30T17:00:00+00:00,0.05414419645711373,0.0476
44,2018-04-30T18:00:00+00:00,0.05139863511263084,0.046
44,2018-04-30T19:00:00+00:00,0.0481620459997521,0.0404
44,2018-04-30T20:00:00+00:00,0.03727720045007421,0.0356
44,2018-04-30T21:00:00+00:00,0.030961979916033208,0.0268
44,2018-04-30T22:00:00+00:00,0.024453954979438842,0.0224
44,2018-04-30T23:00:00+00:00,0.0185844222739057,0.014
44,2018-05-01T00:00:00+00:00,0.013655082891351429,0.0091
44,2018-05-01T01:00:00+00:00,0.009587645176235348,0.0066
44,2018-05-01T02:00:00+00:00,0.005809923974786017,0.0045
44,2018-05-01T03:00:00+00:00,0.006070172765048339,0.0037
44,2018-05-01T04:00:00+00:00,0.01024926950750732,0.0053
44,2018-05-01T05:00:00+00:00,0.015134879356662452,0.0085
44,2018-05-01T06:00:00+00:00,0.017175596485220386,0.0166
44,2018-05-01T07:00:00+00:00,0.02520883145454779,0.0315
44,2018-05-01T08:00:00+00:00,0.035262705689431635,0.0444
44,2018-05-01T09:00:00+00:00,0.04720704988716683,0.0459
45,2018-04-28T10:00:00+00:00,0.04521828559985061,0.041
45,2018-04-28T11:00:00+00:00,0.04859624166677916,0.048
45,2018-04-28T12:00:00+00:00,0.050512583614032894,0.0498
45,2018-04-28T13:00:00+00:00,0.05791534653169672,0.0572
45,2018-04-28T14:00:00+00:00,0.06471238147093986,0.0635
45,2018-04-28T15:00:00+00:00,0.06554002596999445,0.0717
45,2018-04-28T16:00:00+00:00,0.06339384288184907,0.077
45,2018-04-28T17:00:00+00:00,0.06681789500688737,0.0733
45,2018-04-28T18:00:00+00:00,0.059467402416569407,0.0724
45,2018-04-28T19:00:00+00:00,0.058509536396700486,0.0672
45,2018-04-28T20:00:00+00:00,0.04807059120323505,0.0528
45,2018-04-28T21:00:00+00:00,0.04140193970736111,0.0382
45,2018-04-28T22:00:00+00:00,0.032047628348834026,0.0354
45,2018-04-28T23:00:00+00:00,0.024862215478151338,0.0301
45,2018-04-29T00:00:00+00:00,0.015974308438609558,0.0188
45,2018-04-29T01:00:00+00:00,0.0096033273188013,0.0129
45,2018-04-29T02:00:00+00:00,0.006787386406689272,0.0074
45,2018-04-29T03:00:00+00:00,-0.0016432879025735196,0.0057
45,2018-04-29T04:00:00+00:00,-0.0028405196464588445,0.0055
45,2018-04-29T05:00:00+00:00,0.005220909968769789,0.0033
45,2018-04-29T06:00:00+00:00,0.00900086819401882,0.0061
45,2018-04-29T07:00:00+00:00,0.0163261582360948,0.0157
45,2018-04-29T08:00:00+00:00,0.025844454822687553,0.0226
45,2018-04-29T09:00:00+00:00,0.03214472844514066,0.0304
45,2018-04-29T10:00:00+00:00,0.04124812604479366,0.0353
45,2018-04-29T11:00:00+00:00,0.04036401914858368,0.0472
45,2018-04-29T12:00:00+00:00,0.05145957782355874,0.0533
45,2018-04-29T13:00:00+00:00,0.054765612844273476,0.0589
45,2018-04-29T14:00:00+00:00,0.05691103145929962,0.0622
45,2018-04-29T15:00:00+00:00,0.05876207570531511,0.0552
45,2018-04-29T16:00:00+00:00,0.060621673277623564,0.0593
45,2018-04-29T17:00:00+00:00,0.058661351150046365,0.0604
45,2018-04-29T18:00:00+00:00,0.056019396800462085,0.0558
45,2018-04-29T19:00:00+00:00,0.051692925932666715,0.054
45,2018-04-29T20:00:00+00:00,0.045003728699532536,0.0465
45,2018-04-29T21:00:00+00:00,0.03936628564667477,0.0363
45,2018-04-29T22:00:00+00:00,0.03289894644989213,0.0304
45,2018-04-29T23:00:00+00:00,0.02453700318254989,0.0215
45,2018-04-30T00:00:00+00:00,0.015694158282554965,0.0104
45,2018-04-30T01:00:00+00:00,0.009696423852672758,0.0044
45,2018-04-30T02:00:00+00:00,0.004299692706687511,0.0029
45,2018-04-30T03:00:00+00:00,0.0029418338813415323,0.0031
45,2018-04-30T04:00:00+00:00,-0.0013698446404692838,0.0064
45,2018-04-30T05:00:00+00:00,0.004435355354484312,0.0044
45,2018-04-30T06:00:00+00:00,0.007487042231280466,0.0056
45,2018-04-30T07:00:00+00:00,0.011942069906567716,0.0076
45,2018-04-30T08:00:00+00:00,0.022592620110636084,0.0139
45,2018-04-30T09:00:00+00:00,0.029196248050345267,0.0208
45,2018-04-30T10:00:00+00:00,0.031142573113741582,0.0302
45,2018-04-30T11:00:00+00:00,0.03483856775242465,0.0347
45,2018-04-30T12:00:00+00:00,0.04884566877608328,0.0427
45,2018-04-30T13:00:00+00:00,0.051419668567031354,0.048
45,2018-04-30T14:00:00+00:00,0.05680723647920776,0.0441
45,2018-04-30T15:00:00+00:00,0.057946890447124394,0.047
45,2018-04-30T16:00:00+00:00,0.0588642748999887,0.0468
45,2018-04-30T17:00:00+00:00,0.05381817164773256,0.0476
45,2018-04-30T18:00:00+00:00,0.05346209427212352,0.046
45,2018-04-30T19:00:00+00:00,0.05320086169268318,0.0404
45,2018-04-30T20:00:00+00:00,0.04119203126312729,0.0356
45,2018-04-30T21:00:00+00:00,0.03395083535289037,0.0268
45,2018-04-30T22:00:00+00:00,0.03057042399046551,0.0224
45,2018-04-30T23:00:00+00:00,0.01803876600835084,0.014
45,2018-05-01T00:00:00+00:00,0.012362521767243687,0.0091
45,2018-05-01T01:00:00+00:00,0.0074186469518023115,0.0066
45,2018-05-01T02:00:00+00:00,0.004785828682610075,0.0045
45,2018-05-01T03:00:00+00:00,0.00019179848925925114,0.0037
45,2018-05-01T04:00:00+00:00,0.005610463329848256,0.0053
45,2018-05-01T05:00:00+00:00,0.006592587794544153,0.0085
45,2018-05-01T06:00:00+00:00,0.012912131988029946,0.0166
45,2018-05-01T07:00:00+00:00,0.02870554560076996,0.0315
45,2018-05-01T08:00:00+00:00,0.03206683312504908,0.0444
45,2018-05-01T09:00:00+00:00,0.03767581313092414,0.0459
45,2018-05-01T10:00:00+00:00,0.038386276015402954,0.0393
45,2018-05-01T11:00:00+00:00,0.0458696751817122,0.0417
45,2018-05-01T12:00:00+00:00,0.05342699325909465,0.0514
45,2018-05-01T13:00:00+00:00,0.05801104979358127,0.0513
45,2018-05-01T14:00:00+00:00,0.062029824408337535,0.0627
45,2018-05-01T15:00:00+00:00,0.0586065827083546,0.071
45,2018-05-01T16:00:00+00:00,0.062453068893495486,0.0698
45,2018-05-01T17:00:00+00:00,0.06172537194424421,0.066
45,2018-05-01T18:00:00+00:00,0.05902713482780031,0.0852
45,2018-05-01T19:00:00+00:00,0.05916655509073778,0.0645
45,2018-05-01T20:00:00+00:00,0.05111456233221039,0.0434
45,2018-05-01T21:00:00+00:00,0.035207404623025663,0.0295
45,2018-05-01T22:00:00+00:00,0.026013278058573994,0.0255
45,2018-05-01T23:00:00+00:00,0.020611426926978094,0.0165
45,2018-05-02T00:00:00+00:00,0.01062285874822996,0.01
45,2018-05-02T01:00:00+00:00,0.004201698114169657,0.0075
45,2018-05-02T02:00:00+00:00,0.0053449467767261415,0.0048
45,2018-05-02T03:00:00+00:00,0.002845286774811717,0.005
45,2018-05-02T04:00:00+00:00,0.00465136287387698,0.0053
45,2018-05-02T05:00:00+00:00,0.010128497375740446,0.0087
45,2018-05-02T06:00:00+00:00,0.016309573764601244,0.0181
45,2018-05-02T07:00:00+00:00,0.0303274468620143,0.0293
45,2018-05-02T08:00:00+00:00,0.03948774183567265,0.0336
45,2018-05-02T09:00:00+00:00,0.041100561845539646,0.0419
46,2018-04-29T10:00:00+00:00,0.030510672374609298,0.0353
46,2018-04-29T11:00:00+00:00,0.04379158868546015,0.0472
46,2018-04-29T12:00:00+00:00,0.05146678183390903,0.0533
46,2018-04-29T13:00:00+00:00,0.056223166483774054,0.0589
46,2018-04-29T14:00:00+00:00,0.060603292503172264,0.0622
46,2018-04-29T15:00:00+00:00,0.06352086029948065,0.0552
46,2018-04-29T16:00:00+00:00,0.06484428023742289,0.0593
46,2018-04-29T17:00:00+00:00,0.05891033544978416,0.0604
46,2018-04-29T18:00:00+00:00,0.05275970012988395,0.0558
46,2018-04-29T19:00:00+00:00,0.048683836500661444,0.054
46,2018-04-29T20:00:00+00:00,0.04220854030839333,0.0465
46,2018-04-29T21:00:00+00:00,0.03503269483968498,0.0363
46,2018-04-29T22:00:00+00:00,0.029437002253886273,0.0304
46,2018-04-29T23:00:00+00:00,0.01893734776444122,0.0215
46,2018-04-30T00:00:00+00:00,0.013731945859423403,0.0104
46,2018-04-30T01:00:00+00:00,0.018215956674061357,0.0044
46,2018-04-30T02:00:00+00:00,0.011422639664195867,0.0029
46,2018-04-30T03:00:00+00:00,0.004276526664705769,0.0031
46,2018-04-30T04:00:00+00:00,-0.0038798124971470213,0.0064
46,2018-04-30T05:00:00+00:00,0.005928878916351462,0.0044
46,2018-04-30T06:00:00+00:00,0.003007469955927624,0.0056
46,2018-04-30T07:00:00+00:00,0.010764217347382293,0.0076
46,2018-04-30T08:00:00+00:00,0.019017383504830405,0.0139
46,2018-04-30T09:00:00+00:00,0.023816585437726204,0.0208
46,2018-04-30T10:00:00+00:00,0.028287121891456737,0.0302
46,2018-04-30T11:00:00+00:00,0.03853104236836407,0.0347
46,2018-04-30T12:00:00+00:00,0.046461448392620494,0.0427
46,2018-04-30T13:00:00+00:00,0.05679530777433374,0.048
46,2018-04-30T14:00:00+00:00,0.058529709296660785,0.0441
46,2018-04-30T15:00:00+00:00,0.05509795813359665,0.047
46,2018-04-30T16:00:00+00:00,0.05675038766804401,0.0468
46,2018-04-30T17:00:00+00:00,0.05342112185489208,0.0476
46,2018-04-30T18:00:00+00:00,0.050175097974036464,0.046
46,2018-04-30T19:00:00+00:00,0.04293072302530922,0.0404
46,2018-04-30T20:00:00+00:00,0.03994956297121026,0.0356
46,2018-04-30T21:00:00+00:00,0.03286202720229964,0.0268
46,2018-04-30T22:00:00+00:00,0.024375899871932998,0.0224
46,2018-04-30T23:00:00+00:00,0.023400521986950477,0.014
46,2018-05-01T00:00:00+00:00,0.012270394401479666,0.0091
46,2018-05-01T01:00:00+00:00,0.010026490343708842,0.0066
46,2018-05-01T02:00:00+00:00,0.010270206880586844,0.0045
46,2018-05-01T03:00:00+00:00,0.004013788114995042,0.0037
46,2018-05-01T04:00:00+00:00,0.0073033180357422595,0.0053
46,2018-05-01T05:00:00+00:00,0.009445987889498183,0.0085
46,2018-05-01T06:00:00+00:00,0.01639211179678505,0.0166
46,2018-05-01T07:00:00+00:00,0.021033894928851694,0.0315
46,2018-05-01T08:00:00+00:00,0.026682423886300405,0.0444
46,2018-05-01T09:00:00+00:00,0.03358256739858949,0.0459
46,2018-05-01T10:00:00+00:00,0.035945547282848635,0.0393
46,2018-05-01T11:00:00+00:00,0.042091308564432696,0.0417
46,2018-05-01T12:00:00+00:00,0.053766628196467256,0.0514
46,2018-05-01T13:00:00+00:00,0.05467137586689629,0.0513
46,2018-05-01T14:00:00+00:00,0.06192874059247725,0.0627
46,2018-05-01T15:00:00+00:00,0.059050701904860996,0.071
46,2018-05-01T16:00:00+00:00,0.06243680399683046,0.0698
46,2018-05-01T17:00:00+00:00,0.06348777281674395,0.066
46,2018-05-01T18:00:00+00:00,0.05385437341850414,0.0852
46,2018-05-01T19:00:00+00:00,0.052973100921263526,0.0645
46,2018-05-01T20:00:00+00:00,0.041857255510850025,0.0434
46,2018-05-01T21:00:00+00:00,0.035375540668594545,0.0295
46,2018-05-01T22:00:00+00:00,0.026464237827390383,0.0255
46,2018-05-01T23:00:00+00:00,0.02026243032698154,0.0165
46,2018-05-02T00:00:00+00:00,0.01404847323909661,0.01
46,2018-05-02T01:00:00+00:00,0.009244756006295117,0.0075
46,2018-05-02T02:00:00+00:00,0.002893628211618631,0.0048
46,2018-05-02T03:00:00+00:00,-0.0007604822816457205,0.005
46,2018-05-02T04:00:00+00:00,0.0013912213050081453,0.0053
46,2018-05-02T05:00:00+00:00,0.010790336845622465,0.0087
46,2018-05-02T06:00:00+00:00,0.01914700138430197,0.0181
46,2018-05-02T07:00:00+00:00,0.030751616129886833,0.0293
46,2018-05-02T08:00:00+00:00,0.03271067980103143,0.0336
46,2018-05-02T09:00:00+00:00,0.040476446826494546,0.0419
46,2018-05-02T10:00:00+00:00,0.04164340564373102,0.0346
46,2018-05-02T11:00:00+00:00,0.04674470030436374,0.0348
46,2018-05-02T12:00:00+00:00,0.04934766234741882,0.0401
46,2018-05-02T13:00:00+00:00,0.057594658413079536,0.0447
46,2018-05-02T14:00:00+00:00,0.06262920266467506,0.0548
46,2018-05-02T15:00:00+00:00,0.06272894134204142,0.0682
46,2018-05-02T16:00:00+00:00,0.06440840523600277,0.0734
46,2018-05-02T17:00:00+00:00,0.06555642663374349,0.0734
46,2018-05-02T18:00:00+00:00,0.062209669842721645,0.0744
46,2018-05-02T19:00:00+00:00,0.0560761453528561,0.07
46,2018-05-02T20:00:00+00:00,0.05212831635003311,0.0516
46,2018-05-02T21:00:00+00:00,0.03664166480835796,0.0423
46,2018-05-02T22:00:00+00:00,0.031012917115050276,0.0299
46,2018-05-02T23:00:00+00:00,0.021943471730022937,0.0194
46,2018-05-03T00:00:00+00:00,0.009128955038527568,0.0111
46,2018-05-03T01:00:00+00:00,0.00876368518696851,0.0086
46,2018-05-03T02:00:00+00:00,0.0021340427074187235,0.0051
46,2018-05-03T03:00:00+00:00,-0.0023140712902055965,0.0036
46,2018-05-03T04:00:00+00:00,0.0031810909916907236,0.006
46,2018-05-03T05:00:00+00:00,0.004792842619042743,0.0099
46,2018-05-03T06:00:00+00:00,0.016588351628745095,0.0179
46,2018-05-03T07:00:00+00:00,0.029473369556064135,0.0331
46,2018-05-03T08:00:00+00:00,0.0396736445707282,0.046
46,2018-05-03T09:00:00+00:00,0.043086867704272995,0.0526
47,2018-04-30T10:00:00+00:00,0.025518330798898835,0.0302
47,2018-04-30T11:00:00+00:00,0.029100531211752316,0.0347
47,2018-04-30T12:00:00+00:00,0.03677767000695135,0.0427
47,2018-04-30T13:00:00+00:00,0.0473484607044284,0.048
47,2018-04-30T14:00:00+00:00,0.05369866946038231,0.0441
47,2018-04-30T15:00:00+00:00,0.05234500061612148,0.047
47,2018-04-30T16:00:00+00:00,0.05419687408571165,0.0468
47,2018-04-30T17:00:00+00:00,0.055012247329095626,0.0476
47,2018-04-30T18:00:00+00:00,0.04827179802174568,0.046
47,2018-04-30T19:00:00+00:00,0.04578025271400663,0.0404
47,2018-04-30T20:00:00+00:00,0.03268389295535522,0.0356
47,2018-04-30T21:00:00+00:00,0.027905939093288902,0.0268
47,2018-04-30T22:00:00+00:00,0.022605169166647836,0.0224
47,2018-04-30T23:00:00+00:00,0.01508308943592155,0.014
47,2018-05-01T00:00:00+00:00,0.008694834565577809,0.0091
47,2018-05-01T01:00:00+00:00,0.008080087475329765,0.0066
47,2018-05-01T02:00:00+00:00,0.005584527639352601,0.0045
47,2018-05-01T03:00:00+00:00,0.00516949810713976,0.0037
47,2018-05-01T04:00:00+00:00,0.008509646174256605,0.0053
47,2018-05-01T05:00:00+00:00,0.0015820262761588426,0.0085
47,2018-05-01T06:00:00+00:00,0.01308374367094962,0.0166
47,2018-05-01T07:00:00+00:00,0.016072135933177856,0.0315
47,2018-05-01T08:00:00+00:00,0.027967467691402438,0.0444
47,2018-05-01T09:00:00+00:00,0.0317069412165603,0.0459
47,2018-05-01T10:00:00+00:00,0.03717750876900616,0.0393
47,2018-05-01T11:00:00+00:00,0.04207549900968021,0.0417
47,2018-05-01T12:00:00+00:00,0.050222530815742655,0.0514
47,2018-05-01T13:00:00+00:00,0.055811282570461626,0.0513
47,2018-05-01T14:00:00+00:00,0.05743092539848149,0.0627
47,2018-05-01T15:00:00+00:00,0.060051833761319034,0.071
47,2018-05-01T16:00:00+00:00,0.060809829746273775,0.0698
47,2018-05-01T17:00:00+00:00,0.06033429195780188,0.066
47,2018-05-01T18:00:00+00:00,0.058840739153793564,0.0852
47,2018-05-01T19:00:00+00:00,0.05649872353494019,0.0645
47,2018-05-01T20:00:00+00:00,0.0454437863715025,0.0434
47,2018-05-01T21:00:00+00:00,0.037359470603357633,0.0295
47,2018-05-01T22:00:00+00:00,0.03022982301807203,0.0255
47,2018-05-01T23:00:00+00:00,0.021219214909808173,0.0165
47,2018-05-02T00:00:00+00:00,0.012442501112074903,0.01
47,2018-05-02T01:00:00+00:00,0.005298180238093805,0.0075
47,2018-05-02T02:00:00+00:00,0.008746490807959067,0.0048
47,2018-05-02T03:00:00+00:00,0.0036783995542655594,0.005
47,2018-05-02T04:00:00+00:00,0.0029739438410733288,0.0053
47,2018-05-02T05:00:00+00:00,0.005350220805759042,0.0087
47,2018-05-02T06:00:00+00:00,0.014222981982716732,0.0181
47,2018-05-02T07:00:00+00:00,0.025822937828595502,0.0293
47,2018-05-02T08:00:00+00:00,0.0306524983258393,0.0336
47,2018-05-02T09:00:00+00:00,0.04085170913543713,0.0419
47,2018-05-02T10:00:00+00:00,0.04309545862760461,0.0346
47,2018-05-02T11:00:00+00:00,0.047281180803763534,0.0348
47,2018-05-02T12:00:00+00:00,0.050550009377284974,0.0401
47,2018-05-02T13:00:00+00:00,0.05891293800034851,0.0447
47,2018-05-02T14:00:00+00:00,0.060441439340506734,0.0548
47,2018-05-02T15:00:00+00:00,0.06148521250496741,0.0682
47,2018-05-02T16:00:00+00:00,0.06341284191871374,0.0734
47,2018-05-02T17:00:00+00:00,0.06311037165404704,0.0734
47,2018-05-02T18:00:00+00:00,0.062454345104085235,0.0744
47,2018-05-02T19:00:00+00:00,0.05545144131353881,0.07
47,2018-05-02T20:00:00+00:00,0.045108201470682285,0.0516
47,2018-05-02T21:00:00+00:00,0.03946996888001286,0.0423
47,2018-05-02T22:00:00+00:00,0.0299427868599524,0.0299
47,2018-05-02T23:00:00+00:00,0.025315348564674156,0.0194
47,2018-05-03T00:00:00+00:00,0.012737412283248508,0.0111
47,2018-05-03T01:00:00+00:00,0.008902704414827042,0.0086
47,2018-05-03T02:00:00+00:00,0.00492867027606473,0.0051
47,2018-05-03T03:00:00+00:00,0.0014318052195068619,0.0036
47,2018-05-03T04:00:00+00:00,0.005811858133552141,0.006
47,2018-05-03T05:00:00+00:00,0.010186025022324269,0.0099
47,2018-05-03T06:00:00+00:00,0.015633048473677507,0.0179
47,2018-05-03T07:00:00+00:00,0.0295627236180466,0.0331
47,2018-05-03T08:00:00+00:00,0.03661793167770991,0.046
47,2018-05-03T09:00:00+00:00,0.044022649641383554,0.0526
47,2018-05-03T10:00:00+00:00,0.04669722359944578,0.0432
47,2018-05-03T11:00:00+00:00,0.046293575526322156,0.0454
47,2018-05-03T12:00:00+00:00,0.05103232925378452,0.0479
47,2018-05-03T13:00:00+00:00,0.05469167200159439,0.0572
47,2018-05-03T14:00:00+00:00,0.060210766887316046,0.0587
47,2018-05-03T15:00:00+00:00,0.06346756649719373,0.0649
47,2018-05-03T16:00:00+00:00,0.0626199788578595,0.0728
47,2018-05-03T17:00:00+00:00,0.06930997711678936,0.0748
47,2018-05-03T18:00:00+00:00,0.0651943128447067,0.0781
47,2018-05-03T19:00:00+00:00,0.06221301597916153,0.067
47,2018-05-03T20:00:00+00:00,0.05454610671156195,0.0522
47,2018-05-03T21:00:00+00:00,0.0399705264533444,0.0445
47,2018-05-03T22:00:00+00:00,0.03457836386973627,0.0316
47,2018-05-03T23:00:00+00:00,0.023379323523324766,0.0183
47,2018-05-04T00:00:00+00:00,0.015607595278511199,0.0124
47,2018-05-04T01:00:00+00:00,0.00871427014583569,0.0092
47,2018-05-04T02:00:00+00:00,0.009724657139974828,0.0062
47,2018-05-04T03:00:00+00:00,0.004955997056990451,0.0047
47,2018-05-04T04:00:00+00:00,0.0021912549566227603,0.0064
47,2018-05-04T05:00:00+00:00,0.005846455764007972,0.0096
47,2018-05-04T06:00:00+00:00,0.017329807005418044,0.0176
47,2018-05-04T07:00:00+00:00,0.03138554763128733,0.0339
47,2018-05-04T08:00:00+00:00,0.04272366986728845,0.0474
47,2018-05-04T09:00:00+00:00,0.0435360959205871,0.0522
48,2018-05-01T10:00:00+00:00,0.042341123132107354,0.0393
48,2018-05-01T11:00:00+00:00,0.048145977443177806,0.0417
48,2018-05-01T12:00:00+00:00,0.04964956239033266,0.0514
48,2018-05-01T13:00:00+00:00,0.06305250354539098,0.0513
48,2018-05-01T14:00:00+00:00,0.05755180196646684,0.0627
48,2018-05-01T15:00:00+00:00,0.06550085403316948,0.071
48,2018-05-01T16:00:00+00:00,0.06276749710517737,0.0698
48,2018-05-01T17:00:00+00:00,0.0632345504952605,0.066
48,2018-05-01T18:00:00+00:00,0.060697997354808214,0.0852
48,2018-05-01T19:00:00+00:00,0.05972786425671742,0.0645
48,2018-05-01T20:00:00+00:00,0.043720407047673125,0.0434
48,2018-05-01T21:00:00+00:00,0.036415620968370005,0.0295
48,2018-05-01T22:00:00+00:00,0.02864973253580292,0.0255
48,2018-05-01T23:00:00+00:00,0.01886456825251155,0.0165
48,2018-05-02T00:00:00+00:00,0.011803238663902437,0.01
48,2018-05-02T01:00:00+00:00,0.00722415329341514,0.0075
48,2018-05-02T02:00:00+00:00,0.007056998948299906,0.0048
48,2018-05-02T03:00:00+00:00,-0.003761181307858845,0.005
48,2018-05-02T04:00:00+00:00,0.0021105215822941684,0.0053
48,2018-05-02T05:00:00+00:00,0.0082124436724497,0.0087
48,2018-05-02T06:00:00+00:00,0.01723225000065559,0.0181
48,2018-05-02T07:00:00+00:00,0.028373670535520465,0.0293
48,2018-05-02T08:00:00+00:00,0.04145555517320093,0.0336
48,2018-05-02T09:00:00+00:00,0.04512961716164242,0.0419
48,2018-05-02T10:00:00+00:00,0.046669839378599906,0.0346
48,2018-05-02T11:00:00+00:00,0.045024054076371806,0.0348
48,2018-05-02T12:00:00+00:00,0.05395709061682136,0.0401
48,2018-05-02T13:00:00+00:00,0.058056174594859206,0.0447
48,2018-05-02T14:00:00+00:00,0.05527417963119974,0.0548
48,2018-05-02T15:00:00+00:00,0.06148893670051817,0.0682
48,2018-05-02T16:00:00+00:00,0.06408211724735105,0.0734
48,2018-05-02T17:00:00+00:00,0.06554706497111953,0.0734
48,2018-05-02T18:00:00+00:00,0.06430157742812645,0.0744
48,2018-05-02T19:00:00+00:00,0.05916498854746068,0.07
48,2018-05-02T20:00:00+00:00,0.05116424890751124,0.0516
48,2018-05-02T21:00:00+00:00,0.042257107327432146,0.0423
48,2018-05-02T22:00:00+00:00,0.03147965589102525,0.0299
48,2018-05-02T23:00:00+00:00,0.021062537083949083,0.0194
48,2018-05-03T00:00:00+00:00,0.013186690628947478,0.0111
48,2018-05-03T01:00:00+00:00,0.00595257758304742,0.0086
48,2018-05-03T02:00:00+00:00,0.002789120976516783,0.0051
48,2018-05-03T03:00:00+00:00,0.003990425732922569,0.0036
48,2018-05-03T04:00:00+00:00,0.006464952114499208,0.006
48,2018-05-03T05:00:00+00:00,0.0075435276044039275,0.0099
48,2018-05-03T06:00:00+00:00,0.016583239475850827,0.0179
48,2018-05-03T07:00:00+00:00,0.02632037145354196,0.0331
48,2018-05-03T08:00:00+00:00,0.039427068570188406,0.046
48,2018-05-03T09:00:00+00:00,0.04338696935550473,0.0526
48,2018-05-03T10:00:00+00:00,0.046150213840499506,0.0432
48,2018-05-03T11:00:00+00:00,0.04323109829943335,0.0454
48,2018-05-03T12:00:00+00:00,0.04825217654501891,0.0479
48,2018-05-03T13:00:00+00:00,0.052829781009928266,0.0572
48,2018-05-03T14:00:00+00:00,0.05758712020683014,0.0587
48,2018-05-03T15:00:00+00:00,0.054668831800614284,0.0649
48,2018-05-03T16:00:00+00:00,0.0643585285867843,0.0728
48,2018-05-03T17:00:00+00:00,0.060456467712345044,0.0748
48,2018-05-03T18:00:00+00:00,0.06276330712409223,0.0781
48,2018-05-03T19:00:00+00:00,0.05777314617662349,0.067
48,2018-05-03T20:00:00+00:00,0.05124628773457075,0.0522
48,2018-05-03T21:00:00+00:00,0.0388467749884147,0.0445
48,2018-05-03T22:00:00+00:00,0.028219727894223192,0.0316
48,2018-05-03T23:00:00+00:00,0.018942203004238038,0.0183
48,2018-05-04T00:00:00+00:00,0.007086527244711038,0.0124
48,2018-05-04T01:00:00+00:00,0.0037065388489710034,0.0092
48,2018-05-04T02:00:00+00:00,0.003569240729992911,0.0062
48,2018-05-04T03:00:00+00:00,0.006193194452961133,0.0047
48,2018-05-04T04:00:00+00:00,0.005170385814996778,0.0064
48,2018-05-04T05:00:00+00:00,0.011436916095261169,0.0096
48,2018-05-04T06:00:00+00:00,0.019927539927014175,0.0176
48,2018-05-04T07:00:00+00:00,0.035760301451607274,0.0339
48,2018-05-04T08:00:00+00:00,0.044676896598182574,0.0474
48,2018-05-04T09:00:00+00:00,0.04626987372653965,0.0522
48,2018-05-04T10:00:00+00:00,0.04509625501165113,0.0443
48,2018-05-04T11:00:00+00:00,0.043061515812238604,0.0445
48,2018-05-04T12:00:00+00:00,0.05060071107262939,0.0514
48,2018-05-04T13:00:00+00:00,0.05483493342864731,0.0582
48,2018-05-04T14:00:00+00:00,0.056308131613675184,0.0607
48,2018-05-04T15:00:00+00:00,0.06275330004563813,0.0665
48,2018-05-04T16:00:00+00:00,0.0669057592862133,0.0747
48,2018-05-04T17:00:00+00:00,0.06353197440185059,0.0745
48,2018-05-04T18:00:00+00:00,0.06188785172422057,0.0793
48,2018-05-04T19:00:00+00:00,0.06124418206762855,0.0676
48,2018-05-04T20:00:00+00:00,0.05672632556330777,0.0546
48,2018-05-04T21:00:00+00:00,0.043523251310077074,0.0436
48,2018-05-04T22:00:00+00:00,0.030815748061836363,0.0318
48,2018-05-04T23:00:00+00:00,0.021906128993564537,0.0213
48,2018-05-05T00:00:00+00:00,0.013910690536064802,0.0155
48,2018-05-05T01:00:00+00:00,0.006123610689316751,0.0095
48,2018-05-05T02:00:00+00:00,0.005688368571380588,0.0069
48,2018-05-05T03:00:00+00:00,0.0019366060363949743,0.0049
48,2018-05-05T04:00:00+00:00,0.0028444053331278044,0.0059
48,2018-05-05T05:00:00+00:00,0.008033318847973057,0.0102
48,2018-05-05T06:00:00+00:00,0.018897824921922185,0.0171
48,2018-05-05T07:00:00+00:00,0.03081881143721473,0.0335
48,2018-05-05T08:00:00+00:00,0.03850380853567279,0.0464
48,2018-05-05T09:00:00+00:00,0.0453893218392065,0.0502
49,2018-05-02T10:00:00+00:00,0.053277891758704704,0.0346
49,2018-05-02T11:00:00+00:00,0.05139147078804357,0.0348
49,2018-05-02T12:00:00+00:00,0.05401555192319833,0.0401
49,2018-05-02T13:00:00+00:00,0.06375565171712794,0.0447
49,2018-05-02T14:00:00+00:00,0.06385031061682775,0.0548
49,2018-05-02T15:00:00+00:00,0.0657819879784021,0.0682
49,2018-05-02T16:00:00+00:00,0.06971925012463996,0.0734
49,2018-05-02T17:00:00+00:00,0.07000589412475922,0.0734
49,2018-05-02T18:00:00+00:00,0.07110782990801204,0.0744
49,2018-05-02T19:00:00+00:00,0.06690708771491229,0.07
49,2018-05-02T20:00:00+00:00,0.056464347309267526,0.0516
49,2018-05-02T21:00:00+00:00,0.03936432120140528,0.0423
49,2018-05-02T22:00:00+00:00,0.02675002832251417,0.0299
49,2018-05-02T23:00:00+00:00,0.01824352888010049,0.0194
49,2018-05-03T00:00:00+00:00,0.011475849917508007,0.0111
49,2018-05-03T01:00:00+00:00,0.003633694586585884,0.0086
49,2018-05-03T02:00:00+00:00,0.00319357738597139,0.0051
49,2018-05-03T03:00:00+00:00,-0.0015224384880049742,0.0036
49,2018-05-03T04:00:00+00:00,0.006334097710200923,0.006
49,2018-05-03T05:00:00+00:00,0.011794952694328769,0.0099
49,2018-05-03T06:00:00+00:00,0.01834145872216289,0.0179
49,2018-05-03T07:00:00+00:00,0.031971619669029165,0.0331
49,2018-05-03T08:00:00+00:00,0.042915415808767586,0.046
49,2018-05-03T09:00:00+00:00,0.047577169756711786,0.0526
49,2018-05-03T10:00:00+00:00,0.04979934481486706,0.0432
49,2018-05-03T11:00:00+00:00,0.04725287232238416,0.0454
49,2018-05-03T12:00:00+00:00,0.05474100975992554,0.0479
49,2018-05-03T13:00:00+00:00,0.0625452798082343,0.0572
49,2018-05-03T14:00:00+00:00,0.06410369585881201,0.0587
49,2018-05-03T15:00:00+00:00,0.06719594994031192,0.0649
49,2018-05-03T16:00:00+00:00,0.06729066941301845,0.0728
49,2018-05-03T17:00:00+00:00,0.06767434301499688,0.0748
49,2018-05-03T18:00:00+00:00,0.06527666289169724,0.0781
49,2018-05-03T19:00:00+00:00,0.06333255344267584,0.067
49,2018-05-03T20:00:00+00:00,0.05753449061889271,0.0522
49,2018-05-03T21:00:00+00:00,0.043138117689764395,0.0445
49,2018-05-03T22:00:00+00:00,0.03458635428481166,0.0316
49,2018-05-03T23:00:00+00:00,0.0247916505362344,0.0183
49,2018-05-04T00:00:00+00:00,0.016666829180754662,0.0124
49,2018-05-04T01:00:00+00:00,0.009473095354365111,0.0092
49,2018-05-04T02:00:00+00:00,0.006995511080311573,0.0062
49,2018-05-04T03:00:00+00:00,0.008467600152699262,0.0047
49,2018-05-04T04:00:00+00:00,0.006010174157535433,0.0064
49,2018-05-04T05:00:00+00:00,0.007999303971616308,0.0096
49,2018-05-04T06:00:00+00:00,0.021003127496708372,0.0176
49,2018-05-04T07:00:00+00:00,0.031277035789388126,0.0339
49,2018-05-04T08:00:00+00:00,0.04016733337397076,0.0474
49,2018-05-04T09:00:00+00:00,0.045687696115384674,0.0522
49,2018-05-04T10:00:00+00:00,0.04739884491366864,0.0443
49,2018-05-04T11:00:00+00:00,0.05010203857304129,0.0445
49,2018-05-04T12:00:00+00:00,0.056709116563227746,0.0514
49,2018-05-04T13:00:00+00:00,0.06516282741356136,0.0582
49,2018-05-04T14:00:00+00:00,0.06194880905621907,0.0607
49,2018-05-04T15:00:00+00:00,0.06389159843143898,0.0665
49,2018-05-04T16:00:00+00:00,0.0655035276003624,0.0747
49,2018-05-04T17:00:00+00:00,0.07067223897310618,0.0745
49,2018-05-04T18:00:00+00:00,0.0656897624425927,0.0793
49,2018-05-04T19:00:00+00:00,0.06116861828611439,0.0676
49,2018-05-04T20:00:00+00:00,0.05467873862029865,0.0546
49,2018-05-04T21:00:00+00:00,0.04680365141660535,0.0436
49,2018-05-04T22:00:00+00:00,0.03519598608907888,0.0318
49,2018-05-04T23:00:00+00:00,0.026695576322564384,0.0213
49,2018-05-05T00:00:00+00:00,0.013818860813523424,0.0155
49,2018-05-05T01:00:00+00:00,0.013502444136241798,0.0095
49,2018-05-05T02:00:00+00:00,0.010215937644019384,0.0069
49,2018-05-05T03:00:00+00:00,0.0029607598128532607,0.0049
49,2018-05-05T04:00:00+00:00,0.0052231908557812436,0.0059
49,2018-05-05T05:00:00+00:00,0.0044001749699294004,0.0102
49,2018-05-05T06:00:00+00:00,0.013024546089232408,0.0171
49,2018-05-05T07:00:00+00:00,0.027606282079257326,0.0335
49,2018-05-05T08:00:00+00:00,0.037010899580951356,0.0464
49,2018-05-05T09:00:00+00:00,0.04329883563073512,0.0502
49,2018-05-05T10:00:00+00:00,0.04976850688827626,0.0452
49,2018-05-05T11:00:00+00:00,0.049563337759636755,0.046
49,2018-05-05T12:00:00+00:00,0.057277686135115635,0.0556
49,2018-05-05T13:00:00+00:00,0.062297908003709726,0.0602
49,2018-05-05T14:00:00+00:00,0.06820665859800396,0.0674
49,2018-05-05T15:00:00+00:00,0.06889837726999118,0.0718
49,2018-05-05T16:00:00+00:00,0.06473646864036856,0.0754
49,2018-05-05T17:00:00+00:00,0.0674564138691843,0.0772
49,2018-05-05T18:00:00+00:00,0.06222200584884771,0.0782
49,2018-05-05T19:00:00+00:00,0.0598884620960369,0.0711
49,2018-05-05T20:00:00+00:00,0.052401279205532364,0.0588
49,2018-05-05T21:00:00+00:00,0.04351629794665112,0.0439
49,2018-05-05T22:00:00+00:00,0.03275226969740459,0.0337
49,2018-05-05T23:00:00+00:00,0.020213874795926755,0.0266
49,2018-05-06T00:00:00+00:00,0.022056436732277845,0.0184
49,2018-05-06T01:00:00+00:00,0.008900590625765141,0.0135
49,2018-05-06T02:00:00+00:00,0.012439007720566969,0.0079
49,2018-05-06T03:00:00+00:00,0.007677464965871548,0.0061
49,2018-05-06T04:00:00+00:00,0.004718298135020879,0.0051
49,2018-05-06T05:00:00+00:00,0.004037158851964994,0.0057
49,2018-05-06T06:00:00+00:00,0.0060840815806246125,0.0085
49,2018-05-06T07:00:00+00:00,0.014359767319862118,0.0156
49,2018-05-06T08:00:00+00:00,0.025338609382524167,0.0241
49,2018-05-06T09:00:00+00:00,0.032954326104552505,0.033
50,2018-05-03T10:00:00+00:00,0.04161799108996554,0.0432
50,2018-05-03T11:00:00+00:00,0.04707197625964221,0.0454
50,2018-05-03T12:00:00+00:00,0.0527334218885917,0.0479
50,2018-05-03T13:00:00+00:00,0.05352180254694906,0.0572
50,2018-05-03T14:00:00+00:00,0.059399798763627276,0.0587
50,2018-05-03T15:00:00+00:00,0.05995024447416133,0.0649
50,2018-05-03T16:00:00+00:00,0.06259310324139758,0.0728
50,2018-05-03T17:00:00+00:00,0.06233190825899589,0.0748
50,2018-05-03T18:00:00+00:00,0.0653014017431292,0.0781
50,2018-05-03T19:00:00+00:00,0.06687654638718196,0.067
50,2018-05-03T20:00:00+00:00,0.05391236893934673,0.0522
50,2018-05-03T21:00:00+00:00,0.04584925998972504,0.0445
50,2018-05-03T22:00:00+00:00,0.03281441629684095,0.0316
50,2018-05-03T23:00:00+00:00,0.023483640162327905,0.0183
50,2018-05-04T00:00:00+00:00,0.01335250923482844,0.0124
50,2018-05-04T01:00:00+00:00,0.009098762527766941,0.0092
50,2018-05-04T02:00:00+00:00,0.0026358733582534516,0.0062
50,2018-05-04T03:00:00+00:00,4.1919983403866656e-05,0.0047
50,2018-05-04T04:00:00+00:00,0.00686868582532198,0.0064
50,2018-05-04T05:00:00+00:00,0.010263982481965837,0.0096
50,2018-05-04T06:00:00+00:00,0.020232538592530117,0.0176
50,2018-05-04T07:00:00+00:00,0.032172311094801634,0.0339
50,2018-05-04T08:00:00+00:00,0.040136118432631276,0.0474
50,2018-05-04T09:00:00+00:00,0.04527790092644172,0.0522
50,2018-05-04T10:00:00+00:00,0.049262567716606795,0.0443
50,2018-05-04T11:00:00+00:00,0.05227861051203801,0.0445
50,2018-05-04T12:00:00+00:00,0.05357300135869341,0.0514
50,2018-05-04T13:00:00+00:00,0.05333235942408726,0.0582
50,2018-05-04T14:00:00+00:00,0.06124350323220847,0.0607
50,2018-05-04T15:00:00+00:00,0.06473290109914549,0.0665
50,2018-05-04T16:00:00+00:00,0.07060341550513227,0.0747
50,2018-05-04T17:00:00+00:00,0.06289537089980045,0.0745
50,2018-05-04T18:00:00+00:00,0.06582501152296436,0.0793
50,2018-05-04T19:00:00+00:00,0.06224983392362211,0.0676
50,2018-05-04T20:00:00+00:00,0.053335446558705334,0.0546
50,2018-05-04T21:00:00+00:00,0.04394146823567772,0.0436
50,2018-05-04T22:00:00+00:00,0.03525529907281751,0.0318
50,2018-05-04T23:00:00+00:00,0.02449130241552707,0.0213
50,2018-05-05T00:00:00+00:00,0.021118825072619633,0.0155
50,2018-05-05T01:00:00+00:00,0.010375850381745683,0.0095
50,2018-05-05T02:00:00+00:00,0.0020553500167991012,0.0069
50,2018-05-05T03:00:00+00:00,0.0018599832716254955,0.0049
50,2018-05-05T04:00:00+00:00,0.0013133599266875705,0.0059
50,2018-05-05T05:00:00+00:00,0.004718694992651078,0.0102
50,2018-05-05T06:00:00+00:00,0.017448587538498636,0.0171
50,2018-05-05T07:00:00+00:00,0.02462593845529628,0.0335
50,2018-05-05T08:00:00+00:00,0.03672780432353582,0.0464
50,2018-05-05T09:00:00+00:00,0.04172833630968005,0.0502
50,2018-05-05T10:00:00+00:00,0.04664720178388364,0.0452
50,2018-05-05T11:00:00+00:00,0.0532723169533626,0.046
50,2018-05-05T12:00:00+00:00,0.05257516342056602,0.0556
50,2018-05-05T13:00:00+00:00,0.057375469766472176,0.0602
50,2018-05-05T14:00:00+00:00,0.06091823454104904,0.0674
50,2018-05-05T15:00:00+00:00,0.06225519359035416,0.0718
50,2018-05-05T16:00:00+00:00,0.06123556190215576,0.0754
50,2018-05-05T17:00:00+00:00,0.06110969954910049,0.0772
50,2018-05-05T18:00:00+00:00,0.0636768504128411,0.0782
50,2018-05-05T19:00:00+00:00,0.054981490862755236,0.0711
50,2018-05-05T20:00:00+00:00,0.05345807556643667,0.0588
50,2018-05-05T21:00:00+00:00,0.04515370850851984,0.0439
50,2018-05-05T22:00:00+00:00,0.034653851934992035,0.0337
50,2018-05-05T23:00:00+00:00,0.027426224900440263,0.0266
50,2018-05-06T00:00:00+00:00,0.021382265433718496,0.0184
50,2018-05-06T01:00:00+00:00,0.012418316816963041,0.0135
50,2018-05-06T02:00:00+00:00,0.007684186480892488,0.0079
50,2018-05-06T03:00:00+00:00,0.004278442024952568,0.0061
50,2018-05-06T04:00:00+00:00,-0.0025254606400173726,0.0051
50,2018-05-06T05:00:00+00:00,0.0013563918261473053,0.0057
50,2018-05-06T06:00:00+00:00,0.00968304557308633,0.0085
50,2018-05-06T07:00:00+00:00,0.014838557252177273,0.0156
50,2018-05-06T08:00:00+00:00,0.020017330010208768,0.0241
50,2018-05-06T09:00:00+00:00,0.030342767133083242,0.033
50,2018-05-06T10:00:00+00:00,0.03892221657955324,0.0399
50,2018-05-06T11:00:00+00:00,0.0438058954030288,0.0491
50,2018-05-06T12:00:00+00:00,0.05235049187248881,0.0537
50,2018-05-06T13:00:00+00:00,0.050506248513020296,0.0607
50,2018-05-06T14:00:00+00:00,0.05521661438757726,0.058
50,2018-05-06T15:00:00+00:00,0.053075241631654765,0.0592
50,2018-05-06T16:00:00+00:00,0.05702176100429811,0.0614
50,2018-05-06T17:00:00+00:00,0.0548136660371174,0.0573
50,2018-05-06T18:00:00+00:00,0.05411156640501393,0.06
50,2018-05-06T19:00:00+00:00,0.049352825674060144,0.0558
50,2018-05-06T20:00:00+00:00,0.04106378776429083,0.0462
50,2018-05-06T21:00:00+00:00,0.03303186921349728,0.0364
50,2018-05-06T22:00:00+00:00,0.03050838339379091,0.0292
50,2018-05-06T23:00:00+00:00,0.022838078121457127,0.0254
50,2018-05-07T00:00:00+00:00,0.021819031276082188,0.0204
50,2018-05-07T01:00:00+00:00,0.015361204130078096,0.0146
50,2018-05-07T02:00:00+00:00,0.004922600443047057,0.0075
50,2018-05-07T03:00:00+00:00,0.0040579145060243745,0.0
50,2018-05-07T04:00:00+00:00,0.0017103888322843562,0.0037
50,2018-05-07T05:00:00+00:00,0.008158786432122492,0.0024
50,2018-05-07T06:00:00+00:00,0.011417163028899127,0.0027
50,2018-05-07T07:00:00+00:00,0.012829778807952837,0.006
50,2018-05-07T08:00:00+00:00,0.021156353183365825,0.0083
50,2018-05-07T09:00:00+00:00,0.029688017315892278,0.0174
51,2018-05-04T10:00:00+00:00,0.04366861294948349,0.0443
51,2018-05-04T11:00:00+00:00,0.05147242138970659,0.0445
51,2018-05-04T12:00:00+00:00,0.0578336377230876,0.0514
51,2018-05-04T13:00:00+00:00,0.061644832821281983,0.0582
51,2018-05-04T14:00:00+00:00,0.06235069006852613,0.0607
51,2018-05-04T15:00:00+00:00,0.06448716058835349,0.0665
51,2018-05-04T16:00:00+00:00,0.06649099293327101,0.0747
51,2018-05-04T17:00:00+00:00,0.06610830520919499,0.0745
51,2018-05-04T18:00:00+00:00,0.06298646434700159,0.0793
51,2018-05-04T19:00:00+00:00,0.06099029762051999,0.0676
51,2018-05-04T20:00:00+00:00,0.05446922076752192,0.0546
51,2018-05-04T21:00:00+00:00,0.04447799364265146,0.0436
51,2018-05-04T22:00:00+00:00,0.03416723241937794,0.0318
51,2018-05-04T23:00:00+00:00,0.027846979103968716,0.0213
51,2018-05-05T00:00:00+00:00,0.017923349365867272,0.0155
51,2018-05-05T01:00:00+00:00,0.012809696767502609,0.0095
51,2018-05-05T02:00:00+00:00,0.00986401265245684,0.0069
51,2018-05-05T03:00:00+00:00,-0.0011486445522941244,0.0049
51,2018-05-05T04:00:00+00:00,0.005085825897623332,0.0059
51,2018-05-05T05:00:00+00:00,0.006679819190386151,0.0102
51,2018-05-05T06:00:00+00:00,0.016949621573136626,0.0171
51,2018-05-05T07:00:00+00:00,0.026826460752275485,0.0335
51,2018-05-05T08:00:00+00:00,0.03276272350178322,0.0464
51,2018-05-05T09:00:00+00:00,0.042123949060154334,0.0502
51,2018-05-05T10:00:00+00:00,0.04965617320296203,0.0452
51,2018-05-05T11:00:00+00:00,0.05042949206989117,0.046
51,2018-05-05T12:00:00+00:00,0.06025438154087486,0.0556
51,2018-05-05T13:00:00+00:00,0.061973781844780404,0.0602
51,2018-05-05T14:00:00+00:00,0.06426664977922025,0.0674
51,2018-05-05T15:00:00+00:00,0.06465050092277007,0.0718
51,2018-05-05T16:00:00+00:00,0.06535545375236224,0.0754
51,2018-05-05T17:00:00+00:00,0.06561821527804103,0.0772
51,2018-05-05T18:00:00+00:00,0.06530447216795232,0.0782
51,2018-05-05T19:00:00+00:00,0.06030097471538454,0.0711
51,2018-05-05T20:00:00+00:00,0.055748257401337376,0.0588
51,2018-05-05T21:00:00+00:00,0.04771114680394242,0.0439
51,2018-05-05T22:00:00+00:00,0.03783758483333926,0.0337
51,2018-05-05T23:00:00+00:00,0.031225222370498063,0.0266
51,2018-05-06T00:00:00+00:00,0.02513177632383383,0.0184
51,2018-05-06T01:00:00+00:00,0.013355802108796902,0.0135
51,2018-05-06T02:00:00+00:00,0.008563311769481292,0.0079
51,2018-05-06T03:00:00+00:00,0.007257677319545065,0.0061
51,2018-05-06T04:00:00+00:00,0.002444775965691034,0.0051
51,2018-05-06T05:00:00+00:00,0.004317286032051521,0.0057
51,2018-05-06T06:00:00+00:00,0.00925209578372942,0.0085
51,2018-05-06T07:00:00+00:00,0.015425427182628244,0.0156
51,2018-05-06T08:00:00+00:00,0.023026231457020787,0.0241
51,2018-05-06T09:00:00+00:00,0.03408686248308964,0.033
51,2018-05-06T10:00:00+00:00,0.03335681415237944,0.0399
51,2018-05-06T11:00:00+00:00,0.04537472896639923,0.0491
51,2018-05-06T12:00:00+00:00,0.04928779115209246,0.0537
51,2018-05-06T13:00:00+00:00,0.05922951342068222,0.0607
51,2018-05-06T14:00:00+00:00,0.05759732571409935,0.058
51,2018-05-06T15:00:00+00:00,0.05404032210549582,0.0592
51,2018-05-06T16:00:00+00:00,0.05415784835959256,0.0614
51,2018-05-06T17:00:00+00:00,0.05542171667703695,0.0573
51,2018-05-06T18:00:00+00:00,0.0554235735530014,0.06
51,2018-05-06T19:00:00+00:00,0.048248529632269825,0.0558
51,2018-05-06T20:00:00+00:00,0.042856606729783094,0.0462
51,2018-05-06T21:00:00+00:00,0.03696009449375066,0.0364
51,2018-05-06T22:00:00+00:00,0.03215225516340603,0.0292
51,2018-05-06T23:00:00+00:00,0.022887529715266416,0.0254
51,2018-05-07T00:00:00+00:00,0.01718442552313012,0.0204
51,2018-05-07T01:00:00+00:00,0.011771111994375683,0.0146
51,2018-05-07T02:00:00+00:00,0.008486668117468114,0.0075
51,2018-05-07T03:00:00+00:00,0.0017710307669030548,0.0
51,2018-05-07T04:00:00+00:00,-0.00012301404770662452,0.0037
51,2018-05-07T05:00:00+00:00,0.003566955665532716,0.0024
51,2018-05-07T06:00:00+00:00,0.008998952833772021,0.0027
51,2018-05-07T07:00:00+00:00,0.015066204188118788,0.006
51,2018-05-07T08:00:00+00:00,0.023473434655058693,0.0083
51,2018-05-07T09:00:00+00:00,0.024168325055000956,0.0174
51,2018-05-07T10:00:00+00:00,0.0350309486661121,0.0218
51,2018-05-07T11:00:00+00:00,0.03708246763274673,0.032
51,2018-05-07T12:00:00+00:00,0.04723229003244745,0.0394
51,2018-05-07T13:00:00+00:00,0.04888737851301714,0.0433
51,2018-05-07T14:00:00+00:00,0.052777159776888315,0.0495
51,2018-05-07T15:00:00+00:00,0.05158783594346579,0.0528
51,2018-05-07T16:00:00+00:00,0.05173709200945907,0.0504
51,2018-05-07T17:00:00+00:00,0.05191289367346389,0.049
51,2018-05-07T18:00:00+00:00,0.047240120660108575,0.0544
51,2018-05-07T19:00:00+00:00,0.044652053310532146,0.0512
51,2018-05-07T20:00:00+00:00,0.04002843529212566,0.0397
51,2018-05-07T21:00:00+00:00,0.030525990556953868,0.0347
51,2018-05-07T22:00:00+00:00,0.023630033631572834,0.024
51,2018-05-07T23:00:00+00:00,0.018689516440555366,0.021
51,2018-05-08T00:00:00+00:00,0.01060053655089348,0.0157
51,2018-05-08T01:00:00+00:00,0.008550401364153623,0.0093
51,2018-05-08T02:00:00+00:00,0.008734679071649737,0.0059
51,2018-05-08T03:00:00+00:00,0.0067227174114862336,0.0047
51,2018-05-08T04:00:00+00:00,0.005722567255481852,0.0036
51,2018-05-08T05:00:00+00:00,0.010427042927316912,0.0048
51,2018-05-08T06:00:00+00:00,0.017730363766474855,0.0103
51,2018-05-08T07:00:00+00:00,0.0319263567508523,0.0193
51,2018-05-08T08:00:00+00:00,0.037946273172447684,0.0325
51,2018-05-08T09:00:00+00:00,0.04416730633631528,0.0464
52,2018-05-05T10:00:00+00:00,0.04651183991239603,0.0452
52,2018-05-05T11:00:00+00:00,0.05209334483791514,0.046
52,2018-05-05T12:00:00+00:00,0.05676308920093473,0.0556
52,2018-05-05T13:00:00+00:00,0.06297467558666031,0.0602
52,2018-05-05T14:00:00+00:00,0.06623778523285817,0.0674
52,2018-05-05T15:00:00+00:00,0.07221117766893861,0.0718
52,2018-05-05T16:00:00+00:00,0.06913335876155607,0.0754
52,2018-05-05T17:00:00+00:00,0.06592461025579796,0.0772
52,2018-05-05T18:00:00+00:00,0.060492172366716696,0.0782
52,2018-05-05T19:00:00+00:00,0.06223078475737257,0.0711
52,2018-05-05T20:00:00+00:00,0.05411252721822389,0.0588
52,2018-05-05T21:00:00+00:00,0.045376222404323395,0.0439
52,2018-05-05T22:00:00+00:00,0.0344497177692776,0.0337
52,2018-05-05T23:00:00+00:00,0.026482484401300944,0.0266
52,2018-05-06T00:00:00+00:00,0.01733150827141697,0.0184
52,2018-05-06T01:00:00+00:00,0.009637030975227001,0.0135
52,2018-05-06T02:00:00+00:00,0.007831353822516304,0.0079
52,2018-05-06T03:00:00+00:00,-0.0001523940446875316,0.0061
52,2018-05-06T04:00:00+00:00,-0.0019875055012127385,0.0051
52,2018-05-06T05:00:00+00:00,0.006828887271186183,0.0057
52,2018-05-06T06:00:00+00:00,0.006883607672217441,0.0085
52,2018-05-06T07:00:00+00:00,0.01848275465958414,0.0156
52,2018-05-06T08:00:00+00:00,0.03090743131258133,0.0241
52,2018-05-06T09:00:00+00:00,0.03629515379036107,0.033
52,2018-05-06T10:00:00+00:00,0.04022814762834993,0.0399
52,2018-05-06T11:00:00+00:00,0.04152321731042541,0.0491
52,2018-05-06T12:00:00+00:00,0.05037342235291724,0.0537
52,2018-05-06T13:00:00+00:00,0.056451718881729736,0.0607
52,2018-05-06T14:00:00+00:00,0.05870323842855163,0.058
52,2018-05-06T15:00:00+00:00,0.06375843598671244,0.0592
52,2018-05-06T16:00:00+00:00,0.06391131390076236,0.0614
52,2018-05-06T17:00:00+00:00,0.0590845141749539,0.0573
52,2018-05-06T18:00:00+00:00,0.05755156594061309,0.06
52,2018-05-06T19:00:00+00:00,0.049965623984471484,0.0558
52,2018-05-06T20:00:00+00:00,0.048224663867624314,0.0462
52,2018-05-06T21:00:00+00:00,0.041295017906888165,0.0364
52,2018-05-06T22:00:00+00:00,0.032302626608212606,0.0292
52,2018-05-06T23:00:00+00:00,0.025692873484289964,0.0254
52,2018-05-07T00:00:00+00:00,0.02020643267099835,0.0204
52,2018-05-07T01:00:00+00:00,0.013048879728136686,0.0146
52,2018-05-07T02:00:00+00:00,0.007527043391680102,0.0075
52,2018-05-07T03:00:00+00:00,0.002732263810455559,0.0
52,2018-05-07T04:00:00+00:00,-0.0041354284967578675,0.0037
52,2018-05-07T05:00:00+00:00,0.00044626360174252616,0.0024
52,2018-05-07T06:00:00+00:00,0.008043505556722945,0.0027
52,2018-05-07T07:00:00+00:00,0.017940910316003554,0.006
52,2018-05-07T08:00:00+00:00,0.02336726479535875,0.0083
52,2018-05-07T09:00:00+00:00,0.02882572714572137,0.0174
52,2018-05-07T10:00:00+00:00,0.03199109597941225,0.0218
52,2018-05-07T11:00:00+00:00,0.037193677584350195,0.032
52,2018-05-07T12:00:00+00:00,0.04665577077560937,0.0394
52,2018-05-07T13:00:00+00:00,0.05177437156200529,0.0433
52,2018-05-07T14:00:00+00:00,0.057823129350784805,0.0495
52,2018-05-07T15:00:00+00:00,0.05552171017877638,0.0528
52,2018-05-07T16:00:00+00:00,0.05780719656129453,0.0504
52,2018-05-07T17:00:00+00:00,0.05108786634604425,0.049
52,2018-05-07T18:00:00+00:00,0.05050664119320176,0.0544
52,2018-05-07T19:00:00+00:00,0.05011374378440778,0.0512
52,2018-05-07T20:00:00+00:00,0.03997098597270568,0.0397
52,2018-05-07T21:00:00+00:00,0.03559020357167437,0.0347
52,2018-05-07T22:00:00+00:00,0.026740481546692983,0.024
52,2018-05-07T23:00:00+00:00,0.020959002150041223,0.021
52,2018-05-08T00:00:00+00:00,0.01393546176272448,0.0157
52,2018-05-08T01:00:00+00:00,0.008754478089947903,0.0093
52,2018-05-08T02:00:00+00:00,0.0027467971546182995,0.0059
52,2018-05-08T03:00:00+00:00,0.0002651252469737138,0.0047
52,2018-05-08T04:00:00+00:00,-0.0003993606366844184,0.0036
52,2018-05-08T05:00:00+00:00,0.006249479308545126,0.0048
52,2018-05-08T06:00:00+00:00,0.014762375208249748,0.0103
52,2018-05-08T07:00:00+00:00,0.031136728862955817,0.0193
52,2018-05-08T08:00:00+00:00,0.03392797635339093,0.0325
52,2018-05-08T09:00:00+00:00,0.040224689745156285,0.0464
52,2018-05-08T10:00:00+00:00,0.041415964447139894,0.0493
52,2018-05-08T11:00:00+00:00,0.04190594054281572,0.0421
52,2018-05-08T12:00:00+00:00,0.049593099993177264,0.0469
52,2018-05-08T13:00:00+00:00,0.0557156461477569,0.0534
52,2018-05-08T14:00:00+00:00,0.061722113534227845,0.0569
52,2018-05-08T15:00:00+00:00,0.062414116272729324,0.0614
52,2018-05-08T16:00:00+00:00,0.06398301145346864,0.0669
52,2018-05-08T17:00:00+00:00,0.0599478591509314,0.0782
52,2018-05-08T18:00:00+00:00,0.05932736597994295,0.0746
52,2018-05-08T19:00:00+00:00,0.0544192104399438,0.0739
52,2018-05-08T20:00:00+00:00,0.047161764254112434,0.0623
52,2018-05-08T21:00:00+00:00,0.03212071594760819,0.0497
52,2018-05-08T22:00:00+00:00,0.025955933697553585,0.0316
52,2018-05-08T23:00:00+00:00,0.016760595150786532,0.0252
52,2018-05-09T00:00:00+00:00,0.010697175561295551,0.0159
52,2018-05-09T01:00:00+00:00,0.009855427995298337,0.0103
52,2018-05-09T02:00:00+00:00,0.0044810399338932674,0.007
52,2018-05-09T03:00:00+00:00,0.0012719990067234128,0.0045
52,2018-05-09T04:00:00+00:00,0.006553806449176282,0.0037
52,2018-05-09T05:00:00+00:00,0.01411220961886867,0.005
52,2018-05-09T06:00:00+00:00,0.021755641624555455,0.0105
52,2018-05-09T07:00:00+00:00,0.03181235704676287,0.0191
52,2018-05-09T08:00:00+00:00,0.04177165018692966,0.0322
52,2018-05-09T09:00:00+00:00,0.04596606772263867,0.0473
53,2018-05-06T10:00:00+00:00,0.03273075139785981,0.0399
53,2018-05-06T11:00:00+00:00,0.038404745560639955,0.0491
53,2018-05-06T12:00:00+00:00,0.050334325610169574,0.0537
53,2018-05-06T13:00:00+00:00,0.05575024168948836,0.0607
53,2018-05-06T14:00:00+00:00,0.06082797658359569,0.058
53,2018-05-06T15:00:00+00:00,0.06269641990360883,0.0592
53,2018-05-06T16:00:00+00:00,0.061992335983354366,0.0614
53,2018-05-06T17:00:00+00:00,0.05623195165847203,0.0573
53,2018-05-06T18:00:00+00:00,0.05325066941399746,0.06
53,2018-05-06T19:00:00+00:00,0.052763664528737195,0.0558
53,2018-05-06T20:00:00+00:00,0.04338349058506738,0.0462
53,2018-05-06T21:00:00+00:00,0.03640761332131857,0.0364
53,2018-05-06T22:00:00+00:00,0.031005216510481146,0.0292
53,2018-05-06T23:00:00+00:00,0.019784986577522506,0.0254
53,2018-05-07T00:00:00+00:00,0.010670920295971366,0.0204
53,2018-05-07T01:00:00+00:00,0.013270854733052916,0.0146
53,2018-05-07T02:00:00+00:00,0.00855660905297968,0.0075
53,2018-05-07T03:00:00+00:00,0.003124822845901685,0.0
53,2018-05-07T04:00:00+00:00,0.003441669800403422,0.0037
53,2018-05-07T05:00:00+00:00,0.0011644923634270103,0.0024
53,2018-05-07T06:00:00+00:00,0.005106683899176817,0.0027
53,2018-05-07T07:00:00+00:00,0.014049077924801569,0.006
53,2018-05-07T08:00:00+00:00,0.023477283129709436,0.0083
53,2018-05-07T09:00:00+00:00,0.029203282874021626,0.0174
53,2018-05-07T10:00:00+00:00,0.034537512598518255,0.0218
53,2018-05-07T11:00:00+00:00,0.03785616194788129,0.032
53,2018-05-07T12:00:00+00:00,0.047026600811439945,0.0394
53,2018-05-07T13:00:00+00:00,0.052803862029227565,0.0433
53,2018-05-07T14:00:00+00:00,0.05368766606040397,0.0495
53,2018-05-07T15:00:00+00:00,0.05679622054688319,0.0528
53,2018-05-07T16:00:00+00:00,0.05822609858848836,0.0504
53,2018-05-07T17:00:00+00:00,0.05316586302714841,0.049
53,2018-05-07T18:00:00+00:00,0.049957417386423855,0.0544
53,2018-05-07T19:00:00+00:00,0.04480052610488688,0.0512
53,2018-05-07T20:00:00+00:00,0.03956677812145104,0.0397
53,2018-05-07T21:00:00+00:00,0.03315931795271116,0.0347
53,2018-05-07T22:00:00+00:00,0.024406416657151986,0.024
53,2018-05-07T23:00:00+00:00,0.01695975710813946,0.021
53,2018-05-08T00:00:00+00:00,0.008215578847728267,0.0157
53,2018-05-08T01:00:00+00:00,0.004442156241031291,0.0093
53,2018-05-08T02:00:00+00:00,0.006682421740950507,0.0059
53,2018-05-08T03:00:00+00:00,0.004361648448934604,0.0047
53,2018-05-08T04:00:00+00:00,0.0032600468615808995,0.0036
53,2018-05-08T05:00:00+00:00,0.004167388727676812,0.0048
53,2018-05-08T06:00:00+00:00,0.010766090933141702,0.0103
53,2018-05-08T07:00:00+00:00,0.02087089348996405,0.0193
53,2018-05-08T08:00:00+00:00,0.02898978809004543,0.0325
53,2018-05-08T09:00:00+00:00,0.03695780734056609,0.0464
53,2018-05-08T10:00:00+00:00,0.038657423769425145,0.0493
53,2018-05-08T11:00:00+00:00,0.0390732188191194,0.0421
53,2018-05-08T12:00:00+00:00,0.05112261227593031,0.0469
53,2018-05-08T13:00:00+00:00,0.05760250575053562,0.0534
53,2018-05-08T14:00:00+00:00,0.058739661604106375,0.0569
53,2018-05-08T15:00:00+00:00,0.05952229409299897,0.0614
53,2018-05-08T16:00:00+00:00,0.06382181623897949,0.0669
53,2018-05-08T17:00:00+00:00,0.06074749803364018,0.0782
53,2018-05-08T18:00:00+00:00,0.0560867142981656,0.0746
53,2018-05-08T19:00:00+00:00,0.05283558557495101,0.0739
53,2018-05-08T20:00:00+00:00,0.04329596572345147,0.0623
53,2018-05-08T21:00:00+00:00,0.03863022753377252,0.0497
53,2018-05-08T22:00:00+00:00,0.026112146260059376,0.0316
53,2018-05-08T23:00:00+00:00,0.019467721878146882,0.0252
53,2018-05-09T00:00:00+00:00,0.01086899820537654,0.0159
53,2018-05-09T01:00:00+00:00,0.0072364851220924654,0.0103
53,2018-05-09T02:00:00+00:00,0.005043458212513091,0.007
53,2018-05-09T03:00:00+00:00,-0.001362216619071998,0.0045
53,2018-05-09T04:00:00+00:00,0.0006583150771794256,0.0037
53,2018-05-09T05:00:00+00:00,0.009720980985084567,0.005
53,2018-05-09T06:00:00+00:00,0.016150117413149673,0.0105
53,2018-05-09T07:00:00+00:00,0.030493958924385927,0.0191
53,2018-05-09T08:00:00+00:00,0.03475400626850792,0.0322
53,2018-05-09T09:00:00+00:00,0.04538265045357043,0.0473
53,2018-05-09T10:00:00+00:00,0.041638130570335934,0.0522
53,2018-05-09T11:00:00+00:00,0.04344253777862999,0.0437
53,2018-05-09T12:00:00+00:00,0.053563276258029174,0.0468
53,2018-05-09T13:00:00+00:00,0.05940837924333704,0.0512
53,2018-05-09T14:00:00+00:00,0.06404049314811634,0.0575
53,2018-05-09T15:00:00+00:00,0.06347765294717389,0.0608
53,2018-05-09T16:00:00+00:00,0.06414159576249595,0.069
53,2018-05-09T17:00:00+00:00,0.06808327347205088,0.0718
53,2018-05-09T18:00:00+00:00,0.06451582415287566,0.0716
53,2018-05-09T19:00:00+00:00,0.06495180776796297,0.0807
53,2018-05-09T20:00:00+00:00,0.05634727013091023,0.0641
53,2018-05-09T21:00:00+00:00,0.04069766362446466,0.0485
53,2018-05-09T22:00:00+00:00,0.03430898892052266,0.0343
53,2018-05-09T23:00:00+00:00,0.02256255240115653,0.0261
53,2018-05-10T00:00:00+00:00,0.01180709862653721,0.0169
53,2018-05-10T01:00:00+00:00,0.009438806855115962,0.0113
53,2018-05-10T02:00:00+00:00,0.001975878231989671,0.0082
53,2018-05-10T03:00:00+00:00,0.0025212817618958244,0.0048
53,2018-05-10T04:00:00+00:00,0.002502554259199194,0.0033
53,2018-05-10T05:00:00+00:00,0.004337064163105992,0.0054
53,2018-05-10T06:00:00+00:00,0.016657036196548423,0.0111
53,2018-05-10T07:00:00+00:00,0.03095392057305362,0.0206
53,2018-05-10T08:00:00+00:00,0.04624003003274872,0.0342
53,2018-05-10T09:00:00+00:00,0.046936359563781546,0.0465
54,2018-05-07T10:00:00+00:00,0.0269517727264594,0.0218
54,2018-05-07T11:00:00+00:00,0.03666693315141757,0.032
54,2018-05-07T12:00:00+00:00,0.04591100894825956,0.0394
54,2018-05-07T13:00:00+00:00,0.0521605223910859,0.0433
54,2018-05-07T14:00:00+00:00,0.05371315476388456,0.0495
54,2018-05-07T15:00:00+00:00,0.05595356438578526,0.0528
54,2018-05-07T16:00:00+00:00,0.05610026803059906,0.0504
54,2018-05-07T17:00:00+00:00,0.05149124915117295,0.049
54,2018-05-07T18:00:00+00:00,0.04771946828183038,0.0544
54,2018-05-07T19:00:00+00:00,0.04405908743800889,0.0512
54,2018-05-07T20:00:00+00:00,0.03136995478168818,0.0397
54,2018-05-07T21:00:00+00:00,0.026518479388359946,0.0347
54,2018-05-07T22:00:00+00:00,0.017799333445154615,0.024
54,2018-05-07T23:00:00+00:00,0.014030161392549503,0.021
54,2018-05-08T00:00:00+00:00,0.00937798320147712,0.0157
54,2018-05-08T01:00:00+00:00,0.008620912521418049,0.0093
54,2018-05-08T02:00:00+00:00,0.007215865235117098,0.0059
54,2018-05-08T03:00:00+00:00,0.0028657082329719835,0.0047
54,2018-05-08T04:00:00+00:00,0.005084096433845418,0.0036
54,2018-05-08T05:00:00+00:00,0.004839352244577634,0.0048
54,2018-05-08T06:00:00+00:00,0.01583219580995985,0.0103
54,2018-05-08T07:00:00+00:00,0.023400453581227373,0.0193
54,2018-05-08T08:00:00+00:00,0.03260649005203374,0.0325
54,2018-05-08T09:00:00+00:00,0.03911588936926322,0.0464
54,2018-05-08T10:00:00+00:00,0.042589812921709054,0.0493
54,2018-05-08T11:00:00+00:00,0.0473717458036992,0.0421
54,2018-05-08T12:00:00+00:00,0.056643388584769395,0.0469
54,2018-05-08T13:00:00+00:00,0.062444588672555465,0.0534
54,2018-05-08T14:00:00+00:00,0.06289730505856657,0.0569
54,2018-05-08T15:00:00+00:00,0.0651580442347553,0.0614
54,2018-05-08T16:00:00+00:00,0.06447015837198602,0.0669
54,2018-05-08T17:00:00+00:00,0.0633223771775478,0.0782
54,2018-05-08T18:00:00+00:00,0.05862914510899357,0.0746
54,2018-05-08T19:00:00+00:00,0.05563453471431744,0.0739
54,2018-05-08T20:00:00+00:00,0.04741059398824689,0.0623
54,2018-05-08T21:00:00+00:00,0.03835690541768171,0.0497
54,2018-05-08T22:00:00+00:00,0.0305370769837259,0.0316
54,2018-05-08T23:00:00+00:00,0.02098049407944084,0.0252
54,2018-05-09T00:00:00+00:00,0.010934807644085297,0.0159
54,2018-05-09T01:00:00+00:00,0.005791827266848966,0.0103
54,2018-05-09T02:00:00+00:00,0.00634333196063833,0.007
54,2018-05-09T03:00:00+00:00,0.003365193246339798,0.0045
54,2018-05-09T04:00:00+00:00,0.005426340187955483,0.0037
54,2018-05-09T05:00:00+00:00,0.010752599862439323,0.005
54,2018-05-09T06:00:00+00:00,0.021464308438226744,0.0105
54,2018-05-09T07:00:00+00:00,0.03283415317558912,0.0191
54,2018-05-09T08:00:00+00:00,0.03956879060738103,0.0322
54,2018-05-09T09:00:00+00:00,0.050475464893263114,0.0473
54,2018-05-09T10:00:00+00:00,0.05146349000430275,0.0522
54,2018-05-09T11:00:00+00:00,0.0554464283750521,0.0437
54,2018-05-09T12:00:00+00:00,0.05593930048706619,0.0468
54,2018-05-09T13:00:00+00:00,0.06590886545150092,0.0512
54,2018-05-09T14:00:00+00:00,0.06651463729313337,0.0575
54,2018-05-09T15:00:00+00:00,0.0654743105238823,0.0608
54,2018-05-09T16:00:00+00:00,0.06978613943384773,0.069
54,2018-05-09T17:00:00+00:00,0.07173316056464019,0.0718
54,2018-05-09T18:00:00+00:00,0.06598569708870734,0.0716
54,2018-05-09T19:00:00+00:00,0.05893454585395064,0.0807
54,2018-05-09T20:00:00+00:00,0.0552198331118306,0.0641
54,2018-05-09T21:00:00+00:00,0.04251604439879045,0.0485
54,2018-05-09T22:00:00+00:00,0.0327697363938537,0.0343
54,2018-05-09T23:00:00+00:00,0.025136065519326525,0.0261
54,2018-05-10T00:00:00+00:00,0.012445508875166933,0.0169
54,2018-05-10T01:00:00+00:00,0.00720264152113401,0.0113
54,2018-05-10T02:00:00+00:00,0.003896656629804141,0.0082
54,2018-05-10T03:00:00+00:00,-0.0014785627438999756,0.0048
54,2018-05-10T04:00:00+00:00,0.006094569065683699,0.0033
54,2018-05-10T05:00:00+00:00,0.01566925024444909,0.0054
54,2018-05-10T06:00:00+00:00,0.018081622454963538,0.0111
54,2018-05-10T07:00:00+00:00,0.03456679181454834,0.0206
54,2018-05-10T08:00:00+00:00,0.04175426886708915,0.0342
54,2018-05-10T09:00:00+00:00,0.05126937858247519,0.0465
54,2018-05-10T10:00:00+00:00,0.053820786730643125,0.0499
54,2018-05-10T11:00:00+00:00,0.052027543754103865,0.0468
54,2018-05-10T12:00:00+00:00,0.05700505120934238,0.0459
54,2018-05-10T13:00:00+00:00,0.05935634703056929,0.0526
54,2018-05-10T14:00:00+00:00,0.06397255738799947,0.0592
54,2018-05-10T15:00:00+00:00,0.0680592071898659,0.0624
54,2018-05-10T16:00:00+00:00,0.0669502031633468,0.0648
54,2018-05-10T17:00:00+00:00,0.07065468115605644,0.0717
54,2018-05-10T18:00:00+00:00,0.06813308119336517,0.0786
54,2018-05-10T19:00:00+00:00,0.069949460969745,0.0808
54,2018-05-10T20:00:00+00:00,0.05730303071661473,0.0653
54,2018-05-10T21:00:00+00:00,0.04188108054537034,0.0535
54,2018-05-10T22:00:00+00:00,0.033160697555157194,0.0369
54,2018-05-10T23:00:00+00:00,0.02230024412866592,0.0296
54,2018-05-11T00:00:00+00:00,0.012597728841040486,0.0181
54,2018-05-11T01:00:00+00:00,0.005822968058473335,0.0132
54,2018-05-11T02:00:00+00:00,0.005628647764208825,0.009
54,2018-05-11T03:00:00+00:00,0.0014728758067836696,0.0055
54,2018-05-11T04:00:00+00:00,0.0010603235016730106,0.0046
54,2018-05-11T05:00:00+00:00,0.00982574513328386,0.0056
54,2018-05-11T06:00:00+00:00,0.019585595904851125,0.0112
54,2018-05-11T07:00:00+00:00,0.03506532019215494,0.0189
54,2018-05-11T08:00:00+00:00,0.05045917075445691,0.0341
54,2018-05-11T09:00:00+00:00,0.052227520313960885,0.0512
55,2018-05-08T10:00:00+00:00,0.04429318122171676,0.0493
55,2018-05-08T11:00:00+00:00,0.049359244324047515,0.0421
55,2018-05-08T12:00:00+00:00,0.05014684797693944,0.0469
55,2018-05-08T13:00:00+00:00,0.05737449642091601,0.0534
55,2018-05-08T14:00:00+00:00,0.05870993487888014,0.0569
55,2018-05-08T15:00:00+00:00,0.061528593221396845,0.0614
55,2018-05-08T16:00:00+00:00,0.05867713772883079,0.0669
55,2018-05-08T17:00:00+00:00,0.06547593555144175,0.0782
55,2018-05-08T18:00:00+00:00,0.05913485034353366,0.0746
55,2018-05-08T19:00:00+00:00,0.05546252617376757,0.0739
55,2018-05-08T20:00:00+00:00,0.04676122420285058,0.0623
55,2018-05-08T21:00:00+00:00,0.04100953314879396,0.0497
55,2018-05-08T22:00:00+00:00,0.03412060530309727,0.0316
55,2018-05-08T23:00:00+00:00,0.023838577616612306,0.0252
55,2018-05-09T00:00:00+00:00,0.014902473262245109,0.0159
55,2018-05-09T01:00:00+00:00,0.011068112122068971,0.0103
55,2018-05-09T02:00:00+00:00,0.00633503763616718,0.007
55,2018-05-09T03:00:00+00:00,0.004100190287262363,0.0045
55,2018-05-09T04:00:00+00:00,0.004292325775836405,0.0037
55,2018-05-09T05:00:00+00:00,0.013204960701007195,0.005
55,2018-05-09T06:00:00+00:00,0.020206020147935377,0.0105
55,2018-05-09T07:00:00+00:00,0.02960319369706718,0.0191
55,2018-05-09T08:00:00+00:00,0.04278756812319914,0.0322
55,2018-05-09T09:00:00+00:00,0.049758802674855725,0.0473
55,2018-05-09T10:00:00+00:00,0.04920832354473177,0.0522
55,2018-05-09T11:00:00+00:00,0.049372183971516354,0.0437
55,2018-05-09T12:00:00+00:00,0.061331068823949585,0.0468
55,2018-05-09T13:00:00+00:00,0.062203297144670405,0.0512
55,2018-05-09T14:00:00+00:00,0.0644400682087195,0.0575
55,2018-05-09T15:00:00+00:00,0.06807702818618618,0.0608
55,2018-05-09T16:00:00+00:00,0.06628452670679807,0.069
55,2018-05-09T17:00:00+00:00,0.06915732478497133,0.0718
55,2018-05-09T18:00:00+00:00,0.06409831530483626,0.0716
55,2018-05-09T19:00:00+00:00,0.06230849783626292,0.0807
55,2018-05-09T20:00:00+00:00,0.05342810863790794,0.0641
55,2018-05-09T21:00:00+00:00,0.04343048166156944,0.0485
55,2018-05-09T22:00:00+00:00,0.03519084521622454,0.0343
55,2018-05-09T23:00:00+00:00,0.025021629010753332,0.0261
55,2018-05-10T00:00:00+00:00,0.01610625106830434,0.0169
55,2018-05-10T01:00:00+00:00,0.008223129586323884,0.0113
55,2018-05-10T02:00:00+00:00,0.007841248109854468,0.0082
55,2018-05-10T03:00:00+00:00,0.00249834339087035,0.0048
55,2018-05-10T04:00:00+00:00,0.0038831049860950477,0.0033
55,2018-05-10T05:00:00+00:00,0.004907292182143249,0.0054
55,2018-05-10T06:00:00+00:00,0.018068923010797187,0.0111
55,2018-05-10T07:00:00+00:00,0.02736374906582517,0.0206
55,2018-05-10T08:00:00+00:00,0.041635887280363125,0.0342
55,2018-05-10T09:00:00+00:00,0.04610254497293956,0.0465
55,2018-05-10T10:00:00+00:00,0.04782503241146317,0.0499
55,2018-05-10T11:00:00+00:00,0.05361803007865035,0.0468
55,2018-05-10T12:00:00+00:00,0.052785677594867,0.0459
55,2018-05-10T13:00:00+00:00,0.05725152277366371,0.0526
55,2018-05-10T14:00:00+00:00,0.06394124532097681,0.0592
55,2018-05-10T15:00:00+00:00,0.061480045000877365,0.0624
55,2018-05-10T16:00:00+00:00,0.06407576125909477,0.0648
55,2018-05-10T17:00:00+00:00,0.06493144270536069,0.0717
55,2018-05-10T18:00:00+00:00,0.06699725376849339,0.0786
55,2018-05-10T19:00:00+00:00,0.06582269721636297,0.0808
55,2018-05-10T20:00:00+00:00,0.057357678012293065,0.0653
55,2018-05-10T21:00:00+00:00,0.04776375550463616,0.0535
55,2018-05-10T22:00:00+00:00,0.035660851540384994,0.0369
55,2018-05-10T23:00:00+00:00,0.023341365135358467,0.0296
55,2018-05-11T00:00:00+00:00,0.015199132695715958,0.0181
55,2018-05-11T01:00:00+00:00,0.009266368037345981,0.0132
55,2018-05-11T02:00:00+00:00,0.003499005284345255,0.009
55,2018-05-11T03:00:00+00:00,0.004373971922714454,0.0055
55,2018-05-11T04:00:00+00:00,0.007944892701791724,0.0046
55,2018-05-11T05:00:00+00:00,0.010138989038248267,0.0056
55,2018-05-11T06:00:00+00:00,0.018841546332511304,0.0112
55,2018-05-11T07:00:00+00:00,0.03394858109711462,0.0189
55,2018-05-11T08:00:00+00:00,0.04555744848551572,0.0341
55,2018-05-11T09:00:00+00:00,0.05081530034817519,0.0512
55,2018-05-11T10:00:00+00:00,0.04896759806115084,0.0542
55,2018-05-11T11:00:00+00:00,0.04866380772268264,0.0452
55,2018-05-11T12:00:00+00:00,0.05444001622338805,0.0463
55,2018-05-11T13:00:00+00:00,0.05645718507340463,0.0216
55,2018-05-11T14:00:00+00:00,0.06569894865236961,0.0341
55,2018-05-11T15:00:00+00:00,0.06622455107525324,0.0648
55,2018-05-11T16:00:00+00:00,0.06896338672726643,0.0724
55,2018-05-11T17:00:00+00:00,0.0671735003307889,0.0769
55,2018-05-11T18:00:00+00:00,0.06753253116265637,0.0826
55,2018-05-11T19:00:00+00:00,0.06809452334150481,0.0721
55,2018-05-11T20:00:00+00:00,0.06170822560589526,0.0679
55,2018-05-11T21:00:00+00:00,0.04847289204914036,0.0537
55,2018-05-11T22:00:00+00:00,0.03452313538650213,0.0405
55,2018-05-11T23:00:00+00:00,0.02545891390112283,0.0313
55,2018-05-12T00:00:00+00:00,0.017925523727935884,0.0213
55,2018-05-12T01:00:00+00:00,0.007046670206292894,0.0153
55,2018-05-12T02:00:00+00:00,0.004588987298031626,0.0106
55,2018-05-12T03:00:00+00:00,0.0019530630957019963,0.0063
55,2018-05-12T04:00:00+00:00,0.006723396246906314,0.0046
55,2018-05-12T05:00:00+00:00,0.008911061401029274,0.0067
55,2018-05-12T06:00:00+00:00,0.022629727343421828,0.0106
55,2018-05-12T07:00:00+00:00,0.03176942436171068,0.0157
55,2018-05-12T08:00:00+00:00,0.043455233045347604,0.0267
55,2018-05-12T09:00:00+00:00,0.05134468336216754,0.0375
56,2018-05-09T10:00:00+00:00,0.05322151917669719,0.0522
56,2018-05-09T11:00:00+00:00,0.04976162663020325,0.0437
56,2018-05-09T12:00:00+00:00,0.05045641572701359,0.0468
56,2018-05-09T13:00:00+00:00,0.05844030562747454,0.0512
56,2018-05-09T14:00:00+00:00,0.05935959290823943,0.0575
56,2018-05-09T15:00:00+00:00,0.06430686190078119,0.0608
56,2018-05-09T16:00:00+00:00,0.0656422606729823,0.069
56,2018-05-09T17:00:00+00:00,0.06538544365685901,0.0718
56,2018-05-09T18:00:00+00:00,0.0654028343759592,0.0716
56,2018-05-09T19:00:00+00:00,0.06915286326971815,0.0807
56,2018-05-09T20:00:00+00:00,0.05850615475194632,0.0641
56,2018-05-09T21:00:00+00:00,0.05286558383434528,0.0485
56,2018-05-09T22:00:00+00:00,0.03816130577974091,0.0343
56,2018-05-09T23:00:00+00:00,0.028060373629175184,0.0261
56,2018-05-10T00:00:00+00:00,0.017966377087878266,0.0169
56,2018-05-10T01:00:00+00:00,0.008935248829227686,0.0113
56,2018-05-10T02:00:00+00:00,0.0008905331864035131,0.0082
56,2018-05-10T03:00:00+00:00,-0.006111102748450642,0.0048
56,2018-05-10T04:00:00+00:00,-0.0012549794212192537,0.0033
56,2018-05-10T05:00:00+00:00,0.004246503340619063,0.0054
56,2018-05-10T06:00:00+00:00,0.013177099206642891,0.0111
56,2018-05-10T07:00:00+00:00,0.0199339408228444,0.0206
56,2018-05-10T08:00:00+00:00,0.03261313924497339,0.0342
56,2018-05-10T09:00:00+00:00,0.042109753044977265,0.0465
56,2018-05-10T10:00:00+00:00,0.0435900957117109,0.0499
56,2018-05-10T11:00:00+00:00,0.04605506409057286,0.0468
56,2018-05-10T12:00:00+00:00,0.049537393714243615,0.0459
56,2018-05-10T13:00:00+00:00,0.05412657597833291,0.0526
56,2018-05-10T14:00:00+00:00,0.05832663724728822,0.0592
56,2018-05-10T15:00:00+00:00,0.06100570614019354,0.0624
56,2018-05-10T16:00:00+00:00,0.06206721884072409,0.0648
56,2018-05-10T17:00:00+00:00,0.062482250461661296,0.0717
56,2018-05-10T18:00:00+00:00,0.06326653722025452,0.0786
56,2018-05-10T19:00:00+00:00,0.06215523768565337,0.0808
56,2018-05-10T20:00:00+00:00,0.05663636838216361,0.0653
56,2018-05-10T21:00:00+00:00,0.046090602691357146,0.0535
56,2018-05-10T22:00:00+00:00,0.04200450535708644,0.0369
56,2018-05-10T23:00:00+00:00,0.028418029036045355,0.0296
56,2018-05-11T00:00:00+00:00,0.01892050115803929,0.0181
56,2018-05-11T01:00:00+00:00,0.011600350422274381,0.0132
56,2018-05-11T02:00:00+00:00,0.004943842769884528,0.009
56,2018-05-11T03:00:00+00:00,0.003168105392285757,0.0055
56,2018-05-11T04:00:00+00:00,0.002833483393399866,0.0046
56,2018-05-11T05:00:00+00:00,0.0051087496475782125,0.0056
56,2018-05-11T06:00:00+00:00,0.015414204466591105,0.0112
56,2018-05-11T07:00:00+00:00,0.022019698159343314,0.0189
56,2018-05-11T08:00:00+00:00,0.0329059259223727,0.0341
56,2018-05-11T09:00:00+00:00,0.039256948236468525,0.0512
56,2018-05-11T10:00:00+00:00,0.04379500583852859,0.0542
56,2018-05-11T11:00:00+00:00,0.04974551003296844,0.0452
56,2018-05-11T12:00:00+00:00,0.052618412547360174,0.0463
56,2018-05-11T13:00:00+00:00,0.05760130264529881,0.0216
56,2018-05-11T14:00:00+00:00,0.0616625493813838,0.0341
56,2018-05-11T15:00:00+00:00,0.06191084022463092,0.0648
56,2018-05-11T16:00:00+00:00,0.061504495608346324,0.0724
56,2018-05-11T17:00:00+00:00,0.06143188319436622,0.0769
56,2018-05-11T18:00:00+00:00,0.06510128941618817,0.0826
56,2018-05-11T19:00:00+00:00,0.06250825299133678,0.0721
56,2018-05-11T20:00:00+00:00,0.057387425624763,0.0679
56,2018-05-11T21:00:00+00:00,0.048160930620938805,0.0537
56,2018-05-11T22:00:00+00:00,0.042398808477381075,0.0405
56,2018-05-11T23:00:00+00:00,0.02928004923859151,0.0313
56,2018-05-12T00:00:00+00:00,0.020890710262419357,0.0213
56,2018-05-12T01:00:00+00:00,0.014970321295938463,0.0153
56,2018-05-12T02:00:00+00:00,0.007829024894844352,0.0106
56,2018-05-12T03:00:00+00:00,0.0009688102208736116,0.0063
56,2018-05-12T04:00:00+00:00,0.006579098812566145,0.0046
56,2018-05-12T05:00:00+00:00,0.005663993157988923,0.0067
56,2018-05-12T06:00:00+00:00,0.013217353102691235,0.0106
56,2018-05-12T07:00:00+00:00,0.02749313144162408,0.0157
56,2018-05-12T08:00:00+00:00,0.03890595063852603,0.0267
56,2018-05-12T09:00:00+00:00,0.04786458031867464,0.0375
56,2018-05-12T10:00:00+00:00,0.053302087541800595,0.0392
56,2018-05-12T11:00:00+00:00,0.057976755028159015,0.0454
56,2018-05-12T12:00:00+00:00,0.06422901514353122,0.0518
56,2018-05-12T13:00:00+00:00,0.06350680945064727,0.0601
56,2018-05-12T14:00:00+00:00,0.06790876055098202,0.0646
56,2018-05-12T15:00:00+00:00,0.06587935595360911,0.0661
56,2018-05-12T16:00:00+00:00,0.06511261030227067,0.0698
56,2018-05-12T17:00:00+00:00,0.06258711904607905,0.0796
56,2018-05-12T18:00:00+00:00,0.06604218455055516,0.073
56,2018-05-12T19:00:00+00:00,0.06405277693613318,0.0724
56,2018-05-12T20:00:00+00:00,0.05850997085136934,0.0595
56,2018-05-12T21:00:00+00:00,0.05007313480521662,0.0479
56,2018-05-12T22:00:00+00:00,0.04164833921069169,0.0362
56,2018-05-12T23:00:00+00:00,0.025084329905419228,0.029
56,2018-05-13T00:00:00+00:00,0.0241229485624365,0.0258
56,2018-05-13T01:00:00+00:00,0.013168456065202044,0.0178
56,2018-05-13T02:00:00+00:00,0.007019742371721743,0.0124
56,2018-05-13T03:00:00+00:00,0.004614991916431475,0.0083
56,2018-05-13T04:00:00+00:00,0.0031407431030457574,0.0057
56,2018-05-13T05:00:00+00:00,0.005841131605590209,0.0053
56,2018-05-13T06:00:00+00:00,0.007145316480814023,0.0055
56,2018-05-13T07:00:00+00:00,0.01582232449858975,0.0088
56,2018-05-13T08:00:00+00:00,0.02640646632223642,0.0153
56,2018-05-13T09:00:00+00:00,0.03430591536261299,0.026
57,2018-05-10T10:00:00+00:00,0.044163152907906594,0.0499
57,2018-05-10T11:00:00+00:00,0.04432553347347541,0.0468
57,2018-05-10T12:00:00+00:00,0.044788969192950626,0.0459
57,2018-05-10T13:00:00+00:00,0.052852322523323544,0.0526
57,2018-05-10T14:00:00+00:00,0.05379644473684137,0.0592
57,2018-05-10T15:00:00+00:00,0.05736561934234577,0.0624
57,2018-05-10T16:00:00+00:00,0.061383341240019824,0.0648
57,2018-05-10T17:00:00+00:00,0.06386648152089615,0.0717
57,2018-05-10T18:00:00+00:00,0.06334704292362683,0.0786
57,2018-05-10T19:00:00+00:00,0.06374792134823654,0.0808
57,2018-05-10T20:00:00+00:00,0.06082994207322736,0.0653
57,2018-05-10T21:00:00+00:00,0.05542908778533679,0.0535
57,2018-05-10T22:00:00+00:00,0.041974070554298956,0.0369
57,2018-05-10T23:00:00+00:00,0.03407132550686737,0.0296
57,2018-05-11T00:00:00+00:00,0.026077109997485956,0.0181
57,2018-05-11T01:00:00+00:00,0.010653479447486326,0.0132
57,2018-05-11T02:00:00+00:00,0.004589300606687045,0.009
57,2018-05-11T03:00:00+00:00,0.007264463585021457,0.0055
57,2018-05-11T04:00:00+00:00,0.0067584701065183835,0.0046
57,2018-05-11T05:00:00+00:00,0.008991408361349516,0.0056
57,2018-05-11T06:00:00+00:00,0.017006115301157566,0.0112
57,2018-05-11T07:00:00+00:00,0.02335908952817666,0.0189
57,2018-05-11T08:00:00+00:00,0.031760482271594455,0.0341
57,2018-05-11T09:00:00+00:00,0.04379352388858846,0.0512
57,2018-05-11T10:00:00+00:00,0.050438811958027734,0.0542
57,2018-05-11T11:00:00+00:00,0.051545599847990814,0.0452
57,2018-05-11T12:00:00+00:00,0.05343425784245165,0.0463
57,2018-05-11T13:00:00+00:00,0.05138545526185951,0.0216
57,2018-05-11T14:00:00+00:00,0.060788831800187536,0.0341
57,2018-05-11T15:00:00+00:00,0.06567856270252362,0.0648
57,2018-05-11T16:00:00+00:00,0.06471313758916161,0.0724
57,2018-05-11T17:00:00+00:00,0.06275172723618791,0.0769
57,2018-05-11T18:00:00+00:00,0.06389834292242798,0.0826
57,2018-05-11T19:00:00+00:00,0.06316862408798707,0.0721
57,2018-05-11T20:00:00+00:00,0.06258699998879,0.0679
57,2018-05-11T21:00:00+00:00,0.0550887134395374,0.0537
57,2018-05-11T22:00:00+00:00,0.04920775123425454,0.0405
57,2018-05-11T23:00:00+00:00,0.0371087307307873,0.0313
57,2018-05-12T00:00:00+00:00,0.026050616617583653,0.0213
57,2018-05-12T01:00:00+00:00,0.018781946671352967,0.0153
57,2018-05-12T02:00:00+00:00,0.007955202645279408,0.0106
57,2018-05-12T03:00:00+00:00,0.008020648645947877,0.0063
57,2018-05-12T04:00:00+00:00,0.004375323327381497,0.0046
57,2018-05-12T05:00:00+00:00,0.00540469055986597,0.0067
57,2018-05-12T06:00:00+00:00,0.016572374976043053,0.0106
57,2018-05-12T07:00:00+00:00,0.0251956557812252,0.0157
57,2018-05-12T08:00:00+00:00,0.0301144241297456,0.0267
57,2018-05-12T09:00:00+00:00,0.04413605484229933,0.0375
57,2018-05-12T10:00:00+00:00,0.0480737409995842,0.0392
57,2018-05-12T11:00:00+00:00,0.05830348582637706,0.0454
57,2018-05-12T12:00:00+00:00,0.05765356252902284,0.0518
57,2018-05-12T13:00:00+00:00,0.0625321104010848,0.0601
57,2018-05-12T14:00:00+00:00,0.06871386353664133,0.0646
57,2018-05-12T15:00:00+00:00,0.0639078361746872,0.0661
57,2018-05-12T16:00:00+00:00,0.06557578075375095,0.0698
57,2018-05-12T17:00:00+00:00,0.06409295981555295,0.0796
57,2018-05-12T18:00:00+00:00,0.06344336235920037,0.073
57,2018-05-12T19:00:00+00:00,0.05904137366182696,0.0724
57,2018-05-12T20:00:00+00:00,0.05715759910494195,0.0595
57,2018-05-12T21:00:00+00:00,0.050705830303971494,0.0479
57,2018-05-12T22:00:00+00:00,0.044679592096981365,0.0362
57,2018-05-12T23:00:00+00:00,0.03394881921169274,0.029
57,2018-05-13T00:00:00+00:00,0.027053770881412424,0.0258
57,2018-05-13T01:00:00+00:00,0.016314985649442528,0.0178
57,2018-05-13T02:00:00+00:00,0.007270040479087931,0.0124
57,2018-05-13T03:00:00+00:00,0.004856500671650946,0.0083
57,2018-05-13T04:00:00+00:00,0.005302096596286551,0.0057
57,2018-05-13T05:00:00+00:00,0.0035318337652601485,0.0053
57,2018-05-13T06:00:00+00:00,0.005069703034215424,0.0055
57,2018-05-13T07:00:00+00:00,0.012149018628370013,0.0088
57,2018-05-13T08:00:00+00:00,0.022524462423554957,0.0153
57,2018-05-13T09:00:00+00:00,0.030873197120165785,0.026
57,2018-05-13T10:00:00+00:00,0.04048521320267319,0.0331
57,2018-05-13T11:00:00+00:00,0.048625939149864225,0.0406
57,2018-05-13T12:00:00+00:00,0.05444825832974996,0.0471
57,2018-05-13T13:00:00+00:00,0.05391920742293235,0.0514
57,2018-05-13T14:00:00+00:00,0.06407266994702795,0.0566
57,2018-05-13T15:00:00+00:00,0.0611428622259145,0.0557
57,2018-05-13T16:00:00+00:00,0.061851911043995185,0.056
57,2018-05-13T17:00:00+00:00,0.05787810039874041,0.0574
57,2018-05-13T18:00:00+00:00,0.05699501071129836,0.0615
57,2018-05-13T19:00:00+00:00,0.05608121259817643,0.0585
57,2018-05-13T20:00:00+00:00,0.04578592673375628,0.0534
57,2018-05-13T21:00:00+00:00,0.03957054826893793,0.0427
57,2018-05-13T22:00:00+00:00,0.03132809831186736,0.0319
57,2018-05-13T23:00:00+00:00,0.024084557808525718,0.0276
57,2018-05-14T00:00:00+00:00,0.015286587585065486,0.0229
57,2018-05-14T01:00:00+00:00,0.01307071838578163,0.0181
57,2018-05-14T02:00:00+00:00,0.004520500114681213,0.009
57,2018-05-14T03:00:00+00:00,0.002908082184255336,0.0057
57,2018-05-14T04:00:00+00:00,0.0012896090418823766,0.0042
57,2018-05-14T05:00:00+00:00,0.0063940816966432355,0.0035
57,2018-05-14T06:00:00+00:00,0.005345763467954602,0.0024
57,2018-05-14T07:00:00+00:00,0.00564364062773285,0.0036
57,2018-05-14T08:00:00+00:00,0.010984861834875174,0.0072
57,2018-05-14T09:00:00+00:00,0.022190155822048856,0.0129
58,2018-05-11T10:00:00+00:00,0.04578646875773016,0.0542
58,2018-05-11T11:00:00+00:00,0.05032262875370057,0.0452
58,2018-05-11T12:00:00+00:00,0.05467094558967618,0.0463
58,2018-05-11T13:00:00+00:00,0.05817396402822649,0.0216
58,2018-05-11T14:00:00+00:00,0.06317744059355057,0.0341
58,2018-05-11T15:00:00+00:00,0.06453787272731974,0.0648
58,2018-05-11T16:00:00+00:00,0.06301975861345085,0.0724
58,2018-05-11T17:00:00+00:00,0.06603441031845202,0.0769
58,2018-05-11T18:00:00+00:00,0.06349102704931157,0.0826
58,2018-05-11T19:00:00+00:00,0.0638392111355284,0.0721
58,2018-05-11T20:00:00+00:00,0.061808102139070016,0.0679
58,2018-05-11T21:00:00+00:00,0.05110901050283635,0.0537
58,2018-05-11T22:00:00+00:00,0.04464624770114722,0.0405
58,2018-05-11T23:00:00+00:00,0.03607772907148372,0.0313
58,2018-05-12T00:00:00+00:00,0.027168921211538886,0.0213
58,2018-05-12T01:00:00+00:00,0.014458163991821095,0.0153
58,2018-05-12T02:00:00+00:00,0.012488808131345959,0.0106
58,2018-05-12T03:00:00+00:00,0.003021907218769368,0.0063
58,2018-05-12T04:00:00+00:00,0.0010016282581666591,0.0046
58,2018-05-12T05:00:00+00:00,0.0037149292547631434,0.0067
58,2018-05-12T06:00:00+00:00,0.00910847091863622,0.0106
58,2018-05-12T07:00:00+00:00,0.01966755536038459,0.0157
58,2018-05-12T08:00:00+00:00,0.02442650026414549,0.0267
58,2018-05-12T09:00:00+00:00,0.040127130651669465,0.0375
58,2018-05-12T10:00:00+00:00,0.04637021917833534,0.0392
58,2018-05-12T11:00:00+00:00,0.048906527938036404,0.0454
58,2018-05-12T12:00:00+00:00,0.05288307898966392,0.0518
58,2018-05-12T13:00:00+00:00,0.06214879605969794,0.0601
58,2018-05-12T14:00:00+00:00,0.06551740926252186,0.0646
58,2018-05-12T15:00:00+00:00,0.061290376295783655,0.0661
58,2018-05-12T16:00:00+00:00,0.06197528154887768,0.0698
58,2018-05-12T17:00:00+00:00,0.06662861898197511,0.0796
58,2018-05-12T18:00:00+00:00,0.06307358504045199,0.073
58,2018-05-12T19:00:00+00:00,0.05961251654213804,0.0724
58,2018-05-12T20:00:00+00:00,0.05988021163477751,0.0595
58,2018-05-12T21:00:00+00:00,0.04888692525982897,0.0479
58,2018-05-12T22:00:00+00:00,0.04467472014738959,0.0362
58,2018-05-12T23:00:00+00:00,0.037138949350602544,0.029
58,2018-05-13T00:00:00+00:00,0.02265834495600788,0.0258
58,2018-05-13T01:00:00+00:00,0.014893030139370753,0.0178
58,2018-05-13T02:00:00+00:00,0.014288975229170001,0.0124
58,2018-05-13T03:00:00+00:00,0.008982518750433061,0.0083
58,2018-05-13T04:00:00+00:00,-0.00017266093724445722,0.0057
58,2018-05-13T05:00:00+00:00,0.0022885936896886,0.0053
58,2018-05-13T06:00:00+00:00,0.00035627926718156955,0.0055
58,2018-05-13T07:00:00+00:00,0.00507585641620787,0.0088
58,2018-05-13T08:00:00+00:00,0.010667599224223917,0.0153
58,2018-05-13T09:00:00+00:00,0.025684106585930226,0.026
58,2018-05-13T10:00:00+00:00,0.02643583744213876,0.0331
58,2018-05-13T11:00:00+00:00,0.041415758707789505,0.0406
58,2018-05-13T12:00:00+00:00,0.04142332197873134,0.0471
58,2018-05-13T13:00:00+00:00,0.05735832969429634,0.0514
58,2018-05-13T14:00:00+00:00,0.058871130093369285,0.0566
58,2018-05-13T15:00:00+00:00,0.058825704515782146,0.0557
58,2018-05-13T16:00:00+00:00,0.05927331605943428,0.056
58,2018-05-13T17:00:00+00:00,0.05866855933784539,0.0574
58,2018-05-13T18:00:00+00:00,0.05472082015017028,0.0615
58,2018-05-13T19:00:00+00:00,0.05428110398463473,0.0585
58,2018-05-13T20:00:00+00:00,0.04602786263310932,0.0534
58,2018-05-13T21:00:00+00:00,0.0445861749439192,0.0427
58,2018-05-13T22:00:00+00:00,0.037805709855099026,0.0319
58,2018-05-13T23:00:00+00:00,0.027937148812817458,0.0276
58,2018-05-14T00:00:00+00:00,0.02602891842665255,0.0229
58,2018-05-14T01:00:00+00:00,0.016474637296622643,0.0181
58,2018-05-14T02:00:00+00:00,0.007246130851230655,0.009
58,2018-05-14T03:00:00+00:00,0.009265582676983061,0.0057
58,2018-05-14T04:00:00+00:00,0.004867366215820911,0.0042
58,2018-05-14T05:00:00+00:00,-0.00037996683091393035,0.0035
58,2018-05-14T06:00:00+00:00,-0.002283367041974446,0.0024
58,2018-05-14T07:00:00+00:00,0.00464163150703964,0.0036
58,2018-05-14T08:00:00+00:00,0.018972544858791084,0.0072
58,2018-05-14T09:00:00+00:00,0.014962816509278973,0.0129
58,2018-05-14T10:00:00+00:00,0.026556863353916525,0.018
58,2018-05-14T11:00:00+00:00,0.03206562949763117,0.0248
58,2018-05-14T12:00:00+00:00,0.04166730378360426,0.0355
58,2018-05-14T13:00:00+00:00,0.04786465342402757,0.0418
58,2018-05-14T14:00:00+00:00,0.05515420539214199,0.0496
58,2018-05-14T15:00:00+00:00,0.05503395335274311,0.0525
58,2018-05-14T16:00:00+00:00,0.05240210007420957,0.052
58,2018-05-14T17:00:00+00:00,0.05678925256238666,0.0486
58,2018-05-14T18:00:00+00:00,0.0559020731526292,0.0437
58,2018-05-14T19:00:00+00:00,0.050317707719086106,0.0338
58,2018-05-14T20:00:00+00:00,0.045324856494629494,0.0447
58,2018-05-14T21:00:00+00:00,0.03604779817345037,0.0361
58,2018-05-14T22:00:00+00:00,0.03051504407471459,0.0273
58,2018-05-14T23:00:00+00:00,0.02105683329987717,0.0213
58,2018-05-15T00:00:00+00:00,0.016725102501938385,0.0132
58,2018-05-15T01:00:00+00:00,0.007500900917471871,0.0093
58,2018-05-15T02:00:00+00:00,0.007997712363646773,0.006
58,2018-05-15T03:00:00+00:00,0.008892106227376372,0.0046
58,2018-05-15T04:00:00+00:00,0.009661876351601793,0.0035
58,2018-05-15T05:00:00+00:00,0.00603784348925775,0.005
58,2018-05-15T06:00:00+00:00,0.011882476511582491,0.0095
58,2018-05-15T07:00:00+00:00,0.021960284916834952,0.0174
58,2018-05-15T08:00:00+00:00,0.029954623660954163,0.0305
58,2018-05-15T09:00:00+00:00,0.035736481638897886,0.0461
59,2018-05-12T10:00:00+00:00,0.043100103950602306,0.0392
59,2018-05-12T11:00:00+00:00,0.04511266507465984,0.0454
59,2018-05-12T12:00:00+00:00,0.04802330248351034,0.0518
59,2018-05-12T13:00:00+00:00,0.05903680771035531,0.0601
59,2018-05-12T14:00:00+00:00,0.060040260139587825,0.0646
59,2018-05-12T15:00:00+00:00,0.06374216900132303,0.0661
59,2018-05-12T16:00:00+00:00,0.06535461826261445,0.0698
59,2018-05-12T17:00:00+00:00,0.06321460317753211,0.0796
59,2018-05-12T18:00:00+00:00,0.06324117592896045,0.073
59,2018-05-12T19:00:00+00:00,0.060720841733237066,0.0724
59,2018-05-12T20:00:00+00:00,0.05409912178522065,0.0595
59,2018-05-12T21:00:00+00:00,0.04667857337955082,0.0479
59,2018-05-12T22:00:00+00:00,0.04037073439743151,0.0362
59,2018-05-12T23:00:00+00:00,0.0319204156354739,0.029
59,2018-05-13T00:00:00+00:00,0.02417375469399938,0.0258
59,2018-05-13T01:00:00+00:00,0.02084392596962988,0.0178
59,2018-05-13T02:00:00+00:00,0.017085857575772846,0.0124
59,2018-05-13T03:00:00+00:00,0.0038965104190982792,0.0083
59,2018-05-13T04:00:00+00:00,0.0016408760852685382,0.0057
59,2018-05-13T05:00:00+00:00,0.00017307516401135828,0.0053
59,2018-05-13T06:00:00+00:00,-0.0019140951945234921,0.0055
59,2018-05-13T07:00:00+00:00,0.011253937574322859,0.0088
59,2018-05-13T08:00:00+00:00,0.018154327817178087,0.0153
59,2018-05-13T09:00:00+00:00,0.02538341017043429,0.026
59,2018-05-13T10:00:00+00:00,0.03225485800406402,0.0331
59,2018-05-13T11:00:00+00:00,0.03929560843582297,0.0406
59,2018-05-13T12:00:00+00:00,0.04267139431813165,0.0471
59,2018-05-13T13:00:00+00:00,0.0532268746659805,0.0514
59,2018-05-13T14:00:00+00:00,0.0549999155004183,0.0566
59,2018-05-13T15:00:00+00:00,0.05849513881962176,0.0557
59,2018-05-13T16:00:00+00:00,0.06572189120084382,0.056
59,2018-05-13T17:00:00+00:00,0.0595593814829032,0.0574
59,2018-05-13T18:00:00+00:00,0.05812679645451521,0.0615
59,2018-05-13T19:00:00+00:00,0.054790959514496945,0.0585
59,2018-05-13T20:00:00+00:00,0.05237193471686574,0.0534
59,2018-05-13T21:00:00+00:00,0.042202057952312695,0.0427
59,2018-05-13T22:00:00+00:00,0.03835723752485645,0.0319
59,2018-05-13T23:00:00+00:00,0.02981490418825077,0.0276
59,2018-05-14T00:00:00+00:00,0.01827526913561889,0.0229
59,2018-05-14T01:00:00+00:00,0.013715957718737327,0.0181
59,2018-05-14T02:00:00+00:00,0.012310920876058222,0.009
59,2018-05-14T03:00:00+00:00,0.0074066869160627526,0.0057
59,2018-05-14T04:00:00+00:00,0.0018562235677604538,0.0042
59,2018-05-14T05:00:00+00:00,0.00452192462470119,0.0035
59,2018-05-14T06:00:00+00:00,0.004256355853469836,0.0024
59,2018-05-14T07:00:00+00:00,0.007289375800576075,0.0036
59,2018-05-14T08:00:00+00:00,0.01693825995692892,0.0072
59,2018-05-14T09:00:00+00:00,0.020927268160695928,0.0129
59,2018-05-14T10:00:00+00:00,0.028911390953924084,0.018
59,2018-05-14T11:00:00+00:00,0.02932827945082575,0.0248
59,2018-05-14T12:00:00+00:00,0.037734202376310366,0.0355
59,2018-05-14T13:00:00+00:00,0.047357383734934755,0.0418
59,2018-05-14T14:00:00+00:00,0.05290527377481387,0.0496
59,2018-05-14T15:00:00+00:00,0.05398174174182979,0.0525
59,2018-05-14T16:00:00+00:00,0.05839444141776982,0.052
59,2018-05-14T17:00:00+00:00,0.05681578353932762,0.0486
59,2018-05-14T18:00:00+00:00,0.049927358554022874,0.0437
59,2018-05-14T19:00:00+00:00,0.04930403725023817,0.0338
59,2018-05-14T20:00:00+00:00,0.049489068987231655,0.0447
59,2018-05-14T21:00:00+00:00,0.042431999351974066,0.0361
59,2018-05-14T22:00:00+00:00,0.03657604648792901,0.0273
59,2018-05-14T23:00:00+00:00,0.027647435954418362,0.0213
59,2018-05-15T00:00:00+00:00,0.015411828542620838,0.0132
59,2018-05-15T01:00:00+00:00,0.014194764360847434,0.0093
59,2018-05-15T02:00:00+00:00,0.01298408332074712,0.006
59,2018-05-15T03:00:00+00:00,0.003624011260409038,0.0046
59,2018-05-15T04:00:00+00:00,0.004284227791455989,0.0035
59,2018-05-15T05:00:00+00:00,0.005285503769895519,0.005
59,2018-05-15T06:00:00+00:00,0.00765857036522536,0.0095
59,2018-05-15T07:00:00+00:00,0.020648573845526853,0.0174
59,2018-05-15T08:00:00+00:00,0.028237844183951206,0.0305
59,2018-05-15T09:00:00+00:00,0.0372697995774521,0.0461
59,2018-05-15T10:00:00+00:00,0.04248531821895342,0.0508
59,2018-05-15T11:00:00+00:00,0.04161734462977319,0.0461
59,2018-05-15T12:00:00+00:00,0.04474728869815794,0.0428
59,2018-05-15T13:00:00+00:00,0.05402187866931345,0.0499
59,2018-05-15T14:00:00+00:00,0.062062279007590294,0.0548
59,2018-05-15T15:00:00+00:00,0.06372675003802764,0.061
59,2018-05-15T16:00:00+00:00,0.0581682242136592,0.0688
59,2018-05-15T17:00:00+00:00,0.062039461782578256,0.0744
59,2018-05-15T18:00:00+00:00,0.062172960511928284,0.0743
59,2018-05-15T19:00:00+00:00,0.05816927275329267,0.0786
59,2018-05-15T20:00:00+00:00,0.05847674969027298,0.066
59,2018-05-15T21:00:00+00:00,0.041432526987027575,0.0506
59,2018-05-15T22:00:00+00:00,0.03711127009743948,0.0317
59,2018-05-15T23:00:00+00:00,0.02716705545849586,0.0254
59,2018-05-16T00:00:00+00:00,0.018467093404261885,0.0168
59,2018-05-16T01:00:00+00:00,0.012034357059746006,0.0103
59,2018-05-16T02:00:00+00:00,0.008484055123281913,0.0073
59,2018-05-16T03:00:00+00:00,0.0074356533456184995,0.0043
59,2018-05-16T04:00:00+00:00,0.007447534009832019,0.0035
59,2018-05-16T05:00:00+00:00,0.005408784459630122,0.0058
59,2018-05-16T06:00:00+00:00,0.007257205267837567,0.0103
59,2018-05-16T07:00:00+00:00,0.022470232872750517,0.0173
59,2018-05-16T08:00:00+00:00,0.035854702393847464,0.0308
59,2018-05-16T09:00:00+00:00,0.04211052169554523,0.0455
60,2018-05-13T10:00:00+00:00,0.026464056630551333,0.0331
60,2018-05-13T11:00:00+00:00,0.03600450674998773,0.0406
60,2018-05-13T12:00:00+00:00,0.04086270104743144,0.0471
60,2018-05-13T13:00:00+00:00,0.050826303748153535,0.0514
60,2018-05-13T14:00:00+00:00,0.059244284879423084,0.0566
60,2018-05-13T15:00:00+00:00,0.060616493241187286,0.0557
60,2018-05-13T16:00:00+00:00,0.06354511874430763,0.056
60,2018-05-13T17:00:00+00:00,0.06361008224964675,0.0574
60,2018-05-13T18:00:00+00:00,0.05989728486777352,0.0615
60,2018-05-13T19:00:00+00:00,0.059425128724055795,0.0585
60,2018-05-13T20:00:00+00:00,0.04934014293968875,0.0534
60,2018-05-13T21:00:00+00:00,0.04421714329977073,0.0427
60,2018-05-13T22:00:00+00:00,0.03560545178175256,0.0319
60,2018-05-13T23:00:00+00:00,0.02885374007260246,0.0276
60,2018-05-14T00:00:00+00:00,0.01801617645429507,0.0229
60,2018-05-14T01:00:00+00:00,0.01784308595452181,0.0181
60,2018-05-14T02:00:00+00:00,0.009041431221273846,0.009
60,2018-05-14T03:00:00+00:00,0.00390660104652717,0.0057
60,2018-05-14T04:00:00+00:00,0.001374202378845741,0.0042
60,2018-05-14T05:00:00+00:00,0.003424360541553661,0.0035
60,2018-05-14T06:00:00+00:00,0.0022448202930777095,0.0024
60,2018-05-14T07:00:00+00:00,0.012095267395446179,0.0036
60,2018-05-14T08:00:00+00:00,0.013376708151010885,0.0072
60,2018-05-14T09:00:00+00:00,0.027979982805643185,0.0129
60,2018-05-14T10:00:00+00:00,0.026223388586890564,0.018
60,2018-05-14T11:00:00+00:00,0.03185347045288925,0.0248
60,2018-05-14T12:00:00+00:00,0.04047773661379269,0.0355
60,2018-05-14T13:00:00+00:00,0.04612580083006919,0.0418
60,2018-05-14T14:00:00+00:00,0.04981011845516476,0.0496
60,2018-05-14T15:00:00+00:00,0.059233862144819446,0.0525
60,2018-05-14T16:00:00+00:00,0.06829579282174654,0.052
60,2018-05-14T17:00:00+00:00,0.05872839084740874,0.0486
60,2018-05-14T18:00:00+00:00,0.055499578055357525,0.0437
60,2018-05-14T19:00:00+00:00,0.05804152428213177,0.0338
60,2018-05-14T20:00:00+00:00,0.04988616473200827,0.0447
60,2018-05-14T21:00:00+00:00,0.04098117244930535,0.0361
60,2018-05-14T22:00:00+00:00,0.03644608188021211,0.0273
60,2018-05-14T23:00:00+00:00,0.02501726827645098,0.0213
60,2018-05-15T00:00:00+00:00,0.017405437626112026,0.0132
60,2018-05-15T01:00:00+00:00,0.010536606964117241,0.0093
60,2018-05-15T02:00:00+00:00,0.008923409939501553,0.006
60,2018-05-15T03:00:00+00:00,0.005399970042790976,0.0046
60,2018-05-15T04:00:00+00:00,0.0007835194820583063,0.0035
60,2018-05-15T05:00:00+00:00,0.004641821580957262,0.005
60,2018-05-15T06:00:00+00:00,0.010483143975156397,0.0095
60,2018-05-15T07:00:00+00:00,0.013299786698656575,0.0174
60,2018-05-15T08:00:00+00:00,0.02332018703679536,0.0305
60,2018-05-15T09:00:00+00:00,0.031391841479993625,0.0461
60,2018-05-15T10:00:00+00:00,0.032628336542395074,0.0508
60,2018-05-15T11:00:00+00:00,0.04057269942288826,0.0461
60,2018-05-15T12:00:00+00:00,0.04483716650777605,0.0428
60,2018-05-15T13:00:00+00:00,0.05061509193991316,0.0499
60,2018-05-15T14:00:00+00:00,0.05983327382074688,0.0548
60,2018-05-15T15:00:00+00:00,0.06223335597707139,0.061
60,2018-05-15T16:00:00+00:00,0.06322257166100162,0.0688
60,2018-05-15T17:00:00+00:00,0.0665000579970345,0.0744
60,2018-05-15T18:00:00+00:00,0.06608552558122159,0.0743
60,2018-05-15T19:00:00+00:00,0.060062887290682244,0.0786
60,2018-05-15T20:00:00+00:00,0.0512223969052328,0.066
60,2018-05-15T21:00:00+00:00,0.044387271988388086,0.0506
60,2018-05-15T22:00:00+00:00,0.03763617279765932,0.0317
60,2018-05-15T23:00:00+00:00,0.025204343830239992,0.0254
60,2018-05-16T00:00:00+00:00,0.018736988968024587,0.0168
60,2018-05-16T01:00:00+00:00,0.014849714173396773,0.0103
60,2018-05-16T02:00:00+00:00,0.008190474469531663,0.0073
60,2018-05-16T03:00:00+00:00,0.004708113514995366,0.0043
60,2018-05-16T04:00:00+00:00,2.159460656459694e-05,0.0035
60,2018-05-16T05:00:00+00:00,0.0015716536709400736,0.0058
60,2018-05-16T06:00:00+00:00,0.00836909382271089,0.0103
60,2018-05-16T07:00:00+00:00,0.016390760392118005,0.0173
60,2018-05-16T08:00:00+00:00,0.030533647298311237,0.0308
60,2018-05-16T09:00:00+00:00,0.039315306150989215,0.0455
60,2018-05-16T10:00:00+00:00,0.04476254787403907,0.0545
60,2018-05-16T11:00:00+00:00,0.042703367466417244,0.045
60,2018-05-16T12:00:00+00:00,0.047019829167034136,0.0471
60,2018-05-16T13:00:00+00:00,0.04571987186993412,0.0498
60,2018-05-16T14:00:00+00:00,0.05567526066207328,0.0564
60,2018-05-16T15:00:00+00:00,0.05975579259026154,0.0596
60,2018-05-16T16:00:00+00:00,0.06736200770513318,0.0687
60,2018-05-16T17:00:00+00:00,0.06945378161217834,0.0792
60,2018-05-16T18:00:00+00:00,0.0685266929458935,0.0777
60,2018-05-16T19:00:00+00:00,0.06839034937395225,0.0823
60,2018-05-16T20:00:00+00:00,0.06301901293885097,0.0663
60,2018-05-16T21:00:00+00:00,0.04660224930236617,0.0546
60,2018-05-16T22:00:00+00:00,0.03828536660802751,0.0393
60,2018-05-16T23:00:00+00:00,0.026407286146551436,0.0293
60,2018-05-17T00:00:00+00:00,0.018700012280511935,0.0187
60,2018-05-17T01:00:00+00:00,0.013694403127606624,0.0114
60,2018-05-17T02:00:00+00:00,0.007037920539909204,0.0085
60,2018-05-17T03:00:00+00:00,0.000379794126133013,0.0044
60,2018-05-17T04:00:00+00:00,0.001733659310484574,0.0034
60,2018-05-17T05:00:00+00:00,0.004939863749960697,0.0055
60,2018-05-17T06:00:00+00:00,0.009398237561687825,0.0102
60,2018-05-17T07:00:00+00:00,0.019249405273963766,0.0195
60,2018-05-17T08:00:00+00:00,0.032498280552987015,0.0333
60,2018-05-17T09:00:00+00:00,0.03742418241741023,0.0467
61,2018-05-14T10:00:00+00:00,0.01924727686383128,0.018
61,2018-05-14T11:00:00+00:00,0.028658759741437206,0.0248
61,2018-05-14T12:00:00+00:00,0.03902979737256476,0.0355
61,2018-05-14T13:00:00+00:00,0.04902958722298785,0.0418
61,2018-05-14T14:00:00+00:00,0.056822043446262904,0.0496
61,2018-05-14T15:00:00+00:00,0.05191080286037006,0.0525
61,2018-05-14T16:00:00+00:00,0.056452497975919544,0.052
61,2018-05-14T17:00:00+00:00,0.05217319050438671,0.0486
61,2018-05-14T18:00:00+00:00,0.04678720584528237,0.0437
61,2018-05-14T19:00:00+00:00,0.04826959232881152,0.0338
61,2018-05-14T20:00:00+00:00,0.04257983404103393,0.0447
61,2018-05-14T21:00:00+00:00,0.03041924838677669,0.0361
61,2018-05-14T22:00:00+00:00,0.022233002347220802,0.0273
61,2018-05-14T23:00:00+00:00,0.019296194788564168,0.0213
61,2018-05-15T00:00:00+00:00,0.011021500149039975,0.0132
61,2018-05-15T01:00:00+00:00,0.014289497410262367,0.0093
61,2018-05-15T02:00:00+00:00,0.010144622327872714,0.006
61,2018-05-15T03:00:00+00:00,-0.0005825563849571509,0.0046
61,2018-05-15T04:00:00+00:00,0.0035388811212827276,0.0035
61,2018-05-15T05:00:00+00:00,0.002431642066855831,0.005
61,2018-05-15T06:00:00+00:00,0.006502200336179893,0.0095
61,2018-05-15T07:00:00+00:00,0.015622205905475611,0.0174
61,2018-05-15T08:00:00+00:00,0.020826215153520084,0.0305
61,2018-05-15T09:00:00+00:00,0.02992773603432712,0.0461
61,2018-05-15T10:00:00+00:00,0.038232113535865794,0.0508
61,2018-05-15T11:00:00+00:00,0.04456787249663175,0.0461
61,2018-05-15T12:00:00+00:00,0.046077749725949635,0.0428
61,2018-05-15T13:00:00+00:00,0.05396874152135423,0.0499
61,2018-05-15T14:00:00+00:00,0.05596534687995342,0.0548
61,2018-05-15T15:00:00+00:00,0.06099775645524335,0.061
61,2018-05-15T16:00:00+00:00,0.06585220671425479,0.0688
61,2018-05-15T17:00:00+00:00,0.06300294855972541,0.0744
61,2018-05-15T18:00:00+00:00,0.06587409236819805,0.0743
61,2018-05-15T19:00:00+00:00,0.06325684553918019,0.0786
61,2018-05-15T20:00:00+00:00,0.05982323123397848,0.066
61,2018-05-15T21:00:00+00:00,0.04953028578521433,0.0506
61,2018-05-15T22:00:00+00:00,0.03987756046474604,0.0317
61,2018-05-15T23:00:00+00:00,0.029757711781928244,0.0254
61,2018-05-16T00:00:00+00:00,0.018620291937502535,0.0168
61,2018-05-16T01:00:00+00:00,0.010150635765332407,0.0103
61,2018-05-16T02:00:00+00:00,0.006760456483393747,0.0073
61,2018-05-16T03:00:00+00:00,-7.706002285400373e-05,0.0043
61,2018-05-16T04:00:00+00:00,0.0030974250483474033,0.0035
61,2018-05-16T05:00:00+00:00,0.004196046026025885,0.0058
61,2018-05-16T06:00:00+00:00,0.012358223172491328,0.0103
61,2018-05-16T07:00:00+00:00,0.023643835400025168,0.0173
61,2018-05-16T08:00:00+00:00,0.028581030474933,0.0308
61,2018-05-16T09:00:00+00:00,0.037095735209941576,0.0455
61,2018-05-16T10:00:00+00:00,0.04601936779109869,0.0545
61,2018-05-16T11:00:00+00:00,0.04880391726466203,0.045
61,2018-05-16T12:00:00+00:00,0.050954956636966406,0.0471
61,2018-05-16T13:00:00+00:00,0.05726277473184202,0.0498
61,2018-05-16T14:00:00+00:00,0.060029029068653206,0.0564
61,2018-05-16T15:00:00+00:00,0.06809121062465484,0.0596
61,2018-05-16T16:00:00+00:00,0.06558816688926189,0.0687
61,2018-05-16T17:00:00+00:00,0.07366236487656107,0.0792
61,2018-05-16T18:00:00+00:00,0.07587723566559632,0.0777
61,2018-05-16T19:00:00+00:00,0.06968855005385755,0.0823
61,2018-05-16T20:00:00+00:00,0.06273133084272009,0.0663
61,2018-05-16T21:00:00+00:00,0.0570225484533854,0.0546
61,2018-05-16T22:00:00+00:00,0.04626566181384861,0.0393
61,2018-05-16T23:00:00+00:00,0.03436848623418689,0.0293
61,2018-05-17T00:00:00+00:00,0.022868906126607164,0.0187
61,2018-05-17T01:00:00+00:00,0.014747951522116403,0.0114
61,2018-05-17T02:00:00+00:00,0.0066940977101758135,0.0085
61,2018-05-17T03:00:00+00:00,-0.0021715659813744265,0.0044
61,2018-05-17T04:00:00+00:00,-0.00043260268502446145,0.0034
61,2018-05-17T05:00:00+00:00,0.007191888768080003,0.0055
61,2018-05-17T06:00:00+00:00,0.009920617082869364,0.0102
61,2018-05-17T07:00:00+00:00,0.020662757328357713,0.0195
61,2018-05-17T08:00:00+00:00,0.03952686259875055,0.0333
61,2018-05-17T09:00:00+00:00,0.04571624897751528,0.0467
61,2018-05-17T10:00:00+00:00,0.05185334831913916,0.0539
61,2018-05-17T11:00:00+00:00,0.04913160052119256,0.0479
61,2018-05-17T12:00:00+00:00,0.04981713865777053,0.0463
61,2018-05-17T13:00:00+00:00,0.049984142614731164,0.0545
61,2018-05-17T14:00:00+00:00,0.06261140882177157,0.0571
61,2018-05-17T15:00:00+00:00,0.06095737096955973,0.061
61,2018-05-17T16:00:00+00:00,0.0670426542813881,0.0706
61,2018-05-17T17:00:00+00:00,0.0668820439097224,0.0767
61,2018-05-17T18:00:00+00:00,0.06805265277279451,0.0776
61,2018-05-17T19:00:00+00:00,0.06968797356593158,0.0835
61,2018-05-17T20:00:00+00:00,0.0706557171633437,0.0677
61,2018-05-17T21:00:00+00:00,0.056003583068260865,0.0539
61,2018-05-17T22:00:00+00:00,0.04571412787791808,0.042
61,2018-05-17T23:00:00+00:00,0.034677528147901024,0.0307
61,2018-05-18T00:00:00+00:00,0.025498928638230868,0.019
61,2018-05-18T01:00:00+00:00,0.011320260839226506,0.0108
61,2018-05-18T02:00:00+00:00,0.007076307116371246,0.0091
61,2018-05-18T03:00:00+00:00,0.005076228209145637,0.0043
61,2018-05-18T04:00:00+00:00,-0.000467806045547442,0.004
61,2018-05-18T05:00:00+00:00,0.0032623841441503307,0.0055
61,2018-05-18T06:00:00+00:00,0.011624592157306404,0.0115
61,2018-05-18T07:00:00+00:00,0.026336463247174872,0.0187
61,2018-05-18T08:00:00+00:00,0.04072645355681119,0.0322
61,2018-05-18T09:00:00+00:00,0.049477441058666846,0.0492
62,2018-05-15T10:00:00+00:00,0.040995267161350504,0.0508
62,2018-05-15T11:00:00+00:00,0.04803363540296608,0.0461
62,2018-05-15T12:00:00+00:00,0.050064942828239575,0.0428
62,2018-05-15T13:00:00+00:00,0.05761495872522637,0.0499
62,2018-05-15T14:00:00+00:00,0.06135069865557382,0.0548
62,2018-05-15T15:00:00+00:00,0.06571295981543998,0.061
62,2018-05-15T16:00:00+00:00,0.06750135068526898,0.0688
62,2018-05-15T17:00:00+00:00,0.06753497497016864,0.0744
62,2018-05-15T18:00:00+00:00,0.059058377966918776,0.0743
62,2018-05-15T19:00:00+00:00,0.05992112556772661,0.0786
62,2018-05-15T20:00:00+00:00,0.05536906829058019,0.066
62,2018-05-15T21:00:00+00:00,0.04881582717101672,0.0506
62,2018-05-15T22:00:00+00:00,0.03859568838759903,0.0317
62,2018-05-15T23:00:00+00:00,0.02753638787895353,0.0254
62,2018-05-16T00:00:00+00:00,0.01957892660793942,0.0168
62,2018-05-16T01:00:00+00:00,0.009872735165423734,0.0103
62,2018-05-16T02:00:00+00:00,0.007229794937937066,0.0073
62,2018-05-16T03:00:00+00:00,-0.00027514210970792236,0.0043
62,2018-05-16T04:00:00+00:00,0.0014403272149342804,0.0035
62,2018-05-16T05:00:00+00:00,0.0024728484212166515,0.0058
62,2018-05-16T06:00:00+00:00,0.008030394633855804,0.0103
62,2018-05-16T07:00:00+00:00,0.019243874331833423,0.0173
62,2018-05-16T08:00:00+00:00,0.03176999693327846,0.0308
62,2018-05-16T09:00:00+00:00,0.04116183875236666,0.0455
62,2018-05-16T10:00:00+00:00,0.047498197177026656,0.0545
62,2018-05-16T11:00:00+00:00,0.04982130357416325,0.045
62,2018-05-16T12:00:00+00:00,0.059571055363404145,0.0471
62,2018-05-16T13:00:00+00:00,0.06088443898075109,0.0498
62,2018-05-16T14:00:00+00:00,0.062204011488404765,0.0564
62,2018-05-16T15:00:00+00:00,0.0676232152198811,0.0596
62,2018-05-16T16:00:00+00:00,0.06789055940682649,0.0687
62,2018-05-16T17:00:00+00:00,0.07347592116189382,0.0792
62,2018-05-16T18:00:00+00:00,0.06645812894404185,0.0777
62,2018-05-16T19:00:00+00:00,0.06676120285005133,0.0823
62,2018-05-16T20:00:00+00:00,0.05707062671092176,0.0663
62,2018-05-16T21:00:00+00:00,0.04981004117236309,0.0546
62,2018-05-16T22:00:00+00:00,0.042386810844602864,0.0393
62,2018-05-16T23:00:00+00:00,0.029127824050907032,0.0293
62,2018-05-17T00:00:00+00:00,0.018942009797233865,0.0187
62,2018-05-17T01:00:00+00:00,0.008894871698441546,0.0114
62,2018-05-17T02:00:00+00:00,0.002990639014958465,0.0085
62,2018-05-17T03:00:00+00:00,0.002938809408454545,0.0044
62,2018-05-17T04:00:00+00:00,0.0013383494250438603,0.0034
62,2018-05-17T05:00:00+00:00,0.00012037247072100091,0.0055
62,2018-05-17T06:00:00+00:00,0.009327200045882299,0.0102
62,2018-05-17T07:00:00+00:00,0.019238692206672778,0.0195
62,2018-05-17T08:00:00+00:00,0.030250951770521905,0.0333
62,2018-05-17T09:00:00+00:00,0.03948325003391611,0.0467
62,2018-05-17T10:00:00+00:00,0.04603005161624851,0.0539
62,2018-05-17T11:00:00+00:00,0.047901245786256236,0.0479
62,2018-05-17T12:00:00+00:00,0.048733280783935434,0.0463
62,2018-05-17T13:00:00+00:00,0.053075630134387486,0.0545
62,2018-05-17T14:00:00+00:00,0.061393302366537804,0.0571
62,2018-05-17T15:00:00+00:00,0.05971751880491545,0.061
62,2018-05-17T16:00:00+00:00,0.06812143028883227,0.0706
62,2018-05-17T17:00:00+00:00,0.06884376130517839,0.0767
62,2018-05-17T18:00:00+00:00,0.06433193494811226,0.0776
62,2018-05-17T19:00:00+00:00,0.06634913930644312,0.0835
62,2018-05-17T20:00:00+00:00,0.05922469473356186,0.0677
62,2018-05-17T21:00:00+00:00,0.053432977454413166,0.0539
62,2018-05-17T22:00:00+00:00,0.04445225220352216,0.042
62,2018-05-17T23:00:00+00:00,0.027552339989144234,0.0307
62,2018-05-18T00:00:00+00:00,0.01704534989971361,0.019
62,2018-05-18T01:00:00+00:00,0.009342357918631514,0.0108
62,2018-05-18T02:00:00+00:00,0.005603033737266068,0.0091
62,2018-05-18T03:00:00+00:00,0.0027036357542476637,0.0043
62,2018-05-18T04:00:00+00:00,0.0003452549799595299,0.004
62,2018-05-18T05:00:00+00:00,0.004424034468401807,0.0055
62,2018-05-18T06:00:00+00:00,0.01345351890097362,0.0115
62,2018-05-18T07:00:00+00:00,0.025487058939820288,0.0187
62,2018-05-18T08:00:00+00:00,0.035295774373649016,0.0322
62,2018-05-18T09:00:00+00:00,0.041535496920993495,0.0492
62,2018-05-18T10:00:00+00:00,0.04569948174263939,0.0563
62,2018-05-18T11:00:00+00:00,0.048316181325872454,0.0459
62,2018-05-18T12:00:00+00:00,0.04991774206702585,0.0497
62,2018-05-18T13:00:00+00:00,0.05104512060182313,0.054
62,2018-05-18T14:00:00+00:00,0.05663036121087703,0.0594
62,2018-05-18T15:00:00+00:00,0.06341168476541305,0.0643
62,2018-05-18T16:00:00+00:00,0.07024838249170798,0.074
62,2018-05-18T17:00:00+00:00,0.06827886162200765,0.0873
62,2018-05-18T18:00:00+00:00,0.06746224976507259,0.0802
62,2018-05-18T19:00:00+00:00,0.06697090659929694,0.0832
62,2018-05-18T20:00:00+00:00,0.06681444443422901,0.071
62,2018-05-18T21:00:00+00:00,0.04937195838928445,0.0545
62,2018-05-18T22:00:00+00:00,0.04165532077189664,0.0403
62,2018-05-18T23:00:00+00:00,0.030939055904987772,0.0308
62,2018-05-19T00:00:00+00:00,0.01902999313384887,0.0222
62,2018-05-19T01:00:00+00:00,0.015997783611797982,0.0142
62,2018-05-19T02:00:00+00:00,0.009717837454908524,0.0093
62,2018-05-19T03:00:00+00:00,0.004817596091545279,0.0053
62,2018-05-19T04:00:00+00:00,0.007437760868507292,0.0051
62,2018-05-19T05:00:00+00:00,0.00586264755532007,0.0043
62,2018-05-19T06:00:00+00:00,0.014176497421874271,0.0099
62,2018-05-19T07:00:00+00:00,0.019976383702031947,0.0182
62,2018-05-19T08:00:00+00:00,0.030303384757278055,0.0303
62,2018-05-19T09:00:00+00:00,0.04014328902339165,0.0357
63,2018-05-16T10:00:00+00:00,0.05456533341938288,0.0545
63,2018-05-16T11:00:00+00:00,0.0498842263957934,0.045
63,2018-05-16T12:00:00+00:00,0.047301284775819644,0.0471
63,2018-05-16T13:00:00+00:00,0.05432627473784879,0.0498
63,2018-05-16T14:00:00+00:00,0.06042048943508099,0.0564
63,2018-05-16T15:00:00+00:00,0.06307432653760317,0.0596
63,2018-05-16T16:00:00+00:00,0.06250395230786004,0.0687
63,2018-05-16T17:00:00+00:00,0.06560557849560575,0.0792
63,2018-05-16T18:00:00+00:00,0.07112768532186818,0.0777
63,2018-05-16T19:00:00+00:00,0.07127193262682349,0.0823
63,2018-05-16T20:00:00+00:00,0.06031480415943477,0.0663
63,2018-05-16T21:00:00+00:00,0.047681190319035546,0.0546
63,2018-05-16T22:00:00+00:00,0.046296397392945304,0.0393
63,2018-05-16T23:00:00+00:00,0.02784611280553648,0.0293
63,2018-05-17T00:00:00+00:00,0.020729571443488182,0.0187
63,2018-05-17T01:00:00+00:00,0.010451424606881692,0.0114
63,2018-05-17T02:00:00+00:00,0.007362205441890608,0.0085
63,2018-05-17T03:00:00+00:00,-0.001927404546205727,0.0044
63,2018-05-17T04:00:00+00:00,0.0043388374900956705,0.0034
63,2018-05-17T05:00:00+00:00,0.0021768364923003374,0.0055
63,2018-05-17T06:00:00+00:00,0.012312116670759744,0.0102
63,2018-05-17T07:00:00+00:00,0.019034681275696137,0.0195
63,2018-05-17T08:00:00+00:00,0.03488688830198787,0.0333
63,2018-05-17T09:00:00+00:00,0.04194872701716204,0.0467
63,2018-05-17T10:00:00+00:00,0.05015090219094057,0.0539
63,2018-05-17T11:00:00+00:00,0.049313967045890604,0.0479
63,2018-05-17T12:00:00+00:00,0.05145653037470369,0.0463
63,2018-05-17T13:00:00+00:00,0.05588824997475207,0.0545
63,2018-05-17T14:00:00+00:00,0.05740770296094177,0.0571
63,2018-05-17T15:00:00+00:00,0.06100883087185025,0.061
63,2018-05-17T16:00:00+00:00,0.06593116467286933,0.0706
63,2018-05-17T17:00:00+00:00,0.06456891534889875,0.0767
63,2018-05-17T18:00:00+00:00,0.06588160342103065,0.0776
63,2018-05-17T19:00:00+00:00,0.06850867560948248,0.0835
63,2018-05-17T20:00:00+00:00,0.06025828745544576,0.0677
63,2018-05-17T21:00:00+00:00,0.04931500305317786,0.0539
63,2018-05-17T22:00:00+00:00,0.04438516550986148,0.042
63,2018-05-17T23:00:00+00:00,0.033861736115280976,0.0307
63,2018-05-18T00:00:00+00:00,0.019666258262551153,0.019
63,2018-05-18T01:00:00+00:00,0.01114654163341804,0.0108
63,2018-05-18T02:00:00+00:00,0.010135461182788238,0.0091
63,2018-05-18T03:00:00+00:00,0.007054536342268304,0.0043
63,2018-05-18T04:00:00+00:00,0.0019685384545553644,0.004
63,2018-05-18T05:00:00+00:00,0.0007348981561858849,0.0055
63,2018-05-18T06:00:00+00:00,0.008021550974875485,0.0115
63,2018-05-18T07:00:00+00:00,0.01797578887988708,0.0187
63,2018-05-18T08:00:00+00:00,0.03153520995417047,0.0322
63,2018-05-18T09:00:00+00:00,0.03929234271527131,0.0492
63,2018-05-18T10:00:00+00:00,0.04594124427786976,0.0563
63,2018-05-18T11:00:00+00:00,0.0473343618149345,0.0459
63,2018-05-18T12:00:00+00:00,0.05391142901338046,0.0497
63,2018-05-18T13:00:00+00:00,0.05948108564991378,0.054
63,2018-05-18T14:00:00+00:00,0.060178796872117,0.0594
63,2018-05-18T15:00:00+00:00,0.06676526750767431,0.0643
63,2018-05-18T16:00:00+00:00,0.07148080506377005,0.074
63,2018-05-18T17:00:00+00:00,0.0705014690461074,0.0873
63,2018-05-18T18:00:00+00:00,0.07054392445764116,0.0802
63,2018-05-18T19:00:00+00:00,0.0684054842707334,0.0832
63,2018-05-18T20:00:00+00:00,0.060421055479385116,0.071
63,2018-05-18T21:00:00+00:00,0.058641224202022196,0.0545
63,2018-05-18T22:00:00+00:00,0.04489394743539779,0.0403
63,2018-05-18T23:00:00+00:00,0.03340919022139652,0.0308
63,2018-05-19T00:00:00+00:00,0.024401220955282937,0.0222
63,2018-05-19T01:00:00+00:00,0.01734010546092169,0.0142
63,2018-05-19T02:00:00+00:00,0.009091913600559463,0.0093
63,2018-05-19T03:00:00+00:00,0.0050322125205078845,0.0053
63,2018-05-19T04:00:00+00:00,0.0027268101511268815,0.0051
63,2018-05-19T05:00:00+00:00,0.0033769464983667875,0.0043
63,2018-05-19T06:00:00+00:00,0.007798199500599779,0.0099
63,2018-05-19T07:00:00+00:00,0.01740503032485998,0.0182
63,2018-05-19T08:00:00+00:00,0.031690929838815614,0.0303
63,2018-05-19T09:00:00+00:00,0.04043951400219365,0.0357
63,2018-05-19T10:00:00+00:00,0.046531038422437984,0.0499
63,2018-05-19T11:00:00+00:00,0.04668300669702501,0.0471
63,2018-05-19T12:00:00+00:00,0.05576960625311768,0.0508
63,2018-05-19T13:00:00+00:00,0.06308987500180946,0.0594
63,2018-05-19T14:00:00+00:00,0.06204702087607135,0.0649
63,2018-05-19T15:00:00+00:00,0.06646818824060519,0.0651
63,2018-05-19T16:00:00+00:00,0.06726919732650033,0.0781
63,2018-05-19T17:00:00+00:00,0.06697536811455013,0.0818
63,2018-05-19T18:00:00+00:00,0.06811552755376417,0.0748
63,2018-05-19T19:00:00+00:00,0.06807128837161888,0.0839
63,2018-05-19T20:00:00+00:00,0.061132978382198194,0.0699
63,2018-05-19T21:00:00+00:00,0.05786200051130057,0.0552
63,2018-05-19T22:00:00+00:00,0.045431460808998285,0.0448
63,2018-05-19T23:00:00+00:00,0.02974426248571325,0.0341
63,2018-05-20T00:00:00+00:00,0.025323607903012118,0.0272
63,2018-05-20T01:00:00+00:00,0.012223249803736454,0.0191
63,2018-05-20T02:00:00+00:00,0.010853182384450946,0.012
63,2018-05-20T03:00:00+00:00,0.006883413420851085,0.0083
63,2018-05-20T04:00:00+00:00,0.00164626499414176,0.0061
63,2018-05-20T05:00:00+00:00,0.001985267048030419,0.0049
63,2018-05-20T06:00:00+00:00,0.002753086303694762,0.0065
63,2018-05-20T07:00:00+00:00,0.007754309135424194,0.0085
63,2018-05-20T08:00:00+00:00,0.014730922152332147,0.0165
63,2018-05-20T09:00:00+00:00,0.024692594871736855,0.0258
64,2018-05-17T10:00:00+00:00,0.049479669727569064,0.0539
64,2018-05-17T11:00:00+00:00,0.053219557864514266,0.0479
64,2018-05-17T12:00:00+00:00,0.05269815795506201,0.0463
64,2018-05-17T13:00:00+00:00,0.05568089812914647,0.0545
64,2018-05-17T14:00:00+00:00,0.05723999092641989,0.0571
64,2018-05-17T15:00:00+00:00,0.057124012417080934,0.061
64,2018-05-17T16:00:00+00:00,0.056953092101927554,0.0706
64,2018-05-17T17:00:00+00:00,0.06601831878590966,0.0767
64,2018-05-17T18:00:00+00:00,0.06754347190090362,0.0776
64,2018-05-17T19:00:00+00:00,0.07060111790832588,0.0835
64,2018-05-17T20:00:00+00:00,0.0613123789182916,0.0677
64,2018-05-17T21:00:00+00:00,0.05424483119723458,0.0539
64,2018-05-17T22:00:00+00:00,0.04835518198729912,0.042
64,2018-05-17T23:00:00+00:00,0.036354040152147236,0.0307
64,2018-05-18T00:00:00+00:00,0.028796565420437074,0.019
64,2018-05-18T01:00:00+00:00,0.014115506670285872,0.0108
64,2018-05-18T02:00:00+00:00,0.0009704394258817951,0.0091
64,2018-05-18T03:00:00+00:00,0.0001251159637640567,0.0043
64,2018-05-18T04:00:00+00:00,-0.0006785207373878853,0.004
64,2018-05-18T05:00:00+00:00,0.0011710196270815904,0.0055
64,2018-05-18T06:00:00+00:00,0.011971297426669646,0.0115
64,2018-05-18T07:00:00+00:00,0.020885780350726323,0.0187
64,2018-05-18T08:00:00+00:00,0.029557734177709037,0.0322
64,2018-05-18T09:00:00+00:00,0.041660245983959836,0.0492
64,2018-05-18T10:00:00+00:00,0.051889257668499014,0.0563
64,2018-05-18T11:00:00+00:00,0.051786937327812,0.0459
64,2018-05-18T12:00:00+00:00,0.05292206920746874,0.0497
64,2018-05-18T13:00:00+00:00,0.05605843923637614,0.054
64,2018-05-18T14:00:00+00:00,0.061549856435478015,0.0594
64,2018-05-18T15:00:00+00:00,0.062811042830832,0.0643
64,2018-05-18T16:00:00+00:00,0.06522191742597355,0.074
64,2018-05-18T17:00:00+00:00,0.06634387989848081,0.0873
64,2018-05-18T18:00:00+00:00,0.06648912143623598,0.0802
64,2018-05-18T19:00:00+00:00,0.06785801708115022,0.0832
64,2018-05-18T20:00:00+00:00,0.06602191556927388,0.071
64,2018-05-18T21:00:00+00:00,0.05661979435429191,0.0545
64,2018-05-18T22:00:00+00:00,0.04994582496617332,0.0403
64,2018-05-18T23:00:00+00:00,0.03659624601912502,0.0308
64,2018-05-19T00:00:00+00:00,0.028211894394566058,0.0222
64,2018-05-19T01:00:00+00:00,0.019093425604225174,0.0142
64,2018-05-19T02:00:00+00:00,0.009533743555156921,0.0093
64,2018-05-19T03:00:00+00:00,0.005813512403252764,0.0053
64,2018-05-19T04:00:00+00:00,0.00344929364435197,0.0051
64,2018-05-19T05:00:00+00:00,0.0039027222853730698,0.0043
64,2018-05-19T06:00:00+00:00,0.007588155289281931,0.0099
64,2018-05-19T07:00:00+00:00,0.012292388669090142,0.0182
64,2018-05-19T08:00:00+00:00,0.02394160499049839,0.0303
64,2018-05-19T09:00:00+00:00,0.03981880987004389,0.0357
64,2018-05-19T10:00:00+00:00,0.04698672497450247,0.0499
64,2018-05-19T11:00:00+00:00,0.053993204661169414,0.0471
64,2018-05-19T12:00:00+00:00,0.05509641247756324,0.0508
64,2018-05-19T13:00:00+00:00,0.06120253499242576,0.0594
64,2018-05-19T14:00:00+00:00,0.06378192578097144,0.0649
64,2018-05-19T15:00:00+00:00,0.06220680202416237,0.0651
64,2018-05-19T16:00:00+00:00,0.06266542950013906,0.0781
64,2018-05-19T17:00:00+00:00,0.06298818963333076,0.0818
64,2018-05-19T18:00:00+00:00,0.06579124520480756,0.0748
64,2018-05-19T19:00:00+00:00,0.06416078696200261,0.0839
64,2018-05-19T20:00:00+00:00,0.06059940538712069,0.0699
64,2018-05-19T21:00:00+00:00,0.0553976274188839,0.0552
64,2018-05-19T22:00:00+00:00,0.04430451672886985,0.0448
64,2018-05-19T23:00:00+00:00,0.036603451596018584,0.0341
64,2018-05-20T00:00:00+00:00,0.02875888378844973,0.0272
64,2018-05-20T01:00:00+00:00,0.020536625529858785,0.0191
64,2018-05-20T02:00:00+00:00,0.011127550951450852,0.012
64,2018-05-20T03:00:00+00:00,0.010428049692462998,0.0083
64,2018-05-20T04:00:00+00:00,0.0013805124151658951,0.0061
64,2018-05-20T05:00:00+00:00,0.003854834101754332,0.0049
64,2018-05-20T06:00:00+00:00,0.0016911370597709925,0.0065
64,2018-05-20T07:00:00+00:00,0.004297094333571897,0.0085
64,2018-05-20T08:00:00+00:00,0.017133638190086557,0.0165
64,2018-05-20T09:00:00+00:00,0.024062058591798923,0.0258
64,2018-05-20T10:00:00+00:00,0.03295498353054779,0.0349
64,2018-05-20T11:00:00+00:00,0.04287463555417814,0.0414
64,2018-05-20T12:00:00+00:00,0.04970596212575698,0.0486
64,2018-05-20T13:00:00+00:00,0.053072735162411414,0.059
64,2018-05-20T14:00:00+00:00,0.055909763835757575,0.0591
64,2018-05-20T15:00:00+00:00,0.057250428282094104,0.0595
64,2018-05-20T16:00:00+00:00,0.0563797309963361,0.0602
64,2018-05-20T17:00:00+00:00,0.056264951414785214,0.062
64,2018-05-20T18:00:00+00:00,0.058158666210944523,0.063
64,2018-05-20T19:00:00+00:00,0.05561126005866848,0.0659
64,2018-05-20T20:00:00+00:00,0.048406090466356105,0.0504
64,2018-05-20T21:00:00+00:00,0.04102937811902825,0.0422
64,2018-05-20T22:00:00+00:00,0.03394220944342557,0.0305
64,2018-05-20T23:00:00+00:00,0.025299390710491438,0.0284
64,2018-05-21T00:00:00+00:00,0.024576888418747025,0.0234
64,2018-05-21T01:00:00+00:00,0.014782778912252874,0.0171
64,2018-05-21T02:00:00+00:00,0.00721206584548904,0.012
64,2018-05-21T03:00:00+00:00,0.00790434429560729,0.0073
64,2018-05-21T04:00:00+00:00,0.002727152701923471,0.0059
64,2018-05-21T05:00:00+00:00,0.00360721165030543,0.0048
64,2018-05-21T06:00:00+00:00,0.004120605479249521,0.0043
64,2018-05-21T07:00:00+00:00,0.0069730593820641895,0.0052
64,2018-05-21T08:00:00+00:00,0.01319196883542912,0.0086
64,2018-05-21T09:00:00+00:00,0.0191093145305037,0.0149
65,2018-05-18T10:00:00+00:00,0.052616478388594054,0.0563
65,2018-05-18T11:00:00+00:00,0.055652182346515054,0.0459
65,2018-05-18T12:00:00+00:00,0.058010492104174624,0.0497
65,2018-05-18T13:00:00+00:00,0.05689985678392298,0.054
65,2018-05-18T14:00:00+00:00,0.061712400965909825,0.0594
65,2018-05-18T15:00:00+00:00,0.06484131842626698,0.0643
65,2018-05-18T16:00:00+00:00,0.06943225104137789,0.074
65,2018-05-18T17:00:00+00:00,0.07278124485619943,0.0873
65,2018-05-18T18:00:00+00:00,0.07601459018013237,0.0802
65,2018-05-18T19:00:00+00:00,0.07077969130956897,0.0832
65,2018-05-18T20:00:00+00:00,0.07046620720130206,0.071
65,2018-05-18T21:00:00+00:00,0.05778218617569454,0.0545
65,2018-05-18T22:00:00+00:00,0.04653214962380253,0.0403
65,2018-05-18T23:00:00+00:00,0.04147479650209245,0.0308
65,2018-05-19T00:00:00+00:00,0.029525320830762578,0.0222
65,2018-05-19T01:00:00+00:00,0.01653427455481963,0.0142
65,2018-05-19T02:00:00+00:00,0.015936097314994555,0.0093
65,2018-05-19T03:00:00+00:00,0.0035617714516477,0.0053
65,2018-05-19T04:00:00+00:00,0.0031247476518243868,0.0051
65,2018-05-19T05:00:00+00:00,0.007722332854052043,0.0043
65,2018-05-19T06:00:00+00:00,0.009259926411390548,0.0099
65,2018-05-19T07:00:00+00:00,0.01763680562451775,0.0182
65,2018-05-19T08:00:00+00:00,0.030082676041510815,0.0303
65,2018-05-19T09:00:00+00:00,0.04427670327516604,0.0357
65,2018-05-19T10:00:00+00:00,0.05015360708899903,0.0499
65,2018-05-19T11:00:00+00:00,0.05281424090061944,0.0471
65,2018-05-19T12:00:00+00:00,0.05812618028082622,0.0508
65,2018-05-19T13:00:00+00:00,0.06062379959903168,0.0594
65,2018-05-19T14:00:00+00:00,0.06748915671240005,0.0649
65,2018-05-19T15:00:00+00:00,0.06892193390343002,0.0651
65,2018-05-19T16:00:00+00:00,0.06973034542849056,0.0781
65,2018-05-19T17:00:00+00:00,0.07314071432018449,0.0818
65,2018-05-19T18:00:00+00:00,0.06963665778562254,0.0748
65,2018-05-19T19:00:00+00:00,0.06802114227695674,0.0839
65,2018-05-19T20:00:00+00:00,0.06552322844861519,0.0699
65,2018-05-19T21:00:00+00:00,0.06038503333890931,0.0552
65,2018-05-19T22:00:00+00:00,0.05108789767690979,0.0448
65,2018-05-19T23:00:00+00:00,0.04106693338319124,0.0341
65,2018-05-20T00:00:00+00:00,0.03343107613643033,0.0272
65,2018-05-20T01:00:00+00:00,0.022813888082353254,0.0191
65,2018-05-20T02:00:00+00:00,0.016275817890066307,0.012
65,2018-05-20T03:00:00+00:00,0.01147987906681671,0.0083
65,2018-05-20T04:00:00+00:00,0.0001195912878068188,0.0061
65,2018-05-20T05:00:00+00:00,0.0032171319306858563,0.0049
65,2018-05-20T06:00:00+00:00,0.003201633595864419,0.0065
65,2018-05-20T07:00:00+00:00,0.010493374547118042,0.0085
65,2018-05-20T08:00:00+00:00,0.016319503560253683,0.0165
65,2018-05-20T09:00:00+00:00,0.02528920295737937,0.0258
65,2018-05-20T10:00:00+00:00,0.03116903672932162,0.0349
65,2018-05-20T11:00:00+00:00,0.04291766014310258,0.0414
65,2018-05-20T12:00:00+00:00,0.04326198948849556,0.0486
65,2018-05-20T13:00:00+00:00,0.05679272402228871,0.059
65,2018-05-20T14:00:00+00:00,0.06151376536709802,0.0591
65,2018-05-20T15:00:00+00:00,0.06227186161082249,0.0595
65,2018-05-20T16:00:00+00:00,0.060676243290500226,0.0602
65,2018-05-20T17:00:00+00:00,0.05967362426229113,0.062
65,2018-05-20T18:00:00+00:00,0.05558413379528224,0.063
65,2018-05-20T19:00:00+00:00,0.054616402730216326,0.0659
65,2018-05-20T20:00:00+00:00,0.04806681478957505,0.0504
65,2018-05-20T21:00:00+00:00,0.04908507836331144,0.0422
65,2018-05-20T22:00:00+00:00,0.043467178460016576,0.0305
65,2018-05-20T23:00:00+00:00,0.028263094250672586,0.0284
65,2018-05-21T00:00:00+00:00,0.0262617892622421,0.0234
65,2018-05-21T01:00:00+00:00,0.020454281749041337,0.0171
65,2018-05-21T02:00:00+00:00,0.007584113607627015,0.012
65,2018-05-21T03:00:00+00:00,0.007759430687578124,0.0073
65,2018-05-21T04:00:00+00:00,0.0027484973762550435,0.0059
65,2018-05-21T05:00:00+00:00,0.0018654724392684514,0.0048
65,2018-05-21T06:00:00+00:00,0.0031573547279561166,0.0043
65,2018-05-21T07:00:00+00:00,0.006665198119799889,0.0052
65,2018-05-21T08:00:00+00:00,0.020803444924806354,0.0086
65,2018-05-21T09:00:00+00:00,0.022461968312601634,0.0149
65,2018-05-21T10:00:00+00:00,0.033882718918115534,0.023
65,2018-05-21T11:00:00+00:00,0.034198108465188476,0.0297
65,2018-05-21T12:00:00+00:00,0.04221322949460278,0.0394
65,2018-05-21T13:00:00+00:00,0.049447474130138114,0.0456
65,2018-05-21T14:00:00+00:00,0.05420920382566461,0.0519
65,2018-05-21T15:00:00+00:00,0.055479941957560175,0.0508
65,2018-05-21T16:00:00+00:00,0.05198502568083902,0.0499
65,2018-05-21T17:00:00+00:00,0.05342070828746692,0.056
65,2018-05-21T18:00:00+00:00,0.05272156628907061,0.0501
65,2018-05-21T19:00:00+00:00,0.047656484887193505,0.0535
65,2018-05-21T20:00:00+00:00,0.04290634970064192,0.0426
65,2018-05-21T21:00:00+00:00,0.03861242429160938,0.0333
65,2018-05-21T22:00:00+00:00,0.031459252448112665,0.0248
65,2018-05-21T23:00:00+00:00,0.024492439203765155,0.0181
65,2018-05-22T00:00:00+00:00,0.016363868065861133,0.0128
65,2018-05-22T01:00:00+00:00,0.009162238861355004,0.0106
65,2018-05-22T02:00:00+00:00,0.006983793336598869,0.0067
65,2018-05-22T03:00:00+00:00,0.006503250964537733,0.0038
65,2018-05-22T04:00:00+00:00,0.007367337437666384,0.0038
65,2018-05-22T05:00:00+00:00,0.00947004163933695,0.0046
65,2018-05-22T06:00:00+00:00,0.012549715333959578,0.0095
65,2018-05-22T07:00:00+00:00,0.020053875376139126,0.0161
65,2018-05-22T08:00:00+00:00,0.029005895810201656,0.0282
65,2018-05-22T09:00:00+00:00,0.04265689021611008,0.0379
66,2018-05-19T10:00:00+00:00,0.042662775197021045,0.0499
66,2018-05-19T11:00:00+00:00,0.043313634242892786,0.0471
66,2018-05-19T12:00:00+00:00,0.0520214258804257,0.0508
66,2018-05-19T13:00:00+00:00,0.06127217515162812,0.0594
66,2018-05-19T14:00:00+00:00,0.06272121097315003,0.0649
66,2018-05-19T15:00:00+00:00,0.06663621776123124,0.0651
66,2018-05-19T16:00:00+00:00,0.07281671975089044,0.0781
66,2018-05-19T17:00:00+00:00,0.07074913327204368,0.0818
66,2018-05-19T18:00:00+00:00,0.06673880754736192,0.0748
66,2018-05-19T19:00:00+00:00,0.06870345333438391,0.0839
66,2018-05-19T20:00:00+00:00,0.0636817484714875,0.0699
66,2018-05-19T21:00:00+00:00,0.05434041122438134,0.0552
66,2018-05-19T22:00:00+00:00,0.04251556085909891,0.0448
66,2018-05-19T23:00:00+00:00,0.03576145912708905,0.0341
66,2018-05-20T00:00:00+00:00,0.02575886150893231,0.0272
66,2018-05-20T01:00:00+00:00,0.02116827248898018,0.0191
66,2018-05-20T02:00:00+00:00,0.011493637494238377,0.012
66,2018-05-20T03:00:00+00:00,0.0023422634623620243,0.0083
66,2018-05-20T04:00:00+00:00,0.0005861976908748782,0.0061
66,2018-05-20T05:00:00+00:00,0.0031867472572832366,0.0049
66,2018-05-20T06:00:00+00:00,0.0029065574154656243,0.0065
66,2018-05-20T07:00:00+00:00,0.012418232223626077,0.0085
66,2018-05-20T08:00:00+00:00,0.021785459209291765,0.0165
66,2018-05-20T09:00:00+00:00,0.03234411076291456,0.0258
66,2018-05-20T10:00:00+00:00,0.03642391738156553,0.0349
66,2018-05-20T11:00:00+00:00,0.04132300368035245,0.0414
66,2018-05-20T12:00:00+00:00,0.04612537786338437,0.0486
66,2018-05-20T13:00:00+00:00,0.050845520012352624,0.059
66,2018-05-20T14:00:00+00:00,0.05905850120165658,0.0591
66,2018-05-20T15:00:00+00:00,0.06415221065974158,0.0595
66,2018-05-20T16:00:00+00:00,0.06619195444274334,0.0602
66,2018-05-20T17:00:00+00:00,0.06806260345569065,0.062
66,2018-05-20T18:00:00+00:00,0.06370808310833771,0.063
66,2018-05-20T19:00:00+00:00,0.0653859449507077,0.0659
66,2018-05-20T20:00:00+00:00,0.057266492661219665,0.0504
66,2018-05-20T21:00:00+00:00,0.04997664618296915,0.0422
66,2018-05-20T22:00:00+00:00,0.04229782283156614,0.0305
66,2018-05-20T23:00:00+00:00,0.03022227227947641,0.0284
66,2018-05-21T00:00:00+00:00,0.019037472855815925,0.0234
66,2018-05-21T01:00:00+00:00,0.015375354193319042,0.0171
66,2018-05-21T02:00:00+00:00,0.008841377378615158,0.012
66,2018-05-21T03:00:00+00:00,0.002087443266735947,0.0073
66,2018-05-21T04:00:00+00:00,0.0009696331782751838,0.0059
66,2018-05-21T05:00:00+00:00,0.001139337855845534,0.0048
66,2018-05-21T06:00:00+00:00,0.007454913473029349,0.0043
66,2018-05-21T07:00:00+00:00,0.016055020925694455,0.0052
66,2018-05-21T08:00:00+00:00,0.018143812134340014,0.0086
66,2018-05-21T09:00:00+00:00,0.02627829279566634,0.0149
66,2018-05-21T10:00:00+00:00,0.03376291491009391,0.023
66,2018-05-21T11:00:00+00:00,0.03761581765649779,0.0297
66,2018-05-21T12:00:00+00:00,0.04065237694704809,0.0394
66,2018-05-21T13:00:00+00:00,0.04689835417951693,0.0456
66,2018-05-21T14:00:00+00:00,0.06186359536811798,0.0519
66,2018-05-21T15:00:00+00:00,0.05506250830359807,0.0508
66,2018-05-21T16:00:00+00:00,0.055963441963328475,0.0499
66,2018-05-21T17:00:00+00:00,0.06060641305738025,0.056
66,2018-05-21T18:00:00+00:00,0.058070904279112684,0.0501
66,2018-05-21T19:00:00+00:00,0.0594987667017013,0.0535
66,2018-05-21T20:00:00+00:00,0.04877366000344595,0.0426
66,2018-05-21T21:00:00+00:00,0.04344653977452189,0.0333
66,2018-05-21T22:00:00+00:00,0.03738399118309298,0.0248
66,2018-05-21T23:00:00+00:00,0.026664453024006614,0.0181
66,2018-05-22T00:00:00+00:00,0.018224411830308956,0.0128
66,2018-05-22T01:00:00+00:00,0.013821533336354157,0.0106
66,2018-05-22T02:00:00+00:00,0.009403125176712379,0.0067
66,2018-05-22T03:00:00+00:00,-0.0013018169764801545,0.0038
66,2018-05-22T04:00:00+00:00,0.002739212996432771,0.0038
66,2018-05-22T05:00:00+00:00,0.0019467760353499008,0.0046
66,2018-05-22T06:00:00+00:00,0.009222197783104888,0.0095
66,2018-05-22T07:00:00+00:00,0.01976567945381335,0.0161
66,2018-05-22T08:00:00+00:00,0.031010240414770802,0.0282
66,2018-05-22T09:00:00+00:00,0.04096429764512444,0.0379
66,2018-05-22T10:00:00+00:00,0.045559493346673426,0.0464
66,2018-05-22T11:00:00+00:00,0.04460772326887679,0.0439
66,2018-05-22T12:00:00+00:00,0.0463161943225191,0.045
66,2018-05-22T13:00:00+00:00,0.048708130453802706,0.0567
66,2018-05-22T14:00:00+00:00,0.06091057518878622,0.061
66,2018-05-22T15:00:00+00:00,0.05737917307477924,0.0649
66,2018-05-22T16:00:00+00:00,0.05786278169421474,0.0665
66,2018-05-22T17:00:00+00:00,0.06194466293834568,0.0735
66,2018-05-22T18:00:00+00:00,0.06606777560152988,0.0732
66,2018-05-22T19:00:00+00:00,0.0653433475059168,0.0779
66,2018-05-22T20:00:00+00:00,0.061027760980810725,0.067
66,2018-05-22T21:00:00+00:00,0.04425367300026831,0.0524
66,2018-05-22T22:00:00+00:00,0.03809205621199564,0.0344
66,2018-05-22T23:00:00+00:00,0.028463861914884543,0.0289
66,2018-05-23T00:00:00+00:00,0.01800139246320799,0.0175
66,2018-05-23T01:00:00+00:00,0.010805770429988443,0.0111
66,2018-05-23T02:00:00+00:00,0.006723665692349976,0.008
66,2018-05-23T03:00:00+00:00,0.0029023716118292166,0.0049
66,2018-05-23T04:00:00+00:00,0.004736785434415022,0.0046
66,2018-05-23T05:00:00+00:00,0.003280025510174839,0.0054
66,2018-05-23T06:00:00+00:00,0.011198014068054783,0.0102
66,2018-05-23T07:00:00+00:00,0.021469293178934472,0.0168
66,2018-05-23T08:00:00+00:00,0.03768205580588338,0.0313
66,2018-05-23T09:00:00+00:00,0.04707395010417136,0.0398
67,2018-05-20T10:00:00+00:00,0.028136343667579205,0.0349
67,2018-05-20T11:00:00+00:00,0.037457738296586794,0.0414
67,2018-05-20T12:00:00+00:00,0.046927964980540665,0.0486
67,2018-05-20T13:00:00+00:00,0.05299451243477492,0.059
67,2018-05-20T14:00:00+00:00,0.06101062299735926,0.0591
67,2018-05-20T15:00:00+00:00,0.06623440985427712,0.0595
67,2018-05-20T16:00:00+00:00,0.06669832389163292,0.0602
67,2018-05-20T17:00:00+00:00,0.06640992536304331,0.062
67,2018-05-20T18:00:00+00:00,0.06253038302603126,0.063
67,2018-05-20T19:00:00+00:00,0.05928743165872313,0.0659
67,2018-05-20T20:00:00+00:00,0.052958519536440284,0.0504
67,2018-05-20T21:00:00+00:00,0.05069432561014447,0.0422
67,2018-05-20T22:00:00+00:00,0.04095801998403201,0.0305
67,2018-05-20T23:00:00+00:00,0.030196167402306826,0.0284
67,2018-05-21T00:00:00+00:00,0.021099540924878542,0.0234
67,2018-05-21T01:00:00+00:00,0.018490529936049476,0.0171
67,2018-05-21T02:00:00+00:00,0.009862441931731004,0.012
67,2018-05-21T03:00:00+00:00,0.006456269287295341,0.0073
67,2018-05-21T04:00:00+00:00,0.004378241275325642,0.0059
67,2018-05-21T05:00:00+00:00,0.0024924949626358474,0.0048
67,2018-05-21T06:00:00+00:00,0.0017794629471825883,0.0043
67,2018-05-21T07:00:00+00:00,0.012364892469403033,0.0052
67,2018-05-21T08:00:00+00:00,0.015711122901883767,0.0086
67,2018-05-21T09:00:00+00:00,0.022396114488500027,0.0149
67,2018-05-21T10:00:00+00:00,0.02659589691275201,0.023
67,2018-05-21T11:00:00+00:00,0.03291250488195543,0.0297
67,2018-05-21T12:00:00+00:00,0.04203424983646982,0.0394
67,2018-05-21T13:00:00+00:00,0.047518996694297794,0.0456
67,2018-05-21T14:00:00+00:00,0.054604363322950725,0.0519
67,2018-05-21T15:00:00+00:00,0.061133277069783026,0.0508
67,2018-05-21T16:00:00+00:00,0.06254886405925231,0.0499
67,2018-05-21T17:00:00+00:00,0.061815989162289114,0.056
67,2018-05-21T18:00:00+00:00,0.05690224419587728,0.0501
67,2018-05-21T19:00:00+00:00,0.05973742852560521,0.0535
67,2018-05-21T20:00:00+00:00,0.05221561876250366,0.0426
67,2018-05-21T21:00:00+00:00,0.043711953980149904,0.0333
67,2018-05-21T22:00:00+00:00,0.03600987372725507,0.0248
67,2018-05-21T23:00:00+00:00,0.030155381925906454,0.0181
67,2018-05-22T00:00:00+00:00,0.013908338632424784,0.0128
67,2018-05-22T01:00:00+00:00,0.008329071775067556,0.0106
67,2018-05-22T02:00:00+00:00,0.011019233883099104,0.0067
67,2018-05-22T03:00:00+00:00,0.003654907671282178,0.0038
67,2018-05-22T04:00:00+00:00,0.0016489385613346758,0.0038
67,2018-05-22T05:00:00+00:00,0.001529872917377651,0.0046
67,2018-05-22T06:00:00+00:00,0.009038229206815455,0.0095
67,2018-05-22T07:00:00+00:00,0.018206242017018974,0.0161
67,2018-05-22T08:00:00+00:00,0.028250062177150398,0.0282
67,2018-05-22T09:00:00+00:00,0.03334093358099839,0.0379
67,2018-05-22T10:00:00+00:00,0.0355051454935388,0.0464
67,2018-05-22T11:00:00+00:00,0.03912068612477769,0.0439
67,2018-05-22T12:00:00+00:00,0.04546085960449851,0.045
67,2018-05-22T13:00:00+00:00,0.04796212583545306,0.0567
67,2018-05-22T14:00:00+00:00,0.058254248326815646,0.061
67,2018-05-22T15:00:00+00:00,0.05982095452441577,0.0649
67,2018-05-22T16:00:00+00:00,0.06401123638587322,0.0665
67,2018-05-22T17:00:00+00:00,0.06480465713613412,0.0735
67,2018-05-22T18:00:00+00:00,0.06377012448828395,0.0732
67,2018-05-22T19:00:00+00:00,0.06428037269832762,0.0779
67,2018-05-22T20:00:00+00:00,0.05815696598930778,0.067
67,2018-05-22T21:00:00+00:00,0.05084935491029496,0.0524
67,2018-05-22T22:00:00+00:00,0.039463137706962526,0.0344
67,2018-05-22T23:00:00+00:00,0.031583949292969773,0.0289
67,2018-05-23T00:00:00+00:00,0.021345323210157943,0.0175
67,2018-05-23T01:00:00+00:00,0.012824217579319137,0.0111
67,2018-05-23T02:00:00+00:00,0.0052604056578720165,0.008
67,2018-05-23T03:00:00+00:00,0.0019665750536480703,0.0049
67,2018-05-23T04:00:00+00:00,0.0018403325527575586,0.0046
67,2018-05-23T05:00:00+00:00,0.005808181978661887,0.0054
67,2018-05-23T06:00:00+00:00,0.009256768260143912,0.0102
67,2018-05-23T07:00:00+00:00,0.022261709252773643,0.0168
67,2018-05-23T08:00:00+00:00,0.03381935537564342,0.0313
67,2018-05-23T09:00:00+00:00,0.04421860749555372,0.0398
67,2018-05-23T10:00:00+00:00,0.04779783304272399,0.0458
67,2018-05-23T11:00:00+00:00,0.04679170809066075,0.0449
67,2018-05-23T12:00:00+00:00,0.049761555613574676,0.0477
67,2018-05-23T13:00:00+00:00,0.054564702624623304,0.0552
67,2018-05-23T14:00:00+00:00,0.061728446546516075,0.0657
67,2018-05-23T15:00:00+00:00,0.0657333708299784,0.0647
67,2018-05-23T16:00:00+00:00,0.06710865379401447,0.072
67,2018-05-23T17:00:00+00:00,0.06983209136997598,0.0757
67,2018-05-23T18:00:00+00:00,0.0698842760596227,0.0808
67,2018-05-23T19:00:00+00:00,0.07369438084369624,0.0869
67,2018-05-23T20:00:00+00:00,0.06836788723208301,0.0719
67,2018-05-23T21:00:00+00:00,0.0548990029599563,0.0572
67,2018-05-23T22:00:00+00:00,0.046887337202830184,0.0451
67,2018-05-23T23:00:00+00:00,0.032519854986999226,0.0333
67,2018-05-24T00:00:00+00:00,0.02148017334417502,0.0232
67,2018-05-24T01:00:00+00:00,0.015855648007180208,0.0129
67,2018-05-24T02:00:00+00:00,0.006527411239319346,0.0089
67,2018-05-24T03:00:00+00:00,0.0022732123234318544,0.0059
67,2018-05-24T04:00:00+00:00,0.0022387901458230594,0.0043
67,2018-05-24T05:00:00+00:00,0.005034744054443676,0.007
67,2018-05-24T06:00:00+00:00,0.01065432538085596,0.0106
67,2018-05-24T07:00:00+00:00,0.022702127229697344,0.0178
67,2018-05-24T08:00:00+00:00,0.03588848907706685,0.0303
67,2018-05-24T09:00:00+00:00,0.04403786599841512,0.0394
68,2018-05-21T10:00:00+00:00,0.022198065821236023,0.023
68,2018-05-21T11:00:00+00:00,0.030876124467369596,0.0297
68,2018-05-21T12:00:00+00:00,0.03652644137287857,0.0394
68,2018-05-21T13:00:00+00:00,0.04580113473589036,0.0456
68,2018-05-21T14:00:00+00:00,0.054899564826811686,0.0519
68,2018-05-21T15:00:00+00:00,0.05383044290340317,0.0508
68,2018-05-21T16:00:00+00:00,0.055582817898929465,0.0499
68,2018-05-21T17:00:00+00:00,0.05298176286122369,0.056
68,2018-05-21T18:00:00+00:00,0.05313929236444444,0.0501
68,2018-05-21T19:00:00+00:00,0.04892103621750671,0.0535
68,2018-05-21T20:00:00+00:00,0.038038172345074346,0.0426
68,2018-05-21T21:00:00+00:00,0.03423167844325453,0.0333
68,2018-05-21T22:00:00+00:00,0.026051391534324727,0.0248
68,2018-05-21T23:00:00+00:00,0.021625351175836922,0.0181
68,2018-05-22T00:00:00+00:00,0.011392733308673856,0.0128
68,2018-05-22T01:00:00+00:00,0.013972979429848823,0.0106
68,2018-05-22T02:00:00+00:00,0.008117997822635562,0.0067
68,2018-05-22T03:00:00+00:00,0.0027134527587841482,0.0038
68,2018-05-22T04:00:00+00:00,0.003464461960723031,0.0038
68,2018-05-22T05:00:00+00:00,0.0040861122850121626,0.0046
68,2018-05-22T06:00:00+00:00,0.005383406458541115,0.0095
68,2018-05-22T07:00:00+00:00,0.016178390386214762,0.0161
68,2018-05-22T08:00:00+00:00,0.02396110271030626,0.0282
68,2018-05-22T09:00:00+00:00,0.029185263448886247,0.0379
68,2018-05-22T10:00:00+00:00,0.03608725156588412,0.0464
68,2018-05-22T11:00:00+00:00,0.04295435485282535,0.0439
68,2018-05-22T12:00:00+00:00,0.04652341980030035,0.045
68,2018-05-22T13:00:00+00:00,0.05212853984354064,0.0567
68,2018-05-22T14:00:00+00:00,0.05643359710910025,0.061
68,2018-05-22T15:00:00+00:00,0.058684139132917236,0.0649
68,2018-05-22T16:00:00+00:00,0.06299758889299335,0.0665
68,2018-05-22T17:00:00+00:00,0.06354523989032107,0.0735
68,2018-05-22T18:00:00+00:00,0.06154874941156219,0.0732
68,2018-05-22T19:00:00+00:00,0.0648736936539937,0.0779
68,2018-05-22T20:00:00+00:00,0.05536234886428362,0.067
68,2018-05-22T21:00:00+00:00,0.04977160655524055,0.0524
68,2018-05-22T22:00:00+00:00,0.04154792169790526,0.0344
68,2018-05-22T23:00:00+00:00,0.029444254827078152,0.0289
68,2018-05-23T00:00:00+00:00,0.014126475606312121,0.0175
68,2018-05-23T01:00:00+00:00,0.006833332076644404,0.0111
68,2018-05-23T02:00:00+00:00,0.00579915868938579,0.008
68,2018-05-23T03:00:00+00:00,0.0028179558164372585,0.0049
68,2018-05-23T04:00:00+00:00,0.006659395643501518,0.0046
68,2018-05-23T05:00:00+00:00,0.006730328723088572,0.0054
68,2018-05-23T06:00:00+00:00,0.009916677748708552,0.0102
68,2018-05-23T07:00:00+00:00,0.020535431823881636,0.0168
68,2018-05-23T08:00:00+00:00,0.03367396971590676,0.0313
68,2018-05-23T09:00:00+00:00,0.041282263111526024,0.0398
68,2018-05-23T10:00:00+00:00,0.048175000268291523,0.0458
68,2018-05-23T11:00:00+00:00,0.0461043893165578,0.0449
68,2018-05-23T12:00:00+00:00,0.05143738094968443,0.0477
68,2018-05-23T13:00:00+00:00,0.05771641224530007,0.0552
68,2018-05-23T14:00:00+00:00,0.0621186996302583,0.0657
68,2018-05-23T15:00:00+00:00,0.06724727407551843,0.0647
68,2018-05-23T16:00:00+00:00,0.07268643347962064,0.072
68,2018-05-23T17:00:00+00:00,0.07397825101785285,0.0757
68,2018-05-23T18:00:00+00:00,0.06890661102145562,0.0808
68,2018-05-23T19:00:00+00:00,0.07037909068530039,0.0869
68,2018-05-23T20:00:00+00:00,0.06450305786952948,0.0719
68,2018-05-23T21:00:00+00:00,0.05474433500912173,0.0572
68,2018-05-23T22:00:00+00:00,0.04538902106289729,0.0451
68,2018-05-23T23:00:00+00:00,0.0346012844866046,0.0333
68,2018-05-24T00:00:00+00:00,0.022525366841206935,0.0232
68,2018-05-24T01:00:00+00:00,0.012271195427275353,0.0129
68,2018-05-24T02:00:00+00:00,0.009499572024472464,0.0089
68,2018-05-24T03:00:00+00:00,0.00383318865111356,0.0059
68,2018-05-24T04:00:00+00:00,0.00422823326855935,0.0043
68,2018-05-24T05:00:00+00:00,0.014260431766299068,0.007
68,2018-05-24T06:00:00+00:00,0.012233711179740921,0.0106
68,2018-05-24T07:00:00+00:00,0.023624418096105524,0.0178
68,2018-05-24T08:00:00+00:00,0.03554902384854926,0.0303
68,2018-05-24T09:00:00+00:00,0.04802319178111876,0.0394
68,2018-05-24T10:00:00+00:00,0.05185504018587843,0.0413
68,2018-05-24T11:00:00+00:00,0.05190716639124282,0.0451
68,2018-05-24T12:00:00+00:00,0.05302069668347054,0.0538
68,2018-05-24T13:00:00+00:00,0.05712418786992797,0.0619
68,2018-05-24T14:00:00+00:00,0.05954507372097236,0.0694
68,2018-05-24T15:00:00+00:00,0.06093974004715707,0.0718
68,2018-05-24T16:00:00+00:00,0.06921405036139727,0.0747
68,2018-05-24T17:00:00+00:00,0.07163935595320747,0.0791
68,2018-05-24T18:00:00+00:00,0.07400182853853537,0.0752
68,2018-05-24T19:00:00+00:00,0.07431595179645933,0.0731
68,2018-05-24T20:00:00+00:00,0.06855747656565067,0.0718
68,2018-05-24T21:00:00+00:00,0.05542194017054448,0.0578
68,2018-05-24T22:00:00+00:00,0.04572581533512743,0.0387
68,2018-05-24T23:00:00+00:00,0.03719456894747487,0.0323
68,2018-05-25T00:00:00+00:00,0.022171359391448035,0.0243
68,2018-05-25T01:00:00+00:00,0.010751144021553808,0.0172
68,2018-05-25T02:00:00+00:00,0.006971304853593832,0.0128
68,2018-05-25T03:00:00+00:00,0.0021859746614167515,0.0073
68,2018-05-25T04:00:00+00:00,0.0038720932312192244,0.0058
68,2018-05-25T05:00:00+00:00,0.005033737289297589,0.0055
68,2018-05-25T06:00:00+00:00,0.011365208098933037,0.0047
68,2018-05-25T07:00:00+00:00,0.03001437632117256,0.0068
68,2018-05-25T08:00:00+00:00,0.046058869746374034,0.0088
68,2018-05-25T09:00:00+00:00,0.051499606137375184,0.0151
69,2018-05-22T10:00:00+00:00,0.045858036809525535,0.0464
69,2018-05-22T11:00:00+00:00,0.04652100210184269,0.0439
69,2018-05-22T12:00:00+00:00,0.049955017442123335,0.045
69,2018-05-22T13:00:00+00:00,0.06132937069103721,0.0567
69,2018-05-22T14:00:00+00:00,0.06314244192801581,0.061
69,2018-05-22T15:00:00+00:00,0.06394150850024735,0.0649
69,2018-05-22T16:00:00+00:00,0.06558400615031791,0.0665
69,2018-05-22T17:00:00+00:00,0.0704092643975417,0.0735
69,2018-05-22T18:00:00+00:00,0.06707128651504474,0.0732
69,2018-05-22T19:00:00+00:00,0.06499450964897234,0.0779
69,2018-05-22T20:00:00+00:00,0.05776972902355505,0.067
69,2018-05-22T21:00:00+00:00,0.04483865785697584,0.0524
69,2018-05-22T22:00:00+00:00,0.03860848182436201,0.0344
69,2018-05-22T23:00:00+00:00,0.02612820489519292,0.0289
69,2018-05-23T00:00:00+00:00,0.01535475728231174,0.0175
69,2018-05-23T01:00:00+00:00,0.008787231376785495,0.0111
69,2018-05-23T02:00:00+00:00,0.00505439686203598,0.008
69,2018-05-23T03:00:00+00:00,-0.001314019304246572,0.0049
69,2018-05-23T04:00:00+00:00,0.007437140517369562,0.0046
69,2018-05-23T05:00:00+00:00,0.006776341232223534,0.0054
69,2018-05-23T06:00:00+00:00,0.01430305740886894,0.0102
69,2018-05-23T07:00:00+00:00,0.02352059752914014,0.0168
69,2018-05-23T08:00:00+00:00,0.03681968574200534,0.0313
69,2018-05-23T09:00:00+00:00,0.04120480590137094,0.0398
69,2018-05-23T10:00:00+00:00,0.04880438722764516,0.0458
69,2018-05-23T11:00:00+00:00,0.04933675085131274,0.0449
69,2018-05-23T12:00:00+00:00,0.05616927112886873,0.0477
69,2018-05-23T13:00:00+00:00,0.058395498312300766,0.0552
69,2018-05-23T14:00:00+00:00,0.06290242452199613,0.0657
69,2018-05-23T15:00:00+00:00,0.06767411743276497,0.0647
69,2018-05-23T16:00:00+00:00,0.06857089035355139,0.072
69,2018-05-23T17:00:00+00:00,0.07209382060151581,0.0757
69,2018-05-23T18:00:00+00:00,0.07197526460630493,0.0808
69,2018-05-23T19:00:00+00:00,0.06983725051916856,0.0869
69,2018-05-23T20:00:00+00:00,0.06551247569556118,0.0719
69,2018-05-23T21:00:00+00:00,0.05360516144781007,0.0572
69,2018-05-23T22:00:00+00:00,0.04342488596898364,0.0451
69,2018-05-23T23:00:00+00:00,0.03183138950321744,0.0333
69,2018-05-24T00:00:00+00:00,0.019236833241983952,0.0232
69,2018-05-24T01:00:00+00:00,0.008422122357002883,0.0129
69,2018-05-24T02:00:00+00:00,0.0029990168884043954,0.0089
69,2018-05-24T03:00:00+00:00,0.003261836898365532,0.0059
69,2018-05-24T04:00:00+00:00,0.005607793940104078,0.0043
69,2018-05-24T05:00:00+00:00,0.0011982524154106854,0.007
69,2018-05-24T06:00:00+00:00,0.011088644282620817,0.0106
69,2018-05-24T07:00:00+00:00,0.02191744100256847,0.0178
69,2018-05-24T08:00:00+00:00,0.035359328512219845,0.0303
69,2018-05-24T09:00:00+00:00,0.04046557188306492,0.0394
69,2018-05-24T10:00:00+00:00,0.05102409967976883,0.0413
69,2018-05-24T11:00:00+00:00,0.04640245028408056,0.0451
69,2018-05-24T12:00:00+00:00,0.051850240297277396,0.0538
69,2018-05-24T13:00:00+00:00,0.05415720712121112,0.0619
69,2018-05-24T14:00:00+00:00,0.060614780487204326,0.0694
69,2018-05-24T15:00:00+00:00,0.06337766780033194,0.0718
69,2018-05-24T16:00:00+00:00,0.06962507789771823,0.0747
69,2018-05-24T17:00:00+00:00,0.07171348895852854,0.0791
69,2018-05-24T18:00:00+00:00,0.07241618596580168,0.0752
69,2018-05-24T19:00:00+00:00,0.07087230534811109,0.0731
69,2018-05-24T20:00:00+00:00,0.06406976035398129,0.0718
69,2018-05-24T21:00:00+00:00,0.058372599627038314,0.0578
69,2018-05-24T22:00:00+00:00,0.03983019655094403,0.0387
69,2018-05-24T23:00:00+00:00,0.032023637782907434,0.0323
69,2018-05-25T00:00:00+00:00,0.017641829006626312,0.0243
69,2018-05-25T01:00:00+00:00,0.010938030545787385,0.0172
69,2018-05-25T02:00:00+00:00,0.004178174900320734,0.0128
69,2018-05-25T03:00:00+00:00,0.003072024071290331,0.0073
69,2018-05-25T04:00:00+00:00,0.004316609285355811,0.0058
69,2018-05-25T05:00:00+00:00,0.003960398231387129,0.0055
69,2018-05-25T06:00:00+00:00,0.017113933164385017,0.0047
69,2018-05-25T07:00:00+00:00,0.030009970679296265,0.0068
69,2018-05-25T08:00:00+00:00,0.03631156646427524,0.0088
69,2018-05-25T09:00:00+00:00,0.04704115713157075,0.0151
69,2018-05-25T10:00:00+00:00,0.04963201083945605,0.0167
69,2018-05-25T11:00:00+00:00,0.04956875799937552,0.024
69,2018-05-25T12:00:00+00:00,0.05474837251332791,0.0317
69,2018-05-25T13:00:00+00:00,0.05674739661474694,0.0406
69,2018-05-25T14:00:00+00:00,0.0626278596149055,0.0508
69,2018-05-25T15:00:00+00:00,0.06488244958655051,0.0542
69,2018-05-25T16:00:00+00:00,0.07373937196661454,0.0527
69,2018-05-25T17:00:00+00:00,0.06978838690126928,0.0503
69,2018-05-25T18:00:00+00:00,0.07425717091525383,0.0395
69,2018-05-25T19:00:00+00:00,0.07079830184370092,0.0408
69,2018-05-25T20:00:00+00:00,0.06769881450970953,0.0397
69,2018-05-25T21:00:00+00:00,0.05602044534009555,0.0398
69,2018-05-25T22:00:00+00:00,0.04057766432071448,0.041
69,2018-05-25T23:00:00+00:00,0.0336635558583817,0.0366
69,2018-05-26T00:00:00+00:00,0.022069597262348757,0.0285
69,2018-05-26T01:00:00+00:00,0.010564265852217706,0.0222
69,2018-05-26T02:00:00+00:00,0.0071035628806684036,0.0143
69,2018-05-26T03:00:00+00:00,0.0015427770565322116,0.0088
69,2018-05-26T04:00:00+00:00,0.004619277978837617,0.0052
69,2018-05-26T05:00:00+00:00,0.006631080895949042,0.0046
69,2018-05-26T06:00:00+00:00,0.013261272710007994,0.006
69,2018-05-26T07:00:00+00:00,0.024795796131926694,0.0088
69,2018-05-26T08:00:00+00:00,0.03306308937664769,0.0144
69,2018-05-26T09:00:00+00:00,0.04391517641767707,0.0213
70,2018-05-23T10:00:00+00:00,0.0515552601981996,0.0458
70,2018-05-23T11:00:00+00:00,0.05321411882625618,0.0449
70,2018-05-23T12:00:00+00:00,0.049421952007067615,0.0477
70,2018-05-23T13:00:00+00:00,0.0593405917826504,0.0552
70,2018-05-23T14:00:00+00:00,0.062179604744147556,0.0657
70,2018-05-23T15:00:00+00:00,0.06015700938821911,0.0647
70,2018-05-23T16:00:00+00:00,0.06310636965815514,0.072
70,2018-05-23T17:00:00+00:00,0.06544839363190598,0.0757
70,2018-05-23T18:00:00+00:00,0.06309304986285105,0.0808
70,2018-05-23T19:00:00+00:00,0.06483801824176322,0.0869
70,2018-05-23T20:00:00+00:00,0.05908566088463274,0.0719
70,2018-05-23T21:00:00+00:00,0.050470679625732665,0.0572
70,2018-05-23T22:00:00+00:00,0.042146593965405904,0.0451
70,2018-05-23T23:00:00+00:00,0.03037224112266077,0.0333
70,2018-05-24T00:00:00+00:00,0.02153008706825105,0.0232
70,2018-05-24T01:00:00+00:00,0.016237201553923622,0.0129
70,2018-05-24T02:00:00+00:00,0.009979876281955475,0.0089
70,2018-05-24T03:00:00+00:00,-0.0015092105965731455,0.0059
70,2018-05-24T04:00:00+00:00,0.00467095510846257,0.0043
70,2018-05-24T05:00:00+00:00,0.004440157331809712,0.007
70,2018-05-24T06:00:00+00:00,0.012217430617643122,0.0106
70,2018-05-24T07:00:00+00:00,0.019040770951595315,0.0178
70,2018-05-24T08:00:00+00:00,0.03355629646783253,0.0303
70,2018-05-24T09:00:00+00:00,0.040333479909577724,0.0394
70,2018-05-24T10:00:00+00:00,0.04674105548033902,0.0413
70,2018-05-24T11:00:00+00:00,0.047857942352628476,0.0451
70,2018-05-24T12:00:00+00:00,0.049587938755260325,0.0538
70,2018-05-24T13:00:00+00:00,0.054470123096449524,0.0619
70,2018-05-24T14:00:00+00:00,0.05773109388889304,0.0694
70,2018-05-24T15:00:00+00:00,0.05899639924870363,0.0718
70,2018-05-24T16:00:00+00:00,0.05743109458515541,0.0747
70,2018-05-24T17:00:00+00:00,0.06367405778835912,0.0791
70,2018-05-24T18:00:00+00:00,0.06513728231452279,0.0752
70,2018-05-24T19:00:00+00:00,0.06512496719564043,0.0731
70,2018-05-24T20:00:00+00:00,0.05523410327672279,0.0718
70,2018-05-24T21:00:00+00:00,0.046111102476681265,0.0578
70,2018-05-24T22:00:00+00:00,0.04382088513346628,0.0387
70,2018-05-24T23:00:00+00:00,0.031225056316910693,0.0323
70,2018-05-25T00:00:00+00:00,0.019733801342486566,0.0243
70,2018-05-25T01:00:00+00:00,0.010926220898202426,0.0172
70,2018-05-25T02:00:00+00:00,0.00864111675224389,0.0128
70,2018-05-25T03:00:00+00:00,0.004757574508064313,0.0073
70,2018-05-25T04:00:00+00:00,0.006246991637821091,0.0058
70,2018-05-25T05:00:00+00:00,0.004302662872740892,0.0055
70,2018-05-25T06:00:00+00:00,0.010691761587729897,0.0047
70,2018-05-25T07:00:00+00:00,0.021886872521421342,0.0068
70,2018-05-25T08:00:00+00:00,0.03383994236520997,0.0088
70,2018-05-25T09:00:00+00:00,0.0400860162011809,0.0151
70,2018-05-25T10:00:00+00:00,0.04823933715631981,0.0167
70,2018-05-25T11:00:00+00:00,0.048221259246902085,0.024
70,2018-05-25T12:00:00+00:00,0.05147663852420854,0.0317
70,2018-05-25T13:00:00+00:00,0.056910467503719864,0.0406
70,2018-05-25T14:00:00+00:00,0.06144640818363147,0.0508
70,2018-05-25T15:00:00+00:00,0.06487531450410441,0.0542
70,2018-05-25T16:00:00+00:00,0.06804424774593179,0.0527
70,2018-05-25T17:00:00+00:00,0.068647559070257,0.0503
70,2018-05-25T18:00:00+00:00,0.06855436436634019,0.0395
70,2018-05-25T19:00:00+00:00,0.06657990575223044,0.0408
70,2018-05-25T20:00:00+00:00,0.05854642118034088,0.0397
70,2018-05-25T21:00:00+00:00,0.052894706918228736,0.0398
70,2018-05-25T22:00:00+00:00,0.04131287232279836,0.041
70,2018-05-25T23:00:00+00:00,0.031678077134498654,0.0366
70,2018-05-26T00:00:00+00:00,0.019558260769027926,0.0285
70,2018-05-26T01:00:00+00:00,0.01824952874085178,0.0222
70,2018-05-26T02:00:00+00:00,0.0107360404556382,0.0143
70,2018-05-26T03:00:00+00:00,0.005478079979311518,0.0088
70,2018-05-26T04:00:00+00:00,0.006861795123627116,0.0052
70,2018-05-26T05:00:00+00:00,0.0066227155548493274,0.0046
70,2018-05-26T06:00:00+00:00,0.009915261593586053,0.006
70,2018-05-26T07:00:00+00:00,0.021775731497722068,0.0088
70,2018-05-26T08:00:00+00:00,0.030378833136770804,0.0144
70,2018-05-26T09:00:00+00:00,0.045338961650296494,0.0213
70,2018-05-26T10:00:00+00:00,0.049481938082234306,0.0313
70,2018-05-26T11:00:00+00:00,0.051570620677212645,0.0356
70,2018-05-26T12:00:00+00:00,0.057137549439719444,0.0419
70,2018-05-26T13:00:00+00:00,0.060953822226856004,0.0492
70,2018-05-26T14:00:00+00:00,0.06544057762531544,0.0556
70,2018-05-26T15:00:00+00:00,0.06519575824197035,0.055
70,2018-05-26T16:00:00+00:00,0.07002335168303922,0.0567
70,2018-05-26T17:00:00+00:00,0.06854266750987117,0.0589
70,2018-05-26T18:00:00+00:00,0.0691325232718083,0.0596
70,2018-05-26T19:00:00+00:00,0.06389943741399758,0.0536
70,2018-05-26T20:00:00+00:00,0.06051047376964194,0.0512
70,2018-05-26T21:00:00+00:00,0.05381960869009875,0.0388
70,2018-05-26T22:00:00+00:00,0.04049516806301807,0.0322
70,2018-05-26T23:00:00+00:00,0.03145053463477561,0.0294
70,2018-05-27T00:00:00+00:00,0.02255030255491071,0.0214
70,2018-05-27T01:00:00+00:00,0.011393180295688924,0.0162
70,2018-05-27T02:00:00+00:00,0.010353478055024335,0.0116
70,2018-05-27T03:00:00+00:00,0.0062417426734806235,0.0064
70,2018-05-27T04:00:00+00:00,0.00533634540977268,0.0059
70,2018-05-27T05:00:00+00:00,0.003388634999938314,0.005
70,2018-05-27T06:00:00+00:00,0.00517621753343633,0.0046
70,2018-05-27T07:00:00+00:00,0.012437805659692342,0.0064
70,2018-05-27T08:00:00+00:00,0.02263904827592057,0.01
70,2018-05-27T09:00:00+00:00,0.02533496377522781,0.0166
71,2018-05-24T10:00:00+00:00,0.047468858954533136,0.0413
71,2018-05-24T11:00:00+00:00,0.04849809459738234,0.0451
71,2018-05-24T12:00:00+00:00,0.04851579235896482,0.0538
71,2018-05-24T13:00:00+00:00,0.05530360140266803,0.0619
71,2018-05-24T14:00:00+00:00,0.06155659466029391,0.0694
71,2018-05-24T15:00:00+00:00,0.06242000856417559,0.0718
71,2018-05-24T16:00:00+00:00,0.06272990633270012,0.0747
71,2018-05-24T17:00:00+00:00,0.06787552476881509,0.0791
71,2018-05-24T18:00:00+00:00,0.06699657702179768,0.0752
71,2018-05-24T19:00:00+00:00,0.06620089000559592,0.0731
71,2018-05-24T20:00:00+00:00,0.058914811586107924,0.0718
71,2018-05-24T21:00:00+00:00,0.05080772245616277,0.0578
71,2018-05-24T22:00:00+00:00,0.041560718267754794,0.0387
71,2018-05-24T23:00:00+00:00,0.030895942806368176,0.0323
71,2018-05-25T00:00:00+00:00,0.02336676611241554,0.0243
71,2018-05-25T01:00:00+00:00,0.012916021192805893,0.0172
71,2018-05-25T02:00:00+00:00,0.00476182506215618,0.0128
71,2018-05-25T03:00:00+00:00,0.0012559012080079375,0.0073
71,2018-05-25T04:00:00+00:00,0.0008959743133859742,0.0058
71,2018-05-25T05:00:00+00:00,0.004161546565615418,0.0055
71,2018-05-25T06:00:00+00:00,0.011460291009679862,0.0047
71,2018-05-25T07:00:00+00:00,0.020499922465238532,0.0068
71,2018-05-25T08:00:00+00:00,0.02513323059817607,0.0088
71,2018-05-25T09:00:00+00:00,0.03587400064047805,0.0151
71,2018-05-25T10:00:00+00:00,0.04624490615978924,0.0167
71,2018-05-25T11:00:00+00:00,0.0437200258554757,0.024
71,2018-05-25T12:00:00+00:00,0.05109642176106158,0.0317
71,2018-05-25T13:00:00+00:00,0.052878521393089746,0.0406
71,2018-05-25T14:00:00+00:00,0.061843863188999634,0.0508
71,2018-05-25T15:00:00+00:00,0.0638438836119429,0.0542
71,2018-05-25T16:00:00+00:00,0.06282415166497478,0.0527
71,2018-05-25T17:00:00+00:00,0.061456039291699086,0.0503
71,2018-05-25T18:00:00+00:00,0.06160399199368582,0.0395
71,2018-05-25T19:00:00+00:00,0.061296529677776095,0.0408
71,2018-05-25T20:00:00+00:00,0.05666449514452283,0.0397
71,2018-05-25T21:00:00+00:00,0.049196774987692996,0.0398
71,2018-05-25T22:00:00+00:00,0.04326814182612582,0.041
71,2018-05-25T23:00:00+00:00,0.029441711805158328,0.0366
71,2018-05-26T00:00:00+00:00,0.022784678316408458,0.0285
71,2018-05-26T01:00:00+00:00,0.010987265956624429,0.0222
71,2018-05-26T02:00:00+00:00,0.005253291462669611,0.0143
71,2018-05-26T03:00:00+00:00,0.004157145623368951,0.0088
71,2018-05-26T04:00:00+00:00,-0.0021111538064363666,0.0052
71,2018-05-26T05:00:00+00:00,-0.00030514663527529684,0.0046
71,2018-05-26T06:00:00+00:00,0.004849645478270364,0.006
71,2018-05-26T07:00:00+00:00,0.013073061934524174,0.0088
71,2018-05-26T08:00:00+00:00,0.021441540820418475,0.0144
71,2018-05-26T09:00:00+00:00,0.03098574385536571,0.0213
71,2018-05-26T10:00:00+00:00,0.03868919848889565,0.0313
71,2018-05-26T11:00:00+00:00,0.04555831112868031,0.0356
71,2018-05-26T12:00:00+00:00,0.0496456815404542,0.0419
71,2018-05-26T13:00:00+00:00,0.05808418229992937,0.0492
71,2018-05-26T14:00:00+00:00,0.059929791685135514,0.0556
71,2018-05-26T15:00:00+00:00,0.0630680311223536,0.055
71,2018-05-26T16:00:00+00:00,0.06400125646083593,0.0567
71,2018-05-26T17:00:00+00:00,0.06461346366225071,0.0589
71,2018-05-26T18:00:00+00:00,0.06257138468540388,0.0596
71,2018-05-26T19:00:00+00:00,0.05905253789358175,0.0536
71,2018-05-26T20:00:00+00:00,0.05770571588780403,0.0512
71,2018-05-26T21:00:00+00:00,0.050779196747448976,0.0388
71,2018-05-26T22:00:00+00:00,0.04210017102193234,0.0322
71,2018-05-26T23:00:00+00:00,0.02957952531687458,0.0294
71,2018-05-27T00:00:00+00:00,0.02322625971280595,0.0214
71,2018-05-27T01:00:00+00:00,0.014882747349299874,0.0162
71,2018-05-27T02:00:00+00:00,0.005104812402141775,0.0116
71,2018-05-27T03:00:00+00:00,0.0023369560137392123,0.0064
71,2018-05-27T04:00:00+00:00,-0.0012244276498670804,0.0059
71,2018-05-27T05:00:00+00:00,0.0005659809277028215,0.005
71,2018-05-27T06:00:00+00:00,0.00044125901815328383,0.0046
71,2018-05-27T07:00:00+00:00,0.004002011886999991,0.0064
71,2018-05-27T08:00:00+00:00,0.013609914226861735,0.01
71,2018-05-27T09:00:00+00:00,0.02055564545396714,0.0166
71,2018-05-27T10:00:00+00:00,0.028022607926031964,0.0226
71,2018-05-27T11:00:00+00:00,0.03734282555885736,0.0311
71,2018-05-27T12:00:00+00:00,0.04462014804578856,0.0383
71,2018-05-27T13:00:00+00:00,0.05013628947525178,0.0456
71,2018-05-27T14:00:00+00:00,0.05678173106593221,0.0487
71,2018-05-27T15:00:00+00:00,0.05902425238817045,0.0523
71,2018-05-27T16:00:00+00:00,0.05734574095252157,0.0492
71,2018-05-27T17:00:00+00:00,0.057793394270661096,0.0534
71,2018-05-27T18:00:00+00:00,0.05852126876148378,0.0542
71,2018-05-27T19:00:00+00:00,0.05822600459589173,0.054
71,2018-05-27T20:00:00+00:00,0.04836073381667316,0.0442
71,2018-05-27T21:00:00+00:00,0.0401530266564021,0.0369
71,2018-05-27T22:00:00+00:00,0.032882623852216394,0.0278
71,2018-05-27T23:00:00+00:00,0.023384172496948484,0.0242
71,2018-05-28T00:00:00+00:00,0.018859269158786218,0.0222
71,2018-05-28T01:00:00+00:00,0.01188911030017991,0.017
71,2018-05-28T02:00:00+00:00,0.00517031062091948,0.0119
71,2018-05-28T03:00:00+00:00,0.004902300130900223,0.0075
71,2018-05-28T04:00:00+00:00,0.0011667628068166187,0.0057
71,2018-05-28T05:00:00+00:00,0.003910582155175372,0.0042
71,2018-05-28T06:00:00+00:00,0.003743528068829872,0.0038
71,2018-05-28T07:00:00+00:00,0.006602442396119294,0.0062
71,2018-05-28T08:00:00+00:00,0.012691431104979091,0.0093
71,2018-05-28T09:00:00+00:00,0.017892651383809237,0.0138
72,2018-05-25T10:00:00+00:00,0.03304641613436843,0.0167
72,2018-05-25T11:00:00+00:00,0.03832290725111992,0.024
72,2018-05-25T12:00:00+00:00,0.04875131691886578,0.0317
72,2018-05-25T13:00:00+00:00,0.05570038383878922,0.0406
72,2018-05-25T14:00:00+00:00,0.06057956459433513,0.0508
72,2018-05-25T15:00:00+00:00,0.06007987906342785,0.0542
72,2018-05-25T16:00:00+00:00,0.06255075644353103,0.0527
72,2018-05-25T17:00:00+00:00,0.057547417734015324,0.0503
72,2018-05-25T18:00:00+00:00,0.06412680968268451,0.0395
72,2018-05-25T19:00:00+00:00,0.055441304734173795,0.0408
72,2018-05-25T20:00:00+00:00,0.05035860285351587,0.0397
72,2018-05-25T21:00:00+00:00,0.04095063216593721,0.0398
72,2018-05-25T22:00:00+00:00,0.03380374033334785,0.041
72,2018-05-25T23:00:00+00:00,0.028455462632013828,0.0366
72,2018-05-26T00:00:00+00:00,0.022740169688819513,0.0285
72,2018-05-26T01:00:00+00:00,0.013955781917752827,0.0222
72,2018-05-26T02:00:00+00:00,0.0072390751403106045,0.0143
72,2018-05-26T03:00:00+00:00,0.004911273290791454,0.0088
72,2018-05-26T04:00:00+00:00,0.004109167624602325,0.0052
72,2018-05-26T05:00:00+00:00,-0.002784005031194213,0.0046
72,2018-05-26T06:00:00+00:00,0.001344546670248064,0.006
72,2018-05-26T07:00:00+00:00,0.00787629272732536,0.0088
72,2018-05-26T08:00:00+00:00,0.011091428552205313,0.0144
72,2018-05-26T09:00:00+00:00,0.02555269553658747,0.0213
72,2018-05-26T10:00:00+00:00,0.02875932607583496,0.0313
72,2018-05-26T11:00:00+00:00,0.038451184169546286,0.0356
72,2018-05-26T12:00:00+00:00,0.04543694788791687,0.0419
72,2018-05-26T13:00:00+00:00,0.05544173918884264,0.0492
72,2018-05-26T14:00:00+00:00,0.059373848452061034,0.0556
72,2018-05-26T15:00:00+00:00,0.05864997386840589,0.055
72,2018-05-26T16:00:00+00:00,0.06222247581183084,0.0567
72,2018-05-26T17:00:00+00:00,0.058081042947202066,0.0589
72,2018-05-26T18:00:00+00:00,0.05499593856921883,0.0596
72,2018-05-26T19:00:00+00:00,0.052296548476922985,0.0536
72,2018-05-26T20:00:00+00:00,0.04980485904720244,0.0512
72,2018-05-26T21:00:00+00:00,0.04119131065321982,0.0388
72,2018-05-26T22:00:00+00:00,0.030650037286350976,0.0322
72,2018-05-26T23:00:00+00:00,0.023361770928085963,0.0294
72,2018-05-27T00:00:00+00:00,0.0153405247144582,0.0214
72,2018-05-27T01:00:00+00:00,0.009979074211797601,0.0162
72,2018-05-27T02:00:00+00:00,0.008080294259042341,0.0116
72,2018-05-27T03:00:00+00:00,0.005105234324464407,0.0064
72,2018-05-27T04:00:00+00:00,-0.0034449526157704774,0.0059
72,2018-05-27T05:00:00+00:00,-0.00010702904010710321,0.005
72,2018-05-27T06:00:00+00:00,0.0010026433782102176,0.0046
72,2018-05-27T07:00:00+00:00,0.005824526246852951,0.0064
72,2018-05-27T08:00:00+00:00,0.005144878312996867,0.01
72,2018-05-27T09:00:00+00:00,0.01988574768546772,0.0166
72,2018-05-27T10:00:00+00:00,0.022768189926235898,0.0226
72,2018-05-27T11:00:00+00:00,0.03336890603884482,0.0311
72,2018-05-27T12:00:00+00:00,0.04151638718173725,0.0383
72,2018-05-27T13:00:00+00:00,0.05624932775650161,0.0456
72,2018-05-27T14:00:00+00:00,0.056882156933616125,0.0487
72,2018-05-27T15:00:00+00:00,0.05828936396091511,0.0523
72,2018-05-27T16:00:00+00:00,0.059464083433546325,0.0492
72,2018-05-27T17:00:00+00:00,0.05826571960105276,0.0534
72,2018-05-27T18:00:00+00:00,0.055203027235553884,0.0542
72,2018-05-27T19:00:00+00:00,0.05367784905586748,0.054
72,2018-05-27T20:00:00+00:00,0.04332190559139587,0.0442
72,2018-05-27T21:00:00+00:00,0.04045710210574674,0.0369
72,2018-05-27T22:00:00+00:00,0.03042656779914839,0.0278
72,2018-05-27T23:00:00+00:00,0.02359206218907922,0.0242
72,2018-05-28T00:00:00+00:00,0.01375130833432835,0.0222
72,2018-05-28T01:00:00+00:00,0.011448681879634368,0.017
72,2018-05-28T02:00:00+00:00,0.005370558714944532,0.0119
72,2018-05-28T03:00:00+00:00,0.0013682954663288942,0.0075
72,2018-05-28T04:00:00+00:00,0.0015075214778999986,0.0057
72,2018-05-28T05:00:00+00:00,-0.0008267031990552599,0.0042
72,2018-05-28T06:00:00+00:00,0.0011649121970252717,0.0038
72,2018-05-28T07:00:00+00:00,0.004769810255420642,0.0062
72,2018-05-28T08:00:00+00:00,0.01588607863251896,0.0093
72,2018-05-28T09:00:00+00:00,0.01764954475444712,0.0138
72,2018-05-28T10:00:00+00:00,0.03031607375782256,0.0193
72,2018-05-28T11:00:00+00:00,0.0319248891608922,0.0288
72,2018-05-28T12:00:00+00:00,0.04177433315338224,0.0351
72,2018-05-28T13:00:00+00:00,0.04510728452068409,0.0416
72,2018-05-28T14:00:00+00:00,0.05337142692469375,0.0493
72,2018-05-28T15:00:00+00:00,0.0524812021548056,0.0506
72,2018-05-28T16:00:00+00:00,0.049349661256640406,0.0498
72,2018-05-28T17:00:00+00:00,0.05883713610425623,0.0491
72,2018-05-28T18:00:00+00:00,0.05781648929601428,0.0498
72,2018-05-28T19:00:00+00:00,0.05277464286402311,0.0485
72,2018-05-28T20:00:00+00:00,0.047372623067934376,0.0418
72,2018-05-28T21:00:00+00:00,0.04161764436172021,0.0349
72,2018-05-28T22:00:00+00:00,0.03486809239356814,0.0255
72,2018-05-28T23:00:00+00:00,0.023245768398416758,0.0204
72,2018-05-29T00:00:00+00:00,0.018535437509992987,0.014
72,2018-05-29T01:00:00+00:00,0.011574510813099723,0.0096
72,2018-05-29T02:00:00+00:00,0.0054783348036845925,0.0063
72,2018-05-29T03:00:00+00:00,0.00218496163009756,0.0043
72,2018-05-29T04:00:00+00:00,0.002113681822265172,0.0036
72,2018-05-29T05:00:00+00:00,-0.0024704415514012756,0.0049
72,2018-05-29T06:00:00+00:00,0.009896559155581856,0.0096
72,2018-05-29T07:00:00+00:00,0.024889406491993043,0.0193
72,2018-05-29T08:00:00+00:00,0.032939209223019045,0.0305
72,2018-05-29T09:00:00+00:00,0.03925486055646125,0.0451
73,2018-05-26T10:00:00+00:00,0.029425457352115145,0.0313
73,2018-05-26T11:00:00+00:00,0.03705366882332163,0.0356
73,2018-05-26T12:00:00+00:00,0.04430710674708799,0.0419
73,2018-05-26T13:00:00+00:00,0.05319106975283912,0.0492
73,2018-05-26T14:00:00+00:00,0.05403017299378459,0.0556
73,2018-05-26T15:00:00+00:00,0.05681763832656771,0.055
73,2018-05-26T16:00:00+00:00,0.05311807719102377,0.0567
73,2018-05-26T17:00:00+00:00,0.05652798447463204,0.0589
73,2018-05-26T18:00:00+00:00,0.053976912611087585,0.0596
73,2018-05-26T19:00:00+00:00,0.04569499098524504,0.0536
73,2018-05-26T20:00:00+00:00,0.03699652654638397,0.0512
73,2018-05-26T21:00:00+00:00,0.038219374405936424,0.0388
73,2018-05-26T22:00:00+00:00,0.026081531304795024,0.0322
73,2018-05-26T23:00:00+00:00,0.025338769431028977,0.0294
73,2018-05-27T00:00:00+00:00,0.018517829563558394,0.0214
73,2018-05-27T01:00:00+00:00,0.01354983833654716,0.0162
73,2018-05-27T02:00:00+00:00,0.007342888918921788,0.0116
73,2018-05-27T03:00:00+00:00,0.00768535198909065,0.0064
73,2018-05-27T04:00:00+00:00,0.003363202692015701,0.0059
73,2018-05-27T05:00:00+00:00,0.0009582078559742038,0.005
73,2018-05-27T06:00:00+00:00,0.006697652719052649,0.0046
73,2018-05-27T07:00:00+00:00,0.012288098429235256,0.0064
73,2018-05-27T08:00:00+00:00,0.02345152654732846,0.01
73,2018-05-27T09:00:00+00:00,0.0279894901567919,0.0166
73,2018-05-27T10:00:00+00:00,0.036478995998826154,0.0226
73,2018-05-27T11:00:00+00:00,0.04367095440950165,0.0311
73,2018-05-27T12:00:00+00:00,0.04637661276363027,0.0383
73,2018-05-27T13:00:00+00:00,0.05476080042332623,0.0456
73,2018-05-27T14:00:00+00:00,0.05499669050999184,0.0487
73,2018-05-27T15:00:00+00:00,0.0592378808505063,0.0523
73,2018-05-27T16:00:00+00:00,0.060698979055261865,0.0492
73,2018-05-27T17:00:00+00:00,0.05907891012747063,0.0534
73,2018-05-27T18:00:00+00:00,0.06288596328524038,0.0542
73,2018-05-27T19:00:00+00:00,0.05831784998386588,0.054
73,2018-05-27T20:00:00+00:00,0.048675168294528164,0.0442
73,2018-05-27T21:00:00+00:00,0.04024467152683678,0.0369
73,2018-05-27T22:00:00+00:00,0.03746771247763209,0.0278
73,2018-05-27T23:00:00+00:00,0.02132041673859534,0.0242
73,2018-05-28T00:00:00+00:00,0.013069770104917895,0.0222
73,2018-05-28T01:00:00+00:00,0.007277591217683548,0.017
73,2018-05-28T02:00:00+00:00,0.0018976450607313296,0.0119
73,2018-05-28T03:00:00+00:00,-0.001506695772432308,0.0075
73,2018-05-28T04:00:00+00:00,0.00039078917121388584,0.0057
73,2018-05-28T05:00:00+00:00,0.0035941550342718995,0.0042
73,2018-05-28T06:00:00+00:00,0.008249497642764024,0.0038
73,2018-05-28T07:00:00+00:00,0.01727973819355758,0.0062
73,2018-05-28T08:00:00+00:00,0.026327680161201267,0.0093
73,2018-05-28T09:00:00+00:00,0.034099011548384635,0.0138
73,2018-05-28T10:00:00+00:00,0.0421799759582787,0.0193
73,2018-05-28T11:00:00+00:00,0.038042947691164036,0.0288
73,2018-05-28T12:00:00+00:00,0.04745734590580865,0.0351
73,2018-05-28T13:00:00+00:00,0.050944659225824945,0.0416
73,2018-05-28T14:00:00+00:00,0.0523315784733233,0.0493
73,2018-05-28T15:00:00+00:00,0.05405489304669722,0.0506
73,2018-05-28T16:00:00+00:00,0.06377612957084616,0.0498
73,2018-05-28T17:00:00+00:00,0.06101066894929538,0.0491
73,2018-05-28T18:00:00+00:00,0.061248808592106914,0.0498
73,2018-05-28T19:00:00+00:00,0.053999253606943395,0.0485
73,2018-05-28T20:00:00+00:00,0.0568933566736852,0.0418
73,2018-05-28T21:00:00+00:00,0.04705920997629604,0.0349
73,2018-05-28T22:00:00+00:00,0.03881118416952119,0.0255
73,2018-05-28T23:00:00+00:00,0.02855842838853101,0.0204
73,2018-05-29T00:00:00+00:00,0.01270015152922161,0.014
73,2018-05-29T01:00:00+00:00,0.006651834461284048,0.0096
73,2018-05-29T02:00:00+00:00,0.006254799289514154,0.0063
73,2018-05-29T03:00:00+00:00,-0.005359694600157193,0.0043
73,2018-05-29T04:00:00+00:00,0.003916998716438368,0.0036
73,2018-05-29T05:00:00+00:00,0.004815534520592617,0.0049
73,2018-05-29T06:00:00+00:00,0.004932718223892751,0.0096
73,2018-05-29T07:00:00+00:00,0.021186774931626,0.0193
73,2018-05-29T08:00:00+00:00,0.028835381751938137,0.0305
73,2018-05-29T09:00:00+00:00,0.042968810914186424,0.0451
73,2018-05-29T10:00:00+00:00,0.049426244335646866,0.0504
73,2018-05-29T11:00:00+00:00,0.04715055407042151,0.042
73,2018-05-29T12:00:00+00:00,0.05365607619304017,0.0426
73,2018-05-29T13:00:00+00:00,0.053538069532338466,0.0506
73,2018-05-29T14:00:00+00:00,0.062453588985863485,0.0538
73,2018-05-29T15:00:00+00:00,0.06234803738857691,0.0595
73,2018-05-29T16:00:00+00:00,0.06313079728965604,0.0691
73,2018-05-29T17:00:00+00:00,0.06346470076735883,0.0721
73,2018-05-29T18:00:00+00:00,0.0649491174909751,0.0761
73,2018-05-29T19:00:00+00:00,0.061625741880545065,0.0825
73,2018-05-29T20:00:00+00:00,0.060537211530295475,0.0694
73,2018-05-29T21:00:00+00:00,0.05157266136092162,0.0505
73,2018-05-29T22:00:00+00:00,0.04250875057329227,0.0333
73,2018-05-29T23:00:00+00:00,0.03157836613273019,0.0251
73,2018-05-30T00:00:00+00:00,0.01689284168987707,0.0167
73,2018-05-30T01:00:00+00:00,0.0113101096387909,0.0102
73,2018-05-30T02:00:00+00:00,0.006600723375963222,0.0085
73,2018-05-30T03:00:00+00:00,0.0019301163697790433,0.0045
73,2018-05-30T04:00:00+00:00,-0.0018113779962062732,0.004
73,2018-05-30T05:00:00+00:00,0.005707530528746067,0.0054
73,2018-05-30T06:00:00+00:00,0.007038382147994855,0.0095
73,2018-05-30T07:00:00+00:00,0.020381686044856184,0.0174
73,2018-05-30T08:00:00+00:00,0.033458866353075524,0.0306
73,2018-05-30T09:00:00+00:00,0.043403624843626844,0.0418
74,2018-05-27T10:00:00+00:00,0.03382344300923447,0.0226
74,2018-05-27T11:00:00+00:00,0.04151314757024021,0.0311
74,2018-05-27T12:00:00+00:00,0.0505181166448876,0.0383
74,2018-05-27T13:00:00+00:00,0.05594293695619343,0.0456
74,2018-05-27T14:00:00+00:00,0.06035881358189941,0.0487
74,2018-05-27T15:00:00+00:00,0.06171563222250939,0.0523
74,2018-05-27T16:00:00+00:00,0.05866051357157421,0.0492
74,2018-05-27T17:00:00+00:00,0.061392523272348,0.0534
74,2018-05-27T18:00:00+00:00,0.060028667719337285,0.0542
74,2018-05-27T19:00:00+00:00,0.057318036112484975,0.054
74,2018-05-27T20:00:00+00:00,0.04780314675751991,0.0442
74,2018-05-27T21:00:00+00:00,0.04036740288206222,0.0369
74,2018-05-27T22:00:00+00:00,0.035381402673537454,0.0278
74,2018-05-27T23:00:00+00:00,0.027823585913211792,0.0242
74,2018-05-28T00:00:00+00:00,0.016966254085290684,0.0222
74,2018-05-28T01:00:00+00:00,0.011025568984111694,0.017
74,2018-05-28T02:00:00+00:00,0.004421164561118161,0.0119
74,2018-05-28T03:00:00+00:00,0.0037946830173624553,0.0075
74,2018-05-28T04:00:00+00:00,0.0021515483063592154,0.0057
74,2018-05-28T05:00:00+00:00,0.003315966190400234,0.0042
74,2018-05-28T06:00:00+00:00,0.00847793098343064,0.0038
74,2018-05-28T07:00:00+00:00,0.013564749739820779,0.0062
74,2018-05-28T08:00:00+00:00,0.022547920364767333,0.0093
74,2018-05-28T09:00:00+00:00,0.03416401108421913,0.0138
74,2018-05-28T10:00:00+00:00,0.035752578915432265,0.0193
74,2018-05-28T11:00:00+00:00,0.04227514346236248,0.0288
74,2018-05-28T12:00:00+00:00,0.050888702299966955,0.0351
74,2018-05-28T13:00:00+00:00,0.05820988382120819,0.0416
74,2018-05-28T14:00:00+00:00,0.058803536884049004,0.0493
74,2018-05-28T15:00:00+00:00,0.060849943697789365,0.0506
74,2018-05-28T16:00:00+00:00,0.06342377430206352,0.0498
74,2018-05-28T17:00:00+00:00,0.06510181577472926,0.0491
74,2018-05-28T18:00:00+00:00,0.06013983589645336,0.0498
74,2018-05-28T19:00:00+00:00,0.06106037223439119,0.0485
74,2018-05-28T20:00:00+00:00,0.05320280211762241,0.0418
74,2018-05-28T21:00:00+00:00,0.041386161483474175,0.0349
74,2018-05-28T22:00:00+00:00,0.036930335393296695,0.0255
74,2018-05-28T23:00:00+00:00,0.029108856867089007,0.0204
74,2018-05-29T00:00:00+00:00,0.016662985927914847,0.014
74,2018-05-29T01:00:00+00:00,0.008652076289010477,0.0096
74,2018-05-29T02:00:00+00:00,0.008613152910385485,0.0063
74,2018-05-29T03:00:00+00:00,0.007512787847858499,0.0043
74,2018-05-29T04:00:00+00:00,0.008661166417466393,0.0036
74,2018-05-29T05:00:00+00:00,0.00837613073511162,0.0049
74,2018-05-29T06:00:00+00:00,0.014194247401565992,0.0096
74,2018-05-29T07:00:00+00:00,0.02034852963421529,0.0193
74,2018-05-29T08:00:00+00:00,0.03051857245235571,0.0305
74,2018-05-29T09:00:00+00:00,0.047465911764447824,0.0451
74,2018-05-29T10:00:00+00:00,0.047824017291419614,0.0504
74,2018-05-29T11:00:00+00:00,0.050905581281596606,0.042
74,2018-05-29T12:00:00+00:00,0.050146647459399965,0.0426
74,2018-05-29T13:00:00+00:00,0.0550167088443488,0.0506
74,2018-05-29T14:00:00+00:00,0.05861387653385278,0.0538
74,2018-05-29T15:00:00+00:00,0.06465902709564622,0.0595
74,2018-05-29T16:00:00+00:00,0.06425530591716967,0.0691
74,2018-05-29T17:00:00+00:00,0.06951535302914146,0.0721
74,2018-05-29T18:00:00+00:00,0.06772237949804585,0.0761
74,2018-05-29T19:00:00+00:00,0.0642958960978415,0.0825
74,2018-05-29T20:00:00+00:00,0.05829391738004054,0.0694
74,2018-05-29T21:00:00+00:00,0.051928089143251754,0.0505
74,2018-05-29T22:00:00+00:00,0.03857133595017544,0.0333
74,2018-05-29T23:00:00+00:00,0.027505624624258946,0.0251
74,2018-05-30T00:00:00+00:00,0.019792083018567767,0.0167
74,2018-05-30T01:00:00+00:00,0.012851807539515404,0.0102
74,2018-05-30T02:00:00+00:00,0.005508539846791442,0.0085
74,2018-05-30T03:00:00+00:00,0.002218441793015724,0.0045
74,2018-05-30T04:00:00+00:00,0.0017542896410817875,0.004
74,2018-05-30T05:00:00+00:00,0.0031799233947681915,0.0054
74,2018-05-30T06:00:00+00:00,0.012023467495245795,0.0095
74,2018-05-30T07:00:00+00:00,0.02092335336904646,0.0174
74,2018-05-30T08:00:00+00:00,0.03212165874557046,0.0306
74,2018-05-30T09:00:00+00:00,0.04283880244325777,0.0418
74,2018-05-30T10:00:00+00:00,0.049471665735785264,0.0488
74,2018-05-30T11:00:00+00:00,0.048894649362547254,0.0428
74,2018-05-30T12:00:00+00:00,0.05621146127240757,0.0454
74,2018-05-30T13:00:00+00:00,0.05426138851531134,0.0528
74,2018-05-30T14:00:00+00:00,0.05696502498425031,0.0558
74,2018-05-30T15:00:00+00:00,0.06459459412629695,0.0592
74,2018-05-30T16:00:00+00:00,0.06496527586269729,0.0708
74,2018-05-30T17:00:00+00:00,0.0667680037365983,0.0807
74,2018-05-30T18:00:00+00:00,0.06646378938708311,0.0826
74,2018-05-30T19:00:00+00:00,0.06802996504869338,0.0831
74,2018-05-30T20:00:00+00:00,0.059818629774192555,0.069
74,2018-05-30T21:00:00+00:00,0.051757352635842885,0.054
74,2018-05-30T22:00:00+00:00,0.039252670528959865,0.042
74,2018-05-30T23:00:00+00:00,0.030026403196091945,0.0305
74,2018-05-31T00:00:00+00:00,0.020619495669217336,0.0198
74,2018-05-31T01:00:00+00:00,0.012455810463757138,0.0128
74,2018-05-31T02:00:00+00:00,0.0071003817534537085,0.0082
74,2018-05-31T03:00:00+00:00,-0.0014193515854743592,0.005
74,2018-05-31T04:00:00+00:00,0.00323892359203249,0.0039
74,2018-05-31T05:00:00+00:00,0.0034772345102423163,0.0065
74,2018-05-31T06:00:00+00:00,0.010315053881523643,0.0105
74,2018-05-31T07:00:00+00:00,0.01832077095164552,0.0171
74,2018-05-31T08:00:00+00:00,0.030901268531329223,0.0325
74,2018-05-31T09:00:00+00:00,0.03847093828027051,0.0475
75,2018-05-28T10:00:00+00:00,0.03075619161116342,0.0193
75,2018-05-28T11:00:00+00:00,0.03420988260445915,0.0288
75,2018-05-28T12:00:00+00:00,0.03906566181435067,0.0351
75,2018-05-28T13:00:00+00:00,0.04542501709431848,0.0416
75,2018-05-28T14:00:00+00:00,0.04843807510262574,0.0493
75,2018-05-28T15:00:00+00:00,0.045787322001635086,0.0506
75,2018-05-28T16:00:00+00:00,0.04696875150130322,0.0498
75,2018-05-28T17:00:00+00:00,0.05049927843979939,0.0491
75,2018-05-28T18:00:00+00:00,0.04683385228226346,0.0498
75,2018-05-28T19:00:00+00:00,0.04251133641406167,0.0485
75,2018-05-28T20:00:00+00:00,0.04047942325872103,0.0418
75,2018-05-28T21:00:00+00:00,0.033521975332265114,0.0349
75,2018-05-28T22:00:00+00:00,0.03212519756683342,0.0255
75,2018-05-28T23:00:00+00:00,0.02567187057748335,0.0204
75,2018-05-29T00:00:00+00:00,0.01828990796036229,0.014
75,2018-05-29T01:00:00+00:00,0.01136207501237884,0.0096
75,2018-05-29T02:00:00+00:00,0.005054889800987172,0.0063
75,2018-05-29T03:00:00+00:00,0.002160872371944511,0.0043
75,2018-05-29T04:00:00+00:00,0.002897093405347575,0.0036
75,2018-05-29T05:00:00+00:00,-0.000273316564609008,0.0049
75,2018-05-29T06:00:00+00:00,0.010419260340316289,0.0096
75,2018-05-29T07:00:00+00:00,0.01022727523989685,0.0193
75,2018-05-29T08:00:00+00:00,0.02243427443836798,0.0305
75,2018-05-29T09:00:00+00:00,0.032593397405504834,0.0451
75,2018-05-29T10:00:00+00:00,0.04235523977575839,0.0504
75,2018-05-29T11:00:00+00:00,0.04340534804123165,0.042
75,2018-05-29T12:00:00+00:00,0.04766269466474393,0.0426
75,2018-05-29T13:00:00+00:00,0.05499214962321262,0.0506
75,2018-05-29T14:00:00+00:00,0.05854606609719808,0.0538
75,2018-05-29T15:00:00+00:00,0.058778242431934774,0.0595
75,2018-05-29T16:00:00+00:00,0.06134781412721959,0.0691
75,2018-05-29T17:00:00+00:00,0.05670928574990167,0.0721
75,2018-05-29T18:00:00+00:00,0.05934297501715596,0.0761
75,2018-05-29T19:00:00+00:00,0.058752933358749954,0.0825
75,2018-05-29T20:00:00+00:00,0.05324050985866438,0.0694
75,2018-05-29T21:00:00+00:00,0.046199042994446694,0.0505
75,2018-05-29T22:00:00+00:00,0.038185384594272107,0.0333
75,2018-05-29T23:00:00+00:00,0.029526802780702712,0.0251
75,2018-05-30T00:00:00+00:00,0.023777448487034433,0.0167
75,2018-05-30T01:00:00+00:00,0.012220928186599794,0.0102
75,2018-05-30T02:00:00+00:00,0.007525328548972771,0.0085
75,2018-05-30T03:00:00+00:00,0.002228455137642943,0.0045
75,2018-05-30T04:00:00+00:00,0.004340347637814792,0.004
75,2018-05-30T05:00:00+00:00,0.002638569901414433,0.0054
75,2018-05-30T06:00:00+00:00,0.009216888245757705,0.0095
75,2018-05-30T07:00:00+00:00,0.01505429323740191,0.0174
75,2018-05-30T08:00:00+00:00,0.021644457782006608,0.0306
75,2018-05-30T09:00:00+00:00,0.03832469833226673,0.0418
75,2018-05-30T10:00:00+00:00,0.04287605484238719,0.0488
75,2018-05-30T11:00:00+00:00,0.052313262449327456,0.0428
75,2018-05-30T12:00:00+00:00,0.05431462383331591,0.0454
75,2018-05-30T13:00:00+00:00,0.059970678464667804,0.0528
75,2018-05-30T14:00:00+00:00,0.06448745927593831,0.0558
75,2018-05-30T15:00:00+00:00,0.06104888216163475,0.0592
75,2018-05-30T16:00:00+00:00,0.061269363728626826,0.0708
75,2018-05-30T17:00:00+00:00,0.0644314563981442,0.0807
75,2018-05-30T18:00:00+00:00,0.06908127015323035,0.0826
75,2018-05-30T19:00:00+00:00,0.061465668311042325,0.0831
75,2018-05-30T20:00:00+00:00,0.05911425969869947,0.069
75,2018-05-30T21:00:00+00:00,0.05457061789203763,0.054
75,2018-05-30T22:00:00+00:00,0.04264324980161528,0.042
75,2018-05-30T23:00:00+00:00,0.03414663446400846,0.0305
75,2018-05-31T00:00:00+00:00,0.02533568882367456,0.0198
75,2018-05-31T01:00:00+00:00,0.014321052813674072,0.0128
75,2018-05-31T02:00:00+00:00,0.005148399902283784,0.0082
75,2018-05-31T03:00:00+00:00,0.003717663394962774,0.005
75,2018-05-31T04:00:00+00:00,0.004278316701490401,0.0039
75,2018-05-31T05:00:00+00:00,0.004485566199601897,0.0065
75,2018-05-31T06:00:00+00:00,0.007197108490279297,0.0105
75,2018-05-31T07:00:00+00:00,0.01018201676025926,0.0171
75,2018-05-31T08:00:00+00:00,0.022800296230700047,0.0325
75,2018-05-31T09:00:00+00:00,0.03320764476844749,0.0475
75,2018-05-31T10:00:00+00:00,0.04098280792048664,0.0536
75,2018-05-31T11:00:00+00:00,0.04755894354786383,0.0431
75,2018-05-31T12:00:00+00:00,0.0518443500945555,0.0467
75,2018-05-31T13:00:00+00:00,0.056269095443934235,0.0529
75,2018-05-31T14:00:00+00:00,0.06265926776324915,0.0589
75,2018-05-31T15:00:00+00:00,0.06357930071861394,0.0628
75,2018-05-31T16:00:00+00:00,0.06133169544126042,0.0708
75,2018-05-31T17:00:00+00:00,0.059191506992055415,0.0787
75,2018-05-31T18:00:00+00:00,0.06066608164644277,0.0814
75,2018-05-31T19:00:00+00:00,0.057807651903207066,0.083
75,2018-05-31T20:00:00+00:00,0.05510106406673404,0.0676
75,2018-05-31T21:00:00+00:00,0.05181345368368237,0.0558
75,2018-05-31T22:00:00+00:00,0.041628706245980904,0.0428
75,2018-05-31T23:00:00+00:00,0.0339404491709632,0.032
75,2018-06-01T00:00:00+00:00,0.026294238900774484,0.0179
75,2018-06-01T01:00:00+00:00,0.015542739342477102,0.0114
75,2018-06-01T02:00:00+00:00,0.008197363082502157,0.0083
75,2018-06-01T03:00:00+00:00,0.00657031781531691,0.0043
75,2018-06-01T04:00:00+00:00,0.004215446097969481,0.0044
75,2018-06-01T05:00:00+00:00,0.0019475070888792141,0.0052
75,2018-06-01T06:00:00+00:00,0.005853588757729698,0.0093
75,2018-06-01T07:00:00+00:00,0.010654045491790453,0.0187
75,2018-06-01T08:00:00+00:00,0.020033892550096445,0.0326
75,2018-06-01T09:00:00+00:00,0.02986708130627166,0.0438
76,2018-05-29T10:00:00+00:00,0.03879595945759215,0.0504
76,2018-05-29T11:00:00+00:00,0.04269817698635912,0.042
76,2018-05-29T12:00:00+00:00,0.04535181774879056,0.0426
76,2018-05-29T13:00:00+00:00,0.049419063301264644,0.0506
76,2018-05-29T14:00:00+00:00,0.054460938975396986,0.0538
76,2018-05-29T15:00:00+00:00,0.05496021093887912,0.0595
76,2018-05-29T16:00:00+00:00,0.05389722986511684,0.0691
76,2018-05-29T17:00:00+00:00,0.05493409979553643,0.0721
76,2018-05-29T18:00:00+00:00,0.060514636597310295,0.0761
76,2018-05-29T19:00:00+00:00,0.0552867412195577,0.0825
76,2018-05-29T20:00:00+00:00,0.05183575917122389,0.0694
76,2018-05-29T21:00:00+00:00,0.046662113187157246,0.0505
76,2018-05-29T22:00:00+00:00,0.03579555703023948,0.0333
76,2018-05-29T23:00:00+00:00,0.026426299021215044,0.0251
76,2018-05-30T00:00:00+00:00,0.021809045607052862,0.0167
76,2018-05-30T01:00:00+00:00,0.010060200266307651,0.0102
76,2018-05-30T02:00:00+00:00,0.004697841168546331,0.0085
76,2018-05-30T03:00:00+00:00,0.0035950886940650482,0.0045
76,2018-05-30T04:00:00+00:00,0.007779050075580513,0.004
76,2018-05-30T05:00:00+00:00,0.007405226897728497,0.0054
76,2018-05-30T06:00:00+00:00,0.012022342717172837,0.0095
76,2018-05-30T07:00:00+00:00,0.019384405796135446,0.0174
76,2018-05-30T08:00:00+00:00,0.03369426846151032,0.0306
76,2018-05-30T09:00:00+00:00,0.04133334286598131,0.0418
76,2018-05-30T10:00:00+00:00,0.04317346621663105,0.0488
76,2018-05-30T11:00:00+00:00,0.04464138306209073,0.0428
76,2018-05-30T12:00:00+00:00,0.051641938082083685,0.0454
76,2018-05-30T13:00:00+00:00,0.0518878289810303,0.0528
76,2018-05-30T14:00:00+00:00,0.05768473256278838,0.0558
76,2018-05-30T15:00:00+00:00,0.05768135718420732,0.0592
76,2018-05-30T16:00:00+00:00,0.05907960358396129,0.0708
76,2018-05-30T17:00:00+00:00,0.06157796857676665,0.0807
76,2018-05-30T18:00:00+00:00,0.05761731271759077,0.0826
76,2018-05-30T19:00:00+00:00,0.05760405767274214,0.0831
76,2018-05-30T20:00:00+00:00,0.05442109446932506,0.069
76,2018-05-30T21:00:00+00:00,0.05109750789773371,0.054
76,2018-05-30T22:00:00+00:00,0.04066620534673614,0.042
76,2018-05-30T23:00:00+00:00,0.031074182794983803,0.0305
76,2018-05-31T00:00:00+00:00,0.02235225649855217,0.0198
76,2018-05-31T01:00:00+00:00,0.015537042346759384,0.0128
76,2018-05-31T02:00:00+00:00,0.00873720642813679,0.0082
76,2018-05-31T03:00:00+00:00,0.01018581197243858,0.005
76,2018-05-31T04:00:00+00:00,0.007505420917007396,0.0039
76,2018-05-31T05:00:00+00:00,0.004612700585798168,0.0065
76,2018-05-31T06:00:00+00:00,0.005619818726299092,0.0105
76,2018-05-31T07:00:00+00:00,0.01667821481729262,0.0171
76,2018-05-31T08:00:00+00:00,0.025326132387503163,0.0325
76,2018-05-31T09:00:00+00:00,0.032489499294647235,0.0475
76,2018-05-31T10:00:00+00:00,0.0385512403330168,0.0536
76,2018-05-31T11:00:00+00:00,0.04021856769402938,0.0431
76,2018-05-31T12:00:00+00:00,0.04595496824133933,0.0467
76,2018-05-31T13:00:00+00:00,0.05034769135740978,0.0529
76,2018-05-31T14:00:00+00:00,0.05454804713650119,0.0589
76,2018-05-31T15:00:00+00:00,0.055911468234843054,0.0628
76,2018-05-31T16:00:00+00:00,0.05862962133814981,0.0708
76,2018-05-31T17:00:00+00:00,0.053402609490805504,0.0787
76,2018-05-31T18:00:00+00:00,0.057099075136833884,0.0814
76,2018-05-31T19:00:00+00:00,0.05580679390179165,0.083
76,2018-05-31T20:00:00+00:00,0.05165218327511592,0.0676
76,2018-05-31T21:00:00+00:00,0.04474121573205372,0.0558
76,2018-05-31T22:00:00+00:00,0.03779393832673381,0.0428
76,2018-05-31T23:00:00+00:00,0.027939200462329367,0.032
76,2018-06-01T00:00:00+00:00,0.02174963654199324,0.0179
76,2018-06-01T01:00:00+00:00,0.017060253992451934,0.0114
76,2018-06-01T02:00:00+00:00,0.01447350984976356,0.0083
76,2018-06-01T03:00:00+00:00,0.010891249386084458,0.0043
76,2018-06-01T04:00:00+00:00,0.0033263534166895897,0.0044
76,2018-06-01T05:00:00+00:00,0.0030768030726476686,0.0052
76,2018-06-01T06:00:00+00:00,0.008350687983567157,0.0093
76,2018-06-01T07:00:00+00:00,0.014283238547689264,0.0187
76,2018-06-01T08:00:00+00:00,0.019755891691418035,0.0326
76,2018-06-01T09:00:00+00:00,0.026579408783669992,0.0438
76,2018-06-01T10:00:00+00:00,0.03259689053592222,0.053
76,2018-06-01T11:00:00+00:00,0.037009356013642324,0.045
76,2018-06-01T12:00:00+00:00,0.04536807742364467,0.0473
76,2018-06-01T13:00:00+00:00,0.05211619130506836,0.0568
76,2018-06-01T14:00:00+00:00,0.05194542137806958,0.0586
76,2018-06-01T15:00:00+00:00,0.05149832366061233,0.0632
76,2018-06-01T16:00:00+00:00,0.05507043083513146,0.072
76,2018-06-01T17:00:00+00:00,0.05255821133358344,0.0796
76,2018-06-01T18:00:00+00:00,0.0493584589636846,0.0809
76,2018-06-01T19:00:00+00:00,0.04925157058280156,0.0849
76,2018-06-01T20:00:00+00:00,0.040308811030412145,0.0681
76,2018-06-01T21:00:00+00:00,0.04069443967840039,0.0549
76,2018-06-01T22:00:00+00:00,0.031903944216186836,0.0413
76,2018-06-01T23:00:00+00:00,0.028796580041507664,0.0299
76,2018-06-02T00:00:00+00:00,0.021751185853294292,0.0206
76,2018-06-02T01:00:00+00:00,0.01726157777952726,0.014
76,2018-06-02T02:00:00+00:00,0.012157935392703257,0.0104
76,2018-06-02T03:00:00+00:00,0.00700450930489523,0.0054
76,2018-06-02T04:00:00+00:00,0.0067942645760379165,0.0046
76,2018-06-02T05:00:00+00:00,0.003417639026532717,0.0064
76,2018-06-02T06:00:00+00:00,0.009502124445651943,0.0095
76,2018-06-02T07:00:00+00:00,0.01077694394496545,0.0169
76,2018-06-02T08:00:00+00:00,0.019310633095768102,0.0324
76,2018-06-02T09:00:00+00:00,0.027517003994623795,0.047
77,2018-05-30T10:00:00+00:00,0.049773753763892356,0.0488
77,2018-05-30T11:00:00+00:00,0.05150081133133637,0.0428
77,2018-05-30T12:00:00+00:00,0.05240052099858625,0.0454
77,2018-05-30T13:00:00+00:00,0.05305340610709637,0.0528
77,2018-05-30T14:00:00+00:00,0.05740676303497551,0.0558
77,2018-05-30T15:00:00+00:00,0.059501218864111055,0.0592
77,2018-05-30T16:00:00+00:00,0.06245268665693588,0.0708
77,2018-05-30T17:00:00+00:00,0.06506940712741263,0.0807
77,2018-05-30T18:00:00+00:00,0.06740031908751792,0.0826
77,2018-05-30T19:00:00+00:00,0.06770901583953001,0.0831
77,2018-05-30T20:00:00+00:00,0.060017651787012724,0.069
77,2018-05-30T21:00:00+00:00,0.048280620793482304,0.054
77,2018-05-30T22:00:00+00:00,0.042648617823244805,0.042
77,2018-05-30T23:00:00+00:00,0.029768693511391255,0.0305
77,2018-05-31T00:00:00+00:00,0.020847513353734436,0.0198
77,2018-05-31T01:00:00+00:00,0.011488919065887754,0.0128
77,2018-05-31T02:00:00+00:00,0.006917820977389293,0.0082
77,2018-05-31T03:00:00+00:00,0.0031007189666780524,0.005
77,2018-05-31T04:00:00+00:00,0.006238258681232355,0.0039
77,2018-05-31T05:00:00+00:00,0.00419609615541075,0.0065
77,2018-05-31T06:00:00+00:00,0.012029924786633998,0.0105
77,2018-05-31T07:00:00+00:00,0.01904427478672509,0.0171
77,2018-05-31T08:00:00+00:00,0.031158002520658826,0.0325
77,2018-05-31T09:00:00+00:00,0.039465739213164694,0.0475
77,2018-05-31T10:00:00+00:00,0.045050388713222034,0.0536
77,2018-05-31T11:00:00+00:00,0.044206843799904895,0.0431
77,2018-05-31T12:00:00+00:00,0.04969761558317659,0.0467
77,2018-05-31T13:00:00+00:00,0.051907715725751986,0.0529
77,2018-05-31T14:00:00+00:00,0.060111652738536164,0.0589
77,2018-05-31T15:00:00+00:00,0.060677818188674806,0.0628
77,2018-05-31T16:00:00+00:00,0.062410239600299594,0.0708
77,2018-05-31T17:00:00+00:00,0.06283847822542493,0.0787
77,2018-05-31T18:00:00+00:00,0.06310186219096584,0.0814
77,2018-05-31T19:00:00+00:00,0.06127418659319592,0.083
77,2018-05-31T20:00:00+00:00,0.056836269747943334,0.0676
77,2018-05-31T21:00:00+00:00,0.04753424438219489,0.0558
77,2018-05-31T22:00:00+00:00,0.04452571159523409,0.0428
77,2018-05-31T23:00:00+00:00,0.0340307995544699,0.032
77,2018-06-01T00:00:00+00:00,0.02525266385762212,0.0179
77,2018-06-01T01:00:00+00:00,0.018073905662780547,0.0114
77,2018-06-01T02:00:00+00:00,0.011339332981444097,0.0083
77,2018-06-01T03:00:00+00:00,0.01084058319905433,0.0043
77,2018-06-01T04:00:00+00:00,0.00806544134005107,0.0044
77,2018-06-01T05:00:00+00:00,0.007694843152625502,0.0052
77,2018-06-01T06:00:00+00:00,0.011955565154718833,0.0093
77,2018-06-01T07:00:00+00:00,0.019175083239087252,0.0187
77,2018-06-01T08:00:00+00:00,0.0315247267771054,0.0326
77,2018-06-01T09:00:00+00:00,0.03806381770288265,0.0438
77,2018-06-01T10:00:00+00:00,0.044299722062079744,0.053
77,2018-06-01T11:00:00+00:00,0.04674581150572829,0.045
77,2018-06-01T12:00:00+00:00,0.05227496777673767,0.0473
77,2018-06-01T13:00:00+00:00,0.05828132863826577,0.0568
77,2018-06-01T14:00:00+00:00,0.06099813660307859,0.0586
77,2018-06-01T15:00:00+00:00,0.06154481425485012,0.0632
77,2018-06-01T16:00:00+00:00,0.06441145059613346,0.072
77,2018-06-01T17:00:00+00:00,0.061303637606805385,0.0796
77,2018-06-01T18:00:00+00:00,0.06217541267433804,0.0809
77,2018-06-01T19:00:00+00:00,0.05882441368412182,0.0849
77,2018-06-01T20:00:00+00:00,0.05484624178238359,0.0681
77,2018-06-01T21:00:00+00:00,0.049659592444754846,0.0549
77,2018-06-01T22:00:00+00:00,0.04165973006904058,0.0413
77,2018-06-01T23:00:00+00:00,0.033083754954468636,0.0299
77,2018-06-02T00:00:00+00:00,0.025354785247312946,0.0206
77,2018-06-02T01:00:00+00:00,0.02006019585608113,0.014
77,2018-06-02T02:00:00+00:00,0.011385101109827829,0.0104
77,2018-06-02T03:00:00+00:00,0.012376446248252734,0.0054
77,2018-06-02T04:00:00+00:00,0.007346255942605372,0.0046
77,2018-06-02T05:00:00+00:00,0.0070023767173140045,0.0064
77,2018-06-02T06:00:00+00:00,0.008905730976438396,0.0095
77,2018-06-02T07:00:00+00:00,0.012566271607674147,0.0169
77,2018-06-02T08:00:00+00:00,0.024078893188035726,0.0324
77,2018-06-02T09:00:00+00:00,0.03278505562056046,0.047
77,2018-06-02T10:00:00+00:00,0.04217876240942004,0.0526
77,2018-06-02T11:00:00+00:00,0.04223746809654824,0.0464
77,2018-06-02T12:00:00+00:00,0.053089812572856165,0.0485
77,2018-06-02T13:00:00+00:00,0.05736719841796909,0.046
77,2018-06-02T14:00:00+00:00,0.05868603151719597,0.0571
77,2018-06-02T15:00:00+00:00,0.057885807791663746,0.0694
77,2018-06-02T16:00:00+00:00,0.062149224248193684,0.0762
77,2018-06-02T17:00:00+00:00,0.05733817350413099,0.076
77,2018-06-02T18:00:00+00:00,0.05609625976853406,0.0751
77,2018-06-02T19:00:00+00:00,0.054834745443454055,0.0847
77,2018-06-02T20:00:00+00:00,0.0470478159848606,0.068
77,2018-06-02T21:00:00+00:00,0.045412822077087356,0.0542
77,2018-06-02T22:00:00+00:00,0.0355808779395458,0.0402
77,2018-06-02T23:00:00+00:00,0.025628850949279285,0.034
77,2018-06-03T00:00:00+00:00,0.02541601985747148,0.0269
77,2018-06-03T01:00:00+00:00,0.014201939129056549,0.0203
77,2018-06-03T02:00:00+00:00,0.010155222604047751,0.0132
77,2018-06-03T03:00:00+00:00,0.005586451354496879,0.009
77,2018-06-03T04:00:00+00:00,0.0031840172945323438,0.0061
77,2018-06-03T05:00:00+00:00,0.003996493477215868,0.0049
77,2018-06-03T06:00:00+00:00,0.0033147839724071183,0.0059
77,2018-06-03T07:00:00+00:00,0.00878174847531565,0.0084
77,2018-06-03T08:00:00+00:00,0.01504092122398859,0.0159
77,2018-06-03T09:00:00+00:00,0.025177725126875522,0.0246
78,2018-05-31T10:00:00+00:00,0.04703539434103539,0.0536
78,2018-05-31T11:00:00+00:00,0.05012317646366028,0.0431
78,2018-05-31T12:00:00+00:00,0.047833777900398125,0.0467
78,2018-05-31T13:00:00+00:00,0.05085509681358662,0.0529
78,2018-05-31T14:00:00+00:00,0.05747436042174453,0.0589
78,2018-05-31T15:00:00+00:00,0.05683472826935867,0.0628
78,2018-05-31T16:00:00+00:00,0.06019115376548677,0.0708
78,2018-05-31T17:00:00+00:00,0.06422250667839595,0.0787
78,2018-05-31T18:00:00+00:00,0.06802613015075104,0.0814
78,2018-05-31T19:00:00+00:00,0.07095065339920975,0.083
78,2018-05-31T20:00:00+00:00,0.06489842415052818,0.0676
78,2018-05-31T21:00:00+00:00,0.055898775056849814,0.0558
78,2018-05-31T22:00:00+00:00,0.045581299629090646,0.0428
78,2018-05-31T23:00:00+00:00,0.03662810167666483,0.032
78,2018-06-01T00:00:00+00:00,0.025744578811693904,0.0179
78,2018-06-01T01:00:00+00:00,0.01555656774216515,0.0114
78,2018-06-01T02:00:00+00:00,0.007124036556937906,0.0083
78,2018-06-01T03:00:00+00:00,0.005735314740308698,0.0043
78,2018-06-01T04:00:00+00:00,0.007153731951298599,0.0044
78,2018-06-01T05:00:00+00:00,0.006911498408722922,0.0052
78,2018-06-01T06:00:00+00:00,0.01834388059806929,0.0093
78,2018-06-01T07:00:00+00:00,0.025419063128877796,0.0187
78,2018-06-01T08:00:00+00:00,0.0335085892199623,0.0326
78,2018-06-01T09:00:00+00:00,0.04684917411987567,0.0438
78,2018-06-01T10:00:00+00:00,0.05172391424741211,0.053
78,2018-06-01T11:00:00+00:00,0.048275981736657717,0.045
78,2018-06-01T12:00:00+00:00,0.05282574977189519,0.0473
78,2018-06-01T13:00:00+00:00,0.05510738245795167,0.0568
78,2018-06-01T14:00:00+00:00,0.060494181719560114,0.0586
78,2018-06-01T15:00:00+00:00,0.06237332139706929,0.0632
78,2018-06-01T16:00:00+00:00,0.06665620267599828,0.072
78,2018-06-01T17:00:00+00:00,0.06450063286053653,0.0796
78,2018-06-01T18:00:00+00:00,0.06381083163752047,0.0809
78,2018-06-01T19:00:00+00:00,0.0693537066501885,0.0849
78,2018-06-01T20:00:00+00:00,0.06201044313491327,0.0681
78,2018-06-01T21:00:00+00:00,0.059324719566166834,0.0549
78,2018-06-01T22:00:00+00:00,0.05182796405187705,0.0413
78,2018-06-01T23:00:00+00:00,0.03891699685735395,0.0299
78,2018-06-02T00:00:00+00:00,0.029319647275187842,0.0206
78,2018-06-02T01:00:00+00:00,0.01940973157911522,0.014
78,2018-06-02T02:00:00+00:00,0.012531934023402316,0.0104
78,2018-06-02T03:00:00+00:00,0.01160527563433758,0.0054
78,2018-06-02T04:00:00+00:00,0.0026605495479543224,0.0046
78,2018-06-02T05:00:00+00:00,0.00748948603879274,0.0064
78,2018-06-02T06:00:00+00:00,0.010989093590447713,0.0095
78,2018-06-02T07:00:00+00:00,0.016653008091601907,0.0169
78,2018-06-02T08:00:00+00:00,0.02559854825830817,0.0324
78,2018-06-02T09:00:00+00:00,0.038036576037474984,0.047
78,2018-06-02T10:00:00+00:00,0.04314237346566718,0.0526
78,2018-06-02T11:00:00+00:00,0.05246721814515203,0.0464
78,2018-06-02T12:00:00+00:00,0.05201171331210769,0.0485
78,2018-06-02T13:00:00+00:00,0.05809659350013274,0.046
78,2018-06-02T14:00:00+00:00,0.06413884908995011,0.0571
78,2018-06-02T15:00:00+00:00,0.06124441809348229,0.0694
78,2018-06-02T16:00:00+00:00,0.057570986899800385,0.0762
78,2018-06-02T17:00:00+00:00,0.06119229606556665,0.076
78,2018-06-02T18:00:00+00:00,0.06233057147539943,0.0751
78,2018-06-02T19:00:00+00:00,0.06082253963406198,0.0847
78,2018-06-02T20:00:00+00:00,0.056845169802481624,0.068
78,2018-06-02T21:00:00+00:00,0.0513311693154971,0.0542
78,2018-06-02T22:00:00+00:00,0.04199604184594136,0.0402
78,2018-06-02T23:00:00+00:00,0.034818211566900924,0.034
78,2018-06-03T00:00:00+00:00,0.027755287237235724,0.0269
78,2018-06-03T01:00:00+00:00,0.022210950639690166,0.0203
78,2018-06-03T02:00:00+00:00,0.01114493122692918,0.0132
78,2018-06-03T03:00:00+00:00,0.009649891251169801,0.009
78,2018-06-03T04:00:00+00:00,0.0019277310465491103,0.0061
78,2018-06-03T05:00:00+00:00,0.0026036965593418324,0.0049
78,2018-06-03T06:00:00+00:00,0.0008659133922606227,0.0059
78,2018-06-03T07:00:00+00:00,0.0026994144422969706,0.0084
78,2018-06-03T08:00:00+00:00,0.013721454196915575,0.0159
78,2018-06-03T09:00:00+00:00,0.02245766658476272,0.0246
78,2018-06-03T10:00:00+00:00,0.03280695485121212,0.0342
78,2018-06-03T11:00:00+00:00,0.035713442486921584,0.0404
78,2018-06-03T12:00:00+00:00,0.04436533620505995,0.048
78,2018-06-03T13:00:00+00:00,0.049587566962322555,0.0567
78,2018-06-03T14:00:00+00:00,0.056995169454350444,0.0578
78,2018-06-03T15:00:00+00:00,0.052986439515086935,0.0621
78,2018-06-03T16:00:00+00:00,0.05442482910849766,0.0597
78,2018-06-03T17:00:00+00:00,0.05352043025503832,0.0635
78,2018-06-03T18:00:00+00:00,0.0542954639646748,0.0637
78,2018-06-03T19:00:00+00:00,0.05431606714185521,0.0667
78,2018-06-03T20:00:00+00:00,0.04178955368786254,0.0561
78,2018-06-03T21:00:00+00:00,0.035998490179441484,0.0431
78,2018-06-03T22:00:00+00:00,0.02648749264015783,0.0347
78,2018-06-03T23:00:00+00:00,0.022803079978103453,0.032
78,2018-06-04T00:00:00+00:00,0.017707032715267926,0.0263
78,2018-06-04T01:00:00+00:00,0.010165699645484996,0.02
78,2018-06-04T02:00:00+00:00,0.008041356259346755,0.0139
78,2018-06-04T03:00:00+00:00,0.003732390990491878,0.0077
78,2018-06-04T04:00:00+00:00,0.0016154563096921412,0.0056
78,2018-06-04T05:00:00+00:00,0.007898167937646777,0.0047
78,2018-06-04T06:00:00+00:00,0.006102207530702841,0.0037
78,2018-06-04T07:00:00+00:00,0.00742247767229591,0.0052
78,2018-06-04T08:00:00+00:00,0.015836385791044995,0.0087
78,2018-06-04T09:00:00+00:00,0.01741299463088075,0.0148
79,2018-06-01T10:00:00+00:00,0.04480606226882815,0.053
79,2018-06-01T11:00:00+00:00,0.051190581455637096,0.045
79,2018-06-01T12:00:00+00:00,0.059623419683346654,0.0473
79,2018-06-01T13:00:00+00:00,0.056692586398567786,0.0568
79,2018-06-01T14:00:00+00:00,0.06656637081831629,0.0586
79,2018-06-01T15:00:00+00:00,0.06612036968115302,0.0632
79,2018-06-01T16:00:00+00:00,0.07110469682145784,0.072
79,2018-06-01T17:00:00+00:00,0.0748339303753944,0.0796
79,2018-06-01T18:00:00+00:00,0.07456468962672153,0.0809
79,2018-06-01T19:00:00+00:00,0.07015710105931358,0.0849
79,2018-06-01T20:00:00+00:00,0.07496312633254333,0.0681
79,2018-06-01T21:00:00+00:00,0.062276862016962996,0.0549
79,2018-06-01T22:00:00+00:00,0.04855564313120986,0.0413
79,2018-06-01T23:00:00+00:00,0.04735998837422348,0.0299
79,2018-06-02T00:00:00+00:00,0.03306935946611428,0.0206
79,2018-06-02T01:00:00+00:00,0.020765912636611428,0.014
79,2018-06-02T02:00:00+00:00,0.013266032912846004,0.0104
79,2018-06-02T03:00:00+00:00,0.007697000804899157,0.0054
79,2018-06-02T04:00:00+00:00,0.00588505747908007,0.0046
79,2018-06-02T05:00:00+00:00,0.010072931041339543,0.0064
79,2018-06-02T06:00:00+00:00,0.011578993215596595,0.0095
79,2018-06-02T07:00:00+00:00,0.01910696053813931,0.0169
79,2018-06-02T08:00:00+00:00,0.027428796120139074,0.0324
79,2018-06-02T09:00:00+00:00,0.041311590890397695,0.047
79,2018-06-02T10:00:00+00:00,0.044788154590446536,0.0526
79,2018-06-02T11:00:00+00:00,0.052047148521035674,0.0464
79,2018-06-02T12:00:00+00:00,0.0551058138259502,0.0485
79,2018-06-02T13:00:00+00:00,0.061843499750959346,0.046
79,2018-06-02T14:00:00+00:00,0.06739923712829454,0.0571
79,2018-06-02T15:00:00+00:00,0.0682280805551372,0.0694
79,2018-06-02T16:00:00+00:00,0.07146779648839702,0.0762
79,2018-06-02T17:00:00+00:00,0.07485696482774087,0.076
79,2018-06-02T18:00:00+00:00,0.07156315093331188,0.0751
79,2018-06-02T19:00:00+00:00,0.07413007203737185,0.0847
79,2018-06-02T20:00:00+00:00,0.06570730772729622,0.068
79,2018-06-02T21:00:00+00:00,0.059676030472764756,0.0542
79,2018-06-02T22:00:00+00:00,0.05289917261093066,0.0402
79,2018-06-02T23:00:00+00:00,0.0427692520992033,0.034
79,2018-06-03T00:00:00+00:00,0.03143368855055478,0.0269
79,2018-06-03T01:00:00+00:00,0.022582090851089608,0.0203
79,2018-06-03T02:00:00+00:00,0.01600093549687151,0.0132
79,2018-06-03T03:00:00+00:00,0.010333766763149687,0.009
79,2018-06-03T04:00:00+00:00,0.0006433431008990957,0.0061
79,2018-06-03T05:00:00+00:00,0.0011358267101804626,0.0049
79,2018-06-03T06:00:00+00:00,0.00355654128582656,0.0059
79,2018-06-03T07:00:00+00:00,0.010480599908874382,0.0084
79,2018-06-03T08:00:00+00:00,0.011337010319945249,0.0159
79,2018-06-03T09:00:00+00:00,0.02547639547973307,0.0246
79,2018-06-03T10:00:00+00:00,0.024141548130765498,0.0342
79,2018-06-03T11:00:00+00:00,0.03869910321985565,0.0404
79,2018-06-03T12:00:00+00:00,0.040873726379015665,0.048
79,2018-06-03T13:00:00+00:00,0.05466793573785978,0.0567
79,2018-06-03T14:00:00+00:00,0.05642600250729288,0.0578
79,2018-06-03T15:00:00+00:00,0.057178308807065197,0.0621
79,2018-06-03T16:00:00+00:00,0.05975475240552555,0.0597
79,2018-06-03T17:00:00+00:00,0.05685872562363946,0.0635
79,2018-06-03T18:00:00+00:00,0.05807021708879513,0.0637
79,2018-06-03T19:00:00+00:00,0.056096130267623154,0.0667
79,2018-06-03T20:00:00+00:00,0.04834417232114767,0.0561
79,2018-06-03T21:00:00+00:00,0.04504159205054003,0.0431
79,2018-06-03T22:00:00+00:00,0.04100607108815157,0.0347
79,2018-06-03T23:00:00+00:00,0.028734541272466885,0.032
79,2018-06-04T00:00:00+00:00,0.025795519143797525,0.0263
79,2018-06-04T01:00:00+00:00,0.01900851895860639,0.02
79,2018-06-04T02:00:00+00:00,0.009726039875507412,0.0139
79,2018-06-04T03:00:00+00:00,0.003586704554446013,0.0077
79,2018-06-04T04:00:00+00:00,0.0042076280026545725,0.0056
79,2018-06-04T05:00:00+00:00,-2.9748327161242122e-05,0.0047
79,2018-06-04T06:00:00+00:00,-0.0012550316393284931,0.0037
79,2018-06-04T07:00:00+00:00,0.004364645768404788,0.0052
79,2018-06-04T08:00:00+00:00,0.01811305149055089,0.0087
79,2018-06-04T09:00:00+00:00,0.019558979290211023,0.0148
79,2018-06-04T10:00:00+00:00,0.028302269320584102,0.0235
79,2018-06-04T11:00:00+00:00,0.03334855899149022,0.0308
79,2018-06-04T12:00:00+00:00,0.04046147693893858,0.0364
79,2018-06-04T13:00:00+00:00,0.04741102844291574,0.0457
79,2018-06-04T14:00:00+00:00,0.04914054235021824,0.0487
79,2018-06-04T15:00:00+00:00,0.050773634474453086,0.053
79,2018-06-04T16:00:00+00:00,0.049982878936487646,0.0515
79,2018-06-04T17:00:00+00:00,0.052128454205841494,0.0491
79,2018-06-04T18:00:00+00:00,0.05426917736848508,0.0548
79,2018-06-04T19:00:00+00:00,0.049984424592521046,0.0547
79,2018-06-04T20:00:00+00:00,0.04469354164268284,0.0466
79,2018-06-04T21:00:00+00:00,0.03805073132252686,0.0339
79,2018-06-04T22:00:00+00:00,0.032786055075171246,0.0299
79,2018-06-04T23:00:00+00:00,0.021476681519210367,0.0217
79,2018-06-05T00:00:00+00:00,0.017552331344843443,0.0146
79,2018-06-05T01:00:00+00:00,0.012451150519688859,0.0087
79,2018-06-05T02:00:00+00:00,0.01072176193584853,0.0066
79,2018-06-05T03:00:00+00:00,0.008792753964018362,0.0042
79,2018-06-05T04:00:00+00:00,0.008541375986153163,0.0028
79,2018-06-05T05:00:00+00:00,0.006521963846163777,0.0049
79,2018-06-05T06:00:00+00:00,0.012342188035506942,0.0099
79,2018-06-05T07:00:00+00:00,0.018836729734115314,0.0175
79,2018-06-05T08:00:00+00:00,0.032397765392336304,0.0307
79,2018-06-05T09:00:00+00:00,0.04037181009048179,0.043
80,2018-06-02T10:00:00+00:00,0.04264702830399964,0.0526
80,2018-06-02T11:00:00+00:00,0.042229900648157674,0.0464
80,2018-06-02T12:00:00+00:00,0.04953471596960196,0.0485
80,2018-06-02T13:00:00+00:00,0.05885165064989965,0.046
80,2018-06-02T14:00:00+00:00,0.06718339670685143,0.0571
80,2018-06-02T15:00:00+00:00,0.06802727059425676,0.0694
80,2018-06-02T16:00:00+00:00,0.07095196929556251,0.0762
80,2018-06-02T17:00:00+00:00,0.06882655439382274,0.076
80,2018-06-02T18:00:00+00:00,0.0718975849470045,0.0751
80,2018-06-02T19:00:00+00:00,0.06596821446573492,0.0847
80,2018-06-02T20:00:00+00:00,0.05903185743359968,0.068
80,2018-06-02T21:00:00+00:00,0.05315174325041082,0.0542
80,2018-06-02T22:00:00+00:00,0.03861384044673188,0.0402
80,2018-06-02T23:00:00+00:00,0.037414656789923284,0.034
80,2018-06-03T00:00:00+00:00,0.023789371970097527,0.0269
80,2018-06-03T01:00:00+00:00,0.020993635288811333,0.0203
80,2018-06-03T02:00:00+00:00,0.015220231944934114,0.0132
80,2018-06-03T03:00:00+00:00,0.004688872186103841,0.009
80,2018-06-03T04:00:00+00:00,-3.1410951759337086e-05,0.0061
80,2018-06-03T05:00:00+00:00,0.004691796400221097,0.0049
80,2018-06-03T06:00:00+00:00,0.0002343040301778787,0.0059
80,2018-06-03T07:00:00+00:00,0.01181249589030791,0.0084
80,2018-06-03T08:00:00+00:00,0.017964251810832336,0.0159
80,2018-06-03T09:00:00+00:00,0.029008873808971422,0.0246
80,2018-06-03T10:00:00+00:00,0.03693552848426028,0.0342
80,2018-06-03T11:00:00+00:00,0.043405920351708885,0.0404
80,2018-06-03T12:00:00+00:00,0.04575584283666287,0.048
80,2018-06-03T13:00:00+00:00,0.052780033861620695,0.0567
80,2018-06-03T14:00:00+00:00,0.05646247163478375,0.0578
80,2018-06-03T15:00:00+00:00,0.060031763208852826,0.0621
80,2018-06-03T16:00:00+00:00,0.06377982034680701,0.0597
80,2018-06-03T17:00:00+00:00,0.06144186520812789,0.0635
80,2018-06-03T18:00:00+00:00,0.06232115968339062,0.0637
80,2018-06-03T19:00:00+00:00,0.06028735623249561,0.0667
80,2018-06-03T20:00:00+00:00,0.05449360244708669,0.0561
80,2018-06-03T21:00:00+00:00,0.047969695372568004,0.0431
80,2018-06-03T22:00:00+00:00,0.0441489172069665,0.0347
80,2018-06-03T23:00:00+00:00,0.03310579386856251,0.032
80,2018-06-04T00:00:00+00:00,0.02328194353795263,0.0263
80,2018-06-04T01:00:00+00:00,0.018666224030749273,0.02
80,2018-06-04T02:00:00+00:00,0.008925795262731483,0.0139
80,2018-06-04T03:00:00+00:00,0.005502125374252809,0.0077
80,2018-06-04T04:00:00+00:00,-0.005151496821181954,0.0056
80,2018-06-04T05:00:00+00:00,-0.003192916689728896,0.0047
80,2018-06-04T06:00:00+00:00,0.004069009809874978,0.0037
80,2018-06-04T07:00:00+00:00,0.00842120122955595,0.0052
80,2018-06-04T08:00:00+00:00,0.017104209108082972,0.0087
80,2018-06-04T09:00:00+00:00,0.023182067004777887,0.0148
80,2018-06-04T10:00:00+00:00,0.027580267800507267,0.0235
80,2018-06-04T11:00:00+00:00,0.03285372034548227,0.0308
80,2018-06-04T12:00:00+00:00,0.04000036805841096,0.0364
80,2018-06-04T13:00:00+00:00,0.04885755570646991,0.0457
80,2018-06-04T14:00:00+00:00,0.056002196155279536,0.0487
80,2018-06-04T15:00:00+00:00,0.057108242548091465,0.053
80,2018-06-04T16:00:00+00:00,0.05911188899654012,0.0515
80,2018-06-04T17:00:00+00:00,0.06028207593728961,0.0491
80,2018-06-04T18:00:00+00:00,0.05560704710161528,0.0548
80,2018-06-04T19:00:00+00:00,0.05907830648612786,0.0547
80,2018-06-04T20:00:00+00:00,0.051458272370827826,0.0466
80,2018-06-04T21:00:00+00:00,0.04260344811439293,0.0339
80,2018-06-04T22:00:00+00:00,0.03818510836047424,0.0299
80,2018-06-04T23:00:00+00:00,0.028092036601891916,0.0217
80,2018-06-05T00:00:00+00:00,0.020541012895396848,0.0146
80,2018-06-05T01:00:00+00:00,0.013240200614206638,0.0087
80,2018-06-05T02:00:00+00:00,0.007196711632649098,0.0066
80,2018-06-05T03:00:00+00:00,-0.0008021878411308414,0.0042
80,2018-06-05T04:00:00+00:00,-0.00015106561598855414,0.0028
80,2018-06-05T05:00:00+00:00,-0.0005934407276464368,0.0049
80,2018-06-05T06:00:00+00:00,0.004718632330919993,0.0099
80,2018-06-05T07:00:00+00:00,0.018139499962879252,0.0175
80,2018-06-05T08:00:00+00:00,0.027270489089271804,0.0307
80,2018-06-05T09:00:00+00:00,0.03495056880838305,0.043
80,2018-06-05T10:00:00+00:00,0.03864312227366742,0.0485
80,2018-06-05T11:00:00+00:00,0.040156138855712606,0.0417
80,2018-06-05T12:00:00+00:00,0.045650229622007384,0.0437
80,2018-06-05T13:00:00+00:00,0.05183308978147971,0.0559
80,2018-06-05T14:00:00+00:00,0.061655349548482244,0.0591
80,2018-06-05T15:00:00+00:00,0.05578607584477092,0.0615
80,2018-06-05T16:00:00+00:00,0.060574693689105535,0.0715
80,2018-06-05T17:00:00+00:00,0.0639147519410745,0.0762
80,2018-06-05T18:00:00+00:00,0.06819244691739412,0.0804
80,2018-06-05T19:00:00+00:00,0.06389328820945386,0.0645
80,2018-06-05T20:00:00+00:00,0.05832150734023682,0.0853
80,2018-06-05T21:00:00+00:00,0.04781130113745831,0.0527
80,2018-06-05T22:00:00+00:00,0.039222201262220285,0.0334
80,2018-06-05T23:00:00+00:00,0.029630236933659748,0.0273
80,2018-06-06T00:00:00+00:00,0.018575264261907778,0.0181
80,2018-06-06T01:00:00+00:00,0.008453100228126433,0.0101
80,2018-06-06T02:00:00+00:00,0.0025426661219904133,0.0083
80,2018-06-06T03:00:00+00:00,0.0019990296529008265,0.0046
80,2018-06-06T04:00:00+00:00,0.001446912962871208,0.0039
80,2018-06-06T05:00:00+00:00,0.0020319270617199132,0.0052
80,2018-06-06T06:00:00+00:00,0.010310548503058705,0.0102
80,2018-06-06T07:00:00+00:00,0.01912747076708528,0.0185
80,2018-06-06T08:00:00+00:00,0.035031928277841386,0.032
80,2018-06-06T09:00:00+00:00,0.04272836949711974,0.0459
81,2018-06-03T10:00:00+00:00,0.031546907855001666,0.0342
81,2018-06-03T11:00:00+00:00,0.039630927024286076,0.0404
81,2018-06-03T12:00:00+00:00,0.048711090176234234,0.048
81,2018-06-03T13:00:00+00:00,0.0564761694891987,0.0567
81,2018-06-03T14:00:00+00:00,0.061469722525043465,0.0578
81,2018-06-03T15:00:00+00:00,0.06328605634948717,0.0621
81,2018-06-03T16:00:00+00:00,0.06669386237637975,0.0597
81,2018-06-03T17:00:00+00:00,0.06461515135154122,0.0635
81,2018-06-03T18:00:00+00:00,0.058633339267527465,0.0637
81,2018-06-03T19:00:00+00:00,0.057520239252519846,0.0667
81,2018-06-03T20:00:00+00:00,0.0565451976521608,0.0561
81,2018-06-03T21:00:00+00:00,0.04924892208030107,0.0431
81,2018-06-03T22:00:00+00:00,0.0426453552357797,0.0347
81,2018-06-03T23:00:00+00:00,0.030314205393874073,0.032
81,2018-06-04T00:00:00+00:00,0.022549796561432207,0.0263
81,2018-06-04T01:00:00+00:00,0.018687814130194255,0.02
81,2018-06-04T02:00:00+00:00,0.011157421798658588,0.0139
81,2018-06-04T03:00:00+00:00,0.0030125267576260988,0.0077
81,2018-06-04T04:00:00+00:00,0.002961511753626269,0.0056
81,2018-06-04T05:00:00+00:00,0.0009588678928749567,0.0047
81,2018-06-04T06:00:00+00:00,0.001729201972680141,0.0037
81,2018-06-04T07:00:00+00:00,0.006650040247050678,0.0052
81,2018-06-04T08:00:00+00:00,0.01853145431262042,0.0087
81,2018-06-04T09:00:00+00:00,0.023793968208072537,0.0148
81,2018-06-04T10:00:00+00:00,0.027701039932274144,0.0235
81,2018-06-04T11:00:00+00:00,0.03316543843729479,0.0308
81,2018-06-04T12:00:00+00:00,0.04270279620030219,0.0364
81,2018-06-04T13:00:00+00:00,0.04612811200358401,0.0457
81,2018-06-04T14:00:00+00:00,0.054741385730312044,0.0487
81,2018-06-04T15:00:00+00:00,0.058603554058018884,0.053
81,2018-06-04T16:00:00+00:00,0.05915227657094811,0.0515
81,2018-06-04T17:00:00+00:00,0.0599738324384657,0.0491
81,2018-06-04T18:00:00+00:00,0.05619313062734114,0.0548
81,2018-06-04T19:00:00+00:00,0.055909185259107236,0.0547
81,2018-06-04T20:00:00+00:00,0.052776418279737156,0.0466
81,2018-06-04T21:00:00+00:00,0.044784152594554635,0.0339
81,2018-06-04T22:00:00+00:00,0.03326972322325129,0.0299
81,2018-06-04T23:00:00+00:00,0.02668102391879177,0.0217
81,2018-06-05T00:00:00+00:00,0.011348132777212656,0.0146
81,2018-06-05T01:00:00+00:00,0.008293941519897513,0.0087
81,2018-06-05T02:00:00+00:00,0.0077890049359253845,0.0066
81,2018-06-05T03:00:00+00:00,0.0012049279784955014,0.0042
81,2018-06-05T04:00:00+00:00,0.0050090297687311845,0.0028
81,2018-06-05T05:00:00+00:00,0.0033046975224269685,0.0049
81,2018-06-05T06:00:00+00:00,0.007409882664348031,0.0099
81,2018-06-05T07:00:00+00:00,0.01581263908368854,0.0175
81,2018-06-05T08:00:00+00:00,0.02509849145664421,0.0307
81,2018-06-05T09:00:00+00:00,0.03309508654526353,0.043
81,2018-06-05T10:00:00+00:00,0.0361530249740975,0.0485
81,2018-06-05T11:00:00+00:00,0.03816003687968646,0.0417
81,2018-06-05T12:00:00+00:00,0.04521463033220405,0.0437
81,2018-06-05T13:00:00+00:00,0.04929790266676505,0.0559
81,2018-06-05T14:00:00+00:00,0.058711004305757306,0.0591
81,2018-06-05T15:00:00+00:00,0.0544174183144348,0.0615
81,2018-06-05T16:00:00+00:00,0.061998455945756904,0.0715
81,2018-06-05T17:00:00+00:00,0.06364497021278995,0.0762
81,2018-06-05T18:00:00+00:00,0.06308386574179851,0.0804
81,2018-06-05T19:00:00+00:00,0.060619198139245746,0.0645
81,2018-06-05T20:00:00+00:00,0.05727304707829105,0.0853
81,2018-06-05T21:00:00+00:00,0.04843843645194165,0.0527
81,2018-06-05T22:00:00+00:00,0.03610564748358709,0.0334
81,2018-06-05T23:00:00+00:00,0.030936069812411076,0.0273
81,2018-06-06T00:00:00+00:00,0.020048994027287687,0.0181
81,2018-06-06T01:00:00+00:00,0.012334762620373491,0.0101
81,2018-06-06T02:00:00+00:00,0.004295304296787265,0.0083
81,2018-06-06T03:00:00+00:00,0.0007595994105791849,0.0046
81,2018-06-06T04:00:00+00:00,0.003206506589818383,0.0039
81,2018-06-06T05:00:00+00:00,0.005834602253211252,0.0052
81,2018-06-06T06:00:00+00:00,0.00930190977121681,0.0102
81,2018-06-06T07:00:00+00:00,0.02074209334608313,0.0185
81,2018-06-06T08:00:00+00:00,0.03217475124704627,0.032
81,2018-06-06T09:00:00+00:00,0.04315465620932182,0.0459
81,2018-06-06T10:00:00+00:00,0.049138386786668944,0.0523
81,2018-06-06T11:00:00+00:00,0.04623152788020281,0.0437
81,2018-06-06T12:00:00+00:00,0.049449535701090785,0.0478
81,2018-06-06T13:00:00+00:00,0.05425422836817281,0.0537
81,2018-06-06T14:00:00+00:00,0.06213391807601423,0.0577
81,2018-06-06T15:00:00+00:00,0.06280104828472412,0.065
81,2018-06-06T16:00:00+00:00,0.06494785172400722,0.0711
81,2018-06-06T17:00:00+00:00,0.06962402935808476,0.0745
81,2018-06-06T18:00:00+00:00,0.07123728904443152,0.0759
81,2018-06-06T19:00:00+00:00,0.07058101602499413,0.0836
81,2018-06-06T20:00:00+00:00,0.06437818974927409,0.0737
81,2018-06-06T21:00:00+00:00,0.05273517223961331,0.057
81,2018-06-06T22:00:00+00:00,0.04740426724213178,0.0432
81,2018-06-06T23:00:00+00:00,0.032664768595028384,0.0294
81,2018-06-07T00:00:00+00:00,0.02139534815880665,0.0197
81,2018-06-07T01:00:00+00:00,0.014205977677624911,0.0122
81,2018-06-07T02:00:00+00:00,0.006457624869411125,0.0086
81,2018-06-07T03:00:00+00:00,0.002578565027728425,0.0048
81,2018-06-07T04:00:00+00:00,0.0024559193102021357,0.0046
81,2018-06-07T05:00:00+00:00,0.003866656281685508,0.0064
81,2018-06-07T06:00:00+00:00,0.008904170699334406,0.0109
81,2018-06-07T07:00:00+00:00,0.025501131720259564,0.0199
81,2018-06-07T08:00:00+00:00,0.03827681014864799,0.0311
81,2018-06-07T09:00:00+00:00,0.04785814495889232,0.0483
82,2018-06-04T10:00:00+00:00,0.022485798046751777,0.0235
82,2018-06-04T11:00:00+00:00,0.030933363869990432,0.0308
82,2018-06-04T12:00:00+00:00,0.04369014560900831,0.0364
82,2018-06-04T13:00:00+00:00,0.051481701592080126,0.0457
82,2018-06-04T14:00:00+00:00,0.056912458058043965,0.0487
82,2018-06-04T15:00:00+00:00,0.058691508152492716,0.053
82,2018-06-04T16:00:00+00:00,0.05932409086013163,0.0515
82,2018-06-04T17:00:00+00:00,0.05850386133258865,0.0491
82,2018-06-04T18:00:00+00:00,0.05735952444463567,0.0548
82,2018-06-04T19:00:00+00:00,0.05137984077075439,0.0547
82,2018-06-04T20:00:00+00:00,0.04375330967830314,0.0466
82,2018-06-04T21:00:00+00:00,0.03793182076635426,0.0339
82,2018-06-04T22:00:00+00:00,0.030440860417827554,0.0299
82,2018-06-04T23:00:00+00:00,0.02361249983485335,0.0217
82,2018-06-05T00:00:00+00:00,0.014268724002045846,0.0146
82,2018-06-05T01:00:00+00:00,0.011544449891974371,0.0087
82,2018-06-05T02:00:00+00:00,0.00909896304530641,0.0066
82,2018-06-05T03:00:00+00:00,0.004668369267693172,0.0042
82,2018-06-05T04:00:00+00:00,0.008033458792505811,0.0028
82,2018-06-05T05:00:00+00:00,0.002418625136585327,0.0049
82,2018-06-05T06:00:00+00:00,0.00938110793313384,0.0099
82,2018-06-05T07:00:00+00:00,0.015834381660012494,0.0175
82,2018-06-05T08:00:00+00:00,0.024204506982891026,0.0307
82,2018-06-05T09:00:00+00:00,0.031517217682451894,0.043
82,2018-06-05T10:00:00+00:00,0.03549289460293079,0.0485
82,2018-06-05T11:00:00+00:00,0.04217680423032367,0.0417
82,2018-06-05T12:00:00+00:00,0.05095222249676678,0.0437
82,2018-06-05T13:00:00+00:00,0.055649239333878484,0.0559
82,2018-06-05T14:00:00+00:00,0.059239530942758176,0.0591
82,2018-06-05T15:00:00+00:00,0.06638231660432772,0.0615
82,2018-06-05T16:00:00+00:00,0.07082129869900873,0.0715
82,2018-06-05T17:00:00+00:00,0.06906381259495034,0.0762
82,2018-06-05T18:00:00+00:00,0.06479222087123832,0.0804
82,2018-06-05T19:00:00+00:00,0.06748604033564079,0.0645
82,2018-06-05T20:00:00+00:00,0.05707291386410632,0.0853
82,2018-06-05T21:00:00+00:00,0.05081207535774874,0.0527
82,2018-06-05T22:00:00+00:00,0.04084274433044338,0.0334
82,2018-06-05T23:00:00+00:00,0.029673728352480763,0.0273
82,2018-06-06T00:00:00+00:00,0.016989490099538804,0.0181
82,2018-06-06T01:00:00+00:00,0.010298195787137684,0.0101
82,2018-06-06T02:00:00+00:00,0.008786251765056218,0.0083
82,2018-06-06T03:00:00+00:00,0.006239052396492754,0.0046
82,2018-06-06T04:00:00+00:00,0.0045853090544169944,0.0039
82,2018-06-06T05:00:00+00:00,0.005645390978754463,0.0052
82,2018-06-06T06:00:00+00:00,0.012233287168693922,0.0102
82,2018-06-06T07:00:00+00:00,0.02258695079051626,0.0185
82,2018-06-06T08:00:00+00:00,0.03616827109545132,0.032
82,2018-06-06T09:00:00+00:00,0.04358867746786403,0.0459
82,2018-06-06T10:00:00+00:00,0.048322125835427956,0.0523
82,2018-06-06T11:00:00+00:00,0.04970777304978531,0.0437
82,2018-06-06T12:00:00+00:00,0.0521618633521311,0.0478
82,2018-06-06T13:00:00+00:00,0.058653125753479404,0.0537
82,2018-06-06T14:00:00+00:00,0.06346073010233247,0.0577
82,2018-06-06T15:00:00+00:00,0.06582105130155984,0.065
82,2018-06-06T16:00:00+00:00,0.07231634076349248,0.0711
82,2018-06-06T17:00:00+00:00,0.07026024644612654,0.0745
82,2018-06-06T18:00:00+00:00,0.07442529233975212,0.0759
82,2018-06-06T19:00:00+00:00,0.06853952189097076,0.0836
82,2018-06-06T20:00:00+00:00,0.06307356833065705,0.0737
82,2018-06-06T21:00:00+00:00,0.05454148854198106,0.057
82,2018-06-06T22:00:00+00:00,0.04522354500781293,0.0432
82,2018-06-06T23:00:00+00:00,0.03296883934474319,0.0294
82,2018-06-07T00:00:00+00:00,0.023541892596267933,0.0197
82,2018-06-07T01:00:00+00:00,0.014907867392929253,0.0122
82,2018-06-07T02:00:00+00:00,0.009271625356583924,0.0086
82,2018-06-07T03:00:00+00:00,0.0036998027128794762,0.0048
82,2018-06-07T04:00:00+00:00,0.003275971296173706,0.0046
82,2018-06-07T05:00:00+00:00,0.009086576909795478,0.0064
82,2018-06-07T06:00:00+00:00,0.014125424977954281,0.0109
82,2018-06-07T07:00:00+00:00,0.02373355394441011,0.0199
82,2018-06-07T08:00:00+00:00,0.037823590902244936,0.0311
82,2018-06-07T09:00:00+00:00,0.047134335125692615,0.0483
82,2018-06-07T10:00:00+00:00,0.050754861019820324,0.0543
82,2018-06-07T11:00:00+00:00,0.04764552952787566,0.0453
82,2018-06-07T12:00:00+00:00,0.05497509518873593,0.0476
82,2018-06-07T13:00:00+00:00,0.05820008979263977,0.0537
82,2018-06-07T14:00:00+00:00,0.06174749989021434,0.0615
82,2018-06-07T15:00:00+00:00,0.06528661775204211,0.0663
82,2018-06-07T16:00:00+00:00,0.06790303744620968,0.0744
82,2018-06-07T17:00:00+00:00,0.0713160047110192,0.081
82,2018-06-07T18:00:00+00:00,0.07242493772090974,0.0876
82,2018-06-07T19:00:00+00:00,0.07626044974821346,0.0858
82,2018-06-07T20:00:00+00:00,0.06737928981056615,0.0678
82,2018-06-07T21:00:00+00:00,0.05625208696139368,0.0558
82,2018-06-07T22:00:00+00:00,0.04407463694657737,0.0426
82,2018-06-07T23:00:00+00:00,0.03530813231138096,0.0337
82,2018-06-08T00:00:00+00:00,0.020921463595673186,0.021
82,2018-06-08T01:00:00+00:00,0.014424753801169306,0.0151
82,2018-06-08T02:00:00+00:00,0.007808486468119397,0.0097
82,2018-06-08T03:00:00+00:00,0.002191994365049549,0.0057
82,2018-06-08T04:00:00+00:00,-0.0007102839688743513,0.0044
82,2018-06-08T05:00:00+00:00,0.004811626517297347,0.0062
82,2018-06-08T06:00:00+00:00,0.010680190054723055,0.0095
82,2018-06-08T07:00:00+00:00,0.024502241065049966,0.0162
82,2018-06-08T08:00:00+00:00,0.03964995948074065,0.032
82,2018-06-08T09:00:00+00:00,0.04733772466116934,0.0473
83,2018-06-05T10:00:00+00:00,0.043604812863618156,0.0485
83,2018-06-05T11:00:00+00:00,0.04521659373311135,0.0417
83,2018-06-05T12:00:00+00:00,0.046367599917976024,0.0437
83,2018-06-05T13:00:00+00:00,0.056367309352510886,0.0559
83,2018-06-05T14:00:00+00:00,0.06392007818821664,0.0591
83,2018-06-05T15:00:00+00:00,0.0646959682748446,0.0615
83,2018-06-05T16:00:00+00:00,0.06632011439260503,0.0715
83,2018-06-05T17:00:00+00:00,0.06857053527040857,0.0762
83,2018-06-05T18:00:00+00:00,0.06192704663701361,0.0804
83,2018-06-05T19:00:00+00:00,0.06429894563542092,0.0645
83,2018-06-05T20:00:00+00:00,0.05403620314103924,0.0853
83,2018-06-05T21:00:00+00:00,0.044888014413826324,0.0527
83,2018-06-05T22:00:00+00:00,0.04090605878789281,0.0334
83,2018-06-05T23:00:00+00:00,0.026033853037975414,0.0273
83,2018-06-06T00:00:00+00:00,0.018519753278702672,0.0181
83,2018-06-06T01:00:00+00:00,0.01421520983933795,0.0101
83,2018-06-06T02:00:00+00:00,0.008832865826809585,0.0083
83,2018-06-06T03:00:00+00:00,-0.0007549325409960499,0.0046
83,2018-06-06T04:00:00+00:00,0.005358180934331075,0.0039
83,2018-06-06T05:00:00+00:00,0.0034921104052016497,0.0052
83,2018-06-06T06:00:00+00:00,0.011647248550541996,0.0102
83,2018-06-06T07:00:00+00:00,0.022247233870712153,0.0185
83,2018-06-06T08:00:00+00:00,0.032870902975417136,0.032
83,2018-06-06T09:00:00+00:00,0.040781490399584425,0.0459
83,2018-06-06T10:00:00+00:00,0.04873522120887467,0.0523
83,2018-06-06T11:00:00+00:00,0.04709517989866261,0.0437
83,2018-06-06T12:00:00+00:00,0.056838291633132976,0.0478
83,2018-06-06T13:00:00+00:00,0.0571203279072932,0.0537
83,2018-06-06T14:00:00+00:00,0.059467325133767734,0.0577
83,2018-06-06T15:00:00+00:00,0.06500711718926644,0.065
83,2018-06-06T16:00:00+00:00,0.06827672694570205,0.0711
83,2018-06-06T17:00:00+00:00,0.07018856142576647,0.0745
83,2018-06-06T18:00:00+00:00,0.07056134859633124,0.0759
83,2018-06-06T19:00:00+00:00,0.06940785474074254,0.0836
83,2018-06-06T20:00:00+00:00,0.0596723877374644,0.0737
83,2018-06-06T21:00:00+00:00,0.049915070588557306,0.057
83,2018-06-06T22:00:00+00:00,0.042501363799559655,0.0432
83,2018-06-06T23:00:00+00:00,0.02950033185458738,0.0294
83,2018-06-07T00:00:00+00:00,0.0165176879946017,0.0197
83,2018-06-07T01:00:00+00:00,0.007559276586149698,0.0122
83,2018-06-07T02:00:00+00:00,0.004108603669022569,0.0086
83,2018-06-07T03:00:00+00:00,0.00023178085113956248,0.0048
83,2018-06-07T04:00:00+00:00,0.004863441502730683,0.0046
83,2018-06-07T05:00:00+00:00,0.0030772709469064283,0.0064
83,2018-06-07T06:00:00+00:00,0.009869171801649423,0.0109
83,2018-06-07T07:00:00+00:00,0.0186792670700744,0.0199
83,2018-06-07T08:00:00+00:00,0.033972018673264395,0.0311
83,2018-06-07T09:00:00+00:00,0.04006010661973986,0.0483
83,2018-06-07T10:00:00+00:00,0.04747455490588867,0.0543
83,2018-06-07T11:00:00+00:00,0.04765583947136334,0.0453
83,2018-06-07T12:00:00+00:00,0.052486952412994746,0.0476
83,2018-06-07T13:00:00+00:00,0.0537788284355093,0.0537
83,2018-06-07T14:00:00+00:00,0.06026568362843804,0.0615
83,2018-06-07T15:00:00+00:00,0.06122020560059145,0.0663
83,2018-06-07T16:00:00+00:00,0.06715422975975621,0.0744
83,2018-06-07T17:00:00+00:00,0.0723016737409701,0.081
83,2018-06-07T18:00:00+00:00,0.07030447727337436,0.0876
83,2018-06-07T19:00:00+00:00,0.06787593415879149,0.0858
83,2018-06-07T20:00:00+00:00,0.06008882715862664,0.0678
83,2018-06-07T21:00:00+00:00,0.05432134534833685,0.0558
83,2018-06-07T22:00:00+00:00,0.04148754189819493,0.0426
83,2018-06-07T23:00:00+00:00,0.03032936796625312,0.0337
83,2018-06-08T00:00:00+00:00,0.017502550776945965,0.021
83,2018-06-08T01:00:00+00:00,0.009353927362913989,0.0151
83,2018-06-08T02:00:00+00:00,0.007141897239021207,0.0097
83,2018-06-08T03:00:00+00:00,0.001477399983767929,0.0057
83,2018-06-08T04:00:00+00:00,0.0037695368646784577,0.0044
83,2018-06-08T05:00:00+00:00,0.0041431073068817735,0.0062
83,2018-06-08T06:00:00+00:00,0.010432759765916143,0.0095
83,2018-06-08T07:00:00+00:00,0.023024677968271,0.0162
83,2018-06-08T08:00:00+00:00,0.034428721911915726,0.032
83,2018-06-08T09:00:00+00:00,0.04645672160937239,0.0473
83,2018-06-08T10:00:00+00:00,0.05142206642260751,0.0552
83,2018-06-08T11:00:00+00:00,0.050162588603787736,0.0498
83,2018-06-08T12:00:00+00:00,0.055166044281868123,0.0478
83,2018-06-08T13:00:00+00:00,0.054453037331107304,0.0522
83,2018-06-08T14:00:00+00:00,0.06440903603076235,0.0594
83,2018-06-08T15:00:00+00:00,0.06171144641887299,0.064
83,2018-06-08T16:00:00+00:00,0.07017755384833939,0.07
83,2018-06-08T17:00:00+00:00,0.06782303512541041,0.0757
83,2018-06-08T18:00:00+00:00,0.07209588843864159,0.0755
83,2018-06-08T19:00:00+00:00,0.0714394441438059,0.077
83,2018-06-08T20:00:00+00:00,0.06884776747851903,0.0636
83,2018-06-08T21:00:00+00:00,0.05453513881989789,0.0516
83,2018-06-08T22:00:00+00:00,0.044046924796005485,0.0442
83,2018-06-08T23:00:00+00:00,0.03157385344372996,0.0327
83,2018-06-09T00:00:00+00:00,0.023570711248574544,0.0213
83,2018-06-09T01:00:00+00:00,0.011400359241346778,0.015
83,2018-06-09T02:00:00+00:00,0.0056589426224635565,0.0088
83,2018-06-09T03:00:00+00:00,0.004728286414955665,0.006
83,2018-06-09T04:00:00+00:00,0.0034207282498751566,0.0054
83,2018-06-09T05:00:00+00:00,0.006404180678969605,0.0062
83,2018-06-09T06:00:00+00:00,0.009546319764585472,0.009
83,2018-06-09T07:00:00+00:00,0.02113978489948613,0.0151
83,2018-06-09T08:00:00+00:00,0.03310933034001056,0.0274
83,2018-06-09T09:00:00+00:00,0.0437601596498728,0.0438
84,2018-06-06T10:00:00+00:00,0.05117574733516515,0.0523
84,2018-06-06T11:00:00+00:00,0.052733599430163106,0.0437
84,2018-06-06T12:00:00+00:00,0.04988603314237299,0.0478
84,2018-06-06T13:00:00+00:00,0.06006053120959349,0.0537
84,2018-06-06T14:00:00+00:00,0.06267317449010104,0.0577
84,2018-06-06T15:00:00+00:00,0.06279568444054331,0.065
84,2018-06-06T16:00:00+00:00,0.06775074019753445,0.0711
84,2018-06-06T17:00:00+00:00,0.0693583645055324,0.0745
84,2018-06-06T18:00:00+00:00,0.07157622217041598,0.0759
84,2018-06-06T19:00:00+00:00,0.07216050521573539,0.0836
84,2018-06-06T20:00:00+00:00,0.06565430843514539,0.0737
84,2018-06-06T21:00:00+00:00,0.054471497477084636,0.057
84,2018-06-06T22:00:00+00:00,0.04509897348641799,0.0432
84,2018-06-06T23:00:00+00:00,0.033068568361759344,0.0294
84,2018-06-07T00:00:00+00:00,0.0230366557581677,0.0197
84,2018-06-07T01:00:00+00:00,0.014417283478461912,0.0122
84,2018-06-07T02:00:00+00:00,0.011082482545730892,0.0086
84,2018-06-07T03:00:00+00:00,-0.002819323271557511,0.0048
84,2018-06-07T04:00:00+00:00,0.0010346196595823684,0.0046
84,2018-06-07T05:00:00+00:00,0.001244047697211221,0.0064
84,2018-06-07T06:00:00+00:00,0.010490771996553686,0.0109
84,2018-06-07T07:00:00+00:00,0.019476357709052435,0.0199
84,2018-06-07T08:00:00+00:00,0.03262993128345116,0.0311
84,2018-06-07T09:00:00+00:00,0.042735953655305275,0.0483
84,2018-06-07T10:00:00+00:00,0.04749160725164099,0.0543
84,2018-06-07T11:00:00+00:00,0.050270953712799986,0.0453
84,2018-06-07T12:00:00+00:00,0.050835471159411116,0.0476
84,2018-06-07T13:00:00+00:00,0.05322223352043155,0.0537
84,2018-06-07T14:00:00+00:00,0.05779820878033272,0.0615
84,2018-06-07T15:00:00+00:00,0.05924919964786443,0.0663
84,2018-06-07T16:00:00+00:00,0.0607295809559989,0.0744
84,2018-06-07T17:00:00+00:00,0.06389929746946482,0.081
84,2018-06-07T18:00:00+00:00,0.0668097448043977,0.0876
84,2018-06-07T19:00:00+00:00,0.0683898814996935,0.0858
84,2018-06-07T20:00:00+00:00,0.06136017937548682,0.0678
84,2018-06-07T21:00:00+00:00,0.050373840097791125,0.0558
84,2018-06-07T22:00:00+00:00,0.04698742469716624,0.0426
84,2018-06-07T23:00:00+00:00,0.03302285610675249,0.0337
84,2018-06-08T00:00:00+00:00,0.020024010795104505,0.021
84,2018-06-08T01:00:00+00:00,0.01130101115543751,0.0151
84,2018-06-08T02:00:00+00:00,0.006470664775649698,0.0097
84,2018-06-08T03:00:00+00:00,0.005269382995211978,0.0057
84,2018-06-08T04:00:00+00:00,0.0031999605276444784,0.0044
84,2018-06-08T05:00:00+00:00,0.0019834143495147012,0.0062
84,2018-06-08T06:00:00+00:00,0.01274388106262074,0.0095
84,2018-06-08T07:00:00+00:00,0.021191685522618613,0.0162
84,2018-06-08T08:00:00+00:00,0.034479441883598375,0.032
84,2018-06-08T09:00:00+00:00,0.0440413217928844,0.0473
84,2018-06-08T10:00:00+00:00,0.05056994416266716,0.0552
84,2018-06-08T11:00:00+00:00,0.049859009226480844,0.0498
84,2018-06-08T12:00:00+00:00,0.05149255042645513,0.0478
84,2018-06-08T13:00:00+00:00,0.057387369229205024,0.0522
84,2018-06-08T14:00:00+00:00,0.062439174698989804,0.0594
84,2018-06-08T15:00:00+00:00,0.06217034960646645,0.064
84,2018-06-08T16:00:00+00:00,0.06738871413492117,0.07
84,2018-06-08T17:00:00+00:00,0.07007484709364402,0.0757
84,2018-06-08T18:00:00+00:00,0.06922249298529866,0.0755
84,2018-06-08T19:00:00+00:00,0.06869615115398825,0.077
84,2018-06-08T20:00:00+00:00,0.06288732304480489,0.0636
84,2018-06-08T21:00:00+00:00,0.05400793643414725,0.0516
84,2018-06-08T22:00:00+00:00,0.04440668981448882,0.0442
84,2018-06-08T23:00:00+00:00,0.032753199701930094,0.0327
84,2018-06-09T00:00:00+00:00,0.021518881062008867,0.0213
84,2018-06-09T01:00:00+00:00,0.017738858608485474,0.015
84,2018-06-09T02:00:00+00:00,0.010754360657082785,0.0088
84,2018-06-09T03:00:00+00:00,0.0036195956970919915,0.006
84,2018-06-09T04:00:00+00:00,0.0032903981153936043,0.0054
84,2018-06-09T05:00:00+00:00,0.004149241890354895,0.0062
84,2018-06-09T06:00:00+00:00,0.008293910189031965,0.009
84,2018-06-09T07:00:00+00:00,0.01950049291914161,0.0151
84,2018-06-09T08:00:00+00:00,0.03238754604726815,0.0274
84,2018-06-09T09:00:00+00:00,0.0449366733367374,0.0438
84,2018-06-09T10:00:00+00:00,0.052893282408208765,0.0504
84,2018-06-09T11:00:00+00:00,0.05190089812941005,0.044
84,2018-06-09T12:00:00+00:00,0.058708587651661835,0.0506
84,2018-06-09T13:00:00+00:00,0.059875812781255415,0.0598
84,2018-06-09T14:00:00+00:00,0.066979754435726,0.062
84,2018-06-09T15:00:00+00:00,0.06475496638338453,0.0688
84,2018-06-09T16:00:00+00:00,0.06965294148080689,0.0735
84,2018-06-09T17:00:00+00:00,0.06852725690147325,0.0868
84,2018-06-09T18:00:00+00:00,0.07038136739486311,0.078
84,2018-06-09T19:00:00+00:00,0.06853481390624198,0.0837
84,2018-06-09T20:00:00+00:00,0.06164275662925873,0.0605
84,2018-06-09T21:00:00+00:00,0.05412086958335553,0.0372
84,2018-06-09T22:00:00+00:00,0.04184795755431935,0.0285
84,2018-06-09T23:00:00+00:00,0.0313970763454446,0.0252
84,2018-06-10T00:00:00+00:00,0.023404249315587787,0.029
84,2018-06-10T01:00:00+00:00,0.013872519098212814,0.0199
84,2018-06-10T02:00:00+00:00,0.011059926411265034,0.0153
84,2018-06-10T03:00:00+00:00,0.004567567429622752,0.0087
84,2018-06-10T04:00:00+00:00,0.0027578757486739457,0.0058
84,2018-06-10T05:00:00+00:00,0.0012964746788848153,0.0052
84,2018-06-10T06:00:00+00:00,0.002022358615383392,0.0055
84,2018-06-10T07:00:00+00:00,0.00883121991200644,0.0084
84,2018-06-10T08:00:00+00:00,0.017657916361719934,0.0138
84,2018-06-10T09:00:00+00:00,0.027171793207546903,0.0216
85,2018-06-07T10:00:00+00:00,0.050651247758748616,0.0543
85,2018-06-07T11:00:00+00:00,0.05222520182991078,0.0453
85,2018-06-07T12:00:00+00:00,0.05090996551404811,0.0476
85,2018-06-07T13:00:00+00:00,0.054134210265903315,0.0537
85,2018-06-07T14:00:00+00:00,0.060015581861162584,0.0615
85,2018-06-07T15:00:00+00:00,0.05977656495411588,0.0663
85,2018-06-07T16:00:00+00:00,0.06437585455542902,0.0744
85,2018-06-07T17:00:00+00:00,0.07030683335446311,0.081
85,2018-06-07T18:00:00+00:00,0.07180892695241817,0.0876
85,2018-06-07T19:00:00+00:00,0.07074540698776857,0.0858
85,2018-06-07T20:00:00+00:00,0.06352804968876036,0.0678
85,2018-06-07T21:00:00+00:00,0.05511323715235929,0.0558
85,2018-06-07T22:00:00+00:00,0.04500188748900085,0.0426
85,2018-06-07T23:00:00+00:00,0.03413737306015424,0.0337
85,2018-06-08T00:00:00+00:00,0.026088521743078533,0.021
85,2018-06-08T01:00:00+00:00,0.010325606117038182,0.0151
85,2018-06-08T02:00:00+00:00,0.002119793429770228,0.0097
85,2018-06-08T03:00:00+00:00,-0.0014585068125043642,0.0057
85,2018-06-08T04:00:00+00:00,0.0019769915220785896,0.0044
85,2018-06-08T05:00:00+00:00,-0.0007504167189092657,0.0062
85,2018-06-08T06:00:00+00:00,0.01360426213871796,0.0095
85,2018-06-08T07:00:00+00:00,0.02075321475898835,0.0162
85,2018-06-08T08:00:00+00:00,0.029063258969741386,0.032
85,2018-06-08T09:00:00+00:00,0.04138957237036951,0.0473
85,2018-06-08T10:00:00+00:00,0.0534928987791244,0.0552
85,2018-06-08T11:00:00+00:00,0.049633107419750015,0.0498
85,2018-06-08T12:00:00+00:00,0.05529695925917313,0.0478
85,2018-06-08T13:00:00+00:00,0.058915473711733043,0.0522
85,2018-06-08T14:00:00+00:00,0.0671334010003439,0.0594
85,2018-06-08T15:00:00+00:00,0.0668540717129665,0.064
85,2018-06-08T16:00:00+00:00,0.07006403167885893,0.07
85,2018-06-08T17:00:00+00:00,0.07195776109608881,0.0757
85,2018-06-08T18:00:00+00:00,0.07107728022538423,0.0755
85,2018-06-08T19:00:00+00:00,0.07327401253199504,0.077
85,2018-06-08T20:00:00+00:00,0.06607717486119247,0.0636
85,2018-06-08T21:00:00+00:00,0.055823695859389365,0.0516
85,2018-06-08T22:00:00+00:00,0.05077569186795701,0.0442
85,2018-06-08T23:00:00+00:00,0.036061905940022836,0.0327
85,2018-06-09T00:00:00+00:00,0.025769147432089745,0.0213
85,2018-06-09T01:00:00+00:00,0.01660342595251953,0.015
85,2018-06-09T02:00:00+00:00,0.006052999273282591,0.0088
85,2018-06-09T03:00:00+00:00,0.0026656021722040596,0.006
85,2018-06-09T04:00:00+00:00,-0.0012610053910251627,0.0054
85,2018-06-09T05:00:00+00:00,0.002085954006260514,0.0062
85,2018-06-09T06:00:00+00:00,0.00627426620063758,0.009
85,2018-06-09T07:00:00+00:00,0.01382440533236217,0.0151
85,2018-06-09T08:00:00+00:00,0.022124450819558574,0.0274
85,2018-06-09T09:00:00+00:00,0.039449121322081226,0.0438
85,2018-06-09T10:00:00+00:00,0.0433564008743576,0.0504
85,2018-06-09T11:00:00+00:00,0.05045386957200721,0.044
85,2018-06-09T12:00:00+00:00,0.055755471855309505,0.0506
85,2018-06-09T13:00:00+00:00,0.06262940318221452,0.0598
85,2018-06-09T14:00:00+00:00,0.06547164531158686,0.062
85,2018-06-09T15:00:00+00:00,0.0660511577104464,0.0688
85,2018-06-09T16:00:00+00:00,0.06954211794321179,0.0735
85,2018-06-09T17:00:00+00:00,0.06989211295345694,0.0868
85,2018-06-09T18:00:00+00:00,0.0688889905426748,0.078
85,2018-06-09T19:00:00+00:00,0.06816343453590223,0.0837
85,2018-06-09T20:00:00+00:00,0.06560514821838564,0.0605
85,2018-06-09T21:00:00+00:00,0.05509440312471982,0.0372
85,2018-06-09T22:00:00+00:00,0.04383656936475659,0.0285
85,2018-06-09T23:00:00+00:00,0.03802457057198039,0.0252
85,2018-06-10T00:00:00+00:00,0.027965913158290463,0.029
85,2018-06-10T01:00:00+00:00,0.01916450176143154,0.0199
85,2018-06-10T02:00:00+00:00,0.009720318859459447,0.0153
85,2018-06-10T03:00:00+00:00,0.005979526304862266,0.0087
85,2018-06-10T04:00:00+00:00,0.0015644057973780295,0.0058
85,2018-06-10T05:00:00+00:00,-0.000631200686797638,0.0052
85,2018-06-10T06:00:00+00:00,0.0008639834109432365,0.0055
85,2018-06-10T07:00:00+00:00,0.0034674049733596085,0.0084
85,2018-06-10T08:00:00+00:00,0.014586229949086149,0.0138
85,2018-06-10T09:00:00+00:00,0.02547992594609856,0.0216
85,2018-06-10T10:00:00+00:00,0.03522194266681823,0.0296
85,2018-06-10T11:00:00+00:00,0.04139660823840806,0.0384
85,2018-06-10T12:00:00+00:00,0.04878922517744721,0.0518
85,2018-06-10T13:00:00+00:00,0.05848661473546997,0.0617
85,2018-06-10T14:00:00+00:00,0.059966033141670115,0.0661
85,2018-06-10T15:00:00+00:00,0.060998909431095295,0.0657
85,2018-06-10T16:00:00+00:00,0.060444841872504596,0.0679
85,2018-06-10T17:00:00+00:00,0.060559337387541226,0.0676
85,2018-06-10T18:00:00+00:00,0.06227499469737669,0.064
85,2018-06-10T19:00:00+00:00,0.05875166132560895,0.0644
85,2018-06-10T20:00:00+00:00,0.0519907801164769,0.0522
85,2018-06-10T21:00:00+00:00,0.043669440084333794,0.0399
85,2018-06-10T22:00:00+00:00,0.03446466781395205,0.0343
85,2018-06-10T23:00:00+00:00,0.02427908070905406,0.0317
85,2018-06-11T00:00:00+00:00,0.023146019799609646,0.0267
85,2018-06-11T01:00:00+00:00,0.01570747181168594,0.0208
85,2018-06-11T02:00:00+00:00,0.009038713790869173,0.0137
85,2018-06-11T03:00:00+00:00,0.00433019643737919,0.0091
85,2018-06-11T04:00:00+00:00,0.00032121585119134627,0.0066
85,2018-06-11T05:00:00+00:00,0.002647187978162848,0.0046
85,2018-06-11T06:00:00+00:00,0.0023333696739968393,0.004
85,2018-06-11T07:00:00+00:00,0.006400803211664176,0.0052
85,2018-06-11T08:00:00+00:00,0.014598639060565145,0.0087
85,2018-06-11T09:00:00+00:00,0.01796019655246902,0.014
86,2018-06-08T10:00:00+00:00,0.048154835723228706,0.0552
86,2018-06-08T11:00:00+00:00,0.055331038885985326,0.0498
86,2018-06-08T12:00:00+00:00,0.06327644612866326,0.0478
86,2018-06-08T13:00:00+00:00,0.061095270641156225,0.0522
86,2018-06-08T14:00:00+00:00,0.06546964431364093,0.0594
86,2018-06-08T15:00:00+00:00,0.06773142785201437,0.064
86,2018-06-08T16:00:00+00:00,0.06804201281085645,0.07
86,2018-06-08T17:00:00+00:00,0.07313491602133484,0.0757
86,2018-06-08T18:00:00+00:00,0.07745759794312401,0.0755
86,2018-06-08T19:00:00+00:00,0.06871814542159872,0.077
86,2018-06-08T20:00:00+00:00,0.06557199598519348,0.0636
86,2018-06-08T21:00:00+00:00,0.05946839247192054,0.0516
86,2018-06-08T22:00:00+00:00,0.04610790672839598,0.0442
86,2018-06-08T23:00:00+00:00,0.041307835363981395,0.0327
86,2018-06-09T00:00:00+00:00,0.026950342994628496,0.0213
86,2018-06-09T01:00:00+00:00,0.019576809685790966,0.015
86,2018-06-09T02:00:00+00:00,0.011869121207964125,0.0088
86,2018-06-09T03:00:00+00:00,0.0035122269096039757,0.006
86,2018-06-09T04:00:00+00:00,-0.0026529020686959642,0.0054
86,2018-06-09T05:00:00+00:00,0.004122685848721507,0.0062
86,2018-06-09T06:00:00+00:00,0.006890446155803077,0.009
86,2018-06-09T07:00:00+00:00,0.01814721362197569,0.0151
86,2018-06-09T08:00:00+00:00,0.024912129202227365,0.0274
86,2018-06-09T09:00:00+00:00,0.038546458198572914,0.0438
86,2018-06-09T10:00:00+00:00,0.039885375426974394,0.0504
86,2018-06-09T11:00:00+00:00,0.04803427664134752,0.044
86,2018-06-09T12:00:00+00:00,0.0506558387749127,0.0506
86,2018-06-09T13:00:00+00:00,0.0628960852435348,0.0598
86,2018-06-09T14:00:00+00:00,0.0667896679857584,0.062
86,2018-06-09T15:00:00+00:00,0.06505885906934683,0.0688
86,2018-06-09T16:00:00+00:00,0.07014962760351964,0.0735
86,2018-06-09T17:00:00+00:00,0.07158821562574547,0.0868
86,2018-06-09T18:00:00+00:00,0.0687934689998104,0.078
86,2018-06-09T19:00:00+00:00,0.06955161328419537,0.0837
86,2018-06-09T20:00:00+00:00,0.06216628912629221,0.0605
86,2018-06-09T21:00:00+00:00,0.05531953628088268,0.0372
86,2018-06-09T22:00:00+00:00,0.046961507805189914,0.0285
86,2018-06-09T23:00:00+00:00,0.039249824642006464,0.0252
86,2018-06-10T00:00:00+00:00,0.02628430310003948,0.029
86,2018-06-10T01:00:00+00:00,0.017216164734286336,0.0199
86,2018-06-10T02:00:00+00:00,0.014186985951295543,0.0153
86,2018-06-10T03:00:00+00:00,0.007477849755330446,0.0087
86,2018-06-10T04:00:00+00:00,0.0015371082585934788,0.0058
86,2018-06-10T05:00:00+00:00,-0.0010239560623345016,0.0052
86,2018-06-10T06:00:00+00:00,-5.7578490660001314e-05,0.0055
86,2018-06-10T07:00:00+00:00,0.008108527546344408,0.0084
86,2018-06-10T08:00:00+00:00,0.0117459031799606,0.0138
86,2018-06-10T09:00:00+00:00,0.02309051090512891,0.0216
86,2018-06-10T10:00:00+00:00,0.02672758367371153,0.0296
86,2018-06-10T11:00:00+00:00,0.04056075505258147,0.0384
86,2018-06-10T12:00:00+00:00,0.04207440451811061,0.0518
86,2018-06-10T13:00:00+00:00,0.05625236267301045,0.0617
86,2018-06-10T14:00:00+00:00,0.058108649617193295,0.0661
86,2018-06-10T15:00:00+00:00,0.058690196433588686,0.0657
86,2018-06-10T16:00:00+00:00,0.05598589575030023,0.0679
86,2018-06-10T17:00:00+00:00,0.05951313294791449,0.0676
86,2018-06-10T18:00:00+00:00,0.0560972832434751,0.064
86,2018-06-10T19:00:00+00:00,0.055371184168366464,0.0644
86,2018-06-10T20:00:00+00:00,0.050876790304887884,0.0522
86,2018-06-10T21:00:00+00:00,0.045742363253944526,0.0399
86,2018-06-10T22:00:00+00:00,0.04210912642766643,0.0343
86,2018-06-10T23:00:00+00:00,0.029916023512425345,0.0317
86,2018-06-11T00:00:00+00:00,0.024519531525380403,0.0267
86,2018-06-11T01:00:00+00:00,0.016564236261537427,0.0208
86,2018-06-11T02:00:00+00:00,0.01165881172865136,0.0137
86,2018-06-11T03:00:00+00:00,0.0067011617759933535,0.0091
86,2018-06-11T04:00:00+00:00,0.0024728609535628714,0.0066
86,2018-06-11T05:00:00+00:00,0.000862542191128305,0.0046
86,2018-06-11T06:00:00+00:00,-0.0003575986816413204,0.004
86,2018-06-11T07:00:00+00:00,0.004616030012443099,0.0052
86,2018-06-11T08:00:00+00:00,0.019649280066513952,0.0087
86,2018-06-11T09:00:00+00:00,0.021146392056847842,0.014
86,2018-06-11T10:00:00+00:00,0.03026864196047855,0.0215
86,2018-06-11T11:00:00+00:00,0.03649651935192379,0.0292
86,2018-06-11T12:00:00+00:00,0.04267834350410886,0.0378
86,2018-06-11T13:00:00+00:00,0.04955530870316052,0.0445
86,2018-06-11T14:00:00+00:00,0.05173376049408977,0.0504
86,2018-06-11T15:00:00+00:00,0.05357445302213019,0.0537
86,2018-06-11T16:00:00+00:00,0.05144751335160071,0.0528
86,2018-06-11T17:00:00+00:00,0.056152571777534854,0.0535
86,2018-06-11T18:00:00+00:00,0.05514556225070114,0.0566
86,2018-06-11T19:00:00+00:00,0.048995789573965526,0.0558
86,2018-06-11T20:00:00+00:00,0.044478889705405956,0.0489
86,2018-06-11T21:00:00+00:00,0.038645288280838554,0.0346
86,2018-06-11T22:00:00+00:00,0.034004757861212494,0.0276
86,2018-06-11T23:00:00+00:00,0.025649877093144514,0.0219
86,2018-06-12T00:00:00+00:00,0.015810561847303107,0.0142
86,2018-06-12T01:00:00+00:00,0.010646929207863684,0.0102
86,2018-06-12T02:00:00+00:00,0.010289268579182591,0.0082
86,2018-06-12T03:00:00+00:00,0.00571470738567955,0.004
86,2018-06-12T04:00:00+00:00,0.0060517648371802395,0.0041
86,2018-06-12T05:00:00+00:00,0.005811264935831215,0.0051
86,2018-06-12T06:00:00+00:00,0.011782668906311935,0.0091
86,2018-06-12T07:00:00+00:00,0.021132773573958926,0.0164
86,2018-06-12T08:00:00+00:00,0.032531596228861086,0.0296
86,2018-06-12T09:00:00+00:00,0.04462846116877903,0.0475
87,2018-06-09T10:00:00+00:00,0.04597390043902416,0.0504
87,2018-06-09T11:00:00+00:00,0.041571102360957596,0.044
87,2018-06-09T12:00:00+00:00,0.05170120772479164,0.0506
87,2018-06-09T13:00:00+00:00,0.05867825728509282,0.0598
87,2018-06-09T14:00:00+00:00,0.062481076598565666,0.062
87,2018-06-09T15:00:00+00:00,0.06505608524338419,0.0688
87,2018-06-09T16:00:00+00:00,0.0682357628833681,0.0735
87,2018-06-09T17:00:00+00:00,0.06777331513051964,0.0868
87,2018-06-09T18:00:00+00:00,0.06910561214703209,0.078
87,2018-06-09T19:00:00+00:00,0.06750954266224603,0.0837
87,2018-06-09T20:00:00+00:00,0.061598072548822755,0.0605
87,2018-06-09T21:00:00+00:00,0.053884927278580685,0.0372
87,2018-06-09T22:00:00+00:00,0.04392114285883845,0.0285
87,2018-06-09T23:00:00+00:00,0.035547705863472126,0.0252
87,2018-06-10T00:00:00+00:00,0.024352795969501247,0.029
87,2018-06-10T01:00:00+00:00,0.016280336845239645,0.0199
87,2018-06-10T02:00:00+00:00,0.009865742116234758,0.0153
87,2018-06-10T03:00:00+00:00,-0.0008153342723122604,0.0087
87,2018-06-10T04:00:00+00:00,-0.0004055892127541698,0.0058
87,2018-06-10T05:00:00+00:00,-0.0024802564672134,0.0052
87,2018-06-10T06:00:00+00:00,-0.001532652350171658,0.0055
87,2018-06-10T07:00:00+00:00,0.007623972734769526,0.0084
87,2018-06-10T08:00:00+00:00,0.02082887253309914,0.0138
87,2018-06-10T09:00:00+00:00,0.029618904559593213,0.0216
87,2018-06-10T10:00:00+00:00,0.038948753822667305,0.0296
87,2018-06-10T11:00:00+00:00,0.04183024308294191,0.0384
87,2018-06-10T12:00:00+00:00,0.04894949090959195,0.0518
87,2018-06-10T13:00:00+00:00,0.052536379986473786,0.0617
87,2018-06-10T14:00:00+00:00,0.05626173269053188,0.0661
87,2018-06-10T15:00:00+00:00,0.061345128027680454,0.0657
87,2018-06-10T16:00:00+00:00,0.06365455536892142,0.0679
87,2018-06-10T17:00:00+00:00,0.0633465729606437,0.0676
87,2018-06-10T18:00:00+00:00,0.06246992698788144,0.064
87,2018-06-10T19:00:00+00:00,0.06189333880313917,0.0644
87,2018-06-10T20:00:00+00:00,0.0552497540884232,0.0522
87,2018-06-10T21:00:00+00:00,0.04693775483166035,0.0399
87,2018-06-10T22:00:00+00:00,0.04104262167589285,0.0343
87,2018-06-10T23:00:00+00:00,0.030135977676514117,0.0317
87,2018-06-11T00:00:00+00:00,0.02333518303340594,0.0267
87,2018-06-11T01:00:00+00:00,0.014854086917864249,0.0208
87,2018-06-11T02:00:00+00:00,0.006946845891227391,0.0137
87,2018-06-11T03:00:00+00:00,0.0011280900751159603,0.0091
87,2018-06-11T04:00:00+00:00,-0.00470283882662071,0.0066
87,2018-06-11T05:00:00+00:00,-0.004471278665573009,0.0046
87,2018-06-11T06:00:00+00:00,0.004265993227710551,0.004
87,2018-06-11T07:00:00+00:00,0.008487743810518391,0.0052
87,2018-06-11T08:00:00+00:00,0.01622848635149203,0.0087
87,2018-06-11T09:00:00+00:00,0.027388651359939033,0.014
87,2018-06-11T10:00:00+00:00,0.03186761686086254,0.0215
87,2018-06-11T11:00:00+00:00,0.03752590381638431,0.0292
87,2018-06-11T12:00:00+00:00,0.04040816224940797,0.0378
87,2018-06-11T13:00:00+00:00,0.04779400649967913,0.0445
87,2018-06-11T14:00:00+00:00,0.05766173153003182,0.0504
87,2018-06-11T15:00:00+00:00,0.0567059249923912,0.0537
87,2018-06-11T16:00:00+00:00,0.054888511297448477,0.0528
87,2018-06-11T17:00:00+00:00,0.05727760885231396,0.0535
87,2018-06-11T18:00:00+00:00,0.06097146359288051,0.0566
87,2018-06-11T19:00:00+00:00,0.05875534792412106,0.0558
87,2018-06-11T20:00:00+00:00,0.049082851783133596,0.0489
87,2018-06-11T21:00:00+00:00,0.044867573112784546,0.0346
87,2018-06-11T22:00:00+00:00,0.0373002944310652,0.0276
87,2018-06-11T23:00:00+00:00,0.027361347554981378,0.0219
87,2018-06-12T00:00:00+00:00,0.019403510313580764,0.0142
87,2018-06-12T01:00:00+00:00,0.012456250140236911,0.0102
87,2018-06-12T02:00:00+00:00,0.0077749582645407316,0.0082
87,2018-06-12T03:00:00+00:00,-0.0005007431401295483,0.004
87,2018-06-12T04:00:00+00:00,-0.0016384337071388838,0.0041
87,2018-06-12T05:00:00+00:00,-0.0006232969537835788,0.0051
87,2018-06-12T06:00:00+00:00,0.010378523948938598,0.0091
87,2018-06-12T07:00:00+00:00,0.020330684617564758,0.0164
87,2018-06-12T08:00:00+00:00,0.0303610001302854,0.0296
87,2018-06-12T09:00:00+00:00,0.04094264175086182,0.0475
87,2018-06-12T10:00:00+00:00,0.04335833085567498,0.0507
87,2018-06-12T11:00:00+00:00,0.04315697469337193,0.0425
87,2018-06-12T12:00:00+00:00,0.04720849319570612,0.0475
87,2018-06-12T13:00:00+00:00,0.051478307414979746,0.0526
87,2018-06-12T14:00:00+00:00,0.06280063053985022,0.0577
87,2018-06-12T15:00:00+00:00,0.06067740879869839,0.0593
87,2018-06-12T16:00:00+00:00,0.060682680739006914,0.0753
87,2018-06-12T17:00:00+00:00,0.0656752875827123,0.0794
87,2018-06-12T18:00:00+00:00,0.06947196186909017,0.0789
87,2018-06-12T19:00:00+00:00,0.06494207848985001,0.0814
87,2018-06-12T20:00:00+00:00,0.06301235199683675,0.0677
87,2018-06-12T21:00:00+00:00,0.04675149074728887,0.0491
87,2018-06-12T22:00:00+00:00,0.03898282300585766,0.0388
87,2018-06-12T23:00:00+00:00,0.02809937533496403,0.0253
87,2018-06-13T00:00:00+00:00,0.017506257218339583,0.0175
87,2018-06-13T01:00:00+00:00,0.01114451348205529,0.0118
87,2018-06-13T02:00:00+00:00,0.0031726170369238,0.0079
87,2018-06-13T03:00:00+00:00,0.00581350822580402,0.0058
87,2018-06-13T04:00:00+00:00,0.003649209631202275,0.0045
87,2018-06-13T05:00:00+00:00,0.003625093219632426,0.0056
87,2018-06-13T06:00:00+00:00,0.011597344747906722,0.0101
87,2018-06-13T07:00:00+00:00,0.021745864305781987,0.0173
87,2018-06-13T08:00:00+00:00,0.03526832331362331,0.031
87,2018-06-13T09:00:00+00:00,0.04527087236893847,0.0471
88,2018-06-10T10:00:00+00:00,0.02760325943400416,0.0296
88,2018-06-10T11:00:00+00:00,0.036834415426258815,0.0384
88,2018-06-10T12:00:00+00:00,0.04681415247837284,0.0518
88,2018-06-10T13:00:00+00:00,0.05698860668238158,0.0617
88,2018-06-10T14:00:00+00:00,0.06316510040997578,0.0661
88,2018-06-10T15:00:00+00:00,0.06745670629059602,0.0657
88,2018-06-10T16:00:00+00:00,0.06771513580193254,0.0679
88,2018-06-10T17:00:00+00:00,0.06375686944343532,0.0676
88,2018-06-10T18:00:00+00:00,0.06057091309799681,0.064
88,2018-06-10T19:00:00+00:00,0.05815375561995191,0.0644
88,2018-06-10T20:00:00+00:00,0.05146484349769417,0.0522
88,2018-06-10T21:00:00+00:00,0.04979997560962664,0.0399
88,2018-06-10T22:00:00+00:00,0.03785072186526102,0.0343
88,2018-06-10T23:00:00+00:00,0.03136767441685781,0.0317
88,2018-06-11T00:00:00+00:00,0.019287832580551015,0.0267
88,2018-06-11T01:00:00+00:00,0.017158507586791605,0.0208
88,2018-06-11T02:00:00+00:00,0.011041175932600341,0.0137
88,2018-06-11T03:00:00+00:00,0.004103690989305582,0.0091
88,2018-06-11T04:00:00+00:00,0.004061477869798685,0.0066
88,2018-06-11T05:00:00+00:00,4.236279297019363e-05,0.0046
88,2018-06-11T06:00:00+00:00,-0.002331209273657063,0.004
88,2018-06-11T07:00:00+00:00,0.008610201542851428,0.0052
88,2018-06-11T08:00:00+00:00,0.01321752124500298,0.0087
88,2018-06-11T09:00:00+00:00,0.021223862843711326,0.014
88,2018-06-11T10:00:00+00:00,0.024974064057230766,0.0215
88,2018-06-11T11:00:00+00:00,0.032423232164211016,0.0292
88,2018-06-11T12:00:00+00:00,0.043474931804876035,0.0378
88,2018-06-11T13:00:00+00:00,0.043911761353332995,0.0445
88,2018-06-11T14:00:00+00:00,0.04856725643870409,0.0504
88,2018-06-11T15:00:00+00:00,0.05742968469620603,0.0537
88,2018-06-11T16:00:00+00:00,0.058666965641151494,0.0528
88,2018-06-11T17:00:00+00:00,0.062202891932142734,0.0535
88,2018-06-11T18:00:00+00:00,0.05624612991949196,0.0566
88,2018-06-11T19:00:00+00:00,0.057375164812714236,0.0558
88,2018-06-11T20:00:00+00:00,0.04925470575808012,0.0489
88,2018-06-11T21:00:00+00:00,0.04388000229929526,0.0346
88,2018-06-11T22:00:00+00:00,0.03550789791007666,0.0276
88,2018-06-11T23:00:00+00:00,0.026360750411961925,0.0219
88,2018-06-12T00:00:00+00:00,0.012071964542018237,0.0142
88,2018-06-12T01:00:00+00:00,0.009341326088792998,0.0102
88,2018-06-12T02:00:00+00:00,0.005970413200438288,0.0082
88,2018-06-12T03:00:00+00:00,0.0041172802300533315,0.004
88,2018-06-12T04:00:00+00:00,0.004863238896466841,0.0041
88,2018-06-12T05:00:00+00:00,0.004410737649065789,0.0051
88,2018-06-12T06:00:00+00:00,0.008967415184517456,0.0091
88,2018-06-12T07:00:00+00:00,0.01663015222518903,0.0164
88,2018-06-12T08:00:00+00:00,0.028232066772345268,0.0296
88,2018-06-12T09:00:00+00:00,0.03455691580354841,0.0475
88,2018-06-12T10:00:00+00:00,0.037916732343690335,0.0507
88,2018-06-12T11:00:00+00:00,0.04261033986044997,0.0425
88,2018-06-12T12:00:00+00:00,0.04474062775614371,0.0475
88,2018-06-12T13:00:00+00:00,0.051009154856905305,0.0526
88,2018-06-12T14:00:00+00:00,0.055131686854714784,0.0577
88,2018-06-12T15:00:00+00:00,0.061084985762360974,0.0593
88,2018-06-12T16:00:00+00:00,0.06664008607876348,0.0753
88,2018-06-12T17:00:00+00:00,0.06635423161645587,0.0794
88,2018-06-12T18:00:00+00:00,0.06218345008571174,0.0789
88,2018-06-12T19:00:00+00:00,0.060957147476052194,0.0814
88,2018-06-12T20:00:00+00:00,0.05712181925649299,0.0677
88,2018-06-12T21:00:00+00:00,0.04730676767728949,0.0491
88,2018-06-12T22:00:00+00:00,0.0382490165378257,0.0388
88,2018-06-12T23:00:00+00:00,0.028994134725458285,0.0253
88,2018-06-13T00:00:00+00:00,0.020770354831164184,0.0175
88,2018-06-13T01:00:00+00:00,0.01223246421129235,0.0118
88,2018-06-13T02:00:00+00:00,0.009524711910983353,0.0079
88,2018-06-13T03:00:00+00:00,0.001714963138653488,0.0058
88,2018-06-13T04:00:00+00:00,0.0020627106814771028,0.0045
88,2018-06-13T05:00:00+00:00,0.007037379560297513,0.0056
88,2018-06-13T06:00:00+00:00,0.0099476075791716,0.0101
88,2018-06-13T07:00:00+00:00,0.020599944164756953,0.0173
88,2018-06-13T08:00:00+00:00,0.03268095150926192,0.031
88,2018-06-13T09:00:00+00:00,0.04034490732060307,0.0471
88,2018-06-13T10:00:00+00:00,0.04709586708898016,0.0555
88,2018-06-13T11:00:00+00:00,0.04600956436327061,0.0463
88,2018-06-13T12:00:00+00:00,0.051759942654061024,0.0505
88,2018-06-13T13:00:00+00:00,0.05548397319559324,0.0585
88,2018-06-13T14:00:00+00:00,0.06051135521132586,0.057
88,2018-06-13T15:00:00+00:00,0.06485581835083981,0.0627
88,2018-06-13T16:00:00+00:00,0.06869321440752478,0.0774
88,2018-06-13T17:00:00+00:00,0.07152557478190519,0.0788
88,2018-06-13T18:00:00+00:00,0.06871129858311562,0.0807
88,2018-06-13T19:00:00+00:00,0.0709026628680969,0.0797
88,2018-06-13T20:00:00+00:00,0.06491896466597749,0.0691
88,2018-06-13T21:00:00+00:00,0.05480521505831855,0.055
88,2018-06-13T22:00:00+00:00,0.04413831066461835,0.0421
88,2018-06-13T23:00:00+00:00,0.03192535024679676,0.0314
88,2018-06-14T00:00:00+00:00,0.02303113995928903,0.02
88,2018-06-14T01:00:00+00:00,0.011681136014712212,0.0127
88,2018-06-14T02:00:00+00:00,0.003821299632002558,0.0087
88,2018-06-14T03:00:00+00:00,-0.0008068832935134024,0.0064
88,2018-06-14T04:00:00+00:00,0.0004700834144519099,0.0037
88,2018-06-14T05:00:00+00:00,0.003458283514038152,0.006
88,2018-06-14T06:00:00+00:00,0.011225205081896488,0.0104
88,2018-06-14T07:00:00+00:00,0.021644066146187337,0.0168
88,2018-06-14T08:00:00+00:00,0.036748293143057,0.0311
88,2018-06-14T09:00:00+00:00,0.043072362557889245,0.0502
89,2018-06-11T10:00:00+00:00,0.02010555459448845,0.0215
89,2018-06-11T11:00:00+00:00,0.029830431765213376,0.0292
89,2018-06-11T12:00:00+00:00,0.03842735809066379,0.0378
89,2018-06-11T13:00:00+00:00,0.04998018239332666,0.0445
89,2018-06-11T14:00:00+00:00,0.05619930489657728,0.0504
89,2018-06-11T15:00:00+00:00,0.0563553785589125,0.0537
89,2018-06-11T16:00:00+00:00,0.05855007853671182,0.0528
89,2018-06-11T17:00:00+00:00,0.06127261378374571,0.0535
89,2018-06-11T18:00:00+00:00,0.055271698226648805,0.0566
89,2018-06-11T19:00:00+00:00,0.05115228260559858,0.0558
89,2018-06-11T20:00:00+00:00,0.04710942708758674,0.0489
89,2018-06-11T21:00:00+00:00,0.04212744349602445,0.0346
89,2018-06-11T22:00:00+00:00,0.03227696349624716,0.0276
89,2018-06-11T23:00:00+00:00,0.030284691718533523,0.0219
89,2018-06-12T00:00:00+00:00,0.01770164171767033,0.0142
89,2018-06-12T01:00:00+00:00,0.016212051223790887,0.0102
89,2018-06-12T02:00:00+00:00,0.01150469102360159,0.0082
89,2018-06-12T03:00:00+00:00,0.0028575747402772855,0.004
89,2018-06-12T04:00:00+00:00,0.003947216291891431,0.0041
89,2018-06-12T05:00:00+00:00,0.00415638115024973,0.0051
89,2018-06-12T06:00:00+00:00,0.01044505817500356,0.0091
89,2018-06-12T07:00:00+00:00,0.0187109321315155,0.0164
89,2018-06-12T08:00:00+00:00,0.02302815203907851,0.0296
89,2018-06-12T09:00:00+00:00,0.03131252373860644,0.0475
89,2018-06-12T10:00:00+00:00,0.0370127371362154,0.0507
89,2018-06-12T11:00:00+00:00,0.041263424906437814,0.0425
89,2018-06-12T12:00:00+00:00,0.04841878573307372,0.0475
89,2018-06-12T13:00:00+00:00,0.05331638903755832,0.0526
89,2018-06-12T14:00:00+00:00,0.054092617497534135,0.0577
89,2018-06-12T15:00:00+00:00,0.06387247615983652,0.0593
89,2018-06-12T16:00:00+00:00,0.06563298673678189,0.0753
89,2018-06-12T17:00:00+00:00,0.068081527298478,0.0794
89,2018-06-12T18:00:00+00:00,0.06412730053291134,0.0789
89,2018-06-12T19:00:00+00:00,0.06604632857970419,0.0814
89,2018-06-12T20:00:00+00:00,0.05923901502783892,0.0677
89,2018-06-12T21:00:00+00:00,0.05313393896388549,0.0491
89,2018-06-12T22:00:00+00:00,0.04271368994225114,0.0388
89,2018-06-12T23:00:00+00:00,0.03553606435819891,0.0253
89,2018-06-13T00:00:00+00:00,0.019823413884109756,0.0175
89,2018-06-13T01:00:00+00:00,0.008652608913724685,0.0118
89,2018-06-13T02:00:00+00:00,0.007437180203132575,0.0079
89,2018-06-13T03:00:00+00:00,0.0034278048480389095,0.0058
89,2018-06-13T04:00:00+00:00,0.002157396734593725,0.0045
89,2018-06-13T05:00:00+00:00,0.0038083954928479977,0.0056
89,2018-06-13T06:00:00+00:00,0.010846249908268688,0.0101
89,2018-06-13T07:00:00+00:00,0.021006287736679376,0.0173
89,2018-06-13T08:00:00+00:00,0.029349591749929595,0.031
89,2018-06-13T09:00:00+00:00,0.04192205609568833,0.0471
89,2018-06-13T10:00:00+00:00,0.046934763778363274,0.0555
89,2018-06-13T11:00:00+00:00,0.04684435229966877,0.0463
89,2018-06-13T12:00:00+00:00,0.0495032054737642,0.0505
89,2018-06-13T13:00:00+00:00,0.057852939624985826,0.0585
89,2018-06-13T14:00:00+00:00,0.06139232484353291,0.057
89,2018-06-13T15:00:00+00:00,0.06531237590096636,0.0627
89,2018-06-13T16:00:00+00:00,0.07249768799069824,0.0774
89,2018-06-13T17:00:00+00:00,0.07350004175091242,0.0788
89,2018-06-13T18:00:00+00:00,0.07101191986241491,0.0807
89,2018-06-13T19:00:00+00:00,0.06750208591624704,0.0797
89,2018-06-13T20:00:00+00:00,0.06387280826701126,0.0691
89,2018-06-13T21:00:00+00:00,0.05388218269475921,0.055
89,2018-06-13T22:00:00+00:00,0.04764545642252273,0.0421
89,2018-06-13T23:00:00+00:00,0.035150963113113956,0.0314
89,2018-06-14T00:00:00+00:00,0.020818498883518187,0.02
89,2018-06-14T01:00:00+00:00,0.012644138207805647,0.0127
89,2018-06-14T02:00:00+00:00,0.00647977788007368,0.0087
89,2018-06-14T03:00:00+00:00,0.00159825775323396,0.0064
89,2018-06-14T04:00:00+00:00,0.003519073748087083,0.0037
89,2018-06-14T05:00:00+00:00,0.0081118047548801,0.006
89,2018-06-14T06:00:00+00:00,0.009427571606732608,0.0104
89,2018-06-14T07:00:00+00:00,0.01887560507207981,0.0168
89,2018-06-14T08:00:00+00:00,0.03658801487856605,0.0311
89,2018-06-14T09:00:00+00:00,0.04130598579855223,0.0502
89,2018-06-14T10:00:00+00:00,0.048664929367669044,0.0524
89,2018-06-14T11:00:00+00:00,0.04934660754161225,0.0449
89,2018-06-14T12:00:00+00:00,0.05010395602201246,0.0485
89,2018-06-14T13:00:00+00:00,0.05223139280894187,0.0556
89,2018-06-14T14:00:00+00:00,0.0592170646234402,0.0648
89,2018-06-14T15:00:00+00:00,0.06538466247394484,0.064
89,2018-06-14T16:00:00+00:00,0.06790415700247171,0.0702
89,2018-06-14T17:00:00+00:00,0.07171045613074407,0.0791
89,2018-06-14T18:00:00+00:00,0.07070035738056793,0.0803
89,2018-06-14T19:00:00+00:00,0.07163739255230017,0.0854
89,2018-06-14T20:00:00+00:00,0.06693414505039436,0.0665
89,2018-06-14T21:00:00+00:00,0.053662148114782204,0.055
89,2018-06-14T22:00:00+00:00,0.04384188203519033,0.0448
89,2018-06-14T23:00:00+00:00,0.034442769105481476,0.0324
89,2018-06-15T00:00:00+00:00,0.020783113803975066,0.0221
89,2018-06-15T01:00:00+00:00,0.010643568450353212,0.0134
89,2018-06-15T02:00:00+00:00,0.005556849952732815,0.0097
89,2018-06-15T03:00:00+00:00,0.0017627239100856916,0.0067
89,2018-06-15T04:00:00+00:00,0.00021560576962242547,0.0041
89,2018-06-15T05:00:00+00:00,0.0036925339520737337,0.0065
89,2018-06-15T06:00:00+00:00,0.011073607555885035,0.0101
89,2018-06-15T07:00:00+00:00,0.02467142147280358,0.0164
89,2018-06-15T08:00:00+00:00,0.03737514491320719,0.0283
89,2018-06-15T09:00:00+00:00,0.04431556399205996,0.0463
90,2018-06-12T10:00:00+00:00,0.04040891314581879,0.0507
90,2018-06-12T11:00:00+00:00,0.04699119902210187,0.0425
90,2018-06-12T12:00:00+00:00,0.04729354187458203,0.0475
90,2018-06-12T13:00:00+00:00,0.06009826610405226,0.0526
90,2018-06-12T14:00:00+00:00,0.06244380957836565,0.0577
90,2018-06-12T15:00:00+00:00,0.0665968453068668,0.0593
90,2018-06-12T16:00:00+00:00,0.06510920568154845,0.0753
90,2018-06-12T17:00:00+00:00,0.06859642709769248,0.0794
90,2018-06-12T18:00:00+00:00,0.0703734135324642,0.0789
90,2018-06-12T19:00:00+00:00,0.06710684913615925,0.0814
90,2018-06-12T20:00:00+00:00,0.058220947794193255,0.0677
90,2018-06-12T21:00:00+00:00,0.04854640679204808,0.0491
90,2018-06-12T22:00:00+00:00,0.03966118846295089,0.0388
90,2018-06-12T23:00:00+00:00,0.028696837186692564,0.0253
90,2018-06-13T00:00:00+00:00,0.02003291189400498,0.0175
90,2018-06-13T01:00:00+00:00,0.008264682668930035,0.0118
90,2018-06-13T02:00:00+00:00,0.006795849917834343,0.0079
90,2018-06-13T03:00:00+00:00,-0.004746457657628267,0.0058
90,2018-06-13T04:00:00+00:00,9.994683511199351e-05,0.0045
90,2018-06-13T05:00:00+00:00,-4.392032200806542e-05,0.0056
90,2018-06-13T06:00:00+00:00,0.006787204687669125,0.0101
90,2018-06-13T07:00:00+00:00,0.019928808827068628,0.0173
90,2018-06-13T08:00:00+00:00,0.031672881432629606,0.031
90,2018-06-13T09:00:00+00:00,0.041637884100860334,0.0471
90,2018-06-13T10:00:00+00:00,0.04541300484046969,0.0555
90,2018-06-13T11:00:00+00:00,0.047414602250311896,0.0463
90,2018-06-13T12:00:00+00:00,0.055329374172662864,0.0505
90,2018-06-13T13:00:00+00:00,0.05544792807914937,0.0585
90,2018-06-13T14:00:00+00:00,0.058241030879005666,0.057
90,2018-06-13T15:00:00+00:00,0.06432707448650452,0.0627
90,2018-06-13T16:00:00+00:00,0.0677856511366457,0.0774
90,2018-06-13T17:00:00+00:00,0.07149216354689121,0.0788
90,2018-06-13T18:00:00+00:00,0.07152989844134998,0.0807
90,2018-06-13T19:00:00+00:00,0.06851729786367963,0.0797
90,2018-06-13T20:00:00+00:00,0.06109973006768503,0.0691
90,2018-06-13T21:00:00+00:00,0.05359431470215944,0.055
90,2018-06-13T22:00:00+00:00,0.04636714666478785,0.0421
90,2018-06-13T23:00:00+00:00,0.031398177103187305,0.0314
90,2018-06-14T00:00:00+00:00,0.021837908122571234,0.02
90,2018-06-14T01:00:00+00:00,0.008597479122717012,0.0127
90,2018-06-14T02:00:00+00:00,0.002692289803472723,0.0087
90,2018-06-14T03:00:00+00:00,0.0006390424174223634,0.0064
90,2018-06-14T04:00:00+00:00,0.0013673973148500204,0.0037
90,2018-06-14T05:00:00+00:00,0.0005828766191274294,0.006
90,2018-06-14T06:00:00+00:00,0.005133313046163133,0.0104
90,2018-06-14T07:00:00+00:00,0.015069456331962047,0.0168
90,2018-06-14T08:00:00+00:00,0.030106664518713036,0.0311
90,2018-06-14T09:00:00+00:00,0.036961176975155136,0.0502
90,2018-06-14T10:00:00+00:00,0.04500603151814987,0.0524
90,2018-06-14T11:00:00+00:00,0.046853357834787716,0.0449
90,2018-06-14T12:00:00+00:00,0.04894705545697715,0.0485
90,2018-06-14T13:00:00+00:00,0.05567131506173936,0.0556
90,2018-06-14T14:00:00+00:00,0.057726699212819685,0.0648
90,2018-06-14T15:00:00+00:00,0.058870200611024874,0.064
90,2018-06-14T16:00:00+00:00,0.06709814333298732,0.0702
90,2018-06-14T17:00:00+00:00,0.06984612759773878,0.0791
90,2018-06-14T18:00:00+00:00,0.06928345031729716,0.0803
90,2018-06-14T19:00:00+00:00,0.06603557582665018,0.0854
90,2018-06-14T20:00:00+00:00,0.0629342838348036,0.0665
90,2018-06-14T21:00:00+00:00,0.05492678717151893,0.055
90,2018-06-14T22:00:00+00:00,0.04347902779336456,0.0448
90,2018-06-14T23:00:00+00:00,0.03252117636625346,0.0324
90,2018-06-15T00:00:00+00:00,0.02067552674479044,0.0221
90,2018-06-15T01:00:00+00:00,0.010649728098518767,0.0134
90,2018-06-15T02:00:00+00:00,0.007062262533710957,0.0097
90,2018-06-15T03:00:00+00:00,3.9327876461360545e-05,0.0067
90,2018-06-15T04:00:00+00:00,-1.576849495640506e-05,0.0041
90,2018-06-15T05:00:00+00:00,0.00018387178027712975,0.0065
90,2018-06-15T06:00:00+00:00,0.008500831757417462,0.0101
90,2018-06-15T07:00:00+00:00,0.019515555754932017,0.0164
90,2018-06-15T08:00:00+00:00,0.030189498627576215,0.0283
90,2018-06-15T09:00:00+00:00,0.03773340343923905,0.0463
90,2018-06-15T10:00:00+00:00,0.04988287707985073,0.0507
90,2018-06-15T11:00:00+00:00,0.0449415024674796,0.0467
90,2018-06-15T12:00:00+00:00,0.053264622092785485,0.0484
90,2018-06-15T13:00:00+00:00,0.05383047841171745,0.056
90,2018-06-15T14:00:00+00:00,0.05922575162809281,0.0592
90,2018-06-15T15:00:00+00:00,0.06060976754871761,0.0646
90,2018-06-15T16:00:00+00:00,0.06940594982411757,0.0758
90,2018-06-15T17:00:00+00:00,0.06827609615094248,0.0821
90,2018-06-15T18:00:00+00:00,0.07136070341252579,0.0841
90,2018-06-15T19:00:00+00:00,0.06779257734665485,0.0851
90,2018-06-15T20:00:00+00:00,0.064622691646515,0.0729
90,2018-06-15T21:00:00+00:00,0.05621438339780045,0.056
90,2018-06-15T22:00:00+00:00,0.04347799700788823,0.0502
90,2018-06-15T23:00:00+00:00,0.03203989275813171,0.0325
90,2018-06-16T00:00:00+00:00,0.02430990923638519,0.0239
90,2018-06-16T01:00:00+00:00,0.011127446515232384,0.0161
90,2018-06-16T02:00:00+00:00,0.004503192944555822,0.0107
90,2018-06-16T03:00:00+00:00,-0.002375910063887994,0.0056
90,2018-06-16T04:00:00+00:00,0.004421362989933262,0.0055
90,2018-06-16T05:00:00+00:00,0.00494332685496527,0.0061
90,2018-06-16T06:00:00+00:00,0.011126086755667862,0.0075
90,2018-06-16T07:00:00+00:00,0.019140406237105383,0.0153
90,2018-06-16T08:00:00+00:00,0.02751998199339356,0.0301
90,2018-06-16T09:00:00+00:00,0.04103551896867448,0.0467
91,2018-06-13T10:00:00+00:00,0.047866552074479415,0.0555
91,2018-06-13T11:00:00+00:00,0.04803342444180477,0.0463
91,2018-06-13T12:00:00+00:00,0.044947860544460254,0.0505
91,2018-06-13T13:00:00+00:00,0.05611065316816405,0.0585
91,2018-06-13T14:00:00+00:00,0.06072973343287787,0.057
91,2018-06-13T15:00:00+00:00,0.06165296213652794,0.0627
91,2018-06-13T16:00:00+00:00,0.06705848681210864,0.0774
91,2018-06-13T17:00:00+00:00,0.0713906766072276,0.0788
91,2018-06-13T18:00:00+00:00,0.0723833846383036,0.0807
91,2018-06-13T19:00:00+00:00,0.07320838063485768,0.0797
91,2018-06-13T20:00:00+00:00,0.06581988579336168,0.0691
91,2018-06-13T21:00:00+00:00,0.05429060141434269,0.055
91,2018-06-13T22:00:00+00:00,0.0462785920620578,0.0421
91,2018-06-13T23:00:00+00:00,0.03397554705090552,0.0314
91,2018-06-14T00:00:00+00:00,0.02137228968612993,0.02
91,2018-06-14T01:00:00+00:00,0.009431408593399315,0.0127
91,2018-06-14T02:00:00+00:00,0.006034399182772501,0.0087
91,2018-06-14T03:00:00+00:00,-0.007697622585419513,0.0064
91,2018-06-14T04:00:00+00:00,-0.0010453466886021952,0.0037
91,2018-06-14T05:00:00+00:00,-0.0007197646887873548,0.006
91,2018-06-14T06:00:00+00:00,0.011096995002649945,0.0104
91,2018-06-14T07:00:00+00:00,0.019132781348794647,0.0168
91,2018-06-14T08:00:00+00:00,0.0346433064878317,0.0311
91,2018-06-14T09:00:00+00:00,0.04249093793186946,0.0502
91,2018-06-14T10:00:00+00:00,0.05120837320981621,0.0524
91,2018-06-14T11:00:00+00:00,0.049475513166073834,0.0449
91,2018-06-14T12:00:00+00:00,0.051276052056835636,0.0485
91,2018-06-14T13:00:00+00:00,0.05650479545668223,0.0556
91,2018-06-14T14:00:00+00:00,0.05936873943225333,0.0648
91,2018-06-14T15:00:00+00:00,0.06219132457658463,0.064
91,2018-06-14T16:00:00+00:00,0.06774764053057017,0.0702
91,2018-06-14T17:00:00+00:00,0.06867372660915766,0.0791
91,2018-06-14T18:00:00+00:00,0.07237780356678838,0.0803
91,2018-06-14T19:00:00+00:00,0.07386855121396851,0.0854
91,2018-06-14T20:00:00+00:00,0.06551266785820319,0.0665
91,2018-06-14T21:00:00+00:00,0.05676648755548386,0.055
91,2018-06-14T22:00:00+00:00,0.05292045880097988,0.0448
91,2018-06-14T23:00:00+00:00,0.038793466565057194,0.0324
91,2018-06-15T00:00:00+00:00,0.023329250011834474,0.0221
91,2018-06-15T01:00:00+00:00,0.008835044366326938,0.0134
91,2018-06-15T02:00:00+00:00,0.003262943922281346,0.0097
91,2018-06-15T03:00:00+00:00,-0.0006125797090438499,0.0067
91,2018-06-15T04:00:00+00:00,-0.001545746563243841,0.0041
91,2018-06-15T05:00:00+00:00,-0.004059342534151342,0.0065
91,2018-06-15T06:00:00+00:00,0.006245663209122114,0.0101
91,2018-06-15T07:00:00+00:00,0.017331839334229535,0.0164
91,2018-06-15T08:00:00+00:00,0.027675360110513747,0.0283
91,2018-06-15T09:00:00+00:00,0.04094434197249856,0.0463
91,2018-06-15T10:00:00+00:00,0.04575983752201947,0.0507
91,2018-06-15T11:00:00+00:00,0.043691918935997984,0.0467
91,2018-06-15T12:00:00+00:00,0.052895264607635384,0.0484
91,2018-06-15T13:00:00+00:00,0.05857989507708594,0.056
91,2018-06-15T14:00:00+00:00,0.060474414032127485,0.0592
91,2018-06-15T15:00:00+00:00,0.06406610926378348,0.0646
91,2018-06-15T16:00:00+00:00,0.07237998419503011,0.0758
91,2018-06-15T17:00:00+00:00,0.07055486101843969,0.0821
91,2018-06-15T18:00:00+00:00,0.07325475867075731,0.0841
91,2018-06-15T19:00:00+00:00,0.07110761685812636,0.0851
91,2018-06-15T20:00:00+00:00,0.06321468881523126,0.0729
91,2018-06-15T21:00:00+00:00,0.0604292453676378,0.056
91,2018-06-15T22:00:00+00:00,0.0487801684685812,0.0502
91,2018-06-15T23:00:00+00:00,0.03679963607678284,0.0325
91,2018-06-16T00:00:00+00:00,0.02171527493739116,0.0239
91,2018-06-16T01:00:00+00:00,0.016389939523440804,0.0161
91,2018-06-16T02:00:00+00:00,0.008915052953299321,0.0107
91,2018-06-16T03:00:00+00:00,-0.0010881697156249828,0.0056
91,2018-06-16T04:00:00+00:00,-0.00036667836647539045,0.0055
91,2018-06-16T05:00:00+00:00,0.0017082833981199377,0.0061
91,2018-06-16T06:00:00+00:00,0.0019651129465894437,0.0075
91,2018-06-16T07:00:00+00:00,0.01938646527836374,0.0153
91,2018-06-16T08:00:00+00:00,0.029381137754081636,0.0301
91,2018-06-16T09:00:00+00:00,0.04226271450800198,0.0467
91,2018-06-16T10:00:00+00:00,0.04844231730182012,0.0481
91,2018-06-16T11:00:00+00:00,0.05122906411342014,0.0403
91,2018-06-16T12:00:00+00:00,0.057834412639828664,0.0436
91,2018-06-16T13:00:00+00:00,0.06179881984797211,0.0551
91,2018-06-16T14:00:00+00:00,0.06780800884229646,0.0579
91,2018-06-16T15:00:00+00:00,0.06930153867033673,0.0642
91,2018-06-16T16:00:00+00:00,0.07361309186868537,0.0731
91,2018-06-16T17:00:00+00:00,0.06859043663620086,0.0973
91,2018-06-16T18:00:00+00:00,0.07426855028561868,0.082
91,2018-06-16T19:00:00+00:00,0.07400673286335488,0.0855
91,2018-06-16T20:00:00+00:00,0.0653563727910848,0.073
91,2018-06-16T21:00:00+00:00,0.05751998860559551,0.0581
91,2018-06-16T22:00:00+00:00,0.04761159820049369,0.0528
91,2018-06-16T23:00:00+00:00,0.03448404490992758,0.0394
91,2018-06-17T00:00:00+00:00,0.027368520234466124,0.0293
91,2018-06-17T01:00:00+00:00,0.014626191423722767,0.0213
91,2018-06-17T02:00:00+00:00,0.012107221165012633,0.0141
91,2018-06-17T03:00:00+00:00,0.007872171674144404,0.01
91,2018-06-17T04:00:00+00:00,0.003823085491338453,0.0072
91,2018-06-17T05:00:00+00:00,0.0018484785777984764,0.0053
91,2018-06-17T06:00:00+00:00,-0.0011486257537747964,0.006
91,2018-06-17T07:00:00+00:00,0.010539765115363874,0.008
91,2018-06-17T08:00:00+00:00,0.02013329703156369,0.0147
91,2018-06-17T09:00:00+00:00,0.02548434986431309,0.0248
92,2018-06-14T10:00:00+00:00,0.051498933568128215,0.0524
92,2018-06-14T11:00:00+00:00,0.058270912169835244,0.0449
92,2018-06-14T12:00:00+00:00,0.05382805758017324,0.0485
92,2018-06-14T13:00:00+00:00,0.056913665340729516,0.0556
92,2018-06-14T14:00:00+00:00,0.06337529083199947,0.0648
92,2018-06-14T15:00:00+00:00,0.061770127041308756,0.064
92,2018-06-14T16:00:00+00:00,0.06685555470726884,0.0702
92,2018-06-14T17:00:00+00:00,0.07099368947611821,0.0791
92,2018-06-14T18:00:00+00:00,0.07132585931259436,0.0803
92,2018-06-14T19:00:00+00:00,0.07097097250987591,0.0854
92,2018-06-14T20:00:00+00:00,0.06463592998156867,0.0665
92,2018-06-14T21:00:00+00:00,0.05639745382261102,0.055
92,2018-06-14T22:00:00+00:00,0.045558810333804614,0.0448
92,2018-06-14T23:00:00+00:00,0.03311698838682066,0.0324
92,2018-06-15T00:00:00+00:00,0.02560331054987055,0.0221
92,2018-06-15T01:00:00+00:00,0.013443206868761565,0.0134
92,2018-06-15T02:00:00+00:00,0.004226489183710842,0.0097
92,2018-06-15T03:00:00+00:00,-0.002981592090372562,0.0067
92,2018-06-15T04:00:00+00:00,-0.0009835350683365975,0.0041
92,2018-06-15T05:00:00+00:00,-0.00128932431602638,0.0065
92,2018-06-15T06:00:00+00:00,0.008952743984546329,0.0101
92,2018-06-15T07:00:00+00:00,0.016596286692624695,0.0164
92,2018-06-15T08:00:00+00:00,0.027239516962140272,0.0283
92,2018-06-15T09:00:00+00:00,0.03993280826868059,0.0463
92,2018-06-15T10:00:00+00:00,0.05058767743256392,0.0507
92,2018-06-15T11:00:00+00:00,0.04769532471684373,0.0467
92,2018-06-15T12:00:00+00:00,0.05773832505266013,0.0484
92,2018-06-15T13:00:00+00:00,0.05865766664025863,0.056
92,2018-06-15T14:00:00+00:00,0.061280233450245525,0.0592
92,2018-06-15T15:00:00+00:00,0.06317506989139123,0.0646
92,2018-06-15T16:00:00+00:00,0.06354992072163303,0.0758
92,2018-06-15T17:00:00+00:00,0.06651396054643766,0.0821
92,2018-06-15T18:00:00+00:00,0.06820325397728173,0.0841
92,2018-06-15T19:00:00+00:00,0.06739153391281996,0.0851
92,2018-06-15T20:00:00+00:00,0.05926141450797707,0.0729
92,2018-06-15T21:00:00+00:00,0.0546650888065442,0.056
92,2018-06-15T22:00:00+00:00,0.04880862942683954,0.0502
92,2018-06-15T23:00:00+00:00,0.03588951725163772,0.0325
92,2018-06-16T00:00:00+00:00,0.025674644664536544,0.0239
92,2018-06-16T01:00:00+00:00,0.014806141294325349,0.0161
92,2018-06-16T02:00:00+00:00,0.0036917402368133387,0.0107
92,2018-06-16T03:00:00+00:00,-0.0007729832969969735,0.0056
92,2018-06-16T04:00:00+00:00,-0.0033071907999823597,0.0055
92,2018-06-16T05:00:00+00:00,-0.0010834304000306647,0.0061
92,2018-06-16T06:00:00+00:00,0.003713112064561711,0.0075
92,2018-06-16T07:00:00+00:00,0.01106585629974995,0.0153
92,2018-06-16T08:00:00+00:00,0.02380998089126995,0.0301
92,2018-06-16T09:00:00+00:00,0.03402186764688497,0.0467
92,2018-06-16T10:00:00+00:00,0.045414943176684555,0.0481
92,2018-06-16T11:00:00+00:00,0.05315586639231615,0.0403
92,2018-06-16T12:00:00+00:00,0.05655492275282504,0.0436
92,2018-06-16T13:00:00+00:00,0.061416704434373304,0.0551
92,2018-06-16T14:00:00+00:00,0.06384768926774406,0.0579
92,2018-06-16T15:00:00+00:00,0.06384344706854969,0.0642
92,2018-06-16T16:00:00+00:00,0.06593003676170983,0.0731
92,2018-06-16T17:00:00+00:00,0.07010067625919685,0.0973
92,2018-06-16T18:00:00+00:00,0.06236503751621999,0.082
92,2018-06-16T19:00:00+00:00,0.06209890687813325,0.0855
92,2018-06-16T20:00:00+00:00,0.060889779848963814,0.073
92,2018-06-16T21:00:00+00:00,0.05457903545124658,0.0581
92,2018-06-16T22:00:00+00:00,0.04389319468241281,0.0528
92,2018-06-16T23:00:00+00:00,0.03562698653000176,0.0394
92,2018-06-17T00:00:00+00:00,0.026522415067253113,0.0293
92,2018-06-17T01:00:00+00:00,0.01820355591747984,0.0213
92,2018-06-17T02:00:00+00:00,0.011128380175025536,0.0141
92,2018-06-17T03:00:00+00:00,0.006290236587166511,0.01
92,2018-06-17T04:00:00+00:00,0.00020463996668272644,0.0072
92,2018-06-17T05:00:00+00:00,0.001327061958551267,0.0053
92,2018-06-17T06:00:00+00:00,-0.000247046678214239,0.006
92,2018-06-17T07:00:00+00:00,0.006836262556934765,0.008
92,2018-06-17T08:00:00+00:00,0.014230108710265348,0.0147
92,2018-06-17T09:00:00+00:00,0.02762521036058397,0.0248
92,2018-06-17T10:00:00+00:00,0.04007662738514015,0.033
92,2018-06-17T11:00:00+00:00,0.045943323602979556,0.0398
92,2018-06-17T12:00:00+00:00,0.0470050765068126,0.0489
92,2018-06-17T13:00:00+00:00,0.06041466816026329,0.0581
92,2018-06-17T14:00:00+00:00,0.06388402053942656,0.0621
92,2018-06-17T15:00:00+00:00,0.06243812615935633,0.0643
92,2018-06-17T16:00:00+00:00,0.066064989243221,0.0653
92,2018-06-17T17:00:00+00:00,0.0634553787904979,0.0678
92,2018-06-17T18:00:00+00:00,0.06410505979582526,0.0792
92,2018-06-17T19:00:00+00:00,0.05715441171155414,0.0732
92,2018-06-17T20:00:00+00:00,0.052869849009507724,0.0645
92,2018-06-17T21:00:00+00:00,0.04626633856054432,0.0491
92,2018-06-17T22:00:00+00:00,0.03738275570262843,0.0412
92,2018-06-17T23:00:00+00:00,0.029717887640918917,0.0336
92,2018-06-18T00:00:00+00:00,0.020592473842049562,0.0319
92,2018-06-18T01:00:00+00:00,0.015907740792954685,0.0243
92,2018-06-18T02:00:00+00:00,0.009284061621479725,0.0167
92,2018-06-18T03:00:00+00:00,0.006077178346583528,0.0099
92,2018-06-18T04:00:00+00:00,0.0027693115145967714,0.0071
92,2018-06-18T05:00:00+00:00,0.005242666121802141,0.0049
92,2018-06-18T06:00:00+00:00,0.006201985893832213,0.0038
92,2018-06-18T07:00:00+00:00,0.01021525463115057,0.0051
92,2018-06-18T08:00:00+00:00,0.018780398926595193,0.0075
92,2018-06-18T09:00:00+00:00,0.02482942981608602,0.0145
93,2018-06-15T10:00:00+00:00,0.049832400966738216,0.0507
93,2018-06-15T11:00:00+00:00,0.05129510957798264,0.0467
93,2018-06-15T12:00:00+00:00,0.05913283472451712,0.0484
93,2018-06-15T13:00:00+00:00,0.05941164183080215,0.056
93,2018-06-15T14:00:00+00:00,0.06088186567232791,0.0592
93,2018-06-15T15:00:00+00:00,0.06339086644962258,0.0646
93,2018-06-15T16:00:00+00:00,0.06760863592378222,0.0758
93,2018-06-15T17:00:00+00:00,0.06726580941557307,0.0821
93,2018-06-15T18:00:00+00:00,0.07191628738500871,0.0841
93,2018-06-15T19:00:00+00:00,0.06617225359449055,0.0851
93,2018-06-15T20:00:00+00:00,0.06439568281586835,0.0729
93,2018-06-15T21:00:00+00:00,0.053787837103714806,0.056
93,2018-06-15T22:00:00+00:00,0.04180063645936692,0.0502
93,2018-06-15T23:00:00+00:00,0.03569398915250657,0.0325
93,2018-06-16T00:00:00+00:00,0.023899857134344785,0.0239
93,2018-06-16T01:00:00+00:00,0.01618498762213572,0.0161
93,2018-06-16T02:00:00+00:00,0.0086209020777962,0.0107
93,2018-06-16T03:00:00+00:00,0.0009379493183147569,0.0056
93,2018-06-16T04:00:00+00:00,-0.0010626141729645662,0.0055
93,2018-06-16T05:00:00+00:00,0.004448543560153118,0.0061
93,2018-06-16T06:00:00+00:00,0.006441092616026805,0.0075
93,2018-06-16T07:00:00+00:00,0.01530307179778931,0.0153
93,2018-06-16T08:00:00+00:00,0.02432827747849027,0.0301
93,2018-06-16T09:00:00+00:00,0.03740424293239822,0.0467
93,2018-06-16T10:00:00+00:00,0.0415102003801549,0.0481
93,2018-06-16T11:00:00+00:00,0.050533529342009886,0.0403
93,2018-06-16T12:00:00+00:00,0.052288795132063526,0.0436
93,2018-06-16T13:00:00+00:00,0.06117627972710158,0.0551
93,2018-06-16T14:00:00+00:00,0.06518361022103754,0.0579
93,2018-06-16T15:00:00+00:00,0.06613167803488931,0.0642
93,2018-06-16T16:00:00+00:00,0.06926520739865423,0.0731
93,2018-06-16T17:00:00+00:00,0.07004406347388684,0.0973
93,2018-06-16T18:00:00+00:00,0.06454279793938295,0.082
93,2018-06-16T19:00:00+00:00,0.06494598022697218,0.0855
93,2018-06-16T20:00:00+00:00,0.05956960787741611,0.073
93,2018-06-16T21:00:00+00:00,0.05122825786581352,0.0581
93,2018-06-16T22:00:00+00:00,0.043363126566827274,0.0528
93,2018-06-16T23:00:00+00:00,0.03500393676038508,0.0394
93,2018-06-17T00:00:00+00:00,0.02274778152260294,0.0293
93,2018-06-17T01:00:00+00:00,0.018568006989086068,0.0213
93,2018-06-17T02:00:00+00:00,0.011848233964269466,0.0141
93,2018-06-17T03:00:00+00:00,0.006051263543331565,0.01
93,2018-06-17T04:00:00+00:00,-0.0008094691342828003,0.0072
93,2018-06-17T05:00:00+00:00,-0.001475968548233099,0.0053
93,2018-06-17T06:00:00+00:00,0.000842519679322605,0.006
93,2018-06-17T07:00:00+00:00,0.009280212102466798,0.008
93,2018-06-17T08:00:00+00:00,0.012006548827853122,0.0147
93,2018-06-17T09:00:00+00:00,0.025516151737200392,0.0248
93,2018-06-17T10:00:00+00:00,0.030573198338609255,0.033
93,2018-06-17T11:00:00+00:00,0.04345158195514978,0.0398
93,2018-06-17T12:00:00+00:00,0.0437916127057904,0.0489
93,2018-06-17T13:00:00+00:00,0.05865238216760388,0.0581
93,2018-06-17T14:00:00+00:00,0.06099643847016621,0.0621
93,2018-06-17T15:00:00+00:00,0.06516131517711787,0.0643
93,2018-06-17T16:00:00+00:00,0.061989200808075795,0.0653
93,2018-06-17T17:00:00+00:00,0.06204039126492267,0.0678
93,2018-06-17T18:00:00+00:00,0.05845503740045238,0.0792
93,2018-06-17T19:00:00+00:00,0.05741034310854477,0.0732
93,2018-06-17T20:00:00+00:00,0.05016054792007876,0.0645
93,2018-06-17T21:00:00+00:00,0.04614441136420114,0.0491
93,2018-06-17T22:00:00+00:00,0.03535575940445352,0.0412
93,2018-06-17T23:00:00+00:00,0.029891299282063976,0.0336
93,2018-06-18T00:00:00+00:00,0.02287979725765065,0.0319
93,2018-06-18T01:00:00+00:00,0.017620143870222517,0.0243
93,2018-06-18T02:00:00+00:00,0.0117335629963858,0.0167
93,2018-06-18T03:00:00+00:00,0.0041453819277201195,0.0099
93,2018-06-18T04:00:00+00:00,0.004904238467115088,0.0071
93,2018-06-18T05:00:00+00:00,0.00246362461440109,0.0049
93,2018-06-18T06:00:00+00:00,0.006015111901944852,0.0038
93,2018-06-18T07:00:00+00:00,0.010984619542848316,0.0051
93,2018-06-18T08:00:00+00:00,0.020209867578223933,0.0075
93,2018-06-18T09:00:00+00:00,0.025558874505453445,0.0145
93,2018-06-18T10:00:00+00:00,0.028425105634209104,0.0224
93,2018-06-18T11:00:00+00:00,0.041024263877409615,0.0326
93,2018-06-18T12:00:00+00:00,0.04668779405327983,0.0419
93,2018-06-18T13:00:00+00:00,0.057652812676974204,0.0483
93,2018-06-18T14:00:00+00:00,0.05856879141833786,0.0553
93,2018-06-18T15:00:00+00:00,0.0620554927421139,0.0595
93,2018-06-18T16:00:00+00:00,0.05724921682195981,0.0551
93,2018-06-18T17:00:00+00:00,0.0631842519237194,0.0554
93,2018-06-18T18:00:00+00:00,0.06512137041227622,0.0603
93,2018-06-18T19:00:00+00:00,0.0554352912967141,0.0645
93,2018-06-18T20:00:00+00:00,0.05288198032064558,0.054
93,2018-06-18T21:00:00+00:00,0.040442473724625186,0.0396
93,2018-06-18T22:00:00+00:00,0.03348698606599,0.0319
93,2018-06-18T23:00:00+00:00,0.02360200921670771,0.0263
93,2018-06-19T00:00:00+00:00,0.018047578336465617,0.0187
93,2018-06-19T01:00:00+00:00,0.007586204420720846,0.0126
93,2018-06-19T02:00:00+00:00,0.007567366215632639,0.0095
93,2018-06-19T03:00:00+00:00,0.006239190252301137,0.0041
93,2018-06-19T04:00:00+00:00,0.005514171047691516,0.0044
93,2018-06-19T05:00:00+00:00,0.004502779377130665,0.0061
93,2018-06-19T06:00:00+00:00,0.009942254178612657,0.0079
93,2018-06-19T07:00:00+00:00,0.019694100958396132,0.0172
93,2018-06-19T08:00:00+00:00,0.03298486299374355,0.0316
93,2018-06-19T09:00:00+00:00,0.036777112317544706,0.051
94,2018-06-16T10:00:00+00:00,0.04859501976302302,0.0481
94,2018-06-16T11:00:00+00:00,0.05085250888409285,0.0403
94,2018-06-16T12:00:00+00:00,0.05788559056432931,0.0436
94,2018-06-16T13:00:00+00:00,0.06359345182621706,0.0551
94,2018-06-16T14:00:00+00:00,0.06897921508053825,0.0579
94,2018-06-16T15:00:00+00:00,0.06912557617455545,0.0642
94,2018-06-16T16:00:00+00:00,0.06742928133962495,0.0731
94,2018-06-16T17:00:00+00:00,0.0707234252525043,0.0973
94,2018-06-16T18:00:00+00:00,0.07086467314926506,0.082
94,2018-06-16T19:00:00+00:00,0.06585811780422038,0.0855
94,2018-06-16T20:00:00+00:00,0.05875758285919639,0.073
94,2018-06-16T21:00:00+00:00,0.059275958295761655,0.0581
94,2018-06-16T22:00:00+00:00,0.045150752963537044,0.0528
94,2018-06-16T23:00:00+00:00,0.03980692502838163,0.0394
94,2018-06-17T00:00:00+00:00,0.029124558852536467,0.0293
94,2018-06-17T01:00:00+00:00,0.02200434603522774,0.0213
94,2018-06-17T02:00:00+00:00,0.016960412967591473,0.0141
94,2018-06-17T03:00:00+00:00,0.004209138150373694,0.01
94,2018-06-17T04:00:00+00:00,0.003118452236574816,0.0072
94,2018-06-17T05:00:00+00:00,0.005570226143594873,0.0053
94,2018-06-17T06:00:00+00:00,0.0036655852302588873,0.006
94,2018-06-17T07:00:00+00:00,0.01329801650475345,0.008
94,2018-06-17T08:00:00+00:00,0.02258166318477496,0.0147
94,2018-06-17T09:00:00+00:00,0.03095247256488449,0.0248
94,2018-06-17T10:00:00+00:00,0.03741157539929723,0.033
94,2018-06-17T11:00:00+00:00,0.04351381549773801,0.0398
94,2018-06-17T12:00:00+00:00,0.05143199830698432,0.0489
94,2018-06-17T13:00:00+00:00,0.05528841219905327,0.0581
94,2018-06-17T14:00:00+00:00,0.05618346192223488,0.0621
94,2018-06-17T15:00:00+00:00,0.06328930431588169,0.0643
94,2018-06-17T16:00:00+00:00,0.06287072395224075,0.0653
94,2018-06-17T17:00:00+00:00,0.06194412404745836,0.0678
94,2018-06-17T18:00:00+00:00,0.062016510879206566,0.0792
94,2018-06-17T19:00:00+00:00,0.0631065910629383,0.0732
94,2018-06-17T20:00:00+00:00,0.05182409991179353,0.0645
94,2018-06-17T21:00:00+00:00,0.042883911579102936,0.0491
94,2018-06-17T22:00:00+00:00,0.040144981934493104,0.0412
94,2018-06-17T23:00:00+00:00,0.030519336925474934,0.0336
94,2018-06-18T00:00:00+00:00,0.023075863725488033,0.0319
94,2018-06-18T01:00:00+00:00,0.015919737381370713,0.0243
94,2018-06-18T02:00:00+00:00,0.007786195601648456,0.0167
94,2018-06-18T03:00:00+00:00,0.005716858771780103,0.0099
94,2018-06-18T04:00:00+00:00,-0.00016773363645688696,0.0071
94,2018-06-18T05:00:00+00:00,0.0007826025320601115,0.0049
94,2018-06-18T06:00:00+00:00,0.004885020114191636,0.0038
94,2018-06-18T07:00:00+00:00,0.0106126908379994,0.0051
94,2018-06-18T08:00:00+00:00,0.019700351466071755,0.0075
94,2018-06-18T09:00:00+00:00,0.024694417283749215,0.0145
94,2018-06-18T10:00:00+00:00,0.03275477016156539,0.0224
94,2018-06-18T11:00:00+00:00,0.03671409811422338,0.0326
94,2018-06-18T12:00:00+00:00,0.04231292013130864,0.0419
94,2018-06-18T13:00:00+00:00,0.048360034094009394,0.0483
94,2018-06-18T14:00:00+00:00,0.0542969281604578,0.0553
94,2018-06-18T15:00:00+00:00,0.057391953979196,0.0595
94,2018-06-18T16:00:00+00:00,0.05420598092396252,0.0551
94,2018-06-18T17:00:00+00:00,0.058970858327113795,0.0554
94,2018-06-18T18:00:00+00:00,0.054836926071695775,0.0603
94,2018-06-18T19:00:00+00:00,0.054009561461706705,0.0645
94,2018-06-18T20:00:00+00:00,0.04642505237048255,0.054
94,2018-06-18T21:00:00+00:00,0.04128126156819086,0.0396
94,2018-06-18T22:00:00+00:00,0.03530053770957359,0.0319
94,2018-06-18T23:00:00+00:00,0.026394958495322852,0.0263
94,2018-06-19T00:00:00+00:00,0.016536934545304142,0.0187
94,2018-06-19T01:00:00+00:00,0.009707809489210715,0.0126
94,2018-06-19T02:00:00+00:00,0.007509489752079115,0.0095
94,2018-06-19T03:00:00+00:00,0.001019518182391134,0.0041
94,2018-06-19T04:00:00+00:00,0.001354900476947505,0.0044
94,2018-06-19T05:00:00+00:00,0.0007695145851610401,0.0061
94,2018-06-19T06:00:00+00:00,0.008476109615780467,0.0079
94,2018-06-19T07:00:00+00:00,0.02105142193721697,0.0172
94,2018-06-19T08:00:00+00:00,0.02836068937465478,0.0316
94,2018-06-19T09:00:00+00:00,0.03993305264943182,0.051
94,2018-06-19T10:00:00+00:00,0.04271939947031508,0.0536
94,2018-06-19T11:00:00+00:00,0.04491301226708008,0.0499
94,2018-06-19T12:00:00+00:00,0.049425676202618375,0.0553
94,2018-06-19T13:00:00+00:00,0.052366963552866415,0.0622
94,2018-06-19T14:00:00+00:00,0.0602718495427767,0.0646
94,2018-06-19T15:00:00+00:00,0.05981098922044904,0.0651
94,2018-06-19T16:00:00+00:00,0.06252746716681148,0.0757
94,2018-06-19T17:00:00+00:00,0.06781704048647003,0.0828
94,2018-06-19T18:00:00+00:00,0.068653223690747,0.0808
94,2018-06-19T19:00:00+00:00,0.060670269538803556,0.0874
94,2018-06-19T20:00:00+00:00,0.05922366499244772,0.0726
94,2018-06-19T21:00:00+00:00,0.04432683266003322,0.0563
94,2018-06-19T22:00:00+00:00,0.03750732617966118,0.0414
94,2018-06-19T23:00:00+00:00,0.026881649027565506,0.0294
94,2018-06-20T00:00:00+00:00,0.015449943584914848,0.0194
94,2018-06-20T01:00:00+00:00,0.00979990970155794,0.0124
94,2018-06-20T02:00:00+00:00,0.0034692952689139786,0.0093
94,2018-06-20T03:00:00+00:00,0.004562161810954576,0.0066
94,2018-06-20T04:00:00+00:00,0.002456610677968426,0.0047
94,2018-06-20T05:00:00+00:00,0.007320965667939876,0.0063
94,2018-06-20T06:00:00+00:00,0.011083819329327352,0.0102
94,2018-06-20T07:00:00+00:00,0.021319204756279957,0.017
94,2018-06-20T08:00:00+00:00,0.03709497439209,0.0311
94,2018-06-20T09:00:00+00:00,0.046838803603381274,0.0476
95,2018-06-17T10:00:00+00:00,0.03188619293104239,0.033
95,2018-06-17T11:00:00+00:00,0.03830690553372544,0.0398
95,2018-06-17T12:00:00+00:00,0.04768599020763658,0.0489
95,2018-06-17T13:00:00+00:00,0.05743873305017455,0.0581
95,2018-06-17T14:00:00+00:00,0.058548096337285194,0.0621
95,2018-06-17T15:00:00+00:00,0.0648858834494139,0.0643
95,2018-06-17T16:00:00+00:00,0.06741704141481987,0.0653
95,2018-06-17T17:00:00+00:00,0.06507752391031238,0.0678
95,2018-06-17T18:00:00+00:00,0.06355755500920343,0.0792
95,2018-06-17T19:00:00+00:00,0.05821322578019934,0.0732
95,2018-06-17T20:00:00+00:00,0.05239014003847001,0.0645
95,2018-06-17T21:00:00+00:00,0.046566226117528184,0.0491
95,2018-06-17T22:00:00+00:00,0.03992088896306623,0.0412
95,2018-06-17T23:00:00+00:00,0.032539083261363434,0.0336
95,2018-06-18T00:00:00+00:00,0.020036103464841526,0.0319
95,2018-06-18T01:00:00+00:00,0.018418655886133978,0.0243
95,2018-06-18T02:00:00+00:00,0.010490700979925122,0.0167
95,2018-06-18T03:00:00+00:00,0.004341216547152492,0.0099
95,2018-06-18T04:00:00+00:00,0.0054053088222793325,0.0071
95,2018-06-18T05:00:00+00:00,0.0037894591177144235,0.0049
95,2018-06-18T06:00:00+00:00,0.0007926994256621106,0.0038
95,2018-06-18T07:00:00+00:00,0.006560695062146783,0.0051
95,2018-06-18T08:00:00+00:00,0.013565295941243394,0.0075
95,2018-06-18T09:00:00+00:00,0.02146279620178325,0.0145
95,2018-06-18T10:00:00+00:00,0.02614836474062591,0.0224
95,2018-06-18T11:00:00+00:00,0.034753884078132305,0.0326
95,2018-06-18T12:00:00+00:00,0.04104637198049822,0.0419
95,2018-06-18T13:00:00+00:00,0.04587478837896865,0.0483
95,2018-06-18T14:00:00+00:00,0.054613127610405,0.0553
95,2018-06-18T15:00:00+00:00,0.060693258039213896,0.0595
95,2018-06-18T16:00:00+00:00,0.06036102971845542,0.0551
95,2018-06-18T17:00:00+00:00,0.06305359594823622,0.0554
95,2018-06-18T18:00:00+00:00,0.0554861580012837,0.0603
95,2018-06-18T19:00:00+00:00,0.056686487323408946,0.0645
95,2018-06-18T20:00:00+00:00,0.054847695534544744,0.054
95,2018-06-18T21:00:00+00:00,0.04117596583963954,0.0396
95,2018-06-18T22:00:00+00:00,0.03593328647079987,0.0319
95,2018-06-18T23:00:00+00:00,0.030522136860492204,0.0263
95,2018-06-19T00:00:00+00:00,0.015853336833665396,0.0187
95,2018-06-19T01:00:00+00:00,0.011147751004827962,0.0126
95,2018-06-19T02:00:00+00:00,0.012524020891128595,0.0095
95,2018-06-19T03:00:00+00:00,0.010051563391039908,0.0041
95,2018-06-19T04:00:00+00:00,0.00649948290577522,0.0044
95,2018-06-19T05:00:00+00:00,0.007794420998215413,0.0061
95,2018-06-19T06:00:00+00:00,0.012890424920020273,0.0079
95,2018-06-19T07:00:00+00:00,0.018143616838611466,0.0172
95,2018-06-19T08:00:00+00:00,0.02774507859687996,0.0316
95,2018-06-19T09:00:00+00:00,0.03626321876129522,0.051
95,2018-06-19T10:00:00+00:00,0.04039700532818847,0.0536
95,2018-06-19T11:00:00+00:00,0.04431584492548765,0.0499
95,2018-06-19T12:00:00+00:00,0.04563751346804608,0.0553
95,2018-06-19T13:00:00+00:00,0.048101972198161896,0.0622
95,2018-06-19T14:00:00+00:00,0.06023700544284528,0.0646
95,2018-06-19T15:00:00+00:00,0.0628707615492794,0.0651
95,2018-06-19T16:00:00+00:00,0.06544951318816802,0.0757
95,2018-06-19T17:00:00+00:00,0.06685593067765533,0.0828
95,2018-06-19T18:00:00+00:00,0.06787061626654683,0.0808
95,2018-06-19T19:00:00+00:00,0.06588910611896578,0.0874
95,2018-06-19T20:00:00+00:00,0.05796503310699758,0.0726
95,2018-06-19T21:00:00+00:00,0.04701393896431224,0.0563
95,2018-06-19T22:00:00+00:00,0.03545979041039913,0.0414
95,2018-06-19T23:00:00+00:00,0.03146557501677904,0.0294
95,2018-06-20T00:00:00+00:00,0.02110080982493299,0.0194
95,2018-06-20T01:00:00+00:00,0.014259019788625309,0.0124
95,2018-06-20T02:00:00+00:00,0.005559444148399685,0.0093
95,2018-06-20T03:00:00+00:00,0.0048337502858187276,0.0066
95,2018-06-20T04:00:00+00:00,0.004539549280930741,0.0047
95,2018-06-20T05:00:00+00:00,0.006279916200056981,0.0063
95,2018-06-20T06:00:00+00:00,0.01607472072958507,0.0102
95,2018-06-20T07:00:00+00:00,0.020766141874110973,0.017
95,2018-06-20T08:00:00+00:00,0.03258032930148727,0.0311
95,2018-06-20T09:00:00+00:00,0.0437029515781175,0.0476
95,2018-06-20T10:00:00+00:00,0.04713918305495415,0.0513
95,2018-06-20T11:00:00+00:00,0.04791237868714549,0.047
95,2018-06-20T12:00:00+00:00,0.05451727187164147,0.0501
95,2018-06-20T13:00:00+00:00,0.057587166158766266,0.0556
95,2018-06-20T14:00:00+00:00,0.06295980386914972,0.0623
95,2018-06-20T15:00:00+00:00,0.0666667632664103,0.0664
95,2018-06-20T16:00:00+00:00,0.07179351216657151,0.0751
95,2018-06-20T17:00:00+00:00,0.07526458356589084,0.0803
95,2018-06-20T18:00:00+00:00,0.07422406463399779,0.0817
95,2018-06-20T19:00:00+00:00,0.07108615730395446,0.0895
95,2018-06-20T20:00:00+00:00,0.06769622866894014,0.0717
95,2018-06-20T21:00:00+00:00,0.05477055267740726,0.0611
95,2018-06-20T22:00:00+00:00,0.038620665353609106,0.0447
95,2018-06-20T23:00:00+00:00,0.03239739046631199,0.0322
95,2018-06-21T00:00:00+00:00,0.02123330178913694,0.0222
95,2018-06-21T01:00:00+00:00,0.011891913368283734,0.0161
95,2018-06-21T02:00:00+00:00,0.005590587028748421,0.0094
95,2018-06-21T03:00:00+00:00,0.0008848288801505053,0.0072
95,2018-06-21T04:00:00+00:00,0.003201867532993799,0.0056
95,2018-06-21T05:00:00+00:00,0.004877183220357399,0.0058
95,2018-06-21T06:00:00+00:00,0.012317161984474186,0.0104
95,2018-06-21T07:00:00+00:00,0.02493371721294798,0.0177
95,2018-06-21T08:00:00+00:00,0.03535487065223431,0.0319
95,2018-06-21T09:00:00+00:00,0.04297825612578515,0.0457
96,2018-06-18T10:00:00+00:00,0.023414151435642332,0.0224
96,2018-06-18T11:00:00+00:00,0.02921208266979019,0.0326
96,2018-06-18T12:00:00+00:00,0.03785346958216905,0.0419
96,2018-06-18T13:00:00+00:00,0.048744526475940644,0.0483
96,2018-06-18T14:00:00+00:00,0.0557569088976757,0.0553
96,2018-06-18T15:00:00+00:00,0.05910841335918933,0.0595
96,2018-06-18T16:00:00+00:00,0.05726087817011454,0.0551
96,2018-06-18T17:00:00+00:00,0.058286220430739055,0.0554
96,2018-06-18T18:00:00+00:00,0.05845601701218167,0.0603
96,2018-06-18T19:00:00+00:00,0.05340970071003984,0.0645
96,2018-06-18T20:00:00+00:00,0.042809305477712174,0.054
96,2018-06-18T21:00:00+00:00,0.039004827717089983,0.0396
96,2018-06-18T22:00:00+00:00,0.02977347120729586,0.0319
96,2018-06-18T23:00:00+00:00,0.023667008230361115,0.0263
96,2018-06-19T00:00:00+00:00,0.017892832058467194,0.0187
96,2018-06-19T01:00:00+00:00,0.011929873844974404,0.0126
96,2018-06-19T02:00:00+00:00,0.009280210013742424,0.0095
96,2018-06-19T03:00:00+00:00,0.0022778409366345925,0.0041
96,2018-06-19T04:00:00+00:00,0.006994017642387405,0.0044
96,2018-06-19T05:00:00+00:00,0.0024929503045483907,0.0061
96,2018-06-19T06:00:00+00:00,0.00628789930459708,0.0079
96,2018-06-19T07:00:00+00:00,0.01769931383436056,0.0172
96,2018-06-19T08:00:00+00:00,0.02454384114395443,0.0316
96,2018-06-19T09:00:00+00:00,0.03190024064678923,0.051
96,2018-06-19T10:00:00+00:00,0.03931883922826017,0.0536
96,2018-06-19T11:00:00+00:00,0.04133518094342644,0.0499
96,2018-06-19T12:00:00+00:00,0.04720039938877445,0.0553
96,2018-06-19T13:00:00+00:00,0.05391924919741975,0.0622
96,2018-06-19T14:00:00+00:00,0.05726723833581957,0.0646
96,2018-06-19T15:00:00+00:00,0.06291106975216135,0.0651
96,2018-06-19T16:00:00+00:00,0.06647319282419442,0.0757
96,2018-06-19T17:00:00+00:00,0.06887588170853204,0.0828
96,2018-06-19T18:00:00+00:00,0.06474859995150639,0.0808
96,2018-06-19T19:00:00+00:00,0.06902008723899995,0.0874
96,2018-06-19T20:00:00+00:00,0.05980687025599246,0.0726
96,2018-06-19T21:00:00+00:00,0.05023448876275785,0.0563
96,2018-06-19T22:00:00+00:00,0.043659075834012503,0.0414
96,2018-06-19T23:00:00+00:00,0.02777615463804887,0.0294
96,2018-06-20T00:00:00+00:00,0.016827904293592565,0.0194
96,2018-06-20T01:00:00+00:00,0.01098214022702176,0.0124
96,2018-06-20T02:00:00+00:00,0.008552322990573534,0.0093
96,2018-06-20T03:00:00+00:00,0.002721235345784778,0.0066
96,2018-06-20T04:00:00+00:00,0.0030059284773429583,0.0047
96,2018-06-20T05:00:00+00:00,0.007846417702668893,0.0063
96,2018-06-20T06:00:00+00:00,0.013715773910992813,0.0102
96,2018-06-20T07:00:00+00:00,0.021288260304746322,0.017
96,2018-06-20T08:00:00+00:00,0.03454113183566945,0.0311
96,2018-06-20T09:00:00+00:00,0.043916228090397094,0.0476
96,2018-06-20T10:00:00+00:00,0.04738553347326204,0.0513
96,2018-06-20T11:00:00+00:00,0.048133035706984593,0.047
96,2018-06-20T12:00:00+00:00,0.05093184699054264,0.0501
96,2018-06-20T13:00:00+00:00,0.060327668612826305,0.0556
96,2018-06-20T14:00:00+00:00,0.05957876484505184,0.0623
96,2018-06-20T15:00:00+00:00,0.06811025979090438,0.0664
96,2018-06-20T16:00:00+00:00,0.07496885361476441,0.0751
96,2018-06-20T17:00:00+00:00,0.07599643916536172,0.0803
96,2018-06-20T18:00:00+00:00,0.0749101897021236,0.0817
96,2018-06-20T19:00:00+00:00,0.07109738210871598,0.0895
96,2018-06-20T20:00:00+00:00,0.06707795372323205,0.0717
96,2018-06-20T21:00:00+00:00,0.05959331489900954,0.0611
96,2018-06-20T22:00:00+00:00,0.050988163176992174,0.0447
96,2018-06-20T23:00:00+00:00,0.03623763710958019,0.0322
96,2018-06-21T00:00:00+00:00,0.028866058324571387,0.0222
96,2018-06-21T01:00:00+00:00,0.015174160951516809,0.0161
96,2018-06-21T02:00:00+00:00,0.007824795227996183,0.0094
96,2018-06-21T03:00:00+00:00,0.001315010018939449,0.0072
96,2018-06-21T04:00:00+00:00,0.0021523378441708763,0.0056
96,2018-06-21T05:00:00+00:00,0.0073844963083615454,0.0058
96,2018-06-21T06:00:00+00:00,0.013109329500113395,0.0104
96,2018-06-21T07:00:00+00:00,0.026403114963985615,0.0177
96,2018-06-21T08:00:00+00:00,0.03635076137706827,0.0319
96,2018-06-21T09:00:00+00:00,0.04622097251160172,0.0457
96,2018-06-21T10:00:00+00:00,0.05565663550687076,0.0502
96,2018-06-21T11:00:00+00:00,0.05013792912388182,0.0466
96,2018-06-21T12:00:00+00:00,0.05492801951889692,0.0484
96,2018-06-21T13:00:00+00:00,0.0587273882597114,0.0597
96,2018-06-21T14:00:00+00:00,0.06098064562520869,0.0652
96,2018-06-21T15:00:00+00:00,0.06489325664643811,0.0677
96,2018-06-21T16:00:00+00:00,0.06864850735112074,0.0765
96,2018-06-21T17:00:00+00:00,0.07446871691939332,0.0854
96,2018-06-21T18:00:00+00:00,0.07389130577724948,0.0849
96,2018-06-21T19:00:00+00:00,0.07405920997441334,0.0875
96,2018-06-21T20:00:00+00:00,0.06691654963630597,0.0758
96,2018-06-21T21:00:00+00:00,0.05884077257338348,0.0587
96,2018-06-21T22:00:00+00:00,0.0500349111492554,0.0433
96,2018-06-21T23:00:00+00:00,0.03961479371725632,0.0375
96,2018-06-22T00:00:00+00:00,0.02884703213428992,0.0238
96,2018-06-22T01:00:00+00:00,0.015543898584502155,0.0176
96,2018-06-22T02:00:00+00:00,0.007333907404133085,0.0095
96,2018-06-22T03:00:00+00:00,0.0035102509763504583,0.0075
96,2018-06-22T04:00:00+00:00,0.003833527024461412,0.0062
96,2018-06-22T05:00:00+00:00,0.002909245603729127,0.0056
96,2018-06-22T06:00:00+00:00,0.01207037711149744,0.0107
96,2018-06-22T07:00:00+00:00,0.022645983363008288,0.0161
96,2018-06-22T08:00:00+00:00,0.03892463218928653,0.0321
96,2018-06-22T09:00:00+00:00,0.04637778244927716,0.0431
97,2018-06-19T10:00:00+00:00,0.04385268491762921,0.0536
97,2018-06-19T11:00:00+00:00,0.047604362859277854,0.0499
97,2018-06-19T12:00:00+00:00,0.05120913768293543,0.0553
97,2018-06-19T13:00:00+00:00,0.060287406361880486,0.0622
97,2018-06-19T14:00:00+00:00,0.06412966496889758,0.0646
97,2018-06-19T15:00:00+00:00,0.06985594460227527,0.0651
97,2018-06-19T16:00:00+00:00,0.06833154342805431,0.0757
97,2018-06-19T17:00:00+00:00,0.0752768443779396,0.0828
97,2018-06-19T18:00:00+00:00,0.07055250075990219,0.0808
97,2018-06-19T19:00:00+00:00,0.07291900040581442,0.0874
97,2018-06-19T20:00:00+00:00,0.058979357346573155,0.0726
97,2018-06-19T21:00:00+00:00,0.05016567156095707,0.0563
97,2018-06-19T22:00:00+00:00,0.044100181001253756,0.0414
97,2018-06-19T23:00:00+00:00,0.028108986600150127,0.0294
97,2018-06-20T00:00:00+00:00,0.019904986925634867,0.0194
97,2018-06-20T01:00:00+00:00,0.01200062102809258,0.0124
97,2018-06-20T02:00:00+00:00,0.005581254608265647,0.0093
97,2018-06-20T03:00:00+00:00,-0.0012956468846927506,0.0066
97,2018-06-20T04:00:00+00:00,0.0005061034662033476,0.0047
97,2018-06-20T05:00:00+00:00,0.004518160743387411,0.0063
97,2018-06-20T06:00:00+00:00,0.009621783287329901,0.0102
97,2018-06-20T07:00:00+00:00,0.02261071316330549,0.017
97,2018-06-20T08:00:00+00:00,0.03832502521763056,0.0311
97,2018-06-20T09:00:00+00:00,0.04430001552785365,0.0476
97,2018-06-20T10:00:00+00:00,0.048220371539045064,0.0513
97,2018-06-20T11:00:00+00:00,0.04821217747334365,0.047
97,2018-06-20T12:00:00+00:00,0.05354422291433091,0.0501
97,2018-06-20T13:00:00+00:00,0.059593774418370826,0.0556
97,2018-06-20T14:00:00+00:00,0.06361636722127448,0.0623
97,2018-06-20T15:00:00+00:00,0.06760587880761453,0.0664
97,2018-06-20T16:00:00+00:00,0.0706293616392498,0.0751
97,2018-06-20T17:00:00+00:00,0.07801803611104158,0.0803
97,2018-06-20T18:00:00+00:00,0.07650315951994538,0.0817
97,2018-06-20T19:00:00+00:00,0.07600636896101418,0.0895
97,2018-06-20T20:00:00+00:00,0.06643627670968849,0.0717
97,2018-06-20T21:00:00+00:00,0.05697784139698135,0.0611
97,2018-06-20T22:00:00+00:00,0.046565406293213166,0.0447
97,2018-06-20T23:00:00+00:00,0.03183209966950305,0.0322
97,2018-06-21T00:00:00+00:00,0.018815568867528255,0.0222
97,2018-06-21T01:00:00+00:00,0.009861061284922784,0.0161
97,2018-06-21T02:00:00+00:00,0.005227771428323483,0.0094
97,2018-06-21T03:00:00+00:00,-5.7388416742382153e-05,0.0072
97,2018-06-21T04:00:00+00:00,0.0006539308447279131,0.0056
97,2018-06-21T05:00:00+00:00,0.003085452480261628,0.0058
97,2018-06-21T06:00:00+00:00,0.00901545166756643,0.0104
97,2018-06-21T07:00:00+00:00,0.020907376194163323,0.0177
97,2018-06-21T08:00:00+00:00,0.03593635480689862,0.0319
97,2018-06-21T09:00:00+00:00,0.04028720213244784,0.0457
97,2018-06-21T10:00:00+00:00,0.04815113450364601,0.0502
97,2018-06-21T11:00:00+00:00,0.04415990180842552,0.0466
97,2018-06-21T12:00:00+00:00,0.0517472139677535,0.0484
97,2018-06-21T13:00:00+00:00,0.05239664014870779,0.0597
97,2018-06-21T14:00:00+00:00,0.061834808568858,0.0652
97,2018-06-21T15:00:00+00:00,0.06223284632832524,0.0677
97,2018-06-21T16:00:00+00:00,0.07060377894317257,0.0765
97,2018-06-21T17:00:00+00:00,0.07039750070189288,0.0854
97,2018-06-21T18:00:00+00:00,0.07613218536213331,0.0849
97,2018-06-21T19:00:00+00:00,0.07674938670351547,0.0875
97,2018-06-21T20:00:00+00:00,0.06834651540433465,0.0758
97,2018-06-21T21:00:00+00:00,0.06052319827850074,0.0587
97,2018-06-21T22:00:00+00:00,0.051526164267732946,0.0433
97,2018-06-21T23:00:00+00:00,0.035226913308636476,0.0375
97,2018-06-22T00:00:00+00:00,0.021471970923576125,0.0238
97,2018-06-22T01:00:00+00:00,0.008768756609737572,0.0176
97,2018-06-22T02:00:00+00:00,0.00697786344811396,0.0095
97,2018-06-22T03:00:00+00:00,0.003816167636226782,0.0075
97,2018-06-22T04:00:00+00:00,0.002084176501822098,0.0062
97,2018-06-22T05:00:00+00:00,0.0024035758775033216,0.0056
97,2018-06-22T06:00:00+00:00,0.01666903487368882,0.0107
97,2018-06-22T07:00:00+00:00,0.030263783587595173,0.0161
97,2018-06-22T08:00:00+00:00,0.04081082757771576,0.0321
97,2018-06-22T09:00:00+00:00,0.04984294066990654,0.0431
97,2018-06-22T10:00:00+00:00,0.05029766849748545,0.0494
97,2018-06-22T11:00:00+00:00,0.050503127958812316,0.0474
97,2018-06-22T12:00:00+00:00,0.05540532645690975,0.0565
97,2018-06-22T13:00:00+00:00,0.057674366223742723,0.0648
97,2018-06-22T14:00:00+00:00,0.06078259486922031,0.0714
97,2018-06-22T15:00:00+00:00,0.06257851976784998,0.07
97,2018-06-22T16:00:00+00:00,0.06965372684116983,0.0772
97,2018-06-22T17:00:00+00:00,0.0717706448121746,0.081
97,2018-06-22T18:00:00+00:00,0.07315844759008124,0.0713
97,2018-06-22T19:00:00+00:00,0.07633740670888206,0.0767
97,2018-06-22T20:00:00+00:00,0.07279451243339427,0.0771
97,2018-06-22T21:00:00+00:00,0.05866477248056355,0.0654
97,2018-06-22T22:00:00+00:00,0.05072075841704006,0.0521
97,2018-06-22T23:00:00+00:00,0.04200528340691406,0.0393
97,2018-06-23T00:00:00+00:00,0.02444481054414932,0.026
97,2018-06-23T01:00:00+00:00,0.014396974811417596,0.0192
97,2018-06-23T02:00:00+00:00,0.007446706874981713,0.0128
97,2018-06-23T03:00:00+00:00,0.0014609638117046055,0.0079
97,2018-06-23T04:00:00+00:00,0.004668751504252784,0.006
97,2018-06-23T05:00:00+00:00,0.0031734462604984803,0.0057
97,2018-06-23T06:00:00+00:00,0.016028769837819007,0.0083
97,2018-06-23T07:00:00+00:00,0.023444092255116438,0.0137
97,2018-06-23T08:00:00+00:00,0.03702233743559855,0.0283
97,2018-06-23T09:00:00+00:00,0.04742347306270902,0.0353
98,2018-06-20T10:00:00+00:00,0.051551960013695844,0.0513
98,2018-06-20T11:00:00+00:00,0.050992311383589936,0.047
98,2018-06-20T12:00:00+00:00,0.05550659616923892,0.0501
98,2018-06-20T13:00:00+00:00,0.06488092064031205,0.0556
98,2018-06-20T14:00:00+00:00,0.06885263002885114,0.0623
98,2018-06-20T15:00:00+00:00,0.07109050185064296,0.0664
98,2018-06-20T16:00:00+00:00,0.07578697353069422,0.0751
98,2018-06-20T17:00:00+00:00,0.07535233505410083,0.0803
98,2018-06-20T18:00:00+00:00,0.07709642825750221,0.0817
98,2018-06-20T19:00:00+00:00,0.08209298696771464,0.0895
98,2018-06-20T20:00:00+00:00,0.07283052204152386,0.0717
98,2018-06-20T21:00:00+00:00,0.057247021572647515,0.0611
98,2018-06-20T22:00:00+00:00,0.04722874128974373,0.0447
98,2018-06-20T23:00:00+00:00,0.03533431133826566,0.0322
98,2018-06-21T00:00:00+00:00,0.022747363777729047,0.0222
98,2018-06-21T01:00:00+00:00,0.012074073109269213,0.0161
98,2018-06-21T02:00:00+00:00,0.005339781361360454,0.0094
98,2018-06-21T03:00:00+00:00,-0.008844963059015783,0.0072
98,2018-06-21T04:00:00+00:00,-0.0034276558892669257,0.0056
98,2018-06-21T05:00:00+00:00,-0.0030218543413183807,0.0058
98,2018-06-21T06:00:00+00:00,0.010138636043829828,0.0104
98,2018-06-21T07:00:00+00:00,0.019910010307743434,0.0177
98,2018-06-21T08:00:00+00:00,0.029257717119814276,0.0319
98,2018-06-21T09:00:00+00:00,0.038735109694898684,0.0457
98,2018-06-21T10:00:00+00:00,0.04887029692512365,0.0502
98,2018-06-21T11:00:00+00:00,0.049945288164010365,0.0466
98,2018-06-21T12:00:00+00:00,0.05375265880788427,0.0484
98,2018-06-21T13:00:00+00:00,0.0594200865434279,0.0597
98,2018-06-21T14:00:00+00:00,0.06150288520185746,0.0652
98,2018-06-21T15:00:00+00:00,0.06485427687225515,0.0677
98,2018-06-21T16:00:00+00:00,0.07053865669478138,0.0765
98,2018-06-21T17:00:00+00:00,0.06996782921185007,0.0854
98,2018-06-21T18:00:00+00:00,0.07554512849085127,0.0849
98,2018-06-21T19:00:00+00:00,0.07443076479760012,0.0875
98,2018-06-21T20:00:00+00:00,0.06867744453853532,0.0758
98,2018-06-21T21:00:00+00:00,0.056584144006753864,0.0587
98,2018-06-21T22:00:00+00:00,0.050410213143961005,0.0433
98,2018-06-21T23:00:00+00:00,0.03861009223085087,0.0375
98,2018-06-22T00:00:00+00:00,0.02743112765871649,0.0238
98,2018-06-22T01:00:00+00:00,0.010122193605593393,0.0176
98,2018-06-22T02:00:00+00:00,0.0036915146545814376,0.0095
98,2018-06-22T03:00:00+00:00,0.0037127611588676397,0.0075
98,2018-06-22T04:00:00+00:00,0.0019192111398460658,0.0062
98,2018-06-22T05:00:00+00:00,-0.00022471821470465211,0.0056
98,2018-06-22T06:00:00+00:00,0.00878612226414531,0.0107
98,2018-06-22T07:00:00+00:00,0.016450746467284692,0.0161
98,2018-06-22T08:00:00+00:00,0.028432032888580438,0.0321
98,2018-06-22T09:00:00+00:00,0.043395810925760676,0.0431
98,2018-06-22T10:00:00+00:00,0.04785607085559344,0.0494
98,2018-06-22T11:00:00+00:00,0.04561393176991481,0.0474
98,2018-06-22T12:00:00+00:00,0.055078140316779156,0.0565
98,2018-06-22T13:00:00+00:00,0.06054477688996168,0.0648
98,2018-06-22T14:00:00+00:00,0.062428914884887,0.0714
98,2018-06-22T15:00:00+00:00,0.06600040170826837,0.07
98,2018-06-22T16:00:00+00:00,0.0734506058225359,0.0772
98,2018-06-22T17:00:00+00:00,0.07500879002470859,0.081
98,2018-06-22T18:00:00+00:00,0.07772427373827118,0.0713
98,2018-06-22T19:00:00+00:00,0.06855327822966806,0.0767
98,2018-06-22T20:00:00+00:00,0.062443193404676654,0.0771
98,2018-06-22T21:00:00+00:00,0.06123182517425879,0.0654
98,2018-06-22T22:00:00+00:00,0.04699961971439737,0.0521
98,2018-06-22T23:00:00+00:00,0.03684178549019647,0.0393
98,2018-06-23T00:00:00+00:00,0.024346111007156772,0.026
98,2018-06-23T01:00:00+00:00,0.018486402616695412,0.0192
98,2018-06-23T02:00:00+00:00,0.007790160000501704,0.0128
98,2018-06-23T03:00:00+00:00,0.0006679733386638353,0.0079
98,2018-06-23T04:00:00+00:00,-0.004424006655643256,0.006
98,2018-06-23T05:00:00+00:00,0.0016516831451561485,0.0057
98,2018-06-23T06:00:00+00:00,0.00949122130444334,0.0083
98,2018-06-23T07:00:00+00:00,0.01977986815845513,0.0137
98,2018-06-23T08:00:00+00:00,0.031551809046734616,0.0283
98,2018-06-23T09:00:00+00:00,0.046292057023705556,0.0353
98,2018-06-23T10:00:00+00:00,0.05499319607412173,0.0395
98,2018-06-23T11:00:00+00:00,0.053775118861029134,0.0484
98,2018-06-23T12:00:00+00:00,0.0633106657000082,0.0571
98,2018-06-23T13:00:00+00:00,0.06639261401546918,0.07
98,2018-06-23T14:00:00+00:00,0.06921925128507725,0.1323
98,2018-06-23T15:00:00+00:00,0.06949679262439437,0.0802
98,2018-06-23T16:00:00+00:00,0.07145703538044554,0.1171
98,2018-06-23T17:00:00+00:00,0.06872316253753419,0.1387
98,2018-06-23T18:00:00+00:00,0.07513232971626502,0.0819
98,2018-06-23T19:00:00+00:00,0.06851652085821419,0.0757
98,2018-06-23T20:00:00+00:00,0.06512031351774525,0.0622
98,2018-06-23T21:00:00+00:00,0.0561114155525589,0.0525
98,2018-06-23T22:00:00+00:00,0.047271487033964846,0.0474
98,2018-06-23T23:00:00+00:00,0.0335627320887054,0.0381
98,2018-06-24T00:00:00+00:00,0.027564197155208598,0.029
98,2018-06-24T01:00:00+00:00,0.018786124120091896,0.0221
98,2018-06-24T02:00:00+00:00,0.007764130317409419,0.0148
98,2018-06-24T03:00:00+00:00,0.004943088740387153,0.009
98,2018-06-24T04:00:00+00:00,-0.002302063213805536,0.006
98,2018-06-24T05:00:00+00:00,0.0005449683605459957,0.0054
98,2018-06-24T06:00:00+00:00,-0.00029852537902409076,0.006
98,2018-06-24T07:00:00+00:00,0.011732407931809484,0.0064
98,2018-06-24T08:00:00+00:00,0.021203720230254384,0.011
98,2018-06-24T09:00:00+00:00,0.03155771595925147,0.0182
99,2018-06-21T10:00:00+00:00,0.04528700254288166,0.0502
99,2018-06-21T11:00:00+00:00,0.05255419680534533,0.0466
99,2018-06-21T12:00:00+00:00,0.052555617137916566,0.0484
99,2018-06-21T13:00:00+00:00,0.06427349661770335,0.0597
99,2018-06-21T14:00:00+00:00,0.06610579038505415,0.0652
99,2018-06-21T15:00:00+00:00,0.06414630374722473,0.0677
99,2018-06-21T16:00:00+00:00,0.06523284145442586,0.0765
99,2018-06-21T17:00:00+00:00,0.07082314930880007,0.0854
99,2018-06-21T18:00:00+00:00,0.06825393478538244,0.0849
99,2018-06-21T19:00:00+00:00,0.07106355730627684,0.0875
99,2018-06-21T20:00:00+00:00,0.06382269768066341,0.0758
99,2018-06-21T21:00:00+00:00,0.05392841034250422,0.0587
99,2018-06-21T22:00:00+00:00,0.04596369284303059,0.0433
99,2018-06-21T23:00:00+00:00,0.032981481348989386,0.0375
99,2018-06-22T00:00:00+00:00,0.024257104195600728,0.0238
99,2018-06-22T01:00:00+00:00,0.013139372667081605,0.0176
99,2018-06-22T02:00:00+00:00,0.007410517636556348,0.0095
99,2018-06-22T03:00:00+00:00,-0.0009413595458683428,0.0075
99,2018-06-22T04:00:00+00:00,-0.0017253288183573974,0.0062
99,2018-06-22T05:00:00+00:00,-0.00039664947245285007,0.0056
99,2018-06-22T06:00:00+00:00,0.00912753261723196,0.0107
99,2018-06-22T07:00:00+00:00,0.018361983572179448,0.0161
99,2018-06-22T08:00:00+00:00,0.02686707286455319,0.0321
99,2018-06-22T09:00:00+00:00,0.0377144378219643,0.0431
99,2018-06-22T10:00:00+00:00,0.049958064890978385,0.0494
99,2018-06-22T11:00:00+00:00,0.050109758498310834,0.0474
99,2018-06-22T12:00:00+00:00,0.059074789074289674,0.0565
99,2018-06-22T13:00:00+00:00,0.061562524548778814,0.0648
99,2018-06-22T14:00:00+00:00,0.06812751683164489,0.0714
99,2018-06-22T15:00:00+00:00,0.07209606806893737,0.07
99,2018-06-22T16:00:00+00:00,0.07381106116442333,0.0772
99,2018-06-22T17:00:00+00:00,0.07044933448584553,0.081
99,2018-06-22T18:00:00+00:00,0.0723075012819609,0.0713
99,2018-06-22T19:00:00+00:00,0.07232353015277218,0.0767
99,2018-06-22T20:00:00+00:00,0.06805813776298872,0.0771
99,2018-06-22T21:00:00+00:00,0.05707433001922882,0.0654
99,2018-06-22T22:00:00+00:00,0.05042734277251499,0.0521
99,2018-06-22T23:00:00+00:00,0.036875276096736485,0.0393
99,2018-06-23T00:00:00+00:00,0.028577584601904474,0.026
99,2018-06-23T01:00:00+00:00,0.015308187083770132,0.0192
99,2018-06-23T02:00:00+00:00,0.00843963422211649,0.0128
99,2018-06-23T03:00:00+00:00,0.005541240915519791,0.0079
99,2018-06-23T04:00:00+00:00,0.0016575482831856121,0.006
99,2018-06-23T05:00:00+00:00,0.001935285962593472,0.0057
99,2018-06-23T06:00:00+00:00,0.005719026867675607,0.0083
99,2018-06-23T07:00:00+00:00,0.014284206671434511,0.0137
99,2018-06-23T08:00:00+00:00,0.027208887385805333,0.0283
99,2018-06-23T09:00:00+00:00,0.03759457376311705,0.0353
99,2018-06-23T10:00:00+00:00,0.04584145442675634,0.0395
99,2018-06-23T11:00:00+00:00,0.052683572392790035,0.0484
99,2018-06-23T12:00:00+00:00,0.05661180916102744,0.0571
99,2018-06-23T13:00:00+00:00,0.06532474114923362,0.07
99,2018-06-23T14:00:00+00:00,0.06790964617011466,0.1323
99,2018-06-23T15:00:00+00:00,0.07128297780128923,0.0802
99,2018-06-23T16:00:00+00:00,0.07118213836618015,0.1171
99,2018-06-23T17:00:00+00:00,0.07325918676642058,0.1387
99,2018-06-23T18:00:00+00:00,0.07206325003164432,0.0819
99,2018-06-23T19:00:00+00:00,0.06927689172277703,0.0757
99,2018-06-23T20:00:00+00:00,0.06737903916364181,0.0622
99,2018-06-23T21:00:00+00:00,0.06162068716757096,0.0525
99,2018-06-23T22:00:00+00:00,0.049984088307897565,0.0474
99,2018-06-23T23:00:00+00:00,0.038273235296889654,0.0381
99,2018-06-24T00:00:00+00:00,0.03101589720254441,0.029
99,2018-06-24T01:00:00+00:00,0.021596043239846763,0.0221
99,2018-06-24T02:00:00+00:00,0.012275674696685671,0.0148
99,2018-06-24T03:00:00+00:00,0.007722299434462131,0.009
99,2018-06-24T04:00:00+00:00,-0.00323200090013033,0.006
99,2018-06-24T05:00:00+00:00,-0.0006108314467466076,0.0054
99,2018-06-24T06:00:00+00:00,0.00519150490709645,0.006
99,2018-06-24T07:00:00+00:00,0.0061640045298978485,0.0064
99,2018-06-24T08:00:00+00:00,0.01802442273810572,0.011
99,2018-06-24T09:00:00+00:00,0.026496642819439364,0.0182
99,2018-06-24T10:00:00+00:00,0.033824055527655814,0.028
99,2018-06-24T11:00:00+00:00,0.04230342687904942,0.0391
99,2018-06-24T12:00:00+00:00,0.05293416292156794,0.0479
99,2018-06-24T13:00:00+00:00,0.056524481683864446,0.0536
99,2018-06-24T14:00:00+00:00,0.06505086760990926,0.0602
99,2018-06-24T15:00:00+00:00,0.06437669004517681,0.0613
99,2018-06-24T16:00:00+00:00,0.06662874012798856,0.0583
99,2018-06-24T17:00:00+00:00,0.06719429984806005,0.0594
99,2018-06-24T18:00:00+00:00,0.0675829863885252,0.0564
99,2018-06-24T19:00:00+00:00,0.0654589751095617,0.0599
99,2018-06-24T20:00:00+00:00,0.059597845342166916,0.0512
99,2018-06-24T21:00:00+00:00,0.04879939517640214,0.0413
99,2018-06-24T22:00:00+00:00,0.04141679575943894,0.0358
99,2018-06-24T23:00:00+00:00,0.03616105873020356,0.0318
99,2018-06-25T00:00:00+00:00,0.028218531838431128,0.0277
99,2018-06-25T01:00:00+00:00,0.018256780791862565,0.0185
99,2018-06-25T02:00:00+00:00,0.01055698038161701,0.0144
99,2018-06-25T03:00:00+00:00,0.007947165233905703,0.0103
99,2018-06-25T04:00:00+00:00,0.005512825909197581,0.0059
99,2018-06-25T05:00:00+00:00,0.0039854817223400445,0.0031
99,2018-06-25T06:00:00+00:00,0.005787545381891562,0.0021
99,2018-06-25T07:00:00+00:00,0.010956248399737863,0.0026
99,2018-06-25T08:00:00+00:00,0.01715755408411694,0.0042
99,2018-06-25T09:00:00+00:00,0.024823369904509104,0.008
100,2018-06-22T10:00:00+00:00,0.050311136592219766,0.0494
100,2018-06-22T11:00:00+00:00,0.055058986714311156,0.0474
100,2018-06-22T12:00:00+00:00,0.061681078455265326,0.0565
100,2018-06-22T13:00:00+00:00,0.06952651934962062,0.0648
100,2018-06-22T14:00:00+00:00,0.07395598521607433,0.0714
100,2018-06-22T15:00:00+00:00,0.07588720305828742,0.07
100,2018-06-22T16:00:00+00:00,0.07604837320808412,0.0772
100,2018-06-22T17:00:00+00:00,0.07626156512702675,0.081
100,2018-06-22T18:00:00+00:00,0.0733030332683844,0.0713
100,2018-06-22T19:00:00+00:00,0.07260030284152134,0.0767
100,2018-06-22T20:00:00+00:00,0.06470316184157304,0.0771
100,2018-06-22T21:00:00+00:00,0.05383526576797226,0.0654
100,2018-06-22T22:00:00+00:00,0.047641260175264474,0.0521
100,2018-06-22T23:00:00+00:00,0.03604116334049076,0.0393
100,2018-06-23T00:00:00+00:00,0.02806303675274625,0.026
100,2018-06-23T01:00:00+00:00,0.018513326273817826,0.0192
100,2018-06-23T02:00:00+00:00,0.010820631703877193,0.0128
100,2018-06-23T03:00:00+00:00,0.005208592761163051,0.0079
100,2018-06-23T04:00:00+00:00,0.005565551578456004,0.006
100,2018-06-23T05:00:00+00:00,0.006788775408394961,0.0057
100,2018-06-23T06:00:00+00:00,0.008518345711255433,0.0083
100,2018-06-23T07:00:00+00:00,0.014589803756482304,0.0137
100,2018-06-23T08:00:00+00:00,0.025922811750864784,0.0283
100,2018-06-23T09:00:00+00:00,0.03544039660462864,0.0353
100,2018-06-23T10:00:00+00:00,0.044938504103647234,0.0395
100,2018-06-23T11:00:00+00:00,0.04329458925409199,0.0484
100,2018-06-23T12:00:00+00:00,0.05517621428082305,0.0571
100,2018-06-23T13:00:00+00:00,0.06478216575212371,0.07
100,2018-06-23T14:00:00+00:00,0.07030561353943134,0.1323
100,2018-06-23T15:00:00+00:00,0.07287267667674842,0.0802
100,2018-06-23T16:00:00+00:00,0.07194227111616486,0.1171
100,2018-06-23T17:00:00+00:00,0.07052134952465597,0.1387
100,2018-06-23T18:00:00+00:00,0.06931046587829182,0.0819
100,2018-06-23T19:00:00+00:00,0.06505232136207041,0.0757
100,2018-06-23T20:00:00+00:00,0.05658731886779545,0.0622
100,2018-06-23T21:00:00+00:00,0.05337651087980903,0.0525
100,2018-06-23T22:00:00+00:00,0.042470601067046164,0.0474
100,2018-06-23T23:00:00+00:00,0.03200828513661077,0.0381
100,2018-06-24T00:00:00+00:00,0.024056660805847133,0.029
100,2018-06-24T01:00:00+00:00,0.011010870630723764,0.0221
100,2018-06-24T02:00:00+00:00,0.012107116728794158,0.0148
100,2018-06-24T03:00:00+00:00,0.00952982301951543,0.009
100,2018-06-24T04:00:00+00:00,0.005567109766835627,0.006
100,2018-06-24T05:00:00+00:00,0.0027552982628020264,0.0054
100,2018-06-24T06:00:00+00:00,0.0019218638197952866,0.006
100,2018-06-24T07:00:00+00:00,0.010776336126173933,0.0064
100,2018-06-24T08:00:00+00:00,0.015348121404989947,0.011
100,2018-06-24T09:00:00+00:00,0.022808491340763647,0.0182
100,2018-06-24T10:00:00+00:00,0.026346987807091517,0.028
100,2018-06-24T11:00:00+00:00,0.03546795784486483,0.0391
100,2018-06-24T12:00:00+00:00,0.044713854487175894,0.0479
100,2018-06-24T13:00:00+00:00,0.05876532158298526,0.0536
100,2018-06-24T14:00:00+00:00,0.06077951608949972,0.0602
100,2018-06-24T15:00:00+00:00,0.06428484674592702,0.0613
100,2018-06-24T16:00:00+00:00,0.06734891140333663,0.0583
100,2018-06-24T17:00:00+00:00,0.06393800779820413,0.0594
100,2018-06-24T18:00:00+00:00,0.06038810794118117,0.0564
100,2018-06-24T19:00:00+00:00,0.05796592081485459,0.0599
100,2018-06-24T20:00:00+00:00,0.05092302421880602,0.0512
100,2018-06-24T21:00:00+00:00,0.04731514972818415,0.0413
100,2018-06-24T22:00:00+00:00,0.03349688400859581,0.0358
100,2018-06-24T23:00:00+00:00,0.02484699337712776,0.0318
100,2018-06-25T00:00:00+00:00,0.018241274102143653,0.0277
100,2018-06-25T01:00:00+00:00,0.015464830967858216,0.0185
100,2018-06-25T02:00:00+00:00,0.00883393525368675,0.0144
100,2018-06-25T03:00:00+00:00,0.007698180934167909,0.0103
100,2018-06-25T04:00:00+00:00,0.005046052408179964,0.0059
100,2018-06-25T05:00:00+00:00,0.003523547795686484,0.0031
100,2018-06-25T06:00:00+00:00,0.0024171755618729134,0.0021
100,2018-06-25T07:00:00+00:00,0.011624542027921535,0.0026
100,2018-06-25T08:00:00+00:00,0.015622243502514262,0.0042
100,2018-06-25T09:00:00+00:00,0.023992764638660808,0.008
100,2018-06-25T10:00:00+00:00,0.028982570502986738,0.0138
100,2018-06-25T11:00:00+00:00,0.036756110194009727,0.0214
100,2018-06-25T12:00:00+00:00,0.043362150088184545,0.0258
100,2018-06-25T13:00:00+00:00,0.054762839018310826,0.041
100,2018-06-25T14:00:00+00:00,0.060799895773172595,0.0465
100,2018-06-25T15:00:00+00:00,0.061470553837342505,0.0455
100,2018-06-25T16:00:00+00:00,0.061721927637758967,0.0453
100,2018-06-25T17:00:00+00:00,0.05963772326782875,0.0436
100,2018-06-25T18:00:00+00:00,0.06478095429198942,0.037
100,2018-06-25T19:00:00+00:00,0.059087920884400506,0.0328
100,2018-06-25T20:00:00+00:00,0.05245067544814587,0.0319
100,2018-06-25T21:00:00+00:00,0.04261484732763928,0.0315
100,2018-06-25T22:00:00+00:00,0.03363531839363089,0.0334
100,2018-06-25T23:00:00+00:00,0.02444359281784192,0.0306
100,2018-06-26T00:00:00+00:00,0.017829784957737054,0.0218
100,2018-06-26T01:00:00+00:00,0.010792402594023864,0.0137
100,2018-06-26T02:00:00+00:00,0.007753319080073064,0.0085
100,2018-06-26T03:00:00+00:00,0.008572520955226263,0.0042
100,2018-06-26T04:00:00+00:00,0.00814582171996122,0.0031
100,2018-06-26T05:00:00+00:00,0.007352618197034758,0.0034
100,2018-06-26T06:00:00+00:00,0.011231703103409898,0.0053
100,2018-06-26T07:00:00+00:00,0.024380506031348764,0.0079
100,2018-06-26T08:00:00+00:00,0.03611531462215007,0.0102
100,2018-06-26T09:00:00+00:00,0.03952611796851284,0.0174
101,2018-06-23T10:00:00+00:00,0.04353374401694708,0.0395
101,2018-06-23T11:00:00+00:00,0.047871395826292205,0.0484
101,2018-06-23T12:00:00+00:00,0.055824581478522026,0.0571
101,2018-06-23T13:00:00+00:00,0.06763276069024955,0.07
101,2018-06-23T14:00:00+00:00,0.0689805184445448,0.1323
101,2018-06-23T15:00:00+00:00,0.0712047634285502,0.0802
101,2018-06-23T16:00:00+00:00,0.07359088872863795,0.1171
101,2018-06-23T17:00:00+00:00,0.07157392457360959,0.1387
101,2018-06-23T18:00:00+00:00,0.0641918295835816,0.0819
101,2018-06-23T19:00:00+00:00,0.062264826787146135,0.0757
101,2018-06-23T20:00:00+00:00,0.052765634195817604,0.0622
101,2018-06-23T21:00:00+00:00,0.04867442470865263,0.0525
101,2018-06-23T22:00:00+00:00,0.03880215983588291,0.0474
101,2018-06-23T23:00:00+00:00,0.025146069464694082,0.0381
101,2018-06-24T00:00:00+00:00,0.021956652102975358,0.029
101,2018-06-24T01:00:00+00:00,0.020113820721180606,0.0221
101,2018-06-24T02:00:00+00:00,0.01561832192251059,0.0148
101,2018-06-24T03:00:00+00:00,0.005927757271365058,0.009
101,2018-06-24T04:00:00+00:00,0.003886910641896217,0.006
101,2018-06-24T05:00:00+00:00,0.004213762586127691,0.0054
101,2018-06-24T06:00:00+00:00,0.003976838580899193,0.006
101,2018-06-24T07:00:00+00:00,0.01529609650275748,0.0064
101,2018-06-24T08:00:00+00:00,0.022503455078209056,0.011
101,2018-06-24T09:00:00+00:00,0.03235699244828215,0.0182
101,2018-06-24T10:00:00+00:00,0.034997740559543064,0.028
101,2018-06-24T11:00:00+00:00,0.038904988780953886,0.0391
101,2018-06-24T12:00:00+00:00,0.05343085531045379,0.0479
101,2018-06-24T13:00:00+00:00,0.056719708484505305,0.0536
101,2018-06-24T14:00:00+00:00,0.058718857909386496,0.0602
101,2018-06-24T15:00:00+00:00,0.06962562096605429,0.0613
101,2018-06-24T16:00:00+00:00,0.06793443932838023,0.0583
101,2018-06-24T17:00:00+00:00,0.06715837796635397,0.0594
101,2018-06-24T18:00:00+00:00,0.06294017403752548,0.0564
101,2018-06-24T19:00:00+00:00,0.06101431168459573,0.0599
101,2018-06-24T20:00:00+00:00,0.05270781830527079,0.0512
101,2018-06-24T21:00:00+00:00,0.04287058656198793,0.0413
101,2018-06-24T22:00:00+00:00,0.03754077292298944,0.0358
101,2018-06-24T23:00:00+00:00,0.024691197515133684,0.0318
101,2018-06-25T00:00:00+00:00,0.013548078586265888,0.0277
101,2018-06-25T01:00:00+00:00,0.012035798279560937,0.0185
101,2018-06-25T02:00:00+00:00,0.007000818528934385,0.0144
101,2018-06-25T03:00:00+00:00,-0.0003807459251037419,0.0103
101,2018-06-25T04:00:00+00:00,0.0018510059342855302,0.0059
101,2018-06-25T05:00:00+00:00,0.006547552808414098,0.0031
101,2018-06-25T06:00:00+00:00,0.008028466741262789,0.0021
101,2018-06-25T07:00:00+00:00,0.016661253331050375,0.0026
101,2018-06-25T08:00:00+00:00,0.024186035348929654,0.0042
101,2018-06-25T09:00:00+00:00,0.030910947680057328,0.008
101,2018-06-25T10:00:00+00:00,0.03786740920642977,0.0138
101,2018-06-25T11:00:00+00:00,0.042193622638946604,0.0214
101,2018-06-25T12:00:00+00:00,0.047652980007701545,0.0258
101,2018-06-25T13:00:00+00:00,0.05589544563020488,0.041
101,2018-06-25T14:00:00+00:00,0.06413497450624475,0.0465
101,2018-06-25T15:00:00+00:00,0.06097523582909176,0.0455
101,2018-06-25T16:00:00+00:00,0.0697439764437257,0.0453
101,2018-06-25T17:00:00+00:00,0.07108961205406156,0.0436
101,2018-06-25T18:00:00+00:00,0.0628919746339757,0.037
101,2018-06-25T19:00:00+00:00,0.05777260728573617,0.0328
101,2018-06-25T20:00:00+00:00,0.05290973737879141,0.0319
101,2018-06-25T21:00:00+00:00,0.04206889655194833,0.0315
101,2018-06-25T22:00:00+00:00,0.03421790069513244,0.0334
101,2018-06-25T23:00:00+00:00,0.026792461541351505,0.0306
101,2018-06-26T00:00:00+00:00,0.015088661108177099,0.0218
101,2018-06-26T01:00:00+00:00,0.010875657058666399,0.0137
101,2018-06-26T02:00:00+00:00,0.008706546043117405,0.0085
101,2018-06-26T03:00:00+00:00,0.000994361586085287,0.0042
101,2018-06-26T04:00:00+00:00,0.006006594083966171,0.0031
101,2018-06-26T05:00:00+00:00,0.000297504652149172,0.0034
101,2018-06-26T06:00:00+00:00,0.01277887450634459,0.0053
101,2018-06-26T07:00:00+00:00,0.021299121671467545,0.0079
101,2018-06-26T08:00:00+00:00,0.033216009587366105,0.0102
101,2018-06-26T09:00:00+00:00,0.043597097115797345,0.0174
101,2018-06-26T10:00:00+00:00,0.05011445186196903,0.0245
101,2018-06-26T11:00:00+00:00,0.04578170019999467,0.0282
101,2018-06-26T12:00:00+00:00,0.04780555505671791,0.0376
101,2018-06-26T13:00:00+00:00,0.05854699140209375,0.0444
101,2018-06-26T14:00:00+00:00,0.06426414957615,0.0509
101,2018-06-26T15:00:00+00:00,0.06863569511583843,0.0524
101,2018-06-26T16:00:00+00:00,0.06810681339569476,0.0543
101,2018-06-26T17:00:00+00:00,0.07397877319894522,0.0533
101,2018-06-26T18:00:00+00:00,0.07007732849819495,0.0504
101,2018-06-26T19:00:00+00:00,0.06556838666948304,0.052
101,2018-06-26T20:00:00+00:00,0.07029967738477332,0.0473
101,2018-06-26T21:00:00+00:00,0.05011615417233014,0.0363
101,2018-06-26T22:00:00+00:00,0.0387524565507871,0.0305
101,2018-06-26T23:00:00+00:00,0.028261715170407646,0.0239
101,2018-06-27T00:00:00+00:00,0.01511309500585111,0.0175
101,2018-06-27T01:00:00+00:00,0.010766842873914714,0.0106
101,2018-06-27T02:00:00+00:00,0.00653367950115211,0.008
101,2018-06-27T03:00:00+00:00,8.374877762678742e-05,0.0046
101,2018-06-27T04:00:00+00:00,0.0009320215185542116,0.0033
101,2018-06-27T05:00:00+00:00,0.004262617849129496,0.0057
101,2018-06-27T06:00:00+00:00,0.012351784679622453,0.0081
101,2018-06-27T07:00:00+00:00,0.02438197649330487,0.0127
101,2018-06-27T08:00:00+00:00,0.0404294139755051,0.0254
101,2018-06-27T09:00:00+00:00,0.04707261540929927,0.0307
102,2018-06-24T10:00:00+00:00,0.04051072070467311,0.028
102,2018-06-24T11:00:00+00:00,0.04944503241135021,0.0391
102,2018-06-24T12:00:00+00:00,0.049112271465877516,0.0479
102,2018-06-24T13:00:00+00:00,0.059315504114248754,0.0536
102,2018-06-24T14:00:00+00:00,0.06826523060677252,0.0602
102,2018-06-24T15:00:00+00:00,0.07339192102265138,0.0613
102,2018-06-24T16:00:00+00:00,0.07348550840674967,0.0583
102,2018-06-24T17:00:00+00:00,0.0713171827515636,0.0594
102,2018-06-24T18:00:00+00:00,0.06815271520243812,0.0564
102,2018-06-24T19:00:00+00:00,0.062336703970148184,0.0599
102,2018-06-24T20:00:00+00:00,0.04825955600821624,0.0512
102,2018-06-24T21:00:00+00:00,0.0490990498406188,0.0413
102,2018-06-24T22:00:00+00:00,0.035931488079117765,0.0358
102,2018-06-24T23:00:00+00:00,0.027436771391962784,0.0318
102,2018-06-25T00:00:00+00:00,0.02198600285781509,0.0277
102,2018-06-25T01:00:00+00:00,0.015266718594500944,0.0185
102,2018-06-25T02:00:00+00:00,0.009882234683856062,0.0144
102,2018-06-25T03:00:00+00:00,0.009006002278518967,0.0103
102,2018-06-25T04:00:00+00:00,0.002776962511962123,0.0059
102,2018-06-25T05:00:00+00:00,0.008451287215373735,0.0031
102,2018-06-25T06:00:00+00:00,0.0005839731994213976,0.0021
102,2018-06-25T07:00:00+00:00,0.011570391848643134,0.0026
102,2018-06-25T08:00:00+00:00,0.018984838046067574,0.0042
102,2018-06-25T09:00:00+00:00,0.025915528368988458,0.008
102,2018-06-25T10:00:00+00:00,0.030297891412186362,0.0138
102,2018-06-25T11:00:00+00:00,0.04762727198816216,0.0214
102,2018-06-25T12:00:00+00:00,0.051097819117664756,0.0258
102,2018-06-25T13:00:00+00:00,0.05597642129656033,0.041
102,2018-06-25T14:00:00+00:00,0.06614965359681294,0.0465
102,2018-06-25T15:00:00+00:00,0.07050279329735765,0.0455
102,2018-06-25T16:00:00+00:00,0.06919607479947365,0.0453
102,2018-06-25T17:00:00+00:00,0.06685952328357081,0.0436
102,2018-06-25T18:00:00+00:00,0.061603908444711045,0.037
102,2018-06-25T19:00:00+00:00,0.05750280675893228,0.0328
102,2018-06-25T20:00:00+00:00,0.05505880708401538,0.0319
102,2018-06-25T21:00:00+00:00,0.039542929066600487,0.0315
102,2018-06-25T22:00:00+00:00,0.036886225189881224,0.0334
102,2018-06-25T23:00:00+00:00,0.0279292247147408,0.0306
102,2018-06-26T00:00:00+00:00,0.014484407769161248,0.0218
102,2018-06-26T01:00:00+00:00,0.01058009420548952,0.0137
102,2018-06-26T02:00:00+00:00,0.010671676414193112,0.0085
102,2018-06-26T03:00:00+00:00,0.013283520757629359,0.0042
102,2018-06-26T04:00:00+00:00,0.009040056840638737,0.0031
102,2018-06-26T05:00:00+00:00,0.012516388692282571,0.0034
102,2018-06-26T06:00:00+00:00,0.017871397568987736,0.0053
102,2018-06-26T07:00:00+00:00,0.021583175653368668,0.0079
102,2018-06-26T08:00:00+00:00,0.03520917168384223,0.0102
102,2018-06-26T09:00:00+00:00,0.038330932130147405,0.0174
102,2018-06-26T10:00:00+00:00,0.04367640598010596,0.0245
102,2018-06-26T11:00:00+00:00,0.05062256957315585,0.0282
102,2018-06-26T12:00:00+00:00,0.05800466874063255,0.0376
102,2018-06-26T13:00:00+00:00,0.06023899181972064,0.0444
102,2018-06-26T14:00:00+00:00,0.06559255321043778,0.0509
102,2018-06-26T15:00:00+00:00,0.07985164368602077,0.0524
102,2018-06-26T16:00:00+00:00,0.08494224929969274,0.0543
102,2018-06-26T17:00:00+00:00,0.07961375886758232,0.0533
102,2018-06-26T18:00:00+00:00,0.07132504471009027,0.0504
102,2018-06-26T19:00:00+00:00,0.07032942499724325,0.052
102,2018-06-26T20:00:00+00:00,0.060760728013796374,0.0473
102,2018-06-26T21:00:00+00:00,0.05235316126223299,0.0363
102,2018-06-26T22:00:00+00:00,0.04295443004690265,0.0305
102,2018-06-26T23:00:00+00:00,0.028553755389935424,0.0239
102,2018-06-27T00:00:00+00:00,0.02291288474038736,0.0175
102,2018-06-27T01:00:00+00:00,0.014702167728299898,0.0106
102,2018-06-27T02:00:00+00:00,0.004202759186149346,0.008
102,2018-06-27T03:00:00+00:00,0.004181625472979091,0.0046
102,2018-06-27T04:00:00+00:00,0.004085748846971875,0.0033
102,2018-06-27T05:00:00+00:00,0.005417427601070973,0.0057
102,2018-06-27T06:00:00+00:00,0.014630637273543174,0.0081
102,2018-06-27T07:00:00+00:00,0.024407243792002296,0.0127
102,2018-06-27T08:00:00+00:00,0.03385886046400531,0.0254
102,2018-06-27T09:00:00+00:00,0.04441840755820152,0.0307
102,2018-06-27T10:00:00+00:00,0.049938641843066726,0.0407
102,2018-06-27T11:00:00+00:00,0.061602229110318,0.0394
102,2018-06-27T12:00:00+00:00,0.06289009478204317,0.0429
102,2018-06-27T13:00:00+00:00,0.061508581153213,0.0497
102,2018-06-27T14:00:00+00:00,0.0690349213594719,0.0566
102,2018-06-27T15:00:00+00:00,0.06946974782125853,0.0566
102,2018-06-27T16:00:00+00:00,0.07881210227713262,0.0665
102,2018-06-27T17:00:00+00:00,0.08246263687427646,0.0759
102,2018-06-27T18:00:00+00:00,0.0783650567777846,0.0744
102,2018-06-27T19:00:00+00:00,0.07148174081228759,0.0792
102,2018-06-27T20:00:00+00:00,0.07131907095839359,0.064
102,2018-06-27T21:00:00+00:00,0.05881916471978135,0.0475
102,2018-06-27T22:00:00+00:00,0.04582037397605751,0.0344
102,2018-06-27T23:00:00+00:00,0.03370935479544988,0.0266
102,2018-06-28T00:00:00+00:00,0.02293973320343247,0.0183
102,2018-06-28T01:00:00+00:00,0.01088432944224842,0.0127
102,2018-06-28T02:00:00+00:00,0.006060884207777326,0.009
102,2018-06-28T03:00:00+00:00,0.003704581714236814,0.0053
102,2018-06-28T04:00:00+00:00,0.005047472740751201,0.0047
102,2018-06-28T05:00:00+00:00,-0.0015089035540908312,0.0053
102,2018-06-28T06:00:00+00:00,0.0037687807464567118,0.009
102,2018-06-28T07:00:00+00:00,0.021349255233783462,0.0142
102,2018-06-28T08:00:00+00:00,0.03594351599839933,0.0253
102,2018-06-28T09:00:00+00:00,0.04270601701327991,0.0328
103,2018-06-25T10:00:00+00:00,0.03355481007935311,0.0138
103,2018-06-25T11:00:00+00:00,0.03459554362767513,0.0214
103,2018-06-25T12:00:00+00:00,0.03937612562717932,0.0258
103,2018-06-25T13:00:00+00:00,0.05063199807495962,0.041
103,2018-06-25T14:00:00+00:00,0.05930443178636621,0.0465
103,2018-06-25T15:00:00+00:00,0.058660026898796125,0.0455
103,2018-06-25T16:00:00+00:00,0.058073404482182935,0.0453
103,2018-06-25T17:00:00+00:00,0.06420020954575191,0.0436
103,2018-06-25T18:00:00+00:00,0.05917791775130768,0.037
103,2018-06-25T19:00:00+00:00,0.049491069985177605,0.0328
103,2018-06-25T20:00:00+00:00,0.0431724020115648,0.0319
103,2018-06-25T21:00:00+00:00,0.037972012522852615,0.0315
103,2018-06-25T22:00:00+00:00,0.029207351709093346,0.0334
103,2018-06-25T23:00:00+00:00,0.02598958513587005,0.0306
103,2018-06-26T00:00:00+00:00,0.014898140203540652,0.0218
103,2018-06-26T01:00:00+00:00,0.015042500299611907,0.0137
103,2018-06-26T02:00:00+00:00,0.00834618678255096,0.0085
103,2018-06-26T03:00:00+00:00,0.0021343455724522967,0.0042
103,2018-06-26T04:00:00+00:00,0.007443360738541828,0.0031
103,2018-06-26T05:00:00+00:00,0.006369514120609581,0.0034
103,2018-06-26T06:00:00+00:00,0.02186070863778832,0.0053
103,2018-06-26T07:00:00+00:00,0.020061686160918742,0.0079
103,2018-06-26T08:00:00+00:00,0.02839808485140351,0.0102
103,2018-06-26T09:00:00+00:00,0.03403244338054867,0.0174
103,2018-06-26T10:00:00+00:00,0.046514465438928454,0.0245
103,2018-06-26T11:00:00+00:00,0.0516348364192275,0.0282
103,2018-06-26T12:00:00+00:00,0.05640750894172562,0.0376
103,2018-06-26T13:00:00+00:00,0.0694716861574734,0.0444
103,2018-06-26T14:00:00+00:00,0.06850380052680416,0.0509
103,2018-06-26T15:00:00+00:00,0.07216924443849723,0.0524
103,2018-06-26T16:00:00+00:00,0.07403221530066237,0.0543
103,2018-06-26T17:00:00+00:00,0.07978214347135115,0.0533
103,2018-06-26T18:00:00+00:00,0.07481462220732306,0.0504
103,2018-06-26T19:00:00+00:00,0.07234240804362341,0.052
103,2018-06-26T20:00:00+00:00,0.06532895201756245,0.0473
103,2018-06-26T21:00:00+00:00,0.05425253859015791,0.0363
103,2018-06-26T22:00:00+00:00,0.041324413569301846,0.0305
103,2018-06-26T23:00:00+00:00,0.03232022567756863,0.0239
103,2018-06-27T00:00:00+00:00,0.02570678334422842,0.0175
103,2018-06-27T01:00:00+00:00,0.012120583779166291,0.0106
103,2018-06-27T02:00:00+00:00,0.0091612404511064,0.008
103,2018-06-27T03:00:00+00:00,0.006737643435830439,0.0046
103,2018-06-27T04:00:00+00:00,0.006059860732836285,0.0033
103,2018-06-27T05:00:00+00:00,0.011211586599007572,0.0057
103,2018-06-27T06:00:00+00:00,0.02031273829778231,0.0081
103,2018-06-27T07:00:00+00:00,0.024002139877993156,0.0127
103,2018-06-27T08:00:00+00:00,0.032546338445460773,0.0254
103,2018-06-27T09:00:00+00:00,0.05381668865343024,0.0307
103,2018-06-27T10:00:00+00:00,0.05687072952259078,0.0407
103,2018-06-27T11:00:00+00:00,0.058541997262126354,0.0394
103,2018-06-27T12:00:00+00:00,0.06768745602658838,0.0429
103,2018-06-27T13:00:00+00:00,0.06681907722488048,0.0497
103,2018-06-27T14:00:00+00:00,0.07430965638120976,0.0566
103,2018-06-27T15:00:00+00:00,0.0771505721706075,0.0566
103,2018-06-27T16:00:00+00:00,0.08588896779760183,0.0665
103,2018-06-27T17:00:00+00:00,0.08880318945747033,0.0759
103,2018-06-27T18:00:00+00:00,0.09050909660194913,0.0744
103,2018-06-27T19:00:00+00:00,0.08058356612467146,0.0792
103,2018-06-27T20:00:00+00:00,0.07641792285587622,0.064
103,2018-06-27T21:00:00+00:00,0.060225333651068705,0.0475
103,2018-06-27T22:00:00+00:00,0.053666968890626936,0.0344
103,2018-06-27T23:00:00+00:00,0.038571236735767886,0.0266
103,2018-06-28T00:00:00+00:00,0.027160244128327033,0.0183
103,2018-06-28T01:00:00+00:00,0.016900934452446566,0.0127
103,2018-06-28T02:00:00+00:00,0.0020819687201635746,0.009
103,2018-06-28T03:00:00+00:00,0.0007887809787449906,0.0053
103,2018-06-28T04:00:00+00:00,0.006121645199685083,0.0047
103,2018-06-28T05:00:00+00:00,0.009813014358251965,0.0053
103,2018-06-28T06:00:00+00:00,0.019799620180454985,0.009
103,2018-06-28T07:00:00+00:00,0.022898827625380855,0.0142
103,2018-06-28T08:00:00+00:00,0.040149845529187406,0.0253
103,2018-06-28T09:00:00+00:00,0.05035416431423076,0.0328
103,2018-06-28T10:00:00+00:00,0.05504602409087425,0.0408
103,2018-06-28T11:00:00+00:00,0.053629108672706,0.0409
103,2018-06-28T12:00:00+00:00,0.06556405465514079,0.0429
103,2018-06-28T13:00:00+00:00,0.06767391691522551,0.0542
103,2018-06-28T14:00:00+00:00,0.07374761825042518,0.0573
103,2018-06-28T15:00:00+00:00,0.07926187565050716,0.0624
103,2018-06-28T16:00:00+00:00,0.08225380621181727,0.0663
103,2018-06-28T17:00:00+00:00,0.08689625512477667,0.0689
103,2018-06-28T18:00:00+00:00,0.07952431969008178,0.0704
103,2018-06-28T19:00:00+00:00,0.0729414333055425,0.0757
103,2018-06-28T20:00:00+00:00,0.07222918665045215,0.0634
103,2018-06-28T21:00:00+00:00,0.06201131413297534,0.0484
103,2018-06-28T22:00:00+00:00,0.04600804690501619,0.036
103,2018-06-28T23:00:00+00:00,0.04264626696396697,0.0282
103,2018-06-29T00:00:00+00:00,0.019399140702199842,0.0193
103,2018-06-29T01:00:00+00:00,0.020986715344975294,0.0138
103,2018-06-29T02:00:00+00:00,0.009349183869870926,0.0092
103,2018-06-29T03:00:00+00:00,0.009091715171744365,0.007
103,2018-06-29T04:00:00+00:00,0.0021159940401421704,0.0046
103,2018-06-29T05:00:00+00:00,0.009535080338753377,0.0061
103,2018-06-29T06:00:00+00:00,0.02058588287230171,0.0085
103,2018-06-29T07:00:00+00:00,0.028467406480139526,0.0162
103,2018-06-29T08:00:00+00:00,0.03437019272199674,0.0197
103,2018-06-29T09:00:00+00:00,0.04115287708045947,0.0352
104,2018-06-26T10:00:00+00:00,0.036058119082740994,0.0245
104,2018-06-26T11:00:00+00:00,0.04715547719376034,0.0282
104,2018-06-26T12:00:00+00:00,0.057780803440161954,0.0376
104,2018-06-26T13:00:00+00:00,0.06474181577475438,0.0444
104,2018-06-26T14:00:00+00:00,0.07073000891171685,0.0509
104,2018-06-26T15:00:00+00:00,0.07210903069237426,0.0524
104,2018-06-26T16:00:00+00:00,0.0649994641031767,0.0543
104,2018-06-26T17:00:00+00:00,0.07514426886476089,0.0533
104,2018-06-26T18:00:00+00:00,0.05870181809598039,0.0504
104,2018-06-26T19:00:00+00:00,0.05569827213845169,0.052
104,2018-06-26T20:00:00+00:00,0.05394762660670331,0.0473
104,2018-06-26T21:00:00+00:00,0.04652621346914451,0.0363
104,2018-06-26T22:00:00+00:00,0.039502936261098326,0.0305
104,2018-06-26T23:00:00+00:00,0.023139163039685783,0.0239
104,2018-06-27T00:00:00+00:00,0.017452960282966112,0.0175
104,2018-06-27T01:00:00+00:00,0.015602540565537091,0.0106
104,2018-06-27T02:00:00+00:00,-0.0007501263862219089,0.008
104,2018-06-27T03:00:00+00:00,-0.00022218041459574553,0.0046
104,2018-06-27T04:00:00+00:00,0.001913669754093874,0.0033
104,2018-06-27T05:00:00+00:00,0.0005109827263304195,0.0057
104,2018-06-27T06:00:00+00:00,0.0051413650786074246,0.0081
104,2018-06-27T07:00:00+00:00,0.015399942656596393,0.0127
104,2018-06-27T08:00:00+00:00,0.026662728259858527,0.0254
104,2018-06-27T09:00:00+00:00,0.03838351054433778,0.0307
104,2018-06-27T10:00:00+00:00,0.04560950054116499,0.0407
104,2018-06-27T11:00:00+00:00,0.047303500912375646,0.0394
104,2018-06-27T12:00:00+00:00,0.058528084269101346,0.0429
104,2018-06-27T13:00:00+00:00,0.06721166967991651,0.0497
104,2018-06-27T14:00:00+00:00,0.06965470854162345,0.0566
104,2018-06-27T15:00:00+00:00,0.07304086911787527,0.0566
104,2018-06-27T16:00:00+00:00,0.07522895410559649,0.0665
104,2018-06-27T17:00:00+00:00,0.08376208661135469,0.0759
104,2018-06-27T18:00:00+00:00,0.07532240781133513,0.0744
104,2018-06-27T19:00:00+00:00,0.07070096728808381,0.0792
104,2018-06-27T20:00:00+00:00,0.06586911702674998,0.064
104,2018-06-27T21:00:00+00:00,0.052514343944375916,0.0475
104,2018-06-27T22:00:00+00:00,0.040452024416804566,0.0344
104,2018-06-27T23:00:00+00:00,0.028050563412992894,0.0266
104,2018-06-28T00:00:00+00:00,0.020468134169059633,0.0183
104,2018-06-28T01:00:00+00:00,0.005932154036162783,0.0127
104,2018-06-28T02:00:00+00:00,0.010678308114066164,0.009
104,2018-06-28T03:00:00+00:00,0.008205131048432197,0.0053
104,2018-06-28T04:00:00+00:00,0.011648079862841044,0.0047
104,2018-06-28T05:00:00+00:00,0.007038630706194822,0.0053
104,2018-06-28T06:00:00+00:00,0.007144574983662867,0.009
104,2018-06-28T07:00:00+00:00,0.016820655375668334,0.0142
104,2018-06-28T08:00:00+00:00,0.02616493406886779,0.0253
104,2018-06-28T09:00:00+00:00,0.045230744840714474,0.0328
104,2018-06-28T10:00:00+00:00,0.05099419123552245,0.0408
104,2018-06-28T11:00:00+00:00,0.05806122930783332,0.0409
104,2018-06-28T12:00:00+00:00,0.06423174301755773,0.0429
104,2018-06-28T13:00:00+00:00,0.062459149170135,0.0542
104,2018-06-28T14:00:00+00:00,0.06877732733788317,0.0573
104,2018-06-28T15:00:00+00:00,0.07244200677645701,0.0624
104,2018-06-28T16:00:00+00:00,0.0757088761265199,0.0663
104,2018-06-28T17:00:00+00:00,0.07689806628158279,0.0689
104,2018-06-28T18:00:00+00:00,0.08679932995913599,0.0704
104,2018-06-28T19:00:00+00:00,0.07001431168396816,0.0757
104,2018-06-28T20:00:00+00:00,0.06472930431578128,0.0634
104,2018-06-28T21:00:00+00:00,0.05844550237370577,0.0484
104,2018-06-28T22:00:00+00:00,0.04661746565939773,0.036
104,2018-06-28T23:00:00+00:00,0.029989001453170107,0.0282
104,2018-06-29T00:00:00+00:00,0.02455299132323597,0.0193
104,2018-06-29T01:00:00+00:00,0.016471376797881906,0.0138
104,2018-06-29T02:00:00+00:00,0.00978129707870163,0.0092
104,2018-06-29T03:00:00+00:00,0.010542524320255934,0.007
104,2018-06-29T04:00:00+00:00,0.005232865827060611,0.0046
104,2018-06-29T05:00:00+00:00,0.0029629801268580037,0.0061
104,2018-06-29T06:00:00+00:00,0.01862504378544307,0.0085
104,2018-06-29T07:00:00+00:00,0.01824072685635885,0.0162
104,2018-06-29T08:00:00+00:00,0.035530979358721446,0.0197
104,2018-06-29T09:00:00+00:00,0.039563204314054884,0.0352
104,2018-06-29T10:00:00+00:00,0.048828530792631816,0.0406
104,2018-06-29T11:00:00+00:00,0.05546769367785763,0.044
104,2018-06-29T12:00:00+00:00,0.06484191162398792,0.0463
104,2018-06-29T13:00:00+00:00,0.06445806256916245,0.0517
104,2018-06-29T14:00:00+00:00,0.06763205470141267,0.0603
104,2018-06-29T15:00:00+00:00,0.07940941060762,0.0652
104,2018-06-29T16:00:00+00:00,0.08418532065289079,0.0698
104,2018-06-29T17:00:00+00:00,0.08057768009939831,0.0713
104,2018-06-29T18:00:00+00:00,0.07080466827557905,0.0752
104,2018-06-29T19:00:00+00:00,0.06255453912336413,0.0794
104,2018-06-29T20:00:00+00:00,0.06477771676921676,0.0684
104,2018-06-29T21:00:00+00:00,0.057421561647133176,0.0486
104,2018-06-29T22:00:00+00:00,0.0425686447445867,0.038
104,2018-06-29T23:00:00+00:00,0.0375391405848947,0.0294
104,2018-06-30T00:00:00+00:00,0.022129892468722122,0.0204
104,2018-06-30T01:00:00+00:00,0.021718284267026468,0.0154
104,2018-06-30T02:00:00+00:00,0.010192543931081374,0.0092
104,2018-06-30T03:00:00+00:00,0.010456656861427202,0.0056
104,2018-06-30T04:00:00+00:00,0.011002062480057726,0.0056
104,2018-06-30T05:00:00+00:00,0.012938178380917185,0.0056
104,2018-06-30T06:00:00+00:00,0.016593640278848583,0.0086
104,2018-06-30T07:00:00+00:00,0.02058254404639712,0.0138
104,2018-06-30T08:00:00+00:00,0.029217677840194894,0.0246
104,2018-06-30T09:00:00+00:00,0.04322861898360679,0.031
105,2018-06-27T10:00:00+00:00,0.041154928207790285,0.0407
105,2018-06-27T11:00:00+00:00,0.04594511259540201,0.0394
105,2018-06-27T12:00:00+00:00,0.05110507743484865,0.0429
105,2018-06-27T13:00:00+00:00,0.06423893240683742,0.0497
105,2018-06-27T14:00:00+00:00,0.06653200294754111,0.0566
105,2018-06-27T15:00:00+00:00,0.06642584562018738,0.0566
105,2018-06-27T16:00:00+00:00,0.06574623319464558,0.0665
105,2018-06-27T17:00:00+00:00,0.07352344799619664,0.0759
105,2018-06-27T18:00:00+00:00,0.06995715165287338,0.0744
105,2018-06-27T19:00:00+00:00,0.06833600076585875,0.0792
105,2018-06-27T20:00:00+00:00,0.0643291005491429,0.064
105,2018-06-27T21:00:00+00:00,0.04955963236260532,0.0475
105,2018-06-27T22:00:00+00:00,0.03715027128104723,0.0344
105,2018-06-27T23:00:00+00:00,0.033137083481798196,0.0266
105,2018-06-28T00:00:00+00:00,0.021787123922614227,0.0183
105,2018-06-28T01:00:00+00:00,0.009506272652249705,0.0127
105,2018-06-28T02:00:00+00:00,0.009287741953818724,0.009
105,2018-06-28T03:00:00+00:00,0.01454095058220487,0.0053
105,2018-06-28T04:00:00+00:00,0.005176225888333809,0.0047
105,2018-06-28T05:00:00+00:00,0.004328945291481881,0.0053
105,2018-06-28T06:00:00+00:00,0.021461029140966682,0.009
105,2018-06-28T07:00:00+00:00,0.02212313492320581,0.0142
105,2018-06-28T08:00:00+00:00,0.028012084149386957,0.0253
105,2018-06-28T09:00:00+00:00,0.03974803762223328,0.0328
105,2018-06-28T10:00:00+00:00,0.04410449212835234,0.0408
105,2018-06-28T11:00:00+00:00,0.049691293014510224,0.0409
105,2018-06-28T12:00:00+00:00,0.05374618585106329,0.0429
105,2018-06-28T13:00:00+00:00,0.06526923956528816,0.0542
105,2018-06-28T14:00:00+00:00,0.06050043118287356,0.0573
105,2018-06-28T15:00:00+00:00,0.06824221704166974,0.0624
105,2018-06-28T16:00:00+00:00,0.07522892068600659,0.0663
105,2018-06-28T17:00:00+00:00,0.07107935641740748,0.0689
105,2018-06-28T18:00:00+00:00,0.07861768381282275,0.0704
105,2018-06-28T19:00:00+00:00,0.07620053677839969,0.0757
105,2018-06-28T20:00:00+00:00,0.05557402019188528,0.0634
105,2018-06-28T21:00:00+00:00,0.055534177774537716,0.0484
105,2018-06-28T22:00:00+00:00,0.043183186095484355,0.036
105,2018-06-28T23:00:00+00:00,0.03350815215438799,0.0282
105,2018-06-29T00:00:00+00:00,0.026540991920704596,0.0193
105,2018-06-29T01:00:00+00:00,0.017680085037815263,0.0138
105,2018-06-29T02:00:00+00:00,0.008345186283577988,0.0092
105,2018-06-29T03:00:00+00:00,0.012332559016163702,0.007
105,2018-06-29T04:00:00+00:00,0.0158937233637112,0.0046
105,2018-06-29T05:00:00+00:00,0.009329708603850025,0.0061
105,2018-06-29T06:00:00+00:00,0.020668916976523267,0.0085
105,2018-06-29T07:00:00+00:00,0.02649977825580848,0.0162
105,2018-06-29T08:00:00+00:00,0.03216269982961554,0.0197
105,2018-06-29T09:00:00+00:00,0.05175787063948652,0.0352
105,2018-06-29T10:00:00+00:00,0.055511462897019775,0.0406
105,2018-06-29T11:00:00+00:00,0.06234728962525264,0.044
105,2018-06-29T12:00:00+00:00,0.06514493540061253,0.0463
105,2018-06-29T13:00:00+00:00,0.07263178827266667,0.0517
105,2018-06-29T14:00:00+00:00,0.07007982243509209,0.0603
105,2018-06-29T15:00:00+00:00,0.0764666151983772,0.0652
105,2018-06-29T16:00:00+00:00,0.0795000696001523,0.0698
105,2018-06-29T17:00:00+00:00,0.08452192693992769,0.0713
105,2018-06-29T18:00:00+00:00,0.07791422650987914,0.0752
105,2018-06-29T19:00:00+00:00,0.07117694579739767,0.0794
105,2018-06-29T20:00:00+00:00,0.06457990203908212,0.0684
105,2018-06-29T21:00:00+00:00,0.06019786692561023,0.0486
105,2018-06-29T22:00:00+00:00,0.04571081620543029,0.038
105,2018-06-29T23:00:00+00:00,0.031444778632594456,0.0294
105,2018-06-30T00:00:00+00:00,0.021912236423620855,0.0204
105,2018-06-30T01:00:00+00:00,0.01736056451612061,0.0154
105,2018-06-30T02:00:00+00:00,0.011376946729889436,0.0092
105,2018-06-30T03:00:00+00:00,0.011188042497914955,0.0056
105,2018-06-30T04:00:00+00:00,0.013394021587309388,0.0056
105,2018-06-30T05:00:00+00:00,0.01377508219510161,0.0056
105,2018-06-30T06:00:00+00:00,0.014634260165962013,0.0086
105,2018-06-30T07:00:00+00:00,0.021354926120446562,0.0138
105,2018-06-30T08:00:00+00:00,0.034858759973085365,0.0246
105,2018-06-30T09:00:00+00:00,0.03775982893559934,0.031
105,2018-06-30T10:00:00+00:00,0.04808628378942284,0.0402
105,2018-06-30T11:00:00+00:00,0.06102829987169804,0.0409
105,2018-06-30T12:00:00+00:00,0.0654440616175637,0.0496
105,2018-06-30T13:00:00+00:00,0.06616899518447418,0.059
105,2018-06-30T14:00:00+00:00,0.0667990129385874,0.0647
105,2018-06-30T15:00:00+00:00,0.07458218478204018,0.0684
105,2018-06-30T16:00:00+00:00,0.069541378534785,0.0767
105,2018-06-30T17:00:00+00:00,0.07561511746702332,0.0712
105,2018-06-30T18:00:00+00:00,0.07124451185330113,0.0723
105,2018-06-30T19:00:00+00:00,0.06850541302201738,0.0756
105,2018-06-30T20:00:00+00:00,0.05921234619508958,0.0646
105,2018-06-30T21:00:00+00:00,0.05798185987051799,0.0469
105,2018-06-30T22:00:00+00:00,0.04677510795373442,0.0383
105,2018-06-30T23:00:00+00:00,0.0371519699361407,0.0307
105,2018-07-01T00:00:00+00:00,0.03009323741519447,0.0252
105,2018-07-01T01:00:00+00:00,0.015869036730388485,0.0192
105,2018-07-01T02:00:00+00:00,0.008068614112368287,0.0125
105,2018-07-01T03:00:00+00:00,0.006456528289117157,0.0073
105,2018-07-01T04:00:00+00:00,0.003887213506929787,0.0057
105,2018-07-01T05:00:00+00:00,0.0004153107953114091,0.0054
105,2018-07-01T06:00:00+00:00,0.008365545080007163,0.0047
105,2018-07-01T07:00:00+00:00,0.004833700156433862,0.0079
105,2018-07-01T08:00:00+00:00,0.013926445783983681,0.0138
105,2018-07-01T09:00:00+00:00,0.023138594384476196,0.0224
