window_index,timestamp,prediction,actual
0,2019-01-18T16:00:00+00:00,3140.713323611684,3378.0
0,2019-01-18T17:00:00+00:00,3145.251223126386,3358.0
0,2019-01-18T18:00:00+00:00,3287.6839455910463,3355.0
0,2019-01-18T19:00:00+00:00,3257.4195506853407,3337.0
0,2019-01-18T20:00:00+00:00,3126.3742233952157,3322.0
0,2019-01-18T21:00:00+00:00,3008.647341528986,3239.0
0,2019-01-18T22:00:00+00:00,2979.7531497821883,3198.0
0,2019-01-18T23:00:00+00:00,2903.351774300146,3129.0
0,2019-01-19T00:00:00+00:00,2918.3340897756398,3081.0
0,2019-01-19T01:00:00+00:00,2837.0212251517232,3079.0
0,2019-01-19T02:00:00+00:00,2768.845959491313,3033.0
0,2019-01-19T03:00:00+00:00,2744.2089380347293,2856.0
0,2019-01-19T04:00:00+00:00,2721.654236753944,2851.0
0,2019-01-19T05:00:00+00:00,2623.585059452775,2782.0
0,2019-01-19T06:00:00+00:00,2648.9648319452126,2769.0
0,2019-01-19T07:00:00+00:00,2737.2392525939113,2864.0
0,2019-01-19T08:00:00+00:00,2858.5877727808756,3040.0
0,2019-01-19T09:00:00+00:00,3012.3661858548803,3100.0
0,2019-01-19T10:00:00+00:00,3133.3807886258546,3292.0
0,2019-01-19T11:00:00+00:00,3395.072804402692,3592.0
0,2019-01-19T12:00:00+00:00,3747.1551196299783,3848.0
0,2019-01-19T13:00:00+00:00,3947.9032827278866,4127.0
0,2019-01-19T14:00:00+00:00,4073.9246309079026,4403.0
0,2019-01-19T15:00:00+00:00,4173.749629887172,4303.0
0,2019-01-19T16:00:00+00:00,4409.947896115038,4373.0
0,2019-01-19T17:00:00+00:00,4483.5881782287015,4691.0
0,2019-01-19T18:00:00+00:00,4590.467659728252,4949.0
0,2019-01-19T19:00:00+00:00,4554.549652526544,4942.0
0,2019-01-19T20:00:00+00:00,4463.027893682027,4545.0
0,2019-01-19T21:00:00+00:00,4445.8249257725,4196.0
0,2019-01-19T22:00:00+00:00,4366.006221378833,4068.0
0,2019-01-19T23:00:00+00:00,4244.484405835399,3777.0
0,2019-01-20T00:00:00+00:00,4238.695534596981,3677.0
0,2019-01-20T01:00:00+00:00,4171.190714434675,3524.0
0,2019-01-20T02:00:00+00:00,3925.566886009428,3381.0
0,2019-01-20T03:00:00+00:00,3783.9688496839203,3204.0
0,2019-01-20T04:00:00+00:00,3657.0399149916825,3198.0
0,2019-01-20T05:00:00+00:00,3332.7333689245484,3181.0
0,2019-01-20T06:00:00+00:00,3190.5197441359737,3114.0
0,2019-01-20T07:00:00+00:00,3244.4630790766805,3094.0
0,2019-01-20T08:00:00+00:00,3290.3138447250262,3087.0
0,2019-01-20T09:00:00+00:00,3287.017399568926,3131.0
0,2019-01-20T10:00:00+00:00,3519.343733992094,3339.0
0,2019-01-20T11:00:00+00:00,3823.504314835921,3648.0
0,2019-01-20T12:00:00+00:00,3943.6071837706395,3842.0
0,2019-01-20T13:00:00+00:00,4066.062428116295,4191.0
0,2019-01-20T14:00:00+00:00,4188.303796118115,4375.0
0,2019-01-20T15:00:00+00:00,4337.965684408606,4445.0
0,2019-01-20T16:00:00+00:00,4385.773788722801,4618.0
0,2019-01-20T17:00:00+00:00,4584.434707730321,4916.0
0,2019-01-20T18:00:00+00:00,4705.459108760867,4881.0
0,2019-01-20T19:00:00+00:00,4585.108722240344,5065.0
0,2019-01-20T20:00:00+00:00,4542.425851226231,4942.0
0,2019-01-20T21:00:00+00:00,4444.6041254180545,4515.0
0,2019-01-20T22:00:00+00:00,4252.37833317739,4244.0
0,2019-01-20T23:00:00+00:00,4095.427927714728,3941.0
0,2019-01-21T00:00:00+00:00,4202.629545586297,3661.0
0,2019-01-21T01:00:00+00:00,4012.803054654013,3548.0
0,2019-01-21T02:00:00+00:00,3850.7974081805505,3393.0
0,2019-01-21T03:00:00+00:00,3744.929741559795,3246.0
0,2019-01-21T04:00:00+00:00,3601.3483259999975,3245.0
0,2019-01-21T05:00:00+00:00,3398.9208436553818,3187.0
0,2019-01-21T06:00:00+00:00,3266.5774369888613,3031.0
0,2019-01-21T07:00:00+00:00,3199.8208535659137,3119.0
0,2019-01-21T08:00:00+00:00,3253.602624624511,3125.0
0,2019-01-21T09:00:00+00:00,3396.8500897219114,3248.0
0,2019-01-21T10:00:00+00:00,3456.9135861276977,3443.0
0,2019-01-21T11:00:00+00:00,3654.9954990443116,3623.0
0,2019-01-21T12:00:00+00:00,3956.667784606652,3643.0
0,2019-01-21T13:00:00+00:00,4187.4198047402415,3974.0
0,2019-01-21T14:00:00+00:00,4215.026772855228,4123.0
0,2019-01-21T15:00:00+00:00,4219.099544196339,3996.0
0,2019-01-21T16:00:00+00:00,4267.860376414238,4130.0
0,2019-01-21T17:00:00+00:00,4396.849490189818,4131.0
0,2019-01-21T18:00:00+00:00,4459.804084527742,4288.0
0,2019-01-21T19:00:00+00:00,4474.3497247857695,4364.0
0,2019-01-21T20:00:00+00:00,4317.2598634870465,4145.0
0,2019-01-21T21:00:00+00:00,4234.799891995513,3942.0
0,2019-01-21T22:00:00+00:00,4047.847116585468,3735.0
0,2019-01-21T23:00:00+00:00,3958.466037870891,3637.0
0,2019-01-22T00:00:00+00:00,4016.8428456812867,3477.0
0,2019-01-22T01:00:00+00:00,3888.542419020282,3320.0
0,2019-01-22T02:00:00+00:00,3813.155832593632,3289.0
0,2019-01-22T03:00:00+00:00,3592.237464733139,3115.0
0,2019-01-22T04:00:00+00:00,3418.9604490188876,3212.0
0,2019-01-22T05:00:00+00:00,3346.7704580306468,3133.0
0,2019-01-22T06:00:00+00:00,3418.9511134090094,3045.0
0,2019-01-22T07:00:00+00:00,3220.5054586944043,3104.0
0,2019-01-22T08:00:00+00:00,3140.0724216011236,3106.0
0,2019-01-22T09:00:00+00:00,3314.592015251803,3301.0
0,2019-01-22T10:00:00+00:00,3480.6372875205057,3434.0
0,2019-01-22T11:00:00+00:00,3646.364141137937,3732.0
0,2019-01-22T12:00:00+00:00,3940.596590032057,3883.0
0,2019-01-22T13:00:00+00:00,4140.862044268037,4038.0
0,2019-01-22T14:00:00+00:00,4294.765835408869,4075.0
0,2019-01-22T15:00:00+00:00,4337.993707761445,3936.0
1,2019-01-19T16:00:00+00:00,4331.125144324974,4373.0
1,2019-01-19T17:00:00+00:00,4395.068222778597,4691.0
1,2019-01-19T18:00:00+00:00,4345.911692887476,4949.0
1,2019-01-19T19:00:00+00:00,4375.129673326625,4942.0
1,2019-01-19T20:00:00+00:00,4381.286417163866,4545.0
1,2019-01-19T21:00:00+00:00,4141.224365070541,4196.0
1,2019-01-19T22:00:00+00:00,4086.0997863241487,4068.0
1,2019-01-19T23:00:00+00:00,4079.1219053744817,3777.0
1,2019-01-20T00:00:00+00:00,3957.3131148357033,3677.0
1,2019-01-20T01:00:00+00:00,3840.450710444221,3524.0
1,2019-01-20T02:00:00+00:00,3658.8689014141055,3381.0
1,2019-01-20T03:00:00+00:00,3582.108261922173,3204.0
1,2019-01-20T04:00:00+00:00,3487.9035644610026,3198.0
1,2019-01-20T05:00:00+00:00,3365.709700668741,3181.0
1,2019-01-20T06:00:00+00:00,3289.372749156462,3114.0
1,2019-01-20T07:00:00+00:00,3150.2476745797558,3094.0
1,2019-01-20T08:00:00+00:00,3121.2094004999663,3087.0
1,2019-01-20T09:00:00+00:00,3188.7958122402897,3131.0
1,2019-01-20T10:00:00+00:00,3348.8801902007604,3339.0
1,2019-01-20T11:00:00+00:00,3502.908169737782,3648.0
1,2019-01-20T12:00:00+00:00,3724.9725539344727,3842.0
1,2019-01-20T13:00:00+00:00,3954.3266449739754,4191.0
1,2019-01-20T14:00:00+00:00,4102.465027825111,4375.0
1,2019-01-20T15:00:00+00:00,4219.738463422499,4445.0
1,2019-01-20T16:00:00+00:00,4362.57448423391,4618.0
1,2019-01-20T17:00:00+00:00,4325.4975395510055,4916.0
1,2019-01-20T18:00:00+00:00,4384.727010745772,4881.0
1,2019-01-20T19:00:00+00:00,4453.7834257930845,5065.0
1,2019-01-20T20:00:00+00:00,4294.9790508245715,4942.0
1,2019-01-20T21:00:00+00:00,4317.634675831265,4515.0
1,2019-01-20T22:00:00+00:00,4117.723280796128,4244.0
1,2019-01-20T23:00:00+00:00,4069.644790782727,3941.0
1,2019-01-21T00:00:00+00:00,3952.44451992966,3661.0
1,2019-01-21T01:00:00+00:00,3886.003860154281,3548.0
1,2019-01-21T02:00:00+00:00,3769.402985025023,3393.0
1,2019-01-21T03:00:00+00:00,3659.165625099411,3246.0
1,2019-01-21T04:00:00+00:00,3458.219670996104,3245.0
1,2019-01-21T05:00:00+00:00,3422.560780668935,3187.0
1,2019-01-21T06:00:00+00:00,3101.9254673173145,3031.0
1,2019-01-21T07:00:00+00:00,3271.1955897021116,3119.0
1,2019-01-21T08:00:00+00:00,3074.085769883499,3125.0
1,2019-01-21T09:00:00+00:00,3337.590695005924,3248.0
1,2019-01-21T10:00:00+00:00,3339.016036094327,3443.0
1,2019-01-21T11:00:00+00:00,3645.196611591011,3623.0
1,2019-01-21T12:00:00+00:00,3863.1232552111187,3643.0
1,2019-01-21T13:00:00+00:00,3945.0591767860046,3974.0
1,2019-01-21T14:00:00+00:00,4033.93715700575,4123.0
1,2019-01-21T15:00:00+00:00,4201.611187518986,3996.0
1,2019-01-21T16:00:00+00:00,4120.345380978139,4130.0
1,2019-01-21T17:00:00+00:00,4346.168529559956,4131.0
1,2019-01-21T18:00:00+00:00,4445.856914694137,4288.0
1,2019-01-21T19:00:00+00:00,4485.185377154885,4364.0
1,2019-01-21T20:00:00+00:00,4335.773385791478,4145.0
1,2019-01-21T21:00:00+00:00,4202.874088995503,3942.0
1,2019-01-21T22:00:00+00:00,4012.075967614911,3735.0
1,2019-01-21T23:00:00+00:00,4001.5477129204487,3637.0
1,2019-01-22T00:00:00+00:00,3983.0742428608755,3477.0
1,2019-01-22T01:00:00+00:00,3903.0577226770056,3320.0
1,2019-01-22T02:00:00+00:00,3649.907773415776,3289.0
1,2019-01-22T03:00:00+00:00,3678.0580905488932,3115.0
1,2019-01-22T04:00:00+00:00,3408.5500460721396,3212.0
1,2019-01-22T05:00:00+00:00,3291.1941844749654,3133.0
1,2019-01-22T06:00:00+00:00,3260.7432095573167,3045.0
1,2019-01-22T07:00:00+00:00,3294.722367557695,3104.0
1,2019-01-22T08:00:00+00:00,3215.6663081366855,3106.0
1,2019-01-22T09:00:00+00:00,3346.7515554860433,3301.0
1,2019-01-22T10:00:00+00:00,3465.3098518971674,3434.0
1,2019-01-22T11:00:00+00:00,3651.931535358991,3732.0
1,2019-01-22T12:00:00+00:00,3994.456482795974,3883.0
1,2019-01-22T13:00:00+00:00,4166.837246915485,4038.0
1,2019-01-22T14:00:00+00:00,4212.288481507438,4075.0
1,2019-01-22T15:00:00+00:00,4253.620481510532,3936.0
1,2019-01-22T16:00:00+00:00,4442.352673733025,3945.0
1,2019-01-22T17:00:00+00:00,4515.474127262291,3912.0
1,2019-01-22T18:00:00+00:00,4486.913968593907,4023.0
1,2019-01-22T19:00:00+00:00,4565.955685874431,4475.0
1,2019-01-22T20:00:00+00:00,4420.184879781291,4426.0
1,2019-01-22T21:00:00+00:00,4397.832290323574,4023.0
1,2019-01-22T22:00:00+00:00,4228.149104378862,3859.0
1,2019-01-22T23:00:00+00:00,4250.566464793612,3735.0
1,2019-01-23T00:00:00+00:00,4153.592974151314,3553.0
1,2019-01-23T01:00:00+00:00,4061.2408912933206,3422.0
1,2019-01-23T02:00:00+00:00,3958.9252507376923,3468.0
1,2019-01-23T03:00:00+00:00,3715.4332129589966,3234.0
1,2019-01-23T04:00:00+00:00,3561.334861099015,3265.0
1,2019-01-23T05:00:00+00:00,3486.184886943976,3267.0
1,2019-01-23T06:00:00+00:00,3285.067364158946,3243.0
1,2019-01-23T07:00:00+00:00,3317.362774694126,3165.0
1,2019-01-23T08:00:00+00:00,3466.9201041539773,3137.0
1,2019-01-23T09:00:00+00:00,3307.8786212177547,3247.0
1,2019-01-23T10:00:00+00:00,3427.0489866496378,3375.0
1,2019-01-23T11:00:00+00:00,3828.8986119789442,3663.0
1,2019-01-23T12:00:00+00:00,3915.406570006601,3804.0
1,2019-01-23T13:00:00+00:00,4075.084229317233,3887.0
1,2019-01-23T14:00:00+00:00,4125.002941531318,4121.0
1,2019-01-23T15:00:00+00:00,4225.438043270151,4040.0
2,2019-01-20T16:00:00+00:00,4248.443497537635,4618.0
2,2019-01-20T17:00:00+00:00,4375.087506111741,4916.0
2,2019-01-20T18:00:00+00:00,4412.207741587357,4881.0
2,2019-01-20T19:00:00+00:00,4313.060193944402,5065.0
2,2019-01-20T20:00:00+00:00,4243.671728603075,4942.0
2,2019-01-20T21:00:00+00:00,4187.775317982977,4515.0
2,2019-01-20T22:00:00+00:00,4058.8476705237645,4244.0
2,2019-01-20T23:00:00+00:00,3991.0578581505133,3941.0
2,2019-01-21T00:00:00+00:00,3963.2150047848627,3661.0
2,2019-01-21T01:00:00+00:00,3943.9604498577223,3548.0
2,2019-01-21T02:00:00+00:00,3815.6341148139045,3393.0
2,2019-01-21T03:00:00+00:00,3678.1171775239827,3246.0
2,2019-01-21T04:00:00+00:00,3481.8105754037906,3245.0
2,2019-01-21T05:00:00+00:00,3339.4210198078163,3187.0
2,2019-01-21T06:00:00+00:00,3210.188535770466,3031.0
2,2019-01-21T07:00:00+00:00,3279.627198603493,3119.0
2,2019-01-21T08:00:00+00:00,3130.2350020376693,3125.0
2,2019-01-21T09:00:00+00:00,3012.905371025773,3248.0
2,2019-01-21T10:00:00+00:00,3208.796819400829,3443.0
2,2019-01-21T11:00:00+00:00,3360.293444188499,3623.0
2,2019-01-21T12:00:00+00:00,3628.891316271711,3643.0
2,2019-01-21T13:00:00+00:00,3797.3574030595223,3974.0
2,2019-01-21T14:00:00+00:00,3856.758252919173,4123.0
2,2019-01-21T15:00:00+00:00,3884.849416984388,3996.0
2,2019-01-21T16:00:00+00:00,4036.8227031415704,4130.0
2,2019-01-21T17:00:00+00:00,4143.55512813153,4131.0
2,2019-01-21T18:00:00+00:00,4077.1341640145147,4288.0
2,2019-01-21T19:00:00+00:00,4140.312879082336,4364.0
2,2019-01-21T20:00:00+00:00,4121.721499443836,4145.0
2,2019-01-21T21:00:00+00:00,3854.6647630579278,3942.0
2,2019-01-21T22:00:00+00:00,3862.9036948853395,3735.0
2,2019-01-21T23:00:00+00:00,3762.767002198552,3637.0
2,2019-01-22T00:00:00+00:00,3696.4160303708195,3477.0
2,2019-01-22T01:00:00+00:00,3715.496827291797,3320.0
2,2019-01-22T02:00:00+00:00,3649.9545671275914,3289.0
2,2019-01-22T03:00:00+00:00,3520.5177736811306,3115.0
2,2019-01-22T04:00:00+00:00,3366.9016515101816,3212.0
2,2019-01-22T05:00:00+00:00,3258.558214196059,3133.0
2,2019-01-22T06:00:00+00:00,3201.667982465587,3045.0
2,2019-01-22T07:00:00+00:00,3156.7502490625834,3104.0
2,2019-01-22T08:00:00+00:00,3131.6757262283672,3106.0
2,2019-01-22T09:00:00+00:00,3193.4222430784057,3301.0
2,2019-01-22T10:00:00+00:00,3328.6228585870444,3434.0
2,2019-01-22T11:00:00+00:00,3589.7842482123106,3732.0
2,2019-01-22T12:00:00+00:00,3812.90315976839,3883.0
2,2019-01-22T13:00:00+00:00,3923.1953436826334,4038.0
2,2019-01-22T14:00:00+00:00,4102.107135241096,4075.0
2,2019-01-22T15:00:00+00:00,4075.8382161313484,3936.0
2,2019-01-22T16:00:00+00:00,4300.140436893529,3945.0
2,2019-01-22T17:00:00+00:00,4294.013633100713,3912.0
2,2019-01-22T18:00:00+00:00,4268.58065589357,4023.0
2,2019-01-22T19:00:00+00:00,4373.36393772653,4475.0
2,2019-01-22T20:00:00+00:00,4318.537900217809,4426.0
2,2019-01-22T21:00:00+00:00,4108.032884695857,4023.0
2,2019-01-22T22:00:00+00:00,4123.291798595007,3859.0
2,2019-01-22T23:00:00+00:00,4098.872486865431,3735.0
2,2019-01-23T00:00:00+00:00,3997.7561664999257,3553.0
2,2019-01-23T01:00:00+00:00,3955.6849183800828,3422.0
2,2019-01-23T02:00:00+00:00,3936.511194963607,3468.0
2,2019-01-23T03:00:00+00:00,3705.100857363153,3234.0
2,2019-01-23T04:00:00+00:00,3581.6679185535686,3265.0
2,2019-01-23T05:00:00+00:00,3557.5566984731854,3267.0
2,2019-01-23T06:00:00+00:00,3447.6563623257885,3243.0
2,2019-01-23T07:00:00+00:00,3291.0495899226707,3165.0
2,2019-01-23T08:00:00+00:00,3320.838562699113,3137.0
2,2019-01-23T09:00:00+00:00,3451.5263278692905,3247.0
2,2019-01-23T10:00:00+00:00,3454.474216051255,3375.0
2,2019-01-23T11:00:00+00:00,3726.069033707103,3663.0
2,2019-01-23T12:00:00+00:00,3865.6597651999073,3804.0
2,2019-01-23T13:00:00+00:00,4038.701986194914,3887.0
2,2019-01-23T14:00:00+00:00,4158.855019574926,4121.0
2,2019-01-23T15:00:00+00:00,4237.495421293098,4040.0
2,2019-01-23T16:00:00+00:00,4302.02408207255,4278.0
2,2019-01-23T17:00:00+00:00,4353.542042090031,4401.0
2,2019-01-23T18:00:00+00:00,4419.330762355028,4574.0
2,2019-01-23T19:00:00+00:00,4340.270076437088,4833.0
2,2019-01-23T20:00:00+00:00,4423.779932267877,4501.0
2,2019-01-23T21:00:00+00:00,4161.791655455427,4128.0
2,2019-01-23T22:00:00+00:00,4082.5442573399164,4041.0
2,2019-01-23T23:00:00+00:00,4097.642499609937,3802.0
2,2019-01-24T00:00:00+00:00,4024.7499915859376,3669.0
2,2019-01-24T01:00:00+00:00,3995.062487801112,3520.0
2,2019-01-24T02:00:00+00:00,3830.20936465229,3373.0
2,2019-01-24T03:00:00+00:00,3693.8643851277857,3200.0
2,2019-01-24T04:00:00+00:00,3575.8864827566463,3183.0
2,2019-01-24T05:00:00+00:00,3420.384790453489,3119.0
2,2019-01-24T06:00:00+00:00,3256.264016984028,3128.0
2,2019-01-24T07:00:00+00:00,3203.0421842396995,3055.0
2,2019-01-24T08:00:00+00:00,3067.587326201503,3067.0
2,2019-01-24T09:00:00+00:00,3042.312971746277,3089.0
2,2019-01-24T10:00:00+00:00,3138.3020264576903,3185.0
2,2019-01-24T11:00:00+00:00,3148.3038849406325,3209.0
2,2019-01-24T12:00:00+00:00,3299.867329562548,3258.0
2,2019-01-24T13:00:00+00:00,3432.572098685781,3269.0
2,2019-01-24T14:00:00+00:00,3539.9949622498684,3297.0
2,2019-01-24T15:00:00+00:00,3610.346565112995,3332.0
3,2019-01-21T16:00:00+00:00,4255.348147650167,4130.0
3,2019-01-21T17:00:00+00:00,4332.4178536602885,4131.0
3,2019-01-21T18:00:00+00:00,4423.02310346279,4288.0
3,2019-01-21T19:00:00+00:00,4418.984039456462,4364.0
3,2019-01-21T20:00:00+00:00,4300.517760764653,4145.0
3,2019-01-21T21:00:00+00:00,4192.646027859046,3942.0
3,2019-01-21T22:00:00+00:00,4130.521030513651,3735.0
3,2019-01-21T23:00:00+00:00,3951.6244403022465,3637.0
3,2019-01-22T00:00:00+00:00,3963.3081295588013,3477.0
3,2019-01-22T01:00:00+00:00,3955.494438892155,3320.0
3,2019-01-22T02:00:00+00:00,3783.7502807503406,3289.0
3,2019-01-22T03:00:00+00:00,3559.482395204668,3115.0
3,2019-01-22T04:00:00+00:00,3297.3756965939897,3212.0
3,2019-01-22T05:00:00+00:00,3151.4884845334277,3133.0
3,2019-01-22T06:00:00+00:00,3143.218885640645,3045.0
3,2019-01-22T07:00:00+00:00,3060.644837953357,3104.0
3,2019-01-22T08:00:00+00:00,3056.83577693731,3106.0
3,2019-01-22T09:00:00+00:00,3087.619529169919,3301.0
3,2019-01-22T10:00:00+00:00,3173.9698227914514,3434.0
3,2019-01-22T11:00:00+00:00,3387.1325129521715,3732.0
3,2019-01-22T12:00:00+00:00,3709.6619554553226,3883.0
3,2019-01-22T13:00:00+00:00,4021.41653445439,4038.0
3,2019-01-22T14:00:00+00:00,3943.5460479183375,4075.0
3,2019-01-22T15:00:00+00:00,4032.087153068698,3936.0
3,2019-01-22T16:00:00+00:00,4221.971541305432,3945.0
3,2019-01-22T17:00:00+00:00,4229.042613121851,3912.0
3,2019-01-22T18:00:00+00:00,4321.273217389001,4023.0
3,2019-01-22T19:00:00+00:00,4359.610287650265,4475.0
3,2019-01-22T20:00:00+00:00,4177.92273011887,4426.0
3,2019-01-22T21:00:00+00:00,4122.682356763577,4023.0
3,2019-01-22T22:00:00+00:00,4103.143272275185,3859.0
3,2019-01-22T23:00:00+00:00,4028.5308970635197,3735.0
3,2019-01-23T00:00:00+00:00,4104.0591864818825,3553.0
3,2019-01-23T01:00:00+00:00,3901.36171499494,3422.0
3,2019-01-23T02:00:00+00:00,3878.593699159232,3468.0
3,2019-01-23T03:00:00+00:00,3669.2889952196037,3234.0
3,2019-01-23T04:00:00+00:00,3565.690047031352,3265.0
3,2019-01-23T05:00:00+00:00,3297.4599649309457,3267.0
3,2019-01-23T06:00:00+00:00,3249.786904757524,3243.0
3,2019-01-23T07:00:00+00:00,3021.311550717238,3165.0
3,2019-01-23T08:00:00+00:00,2969.2830567634296,3137.0
3,2019-01-23T09:00:00+00:00,2801.8646732520333,3247.0
3,2019-01-23T10:00:00+00:00,3054.8766207190947,3375.0
3,2019-01-23T11:00:00+00:00,3139.967780154468,3663.0
3,2019-01-23T12:00:00+00:00,3482.598955265626,3804.0
3,2019-01-23T13:00:00+00:00,3682.0679745781495,3887.0
3,2019-01-23T14:00:00+00:00,3776.1747224900105,4121.0
3,2019-01-23T15:00:00+00:00,3809.129392314645,4040.0
3,2019-01-23T16:00:00+00:00,3799.4874422465223,4278.0
3,2019-01-23T17:00:00+00:00,4044.4047384976034,4401.0
3,2019-01-23T18:00:00+00:00,3946.3593546092225,4574.0
3,2019-01-23T19:00:00+00:00,4082.754829043087,4833.0
3,2019-01-23T20:00:00+00:00,3953.48369723316,4501.0
3,2019-01-23T21:00:00+00:00,4010.502958658395,4128.0
3,2019-01-23T22:00:00+00:00,3983.3062947283684,4041.0
3,2019-01-23T23:00:00+00:00,3973.0997137562326,3802.0
3,2019-01-24T00:00:00+00:00,3885.589854771776,3669.0
3,2019-01-24T01:00:00+00:00,3880.279660733676,3520.0
3,2019-01-24T02:00:00+00:00,3772.8813176033223,3373.0
3,2019-01-24T03:00:00+00:00,3726.491763340963,3200.0
3,2019-01-24T04:00:00+00:00,3546.967010508762,3183.0
3,2019-01-24T05:00:00+00:00,3348.312965153825,3119.0
3,2019-01-24T06:00:00+00:00,3148.3674166574165,3128.0
3,2019-01-24T07:00:00+00:00,2942.204632876395,3055.0
3,2019-01-24T08:00:00+00:00,3029.7515038362985,3067.0
3,2019-01-24T09:00:00+00:00,2989.5713693833795,3089.0
3,2019-01-24T10:00:00+00:00,3063.1997547906494,3185.0
3,2019-01-24T11:00:00+00:00,3081.659808009123,3209.0
3,2019-01-24T12:00:00+00:00,3237.794066366763,3258.0
3,2019-01-24T13:00:00+00:00,3277.8362981647338,3269.0
3,2019-01-24T14:00:00+00:00,3416.61552557265,3297.0
3,2019-01-24T15:00:00+00:00,3372.5056115801926,3332.0
3,2019-01-24T16:00:00+00:00,3384.795818061189,3485.0
3,2019-01-24T17:00:00+00:00,3433.854943668711,3687.0
3,2019-01-24T18:00:00+00:00,3580.7060863648317,3992.0
3,2019-01-24T19:00:00+00:00,3655.2920244511774,4043.0
3,2019-01-24T20:00:00+00:00,3559.3899809284726,3894.0
3,2019-01-24T21:00:00+00:00,3663.360800330751,3822.0
3,2019-01-24T22:00:00+00:00,3473.8302069236065,3925.0
3,2019-01-24T23:00:00+00:00,3511.1987530987867,3567.0
3,2019-01-25T00:00:00+00:00,3562.2903649008786,3476.0
3,2019-01-25T01:00:00+00:00,3483.931650752987,3200.0
3,2019-01-25T02:00:00+00:00,3459.3326822336603,3276.0
3,2019-01-25T03:00:00+00:00,3274.268938566921,3040.0
3,2019-01-25T04:00:00+00:00,3130.6947271237736,3016.0
3,2019-01-25T05:00:00+00:00,3061.079398200798,2869.0
3,2019-01-25T06:00:00+00:00,2985.236077387846,2822.0
3,2019-01-25T07:00:00+00:00,2898.7088863515187,2853.0
3,2019-01-25T08:00:00+00:00,2795.4842713345893,2755.0
3,2019-01-25T09:00:00+00:00,2788.3689834260736,2605.0
3,2019-01-25T10:00:00+00:00,2846.4847246239387,2732.0
3,2019-01-25T11:00:00+00:00,2904.356054598224,2767.0
3,2019-01-25T12:00:00+00:00,2958.847332007586,2770.0
3,2019-01-25T13:00:00+00:00,3097.3666329040007,2828.0
3,2019-01-25T14:00:00+00:00,3110.6292133774546,2960.0
3,2019-01-25T15:00:00+00:00,3158.6680477028767,2956.0
4,2019-01-22T16:00:00+00:00,4172.309137021321,3945.0
4,2019-01-22T17:00:00+00:00,4235.20794902482,3912.0
4,2019-01-22T18:00:00+00:00,4319.063205897909,4023.0
4,2019-01-22T19:00:00+00:00,4399.392543367123,4475.0
4,2019-01-22T20:00:00+00:00,4171.434530822935,4426.0
4,2019-01-22T21:00:00+00:00,3936.7256000499488,4023.0
4,2019-01-22T22:00:00+00:00,4010.5300567118475,3859.0
4,2019-01-22T23:00:00+00:00,4012.9275074214547,3735.0
4,2019-01-23T00:00:00+00:00,3941.8471321524876,3553.0
4,2019-01-23T01:00:00+00:00,3951.742217695545,3422.0
4,2019-01-23T02:00:00+00:00,3716.8881471045543,3468.0
4,2019-01-23T03:00:00+00:00,3579.436344282138,3234.0
4,2019-01-23T04:00:00+00:00,3408.997948806265,3265.0
4,2019-01-23T05:00:00+00:00,3238.0333223509056,3267.0
4,2019-01-23T06:00:00+00:00,3115.55805188282,3243.0
4,2019-01-23T07:00:00+00:00,3100.3269630580685,3165.0
4,2019-01-23T08:00:00+00:00,3112.9681058544793,3137.0
4,2019-01-23T09:00:00+00:00,3134.685113773107,3247.0
4,2019-01-23T10:00:00+00:00,3257.3881070294137,3375.0
4,2019-01-23T11:00:00+00:00,3388.4237021527806,3663.0
4,2019-01-23T12:00:00+00:00,3601.56144227648,3804.0
4,2019-01-23T13:00:00+00:00,3912.3277684846944,3887.0
4,2019-01-23T14:00:00+00:00,4075.0749763233716,4121.0
4,2019-01-23T15:00:00+00:00,4067.475889021507,4040.0
4,2019-01-23T16:00:00+00:00,4169.734359293632,4278.0
4,2019-01-23T17:00:00+00:00,4255.268307531702,4401.0
4,2019-01-23T18:00:00+00:00,4409.49456550862,4574.0
4,2019-01-23T19:00:00+00:00,4222.547738451773,4833.0
4,2019-01-23T20:00:00+00:00,4169.183079137905,4501.0
4,2019-01-23T21:00:00+00:00,4106.246594230825,4128.0
4,2019-01-23T22:00:00+00:00,4112.168642488041,4041.0
4,2019-01-23T23:00:00+00:00,4085.3600755577063,3802.0
4,2019-01-24T00:00:00+00:00,4032.210746629567,3669.0
4,2019-01-24T01:00:00+00:00,3905.979355488887,3520.0
4,2019-01-24T02:00:00+00:00,3754.174341634364,3373.0
4,2019-01-24T03:00:00+00:00,3550.204566968213,3200.0
4,2019-01-24T04:00:00+00:00,3464.1769054148,3183.0
4,2019-01-24T05:00:00+00:00,3178.5760292286973,3119.0
4,2019-01-24T06:00:00+00:00,2982.8611312811668,3128.0
4,2019-01-24T07:00:00+00:00,2834.4696790479093,3055.0
4,2019-01-24T08:00:00+00:00,2845.442143540554,3067.0
4,2019-01-24T09:00:00+00:00,2773.041663465159,3089.0
4,2019-01-24T10:00:00+00:00,2777.770075514195,3185.0
4,2019-01-24T11:00:00+00:00,2965.7157302120236,3209.0
4,2019-01-24T12:00:00+00:00,3198.5697000869604,3258.0
4,2019-01-24T13:00:00+00:00,3273.355370655096,3269.0
4,2019-01-24T14:00:00+00:00,3217.8540959193056,3297.0
4,2019-01-24T15:00:00+00:00,3229.0934431920514,3332.0
4,2019-01-24T16:00:00+00:00,3560.5628639932766,3485.0
4,2019-01-24T17:00:00+00:00,3507.1584333290066,3687.0
4,2019-01-24T18:00:00+00:00,3494.4879122770844,3992.0
4,2019-01-24T19:00:00+00:00,3565.2049753513475,4043.0
4,2019-01-24T20:00:00+00:00,3583.571672471036,3894.0
4,2019-01-24T21:00:00+00:00,3607.9151426973517,3822.0
4,2019-01-24T22:00:00+00:00,3455.550124435746,3925.0
4,2019-01-24T23:00:00+00:00,3602.5045701990534,3567.0
4,2019-01-25T00:00:00+00:00,3637.9236757995736,3476.0
4,2019-01-25T01:00:00+00:00,3529.4832968515448,3200.0
4,2019-01-25T02:00:00+00:00,3505.192750445478,3276.0
4,2019-01-25T03:00:00+00:00,3413.9911121421737,3040.0
4,2019-01-25T04:00:00+00:00,3277.7921151190435,3016.0
4,2019-01-25T05:00:00+00:00,3045.1026502564077,2869.0
4,2019-01-25T06:00:00+00:00,2895.712535614203,2822.0
4,2019-01-25T07:00:00+00:00,2817.28429182672,2853.0
4,2019-01-25T08:00:00+00:00,2616.0031562823688,2755.0
4,2019-01-25T09:00:00+00:00,2759.9625566414225,2605.0
4,2019-01-25T10:00:00+00:00,2856.299606538058,2732.0
4,2019-01-25T11:00:00+00:00,2863.2523722186716,2767.0
4,2019-01-25T12:00:00+00:00,2910.5920106722033,2770.0
4,2019-01-25T13:00:00+00:00,3181.5769073237248,2828.0
4,2019-01-25T14:00:00+00:00,3117.571172883094,2960.0
4,2019-01-25T15:00:00+00:00,3054.9490914888775,2956.0
4,2019-01-25T16:00:00+00:00,3116.7223759283015,3216.0
4,2019-01-25T17:00:00+00:00,3210.2532241114823,3162.0
4,2019-01-25T18:00:00+00:00,3171.4043641504377,3254.0
4,2019-01-25T19:00:00+00:00,3114.2518265671856,3341.0
4,2019-01-25T20:00:00+00:00,3041.271778611972,3311.0
4,2019-01-25T21:00:00+00:00,2918.3002172088245,3209.0
4,2019-01-25T22:00:00+00:00,2853.517958304744,3241.0
4,2019-01-25T23:00:00+00:00,2837.4829164990233,3122.0
4,2019-01-26T00:00:00+00:00,2935.4286324249497,3064.0
4,2019-01-26T01:00:00+00:00,2895.849479923358,3002.0
4,2019-01-26T02:00:00+00:00,2810.7238530858494,2934.0
4,2019-01-26T03:00:00+00:00,2779.2457958495347,2809.0
4,2019-01-26T04:00:00+00:00,2782.1711959517743,2702.0
4,2019-01-26T05:00:00+00:00,2802.4924888855608,2611.0
4,2019-01-26T06:00:00+00:00,2802.0203218273527,2647.0
4,2019-01-26T07:00:00+00:00,2761.49392712556,2744.0
4,2019-01-26T08:00:00+00:00,2778.9470563334235,2911.0
4,2019-01-26T09:00:00+00:00,2953.142894338157,2977.0
4,2019-01-26T10:00:00+00:00,3037.8040869766137,3104.0
4,2019-01-26T11:00:00+00:00,3458.713111678592,3504.0
4,2019-01-26T12:00:00+00:00,3711.1701273619924,3567.0
4,2019-01-26T13:00:00+00:00,3912.769367616752,3715.0
4,2019-01-26T14:00:00+00:00,4099.257609688524,3895.0
4,2019-01-26T15:00:00+00:00,4205.181851757465,4044.0
5,2019-01-23T16:00:00+00:00,4218.3764227260335,4278.0
5,2019-01-23T17:00:00+00:00,4336.5130304651075,4401.0
5,2019-01-23T18:00:00+00:00,4434.9135971321575,4574.0
5,2019-01-23T19:00:00+00:00,4441.946004652796,4833.0
5,2019-01-23T20:00:00+00:00,4346.22510500814,4501.0
5,2019-01-23T21:00:00+00:00,4052.5794942033017,4128.0
5,2019-01-23T22:00:00+00:00,4126.340131329984,4041.0
5,2019-01-23T23:00:00+00:00,4042.325987333724,3802.0
5,2019-01-24T00:00:00+00:00,4039.3990670967783,3669.0
5,2019-01-24T01:00:00+00:00,3981.350872754105,3520.0
5,2019-01-24T02:00:00+00:00,3767.47832925535,3373.0
5,2019-01-24T03:00:00+00:00,3555.759287892316,3200.0
5,2019-01-24T04:00:00+00:00,3394.542954841677,3183.0
5,2019-01-24T05:00:00+00:00,3253.952999151012,3119.0
5,2019-01-24T06:00:00+00:00,3193.166149950075,3128.0
5,2019-01-24T07:00:00+00:00,3070.657502611274,3055.0
5,2019-01-24T08:00:00+00:00,3065.281050527841,3067.0
5,2019-01-24T09:00:00+00:00,2905.5225597065446,3089.0
5,2019-01-24T10:00:00+00:00,3071.1785122585097,3185.0
5,2019-01-24T11:00:00+00:00,3135.8539651762994,3209.0
5,2019-01-24T12:00:00+00:00,3346.379568609593,3258.0
5,2019-01-24T13:00:00+00:00,3411.693775521511,3269.0
5,2019-01-24T14:00:00+00:00,3508.533064706405,3297.0
5,2019-01-24T15:00:00+00:00,3581.2416860006033,3332.0
5,2019-01-24T16:00:00+00:00,3610.1260133950163,3485.0
5,2019-01-24T17:00:00+00:00,3575.5030453002923,3687.0
5,2019-01-24T18:00:00+00:00,3571.382290576727,3992.0
5,2019-01-24T19:00:00+00:00,3618.222647395395,4043.0
5,2019-01-24T20:00:00+00:00,3534.5026659879263,3894.0
5,2019-01-24T21:00:00+00:00,3425.0362622062435,3822.0
5,2019-01-24T22:00:00+00:00,3395.7783947542684,3925.0
5,2019-01-24T23:00:00+00:00,3346.800546783901,3567.0
5,2019-01-25T00:00:00+00:00,3404.7122264207055,3476.0
5,2019-01-25T01:00:00+00:00,3322.8529394628395,3200.0
5,2019-01-25T02:00:00+00:00,3236.2032123506565,3276.0
5,2019-01-25T03:00:00+00:00,2999.780428836014,3040.0
5,2019-01-25T04:00:00+00:00,2888.607492091748,3016.0
5,2019-01-25T05:00:00+00:00,2872.6890380086875,2869.0
5,2019-01-25T06:00:00+00:00,2670.3140003114245,2822.0
5,2019-01-25T07:00:00+00:00,2714.317670106503,2853.0
5,2019-01-25T08:00:00+00:00,2553.4063884356456,2755.0
5,2019-01-25T09:00:00+00:00,2658.3362641285025,2605.0
5,2019-01-25T10:00:00+00:00,2666.0463873567087,2732.0
5,2019-01-25T11:00:00+00:00,2810.1310005505575,2767.0
5,2019-01-25T12:00:00+00:00,3003.6846635032116,2770.0
5,2019-01-25T13:00:00+00:00,3059.5613784649468,2828.0
5,2019-01-25T14:00:00+00:00,3026.8658585612584,2960.0
5,2019-01-25T15:00:00+00:00,3037.264571341654,2956.0
5,2019-01-25T16:00:00+00:00,3087.5972228454307,3216.0
5,2019-01-25T17:00:00+00:00,3293.89909895204,3162.0
5,2019-01-25T18:00:00+00:00,3265.6049969035903,3254.0
5,2019-01-25T19:00:00+00:00,3235.2338951508136,3341.0
5,2019-01-25T20:00:00+00:00,3028.4085309164698,3311.0
5,2019-01-25T21:00:00+00:00,3014.8747716300495,3209.0
5,2019-01-25T22:00:00+00:00,2815.8073818207413,3241.0
5,2019-01-25T23:00:00+00:00,2840.711352150239,3122.0
5,2019-01-26T00:00:00+00:00,2986.9013188653203,3064.0
5,2019-01-26T01:00:00+00:00,2915.529342104078,3002.0
5,2019-01-26T02:00:00+00:00,2931.14971759916,2934.0
5,2019-01-26T03:00:00+00:00,2823.2301334967237,2809.0
5,2019-01-26T04:00:00+00:00,2820.443528302412,2702.0
5,2019-01-26T05:00:00+00:00,2761.869466490725,2611.0
5,2019-01-26T06:00:00+00:00,2652.4701303913375,2647.0
5,2019-01-26T07:00:00+00:00,2751.792823989535,2744.0
5,2019-01-26T08:00:00+00:00,2759.457739733445,2911.0
5,2019-01-26T09:00:00+00:00,2835.1883722997227,2977.0
5,2019-01-26T10:00:00+00:00,3117.986962771558,3104.0
5,2019-01-26T11:00:00+00:00,3377.3512888032246,3504.0
5,2019-01-26T12:00:00+00:00,3619.3530327812477,3567.0
5,2019-01-26T13:00:00+00:00,3807.102160498732,3715.0
5,2019-01-26T14:00:00+00:00,3904.867674369198,3895.0
5,2019-01-26T15:00:00+00:00,4011.0634257151705,4044.0
5,2019-01-26T16:00:00+00:00,4038.496305359927,4273.0
5,2019-01-26T17:00:00+00:00,4084.81500812643,4537.0
5,2019-01-26T18:00:00+00:00,4123.790733242601,4814.0
5,2019-01-26T19:00:00+00:00,4209.912444869339,5115.0
5,2019-01-26T20:00:00+00:00,4124.070504121296,4853.0
5,2019-01-26T21:00:00+00:00,3965.8716054154156,4297.0
5,2019-01-26T22:00:00+00:00,3779.2131082565847,4379.0
5,2019-01-26T23:00:00+00:00,3822.9286464320867,4134.0
5,2019-01-27T00:00:00+00:00,3800.196254622747,3780.0
5,2019-01-27T01:00:00+00:00,3654.1880761906446,3590.0
5,2019-01-27T02:00:00+00:00,3656.5223421707383,3481.0
5,2019-01-27T03:00:00+00:00,3345.0155120823224,3350.0
5,2019-01-27T04:00:00+00:00,3229.0966486934963,3276.0
5,2019-01-27T05:00:00+00:00,3167.2997360733175,3181.0
5,2019-01-27T06:00:00+00:00,3052.810724607402,3108.0
5,2019-01-27T07:00:00+00:00,3007.644283947954,3162.0
5,2019-01-27T08:00:00+00:00,2939.2622138747306,3111.0
5,2019-01-27T09:00:00+00:00,3056.2564734287444,3232.0
5,2019-01-27T10:00:00+00:00,3293.3414408398294,3369.0
5,2019-01-27T11:00:00+00:00,3492.8149875100635,3632.0
5,2019-01-27T12:00:00+00:00,3629.2824204944077,3926.0
5,2019-01-27T13:00:00+00:00,3870.6576706951696,4295.0
5,2019-01-27T14:00:00+00:00,3964.5194125481316,4451.0
5,2019-01-27T15:00:00+00:00,4090.0104980870497,4435.0
6,2019-01-24T16:00:00+00:00,3470.4085654559144,3485.0
6,2019-01-24T17:00:00+00:00,3529.1335502067695,3687.0
6,2019-01-24T18:00:00+00:00,3626.200099530193,3992.0
6,2019-01-24T19:00:00+00:00,3657.7638956685596,4043.0
6,2019-01-24T20:00:00+00:00,3623.931017587215,3894.0
6,2019-01-24T21:00:00+00:00,3461.0383394664673,3822.0
6,2019-01-24T22:00:00+00:00,3480.4465767077313,3925.0
6,2019-01-24T23:00:00+00:00,3466.2043355091528,3567.0
6,2019-01-25T00:00:00+00:00,3448.4452130989184,3476.0
6,2019-01-25T01:00:00+00:00,3346.1451704472283,3200.0
6,2019-01-25T02:00:00+00:00,3198.4776658444416,3276.0
6,2019-01-25T03:00:00+00:00,3085.9564687552834,3040.0
6,2019-01-25T04:00:00+00:00,3019.3627380243042,3016.0
6,2019-01-25T05:00:00+00:00,2797.25912774292,2869.0
6,2019-01-25T06:00:00+00:00,2758.9032210298665,2822.0
6,2019-01-25T07:00:00+00:00,2578.1857738120752,2853.0
6,2019-01-25T08:00:00+00:00,2601.62056699475,2755.0
6,2019-01-25T09:00:00+00:00,2462.76617553491,2605.0
6,2019-01-25T10:00:00+00:00,2628.1678029413006,2732.0
6,2019-01-25T11:00:00+00:00,2820.500830771542,2767.0
6,2019-01-25T12:00:00+00:00,2885.1469384802267,2770.0
6,2019-01-25T13:00:00+00:00,2862.309426051335,2828.0
6,2019-01-25T14:00:00+00:00,2961.214743533549,2960.0
6,2019-01-25T15:00:00+00:00,2903.701834885784,2956.0
6,2019-01-25T16:00:00+00:00,3023.8805783701696,3216.0
6,2019-01-25T17:00:00+00:00,3210.836625374472,3162.0
6,2019-01-25T18:00:00+00:00,3172.650775470037,3254.0
6,2019-01-25T19:00:00+00:00,3164.8172900058075,3341.0
6,2019-01-25T20:00:00+00:00,3179.8190037220047,3311.0
6,2019-01-25T21:00:00+00:00,2995.1951077277704,3209.0
6,2019-01-25T22:00:00+00:00,3003.1916772088143,3241.0
6,2019-01-25T23:00:00+00:00,3019.4326642207743,3122.0
6,2019-01-26T00:00:00+00:00,3053.6093240704936,3064.0
6,2019-01-26T01:00:00+00:00,2960.0641998396404,3002.0
6,2019-01-26T02:00:00+00:00,2842.7120477016124,2934.0
6,2019-01-26T03:00:00+00:00,2781.5710732070197,2809.0
6,2019-01-26T04:00:00+00:00,2692.514840669807,2702.0
6,2019-01-26T05:00:00+00:00,2825.2412717125985,2611.0
6,2019-01-26T06:00:00+00:00,2736.067360921307,2647.0
6,2019-01-26T07:00:00+00:00,2844.7437407824236,2744.0
6,2019-01-26T08:00:00+00:00,2885.5590271711458,2911.0
6,2019-01-26T09:00:00+00:00,2996.8616380151043,2977.0
6,2019-01-26T10:00:00+00:00,3172.793304621916,3104.0
6,2019-01-26T11:00:00+00:00,3471.743788993384,3504.0
6,2019-01-26T12:00:00+00:00,3684.8893445922567,3567.0
6,2019-01-26T13:00:00+00:00,3886.576356103077,3715.0
6,2019-01-26T14:00:00+00:00,4008.336370145641,3895.0
6,2019-01-26T15:00:00+00:00,4098.07289601014,4044.0
6,2019-01-26T16:00:00+00:00,4087.751710099744,4273.0
6,2019-01-26T17:00:00+00:00,4320.558093149106,4537.0
6,2019-01-26T18:00:00+00:00,4419.014574336206,4814.0
6,2019-01-26T19:00:00+00:00,4412.57343312334,5115.0
6,2019-01-26T20:00:00+00:00,4191.1979343196645,4853.0
6,2019-01-26T21:00:00+00:00,3997.4377313254513,4297.0
6,2019-01-26T22:00:00+00:00,3955.667800341438,4379.0
6,2019-01-26T23:00:00+00:00,4066.810070020333,4134.0
6,2019-01-27T00:00:00+00:00,3912.077541093545,3780.0
6,2019-01-27T01:00:00+00:00,3906.0778337807023,3590.0
6,2019-01-27T02:00:00+00:00,3590.6544922850185,3481.0
6,2019-01-27T03:00:00+00:00,3541.524994354537,3350.0
6,2019-01-27T04:00:00+00:00,3452.3795530425737,3276.0
6,2019-01-27T05:00:00+00:00,3304.3478770385095,3181.0
6,2019-01-27T06:00:00+00:00,3223.7505662577746,3108.0
6,2019-01-27T07:00:00+00:00,3161.1750802969336,3162.0
6,2019-01-27T08:00:00+00:00,3077.7380917928076,3111.0
6,2019-01-27T09:00:00+00:00,3347.7499370005344,3232.0
6,2019-01-27T10:00:00+00:00,3376.7907887000424,3369.0
6,2019-01-27T11:00:00+00:00,3576.9327815607794,3632.0
6,2019-01-27T12:00:00+00:00,3749.2058143946124,3926.0
6,2019-01-27T13:00:00+00:00,4007.1901224845965,4295.0
6,2019-01-27T14:00:00+00:00,3981.5147829310863,4451.0
6,2019-01-27T15:00:00+00:00,4053.4558849076466,4435.0
6,2019-01-27T16:00:00+00:00,4209.472068454328,4603.0
6,2019-01-27T17:00:00+00:00,4235.968677305891,4805.0
6,2019-01-27T18:00:00+00:00,4333.212223183329,5171.0
6,2019-01-27T19:00:00+00:00,4396.489879192659,5187.0
6,2019-01-27T20:00:00+00:00,4254.39376742613,4976.0
6,2019-01-27T21:00:00+00:00,4117.018400942295,4754.0
6,2019-01-27T22:00:00+00:00,4113.290501900979,4688.0
6,2019-01-27T23:00:00+00:00,4076.2839460642363,4383.0
6,2019-01-28T00:00:00+00:00,4094.256234320563,4138.0
6,2019-01-28T01:00:00+00:00,3949.924665329823,3937.0
6,2019-01-28T02:00:00+00:00,3731.1516371426083,3552.0
6,2019-01-28T03:00:00+00:00,3517.2229147525495,3422.0
6,2019-01-28T04:00:00+00:00,3369.9250342081373,3407.0
6,2019-01-28T05:00:00+00:00,3203.8961860035392,3337.0
6,2019-01-28T06:00:00+00:00,3122.7716858975245,3164.0
6,2019-01-28T07:00:00+00:00,3128.096387308144,3257.0
6,2019-01-28T08:00:00+00:00,3136.0228984070914,3123.0
6,2019-01-28T09:00:00+00:00,3178.080564453802,3251.0
6,2019-01-28T10:00:00+00:00,3266.536409875006,3405.0
6,2019-01-28T11:00:00+00:00,3408.9375069285034,3854.0
6,2019-01-28T12:00:00+00:00,3657.9873554703236,4170.0
6,2019-01-28T13:00:00+00:00,3876.7264780443156,4278.0
6,2019-01-28T14:00:00+00:00,3873.7743764455035,4449.0
6,2019-01-28T15:00:00+00:00,3998.860180853272,4439.0
7,2019-01-25T16:00:00+00:00,3076.5093933471726,3216.0
7,2019-01-25T17:00:00+00:00,3115.2520917268557,3162.0
7,2019-01-25T18:00:00+00:00,3179.0093832822954,3254.0
7,2019-01-25T19:00:00+00:00,3219.195532181225,3341.0
7,2019-01-25T20:00:00+00:00,3147.190948057491,3311.0
7,2019-01-25T21:00:00+00:00,3080.5411210512243,3209.0
7,2019-01-25T22:00:00+00:00,3055.20648995027,3241.0
7,2019-01-25T23:00:00+00:00,3164.3376379364936,3122.0
7,2019-01-26T00:00:00+00:00,3126.4035686043203,3064.0
7,2019-01-26T01:00:00+00:00,3017.5502417587995,3002.0
7,2019-01-26T02:00:00+00:00,2931.943459240474,2934.0
7,2019-01-26T03:00:00+00:00,2819.6084125599723,2809.0
7,2019-01-26T04:00:00+00:00,2815.3243424947455,2702.0
7,2019-01-26T05:00:00+00:00,2867.856562825112,2611.0
7,2019-01-26T06:00:00+00:00,2796.7180919732546,2647.0
7,2019-01-26T07:00:00+00:00,2883.209064147894,2744.0
7,2019-01-26T08:00:00+00:00,2818.764737798211,2911.0
7,2019-01-26T09:00:00+00:00,2959.0662974980455,2977.0
7,2019-01-26T10:00:00+00:00,3172.8213444979583,3104.0
7,2019-01-26T11:00:00+00:00,3234.662274931794,3504.0
7,2019-01-26T12:00:00+00:00,3601.9910786093305,3567.0
7,2019-01-26T13:00:00+00:00,3697.9680218127064,3715.0
7,2019-01-26T14:00:00+00:00,3692.4645723885196,3895.0
7,2019-01-26T15:00:00+00:00,3811.22238647979,4044.0
7,2019-01-26T16:00:00+00:00,3843.6401513355904,4273.0
7,2019-01-26T17:00:00+00:00,3960.9079690438484,4537.0
7,2019-01-26T18:00:00+00:00,4053.7401500976453,4814.0
7,2019-01-26T19:00:00+00:00,4052.0546511728944,5115.0
7,2019-01-26T20:00:00+00:00,3996.568478644943,4853.0
7,2019-01-26T21:00:00+00:00,3895.398094358159,4297.0
7,2019-01-26T22:00:00+00:00,3802.4433111356925,4379.0
7,2019-01-26T23:00:00+00:00,3819.9571135461647,4134.0
7,2019-01-27T00:00:00+00:00,3919.34127346073,3780.0
7,2019-01-27T01:00:00+00:00,3784.746497725196,3590.0
7,2019-01-27T02:00:00+00:00,3661.5958247980084,3481.0
7,2019-01-27T03:00:00+00:00,3442.795599418121,3350.0
7,2019-01-27T04:00:00+00:00,3365.169391920022,3276.0
7,2019-01-27T05:00:00+00:00,3192.2778129697267,3181.0
7,2019-01-27T06:00:00+00:00,3211.4517346646426,3108.0
7,2019-01-27T07:00:00+00:00,3073.196755451814,3162.0
7,2019-01-27T08:00:00+00:00,3152.1905719658994,3111.0
7,2019-01-27T09:00:00+00:00,3183.6583517697463,3232.0
7,2019-01-27T10:00:00+00:00,3399.4554353757508,3369.0
7,2019-01-27T11:00:00+00:00,3637.9746994514403,3632.0
7,2019-01-27T12:00:00+00:00,3765.4256847527236,3926.0
7,2019-01-27T13:00:00+00:00,3791.843114413955,4295.0
7,2019-01-27T14:00:00+00:00,4023.559726111236,4451.0
7,2019-01-27T15:00:00+00:00,4093.0528824688286,4435.0
7,2019-01-27T16:00:00+00:00,4047.6095129216583,4603.0
7,2019-01-27T17:00:00+00:00,4198.473232929177,4805.0
7,2019-01-27T18:00:00+00:00,4211.895956289255,5171.0
7,2019-01-27T19:00:00+00:00,4147.867221549596,5187.0
7,2019-01-27T20:00:00+00:00,4147.197569165251,4976.0
7,2019-01-27T21:00:00+00:00,4154.224424889572,4754.0
7,2019-01-27T22:00:00+00:00,4072.97395188141,4688.0
7,2019-01-27T23:00:00+00:00,3831.475438583845,4383.0
7,2019-01-28T00:00:00+00:00,3835.7284450268216,4138.0
7,2019-01-28T01:00:00+00:00,3735.412442537554,3937.0
7,2019-01-28T02:00:00+00:00,3576.4954619383834,3552.0
7,2019-01-28T03:00:00+00:00,3599.639380649729,3422.0
7,2019-01-28T04:00:00+00:00,3441.833114562853,3407.0
7,2019-01-28T05:00:00+00:00,3388.112950267852,3337.0
7,2019-01-28T06:00:00+00:00,3176.655520783059,3164.0
7,2019-01-28T07:00:00+00:00,3100.383323704609,3257.0
7,2019-01-28T08:00:00+00:00,3270.344991718157,3123.0
7,2019-01-28T09:00:00+00:00,3330.5613608011035,3251.0
7,2019-01-28T10:00:00+00:00,3401.571074591053,3405.0
7,2019-01-28T11:00:00+00:00,3542.7321795894427,3854.0
7,2019-01-28T12:00:00+00:00,3916.265512208235,4170.0
7,2019-01-28T13:00:00+00:00,3882.2351157543467,4278.0
7,2019-01-28T14:00:00+00:00,4060.148707553555,4449.0
7,2019-01-28T15:00:00+00:00,3935.982386364402,4439.0
7,2019-01-28T16:00:00+00:00,4054.6341214903277,4685.0
7,2019-01-28T17:00:00+00:00,4078.3917119731545,4947.0
7,2019-01-28T18:00:00+00:00,4119.381483388986,5151.0
7,2019-01-28T19:00:00+00:00,4157.748758065927,5421.0
7,2019-01-28T20:00:00+00:00,4078.1910541919788,5176.0
7,2019-01-28T21:00:00+00:00,4036.9876047107514,4809.0
7,2019-01-28T22:00:00+00:00,3880.6028215443016,4556.0
7,2019-01-28T23:00:00+00:00,3968.9746629998026,4248.0
7,2019-01-29T00:00:00+00:00,3850.6820101285307,4027.0
7,2019-01-29T01:00:00+00:00,3740.725346381,3745.0
7,2019-01-29T02:00:00+00:00,3548.4375260350544,3515.0
7,2019-01-29T03:00:00+00:00,3392.334397392478,3392.0
7,2019-01-29T04:00:00+00:00,3383.944575672305,3427.0
7,2019-01-29T05:00:00+00:00,3265.020571201994,3322.0
7,2019-01-29T06:00:00+00:00,3230.651432556745,3148.0
7,2019-01-29T07:00:00+00:00,3209.5477328991255,3273.0
7,2019-01-29T08:00:00+00:00,3137.9034207006844,3183.0
7,2019-01-29T09:00:00+00:00,3223.350886492552,3277.0
7,2019-01-29T10:00:00+00:00,3409.7987789018057,3415.0
7,2019-01-29T11:00:00+00:00,3605.4045906609863,3635.0
7,2019-01-29T12:00:00+00:00,3724.3833034575055,3731.0
7,2019-01-29T13:00:00+00:00,3989.2003196327455,3779.0
7,2019-01-29T14:00:00+00:00,4108.11047765867,3930.0
7,2019-01-29T15:00:00+00:00,4108.355946367263,3927.0
8,2019-01-26T16:00:00+00:00,4066.0844370231234,4273.0
8,2019-01-26T17:00:00+00:00,4176.938872500102,4537.0
8,2019-01-26T18:00:00+00:00,4133.382651051057,4814.0
8,2019-01-26T19:00:00+00:00,4208.769700127399,5115.0
8,2019-01-26T20:00:00+00:00,4198.623527986619,4853.0
8,2019-01-26T21:00:00+00:00,3949.806557472458,4297.0
8,2019-01-26T22:00:00+00:00,3929.4800432064208,4379.0
8,2019-01-26T23:00:00+00:00,4009.6363496904187,4134.0
8,2019-01-27T00:00:00+00:00,3868.336358906483,3780.0
8,2019-01-27T01:00:00+00:00,3752.208642227632,3590.0
8,2019-01-27T02:00:00+00:00,3549.2238487580757,3481.0
8,2019-01-27T03:00:00+00:00,3422.7712532328856,3350.0
8,2019-01-27T04:00:00+00:00,3348.7691666668206,3276.0
8,2019-01-27T05:00:00+00:00,3272.8340801134036,3181.0
8,2019-01-27T06:00:00+00:00,3193.4866009553552,3108.0
8,2019-01-27T07:00:00+00:00,3032.0949567174407,3162.0
8,2019-01-27T08:00:00+00:00,3068.5568416797855,3111.0
8,2019-01-27T09:00:00+00:00,3042.814219642337,3232.0
8,2019-01-27T10:00:00+00:00,3228.28754047309,3369.0
8,2019-01-27T11:00:00+00:00,3450.0020954089896,3632.0
8,2019-01-27T12:00:00+00:00,3536.401413374786,3926.0
8,2019-01-27T13:00:00+00:00,3744.5140838569573,4295.0
8,2019-01-27T14:00:00+00:00,3812.212192451756,4451.0
8,2019-01-27T15:00:00+00:00,3975.4035109493952,4435.0
8,2019-01-27T16:00:00+00:00,3984.488166415781,4603.0
8,2019-01-27T17:00:00+00:00,4152.103242139555,4805.0
8,2019-01-27T18:00:00+00:00,4177.096636045446,5171.0
8,2019-01-27T19:00:00+00:00,4255.639220399936,5187.0
8,2019-01-27T20:00:00+00:00,4122.101400934679,4976.0
8,2019-01-27T21:00:00+00:00,4086.723504203251,4754.0
8,2019-01-27T22:00:00+00:00,4010.805002815171,4688.0
8,2019-01-27T23:00:00+00:00,4058.4018744980626,4383.0
8,2019-01-28T00:00:00+00:00,3859.8944560494297,4138.0
8,2019-01-28T01:00:00+00:00,3750.092945181118,3937.0
8,2019-01-28T02:00:00+00:00,3648.4226679009475,3552.0
8,2019-01-28T03:00:00+00:00,3506.9078424273835,3422.0
8,2019-01-28T04:00:00+00:00,3307.343000927979,3407.0
8,2019-01-28T05:00:00+00:00,3270.4044917733295,3337.0
8,2019-01-28T06:00:00+00:00,3053.344159703538,3164.0
8,2019-01-28T07:00:00+00:00,3046.9846761615026,3257.0
8,2019-01-28T08:00:00+00:00,2973.244924363824,3123.0
8,2019-01-28T09:00:00+00:00,3009.0963761025396,3251.0
8,2019-01-28T10:00:00+00:00,3102.011834101093,3405.0
8,2019-01-28T11:00:00+00:00,3359.9716961117583,3854.0
8,2019-01-28T12:00:00+00:00,3578.70226792803,4170.0
8,2019-01-28T13:00:00+00:00,3696.4875097484023,4278.0
8,2019-01-28T14:00:00+00:00,3770.67219836521,4449.0
8,2019-01-28T15:00:00+00:00,3847.5907170649107,4439.0
8,2019-01-28T16:00:00+00:00,3689.2601614749383,4685.0
8,2019-01-28T17:00:00+00:00,4042.346872662726,4947.0
8,2019-01-28T18:00:00+00:00,4170.332961903681,5151.0
8,2019-01-28T19:00:00+00:00,4096.817198650272,5421.0
8,2019-01-28T20:00:00+00:00,3995.5903711009314,5176.0
8,2019-01-28T21:00:00+00:00,3955.535548622027,4809.0
8,2019-01-28T22:00:00+00:00,3892.695261804704,4556.0
8,2019-01-28T23:00:00+00:00,3808.9530897351697,4248.0
8,2019-01-29T00:00:00+00:00,3782.2535429003715,4027.0
8,2019-01-29T01:00:00+00:00,3741.3744108540022,3745.0
8,2019-01-29T02:00:00+00:00,3480.031778211467,3515.0
8,2019-01-29T03:00:00+00:00,3430.4714666698983,3392.0
8,2019-01-29T04:00:00+00:00,3296.0002431872254,3427.0
8,2019-01-29T05:00:00+00:00,3192.536500240979,3322.0
8,2019-01-29T06:00:00+00:00,3109.6928434450415,3148.0
8,2019-01-29T07:00:00+00:00,3126.800869028264,3273.0
8,2019-01-29T08:00:00+00:00,3160.716511835062,3183.0
8,2019-01-29T09:00:00+00:00,3243.4828069930336,3277.0
8,2019-01-29T10:00:00+00:00,3282.492173351174,3415.0
8,2019-01-29T11:00:00+00:00,3461.1301423841396,3635.0
8,2019-01-29T12:00:00+00:00,3711.555316277899,3731.0
8,2019-01-29T13:00:00+00:00,3905.24846811302,3779.0
8,2019-01-29T14:00:00+00:00,3860.362525353213,3930.0
8,2019-01-29T15:00:00+00:00,3951.794431018051,3927.0
8,2019-01-29T16:00:00+00:00,4098.513404610778,4068.0
8,2019-01-29T17:00:00+00:00,4167.556468909804,4349.0
8,2019-01-29T18:00:00+00:00,4214.0038543838,4533.0
8,2019-01-29T19:00:00+00:00,4290.393333159448,4716.0
8,2019-01-29T20:00:00+00:00,4216.134752777372,4579.0
8,2019-01-29T21:00:00+00:00,4142.187535638748,4431.0
8,2019-01-29T22:00:00+00:00,4024.7231579037384,4274.0
8,2019-01-29T23:00:00+00:00,4087.728841986342,3973.0
8,2019-01-30T00:00:00+00:00,4040.304670824601,3670.0
8,2019-01-30T01:00:00+00:00,4023.8953454171688,3540.0
8,2019-01-30T02:00:00+00:00,3696.180277305782,3408.0
8,2019-01-30T03:00:00+00:00,3515.2080092463166,3370.0
8,2019-01-30T04:00:00+00:00,3456.181170355523,3376.0
8,2019-01-30T05:00:00+00:00,3265.7950798346383,3345.0
8,2019-01-30T06:00:00+00:00,3234.2740787928824,3286.0
8,2019-01-30T07:00:00+00:00,3283.619006248312,3322.0
8,2019-01-30T08:00:00+00:00,3315.6408875448533,3289.0
8,2019-01-30T09:00:00+00:00,3257.7370770836324,3335.0
8,2019-01-30T10:00:00+00:00,3353.179003094154,3466.0
8,2019-01-30T11:00:00+00:00,3692.6084894894784,3721.0
8,2019-01-30T12:00:00+00:00,3787.2878324893554,3829.0
8,2019-01-30T13:00:00+00:00,3910.0652132070304,3890.0
8,2019-01-30T14:00:00+00:00,3997.943407440002,4148.0
8,2019-01-30T15:00:00+00:00,4106.510767205582,4072.0
9,2019-01-27T16:00:00+00:00,4448.955544060033,4603.0
9,2019-01-27T17:00:00+00:00,4558.121572528475,4805.0
9,2019-01-27T18:00:00+00:00,4725.831954089026,5171.0
9,2019-01-27T19:00:00+00:00,4718.410392083682,5187.0
9,2019-01-27T20:00:00+00:00,4596.8528864210675,4976.0
9,2019-01-27T21:00:00+00:00,4322.991498349147,4754.0
9,2019-01-27T22:00:00+00:00,4293.921631904601,4688.0
9,2019-01-27T23:00:00+00:00,4158.0059912952875,4383.0
9,2019-01-28T00:00:00+00:00,4038.1294902461177,4138.0
9,2019-01-28T01:00:00+00:00,3992.0296207844485,3937.0
9,2019-01-28T02:00:00+00:00,3782.3276329440796,3552.0
9,2019-01-28T03:00:00+00:00,3668.601002079568,3422.0
9,2019-01-28T04:00:00+00:00,3539.769750988552,3407.0
9,2019-01-28T05:00:00+00:00,3443.9001259907704,3337.0
9,2019-01-28T06:00:00+00:00,3215.5553383031565,3164.0
9,2019-01-28T07:00:00+00:00,3186.609247174716,3257.0
9,2019-01-28T08:00:00+00:00,3040.0980032941884,3123.0
9,2019-01-28T09:00:00+00:00,3154.6795777451293,3251.0
9,2019-01-28T10:00:00+00:00,3342.7969415719085,3405.0
9,2019-01-28T11:00:00+00:00,3419.438110042201,3854.0
9,2019-01-28T12:00:00+00:00,3741.0517457394767,4170.0
9,2019-01-28T13:00:00+00:00,4028.8609645731344,4278.0
9,2019-01-28T14:00:00+00:00,4107.763953038544,4449.0
9,2019-01-28T15:00:00+00:00,4276.949261820675,4439.0
9,2019-01-28T16:00:00+00:00,4390.117342319997,4685.0
9,2019-01-28T17:00:00+00:00,4395.558367082022,4947.0
9,2019-01-28T18:00:00+00:00,4466.60087116897,5151.0
9,2019-01-28T19:00:00+00:00,4526.850683215446,5421.0
9,2019-01-28T20:00:00+00:00,4383.340449615572,5176.0
9,2019-01-28T21:00:00+00:00,4202.623927697166,4809.0
9,2019-01-28T22:00:00+00:00,4067.728099197056,4556.0
9,2019-01-28T23:00:00+00:00,3992.2712561098697,4248.0
9,2019-01-29T00:00:00+00:00,3983.586924813636,4027.0
9,2019-01-29T01:00:00+00:00,3875.7944702375803,3745.0
9,2019-01-29T02:00:00+00:00,3705.5766264796857,3515.0
9,2019-01-29T03:00:00+00:00,3579.8132385499757,3392.0
9,2019-01-29T04:00:00+00:00,3431.9650361956296,3427.0
9,2019-01-29T05:00:00+00:00,3242.5088632962597,3322.0
9,2019-01-29T06:00:00+00:00,3172.7915201159567,3148.0
9,2019-01-29T07:00:00+00:00,3006.1414655591616,3273.0
9,2019-01-29T08:00:00+00:00,3049.40826657877,3183.0
9,2019-01-29T09:00:00+00:00,3205.685334982746,3277.0
9,2019-01-29T10:00:00+00:00,3290.478465399751,3415.0
9,2019-01-29T11:00:00+00:00,3459.774710969004,3635.0
9,2019-01-29T12:00:00+00:00,3710.485934558721,3731.0
9,2019-01-29T13:00:00+00:00,3832.2795567968474,3779.0
9,2019-01-29T14:00:00+00:00,4137.675445367639,3930.0
9,2019-01-29T15:00:00+00:00,4016.667567540418,3927.0
9,2019-01-29T16:00:00+00:00,4091.826992967759,4068.0
9,2019-01-29T17:00:00+00:00,4302.7384131986855,4349.0
9,2019-01-29T18:00:00+00:00,4168.720693816065,4533.0
9,2019-01-29T19:00:00+00:00,4334.1549710722265,4716.0
9,2019-01-29T20:00:00+00:00,4293.552040892633,4579.0
9,2019-01-29T21:00:00+00:00,4076.8518155161014,4431.0
9,2019-01-29T22:00:00+00:00,4010.1321779757877,4274.0
9,2019-01-29T23:00:00+00:00,3981.663954410702,3973.0
9,2019-01-30T00:00:00+00:00,3925.1247250884576,3670.0
9,2019-01-30T01:00:00+00:00,3837.32224017312,3540.0
9,2019-01-30T02:00:00+00:00,3778.8334711369957,3408.0
9,2019-01-30T03:00:00+00:00,3636.030397593014,3370.0
9,2019-01-30T04:00:00+00:00,3433.1752782231506,3376.0
9,2019-01-30T05:00:00+00:00,3375.586718088963,3345.0
9,2019-01-30T06:00:00+00:00,3273.4309147406966,3286.0
9,2019-01-30T07:00:00+00:00,3176.762905081466,3322.0
9,2019-01-30T08:00:00+00:00,3202.740635779023,3289.0
9,2019-01-30T09:00:00+00:00,3291.8521714777635,3335.0
9,2019-01-30T10:00:00+00:00,3389.186892391147,3466.0
9,2019-01-30T11:00:00+00:00,3613.74267823155,3721.0
9,2019-01-30T12:00:00+00:00,3788.0802522744034,3829.0
9,2019-01-30T13:00:00+00:00,4012.028314696522,3890.0
9,2019-01-30T14:00:00+00:00,4184.619055683884,4148.0
9,2019-01-30T15:00:00+00:00,4080.786981619923,4072.0
9,2019-01-30T16:00:00+00:00,4383.039066386928,4037.0
9,2019-01-30T17:00:00+00:00,4317.21366461055,4146.0
9,2019-01-30T18:00:00+00:00,4391.260747990069,4163.0
9,2019-01-30T19:00:00+00:00,4492.057575696087,4233.0
9,2019-01-30T20:00:00+00:00,4465.820579415162,4089.0
9,2019-01-30T21:00:00+00:00,4296.7942899418285,4048.0
9,2019-01-30T22:00:00+00:00,4123.302770002015,3969.0
9,2019-01-30T23:00:00+00:00,4141.501293958265,3879.0
9,2019-01-31T00:00:00+00:00,4049.2180137189152,3707.0
9,2019-01-31T01:00:00+00:00,3989.9301164771928,3434.0
9,2019-01-31T02:00:00+00:00,3797.3946133134095,3258.0
9,2019-01-31T03:00:00+00:00,3617.136296346403,3250.0
9,2019-01-31T04:00:00+00:00,3489.8734772845823,3375.0
9,2019-01-31T05:00:00+00:00,3396.545013557325,3136.0
9,2019-01-31T06:00:00+00:00,3103.4263194449113,3109.0
9,2019-01-31T07:00:00+00:00,3123.0561493659634,3323.0
9,2019-01-31T08:00:00+00:00,2972.7848522904496,3308.0
9,2019-01-31T09:00:00+00:00,2955.7973139058713,3207.0
9,2019-01-31T10:00:00+00:00,2917.837897979798,3205.0
9,2019-01-31T11:00:00+00:00,3195.842148821331,3321.0
9,2019-01-31T12:00:00+00:00,3208.0152223139585,3404.0
9,2019-01-31T13:00:00+00:00,3460.308608714833,3485.0
9,2019-01-31T14:00:00+00:00,3605.0264571528996,3671.0
9,2019-01-31T15:00:00+00:00,3707.77527000689,3601.0
10,2019-01-28T16:00:00+00:00,5011.291309038652,4685.0
10,2019-01-28T17:00:00+00:00,5058.423812615305,4947.0
10,2019-01-28T18:00:00+00:00,5051.409646711137,5151.0
10,2019-01-28T19:00:00+00:00,5227.569994451963,5421.0
10,2019-01-28T20:00:00+00:00,4982.946084199116,5176.0
10,2019-01-28T21:00:00+00:00,4632.1266208787365,4809.0
10,2019-01-28T22:00:00+00:00,4543.906198058503,4556.0
10,2019-01-28T23:00:00+00:00,4420.130617581573,4248.0
10,2019-01-29T00:00:00+00:00,4234.300759069478,4027.0
10,2019-01-29T01:00:00+00:00,4099.986877790465,3745.0
10,2019-01-29T02:00:00+00:00,3803.732319273463,3515.0
10,2019-01-29T03:00:00+00:00,3724.5122835826587,3392.0
10,2019-01-29T04:00:00+00:00,3477.457810120741,3427.0
10,2019-01-29T05:00:00+00:00,3422.287280345902,3322.0
10,2019-01-29T06:00:00+00:00,3255.873276271804,3148.0
10,2019-01-29T07:00:00+00:00,3211.500445068044,3273.0
10,2019-01-29T08:00:00+00:00,3335.5388601402606,3183.0
10,2019-01-29T09:00:00+00:00,3306.780175183929,3277.0
10,2019-01-29T10:00:00+00:00,3505.751515612311,3415.0
10,2019-01-29T11:00:00+00:00,3744.0271120085704,3635.0
10,2019-01-29T12:00:00+00:00,4160.210649268502,3731.0
10,2019-01-29T13:00:00+00:00,4282.440186656741,3779.0
10,2019-01-29T14:00:00+00:00,4346.043217585941,3930.0
10,2019-01-29T15:00:00+00:00,4671.601611106568,3927.0
10,2019-01-29T16:00:00+00:00,4844.485870277791,4068.0
10,2019-01-29T17:00:00+00:00,4842.767060575137,4349.0
10,2019-01-29T18:00:00+00:00,5033.843366606905,4533.0
10,2019-01-29T19:00:00+00:00,4935.200768057554,4716.0
10,2019-01-29T20:00:00+00:00,4737.699711830619,4579.0
10,2019-01-29T21:00:00+00:00,4551.734230865635,4431.0
10,2019-01-29T22:00:00+00:00,4540.424560839539,4274.0
10,2019-01-29T23:00:00+00:00,4321.782264237029,3973.0
10,2019-01-30T00:00:00+00:00,4275.383985723314,3670.0
10,2019-01-30T01:00:00+00:00,4101.04218174041,3540.0
10,2019-01-30T02:00:00+00:00,3963.281229783788,3408.0
10,2019-01-30T03:00:00+00:00,3760.851037633827,3370.0
10,2019-01-30T04:00:00+00:00,3781.260002684455,3376.0
10,2019-01-30T05:00:00+00:00,3476.0581213055,3345.0
10,2019-01-30T06:00:00+00:00,3315.7033989538318,3286.0
10,2019-01-30T07:00:00+00:00,3264.325753978985,3322.0
10,2019-01-30T08:00:00+00:00,3212.356446139486,3289.0
10,2019-01-30T09:00:00+00:00,3270.0708056821863,3335.0
10,2019-01-30T10:00:00+00:00,3427.457208910979,3466.0
10,2019-01-30T11:00:00+00:00,3593.5447640569896,3721.0
10,2019-01-30T12:00:00+00:00,3918.6703653129316,3829.0
10,2019-01-30T13:00:00+00:00,4163.423817479845,3890.0
10,2019-01-30T14:00:00+00:00,4277.1259279106225,4148.0
10,2019-01-30T15:00:00+00:00,4232.04071531872,4072.0
10,2019-01-30T16:00:00+00:00,4359.473343341108,4037.0
10,2019-01-30T17:00:00+00:00,4724.659467581102,4146.0
10,2019-01-30T18:00:00+00:00,4611.046450262651,4163.0
10,2019-01-30T19:00:00+00:00,4552.160000768907,4233.0
10,2019-01-30T20:00:00+00:00,4422.939231682713,4089.0
10,2019-01-30T21:00:00+00:00,4451.556428448975,4048.0
10,2019-01-30T22:00:00+00:00,4293.126469267801,3969.0
10,2019-01-30T23:00:00+00:00,4126.972771738881,3879.0
10,2019-01-31T00:00:00+00:00,4035.252734454466,3707.0
10,2019-01-31T01:00:00+00:00,3984.9892821262138,3434.0
10,2019-01-31T02:00:00+00:00,3789.793774551993,3258.0
10,2019-01-31T03:00:00+00:00,3669.1579662172385,3250.0
10,2019-01-31T04:00:00+00:00,3393.1365989138944,3375.0
10,2019-01-31T05:00:00+00:00,3139.2341664500527,3136.0
10,2019-01-31T06:00:00+00:00,3051.6438229422015,3109.0
10,2019-01-31T07:00:00+00:00,2927.9784191850413,3323.0
10,2019-01-31T08:00:00+00:00,2911.90048314349,3308.0
10,2019-01-31T09:00:00+00:00,2899.325267928345,3207.0
10,2019-01-31T10:00:00+00:00,3114.857319353021,3205.0
10,2019-01-31T11:00:00+00:00,3023.919606176423,3321.0
10,2019-01-31T12:00:00+00:00,3261.200059606043,3404.0
10,2019-01-31T13:00:00+00:00,3417.9329040505286,3485.0
10,2019-01-31T14:00:00+00:00,3539.2253940550186,3671.0
10,2019-01-31T15:00:00+00:00,3466.581204992185,3601.0
10,2019-01-31T16:00:00+00:00,3672.8425083730303,3672.0
10,2019-01-31T17:00:00+00:00,3746.7815630492123,3797.0
10,2019-01-31T18:00:00+00:00,3908.272379553482,3803.0
10,2019-01-31T19:00:00+00:00,3948.1677861667094,4075.0
10,2019-01-31T20:00:00+00:00,3830.8298439835407,3890.0
10,2019-01-31T21:00:00+00:00,3948.4238958182427,3771.0
10,2019-01-31T22:00:00+00:00,3667.212392072156,3924.0
10,2019-01-31T23:00:00+00:00,3664.4708621765144,3686.0
10,2019-02-01T00:00:00+00:00,3648.8611606707796,3365.0
10,2019-02-01T01:00:00+00:00,3506.9770581261105,3442.0
10,2019-02-01T02:00:00+00:00,3373.6309078194213,3277.0
10,2019-02-01T03:00:00+00:00,3279.8982121844256,3186.0
10,2019-02-01T04:00:00+00:00,3039.4010545779506,3205.0
10,2019-02-01T05:00:00+00:00,2991.3939448029123,3125.0
10,2019-02-01T06:00:00+00:00,2843.2642862031325,3209.0
10,2019-02-01T07:00:00+00:00,2728.8890865617177,3149.0
10,2019-02-01T08:00:00+00:00,2742.6365900063465,3037.0
10,2019-02-01T09:00:00+00:00,2657.5067993216,2909.0
10,2019-02-01T10:00:00+00:00,2741.872689270237,2947.0
10,2019-02-01T11:00:00+00:00,2815.2765573907304,2970.0
10,2019-02-01T12:00:00+00:00,2877.542728985332,3063.0
10,2019-02-01T13:00:00+00:00,2993.5915308451035,3102.0
10,2019-02-01T14:00:00+00:00,3078.6504700339933,3151.0
10,2019-02-01T15:00:00+00:00,3066.112200701483,3146.0
11,2019-01-29T16:00:00+00:00,4670.346376396394,4068.0
11,2019-01-29T17:00:00+00:00,4673.5017794889145,4349.0
11,2019-01-29T18:00:00+00:00,4766.995219139768,4533.0
11,2019-01-29T19:00:00+00:00,4929.990010657062,4716.0
11,2019-01-29T20:00:00+00:00,4672.313562891425,4579.0
11,2019-01-29T21:00:00+00:00,4503.52044886341,4431.0
11,2019-01-29T22:00:00+00:00,4313.50612215573,4274.0
11,2019-01-29T23:00:00+00:00,4279.596146807673,3973.0
11,2019-01-30T00:00:00+00:00,4266.759468423117,3670.0
11,2019-01-30T01:00:00+00:00,4179.690580688992,3540.0
11,2019-01-30T02:00:00+00:00,3968.7004439174257,3408.0
11,2019-01-30T03:00:00+00:00,3937.312966881737,3370.0
11,2019-01-30T04:00:00+00:00,3646.5488044582944,3376.0
11,2019-01-30T05:00:00+00:00,3545.3093036120035,3345.0
11,2019-01-30T06:00:00+00:00,3417.5818190262844,3286.0
11,2019-01-30T07:00:00+00:00,3375.8804593360687,3322.0
11,2019-01-30T08:00:00+00:00,3315.635009415271,3289.0
11,2019-01-30T09:00:00+00:00,3337.0374485890015,3335.0
11,2019-01-30T10:00:00+00:00,3306.2983090053694,3466.0
11,2019-01-30T11:00:00+00:00,3646.9730542268608,3721.0
11,2019-01-30T12:00:00+00:00,3888.684485522468,3829.0
11,2019-01-30T13:00:00+00:00,4050.7147515688844,3890.0
11,2019-01-30T14:00:00+00:00,4170.627471479742,4148.0
11,2019-01-30T15:00:00+00:00,4198.496299321018,4072.0
11,2019-01-30T16:00:00+00:00,4345.214413707172,4037.0
11,2019-01-30T17:00:00+00:00,4609.305697745982,4146.0
11,2019-01-30T18:00:00+00:00,4716.531637772846,4163.0
11,2019-01-30T19:00:00+00:00,4588.8700642451895,4233.0
11,2019-01-30T20:00:00+00:00,4487.85803833907,4089.0
11,2019-01-30T21:00:00+00:00,4360.758914652587,4048.0
11,2019-01-30T22:00:00+00:00,4358.309118434847,3969.0
11,2019-01-30T23:00:00+00:00,4201.664127862439,3879.0
11,2019-01-31T00:00:00+00:00,4320.175415760104,3707.0
11,2019-01-31T01:00:00+00:00,4065.4312417492897,3434.0
11,2019-01-31T02:00:00+00:00,3918.406456709429,3258.0
11,2019-01-31T03:00:00+00:00,3772.636675054896,3250.0
11,2019-01-31T04:00:00+00:00,3637.487793695867,3375.0
11,2019-01-31T05:00:00+00:00,3340.9566863248183,3136.0
11,2019-01-31T06:00:00+00:00,3103.757047882659,3109.0
11,2019-01-31T07:00:00+00:00,2970.620808351008,3323.0
11,2019-01-31T08:00:00+00:00,2993.754879233172,3308.0
11,2019-01-31T09:00:00+00:00,2806.1316913714295,3207.0
11,2019-01-31T10:00:00+00:00,2867.88726293689,3205.0
11,2019-01-31T11:00:00+00:00,2983.674667720064,3321.0
11,2019-01-31T12:00:00+00:00,3084.6193450494316,3404.0
11,2019-01-31T13:00:00+00:00,3396.1726714320034,3485.0
11,2019-01-31T14:00:00+00:00,3419.015107775486,3671.0
11,2019-01-31T15:00:00+00:00,3525.2629733047443,3601.0
11,2019-01-31T16:00:00+00:00,3655.961742928336,3672.0
11,2019-01-31T17:00:00+00:00,3661.3552800040065,3797.0
11,2019-01-31T18:00:00+00:00,3820.731787410842,3803.0
11,2019-01-31T19:00:00+00:00,3701.6415264686775,4075.0
11,2019-01-31T20:00:00+00:00,3813.2734778013046,3890.0
11,2019-01-31T21:00:00+00:00,3782.96291706551,3771.0
11,2019-01-31T22:00:00+00:00,3679.259063059349,3924.0
11,2019-01-31T23:00:00+00:00,3622.841196665525,3686.0
11,2019-02-01T00:00:00+00:00,3726.576527374019,3365.0
11,2019-02-01T01:00:00+00:00,3628.3222241027997,3442.0
11,2019-02-01T02:00:00+00:00,3602.8262439213795,3277.0
11,2019-02-01T03:00:00+00:00,3562.234351241608,3186.0
11,2019-02-01T04:00:00+00:00,3474.68214328703,3205.0
11,2019-02-01T05:00:00+00:00,3184.059749948114,3125.0
11,2019-02-01T06:00:00+00:00,2994.808464769971,3209.0
11,2019-02-01T07:00:00+00:00,2890.4145357001557,3149.0
11,2019-02-01T08:00:00+00:00,2712.8127367476854,3037.0
11,2019-02-01T09:00:00+00:00,2747.5504584894998,2909.0
11,2019-02-01T10:00:00+00:00,2789.664006009854,2947.0
11,2019-02-01T11:00:00+00:00,2745.6407727420387,2970.0
11,2019-02-01T12:00:00+00:00,2865.061398611478,3063.0
11,2019-02-01T13:00:00+00:00,3066.363981273745,3102.0
11,2019-02-01T14:00:00+00:00,3128.740527866556,3151.0
11,2019-02-01T15:00:00+00:00,2999.9745434286733,3146.0
11,2019-02-01T16:00:00+00:00,3091.99873983989,3336.0
11,2019-02-01T17:00:00+00:00,3070.7442824751356,3251.0
11,2019-02-01T18:00:00+00:00,3172.8508714622994,3346.0
11,2019-02-01T19:00:00+00:00,3083.193590880946,3327.0
11,2019-02-01T20:00:00+00:00,3021.208247650052,3209.0
11,2019-02-01T21:00:00+00:00,2905.1553480358552,3087.0
11,2019-02-01T22:00:00+00:00,2732.7187024427003,3070.0
11,2019-02-01T23:00:00+00:00,2714.085552146197,3036.0
11,2019-02-02T00:00:00+00:00,2876.162611904429,3002.0
11,2019-02-02T01:00:00+00:00,2891.1397060476725,2968.0
11,2019-02-02T02:00:00+00:00,2907.4545187320873,2867.0
11,2019-02-02T03:00:00+00:00,2859.3584480303484,2803.0
11,2019-02-02T04:00:00+00:00,2829.0699622941956,2801.0
11,2019-02-02T05:00:00+00:00,2844.0029725309682,2726.0
11,2019-02-02T06:00:00+00:00,2951.7416606034053,2739.0
11,2019-02-02T07:00:00+00:00,2949.913202923489,2816.0
11,2019-02-02T08:00:00+00:00,2974.1130865129126,2927.0
11,2019-02-02T09:00:00+00:00,3090.6364347721715,3039.0
11,2019-02-02T10:00:00+00:00,3259.7561464371033,3277.0
11,2019-02-02T11:00:00+00:00,3499.50590998759,3444.0
11,2019-02-02T12:00:00+00:00,3766.819020396286,3631.0
11,2019-02-02T13:00:00+00:00,4107.822709549567,3817.0
11,2019-02-02T14:00:00+00:00,4174.024047247989,4019.0
11,2019-02-02T15:00:00+00:00,4227.742897948327,4095.0
12,2019-01-30T16:00:00+00:00,4249.986302078473,4037.0
12,2019-01-30T17:00:00+00:00,4398.104526621553,4146.0
12,2019-01-30T18:00:00+00:00,4592.192946526609,4163.0
12,2019-01-30T19:00:00+00:00,4595.520719676213,4233.0
12,2019-01-30T20:00:00+00:00,4420.495780375049,4089.0
12,2019-01-30T21:00:00+00:00,4213.45151674306,4048.0
12,2019-01-30T22:00:00+00:00,4085.29504022942,3969.0
12,2019-01-30T23:00:00+00:00,4067.036570091509,3879.0
12,2019-01-31T00:00:00+00:00,3999.0381687994864,3707.0
12,2019-01-31T01:00:00+00:00,3964.8193417348825,3434.0
12,2019-01-31T02:00:00+00:00,3808.214271221707,3258.0
12,2019-01-31T03:00:00+00:00,3596.3181672118453,3250.0
12,2019-01-31T04:00:00+00:00,3329.3728302627514,3375.0
12,2019-01-31T05:00:00+00:00,3262.407525735405,3136.0
12,2019-01-31T06:00:00+00:00,3180.1433872496764,3109.0
12,2019-01-31T07:00:00+00:00,2960.3791651414167,3323.0
12,2019-01-31T08:00:00+00:00,2933.7752215610553,3308.0
12,2019-01-31T09:00:00+00:00,2815.769675870754,3207.0
12,2019-01-31T10:00:00+00:00,2814.6917020858477,3205.0
12,2019-01-31T11:00:00+00:00,2892.5397831581913,3321.0
12,2019-01-31T12:00:00+00:00,3134.648200936879,3404.0
12,2019-01-31T13:00:00+00:00,3253.185132846105,3485.0
12,2019-01-31T14:00:00+00:00,3389.797457800403,3671.0
12,2019-01-31T15:00:00+00:00,3420.912995955773,3601.0
12,2019-01-31T16:00:00+00:00,3481.0831992086305,3672.0
12,2019-01-31T17:00:00+00:00,3527.771195569441,3797.0
12,2019-01-31T18:00:00+00:00,3628.5285658659195,3803.0
12,2019-01-31T19:00:00+00:00,3602.0298089979237,4075.0
12,2019-01-31T20:00:00+00:00,3545.9916623397057,3890.0
12,2019-01-31T21:00:00+00:00,3423.70901937598,3771.0
12,2019-01-31T22:00:00+00:00,3385.6108085419787,3924.0
12,2019-01-31T23:00:00+00:00,3375.47428595194,3686.0
12,2019-02-01T00:00:00+00:00,3423.5874085995097,3365.0
12,2019-02-01T01:00:00+00:00,3319.9841478551903,3442.0
12,2019-02-01T02:00:00+00:00,3187.337193420391,3277.0
12,2019-02-01T03:00:00+00:00,3132.4085798654296,3186.0
12,2019-02-01T04:00:00+00:00,2915.566915868438,3205.0
12,2019-02-01T05:00:00+00:00,2860.879078432325,3125.0
12,2019-02-01T06:00:00+00:00,2691.95734778963,3209.0
12,2019-02-01T07:00:00+00:00,2598.0487130856327,3149.0
12,2019-02-01T08:00:00+00:00,2545.0453170892574,3037.0
12,2019-02-01T09:00:00+00:00,2466.027525407148,2909.0
12,2019-02-01T10:00:00+00:00,2445.1736565837987,2947.0
12,2019-02-01T11:00:00+00:00,2621.8299647956205,2970.0
12,2019-02-01T12:00:00+00:00,2862.2795851461306,3063.0
12,2019-02-01T13:00:00+00:00,2936.0622972724536,3102.0
12,2019-02-01T14:00:00+00:00,2948.206322973636,3151.0
12,2019-02-01T15:00:00+00:00,2858.1249909021562,3146.0
12,2019-02-01T16:00:00+00:00,2868.6148456720916,3336.0
12,2019-02-01T17:00:00+00:00,3099.8803408722006,3251.0
12,2019-02-01T18:00:00+00:00,3143.0152867292777,3346.0
12,2019-02-01T19:00:00+00:00,2945.6773475655637,3327.0
12,2019-02-01T20:00:00+00:00,2750.906982012889,3209.0
12,2019-02-01T21:00:00+00:00,2813.0483703759814,3087.0
12,2019-02-01T22:00:00+00:00,2710.421036112835,3070.0
12,2019-02-01T23:00:00+00:00,2575.3456995318043,3036.0
12,2019-02-02T00:00:00+00:00,2612.199845341079,3002.0
12,2019-02-02T01:00:00+00:00,2654.859716056162,2968.0
12,2019-02-02T02:00:00+00:00,2525.0347925636033,2867.0
12,2019-02-02T03:00:00+00:00,2557.1092383007212,2803.0
12,2019-02-02T04:00:00+00:00,2632.4011137259135,2801.0
12,2019-02-02T05:00:00+00:00,2474.490181407577,2726.0
12,2019-02-02T06:00:00+00:00,2452.3309795215728,2739.0
12,2019-02-02T07:00:00+00:00,2511.6101525119398,2816.0
12,2019-02-02T08:00:00+00:00,2515.8391672636885,2927.0
12,2019-02-02T09:00:00+00:00,2753.4367505347204,3039.0
12,2019-02-02T10:00:00+00:00,2921.2583663000537,3277.0
12,2019-02-02T11:00:00+00:00,3142.0483488707137,3444.0
12,2019-02-02T12:00:00+00:00,3384.8922474757924,3631.0
12,2019-02-02T13:00:00+00:00,3803.1205641935676,3817.0
12,2019-02-02T14:00:00+00:00,3860.425148293814,4019.0
12,2019-02-02T15:00:00+00:00,3934.345135193359,4095.0
12,2019-02-02T16:00:00+00:00,3927.248948107887,4300.0
12,2019-02-02T17:00:00+00:00,4065.1063955719255,4796.0
12,2019-02-02T18:00:00+00:00,4186.931246664335,4601.0
12,2019-02-02T19:00:00+00:00,4237.872943442662,4557.0
12,2019-02-02T20:00:00+00:00,4068.238930551044,4440.0
12,2019-02-02T21:00:00+00:00,3893.312965237796,4126.0
12,2019-02-02T22:00:00+00:00,3779.410031793809,4086.0
12,2019-02-02T23:00:00+00:00,3704.3435989547797,3759.0
12,2019-02-03T00:00:00+00:00,3676.7186866409825,3622.0
12,2019-02-03T01:00:00+00:00,3609.0845228430508,3483.0
12,2019-02-03T02:00:00+00:00,3515.522974548093,3378.0
12,2019-02-03T03:00:00+00:00,3280.43486930521,3256.0
12,2019-02-03T04:00:00+00:00,3033.2334054265157,3331.0
12,2019-02-03T05:00:00+00:00,2991.0451730271334,3287.0
12,2019-02-03T06:00:00+00:00,2947.2269596661718,3221.0
12,2019-02-03T07:00:00+00:00,2901.971425894397,3224.0
12,2019-02-03T08:00:00+00:00,2811.417992857522,3270.0
12,2019-02-03T09:00:00+00:00,2980.37904872413,3284.0
12,2019-02-03T10:00:00+00:00,3172.0361783991693,3472.0
12,2019-02-03T11:00:00+00:00,3299.2339786559073,3849.0
12,2019-02-03T12:00:00+00:00,3645.740753722901,4029.0
12,2019-02-03T13:00:00+00:00,3955.866739709468,4303.0
12,2019-02-03T14:00:00+00:00,4175.4913737960405,4546.0
12,2019-02-03T15:00:00+00:00,4310.640602142339,4598.0
13,2019-01-31T16:00:00+00:00,3233.756258123888,3672.0
13,2019-01-31T17:00:00+00:00,3333.5652295959326,3797.0
13,2019-01-31T18:00:00+00:00,3470.418727225959,3803.0
13,2019-01-31T19:00:00+00:00,3547.005889606185,4075.0
13,2019-01-31T20:00:00+00:00,3508.827574282466,3890.0
13,2019-01-31T21:00:00+00:00,3363.602397409516,3771.0
13,2019-01-31T22:00:00+00:00,3271.680050023593,3924.0
13,2019-01-31T23:00:00+00:00,3306.0779225194237,3686.0
13,2019-02-01T00:00:00+00:00,3149.0655219978867,3365.0
13,2019-02-01T01:00:00+00:00,3170.193213346734,3442.0
13,2019-02-01T02:00:00+00:00,3053.6851325273474,3277.0
13,2019-02-01T03:00:00+00:00,3005.3816625774766,3186.0
13,2019-02-01T04:00:00+00:00,2941.4249029115003,3205.0
13,2019-02-01T05:00:00+00:00,2725.1024310093785,3125.0
13,2019-02-01T06:00:00+00:00,2664.7776697126214,3209.0
13,2019-02-01T07:00:00+00:00,2441.0544219949393,3149.0
13,2019-02-01T08:00:00+00:00,2451.9823399314205,3037.0
13,2019-02-01T09:00:00+00:00,2430.922129344952,2909.0
13,2019-02-01T10:00:00+00:00,2526.007348311298,2947.0
13,2019-02-01T11:00:00+00:00,2537.641401865065,2970.0
13,2019-02-01T12:00:00+00:00,2664.23491552981,3063.0
13,2019-02-01T13:00:00+00:00,2794.3433771914224,3102.0
13,2019-02-01T14:00:00+00:00,2947.2256708563123,3151.0
13,2019-02-01T15:00:00+00:00,2866.324101809555,3146.0
13,2019-02-01T16:00:00+00:00,3060.4459646781406,3336.0
13,2019-02-01T17:00:00+00:00,3219.4927019930205,3251.0
13,2019-02-01T18:00:00+00:00,3188.6657581069207,3346.0
13,2019-02-01T19:00:00+00:00,3207.621837889203,3327.0
13,2019-02-01T20:00:00+00:00,3170.561945152129,3209.0
13,2019-02-01T21:00:00+00:00,3078.2622738950818,3087.0
13,2019-02-01T22:00:00+00:00,2938.8211765315864,3070.0
13,2019-02-01T23:00:00+00:00,2870.058081389695,3036.0
13,2019-02-02T00:00:00+00:00,2938.0277984007457,3002.0
13,2019-02-02T01:00:00+00:00,2839.2005365310374,2968.0
13,2019-02-02T02:00:00+00:00,2794.5563282358717,2867.0
13,2019-02-02T03:00:00+00:00,2722.0092873469857,2803.0
13,2019-02-02T04:00:00+00:00,2687.232703030952,2801.0
13,2019-02-02T05:00:00+00:00,2780.126019937051,2726.0
13,2019-02-02T06:00:00+00:00,2641.1217299766486,2739.0
13,2019-02-02T07:00:00+00:00,2724.0003994404315,2816.0
13,2019-02-02T08:00:00+00:00,2751.2336787890254,2927.0
13,2019-02-02T09:00:00+00:00,2928.834023699603,3039.0
13,2019-02-02T10:00:00+00:00,2932.3422302295135,3277.0
13,2019-02-02T11:00:00+00:00,3248.3683877520943,3444.0
13,2019-02-02T12:00:00+00:00,3591.054998210407,3631.0
13,2019-02-02T13:00:00+00:00,3802.891189085013,3817.0
13,2019-02-02T14:00:00+00:00,3927.3761767734877,4019.0
13,2019-02-02T15:00:00+00:00,4041.975827608866,4095.0
13,2019-02-02T16:00:00+00:00,4270.5102355778345,4300.0
13,2019-02-02T17:00:00+00:00,4292.393169504248,4796.0
13,2019-02-02T18:00:00+00:00,4426.833882891982,4601.0
13,2019-02-02T19:00:00+00:00,4407.183167641928,4557.0
13,2019-02-02T20:00:00+00:00,4318.6876665327445,4440.0
13,2019-02-02T21:00:00+00:00,4114.059293505272,4126.0
13,2019-02-02T22:00:00+00:00,4073.550876048697,4086.0
13,2019-02-02T23:00:00+00:00,3981.0297277742848,3759.0
13,2019-02-03T00:00:00+00:00,3929.407341111792,3622.0
13,2019-02-03T01:00:00+00:00,3830.24763239119,3483.0
13,2019-02-03T02:00:00+00:00,3622.685201102936,3378.0
13,2019-02-03T03:00:00+00:00,3610.000023969665,3256.0
13,2019-02-03T04:00:00+00:00,3452.9390287071496,3331.0
13,2019-02-03T05:00:00+00:00,3483.0935773571523,3287.0
13,2019-02-03T06:00:00+00:00,3206.4821334166754,3221.0
13,2019-02-03T07:00:00+00:00,3225.241983636273,3224.0
13,2019-02-03T08:00:00+00:00,3149.1570605443058,3270.0
13,2019-02-03T09:00:00+00:00,3303.440026155035,3284.0
13,2019-02-03T10:00:00+00:00,3371.1002635678133,3472.0
13,2019-02-03T11:00:00+00:00,3569.935039720716,3849.0
13,2019-02-03T12:00:00+00:00,3791.91604783343,4029.0
13,2019-02-03T13:00:00+00:00,3984.052945240207,4303.0
13,2019-02-03T14:00:00+00:00,4092.0173402700602,4546.0
13,2019-02-03T15:00:00+00:00,4259.919258803551,4598.0
13,2019-02-03T16:00:00+00:00,4494.386025508611,4788.0
13,2019-02-03T17:00:00+00:00,4497.206866780211,4917.0
13,2019-02-03T18:00:00+00:00,4462.716596531389,4941.0
13,2019-02-03T19:00:00+00:00,4574.8680373765455,4877.0
13,2019-02-03T20:00:00+00:00,4453.625397876486,4736.0
13,2019-02-03T21:00:00+00:00,4234.485422389836,4445.0
13,2019-02-03T22:00:00+00:00,4070.503204241854,4170.0
13,2019-02-03T23:00:00+00:00,4015.5059863466886,3913.0
13,2019-02-04T00:00:00+00:00,3864.500959904336,3833.0
13,2019-02-04T01:00:00+00:00,3882.9411191860063,3736.0
13,2019-02-04T02:00:00+00:00,3735.5545420861467,3530.0
13,2019-02-04T03:00:00+00:00,3492.3252232403147,3350.0
13,2019-02-04T04:00:00+00:00,3291.7429861501937,3408.0
13,2019-02-04T05:00:00+00:00,3327.9127739241635,3285.0
13,2019-02-04T06:00:00+00:00,3103.3927442957556,3244.0
13,2019-02-04T07:00:00+00:00,2994.273906096009,3260.0
13,2019-02-04T08:00:00+00:00,3137.599410282712,3234.0
13,2019-02-04T09:00:00+00:00,3161.229838192752,3303.0
13,2019-02-04T10:00:00+00:00,3231.0256996352537,3482.0
13,2019-02-04T11:00:00+00:00,3484.833834177721,3691.0
13,2019-02-04T12:00:00+00:00,3671.5002955205546,3962.0
13,2019-02-04T13:00:00+00:00,3880.3291312044303,4180.0
13,2019-02-04T14:00:00+00:00,4079.8730501976247,4523.0
13,2019-02-04T15:00:00+00:00,4303.18586154472,4718.0
14,2019-02-01T16:00:00+00:00,3205.2289806301196,3336.0
14,2019-02-01T17:00:00+00:00,3116.7627255908205,3251.0
14,2019-02-01T18:00:00+00:00,3336.5383156629678,3346.0
14,2019-02-01T19:00:00+00:00,3207.9480059228335,3327.0
14,2019-02-01T20:00:00+00:00,3097.0750644581317,3209.0
14,2019-02-01T21:00:00+00:00,3119.0557496554156,3087.0
14,2019-02-01T22:00:00+00:00,3208.635172902703,3070.0
14,2019-02-01T23:00:00+00:00,3144.9040541013296,3036.0
14,2019-02-02T00:00:00+00:00,3118.6108789291,3002.0
14,2019-02-02T01:00:00+00:00,3160.026354155391,2968.0
14,2019-02-02T02:00:00+00:00,3103.37741076307,2867.0
14,2019-02-02T03:00:00+00:00,3037.88855359201,2803.0
14,2019-02-02T04:00:00+00:00,2976.0122635030593,2801.0
14,2019-02-02T05:00:00+00:00,2989.8681591614986,2726.0
14,2019-02-02T06:00:00+00:00,3036.468747776721,2739.0
14,2019-02-02T07:00:00+00:00,2997.13261854963,2816.0
14,2019-02-02T08:00:00+00:00,3192.9754391373012,2927.0
14,2019-02-02T09:00:00+00:00,3291.7412677370476,3039.0
14,2019-02-02T10:00:00+00:00,3298.3928815138643,3277.0
14,2019-02-02T11:00:00+00:00,3644.507098316269,3444.0
14,2019-02-02T12:00:00+00:00,3757.8826772029433,3631.0
14,2019-02-02T13:00:00+00:00,3915.152178768213,3817.0
14,2019-02-02T14:00:00+00:00,3997.24738402315,4019.0
14,2019-02-02T15:00:00+00:00,3980.751410937483,4095.0
14,2019-02-02T16:00:00+00:00,4095.5616334760316,4300.0
14,2019-02-02T17:00:00+00:00,4285.268760787498,4796.0
14,2019-02-02T18:00:00+00:00,4336.127973734828,4601.0
14,2019-02-02T19:00:00+00:00,4181.0049684670685,4557.0
14,2019-02-02T20:00:00+00:00,4186.287106105923,4440.0
14,2019-02-02T21:00:00+00:00,4055.978647591269,4126.0
14,2019-02-02T22:00:00+00:00,3997.1019798338925,4086.0
14,2019-02-02T23:00:00+00:00,4035.846247917891,3759.0
14,2019-02-03T00:00:00+00:00,3951.670573085929,3622.0
14,2019-02-03T01:00:00+00:00,3824.4636850673623,3483.0
14,2019-02-03T02:00:00+00:00,3721.9849604949186,3378.0
14,2019-02-03T03:00:00+00:00,3527.3324714747623,3256.0
14,2019-02-03T04:00:00+00:00,3376.46187781466,3331.0
14,2019-02-03T05:00:00+00:00,3406.379252404139,3287.0
14,2019-02-03T06:00:00+00:00,3212.3257955973186,3221.0
14,2019-02-03T07:00:00+00:00,3155.539742663809,3224.0
14,2019-02-03T08:00:00+00:00,3197.3527000692798,3270.0
14,2019-02-03T09:00:00+00:00,3190.9388221418994,3284.0
14,2019-02-03T10:00:00+00:00,3424.4555046557853,3472.0
14,2019-02-03T11:00:00+00:00,3758.2431804530825,3849.0
14,2019-02-03T12:00:00+00:00,3954.8372780495233,4029.0
14,2019-02-03T13:00:00+00:00,4092.8852710943024,4303.0
14,2019-02-03T14:00:00+00:00,4236.521477596324,4546.0
14,2019-02-03T15:00:00+00:00,4432.442519028535,4598.0
14,2019-02-03T16:00:00+00:00,4450.051891647036,4788.0
14,2019-02-03T17:00:00+00:00,4584.868144399936,4917.0
14,2019-02-03T18:00:00+00:00,4746.395807647619,4941.0
14,2019-02-03T19:00:00+00:00,4592.663923914178,4877.0
14,2019-02-03T20:00:00+00:00,4456.120401578523,4736.0
14,2019-02-03T21:00:00+00:00,4430.917361268847,4445.0
14,2019-02-03T22:00:00+00:00,4249.450553733872,4170.0
14,2019-02-03T23:00:00+00:00,4081.9769166305578,3913.0
14,2019-02-04T00:00:00+00:00,4051.33232281635,3833.0
14,2019-02-04T01:00:00+00:00,3908.916850575961,3736.0
14,2019-02-04T02:00:00+00:00,3728.134533261916,3530.0
14,2019-02-04T03:00:00+00:00,3694.6668179740486,3350.0
14,2019-02-04T04:00:00+00:00,3580.878886025202,3408.0
14,2019-02-04T05:00:00+00:00,3452.3500260782325,3285.0
14,2019-02-04T06:00:00+00:00,3340.6794600194357,3244.0
14,2019-02-04T07:00:00+00:00,3181.225690113854,3260.0
14,2019-02-04T08:00:00+00:00,3202.9941512876344,3234.0
14,2019-02-04T09:00:00+00:00,3429.8128559161746,3303.0
14,2019-02-04T10:00:00+00:00,3377.258461446946,3482.0
14,2019-02-04T11:00:00+00:00,3630.960054374376,3691.0
14,2019-02-04T12:00:00+00:00,3812.1517836204007,3962.0
14,2019-02-04T13:00:00+00:00,4120.692830897651,4180.0
14,2019-02-04T14:00:00+00:00,4173.264971287251,4523.0
14,2019-02-04T15:00:00+00:00,4356.432875650915,4718.0
14,2019-02-04T16:00:00+00:00,4348.174578629207,4774.0
14,2019-02-04T17:00:00+00:00,4533.538350621917,4960.0
14,2019-02-04T18:00:00+00:00,4641.351591387755,4710.0
14,2019-02-04T19:00:00+00:00,4669.828473111384,5147.0
14,2019-02-04T20:00:00+00:00,4394.943703918342,4564.0
14,2019-02-04T21:00:00+00:00,4375.777713361022,4460.0
14,2019-02-04T22:00:00+00:00,4235.147011450958,4300.0
14,2019-02-04T23:00:00+00:00,4148.3606704936865,4123.0
14,2019-02-05T00:00:00+00:00,4050.5792613016215,4004.0
14,2019-02-05T01:00:00+00:00,3918.9817946491967,3829.0
14,2019-02-05T02:00:00+00:00,3811.545150733536,3560.0
14,2019-02-05T03:00:00+00:00,3721.9691312661334,3467.0
14,2019-02-05T04:00:00+00:00,3590.5152842970074,3526.0
14,2019-02-05T05:00:00+00:00,3513.9823180236867,3340.0
14,2019-02-05T06:00:00+00:00,3604.2222398006775,3318.0
14,2019-02-05T07:00:00+00:00,3498.8122493888136,3414.0
14,2019-02-05T08:00:00+00:00,3329.938287326931,3433.0
14,2019-02-05T09:00:00+00:00,3465.932280966411,3521.0
14,2019-02-05T10:00:00+00:00,3585.541205260939,3806.0
14,2019-02-05T11:00:00+00:00,3845.7698600585236,3988.0
14,2019-02-05T12:00:00+00:00,4086.6274052527147,4187.0
14,2019-02-05T13:00:00+00:00,4088.710055892579,4462.0
14,2019-02-05T14:00:00+00:00,4238.445108927392,4605.0
14,2019-02-05T15:00:00+00:00,4500.556450558204,4499.0
15,2019-02-02T16:00:00+00:00,4127.426895459059,4300.0
15,2019-02-02T17:00:00+00:00,4188.713835931822,4796.0
15,2019-02-02T18:00:00+00:00,4176.378405443326,4601.0
15,2019-02-02T19:00:00+00:00,4203.906723110487,4557.0
15,2019-02-02T20:00:00+00:00,4149.847626607287,4440.0
15,2019-02-02T21:00:00+00:00,4084.957173767836,4126.0
15,2019-02-02T22:00:00+00:00,3941.4351756471947,4086.0
15,2019-02-02T23:00:00+00:00,3925.9846586822905,3759.0
15,2019-02-03T00:00:00+00:00,3798.171071684046,3622.0
15,2019-02-03T01:00:00+00:00,3737.7173633085426,3483.0
15,2019-02-03T02:00:00+00:00,3575.7454572162696,3378.0
15,2019-02-03T03:00:00+00:00,3445.9429557106223,3256.0
15,2019-02-03T04:00:00+00:00,3378.2691279631094,3331.0
15,2019-02-03T05:00:00+00:00,3333.851882388812,3287.0
15,2019-02-03T06:00:00+00:00,3208.4857040054276,3221.0
15,2019-02-03T07:00:00+00:00,3181.6065169040826,3224.0
15,2019-02-03T08:00:00+00:00,3090.604016247248,3270.0
15,2019-02-03T09:00:00+00:00,3162.371492403272,3284.0
15,2019-02-03T10:00:00+00:00,3281.2159293879727,3472.0
15,2019-02-03T11:00:00+00:00,3391.3111236721784,3849.0
15,2019-02-03T12:00:00+00:00,3577.2974486581566,4029.0
15,2019-02-03T13:00:00+00:00,3795.9709741149495,4303.0
15,2019-02-03T14:00:00+00:00,3908.544880222714,4546.0
15,2019-02-03T15:00:00+00:00,3981.671356805791,4598.0
15,2019-02-03T16:00:00+00:00,4089.067948476593,4788.0
15,2019-02-03T17:00:00+00:00,4187.551263345893,4917.0
15,2019-02-03T18:00:00+00:00,4242.941733480187,4941.0
15,2019-02-03T19:00:00+00:00,4289.33175039224,4877.0
15,2019-02-03T20:00:00+00:00,4189.445615560669,4736.0
15,2019-02-03T21:00:00+00:00,4126.95010190392,4445.0
15,2019-02-03T22:00:00+00:00,4062.544241571577,4170.0
15,2019-02-03T23:00:00+00:00,4069.649483372471,3913.0
15,2019-02-04T00:00:00+00:00,3825.487363606144,3833.0
15,2019-02-04T01:00:00+00:00,3771.035312281475,3736.0
15,2019-02-04T02:00:00+00:00,3602.498902740313,3530.0
15,2019-02-04T03:00:00+00:00,3521.441585979017,3350.0
15,2019-02-04T04:00:00+00:00,3355.0060769557917,3408.0
15,2019-02-04T05:00:00+00:00,3350.293692413981,3285.0
15,2019-02-04T06:00:00+00:00,3146.3171514960686,3244.0
15,2019-02-04T07:00:00+00:00,3194.3213862337284,3260.0
15,2019-02-04T08:00:00+00:00,3147.3803535372026,3234.0
15,2019-02-04T09:00:00+00:00,3149.471298825136,3303.0
15,2019-02-04T10:00:00+00:00,3269.7935545919986,3482.0
15,2019-02-04T11:00:00+00:00,3502.7838656791696,3691.0
15,2019-02-04T12:00:00+00:00,3710.0508125223673,3962.0
15,2019-02-04T13:00:00+00:00,3828.872637503318,4180.0
15,2019-02-04T14:00:00+00:00,4015.358467187405,4523.0
15,2019-02-04T15:00:00+00:00,4006.7302486896624,4718.0
15,2019-02-04T16:00:00+00:00,4075.7953879883303,4774.0
15,2019-02-04T17:00:00+00:00,4298.550706455249,4960.0
15,2019-02-04T18:00:00+00:00,4372.403675242109,4710.0
15,2019-02-04T19:00:00+00:00,4427.68608362666,5147.0
15,2019-02-04T20:00:00+00:00,4377.881778072396,4564.0
15,2019-02-04T21:00:00+00:00,4220.154914239096,4460.0
15,2019-02-04T22:00:00+00:00,4080.0222877700535,4300.0
15,2019-02-04T23:00:00+00:00,3985.0987318250372,4123.0
15,2019-02-05T00:00:00+00:00,4024.2549564143283,4004.0
15,2019-02-05T01:00:00+00:00,3912.720987677417,3829.0
15,2019-02-05T02:00:00+00:00,3755.548939965356,3560.0
15,2019-02-05T03:00:00+00:00,3704.2368921077086,3467.0
15,2019-02-05T04:00:00+00:00,3532.765713808022,3526.0
15,2019-02-05T05:00:00+00:00,3520.8647609509503,3340.0
15,2019-02-05T06:00:00+00:00,3466.765851789339,3318.0
15,2019-02-05T07:00:00+00:00,3409.455897648012,3414.0
15,2019-02-05T08:00:00+00:00,3352.400797394766,3433.0
15,2019-02-05T09:00:00+00:00,3447.8680989147933,3521.0
15,2019-02-05T10:00:00+00:00,3506.2056228092847,3806.0
15,2019-02-05T11:00:00+00:00,3668.426847516525,3988.0
15,2019-02-05T12:00:00+00:00,3911.0453035354412,4187.0
15,2019-02-05T13:00:00+00:00,4090.549947629196,4462.0
15,2019-02-05T14:00:00+00:00,4095.865594324394,4605.0
15,2019-02-05T15:00:00+00:00,4199.835604089709,4499.0
15,2019-02-05T16:00:00+00:00,4323.941648633134,4615.0
15,2019-02-05T17:00:00+00:00,4467.297952070834,4796.0
15,2019-02-05T18:00:00+00:00,4442.163317822923,5000.0
15,2019-02-05T19:00:00+00:00,4455.77394305121,5053.0
15,2019-02-05T20:00:00+00:00,4336.51388967168,4992.0
15,2019-02-05T21:00:00+00:00,4203.995882315627,4628.0
15,2019-02-05T22:00:00+00:00,4080.8845346123526,4653.0
15,2019-02-05T23:00:00+00:00,4163.066387545524,4456.0
15,2019-02-06T00:00:00+00:00,4028.395538981883,4307.0
15,2019-02-06T01:00:00+00:00,4070.4533041678133,3995.0
15,2019-02-06T02:00:00+00:00,3842.2667096288305,3805.0
15,2019-02-06T03:00:00+00:00,3671.673194320145,3683.0
15,2019-02-06T04:00:00+00:00,3565.3948104343453,3612.0
15,2019-02-06T05:00:00+00:00,3476.3980201210934,3547.0
15,2019-02-06T06:00:00+00:00,3356.210717617386,3556.0
15,2019-02-06T07:00:00+00:00,3428.663361445677,3581.0
15,2019-02-06T08:00:00+00:00,3443.5267924732493,3567.0
15,2019-02-06T09:00:00+00:00,3323.1480025662113,3596.0
15,2019-02-06T10:00:00+00:00,3431.809247173082,3703.0
15,2019-02-06T11:00:00+00:00,3709.8544177276494,3922.0
15,2019-02-06T12:00:00+00:00,3780.7706184483823,4326.0
15,2019-02-06T13:00:00+00:00,3957.740074409615,4534.0
15,2019-02-06T14:00:00+00:00,4120.2081062049165,4650.0
15,2019-02-06T15:00:00+00:00,4216.640891541616,4468.0
16,2019-02-03T16:00:00+00:00,4477.646830870002,4788.0
16,2019-02-03T17:00:00+00:00,4569.980606018712,4917.0
16,2019-02-03T18:00:00+00:00,4662.14386170911,4941.0
16,2019-02-03T19:00:00+00:00,4632.854699310038,4877.0
16,2019-02-03T20:00:00+00:00,4504.171330888778,4736.0
16,2019-02-03T21:00:00+00:00,4326.5624930516915,4445.0
16,2019-02-03T22:00:00+00:00,4228.9609224046135,4170.0
16,2019-02-03T23:00:00+00:00,4182.762640743942,3913.0
16,2019-02-04T00:00:00+00:00,4106.030074174458,3833.0
16,2019-02-04T01:00:00+00:00,3973.06038853232,3736.0
16,2019-02-04T02:00:00+00:00,3817.352726238118,3530.0
16,2019-02-04T03:00:00+00:00,3781.630948599095,3350.0
16,2019-02-04T04:00:00+00:00,3681.4902903435095,3408.0
16,2019-02-04T05:00:00+00:00,3613.9335377531543,3285.0
16,2019-02-04T06:00:00+00:00,3513.0534661487864,3244.0
16,2019-02-04T07:00:00+00:00,3511.679429606707,3260.0
16,2019-02-04T08:00:00+00:00,3394.3019226131773,3234.0
16,2019-02-04T09:00:00+00:00,3491.387936270117,3303.0
16,2019-02-04T10:00:00+00:00,3555.7343709017023,3482.0
16,2019-02-04T11:00:00+00:00,3654.4895255121014,3691.0
16,2019-02-04T12:00:00+00:00,3921.682611371846,3962.0
16,2019-02-04T13:00:00+00:00,4109.915736761119,4180.0
16,2019-02-04T14:00:00+00:00,4121.010010308673,4523.0
16,2019-02-04T15:00:00+00:00,4313.385370585833,4718.0
16,2019-02-04T16:00:00+00:00,4405.6523919931105,4774.0
16,2019-02-04T17:00:00+00:00,4460.463294247586,4960.0
16,2019-02-04T18:00:00+00:00,4617.787256291015,4710.0
16,2019-02-04T19:00:00+00:00,4505.600918440436,5147.0
16,2019-02-04T20:00:00+00:00,4443.41319901522,4564.0
16,2019-02-04T21:00:00+00:00,4232.532181478411,4460.0
16,2019-02-04T22:00:00+00:00,4106.450821023919,4300.0
16,2019-02-04T23:00:00+00:00,4022.6048171446923,4123.0
16,2019-02-05T00:00:00+00:00,3988.6863158237193,4004.0
16,2019-02-05T01:00:00+00:00,3935.567521775324,3829.0
16,2019-02-05T02:00:00+00:00,3832.9022502373437,3560.0
16,2019-02-05T03:00:00+00:00,3686.870179253234,3467.0
16,2019-02-05T04:00:00+00:00,3650.9531964901325,3526.0
16,2019-02-05T05:00:00+00:00,3515.006178317705,3340.0
16,2019-02-05T06:00:00+00:00,3423.0812120040546,3318.0
16,2019-02-05T07:00:00+00:00,3390.2327946384003,3414.0
16,2019-02-05T08:00:00+00:00,3385.5168576078745,3433.0
16,2019-02-05T09:00:00+00:00,3477.9190388183483,3521.0
16,2019-02-05T10:00:00+00:00,3460.352659574897,3806.0
16,2019-02-05T11:00:00+00:00,3647.980440887164,3988.0
16,2019-02-05T12:00:00+00:00,3707.3663207246022,4187.0
16,2019-02-05T13:00:00+00:00,3828.954063849302,4462.0
16,2019-02-05T14:00:00+00:00,4030.3519523483465,4605.0
16,2019-02-05T15:00:00+00:00,4058.4694213532543,4499.0
16,2019-02-05T16:00:00+00:00,4081.654383701659,4615.0
16,2019-02-05T17:00:00+00:00,4245.646185307569,4796.0
16,2019-02-05T18:00:00+00:00,4170.934340411888,5000.0
16,2019-02-05T19:00:00+00:00,4203.060404636193,5053.0
16,2019-02-05T20:00:00+00:00,4238.129714022329,4992.0
16,2019-02-05T21:00:00+00:00,4063.178534300807,4628.0
16,2019-02-05T22:00:00+00:00,3885.78185439441,4653.0
16,2019-02-05T23:00:00+00:00,3841.744080707669,4456.0
16,2019-02-06T00:00:00+00:00,3817.1292003435406,4307.0
16,2019-02-06T01:00:00+00:00,3681.1666999295976,3995.0
16,2019-02-06T02:00:00+00:00,3684.1111347620676,3805.0
16,2019-02-06T03:00:00+00:00,3575.4381256344295,3683.0
16,2019-02-06T04:00:00+00:00,3418.559728291856,3612.0
16,2019-02-06T05:00:00+00:00,3375.819083897319,3547.0
16,2019-02-06T06:00:00+00:00,3293.6062912659218,3556.0
16,2019-02-06T07:00:00+00:00,3266.5225303842135,3581.0
16,2019-02-06T08:00:00+00:00,3296.0822602377284,3567.0
16,2019-02-06T09:00:00+00:00,3343.6410459369563,3596.0
16,2019-02-06T10:00:00+00:00,3365.6534391614205,3703.0
16,2019-02-06T11:00:00+00:00,3460.869901931775,3922.0
16,2019-02-06T12:00:00+00:00,3706.717586715666,4326.0
16,2019-02-06T13:00:00+00:00,3945.87648051526,4534.0
16,2019-02-06T14:00:00+00:00,4001.5819489977375,4650.0
16,2019-02-06T15:00:00+00:00,4013.278328074446,4468.0
16,2019-02-06T16:00:00+00:00,4250.402951173511,4640.0
16,2019-02-06T17:00:00+00:00,4276.700885028297,4621.0
16,2019-02-06T18:00:00+00:00,4321.894622019638,4909.0
16,2019-02-06T19:00:00+00:00,4334.041093154912,4922.0
16,2019-02-06T20:00:00+00:00,4291.521735760902,4742.0
16,2019-02-06T21:00:00+00:00,4195.461383427142,4567.0
16,2019-02-06T22:00:00+00:00,3977.9199948157543,4504.0
16,2019-02-06T23:00:00+00:00,4022.5515463371735,4378.0
16,2019-02-07T00:00:00+00:00,3935.1922467814125,3892.0
16,2019-02-07T01:00:00+00:00,3823.221371502188,3875.0
16,2019-02-07T02:00:00+00:00,3742.152158034498,3613.0
16,2019-02-07T03:00:00+00:00,3567.3054214811923,3403.0
16,2019-02-07T04:00:00+00:00,3501.012726991587,3545.0
16,2019-02-07T05:00:00+00:00,3426.3498155625525,3537.0
16,2019-02-07T06:00:00+00:00,3384.3979310635277,3496.0
16,2019-02-07T07:00:00+00:00,3288.1454882295166,3437.0
16,2019-02-07T08:00:00+00:00,3167.792838030138,3359.0
16,2019-02-07T09:00:00+00:00,3144.082570001633,3265.0
16,2019-02-07T10:00:00+00:00,3153.813778414116,3338.0
16,2019-02-07T11:00:00+00:00,3283.426510929579,3422.0
16,2019-02-07T12:00:00+00:00,3288.1979989696824,3507.0
16,2019-02-07T13:00:00+00:00,3436.624670410826,3900.0
16,2019-02-07T14:00:00+00:00,3528.302978345245,4563.0
16,2019-02-07T15:00:00+00:00,3577.3549328825234,4577.0
17,2019-02-04T16:00:00+00:00,4628.250938306884,4774.0
17,2019-02-04T17:00:00+00:00,4653.483720382544,4960.0
17,2019-02-04T18:00:00+00:00,4689.121229684611,4710.0
17,2019-02-04T19:00:00+00:00,4602.772026594497,5147.0
17,2019-02-04T20:00:00+00:00,4449.182969430595,4564.0
17,2019-02-04T21:00:00+00:00,4287.1453340354965,4460.0
17,2019-02-04T22:00:00+00:00,4066.113187396909,4300.0
17,2019-02-04T23:00:00+00:00,3972.612345350966,4123.0
17,2019-02-05T00:00:00+00:00,3838.5042109997526,4004.0
17,2019-02-05T01:00:00+00:00,3864.8578280497436,3829.0
17,2019-02-05T02:00:00+00:00,3720.091830997189,3560.0
17,2019-02-05T03:00:00+00:00,3553.3995927023057,3467.0
17,2019-02-05T04:00:00+00:00,3489.5033905765144,3526.0
17,2019-02-05T05:00:00+00:00,3339.080724435343,3340.0
17,2019-02-05T06:00:00+00:00,3280.995683349255,3318.0
17,2019-02-05T07:00:00+00:00,3123.714681634471,3414.0
17,2019-02-05T08:00:00+00:00,3140.8724420597014,3433.0
17,2019-02-05T09:00:00+00:00,3144.0414272253543,3521.0
17,2019-02-05T10:00:00+00:00,3244.210207972999,3806.0
17,2019-02-05T11:00:00+00:00,3494.454857608833,3988.0
17,2019-02-05T12:00:00+00:00,3652.7635777856117,4187.0
17,2019-02-05T13:00:00+00:00,3938.0651030970794,4462.0
17,2019-02-05T14:00:00+00:00,4057.835525180904,4605.0
17,2019-02-05T15:00:00+00:00,4219.62147914296,4499.0
17,2019-02-05T16:00:00+00:00,4375.886700410152,4615.0
17,2019-02-05T17:00:00+00:00,4368.575116846138,4796.0
17,2019-02-05T18:00:00+00:00,4379.167547662314,5000.0
17,2019-02-05T19:00:00+00:00,4382.467760108772,5053.0
17,2019-02-05T20:00:00+00:00,4233.434348379942,4992.0
17,2019-02-05T21:00:00+00:00,4057.0046724249223,4628.0
17,2019-02-05T22:00:00+00:00,4063.231937293953,4653.0
17,2019-02-05T23:00:00+00:00,3918.046581341016,4456.0
17,2019-02-06T00:00:00+00:00,3891.2435662069984,4307.0
17,2019-02-06T01:00:00+00:00,3843.8811587792848,3995.0
17,2019-02-06T02:00:00+00:00,3854.4724660176344,3805.0
17,2019-02-06T03:00:00+00:00,3720.5619822245917,3683.0
17,2019-02-06T04:00:00+00:00,3731.4077798405483,3612.0
17,2019-02-06T05:00:00+00:00,3436.236565149533,3547.0
17,2019-02-06T06:00:00+00:00,3381.3052417892263,3556.0
17,2019-02-06T07:00:00+00:00,3377.8689772865923,3581.0
17,2019-02-06T08:00:00+00:00,3237.717646551386,3567.0
17,2019-02-06T09:00:00+00:00,3200.8351799716133,3596.0
17,2019-02-06T10:00:00+00:00,3297.5875571070196,3703.0
17,2019-02-06T11:00:00+00:00,3420.946719813759,3922.0
17,2019-02-06T12:00:00+00:00,3683.7315637352913,4326.0
17,2019-02-06T13:00:00+00:00,3953.046096716307,4534.0
17,2019-02-06T14:00:00+00:00,4025.0678319250924,4650.0
17,2019-02-06T15:00:00+00:00,4034.32142062227,4468.0
17,2019-02-06T16:00:00+00:00,4082.2008390820147,4640.0
17,2019-02-06T17:00:00+00:00,4413.358351374079,4621.0
17,2019-02-06T18:00:00+00:00,4322.958848499378,4909.0
17,2019-02-06T19:00:00+00:00,4281.522355758458,4922.0
17,2019-02-06T20:00:00+00:00,4241.383397128224,4742.0
17,2019-02-06T21:00:00+00:00,4095.555354658768,4567.0
17,2019-02-06T22:00:00+00:00,3982.01470897088,4504.0
17,2019-02-06T23:00:00+00:00,3865.4984326426443,4378.0
17,2019-02-07T00:00:00+00:00,3914.5320959938426,3892.0
17,2019-02-07T01:00:00+00:00,3807.91341673557,3875.0
17,2019-02-07T02:00:00+00:00,3670.487753620814,3613.0
17,2019-02-07T03:00:00+00:00,3603.6988012425527,3403.0
17,2019-02-07T04:00:00+00:00,3529.6332944913265,3545.0
17,2019-02-07T05:00:00+00:00,3243.414153083219,3537.0
17,2019-02-07T06:00:00+00:00,3264.8185419949423,3496.0
17,2019-02-07T07:00:00+00:00,3054.497049692319,3437.0
17,2019-02-07T08:00:00+00:00,2998.2758589876694,3359.0
17,2019-02-07T09:00:00+00:00,2979.8287599606024,3265.0
17,2019-02-07T10:00:00+00:00,3068.0597576309638,3338.0
17,2019-02-07T11:00:00+00:00,3066.741866933782,3422.0
17,2019-02-07T12:00:00+00:00,3213.370342941899,3507.0
17,2019-02-07T13:00:00+00:00,3398.9313358894933,3900.0
17,2019-02-07T14:00:00+00:00,3522.44251206682,4563.0
17,2019-02-07T15:00:00+00:00,3441.6086881536944,4577.0
17,2019-02-07T16:00:00+00:00,3585.2083783763687,4570.0
17,2019-02-07T17:00:00+00:00,3738.7614314802267,4765.0
17,2019-02-07T18:00:00+00:00,3789.563176726393,4677.0
17,2019-02-07T19:00:00+00:00,3732.7427885763746,4713.0
17,2019-02-07T20:00:00+00:00,3708.694026204559,4647.0
17,2019-02-07T21:00:00+00:00,3662.4622354875446,4575.0
17,2019-02-07T22:00:00+00:00,3525.6348775651777,4412.0
17,2019-02-07T23:00:00+00:00,3524.0545323063857,4128.0
17,2019-02-08T00:00:00+00:00,3584.9727409737543,3955.0
17,2019-02-08T01:00:00+00:00,3405.8305663913343,3928.0
17,2019-02-08T02:00:00+00:00,3432.2037634372655,3600.0
17,2019-02-08T03:00:00+00:00,3263.72021162354,3306.0
17,2019-02-08T04:00:00+00:00,3206.6280828716426,3379.0
17,2019-02-08T05:00:00+00:00,3006.169720236847,3281.0
17,2019-02-08T06:00:00+00:00,3001.4162590115707,3234.0
17,2019-02-08T07:00:00+00:00,2863.0223361819844,3242.0
17,2019-02-08T08:00:00+00:00,2714.822024364788,3147.0
17,2019-02-08T09:00:00+00:00,2724.4084564697396,2998.0
17,2019-02-08T10:00:00+00:00,2576.995970987067,3048.0
17,2019-02-08T11:00:00+00:00,2661.373955920537,3089.0
17,2019-02-08T12:00:00+00:00,2794.900407421906,3108.0
17,2019-02-08T13:00:00+00:00,2830.1375264610074,3302.0
17,2019-02-08T14:00:00+00:00,3012.063546862784,3536.0
17,2019-02-08T15:00:00+00:00,3011.0757897680305,3532.0
18,2019-02-05T16:00:00+00:00,4659.324342293776,4615.0
18,2019-02-05T17:00:00+00:00,4665.437530967051,4796.0
18,2019-02-05T18:00:00+00:00,4771.023972667221,5000.0
18,2019-02-05T19:00:00+00:00,4747.264531585621,5053.0
18,2019-02-05T20:00:00+00:00,4565.565738275966,4992.0
18,2019-02-05T21:00:00+00:00,4445.849578391861,4628.0
18,2019-02-05T22:00:00+00:00,4499.00551660133,4653.0
18,2019-02-05T23:00:00+00:00,4334.311214482865,4456.0
18,2019-02-06T00:00:00+00:00,4341.807196995983,4307.0
18,2019-02-06T01:00:00+00:00,4256.175497487044,3995.0
18,2019-02-06T02:00:00+00:00,4059.973825969566,3805.0
18,2019-02-06T03:00:00+00:00,3827.1886256668663,3683.0
18,2019-02-06T04:00:00+00:00,3827.6167418650107,3612.0
18,2019-02-06T05:00:00+00:00,3627.6040926399,3547.0
18,2019-02-06T06:00:00+00:00,3557.074981003456,3556.0
18,2019-02-06T07:00:00+00:00,3449.6383536109984,3581.0
18,2019-02-06T08:00:00+00:00,3399.2330661054066,3567.0
18,2019-02-06T09:00:00+00:00,3532.925608846596,3596.0
18,2019-02-06T10:00:00+00:00,3668.6284636434934,3703.0
18,2019-02-06T11:00:00+00:00,3834.824824083398,3922.0
18,2019-02-06T12:00:00+00:00,4007.3386991288926,4326.0
18,2019-02-06T13:00:00+00:00,4166.372416159553,4534.0
18,2019-02-06T14:00:00+00:00,4439.339304096284,4650.0
18,2019-02-06T15:00:00+00:00,4465.2819229867755,4468.0
18,2019-02-06T16:00:00+00:00,4521.036630615161,4640.0
18,2019-02-06T17:00:00+00:00,4643.989487752145,4621.0
18,2019-02-06T18:00:00+00:00,4761.844738385004,4909.0
18,2019-02-06T19:00:00+00:00,4570.319397779683,4922.0
18,2019-02-06T20:00:00+00:00,4474.323552031703,4742.0
18,2019-02-06T21:00:00+00:00,4489.084324397019,4567.0
18,2019-02-06T22:00:00+00:00,4333.201251776321,4504.0
18,2019-02-06T23:00:00+00:00,4393.104208738605,4378.0
18,2019-02-07T00:00:00+00:00,4303.397160268837,3892.0
18,2019-02-07T01:00:00+00:00,4089.8960253344158,3875.0
18,2019-02-07T02:00:00+00:00,3897.6143846665145,3613.0
18,2019-02-07T03:00:00+00:00,3811.5201346037024,3403.0
18,2019-02-07T04:00:00+00:00,3636.1099898634293,3545.0
18,2019-02-07T05:00:00+00:00,3459.91737230651,3537.0
18,2019-02-07T06:00:00+00:00,3356.808320573634,3496.0
18,2019-02-07T07:00:00+00:00,3119.696585573163,3437.0
18,2019-02-07T08:00:00+00:00,3117.04659422394,3359.0
18,2019-02-07T09:00:00+00:00,2946.2415488662905,3265.0
18,2019-02-07T10:00:00+00:00,3088.2550446161954,3338.0
18,2019-02-07T11:00:00+00:00,3102.97973030545,3422.0
18,2019-02-07T12:00:00+00:00,3381.923721812875,3507.0
18,2019-02-07T13:00:00+00:00,3529.6399533422664,3900.0
18,2019-02-07T14:00:00+00:00,3580.1224703001985,4563.0
18,2019-02-07T15:00:00+00:00,3673.6403147223623,4577.0
18,2019-02-07T16:00:00+00:00,3707.198709350076,4570.0
18,2019-02-07T17:00:00+00:00,3836.6588335596316,4765.0
18,2019-02-07T18:00:00+00:00,3845.7979495041754,4677.0
18,2019-02-07T19:00:00+00:00,3820.9760994952017,4713.0
18,2019-02-07T20:00:00+00:00,3656.49322828648,4647.0
18,2019-02-07T21:00:00+00:00,3594.247281092748,4575.0
18,2019-02-07T22:00:00+00:00,3564.991710366035,4412.0
18,2019-02-07T23:00:00+00:00,3699.913364632942,4128.0
18,2019-02-08T00:00:00+00:00,3796.8995450953935,3955.0
18,2019-02-08T01:00:00+00:00,3673.988029013128,3928.0
18,2019-02-08T02:00:00+00:00,3460.6770100561616,3600.0
18,2019-02-08T03:00:00+00:00,3389.954329092768,3306.0
18,2019-02-08T04:00:00+00:00,3207.0654024940386,3379.0
18,2019-02-08T05:00:00+00:00,2982.2846697635728,3281.0
18,2019-02-08T06:00:00+00:00,2969.1912207993505,3234.0
18,2019-02-08T07:00:00+00:00,2834.2852140059917,3242.0
18,2019-02-08T08:00:00+00:00,2748.0876608759936,3147.0
18,2019-02-08T09:00:00+00:00,2690.532981570224,2998.0
18,2019-02-08T10:00:00+00:00,2697.625401365338,3048.0
18,2019-02-08T11:00:00+00:00,2901.452564263593,3089.0
18,2019-02-08T12:00:00+00:00,2901.3283758674042,3108.0
18,2019-02-08T13:00:00+00:00,3156.9354576486503,3302.0
18,2019-02-08T14:00:00+00:00,3041.427228908851,3536.0
18,2019-02-08T15:00:00+00:00,3081.263151990109,3532.0
18,2019-02-08T16:00:00+00:00,3159.2831404698436,3890.0
18,2019-02-08T17:00:00+00:00,3323.334590839756,3687.0
18,2019-02-08T18:00:00+00:00,3284.3210275879705,3663.0
18,2019-02-08T19:00:00+00:00,3190.207505162746,3694.0
18,2019-02-08T20:00:00+00:00,3023.880908834236,3583.0
18,2019-02-08T21:00:00+00:00,2971.1250304236655,3468.0
18,2019-02-08T22:00:00+00:00,2877.6670165207406,3415.0
18,2019-02-08T23:00:00+00:00,2983.108648866971,3334.0
18,2019-02-09T00:00:00+00:00,3019.9263114433047,3246.0
18,2019-02-09T01:00:00+00:00,3048.446682238083,3280.0
18,2019-02-09T02:00:00+00:00,3030.815565084006,3227.0
18,2019-02-09T03:00:00+00:00,2912.915371338103,2953.0
18,2019-02-09T04:00:00+00:00,2911.66998445711,3179.0
18,2019-02-09T05:00:00+00:00,2855.2550096238674,2888.0
18,2019-02-09T06:00:00+00:00,2964.356795877783,3077.0
18,2019-02-09T07:00:00+00:00,2895.891845416683,3140.0
18,2019-02-09T08:00:00+00:00,3001.467051338591,3255.0
18,2019-02-09T09:00:00+00:00,3064.4108064551338,3284.0
18,2019-02-09T10:00:00+00:00,3233.72013840142,3528.0
18,2019-02-09T11:00:00+00:00,3509.5301078414273,3800.0
18,2019-02-09T12:00:00+00:00,3764.258155205797,3889.0
18,2019-02-09T13:00:00+00:00,3956.5958756257824,4340.0
18,2019-02-09T14:00:00+00:00,4128.06462501458,4321.0
18,2019-02-09T15:00:00+00:00,4290.4503051645115,4293.0
19,2019-02-06T16:00:00+00:00,4628.062838160235,4640.0
19,2019-02-06T17:00:00+00:00,4624.706116358406,4621.0
19,2019-02-06T18:00:00+00:00,4746.408894024652,4909.0
19,2019-02-06T19:00:00+00:00,4733.622578363831,4922.0
19,2019-02-06T20:00:00+00:00,4683.2416130135325,4742.0
19,2019-02-06T21:00:00+00:00,4440.233275488966,4567.0
19,2019-02-06T22:00:00+00:00,4474.79889154495,4504.0
19,2019-02-06T23:00:00+00:00,4384.875521297255,4378.0
19,2019-02-07T00:00:00+00:00,4312.861056297932,3892.0
19,2019-02-07T01:00:00+00:00,4241.803483049553,3875.0
19,2019-02-07T02:00:00+00:00,4076.680172479964,3613.0
19,2019-02-07T03:00:00+00:00,3819.8319998505895,3403.0
19,2019-02-07T04:00:00+00:00,3674.632830499673,3545.0
19,2019-02-07T05:00:00+00:00,3544.0668082915927,3537.0
19,2019-02-07T06:00:00+00:00,3322.844049979451,3496.0
19,2019-02-07T07:00:00+00:00,3227.1585760827234,3437.0
19,2019-02-07T08:00:00+00:00,3143.7296839482265,3359.0
19,2019-02-07T09:00:00+00:00,3032.112735684218,3265.0
19,2019-02-07T10:00:00+00:00,3049.910803284689,3338.0
19,2019-02-07T11:00:00+00:00,3167.3159618589825,3422.0
19,2019-02-07T12:00:00+00:00,3332.0803223595444,3507.0
19,2019-02-07T13:00:00+00:00,3403.280589991836,3900.0
19,2019-02-07T14:00:00+00:00,3572.2546991890704,4563.0
19,2019-02-07T15:00:00+00:00,3578.0147539608906,4577.0
19,2019-02-07T16:00:00+00:00,3674.7329280654144,4570.0
19,2019-02-07T17:00:00+00:00,3735.557516262745,4765.0
19,2019-02-07T18:00:00+00:00,3807.3483231818636,4677.0
19,2019-02-07T19:00:00+00:00,3680.625697206339,4713.0
19,2019-02-07T20:00:00+00:00,3625.5386591778997,4647.0
19,2019-02-07T21:00:00+00:00,3551.5094208579712,4575.0
19,2019-02-07T22:00:00+00:00,3606.1020185501206,4412.0
19,2019-02-07T23:00:00+00:00,3594.8593335903033,4128.0
19,2019-02-08T00:00:00+00:00,3704.3946226066464,3955.0
19,2019-02-08T01:00:00+00:00,3521.9821921453963,3928.0
19,2019-02-08T02:00:00+00:00,3432.656069605077,3600.0
19,2019-02-08T03:00:00+00:00,3305.736784463581,3306.0
19,2019-02-08T04:00:00+00:00,3228.278386618448,3379.0
19,2019-02-08T05:00:00+00:00,2994.397664888911,3281.0
19,2019-02-08T06:00:00+00:00,2817.180889620314,3234.0
19,2019-02-08T07:00:00+00:00,2785.303136095574,3242.0
19,2019-02-08T08:00:00+00:00,2732.3033091111165,3147.0
19,2019-02-08T09:00:00+00:00,2591.194095232768,2998.0
19,2019-02-08T10:00:00+00:00,2803.2842146960693,3048.0
19,2019-02-08T11:00:00+00:00,2839.3759138111263,3089.0
19,2019-02-08T12:00:00+00:00,3045.6704866618657,3108.0
19,2019-02-08T13:00:00+00:00,3183.6943558297908,3302.0
19,2019-02-08T14:00:00+00:00,3124.452987928631,3536.0
19,2019-02-08T15:00:00+00:00,3054.761487038328,3532.0
19,2019-02-08T16:00:00+00:00,3248.5421127118507,3890.0
19,2019-02-08T17:00:00+00:00,3361.619315592887,3687.0
19,2019-02-08T18:00:00+00:00,3237.2391841527115,3663.0
19,2019-02-08T19:00:00+00:00,3150.6511877281496,3694.0
19,2019-02-08T20:00:00+00:00,3122.6513639309137,3583.0
19,2019-02-08T21:00:00+00:00,2972.964690835436,3468.0
19,2019-02-08T22:00:00+00:00,3050.0705496144324,3415.0
19,2019-02-08T23:00:00+00:00,2921.1460746102584,3334.0
19,2019-02-09T00:00:00+00:00,3091.9642724377545,3246.0
19,2019-02-09T01:00:00+00:00,3023.437987845913,3280.0
19,2019-02-09T02:00:00+00:00,2966.4769541891947,3227.0
19,2019-02-09T03:00:00+00:00,2978.909673298867,2953.0
19,2019-02-09T04:00:00+00:00,2978.8102036148516,3179.0
19,2019-02-09T05:00:00+00:00,2808.301981081728,2888.0
19,2019-02-09T06:00:00+00:00,2883.5543330045675,3077.0
19,2019-02-09T07:00:00+00:00,2790.922214896627,3140.0
19,2019-02-09T08:00:00+00:00,2930.80342430388,3255.0
19,2019-02-09T09:00:00+00:00,3104.08311677707,3284.0
19,2019-02-09T10:00:00+00:00,3317.937716077014,3528.0
19,2019-02-09T11:00:00+00:00,3660.7156998497126,3800.0
19,2019-02-09T12:00:00+00:00,3899.239243435063,3889.0
19,2019-02-09T13:00:00+00:00,4071.2031932275036,4340.0
19,2019-02-09T14:00:00+00:00,4326.415238263661,4321.0
19,2019-02-09T15:00:00+00:00,4149.760119722479,4293.0
19,2019-02-09T16:00:00+00:00,4233.193836632347,4393.0
19,2019-02-09T17:00:00+00:00,4428.762405091234,4384.0
19,2019-02-09T18:00:00+00:00,4552.755100459851,4495.0
19,2019-02-09T19:00:00+00:00,4371.640699805385,4374.0
19,2019-02-09T20:00:00+00:00,4205.733065820377,4171.0
19,2019-02-09T21:00:00+00:00,4144.913071073572,3979.0
19,2019-02-09T22:00:00+00:00,3892.001452497098,4055.0
19,2019-02-09T23:00:00+00:00,3919.3100776528527,3888.0
19,2019-02-10T00:00:00+00:00,3941.64964682635,3630.0
19,2019-02-10T01:00:00+00:00,3768.152145486933,3526.0
19,2019-02-10T02:00:00+00:00,3741.4063667292326,3377.0
19,2019-02-10T03:00:00+00:00,3518.6031970654853,3272.0
19,2019-02-10T04:00:00+00:00,3429.3822942839383,3265.0
19,2019-02-10T05:00:00+00:00,3322.578356869989,3199.0
19,2019-02-10T06:00:00+00:00,3355.5941625469245,3180.0
19,2019-02-10T07:00:00+00:00,3214.9357016552754,3215.0
19,2019-02-10T08:00:00+00:00,3197.8783362134463,3207.0
19,2019-02-10T09:00:00+00:00,3277.332076092076,3301.0
19,2019-02-10T10:00:00+00:00,3612.096438437899,3458.0
19,2019-02-10T11:00:00+00:00,3729.0008448122326,3561.0
19,2019-02-10T12:00:00+00:00,3983.971320615783,3804.0
19,2019-02-10T13:00:00+00:00,4171.626133888689,3920.0
19,2019-02-10T14:00:00+00:00,4416.560349899975,4373.0
19,2019-02-10T15:00:00+00:00,4316.191473160068,4335.0
20,2019-02-07T16:00:00+00:00,3832.7368860184697,4570.0
20,2019-02-07T17:00:00+00:00,3879.5119596608015,4765.0
20,2019-02-07T18:00:00+00:00,3954.799803424383,4677.0
20,2019-02-07T19:00:00+00:00,4026.193987370894,4713.0
20,2019-02-07T20:00:00+00:00,3921.1080665458385,4647.0
20,2019-02-07T21:00:00+00:00,3798.4034540156053,4575.0
20,2019-02-07T22:00:00+00:00,3811.6579711658374,4412.0
20,2019-02-07T23:00:00+00:00,3707.0441182597697,4128.0
20,2019-02-08T00:00:00+00:00,3623.2836054345453,3955.0
20,2019-02-08T01:00:00+00:00,3668.832954807841,3928.0
20,2019-02-08T02:00:00+00:00,3472.2654926151595,3600.0
20,2019-02-08T03:00:00+00:00,3289.486412272133,3306.0
20,2019-02-08T04:00:00+00:00,3172.296517990754,3379.0
20,2019-02-08T05:00:00+00:00,2978.888721877051,3281.0
20,2019-02-08T06:00:00+00:00,2906.7657324782917,3234.0
20,2019-02-08T07:00:00+00:00,2813.8635591352113,3242.0
20,2019-02-08T08:00:00+00:00,2702.5336519593607,3147.0
20,2019-02-08T09:00:00+00:00,2637.239239845026,2998.0
20,2019-02-08T10:00:00+00:00,2706.6357685095754,3048.0
20,2019-02-08T11:00:00+00:00,2848.463411268484,3089.0
20,2019-02-08T12:00:00+00:00,3006.762176215259,3108.0
20,2019-02-08T13:00:00+00:00,3126.4835574316157,3302.0
20,2019-02-08T14:00:00+00:00,3285.0601765654997,3536.0
20,2019-02-08T15:00:00+00:00,3348.1094158120677,3532.0
20,2019-02-08T16:00:00+00:00,3395.1837577130173,3890.0
20,2019-02-08T17:00:00+00:00,3422.739503897697,3687.0
20,2019-02-08T18:00:00+00:00,3421.906073521997,3663.0
20,2019-02-08T19:00:00+00:00,3427.8229665397753,3694.0
20,2019-02-08T20:00:00+00:00,3485.4486295270285,3583.0
20,2019-02-08T21:00:00+00:00,3295.208926325999,3468.0
20,2019-02-08T22:00:00+00:00,3233.8185506004224,3415.0
20,2019-02-08T23:00:00+00:00,3315.7723833277128,3334.0
20,2019-02-09T00:00:00+00:00,3249.960067928367,3246.0
20,2019-02-09T01:00:00+00:00,3190.534301078103,3280.0
20,2019-02-09T02:00:00+00:00,3171.6407450972015,3227.0
20,2019-02-09T03:00:00+00:00,3109.263801947511,2953.0
20,2019-02-09T04:00:00+00:00,2961.227003750416,3179.0
20,2019-02-09T05:00:00+00:00,3054.2538281393786,2888.0
20,2019-02-09T06:00:00+00:00,3039.215069401327,3077.0
20,2019-02-09T07:00:00+00:00,3059.6854677219158,3140.0
20,2019-02-09T08:00:00+00:00,3100.4557449047816,3255.0
20,2019-02-09T09:00:00+00:00,3165.3448097951537,3284.0
20,2019-02-09T10:00:00+00:00,3308.539053654645,3528.0
20,2019-02-09T11:00:00+00:00,3576.0159420546956,3800.0
20,2019-02-09T12:00:00+00:00,3828.7332477600703,3889.0
20,2019-02-09T13:00:00+00:00,4053.3488806429154,4340.0
20,2019-02-09T14:00:00+00:00,4239.358115050303,4321.0
20,2019-02-09T15:00:00+00:00,4262.9445912394995,4293.0
20,2019-02-09T16:00:00+00:00,4386.239412592492,4393.0
20,2019-02-09T17:00:00+00:00,4389.24412407069,4384.0
20,2019-02-09T18:00:00+00:00,4501.9736126609605,4495.0
20,2019-02-09T19:00:00+00:00,4533.492746580741,4374.0
20,2019-02-09T20:00:00+00:00,4318.168375298654,4171.0
20,2019-02-09T21:00:00+00:00,4200.045118307867,3979.0
20,2019-02-09T22:00:00+00:00,4130.083496089611,4055.0
20,2019-02-09T23:00:00+00:00,4080.3279009387484,3888.0
20,2019-02-10T00:00:00+00:00,3968.0941084482206,3630.0
20,2019-02-10T01:00:00+00:00,4014.12385343498,3526.0
20,2019-02-10T02:00:00+00:00,3848.3394164539613,3377.0
20,2019-02-10T03:00:00+00:00,3774.5055815365513,3272.0
20,2019-02-10T04:00:00+00:00,3637.282922497843,3265.0
20,2019-02-10T05:00:00+00:00,3595.677760897385,3199.0
20,2019-02-10T06:00:00+00:00,3463.183348675679,3180.0
20,2019-02-10T07:00:00+00:00,3430.448635733704,3215.0
20,2019-02-10T08:00:00+00:00,3445.766636607944,3207.0
20,2019-02-10T09:00:00+00:00,3516.499561957399,3301.0
20,2019-02-10T10:00:00+00:00,3654.7613652532,3458.0
20,2019-02-10T11:00:00+00:00,3859.901627119673,3561.0
20,2019-02-10T12:00:00+00:00,4095.9809262836006,3804.0
20,2019-02-10T13:00:00+00:00,4388.594563901588,3920.0
20,2019-02-10T14:00:00+00:00,4336.99570628063,4373.0
20,2019-02-10T15:00:00+00:00,4680.05250258623,4335.0
20,2019-02-10T16:00:00+00:00,4628.724823778237,4524.0
20,2019-02-10T17:00:00+00:00,4674.1065287306,4779.0
20,2019-02-10T18:00:00+00:00,4732.556369099691,5027.0
20,2019-02-10T19:00:00+00:00,4734.21397685723,4988.0
20,2019-02-10T20:00:00+00:00,4547.957423142478,4738.0
20,2019-02-10T21:00:00+00:00,4370.67673612342,4566.0
20,2019-02-10T22:00:00+00:00,4159.519582812647,4649.0
20,2019-02-10T23:00:00+00:00,4303.965426277582,4458.0
20,2019-02-11T00:00:00+00:00,4159.321767022444,4319.0
20,2019-02-11T01:00:00+00:00,4048.2774468928574,4200.0
20,2019-02-11T02:00:00+00:00,3959.3835383051073,4097.0
20,2019-02-11T03:00:00+00:00,3658.2914154579057,3880.0
20,2019-02-11T04:00:00+00:00,3568.034111271017,3823.0
20,2019-02-11T05:00:00+00:00,3496.633714600056,3676.0
20,2019-02-11T06:00:00+00:00,3380.222790216219,3583.0
20,2019-02-11T07:00:00+00:00,3366.2433009969104,3508.0
20,2019-02-11T08:00:00+00:00,3499.6873347600954,3521.0
20,2019-02-11T09:00:00+00:00,3502.7737369555316,3314.0
20,2019-02-11T10:00:00+00:00,3639.68166201731,3545.0
20,2019-02-11T11:00:00+00:00,3841.398547479742,3623.0
20,2019-02-11T12:00:00+00:00,3957.7923538249343,3908.0
20,2019-02-11T13:00:00+00:00,4244.552415340284,3903.0
20,2019-02-11T14:00:00+00:00,4391.205957047844,4145.0
20,2019-02-11T15:00:00+00:00,4518.4539878426895,4044.0
21,2019-02-08T16:00:00+00:00,3613.6564271101947,3890.0
21,2019-02-08T17:00:00+00:00,3585.497352679315,3687.0
21,2019-02-08T18:00:00+00:00,3663.2582903773246,3663.0
21,2019-02-08T19:00:00+00:00,3721.6746216900733,3694.0
21,2019-02-08T20:00:00+00:00,3502.837979170058,3583.0
21,2019-02-08T21:00:00+00:00,3513.255462309431,3468.0
21,2019-02-08T22:00:00+00:00,3470.0350584447588,3415.0
21,2019-02-08T23:00:00+00:00,3437.4141573272846,3334.0
21,2019-02-09T00:00:00+00:00,3429.5471958531193,3246.0
21,2019-02-09T01:00:00+00:00,3566.0830183760245,3280.0
21,2019-02-09T02:00:00+00:00,3387.2472005064483,3227.0
21,2019-02-09T03:00:00+00:00,3186.939116405891,2953.0
21,2019-02-09T04:00:00+00:00,3018.9801597745227,3179.0
21,2019-02-09T05:00:00+00:00,3055.532922355154,2888.0
21,2019-02-09T06:00:00+00:00,3080.0579825860086,3077.0
21,2019-02-09T07:00:00+00:00,3062.545700310243,3140.0
21,2019-02-09T08:00:00+00:00,3199.2204168802955,3255.0
21,2019-02-09T09:00:00+00:00,3153.4672703171927,3284.0
21,2019-02-09T10:00:00+00:00,3321.2941735075897,3528.0
21,2019-02-09T11:00:00+00:00,3527.9963737843505,3800.0
21,2019-02-09T12:00:00+00:00,3845.805550177705,3889.0
21,2019-02-09T13:00:00+00:00,4076.586188499453,4340.0
21,2019-02-09T14:00:00+00:00,4127.208921360799,4321.0
21,2019-02-09T15:00:00+00:00,4243.517401884022,4293.0
21,2019-02-09T16:00:00+00:00,4434.690533887273,4393.0
21,2019-02-09T17:00:00+00:00,4471.016664211102,4384.0
21,2019-02-09T18:00:00+00:00,4479.454204942477,4495.0
21,2019-02-09T19:00:00+00:00,4444.256609405728,4374.0
21,2019-02-09T20:00:00+00:00,4528.476169865721,4171.0
21,2019-02-09T21:00:00+00:00,4382.916265939819,3979.0
21,2019-02-09T22:00:00+00:00,4269.869399660087,4055.0
21,2019-02-09T23:00:00+00:00,4221.146108160141,3888.0
21,2019-02-10T00:00:00+00:00,4194.474088982082,3630.0
21,2019-02-10T01:00:00+00:00,4104.747344853951,3526.0
21,2019-02-10T02:00:00+00:00,4085.4062744342023,3377.0
21,2019-02-10T03:00:00+00:00,3821.5581789019257,3272.0
21,2019-02-10T04:00:00+00:00,3576.407575019899,3265.0
21,2019-02-10T05:00:00+00:00,3537.450058473791,3199.0
21,2019-02-10T06:00:00+00:00,3407.476095687243,3180.0
21,2019-02-10T07:00:00+00:00,3424.8559940579707,3215.0
21,2019-02-10T08:00:00+00:00,3363.6366665332116,3207.0
21,2019-02-10T09:00:00+00:00,3459.3119621366914,3301.0
21,2019-02-10T10:00:00+00:00,3607.515380316113,3458.0
21,2019-02-10T11:00:00+00:00,3822.116696220709,3561.0
21,2019-02-10T12:00:00+00:00,3965.495074658051,3804.0
21,2019-02-10T13:00:00+00:00,4138.356069158992,3920.0
21,2019-02-10T14:00:00+00:00,4336.214423134623,4373.0
21,2019-02-10T15:00:00+00:00,4414.281734068679,4335.0
21,2019-02-10T16:00:00+00:00,4398.300557905798,4524.0
21,2019-02-10T17:00:00+00:00,4569.390132824699,4779.0
21,2019-02-10T18:00:00+00:00,4709.622427256197,5027.0
21,2019-02-10T19:00:00+00:00,4594.136075237599,4988.0
21,2019-02-10T20:00:00+00:00,4467.501385750169,4738.0
21,2019-02-10T21:00:00+00:00,4427.072610133619,4566.0
21,2019-02-10T22:00:00+00:00,4228.422067697787,4649.0
21,2019-02-10T23:00:00+00:00,4054.744298210097,4458.0
21,2019-02-11T00:00:00+00:00,4093.2421722861172,4319.0
21,2019-02-11T01:00:00+00:00,3913.4653579871965,4200.0
21,2019-02-11T02:00:00+00:00,3774.039197599507,4097.0
21,2019-02-11T03:00:00+00:00,3807.943488965621,3880.0
21,2019-02-11T04:00:00+00:00,3685.836520699644,3823.0
21,2019-02-11T05:00:00+00:00,3632.8248961480135,3676.0
21,2019-02-11T06:00:00+00:00,3413.064110866045,3583.0
21,2019-02-11T07:00:00+00:00,3315.3771483041846,3508.0
21,2019-02-11T08:00:00+00:00,3402.1630266117636,3521.0
21,2019-02-11T09:00:00+00:00,3524.9772210264464,3314.0
21,2019-02-11T10:00:00+00:00,3564.797777528612,3545.0
21,2019-02-11T11:00:00+00:00,3782.9185357413794,3623.0
21,2019-02-11T12:00:00+00:00,4077.2128144623402,3908.0
21,2019-02-11T13:00:00+00:00,4316.047787383956,3903.0
21,2019-02-11T14:00:00+00:00,4428.739206513766,4145.0
21,2019-02-11T15:00:00+00:00,4579.1907717375525,4044.0
21,2019-02-11T16:00:00+00:00,4573.94974382857,4097.0
21,2019-02-11T17:00:00+00:00,4650.892353358717,4524.0
21,2019-02-11T18:00:00+00:00,4712.798583492093,4527.0
21,2019-02-11T19:00:00+00:00,4858.544076037738,4374.0
21,2019-02-11T20:00:00+00:00,4574.879801897313,4217.0
21,2019-02-11T21:00:00+00:00,4523.617290603233,4068.0
21,2019-02-11T22:00:00+00:00,4285.317735562153,3929.0
21,2019-02-11T23:00:00+00:00,4345.030807871827,3847.0
21,2019-02-12T00:00:00+00:00,4212.903739506438,3506.0
21,2019-02-12T01:00:00+00:00,4079.011199912206,3412.0
21,2019-02-12T02:00:00+00:00,4091.978213324587,3315.0
21,2019-02-12T03:00:00+00:00,3712.5057970259513,3206.0
21,2019-02-12T04:00:00+00:00,3733.301636359224,3326.0
21,2019-02-12T05:00:00+00:00,3500.4503432432257,3226.0
21,2019-02-12T06:00:00+00:00,3606.5396190669735,3123.0
21,2019-02-12T07:00:00+00:00,3474.1029389176847,3096.0
21,2019-02-12T08:00:00+00:00,3538.8837768262792,3062.0
21,2019-02-12T09:00:00+00:00,3621.8344544101515,3089.0
21,2019-02-12T10:00:00+00:00,3669.131727370359,3459.0
21,2019-02-12T11:00:00+00:00,3887.499970122524,3568.0
21,2019-02-12T12:00:00+00:00,4162.050078355425,3778.0
21,2019-02-12T13:00:00+00:00,4525.87409580614,3961.0
21,2019-02-12T14:00:00+00:00,4495.961810363285,4256.0
21,2019-02-12T15:00:00+00:00,4726.225735070661,4301.0
22,2019-02-09T16:00:00+00:00,4439.734274748558,4393.0
22,2019-02-09T17:00:00+00:00,4493.980215634954,4384.0
22,2019-02-09T18:00:00+00:00,4560.102902885552,4495.0
22,2019-02-09T19:00:00+00:00,4582.4449174931415,4374.0
22,2019-02-09T20:00:00+00:00,4563.531798039503,4171.0
22,2019-02-09T21:00:00+00:00,4306.295924967317,3979.0
22,2019-02-09T22:00:00+00:00,4298.55612606594,4055.0
22,2019-02-09T23:00:00+00:00,4249.819351632081,3888.0
22,2019-02-10T00:00:00+00:00,4173.367679519118,3630.0
22,2019-02-10T01:00:00+00:00,4093.9142701045544,3526.0
22,2019-02-10T02:00:00+00:00,3932.4862748193254,3377.0
22,2019-02-10T03:00:00+00:00,3784.8729002306304,3272.0
22,2019-02-10T04:00:00+00:00,3588.016381118986,3265.0
22,2019-02-10T05:00:00+00:00,3482.069535307898,3199.0
22,2019-02-10T06:00:00+00:00,3400.402677575952,3180.0
22,2019-02-10T07:00:00+00:00,3277.4937721598117,3215.0
22,2019-02-10T08:00:00+00:00,3218.789804923586,3207.0
22,2019-02-10T09:00:00+00:00,3338.409766717935,3301.0
22,2019-02-10T10:00:00+00:00,3464.7566880962618,3458.0
22,2019-02-10T11:00:00+00:00,3709.6216388392104,3561.0
22,2019-02-10T12:00:00+00:00,3936.75527572312,3804.0
22,2019-02-10T13:00:00+00:00,4040.8707557705065,3920.0
22,2019-02-10T14:00:00+00:00,4261.783076138583,4373.0
22,2019-02-10T15:00:00+00:00,4371.14374794219,4335.0
22,2019-02-10T16:00:00+00:00,4489.146319455894,4524.0
22,2019-02-10T17:00:00+00:00,4668.49392702525,4779.0
22,2019-02-10T18:00:00+00:00,4626.0015354990655,5027.0
22,2019-02-10T19:00:00+00:00,4724.345923274812,4988.0
22,2019-02-10T20:00:00+00:00,4613.253024927451,4738.0
22,2019-02-10T21:00:00+00:00,4533.593604213835,4566.0
22,2019-02-10T22:00:00+00:00,4429.980561733148,4649.0
22,2019-02-10T23:00:00+00:00,4383.1378090499975,4458.0
22,2019-02-11T00:00:00+00:00,4142.878866465855,4319.0
22,2019-02-11T01:00:00+00:00,4127.310770386092,4200.0
22,2019-02-11T02:00:00+00:00,3998.8626923801776,4097.0
22,2019-02-11T03:00:00+00:00,3819.4572535991842,3880.0
22,2019-02-11T04:00:00+00:00,3579.341633280681,3823.0
22,2019-02-11T05:00:00+00:00,3411.98977218587,3676.0
22,2019-02-11T06:00:00+00:00,3197.8344175390093,3583.0
22,2019-02-11T07:00:00+00:00,3129.3356936503133,3508.0
22,2019-02-11T08:00:00+00:00,3054.466019116475,3521.0
22,2019-02-11T09:00:00+00:00,3204.793858593766,3314.0
22,2019-02-11T10:00:00+00:00,3324.443496061286,3545.0
22,2019-02-11T11:00:00+00:00,3565.0726575391227,3623.0
22,2019-02-11T12:00:00+00:00,3912.0969723806547,3908.0
22,2019-02-11T13:00:00+00:00,4053.275385434527,3903.0
22,2019-02-11T14:00:00+00:00,4167.796319729266,4145.0
22,2019-02-11T15:00:00+00:00,4196.185694568086,4044.0
22,2019-02-11T16:00:00+00:00,4279.736263571866,4097.0
22,2019-02-11T17:00:00+00:00,4589.562716928563,4524.0
22,2019-02-11T18:00:00+00:00,4657.0069960738865,4527.0
22,2019-02-11T19:00:00+00:00,4639.633839170115,4374.0
22,2019-02-11T20:00:00+00:00,4657.050220773784,4217.0
22,2019-02-11T21:00:00+00:00,4498.60763786527,4068.0
22,2019-02-11T22:00:00+00:00,4399.324732140678,3929.0
22,2019-02-11T23:00:00+00:00,4232.201915690356,3847.0
22,2019-02-12T00:00:00+00:00,4308.213938409253,3506.0
22,2019-02-12T01:00:00+00:00,4150.9562674575645,3412.0
22,2019-02-12T02:00:00+00:00,3963.2790487209495,3315.0
22,2019-02-12T03:00:00+00:00,3791.0553872186506,3206.0
22,2019-02-12T04:00:00+00:00,3631.1677345169646,3326.0
22,2019-02-12T05:00:00+00:00,3539.3713765563925,3226.0
22,2019-02-12T06:00:00+00:00,3391.7796143176465,3123.0
22,2019-02-12T07:00:00+00:00,3349.0702731318083,3096.0
22,2019-02-12T08:00:00+00:00,3398.211072933364,3062.0
22,2019-02-12T09:00:00+00:00,3573.8078803015965,3089.0
22,2019-02-12T10:00:00+00:00,3601.0335589766614,3459.0
22,2019-02-12T11:00:00+00:00,3661.856428760846,3568.0
22,2019-02-12T12:00:00+00:00,4089.3087906882542,3778.0
22,2019-02-12T13:00:00+00:00,4337.763903049604,3961.0
22,2019-02-12T14:00:00+00:00,4393.548616815227,4256.0
22,2019-02-12T15:00:00+00:00,4465.70095142309,4301.0
22,2019-02-12T16:00:00+00:00,4605.530740621598,4531.0
22,2019-02-12T17:00:00+00:00,4764.0075596074,4720.0
22,2019-02-12T18:00:00+00:00,4748.745142789145,4774.0
22,2019-02-12T19:00:00+00:00,4881.548076263331,4627.0
22,2019-02-12T20:00:00+00:00,4773.515407357339,4495.0
22,2019-02-12T21:00:00+00:00,4628.6772369526625,4179.0
22,2019-02-12T22:00:00+00:00,4454.353476307788,4201.0
22,2019-02-12T23:00:00+00:00,4534.442103750967,4088.0
22,2019-02-13T00:00:00+00:00,4352.059646380548,4007.0
22,2019-02-13T01:00:00+00:00,4325.160730574434,3876.0
22,2019-02-13T02:00:00+00:00,4141.160453320082,3604.0
22,2019-02-13T03:00:00+00:00,3912.1953515332502,3374.0
22,2019-02-13T04:00:00+00:00,3771.8626951647584,3319.0
22,2019-02-13T05:00:00+00:00,3695.5560967769866,3316.0
22,2019-02-13T06:00:00+00:00,3511.657305037455,3243.0
22,2019-02-13T07:00:00+00:00,3537.7612564852093,3196.0
22,2019-02-13T08:00:00+00:00,3523.6181214601725,3100.0
22,2019-02-13T09:00:00+00:00,3546.8575112403287,3179.0
22,2019-02-13T10:00:00+00:00,3617.2769253299,3406.0
22,2019-02-13T11:00:00+00:00,3900.355914562156,3459.0
22,2019-02-13T12:00:00+00:00,4074.1925050802033,3580.0
22,2019-02-13T13:00:00+00:00,4182.9726837046055,3770.0
22,2019-02-13T14:00:00+00:00,4402.485687029516,3868.0
22,2019-02-13T15:00:00+00:00,4527.637452064957,3762.0
23,2019-02-10T16:00:00+00:00,4304.434619159191,4524.0
23,2019-02-10T17:00:00+00:00,4306.762143672328,4779.0
23,2019-02-10T18:00:00+00:00,4492.9572310707135,5027.0
23,2019-02-10T19:00:00+00:00,4395.778059593428,4988.0
23,2019-02-10T20:00:00+00:00,4258.198664594939,4738.0
23,2019-02-10T21:00:00+00:00,4291.671832539903,4566.0
23,2019-02-10T22:00:00+00:00,4093.7091841048878,4649.0
23,2019-02-10T23:00:00+00:00,3964.778364190637,4458.0
23,2019-02-11T00:00:00+00:00,3987.920762767277,4319.0
23,2019-02-11T01:00:00+00:00,3944.713643558078,4200.0
23,2019-02-11T02:00:00+00:00,3863.1528317450698,4097.0
23,2019-02-11T03:00:00+00:00,3710.5633292430944,3880.0
23,2019-02-11T04:00:00+00:00,3525.537655036815,3823.0
23,2019-02-11T05:00:00+00:00,3380.886923850654,3676.0
23,2019-02-11T06:00:00+00:00,3371.3636434288096,3583.0
23,2019-02-11T07:00:00+00:00,3268.383307449833,3508.0
23,2019-02-11T08:00:00+00:00,3182.454355513082,3521.0
23,2019-02-11T09:00:00+00:00,3296.808041943768,3314.0
23,2019-02-11T10:00:00+00:00,3308.5033304890567,3545.0
23,2019-02-11T11:00:00+00:00,3500.369098652478,3623.0
23,2019-02-11T12:00:00+00:00,3805.8999652712296,3908.0
23,2019-02-11T13:00:00+00:00,3948.927456962768,3903.0
23,2019-02-11T14:00:00+00:00,4079.5123156226387,4145.0
23,2019-02-11T15:00:00+00:00,4178.745122994749,4044.0
23,2019-02-11T16:00:00+00:00,4272.401415337572,4097.0
23,2019-02-11T17:00:00+00:00,4409.226757429133,4524.0
23,2019-02-11T18:00:00+00:00,4311.1343154576825,4527.0
23,2019-02-11T19:00:00+00:00,4319.461349005222,4374.0
23,2019-02-11T20:00:00+00:00,4282.046537860732,4217.0
23,2019-02-11T21:00:00+00:00,4026.9342268798423,4068.0
23,2019-02-11T22:00:00+00:00,3980.7860435716516,3929.0
23,2019-02-11T23:00:00+00:00,3965.3684408277704,3847.0
23,2019-02-12T00:00:00+00:00,3928.426920319315,3506.0
23,2019-02-12T01:00:00+00:00,3917.0503643661605,3412.0
23,2019-02-12T02:00:00+00:00,3767.6677843046714,3315.0
23,2019-02-12T03:00:00+00:00,3659.5394130050236,3206.0
23,2019-02-12T04:00:00+00:00,3575.63632145831,3326.0
23,2019-02-12T05:00:00+00:00,3396.47501300644,3226.0
23,2019-02-12T06:00:00+00:00,3296.2415273945758,3123.0
23,2019-02-12T07:00:00+00:00,3251.695731298412,3096.0
23,2019-02-12T08:00:00+00:00,3230.8010501628505,3062.0
23,2019-02-12T09:00:00+00:00,3306.911848591224,3089.0
23,2019-02-12T10:00:00+00:00,3320.3787219505853,3459.0
23,2019-02-12T11:00:00+00:00,3545.2329498894396,3568.0
23,2019-02-12T12:00:00+00:00,3794.4444614525896,3778.0
23,2019-02-12T13:00:00+00:00,4102.109250211122,3961.0
23,2019-02-12T14:00:00+00:00,4223.16815169021,4256.0
23,2019-02-12T15:00:00+00:00,4212.733947069073,4301.0
23,2019-02-12T16:00:00+00:00,4245.389150356649,4531.0
23,2019-02-12T17:00:00+00:00,4333.5044856037375,4720.0
23,2019-02-12T18:00:00+00:00,4368.706707637417,4774.0
23,2019-02-12T19:00:00+00:00,4486.226735521224,4627.0
23,2019-02-12T20:00:00+00:00,4418.66785143764,4495.0
23,2019-02-12T21:00:00+00:00,4273.151436582888,4179.0
23,2019-02-12T22:00:00+00:00,4088.2267852417367,4201.0
23,2019-02-12T23:00:00+00:00,4089.685585816872,4088.0
23,2019-02-13T00:00:00+00:00,4108.178487163555,4007.0
23,2019-02-13T01:00:00+00:00,4017.5490473913865,3876.0
23,2019-02-13T02:00:00+00:00,3907.3717658330634,3604.0
23,2019-02-13T03:00:00+00:00,3883.8398823076523,3374.0
23,2019-02-13T04:00:00+00:00,3658.572243821613,3319.0
23,2019-02-13T05:00:00+00:00,3559.4444579298342,3316.0
23,2019-02-13T06:00:00+00:00,3483.2816940270045,3243.0
23,2019-02-13T07:00:00+00:00,3316.366062023171,3196.0
23,2019-02-13T08:00:00+00:00,3357.48960529312,3100.0
23,2019-02-13T09:00:00+00:00,3478.8757983836645,3179.0
23,2019-02-13T10:00:00+00:00,3514.2675250362754,3406.0
23,2019-02-13T11:00:00+00:00,3681.103250828831,3459.0
23,2019-02-13T12:00:00+00:00,3890.915415388969,3580.0
23,2019-02-13T13:00:00+00:00,4241.931703107352,3770.0
23,2019-02-13T14:00:00+00:00,4278.034373629417,3868.0
23,2019-02-13T15:00:00+00:00,4338.325427591392,3762.0
23,2019-02-13T16:00:00+00:00,4446.9694550203985,4099.0
23,2019-02-13T17:00:00+00:00,4496.848643732131,4259.0
23,2019-02-13T18:00:00+00:00,4441.123677869729,4007.0
23,2019-02-13T19:00:00+00:00,4581.624705680101,3968.0
23,2019-02-13T20:00:00+00:00,4398.195734703905,4043.0
23,2019-02-13T21:00:00+00:00,4359.549680540469,3921.0
23,2019-02-13T22:00:00+00:00,4132.393704285664,4021.0
23,2019-02-13T23:00:00+00:00,4208.88952639791,3973.0
23,2019-02-14T00:00:00+00:00,4074.3890651069546,3883.0
23,2019-02-14T01:00:00+00:00,3998.3293233768545,3691.0
23,2019-02-14T02:00:00+00:00,4000.064259725953,3475.0
23,2019-02-14T03:00:00+00:00,3671.410045783995,3294.0
23,2019-02-14T04:00:00+00:00,3468.365851398486,3360.0
23,2019-02-14T05:00:00+00:00,3404.309291584428,3469.0
23,2019-02-14T06:00:00+00:00,3326.7794474081193,3327.0
23,2019-02-14T07:00:00+00:00,3248.6706301873105,3295.0
23,2019-02-14T08:00:00+00:00,3181.2472363709894,3151.0
23,2019-02-14T09:00:00+00:00,3183.159301459729,3234.0
23,2019-02-14T10:00:00+00:00,3155.1749433808054,3263.0
23,2019-02-14T11:00:00+00:00,3329.258192278084,3287.0
23,2019-02-14T12:00:00+00:00,3472.15472106007,3581.0
23,2019-02-14T13:00:00+00:00,3677.1668289615563,3729.0
23,2019-02-14T14:00:00+00:00,3785.80318962422,3920.0
23,2019-02-14T15:00:00+00:00,3967.6137458811636,3982.0
24,2019-02-11T16:00:00+00:00,4489.495686066992,4097.0
24,2019-02-11T17:00:00+00:00,4599.555950299369,4524.0
24,2019-02-11T18:00:00+00:00,4641.413057704123,4527.0
24,2019-02-11T19:00:00+00:00,4682.388883536349,4374.0
24,2019-02-11T20:00:00+00:00,4483.372319100467,4217.0
24,2019-02-11T21:00:00+00:00,4447.681671176509,4068.0
24,2019-02-11T22:00:00+00:00,4378.34766631334,3929.0
24,2019-02-11T23:00:00+00:00,4270.331388425047,3847.0
24,2019-02-12T00:00:00+00:00,4255.896585814922,3506.0
24,2019-02-12T01:00:00+00:00,4231.732987179999,3412.0
24,2019-02-12T02:00:00+00:00,4232.788423315571,3315.0
24,2019-02-12T03:00:00+00:00,4015.772142105843,3206.0
24,2019-02-12T04:00:00+00:00,3837.86777025409,3326.0
24,2019-02-12T05:00:00+00:00,3699.339018085374,3226.0
24,2019-02-12T06:00:00+00:00,3582.0827831426463,3123.0
24,2019-02-12T07:00:00+00:00,3442.6797717628147,3096.0
24,2019-02-12T08:00:00+00:00,3417.143722813332,3062.0
24,2019-02-12T09:00:00+00:00,3489.1093782700327,3089.0
24,2019-02-12T10:00:00+00:00,3396.039296134766,3459.0
24,2019-02-12T11:00:00+00:00,3678.7385821546195,3568.0
24,2019-02-12T12:00:00+00:00,3827.2098084135287,3778.0
24,2019-02-12T13:00:00+00:00,4067.2494550431447,3961.0
24,2019-02-12T14:00:00+00:00,4096.1876646036,4256.0
24,2019-02-12T15:00:00+00:00,4229.303811920008,4301.0
24,2019-02-12T16:00:00+00:00,4296.821520180907,4531.0
24,2019-02-12T17:00:00+00:00,4406.181464963569,4720.0
24,2019-02-12T18:00:00+00:00,4531.98715229379,4774.0
24,2019-02-12T19:00:00+00:00,4247.616676443265,4627.0
24,2019-02-12T20:00:00+00:00,4307.851221049869,4495.0
24,2019-02-12T21:00:00+00:00,4248.92762739505,4179.0
24,2019-02-12T22:00:00+00:00,4241.060599828072,4201.0
24,2019-02-12T23:00:00+00:00,4260.523214931478,4088.0
24,2019-02-13T00:00:00+00:00,4350.498269759173,4007.0
24,2019-02-13T01:00:00+00:00,4201.28911723978,3876.0
24,2019-02-13T02:00:00+00:00,4092.5336573275517,3604.0
24,2019-02-13T03:00:00+00:00,4154.87728969934,3374.0
24,2019-02-13T04:00:00+00:00,3955.7655516123077,3319.0
24,2019-02-13T05:00:00+00:00,3777.8647157260657,3316.0
24,2019-02-13T06:00:00+00:00,3578.322696901254,3243.0
24,2019-02-13T07:00:00+00:00,3621.0858872067274,3196.0
24,2019-02-13T08:00:00+00:00,3655.100090921357,3100.0
24,2019-02-13T09:00:00+00:00,3429.3636891569945,3179.0
24,2019-02-13T10:00:00+00:00,3602.816941357908,3406.0
24,2019-02-13T11:00:00+00:00,3739.6202084498273,3459.0
24,2019-02-13T12:00:00+00:00,3934.0296741954835,3580.0
24,2019-02-13T13:00:00+00:00,4174.221929131007,3770.0
24,2019-02-13T14:00:00+00:00,4211.751873956263,3868.0
24,2019-02-13T15:00:00+00:00,4306.048076917446,3762.0
24,2019-02-13T16:00:00+00:00,4228.1743518335425,4099.0
24,2019-02-13T17:00:00+00:00,4422.36257188668,4259.0
24,2019-02-13T18:00:00+00:00,4424.752488015571,4007.0
24,2019-02-13T19:00:00+00:00,4343.541736788201,3968.0
24,2019-02-13T20:00:00+00:00,4265.304963880846,4043.0
24,2019-02-13T21:00:00+00:00,4153.129795715715,3921.0
24,2019-02-13T22:00:00+00:00,4127.229938875427,4021.0
24,2019-02-13T23:00:00+00:00,4021.8337783847464,3973.0
24,2019-02-14T00:00:00+00:00,4005.1154029823283,3883.0
24,2019-02-14T01:00:00+00:00,3948.3684439478848,3691.0
24,2019-02-14T02:00:00+00:00,3846.687096121487,3475.0
24,2019-02-14T03:00:00+00:00,3809.403347025769,3294.0
24,2019-02-14T04:00:00+00:00,3763.737806486694,3360.0
24,2019-02-14T05:00:00+00:00,3440.1335130840644,3469.0
24,2019-02-14T06:00:00+00:00,3331.4322823251478,3327.0
24,2019-02-14T07:00:00+00:00,3355.816564863676,3295.0
24,2019-02-14T08:00:00+00:00,3141.4394688281964,3151.0
24,2019-02-14T09:00:00+00:00,3327.201747438693,3234.0
24,2019-02-14T10:00:00+00:00,3296.7870574755457,3263.0
24,2019-02-14T11:00:00+00:00,3349.90043191325,3287.0
24,2019-02-14T12:00:00+00:00,3575.8076175071774,3581.0
24,2019-02-14T13:00:00+00:00,3723.3930348358467,3729.0
24,2019-02-14T14:00:00+00:00,3953.899222750371,3920.0
24,2019-02-14T15:00:00+00:00,3835.4139423747383,3982.0
24,2019-02-14T16:00:00+00:00,3928.1115915070654,4128.0
24,2019-02-14T17:00:00+00:00,4022.754583459628,4220.0
24,2019-02-14T18:00:00+00:00,4124.608169157484,4355.0
24,2019-02-14T19:00:00+00:00,4072.130409305275,4257.0
24,2019-02-14T20:00:00+00:00,3940.249338390984,4288.0
24,2019-02-14T21:00:00+00:00,3936.5349883763947,4270.0
24,2019-02-14T22:00:00+00:00,3996.581168465096,4181.0
24,2019-02-14T23:00:00+00:00,3946.3582971242095,3951.0
24,2019-02-15T00:00:00+00:00,3961.8628780103923,3868.0
24,2019-02-15T01:00:00+00:00,3772.1720095309975,3837.0
24,2019-02-15T02:00:00+00:00,3728.3516151071967,3615.0
24,2019-02-15T03:00:00+00:00,3630.255521507812,3455.0
24,2019-02-15T04:00:00+00:00,3553.9647027792153,3484.0
24,2019-02-15T05:00:00+00:00,3337.4576997423633,3295.0
24,2019-02-15T06:00:00+00:00,3259.0198394505455,3191.0
24,2019-02-15T07:00:00+00:00,3241.0408427736693,3135.0
24,2019-02-15T08:00:00+00:00,3000.286237136191,2941.0
24,2019-02-15T09:00:00+00:00,2923.6738933940983,2932.0
24,2019-02-15T10:00:00+00:00,2959.0539711883653,3103.0
24,2019-02-15T11:00:00+00:00,3079.521275895614,3154.0
24,2019-02-15T12:00:00+00:00,3156.904129655147,3377.0
24,2019-02-15T13:00:00+00:00,3299.8822169687437,3582.0
24,2019-02-15T14:00:00+00:00,3411.1111673722803,3681.0
24,2019-02-15T15:00:00+00:00,3389.3620383463895,3734.0
25,2019-02-12T16:00:00+00:00,4243.595920146221,4531.0
25,2019-02-12T17:00:00+00:00,4264.235648254482,4720.0
25,2019-02-12T18:00:00+00:00,4292.356355807241,4774.0
25,2019-02-12T19:00:00+00:00,4307.245282137544,4627.0
25,2019-02-12T20:00:00+00:00,4176.939004685728,4495.0
25,2019-02-12T21:00:00+00:00,4079.4482055937387,4179.0
25,2019-02-12T22:00:00+00:00,4015.93896036661,4201.0
25,2019-02-12T23:00:00+00:00,3992.4498388914035,4088.0
25,2019-02-13T00:00:00+00:00,3953.4334006022395,4007.0
25,2019-02-13T01:00:00+00:00,3919.494476601957,3876.0
25,2019-02-13T02:00:00+00:00,3737.5419529820474,3604.0
25,2019-02-13T03:00:00+00:00,3673.935584365776,3374.0
25,2019-02-13T04:00:00+00:00,3488.9472195526037,3319.0
25,2019-02-13T05:00:00+00:00,3327.3980100477843,3316.0
25,2019-02-13T06:00:00+00:00,3251.470222619436,3243.0
25,2019-02-13T07:00:00+00:00,3202.7248891662543,3196.0
25,2019-02-13T08:00:00+00:00,3125.8273549347764,3100.0
25,2019-02-13T09:00:00+00:00,3173.0161034955468,3179.0
25,2019-02-13T10:00:00+00:00,3366.8349308151564,3406.0
25,2019-02-13T11:00:00+00:00,3543.1286703764235,3459.0
25,2019-02-13T12:00:00+00:00,3797.6246163036903,3580.0
25,2019-02-13T13:00:00+00:00,4002.0134028829534,3770.0
25,2019-02-13T14:00:00+00:00,4044.2556331108008,3868.0
25,2019-02-13T15:00:00+00:00,4222.284490776403,3762.0
25,2019-02-13T16:00:00+00:00,4304.172495061647,4099.0
25,2019-02-13T17:00:00+00:00,4370.68195745567,4259.0
25,2019-02-13T18:00:00+00:00,4451.21234926294,4007.0
25,2019-02-13T19:00:00+00:00,4335.236381683424,3968.0
25,2019-02-13T20:00:00+00:00,4426.618816877508,4043.0
25,2019-02-13T21:00:00+00:00,4206.223342309429,3921.0
25,2019-02-13T22:00:00+00:00,4166.376051264284,4021.0
25,2019-02-13T23:00:00+00:00,4273.569407534191,3973.0
25,2019-02-14T00:00:00+00:00,4239.105045668181,3883.0
25,2019-02-14T01:00:00+00:00,4067.1419881287206,3691.0
25,2019-02-14T02:00:00+00:00,4020.532278705263,3475.0
25,2019-02-14T03:00:00+00:00,3883.636746045978,3294.0
25,2019-02-14T04:00:00+00:00,3673.5100127409432,3360.0
25,2019-02-14T05:00:00+00:00,3548.79925200224,3469.0
25,2019-02-14T06:00:00+00:00,3414.411346772332,3327.0
25,2019-02-14T07:00:00+00:00,3194.4254163218607,3295.0
25,2019-02-14T08:00:00+00:00,3233.910023054028,3151.0
25,2019-02-14T09:00:00+00:00,3198.9249489584427,3234.0
25,2019-02-14T10:00:00+00:00,3268.0616006811,3263.0
25,2019-02-14T11:00:00+00:00,3390.276333279161,3287.0
25,2019-02-14T12:00:00+00:00,3661.8472418597976,3581.0
25,2019-02-14T13:00:00+00:00,3833.7992949458444,3729.0
25,2019-02-14T14:00:00+00:00,3817.1345208150115,3920.0
25,2019-02-14T15:00:00+00:00,3875.9107605425797,3982.0
25,2019-02-14T16:00:00+00:00,3905.612606467891,4128.0
25,2019-02-14T17:00:00+00:00,4070.3852946629286,4220.0
25,2019-02-14T18:00:00+00:00,4001.561988968121,4355.0
25,2019-02-14T19:00:00+00:00,4037.754611809086,4257.0
25,2019-02-14T20:00:00+00:00,4013.6674164663373,4288.0
25,2019-02-14T21:00:00+00:00,4032.48146279284,4270.0
25,2019-02-14T22:00:00+00:00,4013.377731665648,4181.0
25,2019-02-14T23:00:00+00:00,4025.8829545915087,3951.0
25,2019-02-15T00:00:00+00:00,4009.687042878219,3868.0
25,2019-02-15T01:00:00+00:00,4028.156481276181,3837.0
25,2019-02-15T02:00:00+00:00,3846.55904129572,3615.0
25,2019-02-15T03:00:00+00:00,3799.7142397353578,3455.0
25,2019-02-15T04:00:00+00:00,3649.5156778008795,3484.0
25,2019-02-15T05:00:00+00:00,3542.839530841444,3295.0
25,2019-02-15T06:00:00+00:00,3349.7011290347473,3191.0
25,2019-02-15T07:00:00+00:00,3234.4440860318905,3135.0
25,2019-02-15T08:00:00+00:00,3157.0474188743788,2941.0
25,2019-02-15T09:00:00+00:00,3167.8742148065126,2932.0
25,2019-02-15T10:00:00+00:00,3192.0907537848875,3103.0
25,2019-02-15T11:00:00+00:00,3243.7092740178023,3154.0
25,2019-02-15T12:00:00+00:00,3326.0557971953085,3377.0
25,2019-02-15T13:00:00+00:00,3508.6693976570377,3582.0
25,2019-02-15T14:00:00+00:00,3520.7334014845183,3681.0
25,2019-02-15T15:00:00+00:00,3451.9810464247876,3734.0
25,2019-02-15T16:00:00+00:00,3608.407269785176,3801.0
25,2019-02-15T17:00:00+00:00,3571.3417591589714,3993.0
25,2019-02-15T18:00:00+00:00,3512.8564104259353,4057.0
25,2019-02-15T19:00:00+00:00,3493.4092114712316,4012.0
25,2019-02-15T20:00:00+00:00,3438.137708400875,3859.0
25,2019-02-15T21:00:00+00:00,3361.4591396598566,3758.0
25,2019-02-15T22:00:00+00:00,3221.2721188054693,3747.0
25,2019-02-15T23:00:00+00:00,3381.483345397864,3571.0
25,2019-02-16T00:00:00+00:00,3211.7144370743026,3428.0
25,2019-02-16T01:00:00+00:00,3301.6131547026375,3091.0
25,2019-02-16T02:00:00+00:00,3143.8975927404126,3381.0
25,2019-02-16T03:00:00+00:00,3172.64472797762,3097.0
25,2019-02-16T04:00:00+00:00,3146.2283558014014,3148.0
25,2019-02-16T05:00:00+00:00,3131.5188714592055,3049.0
25,2019-02-16T06:00:00+00:00,3060.0654022591652,3043.0
25,2019-02-16T07:00:00+00:00,3067.007262625584,3035.0
25,2019-02-16T08:00:00+00:00,3141.459428857813,3205.0
25,2019-02-16T09:00:00+00:00,3193.8375868403796,3305.0
25,2019-02-16T10:00:00+00:00,3366.6650392385714,3520.0
25,2019-02-16T11:00:00+00:00,3672.9647139848203,3859.0
25,2019-02-16T12:00:00+00:00,3840.3055706262166,3994.0
25,2019-02-16T13:00:00+00:00,4114.004568655861,3974.0
25,2019-02-16T14:00:00+00:00,4188.326862509956,4405.0
25,2019-02-16T15:00:00+00:00,4298.480648073152,4696.0
26,2019-02-13T16:00:00+00:00,4144.67745019416,4099.0
26,2019-02-13T17:00:00+00:00,4274.543219045338,4259.0
26,2019-02-13T18:00:00+00:00,4371.440504673903,4007.0
26,2019-02-13T19:00:00+00:00,4466.003656508,3968.0
26,2019-02-13T20:00:00+00:00,4331.455608391469,4043.0
26,2019-02-13T21:00:00+00:00,4166.362568330371,3921.0
26,2019-02-13T22:00:00+00:00,4173.877519480906,4021.0
26,2019-02-13T23:00:00+00:00,4112.4939513150985,3973.0
26,2019-02-14T00:00:00+00:00,4151.050251438075,3883.0
26,2019-02-14T01:00:00+00:00,4087.9601668328887,3691.0
26,2019-02-14T02:00:00+00:00,3946.6457347692467,3475.0
26,2019-02-14T03:00:00+00:00,3745.0306322392958,3294.0
26,2019-02-14T04:00:00+00:00,3456.4305798481087,3360.0
26,2019-02-14T05:00:00+00:00,3366.3257848279077,3469.0
26,2019-02-14T06:00:00+00:00,3253.3882030149657,3327.0
26,2019-02-14T07:00:00+00:00,3044.6196439768187,3295.0
26,2019-02-14T08:00:00+00:00,3084.6332906330376,3151.0
26,2019-02-14T09:00:00+00:00,2865.646055637921,3234.0
26,2019-02-14T10:00:00+00:00,2970.0376714592708,3263.0
26,2019-02-14T11:00:00+00:00,3040.6859319148894,3287.0
26,2019-02-14T12:00:00+00:00,3225.350177571643,3581.0
26,2019-02-14T13:00:00+00:00,3381.1232387046043,3729.0
26,2019-02-14T14:00:00+00:00,3475.843790573573,3920.0
26,2019-02-14T15:00:00+00:00,3545.4126562488,3982.0
26,2019-02-14T16:00:00+00:00,3507.0634579562957,4128.0
26,2019-02-14T17:00:00+00:00,3637.1300002510725,4220.0
26,2019-02-14T18:00:00+00:00,3647.5835535433034,4355.0
26,2019-02-14T19:00:00+00:00,3619.720294021547,4257.0
26,2019-02-14T20:00:00+00:00,3607.4960977378328,4288.0
26,2019-02-14T21:00:00+00:00,3369.315625423114,4270.0
26,2019-02-14T22:00:00+00:00,3523.6087693270906,4181.0
26,2019-02-14T23:00:00+00:00,3529.925656050955,3951.0
26,2019-02-15T00:00:00+00:00,3612.159028332093,3868.0
26,2019-02-15T01:00:00+00:00,3509.604396163575,3837.0
26,2019-02-15T02:00:00+00:00,3444.490913125647,3615.0
26,2019-02-15T03:00:00+00:00,3183.1949915789105,3455.0
26,2019-02-15T04:00:00+00:00,3110.59335802624,3484.0
26,2019-02-15T05:00:00+00:00,3035.975761482324,3295.0
26,2019-02-15T06:00:00+00:00,2859.49671419577,3191.0
26,2019-02-15T07:00:00+00:00,2781.180596866049,3135.0
26,2019-02-15T08:00:00+00:00,2707.2498368379365,2941.0
26,2019-02-15T09:00:00+00:00,2752.0037922495853,2932.0
26,2019-02-15T10:00:00+00:00,2798.54331110532,3103.0
26,2019-02-15T11:00:00+00:00,2983.571893395384,3154.0
26,2019-02-15T12:00:00+00:00,3109.875854445066,3377.0
26,2019-02-15T13:00:00+00:00,3313.9354327212873,3582.0
26,2019-02-15T14:00:00+00:00,3241.311856354602,3681.0
26,2019-02-15T15:00:00+00:00,3253.866120147931,3734.0
26,2019-02-15T16:00:00+00:00,3214.2162483361094,3801.0
26,2019-02-15T17:00:00+00:00,3370.064490044198,3993.0
26,2019-02-15T18:00:00+00:00,3461.435590320801,4057.0
26,2019-02-15T19:00:00+00:00,3277.8378513458465,4012.0
26,2019-02-15T20:00:00+00:00,3175.9255091369682,3859.0
26,2019-02-15T21:00:00+00:00,3171.72775628591,3758.0
26,2019-02-15T22:00:00+00:00,3086.318987836228,3747.0
26,2019-02-15T23:00:00+00:00,2960.3975058971073,3571.0
26,2019-02-16T00:00:00+00:00,3089.4833795513573,3428.0
26,2019-02-16T01:00:00+00:00,3159.2804967573115,3091.0
26,2019-02-16T02:00:00+00:00,3022.6870743476165,3381.0
26,2019-02-16T03:00:00+00:00,2858.3055895144958,3097.0
26,2019-02-16T04:00:00+00:00,2906.7237304954406,3148.0
26,2019-02-16T05:00:00+00:00,2811.749877919503,3049.0
26,2019-02-16T06:00:00+00:00,2653.7991246811534,3043.0
26,2019-02-16T07:00:00+00:00,2675.1970695435803,3035.0
26,2019-02-16T08:00:00+00:00,2787.720480741984,3205.0
26,2019-02-16T09:00:00+00:00,2883.926072032968,3305.0
26,2019-02-16T10:00:00+00:00,3049.182493528541,3520.0
26,2019-02-16T11:00:00+00:00,3329.9842218321737,3859.0
26,2019-02-16T12:00:00+00:00,3597.7293644382016,3994.0
26,2019-02-16T13:00:00+00:00,3978.4335359750876,3974.0
26,2019-02-16T14:00:00+00:00,3979.3179239098413,4405.0
26,2019-02-16T15:00:00+00:00,4065.784772207626,4696.0
26,2019-02-16T16:00:00+00:00,4118.320297178658,4490.0
26,2019-02-16T17:00:00+00:00,4246.412795849024,4644.0
26,2019-02-16T18:00:00+00:00,4300.927470114293,4683.0
26,2019-02-16T19:00:00+00:00,4313.3857010499,4681.0
26,2019-02-16T20:00:00+00:00,4158.300236500094,4583.0
26,2019-02-16T21:00:00+00:00,3982.617805892233,4284.0
26,2019-02-16T22:00:00+00:00,3801.704327390197,4128.0
26,2019-02-16T23:00:00+00:00,3913.9630038249315,4089.0
26,2019-02-17T00:00:00+00:00,3899.406953948809,3884.0
26,2019-02-17T01:00:00+00:00,3920.1963161863787,3786.0
26,2019-02-17T02:00:00+00:00,3742.742565135698,3414.0
26,2019-02-17T03:00:00+00:00,3517.959221739107,3341.0
26,2019-02-17T04:00:00+00:00,3400.8127504360655,3480.0
26,2019-02-17T05:00:00+00:00,3210.341953713336,3306.0
26,2019-02-17T06:00:00+00:00,3263.1986236641874,3185.0
26,2019-02-17T07:00:00+00:00,3012.341764560366,3156.0
26,2019-02-17T08:00:00+00:00,3075.9222578402314,3250.0
26,2019-02-17T09:00:00+00:00,3143.4521932715907,3287.0
26,2019-02-17T10:00:00+00:00,3277.5085108571775,3402.0
26,2019-02-17T11:00:00+00:00,3472.876487627702,3664.0
26,2019-02-17T12:00:00+00:00,3722.4611261683312,3881.0
26,2019-02-17T13:00:00+00:00,3923.733008718821,4225.0
26,2019-02-17T14:00:00+00:00,4065.886687325733,4366.0
26,2019-02-17T15:00:00+00:00,4236.166757467348,4450.0
27,2019-02-14T16:00:00+00:00,3734.5747822218027,4128.0
27,2019-02-14T17:00:00+00:00,3734.8039920983238,4220.0
27,2019-02-14T18:00:00+00:00,3922.45160125458,4355.0
27,2019-02-14T19:00:00+00:00,3881.1842730692993,4257.0
27,2019-02-14T20:00:00+00:00,3849.138478566746,4288.0
27,2019-02-14T21:00:00+00:00,3828.6972271768223,4270.0
27,2019-02-14T22:00:00+00:00,3788.661175056895,4181.0
27,2019-02-14T23:00:00+00:00,3748.150940047954,3951.0
27,2019-02-15T00:00:00+00:00,3633.896822440503,3868.0
27,2019-02-15T01:00:00+00:00,3594.1145997700505,3837.0
27,2019-02-15T02:00:00+00:00,3432.318269236306,3615.0
27,2019-02-15T03:00:00+00:00,3316.276076657864,3455.0
27,2019-02-15T04:00:00+00:00,3295.2422701503083,3484.0
27,2019-02-15T05:00:00+00:00,3046.716438478729,3295.0
27,2019-02-15T06:00:00+00:00,2957.224257744996,3191.0
27,2019-02-15T07:00:00+00:00,2748.752818949035,3135.0
27,2019-02-15T08:00:00+00:00,2716.1748781602046,2941.0
27,2019-02-15T09:00:00+00:00,2852.4395879629574,2932.0
27,2019-02-15T10:00:00+00:00,2870.1497521217407,3103.0
27,2019-02-15T11:00:00+00:00,3027.666044251869,3154.0
27,2019-02-15T12:00:00+00:00,3191.415483511412,3377.0
27,2019-02-15T13:00:00+00:00,3308.5199528316016,3582.0
27,2019-02-15T14:00:00+00:00,3414.724626707369,3681.0
27,2019-02-15T15:00:00+00:00,3498.9887998163385,3734.0
27,2019-02-15T16:00:00+00:00,3602.4267789578007,3801.0
27,2019-02-15T17:00:00+00:00,3661.555243810643,3993.0
27,2019-02-15T18:00:00+00:00,3741.87893034432,4057.0
27,2019-02-15T19:00:00+00:00,3598.673219381721,4012.0
27,2019-02-15T20:00:00+00:00,3631.0820947541324,3859.0
27,2019-02-15T21:00:00+00:00,3562.3230147506483,3758.0
27,2019-02-15T22:00:00+00:00,3562.2656296655014,3747.0
27,2019-02-15T23:00:00+00:00,3635.9419819320233,3571.0
27,2019-02-16T00:00:00+00:00,3508.3787710337588,3428.0
27,2019-02-16T01:00:00+00:00,3501.671176644078,3091.0
27,2019-02-16T02:00:00+00:00,3449.632273072175,3381.0
27,2019-02-16T03:00:00+00:00,3244.2284661126723,3097.0
27,2019-02-16T04:00:00+00:00,3120.845543039552,3148.0
27,2019-02-16T05:00:00+00:00,3122.2459836605444,3049.0
27,2019-02-16T06:00:00+00:00,2963.6634822662763,3043.0
27,2019-02-16T07:00:00+00:00,2986.4145452953735,3035.0
27,2019-02-16T08:00:00+00:00,2956.0080177946684,3205.0
27,2019-02-16T09:00:00+00:00,2973.7555904857786,3305.0
27,2019-02-16T10:00:00+00:00,3115.603589831183,3520.0
27,2019-02-16T11:00:00+00:00,3341.7629195078457,3859.0
27,2019-02-16T12:00:00+00:00,3645.8739307416986,3994.0
27,2019-02-16T13:00:00+00:00,3809.921514682033,3974.0
27,2019-02-16T14:00:00+00:00,4036.2205315196034,4405.0
27,2019-02-16T15:00:00+00:00,4189.106625521258,4696.0
27,2019-02-16T16:00:00+00:00,4029.5142259397817,4490.0
27,2019-02-16T17:00:00+00:00,4314.019861593503,4644.0
27,2019-02-16T18:00:00+00:00,4385.94886858523,4683.0
27,2019-02-16T19:00:00+00:00,4383.408657398897,4681.0
27,2019-02-16T20:00:00+00:00,4299.578647980488,4583.0
27,2019-02-16T21:00:00+00:00,4179.758722379503,4284.0
27,2019-02-16T22:00:00+00:00,4098.002242792723,4128.0
27,2019-02-16T23:00:00+00:00,4095.162036326826,4089.0
27,2019-02-17T00:00:00+00:00,4063.291288640295,3884.0
27,2019-02-17T01:00:00+00:00,3951.616244793397,3786.0
27,2019-02-17T02:00:00+00:00,3838.203026049549,3414.0
27,2019-02-17T03:00:00+00:00,3760.096720355646,3341.0
27,2019-02-17T04:00:00+00:00,3591.104501727568,3480.0
27,2019-02-17T05:00:00+00:00,3555.277306051333,3306.0
27,2019-02-17T06:00:00+00:00,3432.209480465616,3185.0
27,2019-02-17T07:00:00+00:00,3342.3648267585595,3156.0
27,2019-02-17T08:00:00+00:00,3319.462741651075,3250.0
27,2019-02-17T09:00:00+00:00,3424.3935756897245,3287.0
27,2019-02-17T10:00:00+00:00,3416.9710222921817,3402.0
27,2019-02-17T11:00:00+00:00,3647.559198341603,3664.0
27,2019-02-17T12:00:00+00:00,3868.0404283349367,3881.0
27,2019-02-17T13:00:00+00:00,4153.499386727683,4225.0
27,2019-02-17T14:00:00+00:00,4181.405226544407,4366.0
27,2019-02-17T15:00:00+00:00,4235.481308900625,4450.0
27,2019-02-17T16:00:00+00:00,4438.3916653392025,4736.0
27,2019-02-17T17:00:00+00:00,4458.522610970688,4815.0
27,2019-02-17T18:00:00+00:00,4462.6957112023865,4960.0
27,2019-02-17T19:00:00+00:00,4522.641496307687,4877.0
27,2019-02-17T20:00:00+00:00,4313.989921549079,4475.0
27,2019-02-17T21:00:00+00:00,4361.702852212124,4293.0
27,2019-02-17T22:00:00+00:00,4178.130790295136,4296.0
27,2019-02-17T23:00:00+00:00,4214.74614276996,4166.0
27,2019-02-18T00:00:00+00:00,4120.836913230643,3871.0
27,2019-02-18T01:00:00+00:00,4033.461685306877,3770.0
27,2019-02-18T02:00:00+00:00,3827.8966779757384,3606.0
27,2019-02-18T03:00:00+00:00,3716.8648824342727,3496.0
27,2019-02-18T04:00:00+00:00,3576.6304069399366,3453.0
27,2019-02-18T05:00:00+00:00,3446.6883669822114,3226.0
27,2019-02-18T06:00:00+00:00,3339.783902399234,3214.0
27,2019-02-18T07:00:00+00:00,3364.029786586714,3226.0
27,2019-02-18T08:00:00+00:00,3260.586239125732,3236.0
27,2019-02-18T09:00:00+00:00,3340.105245657494,3269.0
27,2019-02-18T10:00:00+00:00,3331.2580616692917,3430.0
27,2019-02-18T11:00:00+00:00,3630.1912958164885,3635.0
27,2019-02-18T12:00:00+00:00,3822.11481257553,3872.0
27,2019-02-18T13:00:00+00:00,3979.493466421963,4092.0
27,2019-02-18T14:00:00+00:00,4104.144049654158,4345.0
27,2019-02-18T15:00:00+00:00,4239.651038398844,4583.0
28,2019-02-15T16:00:00+00:00,3955.8087102193917,3801.0
28,2019-02-15T17:00:00+00:00,4068.197622542732,3993.0
28,2019-02-15T18:00:00+00:00,4040.6328216426305,4057.0
28,2019-02-15T19:00:00+00:00,4073.3486320400016,4012.0
28,2019-02-15T20:00:00+00:00,3909.463900791636,3859.0
28,2019-02-15T21:00:00+00:00,3786.4307078400875,3758.0
28,2019-02-15T22:00:00+00:00,3797.497354591683,3747.0
28,2019-02-15T23:00:00+00:00,3834.3957164930544,3571.0
28,2019-02-16T00:00:00+00:00,3748.654137682006,3428.0
28,2019-02-16T01:00:00+00:00,3750.4857017241475,3091.0
28,2019-02-16T02:00:00+00:00,3593.111575235425,3381.0
28,2019-02-16T03:00:00+00:00,3412.350705039296,3097.0
28,2019-02-16T04:00:00+00:00,3364.484637327838,3148.0
28,2019-02-16T05:00:00+00:00,3342.57599329705,3049.0
28,2019-02-16T06:00:00+00:00,3367.304189789579,3043.0
28,2019-02-16T07:00:00+00:00,3299.76133321322,3035.0
28,2019-02-16T08:00:00+00:00,3251.5960963823636,3205.0
28,2019-02-16T09:00:00+00:00,3247.2581276278916,3305.0
28,2019-02-16T10:00:00+00:00,3453.6723119474987,3520.0
28,2019-02-16T11:00:00+00:00,3535.097352598787,3859.0
28,2019-02-16T12:00:00+00:00,3807.7096525921693,3994.0
28,2019-02-16T13:00:00+00:00,3987.2811165201692,3974.0
28,2019-02-16T14:00:00+00:00,4261.255787674084,4405.0
28,2019-02-16T15:00:00+00:00,4307.392536925574,4696.0
28,2019-02-16T16:00:00+00:00,4381.284434379467,4490.0
28,2019-02-16T17:00:00+00:00,4415.475105905605,4644.0
28,2019-02-16T18:00:00+00:00,4451.555106592709,4683.0
28,2019-02-16T19:00:00+00:00,4417.735083563552,4681.0
28,2019-02-16T20:00:00+00:00,4394.330362610927,4583.0
28,2019-02-16T21:00:00+00:00,4190.325310905679,4284.0
28,2019-02-16T22:00:00+00:00,4159.009742850859,4128.0
28,2019-02-16T23:00:00+00:00,4167.564730511466,4089.0
28,2019-02-17T00:00:00+00:00,4072.2326548874485,3884.0
28,2019-02-17T01:00:00+00:00,4011.3005006364738,3786.0
28,2019-02-17T02:00:00+00:00,3878.2230176158446,3414.0
28,2019-02-17T03:00:00+00:00,3673.2398914129903,3341.0
28,2019-02-17T04:00:00+00:00,3561.5760502979465,3480.0
28,2019-02-17T05:00:00+00:00,3505.367318088604,3306.0
28,2019-02-17T06:00:00+00:00,3397.927799135565,3185.0
28,2019-02-17T07:00:00+00:00,3340.165357071189,3156.0
28,2019-02-17T08:00:00+00:00,3254.674005651291,3250.0
28,2019-02-17T09:00:00+00:00,3289.551447600419,3287.0
28,2019-02-17T10:00:00+00:00,3349.530675669249,3402.0
28,2019-02-17T11:00:00+00:00,3620.527832537637,3664.0
28,2019-02-17T12:00:00+00:00,3822.296402580069,3881.0
28,2019-02-17T13:00:00+00:00,3994.1526541332387,4225.0
28,2019-02-17T14:00:00+00:00,4112.279678414383,4366.0
28,2019-02-17T15:00:00+00:00,4152.1460702825725,4450.0
28,2019-02-17T16:00:00+00:00,4246.489199141198,4736.0
28,2019-02-17T17:00:00+00:00,4359.081677329499,4815.0
28,2019-02-17T18:00:00+00:00,4381.590047548161,4960.0
28,2019-02-17T19:00:00+00:00,4387.4996703564775,4877.0
28,2019-02-17T20:00:00+00:00,4247.8283056314485,4475.0
28,2019-02-17T21:00:00+00:00,4166.94253276707,4293.0
28,2019-02-17T22:00:00+00:00,4019.900431410125,4296.0
28,2019-02-17T23:00:00+00:00,3981.5873528400884,4166.0
28,2019-02-18T00:00:00+00:00,3939.7783610034157,3871.0
28,2019-02-18T01:00:00+00:00,3913.0407116617507,3770.0
28,2019-02-18T02:00:00+00:00,3809.2033171263197,3606.0
28,2019-02-18T03:00:00+00:00,3681.6662294125117,3496.0
28,2019-02-18T04:00:00+00:00,3591.5382358148427,3453.0
28,2019-02-18T05:00:00+00:00,3569.245394260348,3226.0
28,2019-02-18T06:00:00+00:00,3414.981165962189,3214.0
28,2019-02-18T07:00:00+00:00,3294.665709493495,3226.0
28,2019-02-18T08:00:00+00:00,3330.9443851773744,3236.0
28,2019-02-18T09:00:00+00:00,3441.898224245554,3269.0
28,2019-02-18T10:00:00+00:00,3445.5239107511034,3430.0
28,2019-02-18T11:00:00+00:00,3602.5131126951724,3635.0
28,2019-02-18T12:00:00+00:00,3969.064879689956,3872.0
28,2019-02-18T13:00:00+00:00,4096.570011528534,4092.0
28,2019-02-18T14:00:00+00:00,4203.857616150206,4345.0
28,2019-02-18T15:00:00+00:00,4363.117106231095,4583.0
28,2019-02-18T16:00:00+00:00,4355.345516686521,4583.0
28,2019-02-18T17:00:00+00:00,4420.403514807685,4769.0
28,2019-02-18T18:00:00+00:00,4443.800040251459,4562.0
28,2019-02-18T19:00:00+00:00,4419.694338920986,4777.0
28,2019-02-18T20:00:00+00:00,4265.298420692329,4728.0
28,2019-02-18T21:00:00+00:00,4150.635452941811,4525.0
28,2019-02-18T22:00:00+00:00,4060.127029110793,4233.0
28,2019-02-18T23:00:00+00:00,4225.360582492965,4073.0
28,2019-02-19T00:00:00+00:00,4053.4879399220963,3804.0
28,2019-02-19T01:00:00+00:00,3969.0209279691126,3488.0
28,2019-02-19T02:00:00+00:00,3863.349391771821,3416.0
28,2019-02-19T03:00:00+00:00,3677.7541957933445,3357.0
28,2019-02-19T04:00:00+00:00,3683.6118366040005,3407.0
28,2019-02-19T05:00:00+00:00,3512.6151551341904,3231.0
28,2019-02-19T06:00:00+00:00,3450.7284223807387,2933.0
28,2019-02-19T07:00:00+00:00,3462.9404575868057,3018.0
28,2019-02-19T08:00:00+00:00,3408.051202302164,3071.0
28,2019-02-19T09:00:00+00:00,3464.697287180309,3158.0
28,2019-02-19T10:00:00+00:00,3535.7412453091492,3327.0
28,2019-02-19T11:00:00+00:00,3717.8625864974274,3572.0
28,2019-02-19T12:00:00+00:00,3958.7538059799945,4014.0
28,2019-02-19T13:00:00+00:00,4109.63689118181,4212.0
28,2019-02-19T14:00:00+00:00,4316.65709702976,4400.0
28,2019-02-19T15:00:00+00:00,4406.374720349655,4463.0
29,2019-02-16T16:00:00+00:00,4474.227849638046,4490.0
29,2019-02-16T17:00:00+00:00,4440.656798236586,4644.0
29,2019-02-16T18:00:00+00:00,4530.893051862438,4683.0
29,2019-02-16T19:00:00+00:00,4517.800858661669,4681.0
29,2019-02-16T20:00:00+00:00,4502.234414902238,4583.0
29,2019-02-16T21:00:00+00:00,4276.506572157198,4284.0
29,2019-02-16T22:00:00+00:00,4255.512983126535,4128.0
29,2019-02-16T23:00:00+00:00,4214.812103397633,4089.0
29,2019-02-17T00:00:00+00:00,4055.7832772351567,3884.0
29,2019-02-17T01:00:00+00:00,4040.651988558487,3786.0
29,2019-02-17T02:00:00+00:00,3804.933556155172,3414.0
29,2019-02-17T03:00:00+00:00,3637.2105343440776,3341.0
29,2019-02-17T04:00:00+00:00,3621.2007399930376,3480.0
29,2019-02-17T05:00:00+00:00,3556.699392068681,3306.0
29,2019-02-17T06:00:00+00:00,3393.316734876541,3185.0
29,2019-02-17T07:00:00+00:00,3418.3944962586083,3156.0
29,2019-02-17T08:00:00+00:00,3348.14391626061,3250.0
29,2019-02-17T09:00:00+00:00,3358.4497025455075,3287.0
29,2019-02-17T10:00:00+00:00,3566.0667925903595,3402.0
29,2019-02-17T11:00:00+00:00,3732.607661819585,3664.0
29,2019-02-17T12:00:00+00:00,3937.5583034047027,3881.0
29,2019-02-17T13:00:00+00:00,4168.291619272129,4225.0
29,2019-02-17T14:00:00+00:00,4298.177744709803,4366.0
29,2019-02-17T15:00:00+00:00,4412.911563956178,4450.0
29,2019-02-17T16:00:00+00:00,4560.339647342789,4736.0
29,2019-02-17T17:00:00+00:00,4571.360227403515,4815.0
29,2019-02-17T18:00:00+00:00,4651.2230817964655,4960.0
29,2019-02-17T19:00:00+00:00,4598.16218505252,4877.0
29,2019-02-17T20:00:00+00:00,4577.142555453417,4475.0
29,2019-02-17T21:00:00+00:00,4377.411527705774,4293.0
29,2019-02-17T22:00:00+00:00,4358.89298234753,4296.0
29,2019-02-17T23:00:00+00:00,4378.421690264235,4166.0
29,2019-02-18T00:00:00+00:00,4120.81761412916,3871.0
29,2019-02-18T01:00:00+00:00,4081.7143959761343,3770.0
29,2019-02-18T02:00:00+00:00,3936.4328749798474,3606.0
29,2019-02-18T03:00:00+00:00,3779.9161705580527,3496.0
29,2019-02-18T04:00:00+00:00,3662.8536371279015,3453.0
29,2019-02-18T05:00:00+00:00,3590.8973338042824,3226.0
29,2019-02-18T06:00:00+00:00,3456.2126883658652,3214.0
29,2019-02-18T07:00:00+00:00,3343.4767061566886,3226.0
29,2019-02-18T08:00:00+00:00,3200.3952496830916,3236.0
29,2019-02-18T09:00:00+00:00,3250.6314387258585,3269.0
29,2019-02-18T10:00:00+00:00,3439.8739666062393,3430.0
29,2019-02-18T11:00:00+00:00,3586.244168423187,3635.0
29,2019-02-18T12:00:00+00:00,3880.737849161871,3872.0
29,2019-02-18T13:00:00+00:00,4018.7934428801796,4092.0
29,2019-02-18T14:00:00+00:00,4287.302436652708,4345.0
29,2019-02-18T15:00:00+00:00,4190.525506037161,4583.0
29,2019-02-18T16:00:00+00:00,4256.3407295202915,4583.0
29,2019-02-18T17:00:00+00:00,4479.704035776747,4769.0
29,2019-02-18T18:00:00+00:00,4504.453943758445,4562.0
29,2019-02-18T19:00:00+00:00,4512.120577915501,4777.0
29,2019-02-18T20:00:00+00:00,4417.209579605011,4728.0
29,2019-02-18T21:00:00+00:00,4318.944371019597,4525.0
29,2019-02-18T22:00:00+00:00,4120.807964578418,4233.0
29,2019-02-18T23:00:00+00:00,4061.522777142041,4073.0
29,2019-02-19T00:00:00+00:00,4107.415710005272,3804.0
29,2019-02-19T01:00:00+00:00,4007.901875991013,3488.0
29,2019-02-19T02:00:00+00:00,3822.5383683695563,3416.0
29,2019-02-19T03:00:00+00:00,3712.9724453342487,3357.0
29,2019-02-19T04:00:00+00:00,3576.2216228896823,3407.0
29,2019-02-19T05:00:00+00:00,3544.999427456851,3231.0
29,2019-02-19T06:00:00+00:00,3381.6000322597433,2933.0
29,2019-02-19T07:00:00+00:00,3380.418358850771,3018.0
29,2019-02-19T08:00:00+00:00,3471.8269172293108,3071.0
29,2019-02-19T09:00:00+00:00,3466.671991732853,3158.0
29,2019-02-19T10:00:00+00:00,3595.828683836553,3327.0
29,2019-02-19T11:00:00+00:00,3745.028682501303,3572.0
29,2019-02-19T12:00:00+00:00,4022.0836092190166,4014.0
29,2019-02-19T13:00:00+00:00,4158.87934173022,4212.0
29,2019-02-19T14:00:00+00:00,4327.839406204628,4400.0
29,2019-02-19T15:00:00+00:00,4444.296397279335,4463.0
29,2019-02-19T16:00:00+00:00,4551.653994190289,4464.0
29,2019-02-19T17:00:00+00:00,4654.060314085764,4526.0
29,2019-02-19T18:00:00+00:00,4649.724493347724,4563.0
29,2019-02-19T19:00:00+00:00,4651.027314883474,4770.0
29,2019-02-19T20:00:00+00:00,4460.034814538969,4606.0
29,2019-02-19T21:00:00+00:00,4390.79214994378,4330.0
29,2019-02-19T22:00:00+00:00,4277.1470115180655,4120.0
29,2019-02-19T23:00:00+00:00,4326.413255479262,3960.0
29,2019-02-20T00:00:00+00:00,4216.7072487261685,3821.0
29,2019-02-20T01:00:00+00:00,4223.8988077412305,3610.0
29,2019-02-20T02:00:00+00:00,4049.67749095697,3490.0
29,2019-02-20T03:00:00+00:00,3916.588904343707,3355.0
29,2019-02-20T04:00:00+00:00,3761.004339914274,3403.0
29,2019-02-20T05:00:00+00:00,3690.7168801264547,3304.0
29,2019-02-20T06:00:00+00:00,3502.6953674021624,3260.0
29,2019-02-20T07:00:00+00:00,3498.5185990193263,3224.0
29,2019-02-20T08:00:00+00:00,3530.6435066193985,3261.0
29,2019-02-20T09:00:00+00:00,3552.58308208681,3361.0
29,2019-02-20T10:00:00+00:00,3541.908332671671,3555.0
29,2019-02-20T11:00:00+00:00,3830.1722865840293,3668.0
29,2019-02-20T12:00:00+00:00,3929.4552584014336,3918.0
29,2019-02-20T13:00:00+00:00,4082.7921053897876,3943.0
29,2019-02-20T14:00:00+00:00,4265.812490594169,4235.0
29,2019-02-20T15:00:00+00:00,4303.338668129067,4389.0
30,2019-02-17T16:00:00+00:00,4351.500897736918,4736.0
30,2019-02-17T17:00:00+00:00,4425.306477976643,4815.0
30,2019-02-17T18:00:00+00:00,4600.585940701821,4960.0
30,2019-02-17T19:00:00+00:00,4622.727694085113,4877.0
30,2019-02-17T20:00:00+00:00,4383.702506046824,4475.0
30,2019-02-17T21:00:00+00:00,4293.823946726545,4293.0
30,2019-02-17T22:00:00+00:00,4244.661865039107,4296.0
30,2019-02-17T23:00:00+00:00,4184.166187727159,4166.0
30,2019-02-18T00:00:00+00:00,4230.018076953331,3871.0
30,2019-02-18T01:00:00+00:00,4081.195963948617,3770.0
30,2019-02-18T02:00:00+00:00,3914.521554190121,3606.0
30,2019-02-18T03:00:00+00:00,3671.698342635605,3496.0
30,2019-02-18T04:00:00+00:00,3577.695806567113,3453.0
30,2019-02-18T05:00:00+00:00,3600.9295949813422,3226.0
30,2019-02-18T06:00:00+00:00,3585.7626492318973,3214.0
30,2019-02-18T07:00:00+00:00,3535.260618370839,3226.0
30,2019-02-18T08:00:00+00:00,3374.6731088691295,3236.0
30,2019-02-18T09:00:00+00:00,3519.8291526593684,3269.0
30,2019-02-18T10:00:00+00:00,3523.97518788402,3430.0
30,2019-02-18T11:00:00+00:00,3687.681071979599,3635.0
30,2019-02-18T12:00:00+00:00,3953.652432185512,3872.0
30,2019-02-18T13:00:00+00:00,4135.551486719463,4092.0
30,2019-02-18T14:00:00+00:00,4217.038968556116,4345.0
30,2019-02-18T15:00:00+00:00,4271.402224186118,4583.0
30,2019-02-18T16:00:00+00:00,4362.91565533616,4583.0
30,2019-02-18T17:00:00+00:00,4402.527061130641,4769.0
30,2019-02-18T18:00:00+00:00,4536.723627666049,4562.0
30,2019-02-18T19:00:00+00:00,4432.930812733188,4777.0
30,2019-02-18T20:00:00+00:00,4324.378654314667,4728.0
30,2019-02-18T21:00:00+00:00,4260.6337221153135,4525.0
30,2019-02-18T22:00:00+00:00,4139.717382834511,4233.0
30,2019-02-18T23:00:00+00:00,4197.811577775241,4073.0
30,2019-02-19T00:00:00+00:00,4276.1400214146415,3804.0
30,2019-02-19T01:00:00+00:00,4000.979909561397,3488.0
30,2019-02-19T02:00:00+00:00,3917.9805546205303,3416.0
30,2019-02-19T03:00:00+00:00,3790.9753488217457,3357.0
30,2019-02-19T04:00:00+00:00,3616.2925554918284,3407.0
30,2019-02-19T05:00:00+00:00,3532.865480909697,3231.0
30,2019-02-19T06:00:00+00:00,3517.6474619387755,2933.0
30,2019-02-19T07:00:00+00:00,3377.0382071466274,3018.0
30,2019-02-19T08:00:00+00:00,3454.3932523549643,3071.0
30,2019-02-19T09:00:00+00:00,3411.4301973820743,3158.0
30,2019-02-19T10:00:00+00:00,3474.3995138941605,3327.0
30,2019-02-19T11:00:00+00:00,3594.413207100535,3572.0
30,2019-02-19T12:00:00+00:00,3888.3526004604873,4014.0
30,2019-02-19T13:00:00+00:00,4111.160594899605,4212.0
30,2019-02-19T14:00:00+00:00,4213.454557012472,4400.0
30,2019-02-19T15:00:00+00:00,4170.501762948847,4463.0
30,2019-02-19T16:00:00+00:00,4353.7528120716415,4464.0
30,2019-02-19T17:00:00+00:00,4505.187970542944,4526.0
30,2019-02-19T18:00:00+00:00,4558.610394975634,4563.0
30,2019-02-19T19:00:00+00:00,4519.610083332916,4770.0
30,2019-02-19T20:00:00+00:00,4380.224041282898,4606.0
30,2019-02-19T21:00:00+00:00,4244.388108606423,4330.0
30,2019-02-19T22:00:00+00:00,4257.814400978419,4120.0
30,2019-02-19T23:00:00+00:00,4240.9515466861285,3960.0
30,2019-02-20T00:00:00+00:00,4274.558023835518,3821.0
30,2019-02-20T01:00:00+00:00,4059.9856565831465,3610.0
30,2019-02-20T02:00:00+00:00,3926.860851108195,3490.0
30,2019-02-20T03:00:00+00:00,3968.2069288805224,3355.0
30,2019-02-20T04:00:00+00:00,3740.3005348235206,3403.0
30,2019-02-20T05:00:00+00:00,3719.7486110177274,3304.0
30,2019-02-20T06:00:00+00:00,3572.391544359006,3260.0
30,2019-02-20T07:00:00+00:00,3565.1921202991607,3224.0
30,2019-02-20T08:00:00+00:00,3454.7985830557236,3261.0
30,2019-02-20T09:00:00+00:00,3499.578331187762,3361.0
30,2019-02-20T10:00:00+00:00,3624.186284555379,3555.0
30,2019-02-20T11:00:00+00:00,3752.2860038655986,3668.0
30,2019-02-20T12:00:00+00:00,4003.684295295965,3918.0
30,2019-02-20T13:00:00+00:00,4146.675369847376,3943.0
30,2019-02-20T14:00:00+00:00,4319.444032688138,4235.0
30,2019-02-20T15:00:00+00:00,4283.75140197978,4389.0
30,2019-02-20T16:00:00+00:00,4336.047737059483,4448.0
30,2019-02-20T17:00:00+00:00,4443.961703272788,4532.0
30,2019-02-20T18:00:00+00:00,4567.337818786138,4520.0
30,2019-02-20T19:00:00+00:00,4464.361117911894,4463.0
30,2019-02-20T20:00:00+00:00,4403.062280732736,4321.0
30,2019-02-20T21:00:00+00:00,4363.348695448894,4109.0
30,2019-02-20T22:00:00+00:00,4196.964598372814,4041.0
30,2019-02-20T23:00:00+00:00,4293.327854069923,4116.0
30,2019-02-21T00:00:00+00:00,4240.491474612754,3822.0
30,2019-02-21T01:00:00+00:00,4183.300437965756,3596.0
30,2019-02-21T02:00:00+00:00,4154.567248312154,3458.0
30,2019-02-21T03:00:00+00:00,3942.4933215881115,3363.0
30,2019-02-21T04:00:00+00:00,3744.3893336718556,3363.0
30,2019-02-21T05:00:00+00:00,3693.681109756508,3405.0
30,2019-02-21T06:00:00+00:00,3677.008173163232,3257.0
30,2019-02-21T07:00:00+00:00,3583.195373038518,3146.0
30,2019-02-21T08:00:00+00:00,3362.418443798485,3093.0
30,2019-02-21T09:00:00+00:00,3354.1777935579275,3018.0
30,2019-02-21T10:00:00+00:00,3418.9573757030694,3059.0
30,2019-02-21T11:00:00+00:00,3461.9807899377042,3179.0
30,2019-02-21T12:00:00+00:00,3659.067774689322,3343.0
30,2019-02-21T13:00:00+00:00,3822.0954143348267,3515.0
30,2019-02-21T14:00:00+00:00,3963.006151494838,3700.0
30,2019-02-21T15:00:00+00:00,3925.046537290325,3684.0
31,2019-02-18T16:00:00+00:00,4466.330419376951,4583.0
31,2019-02-18T17:00:00+00:00,4566.850714752125,4769.0
31,2019-02-18T18:00:00+00:00,4726.484422341913,4562.0
31,2019-02-18T19:00:00+00:00,4716.105074755815,4777.0
31,2019-02-18T20:00:00+00:00,4464.197604291792,4728.0
31,2019-02-18T21:00:00+00:00,4339.107173387092,4525.0
31,2019-02-18T22:00:00+00:00,4348.049266655192,4233.0
31,2019-02-18T23:00:00+00:00,4214.476351906074,4073.0
31,2019-02-19T00:00:00+00:00,4098.09814346482,3804.0
31,2019-02-19T01:00:00+00:00,4248.85789947702,3488.0
31,2019-02-19T02:00:00+00:00,4119.914521928243,3416.0
31,2019-02-19T03:00:00+00:00,3906.2548303347176,3357.0
31,2019-02-19T04:00:00+00:00,3913.7995893440498,3407.0
31,2019-02-19T05:00:00+00:00,3826.6208884006282,3231.0
31,2019-02-19T06:00:00+00:00,3622.8892957104035,2933.0
31,2019-02-19T07:00:00+00:00,3638.650779361879,3018.0
31,2019-02-19T08:00:00+00:00,3529.581808189767,3071.0
31,2019-02-19T09:00:00+00:00,3559.6898770688167,3158.0
31,2019-02-19T10:00:00+00:00,3670.509564249203,3327.0
31,2019-02-19T11:00:00+00:00,3778.610804448991,3572.0
31,2019-02-19T12:00:00+00:00,3877.556603779351,4014.0
31,2019-02-19T13:00:00+00:00,4189.035774025401,4212.0
31,2019-02-19T14:00:00+00:00,4274.6676057199675,4400.0
31,2019-02-19T15:00:00+00:00,4414.076119326506,4463.0
31,2019-02-19T16:00:00+00:00,4545.764067040337,4464.0
31,2019-02-19T17:00:00+00:00,4613.476418636402,4526.0
31,2019-02-19T18:00:00+00:00,4690.824309297699,4563.0
31,2019-02-19T19:00:00+00:00,4500.607606395697,4770.0
31,2019-02-19T20:00:00+00:00,4494.798180292343,4606.0
31,2019-02-19T21:00:00+00:00,4350.58815598526,4330.0
31,2019-02-19T22:00:00+00:00,4284.664143731439,4120.0
31,2019-02-19T23:00:00+00:00,4338.5223180822095,3960.0
31,2019-02-20T00:00:00+00:00,4269.036498026893,3821.0
31,2019-02-20T01:00:00+00:00,4215.269003015968,3610.0
31,2019-02-20T02:00:00+00:00,4038.678589339006,3490.0
31,2019-02-20T03:00:00+00:00,4092.1027321848424,3355.0
31,2019-02-20T04:00:00+00:00,3825.083767841734,3403.0
31,2019-02-20T05:00:00+00:00,3769.716298006467,3304.0
31,2019-02-20T06:00:00+00:00,3659.015759645256,3260.0
31,2019-02-20T07:00:00+00:00,3567.7626680867984,3224.0
31,2019-02-20T08:00:00+00:00,3616.416231668714,3261.0
31,2019-02-20T09:00:00+00:00,3450.5758801676443,3361.0
31,2019-02-20T10:00:00+00:00,3657.884845516897,3555.0
31,2019-02-20T11:00:00+00:00,3761.7507591012663,3668.0
31,2019-02-20T12:00:00+00:00,4054.471599262425,3918.0
31,2019-02-20T13:00:00+00:00,4139.870255511672,3943.0
31,2019-02-20T14:00:00+00:00,4273.5394013969535,4235.0
31,2019-02-20T15:00:00+00:00,4350.039982191758,4389.0
31,2019-02-20T16:00:00+00:00,4455.991256221337,4448.0
31,2019-02-20T17:00:00+00:00,4632.226024469937,4532.0
31,2019-02-20T18:00:00+00:00,4626.106623072212,4520.0
31,2019-02-20T19:00:00+00:00,4671.306176231122,4463.0
31,2019-02-20T20:00:00+00:00,4537.040344427377,4321.0
31,2019-02-20T21:00:00+00:00,4282.953000795128,4109.0
31,2019-02-20T22:00:00+00:00,4203.475467503711,4041.0
31,2019-02-20T23:00:00+00:00,4188.7335315901855,4116.0
31,2019-02-21T00:00:00+00:00,4276.587932410369,3822.0
31,2019-02-21T01:00:00+00:00,4091.552641699755,3596.0
31,2019-02-21T02:00:00+00:00,3966.1141660402227,3458.0
31,2019-02-21T03:00:00+00:00,3874.4844776315877,3363.0
31,2019-02-21T04:00:00+00:00,3746.7820256989053,3363.0
31,2019-02-21T05:00:00+00:00,3619.126797081325,3405.0
31,2019-02-21T06:00:00+00:00,3543.007059599953,3257.0
31,2019-02-21T07:00:00+00:00,3411.0983453665003,3146.0
31,2019-02-21T08:00:00+00:00,3203.2317549514446,3093.0
31,2019-02-21T09:00:00+00:00,3273.9203320231754,3018.0
31,2019-02-21T10:00:00+00:00,3405.2465207234145,3059.0
31,2019-02-21T11:00:00+00:00,3498.757970665892,3179.0
31,2019-02-21T12:00:00+00:00,3660.828090678727,3343.0
31,2019-02-21T13:00:00+00:00,3729.7000076377158,3515.0
31,2019-02-21T14:00:00+00:00,3961.6672432830273,3700.0
31,2019-02-21T15:00:00+00:00,3977.461046320206,3684.0
31,2019-02-21T16:00:00+00:00,4120.499905975632,3784.0
31,2019-02-21T17:00:00+00:00,4321.40943467721,3920.0
31,2019-02-21T18:00:00+00:00,4367.471036399978,4119.0
31,2019-02-21T19:00:00+00:00,4360.808880819441,4053.0
31,2019-02-21T20:00:00+00:00,4196.992952189719,3915.0
31,2019-02-21T21:00:00+00:00,4081.2555796662127,3864.0
31,2019-02-21T22:00:00+00:00,4053.197329822021,3828.0
31,2019-02-21T23:00:00+00:00,3980.6502889331355,3520.0
31,2019-02-22T00:00:00+00:00,4103.663687087101,3409.0
31,2019-02-22T01:00:00+00:00,3985.4105577181817,3307.0
31,2019-02-22T02:00:00+00:00,3898.703065487175,3224.0
31,2019-02-22T03:00:00+00:00,3694.4220762864024,3105.0
31,2019-02-22T04:00:00+00:00,3706.0852767708348,3043.0
31,2019-02-22T05:00:00+00:00,3587.8009846404448,2900.0
31,2019-02-22T06:00:00+00:00,3507.7152322346437,2945.0
31,2019-02-22T07:00:00+00:00,3301.731427792036,2887.0
31,2019-02-22T08:00:00+00:00,3230.332914766254,2840.0
31,2019-02-22T09:00:00+00:00,3203.1004285314193,2803.0
31,2019-02-22T10:00:00+00:00,3255.645834378039,2775.0
31,2019-02-22T11:00:00+00:00,3384.886431308222,2815.0
31,2019-02-22T12:00:00+00:00,3507.1849695935457,2907.0
31,2019-02-22T13:00:00+00:00,3635.235747175517,3067.0
31,2019-02-22T14:00:00+00:00,3757.514540232868,3189.0
31,2019-02-22T15:00:00+00:00,3775.317696979963,3419.0
32,2019-02-19T16:00:00+00:00,4464.402227641765,4464.0
32,2019-02-19T17:00:00+00:00,4585.569521334664,4526.0
32,2019-02-19T18:00:00+00:00,4656.644410900129,4563.0
32,2019-02-19T19:00:00+00:00,4615.688016355012,4770.0
32,2019-02-19T20:00:00+00:00,4495.032016665795,4606.0
32,2019-02-19T21:00:00+00:00,4362.263980197032,4330.0
32,2019-02-19T22:00:00+00:00,4159.322031393696,4120.0
32,2019-02-19T23:00:00+00:00,4238.151458557904,3960.0
32,2019-02-20T00:00:00+00:00,4131.754190224183,3821.0
32,2019-02-20T01:00:00+00:00,4023.856945492642,3610.0
32,2019-02-20T02:00:00+00:00,3878.7233402125185,3490.0
32,2019-02-20T03:00:00+00:00,3762.9354066868373,3355.0
32,2019-02-20T04:00:00+00:00,3679.8323190754977,3403.0
32,2019-02-20T05:00:00+00:00,3566.2546944585683,3304.0
32,2019-02-20T06:00:00+00:00,3355.9468998915013,3260.0
32,2019-02-20T07:00:00+00:00,3378.952089787733,3224.0
32,2019-02-20T08:00:00+00:00,3250.4388112214983,3261.0
32,2019-02-20T09:00:00+00:00,3368.5239987518253,3361.0
32,2019-02-20T10:00:00+00:00,3457.279376802901,3555.0
32,2019-02-20T11:00:00+00:00,3628.2260260130433,3668.0
32,2019-02-20T12:00:00+00:00,3865.392948512619,3918.0
32,2019-02-20T13:00:00+00:00,4019.188479625268,3943.0
32,2019-02-20T14:00:00+00:00,4087.0243586893885,4235.0
32,2019-02-20T15:00:00+00:00,4210.0581795226635,4389.0
32,2019-02-20T16:00:00+00:00,4551.724581314893,4448.0
32,2019-02-20T17:00:00+00:00,4593.960664911104,4532.0
32,2019-02-20T18:00:00+00:00,4693.736887394159,4520.0
32,2019-02-20T19:00:00+00:00,4603.503806223344,4463.0
32,2019-02-20T20:00:00+00:00,4459.785115890325,4321.0
32,2019-02-20T21:00:00+00:00,4420.311976261265,4109.0
32,2019-02-20T22:00:00+00:00,4317.968775002491,4041.0
32,2019-02-20T23:00:00+00:00,4280.166065136749,4116.0
32,2019-02-21T00:00:00+00:00,4218.844293751377,3822.0
32,2019-02-21T01:00:00+00:00,4035.569451215795,3596.0
32,2019-02-21T02:00:00+00:00,3970.922616486164,3458.0
32,2019-02-21T03:00:00+00:00,3827.452104667083,3363.0
32,2019-02-21T04:00:00+00:00,3683.7365537426954,3363.0
32,2019-02-21T05:00:00+00:00,3504.4079148107558,3405.0
32,2019-02-21T06:00:00+00:00,3388.9534856209816,3257.0
32,2019-02-21T07:00:00+00:00,3295.3698953727885,3146.0
32,2019-02-21T08:00:00+00:00,3340.777971357658,3093.0
32,2019-02-21T09:00:00+00:00,3375.2941499892936,3018.0
32,2019-02-21T10:00:00+00:00,3359.023916907449,3059.0
32,2019-02-21T11:00:00+00:00,3494.155134962124,3179.0
32,2019-02-21T12:00:00+00:00,3668.1387489433546,3343.0
32,2019-02-21T13:00:00+00:00,3830.1089696688887,3515.0
32,2019-02-21T14:00:00+00:00,3978.647676690176,3700.0
32,2019-02-21T15:00:00+00:00,4039.735215145217,3684.0
32,2019-02-21T16:00:00+00:00,4166.408767206867,3784.0
32,2019-02-21T17:00:00+00:00,4385.046833869325,3920.0
32,2019-02-21T18:00:00+00:00,4295.144150672192,4119.0
32,2019-02-21T19:00:00+00:00,4372.091320606458,4053.0
32,2019-02-21T20:00:00+00:00,4348.56730212583,3915.0
32,2019-02-21T21:00:00+00:00,4129.02746511872,3864.0
32,2019-02-21T22:00:00+00:00,4091.2490774082726,3828.0
32,2019-02-21T23:00:00+00:00,4244.256980464837,3520.0
32,2019-02-22T00:00:00+00:00,4221.33401002835,3409.0
32,2019-02-22T01:00:00+00:00,4059.2628655769086,3307.0
32,2019-02-22T02:00:00+00:00,3971.1479929795137,3224.0
32,2019-02-22T03:00:00+00:00,3968.088424466277,3105.0
32,2019-02-22T04:00:00+00:00,3820.0551291882866,3043.0
32,2019-02-22T05:00:00+00:00,3799.2190723781214,2900.0
32,2019-02-22T06:00:00+00:00,3539.239554440268,2945.0
32,2019-02-22T07:00:00+00:00,3559.650601414514,2887.0
32,2019-02-22T08:00:00+00:00,3341.207872061761,2840.0
32,2019-02-22T09:00:00+00:00,3532.2416143217642,2803.0
32,2019-02-22T10:00:00+00:00,3326.2386429633,2775.0
32,2019-02-22T11:00:00+00:00,3542.4430731008697,2815.0
32,2019-02-22T12:00:00+00:00,3556.5683961127224,2907.0
32,2019-02-22T13:00:00+00:00,3608.075533432025,3067.0
32,2019-02-22T14:00:00+00:00,3685.999274252393,3189.0
32,2019-02-22T15:00:00+00:00,3720.2238183453474,3419.0
32,2019-02-22T16:00:00+00:00,3824.770322674663,3867.0
32,2019-02-22T17:00:00+00:00,3832.3719215034325,3628.0
32,2019-02-22T18:00:00+00:00,3869.629630030711,3635.0
32,2019-02-22T19:00:00+00:00,3703.2071660765105,3635.0
32,2019-02-22T20:00:00+00:00,3625.353748009493,3582.0
32,2019-02-22T21:00:00+00:00,3513.185238695301,3488.0
32,2019-02-22T22:00:00+00:00,3412.733613753144,3230.0
32,2019-02-22T23:00:00+00:00,3375.687104810763,3195.0
32,2019-02-23T00:00:00+00:00,3348.3267620286015,3073.0
32,2019-02-23T01:00:00+00:00,3338.7723849381,3062.0
32,2019-02-23T02:00:00+00:00,3332.675355957675,2929.0
32,2019-02-23T03:00:00+00:00,3108.379050502284,2869.0
32,2019-02-23T04:00:00+00:00,3091.2696039235757,2876.0
32,2019-02-23T05:00:00+00:00,3133.04898617989,2875.0
32,2019-02-23T06:00:00+00:00,2992.8758448162953,2879.0
32,2019-02-23T07:00:00+00:00,3215.038971676055,2850.0
32,2019-02-23T08:00:00+00:00,3217.3165961151512,2961.0
32,2019-02-23T09:00:00+00:00,3260.520873333379,3042.0
32,2019-02-23T10:00:00+00:00,3420.499387130148,3267.0
32,2019-02-23T11:00:00+00:00,3782.177040468978,3674.0
32,2019-02-23T12:00:00+00:00,3778.6739561320983,3839.0
32,2019-02-23T13:00:00+00:00,4054.8248653495084,3982.0
32,2019-02-23T14:00:00+00:00,4260.014961197208,4325.0
32,2019-02-23T15:00:00+00:00,4473.005264777642,4232.0
33,2019-02-20T16:00:00+00:00,4424.727108375264,4448.0
33,2019-02-20T17:00:00+00:00,4453.550184254952,4532.0
33,2019-02-20T18:00:00+00:00,4665.251281419175,4520.0
33,2019-02-20T19:00:00+00:00,4668.279125382029,4463.0
33,2019-02-20T20:00:00+00:00,4476.238921761108,4321.0
33,2019-02-20T21:00:00+00:00,4253.456306962297,4109.0
33,2019-02-20T22:00:00+00:00,4160.677330623205,4041.0
33,2019-02-20T23:00:00+00:00,4228.973810503207,4116.0
33,2019-02-21T00:00:00+00:00,4286.461669974731,3822.0
33,2019-02-21T01:00:00+00:00,4211.246792677032,3596.0
33,2019-02-21T02:00:00+00:00,4048.547237756744,3458.0
33,2019-02-21T03:00:00+00:00,3854.0480840634414,3363.0
33,2019-02-21T04:00:00+00:00,3634.280557314517,3363.0
33,2019-02-21T05:00:00+00:00,3688.994501411883,3405.0
33,2019-02-21T06:00:00+00:00,3365.387531250315,3257.0
33,2019-02-21T07:00:00+00:00,3242.1388096345986,3146.0
33,2019-02-21T08:00:00+00:00,3165.2467611066245,3093.0
33,2019-02-21T09:00:00+00:00,3175.3311364669703,3018.0
33,2019-02-21T10:00:00+00:00,3115.7844858611825,3059.0
33,2019-02-21T11:00:00+00:00,3224.1868779647675,3179.0
33,2019-02-21T12:00:00+00:00,3504.167303923941,3343.0
33,2019-02-21T13:00:00+00:00,3612.323929901274,3515.0
33,2019-02-21T14:00:00+00:00,3670.3348809436534,3700.0
33,2019-02-21T15:00:00+00:00,3754.527508582227,3684.0
33,2019-02-21T16:00:00+00:00,3943.404543205065,3784.0
33,2019-02-21T17:00:00+00:00,3868.248389371982,3920.0
33,2019-02-21T18:00:00+00:00,3955.3861788639715,4119.0
33,2019-02-21T19:00:00+00:00,3890.9339544230993,4053.0
33,2019-02-21T20:00:00+00:00,3745.084927485421,3915.0
33,2019-02-21T21:00:00+00:00,3742.2736696717484,3864.0
33,2019-02-21T22:00:00+00:00,3609.392548399431,3828.0
33,2019-02-21T23:00:00+00:00,3702.254867776092,3520.0
33,2019-02-22T00:00:00+00:00,3657.911811384723,3409.0
33,2019-02-22T01:00:00+00:00,3537.976719056564,3307.0
33,2019-02-22T02:00:00+00:00,3648.8677369057027,3224.0
33,2019-02-22T03:00:00+00:00,3571.8246993457474,3105.0
33,2019-02-22T04:00:00+00:00,3353.462999782099,3043.0
33,2019-02-22T05:00:00+00:00,3241.9176630813,2900.0
33,2019-02-22T06:00:00+00:00,3000.173086239823,2945.0
33,2019-02-22T07:00:00+00:00,2904.061511975757,2887.0
33,2019-02-22T08:00:00+00:00,2789.301685207349,2840.0
33,2019-02-22T09:00:00+00:00,2929.7603144779887,2803.0
33,2019-02-22T10:00:00+00:00,2896.104333811439,2775.0
33,2019-02-22T11:00:00+00:00,3080.3620425735908,2815.0
33,2019-02-22T12:00:00+00:00,3286.1399018099587,2907.0
33,2019-02-22T13:00:00+00:00,3506.4255962151474,3067.0
33,2019-02-22T14:00:00+00:00,3529.6751973349583,3189.0
33,2019-02-22T15:00:00+00:00,3309.2201070492843,3419.0
33,2019-02-22T16:00:00+00:00,3528.5438866497193,3867.0
33,2019-02-22T17:00:00+00:00,3642.2260040044744,3628.0
33,2019-02-22T18:00:00+00:00,3594.787259377401,3635.0
33,2019-02-22T19:00:00+00:00,3473.9253475283504,3635.0
33,2019-02-22T20:00:00+00:00,3476.8019380879687,3582.0
33,2019-02-22T21:00:00+00:00,3331.618763197871,3488.0
33,2019-02-22T22:00:00+00:00,3243.4333034758724,3230.0
33,2019-02-22T23:00:00+00:00,3089.6908448923027,3195.0
33,2019-02-23T00:00:00+00:00,3255.6783189957755,3073.0
33,2019-02-23T01:00:00+00:00,3121.949689578525,3062.0
33,2019-02-23T02:00:00+00:00,3092.673415278046,2929.0
33,2019-02-23T03:00:00+00:00,3058.7403074453337,2869.0
33,2019-02-23T04:00:00+00:00,2915.6612633594223,2876.0
33,2019-02-23T05:00:00+00:00,2850.2170849301524,2875.0
33,2019-02-23T06:00:00+00:00,2695.541362776394,2879.0
33,2019-02-23T07:00:00+00:00,2653.1261676561435,2850.0
33,2019-02-23T08:00:00+00:00,2724.1532060247787,2961.0
33,2019-02-23T09:00:00+00:00,2943.7804507774763,3042.0
33,2019-02-23T10:00:00+00:00,3145.1304219868784,3267.0
33,2019-02-23T11:00:00+00:00,3330.189638295907,3674.0
33,2019-02-23T12:00:00+00:00,3747.6493947342346,3839.0
33,2019-02-23T13:00:00+00:00,3846.6148897229577,3982.0
33,2019-02-23T14:00:00+00:00,4102.956692263242,4325.0
33,2019-02-23T15:00:00+00:00,4166.877100881904,4232.0
33,2019-02-23T16:00:00+00:00,4226.631481199891,4501.0
33,2019-02-23T17:00:00+00:00,4374.228894374174,4592.0
33,2019-02-23T18:00:00+00:00,4398.456404759557,4792.0
33,2019-02-23T19:00:00+00:00,4401.554703661386,4810.0
33,2019-02-23T20:00:00+00:00,4199.651667790298,4743.0
33,2019-02-23T21:00:00+00:00,4034.4696668025,4545.0
33,2019-02-23T22:00:00+00:00,3824.5557854026947,4421.0
33,2019-02-23T23:00:00+00:00,3896.5792720710324,4246.0
33,2019-02-24T00:00:00+00:00,3821.6894061827306,3901.0
33,2019-02-24T01:00:00+00:00,3701.343712251952,3852.0
33,2019-02-24T02:00:00+00:00,3670.586364098256,3680.0
33,2019-02-24T03:00:00+00:00,3504.79036087491,3556.0
33,2019-02-24T04:00:00+00:00,3237.2897121084784,3663.0
33,2019-02-24T05:00:00+00:00,3243.716643366485,3599.0
33,2019-02-24T06:00:00+00:00,3116.026914300363,3320.0
33,2019-02-24T07:00:00+00:00,2998.37073522116,3293.0
33,2019-02-24T08:00:00+00:00,3058.3360837991972,3400.0
33,2019-02-24T09:00:00+00:00,3128.2324724107266,3426.0
33,2019-02-24T10:00:00+00:00,3309.448589904859,3650.0
33,2019-02-24T11:00:00+00:00,3584.4874544921067,3856.0
33,2019-02-24T12:00:00+00:00,3844.341825687979,4058.0
33,2019-02-24T13:00:00+00:00,3957.906826577568,4167.0
33,2019-02-24T14:00:00+00:00,4151.5721863846975,4482.0
33,2019-02-24T15:00:00+00:00,4212.2082448320925,4589.0
34,2019-02-21T16:00:00+00:00,3644.353796035822,3784.0
34,2019-02-21T17:00:00+00:00,3693.8070826586554,3920.0
34,2019-02-21T18:00:00+00:00,3798.3330982158486,4119.0
34,2019-02-21T19:00:00+00:00,3797.4927280947522,4053.0
34,2019-02-21T20:00:00+00:00,3690.457862391136,3915.0
34,2019-02-21T21:00:00+00:00,3541.9823400993623,3864.0
34,2019-02-21T22:00:00+00:00,3527.0778819579346,3828.0
34,2019-02-21T23:00:00+00:00,3524.365895549837,3520.0
34,2019-02-22T00:00:00+00:00,3534.4700326613597,3409.0
34,2019-02-22T01:00:00+00:00,3506.765412414724,3307.0
34,2019-02-22T02:00:00+00:00,3383.5128243694294,3224.0
34,2019-02-22T03:00:00+00:00,3254.8127014199986,3105.0
34,2019-02-22T04:00:00+00:00,3146.5430897783313,3043.0
34,2019-02-22T05:00:00+00:00,2972.6195211179825,2900.0
34,2019-02-22T06:00:00+00:00,2919.705019955494,2945.0
34,2019-02-22T07:00:00+00:00,2579.3297082246536,2887.0
34,2019-02-22T08:00:00+00:00,2654.3769080550132,2840.0
34,2019-02-22T09:00:00+00:00,2634.8170043304317,2803.0
34,2019-02-22T10:00:00+00:00,2771.462706155446,2775.0
34,2019-02-22T11:00:00+00:00,2822.8852611969296,2815.0
34,2019-02-22T12:00:00+00:00,3015.0166729002026,2907.0
34,2019-02-22T13:00:00+00:00,3137.679845236497,3067.0
34,2019-02-22T14:00:00+00:00,3289.777319789868,3189.0
34,2019-02-22T15:00:00+00:00,3201.5165803535224,3419.0
34,2019-02-22T16:00:00+00:00,3212.353620671717,3867.0
34,2019-02-22T17:00:00+00:00,3431.6317301381628,3628.0
34,2019-02-22T18:00:00+00:00,3417.6684006117057,3635.0
34,2019-02-22T19:00:00+00:00,3337.659943751058,3635.0
34,2019-02-22T20:00:00+00:00,3376.8062544183545,3582.0
34,2019-02-22T21:00:00+00:00,3137.813947554681,3488.0
34,2019-02-22T22:00:00+00:00,3203.874904117657,3230.0
34,2019-02-22T23:00:00+00:00,3185.3564909450406,3195.0
34,2019-02-23T00:00:00+00:00,3219.9558143358067,3073.0
34,2019-02-23T01:00:00+00:00,3187.4034514657233,3062.0
34,2019-02-23T02:00:00+00:00,3151.0167801249127,2929.0
34,2019-02-23T03:00:00+00:00,2974.8191560373857,2869.0
34,2019-02-23T04:00:00+00:00,2895.9759815680122,2876.0
34,2019-02-23T05:00:00+00:00,2902.1713897010327,2875.0
34,2019-02-23T06:00:00+00:00,2819.480820383899,2879.0
34,2019-02-23T07:00:00+00:00,2854.4916376302644,2850.0
34,2019-02-23T08:00:00+00:00,2770.6616612582625,2961.0
34,2019-02-23T09:00:00+00:00,2940.117520971633,3042.0
34,2019-02-23T10:00:00+00:00,3208.5168006740846,3267.0
34,2019-02-23T11:00:00+00:00,3471.248522496928,3674.0
34,2019-02-23T12:00:00+00:00,3730.2432575166267,3839.0
34,2019-02-23T13:00:00+00:00,3890.601540618612,3982.0
34,2019-02-23T14:00:00+00:00,4146.278350317889,4325.0
34,2019-02-23T15:00:00+00:00,4089.808716728048,4232.0
34,2019-02-23T16:00:00+00:00,4122.220500184244,4501.0
34,2019-02-23T17:00:00+00:00,4327.101017294452,4592.0
34,2019-02-23T18:00:00+00:00,4353.59590773287,4792.0
34,2019-02-23T19:00:00+00:00,4364.029253147434,4810.0
34,2019-02-23T20:00:00+00:00,4198.724385619713,4743.0
34,2019-02-23T21:00:00+00:00,4013.6968938610685,4545.0
34,2019-02-23T22:00:00+00:00,3984.3980819112544,4421.0
34,2019-02-23T23:00:00+00:00,3913.468596535048,4246.0
34,2019-02-24T00:00:00+00:00,3990.327598656373,3901.0
34,2019-02-24T01:00:00+00:00,3957.5463563738354,3852.0
34,2019-02-24T02:00:00+00:00,3819.4810800583787,3680.0
34,2019-02-24T03:00:00+00:00,3728.4735563477334,3556.0
34,2019-02-24T04:00:00+00:00,3571.7275759566046,3663.0
34,2019-02-24T05:00:00+00:00,3439.948783670894,3599.0
34,2019-02-24T06:00:00+00:00,3408.0585716508467,3320.0
34,2019-02-24T07:00:00+00:00,3116.004574929468,3293.0
34,2019-02-24T08:00:00+00:00,3168.209239277125,3400.0
34,2019-02-24T09:00:00+00:00,3403.3930138672577,3426.0
34,2019-02-24T10:00:00+00:00,3483.153754863661,3650.0
34,2019-02-24T11:00:00+00:00,3723.8964307483384,3856.0
34,2019-02-24T12:00:00+00:00,3973.499641369505,4058.0
34,2019-02-24T13:00:00+00:00,4215.17587824203,4167.0
34,2019-02-24T14:00:00+00:00,4188.4864105612605,4482.0
34,2019-02-24T15:00:00+00:00,4304.4893440086025,4589.0
34,2019-02-24T16:00:00+00:00,4355.929050135137,4709.0
34,2019-02-24T17:00:00+00:00,4397.739099456822,4771.0
34,2019-02-24T18:00:00+00:00,4504.143043164687,4822.0
34,2019-02-24T19:00:00+00:00,4577.528801854336,4821.0
34,2019-02-24T20:00:00+00:00,4336.551496482447,4655.0
34,2019-02-24T21:00:00+00:00,4207.829133301342,4478.0
34,2019-02-24T22:00:00+00:00,4145.90333969523,4396.0
34,2019-02-24T23:00:00+00:00,4185.7295471329335,4360.0
34,2019-02-25T00:00:00+00:00,4146.915418945277,4033.0
34,2019-02-25T01:00:00+00:00,4067.7756860226314,3897.0
34,2019-02-25T02:00:00+00:00,3887.880962144786,3620.0
34,2019-02-25T03:00:00+00:00,3703.5954283082356,3552.0
34,2019-02-25T04:00:00+00:00,3592.5468782385983,3455.0
34,2019-02-25T05:00:00+00:00,3216.6524955271234,3286.0
34,2019-02-25T06:00:00+00:00,3164.116706184838,3144.0
34,2019-02-25T07:00:00+00:00,3173.2420087314026,3279.0
34,2019-02-25T08:00:00+00:00,3088.645124400286,3308.0
34,2019-02-25T09:00:00+00:00,3143.996533681921,3440.0
34,2019-02-25T10:00:00+00:00,3247.1886310347077,3662.0
34,2019-02-25T11:00:00+00:00,3492.7645421703132,3776.0
34,2019-02-25T12:00:00+00:00,3798.5496182722163,4293.0
34,2019-02-25T13:00:00+00:00,3939.359464752727,4352.0
34,2019-02-25T14:00:00+00:00,4050.0965193932857,4262.0
34,2019-02-25T15:00:00+00:00,4259.593024677108,4569.0
35,2019-02-22T16:00:00+00:00,3409.6731529869276,3867.0
35,2019-02-22T17:00:00+00:00,3345.3119713963747,3628.0
35,2019-02-22T18:00:00+00:00,3468.4800597798667,3635.0
35,2019-02-22T19:00:00+00:00,3488.4653698972475,3635.0
35,2019-02-22T20:00:00+00:00,3346.2082890839292,3582.0
35,2019-02-22T21:00:00+00:00,3255.934131229649,3488.0
35,2019-02-22T22:00:00+00:00,3207.994403077769,3230.0
35,2019-02-22T23:00:00+00:00,3150.2917089166162,3195.0
35,2019-02-23T00:00:00+00:00,3237.3614558573145,3073.0
35,2019-02-23T01:00:00+00:00,3198.8438530765247,3062.0
35,2019-02-23T02:00:00+00:00,3033.0726677045727,2929.0
35,2019-02-23T03:00:00+00:00,2909.9333627412725,2869.0
35,2019-02-23T04:00:00+00:00,2780.0874878268974,2876.0
35,2019-02-23T05:00:00+00:00,2837.4520842016195,2875.0
35,2019-02-23T06:00:00+00:00,2851.6224494657354,2879.0
35,2019-02-23T07:00:00+00:00,2814.0707601049035,2850.0
35,2019-02-23T08:00:00+00:00,2908.1990212274936,2961.0
35,2019-02-23T09:00:00+00:00,2954.7538075231,3042.0
35,2019-02-23T10:00:00+00:00,3025.7090030036793,3267.0
35,2019-02-23T11:00:00+00:00,3262.9747012127305,3674.0
35,2019-02-23T12:00:00+00:00,3522.2371616959003,3839.0
35,2019-02-23T13:00:00+00:00,3750.172785299583,3982.0
35,2019-02-23T14:00:00+00:00,3847.8532046729274,4325.0
35,2019-02-23T15:00:00+00:00,4002.830376148142,4232.0
35,2019-02-23T16:00:00+00:00,4104.083971286869,4501.0
35,2019-02-23T17:00:00+00:00,4220.220478309889,4592.0
35,2019-02-23T18:00:00+00:00,4349.533909520327,4792.0
35,2019-02-23T19:00:00+00:00,4262.471498881905,4810.0
35,2019-02-23T20:00:00+00:00,4322.208166325928,4743.0
35,2019-02-23T21:00:00+00:00,4133.289261905866,4545.0
35,2019-02-23T22:00:00+00:00,4032.8841663042704,4421.0
35,2019-02-23T23:00:00+00:00,3997.126235896373,4246.0
35,2019-02-24T00:00:00+00:00,3863.916666388366,3901.0
35,2019-02-24T01:00:00+00:00,3857.099523160642,3852.0
35,2019-02-24T02:00:00+00:00,3615.120581203207,3680.0
35,2019-02-24T03:00:00+00:00,3415.8289219551716,3556.0
35,2019-02-24T04:00:00+00:00,3240.428393719234,3663.0
35,2019-02-24T05:00:00+00:00,3171.5044617161793,3599.0
35,2019-02-24T06:00:00+00:00,3053.168782423449,3320.0
35,2019-02-24T07:00:00+00:00,3052.1326453893607,3293.0
35,2019-02-24T08:00:00+00:00,3018.8240485495107,3400.0
35,2019-02-24T09:00:00+00:00,2977.17757894074,3426.0
35,2019-02-24T10:00:00+00:00,3186.1224405583625,3650.0
35,2019-02-24T11:00:00+00:00,3330.658930316736,3856.0
35,2019-02-24T12:00:00+00:00,3649.186568637057,4058.0
35,2019-02-24T13:00:00+00:00,3872.014357873758,4167.0
35,2019-02-24T14:00:00+00:00,4176.092355747368,4482.0
35,2019-02-24T15:00:00+00:00,4168.149255352282,4589.0
35,2019-02-24T16:00:00+00:00,4218.265783356572,4709.0
35,2019-02-24T17:00:00+00:00,4375.304554910615,4771.0
35,2019-02-24T18:00:00+00:00,4445.97277539585,4822.0
35,2019-02-24T19:00:00+00:00,4490.124757463972,4821.0
35,2019-02-24T20:00:00+00:00,4431.381134539766,4655.0
35,2019-02-24T21:00:00+00:00,4304.128741619244,4478.0
35,2019-02-24T22:00:00+00:00,4185.987375197612,4396.0
35,2019-02-24T23:00:00+00:00,3929.013163573277,4360.0
35,2019-02-25T00:00:00+00:00,3999.618397607438,4033.0
35,2019-02-25T01:00:00+00:00,3820.1079703925193,3897.0
35,2019-02-25T02:00:00+00:00,3699.259871941448,3620.0
35,2019-02-25T03:00:00+00:00,3624.6003064610877,3552.0
35,2019-02-25T04:00:00+00:00,3338.6691149173203,3455.0
35,2019-02-25T05:00:00+00:00,3327.073626520113,3286.0
35,2019-02-25T06:00:00+00:00,3206.209137051344,3144.0
35,2019-02-25T07:00:00+00:00,3099.4621055496445,3279.0
35,2019-02-25T08:00:00+00:00,3175.264514911165,3308.0
35,2019-02-25T09:00:00+00:00,3400.072246555864,3440.0
35,2019-02-25T10:00:00+00:00,3313.58338935125,3662.0
35,2019-02-25T11:00:00+00:00,3418.638180461242,3776.0
35,2019-02-25T12:00:00+00:00,3780.629873802462,4293.0
35,2019-02-25T13:00:00+00:00,3995.309939294104,4352.0
35,2019-02-25T14:00:00+00:00,4209.943838955656,4262.0
35,2019-02-25T15:00:00+00:00,4257.696557492307,4569.0
35,2019-02-25T16:00:00+00:00,4275.459860272982,4596.0
35,2019-02-25T17:00:00+00:00,4445.690360804623,4910.0
35,2019-02-25T18:00:00+00:00,4490.606045330414,4913.0
35,2019-02-25T19:00:00+00:00,4623.192326562606,4801.0
35,2019-02-25T20:00:00+00:00,4374.688107240975,4640.0
35,2019-02-25T21:00:00+00:00,4309.116105310784,4365.0
35,2019-02-25T22:00:00+00:00,4193.267961232189,4135.0
35,2019-02-25T23:00:00+00:00,4187.700963568015,3878.0
35,2019-02-26T00:00:00+00:00,4087.4459647454223,3664.0
35,2019-02-26T01:00:00+00:00,4052.4562971993128,3599.0
35,2019-02-26T02:00:00+00:00,3881.39395251949,3422.0
35,2019-02-26T03:00:00+00:00,3649.908698715162,3465.0
35,2019-02-26T04:00:00+00:00,3503.6657420870183,3555.0
35,2019-02-26T05:00:00+00:00,3340.130724437021,3351.0
35,2019-02-26T06:00:00+00:00,3360.1239987384038,3193.0
35,2019-02-26T07:00:00+00:00,3316.604293568707,3238.0
35,2019-02-26T08:00:00+00:00,3313.3144576939367,3354.0
35,2019-02-26T09:00:00+00:00,3315.895282914042,3434.0
35,2019-02-26T10:00:00+00:00,3439.053358236319,3552.0
35,2019-02-26T11:00:00+00:00,3602.721205917844,3879.0
35,2019-02-26T12:00:00+00:00,3945.2228886845464,4099.0
35,2019-02-26T13:00:00+00:00,4174.148103458552,4246.0
35,2019-02-26T14:00:00+00:00,4300.210429182813,4491.0
35,2019-02-26T15:00:00+00:00,4447.580615264975,4449.0
36,2019-02-23T16:00:00+00:00,4104.895392755741,4501.0
36,2019-02-23T17:00:00+00:00,4182.497939026679,4592.0
36,2019-02-23T18:00:00+00:00,4240.176013614879,4792.0
36,2019-02-23T19:00:00+00:00,4248.313691252316,4810.0
36,2019-02-23T20:00:00+00:00,4223.392338512921,4743.0
36,2019-02-23T21:00:00+00:00,4035.8613170793233,4545.0
36,2019-02-23T22:00:00+00:00,3986.9863425728563,4421.0
36,2019-02-23T23:00:00+00:00,4001.001588004159,4246.0
36,2019-02-24T00:00:00+00:00,3903.122824098105,3901.0
36,2019-02-24T01:00:00+00:00,3786.016867689616,3852.0
36,2019-02-24T02:00:00+00:00,3685.987410592406,3680.0
36,2019-02-24T03:00:00+00:00,3602.4142048000704,3556.0
36,2019-02-24T04:00:00+00:00,3513.9691159842305,3663.0
36,2019-02-24T05:00:00+00:00,3411.9186563187604,3599.0
36,2019-02-24T06:00:00+00:00,3217.209823175267,3320.0
36,2019-02-24T07:00:00+00:00,3165.676166114628,3293.0
36,2019-02-24T08:00:00+00:00,3116.1243351071657,3400.0
36,2019-02-24T09:00:00+00:00,3097.1110189485667,3426.0
36,2019-02-24T10:00:00+00:00,3415.269941986696,3650.0
36,2019-02-24T11:00:00+00:00,3514.0313919375612,3856.0
36,2019-02-24T12:00:00+00:00,3711.304626237056,4058.0
36,2019-02-24T13:00:00+00:00,3836.8684138706026,4167.0
36,2019-02-24T14:00:00+00:00,4050.9172599488325,4482.0
36,2019-02-24T15:00:00+00:00,4135.753466356905,4589.0
36,2019-02-24T16:00:00+00:00,4309.118881208943,4709.0
36,2019-02-24T17:00:00+00:00,4388.216579102332,4771.0
36,2019-02-24T18:00:00+00:00,4384.33111479411,4822.0
36,2019-02-24T19:00:00+00:00,4457.052971174172,4821.0
36,2019-02-24T20:00:00+00:00,4329.581348391936,4655.0
36,2019-02-24T21:00:00+00:00,4142.515488178337,4478.0
36,2019-02-24T22:00:00+00:00,4044.5226480765286,4396.0
36,2019-02-24T23:00:00+00:00,4143.546536065802,4360.0
36,2019-02-25T00:00:00+00:00,3965.6008231593296,4033.0
36,2019-02-25T01:00:00+00:00,3903.3463169462757,3897.0
36,2019-02-25T02:00:00+00:00,3777.6330934618595,3620.0
36,2019-02-25T03:00:00+00:00,3619.0411903648996,3552.0
36,2019-02-25T04:00:00+00:00,3420.7789432071995,3455.0
36,2019-02-25T05:00:00+00:00,3310.209103384287,3286.0
36,2019-02-25T06:00:00+00:00,3101.9468648656202,3144.0
36,2019-02-25T07:00:00+00:00,3166.5342491096885,3279.0
36,2019-02-25T08:00:00+00:00,3033.178515345071,3308.0
36,2019-02-25T09:00:00+00:00,3066.994374526991,3440.0
36,2019-02-25T10:00:00+00:00,3153.8902643223064,3662.0
36,2019-02-25T11:00:00+00:00,3506.0581366964084,3776.0
36,2019-02-25T12:00:00+00:00,3800.4177646865187,4293.0
36,2019-02-25T13:00:00+00:00,3961.418800397836,4352.0
36,2019-02-25T14:00:00+00:00,4132.38980480968,4262.0
36,2019-02-25T15:00:00+00:00,4147.787381431131,4569.0
36,2019-02-25T16:00:00+00:00,4201.26909111735,4596.0
36,2019-02-25T17:00:00+00:00,4434.175208221981,4910.0
36,2019-02-25T18:00:00+00:00,4510.965936467168,4913.0
36,2019-02-25T19:00:00+00:00,4558.887059492104,4801.0
36,2019-02-25T20:00:00+00:00,4347.659649520794,4640.0
36,2019-02-25T21:00:00+00:00,4171.576498185901,4365.0
36,2019-02-25T22:00:00+00:00,4089.148119059125,4135.0
36,2019-02-25T23:00:00+00:00,4156.211439228593,3878.0
36,2019-02-26T00:00:00+00:00,4038.568016062357,3664.0
36,2019-02-26T01:00:00+00:00,3934.5756669261464,3599.0
36,2019-02-26T02:00:00+00:00,3656.9803653669,3422.0
36,2019-02-26T03:00:00+00:00,3603.031511676283,3465.0
36,2019-02-26T04:00:00+00:00,3457.5930863412245,3555.0
36,2019-02-26T05:00:00+00:00,3337.3915738826577,3351.0
36,2019-02-26T06:00:00+00:00,3225.1656464369125,3193.0
36,2019-02-26T07:00:00+00:00,3169.541042511506,3238.0
36,2019-02-26T08:00:00+00:00,3139.7088285119626,3354.0
36,2019-02-26T09:00:00+00:00,3232.182423007206,3434.0
36,2019-02-26T10:00:00+00:00,3270.914860477624,3552.0
36,2019-02-26T11:00:00+00:00,3465.869872827453,3879.0
36,2019-02-26T12:00:00+00:00,3838.700837119317,4099.0
36,2019-02-26T13:00:00+00:00,4003.929169169238,4246.0
36,2019-02-26T14:00:00+00:00,4099.231635212897,4491.0
36,2019-02-26T15:00:00+00:00,4210.303846509696,4449.0
36,2019-02-26T16:00:00+00:00,4365.824862699141,4512.0
36,2019-02-26T17:00:00+00:00,4471.349507618876,4653.0
36,2019-02-26T18:00:00+00:00,4505.792984155883,4607.0
36,2019-02-26T19:00:00+00:00,4537.248140232389,4625.0
36,2019-02-26T20:00:00+00:00,4369.701801034446,4560.0
36,2019-02-26T21:00:00+00:00,4346.306729632564,4344.0
36,2019-02-26T22:00:00+00:00,4198.871508222117,4220.0
36,2019-02-26T23:00:00+00:00,4251.484229599082,4320.0
36,2019-02-27T00:00:00+00:00,4101.7580330012515,3909.0
36,2019-02-27T01:00:00+00:00,4122.7374120770555,3777.0
36,2019-02-27T02:00:00+00:00,3856.553629569199,3657.0
36,2019-02-27T03:00:00+00:00,3695.9325614415375,3439.0
36,2019-02-27T04:00:00+00:00,3606.434432354608,3427.0
36,2019-02-27T05:00:00+00:00,3513.563636574641,3396.0
36,2019-02-27T06:00:00+00:00,3292.2553376388873,3371.0
36,2019-02-27T07:00:00+00:00,3346.9675137534978,3346.0
36,2019-02-27T08:00:00+00:00,3350.103221187655,3287.0
36,2019-02-27T09:00:00+00:00,3308.6394155916396,3208.0
36,2019-02-27T10:00:00+00:00,3369.872011248668,3488.0
36,2019-02-27T11:00:00+00:00,3735.864781751772,3669.0
36,2019-02-27T12:00:00+00:00,3798.2162791683427,3774.0
36,2019-02-27T13:00:00+00:00,3994.9102760520846,3992.0
36,2019-02-27T14:00:00+00:00,4126.4883114174,4141.0
36,2019-02-27T15:00:00+00:00,4199.81478485352,4352.0
37,2019-02-24T16:00:00+00:00,4251.052643528239,4709.0
37,2019-02-24T17:00:00+00:00,4384.7864942777405,4771.0
37,2019-02-24T18:00:00+00:00,4532.233546301768,4822.0
37,2019-02-24T19:00:00+00:00,4580.836350603071,4821.0
37,2019-02-24T20:00:00+00:00,4475.192672526585,4655.0
37,2019-02-24T21:00:00+00:00,4386.464260343335,4478.0
37,2019-02-24T22:00:00+00:00,4310.474180438452,4396.0
37,2019-02-24T23:00:00+00:00,4205.791227496081,4360.0
37,2019-02-25T00:00:00+00:00,4298.450575843101,4033.0
37,2019-02-25T01:00:00+00:00,4078.7444493177313,3897.0
37,2019-02-25T02:00:00+00:00,4021.3637923893775,3620.0
37,2019-02-25T03:00:00+00:00,3845.8267990171807,3552.0
37,2019-02-25T04:00:00+00:00,3577.361013421347,3455.0
37,2019-02-25T05:00:00+00:00,3459.761013233448,3286.0
37,2019-02-25T06:00:00+00:00,3415.1863511010756,3144.0
37,2019-02-25T07:00:00+00:00,3330.411478823745,3279.0
37,2019-02-25T08:00:00+00:00,3198.7220770680215,3308.0
37,2019-02-25T09:00:00+00:00,3150.483972910503,3440.0
37,2019-02-25T10:00:00+00:00,3188.9930166719705,3662.0
37,2019-02-25T11:00:00+00:00,3378.2574543199603,3776.0
37,2019-02-25T12:00:00+00:00,3698.181501599662,4293.0
37,2019-02-25T13:00:00+00:00,3807.906543082987,4352.0
37,2019-02-25T14:00:00+00:00,3867.627612623071,4262.0
37,2019-02-25T15:00:00+00:00,4045.859110854248,4569.0
37,2019-02-25T16:00:00+00:00,4058.5684944803897,4596.0
37,2019-02-25T17:00:00+00:00,4203.930582616088,4910.0
37,2019-02-25T18:00:00+00:00,4276.948534799729,4913.0
37,2019-02-25T19:00:00+00:00,4306.901004673069,4801.0
37,2019-02-25T20:00:00+00:00,4163.65051582946,4640.0
37,2019-02-25T21:00:00+00:00,4051.979305365734,4365.0
37,2019-02-25T22:00:00+00:00,3983.273512692972,4135.0
37,2019-02-25T23:00:00+00:00,3967.9066692297047,3878.0
37,2019-02-26T00:00:00+00:00,4009.7160576232573,3664.0
37,2019-02-26T01:00:00+00:00,3796.978360775253,3599.0
37,2019-02-26T02:00:00+00:00,3712.7418805550556,3422.0
37,2019-02-26T03:00:00+00:00,3522.120920960511,3465.0
37,2019-02-26T04:00:00+00:00,3378.751332867337,3555.0
37,2019-02-26T05:00:00+00:00,3205.0619310445068,3351.0
37,2019-02-26T06:00:00+00:00,3111.018929651072,3193.0
37,2019-02-26T07:00:00+00:00,2931.5370545314986,3238.0
37,2019-02-26T08:00:00+00:00,2966.9029223709063,3354.0
37,2019-02-26T09:00:00+00:00,3046.7249974980514,3434.0
37,2019-02-26T10:00:00+00:00,3113.665087617124,3552.0
37,2019-02-26T11:00:00+00:00,3200.164618811085,3879.0
37,2019-02-26T12:00:00+00:00,3546.5944948898054,4099.0
37,2019-02-26T13:00:00+00:00,3773.242713106441,4246.0
37,2019-02-26T14:00:00+00:00,4021.877069177457,4491.0
37,2019-02-26T15:00:00+00:00,3924.0845563927583,4449.0
37,2019-02-26T16:00:00+00:00,4057.2956129890645,4512.0
37,2019-02-26T17:00:00+00:00,4277.570600358498,4653.0
37,2019-02-26T18:00:00+00:00,4234.429706148225,4607.0
37,2019-02-26T19:00:00+00:00,4305.2070458682165,4625.0
37,2019-02-26T20:00:00+00:00,4325.242883941364,4560.0
37,2019-02-26T21:00:00+00:00,4154.967704667933,4344.0
37,2019-02-26T22:00:00+00:00,4058.122235804995,4220.0
37,2019-02-26T23:00:00+00:00,3936.5429856068035,4320.0
37,2019-02-27T00:00:00+00:00,3954.8247865078097,3909.0
37,2019-02-27T01:00:00+00:00,3845.9567044417195,3777.0
37,2019-02-27T02:00:00+00:00,3796.191922389808,3657.0
37,2019-02-27T03:00:00+00:00,3664.1030226240987,3439.0
37,2019-02-27T04:00:00+00:00,3480.5522756394,3427.0
37,2019-02-27T05:00:00+00:00,3426.629561656442,3396.0
37,2019-02-27T06:00:00+00:00,3217.1638556236176,3371.0
37,2019-02-27T07:00:00+00:00,3231.460392068321,3346.0
37,2019-02-27T08:00:00+00:00,3220.4848212134516,3287.0
37,2019-02-27T09:00:00+00:00,3318.790776018264,3208.0
37,2019-02-27T10:00:00+00:00,3381.8854375507717,3488.0
37,2019-02-27T11:00:00+00:00,3489.5098841954214,3669.0
37,2019-02-27T12:00:00+00:00,3813.203155047954,3774.0
37,2019-02-27T13:00:00+00:00,3893.502618565558,3992.0
37,2019-02-27T14:00:00+00:00,4278.4986756428425,4141.0
37,2019-02-27T15:00:00+00:00,4246.913382816951,4352.0
37,2019-02-27T16:00:00+00:00,4383.167484723169,4389.0
37,2019-02-27T17:00:00+00:00,4438.508186969049,4560.0
37,2019-02-27T18:00:00+00:00,4420.173974467098,4644.0
37,2019-02-27T19:00:00+00:00,4589.981480993625,4589.0
37,2019-02-27T20:00:00+00:00,4484.9393797037865,4403.0
37,2019-02-27T21:00:00+00:00,4347.219140920157,4211.0
37,2019-02-27T22:00:00+00:00,4180.599885614359,4003.0
37,2019-02-27T23:00:00+00:00,4145.080946819351,3815.0
37,2019-02-28T00:00:00+00:00,4110.1292165480745,3415.0
37,2019-02-28T01:00:00+00:00,4037.6479380084215,3370.0
37,2019-02-28T02:00:00+00:00,3908.453672140361,3398.0
37,2019-02-28T03:00:00+00:00,3742.0171965097416,3172.0
37,2019-02-28T04:00:00+00:00,3517.0305846658493,3219.0
37,2019-02-28T05:00:00+00:00,3500.5600903597087,3325.0
37,2019-02-28T06:00:00+00:00,3295.0244943304883,1974.0
37,2019-02-28T07:00:00+00:00,3243.083110704608,2820.0
37,2019-02-28T08:00:00+00:00,3041.349999456511,3473.0
37,2019-02-28T09:00:00+00:00,3027.907514345257,3101.0
37,2019-02-28T10:00:00+00:00,3076.7222122059957,3137.0
37,2019-02-28T11:00:00+00:00,3201.0501633700715,3250.0
37,2019-02-28T12:00:00+00:00,3359.715379920183,3273.0
37,2019-02-28T13:00:00+00:00,3487.6490575601915,3489.0
37,2019-02-28T14:00:00+00:00,3584.3012379906368,3674.0
37,2019-02-28T15:00:00+00:00,3720.1355513931862,3725.0
38,2019-02-25T16:00:00+00:00,4420.514550734027,4596.0
38,2019-02-25T17:00:00+00:00,4448.968828715506,4910.0
38,2019-02-25T18:00:00+00:00,4559.232460534405,4913.0
38,2019-02-25T19:00:00+00:00,4590.44598128549,4801.0
38,2019-02-25T20:00:00+00:00,4420.933380891902,4640.0
38,2019-02-25T21:00:00+00:00,4214.629290676048,4365.0
38,2019-02-25T22:00:00+00:00,4231.6196380051915,4135.0
38,2019-02-25T23:00:00+00:00,4106.49933314888,3878.0
38,2019-02-26T00:00:00+00:00,4066.015370033226,3664.0
38,2019-02-26T01:00:00+00:00,4054.3489970937558,3599.0
38,2019-02-26T02:00:00+00:00,3867.3182321640184,3422.0
38,2019-02-26T03:00:00+00:00,3739.463072786209,3465.0
38,2019-02-26T04:00:00+00:00,3699.6139972351043,3555.0
38,2019-02-26T05:00:00+00:00,3506.3712183530056,3351.0
38,2019-02-26T06:00:00+00:00,3447.864885151747,3193.0
38,2019-02-26T07:00:00+00:00,3374.8965025780803,3238.0
38,2019-02-26T08:00:00+00:00,3294.798489955412,3354.0
38,2019-02-26T09:00:00+00:00,3339.7701550940683,3434.0
38,2019-02-26T10:00:00+00:00,3367.1178741488893,3552.0
38,2019-02-26T11:00:00+00:00,3597.910343084218,3879.0
38,2019-02-26T12:00:00+00:00,3866.7334099055424,4099.0
38,2019-02-26T13:00:00+00:00,3991.8810441401524,4246.0
38,2019-02-26T14:00:00+00:00,4153.15814953262,4491.0
38,2019-02-26T15:00:00+00:00,4282.333248484823,4449.0
38,2019-02-26T16:00:00+00:00,4330.9977834737465,4512.0
38,2019-02-26T17:00:00+00:00,4395.056987000336,4653.0
38,2019-02-26T18:00:00+00:00,4495.301410972801,4607.0
38,2019-02-26T19:00:00+00:00,4434.494502603028,4625.0
38,2019-02-26T20:00:00+00:00,4244.9085234183385,4560.0
38,2019-02-26T21:00:00+00:00,4234.449996641907,4344.0
38,2019-02-26T22:00:00+00:00,4071.7351742817473,4220.0
38,2019-02-26T23:00:00+00:00,4040.944845814215,4320.0
38,2019-02-27T00:00:00+00:00,4069.7704993136213,3909.0
38,2019-02-27T01:00:00+00:00,3976.461590797499,3777.0
38,2019-02-27T02:00:00+00:00,3855.4769776405587,3657.0
38,2019-02-27T03:00:00+00:00,3774.111503137256,3439.0
38,2019-02-27T04:00:00+00:00,3533.604018528703,3427.0
38,2019-02-27T05:00:00+00:00,3431.4911837706823,3396.0
38,2019-02-27T06:00:00+00:00,3286.0939012119024,3371.0
38,2019-02-27T07:00:00+00:00,3176.2000256370056,3346.0
38,2019-02-27T08:00:00+00:00,3106.9204812519956,3287.0
38,2019-02-27T09:00:00+00:00,3099.072422322434,3208.0
38,2019-02-27T10:00:00+00:00,3180.341963107233,3488.0
38,2019-02-27T11:00:00+00:00,3477.092482095231,3669.0
38,2019-02-27T12:00:00+00:00,3759.145347354614,3774.0
38,2019-02-27T13:00:00+00:00,3897.537849188714,3992.0
38,2019-02-27T14:00:00+00:00,4030.128624732209,4141.0
38,2019-02-27T15:00:00+00:00,4093.8871059582884,4352.0
38,2019-02-27T16:00:00+00:00,4204.650531631353,4389.0
38,2019-02-27T17:00:00+00:00,4344.095396285207,4560.0
38,2019-02-27T18:00:00+00:00,4434.611552975381,4644.0
38,2019-02-27T19:00:00+00:00,4426.017372276487,4589.0
38,2019-02-27T20:00:00+00:00,4293.73789388363,4403.0
38,2019-02-27T21:00:00+00:00,4172.056926845772,4211.0
38,2019-02-27T22:00:00+00:00,4127.676528014888,4003.0
38,2019-02-27T23:00:00+00:00,4138.645423495615,3815.0
38,2019-02-28T00:00:00+00:00,4120.746432169237,3415.0
38,2019-02-28T01:00:00+00:00,4088.850238749586,3370.0
38,2019-02-28T02:00:00+00:00,3919.0199302024703,3398.0
38,2019-02-28T03:00:00+00:00,3799.8372054145,3172.0
38,2019-02-28T04:00:00+00:00,3628.008051914783,3219.0
38,2019-02-28T05:00:00+00:00,3358.2623624662115,3325.0
38,2019-02-28T06:00:00+00:00,3268.454786827416,1974.0
38,2019-02-28T07:00:00+00:00,3052.7611880438344,2820.0
38,2019-02-28T08:00:00+00:00,2894.8102695734515,3473.0
38,2019-02-28T09:00:00+00:00,2895.0567296742433,3101.0
38,2019-02-28T10:00:00+00:00,2987.5100667222105,3137.0
38,2019-02-28T11:00:00+00:00,3018.448971834039,3250.0
38,2019-02-28T12:00:00+00:00,3228.393156788742,3273.0
38,2019-02-28T13:00:00+00:00,3389.5363581414654,3489.0
38,2019-02-28T14:00:00+00:00,3475.931033087128,3674.0
38,2019-02-28T15:00:00+00:00,3535.089884110884,3725.0
38,2019-02-28T16:00:00+00:00,3733.113040516476,3850.0
38,2019-02-28T17:00:00+00:00,3800.905066998972,4193.0
38,2019-02-28T18:00:00+00:00,3916.4486553938864,4311.0
38,2019-02-28T19:00:00+00:00,3941.8768078256585,4232.0
38,2019-02-28T20:00:00+00:00,3901.153820050708,4022.0
38,2019-02-28T21:00:00+00:00,3851.5644813716985,3938.0
38,2019-02-28T22:00:00+00:00,3789.0498668919063,3657.0
38,2019-02-28T23:00:00+00:00,3798.4779736626,3429.0
38,2019-03-01T00:00:00+00:00,3804.734914204802,3256.0
38,2019-03-01T01:00:00+00:00,3708.089276962873,3229.0
38,2019-03-01T02:00:00+00:00,3558.501660471328,3238.0
38,2019-03-01T03:00:00+00:00,3529.757003714619,3073.0
38,2019-03-01T04:00:00+00:00,3309.141787065525,3019.0
38,2019-03-01T05:00:00+00:00,3242.970587689966,2889.0
38,2019-03-01T06:00:00+00:00,3160.4929363708748,2928.0
38,2019-03-01T07:00:00+00:00,2981.986888593254,2825.0
38,2019-03-01T08:00:00+00:00,2880.562641810589,2950.0
38,2019-03-01T09:00:00+00:00,2864.3174248585783,2853.0
38,2019-03-01T10:00:00+00:00,2771.1870991239894,2845.0
38,2019-03-01T11:00:00+00:00,2968.6599998124602,2851.0
38,2019-03-01T12:00:00+00:00,3045.3813966964963,2904.0
38,2019-03-01T13:00:00+00:00,3123.6396497681735,3088.0
38,2019-03-01T14:00:00+00:00,3256.350218535773,3262.0
38,2019-03-01T15:00:00+00:00,3305.1755242930462,3347.0
39,2019-02-26T16:00:00+00:00,4271.483914903355,4512.0
39,2019-02-26T17:00:00+00:00,4447.984772818298,4653.0
39,2019-02-26T18:00:00+00:00,4582.976039340812,4607.0
39,2019-02-26T19:00:00+00:00,4680.388650634669,4625.0
39,2019-02-26T20:00:00+00:00,4513.869790312272,4560.0
39,2019-02-26T21:00:00+00:00,4301.792228483498,4344.0
39,2019-02-26T22:00:00+00:00,4296.746306559373,4220.0
39,2019-02-26T23:00:00+00:00,4299.362656666627,4320.0
39,2019-02-27T00:00:00+00:00,4250.80783574778,3909.0
39,2019-02-27T01:00:00+00:00,4214.301602507711,3777.0
39,2019-02-27T02:00:00+00:00,4026.8594759080015,3657.0
39,2019-02-27T03:00:00+00:00,3869.814987325608,3439.0
39,2019-02-27T04:00:00+00:00,3775.369513745589,3427.0
39,2019-02-27T05:00:00+00:00,3633.135135813639,3396.0
39,2019-02-27T06:00:00+00:00,3451.566644485403,3371.0
39,2019-02-27T07:00:00+00:00,3525.9048336610977,3346.0
39,2019-02-27T08:00:00+00:00,3332.1963813396974,3287.0
39,2019-02-27T09:00:00+00:00,3305.9883006645905,3208.0
39,2019-02-27T10:00:00+00:00,3427.435332189777,3488.0
39,2019-02-27T11:00:00+00:00,3600.958527110364,3669.0
39,2019-02-27T12:00:00+00:00,3801.5006954324226,3774.0
39,2019-02-27T13:00:00+00:00,3949.8925442225595,3992.0
39,2019-02-27T14:00:00+00:00,4098.706197347171,4141.0
39,2019-02-27T15:00:00+00:00,4146.838222539344,4352.0
39,2019-02-27T16:00:00+00:00,4220.36575031352,4389.0
39,2019-02-27T17:00:00+00:00,4328.132726110049,4560.0
39,2019-02-27T18:00:00+00:00,4485.033363684298,4644.0
39,2019-02-27T19:00:00+00:00,4513.258035232377,4589.0
39,2019-02-27T20:00:00+00:00,4289.69116311096,4403.0
39,2019-02-27T21:00:00+00:00,4368.632353222456,4211.0
39,2019-02-27T22:00:00+00:00,4197.587985787851,4003.0
39,2019-02-27T23:00:00+00:00,4262.964352990675,3815.0
39,2019-02-28T00:00:00+00:00,4110.058497237845,3415.0
39,2019-02-28T01:00:00+00:00,4025.4887109601805,3370.0
39,2019-02-28T02:00:00+00:00,3856.984521665502,3398.0
39,2019-02-28T03:00:00+00:00,3828.7801736575125,3172.0
39,2019-02-28T04:00:00+00:00,3503.7007547548633,3219.0
39,2019-02-28T05:00:00+00:00,3440.449337592414,3325.0
39,2019-02-28T06:00:00+00:00,3214.572290321351,1974.0
39,2019-02-28T07:00:00+00:00,3047.44531002379,2820.0
39,2019-02-28T08:00:00+00:00,2993.5648623949373,3473.0
39,2019-02-28T09:00:00+00:00,2880.2900420021374,3101.0
39,2019-02-28T10:00:00+00:00,2910.365378415401,3137.0
39,2019-02-28T11:00:00+00:00,3103.6368911480818,3250.0
39,2019-02-28T12:00:00+00:00,3331.7400765566813,3273.0
39,2019-02-28T13:00:00+00:00,3464.8254907149058,3489.0
39,2019-02-28T14:00:00+00:00,3397.1573882573452,3674.0
39,2019-02-28T15:00:00+00:00,3338.6127377475764,3725.0
39,2019-02-28T16:00:00+00:00,3470.2671764050647,3850.0
39,2019-02-28T17:00:00+00:00,3571.5041822476537,4193.0
39,2019-02-28T18:00:00+00:00,3692.909773578902,4311.0
39,2019-02-28T19:00:00+00:00,3699.59668091802,4232.0
39,2019-02-28T20:00:00+00:00,3708.19198519474,4022.0
39,2019-02-28T21:00:00+00:00,3631.08019458575,3938.0
39,2019-02-28T22:00:00+00:00,3564.6995305616433,3657.0
39,2019-02-28T23:00:00+00:00,3705.8036552933677,3429.0
39,2019-03-01T00:00:00+00:00,3831.4053802017484,3256.0
39,2019-03-01T01:00:00+00:00,3686.001257036792,3229.0
39,2019-03-01T02:00:00+00:00,3617.800578689668,3238.0
39,2019-03-01T03:00:00+00:00,3521.6781982506272,3073.0
39,2019-03-01T04:00:00+00:00,3348.5665137088436,3019.0
39,2019-03-01T05:00:00+00:00,3306.557690251161,2889.0
39,2019-03-01T06:00:00+00:00,3146.8709762251074,2928.0
39,2019-03-01T07:00:00+00:00,3044.8572476406284,2825.0
39,2019-03-01T08:00:00+00:00,2871.2063779279515,2950.0
39,2019-03-01T09:00:00+00:00,2937.798191967345,2853.0
39,2019-03-01T10:00:00+00:00,2935.7097912527233,2845.0
39,2019-03-01T11:00:00+00:00,3067.893170695044,2851.0
39,2019-03-01T12:00:00+00:00,3268.2563762018926,2904.0
39,2019-03-01T13:00:00+00:00,3297.31044646406,3088.0
39,2019-03-01T14:00:00+00:00,3368.529220084076,3262.0
39,2019-03-01T15:00:00+00:00,3235.666340428229,3347.0
39,2019-03-01T16:00:00+00:00,3348.8198474622186,3569.0
39,2019-03-01T17:00:00+00:00,3345.5400576950697,3624.0
39,2019-03-01T18:00:00+00:00,3335.3203903459007,3669.0
39,2019-03-01T19:00:00+00:00,3347.5112428053053,3691.0
39,2019-03-01T20:00:00+00:00,3386.212881024726,3685.0
39,2019-03-01T21:00:00+00:00,3149.7847439922066,3584.0
39,2019-03-01T22:00:00+00:00,3107.1896442341554,3419.0
39,2019-03-01T23:00:00+00:00,3120.271130399171,3281.0
39,2019-03-02T00:00:00+00:00,3252.7974654496993,3159.0
39,2019-03-02T01:00:00+00:00,3195.840992197099,3119.0
39,2019-03-02T02:00:00+00:00,3198.4090284578306,3068.0
39,2019-03-02T03:00:00+00:00,3080.5012340383983,2886.0
39,2019-03-02T04:00:00+00:00,3049.437016952555,2937.0
39,2019-03-02T05:00:00+00:00,2969.6183786517017,2856.0
39,2019-03-02T06:00:00+00:00,2956.7967694285785,2883.0
39,2019-03-02T07:00:00+00:00,2941.975522139094,2983.0
39,2019-03-02T08:00:00+00:00,2942.0726785746438,2995.0
39,2019-03-02T09:00:00+00:00,3006.8085403237883,3104.0
39,2019-03-02T10:00:00+00:00,3172.4923179501525,3366.0
39,2019-03-02T11:00:00+00:00,3450.399709773796,3656.0
39,2019-03-02T12:00:00+00:00,3744.6122977775194,3873.0
39,2019-03-02T13:00:00+00:00,4011.1989820752465,4116.0
39,2019-03-02T14:00:00+00:00,4018.178911902126,4443.0
39,2019-03-02T15:00:00+00:00,4069.2915246956436,4516.0
40,2019-02-27T16:00:00+00:00,4142.769152395778,4389.0
40,2019-02-27T17:00:00+00:00,4263.329647969779,4560.0
40,2019-02-27T18:00:00+00:00,4381.0499370778825,4644.0
40,2019-02-27T19:00:00+00:00,4326.58529507228,4589.0
40,2019-02-27T20:00:00+00:00,4162.025954478571,4403.0
40,2019-02-27T21:00:00+00:00,4103.227804983394,4211.0
40,2019-02-27T22:00:00+00:00,3988.6750800454583,4003.0
40,2019-02-27T23:00:00+00:00,4086.486825838828,3815.0
40,2019-02-28T00:00:00+00:00,3986.3502653376668,3415.0
40,2019-02-28T01:00:00+00:00,4072.9331726156042,3370.0
40,2019-02-28T02:00:00+00:00,3913.909402553346,3398.0
40,2019-02-28T03:00:00+00:00,3700.4938247657406,3172.0
40,2019-02-28T04:00:00+00:00,3545.654952502354,3219.0
40,2019-02-28T05:00:00+00:00,3420.978725258599,3325.0
40,2019-02-28T06:00:00+00:00,3351.2108210761226,1974.0
40,2019-02-28T07:00:00+00:00,3230.2419380087476,2820.0
40,2019-02-28T08:00:00+00:00,3152.5565113499324,3473.0
40,2019-02-28T09:00:00+00:00,2991.7576535544968,3101.0
40,2019-02-28T10:00:00+00:00,3136.5126792000437,3137.0
40,2019-02-28T11:00:00+00:00,3322.683180071881,3250.0
40,2019-02-28T12:00:00+00:00,3437.6501747635753,3273.0
40,2019-02-28T13:00:00+00:00,3495.735546313729,3489.0
40,2019-02-28T14:00:00+00:00,3676.507652288119,3674.0
40,2019-02-28T15:00:00+00:00,3599.788667791768,3725.0
40,2019-02-28T16:00:00+00:00,3649.6262510775287,3850.0
40,2019-02-28T17:00:00+00:00,3681.3638547916685,4193.0
40,2019-02-28T18:00:00+00:00,3723.607869525475,4311.0
40,2019-02-28T19:00:00+00:00,3659.58511618542,4232.0
40,2019-02-28T20:00:00+00:00,3622.3325298511727,4022.0
40,2019-02-28T21:00:00+00:00,3406.176843163411,3938.0
40,2019-02-28T22:00:00+00:00,3536.8610062752637,3657.0
40,2019-02-28T23:00:00+00:00,3570.26709001473,3429.0
40,2019-03-01T00:00:00+00:00,3438.896288665514,3256.0
40,2019-03-01T01:00:00+00:00,3486.7211475078807,3229.0
40,2019-03-01T02:00:00+00:00,3439.2017035557687,3238.0
40,2019-03-01T03:00:00+00:00,3299.922070935163,3073.0
40,2019-03-01T04:00:00+00:00,3005.9421626806584,3019.0
40,2019-03-01T05:00:00+00:00,3161.6195544663697,2889.0
40,2019-03-01T06:00:00+00:00,2935.362704843684,2928.0
40,2019-03-01T07:00:00+00:00,2889.482065243727,2825.0
40,2019-03-01T08:00:00+00:00,2804.8356773954497,2950.0
40,2019-03-01T09:00:00+00:00,2792.209041971558,2853.0
40,2019-03-01T10:00:00+00:00,2858.0756856634353,2845.0
40,2019-03-01T11:00:00+00:00,3139.4637233138433,2851.0
40,2019-03-01T12:00:00+00:00,3291.772827055398,2904.0
40,2019-03-01T13:00:00+00:00,3438.6492998222157,3088.0
40,2019-03-01T14:00:00+00:00,3348.107433027669,3262.0
40,2019-03-01T15:00:00+00:00,3320.585592456211,3347.0
40,2019-03-01T16:00:00+00:00,3377.2465647405525,3569.0
40,2019-03-01T17:00:00+00:00,3482.431261275083,3624.0
40,2019-03-01T18:00:00+00:00,3613.8443620248104,3669.0
40,2019-03-01T19:00:00+00:00,3505.0521545083875,3691.0
40,2019-03-01T20:00:00+00:00,3329.477124722137,3685.0
40,2019-03-01T21:00:00+00:00,3181.739132133967,3584.0
40,2019-03-01T22:00:00+00:00,3199.4524687477883,3419.0
40,2019-03-01T23:00:00+00:00,3140.6748741175475,3281.0
40,2019-03-02T00:00:00+00:00,3349.121495062115,3159.0
40,2019-03-02T01:00:00+00:00,3150.4449781506564,3119.0
40,2019-03-02T02:00:00+00:00,3050.525400355556,3068.0
40,2019-03-02T03:00:00+00:00,2998.995147074802,2886.0
40,2019-03-02T04:00:00+00:00,3077.258357107477,2937.0
40,2019-03-02T05:00:00+00:00,3031.0196927378797,2856.0
40,2019-03-02T06:00:00+00:00,2914.701760942354,2883.0
40,2019-03-02T07:00:00+00:00,2804.947374249925,2983.0
40,2019-03-02T08:00:00+00:00,2699.4041572496535,2995.0
40,2019-03-02T09:00:00+00:00,2906.3221836082425,3104.0
40,2019-03-02T10:00:00+00:00,3046.6820371694066,3366.0
40,2019-03-02T11:00:00+00:00,3283.062587376351,3656.0
40,2019-03-02T12:00:00+00:00,3538.2580100699647,3873.0
40,2019-03-02T13:00:00+00:00,3817.3125087612257,4116.0
40,2019-03-02T14:00:00+00:00,3749.040582361365,4443.0
40,2019-03-02T15:00:00+00:00,3974.6597024285284,4516.0
40,2019-03-02T16:00:00+00:00,3982.9488647940475,4780.0
40,2019-03-02T17:00:00+00:00,4098.607454684102,4863.0
40,2019-03-02T18:00:00+00:00,4192.832145221295,4849.0
40,2019-03-02T19:00:00+00:00,4050.022958092084,5057.0
40,2019-03-02T20:00:00+00:00,4035.2514786910137,5020.0
40,2019-03-02T21:00:00+00:00,3841.6034352009688,4638.0
40,2019-03-02T22:00:00+00:00,3769.294658904026,4363.0
40,2019-03-02T23:00:00+00:00,3842.6960815904276,4195.0
40,2019-03-03T00:00:00+00:00,3813.90456502909,3988.0
40,2019-03-03T01:00:00+00:00,3703.981476430715,3867.0
40,2019-03-03T02:00:00+00:00,3722.59132901053,3740.0
40,2019-03-03T03:00:00+00:00,3456.7712552542584,3662.0
40,2019-03-03T04:00:00+00:00,3323.6497874663787,3648.0
40,2019-03-03T05:00:00+00:00,3137.5154393634157,3515.0
40,2019-03-03T06:00:00+00:00,3244.4297517755745,3342.0
40,2019-03-03T07:00:00+00:00,3052.4620519708433,3183.0
40,2019-03-03T08:00:00+00:00,2973.744916496431,3214.0
40,2019-03-03T09:00:00+00:00,3130.180326757868,3228.0
40,2019-03-03T10:00:00+00:00,3243.904446095474,3454.0
40,2019-03-03T11:00:00+00:00,3429.837872046008,3634.0
40,2019-03-03T12:00:00+00:00,3677.1405240218633,3780.0
40,2019-03-03T13:00:00+00:00,3883.256315812629,4041.0
40,2019-03-03T14:00:00+00:00,3942.3752798235596,4237.0
40,2019-03-03T15:00:00+00:00,4067.042320166266,4237.0
41,2019-02-28T16:00:00+00:00,3776.549237416569,3850.0
41,2019-02-28T17:00:00+00:00,3770.9623788619992,4193.0
41,2019-02-28T18:00:00+00:00,3920.953475455532,4311.0
41,2019-02-28T19:00:00+00:00,3949.3566636923315,4232.0
41,2019-02-28T20:00:00+00:00,3855.695017831632,4022.0
41,2019-02-28T21:00:00+00:00,3782.2394320847325,3938.0
41,2019-02-28T22:00:00+00:00,3689.9236011348335,3657.0
41,2019-02-28T23:00:00+00:00,3684.596057733242,3429.0
41,2019-03-01T00:00:00+00:00,3711.0056223496913,3256.0
41,2019-03-01T01:00:00+00:00,3599.10563161273,3229.0
41,2019-03-01T02:00:00+00:00,3403.8566549525503,3238.0
41,2019-03-01T03:00:00+00:00,3278.72283411592,3073.0
41,2019-03-01T04:00:00+00:00,3153.265852468664,3019.0
41,2019-03-01T05:00:00+00:00,2920.6472391018847,2889.0
41,2019-03-01T06:00:00+00:00,2702.2826975472644,2928.0
41,2019-03-01T07:00:00+00:00,2646.874580631819,2825.0
41,2019-03-01T08:00:00+00:00,2594.433237919738,2950.0
41,2019-03-01T09:00:00+00:00,2502.6703724923054,2853.0
41,2019-03-01T10:00:00+00:00,2551.425719006702,2845.0
41,2019-03-01T11:00:00+00:00,2692.279021511956,2851.0
41,2019-03-01T12:00:00+00:00,2812.188668106995,2904.0
41,2019-03-01T13:00:00+00:00,2938.7411381346815,3088.0
41,2019-03-01T14:00:00+00:00,2990.938400087249,3262.0
41,2019-03-01T15:00:00+00:00,3164.8150428501554,3347.0
41,2019-03-01T16:00:00+00:00,3309.9881716326317,3569.0
41,2019-03-01T17:00:00+00:00,3426.142821132902,3624.0
41,2019-03-01T18:00:00+00:00,3437.202131582221,3669.0
41,2019-03-01T19:00:00+00:00,3390.1277896812717,3691.0
41,2019-03-01T20:00:00+00:00,3435.343205115374,3685.0
41,2019-03-01T21:00:00+00:00,3306.6116880796267,3584.0
41,2019-03-01T22:00:00+00:00,3206.104082524605,3419.0
41,2019-03-01T23:00:00+00:00,3271.4160092344637,3281.0
41,2019-03-02T00:00:00+00:00,3302.0784481082624,3159.0
41,2019-03-02T01:00:00+00:00,3291.7330722281986,3119.0
41,2019-03-02T02:00:00+00:00,3109.56720100696,3068.0
41,2019-03-02T03:00:00+00:00,3142.2582265993447,2886.0
41,2019-03-02T04:00:00+00:00,2972.838288330002,2937.0
41,2019-03-02T05:00:00+00:00,2939.6178593030927,2856.0
41,2019-03-02T06:00:00+00:00,2804.8884855532756,2883.0
41,2019-03-02T07:00:00+00:00,2934.2697610365653,2983.0
41,2019-03-02T08:00:00+00:00,2888.544571733488,2995.0
41,2019-03-02T09:00:00+00:00,2912.359068128565,3104.0
41,2019-03-02T10:00:00+00:00,3181.3055963251322,3366.0
41,2019-03-02T11:00:00+00:00,3320.334737183335,3656.0
41,2019-03-02T12:00:00+00:00,3614.9061430704587,3873.0
41,2019-03-02T13:00:00+00:00,3883.5153665943544,4116.0
41,2019-03-02T14:00:00+00:00,4094.2288718958575,4443.0
41,2019-03-02T15:00:00+00:00,4123.490671870224,4516.0
41,2019-03-02T16:00:00+00:00,4155.489176964862,4780.0
41,2019-03-02T17:00:00+00:00,4412.377137467842,4863.0
41,2019-03-02T18:00:00+00:00,4423.983828596904,4849.0
41,2019-03-02T19:00:00+00:00,4486.432284170583,5057.0
41,2019-03-02T20:00:00+00:00,4277.327973640878,5020.0
41,2019-03-02T21:00:00+00:00,4052.207523850055,4638.0
41,2019-03-02T22:00:00+00:00,4027.242285482629,4363.0
41,2019-03-02T23:00:00+00:00,3883.3729696281016,4195.0
41,2019-03-03T00:00:00+00:00,4022.2461314469188,3988.0
41,2019-03-03T01:00:00+00:00,3851.270963187838,3867.0
41,2019-03-03T02:00:00+00:00,3634.355556134408,3740.0
41,2019-03-03T03:00:00+00:00,3526.374522238807,3662.0
41,2019-03-03T04:00:00+00:00,3435.997457874221,3648.0
41,2019-03-03T05:00:00+00:00,3270.3761049100176,3515.0
41,2019-03-03T06:00:00+00:00,3235.4826024072577,3342.0
41,2019-03-03T07:00:00+00:00,3161.271146201064,3183.0
41,2019-03-03T08:00:00+00:00,3199.002475828442,3214.0
41,2019-03-03T09:00:00+00:00,3406.58922927199,3228.0
41,2019-03-03T10:00:00+00:00,3483.40636159609,3454.0
41,2019-03-03T11:00:00+00:00,3655.021969216038,3634.0
41,2019-03-03T12:00:00+00:00,3858.3661258347042,3780.0
41,2019-03-03T13:00:00+00:00,4005.9097725053684,4041.0
41,2019-03-03T14:00:00+00:00,4252.595646347518,4237.0
41,2019-03-03T15:00:00+00:00,4398.051652370914,4237.0
41,2019-03-03T16:00:00+00:00,4487.661610497946,4520.0
41,2019-03-03T17:00:00+00:00,4669.619091078852,4643.0
41,2019-03-03T18:00:00+00:00,4642.289712779721,4729.0
41,2019-03-03T19:00:00+00:00,4689.14727025305,4894.0
41,2019-03-03T20:00:00+00:00,4517.922337252512,4848.0
41,2019-03-03T21:00:00+00:00,4368.780533309872,4596.0
41,2019-03-03T22:00:00+00:00,4216.693369235375,4380.0
41,2019-03-03T23:00:00+00:00,4128.755691470435,4149.0
41,2019-03-04T00:00:00+00:00,4144.775399743469,3747.0
41,2019-03-04T01:00:00+00:00,4101.20305164798,3619.0
41,2019-03-04T02:00:00+00:00,3806.551706503171,3436.0
41,2019-03-04T03:00:00+00:00,3589.1778301270892,3294.0
41,2019-03-04T04:00:00+00:00,3385.3102845199082,3319.0
41,2019-03-04T05:00:00+00:00,3300.1020086193694,3220.0
41,2019-03-04T06:00:00+00:00,3284.2895674088404,3018.0
41,2019-03-04T07:00:00+00:00,3180.7800923665923,3182.0
41,2019-03-04T08:00:00+00:00,3264.518034496075,3212.0
41,2019-03-04T09:00:00+00:00,3209.4007259591453,3305.0
41,2019-03-04T10:00:00+00:00,3425.810770838888,3471.0
41,2019-03-04T11:00:00+00:00,3568.8456318791086,3665.0
41,2019-03-04T12:00:00+00:00,3742.938761651976,3594.0
41,2019-03-04T13:00:00+00:00,3966.3484650633677,3889.0
41,2019-03-04T14:00:00+00:00,4194.790937929038,4090.0
41,2019-03-04T15:00:00+00:00,4362.8462578821955,3871.0
42,2019-03-01T16:00:00+00:00,3321.592913023701,3569.0
42,2019-03-01T17:00:00+00:00,3241.2770584883997,3624.0
42,2019-03-01T18:00:00+00:00,3383.997615154977,3669.0
42,2019-03-01T19:00:00+00:00,3341.9787455896735,3691.0
42,2019-03-01T20:00:00+00:00,3250.6028205376997,3685.0
42,2019-03-01T21:00:00+00:00,3196.49293170748,3584.0
42,2019-03-01T22:00:00+00:00,3286.611176615187,3419.0
42,2019-03-01T23:00:00+00:00,3197.817068175518,3281.0
42,2019-03-02T00:00:00+00:00,3105.2769512636896,3159.0
42,2019-03-02T01:00:00+00:00,3110.2602172008064,3119.0
42,2019-03-02T02:00:00+00:00,3093.4914129818408,3068.0
42,2019-03-02T03:00:00+00:00,2918.096023462137,2886.0
42,2019-03-02T04:00:00+00:00,2953.053635993797,2937.0
42,2019-03-02T05:00:00+00:00,2833.697615849357,2856.0
42,2019-03-02T06:00:00+00:00,2783.0035027496488,2883.0
42,2019-03-02T07:00:00+00:00,2749.482351422229,2983.0
42,2019-03-02T08:00:00+00:00,2808.400723744797,2995.0
42,2019-03-02T09:00:00+00:00,2793.7704185929333,3104.0
42,2019-03-02T10:00:00+00:00,2995.0823203418754,3366.0
42,2019-03-02T11:00:00+00:00,3304.638553231399,3656.0
42,2019-03-02T12:00:00+00:00,3430.765716005506,3873.0
42,2019-03-02T13:00:00+00:00,3650.2832466881273,4116.0
42,2019-03-02T14:00:00+00:00,3900.4563756383704,4443.0
42,2019-03-02T15:00:00+00:00,3959.016591005671,4516.0
42,2019-03-02T16:00:00+00:00,4042.343700207688,4780.0
42,2019-03-02T17:00:00+00:00,4173.2800404486825,4863.0
42,2019-03-02T18:00:00+00:00,4253.639714519201,4849.0
42,2019-03-02T19:00:00+00:00,4219.424853023395,5057.0
42,2019-03-02T20:00:00+00:00,4132.2163111747695,5020.0
42,2019-03-02T21:00:00+00:00,3966.995117148685,4638.0
42,2019-03-02T22:00:00+00:00,3910.17479509148,4363.0
42,2019-03-02T23:00:00+00:00,3883.198914204279,4195.0
42,2019-03-03T00:00:00+00:00,3751.4246492762795,3988.0
42,2019-03-03T01:00:00+00:00,3607.94440529044,3867.0
42,2019-03-03T02:00:00+00:00,3508.498250317,3740.0
42,2019-03-03T03:00:00+00:00,3326.830074503106,3662.0
42,2019-03-03T04:00:00+00:00,3161.7834976897575,3648.0
42,2019-03-03T05:00:00+00:00,3071.3841600470896,3515.0
42,2019-03-03T06:00:00+00:00,2865.2777534358124,3342.0
42,2019-03-03T07:00:00+00:00,2865.227985547398,3183.0
42,2019-03-03T08:00:00+00:00,2928.030103765041,3214.0
42,2019-03-03T09:00:00+00:00,2933.358836837272,3228.0
42,2019-03-03T10:00:00+00:00,3170.867029578317,3454.0
42,2019-03-03T11:00:00+00:00,3374.8189096152673,3634.0
42,2019-03-03T12:00:00+00:00,3531.0293399402344,3780.0
42,2019-03-03T13:00:00+00:00,3787.600319310633,4041.0
42,2019-03-03T14:00:00+00:00,4058.673119403842,4237.0
42,2019-03-03T15:00:00+00:00,4205.082315980636,4237.0
42,2019-03-03T16:00:00+00:00,4241.864552809041,4520.0
42,2019-03-03T17:00:00+00:00,4313.571752319336,4643.0
42,2019-03-03T18:00:00+00:00,4447.619543932007,4729.0
42,2019-03-03T19:00:00+00:00,4510.779686919291,4894.0
42,2019-03-03T20:00:00+00:00,4420.611641076763,4848.0
42,2019-03-03T21:00:00+00:00,4242.663416643386,4596.0
42,2019-03-03T22:00:00+00:00,4172.751165756665,4380.0
42,2019-03-03T23:00:00+00:00,4036.0621070461257,4149.0
42,2019-03-04T00:00:00+00:00,4001.460272128454,3747.0
42,2019-03-04T01:00:00+00:00,3773.6604196864905,3619.0
42,2019-03-04T02:00:00+00:00,3618.898842968257,3436.0
42,2019-03-04T03:00:00+00:00,3560.659970859216,3294.0
42,2019-03-04T04:00:00+00:00,3511.2431674693235,3319.0
42,2019-03-04T05:00:00+00:00,3335.7504232356305,3220.0
42,2019-03-04T06:00:00+00:00,3210.2745390437713,3018.0
42,2019-03-04T07:00:00+00:00,3046.6101942813507,3182.0
42,2019-03-04T08:00:00+00:00,3085.371117754301,3212.0
42,2019-03-04T09:00:00+00:00,3266.4870715898787,3305.0
42,2019-03-04T10:00:00+00:00,3236.595175779926,3471.0
42,2019-03-04T11:00:00+00:00,3365.5738799374117,3665.0
42,2019-03-04T12:00:00+00:00,3671.455848103611,3594.0
42,2019-03-04T13:00:00+00:00,3892.518760946789,3889.0
42,2019-03-04T14:00:00+00:00,4120.236063464942,4090.0
42,2019-03-04T15:00:00+00:00,4105.173379128477,3871.0
42,2019-03-04T16:00:00+00:00,4203.955830070768,3887.0
42,2019-03-04T17:00:00+00:00,4345.083682122467,4048.0
42,2019-03-04T18:00:00+00:00,4455.387630557478,4272.0
42,2019-03-04T19:00:00+00:00,4458.533053635189,4234.0
42,2019-03-04T20:00:00+00:00,4248.155795521345,4080.0
42,2019-03-04T21:00:00+00:00,4256.7399962054305,3860.0
42,2019-03-04T22:00:00+00:00,4027.661578290198,3836.0
42,2019-03-04T23:00:00+00:00,4087.5023419151667,3779.0
42,2019-03-05T00:00:00+00:00,3932.150655513393,3377.0
42,2019-03-05T01:00:00+00:00,3892.454188268196,3424.0
42,2019-03-05T02:00:00+00:00,3759.1672571222225,3337.0
42,2019-03-05T03:00:00+00:00,3533.861813546976,3185.0
42,2019-03-05T04:00:00+00:00,3463.281132992955,3246.0
42,2019-03-05T05:00:00+00:00,3354.727223114882,3180.0
42,2019-03-05T06:00:00+00:00,3192.0126651259748,3136.0
42,2019-03-05T07:00:00+00:00,3238.728982257284,3156.0
42,2019-03-05T08:00:00+00:00,3194.4849329002363,3210.0
42,2019-03-05T09:00:00+00:00,3144.453466346664,3234.0
42,2019-03-05T10:00:00+00:00,3138.8476722010837,3413.0
42,2019-03-05T11:00:00+00:00,3588.7179232857484,3704.0
42,2019-03-05T12:00:00+00:00,3694.0800129311738,3868.0
42,2019-03-05T13:00:00+00:00,3990.131303000875,4008.0
42,2019-03-05T14:00:00+00:00,4052.216115915784,4148.0
42,2019-03-05T15:00:00+00:00,4219.316989552091,3984.0
43,2019-03-02T16:00:00+00:00,4305.452382391182,4780.0
43,2019-03-02T17:00:00+00:00,4334.145519799924,4863.0
43,2019-03-02T18:00:00+00:00,4430.682335224757,4849.0
43,2019-03-02T19:00:00+00:00,4440.8586456884,5057.0
43,2019-03-02T20:00:00+00:00,4312.160472476963,5020.0
43,2019-03-02T21:00:00+00:00,4210.315611030463,4638.0
43,2019-03-02T22:00:00+00:00,4111.105143029247,4363.0
43,2019-03-02T23:00:00+00:00,4028.596857691192,4195.0
43,2019-03-03T00:00:00+00:00,3870.3251247050557,3988.0
43,2019-03-03T01:00:00+00:00,3884.224311156206,3867.0
43,2019-03-03T02:00:00+00:00,3772.1863516714834,3740.0
43,2019-03-03T03:00:00+00:00,3703.706067677698,3662.0
43,2019-03-03T04:00:00+00:00,3623.5792385884315,3648.0
43,2019-03-03T05:00:00+00:00,3449.7247782259883,3515.0
43,2019-03-03T06:00:00+00:00,3329.2004602056677,3342.0
43,2019-03-03T07:00:00+00:00,3308.4554958154317,3183.0
43,2019-03-03T08:00:00+00:00,3196.725627979902,3214.0
43,2019-03-03T09:00:00+00:00,3231.2992743127015,3228.0
43,2019-03-03T10:00:00+00:00,3484.280761254434,3454.0
43,2019-03-03T11:00:00+00:00,3585.880377055586,3634.0
43,2019-03-03T12:00:00+00:00,3811.095124767783,3780.0
43,2019-03-03T13:00:00+00:00,3933.1366281021874,4041.0
43,2019-03-03T14:00:00+00:00,4163.273125865523,4237.0
43,2019-03-03T15:00:00+00:00,4205.712114398562,4237.0
43,2019-03-03T16:00:00+00:00,4219.736216266847,4520.0
43,2019-03-03T17:00:00+00:00,4279.447768441816,4643.0
43,2019-03-03T18:00:00+00:00,4374.9551882995165,4729.0
43,2019-03-03T19:00:00+00:00,4383.879106043959,4894.0
43,2019-03-03T20:00:00+00:00,4310.306502971113,4848.0
43,2019-03-03T21:00:00+00:00,4185.723730965363,4596.0
43,2019-03-03T22:00:00+00:00,4085.6087167213373,4380.0
43,2019-03-03T23:00:00+00:00,4090.307122633136,4149.0
43,2019-03-04T00:00:00+00:00,3981.366470658043,3747.0
43,2019-03-04T01:00:00+00:00,3923.627128031916,3619.0
43,2019-03-04T02:00:00+00:00,3805.904657860974,3436.0
43,2019-03-04T03:00:00+00:00,3744.70185353954,3294.0
43,2019-03-04T04:00:00+00:00,3524.1558525891733,3319.0
43,2019-03-04T05:00:00+00:00,3360.3591404449185,3220.0
43,2019-03-04T06:00:00+00:00,3221.8394429916243,3018.0
43,2019-03-04T07:00:00+00:00,3128.3271999353874,3182.0
43,2019-03-04T08:00:00+00:00,3124.7404420968714,3212.0
43,2019-03-04T09:00:00+00:00,3096.277472910443,3305.0
43,2019-03-04T10:00:00+00:00,3126.756702505777,3471.0
43,2019-03-04T11:00:00+00:00,3426.31342320723,3665.0
43,2019-03-04T12:00:00+00:00,3740.6262402074576,3594.0
43,2019-03-04T13:00:00+00:00,3740.314810871193,3889.0
43,2019-03-04T14:00:00+00:00,3946.6504273589912,4090.0
43,2019-03-04T15:00:00+00:00,4013.148323510687,3871.0
43,2019-03-04T16:00:00+00:00,4043.809308342593,3887.0
43,2019-03-04T17:00:00+00:00,4194.197754929679,4048.0
43,2019-03-04T18:00:00+00:00,4322.707167066335,4272.0
43,2019-03-04T19:00:00+00:00,4342.206661959562,4234.0
43,2019-03-04T20:00:00+00:00,4132.236205111572,4080.0
43,2019-03-04T21:00:00+00:00,3974.3794028073276,3860.0
43,2019-03-04T22:00:00+00:00,3913.5661495274776,3836.0
43,2019-03-04T23:00:00+00:00,3845.6474561682935,3779.0
43,2019-03-05T00:00:00+00:00,3747.3681367672407,3377.0
43,2019-03-05T01:00:00+00:00,3649.5975998429635,3424.0
43,2019-03-05T02:00:00+00:00,3476.4450699425606,3337.0
43,2019-03-05T03:00:00+00:00,3460.7368736218073,3185.0
43,2019-03-05T04:00:00+00:00,3349.52864331524,3246.0
43,2019-03-05T05:00:00+00:00,3200.792318782189,3180.0
43,2019-03-05T06:00:00+00:00,3142.6204317394263,3136.0
43,2019-03-05T07:00:00+00:00,3029.5097363252507,3156.0
43,2019-03-05T08:00:00+00:00,3025.437493726647,3210.0
43,2019-03-05T09:00:00+00:00,3102.041757622314,3234.0
43,2019-03-05T10:00:00+00:00,3273.3603771857033,3413.0
43,2019-03-05T11:00:00+00:00,3346.6510283170155,3704.0
43,2019-03-05T12:00:00+00:00,3807.394654243986,3868.0
43,2019-03-05T13:00:00+00:00,3976.9288669875227,4008.0
43,2019-03-05T14:00:00+00:00,4037.062620053846,4148.0
43,2019-03-05T15:00:00+00:00,4111.668518169808,3984.0
43,2019-03-05T16:00:00+00:00,4291.720014200799,4131.0
43,2019-03-05T17:00:00+00:00,4330.627861997712,4424.0
43,2019-03-05T18:00:00+00:00,4369.431415335241,4477.0
43,2019-03-05T19:00:00+00:00,4409.332175466345,4500.0
43,2019-03-05T20:00:00+00:00,4293.107368444757,4391.0
43,2019-03-05T21:00:00+00:00,4136.07831253427,4055.0
43,2019-03-05T22:00:00+00:00,3947.6286670886293,3928.0
43,2019-03-05T23:00:00+00:00,4071.998818513997,3906.0
43,2019-03-06T00:00:00+00:00,3954.024997374079,3703.0
43,2019-03-06T01:00:00+00:00,3887.0875179211316,3184.0
43,2019-03-06T02:00:00+00:00,3730.2767004801563,3522.0
43,2019-03-06T03:00:00+00:00,3672.897332361662,3392.0
43,2019-03-06T04:00:00+00:00,3531.013576804263,3328.0
43,2019-03-06T05:00:00+00:00,3577.5577552033346,3281.0
43,2019-03-06T06:00:00+00:00,3318.357636766309,3135.0
43,2019-03-06T07:00:00+00:00,3276.447572494899,3138.0
43,2019-03-06T08:00:00+00:00,3234.217536391105,3170.0
43,2019-03-06T09:00:00+00:00,3234.359702032511,3308.0
43,2019-03-06T10:00:00+00:00,3246.47180490487,3472.0
43,2019-03-06T11:00:00+00:00,3617.4452141557626,4028.0
43,2019-03-06T12:00:00+00:00,3745.023527261866,3801.0
43,2019-03-06T13:00:00+00:00,3806.2037278411517,4049.0
43,2019-03-06T14:00:00+00:00,4015.597921449987,4282.0
43,2019-03-06T15:00:00+00:00,4083.420912415514,4257.0
44,2019-03-03T16:00:00+00:00,4518.446717633226,4520.0
44,2019-03-03T17:00:00+00:00,4664.118582784857,4643.0
44,2019-03-03T18:00:00+00:00,4860.753162229444,4729.0
44,2019-03-03T19:00:00+00:00,4867.724764361847,4894.0
44,2019-03-03T20:00:00+00:00,4724.743273268365,4848.0
44,2019-03-03T21:00:00+00:00,4500.401793375085,4596.0
44,2019-03-03T22:00:00+00:00,4469.6267984402375,4380.0
44,2019-03-03T23:00:00+00:00,4337.8801603081965,4149.0
44,2019-03-04T00:00:00+00:00,4210.817057204962,3747.0
44,2019-03-04T01:00:00+00:00,4216.886888992714,3619.0
44,2019-03-04T02:00:00+00:00,4014.025969978484,3436.0
44,2019-03-04T03:00:00+00:00,3915.195866117804,3294.0
44,2019-03-04T04:00:00+00:00,3642.398770618438,3319.0
44,2019-03-04T05:00:00+00:00,3435.336281893181,3220.0
44,2019-03-04T06:00:00+00:00,3336.545321501177,3018.0
44,2019-03-04T07:00:00+00:00,3281.2978596916582,3182.0
44,2019-03-04T08:00:00+00:00,3122.246528926254,3212.0
44,2019-03-04T09:00:00+00:00,3133.3468499662254,3305.0
44,2019-03-04T10:00:00+00:00,3234.993961715335,3471.0
44,2019-03-04T11:00:00+00:00,3358.2422041581553,3665.0
44,2019-03-04T12:00:00+00:00,3610.7158917537095,3594.0
44,2019-03-04T13:00:00+00:00,3914.3287284073213,3889.0
44,2019-03-04T14:00:00+00:00,3926.963294968809,4090.0
44,2019-03-04T15:00:00+00:00,4092.0146304647146,3871.0
44,2019-03-04T16:00:00+00:00,4205.295663581965,3887.0
44,2019-03-04T17:00:00+00:00,4244.338869460515,4048.0
44,2019-03-04T18:00:00+00:00,4277.303651485584,4272.0
44,2019-03-04T19:00:00+00:00,4356.446755141708,4234.0
44,2019-03-04T20:00:00+00:00,4366.001198325022,4080.0
44,2019-03-04T21:00:00+00:00,4162.251991900054,3860.0
44,2019-03-04T22:00:00+00:00,3968.117967953822,3836.0
44,2019-03-04T23:00:00+00:00,3889.987472290251,3779.0
44,2019-03-05T00:00:00+00:00,3914.588671442026,3377.0
44,2019-03-05T01:00:00+00:00,3828.9931577483685,3424.0
44,2019-03-05T02:00:00+00:00,3635.0398315536954,3337.0
44,2019-03-05T03:00:00+00:00,3576.127225829088,3185.0
44,2019-03-05T04:00:00+00:00,3350.316370510544,3246.0
44,2019-03-05T05:00:00+00:00,3136.0127696834534,3180.0
44,2019-03-05T06:00:00+00:00,3064.1199650302115,3136.0
44,2019-03-05T07:00:00+00:00,3103.991528661041,3156.0
44,2019-03-05T08:00:00+00:00,2880.51637684128,3210.0
44,2019-03-05T09:00:00+00:00,2948.884104774017,3234.0
44,2019-03-05T10:00:00+00:00,3030.5748220115643,3413.0
44,2019-03-05T11:00:00+00:00,3241.7323884024195,3704.0
44,2019-03-05T12:00:00+00:00,3527.7402971792235,3868.0
44,2019-03-05T13:00:00+00:00,3678.9896026595293,4008.0
44,2019-03-05T14:00:00+00:00,3945.191626783856,4148.0
44,2019-03-05T15:00:00+00:00,3690.6753407932965,3984.0
44,2019-03-05T16:00:00+00:00,3855.928028044918,4131.0
44,2019-03-05T17:00:00+00:00,4070.8187974253565,4424.0
44,2019-03-05T18:00:00+00:00,4102.219559116518,4477.0
44,2019-03-05T19:00:00+00:00,4232.953985812885,4500.0
44,2019-03-05T20:00:00+00:00,4113.414822482793,4391.0
44,2019-03-05T21:00:00+00:00,3947.1934459130557,4055.0
44,2019-03-05T22:00:00+00:00,3872.0685209342564,3928.0
44,2019-03-05T23:00:00+00:00,3758.0251072156025,3906.0
44,2019-03-06T00:00:00+00:00,3842.538516323523,3703.0
44,2019-03-06T01:00:00+00:00,3710.8664969776964,3184.0
44,2019-03-06T02:00:00+00:00,3680.5920890107764,3522.0
44,2019-03-06T03:00:00+00:00,3503.8440439740953,3392.0
44,2019-03-06T04:00:00+00:00,3349.9824696177575,3328.0
44,2019-03-06T05:00:00+00:00,3190.165717981538,3281.0
44,2019-03-06T06:00:00+00:00,3140.9915082628595,3135.0
44,2019-03-06T07:00:00+00:00,3169.4790970222416,3138.0
44,2019-03-06T08:00:00+00:00,3098.310553940333,3170.0
44,2019-03-06T09:00:00+00:00,3058.550786303199,3308.0
44,2019-03-06T10:00:00+00:00,3117.870160247255,3472.0
44,2019-03-06T11:00:00+00:00,3408.7139479875195,4028.0
44,2019-03-06T12:00:00+00:00,3635.517005142511,3801.0
44,2019-03-06T13:00:00+00:00,3889.087949101252,4049.0
44,2019-03-06T14:00:00+00:00,4050.5427780686805,4282.0
44,2019-03-06T15:00:00+00:00,4048.1403703980754,4257.0
44,2019-03-06T16:00:00+00:00,4219.718569485696,4187.0
44,2019-03-06T17:00:00+00:00,4227.252621459274,4893.0
44,2019-03-06T18:00:00+00:00,4367.955628907088,5060.0
44,2019-03-06T19:00:00+00:00,4524.5020090020535,4593.0
44,2019-03-06T20:00:00+00:00,4461.0901184889135,4580.0
44,2019-03-06T21:00:00+00:00,4243.348336467603,4419.0
44,2019-03-06T22:00:00+00:00,4175.3942834533045,4253.0
44,2019-03-06T23:00:00+00:00,4096.932464516666,4083.0
44,2019-03-07T00:00:00+00:00,4085.694571285813,3778.0
44,2019-03-07T01:00:00+00:00,4044.4514000237923,3554.0
44,2019-03-07T02:00:00+00:00,4002.6900611055084,3427.0
44,2019-03-07T03:00:00+00:00,3742.753404357079,3327.0
44,2019-03-07T04:00:00+00:00,3658.1694411709623,3417.0
44,2019-03-07T05:00:00+00:00,3439.7007373425827,3417.0
44,2019-03-07T06:00:00+00:00,3334.662238111069,3295.0
44,2019-03-07T07:00:00+00:00,3221.6833978594254,3433.0
44,2019-03-07T08:00:00+00:00,2982.3557525842757,3149.0
44,2019-03-07T09:00:00+00:00,3032.001765850689,3173.0
44,2019-03-07T10:00:00+00:00,2962.0074276898504,3301.0
44,2019-03-07T11:00:00+00:00,3088.5865496445,3374.0
44,2019-03-07T12:00:00+00:00,3297.9609484557523,3569.0
44,2019-03-07T13:00:00+00:00,3481.4066656985174,3342.0
44,2019-03-07T14:00:00+00:00,3522.6275223744474,3468.0
44,2019-03-07T15:00:00+00:00,3617.4895459102827,3392.0
45,2019-03-04T16:00:00+00:00,4286.867545941201,3887.0
45,2019-03-04T17:00:00+00:00,4319.186138530646,4048.0
45,2019-03-04T18:00:00+00:00,4488.733371558401,4272.0
45,2019-03-04T19:00:00+00:00,4432.7115167786615,4234.0
45,2019-03-04T20:00:00+00:00,4326.006123749341,4080.0
45,2019-03-04T21:00:00+00:00,4232.938850558639,3860.0
45,2019-03-04T22:00:00+00:00,4192.421973221962,3836.0
45,2019-03-04T23:00:00+00:00,3997.3991331224847,3779.0
45,2019-03-05T00:00:00+00:00,3960.8486176975057,3377.0
45,2019-03-05T01:00:00+00:00,3801.394781699111,3424.0
45,2019-03-05T02:00:00+00:00,3685.569637919543,3337.0
45,2019-03-05T03:00:00+00:00,3492.1350742164536,3185.0
45,2019-03-05T04:00:00+00:00,3363.6060325142475,3246.0
45,2019-03-05T05:00:00+00:00,3195.522557022624,3180.0
45,2019-03-05T06:00:00+00:00,3103.266176558288,3136.0
45,2019-03-05T07:00:00+00:00,2946.7564118818896,3156.0
45,2019-03-05T08:00:00+00:00,3020.565759411972,3210.0
45,2019-03-05T09:00:00+00:00,2936.741103511441,3234.0
45,2019-03-05T10:00:00+00:00,2928.357957165411,3413.0
45,2019-03-05T11:00:00+00:00,3226.078090770912,3704.0
45,2019-03-05T12:00:00+00:00,3457.534197644575,3868.0
45,2019-03-05T13:00:00+00:00,3594.799337839031,4008.0
45,2019-03-05T14:00:00+00:00,3711.9612913835876,4148.0
45,2019-03-05T15:00:00+00:00,3804.986727823471,3984.0
45,2019-03-05T16:00:00+00:00,4011.512724659977,4131.0
45,2019-03-05T17:00:00+00:00,4225.99117402465,4424.0
45,2019-03-05T18:00:00+00:00,4327.279996632866,4477.0
45,2019-03-05T19:00:00+00:00,4216.451733909954,4500.0
45,2019-03-05T20:00:00+00:00,4040.7918409514277,4391.0
45,2019-03-05T21:00:00+00:00,4075.189316890379,4055.0
45,2019-03-05T22:00:00+00:00,4103.5094264608615,3928.0
45,2019-03-05T23:00:00+00:00,3917.1551875680525,3906.0
45,2019-03-06T00:00:00+00:00,3829.1231953585343,3703.0
45,2019-03-06T01:00:00+00:00,3689.6628319399624,3184.0
45,2019-03-06T02:00:00+00:00,3609.3112872854795,3522.0
45,2019-03-06T03:00:00+00:00,3517.491268097747,3392.0
45,2019-03-06T04:00:00+00:00,3394.4690465532053,3328.0
45,2019-03-06T05:00:00+00:00,3234.1494442702037,3281.0
45,2019-03-06T06:00:00+00:00,3024.2830175103472,3135.0
45,2019-03-06T07:00:00+00:00,3050.6584782351338,3138.0
45,2019-03-06T08:00:00+00:00,3039.5315548378094,3170.0
45,2019-03-06T09:00:00+00:00,3016.945195099454,3308.0
45,2019-03-06T10:00:00+00:00,3235.754475194763,3472.0
45,2019-03-06T11:00:00+00:00,3351.074372463067,4028.0
45,2019-03-06T12:00:00+00:00,3574.1162528452464,3801.0
45,2019-03-06T13:00:00+00:00,3784.6296125848767,4049.0
45,2019-03-06T14:00:00+00:00,3944.5102098787434,4282.0
45,2019-03-06T15:00:00+00:00,4041.0570053183833,4257.0
45,2019-03-06T16:00:00+00:00,4140.282806852284,4187.0
45,2019-03-06T17:00:00+00:00,4246.565205876492,4893.0
45,2019-03-06T18:00:00+00:00,4364.617016536103,5060.0
45,2019-03-06T19:00:00+00:00,4299.8758012690805,4593.0
45,2019-03-06T20:00:00+00:00,4271.521852178189,4580.0
45,2019-03-06T21:00:00+00:00,4183.344389686599,4419.0
45,2019-03-06T22:00:00+00:00,4075.3652559593806,4253.0
45,2019-03-06T23:00:00+00:00,4028.58819953265,4083.0
45,2019-03-07T00:00:00+00:00,3919.6000268247953,3778.0
45,2019-03-07T01:00:00+00:00,3879.0854627365834,3554.0
45,2019-03-07T02:00:00+00:00,3766.4548489950084,3427.0
45,2019-03-07T03:00:00+00:00,3614.1112943745215,3327.0
45,2019-03-07T04:00:00+00:00,3477.5549665562908,3417.0
45,2019-03-07T05:00:00+00:00,3316.501717522467,3417.0
45,2019-03-07T06:00:00+00:00,3225.819337406846,3295.0
45,2019-03-07T07:00:00+00:00,3106.635125530577,3433.0
45,2019-03-07T08:00:00+00:00,3026.286026310186,3149.0
45,2019-03-07T09:00:00+00:00,3118.0659106370435,3173.0
45,2019-03-07T10:00:00+00:00,3076.9827831224266,3301.0
45,2019-03-07T11:00:00+00:00,3215.7302694567557,3374.0
45,2019-03-07T12:00:00+00:00,3244.083359341075,3569.0
45,2019-03-07T13:00:00+00:00,3446.0779668049886,3342.0
45,2019-03-07T14:00:00+00:00,3619.255975484918,3468.0
45,2019-03-07T15:00:00+00:00,3490.65352119034,3392.0
45,2019-03-07T16:00:00+00:00,3612.394797920334,3262.0
45,2019-03-07T17:00:00+00:00,3771.3118776587244,3460.0
45,2019-03-07T18:00:00+00:00,3857.724926406484,3611.0
45,2019-03-07T19:00:00+00:00,3847.0794891540427,3725.0
45,2019-03-07T20:00:00+00:00,3670.160759427017,3620.0
45,2019-03-07T21:00:00+00:00,3803.9091175490375,3535.0
45,2019-03-07T22:00:00+00:00,3774.436151036181,3474.0
45,2019-03-07T23:00:00+00:00,3586.972973875435,3399.0
45,2019-03-08T00:00:00+00:00,3519.648157490149,3213.0
45,2019-03-08T01:00:00+00:00,3544.9595569672283,3274.0
45,2019-03-08T02:00:00+00:00,3423.59386917201,3248.0
45,2019-03-08T03:00:00+00:00,3308.1781208012194,3178.0
45,2019-03-08T04:00:00+00:00,3084.1812157900727,3149.0
45,2019-03-08T05:00:00+00:00,2979.9687775855764,2871.0
45,2019-03-08T06:00:00+00:00,2947.9173321474864,2872.0
45,2019-03-08T07:00:00+00:00,2814.7125543684433,2824.0
45,2019-03-08T08:00:00+00:00,2704.06786443447,2774.0
45,2019-03-08T09:00:00+00:00,2605.8725820455265,2720.0
45,2019-03-08T10:00:00+00:00,2608.7103430773323,2814.0
45,2019-03-08T11:00:00+00:00,2751.495538515316,2821.0
45,2019-03-08T12:00:00+00:00,2905.087140252531,2872.0
45,2019-03-08T13:00:00+00:00,3035.579931623476,2954.0
45,2019-03-08T14:00:00+00:00,3075.06576107269,3047.0
45,2019-03-08T15:00:00+00:00,3183.119612725343,2975.0
46,2019-03-05T16:00:00+00:00,4006.5894709973354,4131.0
46,2019-03-05T17:00:00+00:00,4106.3330436306205,4424.0
46,2019-03-05T18:00:00+00:00,4121.399627443071,4477.0
46,2019-03-05T19:00:00+00:00,4171.085759047157,4500.0
46,2019-03-05T20:00:00+00:00,4063.257911769579,4391.0
46,2019-03-05T21:00:00+00:00,3889.760906126262,4055.0
46,2019-03-05T22:00:00+00:00,3816.629869139067,3928.0
46,2019-03-05T23:00:00+00:00,3895.0072875531223,3906.0
46,2019-03-06T00:00:00+00:00,3909.850675935062,3703.0
46,2019-03-06T01:00:00+00:00,3821.07543699359,3184.0
46,2019-03-06T02:00:00+00:00,3610.3148405626116,3522.0
46,2019-03-06T03:00:00+00:00,3620.2753249444286,3392.0
46,2019-03-06T04:00:00+00:00,3474.2198901508173,3328.0
46,2019-03-06T05:00:00+00:00,3401.3175012512297,3281.0
46,2019-03-06T06:00:00+00:00,3324.6119996887924,3135.0
46,2019-03-06T07:00:00+00:00,3296.9291239777317,3138.0
46,2019-03-06T08:00:00+00:00,3180.085423852413,3170.0
46,2019-03-06T09:00:00+00:00,3184.2126556716817,3308.0
46,2019-03-06T10:00:00+00:00,3380.970927816357,3472.0
46,2019-03-06T11:00:00+00:00,3600.562399833856,4028.0
46,2019-03-06T12:00:00+00:00,3830.5633577603194,3801.0
46,2019-03-06T13:00:00+00:00,3888.3221977663698,4049.0
46,2019-03-06T14:00:00+00:00,3952.7024140871526,4282.0
46,2019-03-06T15:00:00+00:00,4077.895949780599,4257.0
46,2019-03-06T16:00:00+00:00,4162.550136580846,4187.0
46,2019-03-06T17:00:00+00:00,4288.056952209329,4893.0
46,2019-03-06T18:00:00+00:00,4306.89922016711,5060.0
46,2019-03-06T19:00:00+00:00,4405.259668496487,4593.0
46,2019-03-06T20:00:00+00:00,4226.3088821781785,4580.0
46,2019-03-06T21:00:00+00:00,4206.977990051677,4419.0
46,2019-03-06T22:00:00+00:00,4004.4970386211025,4253.0
46,2019-03-06T23:00:00+00:00,4016.276892921008,4083.0
46,2019-03-07T00:00:00+00:00,3971.4583648307657,3778.0
46,2019-03-07T01:00:00+00:00,3715.657598060147,3554.0
46,2019-03-07T02:00:00+00:00,3722.7531903102995,3427.0
46,2019-03-07T03:00:00+00:00,3629.517496108109,3327.0
46,2019-03-07T04:00:00+00:00,3343.5977881906524,3417.0
46,2019-03-07T05:00:00+00:00,3312.8154239071227,3417.0
46,2019-03-07T06:00:00+00:00,3099.8977232820985,3295.0
46,2019-03-07T07:00:00+00:00,2846.8195508161116,3433.0
46,2019-03-07T08:00:00+00:00,2911.2968574796305,3149.0
46,2019-03-07T09:00:00+00:00,2888.255382628898,3173.0
46,2019-03-07T10:00:00+00:00,2906.7322895147627,3301.0
46,2019-03-07T11:00:00+00:00,2969.0751948656043,3374.0
46,2019-03-07T12:00:00+00:00,3162.190199816393,3569.0
46,2019-03-07T13:00:00+00:00,3274.240287332356,3342.0
46,2019-03-07T14:00:00+00:00,3209.058794789543,3468.0
46,2019-03-07T15:00:00+00:00,3288.2069214994776,3392.0
46,2019-03-07T16:00:00+00:00,3410.9171188724345,3262.0
46,2019-03-07T17:00:00+00:00,3450.6374125768257,3460.0
46,2019-03-07T18:00:00+00:00,3507.4338090356164,3611.0
46,2019-03-07T19:00:00+00:00,3477.0028602403977,3725.0
46,2019-03-07T20:00:00+00:00,3492.9563269913037,3620.0
46,2019-03-07T21:00:00+00:00,3393.9994075451064,3535.0
46,2019-03-07T22:00:00+00:00,3459.147622356423,3474.0
46,2019-03-07T23:00:00+00:00,3483.9141361574625,3399.0
46,2019-03-08T00:00:00+00:00,3527.804060220854,3213.0
46,2019-03-08T01:00:00+00:00,3352.2104087844564,3274.0
46,2019-03-08T02:00:00+00:00,3334.266870901915,3248.0
46,2019-03-08T03:00:00+00:00,3212.615645630041,3178.0
46,2019-03-08T04:00:00+00:00,3069.8372577518267,3149.0
46,2019-03-08T05:00:00+00:00,3001.018512461137,2871.0
46,2019-03-08T06:00:00+00:00,2780.765600091345,2872.0
46,2019-03-08T07:00:00+00:00,2676.280198567924,2824.0
46,2019-03-08T08:00:00+00:00,2611.392389441005,2774.0
46,2019-03-08T09:00:00+00:00,2648.6350288068506,2720.0
46,2019-03-08T10:00:00+00:00,2684.750256963442,2814.0
46,2019-03-08T11:00:00+00:00,2724.934224799533,2821.0
46,2019-03-08T12:00:00+00:00,2939.8825279739485,2872.0
46,2019-03-08T13:00:00+00:00,2905.9788975359675,2954.0
46,2019-03-08T14:00:00+00:00,2962.2525659343764,3047.0
46,2019-03-08T15:00:00+00:00,3008.7286356893437,2975.0
46,2019-03-08T16:00:00+00:00,3133.698116745706,3112.0
46,2019-03-08T17:00:00+00:00,3091.259194305481,3102.0
46,2019-03-08T18:00:00+00:00,3138.6799286409305,3080.0
46,2019-03-08T19:00:00+00:00,3082.56990604825,3147.0
46,2019-03-08T20:00:00+00:00,3166.911606027219,3105.0
46,2019-03-08T21:00:00+00:00,2954.685004904456,3048.0
46,2019-03-08T22:00:00+00:00,2798.832136699436,2982.0
46,2019-03-08T23:00:00+00:00,2923.5558185831396,2975.0
46,2019-03-09T00:00:00+00:00,2952.6096244740543,2922.0
46,2019-03-09T01:00:00+00:00,2937.498824569507,2974.0
46,2019-03-09T02:00:00+00:00,2885.1573480983216,2926.0
46,2019-03-09T03:00:00+00:00,2830.500177727579,2802.0
46,2019-03-09T04:00:00+00:00,2739.3011500904,2775.0
46,2019-03-09T05:00:00+00:00,2837.536220352949,2750.0
46,2019-03-09T06:00:00+00:00,2804.7784410191325,2749.0
46,2019-03-09T07:00:00+00:00,2784.3552329672393,2927.0
46,2019-03-09T08:00:00+00:00,2922.901962381173,2941.0
46,2019-03-09T09:00:00+00:00,2989.2371380265263,3112.0
46,2019-03-09T10:00:00+00:00,3196.1882438381713,3331.0
46,2019-03-09T11:00:00+00:00,3507.5970748076684,3528.0
46,2019-03-09T12:00:00+00:00,3620.76599799036,3488.0
46,2019-03-09T13:00:00+00:00,3783.359540038117,3728.0
46,2019-03-09T14:00:00+00:00,3931.945106864033,3950.0
46,2019-03-09T15:00:00+00:00,4067.2581792945,3844.0
47,2019-03-06T16:00:00+00:00,4088.893529542297,4187.0
47,2019-03-06T17:00:00+00:00,4290.386922156558,4893.0
47,2019-03-06T18:00:00+00:00,4387.718239290057,5060.0
47,2019-03-06T19:00:00+00:00,4424.776347521172,4593.0
47,2019-03-06T20:00:00+00:00,4260.029567708947,4580.0
47,2019-03-06T21:00:00+00:00,4058.876156526296,4419.0
47,2019-03-06T22:00:00+00:00,4071.3526951711856,4253.0
47,2019-03-06T23:00:00+00:00,4002.2567566215203,4083.0
47,2019-03-07T00:00:00+00:00,4022.9515400432592,3778.0
47,2019-03-07T01:00:00+00:00,3974.9451572891667,3554.0
47,2019-03-07T02:00:00+00:00,3790.800995980263,3427.0
47,2019-03-07T03:00:00+00:00,3610.6029226125784,3327.0
47,2019-03-07T04:00:00+00:00,3423.833967839522,3417.0
47,2019-03-07T05:00:00+00:00,3337.7277880239094,3417.0
47,2019-03-07T06:00:00+00:00,3250.8956117006146,3295.0
47,2019-03-07T07:00:00+00:00,3123.844669675027,3433.0
47,2019-03-07T08:00:00+00:00,3093.5000050475696,3149.0
47,2019-03-07T09:00:00+00:00,3019.813986707103,3173.0
47,2019-03-07T10:00:00+00:00,3034.306488343238,3301.0
47,2019-03-07T11:00:00+00:00,3073.2827422019163,3374.0
47,2019-03-07T12:00:00+00:00,3335.205818454047,3569.0
47,2019-03-07T13:00:00+00:00,3449.8542457856397,3342.0
47,2019-03-07T14:00:00+00:00,3455.795295726679,3468.0
47,2019-03-07T15:00:00+00:00,3466.2681315971895,3392.0
47,2019-03-07T16:00:00+00:00,3553.034380339219,3262.0
47,2019-03-07T17:00:00+00:00,3545.6420644037607,3460.0
47,2019-03-07T18:00:00+00:00,3642.0073689780816,3611.0
47,2019-03-07T19:00:00+00:00,3598.5866873659097,3725.0
47,2019-03-07T20:00:00+00:00,3543.588758973001,3620.0
47,2019-03-07T21:00:00+00:00,3515.305727470779,3535.0
47,2019-03-07T22:00:00+00:00,3439.4543763810107,3474.0
47,2019-03-07T23:00:00+00:00,3391.114786708672,3399.0
47,2019-03-08T00:00:00+00:00,3403.2041206068493,3213.0
47,2019-03-08T01:00:00+00:00,3427.731758457423,3274.0
47,2019-03-08T02:00:00+00:00,3310.9612561228328,3248.0
47,2019-03-08T03:00:00+00:00,3139.7189076659906,3178.0
47,2019-03-08T04:00:00+00:00,2943.933158222603,3149.0
47,2019-03-08T05:00:00+00:00,2843.8445811038973,2871.0
47,2019-03-08T06:00:00+00:00,2764.878275723348,2872.0
47,2019-03-08T07:00:00+00:00,2732.5228694368957,2824.0
47,2019-03-08T08:00:00+00:00,2517.9078062271337,2774.0
47,2019-03-08T09:00:00+00:00,2555.6001410946656,2720.0
47,2019-03-08T10:00:00+00:00,2759.255363539123,2814.0
47,2019-03-08T11:00:00+00:00,2751.7399497388956,2821.0
47,2019-03-08T12:00:00+00:00,2928.2863456022014,2872.0
47,2019-03-08T13:00:00+00:00,3069.084394515538,2954.0
47,2019-03-08T14:00:00+00:00,3112.1101550450453,3047.0
47,2019-03-08T15:00:00+00:00,3010.3670765310258,2975.0
47,2019-03-08T16:00:00+00:00,3123.2658949089678,3112.0
47,2019-03-08T17:00:00+00:00,3223.8308029331192,3102.0
47,2019-03-08T18:00:00+00:00,3071.863465129134,3080.0
47,2019-03-08T19:00:00+00:00,3144.794637448913,3147.0
47,2019-03-08T20:00:00+00:00,3097.094000049142,3105.0
47,2019-03-08T21:00:00+00:00,3023.8188146361417,3048.0
47,2019-03-08T22:00:00+00:00,3006.95252351756,2982.0
47,2019-03-08T23:00:00+00:00,2953.6081546973755,2975.0
47,2019-03-09T00:00:00+00:00,3066.564539915701,2922.0
47,2019-03-09T01:00:00+00:00,2968.0334399423855,2974.0
47,2019-03-09T02:00:00+00:00,3064.782545483534,2926.0
47,2019-03-09T03:00:00+00:00,2912.249188826456,2802.0
47,2019-03-09T04:00:00+00:00,2846.4296693104607,2775.0
47,2019-03-09T05:00:00+00:00,2754.4484993207016,2750.0
47,2019-03-09T06:00:00+00:00,2741.909238595991,2749.0
47,2019-03-09T07:00:00+00:00,2737.0001287953955,2927.0
47,2019-03-09T08:00:00+00:00,2794.90549656853,2941.0
47,2019-03-09T09:00:00+00:00,2888.6274851677713,3112.0
47,2019-03-09T10:00:00+00:00,3122.4271771082035,3331.0
47,2019-03-09T11:00:00+00:00,3382.1928517486285,3528.0
47,2019-03-09T12:00:00+00:00,3554.5567952471542,3488.0
47,2019-03-09T13:00:00+00:00,3664.8534073798887,3728.0
47,2019-03-09T14:00:00+00:00,3851.0023950409977,3950.0
47,2019-03-09T15:00:00+00:00,3971.165309296598,3844.0
47,2019-03-09T16:00:00+00:00,3993.8960157391984,3956.0
47,2019-03-09T17:00:00+00:00,3996.7922689107736,4072.0
47,2019-03-09T18:00:00+00:00,4119.860127542897,4408.0
47,2019-03-09T19:00:00+00:00,4163.2349903122495,4525.0
47,2019-03-09T20:00:00+00:00,4137.986874703904,4288.0
47,2019-03-09T21:00:00+00:00,4019.278233665728,3985.0
47,2019-03-09T22:00:00+00:00,3929.01362622297,3820.0
47,2019-03-09T23:00:00+00:00,3854.011534737687,3784.0
47,2019-03-10T00:00:00+00:00,3891.5950147417157,3408.0
47,2019-03-10T01:00:00+00:00,3668.1413926558866,3239.0
47,2019-03-10T02:00:00+00:00,3577.0434044070385,3215.0
47,2019-03-10T03:00:00+00:00,3434.4193928174873,3125.0
47,2019-03-10T04:00:00+00:00,3302.242060867584,3150.0
47,2019-03-10T05:00:00+00:00,3172.1491310170973,3004.0
47,2019-03-10T06:00:00+00:00,3123.181230015132,2814.0
47,2019-03-10T07:00:00+00:00,3032.956674817233,2835.0
47,2019-03-10T08:00:00+00:00,3022.21903809024,2826.0
47,2019-03-10T09:00:00+00:00,3175.219737030155,2984.0
47,2019-03-10T10:00:00+00:00,3358.186190498884,3302.0
47,2019-03-10T11:00:00+00:00,3486.653964163162,3668.0
47,2019-03-10T12:00:00+00:00,3703.4151271135556,3501.0
47,2019-03-10T13:00:00+00:00,3935.2827278428185,4170.0
47,2019-03-10T14:00:00+00:00,3942.170259916706,4095.0
47,2019-03-10T15:00:00+00:00,4069.4943635396585,4075.0
48,2019-03-07T16:00:00+00:00,3615.031124580407,3262.0
48,2019-03-07T17:00:00+00:00,3565.818465367592,3460.0
48,2019-03-07T18:00:00+00:00,3634.2193388461988,3611.0
48,2019-03-07T19:00:00+00:00,3755.801976301071,3725.0
48,2019-03-07T20:00:00+00:00,3743.1508534898526,3620.0
48,2019-03-07T21:00:00+00:00,3567.8193261509987,3535.0
48,2019-03-07T22:00:00+00:00,3623.361826279084,3474.0
48,2019-03-07T23:00:00+00:00,3606.3220745719996,3399.0
48,2019-03-08T00:00:00+00:00,3603.765241043122,3213.0
48,2019-03-08T01:00:00+00:00,3524.753794271089,3274.0
48,2019-03-08T02:00:00+00:00,3300.3489974626677,3248.0
48,2019-03-08T03:00:00+00:00,3272.780792782681,3178.0
48,2019-03-08T04:00:00+00:00,3101.1634337031805,3149.0
48,2019-03-08T05:00:00+00:00,2915.9187609600353,2871.0
48,2019-03-08T06:00:00+00:00,2732.7686686095544,2872.0
48,2019-03-08T07:00:00+00:00,2605.0977099024094,2824.0
48,2019-03-08T08:00:00+00:00,2633.4706937235314,2774.0
48,2019-03-08T09:00:00+00:00,2619.465626585476,2720.0
48,2019-03-08T10:00:00+00:00,2666.6131993235613,2814.0
48,2019-03-08T11:00:00+00:00,2824.149550622526,2821.0
48,2019-03-08T12:00:00+00:00,2922.090375680268,2872.0
48,2019-03-08T13:00:00+00:00,2882.5338269208246,2954.0
48,2019-03-08T14:00:00+00:00,3039.816216584688,3047.0
48,2019-03-08T15:00:00+00:00,2969.1949219968956,2975.0
48,2019-03-08T16:00:00+00:00,3003.6594821413446,3112.0
48,2019-03-08T17:00:00+00:00,3341.399177709855,3102.0
48,2019-03-08T18:00:00+00:00,3176.2547174400106,3080.0
48,2019-03-08T19:00:00+00:00,3254.805530349756,3147.0
48,2019-03-08T20:00:00+00:00,3263.525155208291,3105.0
48,2019-03-08T21:00:00+00:00,3132.380457373371,3048.0
48,2019-03-08T22:00:00+00:00,3074.3380791982677,2982.0
48,2019-03-08T23:00:00+00:00,3108.256117869548,2975.0
48,2019-03-09T00:00:00+00:00,3048.9700712265976,2922.0
48,2019-03-09T01:00:00+00:00,2985.2160182190096,2974.0
48,2019-03-09T02:00:00+00:00,3026.9251438147876,2926.0
48,2019-03-09T03:00:00+00:00,2938.4528412830714,2802.0
48,2019-03-09T04:00:00+00:00,2812.7320832179394,2775.0
48,2019-03-09T05:00:00+00:00,2877.5798400999993,2750.0
48,2019-03-09T06:00:00+00:00,2712.2665457385824,2749.0
48,2019-03-09T07:00:00+00:00,2751.6724028837043,2927.0
48,2019-03-09T08:00:00+00:00,2824.022784606618,2941.0
48,2019-03-09T09:00:00+00:00,2980.7345950132717,3112.0
48,2019-03-09T10:00:00+00:00,3260.726851586025,3331.0
48,2019-03-09T11:00:00+00:00,3492.008093398903,3528.0
48,2019-03-09T12:00:00+00:00,3763.1119075447523,3488.0
48,2019-03-09T13:00:00+00:00,3941.140533885508,3728.0
48,2019-03-09T14:00:00+00:00,4104.210737302777,3950.0
48,2019-03-09T15:00:00+00:00,4101.441646703989,3844.0
48,2019-03-09T16:00:00+00:00,4200.499175935231,3956.0
48,2019-03-09T17:00:00+00:00,4250.278432313255,4072.0
48,2019-03-09T18:00:00+00:00,4474.7546093600395,4408.0
48,2019-03-09T19:00:00+00:00,4428.515680619189,4525.0
48,2019-03-09T20:00:00+00:00,4276.021054350704,4288.0
48,2019-03-09T21:00:00+00:00,4109.2583115472335,3985.0
48,2019-03-09T22:00:00+00:00,4115.076527994757,3820.0
48,2019-03-09T23:00:00+00:00,4099.496138651721,3784.0
48,2019-03-10T00:00:00+00:00,4011.6960000312547,3408.0
48,2019-03-10T01:00:00+00:00,3983.678265081615,3239.0
48,2019-03-10T02:00:00+00:00,3755.283577319961,3215.0
48,2019-03-10T03:00:00+00:00,3730.6391865146943,3125.0
48,2019-03-10T04:00:00+00:00,3598.154076856461,3150.0
48,2019-03-10T05:00:00+00:00,3502.1307530213526,3004.0
48,2019-03-10T06:00:00+00:00,3394.760102779771,2814.0
48,2019-03-10T07:00:00+00:00,3229.8876805294653,2835.0
48,2019-03-10T08:00:00+00:00,3250.5287304939916,2826.0
48,2019-03-10T09:00:00+00:00,3526.9507193851473,2984.0
48,2019-03-10T10:00:00+00:00,3695.7262857712312,3302.0
48,2019-03-10T11:00:00+00:00,3836.0066627244037,3668.0
48,2019-03-10T12:00:00+00:00,4087.66869752624,3501.0
48,2019-03-10T13:00:00+00:00,4230.255350153074,4170.0
48,2019-03-10T14:00:00+00:00,4255.165467114209,4095.0
48,2019-03-10T15:00:00+00:00,4405.300315576666,4075.0
48,2019-03-10T16:00:00+00:00,4481.080749077765,4135.0
48,2019-03-10T17:00:00+00:00,4465.941397077873,4384.0
48,2019-03-10T18:00:00+00:00,4527.627273771709,4477.0
48,2019-03-10T19:00:00+00:00,4691.735729193092,4604.0
48,2019-03-10T20:00:00+00:00,4405.581606590067,4563.0
48,2019-03-10T21:00:00+00:00,4294.100743428641,4279.0
48,2019-03-10T22:00:00+00:00,4232.72550295731,4236.0
48,2019-03-10T23:00:00+00:00,4208.001371172799,3889.0
48,2019-03-11T00:00:00+00:00,4116.003149237208,3600.0
48,2019-03-11T01:00:00+00:00,4048.0332339477177,3474.0
48,2019-03-11T02:00:00+00:00,3771.9798446763307,3364.0
48,2019-03-11T03:00:00+00:00,3665.71059812197,3177.0
48,2019-03-11T04:00:00+00:00,3466.080758471487,3344.0
48,2019-03-11T05:00:00+00:00,3306.336444558643,3126.0
48,2019-03-11T06:00:00+00:00,3201.55901193966,3131.0
48,2019-03-11T07:00:00+00:00,3256.9797195360393,3215.0
48,2019-03-11T08:00:00+00:00,3270.2566751963864,3171.0
48,2019-03-11T09:00:00+00:00,3282.229454418311,3251.0
48,2019-03-11T10:00:00+00:00,3414.039178140645,3418.0
48,2019-03-11T11:00:00+00:00,3626.159188078761,3565.0
48,2019-03-11T12:00:00+00:00,3863.5463814018585,3670.0
48,2019-03-11T13:00:00+00:00,3939.43666115866,3753.0
48,2019-03-11T14:00:00+00:00,4053.9574632677723,3852.0
48,2019-03-11T15:00:00+00:00,4140.018832155968,3612.0
49,2019-03-08T16:00:00+00:00,3136.616593625753,3112.0
49,2019-03-08T17:00:00+00:00,3151.6697936435103,3102.0
49,2019-03-08T18:00:00+00:00,3209.9805086406072,3080.0
49,2019-03-08T19:00:00+00:00,3214.6125573678532,3147.0
49,2019-03-08T20:00:00+00:00,3137.8905656484976,3105.0
49,2019-03-08T21:00:00+00:00,3081.3744853341113,3048.0
49,2019-03-08T22:00:00+00:00,3054.5248086739043,2982.0
49,2019-03-08T23:00:00+00:00,3087.4471756360385,2975.0
49,2019-03-09T00:00:00+00:00,2995.0508601627453,2922.0
49,2019-03-09T01:00:00+00:00,3041.574054093595,2974.0
49,2019-03-09T02:00:00+00:00,2899.850177051566,2926.0
49,2019-03-09T03:00:00+00:00,2871.29940356267,2802.0
49,2019-03-09T04:00:00+00:00,2865.85309137558,2775.0
49,2019-03-09T05:00:00+00:00,2833.6918657746,2750.0
49,2019-03-09T06:00:00+00:00,2803.286858408601,2749.0
49,2019-03-09T07:00:00+00:00,2814.3806693064626,2927.0
49,2019-03-09T08:00:00+00:00,2899.1756998918495,2941.0
49,2019-03-09T09:00:00+00:00,3098.112705103723,3112.0
49,2019-03-09T10:00:00+00:00,3247.6147148788427,3331.0
49,2019-03-09T11:00:00+00:00,3479.447757328352,3528.0
49,2019-03-09T12:00:00+00:00,3702.842267654287,3488.0
49,2019-03-09T13:00:00+00:00,3906.919525758065,3728.0
49,2019-03-09T14:00:00+00:00,3890.208949307616,3950.0
49,2019-03-09T15:00:00+00:00,4049.6833732173536,3844.0
49,2019-03-09T16:00:00+00:00,4163.423685294219,3956.0
49,2019-03-09T17:00:00+00:00,4321.468389466672,4072.0
49,2019-03-09T18:00:00+00:00,4387.687506131873,4408.0
49,2019-03-09T19:00:00+00:00,4294.554404499126,4525.0
49,2019-03-09T20:00:00+00:00,4299.070328153405,4288.0
49,2019-03-09T21:00:00+00:00,4160.75816213387,3985.0
49,2019-03-09T22:00:00+00:00,4077.6804872092443,3820.0
49,2019-03-09T23:00:00+00:00,4025.7674904466758,3784.0
49,2019-03-10T00:00:00+00:00,4034.1119064041122,3408.0
49,2019-03-10T01:00:00+00:00,3876.6762475062087,3239.0
49,2019-03-10T02:00:00+00:00,3716.958602043531,3215.0
49,2019-03-10T03:00:00+00:00,3561.2480151423406,3125.0
49,2019-03-10T04:00:00+00:00,3538.1290629912182,3150.0
49,2019-03-10T05:00:00+00:00,3318.890857060802,3004.0
49,2019-03-10T06:00:00+00:00,3257.853582190275,2814.0
49,2019-03-10T07:00:00+00:00,3132.013394411512,2835.0
49,2019-03-10T08:00:00+00:00,3256.3967974459456,2826.0
49,2019-03-10T09:00:00+00:00,3277.7087555582702,2984.0
49,2019-03-10T10:00:00+00:00,3536.318830404569,3302.0
49,2019-03-10T11:00:00+00:00,3739.7499155959267,3668.0
49,2019-03-10T12:00:00+00:00,4013.6527438617845,3501.0
49,2019-03-10T13:00:00+00:00,4088.247604477926,4170.0
49,2019-03-10T14:00:00+00:00,4280.094486619947,4095.0
49,2019-03-10T15:00:00+00:00,4388.5400373306165,4075.0
49,2019-03-10T16:00:00+00:00,4427.550130709704,4135.0
49,2019-03-10T17:00:00+00:00,4624.712857825362,4384.0
49,2019-03-10T18:00:00+00:00,4664.161146556622,4477.0
49,2019-03-10T19:00:00+00:00,4612.38773781574,4604.0
49,2019-03-10T20:00:00+00:00,4570.507497926332,4563.0
49,2019-03-10T21:00:00+00:00,4519.854097999615,4279.0
49,2019-03-10T22:00:00+00:00,4381.307236400055,4236.0
49,2019-03-10T23:00:00+00:00,4145.733679443491,3889.0
49,2019-03-11T00:00:00+00:00,4191.774528022885,3600.0
49,2019-03-11T01:00:00+00:00,4042.295915103673,3474.0
49,2019-03-11T02:00:00+00:00,3856.3050544983817,3364.0
49,2019-03-11T03:00:00+00:00,3837.2957039085804,3177.0
49,2019-03-11T04:00:00+00:00,3549.633343306073,3344.0
49,2019-03-11T05:00:00+00:00,3445.2495099134894,3126.0
49,2019-03-11T06:00:00+00:00,3282.7337260605786,3131.0
49,2019-03-11T07:00:00+00:00,3259.9690479119427,3215.0
49,2019-03-11T08:00:00+00:00,3307.036879670782,3171.0
49,2019-03-11T09:00:00+00:00,3409.0935851071085,3251.0
49,2019-03-11T10:00:00+00:00,3484.776639109413,3418.0
49,2019-03-11T11:00:00+00:00,3668.9892312648863,3565.0
49,2019-03-11T12:00:00+00:00,3938.273890294291,3670.0
49,2019-03-11T13:00:00+00:00,3970.298171586115,3753.0
49,2019-03-11T14:00:00+00:00,4094.1066001912545,3852.0
49,2019-03-11T15:00:00+00:00,4059.2942596632256,3612.0
49,2019-03-11T16:00:00+00:00,4193.0706741844915,3543.0
49,2019-03-11T17:00:00+00:00,4346.807184414864,3497.0
49,2019-03-11T18:00:00+00:00,4384.196549826234,3547.0
49,2019-03-11T19:00:00+00:00,4411.1890530559795,3717.0
49,2019-03-11T20:00:00+00:00,4155.414492085834,3709.0
49,2019-03-11T21:00:00+00:00,4119.304286983053,3620.0
49,2019-03-11T22:00:00+00:00,3967.6223379468925,3626.0
49,2019-03-11T23:00:00+00:00,3976.704151422306,3465.0
49,2019-03-12T00:00:00+00:00,3966.381908026897,3266.0
49,2019-03-12T01:00:00+00:00,3895.4762160634787,3335.0
49,2019-03-12T02:00:00+00:00,3809.650930704387,3260.0
49,2019-03-12T03:00:00+00:00,3631.6031704941815,3149.0
49,2019-03-12T04:00:00+00:00,3504.4876227435943,3220.0
49,2019-03-12T05:00:00+00:00,3513.5331843109134,3195.0
49,2019-03-12T06:00:00+00:00,3414.583155040503,3037.0
49,2019-03-12T07:00:00+00:00,3318.6839039391593,3169.0
49,2019-03-12T08:00:00+00:00,3325.1339181122107,3070.0
49,2019-03-12T09:00:00+00:00,3446.944476633745,3343.0
49,2019-03-12T10:00:00+00:00,3634.856804030467,3580.0
49,2019-03-12T11:00:00+00:00,3765.628127039858,3660.0
49,2019-03-12T12:00:00+00:00,4002.7601855804187,3789.0
49,2019-03-12T13:00:00+00:00,4055.4916096500683,4046.0
49,2019-03-12T14:00:00+00:00,4231.084418403097,4179.0
49,2019-03-12T15:00:00+00:00,4247.382509605746,3740.0
50,2019-03-09T16:00:00+00:00,4163.116551990818,3956.0
50,2019-03-09T17:00:00+00:00,4214.86894321707,4072.0
50,2019-03-09T18:00:00+00:00,4270.094776153437,4408.0
50,2019-03-09T19:00:00+00:00,4251.944367765269,4525.0
50,2019-03-09T20:00:00+00:00,4173.605018811674,4288.0
50,2019-03-09T21:00:00+00:00,4037.6713348643293,3985.0
50,2019-03-09T22:00:00+00:00,4049.8495305499873,3820.0
50,2019-03-09T23:00:00+00:00,3890.7030922262456,3784.0
50,2019-03-10T00:00:00+00:00,3866.296734688076,3408.0
50,2019-03-10T01:00:00+00:00,3823.6463813381074,3239.0
50,2019-03-10T02:00:00+00:00,3696.7585894221484,3215.0
50,2019-03-10T03:00:00+00:00,3584.3350940342493,3125.0
50,2019-03-10T04:00:00+00:00,3353.8081529763494,3150.0
50,2019-03-10T05:00:00+00:00,3247.7563683009457,3004.0
50,2019-03-10T06:00:00+00:00,3148.17455782821,2814.0
50,2019-03-10T07:00:00+00:00,3136.144674415595,2835.0
50,2019-03-10T08:00:00+00:00,3033.851241045235,2826.0
50,2019-03-10T09:00:00+00:00,3066.357041528349,2984.0
50,2019-03-10T10:00:00+00:00,3299.839950614639,3302.0
50,2019-03-10T11:00:00+00:00,3623.74278525494,3668.0
50,2019-03-10T12:00:00+00:00,3721.297264772543,3501.0
50,2019-03-10T13:00:00+00:00,3892.382808029833,4170.0
50,2019-03-10T14:00:00+00:00,3956.530377647803,4095.0
50,2019-03-10T15:00:00+00:00,4124.508369009402,4075.0
50,2019-03-10T16:00:00+00:00,4204.74782025253,4135.0
50,2019-03-10T17:00:00+00:00,4259.172740477339,4384.0
50,2019-03-10T18:00:00+00:00,4235.835632472721,4477.0
50,2019-03-10T19:00:00+00:00,4335.342725020022,4604.0
50,2019-03-10T20:00:00+00:00,4256.756651594382,4563.0
50,2019-03-10T21:00:00+00:00,4193.449848654388,4279.0
50,2019-03-10T22:00:00+00:00,4143.884865177079,4236.0
50,2019-03-10T23:00:00+00:00,4077.7500168488345,3889.0
50,2019-03-11T00:00:00+00:00,3881.1382394248367,3600.0
50,2019-03-11T01:00:00+00:00,3865.269817601443,3474.0
50,2019-03-11T02:00:00+00:00,3696.9909717537075,3364.0
50,2019-03-11T03:00:00+00:00,3593.4442534111654,3177.0
50,2019-03-11T04:00:00+00:00,3426.3120435197525,3344.0
50,2019-03-11T05:00:00+00:00,3309.988122063022,3126.0
50,2019-03-11T06:00:00+00:00,3105.8549990088027,3131.0
50,2019-03-11T07:00:00+00:00,3068.899665102367,3215.0
50,2019-03-11T08:00:00+00:00,2995.101817721799,3171.0
50,2019-03-11T09:00:00+00:00,3112.561866377537,3251.0
50,2019-03-11T10:00:00+00:00,3248.264820313655,3418.0
50,2019-03-11T11:00:00+00:00,3506.078873316581,3565.0
50,2019-03-11T12:00:00+00:00,3652.1444533570334,3670.0
50,2019-03-11T13:00:00+00:00,3788.4945550745683,3753.0
50,2019-03-11T14:00:00+00:00,3955.5367382926665,3852.0
50,2019-03-11T15:00:00+00:00,3901.8828568278027,3612.0
50,2019-03-11T16:00:00+00:00,4022.934289818988,3543.0
50,2019-03-11T17:00:00+00:00,4159.127784615411,3497.0
50,2019-03-11T18:00:00+00:00,4342.002302980842,3547.0
50,2019-03-11T19:00:00+00:00,4250.226615547628,3717.0
50,2019-03-11T20:00:00+00:00,4220.596678603187,3709.0
50,2019-03-11T21:00:00+00:00,4152.112561226229,3620.0
50,2019-03-11T22:00:00+00:00,4013.713813621273,3626.0
50,2019-03-11T23:00:00+00:00,3891.630176118391,3465.0
50,2019-03-12T00:00:00+00:00,3860.429213001832,3266.0
50,2019-03-12T01:00:00+00:00,3762.8864649585894,3335.0
50,2019-03-12T02:00:00+00:00,3606.5974668018134,3260.0
50,2019-03-12T03:00:00+00:00,3543.798273191159,3149.0
50,2019-03-12T04:00:00+00:00,3433.90076251153,3220.0
50,2019-03-12T05:00:00+00:00,3276.920367434833,3195.0
50,2019-03-12T06:00:00+00:00,3161.6826400566633,3037.0
50,2019-03-12T07:00:00+00:00,3228.2566751292793,3169.0
50,2019-03-12T08:00:00+00:00,3138.5534269962764,3070.0
50,2019-03-12T09:00:00+00:00,3263.6075894696783,3343.0
50,2019-03-12T10:00:00+00:00,3429.859604189181,3580.0
50,2019-03-12T11:00:00+00:00,3561.912181823182,3660.0
50,2019-03-12T12:00:00+00:00,3808.4370700953377,3789.0
50,2019-03-12T13:00:00+00:00,4090.92707322188,4046.0
50,2019-03-12T14:00:00+00:00,4099.570889623561,4179.0
50,2019-03-12T15:00:00+00:00,4193.777536822724,3740.0
50,2019-03-12T16:00:00+00:00,4243.802724559034,3855.0
50,2019-03-12T17:00:00+00:00,4303.61579529523,4098.0
50,2019-03-12T18:00:00+00:00,4335.625470075315,4328.0
50,2019-03-12T19:00:00+00:00,4404.209982435673,4363.0
50,2019-03-12T20:00:00+00:00,4342.087232245931,4295.0
50,2019-03-12T21:00:00+00:00,4226.418001412935,4222.0
50,2019-03-12T22:00:00+00:00,4072.661993802639,4092.0
50,2019-03-12T23:00:00+00:00,4109.96345577232,3954.0
50,2019-03-13T00:00:00+00:00,4046.891744969231,3615.0
50,2019-03-13T01:00:00+00:00,4005.0346375644767,3462.0
50,2019-03-13T02:00:00+00:00,3881.102648444875,3315.0
50,2019-03-13T03:00:00+00:00,3633.8209809372424,3345.0
50,2019-03-13T04:00:00+00:00,3561.525357110146,3407.0
50,2019-03-13T05:00:00+00:00,3502.7137907738697,3338.0
50,2019-03-13T06:00:00+00:00,3314.7473498862587,3151.0
50,2019-03-13T07:00:00+00:00,3335.056184324738,3118.0
50,2019-03-13T08:00:00+00:00,3361.181839000059,3069.0
50,2019-03-13T09:00:00+00:00,3397.59390650438,3224.0
50,2019-03-13T10:00:00+00:00,3457.0107756096536,3463.0
50,2019-03-13T11:00:00+00:00,3775.337194359886,3680.0
50,2019-03-13T12:00:00+00:00,3936.230630971153,3762.0
50,2019-03-13T13:00:00+00:00,4192.147621953958,3970.0
50,2019-03-13T14:00:00+00:00,4205.006573616595,4172.0
50,2019-03-13T15:00:00+00:00,4294.106691781838,4090.0
51,2019-03-10T16:00:00+00:00,4119.5037550935895,4135.0
51,2019-03-10T17:00:00+00:00,4193.239144765591,4384.0
51,2019-03-10T18:00:00+00:00,4322.372274781349,4477.0
51,2019-03-10T19:00:00+00:00,4378.532726190577,4604.0
51,2019-03-10T20:00:00+00:00,4306.08541935696,4563.0
51,2019-03-10T21:00:00+00:00,4093.0926703424348,4279.0
51,2019-03-10T22:00:00+00:00,3971.855252174626,4236.0
51,2019-03-10T23:00:00+00:00,3961.667309375841,3889.0
51,2019-03-11T00:00:00+00:00,3890.45134470039,3600.0
51,2019-03-11T01:00:00+00:00,3866.29541283181,3474.0
51,2019-03-11T02:00:00+00:00,3655.316974488198,3364.0
51,2019-03-11T03:00:00+00:00,3586.806849589208,3177.0
51,2019-03-11T04:00:00+00:00,3396.772529805505,3344.0
51,2019-03-11T05:00:00+00:00,3316.3045833144,3126.0
51,2019-03-11T06:00:00+00:00,3191.371184803298,3131.0
51,2019-03-11T07:00:00+00:00,3093.9403484161744,3215.0
51,2019-03-11T08:00:00+00:00,3088.3081832380876,3171.0
51,2019-03-11T09:00:00+00:00,3083.287574861457,3251.0
51,2019-03-11T10:00:00+00:00,3228.493849189803,3418.0
51,2019-03-11T11:00:00+00:00,3375.500268689168,3565.0
51,2019-03-11T12:00:00+00:00,3687.0002168633996,3670.0
51,2019-03-11T13:00:00+00:00,3902.6116292336437,3753.0
51,2019-03-11T14:00:00+00:00,3957.0202575799754,3852.0
51,2019-03-11T15:00:00+00:00,4009.5293454256876,3612.0
51,2019-03-11T16:00:00+00:00,4106.331259124661,3543.0
51,2019-03-11T17:00:00+00:00,4300.7455165992815,3497.0
51,2019-03-11T18:00:00+00:00,4315.764645771783,3547.0
51,2019-03-11T19:00:00+00:00,4380.142813215354,3717.0
51,2019-03-11T20:00:00+00:00,4298.201802493843,3709.0
51,2019-03-11T21:00:00+00:00,4129.049209654296,3620.0
51,2019-03-11T22:00:00+00:00,3932.2324784162574,3626.0
51,2019-03-11T23:00:00+00:00,3894.898333550399,3465.0
51,2019-03-12T00:00:00+00:00,3861.3696476422633,3266.0
51,2019-03-12T01:00:00+00:00,3756.4710668965035,3335.0
51,2019-03-12T02:00:00+00:00,3732.7578577378067,3260.0
51,2019-03-12T03:00:00+00:00,3525.561398879993,3149.0
51,2019-03-12T04:00:00+00:00,3433.182151875734,3220.0
51,2019-03-12T05:00:00+00:00,3323.401546990429,3195.0
51,2019-03-12T06:00:00+00:00,3194.076760208505,3037.0
51,2019-03-12T07:00:00+00:00,3180.368714173416,3169.0
51,2019-03-12T08:00:00+00:00,3109.080427437013,3070.0
51,2019-03-12T09:00:00+00:00,3341.1911134027887,3343.0
51,2019-03-12T10:00:00+00:00,3341.9604998424024,3580.0
51,2019-03-12T11:00:00+00:00,3583.1100637397526,3660.0
51,2019-03-12T12:00:00+00:00,3870.38110531792,3789.0
51,2019-03-12T13:00:00+00:00,3988.392665454232,4046.0
51,2019-03-12T14:00:00+00:00,4100.851966623735,4179.0
51,2019-03-12T15:00:00+00:00,3999.901142662731,3740.0
51,2019-03-12T16:00:00+00:00,4193.562669086689,3855.0
51,2019-03-12T17:00:00+00:00,4288.4184138052615,4098.0
51,2019-03-12T18:00:00+00:00,4266.238128311815,4328.0
51,2019-03-12T19:00:00+00:00,4367.23746439778,4363.0
51,2019-03-12T20:00:00+00:00,4350.783724619811,4295.0
51,2019-03-12T21:00:00+00:00,4101.8689367419665,4222.0
51,2019-03-12T22:00:00+00:00,4065.4101581418477,4092.0
51,2019-03-12T23:00:00+00:00,3979.4972337123213,3954.0
51,2019-03-13T00:00:00+00:00,3977.1173636910517,3615.0
51,2019-03-13T01:00:00+00:00,3950.6390625487716,3462.0
51,2019-03-13T02:00:00+00:00,3814.277923331416,3315.0
51,2019-03-13T03:00:00+00:00,3706.203021117727,3345.0
51,2019-03-13T04:00:00+00:00,3374.3759968885456,3407.0
51,2019-03-13T05:00:00+00:00,3387.1391139719,3338.0
51,2019-03-13T06:00:00+00:00,3271.431293197539,3151.0
51,2019-03-13T07:00:00+00:00,3102.5098764957074,3118.0
51,2019-03-13T08:00:00+00:00,3139.2301347884413,3069.0
51,2019-03-13T09:00:00+00:00,3250.130422154645,3224.0
51,2019-03-13T10:00:00+00:00,3355.6978497785885,3463.0
51,2019-03-13T11:00:00+00:00,3461.2726550128154,3680.0
51,2019-03-13T12:00:00+00:00,3744.5325237518678,3762.0
51,2019-03-13T13:00:00+00:00,3920.4287646107514,3970.0
51,2019-03-13T14:00:00+00:00,4040.6859602645227,4172.0
51,2019-03-13T15:00:00+00:00,3944.3870789675675,4090.0
51,2019-03-13T16:00:00+00:00,4132.359005558682,4209.0
51,2019-03-13T17:00:00+00:00,4116.280276403371,4800.0
51,2019-03-13T18:00:00+00:00,4248.792335406228,4474.0
51,2019-03-13T19:00:00+00:00,4344.542117610295,4957.0
51,2019-03-13T20:00:00+00:00,4303.5645733649235,4747.0
51,2019-03-13T21:00:00+00:00,4112.526799443309,4201.0
51,2019-03-13T22:00:00+00:00,3960.8175540752554,3958.0
51,2019-03-13T23:00:00+00:00,3993.4742114047244,3562.0
51,2019-03-14T00:00:00+00:00,3892.307263944232,3353.0
51,2019-03-14T01:00:00+00:00,3851.6083339533225,3332.0
51,2019-03-14T02:00:00+00:00,3790.3923110692285,3148.0
51,2019-03-14T03:00:00+00:00,3589.4858391602656,3207.0
51,2019-03-14T04:00:00+00:00,3402.617662551244,3215.0
51,2019-03-14T05:00:00+00:00,3308.646111619787,3136.0
51,2019-03-14T06:00:00+00:00,3168.145443189088,3036.0
51,2019-03-14T07:00:00+00:00,3034.364385647688,3108.0
51,2019-03-14T08:00:00+00:00,3011.2982251311882,2964.0
51,2019-03-14T09:00:00+00:00,2945.455275712879,2987.0
51,2019-03-14T10:00:00+00:00,2956.342546569181,2956.0
51,2019-03-14T11:00:00+00:00,3141.232300904911,3157.0
51,2019-03-14T12:00:00+00:00,3294.2485936179637,3101.0
51,2019-03-14T13:00:00+00:00,3343.9851127305883,3244.0
51,2019-03-14T14:00:00+00:00,3466.7717092649177,3345.0
51,2019-03-14T15:00:00+00:00,3521.236681734587,3281.0
52,2019-03-11T16:00:00+00:00,4051.4695314967585,3543.0
52,2019-03-11T17:00:00+00:00,4117.651900557765,3497.0
52,2019-03-11T18:00:00+00:00,4166.936848785126,3547.0
52,2019-03-11T19:00:00+00:00,4236.443157612565,3717.0
52,2019-03-11T20:00:00+00:00,4013.709583681222,3709.0
52,2019-03-11T21:00:00+00:00,3961.0052576650246,3620.0
52,2019-03-11T22:00:00+00:00,3808.6647928835596,3626.0
52,2019-03-11T23:00:00+00:00,3746.1319698337034,3465.0
52,2019-03-12T00:00:00+00:00,3805.747356965322,3266.0
52,2019-03-12T01:00:00+00:00,3689.611477824029,3335.0
52,2019-03-12T02:00:00+00:00,3678.070582090607,3260.0
52,2019-03-12T03:00:00+00:00,3499.680775048376,3149.0
52,2019-03-12T04:00:00+00:00,3253.6571346722794,3220.0
52,2019-03-12T05:00:00+00:00,3206.180898896862,3195.0
52,2019-03-12T06:00:00+00:00,3138.272995189449,3037.0
52,2019-03-12T07:00:00+00:00,3072.4255845062416,3169.0
52,2019-03-12T08:00:00+00:00,3087.9475643255255,3070.0
52,2019-03-12T09:00:00+00:00,3153.6661601156125,3343.0
52,2019-03-12T10:00:00+00:00,3081.2192663620785,3580.0
52,2019-03-12T11:00:00+00:00,3298.5575063193896,3660.0
52,2019-03-12T12:00:00+00:00,3522.360639594346,3789.0
52,2019-03-12T13:00:00+00:00,3746.6900905956063,4046.0
52,2019-03-12T14:00:00+00:00,3768.062391446473,4179.0
52,2019-03-12T15:00:00+00:00,3892.2426582192325,3740.0
52,2019-03-12T16:00:00+00:00,3936.525140547213,3855.0
52,2019-03-12T17:00:00+00:00,3934.2180387133853,4098.0
52,2019-03-12T18:00:00+00:00,4036.1118088417265,4328.0
52,2019-03-12T19:00:00+00:00,4011.5008940463963,4363.0
52,2019-03-12T20:00:00+00:00,3809.4907878177637,4295.0
52,2019-03-12T21:00:00+00:00,3815.387588620299,4222.0
52,2019-03-12T22:00:00+00:00,3697.0591464906256,4092.0
52,2019-03-12T23:00:00+00:00,3625.8766908715174,3954.0
52,2019-03-13T00:00:00+00:00,3700.7904162654195,3615.0
52,2019-03-13T01:00:00+00:00,3679.8655307141807,3462.0
52,2019-03-13T02:00:00+00:00,3614.0206150346758,3315.0
52,2019-03-13T03:00:00+00:00,3404.3926346219982,3345.0
52,2019-03-13T04:00:00+00:00,3325.5083875999603,3407.0
52,2019-03-13T05:00:00+00:00,3137.1574311169784,3338.0
52,2019-03-13T06:00:00+00:00,3078.602916254825,3151.0
52,2019-03-13T07:00:00+00:00,3036.950630478484,3118.0
52,2019-03-13T08:00:00+00:00,3032.253050726852,3069.0
52,2019-03-13T09:00:00+00:00,3032.099021425459,3224.0
52,2019-03-13T10:00:00+00:00,3223.870623853132,3463.0
52,2019-03-13T11:00:00+00:00,3296.378360172109,3680.0
52,2019-03-13T12:00:00+00:00,3460.254197806285,3762.0
52,2019-03-13T13:00:00+00:00,3694.22749904405,3970.0
52,2019-03-13T14:00:00+00:00,3793.357069441788,4172.0
52,2019-03-13T15:00:00+00:00,3880.3790643248776,4090.0
52,2019-03-13T16:00:00+00:00,3881.8827088738362,4209.0
52,2019-03-13T17:00:00+00:00,4073.8229801610487,4800.0
52,2019-03-13T18:00:00+00:00,3913.212189465855,4474.0
52,2019-03-13T19:00:00+00:00,3962.429888255684,4957.0
52,2019-03-13T20:00:00+00:00,3903.3250020139867,4747.0
52,2019-03-13T21:00:00+00:00,3987.7686171110627,4201.0
52,2019-03-13T22:00:00+00:00,3715.5631844763493,3958.0
52,2019-03-13T23:00:00+00:00,3580.2964265848013,3562.0
52,2019-03-14T00:00:00+00:00,3728.3691627491276,3353.0
52,2019-03-14T01:00:00+00:00,3680.0041603900754,3332.0
52,2019-03-14T02:00:00+00:00,3602.1731808331724,3148.0
52,2019-03-14T03:00:00+00:00,3556.3891524030555,3207.0
52,2019-03-14T04:00:00+00:00,3348.450566260313,3215.0
52,2019-03-14T05:00:00+00:00,3095.1200225175444,3136.0
52,2019-03-14T06:00:00+00:00,3005.5455066616446,3036.0
52,2019-03-14T07:00:00+00:00,2974.4951690665944,3108.0
52,2019-03-14T08:00:00+00:00,2879.177171211809,2964.0
52,2019-03-14T09:00:00+00:00,2915.994271999229,2987.0
52,2019-03-14T10:00:00+00:00,2930.5201505060804,2956.0
52,2019-03-14T11:00:00+00:00,3069.4574223537975,3157.0
52,2019-03-14T12:00:00+00:00,3094.867680156369,3101.0
52,2019-03-14T13:00:00+00:00,3279.194703756468,3244.0
52,2019-03-14T14:00:00+00:00,3389.0395611833014,3345.0
52,2019-03-14T15:00:00+00:00,3404.325645424919,3281.0
52,2019-03-14T16:00:00+00:00,3378.483095184563,3407.0
52,2019-03-14T17:00:00+00:00,3506.7044748408625,3850.0
52,2019-03-14T18:00:00+00:00,3509.4667578798803,3949.0
52,2019-03-14T19:00:00+00:00,3658.1732415077267,3838.0
52,2019-03-14T20:00:00+00:00,3594.572656012619,3660.0
52,2019-03-14T21:00:00+00:00,3619.1591164670285,3608.0
52,2019-03-14T22:00:00+00:00,3428.8197122571373,3741.0
52,2019-03-14T23:00:00+00:00,3350.901370393456,3695.0
52,2019-03-15T00:00:00+00:00,3458.0319260983265,3328.0
52,2019-03-15T01:00:00+00:00,3383.2750368849825,3312.0
52,2019-03-15T02:00:00+00:00,3428.9547563979104,3194.0
52,2019-03-15T03:00:00+00:00,3187.5523420508825,3139.0
52,2019-03-15T04:00:00+00:00,3073.4977751699844,3135.0
52,2019-03-15T05:00:00+00:00,2954.8128944981895,2893.0
52,2019-03-15T06:00:00+00:00,2924.9418179244262,2840.0
52,2019-03-15T07:00:00+00:00,2824.1769130472317,2818.0
52,2019-03-15T08:00:00+00:00,2702.4227482186448,2816.0
52,2019-03-15T09:00:00+00:00,2673.477202355914,2810.0
52,2019-03-15T10:00:00+00:00,2780.915300313467,2790.0
52,2019-03-15T11:00:00+00:00,2779.9149194913734,2755.0
52,2019-03-15T12:00:00+00:00,2844.201581434932,2766.0
52,2019-03-15T13:00:00+00:00,3059.7141850492944,2956.0
52,2019-03-15T14:00:00+00:00,2992.3625680282157,3166.0
52,2019-03-15T15:00:00+00:00,3059.1010420203197,3031.0
53,2019-03-12T16:00:00+00:00,3895.805060856048,3855.0
53,2019-03-12T17:00:00+00:00,3983.4667680790585,4098.0
53,2019-03-12T18:00:00+00:00,3985.339441851072,4328.0
53,2019-03-12T19:00:00+00:00,3970.2997578136346,4363.0
53,2019-03-12T20:00:00+00:00,3858.1277290571347,4295.0
53,2019-03-12T21:00:00+00:00,3631.960980462179,4222.0
53,2019-03-12T22:00:00+00:00,3798.4615165520886,4092.0
53,2019-03-12T23:00:00+00:00,3680.9741715644577,3954.0
53,2019-03-13T00:00:00+00:00,3598.7649066369704,3615.0
53,2019-03-13T01:00:00+00:00,3615.1234892869925,3462.0
53,2019-03-13T02:00:00+00:00,3446.0771571680257,3315.0
53,2019-03-13T03:00:00+00:00,3400.6123157181346,3345.0
53,2019-03-13T04:00:00+00:00,3352.73553270932,3407.0
53,2019-03-13T05:00:00+00:00,3129.1229078378974,3338.0
53,2019-03-13T06:00:00+00:00,3029.4661150684738,3151.0
53,2019-03-13T07:00:00+00:00,2958.4675627023703,3118.0
53,2019-03-13T08:00:00+00:00,3103.5668658123914,3069.0
53,2019-03-13T09:00:00+00:00,3080.3247331804832,3224.0
53,2019-03-13T10:00:00+00:00,3318.8630485096064,3463.0
53,2019-03-13T11:00:00+00:00,3457.175272360353,3680.0
53,2019-03-13T12:00:00+00:00,3671.597154538444,3762.0
53,2019-03-13T13:00:00+00:00,3667.407465010608,3970.0
53,2019-03-13T14:00:00+00:00,3918.3122083576645,4172.0
53,2019-03-13T15:00:00+00:00,3883.746724487308,4090.0
53,2019-03-13T16:00:00+00:00,3973.524426174492,4209.0
53,2019-03-13T17:00:00+00:00,4015.5899903123914,4800.0
53,2019-03-13T18:00:00+00:00,4057.398585592184,4474.0
53,2019-03-13T19:00:00+00:00,4065.265480973536,4957.0
53,2019-03-13T20:00:00+00:00,3995.2838326328506,4747.0
53,2019-03-13T21:00:00+00:00,3980.7302612372273,4201.0
53,2019-03-13T22:00:00+00:00,3886.548564075085,3958.0
53,2019-03-13T23:00:00+00:00,3816.950716701227,3562.0
53,2019-03-14T00:00:00+00:00,3759.823228294215,3353.0
53,2019-03-14T01:00:00+00:00,3629.7433848207615,3332.0
53,2019-03-14T02:00:00+00:00,3539.837149134914,3148.0
53,2019-03-14T03:00:00+00:00,3533.6408322257107,3207.0
53,2019-03-14T04:00:00+00:00,3442.7371816327664,3215.0
53,2019-03-14T05:00:00+00:00,3241.9271969696183,3136.0
53,2019-03-14T06:00:00+00:00,3134.784814781968,3036.0
53,2019-03-14T07:00:00+00:00,3004.1954948571997,3108.0
53,2019-03-14T08:00:00+00:00,2899.9761499537135,2964.0
53,2019-03-14T09:00:00+00:00,2903.2000912936246,2987.0
53,2019-03-14T10:00:00+00:00,2943.2838624247543,2956.0
53,2019-03-14T11:00:00+00:00,3034.4541066417414,3157.0
53,2019-03-14T12:00:00+00:00,3348.117223025639,3101.0
53,2019-03-14T13:00:00+00:00,3364.59850698355,3244.0
53,2019-03-14T14:00:00+00:00,3354.011090959584,3345.0
53,2019-03-14T15:00:00+00:00,3306.8601309648175,3281.0
53,2019-03-14T16:00:00+00:00,3493.4537745505986,3407.0
53,2019-03-14T17:00:00+00:00,3526.4002488663837,3850.0
53,2019-03-14T18:00:00+00:00,3487.665118113823,3949.0
53,2019-03-14T19:00:00+00:00,3590.4705064159975,3838.0
53,2019-03-14T20:00:00+00:00,3564.19334222779,3660.0
53,2019-03-14T21:00:00+00:00,3463.653227270227,3608.0
53,2019-03-14T22:00:00+00:00,3477.926945171139,3741.0
53,2019-03-14T23:00:00+00:00,3549.360413033555,3695.0
53,2019-03-15T00:00:00+00:00,3510.566277921922,3328.0
53,2019-03-15T01:00:00+00:00,3381.861710230797,3312.0
53,2019-03-15T02:00:00+00:00,3381.7483858407945,3194.0
53,2019-03-15T03:00:00+00:00,3250.7625172978337,3139.0
53,2019-03-15T04:00:00+00:00,3277.1739325130548,3135.0
53,2019-03-15T05:00:00+00:00,3039.944073132015,2893.0
53,2019-03-15T06:00:00+00:00,2953.6705463131298,2840.0
53,2019-03-15T07:00:00+00:00,2856.4944811980704,2818.0
53,2019-03-15T08:00:00+00:00,2743.9027300307152,2816.0
53,2019-03-15T09:00:00+00:00,2794.116678841807,2810.0
53,2019-03-15T10:00:00+00:00,2885.2260846241525,2790.0
53,2019-03-15T11:00:00+00:00,2904.061082372471,2755.0
53,2019-03-15T12:00:00+00:00,2923.395411325263,2766.0
53,2019-03-15T13:00:00+00:00,3048.387859634247,2956.0
53,2019-03-15T14:00:00+00:00,3092.46082774407,3166.0
53,2019-03-15T15:00:00+00:00,3012.9463485700185,3031.0
53,2019-03-15T16:00:00+00:00,3057.8001371761557,3198.0
53,2019-03-15T17:00:00+00:00,3080.5329585887816,3154.0
53,2019-03-15T18:00:00+00:00,3023.7864952504387,3074.0
53,2019-03-15T19:00:00+00:00,3068.4691034701314,3029.0
53,2019-03-15T20:00:00+00:00,3045.922399419755,3002.0
53,2019-03-15T21:00:00+00:00,2921.2801769284424,2972.0
53,2019-03-15T22:00:00+00:00,2853.1267218964203,3021.0
53,2019-03-15T23:00:00+00:00,2902.035337644857,2926.0
53,2019-03-16T00:00:00+00:00,2902.1249594996902,2776.0
53,2019-03-16T01:00:00+00:00,2806.699296452041,2839.0
53,2019-03-16T02:00:00+00:00,2744.553281592017,2797.0
53,2019-03-16T03:00:00+00:00,2700.8711533336377,2700.0
53,2019-03-16T04:00:00+00:00,2874.7396005876953,2737.0
53,2019-03-16T05:00:00+00:00,2754.7718914561733,2689.0
53,2019-03-16T06:00:00+00:00,2736.6013247599494,2714.0
53,2019-03-16T07:00:00+00:00,2725.756815953852,2899.0
53,2019-03-16T08:00:00+00:00,2776.888133013533,3006.0
53,2019-03-16T09:00:00+00:00,2900.015805641693,2957.0
53,2019-03-16T10:00:00+00:00,3045.4032403712913,3285.0
53,2019-03-16T11:00:00+00:00,3345.6910632502545,3443.0
53,2019-03-16T12:00:00+00:00,3556.2137751229666,3733.0
53,2019-03-16T13:00:00+00:00,3683.1063257214832,3889.0
53,2019-03-16T14:00:00+00:00,3758.975918427722,3916.0
53,2019-03-16T15:00:00+00:00,3883.652971831643,3711.0
54,2019-03-13T16:00:00+00:00,3894.630690702945,4209.0
54,2019-03-13T17:00:00+00:00,4103.167792708919,4800.0
54,2019-03-13T18:00:00+00:00,4169.9292670000505,4474.0
54,2019-03-13T19:00:00+00:00,4150.552506461121,4957.0
54,2019-03-13T20:00:00+00:00,4030.246402125508,4747.0
54,2019-03-13T21:00:00+00:00,3931.7021496823463,4201.0
54,2019-03-13T22:00:00+00:00,3908.1577746152216,3958.0
54,2019-03-13T23:00:00+00:00,3948.5721419984725,3562.0
54,2019-03-14T00:00:00+00:00,3895.5742977984146,3353.0
54,2019-03-14T01:00:00+00:00,3880.4214298182023,3332.0
54,2019-03-14T02:00:00+00:00,3742.5767052207243,3148.0
54,2019-03-14T03:00:00+00:00,3539.9893113143316,3207.0
54,2019-03-14T04:00:00+00:00,3235.866056386815,3215.0
54,2019-03-14T05:00:00+00:00,3206.478448742334,3136.0
54,2019-03-14T06:00:00+00:00,3221.4393831927255,3036.0
54,2019-03-14T07:00:00+00:00,3024.2739958413317,3108.0
54,2019-03-14T08:00:00+00:00,2998.9525172102244,2964.0
54,2019-03-14T09:00:00+00:00,2893.5163705674972,2987.0
54,2019-03-14T10:00:00+00:00,2944.1619054494313,2956.0
54,2019-03-14T11:00:00+00:00,3026.9912035816797,3157.0
54,2019-03-14T12:00:00+00:00,3151.881389785287,3101.0
54,2019-03-14T13:00:00+00:00,3253.8082063202773,3244.0
54,2019-03-14T14:00:00+00:00,3371.2826301629084,3345.0
54,2019-03-14T15:00:00+00:00,3275.91288163531,3281.0
54,2019-03-14T16:00:00+00:00,3317.0445873677013,3407.0
54,2019-03-14T17:00:00+00:00,3345.9665380960846,3850.0
54,2019-03-14T18:00:00+00:00,3328.895755813156,3949.0
54,2019-03-14T19:00:00+00:00,3453.9114026996076,3838.0
54,2019-03-14T20:00:00+00:00,3417.5978134871025,3660.0
54,2019-03-14T21:00:00+00:00,3378.39923992769,3608.0
54,2019-03-14T22:00:00+00:00,3331.054512327534,3741.0
54,2019-03-14T23:00:00+00:00,3393.3277723763617,3695.0
54,2019-03-15T00:00:00+00:00,3590.4778922878836,3328.0
54,2019-03-15T01:00:00+00:00,3449.23725285029,3312.0
54,2019-03-15T02:00:00+00:00,3335.800009368808,3194.0
54,2019-03-15T03:00:00+00:00,3204.220784332854,3139.0
54,2019-03-15T04:00:00+00:00,3050.0318853186527,3135.0
54,2019-03-15T05:00:00+00:00,2858.524654144175,2893.0
54,2019-03-15T06:00:00+00:00,2821.908442462777,2840.0
54,2019-03-15T07:00:00+00:00,2789.1560827396515,2818.0
54,2019-03-15T08:00:00+00:00,2601.76802006122,2816.0
54,2019-03-15T09:00:00+00:00,2599.952053923017,2810.0
54,2019-03-15T10:00:00+00:00,2653.56885731962,2790.0
54,2019-03-15T11:00:00+00:00,2730.6761040476954,2755.0
54,2019-03-15T12:00:00+00:00,2949.266649977392,2766.0
54,2019-03-15T13:00:00+00:00,2956.7641526252155,2956.0
54,2019-03-15T14:00:00+00:00,2794.578799792393,3166.0
54,2019-03-15T15:00:00+00:00,2771.8207970179,3031.0
54,2019-03-15T16:00:00+00:00,2891.9754166254315,3198.0
54,2019-03-15T17:00:00+00:00,2916.7668969866945,3154.0
54,2019-03-15T18:00:00+00:00,2890.482710437074,3074.0
54,2019-03-15T19:00:00+00:00,2852.6117266951946,3029.0
54,2019-03-15T20:00:00+00:00,2720.3877001726955,3002.0
54,2019-03-15T21:00:00+00:00,2784.2341509332755,2972.0
54,2019-03-15T22:00:00+00:00,2784.2296566219716,3021.0
54,2019-03-15T23:00:00+00:00,2687.77578767783,2926.0
54,2019-03-16T00:00:00+00:00,2844.7781420917454,2776.0
54,2019-03-16T01:00:00+00:00,2784.43758461261,2839.0
54,2019-03-16T02:00:00+00:00,2733.549489105869,2797.0
54,2019-03-16T03:00:00+00:00,2747.2359227910097,2700.0
54,2019-03-16T04:00:00+00:00,2707.556375306017,2737.0
54,2019-03-16T05:00:00+00:00,2525.9177925492777,2689.0
54,2019-03-16T06:00:00+00:00,2506.576457758276,2714.0
54,2019-03-16T07:00:00+00:00,2621.7909700357745,2899.0
54,2019-03-16T08:00:00+00:00,2622.753810139914,3006.0
54,2019-03-16T09:00:00+00:00,2713.858325054075,2957.0
54,2019-03-16T10:00:00+00:00,2948.1827939321015,3285.0
54,2019-03-16T11:00:00+00:00,3199.4810704127435,3443.0
54,2019-03-16T12:00:00+00:00,3364.1139557844504,3733.0
54,2019-03-16T13:00:00+00:00,3592.9534316564036,3889.0
54,2019-03-16T14:00:00+00:00,3628.6759197931697,3916.0
54,2019-03-16T15:00:00+00:00,3616.1912352090408,3711.0
54,2019-03-16T16:00:00+00:00,3627.7998099832816,3781.0
54,2019-03-16T17:00:00+00:00,3697.123950494065,4014.0
54,2019-03-16T18:00:00+00:00,3821.041960983654,4163.0
54,2019-03-16T19:00:00+00:00,3781.733722923775,4343.0
54,2019-03-16T20:00:00+00:00,3710.5755564135543,4388.0
54,2019-03-16T21:00:00+00:00,3638.300553544208,4081.0
54,2019-03-16T22:00:00+00:00,3587.209602670249,3905.0
54,2019-03-16T23:00:00+00:00,3556.9297255230276,3684.0
54,2019-03-17T00:00:00+00:00,3548.97816524784,3374.0
54,2019-03-17T01:00:00+00:00,3443.1701473910866,3297.0
54,2019-03-17T02:00:00+00:00,3437.9205274163746,3142.0
54,2019-03-17T03:00:00+00:00,3161.777103210071,3138.0
54,2019-03-17T04:00:00+00:00,3024.0443894079312,3180.0
54,2019-03-17T05:00:00+00:00,2982.0895968251207,3075.0
54,2019-03-17T06:00:00+00:00,3007.8509892215466,2934.0
54,2019-03-17T07:00:00+00:00,2866.2561914438907,2935.0
54,2019-03-17T08:00:00+00:00,2835.5800052649256,2922.0
54,2019-03-17T09:00:00+00:00,2996.0779424814114,3064.0
54,2019-03-17T10:00:00+00:00,3191.4240260075308,3182.0
54,2019-03-17T11:00:00+00:00,3249.6879803392185,3375.0
54,2019-03-17T12:00:00+00:00,3448.786764234844,3571.0
54,2019-03-17T13:00:00+00:00,3654.3897914568333,3791.0
54,2019-03-17T14:00:00+00:00,3651.48375654889,3782.0
54,2019-03-17T15:00:00+00:00,3699.222926058814,3714.0
55,2019-03-14T16:00:00+00:00,3129.289924377104,3407.0
55,2019-03-14T17:00:00+00:00,3238.4805724184994,3850.0
55,2019-03-14T18:00:00+00:00,3307.923002541885,3949.0
55,2019-03-14T19:00:00+00:00,3441.403618677231,3838.0
55,2019-03-14T20:00:00+00:00,3393.8422057886746,3660.0
55,2019-03-14T21:00:00+00:00,3334.459068802988,3608.0
55,2019-03-14T22:00:00+00:00,3365.9270303620715,3741.0
55,2019-03-14T23:00:00+00:00,3379.108151443135,3695.0
55,2019-03-15T00:00:00+00:00,3341.134211621339,3328.0
55,2019-03-15T01:00:00+00:00,3148.5211485411496,3312.0
55,2019-03-15T02:00:00+00:00,3116.063694950964,3194.0
55,2019-03-15T03:00:00+00:00,3162.028140238184,3139.0
55,2019-03-15T04:00:00+00:00,2939.678367273668,3135.0
55,2019-03-15T05:00:00+00:00,2788.8101529548444,2893.0
55,2019-03-15T06:00:00+00:00,2620.593302165983,2840.0
55,2019-03-15T07:00:00+00:00,2485.4812840735717,2818.0
55,2019-03-15T08:00:00+00:00,2493.9348192657653,2816.0
55,2019-03-15T09:00:00+00:00,2486.475584356842,2810.0
55,2019-03-15T10:00:00+00:00,2510.6869680957793,2790.0
55,2019-03-15T11:00:00+00:00,2647.1552107170864,2755.0
55,2019-03-15T12:00:00+00:00,2853.529689779104,2766.0
55,2019-03-15T13:00:00+00:00,2729.333031988647,2956.0
55,2019-03-15T14:00:00+00:00,2758.9496842776152,3166.0
55,2019-03-15T15:00:00+00:00,2756.409010441589,3031.0
55,2019-03-15T16:00:00+00:00,2815.7417847035417,3198.0
55,2019-03-15T17:00:00+00:00,2784.521985135193,3154.0
55,2019-03-15T18:00:00+00:00,2861.9498481005817,3074.0
55,2019-03-15T19:00:00+00:00,2887.562531667085,3029.0
55,2019-03-15T20:00:00+00:00,2889.618811274443,3002.0
55,2019-03-15T21:00:00+00:00,2857.929554453231,2972.0
55,2019-03-15T22:00:00+00:00,2752.2225594616048,3021.0
55,2019-03-15T23:00:00+00:00,2802.4352525092436,2926.0
55,2019-03-16T00:00:00+00:00,2883.938794899528,2776.0
55,2019-03-16T01:00:00+00:00,2813.8813381019886,2839.0
55,2019-03-16T02:00:00+00:00,2852.3318236308733,2797.0
55,2019-03-16T03:00:00+00:00,2744.1516355655995,2700.0
55,2019-03-16T04:00:00+00:00,2646.0411502561187,2737.0
55,2019-03-16T05:00:00+00:00,2710.913493664726,2689.0
55,2019-03-16T06:00:00+00:00,2668.5986935278756,2714.0
55,2019-03-16T07:00:00+00:00,2742.2800853714116,2899.0
55,2019-03-16T08:00:00+00:00,2743.728245003606,3006.0
55,2019-03-16T09:00:00+00:00,3030.3306751592377,2957.0
55,2019-03-16T10:00:00+00:00,3115.9647209630484,3285.0
55,2019-03-16T11:00:00+00:00,3416.350410775304,3443.0
55,2019-03-16T12:00:00+00:00,3704.758794007924,3733.0
55,2019-03-16T13:00:00+00:00,3880.2480353225124,3889.0
55,2019-03-16T14:00:00+00:00,4075.902987088381,3916.0
55,2019-03-16T15:00:00+00:00,4067.0555387289255,3711.0
55,2019-03-16T16:00:00+00:00,4057.5275987637438,3781.0
55,2019-03-16T17:00:00+00:00,4099.821315293151,4014.0
55,2019-03-16T18:00:00+00:00,4113.765841414224,4163.0
55,2019-03-16T19:00:00+00:00,4122.274299734269,4343.0
55,2019-03-16T20:00:00+00:00,4034.9212129029584,4388.0
55,2019-03-16T21:00:00+00:00,3922.3833934712557,4081.0
55,2019-03-16T22:00:00+00:00,3896.717703468487,3905.0
55,2019-03-16T23:00:00+00:00,3872.842335592361,3684.0
55,2019-03-17T00:00:00+00:00,3664.740818272434,3374.0
55,2019-03-17T01:00:00+00:00,3652.6073343749727,3297.0
55,2019-03-17T02:00:00+00:00,3597.219673185243,3142.0
55,2019-03-17T03:00:00+00:00,3523.8819309244554,3138.0
55,2019-03-17T04:00:00+00:00,3318.7889584658983,3180.0
55,2019-03-17T05:00:00+00:00,3347.017496443555,3075.0
55,2019-03-17T06:00:00+00:00,3109.1049809171536,2934.0
55,2019-03-17T07:00:00+00:00,3091.776337523139,2935.0
55,2019-03-17T08:00:00+00:00,3077.8696825840857,2922.0
55,2019-03-17T09:00:00+00:00,3216.7987919693605,3064.0
55,2019-03-17T10:00:00+00:00,3329.880918764987,3182.0
55,2019-03-17T11:00:00+00:00,3538.98516320188,3375.0
55,2019-03-17T12:00:00+00:00,3807.8154010934477,3571.0
55,2019-03-17T13:00:00+00:00,3944.9846240926036,3791.0
55,2019-03-17T14:00:00+00:00,4072.765561241078,3782.0
55,2019-03-17T15:00:00+00:00,4132.445785422544,3714.0
55,2019-03-17T16:00:00+00:00,4148.201915556142,3797.0
55,2019-03-17T17:00:00+00:00,4039.184662010436,3913.0
55,2019-03-17T18:00:00+00:00,4091.2123298040788,4067.0
55,2019-03-17T19:00:00+00:00,4214.725984461904,4321.0
55,2019-03-17T20:00:00+00:00,4123.3199541334725,4384.0
55,2019-03-17T21:00:00+00:00,4118.706477486764,4284.0
55,2019-03-17T22:00:00+00:00,4052.752657374145,3852.0
55,2019-03-17T23:00:00+00:00,3919.8012133484776,3615.0
55,2019-03-18T00:00:00+00:00,3898.0971926676634,3468.0
55,2019-03-18T01:00:00+00:00,3834.3972035813536,3476.0
55,2019-03-18T02:00:00+00:00,3653.326424183666,3517.0
55,2019-03-18T03:00:00+00:00,3526.3232672620934,3203.0
55,2019-03-18T04:00:00+00:00,3375.6632783515684,3256.0
55,2019-03-18T05:00:00+00:00,3268.8553092760076,3162.0
55,2019-03-18T06:00:00+00:00,3082.5777710930324,2988.0
55,2019-03-18T07:00:00+00:00,3147.1413619243135,2936.0
55,2019-03-18T08:00:00+00:00,3085.1706252051586,2932.0
55,2019-03-18T09:00:00+00:00,3164.6310404579312,2990.0
55,2019-03-18T10:00:00+00:00,3403.722056938267,3169.0
55,2019-03-18T11:00:00+00:00,3511.437397724406,3356.0
55,2019-03-18T12:00:00+00:00,3749.678906752207,3570.0
55,2019-03-18T13:00:00+00:00,3959.9093066349005,3836.0
55,2019-03-18T14:00:00+00:00,3960.5753239145147,3854.0
55,2019-03-18T15:00:00+00:00,4026.5097788328367,3520.0
56,2019-03-15T16:00:00+00:00,3050.876221008547,3198.0
56,2019-03-15T17:00:00+00:00,3104.501236437203,3154.0
56,2019-03-15T18:00:00+00:00,3243.1876199656367,3074.0
56,2019-03-15T19:00:00+00:00,3196.3264934803897,3029.0
56,2019-03-15T20:00:00+00:00,3025.8060933464158,3002.0
56,2019-03-15T21:00:00+00:00,3045.883239427875,2972.0
56,2019-03-15T22:00:00+00:00,3035.7460559097035,3021.0
56,2019-03-15T23:00:00+00:00,3126.1187085790016,2926.0
56,2019-03-16T00:00:00+00:00,2990.148624014733,2776.0
56,2019-03-16T01:00:00+00:00,3106.8205654414905,2839.0
56,2019-03-16T02:00:00+00:00,2980.4557163875565,2797.0
56,2019-03-16T03:00:00+00:00,2947.9553024687266,2700.0
56,2019-03-16T04:00:00+00:00,2865.151053512718,2737.0
56,2019-03-16T05:00:00+00:00,2832.4586399712543,2689.0
56,2019-03-16T06:00:00+00:00,2888.5012478943704,2714.0
56,2019-03-16T07:00:00+00:00,2832.3409286707692,2899.0
56,2019-03-16T08:00:00+00:00,2979.6874535257693,3006.0
56,2019-03-16T09:00:00+00:00,3025.786067223986,2957.0
56,2019-03-16T10:00:00+00:00,3151.7443463369113,3285.0
56,2019-03-16T11:00:00+00:00,3432.0321864939415,3443.0
56,2019-03-16T12:00:00+00:00,3628.424073128094,3733.0
56,2019-03-16T13:00:00+00:00,3871.051088166332,3889.0
56,2019-03-16T14:00:00+00:00,3865.33987598354,3916.0
56,2019-03-16T15:00:00+00:00,3995.0043922182226,3711.0
56,2019-03-16T16:00:00+00:00,3971.066963190409,3781.0
56,2019-03-16T17:00:00+00:00,4138.721826787789,4014.0
56,2019-03-16T18:00:00+00:00,4178.717892755671,4163.0
56,2019-03-16T19:00:00+00:00,4123.625963859047,4343.0
56,2019-03-16T20:00:00+00:00,4117.347212688457,4388.0
56,2019-03-16T21:00:00+00:00,3864.384900924183,4081.0
56,2019-03-16T22:00:00+00:00,3860.9412670728657,3905.0
56,2019-03-16T23:00:00+00:00,3836.9106471783007,3684.0
56,2019-03-17T00:00:00+00:00,3867.7212661395156,3374.0
56,2019-03-17T01:00:00+00:00,3761.0995466118316,3297.0
56,2019-03-17T02:00:00+00:00,3643.9633196948516,3142.0
56,2019-03-17T03:00:00+00:00,3445.6127229689737,3138.0
56,2019-03-17T04:00:00+00:00,3292.127563707577,3180.0
56,2019-03-17T05:00:00+00:00,3226.877731195813,3075.0
56,2019-03-17T06:00:00+00:00,3107.582318161168,2934.0
56,2019-03-17T07:00:00+00:00,3048.0633108745424,2935.0
56,2019-03-17T08:00:00+00:00,3025.133665063912,2922.0
56,2019-03-17T09:00:00+00:00,3026.598678363497,3064.0
56,2019-03-17T10:00:00+00:00,3103.3746183417084,3182.0
56,2019-03-17T11:00:00+00:00,3446.7594415413128,3375.0
56,2019-03-17T12:00:00+00:00,3650.6292095193407,3571.0
56,2019-03-17T13:00:00+00:00,3832.8650399834564,3791.0
56,2019-03-17T14:00:00+00:00,3883.6530048780496,3782.0
56,2019-03-17T15:00:00+00:00,3880.538314958522,3714.0
56,2019-03-17T16:00:00+00:00,3877.265200565516,3797.0
56,2019-03-17T17:00:00+00:00,3973.5822573861287,3913.0
56,2019-03-17T18:00:00+00:00,4066.6728613399246,4067.0
56,2019-03-17T19:00:00+00:00,4066.763871143837,4321.0
56,2019-03-17T20:00:00+00:00,3891.185801088175,4384.0
56,2019-03-17T21:00:00+00:00,3957.699889979129,4284.0
56,2019-03-17T22:00:00+00:00,3915.7544164829937,3852.0
56,2019-03-17T23:00:00+00:00,3740.7282544647846,3615.0
56,2019-03-18T00:00:00+00:00,3667.022441326735,3468.0
56,2019-03-18T01:00:00+00:00,3613.90956258513,3476.0
56,2019-03-18T02:00:00+00:00,3500.789729839516,3517.0
56,2019-03-18T03:00:00+00:00,3378.962871177902,3203.0
56,2019-03-18T04:00:00+00:00,3254.2574722186773,3256.0
56,2019-03-18T05:00:00+00:00,3176.63410671155,3162.0
56,2019-03-18T06:00:00+00:00,3039.237607050662,2988.0
56,2019-03-18T07:00:00+00:00,2945.3349206998614,2936.0
56,2019-03-18T08:00:00+00:00,2912.5433679384496,2932.0
56,2019-03-18T09:00:00+00:00,3092.066666728758,2990.0
56,2019-03-18T10:00:00+00:00,3128.478089828149,3169.0
56,2019-03-18T11:00:00+00:00,3314.8226956934195,3356.0
56,2019-03-18T12:00:00+00:00,3494.636563275795,3570.0
56,2019-03-18T13:00:00+00:00,3767.0029236492906,3836.0
56,2019-03-18T14:00:00+00:00,3787.395894239099,3854.0
56,2019-03-18T15:00:00+00:00,3739.5109900758507,3520.0
56,2019-03-18T16:00:00+00:00,3842.260926507667,3718.0
56,2019-03-18T17:00:00+00:00,3869.2694902910443,3827.0
56,2019-03-18T18:00:00+00:00,4014.2747433277414,4040.0
56,2019-03-18T19:00:00+00:00,3999.0030074228116,4104.0
56,2019-03-18T20:00:00+00:00,3905.8324311649235,3989.0
56,2019-03-18T21:00:00+00:00,3774.0533745079597,3612.0
56,2019-03-18T22:00:00+00:00,3730.0862209922284,3453.0
56,2019-03-18T23:00:00+00:00,3762.95047584827,3308.0
56,2019-03-19T00:00:00+00:00,3621.2139089860875,3124.0
56,2019-03-19T01:00:00+00:00,3625.5433187212375,3038.0
56,2019-03-19T02:00:00+00:00,3363.898600613917,3009.0
56,2019-03-19T03:00:00+00:00,3284.261973659288,2835.0
56,2019-03-19T04:00:00+00:00,3239.91624050898,2930.0
56,2019-03-19T05:00:00+00:00,3066.0320962117644,2790.0
56,2019-03-19T06:00:00+00:00,3103.7214734259014,2745.0
56,2019-03-19T07:00:00+00:00,3056.5936459157892,2819.0
56,2019-03-19T08:00:00+00:00,2917.848638061959,2804.0
56,2019-03-19T09:00:00+00:00,3062.0030783130583,3094.0
56,2019-03-19T10:00:00+00:00,3152.688151710821,3353.0
56,2019-03-19T11:00:00+00:00,3470.1851634853624,3509.0
56,2019-03-19T12:00:00+00:00,3711.9539220349047,3743.0
56,2019-03-19T13:00:00+00:00,3844.9826946521325,3896.0
56,2019-03-19T14:00:00+00:00,3971.9520120532957,4225.0
56,2019-03-19T15:00:00+00:00,4123.752994246208,3830.0
57,2019-03-16T16:00:00+00:00,4134.16565261021,3781.0
57,2019-03-16T17:00:00+00:00,4215.031399352159,4014.0
57,2019-03-16T18:00:00+00:00,4177.254201312351,4163.0
57,2019-03-16T19:00:00+00:00,4148.684128721971,4343.0
57,2019-03-16T20:00:00+00:00,4067.742044780662,4388.0
57,2019-03-16T21:00:00+00:00,3932.6221616434677,4081.0
57,2019-03-16T22:00:00+00:00,3916.664514522121,3905.0
57,2019-03-16T23:00:00+00:00,3840.1029631070483,3684.0
57,2019-03-17T00:00:00+00:00,3918.296874824979,3374.0
57,2019-03-17T01:00:00+00:00,3817.2250349228243,3297.0
57,2019-03-17T02:00:00+00:00,3618.772192614773,3142.0
57,2019-03-17T03:00:00+00:00,3512.80251173669,3138.0
57,2019-03-17T04:00:00+00:00,3306.3673388180596,3180.0
57,2019-03-17T05:00:00+00:00,3228.2429608705197,3075.0
57,2019-03-17T06:00:00+00:00,3111.832647845206,2934.0
57,2019-03-17T07:00:00+00:00,3065.608243000078,2935.0
57,2019-03-17T08:00:00+00:00,2978.8280817208492,2922.0
57,2019-03-17T09:00:00+00:00,2983.0987018985697,3064.0
57,2019-03-17T10:00:00+00:00,3348.3221520548736,3182.0
57,2019-03-17T11:00:00+00:00,3443.950306959268,3375.0
57,2019-03-17T12:00:00+00:00,3652.8711107928493,3571.0
57,2019-03-17T13:00:00+00:00,3794.11019704933,3791.0
57,2019-03-17T14:00:00+00:00,3908.2803767838914,3782.0
57,2019-03-17T15:00:00+00:00,4043.5810898582713,3714.0
57,2019-03-17T16:00:00+00:00,3992.852013660328,3797.0
57,2019-03-17T17:00:00+00:00,4097.606545119503,3913.0
57,2019-03-17T18:00:00+00:00,4089.712749963138,4067.0
57,2019-03-17T19:00:00+00:00,4131.816251375871,4321.0
57,2019-03-17T20:00:00+00:00,4037.6158829939714,4384.0
57,2019-03-17T21:00:00+00:00,3861.846375104589,4284.0
57,2019-03-17T22:00:00+00:00,3860.026972140094,3852.0
57,2019-03-17T23:00:00+00:00,3856.5575951379974,3615.0
57,2019-03-18T00:00:00+00:00,3720.6899379111383,3468.0
57,2019-03-18T01:00:00+00:00,3642.4411691581695,3476.0
57,2019-03-18T02:00:00+00:00,3538.1955854078037,3517.0
57,2019-03-18T03:00:00+00:00,3370.2256263884215,3203.0
57,2019-03-18T04:00:00+00:00,3157.1813724837325,3256.0
57,2019-03-18T05:00:00+00:00,3126.9466532511983,3162.0
57,2019-03-18T06:00:00+00:00,2898.9346263553416,2988.0
57,2019-03-18T07:00:00+00:00,2878.174113630777,2936.0
57,2019-03-18T08:00:00+00:00,2849.0902355098115,2932.0
57,2019-03-18T09:00:00+00:00,2947.967529639187,2990.0
57,2019-03-18T10:00:00+00:00,3088.1774020837724,3169.0
57,2019-03-18T11:00:00+00:00,3321.991745974753,3356.0
57,2019-03-18T12:00:00+00:00,3624.5962417530695,3570.0
57,2019-03-18T13:00:00+00:00,3715.677029347257,3836.0
57,2019-03-18T14:00:00+00:00,3820.8543234866984,3854.0
57,2019-03-18T15:00:00+00:00,3853.079460838138,3520.0
57,2019-03-18T16:00:00+00:00,3840.0880922240563,3718.0
57,2019-03-18T17:00:00+00:00,4090.7997784634663,3827.0
57,2019-03-18T18:00:00+00:00,4142.296985337571,4040.0
57,2019-03-18T19:00:00+00:00,4128.614781592481,4104.0
57,2019-03-18T20:00:00+00:00,4031.7917181932517,3989.0
57,2019-03-18T21:00:00+00:00,3934.5804256087035,3612.0
57,2019-03-18T22:00:00+00:00,3846.5397752406434,3453.0
57,2019-03-18T23:00:00+00:00,3723.5500383138387,3308.0
57,2019-03-19T00:00:00+00:00,3734.1942858956404,3124.0
57,2019-03-19T01:00:00+00:00,3595.257708022463,3038.0
57,2019-03-19T02:00:00+00:00,3398.1141932614705,3009.0
57,2019-03-19T03:00:00+00:00,3354.093046048075,2835.0
57,2019-03-19T04:00:00+00:00,3215.8326637477594,2930.0
57,2019-03-19T05:00:00+00:00,3096.3214576776936,2790.0
57,2019-03-19T06:00:00+00:00,3020.391737034556,2745.0
57,2019-03-19T07:00:00+00:00,2893.5929060452977,2819.0
57,2019-03-19T08:00:00+00:00,2884.4118542107153,2804.0
57,2019-03-19T09:00:00+00:00,3029.961910307436,3094.0
57,2019-03-19T10:00:00+00:00,3284.3190778499784,3353.0
57,2019-03-19T11:00:00+00:00,3316.7009336541523,3509.0
57,2019-03-19T12:00:00+00:00,3704.432791206327,3743.0
57,2019-03-19T13:00:00+00:00,3873.248244605237,3896.0
57,2019-03-19T14:00:00+00:00,3927.736118234714,4225.0
57,2019-03-19T15:00:00+00:00,3943.27843811729,3830.0
57,2019-03-19T16:00:00+00:00,4114.473166702151,4013.0
57,2019-03-19T17:00:00+00:00,4219.837867013701,4330.0
57,2019-03-19T18:00:00+00:00,4160.091153462057,4412.0
57,2019-03-19T19:00:00+00:00,4219.9947713524725,4115.0
57,2019-03-19T20:00:00+00:00,4163.029177291637,3835.0
57,2019-03-19T21:00:00+00:00,4102.8533231032425,3789.0
57,2019-03-19T22:00:00+00:00,3918.7443231710135,3712.0
57,2019-03-19T23:00:00+00:00,4090.6145864006025,3417.0
57,2019-03-20T00:00:00+00:00,3961.8755017377325,3244.0
57,2019-03-20T01:00:00+00:00,3943.033035501511,3162.0
57,2019-03-20T02:00:00+00:00,3679.397891013684,3095.0
57,2019-03-20T03:00:00+00:00,3572.3744758899716,3053.0
57,2019-03-20T04:00:00+00:00,3493.069610073298,3101.0
57,2019-03-20T05:00:00+00:00,3361.1386390849666,3076.0
57,2019-03-20T06:00:00+00:00,3196.023524024227,3061.0
57,2019-03-20T07:00:00+00:00,3176.518031208194,2990.0
57,2019-03-20T08:00:00+00:00,3178.975328960243,2973.0
57,2019-03-20T09:00:00+00:00,3158.413359046829,3032.0
57,2019-03-20T10:00:00+00:00,3313.0872429942174,3254.0
57,2019-03-20T11:00:00+00:00,3586.6818515560562,3468.0
57,2019-03-20T12:00:00+00:00,3744.3551967337867,3689.0
57,2019-03-20T13:00:00+00:00,3963.4333754400027,3966.0
57,2019-03-20T14:00:00+00:00,4046.27807319775,4182.0
57,2019-03-20T15:00:00+00:00,4130.787054087179,4047.0
58,2019-03-17T16:00:00+00:00,3897.1776433562345,3797.0
58,2019-03-17T17:00:00+00:00,3974.20795804963,3913.0
58,2019-03-17T18:00:00+00:00,4027.104548059714,4067.0
58,2019-03-17T19:00:00+00:00,4047.361664871787,4321.0
58,2019-03-17T20:00:00+00:00,3894.6494610619216,4384.0
58,2019-03-17T21:00:00+00:00,3756.979585002026,4284.0
58,2019-03-17T22:00:00+00:00,3713.1592566710387,3852.0
58,2019-03-17T23:00:00+00:00,3662.87604259161,3615.0
58,2019-03-18T00:00:00+00:00,3651.4282055393123,3468.0
58,2019-03-18T01:00:00+00:00,3662.60598735647,3476.0
58,2019-03-18T02:00:00+00:00,3518.894765511354,3517.0
58,2019-03-18T03:00:00+00:00,3459.322446109201,3203.0
58,2019-03-18T04:00:00+00:00,3287.7807715625295,3256.0
58,2019-03-18T05:00:00+00:00,3182.6348549862014,3162.0
58,2019-03-18T06:00:00+00:00,3085.6624879217293,2988.0
58,2019-03-18T07:00:00+00:00,3082.8093603108323,2936.0
58,2019-03-18T08:00:00+00:00,2996.919568365961,2932.0
58,2019-03-18T09:00:00+00:00,3024.493787491958,2990.0
58,2019-03-18T10:00:00+00:00,3154.362414857311,3169.0
58,2019-03-18T11:00:00+00:00,3359.8911604697028,3356.0
58,2019-03-18T12:00:00+00:00,3504.3637317650655,3570.0
58,2019-03-18T13:00:00+00:00,3740.8835725760373,3836.0
58,2019-03-18T14:00:00+00:00,3790.5481909693945,3854.0
58,2019-03-18T15:00:00+00:00,3848.2889545910075,3520.0
58,2019-03-18T16:00:00+00:00,3825.227784081912,3718.0
58,2019-03-18T17:00:00+00:00,4018.7956239430187,3827.0
58,2019-03-18T18:00:00+00:00,4014.5435427994285,4040.0
58,2019-03-18T19:00:00+00:00,4019.3419471377483,4104.0
58,2019-03-18T20:00:00+00:00,3881.3172187632504,3989.0
58,2019-03-18T21:00:00+00:00,3648.6096444697705,3612.0
58,2019-03-18T22:00:00+00:00,3572.0881122531505,3453.0
58,2019-03-18T23:00:00+00:00,3506.8749942991735,3308.0
58,2019-03-19T00:00:00+00:00,3455.7167278948696,3124.0
58,2019-03-19T01:00:00+00:00,3477.628494811086,3038.0
58,2019-03-19T02:00:00+00:00,3364.406906241372,3009.0
58,2019-03-19T03:00:00+00:00,3256.0317668380953,2835.0
58,2019-03-19T04:00:00+00:00,3070.303410364025,2930.0
58,2019-03-19T05:00:00+00:00,3104.2415908201574,2790.0
58,2019-03-19T06:00:00+00:00,2858.6402835210415,2745.0
58,2019-03-19T07:00:00+00:00,3024.4234647386074,2819.0
58,2019-03-19T08:00:00+00:00,2959.2149071887484,2804.0
58,2019-03-19T09:00:00+00:00,2983.4992573935683,3094.0
58,2019-03-19T10:00:00+00:00,3018.2774609835283,3353.0
58,2019-03-19T11:00:00+00:00,3302.5655562730767,3509.0
58,2019-03-19T12:00:00+00:00,3565.726629403513,3743.0
58,2019-03-19T13:00:00+00:00,3663.4050494692547,3896.0
58,2019-03-19T14:00:00+00:00,3689.168655974926,4225.0
58,2019-03-19T15:00:00+00:00,3747.3744155845043,3830.0
58,2019-03-19T16:00:00+00:00,3837.1423024889136,4013.0
58,2019-03-19T17:00:00+00:00,3862.31229639194,4330.0
58,2019-03-19T18:00:00+00:00,4035.2949677621646,4412.0
58,2019-03-19T19:00:00+00:00,4056.023590704312,4115.0
58,2019-03-19T20:00:00+00:00,3983.7997436724586,3835.0
58,2019-03-19T21:00:00+00:00,3745.656531181237,3789.0
58,2019-03-19T22:00:00+00:00,3686.1863830068423,3712.0
58,2019-03-19T23:00:00+00:00,3689.3011720655904,3417.0
58,2019-03-20T00:00:00+00:00,3734.8388891037453,3244.0
58,2019-03-20T01:00:00+00:00,3627.5590503876365,3162.0
58,2019-03-20T02:00:00+00:00,3567.937880134854,3095.0
58,2019-03-20T03:00:00+00:00,3463.8620557754466,3053.0
58,2019-03-20T04:00:00+00:00,3313.928951494783,3101.0
58,2019-03-20T05:00:00+00:00,3245.907413587305,3076.0
58,2019-03-20T06:00:00+00:00,3191.5856229360465,3061.0
58,2019-03-20T07:00:00+00:00,3069.0706141639653,2990.0
58,2019-03-20T08:00:00+00:00,2934.366157404762,2973.0
58,2019-03-20T09:00:00+00:00,3000.7827924425064,3032.0
58,2019-03-20T10:00:00+00:00,3126.1659814637137,3254.0
58,2019-03-20T11:00:00+00:00,3220.7823710589237,3468.0
58,2019-03-20T12:00:00+00:00,3458.979663994627,3689.0
58,2019-03-20T13:00:00+00:00,3644.506040831256,3966.0
58,2019-03-20T14:00:00+00:00,3776.633836217592,4182.0
58,2019-03-20T15:00:00+00:00,3753.131264854879,4047.0
58,2019-03-20T16:00:00+00:00,3901.4327647692367,4080.0
58,2019-03-20T17:00:00+00:00,3946.8715739122895,4097.0
58,2019-03-20T18:00:00+00:00,3979.4417818419633,4396.0
58,2019-03-20T19:00:00+00:00,4030.667545531849,4414.0
58,2019-03-20T20:00:00+00:00,4032.8952038040916,4205.0
58,2019-03-20T21:00:00+00:00,3844.554578453988,3934.0
58,2019-03-20T22:00:00+00:00,3762.139219611431,3874.0
58,2019-03-20T23:00:00+00:00,3800.9219206663633,3635.0
58,2019-03-21T00:00:00+00:00,3755.3349975287074,3235.0
58,2019-03-21T01:00:00+00:00,3665.044580842356,3112.0
58,2019-03-21T02:00:00+00:00,3572.5804706658214,3089.0
58,2019-03-21T03:00:00+00:00,3426.380837876795,2939.0
58,2019-03-21T04:00:00+00:00,3335.0633636565826,2962.0
58,2019-03-21T05:00:00+00:00,3198.6857425439102,2847.0
58,2019-03-21T06:00:00+00:00,3040.7050988307465,2868.0
58,2019-03-21T07:00:00+00:00,2987.5298615197935,2742.0
58,2019-03-21T08:00:00+00:00,2810.378947739649,2815.0
58,2019-03-21T09:00:00+00:00,2756.0589168095444,2800.0
58,2019-03-21T10:00:00+00:00,2737.5933778875674,2868.0
58,2019-03-21T11:00:00+00:00,2930.5907045842773,2929.0
58,2019-03-21T12:00:00+00:00,3034.0744364757456,3107.0
58,2019-03-21T13:00:00+00:00,3127.370787357341,3255.0
58,2019-03-21T14:00:00+00:00,3192.223319445162,3366.0
58,2019-03-21T15:00:00+00:00,3188.0485999395382,3214.0
59,2019-03-18T16:00:00+00:00,3938.1652337092273,3718.0
59,2019-03-18T17:00:00+00:00,4012.209078540895,3827.0
59,2019-03-18T18:00:00+00:00,4006.933616276183,4040.0
59,2019-03-18T19:00:00+00:00,3983.1621463025635,4104.0
59,2019-03-18T20:00:00+00:00,3878.8259493051646,3989.0
59,2019-03-18T21:00:00+00:00,3813.4757218099994,3612.0
59,2019-03-18T22:00:00+00:00,3714.6318706441534,3453.0
59,2019-03-18T23:00:00+00:00,3605.2131693504693,3308.0
59,2019-03-19T00:00:00+00:00,3655.5135345149492,3124.0
59,2019-03-19T01:00:00+00:00,3623.04353981344,3038.0
59,2019-03-19T02:00:00+00:00,3530.382638285307,3009.0
59,2019-03-19T03:00:00+00:00,3353.6640912973617,2835.0
59,2019-03-19T04:00:00+00:00,3195.0403273335914,2930.0
59,2019-03-19T05:00:00+00:00,3110.5111055200896,2790.0
59,2019-03-19T06:00:00+00:00,3141.7484527303695,2745.0
59,2019-03-19T07:00:00+00:00,3076.0655470594634,2819.0
59,2019-03-19T08:00:00+00:00,3065.6209328202312,2804.0
59,2019-03-19T09:00:00+00:00,3058.367676163954,3094.0
59,2019-03-19T10:00:00+00:00,3100.9375780369346,3353.0
59,2019-03-19T11:00:00+00:00,3385.0727159679054,3509.0
59,2019-03-19T12:00:00+00:00,3618.6454761684754,3743.0
59,2019-03-19T13:00:00+00:00,3696.2534420501042,3896.0
59,2019-03-19T14:00:00+00:00,3797.232223271134,4225.0
59,2019-03-19T15:00:00+00:00,3893.6543346184853,3830.0
59,2019-03-19T16:00:00+00:00,3919.806170309475,4013.0
59,2019-03-19T17:00:00+00:00,4030.4238613292155,4330.0
59,2019-03-19T18:00:00+00:00,4006.527542031274,4412.0
59,2019-03-19T19:00:00+00:00,4031.3323731408236,4115.0
59,2019-03-19T20:00:00+00:00,3868.766788353092,3835.0
59,2019-03-19T21:00:00+00:00,3938.2108377504037,3789.0
59,2019-03-19T22:00:00+00:00,3908.4262766692486,3712.0
59,2019-03-19T23:00:00+00:00,3808.9220591593257,3417.0
59,2019-03-20T00:00:00+00:00,3826.63014139449,3244.0
59,2019-03-20T01:00:00+00:00,3742.796761242603,3162.0
59,2019-03-20T02:00:00+00:00,3658.6116681847457,3095.0
59,2019-03-20T03:00:00+00:00,3587.5827131245246,3053.0
59,2019-03-20T04:00:00+00:00,3517.5519743467617,3101.0
59,2019-03-20T05:00:00+00:00,3334.9955999343474,3076.0
59,2019-03-20T06:00:00+00:00,3223.1379437097044,3061.0
59,2019-03-20T07:00:00+00:00,3195.281119975643,2990.0
59,2019-03-20T08:00:00+00:00,3110.9002930512006,2973.0
59,2019-03-20T09:00:00+00:00,3082.1441691913847,3032.0
59,2019-03-20T10:00:00+00:00,3241.3431760865037,3254.0
59,2019-03-20T11:00:00+00:00,3332.9727447019145,3468.0
59,2019-03-20T12:00:00+00:00,3563.2788159701718,3689.0
59,2019-03-20T13:00:00+00:00,3679.3987502202563,3966.0
59,2019-03-20T14:00:00+00:00,3737.6894060485174,4182.0
59,2019-03-20T15:00:00+00:00,3803.138508392378,4047.0
59,2019-03-20T16:00:00+00:00,3792.7588964350257,4080.0
59,2019-03-20T17:00:00+00:00,3937.9681449399695,4097.0
59,2019-03-20T18:00:00+00:00,4035.5437411114217,4396.0
59,2019-03-20T19:00:00+00:00,3985.044667903758,4414.0
59,2019-03-20T20:00:00+00:00,3907.271701313729,4205.0
59,2019-03-20T21:00:00+00:00,3878.1777109923282,3934.0
59,2019-03-20T22:00:00+00:00,3801.5846002589055,3874.0
59,2019-03-20T23:00:00+00:00,3740.1868221382397,3635.0
59,2019-03-21T00:00:00+00:00,3771.2559631386735,3235.0
59,2019-03-21T01:00:00+00:00,3729.230748663293,3112.0
59,2019-03-21T02:00:00+00:00,3563.990354674945,3089.0
59,2019-03-21T03:00:00+00:00,3544.0703277339007,2939.0
59,2019-03-21T04:00:00+00:00,3428.9241223789463,2962.0
59,2019-03-21T05:00:00+00:00,3208.6008542093973,2847.0
59,2019-03-21T06:00:00+00:00,3151.0975124963575,2868.0
59,2019-03-21T07:00:00+00:00,3046.2630087330913,2742.0
59,2019-03-21T08:00:00+00:00,2962.339279705425,2815.0
59,2019-03-21T09:00:00+00:00,2934.032157372755,2800.0
59,2019-03-21T10:00:00+00:00,3039.9183299812353,2868.0
59,2019-03-21T11:00:00+00:00,3089.8116460318097,2929.0
59,2019-03-21T12:00:00+00:00,3159.179407799371,3107.0
59,2019-03-21T13:00:00+00:00,3279.0590565187736,3255.0
59,2019-03-21T14:00:00+00:00,3345.0379815734436,3366.0
59,2019-03-21T15:00:00+00:00,3268.6911016813665,3214.0
59,2019-03-21T16:00:00+00:00,3308.1509731781566,3371.0
59,2019-03-21T17:00:00+00:00,3400.3508112407153,3520.0
59,2019-03-21T18:00:00+00:00,3413.4973120800128,3939.0
59,2019-03-21T19:00:00+00:00,3466.7447681818967,3847.0
59,2019-03-21T20:00:00+00:00,3438.2462410619137,3600.0
59,2019-03-21T21:00:00+00:00,3477.7221400659287,3480.0
59,2019-03-21T22:00:00+00:00,3423.0064610322133,3407.0
59,2019-03-21T23:00:00+00:00,3410.1954597056247,3139.0
59,2019-03-22T00:00:00+00:00,3439.6825287725187,3004.0
59,2019-03-22T01:00:00+00:00,3303.496671826833,3044.0
59,2019-03-22T02:00:00+00:00,3347.2074616467794,2927.0
59,2019-03-22T03:00:00+00:00,3113.894363586458,2884.0
59,2019-03-22T04:00:00+00:00,2999.158164998804,2898.0
59,2019-03-22T05:00:00+00:00,2911.5383275730183,2658.0
59,2019-03-22T06:00:00+00:00,2904.7283554155374,2662.0
59,2019-03-22T07:00:00+00:00,2795.9151964772987,2629.0
59,2019-03-22T08:00:00+00:00,2759.89679429219,2679.0
59,2019-03-22T09:00:00+00:00,2644.0873806021873,2618.0
59,2019-03-22T10:00:00+00:00,2755.1722817191385,2636.0
59,2019-03-22T11:00:00+00:00,2784.994218286214,2700.0
59,2019-03-22T12:00:00+00:00,2854.6815222828723,2857.0
59,2019-03-22T13:00:00+00:00,3037.8173055392735,3033.0
59,2019-03-22T14:00:00+00:00,2968.5641652331765,3139.0
59,2019-03-22T15:00:00+00:00,3040.997856947254,3127.0
60,2019-03-19T16:00:00+00:00,3994.602680098991,4013.0
60,2019-03-19T17:00:00+00:00,3929.817843575192,4330.0
60,2019-03-19T18:00:00+00:00,4025.895776597289,4412.0
60,2019-03-19T19:00:00+00:00,4088.4241383822473,4115.0
60,2019-03-19T20:00:00+00:00,3935.034152772001,3835.0
60,2019-03-19T21:00:00+00:00,3784.3921411066935,3789.0
60,2019-03-19T22:00:00+00:00,3876.090698226786,3712.0
60,2019-03-19T23:00:00+00:00,3750.6805433377526,3417.0
60,2019-03-20T00:00:00+00:00,3759.7143734307115,3244.0
60,2019-03-20T01:00:00+00:00,3740.190192871718,3162.0
60,2019-03-20T02:00:00+00:00,3596.5188580394274,3095.0
60,2019-03-20T03:00:00+00:00,3487.2562018779427,3053.0
60,2019-03-20T04:00:00+00:00,3366.194367530264,3101.0
60,2019-03-20T05:00:00+00:00,3198.7785203305784,3076.0
60,2019-03-20T06:00:00+00:00,3155.817695990138,3061.0
60,2019-03-20T07:00:00+00:00,3066.9318176792035,2990.0
60,2019-03-20T08:00:00+00:00,3054.0552853282284,2973.0
60,2019-03-20T09:00:00+00:00,3095.69395598503,3032.0
60,2019-03-20T10:00:00+00:00,3216.8660414068922,3254.0
60,2019-03-20T11:00:00+00:00,3518.4758857838683,3468.0
60,2019-03-20T12:00:00+00:00,3719.8847291667166,3689.0
60,2019-03-20T13:00:00+00:00,3785.558679261421,3966.0
60,2019-03-20T14:00:00+00:00,3877.923187568314,4182.0
60,2019-03-20T15:00:00+00:00,3864.792924907084,4047.0
60,2019-03-20T16:00:00+00:00,3959.246660088765,4080.0
60,2019-03-20T17:00:00+00:00,4074.1963384633746,4097.0
60,2019-03-20T18:00:00+00:00,4121.4632748222775,4396.0
60,2019-03-20T19:00:00+00:00,4002.3599935958932,4414.0
60,2019-03-20T20:00:00+00:00,4087.961290410715,4205.0
60,2019-03-20T21:00:00+00:00,3899.216408368068,3934.0
60,2019-03-20T22:00:00+00:00,3865.180327932236,3874.0
60,2019-03-20T23:00:00+00:00,3923.8752404530405,3635.0
60,2019-03-21T00:00:00+00:00,3954.880172285354,3235.0
60,2019-03-21T01:00:00+00:00,3765.9891590325037,3112.0
60,2019-03-21T02:00:00+00:00,3620.7852970918434,3089.0
60,2019-03-21T03:00:00+00:00,3552.5817106609343,2939.0
60,2019-03-21T04:00:00+00:00,3286.2713108460002,2962.0
60,2019-03-21T05:00:00+00:00,3179.768376627018,2847.0
60,2019-03-21T06:00:00+00:00,3017.342974696294,2868.0
60,2019-03-21T07:00:00+00:00,2826.0788659355367,2742.0
60,2019-03-21T08:00:00+00:00,2882.570938035492,2815.0
60,2019-03-21T09:00:00+00:00,2797.13811180177,2800.0
60,2019-03-21T10:00:00+00:00,2958.216410011834,2868.0
60,2019-03-21T11:00:00+00:00,3078.1502135301334,2929.0
60,2019-03-21T12:00:00+00:00,3154.2985857228673,3107.0
60,2019-03-21T13:00:00+00:00,3328.4958116766807,3255.0
60,2019-03-21T14:00:00+00:00,3308.835331213461,3366.0
60,2019-03-21T15:00:00+00:00,3212.94449042261,3214.0
60,2019-03-21T16:00:00+00:00,3246.837719504098,3371.0
60,2019-03-21T17:00:00+00:00,3344.532022499036,3520.0
60,2019-03-21T18:00:00+00:00,3340.271857378219,3939.0
60,2019-03-21T19:00:00+00:00,3381.701771818815,3847.0
60,2019-03-21T20:00:00+00:00,3279.702081760961,3600.0
60,2019-03-21T21:00:00+00:00,3392.2647293710597,3480.0
60,2019-03-21T22:00:00+00:00,3355.801218938588,3407.0
60,2019-03-21T23:00:00+00:00,3440.6370742285894,3139.0
60,2019-03-22T00:00:00+00:00,3405.4765402368985,3004.0
60,2019-03-22T01:00:00+00:00,3363.2825825475643,3044.0
60,2019-03-22T02:00:00+00:00,3336.3355429117664,2927.0
60,2019-03-22T03:00:00+00:00,3272.455351769997,2884.0
60,2019-03-22T04:00:00+00:00,3212.271996047293,2898.0
60,2019-03-22T05:00:00+00:00,3004.608674079538,2658.0
60,2019-03-22T06:00:00+00:00,2879.4088595688286,2662.0
60,2019-03-22T07:00:00+00:00,2745.3984103956714,2629.0
60,2019-03-22T08:00:00+00:00,2720.80890967185,2679.0
60,2019-03-22T09:00:00+00:00,2804.6007174441716,2618.0
60,2019-03-22T10:00:00+00:00,2840.9864304391895,2636.0
60,2019-03-22T11:00:00+00:00,2898.527858135893,2700.0
60,2019-03-22T12:00:00+00:00,2896.2045966092137,2857.0
60,2019-03-22T13:00:00+00:00,3105.4168697494433,3033.0
60,2019-03-22T14:00:00+00:00,3062.447354204054,3139.0
60,2019-03-22T15:00:00+00:00,2881.8293766702773,3127.0
60,2019-03-22T16:00:00+00:00,2975.45923188778,3171.0
60,2019-03-22T17:00:00+00:00,2897.443407255283,3210.0
60,2019-03-22T18:00:00+00:00,3002.2509451507235,3227.0
60,2019-03-22T19:00:00+00:00,2941.5091051556433,3150.0
60,2019-03-22T20:00:00+00:00,2890.8411978564077,2908.0
60,2019-03-22T21:00:00+00:00,2813.2741764726175,2932.0
60,2019-03-22T22:00:00+00:00,2761.513490598297,3014.0
60,2019-03-22T23:00:00+00:00,2788.6257540057404,2884.0
60,2019-03-23T00:00:00+00:00,2786.570399697768,2837.0
60,2019-03-23T01:00:00+00:00,2821.4010809814877,2753.0
60,2019-03-23T02:00:00+00:00,2743.52778550087,2749.0
60,2019-03-23T03:00:00+00:00,2683.1384515255195,2600.0
60,2019-03-23T04:00:00+00:00,2709.756340689487,2660.0
60,2019-03-23T05:00:00+00:00,2602.853660612469,2610.0
60,2019-03-23T06:00:00+00:00,2736.822273034808,2649.0
60,2019-03-23T07:00:00+00:00,2836.113407314655,2728.0
60,2019-03-23T08:00:00+00:00,2882.517667227973,2761.0
60,2019-03-23T09:00:00+00:00,2915.2999669955234,2901.0
60,2019-03-23T10:00:00+00:00,3055.223674081728,3067.0
60,2019-03-23T11:00:00+00:00,3345.311851603151,3248.0
60,2019-03-23T12:00:00+00:00,3419.9678439407926,3405.0
60,2019-03-23T13:00:00+00:00,3808.6799611842116,3540.0
60,2019-03-23T14:00:00+00:00,3797.331329444676,3688.0
60,2019-03-23T15:00:00+00:00,3890.106538493409,3643.0
61,2019-03-20T16:00:00+00:00,3857.6902937723153,4080.0
61,2019-03-20T17:00:00+00:00,3893.92759535507,4097.0
61,2019-03-20T18:00:00+00:00,3973.3205959382776,4396.0
61,2019-03-20T19:00:00+00:00,3983.857376605655,4414.0
61,2019-03-20T20:00:00+00:00,3855.3671974776694,4205.0
61,2019-03-20T21:00:00+00:00,3726.5742471719605,3934.0
61,2019-03-20T22:00:00+00:00,3687.5719527448423,3874.0
61,2019-03-20T23:00:00+00:00,3668.438744222919,3635.0
61,2019-03-21T00:00:00+00:00,3634.4628412935954,3235.0
61,2019-03-21T01:00:00+00:00,3613.6993048228223,3112.0
61,2019-03-21T02:00:00+00:00,3488.1913821397166,3089.0
61,2019-03-21T03:00:00+00:00,3256.71567874691,2939.0
61,2019-03-21T04:00:00+00:00,3026.2979560629865,2962.0
61,2019-03-21T05:00:00+00:00,2957.85831914938,2847.0
61,2019-03-21T06:00:00+00:00,2885.2347427826944,2868.0
61,2019-03-21T07:00:00+00:00,2755.528257611567,2742.0
61,2019-03-21T08:00:00+00:00,2809.320933984359,2815.0
61,2019-03-21T09:00:00+00:00,2754.822849015227,2800.0
61,2019-03-21T10:00:00+00:00,2805.930438754934,2868.0
61,2019-03-21T11:00:00+00:00,2975.1094026269884,2929.0
61,2019-03-21T12:00:00+00:00,3155.900031112305,3107.0
61,2019-03-21T13:00:00+00:00,3217.1733234191224,3255.0
61,2019-03-21T14:00:00+00:00,3331.8504019852803,3366.0
61,2019-03-21T15:00:00+00:00,3277.504462672363,3214.0
61,2019-03-21T16:00:00+00:00,3304.9937360100676,3371.0
61,2019-03-21T17:00:00+00:00,3315.363318383002,3520.0
61,2019-03-21T18:00:00+00:00,3292.4027411357474,3939.0
61,2019-03-21T19:00:00+00:00,3244.707258975414,3847.0
61,2019-03-21T20:00:00+00:00,3292.640774402844,3600.0
61,2019-03-21T21:00:00+00:00,3110.865610847422,3480.0
61,2019-03-21T22:00:00+00:00,3277.675411733961,3407.0
61,2019-03-21T23:00:00+00:00,3279.6026286001493,3139.0
61,2019-03-22T00:00:00+00:00,3257.340288878992,3004.0
61,2019-03-22T01:00:00+00:00,3215.1560716180174,3044.0
61,2019-03-22T02:00:00+00:00,3123.6769095916707,2927.0
61,2019-03-22T03:00:00+00:00,2946.3665634226454,2884.0
61,2019-03-22T04:00:00+00:00,2736.891604395959,2898.0
61,2019-03-22T05:00:00+00:00,2729.469447555296,2658.0
61,2019-03-22T06:00:00+00:00,2529.788385974506,2662.0
61,2019-03-22T07:00:00+00:00,2556.9325061179597,2629.0
61,2019-03-22T08:00:00+00:00,2466.825992684613,2679.0
61,2019-03-22T09:00:00+00:00,2498.0690569232434,2618.0
61,2019-03-22T10:00:00+00:00,2628.7919173772825,2636.0
61,2019-03-22T11:00:00+00:00,2801.6166269237224,2700.0
61,2019-03-22T12:00:00+00:00,2993.685316547175,2857.0
61,2019-03-22T13:00:00+00:00,3120.8602652137147,3033.0
61,2019-03-22T14:00:00+00:00,2976.955573180869,3139.0
61,2019-03-22T15:00:00+00:00,2843.7451775126956,3127.0
61,2019-03-22T16:00:00+00:00,2869.3230962594034,3171.0
61,2019-03-22T17:00:00+00:00,2980.64791428863,3210.0
61,2019-03-22T18:00:00+00:00,2991.7392797523994,3227.0
61,2019-03-22T19:00:00+00:00,2803.2113143230004,3150.0
61,2019-03-22T20:00:00+00:00,2767.609825604182,2908.0
61,2019-03-22T21:00:00+00:00,2790.767954270387,2932.0
61,2019-03-22T22:00:00+00:00,2724.1327833454693,3014.0
61,2019-03-22T23:00:00+00:00,2649.3510783461315,2884.0
61,2019-03-23T00:00:00+00:00,2769.6257885954274,2837.0
61,2019-03-23T01:00:00+00:00,2763.5674569571893,2753.0
61,2019-03-23T02:00:00+00:00,2810.019799392182,2749.0
61,2019-03-23T03:00:00+00:00,2597.9140820249427,2600.0
61,2019-03-23T04:00:00+00:00,2643.3263879498627,2660.0
61,2019-03-23T05:00:00+00:00,2653.4413642827662,2610.0
61,2019-03-23T06:00:00+00:00,2562.247227513771,2649.0
61,2019-03-23T07:00:00+00:00,2592.401478746114,2728.0
61,2019-03-23T08:00:00+00:00,2642.4802016611957,2761.0
61,2019-03-23T09:00:00+00:00,2848.986469792932,2901.0
61,2019-03-23T10:00:00+00:00,2994.3453854735917,3067.0
61,2019-03-23T11:00:00+00:00,3291.3082441475162,3248.0
61,2019-03-23T12:00:00+00:00,3468.9270454762077,3405.0
61,2019-03-23T13:00:00+00:00,3731.2989580234516,3540.0
61,2019-03-23T14:00:00+00:00,3836.6893023465623,3688.0
61,2019-03-23T15:00:00+00:00,3789.3872707037976,3643.0
61,2019-03-23T16:00:00+00:00,3753.326106468485,3685.0
61,2019-03-23T17:00:00+00:00,3844.318726249731,3723.0
61,2019-03-23T18:00:00+00:00,3813.021135440129,3834.0
61,2019-03-23T19:00:00+00:00,3782.336092824182,3784.0
61,2019-03-23T20:00:00+00:00,3718.4902368989215,3725.0
61,2019-03-23T21:00:00+00:00,3546.123567071847,3747.0
61,2019-03-23T22:00:00+00:00,3513.907335726999,3595.0
61,2019-03-23T23:00:00+00:00,3492.2723985592856,3319.0
61,2019-03-24T00:00:00+00:00,3463.45872438229,3232.0
61,2019-03-24T01:00:00+00:00,3425.8066896076666,3179.0
61,2019-03-24T02:00:00+00:00,3326.087720024132,3074.0
61,2019-03-24T03:00:00+00:00,3160.9461182684627,3100.0
61,2019-03-24T04:00:00+00:00,3058.7124493245283,3070.0
61,2019-03-24T05:00:00+00:00,2820.5115708537032,2943.0
61,2019-03-24T06:00:00+00:00,2884.302041001419,2890.0
61,2019-03-24T07:00:00+00:00,2753.499670892981,2837.0
61,2019-03-24T08:00:00+00:00,2736.0451537360386,2876.0
61,2019-03-24T09:00:00+00:00,2888.79714541951,3098.0
61,2019-03-24T10:00:00+00:00,3092.936315966146,3230.0
61,2019-03-24T11:00:00+00:00,3195.9994992865927,3480.0
61,2019-03-24T12:00:00+00:00,3498.5744887545725,3588.0
61,2019-03-24T13:00:00+00:00,3656.7995023833078,3783.0
61,2019-03-24T14:00:00+00:00,3736.2004010577043,3866.0
61,2019-03-24T15:00:00+00:00,3790.5170612543307,3785.0
62,2019-03-21T16:00:00+00:00,3182.545431409808,3371.0
62,2019-03-21T17:00:00+00:00,3238.5776875460406,3520.0
62,2019-03-21T18:00:00+00:00,3206.438148649425,3939.0
62,2019-03-21T19:00:00+00:00,3381.8405770537447,3847.0
62,2019-03-21T20:00:00+00:00,3358.1191145549874,3600.0
62,2019-03-21T21:00:00+00:00,3184.386744141911,3480.0
62,2019-03-21T22:00:00+00:00,3277.967087580651,3407.0
62,2019-03-21T23:00:00+00:00,3195.2355159344665,3139.0
62,2019-03-22T00:00:00+00:00,3150.2767058479976,3004.0
62,2019-03-22T01:00:00+00:00,3120.6147799819187,3044.0
62,2019-03-22T02:00:00+00:00,2976.355053879234,2927.0
62,2019-03-22T03:00:00+00:00,2852.455185866896,2884.0
62,2019-03-22T04:00:00+00:00,2804.46284783563,2898.0
62,2019-03-22T05:00:00+00:00,2594.8952927775113,2658.0
62,2019-03-22T06:00:00+00:00,2520.8147003416498,2662.0
62,2019-03-22T07:00:00+00:00,2300.3493656699143,2629.0
62,2019-03-22T08:00:00+00:00,2286.8918113972277,2679.0
62,2019-03-22T09:00:00+00:00,2182.8353522321177,2618.0
62,2019-03-22T10:00:00+00:00,2412.720829490544,2636.0
62,2019-03-22T11:00:00+00:00,2598.484793467779,2700.0
62,2019-03-22T12:00:00+00:00,2598.7506848556814,2857.0
62,2019-03-22T13:00:00+00:00,2661.184732196062,3033.0
62,2019-03-22T14:00:00+00:00,2677.0409929418083,3139.0
62,2019-03-22T15:00:00+00:00,2695.562776847903,3127.0
62,2019-03-22T16:00:00+00:00,2614.552352937643,3171.0
62,2019-03-22T17:00:00+00:00,2754.550348345995,3210.0
62,2019-03-22T18:00:00+00:00,2648.0017274698193,3227.0
62,2019-03-22T19:00:00+00:00,2667.3418725901824,3150.0
62,2019-03-22T20:00:00+00:00,2717.1974661675667,2908.0
62,2019-03-22T21:00:00+00:00,2576.5209619378866,2932.0
62,2019-03-22T22:00:00+00:00,2616.5531145818295,3014.0
62,2019-03-22T23:00:00+00:00,2637.344856160678,2884.0
62,2019-03-23T00:00:00+00:00,2620.2272801659337,2837.0
62,2019-03-23T01:00:00+00:00,2471.768743727178,2753.0
62,2019-03-23T02:00:00+00:00,2503.234606839439,2749.0
62,2019-03-23T03:00:00+00:00,2459.14858539899,2600.0
62,2019-03-23T04:00:00+00:00,2363.6542519183226,2660.0
62,2019-03-23T05:00:00+00:00,2550.171013039034,2610.0
62,2019-03-23T06:00:00+00:00,2402.2492824298924,2649.0
62,2019-03-23T07:00:00+00:00,2411.051721583491,2728.0
62,2019-03-23T08:00:00+00:00,2528.343068333284,2761.0
62,2019-03-23T09:00:00+00:00,2611.6381886136637,2901.0
62,2019-03-23T10:00:00+00:00,2909.4874014835377,3067.0
62,2019-03-23T11:00:00+00:00,3154.266530708417,3248.0
62,2019-03-23T12:00:00+00:00,3349.627014206234,3405.0
62,2019-03-23T13:00:00+00:00,3551.1398628924103,3540.0
62,2019-03-23T14:00:00+00:00,3551.190589126617,3688.0
62,2019-03-23T15:00:00+00:00,3610.163917623443,3643.0
62,2019-03-23T16:00:00+00:00,3596.686981633257,3685.0
62,2019-03-23T17:00:00+00:00,3702.6830500670494,3723.0
62,2019-03-23T18:00:00+00:00,3840.2886508660117,3834.0
62,2019-03-23T19:00:00+00:00,3789.985278478527,3784.0
62,2019-03-23T20:00:00+00:00,3601.0325510612583,3725.0
62,2019-03-23T21:00:00+00:00,3511.42300601431,3747.0
62,2019-03-23T22:00:00+00:00,3530.609353158126,3595.0
62,2019-03-23T23:00:00+00:00,3519.807672495046,3319.0
62,2019-03-24T00:00:00+00:00,3433.905669902918,3232.0
62,2019-03-24T01:00:00+00:00,3391.547017184444,3179.0
62,2019-03-24T02:00:00+00:00,3205.8050786372405,3074.0
62,2019-03-24T03:00:00+00:00,3190.133018562158,3100.0
62,2019-03-24T04:00:00+00:00,3138.1324157755616,3070.0
62,2019-03-24T05:00:00+00:00,3033.5613579661053,2943.0
62,2019-03-24T06:00:00+00:00,2869.4850566983923,2890.0
62,2019-03-24T07:00:00+00:00,2874.402097636584,2837.0
62,2019-03-24T08:00:00+00:00,2867.7233527599083,2876.0
62,2019-03-24T09:00:00+00:00,3023.931932486103,3098.0
62,2019-03-24T10:00:00+00:00,3224.626403434808,3230.0
62,2019-03-24T11:00:00+00:00,3423.9806938850456,3480.0
62,2019-03-24T12:00:00+00:00,3593.8550202458187,3588.0
62,2019-03-24T13:00:00+00:00,3773.66782208158,3783.0
62,2019-03-24T14:00:00+00:00,3783.1323459924015,3866.0
62,2019-03-24T15:00:00+00:00,3823.6092041306265,3785.0
62,2019-03-24T16:00:00+00:00,3899.096449911931,3870.0
62,2019-03-24T17:00:00+00:00,3805.8478510879436,3970.0
62,2019-03-24T18:00:00+00:00,3883.093793584727,4246.0
62,2019-03-24T19:00:00+00:00,3919.5863456124425,4245.0
62,2019-03-24T20:00:00+00:00,3894.895194141767,3972.0
62,2019-03-24T21:00:00+00:00,3761.031867571013,4126.0
62,2019-03-24T22:00:00+00:00,3632.4044797626184,3763.0
62,2019-03-24T23:00:00+00:00,3693.5782693390142,3466.0
62,2019-03-25T00:00:00+00:00,3686.7293685145005,3276.0
62,2019-03-25T01:00:00+00:00,3643.5754209735996,3182.0
62,2019-03-25T02:00:00+00:00,3434.5044790530083,3023.0
62,2019-03-25T03:00:00+00:00,3270.414645281772,3042.0
62,2019-03-25T04:00:00+00:00,3110.9364788664816,3047.0
62,2019-03-25T05:00:00+00:00,2998.429293453743,2978.0
62,2019-03-25T06:00:00+00:00,2855.7534155289554,2942.0
62,2019-03-25T07:00:00+00:00,2953.1893245395,2890.0
62,2019-03-25T08:00:00+00:00,2964.6147891744954,2867.0
62,2019-03-25T09:00:00+00:00,2958.505004281104,2982.0
62,2019-03-25T10:00:00+00:00,3074.484111269252,3078.0
62,2019-03-25T11:00:00+00:00,3316.5716354573356,3343.0
62,2019-03-25T12:00:00+00:00,3457.360885764902,3488.0
62,2019-03-25T13:00:00+00:00,3664.371227260466,3726.0
62,2019-03-25T14:00:00+00:00,3693.934509602696,3897.0
62,2019-03-25T15:00:00+00:00,3755.4440176242438,3648.0
63,2019-03-22T16:00:00+00:00,2959.2550585728277,3171.0
63,2019-03-22T17:00:00+00:00,2997.669655704091,3210.0
63,2019-03-22T18:00:00+00:00,3076.7618018011617,3227.0
63,2019-03-22T19:00:00+00:00,2990.0442965089405,3150.0
63,2019-03-22T20:00:00+00:00,2860.2445213318415,2908.0
63,2019-03-22T21:00:00+00:00,2832.0856451794016,2932.0
63,2019-03-22T22:00:00+00:00,2830.2631358526824,3014.0
63,2019-03-22T23:00:00+00:00,2789.449402645072,2884.0
63,2019-03-23T00:00:00+00:00,2757.237748227545,2837.0
63,2019-03-23T01:00:00+00:00,2761.3269105863537,2753.0
63,2019-03-23T02:00:00+00:00,2744.090103156418,2749.0
63,2019-03-23T03:00:00+00:00,2639.696570643482,2600.0
63,2019-03-23T04:00:00+00:00,2614.4047015927326,2660.0
63,2019-03-23T05:00:00+00:00,2544.541822037546,2610.0
63,2019-03-23T06:00:00+00:00,2572.933245753578,2649.0
63,2019-03-23T07:00:00+00:00,2626.7566552845537,2728.0
63,2019-03-23T08:00:00+00:00,2736.214549616524,2761.0
63,2019-03-23T09:00:00+00:00,2905.5572584335264,2901.0
63,2019-03-23T10:00:00+00:00,3042.5905946085395,3067.0
63,2019-03-23T11:00:00+00:00,3342.656201056789,3248.0
63,2019-03-23T12:00:00+00:00,3539.9390477298175,3405.0
63,2019-03-23T13:00:00+00:00,3613.7935201281803,3540.0
63,2019-03-23T14:00:00+00:00,3727.2154466001803,3688.0
63,2019-03-23T15:00:00+00:00,3846.9794246347083,3643.0
63,2019-03-23T16:00:00+00:00,3856.3877035614123,3685.0
63,2019-03-23T17:00:00+00:00,4048.801166345439,3723.0
63,2019-03-23T18:00:00+00:00,4054.7997500804545,3834.0
63,2019-03-23T19:00:00+00:00,3956.4755867055783,3784.0
63,2019-03-23T20:00:00+00:00,3907.8465435573967,3725.0
63,2019-03-23T21:00:00+00:00,3838.444694421377,3747.0
63,2019-03-23T22:00:00+00:00,3729.0077184648158,3595.0
63,2019-03-23T23:00:00+00:00,3794.159568380864,3319.0
63,2019-03-24T00:00:00+00:00,3676.2494937593733,3232.0
63,2019-03-24T01:00:00+00:00,3668.585338082816,3179.0
63,2019-03-24T02:00:00+00:00,3497.285530186412,3074.0
63,2019-03-24T03:00:00+00:00,3346.9248570387144,3100.0
63,2019-03-24T04:00:00+00:00,3141.943145635145,3070.0
63,2019-03-24T05:00:00+00:00,2988.2937622559034,2943.0
63,2019-03-24T06:00:00+00:00,2964.083369909165,2890.0
63,2019-03-24T07:00:00+00:00,2882.501011839022,2837.0
63,2019-03-24T08:00:00+00:00,2973.930835580241,2876.0
63,2019-03-24T09:00:00+00:00,2963.0490834738494,3098.0
63,2019-03-24T10:00:00+00:00,3159.639265071102,3230.0
63,2019-03-24T11:00:00+00:00,3481.0309280549127,3480.0
63,2019-03-24T12:00:00+00:00,3738.905480766812,3588.0
63,2019-03-24T13:00:00+00:00,3871.3935811248475,3783.0
63,2019-03-24T14:00:00+00:00,3975.2545377482193,3866.0
63,2019-03-24T15:00:00+00:00,4095.2660003221454,3785.0
63,2019-03-24T16:00:00+00:00,4097.061477688226,3870.0
63,2019-03-24T17:00:00+00:00,4184.983160992348,3970.0
63,2019-03-24T18:00:00+00:00,4211.645200155599,4246.0
63,2019-03-24T19:00:00+00:00,4096.520904568253,4245.0
63,2019-03-24T20:00:00+00:00,3968.905662102719,3972.0
63,2019-03-24T21:00:00+00:00,3968.632830969421,4126.0
63,2019-03-24T22:00:00+00:00,3912.7258454991943,3763.0
63,2019-03-24T23:00:00+00:00,3832.550008588867,3466.0
63,2019-03-25T00:00:00+00:00,3708.742967932807,3276.0
63,2019-03-25T01:00:00+00:00,3612.3170892950975,3182.0
63,2019-03-25T02:00:00+00:00,3479.3867206152704,3023.0
63,2019-03-25T03:00:00+00:00,3357.9422006169893,3042.0
63,2019-03-25T04:00:00+00:00,3125.300116039887,3047.0
63,2019-03-25T05:00:00+00:00,3110.3489633258637,2978.0
63,2019-03-25T06:00:00+00:00,2941.5709019360775,2942.0
63,2019-03-25T07:00:00+00:00,2874.3962814690135,2890.0
63,2019-03-25T08:00:00+00:00,2919.22512003813,2867.0
63,2019-03-25T09:00:00+00:00,3198.5033924720183,2982.0
63,2019-03-25T10:00:00+00:00,3180.984368729296,3078.0
63,2019-03-25T11:00:00+00:00,3324.6086702633224,3343.0
63,2019-03-25T12:00:00+00:00,3663.2345961037568,3488.0
63,2019-03-25T13:00:00+00:00,3822.4579334157715,3726.0
63,2019-03-25T14:00:00+00:00,3836.4290618941977,3897.0
63,2019-03-25T15:00:00+00:00,3921.802041085478,3648.0
63,2019-03-25T16:00:00+00:00,3916.3755567423777,3817.0
63,2019-03-25T17:00:00+00:00,3971.647258091174,4176.0
63,2019-03-25T18:00:00+00:00,3973.446767118866,4005.0
63,2019-03-25T19:00:00+00:00,3906.483379283105,4274.0
63,2019-03-25T20:00:00+00:00,3807.7103796131155,4037.0
63,2019-03-25T21:00:00+00:00,3636.170663066038,3747.0
63,2019-03-25T22:00:00+00:00,3605.0848005838393,3576.0
63,2019-03-25T23:00:00+00:00,3524.5883970058085,3396.0
63,2019-03-26T00:00:00+00:00,3450.8352779366396,3217.0
63,2019-03-26T01:00:00+00:00,3408.0270825561106,3198.0
63,2019-03-26T02:00:00+00:00,3273.364854973804,3075.0
63,2019-03-26T03:00:00+00:00,3171.595124532822,2992.0
63,2019-03-26T04:00:00+00:00,3041.5355880762545,3001.0
63,2019-03-26T05:00:00+00:00,3022.076938541647,2862.0
63,2019-03-26T06:00:00+00:00,2961.8456324828944,2805.0
63,2019-03-26T07:00:00+00:00,2930.527618993983,2862.0
63,2019-03-26T08:00:00+00:00,2856.7524744947827,2809.0
63,2019-03-26T09:00:00+00:00,3127.4148547406085,2965.0
63,2019-03-26T10:00:00+00:00,3243.460451098935,3111.0
63,2019-03-26T11:00:00+00:00,3422.3585490526425,3362.0
63,2019-03-26T12:00:00+00:00,3718.9795550421804,3605.0
63,2019-03-26T13:00:00+00:00,3790.9327520035745,3850.0
63,2019-03-26T14:00:00+00:00,3932.751505279094,3959.0
63,2019-03-26T15:00:00+00:00,4027.034423584804,3906.0
64,2019-03-23T16:00:00+00:00,3754.1988951145045,3685.0
64,2019-03-23T17:00:00+00:00,3880.5658426152604,3723.0
64,2019-03-23T18:00:00+00:00,3774.708949123072,3834.0
64,2019-03-23T19:00:00+00:00,3807.0003775662512,3784.0
64,2019-03-23T20:00:00+00:00,3713.7787115636834,3725.0
64,2019-03-23T21:00:00+00:00,3555.2755876381875,3747.0
64,2019-03-23T22:00:00+00:00,3633.8629498736873,3595.0
64,2019-03-23T23:00:00+00:00,3562.2169853549135,3319.0
64,2019-03-24T00:00:00+00:00,3562.158955864837,3232.0
64,2019-03-24T01:00:00+00:00,3475.4668549977273,3179.0
64,2019-03-24T02:00:00+00:00,3339.7121008191866,3074.0
64,2019-03-24T03:00:00+00:00,3123.305054900847,3100.0
64,2019-03-24T04:00:00+00:00,3037.7749730923556,3070.0
64,2019-03-24T05:00:00+00:00,2937.3048421624744,2943.0
64,2019-03-24T06:00:00+00:00,2921.648677408991,2890.0
64,2019-03-24T07:00:00+00:00,2822.220896237648,2837.0
64,2019-03-24T08:00:00+00:00,2742.526148915324,2876.0
64,2019-03-24T09:00:00+00:00,2752.465384457665,3098.0
64,2019-03-24T10:00:00+00:00,3072.227206927125,3230.0
64,2019-03-24T11:00:00+00:00,3203.128055327378,3480.0
64,2019-03-24T12:00:00+00:00,3380.5822111965404,3588.0
64,2019-03-24T13:00:00+00:00,3587.3125587501654,3783.0
64,2019-03-24T14:00:00+00:00,3700.6798429887704,3866.0
64,2019-03-24T15:00:00+00:00,3850.1046563579575,3785.0
64,2019-03-24T16:00:00+00:00,3843.510840746371,3870.0
64,2019-03-24T17:00:00+00:00,3981.786688764998,3970.0
64,2019-03-24T18:00:00+00:00,3918.7448519135196,4246.0
64,2019-03-24T19:00:00+00:00,3943.6147183513554,4245.0
64,2019-03-24T20:00:00+00:00,3857.859920977647,3972.0
64,2019-03-24T21:00:00+00:00,3796.236799410038,4126.0
64,2019-03-24T22:00:00+00:00,3751.7401102741555,3763.0
64,2019-03-24T23:00:00+00:00,3784.8529071546072,3466.0
64,2019-03-25T00:00:00+00:00,3669.7748434901646,3276.0
64,2019-03-25T01:00:00+00:00,3559.011087353033,3182.0
64,2019-03-25T02:00:00+00:00,3418.3507676010095,3023.0
64,2019-03-25T03:00:00+00:00,3288.732921154118,3042.0
64,2019-03-25T04:00:00+00:00,3152.3997061503806,3047.0
64,2019-03-25T05:00:00+00:00,3039.1217463489493,2978.0
64,2019-03-25T06:00:00+00:00,2881.853930150418,2942.0
64,2019-03-25T07:00:00+00:00,2832.436531925206,2890.0
64,2019-03-25T08:00:00+00:00,2778.4193713120444,2867.0
64,2019-03-25T09:00:00+00:00,2820.8316583485102,2982.0
64,2019-03-25T10:00:00+00:00,3086.7462778742065,3078.0
64,2019-03-25T11:00:00+00:00,3262.9415721900646,3343.0
64,2019-03-25T12:00:00+00:00,3482.3030825252913,3488.0
64,2019-03-25T13:00:00+00:00,3500.099059940542,3726.0
64,2019-03-25T14:00:00+00:00,3569.7585719092076,3897.0
64,2019-03-25T15:00:00+00:00,3646.1206882601505,3648.0
64,2019-03-25T16:00:00+00:00,3655.1279820885693,3817.0
64,2019-03-25T17:00:00+00:00,3828.9127227945837,4176.0
64,2019-03-25T18:00:00+00:00,3925.503965651167,4005.0
64,2019-03-25T19:00:00+00:00,3881.880759135844,4274.0
64,2019-03-25T20:00:00+00:00,3737.6999478522384,4037.0
64,2019-03-25T21:00:00+00:00,3649.40530280267,3747.0
64,2019-03-25T22:00:00+00:00,3594.0439465526338,3576.0
64,2019-03-25T23:00:00+00:00,3584.2113517645503,3396.0
64,2019-03-26T00:00:00+00:00,3636.1805604648293,3217.0
64,2019-03-26T01:00:00+00:00,3628.5887103260216,3198.0
64,2019-03-26T02:00:00+00:00,3382.207821770841,3075.0
64,2019-03-26T03:00:00+00:00,3284.295912318917,2992.0
64,2019-03-26T04:00:00+00:00,3198.4049967962196,3001.0
64,2019-03-26T05:00:00+00:00,3143.6645660039235,2862.0
64,2019-03-26T06:00:00+00:00,3088.312314038919,2805.0
64,2019-03-26T07:00:00+00:00,2994.570596734908,2862.0
64,2019-03-26T08:00:00+00:00,3122.533983094495,2809.0
64,2019-03-26T09:00:00+00:00,3147.0222957211554,2965.0
64,2019-03-26T10:00:00+00:00,3353.873931848785,3111.0
64,2019-03-26T11:00:00+00:00,3562.447550134107,3362.0
64,2019-03-26T12:00:00+00:00,3858.261104354372,3605.0
64,2019-03-26T13:00:00+00:00,3925.925439521575,3850.0
64,2019-03-26T14:00:00+00:00,4032.7123910825067,3959.0
64,2019-03-26T15:00:00+00:00,4024.7515778134566,3906.0
64,2019-03-26T16:00:00+00:00,4055.273503366182,3994.0
64,2019-03-26T17:00:00+00:00,4189.364255307498,4460.0
64,2019-03-26T18:00:00+00:00,4132.878164607146,4435.0
64,2019-03-26T19:00:00+00:00,4100.799819394043,4419.0
64,2019-03-26T20:00:00+00:00,4003.0844369224633,4127.0
64,2019-03-26T21:00:00+00:00,3871.082647484682,3951.0
64,2019-03-26T22:00:00+00:00,3705.0823513754294,3879.0
64,2019-03-26T23:00:00+00:00,3898.72550399729,3683.0
64,2019-03-27T00:00:00+00:00,3752.577671450687,3330.0
64,2019-03-27T01:00:00+00:00,3746.7034743902996,3272.0
64,2019-03-27T02:00:00+00:00,3511.874552114769,3079.0
64,2019-03-27T03:00:00+00:00,3318.237190875673,3093.0
64,2019-03-27T04:00:00+00:00,3377.2426487413645,3098.0
64,2019-03-27T05:00:00+00:00,3211.3311813731852,3005.0
64,2019-03-27T06:00:00+00:00,3087.514045039894,2884.0
64,2019-03-27T07:00:00+00:00,2999.0864542963745,2871.0
64,2019-03-27T08:00:00+00:00,3196.870817367517,2813.0
64,2019-03-27T09:00:00+00:00,3158.745706758503,2982.0
64,2019-03-27T10:00:00+00:00,3357.3663008883086,3127.0
64,2019-03-27T11:00:00+00:00,3658.4942212555134,3317.0
64,2019-03-27T12:00:00+00:00,3795.7431191411015,3504.0
64,2019-03-27T13:00:00+00:00,3947.6598628965066,3796.0
64,2019-03-27T14:00:00+00:00,4011.7509892519197,3956.0
64,2019-03-27T15:00:00+00:00,4025.5376196420216,3886.0
65,2019-03-24T16:00:00+00:00,3804.303823830059,3870.0
65,2019-03-24T17:00:00+00:00,3823.705897916483,3970.0
65,2019-03-24T18:00:00+00:00,3935.112472755761,4246.0
65,2019-03-24T19:00:00+00:00,3970.0121879829703,4245.0
65,2019-03-24T20:00:00+00:00,3892.0619274212663,3972.0
65,2019-03-24T21:00:00+00:00,3691.115585022681,4126.0
65,2019-03-24T22:00:00+00:00,3718.2104660202267,3763.0
65,2019-03-24T23:00:00+00:00,3594.6050910607455,3466.0
65,2019-03-25T00:00:00+00:00,3605.5573972453335,3276.0
65,2019-03-25T01:00:00+00:00,3528.628931577232,3182.0
65,2019-03-25T02:00:00+00:00,3453.9825681363272,3023.0
65,2019-03-25T03:00:00+00:00,3374.7222323526144,3042.0
65,2019-03-25T04:00:00+00:00,3337.79438479491,3047.0
65,2019-03-25T05:00:00+00:00,3139.1681727759737,2978.0
65,2019-03-25T06:00:00+00:00,3039.6245474261214,2942.0
65,2019-03-25T07:00:00+00:00,3092.2603517181306,2890.0
65,2019-03-25T08:00:00+00:00,2984.8819520941897,2867.0
65,2019-03-25T09:00:00+00:00,3051.4757489179824,2982.0
65,2019-03-25T10:00:00+00:00,3195.369238218974,3078.0
65,2019-03-25T11:00:00+00:00,3344.8954792717695,3343.0
65,2019-03-25T12:00:00+00:00,3544.8364756256624,3488.0
65,2019-03-25T13:00:00+00:00,3592.296072535332,3726.0
65,2019-03-25T14:00:00+00:00,3704.8718127186653,3897.0
65,2019-03-25T15:00:00+00:00,3794.52711051562,3648.0
65,2019-03-25T16:00:00+00:00,3824.259425227862,3817.0
65,2019-03-25T17:00:00+00:00,3917.4914678021178,4176.0
65,2019-03-25T18:00:00+00:00,3998.259992015704,4005.0
65,2019-03-25T19:00:00+00:00,3789.224814568709,4274.0
65,2019-03-25T20:00:00+00:00,3846.8691818221255,4037.0
65,2019-03-25T21:00:00+00:00,3693.4997510768153,3747.0
65,2019-03-25T22:00:00+00:00,3571.4836108595146,3576.0
65,2019-03-25T23:00:00+00:00,3596.430541517657,3396.0
65,2019-03-26T00:00:00+00:00,3571.1196707830836,3217.0
65,2019-03-26T01:00:00+00:00,3504.3921021051738,3198.0
65,2019-03-26T02:00:00+00:00,3368.359692017964,3075.0
65,2019-03-26T03:00:00+00:00,3403.6560797873913,2992.0
65,2019-03-26T04:00:00+00:00,3308.880621313774,3001.0
65,2019-03-26T05:00:00+00:00,3163.063418065699,2862.0
65,2019-03-26T06:00:00+00:00,3069.1385575760364,2805.0
65,2019-03-26T07:00:00+00:00,3037.6872018362947,2862.0
65,2019-03-26T08:00:00+00:00,3154.2403249079443,2809.0
65,2019-03-26T09:00:00+00:00,3156.1927727056095,2965.0
65,2019-03-26T10:00:00+00:00,3345.923247303374,3111.0
65,2019-03-26T11:00:00+00:00,3482.063636524311,3362.0
65,2019-03-26T12:00:00+00:00,3691.805131343829,3605.0
65,2019-03-26T13:00:00+00:00,3722.4774180468094,3850.0
65,2019-03-26T14:00:00+00:00,3754.479029503672,3959.0
65,2019-03-26T15:00:00+00:00,3787.3701180419125,3906.0
65,2019-03-26T16:00:00+00:00,3844.9643208500356,3994.0
65,2019-03-26T17:00:00+00:00,3913.654383433232,4460.0
65,2019-03-26T18:00:00+00:00,3975.188114470854,4435.0
65,2019-03-26T19:00:00+00:00,3906.80121962226,4419.0
65,2019-03-26T20:00:00+00:00,3914.0154484722843,4127.0
65,2019-03-26T21:00:00+00:00,3728.2202886871714,3951.0
65,2019-03-26T22:00:00+00:00,3628.4046253177803,3879.0
65,2019-03-26T23:00:00+00:00,3554.7646406217764,3683.0
65,2019-03-27T00:00:00+00:00,3532.3676037471155,3330.0
65,2019-03-27T01:00:00+00:00,3540.486709304016,3272.0
65,2019-03-27T02:00:00+00:00,3419.5323501323637,3079.0
65,2019-03-27T03:00:00+00:00,3377.0785898555528,3093.0
65,2019-03-27T04:00:00+00:00,3335.5124477997456,3098.0
65,2019-03-27T05:00:00+00:00,3167.2376088288165,3005.0
65,2019-03-27T06:00:00+00:00,3175.617367918165,2884.0
65,2019-03-27T07:00:00+00:00,3053.5038729868747,2871.0
65,2019-03-27T08:00:00+00:00,3097.7792503374258,2813.0
65,2019-03-27T09:00:00+00:00,3156.1101897353924,2982.0
65,2019-03-27T10:00:00+00:00,3346.689576950372,3127.0
65,2019-03-27T11:00:00+00:00,3379.6894873057095,3317.0
65,2019-03-27T12:00:00+00:00,3506.9819820407015,3504.0
65,2019-03-27T13:00:00+00:00,3713.0549622116528,3796.0
65,2019-03-27T14:00:00+00:00,3830.9804695050493,3956.0
65,2019-03-27T15:00:00+00:00,3739.3431804228844,3886.0
65,2019-03-27T16:00:00+00:00,3867.7430767679043,4077.0
65,2019-03-27T17:00:00+00:00,4015.8891263853825,4654.0
65,2019-03-27T18:00:00+00:00,3973.9188019914473,4815.0
65,2019-03-27T19:00:00+00:00,3992.077207610024,4738.0
65,2019-03-27T20:00:00+00:00,3969.515236119775,4093.0
65,2019-03-27T21:00:00+00:00,3898.008496112216,3866.0
65,2019-03-27T22:00:00+00:00,3673.9734885942025,3743.0
65,2019-03-27T23:00:00+00:00,3728.299732248757,3565.0
65,2019-03-28T00:00:00+00:00,3677.6953731895082,3372.0
65,2019-03-28T01:00:00+00:00,3580.9583130635842,3288.0
65,2019-03-28T02:00:00+00:00,3494.477783553446,3212.0
65,2019-03-28T03:00:00+00:00,3348.9974966827644,2994.0
65,2019-03-28T04:00:00+00:00,3299.5687883248766,3132.0
65,2019-03-28T05:00:00+00:00,3207.81971977222,3077.0
65,2019-03-28T06:00:00+00:00,3145.0830830093532,2959.0
65,2019-03-28T07:00:00+00:00,2964.3947661990233,2971.0
65,2019-03-28T08:00:00+00:00,2933.439998812003,2943.0
65,2019-03-28T09:00:00+00:00,2867.403562682761,2960.0
65,2019-03-28T10:00:00+00:00,3018.2033378934134,2931.0
65,2019-03-28T11:00:00+00:00,3079.8232209131706,3070.0
65,2019-03-28T12:00:00+00:00,3109.293874177562,3065.0
65,2019-03-28T13:00:00+00:00,3295.236850539618,3171.0
65,2019-03-28T14:00:00+00:00,3404.3572253972734,3240.0
65,2019-03-28T15:00:00+00:00,3314.2912433816823,3039.0
66,2019-03-25T16:00:00+00:00,4065.8859603047867,3817.0
66,2019-03-25T17:00:00+00:00,4083.6391508850274,4176.0
66,2019-03-25T18:00:00+00:00,4103.696733493751,4005.0
66,2019-03-25T19:00:00+00:00,4074.768305669664,4274.0
66,2019-03-25T20:00:00+00:00,3876.380085609816,4037.0
66,2019-03-25T21:00:00+00:00,3798.6287644161416,3747.0
66,2019-03-25T22:00:00+00:00,3699.1265627370244,3576.0
66,2019-03-25T23:00:00+00:00,3667.935083939174,3396.0
66,2019-03-26T00:00:00+00:00,3560.2834401018517,3217.0
66,2019-03-26T01:00:00+00:00,3585.9977083223953,3198.0
66,2019-03-26T02:00:00+00:00,3499.778328040805,3075.0
66,2019-03-26T03:00:00+00:00,3361.1490982726714,2992.0
66,2019-03-26T04:00:00+00:00,3298.344414827712,3001.0
66,2019-03-26T05:00:00+00:00,3124.2798247577875,2862.0
66,2019-03-26T06:00:00+00:00,3057.875317751283,2805.0
66,2019-03-26T07:00:00+00:00,3087.9011010777763,2862.0
66,2019-03-26T08:00:00+00:00,3033.8191860307847,2809.0
66,2019-03-26T09:00:00+00:00,3102.4402642401005,2965.0
66,2019-03-26T10:00:00+00:00,3258.2568309674157,3111.0
66,2019-03-26T11:00:00+00:00,3398.5574818910673,3362.0
66,2019-03-26T12:00:00+00:00,3596.285649547702,3605.0
66,2019-03-26T13:00:00+00:00,3696.020696208072,3850.0
66,2019-03-26T14:00:00+00:00,3768.6706766536704,3959.0
66,2019-03-26T15:00:00+00:00,3814.812581144598,3906.0
66,2019-03-26T16:00:00+00:00,3931.406780899713,3994.0
66,2019-03-26T17:00:00+00:00,3912.8009930279154,4460.0
66,2019-03-26T18:00:00+00:00,3961.0138497307535,4435.0
66,2019-03-26T19:00:00+00:00,3853.2302846380862,4419.0
66,2019-03-26T20:00:00+00:00,3784.1617415595333,4127.0
66,2019-03-26T21:00:00+00:00,3658.328691804606,3951.0
66,2019-03-26T22:00:00+00:00,3587.541471209026,3879.0
66,2019-03-26T23:00:00+00:00,3558.2701538695446,3683.0
66,2019-03-27T00:00:00+00:00,3682.3505213550025,3330.0
66,2019-03-27T01:00:00+00:00,3582.672248421257,3272.0
66,2019-03-27T02:00:00+00:00,3484.3572554242255,3079.0
66,2019-03-27T03:00:00+00:00,3471.426394780719,3093.0
66,2019-03-27T04:00:00+00:00,3340.288744092017,3098.0
66,2019-03-27T05:00:00+00:00,3148.6309947968525,3005.0
66,2019-03-27T06:00:00+00:00,3113.719399386452,2884.0
66,2019-03-27T07:00:00+00:00,3087.71346358082,2871.0
66,2019-03-27T08:00:00+00:00,3184.8811679549976,2813.0
66,2019-03-27T09:00:00+00:00,3076.839262578348,2982.0
66,2019-03-27T10:00:00+00:00,3296.3093634058255,3127.0
66,2019-03-27T11:00:00+00:00,3432.560532443453,3317.0
66,2019-03-27T12:00:00+00:00,3573.924005374563,3504.0
66,2019-03-27T13:00:00+00:00,3704.982881691414,3796.0
66,2019-03-27T14:00:00+00:00,3750.4888741791856,3956.0
66,2019-03-27T15:00:00+00:00,3823.6374257619054,3886.0
66,2019-03-27T16:00:00+00:00,3757.901117097854,4077.0
66,2019-03-27T17:00:00+00:00,3904.3479204854148,4654.0
66,2019-03-27T18:00:00+00:00,3866.3358285871423,4815.0
66,2019-03-27T19:00:00+00:00,3864.729178388657,4738.0
66,2019-03-27T20:00:00+00:00,3711.5629830442413,4093.0
66,2019-03-27T21:00:00+00:00,3663.3348589015313,3866.0
66,2019-03-27T22:00:00+00:00,3596.4187604736862,3743.0
66,2019-03-27T23:00:00+00:00,3553.663319550572,3565.0
66,2019-03-28T00:00:00+00:00,3584.009438219922,3372.0
66,2019-03-28T01:00:00+00:00,3532.251726522199,3288.0
66,2019-03-28T02:00:00+00:00,3370.9626170225165,3212.0
66,2019-03-28T03:00:00+00:00,3343.2036519601456,2994.0
66,2019-03-28T04:00:00+00:00,3264.9132364731963,3132.0
66,2019-03-28T05:00:00+00:00,3044.229597239135,3077.0
66,2019-03-28T06:00:00+00:00,2981.046718324076,2959.0
66,2019-03-28T07:00:00+00:00,2884.7024312643844,2971.0
66,2019-03-28T08:00:00+00:00,2898.1073756576848,2943.0
66,2019-03-28T09:00:00+00:00,2940.56642335956,2960.0
66,2019-03-28T10:00:00+00:00,2989.151680018931,2931.0
66,2019-03-28T11:00:00+00:00,3145.39024935916,3070.0
66,2019-03-28T12:00:00+00:00,3276.0973301540243,3065.0
66,2019-03-28T13:00:00+00:00,3314.961614525372,3171.0
66,2019-03-28T14:00:00+00:00,3421.145262624909,3240.0
66,2019-03-28T15:00:00+00:00,3284.0146626135247,3039.0
66,2019-03-28T16:00:00+00:00,3440.768417171818,3145.0
66,2019-03-28T17:00:00+00:00,3484.2481031430625,3293.0
66,2019-03-28T18:00:00+00:00,3490.743886589323,3585.0
66,2019-03-28T19:00:00+00:00,3423.7562096446754,3629.0
66,2019-03-28T20:00:00+00:00,3341.19703284038,3529.0
66,2019-03-28T21:00:00+00:00,3316.661455590609,3424.0
66,2019-03-28T22:00:00+00:00,3263.845242703098,3347.0
66,2019-03-28T23:00:00+00:00,3278.586996861387,3081.0
66,2019-03-29T00:00:00+00:00,3285.382412076739,2983.0
66,2019-03-29T01:00:00+00:00,3205.3220723576515,3065.0
66,2019-03-29T02:00:00+00:00,3249.259558461813,3010.0
66,2019-03-29T03:00:00+00:00,3055.225458587687,2923.0
66,2019-03-29T04:00:00+00:00,2953.442625246468,2996.0
66,2019-03-29T05:00:00+00:00,2910.4160055103885,2766.0
66,2019-03-29T06:00:00+00:00,2904.7892929893987,2820.0
66,2019-03-29T07:00:00+00:00,2718.962673025156,2794.0
66,2019-03-29T08:00:00+00:00,2750.723111806291,2745.0
66,2019-03-29T09:00:00+00:00,2695.4713043942975,2769.0
66,2019-03-29T10:00:00+00:00,2798.648398678465,2737.0
66,2019-03-29T11:00:00+00:00,2843.7903519505853,2759.0
66,2019-03-29T12:00:00+00:00,2884.066354029195,2792.0
66,2019-03-29T13:00:00+00:00,3068.6434232652073,2953.0
66,2019-03-29T14:00:00+00:00,3047.860075473648,3084.0
66,2019-03-29T15:00:00+00:00,3037.436280470605,3027.0
67,2019-03-26T16:00:00+00:00,3918.0083796949293,3994.0
67,2019-03-26T17:00:00+00:00,3915.2291108028935,4460.0
67,2019-03-26T18:00:00+00:00,3972.91174579521,4435.0
67,2019-03-26T19:00:00+00:00,3894.314040034429,4419.0
67,2019-03-26T20:00:00+00:00,3850.1020787382386,4127.0
67,2019-03-26T21:00:00+00:00,3618.5091597410465,3951.0
67,2019-03-26T22:00:00+00:00,3655.602065838363,3879.0
67,2019-03-26T23:00:00+00:00,3602.76740479434,3683.0
67,2019-03-27T00:00:00+00:00,3602.9984983160402,3330.0
67,2019-03-27T01:00:00+00:00,3597.8614344023763,3272.0
67,2019-03-27T02:00:00+00:00,3504.996719161233,3079.0
67,2019-03-27T03:00:00+00:00,3310.3288966083915,3093.0
67,2019-03-27T04:00:00+00:00,3267.908744527143,3098.0
67,2019-03-27T05:00:00+00:00,3124.329823971048,3005.0
67,2019-03-27T06:00:00+00:00,3012.2541254899315,2884.0
67,2019-03-27T07:00:00+00:00,3003.312858381998,2871.0
67,2019-03-27T08:00:00+00:00,2882.293447358856,2813.0
67,2019-03-27T09:00:00+00:00,2930.4452343022062,2982.0
67,2019-03-27T10:00:00+00:00,3148.0987163249492,3127.0
67,2019-03-27T11:00:00+00:00,3372.2319067825188,3317.0
67,2019-03-27T12:00:00+00:00,3501.5128513098202,3504.0
67,2019-03-27T13:00:00+00:00,3585.601762801124,3796.0
67,2019-03-27T14:00:00+00:00,3726.1831429492636,3956.0
67,2019-03-27T15:00:00+00:00,3756.7166016979095,3886.0
67,2019-03-27T16:00:00+00:00,3922.067866380566,4077.0
67,2019-03-27T17:00:00+00:00,3848.9799880004553,4654.0
67,2019-03-27T18:00:00+00:00,3919.2368468157174,4815.0
67,2019-03-27T19:00:00+00:00,3919.310011560039,4738.0
67,2019-03-27T20:00:00+00:00,3932.707685743877,4093.0
67,2019-03-27T21:00:00+00:00,3784.2086674569755,3866.0
67,2019-03-27T22:00:00+00:00,3733.445355181743,3743.0
67,2019-03-27T23:00:00+00:00,3746.4523877925767,3565.0
67,2019-03-28T00:00:00+00:00,3761.0596595990055,3372.0
67,2019-03-28T01:00:00+00:00,3620.83592418683,3288.0
67,2019-03-28T02:00:00+00:00,3577.556499439882,3212.0
67,2019-03-28T03:00:00+00:00,3448.3015273228066,2994.0
67,2019-03-28T04:00:00+00:00,3279.010478300999,3132.0
67,2019-03-28T05:00:00+00:00,3175.0244162436534,3077.0
67,2019-03-28T06:00:00+00:00,3106.4345834118244,2959.0
67,2019-03-28T07:00:00+00:00,2927.5879758904775,2971.0
67,2019-03-28T08:00:00+00:00,2808.3290130423675,2943.0
67,2019-03-28T09:00:00+00:00,2877.1704281680186,2960.0
67,2019-03-28T10:00:00+00:00,2995.5762649820654,2931.0
67,2019-03-28T11:00:00+00:00,3164.519756683539,3070.0
67,2019-03-28T12:00:00+00:00,3278.106617771127,3065.0
67,2019-03-28T13:00:00+00:00,3315.9937859906627,3171.0
67,2019-03-28T14:00:00+00:00,3359.124869548962,3240.0
67,2019-03-28T15:00:00+00:00,3314.6014871781085,3039.0
67,2019-03-28T16:00:00+00:00,3456.33839689676,3145.0
67,2019-03-28T17:00:00+00:00,3414.713110034652,3293.0
67,2019-03-28T18:00:00+00:00,3406.6121552166032,3585.0
67,2019-03-28T19:00:00+00:00,3448.509116587777,3629.0
67,2019-03-28T20:00:00+00:00,3303.6383459029403,3529.0
67,2019-03-28T21:00:00+00:00,3394.8304936913346,3424.0
67,2019-03-28T22:00:00+00:00,3412.227086693622,3347.0
67,2019-03-28T23:00:00+00:00,3497.8510285586,3081.0
67,2019-03-29T00:00:00+00:00,3399.7854120077477,2983.0
67,2019-03-29T01:00:00+00:00,3299.69359634119,3065.0
67,2019-03-29T02:00:00+00:00,3301.5158412966566,3010.0
67,2019-03-29T03:00:00+00:00,3200.1385947658487,2923.0
67,2019-03-29T04:00:00+00:00,3106.7301339496944,2996.0
67,2019-03-29T05:00:00+00:00,3074.3975296838303,2766.0
67,2019-03-29T06:00:00+00:00,2899.752756244763,2820.0
67,2019-03-29T07:00:00+00:00,2804.736538175501,2794.0
67,2019-03-29T08:00:00+00:00,2694.104174551208,2745.0
67,2019-03-29T09:00:00+00:00,2795.3138840619044,2769.0
67,2019-03-29T10:00:00+00:00,2828.8294505466,2737.0
67,2019-03-29T11:00:00+00:00,2993.1138780833917,2759.0
67,2019-03-29T12:00:00+00:00,2979.1819095968453,2792.0
67,2019-03-29T13:00:00+00:00,2974.2859522660965,2953.0
67,2019-03-29T14:00:00+00:00,3069.951234808361,3084.0
67,2019-03-29T15:00:00+00:00,3076.276977969207,3027.0
67,2019-03-29T16:00:00+00:00,3037.148710639941,3070.0
67,2019-03-29T17:00:00+00:00,3077.1573342423494,3061.0
67,2019-03-29T18:00:00+00:00,3024.0109464444017,3047.0
67,2019-03-29T19:00:00+00:00,2947.039983097349,3067.0
67,2019-03-29T20:00:00+00:00,2912.2067572403175,3030.0
67,2019-03-29T21:00:00+00:00,2878.4097675565945,2962.0
67,2019-03-29T22:00:00+00:00,2807.4322987979335,3023.0
67,2019-03-29T23:00:00+00:00,2784.863751072762,2936.0
67,2019-03-30T00:00:00+00:00,2729.763164017597,2815.0
67,2019-03-30T01:00:00+00:00,2760.563670778377,2814.0
67,2019-03-30T02:00:00+00:00,2760.675764189732,2828.0
67,2019-03-30T03:00:00+00:00,2746.1219284228555,2625.0
67,2019-03-30T04:00:00+00:00,2706.623871803182,2624.0
67,2019-03-30T05:00:00+00:00,2790.4661083920505,2609.0
67,2019-03-30T06:00:00+00:00,2701.028982971796,2595.0
67,2019-03-30T07:00:00+00:00,2721.2862980623086,2683.0
67,2019-03-30T08:00:00+00:00,2803.5354334794183,2701.0
67,2019-03-30T09:00:00+00:00,2874.4811776876963,2952.0
67,2019-03-30T10:00:00+00:00,2971.8306372984457,3045.0
67,2019-03-30T11:00:00+00:00,3254.9741083316767,3267.0
67,2019-03-30T12:00:00+00:00,3384.247435662245,3413.0
67,2019-03-30T13:00:00+00:00,3573.9291771372036,3778.0
67,2019-03-30T14:00:00+00:00,3537.525371234545,3956.0
67,2019-03-30T15:00:00+00:00,3607.0412635199127,3828.0
68,2019-03-27T16:00:00+00:00,3899.8851684994343,4077.0
68,2019-03-27T17:00:00+00:00,4105.698156066071,4654.0
68,2019-03-27T18:00:00+00:00,4224.493907432175,4815.0
68,2019-03-27T19:00:00+00:00,4158.62191022242,4738.0
68,2019-03-27T20:00:00+00:00,4066.869487459489,4093.0
68,2019-03-27T21:00:00+00:00,3895.7002046077487,3866.0
68,2019-03-27T22:00:00+00:00,3779.461187631303,3743.0
68,2019-03-27T23:00:00+00:00,3723.7290176522524,3565.0
68,2019-03-28T00:00:00+00:00,3704.034053263694,3372.0
68,2019-03-28T01:00:00+00:00,3639.026583098297,3288.0
68,2019-03-28T02:00:00+00:00,3575.419784878739,3212.0
68,2019-03-28T03:00:00+00:00,3272.8740332190428,2994.0
68,2019-03-28T04:00:00+00:00,3034.531534372521,3132.0
68,2019-03-28T05:00:00+00:00,2973.3757220413427,3077.0
68,2019-03-28T06:00:00+00:00,2995.45224181791,2959.0
68,2019-03-28T07:00:00+00:00,2745.863835986923,2971.0
68,2019-03-28T08:00:00+00:00,2797.634667108085,2943.0
68,2019-03-28T09:00:00+00:00,2690.2376127875905,2960.0
68,2019-03-28T10:00:00+00:00,2709.2084312672387,2931.0
68,2019-03-28T11:00:00+00:00,2865.662810166092,3070.0
68,2019-03-28T12:00:00+00:00,3023.1208745277045,3065.0
68,2019-03-28T13:00:00+00:00,3123.2828146691722,3171.0
68,2019-03-28T14:00:00+00:00,3247.5848904968416,3240.0
68,2019-03-28T15:00:00+00:00,3164.8084335688254,3039.0
68,2019-03-28T16:00:00+00:00,3228.2436713682628,3145.0
68,2019-03-28T17:00:00+00:00,3287.4848079445765,3293.0
68,2019-03-28T18:00:00+00:00,3320.7079633000344,3585.0
68,2019-03-28T19:00:00+00:00,3278.1789894016893,3629.0
68,2019-03-28T20:00:00+00:00,3296.972133875986,3529.0
68,2019-03-28T21:00:00+00:00,3163.791562589814,3424.0
68,2019-03-28T22:00:00+00:00,3189.2004654897128,3347.0
68,2019-03-28T23:00:00+00:00,3255.694065608544,3081.0
68,2019-03-29T00:00:00+00:00,3271.413084627475,2983.0
68,2019-03-29T01:00:00+00:00,3151.658343063606,3065.0
68,2019-03-29T02:00:00+00:00,3137.0545411298754,3010.0
68,2019-03-29T03:00:00+00:00,2807.5277037739306,2923.0
68,2019-03-29T04:00:00+00:00,2720.4999257696772,2996.0
68,2019-03-29T05:00:00+00:00,2688.4314283857557,2766.0
68,2019-03-29T06:00:00+00:00,2570.237319899112,2820.0
68,2019-03-29T07:00:00+00:00,2507.3706950956894,2794.0
68,2019-03-29T08:00:00+00:00,2306.9059049348007,2745.0
68,2019-03-29T09:00:00+00:00,2405.2586204050217,2769.0
68,2019-03-29T10:00:00+00:00,2402.4995759138556,2737.0
68,2019-03-29T11:00:00+00:00,2553.26884929117,2759.0
68,2019-03-29T12:00:00+00:00,2736.467024163326,2792.0
68,2019-03-29T13:00:00+00:00,2882.604513184648,2953.0
68,2019-03-29T14:00:00+00:00,2777.072465869824,3084.0
68,2019-03-29T15:00:00+00:00,2733.380159318197,3027.0
68,2019-03-29T16:00:00+00:00,2777.0179392988525,3070.0
68,2019-03-29T17:00:00+00:00,2849.858696650039,3061.0
68,2019-03-29T18:00:00+00:00,2935.297768654618,3047.0
68,2019-03-29T19:00:00+00:00,2799.0025900649343,3067.0
68,2019-03-29T20:00:00+00:00,2746.745514116331,3030.0
68,2019-03-29T21:00:00+00:00,2762.4531321249683,2962.0
68,2019-03-29T22:00:00+00:00,2739.3417310777654,3023.0
68,2019-03-29T23:00:00+00:00,2656.8859234334695,2936.0
68,2019-03-30T00:00:00+00:00,2632.795489542869,2815.0
68,2019-03-30T01:00:00+00:00,2751.6910410570545,2814.0
68,2019-03-30T02:00:00+00:00,2736.4926020820726,2828.0
68,2019-03-30T03:00:00+00:00,2535.6175077362236,2625.0
68,2019-03-30T04:00:00+00:00,2501.0308080727973,2624.0
68,2019-03-30T05:00:00+00:00,2532.8447820327046,2609.0
68,2019-03-30T06:00:00+00:00,2450.092680306389,2595.0
68,2019-03-30T07:00:00+00:00,2415.1320275053176,2683.0
68,2019-03-30T08:00:00+00:00,2492.149718471373,2701.0
68,2019-03-30T09:00:00+00:00,2688.018017838571,2952.0
68,2019-03-30T10:00:00+00:00,2774.518507378325,3045.0
68,2019-03-30T11:00:00+00:00,3062.002913081025,3267.0
68,2019-03-30T12:00:00+00:00,3202.9030258212983,3413.0
68,2019-03-30T13:00:00+00:00,3472.717997061411,3778.0
68,2019-03-30T14:00:00+00:00,3509.418097046089,3956.0
68,2019-03-30T15:00:00+00:00,3473.9090391266686,3828.0
68,2019-03-30T16:00:00+00:00,3463.225548936971,3969.0
68,2019-03-30T17:00:00+00:00,3636.1357991070226,4059.0
68,2019-03-30T18:00:00+00:00,3690.971238318436,4273.0
68,2019-03-30T19:00:00+00:00,3658.485397864938,4467.0
68,2019-03-30T20:00:00+00:00,3556.392043963637,4227.0
68,2019-03-30T21:00:00+00:00,3426.4295111029887,3654.0
68,2019-03-30T22:00:00+00:00,3365.991636087071,3538.0
68,2019-03-30T23:00:00+00:00,3300.7890599368156,3164.0
68,2019-03-31T00:00:00+00:00,3329.1669594109267,3023.0
68,2019-03-31T01:00:00+00:00,3315.707893265136,2999.0
68,2019-03-31T02:00:00+00:00,3253.636447621717,2887.0
68,2019-03-31T03:00:00+00:00,3031.236609351127,2871.0
68,2019-03-31T04:00:00+00:00,2883.2877145957195,2967.0
68,2019-03-31T05:00:00+00:00,2786.330284507053,2910.0
68,2019-03-31T06:00:00+00:00,2879.8541929448375,2886.0
68,2019-03-31T07:00:00+00:00,2744.583486007695,2825.0
68,2019-03-31T08:00:00+00:00,2850.035362739987,2809.0
68,2019-03-31T09:00:00+00:00,2990.659554507941,2984.0
68,2019-03-31T10:00:00+00:00,3097.9490758211978,3115.0
68,2019-03-31T11:00:00+00:00,3202.499859660175,3354.0
68,2019-03-31T12:00:00+00:00,3472.309460859207,3492.0
68,2019-03-31T13:00:00+00:00,3603.4624863886024,3808.0
68,2019-03-31T14:00:00+00:00,3689.751759820256,4100.0
68,2019-03-31T15:00:00+00:00,3827.057034875588,3952.0
69,2019-03-28T16:00:00+00:00,3151.2048802715617,3145.0
69,2019-03-28T17:00:00+00:00,3212.4320397946967,3293.0
69,2019-03-28T18:00:00+00:00,3345.9634482570627,3585.0
69,2019-03-28T19:00:00+00:00,3457.7093188150125,3629.0
69,2019-03-28T20:00:00+00:00,3375.236442701682,3529.0
69,2019-03-28T21:00:00+00:00,3329.32163311725,3424.0
69,2019-03-28T22:00:00+00:00,3404.159153497418,3347.0
69,2019-03-28T23:00:00+00:00,3330.3014921208137,3081.0
69,2019-03-29T00:00:00+00:00,3369.2380572451057,2983.0
69,2019-03-29T01:00:00+00:00,3215.6203571082397,3065.0
69,2019-03-29T02:00:00+00:00,3156.1267790315305,3010.0
69,2019-03-29T03:00:00+00:00,3017.3501457665366,2923.0
69,2019-03-29T04:00:00+00:00,2955.0023165011044,2996.0
69,2019-03-29T05:00:00+00:00,2618.555792917602,2766.0
69,2019-03-29T06:00:00+00:00,2587.1457121397652,2820.0
69,2019-03-29T07:00:00+00:00,2460.0166484088586,2794.0
69,2019-03-29T08:00:00+00:00,2393.4289321238894,2745.0
69,2019-03-29T09:00:00+00:00,2338.6486308419708,2769.0
69,2019-03-29T10:00:00+00:00,2418.5368648752283,2737.0
69,2019-03-29T11:00:00+00:00,2527.9903309887072,2759.0
69,2019-03-29T12:00:00+00:00,2673.554795318727,2792.0
69,2019-03-29T13:00:00+00:00,2545.6056519604062,2953.0
69,2019-03-29T14:00:00+00:00,2727.671392569497,3084.0
69,2019-03-29T15:00:00+00:00,2719.997620388605,3027.0
69,2019-03-29T16:00:00+00:00,2732.2660988572293,3070.0
69,2019-03-29T17:00:00+00:00,2779.5163137343675,3061.0
69,2019-03-29T18:00:00+00:00,2857.393178226903,3047.0
69,2019-03-29T19:00:00+00:00,2756.0723336506444,3067.0
69,2019-03-29T20:00:00+00:00,2836.6311123212263,3030.0
69,2019-03-29T21:00:00+00:00,2600.1211193394356,2962.0
69,2019-03-29T22:00:00+00:00,2662.2174984966723,3023.0
69,2019-03-29T23:00:00+00:00,2731.361750892859,2936.0
69,2019-03-30T00:00:00+00:00,2795.7235934115447,2815.0
69,2019-03-30T01:00:00+00:00,2795.4527450626456,2814.0
69,2019-03-30T02:00:00+00:00,2648.6117641365695,2828.0
69,2019-03-30T03:00:00+00:00,2513.094861469888,2625.0
69,2019-03-30T04:00:00+00:00,2440.752576116603,2624.0
69,2019-03-30T05:00:00+00:00,2415.855281161248,2609.0
69,2019-03-30T06:00:00+00:00,2392.754322778547,2595.0
69,2019-03-30T07:00:00+00:00,2360.3383093822995,2683.0
69,2019-03-30T08:00:00+00:00,2482.5314296304114,2701.0
69,2019-03-30T09:00:00+00:00,2562.5574671793966,2952.0
69,2019-03-30T10:00:00+00:00,2862.529316841181,3045.0
69,2019-03-30T11:00:00+00:00,3027.435347287049,3267.0
69,2019-03-30T12:00:00+00:00,3329.571083917843,3413.0
69,2019-03-30T13:00:00+00:00,3483.6939231651522,3778.0
69,2019-03-30T14:00:00+00:00,3599.045255827781,3956.0
69,2019-03-30T15:00:00+00:00,3646.5913682300593,3828.0
69,2019-03-30T16:00:00+00:00,3747.655838783531,3969.0
69,2019-03-30T17:00:00+00:00,3753.0213194599564,4059.0
69,2019-03-30T18:00:00+00:00,3786.98420210506,4273.0
69,2019-03-30T19:00:00+00:00,3821.0629454518767,4467.0
69,2019-03-30T20:00:00+00:00,3590.826581447646,4227.0
69,2019-03-30T21:00:00+00:00,3547.812073219603,3654.0
69,2019-03-30T22:00:00+00:00,3530.610311503919,3538.0
69,2019-03-30T23:00:00+00:00,3507.958420741177,3164.0
69,2019-03-31T00:00:00+00:00,3410.4080265855964,3023.0
69,2019-03-31T01:00:00+00:00,3442.493497430133,2999.0
69,2019-03-31T02:00:00+00:00,3266.2849515052085,2887.0
69,2019-03-31T03:00:00+00:00,3152.861496636901,2871.0
69,2019-03-31T04:00:00+00:00,2960.246285540279,2967.0
69,2019-03-31T05:00:00+00:00,2950.6076401128216,2910.0
69,2019-03-31T06:00:00+00:00,2797.5410135916404,2886.0
69,2019-03-31T07:00:00+00:00,2753.4347677503215,2825.0
69,2019-03-31T08:00:00+00:00,2759.218351563676,2809.0
69,2019-03-31T09:00:00+00:00,2967.6548272614023,2984.0
69,2019-03-31T10:00:00+00:00,3147.1014749114875,3115.0
69,2019-03-31T11:00:00+00:00,3380.403132718907,3354.0
69,2019-03-31T12:00:00+00:00,3548.3393782073053,3492.0
69,2019-03-31T13:00:00+00:00,3753.068476682245,3808.0
69,2019-03-31T14:00:00+00:00,3861.5085747358175,4100.0
69,2019-03-31T15:00:00+00:00,3897.951061457459,3952.0
69,2019-03-31T16:00:00+00:00,3945.80556292659,4050.0
69,2019-03-31T17:00:00+00:00,4081.8510098212237,4396.0
69,2019-03-31T18:00:00+00:00,4097.18639310536,4359.0
69,2019-03-31T19:00:00+00:00,4040.1640253179007,4313.0
69,2019-03-31T20:00:00+00:00,3955.7506807293153,4272.0
69,2019-03-31T21:00:00+00:00,3841.479312897593,4135.0
69,2019-03-31T22:00:00+00:00,3736.0489163296234,3907.0
69,2019-03-31T23:00:00+00:00,3669.500459175754,3678.0
69,2019-04-01T00:00:00+00:00,3618.5684449945757,3311.0
69,2019-04-01T01:00:00+00:00,3616.470824332499,3187.0
69,2019-04-01T02:00:00+00:00,3408.3685097680113,3090.0
69,2019-04-01T03:00:00+00:00,3306.4835754226483,2963.0
69,2019-04-01T04:00:00+00:00,3084.103788059293,2993.0
69,2019-04-01T05:00:00+00:00,3003.8712435151547,2909.0
69,2019-04-01T06:00:00+00:00,2865.438325925722,2836.0
69,2019-04-01T07:00:00+00:00,2746.495683282061,2814.0
69,2019-04-01T08:00:00+00:00,2796.8652806684718,2856.0
69,2019-04-01T09:00:00+00:00,2916.086240148935,2996.0
69,2019-04-01T10:00:00+00:00,3150.7913705851565,3175.0
69,2019-04-01T11:00:00+00:00,3256.2007579000992,3471.0
69,2019-04-01T12:00:00+00:00,3483.0456600675107,3748.0
69,2019-04-01T13:00:00+00:00,3694.0542036875804,4062.0
69,2019-04-01T14:00:00+00:00,3767.6276329205925,4295.0
69,2019-04-01T15:00:00+00:00,3814.4999621376937,4188.0
70,2019-03-29T16:00:00+00:00,2915.062165053274,3070.0
70,2019-03-29T17:00:00+00:00,2964.886562822781,3061.0
70,2019-03-29T18:00:00+00:00,3028.9324486474907,3047.0
70,2019-03-29T19:00:00+00:00,2940.582417820378,3067.0
70,2019-03-29T20:00:00+00:00,2817.0758350935753,3030.0
70,2019-03-29T21:00:00+00:00,2764.2809949695647,2962.0
70,2019-03-29T22:00:00+00:00,2753.6430262050267,3023.0
70,2019-03-29T23:00:00+00:00,2786.0304214131156,2936.0
70,2019-03-30T00:00:00+00:00,2669.9202854226023,2815.0
70,2019-03-30T01:00:00+00:00,2766.5836685849017,2814.0
70,2019-03-30T02:00:00+00:00,2713.661566748884,2828.0
70,2019-03-30T03:00:00+00:00,2606.321153969387,2625.0
70,2019-03-30T04:00:00+00:00,2579.596789283195,2624.0
70,2019-03-30T05:00:00+00:00,2434.212824426295,2609.0
70,2019-03-30T06:00:00+00:00,2473.1498191538735,2595.0
70,2019-03-30T07:00:00+00:00,2501.992987248804,2683.0
70,2019-03-30T08:00:00+00:00,2487.096195873719,2701.0
70,2019-03-30T09:00:00+00:00,2633.4463054754237,2952.0
70,2019-03-30T10:00:00+00:00,2777.590765711715,3045.0
70,2019-03-30T11:00:00+00:00,3069.980646110279,3267.0
70,2019-03-30T12:00:00+00:00,3266.4856671175958,3413.0
70,2019-03-30T13:00:00+00:00,3417.3258415603773,3778.0
70,2019-03-30T14:00:00+00:00,3498.3260706541864,3956.0
70,2019-03-30T15:00:00+00:00,3665.3086546778923,3828.0
70,2019-03-30T16:00:00+00:00,3729.080090095378,3969.0
70,2019-03-30T17:00:00+00:00,3775.992240232492,4059.0
70,2019-03-30T18:00:00+00:00,3821.5771805857494,4273.0
70,2019-03-30T19:00:00+00:00,3674.161820065698,4467.0
70,2019-03-30T20:00:00+00:00,3695.948192391883,4227.0
70,2019-03-30T21:00:00+00:00,3579.4738189072787,3654.0
70,2019-03-30T22:00:00+00:00,3551.156022585262,3538.0
70,2019-03-30T23:00:00+00:00,3556.0927426586127,3164.0
70,2019-03-31T00:00:00+00:00,3581.3055812278603,3023.0
70,2019-03-31T01:00:00+00:00,3459.519807511313,2999.0
70,2019-03-31T02:00:00+00:00,3291.986542298001,2887.0
70,2019-03-31T03:00:00+00:00,3159.7992427256922,2871.0
70,2019-03-31T04:00:00+00:00,2980.0948165805376,2967.0
70,2019-03-31T05:00:00+00:00,2819.4473443739626,2910.0
70,2019-03-31T06:00:00+00:00,2722.157599620029,2886.0
70,2019-03-31T07:00:00+00:00,2644.9091125499335,2825.0
70,2019-03-31T08:00:00+00:00,2736.2527512626107,2809.0
70,2019-03-31T09:00:00+00:00,2677.3586350025234,2984.0
70,2019-03-31T10:00:00+00:00,2857.784447681633,3115.0
70,2019-03-31T11:00:00+00:00,3119.208556239763,3354.0
70,2019-03-31T12:00:00+00:00,3340.98263601564,3492.0
70,2019-03-31T13:00:00+00:00,3496.563036597834,3808.0
70,2019-03-31T14:00:00+00:00,3508.8051357723507,4100.0
70,2019-03-31T15:00:00+00:00,3620.97825506027,3952.0
70,2019-03-31T16:00:00+00:00,3608.4068401818895,4050.0
70,2019-03-31T17:00:00+00:00,3691.4948916782037,4396.0
70,2019-03-31T18:00:00+00:00,3749.1327157431037,4359.0
70,2019-03-31T19:00:00+00:00,3657.4883216835096,4313.0
70,2019-03-31T20:00:00+00:00,3531.960637249227,4272.0
70,2019-03-31T21:00:00+00:00,3527.846607469415,4135.0
70,2019-03-31T22:00:00+00:00,3487.2847291884827,3907.0
70,2019-03-31T23:00:00+00:00,3372.887849038905,3678.0
70,2019-04-01T00:00:00+00:00,3379.9866942947124,3311.0
70,2019-04-01T01:00:00+00:00,3287.0446711160134,3187.0
70,2019-04-01T02:00:00+00:00,3260.363754192964,3090.0
70,2019-04-01T03:00:00+00:00,3134.1842954803337,2963.0
70,2019-04-01T04:00:00+00:00,2967.8129873636267,2993.0
70,2019-04-01T05:00:00+00:00,2938.6057470066385,2909.0
70,2019-04-01T06:00:00+00:00,2828.5214249902206,2836.0
70,2019-04-01T07:00:00+00:00,2681.790488598287,2814.0
70,2019-04-01T08:00:00+00:00,2757.9080615400235,2856.0
70,2019-04-01T09:00:00+00:00,2897.931965331189,2996.0
70,2019-04-01T10:00:00+00:00,2998.732295956312,3175.0
70,2019-04-01T11:00:00+00:00,3171.9240849878142,3471.0
70,2019-04-01T12:00:00+00:00,3490.165962768235,3748.0
70,2019-04-01T13:00:00+00:00,3572.285465393661,4062.0
70,2019-04-01T14:00:00+00:00,3674.194469915468,4295.0
70,2019-04-01T15:00:00+00:00,3677.0301159772475,4188.0
70,2019-04-01T16:00:00+00:00,3714.1065319176464,4414.0
70,2019-04-01T17:00:00+00:00,3774.1802727094937,4375.0
70,2019-04-01T18:00:00+00:00,3838.2833949105207,4754.0
70,2019-04-01T19:00:00+00:00,3769.0872927023006,4864.0
70,2019-04-01T20:00:00+00:00,3615.164433784831,4714.0
70,2019-04-01T21:00:00+00:00,3609.2850484386,4234.0
70,2019-04-01T22:00:00+00:00,3448.5169320629493,4076.0
70,2019-04-01T23:00:00+00:00,3532.0755891747576,3756.0
70,2019-04-02T00:00:00+00:00,3489.8087806819644,3531.0
70,2019-04-02T01:00:00+00:00,3374.705841334916,3475.0
70,2019-04-02T02:00:00+00:00,3308.5474804883406,3369.0
70,2019-04-02T03:00:00+00:00,3109.4437396317176,3163.0
70,2019-04-02T04:00:00+00:00,3028.138013031637,3391.0
70,2019-04-02T05:00:00+00:00,2896.9131115677787,3390.0
70,2019-04-02T06:00:00+00:00,2860.5766707650755,3272.0
70,2019-04-02T07:00:00+00:00,2811.982392436689,3290.0
70,2019-04-02T08:00:00+00:00,2723.1401353825318,3331.0
70,2019-04-02T09:00:00+00:00,2863.61386686101,3500.0
70,2019-04-02T10:00:00+00:00,3059.7076418607776,3454.0
70,2019-04-02T11:00:00+00:00,3267.5658880581545,3964.0
70,2019-04-02T12:00:00+00:00,3514.9805838757547,3920.0
70,2019-04-02T13:00:00+00:00,3709.139954415887,4374.0
70,2019-04-02T14:00:00+00:00,3862.389195380213,4523.0
70,2019-04-02T15:00:00+00:00,3885.8153634507526,4382.0
71,2019-03-30T16:00:00+00:00,3924.193014699382,3969.0
71,2019-03-30T17:00:00+00:00,3958.1752294923754,4059.0
71,2019-03-30T18:00:00+00:00,3975.331800246966,4273.0
71,2019-03-30T19:00:00+00:00,3978.3186005727603,4467.0
71,2019-03-30T20:00:00+00:00,3855.8104158836522,4227.0
71,2019-03-30T21:00:00+00:00,3673.557269102452,3654.0
71,2019-03-30T22:00:00+00:00,3690.436250041187,3538.0
71,2019-03-30T23:00:00+00:00,3670.7778680247898,3164.0
71,2019-03-31T00:00:00+00:00,3578.617355186144,3023.0
71,2019-03-31T01:00:00+00:00,3631.84315349927,2999.0
71,2019-03-31T02:00:00+00:00,3440.6325055628704,2887.0
71,2019-03-31T03:00:00+00:00,3250.1533150528517,2871.0
71,2019-03-31T04:00:00+00:00,3091.7121283550186,2967.0
71,2019-03-31T05:00:00+00:00,2938.3074370938134,2910.0
71,2019-03-31T06:00:00+00:00,2880.0877319006295,2886.0
71,2019-03-31T07:00:00+00:00,2774.4510266159464,2825.0
71,2019-03-31T08:00:00+00:00,2688.8054476162147,2809.0
71,2019-03-31T09:00:00+00:00,2733.425565080933,2984.0
71,2019-03-31T10:00:00+00:00,3001.78297498616,3115.0
71,2019-03-31T11:00:00+00:00,3128.747566751172,3354.0
71,2019-03-31T12:00:00+00:00,3276.479379661299,3492.0
71,2019-03-31T13:00:00+00:00,3491.624829436184,3808.0
71,2019-03-31T14:00:00+00:00,3672.308015791881,4100.0
71,2019-03-31T15:00:00+00:00,3756.936195070095,3952.0
71,2019-03-31T16:00:00+00:00,3883.0974947822715,4050.0
71,2019-03-31T17:00:00+00:00,3812.693282039759,4396.0
71,2019-03-31T18:00:00+00:00,3882.684414699153,4359.0
71,2019-03-31T19:00:00+00:00,3886.581841806581,4313.0
71,2019-03-31T20:00:00+00:00,3843.568044076281,4272.0
71,2019-03-31T21:00:00+00:00,3709.4227986104,4135.0
71,2019-03-31T22:00:00+00:00,3667.413016806925,3907.0
71,2019-03-31T23:00:00+00:00,3636.5027298832556,3678.0
71,2019-04-01T00:00:00+00:00,3568.233546335147,3311.0
71,2019-04-01T01:00:00+00:00,3552.2550799776104,3187.0
71,2019-04-01T02:00:00+00:00,3380.523619917551,3090.0
71,2019-04-01T03:00:00+00:00,3239.2692827444016,2963.0
71,2019-04-01T04:00:00+00:00,2967.0446914554327,2993.0
71,2019-04-01T05:00:00+00:00,2907.845061165871,2909.0
71,2019-04-01T06:00:00+00:00,2744.797296258717,2836.0
71,2019-04-01T07:00:00+00:00,2702.325922247162,2814.0
71,2019-04-01T08:00:00+00:00,2665.72365614937,2856.0
71,2019-04-01T09:00:00+00:00,2763.729913092278,2996.0
71,2019-04-01T10:00:00+00:00,2833.7856184302645,3175.0
71,2019-04-01T11:00:00+00:00,3103.2264547774953,3471.0
71,2019-04-01T12:00:00+00:00,3303.2750584930404,3748.0
71,2019-04-01T13:00:00+00:00,3400.844235400001,4062.0
71,2019-04-01T14:00:00+00:00,3479.9135464300766,4295.0
71,2019-04-01T15:00:00+00:00,3449.722018851033,4188.0
71,2019-04-01T16:00:00+00:00,3443.1409591524134,4414.0
71,2019-04-01T17:00:00+00:00,3625.315298515356,4375.0
71,2019-04-01T18:00:00+00:00,3627.8205796498605,4754.0
71,2019-04-01T19:00:00+00:00,3729.6214232827033,4864.0
71,2019-04-01T20:00:00+00:00,3550.9189146175518,4714.0
71,2019-04-01T21:00:00+00:00,3489.920659291676,4234.0
71,2019-04-01T22:00:00+00:00,3363.882498752277,4076.0
71,2019-04-01T23:00:00+00:00,3355.8787251545837,3756.0
71,2019-04-02T00:00:00+00:00,3405.922559325845,3531.0
71,2019-04-02T01:00:00+00:00,3305.8919084271947,3475.0
71,2019-04-02T02:00:00+00:00,3178.0703200677403,3369.0
71,2019-04-02T03:00:00+00:00,3142.7522373323477,3163.0
71,2019-04-02T04:00:00+00:00,2902.8815569799303,3391.0
71,2019-04-02T05:00:00+00:00,2850.704453335419,3390.0
71,2019-04-02T06:00:00+00:00,2828.5858324367805,3272.0
71,2019-04-02T07:00:00+00:00,2722.120257180515,3290.0
71,2019-04-02T08:00:00+00:00,2771.71141341189,3331.0
71,2019-04-02T09:00:00+00:00,2933.286333021083,3500.0
71,2019-04-02T10:00:00+00:00,3070.4866857353027,3454.0
71,2019-04-02T11:00:00+00:00,3289.669026715278,3964.0
71,2019-04-02T12:00:00+00:00,3573.080925448121,3920.0
71,2019-04-02T13:00:00+00:00,3734.440018975486,4374.0
71,2019-04-02T14:00:00+00:00,3799.9304623740654,4523.0
71,2019-04-02T15:00:00+00:00,3856.9045163150035,4382.0
71,2019-04-02T16:00:00+00:00,3960.931696363823,4587.0
71,2019-04-02T17:00:00+00:00,3971.549903377185,4972.0
71,2019-04-02T18:00:00+00:00,3971.3847374367506,5085.0
71,2019-04-02T19:00:00+00:00,3966.1856784642123,5073.0
71,2019-04-02T20:00:00+00:00,3828.810510258817,4823.0
71,2019-04-02T21:00:00+00:00,3770.67259492209,4432.0
71,2019-04-02T22:00:00+00:00,3588.2336942891134,4254.0
71,2019-04-02T23:00:00+00:00,3761.973557974897,3916.0
71,2019-04-03T00:00:00+00:00,3637.4968318880856,3645.0
71,2019-04-03T01:00:00+00:00,3537.844335151526,3532.0
71,2019-04-03T02:00:00+00:00,3489.787234424829,3489.0
71,2019-04-03T03:00:00+00:00,3224.8974583237487,3357.0
71,2019-04-03T04:00:00+00:00,3188.9901085881856,3382.0
71,2019-04-03T05:00:00+00:00,2998.6272083831664,3321.0
71,2019-04-03T06:00:00+00:00,2943.9008057904935,3183.0
71,2019-04-03T07:00:00+00:00,2863.5221300361513,3165.0
71,2019-04-03T08:00:00+00:00,2982.2795145241353,3002.0
71,2019-04-03T09:00:00+00:00,3011.4746929426965,3286.0
71,2019-04-03T10:00:00+00:00,3084.1972763437043,3477.0
71,2019-04-03T11:00:00+00:00,3381.482874486569,3731.0
71,2019-04-03T12:00:00+00:00,3619.7624447132284,3902.0
71,2019-04-03T13:00:00+00:00,3799.372341612162,4169.0
71,2019-04-03T14:00:00+00:00,3828.222284220456,4310.0
71,2019-04-03T15:00:00+00:00,3875.526430833246,4394.0
72,2019-03-31T16:00:00+00:00,3980.4244497900927,4050.0
72,2019-03-31T17:00:00+00:00,3907.9707319535855,4396.0
72,2019-03-31T18:00:00+00:00,3993.8716935839047,4359.0
72,2019-03-31T19:00:00+00:00,3904.393260155338,4313.0
72,2019-03-31T20:00:00+00:00,3837.9988653492683,4272.0
72,2019-03-31T21:00:00+00:00,3650.0301442595987,4135.0
72,2019-03-31T22:00:00+00:00,3640.764857134467,3907.0
72,2019-03-31T23:00:00+00:00,3457.991832545459,3678.0
72,2019-04-01T00:00:00+00:00,3531.397708235156,3311.0
72,2019-04-01T01:00:00+00:00,3511.2403254783517,3187.0
72,2019-04-01T02:00:00+00:00,3408.9981553463067,3090.0
72,2019-04-01T03:00:00+00:00,3158.1490208400396,2963.0
72,2019-04-01T04:00:00+00:00,3058.279706629453,2993.0
72,2019-04-01T05:00:00+00:00,2897.0302280329447,2909.0
72,2019-04-01T06:00:00+00:00,2802.8737783254824,2836.0
72,2019-04-01T07:00:00+00:00,2805.985890625292,2814.0
72,2019-04-01T08:00:00+00:00,2591.835525985835,2856.0
72,2019-04-01T09:00:00+00:00,2718.421901626744,2996.0
72,2019-04-01T10:00:00+00:00,2921.413122622393,3175.0
72,2019-04-01T11:00:00+00:00,3071.751470856999,3471.0
72,2019-04-01T12:00:00+00:00,3308.1073973601883,3748.0
72,2019-04-01T13:00:00+00:00,3451.747747055444,4062.0
72,2019-04-01T14:00:00+00:00,3704.695047489497,4295.0
72,2019-04-01T15:00:00+00:00,3716.0866395576772,4188.0
72,2019-04-01T16:00:00+00:00,3763.6440538310294,4414.0
72,2019-04-01T17:00:00+00:00,3791.5189622111297,4375.0
72,2019-04-01T18:00:00+00:00,3754.318688338609,4754.0
72,2019-04-01T19:00:00+00:00,3804.637526444406,4864.0
72,2019-04-01T20:00:00+00:00,3757.5556169163333,4714.0
72,2019-04-01T21:00:00+00:00,3518.3093153711516,4234.0
72,2019-04-01T22:00:00+00:00,3435.562525854705,4076.0
72,2019-04-01T23:00:00+00:00,3394.5167077331957,3756.0
72,2019-04-02T00:00:00+00:00,3350.349838258878,3531.0
72,2019-04-02T01:00:00+00:00,3323.4222381717923,3475.0
72,2019-04-02T02:00:00+00:00,3322.3559793380427,3369.0
72,2019-04-02T03:00:00+00:00,3239.1806192353606,3163.0
72,2019-04-02T04:00:00+00:00,2969.300637451767,3391.0
72,2019-04-02T05:00:00+00:00,2900.574884749389,3390.0
72,2019-04-02T06:00:00+00:00,2815.712836051317,3272.0
72,2019-04-02T07:00:00+00:00,2728.1956407645844,3290.0
72,2019-04-02T08:00:00+00:00,2779.5186269828328,3331.0
72,2019-04-02T09:00:00+00:00,2879.113061182909,3500.0
72,2019-04-02T10:00:00+00:00,3109.160878914001,3454.0
72,2019-04-02T11:00:00+00:00,3366.141832005293,3964.0
72,2019-04-02T12:00:00+00:00,3462.076616255386,3920.0
72,2019-04-02T13:00:00+00:00,3492.3167385754077,4374.0
72,2019-04-02T14:00:00+00:00,3633.032361488959,4523.0
72,2019-04-02T15:00:00+00:00,3635.1201012754473,4382.0
72,2019-04-02T16:00:00+00:00,3748.8413786220817,4587.0
72,2019-04-02T17:00:00+00:00,3809.775846121522,4972.0
72,2019-04-02T18:00:00+00:00,3844.7456197308293,5085.0
72,2019-04-02T19:00:00+00:00,3924.057061782426,5073.0
72,2019-04-02T20:00:00+00:00,3760.7616471038405,4823.0
72,2019-04-02T21:00:00+00:00,3619.9564271202607,4432.0
72,2019-04-02T22:00:00+00:00,3522.607496252018,4254.0
72,2019-04-02T23:00:00+00:00,3484.374745234945,3916.0
72,2019-04-03T00:00:00+00:00,3592.9857345189034,3645.0
72,2019-04-03T01:00:00+00:00,3465.656996137419,3532.0
72,2019-04-03T02:00:00+00:00,3347.480319630283,3489.0
72,2019-04-03T03:00:00+00:00,3324.5473939637923,3357.0
72,2019-04-03T04:00:00+00:00,3211.703696992142,3382.0
72,2019-04-03T05:00:00+00:00,3082.5489546264344,3321.0
72,2019-04-03T06:00:00+00:00,3037.88805789591,3183.0
72,2019-04-03T07:00:00+00:00,2819.045136558632,3165.0
72,2019-04-03T08:00:00+00:00,2917.375909214838,3002.0
72,2019-04-03T09:00:00+00:00,3081.0054561110564,3286.0
72,2019-04-03T10:00:00+00:00,3197.3954786426875,3477.0
72,2019-04-03T11:00:00+00:00,3298.4565082390673,3731.0
72,2019-04-03T12:00:00+00:00,3531.3619520231614,3902.0
72,2019-04-03T13:00:00+00:00,3788.068223382383,4169.0
72,2019-04-03T14:00:00+00:00,3828.318515356619,4310.0
72,2019-04-03T15:00:00+00:00,3832.649180855222,4394.0
72,2019-04-03T16:00:00+00:00,3828.7695988073847,4690.0
72,2019-04-03T17:00:00+00:00,3951.1458622411483,4685.0
72,2019-04-03T18:00:00+00:00,3937.6559224899456,4833.0
72,2019-04-03T19:00:00+00:00,3876.1719593407374,4955.0
72,2019-04-03T20:00:00+00:00,3938.0619306420413,4498.0
72,2019-04-03T21:00:00+00:00,3763.172580747361,4262.0
72,2019-04-03T22:00:00+00:00,3565.698325156218,4080.0
72,2019-04-03T23:00:00+00:00,3709.1991405301965,3864.0
72,2019-04-04T00:00:00+00:00,3490.209005712896,3500.0
72,2019-04-04T01:00:00+00:00,3433.271897654592,3345.0
72,2019-04-04T02:00:00+00:00,3479.8202729473087,3223.0
72,2019-04-04T03:00:00+00:00,3259.969080958349,3128.0
72,2019-04-04T04:00:00+00:00,3188.394992374038,3111.0
72,2019-04-04T05:00:00+00:00,2951.0257102033443,3048.0
72,2019-04-04T06:00:00+00:00,2931.013037661258,2982.0
72,2019-04-04T07:00:00+00:00,2811.4966763517546,2962.0
72,2019-04-04T08:00:00+00:00,2713.054768629986,2937.0
72,2019-04-04T09:00:00+00:00,2720.6591433569147,2965.0
72,2019-04-04T10:00:00+00:00,2786.869469677946,2958.0
72,2019-04-04T11:00:00+00:00,2875.60297100782,3041.0
72,2019-04-04T12:00:00+00:00,2954.818281062473,3198.0
72,2019-04-04T13:00:00+00:00,3180.339055023448,3264.0
72,2019-04-04T14:00:00+00:00,3176.276792439652,3337.0
72,2019-04-04T15:00:00+00:00,3089.8152315669313,3286.0
73,2019-04-01T16:00:00+00:00,4196.942391187546,4414.0
73,2019-04-01T17:00:00+00:00,4294.540987658026,4375.0
73,2019-04-01T18:00:00+00:00,4293.769486248387,4754.0
73,2019-04-01T19:00:00+00:00,4320.295572494682,4864.0
73,2019-04-01T20:00:00+00:00,4061.5529154649053,4714.0
73,2019-04-01T21:00:00+00:00,3786.2712589280036,4234.0
73,2019-04-01T22:00:00+00:00,3787.5074258615414,4076.0
73,2019-04-01T23:00:00+00:00,3704.204605768412,3756.0
73,2019-04-02T00:00:00+00:00,3636.450153050276,3531.0
73,2019-04-02T01:00:00+00:00,3567.6525905062485,3475.0
73,2019-04-02T02:00:00+00:00,3382.291569626892,3369.0
73,2019-04-02T03:00:00+00:00,3167.9316659844726,3163.0
73,2019-04-02T04:00:00+00:00,2991.382477699805,3391.0
73,2019-04-02T05:00:00+00:00,2919.4961005726564,3390.0
73,2019-04-02T06:00:00+00:00,2881.111542625037,3272.0
73,2019-04-02T07:00:00+00:00,2791.5062109949367,3290.0
73,2019-04-02T08:00:00+00:00,2807.8942875628936,3331.0
73,2019-04-02T09:00:00+00:00,2893.3475695223315,3500.0
73,2019-04-02T10:00:00+00:00,3002.2300267753144,3454.0
73,2019-04-02T11:00:00+00:00,3184.6954471496274,3964.0
73,2019-04-02T12:00:00+00:00,3485.1131671915277,3920.0
73,2019-04-02T13:00:00+00:00,3749.9177000866557,4374.0
73,2019-04-02T14:00:00+00:00,3794.3010070013243,4523.0
73,2019-04-02T15:00:00+00:00,3986.776365705005,4382.0
73,2019-04-02T16:00:00+00:00,4001.8046817785553,4587.0
73,2019-04-02T17:00:00+00:00,3938.731781304826,4972.0
73,2019-04-02T18:00:00+00:00,4106.761721617678,5085.0
73,2019-04-02T19:00:00+00:00,4094.2898094697193,5073.0
73,2019-04-02T20:00:00+00:00,3904.6034683480357,4823.0
73,2019-04-02T21:00:00+00:00,3853.77518683733,4432.0
73,2019-04-02T22:00:00+00:00,3703.2303646539785,4254.0
73,2019-04-02T23:00:00+00:00,3660.532160107181,3916.0
73,2019-04-03T00:00:00+00:00,3662.422348474719,3645.0
73,2019-04-03T01:00:00+00:00,3536.4362277641912,3532.0
73,2019-04-03T02:00:00+00:00,3440.995222922255,3489.0
73,2019-04-03T03:00:00+00:00,3400.586068609653,3357.0
73,2019-04-03T04:00:00+00:00,3329.353027203567,3382.0
73,2019-04-03T05:00:00+00:00,3129.660077177985,3321.0
73,2019-04-03T06:00:00+00:00,3044.131845968265,3183.0
73,2019-04-03T07:00:00+00:00,3033.239056362053,3165.0
73,2019-04-03T08:00:00+00:00,2927.771780004262,3002.0
73,2019-04-03T09:00:00+00:00,3006.0863111064637,3286.0
73,2019-04-03T10:00:00+00:00,3143.9175858164353,3477.0
73,2019-04-03T11:00:00+00:00,3281.682767713108,3731.0
73,2019-04-03T12:00:00+00:00,3596.830915257419,3902.0
73,2019-04-03T13:00:00+00:00,3765.8474890871976,4169.0
73,2019-04-03T14:00:00+00:00,3881.592924933927,4310.0
73,2019-04-03T15:00:00+00:00,3706.4045381054757,4394.0
73,2019-04-03T16:00:00+00:00,3829.3628809459633,4690.0
73,2019-04-03T17:00:00+00:00,3996.1266481880393,4685.0
73,2019-04-03T18:00:00+00:00,3812.944699101549,4833.0
73,2019-04-03T19:00:00+00:00,3942.113420097269,4955.0
73,2019-04-03T20:00:00+00:00,3841.4266699718005,4498.0
73,2019-04-03T21:00:00+00:00,3755.9512799663135,4262.0
73,2019-04-03T22:00:00+00:00,3620.1438663387767,4080.0
73,2019-04-03T23:00:00+00:00,3538.939063464604,3864.0
73,2019-04-04T00:00:00+00:00,3615.608808815047,3500.0
73,2019-04-04T01:00:00+00:00,3502.541189391939,3345.0
73,2019-04-04T02:00:00+00:00,3379.8079421503444,3223.0
73,2019-04-04T03:00:00+00:00,3265.9897314314053,3128.0
73,2019-04-04T04:00:00+00:00,3007.2727762444,3111.0
73,2019-04-04T05:00:00+00:00,2791.574418778261,3048.0
73,2019-04-04T06:00:00+00:00,2776.0397656620275,2982.0
73,2019-04-04T07:00:00+00:00,2648.2665613727086,2962.0
73,2019-04-04T08:00:00+00:00,2626.756457006114,2937.0
73,2019-04-04T09:00:00+00:00,2691.520077736844,2965.0
73,2019-04-04T10:00:00+00:00,2828.756351895092,2958.0
73,2019-04-04T11:00:00+00:00,2854.1089271948567,3041.0
73,2019-04-04T12:00:00+00:00,3153.8868605424213,3198.0
73,2019-04-04T13:00:00+00:00,3229.8244957999514,3264.0
73,2019-04-04T14:00:00+00:00,3342.6172806513578,3337.0
73,2019-04-04T15:00:00+00:00,3241.5288803686703,3286.0
73,2019-04-04T16:00:00+00:00,3295.6241957335583,3291.0
73,2019-04-04T17:00:00+00:00,3409.2877410077763,3498.0
73,2019-04-04T18:00:00+00:00,3423.021398008019,3821.0
73,2019-04-04T19:00:00+00:00,3470.4792269349327,3793.0
73,2019-04-04T20:00:00+00:00,3380.9787598147327,3610.0
73,2019-04-04T21:00:00+00:00,3307.4217298610206,3559.0
73,2019-04-04T22:00:00+00:00,3229.104265890229,3465.0
73,2019-04-04T23:00:00+00:00,3257.246957565012,3212.0
73,2019-04-05T00:00:00+00:00,3303.385768086117,3132.0
73,2019-04-05T01:00:00+00:00,3157.2212594965586,3254.0
73,2019-04-05T02:00:00+00:00,3224.2732943181563,3226.0
73,2019-04-05T03:00:00+00:00,2977.1674667403054,3187.0
73,2019-04-05T04:00:00+00:00,2835.4767021977395,3154.0
73,2019-04-05T05:00:00+00:00,2786.344692740352,3011.0
73,2019-04-05T06:00:00+00:00,2706.6249292881944,2869.0
73,2019-04-05T07:00:00+00:00,2557.3440660663728,2955.0
73,2019-04-05T08:00:00+00:00,2613.9698108812254,2941.0
73,2019-04-05T09:00:00+00:00,2567.329170021144,2869.0
73,2019-04-05T10:00:00+00:00,2665.0189084811627,2547.0
73,2019-04-05T11:00:00+00:00,2772.94351563741,2540.0
73,2019-04-05T12:00:00+00:00,2931.121231596628,2588.0
73,2019-04-05T13:00:00+00:00,2986.482422614631,2679.0
73,2019-04-05T14:00:00+00:00,3024.8871388703064,2757.0
73,2019-04-05T15:00:00+00:00,3040.173018637283,2683.0
74,2019-04-02T16:00:00+00:00,4514.229070845366,4587.0
74,2019-04-02T17:00:00+00:00,4530.168013700549,4972.0
74,2019-04-02T18:00:00+00:00,4522.266485685028,5085.0
74,2019-04-02T19:00:00+00:00,4633.51668492804,5073.0
74,2019-04-02T20:00:00+00:00,4474.920370135793,4823.0
74,2019-04-02T21:00:00+00:00,4097.622010837814,4432.0
74,2019-04-02T22:00:00+00:00,4119.195299933923,4254.0
74,2019-04-02T23:00:00+00:00,4107.451730588519,3916.0
74,2019-04-03T00:00:00+00:00,4118.669002861623,3645.0
74,2019-04-03T01:00:00+00:00,4115.347706807723,3532.0
74,2019-04-03T02:00:00+00:00,3717.558890020319,3489.0
74,2019-04-03T03:00:00+00:00,3705.758381716258,3357.0
74,2019-04-03T04:00:00+00:00,3443.949736908753,3382.0
74,2019-04-03T05:00:00+00:00,3350.566721825719,3321.0
74,2019-04-03T06:00:00+00:00,3274.1331921900064,3183.0
74,2019-04-03T07:00:00+00:00,3274.783248055209,3165.0
74,2019-04-03T08:00:00+00:00,3212.002899157946,3002.0
74,2019-04-03T09:00:00+00:00,3084.7389730415025,3286.0
74,2019-04-03T10:00:00+00:00,3478.6684734899472,3477.0
74,2019-04-03T11:00:00+00:00,3512.452269395815,3731.0
74,2019-04-03T12:00:00+00:00,3763.135634864727,3902.0
74,2019-04-03T13:00:00+00:00,3959.800385678584,4169.0
74,2019-04-03T14:00:00+00:00,4212.575522595595,4310.0
74,2019-04-03T15:00:00+00:00,4250.172683811977,4394.0
74,2019-04-03T16:00:00+00:00,4312.485252561514,4690.0
74,2019-04-03T17:00:00+00:00,4275.8724116135945,4685.0
74,2019-04-03T18:00:00+00:00,4355.471159124601,4833.0
74,2019-04-03T19:00:00+00:00,4434.012157251572,4955.0
74,2019-04-03T20:00:00+00:00,4410.653304711378,4498.0
74,2019-04-03T21:00:00+00:00,4246.746300184931,4262.0
74,2019-04-03T22:00:00+00:00,4098.394900196532,4080.0
74,2019-04-03T23:00:00+00:00,3987.679523998736,3864.0
74,2019-04-04T00:00:00+00:00,4175.969158743379,3500.0
74,2019-04-04T01:00:00+00:00,3957.1831102719443,3345.0
74,2019-04-04T02:00:00+00:00,3791.5056114628433,3223.0
74,2019-04-04T03:00:00+00:00,3598.9181263014007,3128.0
74,2019-04-04T04:00:00+00:00,3405.4521685119944,3111.0
74,2019-04-04T05:00:00+00:00,3125.058067634383,3048.0
74,2019-04-04T06:00:00+00:00,3001.6386613283216,2982.0
74,2019-04-04T07:00:00+00:00,2778.8858543883084,2962.0
74,2019-04-04T08:00:00+00:00,2652.1568504563,2937.0
74,2019-04-04T09:00:00+00:00,2740.344028591445,2965.0
74,2019-04-04T10:00:00+00:00,2762.9225232850176,2958.0
74,2019-04-04T11:00:00+00:00,2804.41076669875,3041.0
74,2019-04-04T12:00:00+00:00,3096.6085813818677,3198.0
74,2019-04-04T13:00:00+00:00,3223.8773735816903,3264.0
74,2019-04-04T14:00:00+00:00,3281.7914656061803,3337.0
74,2019-04-04T15:00:00+00:00,3187.5885113429604,3286.0
74,2019-04-04T16:00:00+00:00,3391.7329940994655,3291.0
74,2019-04-04T17:00:00+00:00,3403.2456186319996,3498.0
74,2019-04-04T18:00:00+00:00,3272.5021702666177,3821.0
74,2019-04-04T19:00:00+00:00,3402.159184966991,3793.0
74,2019-04-04T20:00:00+00:00,3355.754867222461,3610.0
74,2019-04-04T21:00:00+00:00,3374.3936601929,3559.0
74,2019-04-04T22:00:00+00:00,3227.5147585151935,3465.0
74,2019-04-04T23:00:00+00:00,3374.094317579867,3212.0
74,2019-04-05T00:00:00+00:00,3416.3447928861738,3132.0
74,2019-04-05T01:00:00+00:00,3318.8221122733694,3254.0
74,2019-04-05T02:00:00+00:00,3282.737220718082,3226.0
74,2019-04-05T03:00:00+00:00,3157.3770567807073,3187.0
74,2019-04-05T04:00:00+00:00,3029.0531010781683,3154.0
74,2019-04-05T05:00:00+00:00,2784.5424739073155,3011.0
74,2019-04-05T06:00:00+00:00,2828.0764551246853,2869.0
74,2019-04-05T07:00:00+00:00,2640.474813520078,2955.0
74,2019-04-05T08:00:00+00:00,2581.9182332575087,2941.0
74,2019-04-05T09:00:00+00:00,2612.263162256219,2869.0
74,2019-04-05T10:00:00+00:00,2894.919818411495,2547.0
74,2019-04-05T11:00:00+00:00,2739.270681303469,2540.0
74,2019-04-05T12:00:00+00:00,2889.2144223962728,2588.0
74,2019-04-05T13:00:00+00:00,2927.677729930938,2679.0
74,2019-04-05T14:00:00+00:00,3074.279785336938,2757.0
74,2019-04-05T15:00:00+00:00,3059.8674542833346,2683.0
74,2019-04-05T16:00:00+00:00,3114.145450184181,2590.0
74,2019-04-05T17:00:00+00:00,3037.0374103423455,2767.0
74,2019-04-05T18:00:00+00:00,2940.7191638510935,2624.0
74,2019-04-05T19:00:00+00:00,3006.653420490976,2628.0
74,2019-04-05T20:00:00+00:00,2992.9633186546966,2602.0
74,2019-04-05T21:00:00+00:00,2928.2646341130326,2590.0
74,2019-04-05T22:00:00+00:00,2764.7822428656245,2662.0
74,2019-04-05T23:00:00+00:00,2801.8853603025964,2592.0
74,2019-04-06T00:00:00+00:00,2901.0609643447965,2549.0
74,2019-04-06T01:00:00+00:00,2843.773828747261,2629.0
74,2019-04-06T02:00:00+00:00,2768.2653341264813,2587.0
74,2019-04-06T03:00:00+00:00,2824.8370480664616,2419.0
74,2019-04-06T04:00:00+00:00,2785.9096698432186,2500.0
74,2019-04-06T05:00:00+00:00,2878.6756589444963,2491.0
74,2019-04-06T06:00:00+00:00,2857.7100932666717,2506.0
74,2019-04-06T07:00:00+00:00,2743.091572933097,2560.0
74,2019-04-06T08:00:00+00:00,2939.331049539782,2733.0
74,2019-04-06T09:00:00+00:00,3124.6178234049985,3058.0
74,2019-04-06T10:00:00+00:00,3288.0243153179345,3155.0
74,2019-04-06T11:00:00+00:00,3426.252659127003,3323.0
74,2019-04-06T12:00:00+00:00,3711.1042989199464,3519.0
74,2019-04-06T13:00:00+00:00,3931.794150878458,3797.0
74,2019-04-06T14:00:00+00:00,3978.19758463161,3961.0
74,2019-04-06T15:00:00+00:00,4002.8793509227967,3775.0
75,2019-04-03T16:00:00+00:00,4316.696686624925,4690.0
75,2019-04-03T17:00:00+00:00,4459.550552495927,4685.0
75,2019-04-03T18:00:00+00:00,4540.857336581021,4833.0
75,2019-04-03T19:00:00+00:00,4559.812623249543,4955.0
75,2019-04-03T20:00:00+00:00,4487.18851814035,4498.0
75,2019-04-03T21:00:00+00:00,4316.3828779473815,4262.0
75,2019-04-03T22:00:00+00:00,4174.232834445201,4080.0
75,2019-04-03T23:00:00+00:00,4145.392970990935,3864.0
75,2019-04-04T00:00:00+00:00,4077.4093744890915,3500.0
75,2019-04-04T01:00:00+00:00,3924.781505108996,3345.0
75,2019-04-04T02:00:00+00:00,3864.3307378636846,3223.0
75,2019-04-04T03:00:00+00:00,3656.129783906149,3128.0
75,2019-04-04T04:00:00+00:00,3331.0051575192033,3111.0
75,2019-04-04T05:00:00+00:00,3146.2455729792655,3048.0
75,2019-04-04T06:00:00+00:00,3049.521582707171,2982.0
75,2019-04-04T07:00:00+00:00,2728.0045664413374,2962.0
75,2019-04-04T08:00:00+00:00,2787.8667441378147,2937.0
75,2019-04-04T09:00:00+00:00,2588.1221673634445,2965.0
75,2019-04-04T10:00:00+00:00,2646.5164236765513,2958.0
75,2019-04-04T11:00:00+00:00,2917.9542543776106,3041.0
75,2019-04-04T12:00:00+00:00,3102.361332897818,3198.0
75,2019-04-04T13:00:00+00:00,3196.740383200471,3264.0
75,2019-04-04T14:00:00+00:00,3371.448837065152,3337.0
75,2019-04-04T15:00:00+00:00,3367.7404684501657,3286.0
75,2019-04-04T16:00:00+00:00,3425.1738343971256,3291.0
75,2019-04-04T17:00:00+00:00,3502.2059005500732,3498.0
75,2019-04-04T18:00:00+00:00,3501.7334691206124,3821.0
75,2019-04-04T19:00:00+00:00,3486.755003551493,3793.0
75,2019-04-04T20:00:00+00:00,3452.0357382277925,3610.0
75,2019-04-04T21:00:00+00:00,3290.5210291715152,3559.0
75,2019-04-04T22:00:00+00:00,3294.448264137741,3465.0
75,2019-04-04T23:00:00+00:00,3296.4729513803422,3212.0
75,2019-04-05T00:00:00+00:00,3323.7841541558155,3132.0
75,2019-04-05T01:00:00+00:00,3252.729224619968,3254.0
75,2019-04-05T02:00:00+00:00,3169.9823442259035,3226.0
75,2019-04-05T03:00:00+00:00,2958.4690167442627,3187.0
75,2019-04-05T04:00:00+00:00,2741.2251779783464,3154.0
75,2019-04-05T05:00:00+00:00,2588.1597080813985,3011.0
75,2019-04-05T06:00:00+00:00,2462.583891555831,2869.0
75,2019-04-05T07:00:00+00:00,2372.770896306345,2955.0
75,2019-04-05T08:00:00+00:00,2299.863120842474,2941.0
75,2019-04-05T09:00:00+00:00,2252.923740466281,2869.0
75,2019-04-05T10:00:00+00:00,2380.9165711741916,2547.0
75,2019-04-05T11:00:00+00:00,2551.2781998474184,2540.0
75,2019-04-05T12:00:00+00:00,2783.7684609707712,2588.0
75,2019-04-05T13:00:00+00:00,2895.3864006269787,2679.0
75,2019-04-05T14:00:00+00:00,2915.184040200997,2757.0
75,2019-04-05T15:00:00+00:00,2788.7073786301644,2683.0
75,2019-04-05T16:00:00+00:00,2887.028303457189,2590.0
75,2019-04-05T17:00:00+00:00,2920.6634648875497,2767.0
75,2019-04-05T18:00:00+00:00,2878.4280422194715,2624.0
75,2019-04-05T19:00:00+00:00,2765.567359394803,2628.0
75,2019-04-05T20:00:00+00:00,2548.9812102140254,2602.0
75,2019-04-05T21:00:00+00:00,2629.7607719274324,2590.0
75,2019-04-05T22:00:00+00:00,2594.2976154668486,2662.0
75,2019-04-05T23:00:00+00:00,2573.1805650609426,2592.0
75,2019-04-06T00:00:00+00:00,2529.824604836194,2549.0
75,2019-04-06T01:00:00+00:00,2678.098808418659,2629.0
75,2019-04-06T02:00:00+00:00,2663.507762397895,2587.0
75,2019-04-06T03:00:00+00:00,2521.4749675465064,2419.0
75,2019-04-06T04:00:00+00:00,2517.210659232456,2500.0
75,2019-04-06T05:00:00+00:00,2468.311230385068,2491.0
75,2019-04-06T06:00:00+00:00,2379.856706820129,2506.0
75,2019-04-06T07:00:00+00:00,2425.141651893822,2560.0
75,2019-04-06T08:00:00+00:00,2426.6574244740214,2733.0
75,2019-04-06T09:00:00+00:00,2727.015751861571,3058.0
75,2019-04-06T10:00:00+00:00,2911.1106740245673,3155.0
75,2019-04-06T11:00:00+00:00,3212.2126116545437,3323.0
75,2019-04-06T12:00:00+00:00,3473.4790888529556,3519.0
75,2019-04-06T13:00:00+00:00,3721.2974300045757,3797.0
75,2019-04-06T14:00:00+00:00,4003.421245899035,3961.0
75,2019-04-06T15:00:00+00:00,3944.7988371944202,3775.0
75,2019-04-06T16:00:00+00:00,3883.6525422283567,3896.0
75,2019-04-06T17:00:00+00:00,3937.4283649337567,4068.0
75,2019-04-06T18:00:00+00:00,4044.8798136395967,4185.0
75,2019-04-06T19:00:00+00:00,3938.86568534457,4083.0
75,2019-04-06T20:00:00+00:00,3829.4190267908607,4200.0
75,2019-04-06T21:00:00+00:00,3621.166173451682,3963.0
75,2019-04-06T22:00:00+00:00,3707.3385617430167,3713.0
75,2019-04-06T23:00:00+00:00,3486.1133249503764,3522.0
75,2019-04-07T00:00:00+00:00,3432.171444051562,3272.0
75,2019-04-07T01:00:00+00:00,3434.81241373177,3203.0
75,2019-04-07T02:00:00+00:00,3346.6891803934923,3073.0
75,2019-04-07T03:00:00+00:00,3228.175281829702,3056.0
75,2019-04-07T04:00:00+00:00,3029.9084081750702,3068.0
75,2019-04-07T05:00:00+00:00,2921.8009882972383,3027.0
75,2019-04-07T06:00:00+00:00,2794.908140281062,2979.0
75,2019-04-07T07:00:00+00:00,2749.0227419985476,2965.0
75,2019-04-07T08:00:00+00:00,2678.9859061587576,2992.0
75,2019-04-07T09:00:00+00:00,2860.1472327106653,3120.0
75,2019-04-07T10:00:00+00:00,3015.3274082619278,3189.0
75,2019-04-07T11:00:00+00:00,3226.1964299531232,3479.0
75,2019-04-07T12:00:00+00:00,3439.8056266372882,3678.0
75,2019-04-07T13:00:00+00:00,3701.0762015901246,3945.0
75,2019-04-07T14:00:00+00:00,3867.797603338876,4002.0
75,2019-04-07T15:00:00+00:00,3874.981726912443,3862.0
76,2019-04-04T16:00:00+00:00,3250.1924502599263,3291.0
76,2019-04-04T17:00:00+00:00,3354.807162372567,3498.0
76,2019-04-04T18:00:00+00:00,3366.0678576240084,3821.0
76,2019-04-04T19:00:00+00:00,3485.2918904202897,3793.0
76,2019-04-04T20:00:00+00:00,3423.402613093526,3610.0
76,2019-04-04T21:00:00+00:00,3306.736867868015,3559.0
76,2019-04-04T22:00:00+00:00,3269.495649497655,3465.0
76,2019-04-04T23:00:00+00:00,3311.9608438311666,3212.0
76,2019-04-05T00:00:00+00:00,3303.982780337846,3132.0
76,2019-04-05T01:00:00+00:00,3276.529444967373,3254.0
76,2019-04-05T02:00:00+00:00,3093.735791159014,3226.0
76,2019-04-05T03:00:00+00:00,2963.4394276291932,3187.0
76,2019-04-05T04:00:00+00:00,2850.0083638257543,3154.0
76,2019-04-05T05:00:00+00:00,2687.7829917944796,3011.0
76,2019-04-05T06:00:00+00:00,2530.6050287756284,2869.0
76,2019-04-05T07:00:00+00:00,2473.3153816511876,2955.0
76,2019-04-05T08:00:00+00:00,2272.967575769838,2941.0
76,2019-04-05T09:00:00+00:00,2096.464470699242,2869.0
76,2019-04-05T10:00:00+00:00,2302.451976339395,2547.0
76,2019-04-05T11:00:00+00:00,2377.274857161418,2540.0
76,2019-04-05T12:00:00+00:00,2572.4152102829403,2588.0
76,2019-04-05T13:00:00+00:00,2505.3327231976155,2679.0
76,2019-04-05T14:00:00+00:00,2758.744333906696,2757.0
76,2019-04-05T15:00:00+00:00,2681.487386956498,2683.0
76,2019-04-05T16:00:00+00:00,2710.234323915265,2590.0
76,2019-04-05T17:00:00+00:00,2737.897338735929,2767.0
76,2019-04-05T18:00:00+00:00,2680.108558685454,2624.0
76,2019-04-05T19:00:00+00:00,2753.4937886325974,2628.0
76,2019-04-05T20:00:00+00:00,2690.6612016280237,2602.0
76,2019-04-05T21:00:00+00:00,2487.765517793998,2590.0
76,2019-04-05T22:00:00+00:00,2608.631824815133,2662.0
76,2019-04-05T23:00:00+00:00,2591.954493049773,2592.0
76,2019-04-06T00:00:00+00:00,2657.0473220835456,2549.0
76,2019-04-06T01:00:00+00:00,2626.3896418923046,2629.0
76,2019-04-06T02:00:00+00:00,2603.1533915207797,2587.0
76,2019-04-06T03:00:00+00:00,2496.559563160308,2419.0
76,2019-04-06T04:00:00+00:00,2395.6469408453904,2500.0
76,2019-04-06T05:00:00+00:00,2568.3987500187613,2491.0
76,2019-04-06T06:00:00+00:00,2470.4439132845996,2506.0
76,2019-04-06T07:00:00+00:00,2383.0417194930073,2560.0
76,2019-04-06T08:00:00+00:00,2515.9924364977287,2733.0
76,2019-04-06T09:00:00+00:00,2688.89810974046,3058.0
76,2019-04-06T10:00:00+00:00,2848.2258406510805,3155.0
76,2019-04-06T11:00:00+00:00,3129.53436864709,3323.0
76,2019-04-06T12:00:00+00:00,3537.4877313773713,3519.0
76,2019-04-06T13:00:00+00:00,3630.114743815485,3797.0
76,2019-04-06T14:00:00+00:00,3716.2270206931244,3961.0
76,2019-04-06T15:00:00+00:00,3834.5235399939747,3775.0
76,2019-04-06T16:00:00+00:00,3886.9091334180375,3896.0
76,2019-04-06T17:00:00+00:00,3864.456809905052,4068.0
76,2019-04-06T18:00:00+00:00,4067.8809057814033,4185.0
76,2019-04-06T19:00:00+00:00,3930.177718943605,4083.0
76,2019-04-06T20:00:00+00:00,3697.6981648560068,4200.0
76,2019-04-06T21:00:00+00:00,3624.3164047815617,3963.0
76,2019-04-06T22:00:00+00:00,3550.2165628138264,3713.0
76,2019-04-06T23:00:00+00:00,3459.644640312432,3522.0
76,2019-04-07T00:00:00+00:00,3454.764413071248,3272.0
76,2019-04-07T01:00:00+00:00,3544.0250541567907,3203.0
76,2019-04-07T02:00:00+00:00,3309.597728338068,3073.0
76,2019-04-07T03:00:00+00:00,3305.827959499527,3056.0
76,2019-04-07T04:00:00+00:00,3133.100208110197,3068.0
76,2019-04-07T05:00:00+00:00,3134.0175763587868,3027.0
76,2019-04-07T06:00:00+00:00,2900.680137554568,2979.0
76,2019-04-07T07:00:00+00:00,2876.702259725015,2965.0
76,2019-04-07T08:00:00+00:00,2826.5528174997035,2992.0
76,2019-04-07T09:00:00+00:00,2966.7944971106895,3120.0
76,2019-04-07T10:00:00+00:00,3177.6163615795963,3189.0
76,2019-04-07T11:00:00+00:00,3411.7420232752193,3479.0
76,2019-04-07T12:00:00+00:00,3721.1674254408167,3678.0
76,2019-04-07T13:00:00+00:00,3891.5482540763064,3945.0
76,2019-04-07T14:00:00+00:00,3915.918723216855,4002.0
76,2019-04-07T15:00:00+00:00,4025.13009135522,3862.0
76,2019-04-07T16:00:00+00:00,4111.535407243824,4029.0
76,2019-04-07T17:00:00+00:00,4174.009308550624,4205.0
76,2019-04-07T18:00:00+00:00,4092.1464856272464,4226.0
76,2019-04-07T19:00:00+00:00,4054.7083437196625,4092.0
76,2019-04-07T20:00:00+00:00,3932.5018727232637,3965.0
76,2019-04-07T21:00:00+00:00,3824.2756840599336,3764.0
76,2019-04-07T22:00:00+00:00,3636.3631749079746,3852.0
76,2019-04-07T23:00:00+00:00,3767.6352666405282,3690.0
76,2019-04-08T00:00:00+00:00,3705.6718662236494,3261.0
76,2019-04-08T01:00:00+00:00,3697.6644244748177,3140.0
76,2019-04-08T02:00:00+00:00,3486.120776915076,3074.0
76,2019-04-08T03:00:00+00:00,3343.8465284935032,2981.0
76,2019-04-08T04:00:00+00:00,3123.4926263049897,2987.0
76,2019-04-08T05:00:00+00:00,3042.002236384552,2984.0
76,2019-04-08T06:00:00+00:00,2876.8802476712294,2987.0
76,2019-04-08T07:00:00+00:00,2813.0022045458923,3014.0
76,2019-04-08T08:00:00+00:00,2942.8655940557915,2972.0
76,2019-04-08T09:00:00+00:00,2957.803164696682,3082.0
76,2019-04-08T10:00:00+00:00,3147.351537070604,3182.0
76,2019-04-08T11:00:00+00:00,3389.7845366554034,3465.0
76,2019-04-08T12:00:00+00:00,3628.8648956695947,3672.0
76,2019-04-08T13:00:00+00:00,3887.5424347550684,3718.0
76,2019-04-08T14:00:00+00:00,4030.9251092252753,3814.0
76,2019-04-08T15:00:00+00:00,4050.472785779397,3687.0
77,2019-04-05T16:00:00+00:00,2688.1154386453736,2590.0
77,2019-04-05T17:00:00+00:00,2826.8909152861343,2767.0
77,2019-04-05T18:00:00+00:00,2868.1203392429884,2624.0
77,2019-04-05T19:00:00+00:00,2811.194995705451,2628.0
77,2019-04-05T20:00:00+00:00,2708.6883469193886,2602.0
77,2019-04-05T21:00:00+00:00,2585.6712475678783,2590.0
77,2019-04-05T22:00:00+00:00,2696.699110586953,2662.0
77,2019-04-05T23:00:00+00:00,2773.8009377043377,2592.0
77,2019-04-06T00:00:00+00:00,2758.706330539049,2549.0
77,2019-04-06T01:00:00+00:00,2792.2311169711998,2629.0
77,2019-04-06T02:00:00+00:00,2760.688982752392,2587.0
77,2019-04-06T03:00:00+00:00,2611.729132324763,2419.0
77,2019-04-06T04:00:00+00:00,2562.496727883975,2500.0
77,2019-04-06T05:00:00+00:00,2531.4371372950627,2491.0
77,2019-04-06T06:00:00+00:00,2617.6274532620046,2506.0
77,2019-04-06T07:00:00+00:00,2606.0316674471374,2560.0
77,2019-04-06T08:00:00+00:00,2630.825064499986,2733.0
77,2019-04-06T09:00:00+00:00,2752.824995454825,3058.0
77,2019-04-06T10:00:00+00:00,3026.904225439378,3155.0
77,2019-04-06T11:00:00+00:00,3273.515662250549,3323.0
77,2019-04-06T12:00:00+00:00,3428.8183904008715,3519.0
77,2019-04-06T13:00:00+00:00,3668.33398711384,3797.0
77,2019-04-06T14:00:00+00:00,3863.7349441982005,3961.0
77,2019-04-06T15:00:00+00:00,3948.183912813154,3775.0
77,2019-04-06T16:00:00+00:00,3981.269842965,3896.0
77,2019-04-06T17:00:00+00:00,4088.1473416801514,4068.0
77,2019-04-06T18:00:00+00:00,4132.7017628884505,4185.0
77,2019-04-06T19:00:00+00:00,4025.917256761611,4083.0
77,2019-04-06T20:00:00+00:00,3948.362429501875,4200.0
77,2019-04-06T21:00:00+00:00,3811.6079058597634,3963.0
77,2019-04-06T22:00:00+00:00,3712.5921803329334,3713.0
77,2019-04-06T23:00:00+00:00,3774.3482806408997,3522.0
77,2019-04-07T00:00:00+00:00,3731.7780978734627,3272.0
77,2019-04-07T01:00:00+00:00,3581.458354765801,3203.0
77,2019-04-07T02:00:00+00:00,3410.9540482318653,3073.0
77,2019-04-07T03:00:00+00:00,3281.751454669329,3056.0
77,2019-04-07T04:00:00+00:00,3063.5158767166586,3068.0
77,2019-04-07T05:00:00+00:00,3015.087623535279,3027.0
77,2019-04-07T06:00:00+00:00,2880.2092435378795,2979.0
77,2019-04-07T07:00:00+00:00,2798.701008557851,2965.0
77,2019-04-07T08:00:00+00:00,2855.185975680377,2992.0
77,2019-04-07T09:00:00+00:00,2936.2685068499463,3120.0
77,2019-04-07T10:00:00+00:00,3181.5384908759947,3189.0
77,2019-04-07T11:00:00+00:00,3500.780774263314,3479.0
77,2019-04-07T12:00:00+00:00,3792.866330303043,3678.0
77,2019-04-07T13:00:00+00:00,3873.5818480803637,3945.0
77,2019-04-07T14:00:00+00:00,3870.788137908622,4002.0
77,2019-04-07T15:00:00+00:00,3986.5848287320646,3862.0
77,2019-04-07T16:00:00+00:00,3925.5703889285323,4029.0
77,2019-04-07T17:00:00+00:00,4147.120703223384,4205.0
77,2019-04-07T18:00:00+00:00,4257.609314978752,4226.0
77,2019-04-07T19:00:00+00:00,4125.407165177455,4092.0
77,2019-04-07T20:00:00+00:00,4025.6512331880826,3965.0
77,2019-04-07T21:00:00+00:00,4005.9097064125554,3764.0
77,2019-04-07T22:00:00+00:00,3855.725883175443,3852.0
77,2019-04-07T23:00:00+00:00,3692.2846016579065,3690.0
77,2019-04-08T00:00:00+00:00,3918.0890790199674,3261.0
77,2019-04-08T01:00:00+00:00,3675.433677118417,3140.0
77,2019-04-08T02:00:00+00:00,3483.4316916667867,3074.0
77,2019-04-08T03:00:00+00:00,3367.9349135068915,2981.0
77,2019-04-08T04:00:00+00:00,3304.013926576113,2987.0
77,2019-04-08T05:00:00+00:00,3177.1509855579548,2984.0
77,2019-04-08T06:00:00+00:00,3082.7155085159475,2987.0
77,2019-04-08T07:00:00+00:00,2949.6161487741165,3014.0
77,2019-04-08T08:00:00+00:00,3023.4364016183936,2972.0
77,2019-04-08T09:00:00+00:00,3207.2088734685076,3082.0
77,2019-04-08T10:00:00+00:00,3264.4743967160944,3182.0
77,2019-04-08T11:00:00+00:00,3414.2148363151905,3465.0
77,2019-04-08T12:00:00+00:00,3760.971260461218,3672.0
77,2019-04-08T13:00:00+00:00,3970.7092027920216,3718.0
77,2019-04-08T14:00:00+00:00,3937.553082072452,3814.0
77,2019-04-08T15:00:00+00:00,3915.6028656620992,3687.0
77,2019-04-08T16:00:00+00:00,4062.7934114777136,3857.0
77,2019-04-08T17:00:00+00:00,4248.433319244387,3774.0
77,2019-04-08T18:00:00+00:00,4166.1763187824945,3840.0
77,2019-04-08T19:00:00+00:00,4235.97826076382,4035.0
77,2019-04-08T20:00:00+00:00,3986.323101191401,3928.0
77,2019-04-08T21:00:00+00:00,3951.438851682503,3767.0
77,2019-04-08T22:00:00+00:00,3752.601332677848,3669.0
77,2019-04-08T23:00:00+00:00,3782.163722767098,3457.0
77,2019-04-09T00:00:00+00:00,3739.30752335011,3263.0
77,2019-04-09T01:00:00+00:00,3654.5985786540446,3188.0
77,2019-04-09T02:00:00+00:00,3452.116867156117,3045.0
77,2019-04-09T03:00:00+00:00,3220.672442187204,2945.0
77,2019-04-09T04:00:00+00:00,3248.340843572152,3063.0
77,2019-04-09T05:00:00+00:00,2946.190227796764,2977.0
77,2019-04-09T06:00:00+00:00,3133.341992144448,2935.0
77,2019-04-09T07:00:00+00:00,2978.6366438871287,3055.0
77,2019-04-09T08:00:00+00:00,2967.603374006249,3046.0
77,2019-04-09T09:00:00+00:00,3139.8679304367765,3106.0
77,2019-04-09T10:00:00+00:00,3394.535403737758,3189.0
77,2019-04-09T11:00:00+00:00,3520.088517381957,3527.0
77,2019-04-09T12:00:00+00:00,3913.0543928741035,3555.0
77,2019-04-09T13:00:00+00:00,4173.53601791459,3858.0
77,2019-04-09T14:00:00+00:00,4224.966999789769,3896.0
77,2019-04-09T15:00:00+00:00,4219.105823013601,3624.0
78,2019-04-06T16:00:00+00:00,3858.54705491111,3896.0
78,2019-04-06T17:00:00+00:00,3952.733742080656,4068.0
78,2019-04-06T18:00:00+00:00,3841.0205957268918,4185.0
78,2019-04-06T19:00:00+00:00,3790.2093992084237,4083.0
78,2019-04-06T20:00:00+00:00,3803.307111159104,4200.0
78,2019-04-06T21:00:00+00:00,3569.9170129058884,3963.0
78,2019-04-06T22:00:00+00:00,3556.6766396177027,3713.0
78,2019-04-06T23:00:00+00:00,3517.6893317360004,3522.0
78,2019-04-07T00:00:00+00:00,3492.8712903253927,3272.0
78,2019-04-07T01:00:00+00:00,3459.4041037800316,3203.0
78,2019-04-07T02:00:00+00:00,3307.049495136521,3073.0
78,2019-04-07T03:00:00+00:00,3192.686167416695,3056.0
78,2019-04-07T04:00:00+00:00,3208.452327134711,3068.0
78,2019-04-07T05:00:00+00:00,3011.4079722476713,3027.0
78,2019-04-07T06:00:00+00:00,2899.1441405734995,2979.0
78,2019-04-07T07:00:00+00:00,2935.9564165855486,2965.0
78,2019-04-07T08:00:00+00:00,2874.7436322493063,2992.0
78,2019-04-07T09:00:00+00:00,2939.5697767814177,3120.0
78,2019-04-07T10:00:00+00:00,3289.401747378297,3189.0
78,2019-04-07T11:00:00+00:00,3418.132384553467,3479.0
78,2019-04-07T12:00:00+00:00,3719.172050360914,3678.0
78,2019-04-07T13:00:00+00:00,3894.672428314543,3945.0
78,2019-04-07T14:00:00+00:00,3970.4014746533016,4002.0
78,2019-04-07T15:00:00+00:00,4043.6513465188086,3862.0
78,2019-04-07T16:00:00+00:00,4129.185360849691,4029.0
78,2019-04-07T17:00:00+00:00,4190.186053348058,4205.0
78,2019-04-07T18:00:00+00:00,4189.298492958265,4226.0
78,2019-04-07T19:00:00+00:00,4154.647484987499,4092.0
78,2019-04-07T20:00:00+00:00,4071.278274663411,3965.0
78,2019-04-07T21:00:00+00:00,3893.1873558461216,3764.0
78,2019-04-07T22:00:00+00:00,3834.015418445332,3852.0
78,2019-04-07T23:00:00+00:00,3815.4860669121144,3690.0
78,2019-04-08T00:00:00+00:00,3700.205065264437,3261.0
78,2019-04-08T01:00:00+00:00,3573.838481274154,3140.0
78,2019-04-08T02:00:00+00:00,3414.4783483618135,3074.0
78,2019-04-08T03:00:00+00:00,3255.9243164468744,2981.0
78,2019-04-08T04:00:00+00:00,3215.0249434764323,2987.0
78,2019-04-08T05:00:00+00:00,3059.9379753151247,2984.0
78,2019-04-08T06:00:00+00:00,2980.0676854806784,2987.0
78,2019-04-08T07:00:00+00:00,2855.0683635191112,3014.0
78,2019-04-08T08:00:00+00:00,2840.2160526073762,2972.0
78,2019-04-08T09:00:00+00:00,2996.006628335862,3082.0
78,2019-04-08T10:00:00+00:00,3191.602113092965,3182.0
78,2019-04-08T11:00:00+00:00,3545.4933390506344,3465.0
78,2019-04-08T12:00:00+00:00,3911.308088561118,3672.0
78,2019-04-08T13:00:00+00:00,4026.6833385605596,3718.0
78,2019-04-08T14:00:00+00:00,4203.6379236388,3814.0
78,2019-04-08T15:00:00+00:00,4201.798428459063,3687.0
78,2019-04-08T16:00:00+00:00,4199.231912333036,3857.0
78,2019-04-08T17:00:00+00:00,4364.406709204185,3774.0
78,2019-04-08T18:00:00+00:00,4413.844794479959,3840.0
78,2019-04-08T19:00:00+00:00,4303.852539752467,4035.0
78,2019-04-08T20:00:00+00:00,4293.5976449338095,3928.0
78,2019-04-08T21:00:00+00:00,4103.0963463777425,3767.0
78,2019-04-08T22:00:00+00:00,4060.0175794119696,3669.0
78,2019-04-08T23:00:00+00:00,3846.1889215412457,3457.0
78,2019-04-09T00:00:00+00:00,3817.3562622036293,3263.0
78,2019-04-09T01:00:00+00:00,3775.2302892343746,3188.0
78,2019-04-09T02:00:00+00:00,3602.8601164881957,3045.0
78,2019-04-09T03:00:00+00:00,3402.7528388776436,2945.0
78,2019-04-09T04:00:00+00:00,3296.3397247919347,3063.0
78,2019-04-09T05:00:00+00:00,3325.6616403107973,2977.0
78,2019-04-09T06:00:00+00:00,3163.083146770469,2935.0
78,2019-04-09T07:00:00+00:00,3061.5703025715766,3055.0
78,2019-04-09T08:00:00+00:00,3165.1342546151864,3046.0
78,2019-04-09T09:00:00+00:00,3290.4351828686413,3106.0
78,2019-04-09T10:00:00+00:00,3518.3140079608957,3189.0
78,2019-04-09T11:00:00+00:00,3706.1155472793257,3527.0
78,2019-04-09T12:00:00+00:00,4125.320847963287,3555.0
78,2019-04-09T13:00:00+00:00,4144.951140534032,3858.0
78,2019-04-09T14:00:00+00:00,4380.621325183639,3896.0
78,2019-04-09T15:00:00+00:00,4416.730803265473,3624.0
78,2019-04-09T16:00:00+00:00,4481.97657106922,3654.0
78,2019-04-09T17:00:00+00:00,4598.106534903723,3808.0
78,2019-04-09T18:00:00+00:00,4543.905537130369,3895.0
78,2019-04-09T19:00:00+00:00,4563.820888004873,4022.0
78,2019-04-09T20:00:00+00:00,4405.7586031440815,3793.0
78,2019-04-09T21:00:00+00:00,4257.040123670621,3761.0
78,2019-04-09T22:00:00+00:00,4005.4118953427874,3593.0
78,2019-04-09T23:00:00+00:00,4096.136707044546,3381.0
78,2019-04-10T00:00:00+00:00,4029.1875291636447,3127.0
78,2019-04-10T01:00:00+00:00,4046.2419204288753,3068.0
78,2019-04-10T02:00:00+00:00,3701.409044997898,2957.0
78,2019-04-10T03:00:00+00:00,3521.980506778657,2896.0
78,2019-04-10T04:00:00+00:00,3436.938041223482,2963.0
78,2019-04-10T05:00:00+00:00,3281.904203422465,2928.0
78,2019-04-10T06:00:00+00:00,3118.8984157133573,2880.0
78,2019-04-10T07:00:00+00:00,3162.486477375209,2914.0
78,2019-04-10T08:00:00+00:00,3167.9844741422985,2941.0
78,2019-04-10T09:00:00+00:00,3149.7649657178267,3099.0
78,2019-04-10T10:00:00+00:00,3399.8817009751224,3079.0
78,2019-04-10T11:00:00+00:00,3694.7553823438693,3439.0
78,2019-04-10T12:00:00+00:00,3879.5731285595098,3535.0
78,2019-04-10T13:00:00+00:00,4056.122399460194,3767.0
78,2019-04-10T14:00:00+00:00,4291.159018401517,3916.0
78,2019-04-10T15:00:00+00:00,4358.223924798504,3744.0
79,2019-04-07T16:00:00+00:00,4173.965621201033,4029.0
79,2019-04-07T17:00:00+00:00,4201.440403689422,4205.0
79,2019-04-07T18:00:00+00:00,4385.268046515437,4226.0
79,2019-04-07T19:00:00+00:00,4327.694927314757,4092.0
79,2019-04-07T20:00:00+00:00,4177.797484237669,3965.0
79,2019-04-07T21:00:00+00:00,4004.3826980540953,3764.0
79,2019-04-07T22:00:00+00:00,3963.726497066984,3852.0
79,2019-04-07T23:00:00+00:00,3784.2931671187785,3690.0
79,2019-04-08T00:00:00+00:00,3735.3155504732576,3261.0
79,2019-04-08T01:00:00+00:00,3725.5872170981534,3140.0
79,2019-04-08T02:00:00+00:00,3596.9821190910434,3074.0
79,2019-04-08T03:00:00+00:00,3396.9099450259555,2981.0
79,2019-04-08T04:00:00+00:00,3267.3250871545015,2987.0
79,2019-04-08T05:00:00+00:00,3059.6754546607012,2984.0
79,2019-04-08T06:00:00+00:00,3011.173607131713,2987.0
79,2019-04-08T07:00:00+00:00,3017.173777094248,3014.0
79,2019-04-08T08:00:00+00:00,2922.876648833679,2972.0
79,2019-04-08T09:00:00+00:00,2954.939990978163,3082.0
79,2019-04-08T10:00:00+00:00,3219.7841052068557,3182.0
79,2019-04-08T11:00:00+00:00,3467.468624934749,3465.0
79,2019-04-08T12:00:00+00:00,3620.0169516140395,3672.0
79,2019-04-08T13:00:00+00:00,3724.425701997237,3718.0
79,2019-04-08T14:00:00+00:00,4019.699575350509,3814.0
79,2019-04-08T15:00:00+00:00,4046.498691008542,3687.0
79,2019-04-08T16:00:00+00:00,4194.327230750931,3857.0
79,2019-04-08T17:00:00+00:00,4267.352849700916,3774.0
79,2019-04-08T18:00:00+00:00,4274.57910744296,3840.0
79,2019-04-08T19:00:00+00:00,4312.894367075834,4035.0
79,2019-04-08T20:00:00+00:00,4298.674828758624,3928.0
79,2019-04-08T21:00:00+00:00,3973.667252744031,3767.0
79,2019-04-08T22:00:00+00:00,3941.3190505742286,3669.0
79,2019-04-08T23:00:00+00:00,3968.509501779805,3457.0
79,2019-04-09T00:00:00+00:00,3925.8106363048746,3263.0
79,2019-04-09T01:00:00+00:00,3834.7953466886665,3188.0
79,2019-04-09T02:00:00+00:00,3648.653331819361,3045.0
79,2019-04-09T03:00:00+00:00,3615.375121150425,2945.0
79,2019-04-09T04:00:00+00:00,3385.976210921904,3063.0
79,2019-04-09T05:00:00+00:00,3382.513096213867,2977.0
79,2019-04-09T06:00:00+00:00,3185.295553371179,2935.0
79,2019-04-09T07:00:00+00:00,3079.949887789858,3055.0
79,2019-04-09T08:00:00+00:00,3269.446468182959,3046.0
79,2019-04-09T09:00:00+00:00,3363.9094480969,3106.0
79,2019-04-09T10:00:00+00:00,3367.895604806182,3189.0
79,2019-04-09T11:00:00+00:00,3751.7695546224804,3527.0
79,2019-04-09T12:00:00+00:00,3950.2088644270084,3555.0
79,2019-04-09T13:00:00+00:00,4072.515994778061,3858.0
79,2019-04-09T14:00:00+00:00,3972.352402316261,3896.0
79,2019-04-09T15:00:00+00:00,4029.01112744495,3624.0
79,2019-04-09T16:00:00+00:00,4245.659866519922,3654.0
79,2019-04-09T17:00:00+00:00,4343.39745617677,3808.0
79,2019-04-09T18:00:00+00:00,4463.893379072177,3895.0
79,2019-04-09T19:00:00+00:00,4423.418536764758,4022.0
79,2019-04-09T20:00:00+00:00,4294.762068118511,3793.0
79,2019-04-09T21:00:00+00:00,4161.791655455427,3761.0
79,2019-04-09T22:00:00+00:00,4053.823823599282,3593.0
79,2019-04-09T23:00:00+00:00,4011.4023496617674,3381.0
79,2019-04-10T00:00:00+00:00,4023.646241603845,3127.0
79,2019-04-10T01:00:00+00:00,3927.64147332607,3068.0
79,2019-04-10T02:00:00+00:00,3730.746356011459,2957.0
79,2019-04-10T03:00:00+00:00,3635.3598694788925,2896.0
79,2019-04-10T04:00:00+00:00,3582.947012769344,2963.0
79,2019-04-10T05:00:00+00:00,3449.2759501924766,2928.0
79,2019-04-10T06:00:00+00:00,3322.191028199252,2880.0
79,2019-04-10T07:00:00+00:00,3194.1829383130703,2914.0
79,2019-04-10T08:00:00+00:00,3222.018372760428,2941.0
79,2019-04-10T09:00:00+00:00,3376.0282924362155,3099.0
79,2019-04-10T10:00:00+00:00,3451.1824634848995,3079.0
79,2019-04-10T11:00:00+00:00,3563.868330818392,3439.0
79,2019-04-10T12:00:00+00:00,3743.452236718496,3535.0
79,2019-04-10T13:00:00+00:00,4031.200914535172,3767.0
79,2019-04-10T14:00:00+00:00,3969.1956112746616,3916.0
79,2019-04-10T15:00:00+00:00,4029.81911208753,3744.0
79,2019-04-10T16:00:00+00:00,4207.239849777968,3891.0
79,2019-04-10T17:00:00+00:00,4290.571717662542,3972.0
79,2019-04-10T18:00:00+00:00,4289.79816737569,4015.0
79,2019-04-10T19:00:00+00:00,4282.951811124489,4017.0
79,2019-04-10T20:00:00+00:00,4310.8321391152795,3863.0
79,2019-04-10T21:00:00+00:00,4091.997446333257,3691.0
79,2019-04-10T22:00:00+00:00,3802.261489806307,3629.0
79,2019-04-10T23:00:00+00:00,3979.612301300275,3395.0
79,2019-04-11T00:00:00+00:00,3796.006069398811,3157.0
79,2019-04-11T01:00:00+00:00,3781.1651264509637,3091.0
79,2019-04-11T02:00:00+00:00,3645.1059322511646,2953.0
79,2019-04-11T03:00:00+00:00,3531.106552869371,2935.0
79,2019-04-11T04:00:00+00:00,3275.9077677038813,2891.0
79,2019-04-11T05:00:00+00:00,3262.8612611603044,2879.0
79,2019-04-11T06:00:00+00:00,3164.7301796778797,2846.0
79,2019-04-11T07:00:00+00:00,3069.4554395693985,2923.0
79,2019-04-11T08:00:00+00:00,2934.3970227485725,2951.0
79,2019-04-11T09:00:00+00:00,2966.256072007149,2840.0
79,2019-04-11T10:00:00+00:00,2974.193091863411,2711.0
79,2019-04-11T11:00:00+00:00,3047.1083358151855,2919.0
79,2019-04-11T12:00:00+00:00,3168.9545679326975,2832.0
79,2019-04-11T13:00:00+00:00,3280.2439932604025,3172.0
79,2019-04-11T14:00:00+00:00,3375.9076234823347,3163.0
79,2019-04-11T15:00:00+00:00,3344.1559502605637,2890.0
80,2019-04-08T16:00:00+00:00,3941.91851239085,3857.0
80,2019-04-08T17:00:00+00:00,3979.173378927156,3774.0
80,2019-04-08T18:00:00+00:00,3956.596602646729,3840.0
80,2019-04-08T19:00:00+00:00,4039.74830152225,4035.0
80,2019-04-08T20:00:00+00:00,3845.2309392588836,3928.0
80,2019-04-08T21:00:00+00:00,3677.7906129334724,3767.0
80,2019-04-08T22:00:00+00:00,3619.013844463397,3669.0
80,2019-04-08T23:00:00+00:00,3474.6747739383477,3457.0
80,2019-04-09T00:00:00+00:00,3536.298424248463,3263.0
80,2019-04-09T01:00:00+00:00,3499.6430030055753,3188.0
80,2019-04-09T02:00:00+00:00,3359.8343221993164,3045.0
80,2019-04-09T03:00:00+00:00,3114.015908270115,2945.0
80,2019-04-09T04:00:00+00:00,3089.1614249345744,3063.0
80,2019-04-09T05:00:00+00:00,3071.4304250163987,2977.0
80,2019-04-09T06:00:00+00:00,2986.445311499964,2935.0
80,2019-04-09T07:00:00+00:00,2942.7759061081447,3055.0
80,2019-04-09T08:00:00+00:00,2932.7104002459955,3046.0
80,2019-04-09T09:00:00+00:00,2955.3695281717933,3106.0
80,2019-04-09T10:00:00+00:00,3164.996864179541,3189.0
80,2019-04-09T11:00:00+00:00,3432.9490425232284,3527.0
80,2019-04-09T12:00:00+00:00,3698.9489052548765,3555.0
80,2019-04-09T13:00:00+00:00,3900.4348954740485,3858.0
80,2019-04-09T14:00:00+00:00,3834.4630981162127,3896.0
80,2019-04-09T15:00:00+00:00,4006.979286410173,3624.0
80,2019-04-09T16:00:00+00:00,4095.0005054911235,3654.0
80,2019-04-09T17:00:00+00:00,4060.198938091662,3808.0
80,2019-04-09T18:00:00+00:00,4104.192892243186,3895.0
80,2019-04-09T19:00:00+00:00,4012.1923570591302,4022.0
80,2019-04-09T20:00:00+00:00,3860.301356454505,3793.0
80,2019-04-09T21:00:00+00:00,3787.045932792681,3761.0
80,2019-04-09T22:00:00+00:00,3691.1030604345606,3593.0
80,2019-04-09T23:00:00+00:00,3685.8576703998997,3381.0
80,2019-04-10T00:00:00+00:00,3630.6090684893516,3127.0
80,2019-04-10T01:00:00+00:00,3519.9988459575134,3068.0
80,2019-04-10T02:00:00+00:00,3494.051584046888,2957.0
80,2019-04-10T03:00:00+00:00,3372.6024210284722,2896.0
80,2019-04-10T04:00:00+00:00,3264.284503801885,2963.0
80,2019-04-10T05:00:00+00:00,3224.0127151401234,2928.0
80,2019-04-10T06:00:00+00:00,3131.1951323364638,2880.0
80,2019-04-10T07:00:00+00:00,3211.837171428599,2914.0
80,2019-04-10T08:00:00+00:00,3185.195224480591,2941.0
80,2019-04-10T09:00:00+00:00,3274.4242153701653,3099.0
80,2019-04-10T10:00:00+00:00,3364.7333776306887,3079.0
80,2019-04-10T11:00:00+00:00,3653.6811443126417,3439.0
80,2019-04-10T12:00:00+00:00,3911.055680107129,3535.0
80,2019-04-10T13:00:00+00:00,4088.6912194407887,3767.0
80,2019-04-10T14:00:00+00:00,4101.872241382632,3916.0
80,2019-04-10T15:00:00+00:00,4124.8720116681725,3744.0
80,2019-04-10T16:00:00+00:00,4188.818064298395,3891.0
80,2019-04-10T17:00:00+00:00,4280.482980176518,3972.0
80,2019-04-10T18:00:00+00:00,4271.396209740107,4015.0
80,2019-04-10T19:00:00+00:00,4313.386692442099,4017.0
80,2019-04-10T20:00:00+00:00,4209.704582971513,3863.0
80,2019-04-10T21:00:00+00:00,4120.555093474736,3691.0
80,2019-04-10T22:00:00+00:00,3886.6064944259415,3629.0
80,2019-04-10T23:00:00+00:00,3907.4491935638434,3395.0
80,2019-04-11T00:00:00+00:00,3945.983022130298,3157.0
80,2019-04-11T01:00:00+00:00,3848.6608918978477,3091.0
80,2019-04-11T02:00:00+00:00,3700.964438642836,2953.0
80,2019-04-11T03:00:00+00:00,3597.4519563775825,2935.0
80,2019-04-11T04:00:00+00:00,3365.9870261133437,2891.0
80,2019-04-11T05:00:00+00:00,3326.9338071735788,2879.0
80,2019-04-11T06:00:00+00:00,3109.393343861577,2846.0
80,2019-04-11T07:00:00+00:00,3114.4824739623955,2923.0
80,2019-04-11T08:00:00+00:00,2901.4556375794114,2951.0
80,2019-04-11T09:00:00+00:00,2932.3277889498077,2840.0
80,2019-04-11T10:00:00+00:00,3126.6493843001826,2711.0
80,2019-04-11T11:00:00+00:00,3121.7816486007123,2919.0
80,2019-04-11T12:00:00+00:00,3336.4040563743524,2832.0
80,2019-04-11T13:00:00+00:00,3361.178823515452,3172.0
80,2019-04-11T14:00:00+00:00,3410.6594890861948,3163.0
80,2019-04-11T15:00:00+00:00,3386.6542488319365,2890.0
80,2019-04-11T16:00:00+00:00,3377.2213090242703,2986.0
80,2019-04-11T17:00:00+00:00,3498.2527241546277,3125.0
80,2019-04-11T18:00:00+00:00,3527.3661457631383,3142.0
80,2019-04-11T19:00:00+00:00,3533.3038910635123,3272.0
80,2019-04-11T20:00:00+00:00,3489.335432214719,3024.0
80,2019-04-11T21:00:00+00:00,3425.5863361681277,3099.0
80,2019-04-11T22:00:00+00:00,3351.554991139775,3021.0
80,2019-04-11T23:00:00+00:00,3396.6782318841306,2830.0
80,2019-04-12T00:00:00+00:00,3366.0875037127616,2709.0
80,2019-04-12T01:00:00+00:00,3399.2115033250675,2777.0
80,2019-04-12T02:00:00+00:00,3398.33484824947,2655.0
80,2019-04-12T03:00:00+00:00,3126.505368060004,2598.0
80,2019-04-12T04:00:00+00:00,2975.0973076421546,2722.0
80,2019-04-12T05:00:00+00:00,2972.091736957383,2593.0
80,2019-04-12T06:00:00+00:00,2809.352955952402,2672.0
80,2019-04-12T07:00:00+00:00,2683.3337557888185,2633.0
80,2019-04-12T08:00:00+00:00,2690.644414053446,2591.0
80,2019-04-12T09:00:00+00:00,2535.1233978640003,2632.0
80,2019-04-12T10:00:00+00:00,2555.0429786785553,2648.0
80,2019-04-12T11:00:00+00:00,2792.338583885624,2533.0
80,2019-04-12T12:00:00+00:00,2769.0384217636392,2545.0
80,2019-04-12T13:00:00+00:00,2903.6803877678685,2722.0
80,2019-04-12T14:00:00+00:00,2975.643994347357,2695.0
80,2019-04-12T15:00:00+00:00,2889.98939367861,2656.0
81,2019-04-09T16:00:00+00:00,3803.786251009115,3654.0
81,2019-04-09T17:00:00+00:00,3854.849426378285,3808.0
81,2019-04-09T18:00:00+00:00,3938.66033497365,3895.0
81,2019-04-09T19:00:00+00:00,3983.3756921823324,4022.0
81,2019-04-09T20:00:00+00:00,3865.189316554845,3793.0
81,2019-04-09T21:00:00+00:00,3574.86615842814,3761.0
81,2019-04-09T22:00:00+00:00,3611.293311617096,3593.0
81,2019-04-09T23:00:00+00:00,3603.6199690394906,3381.0
81,2019-04-10T00:00:00+00:00,3623.644670473597,3127.0
81,2019-04-10T01:00:00+00:00,3658.288672606154,3068.0
81,2019-04-10T02:00:00+00:00,3477.0666232820276,2957.0
81,2019-04-10T03:00:00+00:00,3438.2791800677414,2896.0
81,2019-04-10T04:00:00+00:00,3356.9569096103323,2963.0
81,2019-04-10T05:00:00+00:00,3208.0842232110426,2928.0
81,2019-04-10T06:00:00+00:00,3094.599492043205,2880.0
81,2019-04-10T07:00:00+00:00,3170.7384790564506,2914.0
81,2019-04-10T08:00:00+00:00,3053.368680137272,2941.0
81,2019-04-10T09:00:00+00:00,3067.7683544171286,3099.0
81,2019-04-10T10:00:00+00:00,3248.2244623895344,3079.0
81,2019-04-10T11:00:00+00:00,3374.9622690581136,3439.0
81,2019-04-10T12:00:00+00:00,3526.9432343740414,3535.0
81,2019-04-10T13:00:00+00:00,3627.2629876304636,3767.0
81,2019-04-10T14:00:00+00:00,3738.339891517006,3916.0
81,2019-04-10T15:00:00+00:00,3707.251914064782,3744.0
81,2019-04-10T16:00:00+00:00,3805.7110059180077,3891.0
81,2019-04-10T17:00:00+00:00,3880.8891356115128,3972.0
81,2019-04-10T18:00:00+00:00,3979.4269109589713,4015.0
81,2019-04-10T19:00:00+00:00,3942.827222480898,4017.0
81,2019-04-10T20:00:00+00:00,3909.2715376585293,3863.0
81,2019-04-10T21:00:00+00:00,3862.840642341452,3691.0
81,2019-04-10T22:00:00+00:00,3669.9748072968005,3629.0
81,2019-04-10T23:00:00+00:00,3689.473244705014,3395.0
81,2019-04-11T00:00:00+00:00,3676.1007849294506,3157.0
81,2019-04-11T01:00:00+00:00,3606.312672869308,3091.0
81,2019-04-11T02:00:00+00:00,3557.5722137611074,2953.0
81,2019-04-11T03:00:00+00:00,3436.8435945932774,2935.0
81,2019-04-11T04:00:00+00:00,3245.2452875220742,2891.0
81,2019-04-11T05:00:00+00:00,3132.676569700154,2879.0
81,2019-04-11T06:00:00+00:00,2994.088912311585,2846.0
81,2019-04-11T07:00:00+00:00,2837.070100787158,2923.0
81,2019-04-11T08:00:00+00:00,2750.155969375372,2951.0
81,2019-04-11T09:00:00+00:00,2712.2974771752065,2840.0
81,2019-04-11T10:00:00+00:00,2734.2049976281683,2711.0
81,2019-04-11T11:00:00+00:00,2825.6481060248607,2919.0
81,2019-04-11T12:00:00+00:00,3023.7427748544414,2832.0
81,2019-04-11T13:00:00+00:00,3060.321181446632,3172.0
81,2019-04-11T14:00:00+00:00,3038.9551924594357,3163.0
81,2019-04-11T15:00:00+00:00,2992.14218154227,2890.0
81,2019-04-11T16:00:00+00:00,3110.9703018636874,2986.0
81,2019-04-11T17:00:00+00:00,3047.049810629009,3125.0
81,2019-04-11T18:00:00+00:00,3124.401303348631,3142.0
81,2019-04-11T19:00:00+00:00,3249.246976042481,3272.0
81,2019-04-11T20:00:00+00:00,3232.043454605643,3024.0
81,2019-04-11T21:00:00+00:00,3201.8384523542886,3099.0
81,2019-04-11T22:00:00+00:00,3116.9259583164658,3021.0
81,2019-04-11T23:00:00+00:00,3324.980318414104,2830.0
81,2019-04-12T00:00:00+00:00,3279.01058570182,2709.0
81,2019-04-12T01:00:00+00:00,3255.0932488892495,2777.0
81,2019-04-12T02:00:00+00:00,3245.5254301728437,2655.0
81,2019-04-12T03:00:00+00:00,3104.7249440870164,2598.0
81,2019-04-12T04:00:00+00:00,3007.9530365252804,2722.0
81,2019-04-12T05:00:00+00:00,2852.2458368807715,2593.0
81,2019-04-12T06:00:00+00:00,2810.456045006362,2672.0
81,2019-04-12T07:00:00+00:00,2667.5106075425347,2633.0
81,2019-04-12T08:00:00+00:00,2526.320496060708,2591.0
81,2019-04-12T09:00:00+00:00,2540.885633698659,2632.0
81,2019-04-12T10:00:00+00:00,2564.0795846696724,2648.0
81,2019-04-12T11:00:00+00:00,2647.1890502374954,2533.0
81,2019-04-12T12:00:00+00:00,2631.465702139293,2545.0
81,2019-04-12T13:00:00+00:00,2666.8763809061174,2722.0
81,2019-04-12T14:00:00+00:00,2699.6548472904965,2695.0
81,2019-04-12T15:00:00+00:00,2615.7408999991985,2656.0
81,2019-04-12T16:00:00+00:00,2651.6250676804966,2834.0
81,2019-04-12T17:00:00+00:00,2652.5577694617723,2799.0
81,2019-04-12T18:00:00+00:00,2680.6124502940456,2765.0
81,2019-04-12T19:00:00+00:00,2738.5848361798653,2765.0
81,2019-04-12T20:00:00+00:00,2700.732424518523,2681.0
81,2019-04-12T21:00:00+00:00,2586.247510807032,2745.0
81,2019-04-12T22:00:00+00:00,2518.9820788144953,2779.0
81,2019-04-12T23:00:00+00:00,2516.567576159057,2733.0
81,2019-04-13T00:00:00+00:00,2628.1556418636533,2647.0
81,2019-04-13T01:00:00+00:00,2637.41141162367,2702.0
81,2019-04-13T02:00:00+00:00,2549.74180630947,2532.0
81,2019-04-13T03:00:00+00:00,2559.888903749637,2692.0
81,2019-04-13T04:00:00+00:00,2593.242774166597,2686.0
81,2019-04-13T05:00:00+00:00,2656.598287509992,2628.0
81,2019-04-13T06:00:00+00:00,2642.7489350400692,2605.0
81,2019-04-13T07:00:00+00:00,2680.0152356330764,2632.0
81,2019-04-13T08:00:00+00:00,2762.1236594506727,2755.0
81,2019-04-13T09:00:00+00:00,2867.516250929436,2854.0
81,2019-04-13T10:00:00+00:00,2938.323530693852,2888.0
81,2019-04-13T11:00:00+00:00,3295.450912769491,3162.0
81,2019-04-13T12:00:00+00:00,3495.0054190052156,3229.0
81,2019-04-13T13:00:00+00:00,3632.9531162058133,3367.0
81,2019-04-13T14:00:00+00:00,3640.0291449832293,3351.0
81,2019-04-13T15:00:00+00:00,3671.59275936636,3285.0
82,2019-04-10T16:00:00+00:00,3633.1997745850454,3891.0
82,2019-04-10T17:00:00+00:00,3705.679830407652,3972.0
82,2019-04-10T18:00:00+00:00,3884.2392811784184,4015.0
82,2019-04-10T19:00:00+00:00,3815.189244087589,4017.0
82,2019-04-10T20:00:00+00:00,3738.2133237795383,3863.0
82,2019-04-10T21:00:00+00:00,3610.221319231793,3691.0
82,2019-04-10T22:00:00+00:00,3444.3215337683646,3629.0
82,2019-04-10T23:00:00+00:00,3509.4932776212163,3395.0
82,2019-04-11T00:00:00+00:00,3413.6601771643836,3157.0
82,2019-04-11T01:00:00+00:00,3498.5012000862253,3091.0
82,2019-04-11T02:00:00+00:00,3444.541945039115,2953.0
82,2019-04-11T03:00:00+00:00,3233.5661173616286,2935.0
82,2019-04-11T04:00:00+00:00,3041.482284222329,2891.0
82,2019-04-11T05:00:00+00:00,2982.44448218613,2879.0
82,2019-04-11T06:00:00+00:00,2901.1148960804485,2846.0
82,2019-04-11T07:00:00+00:00,2835.2602812805917,2923.0
82,2019-04-11T08:00:00+00:00,2804.228747090925,2951.0
82,2019-04-11T09:00:00+00:00,2774.4474576040284,2840.0
82,2019-04-11T10:00:00+00:00,2814.6025759271142,2711.0
82,2019-04-11T11:00:00+00:00,2953.398607432811,2919.0
82,2019-04-11T12:00:00+00:00,3022.9970826883955,2832.0
82,2019-04-11T13:00:00+00:00,3071.638022542971,3172.0
82,2019-04-11T14:00:00+00:00,3199.6813151138363,3163.0
82,2019-04-11T15:00:00+00:00,3117.1021782799244,2890.0
82,2019-04-11T16:00:00+00:00,3315.6668744128824,2986.0
82,2019-04-11T17:00:00+00:00,3103.4522939205376,3125.0
82,2019-04-11T18:00:00+00:00,3121.377689325829,3142.0
82,2019-04-11T19:00:00+00:00,3180.859469835364,3272.0
82,2019-04-11T20:00:00+00:00,3163.378680785135,3024.0
82,2019-04-11T21:00:00+00:00,3117.376463455115,3099.0
82,2019-04-11T22:00:00+00:00,3102.397353481066,3021.0
82,2019-04-11T23:00:00+00:00,3049.490386899294,2830.0
82,2019-04-12T00:00:00+00:00,3146.6634117449416,2709.0
82,2019-04-12T01:00:00+00:00,3105.0760621576674,2777.0
82,2019-04-12T02:00:00+00:00,3122.226122770148,2655.0
82,2019-04-12T03:00:00+00:00,2974.423656642605,2598.0
82,2019-04-12T04:00:00+00:00,2766.909109597586,2722.0
82,2019-04-12T05:00:00+00:00,2690.176741306542,2593.0
82,2019-04-12T06:00:00+00:00,2685.0887843531596,2672.0
82,2019-04-12T07:00:00+00:00,2651.459306904743,2633.0
82,2019-04-12T08:00:00+00:00,2608.9780850640063,2591.0
82,2019-04-12T09:00:00+00:00,2598.0227386100064,2632.0
82,2019-04-12T10:00:00+00:00,2642.883433915133,2648.0
82,2019-04-12T11:00:00+00:00,2649.378969513344,2533.0
82,2019-04-12T12:00:00+00:00,2834.8008040425375,2545.0
82,2019-04-12T13:00:00+00:00,2873.1783231055397,2722.0
82,2019-04-12T14:00:00+00:00,2864.183553865241,2695.0
82,2019-04-12T15:00:00+00:00,2743.2930899208454,2656.0
82,2019-04-12T16:00:00+00:00,2791.026575448826,2834.0
82,2019-04-12T17:00:00+00:00,2823.225308721353,2799.0
82,2019-04-12T18:00:00+00:00,2783.382082384225,2765.0
82,2019-04-12T19:00:00+00:00,2802.536374513591,2765.0
82,2019-04-12T20:00:00+00:00,2636.4170452475864,2681.0
82,2019-04-12T21:00:00+00:00,2634.7448970711225,2745.0
82,2019-04-12T22:00:00+00:00,2637.2519296651794,2779.0
82,2019-04-12T23:00:00+00:00,2605.200219855836,2733.0
82,2019-04-13T00:00:00+00:00,2621.6193269996365,2647.0
82,2019-04-13T01:00:00+00:00,2563.8485902871926,2702.0
82,2019-04-13T02:00:00+00:00,2689.2031280738347,2532.0
82,2019-04-13T03:00:00+00:00,2590.821596137015,2692.0
82,2019-04-13T04:00:00+00:00,2542.8433028285754,2686.0
82,2019-04-13T05:00:00+00:00,2614.408799347157,2628.0
82,2019-04-13T06:00:00+00:00,2562.639290082261,2605.0
82,2019-04-13T07:00:00+00:00,2617.8389502645614,2632.0
82,2019-04-13T08:00:00+00:00,2634.808081800636,2755.0
82,2019-04-13T09:00:00+00:00,2802.9800555692673,2854.0
82,2019-04-13T10:00:00+00:00,3008.181882891328,2888.0
82,2019-04-13T11:00:00+00:00,3212.520835489364,3162.0
82,2019-04-13T12:00:00+00:00,3259.5965901241975,3229.0
82,2019-04-13T13:00:00+00:00,3382.271411318836,3367.0
82,2019-04-13T14:00:00+00:00,3568.3095365472373,3351.0
82,2019-04-13T15:00:00+00:00,3495.197038594172,3285.0
82,2019-04-13T16:00:00+00:00,3547.1582004944325,3321.0
82,2019-04-13T17:00:00+00:00,3556.2634769185674,3284.0
82,2019-04-13T18:00:00+00:00,3582.314157558803,3373.0
82,2019-04-13T19:00:00+00:00,3505.880198319804,3438.0
82,2019-04-13T20:00:00+00:00,3508.4584459201906,3402.0
82,2019-04-13T21:00:00+00:00,3419.9133504162273,3396.0
82,2019-04-13T22:00:00+00:00,3391.9269765064982,3342.0
82,2019-04-13T23:00:00+00:00,3298.385817844443,3141.0
82,2019-04-14T00:00:00+00:00,3246.1270895755074,2890.0
82,2019-04-14T01:00:00+00:00,3141.0860044626734,2826.0
82,2019-04-14T02:00:00+00:00,3165.192300628466,2751.0
82,2019-04-14T03:00:00+00:00,2965.130280071821,2730.0
82,2019-04-14T04:00:00+00:00,2870.925747842684,2695.0
82,2019-04-14T05:00:00+00:00,2832.74293820766,2712.0
82,2019-04-14T06:00:00+00:00,2785.0780900662903,2752.0
82,2019-04-14T07:00:00+00:00,2737.5334977987186,2741.0
82,2019-04-14T08:00:00+00:00,2805.8854295490773,2687.0
82,2019-04-14T09:00:00+00:00,2949.9939683413404,2833.0
82,2019-04-14T10:00:00+00:00,3089.920451325703,2927.0
82,2019-04-14T11:00:00+00:00,3240.500327484908,3182.0
82,2019-04-14T12:00:00+00:00,3404.7403736975693,3355.0
82,2019-04-14T13:00:00+00:00,3691.5749300751086,3506.0
82,2019-04-14T14:00:00+00:00,3643.937609590478,3717.0
82,2019-04-14T15:00:00+00:00,3660.29052478176,3765.0
83,2019-04-11T16:00:00+00:00,3044.2612556967047,2986.0
83,2019-04-11T17:00:00+00:00,3103.631339351765,3125.0
83,2019-04-11T18:00:00+00:00,3122.644159814264,3142.0
83,2019-04-11T19:00:00+00:00,3228.1015139884585,3272.0
83,2019-04-11T20:00:00+00:00,3124.1295792699557,3024.0
83,2019-04-11T21:00:00+00:00,3001.0501048258943,3099.0
83,2019-04-11T22:00:00+00:00,3048.2413649135697,3021.0
83,2019-04-11T23:00:00+00:00,3036.456322327821,2830.0
83,2019-04-12T00:00:00+00:00,3087.4049258051373,2709.0
83,2019-04-12T01:00:00+00:00,2966.613865451943,2777.0
83,2019-04-12T02:00:00+00:00,2930.227821992859,2655.0
83,2019-04-12T03:00:00+00:00,2848.6228601805674,2598.0
83,2019-04-12T04:00:00+00:00,2782.3363618922085,2722.0
83,2019-04-12T05:00:00+00:00,2632.3592108822822,2593.0
83,2019-04-12T06:00:00+00:00,2520.712256481036,2672.0
83,2019-04-12T07:00:00+00:00,2461.397393371488,2633.0
83,2019-04-12T08:00:00+00:00,2482.4084969976752,2591.0
83,2019-04-12T09:00:00+00:00,2417.244552096793,2632.0
83,2019-04-12T10:00:00+00:00,2587.766125378203,2648.0
83,2019-04-12T11:00:00+00:00,2545.8431234385894,2533.0
83,2019-04-12T12:00:00+00:00,2678.966276593208,2545.0
83,2019-04-12T13:00:00+00:00,2624.4591369086543,2722.0
83,2019-04-12T14:00:00+00:00,2792.646840766851,2695.0
83,2019-04-12T15:00:00+00:00,2800.3081874988425,2656.0
83,2019-04-12T16:00:00+00:00,2750.6010383801276,2834.0
83,2019-04-12T17:00:00+00:00,2873.561859701114,2799.0
83,2019-04-12T18:00:00+00:00,2865.3689945645715,2765.0
83,2019-04-12T19:00:00+00:00,2855.0337308849425,2765.0
83,2019-04-12T20:00:00+00:00,2717.022452397951,2681.0
83,2019-04-12T21:00:00+00:00,2589.6682104521346,2745.0
83,2019-04-12T22:00:00+00:00,2694.322611299161,2779.0
83,2019-04-12T23:00:00+00:00,2666.622452317423,2733.0
83,2019-04-13T00:00:00+00:00,2646.995067830463,2647.0
83,2019-04-13T01:00:00+00:00,2653.929591894606,2702.0
83,2019-04-13T02:00:00+00:00,2620.3079133981582,2532.0
83,2019-04-13T03:00:00+00:00,2513.209796872215,2692.0
83,2019-04-13T04:00:00+00:00,2557.144531863023,2686.0
83,2019-04-13T05:00:00+00:00,2589.4390005756136,2628.0
83,2019-04-13T06:00:00+00:00,2511.0498837336045,2605.0
83,2019-04-13T07:00:00+00:00,2557.335738371897,2632.0
83,2019-04-13T08:00:00+00:00,2639.8868518529703,2755.0
83,2019-04-13T09:00:00+00:00,2817.950870895247,2854.0
83,2019-04-13T10:00:00+00:00,2931.1943632945436,2888.0
83,2019-04-13T11:00:00+00:00,3106.7177085007943,3162.0
83,2019-04-13T12:00:00+00:00,3286.1583995360807,3229.0
83,2019-04-13T13:00:00+00:00,3408.419533419878,3367.0
83,2019-04-13T14:00:00+00:00,3450.2963075673897,3351.0
83,2019-04-13T15:00:00+00:00,3464.8362390586685,3285.0
83,2019-04-13T16:00:00+00:00,3585.598540776476,3321.0
83,2019-04-13T17:00:00+00:00,3612.268378891696,3284.0
83,2019-04-13T18:00:00+00:00,3709.839480751844,3373.0
83,2019-04-13T19:00:00+00:00,3659.770275201877,3438.0
83,2019-04-13T20:00:00+00:00,3487.876392053135,3402.0
83,2019-04-13T21:00:00+00:00,3416.956642974488,3396.0
83,2019-04-13T22:00:00+00:00,3395.090046365361,3342.0
83,2019-04-13T23:00:00+00:00,3487.6474713326725,3141.0
83,2019-04-14T00:00:00+00:00,3362.8819382403476,2890.0
83,2019-04-14T01:00:00+00:00,3373.8295012328817,2826.0
83,2019-04-14T02:00:00+00:00,3241.771143575818,2751.0
83,2019-04-14T03:00:00+00:00,3155.7084280465515,2730.0
83,2019-04-14T04:00:00+00:00,3052.0589519025325,2695.0
83,2019-04-14T05:00:00+00:00,3055.299746909835,2712.0
83,2019-04-14T06:00:00+00:00,2984.1122351905096,2752.0
83,2019-04-14T07:00:00+00:00,2819.4162807517123,2741.0
83,2019-04-14T08:00:00+00:00,2889.609194770108,2687.0
83,2019-04-14T09:00:00+00:00,3022.726036061056,2833.0
83,2019-04-14T10:00:00+00:00,3259.4687914080823,2927.0
83,2019-04-14T11:00:00+00:00,3363.1833669078,3182.0
83,2019-04-14T12:00:00+00:00,3486.91128827014,3355.0
83,2019-04-14T13:00:00+00:00,3703.7128752374674,3506.0
83,2019-04-14T14:00:00+00:00,3718.1386561785775,3717.0
83,2019-04-14T15:00:00+00:00,3757.8279853999384,3765.0
83,2019-04-14T16:00:00+00:00,3836.7682832584546,3581.0
83,2019-04-14T17:00:00+00:00,3896.064607333873,3914.0
83,2019-04-14T18:00:00+00:00,3806.4234203525575,3968.0
83,2019-04-14T19:00:00+00:00,3813.602818289973,3994.0
83,2019-04-14T20:00:00+00:00,3757.1547970500815,3777.0
83,2019-04-14T21:00:00+00:00,3655.5321726882994,3706.0
83,2019-04-14T22:00:00+00:00,3519.3448410467167,3766.0
83,2019-04-14T23:00:00+00:00,3534.7761084797476,3600.0
83,2019-04-15T00:00:00+00:00,3466.2137867814545,3289.0
83,2019-04-15T01:00:00+00:00,3455.8522925165475,3150.0
83,2019-04-15T02:00:00+00:00,3230.784105617841,3019.0
83,2019-04-15T03:00:00+00:00,3180.6602991424875,3018.0
83,2019-04-15T04:00:00+00:00,3030.1076119143536,3021.0
83,2019-04-15T05:00:00+00:00,2954.4975656859397,3028.0
83,2019-04-15T06:00:00+00:00,2819.4908334451134,2975.0
83,2019-04-15T07:00:00+00:00,2805.945640101993,3037.0
83,2019-04-15T08:00:00+00:00,2892.7200182600577,3029.0
83,2019-04-15T09:00:00+00:00,2961.9291737989047,3199.0
83,2019-04-15T10:00:00+00:00,3076.999141093718,3302.0
83,2019-04-15T11:00:00+00:00,3288.6040979993963,3530.0
83,2019-04-15T12:00:00+00:00,3454.556270278966,3697.0
83,2019-04-15T13:00:00+00:00,3589.3372459927664,3879.0
83,2019-04-15T14:00:00+00:00,3623.8641647065633,4001.0
83,2019-04-15T15:00:00+00:00,3737.4842209096305,3804.0
84,2019-04-12T16:00:00+00:00,2638.6702153457627,2834.0
84,2019-04-12T17:00:00+00:00,2700.896400788318,2799.0
84,2019-04-12T18:00:00+00:00,2736.849437181074,2765.0
84,2019-04-12T19:00:00+00:00,2703.5646337540115,2765.0
84,2019-04-12T20:00:00+00:00,2687.9662010729444,2681.0
84,2019-04-12T21:00:00+00:00,2529.822886423048,2745.0
84,2019-04-12T22:00:00+00:00,2636.276531926513,2779.0
84,2019-04-12T23:00:00+00:00,2588.7801874126494,2733.0
84,2019-04-13T00:00:00+00:00,2611.240309877604,2647.0
84,2019-04-13T01:00:00+00:00,2678.2210140304487,2702.0
84,2019-04-13T02:00:00+00:00,2612.410615322689,2532.0
84,2019-04-13T03:00:00+00:00,2516.327791432408,2692.0
84,2019-04-13T04:00:00+00:00,2524.1287922789006,2686.0
84,2019-04-13T05:00:00+00:00,2491.7566645106835,2628.0
84,2019-04-13T06:00:00+00:00,2475.7426402195924,2605.0
84,2019-04-13T07:00:00+00:00,2482.5768353931476,2632.0
84,2019-04-13T08:00:00+00:00,2539.281825491146,2755.0
84,2019-04-13T09:00:00+00:00,2702.9244587643975,2854.0
84,2019-04-13T10:00:00+00:00,2912.063600206712,2888.0
84,2019-04-13T11:00:00+00:00,3114.977195193142,3162.0
84,2019-04-13T12:00:00+00:00,3282.6824215142556,3229.0
84,2019-04-13T13:00:00+00:00,3369.1673957660873,3367.0
84,2019-04-13T14:00:00+00:00,3490.656561459752,3351.0
84,2019-04-13T15:00:00+00:00,3509.0152283026246,3285.0
84,2019-04-13T16:00:00+00:00,3499.908828300664,3321.0
84,2019-04-13T17:00:00+00:00,3660.928617847755,3284.0
84,2019-04-13T18:00:00+00:00,3644.495565120348,3373.0
84,2019-04-13T19:00:00+00:00,3597.5336636180236,3438.0
84,2019-04-13T20:00:00+00:00,3662.865071184602,3402.0
84,2019-04-13T21:00:00+00:00,3497.5178546867596,3396.0
84,2019-04-13T22:00:00+00:00,3452.4215054558153,3342.0
84,2019-04-13T23:00:00+00:00,3468.056586601857,3141.0
84,2019-04-14T00:00:00+00:00,3424.935801130029,2890.0
84,2019-04-14T01:00:00+00:00,3393.5598242438546,2826.0
84,2019-04-14T02:00:00+00:00,3236.8861659136783,2751.0
84,2019-04-14T03:00:00+00:00,3098.590539620671,2730.0
84,2019-04-14T04:00:00+00:00,3027.4464178332764,2695.0
84,2019-04-14T05:00:00+00:00,2900.960338036549,2712.0
84,2019-04-14T06:00:00+00:00,2854.1060191110714,2752.0
84,2019-04-14T07:00:00+00:00,2805.60499774225,2741.0
84,2019-04-14T08:00:00+00:00,2827.716612802679,2687.0
84,2019-04-14T09:00:00+00:00,2871.481687541748,2833.0
84,2019-04-14T10:00:00+00:00,3174.330243425574,2927.0
84,2019-04-14T11:00:00+00:00,3338.651732507423,3182.0
84,2019-04-14T12:00:00+00:00,3611.803597705374,3355.0
84,2019-04-14T13:00:00+00:00,3626.896122947044,3506.0
84,2019-04-14T14:00:00+00:00,3775.9244950988605,3717.0
84,2019-04-14T15:00:00+00:00,3792.5218545601288,3765.0
84,2019-04-14T16:00:00+00:00,3720.5284070754356,3581.0
84,2019-04-14T17:00:00+00:00,3864.1073772011405,3914.0
84,2019-04-14T18:00:00+00:00,3885.370492724437,3968.0
84,2019-04-14T19:00:00+00:00,3857.2921506650023,3994.0
84,2019-04-14T20:00:00+00:00,3825.721728722102,3777.0
84,2019-04-14T21:00:00+00:00,3756.0066326974516,3706.0
84,2019-04-14T22:00:00+00:00,3645.539236735153,3766.0
84,2019-04-14T23:00:00+00:00,3548.0172253120827,3600.0
84,2019-04-15T00:00:00+00:00,3612.8575467526466,3289.0
84,2019-04-15T01:00:00+00:00,3470.490140510729,3150.0
84,2019-04-15T02:00:00+00:00,3334.3768989128544,3019.0
84,2019-04-15T03:00:00+00:00,3223.816700379082,3018.0
84,2019-04-15T04:00:00+00:00,3043.8356179790594,3021.0
84,2019-04-15T05:00:00+00:00,2967.17145747134,3028.0
84,2019-04-15T06:00:00+00:00,2921.272576254913,2975.0
84,2019-04-15T07:00:00+00:00,2827.276302480481,3037.0
84,2019-04-15T08:00:00+00:00,2844.280463207604,3029.0
84,2019-04-15T09:00:00+00:00,3066.7048880047414,3199.0
84,2019-04-15T10:00:00+00:00,3115.7522490914957,3302.0
84,2019-04-15T11:00:00+00:00,3211.3534711744705,3530.0
84,2019-04-15T12:00:00+00:00,3503.0731539229796,3697.0
84,2019-04-15T13:00:00+00:00,3625.3124730475874,3879.0
84,2019-04-15T14:00:00+00:00,3573.76933166824,4001.0
84,2019-04-15T15:00:00+00:00,3519.0628891051833,3804.0
84,2019-04-15T16:00:00+00:00,3555.234659663552,3867.0
84,2019-04-15T17:00:00+00:00,3654.9566695164986,3902.0
84,2019-04-15T18:00:00+00:00,3624.75517844585,3993.0
84,2019-04-15T19:00:00+00:00,3712.362243435466,4068.0
84,2019-04-15T20:00:00+00:00,3564.9606467437843,3922.0
84,2019-04-15T21:00:00+00:00,3471.479318600968,3581.0
84,2019-04-15T22:00:00+00:00,3400.8190292533286,3629.0
84,2019-04-15T23:00:00+00:00,3424.55601530161,3493.0
84,2019-04-16T00:00:00+00:00,3471.0160245029456,3321.0
84,2019-04-16T01:00:00+00:00,3281.265672491582,3236.0
84,2019-04-16T02:00:00+00:00,3215.355275357301,3141.0
84,2019-04-16T03:00:00+00:00,3049.153313551469,3056.0
84,2019-04-16T04:00:00+00:00,3062.6121896804216,3161.0
84,2019-04-16T05:00:00+00:00,2861.911249897615,3198.0
84,2019-04-16T06:00:00+00:00,2892.503828667757,3067.0
84,2019-04-16T07:00:00+00:00,2873.0255495675992,3150.0
84,2019-04-16T08:00:00+00:00,2810.365068248856,3061.0
84,2019-04-16T09:00:00+00:00,2953.2533684755863,3152.0
84,2019-04-16T10:00:00+00:00,3075.9712326148856,3236.0
84,2019-04-16T11:00:00+00:00,3244.760447166916,3577.0
84,2019-04-16T12:00:00+00:00,3491.0293910195714,3586.0
84,2019-04-16T13:00:00+00:00,3563.983828009632,3840.0
84,2019-04-16T14:00:00+00:00,3693.8031170898576,3878.0
84,2019-04-16T15:00:00+00:00,3686.8190895085536,3768.0
85,2019-04-13T16:00:00+00:00,3505.1677508388475,3321.0
85,2019-04-13T17:00:00+00:00,3532.4977570197047,3284.0
85,2019-04-13T18:00:00+00:00,3507.2337460897606,3373.0
85,2019-04-13T19:00:00+00:00,3451.9512385659896,3438.0
85,2019-04-13T20:00:00+00:00,3382.7861008408004,3402.0
85,2019-04-13T21:00:00+00:00,3439.8490826620323,3396.0
85,2019-04-13T22:00:00+00:00,3384.402698007687,3342.0
85,2019-04-13T23:00:00+00:00,3370.9702920504606,3141.0
85,2019-04-14T00:00:00+00:00,3388.240476351112,2890.0
85,2019-04-14T01:00:00+00:00,3280.0734903252946,2826.0
85,2019-04-14T02:00:00+00:00,3162.8066970556424,2751.0
85,2019-04-14T03:00:00+00:00,2984.7248494769783,2730.0
85,2019-04-14T04:00:00+00:00,2892.8813508173207,2695.0
85,2019-04-14T05:00:00+00:00,2812.0297148910113,2712.0
85,2019-04-14T06:00:00+00:00,2761.235372039934,2752.0
85,2019-04-14T07:00:00+00:00,2784.3128674739146,2741.0
85,2019-04-14T08:00:00+00:00,2703.5088514195872,2687.0
85,2019-04-14T09:00:00+00:00,2780.8557506886846,2833.0
85,2019-04-14T10:00:00+00:00,2930.3742175743164,2927.0
85,2019-04-14T11:00:00+00:00,3148.4490412818404,3182.0
85,2019-04-14T12:00:00+00:00,3251.522468988349,3355.0
85,2019-04-14T13:00:00+00:00,3371.2100437307026,3506.0
85,2019-04-14T14:00:00+00:00,3438.7602696557447,3717.0
85,2019-04-14T15:00:00+00:00,3512.8927449500466,3765.0
85,2019-04-14T16:00:00+00:00,3616.07086367282,3581.0
85,2019-04-14T17:00:00+00:00,3589.7752761129054,3914.0
85,2019-04-14T18:00:00+00:00,3521.175529359082,3968.0
85,2019-04-14T19:00:00+00:00,3614.904986446226,3994.0
85,2019-04-14T20:00:00+00:00,3478.119465274677,3777.0
85,2019-04-14T21:00:00+00:00,3501.3176792321483,3706.0
85,2019-04-14T22:00:00+00:00,3392.675370216288,3766.0
85,2019-04-14T23:00:00+00:00,3439.3823682609213,3600.0
85,2019-04-15T00:00:00+00:00,3431.735330623009,3289.0
85,2019-04-15T01:00:00+00:00,3297.359784749188,3150.0
85,2019-04-15T02:00:00+00:00,3134.0572981395794,3019.0
85,2019-04-15T03:00:00+00:00,3053.125689909178,3018.0
85,2019-04-15T04:00:00+00:00,2858.0458117118237,3021.0
85,2019-04-15T05:00:00+00:00,2769.465645708804,3028.0
85,2019-04-15T06:00:00+00:00,2744.2863988119157,2975.0
85,2019-04-15T07:00:00+00:00,2672.3719983319284,3037.0
85,2019-04-15T08:00:00+00:00,2702.811836610536,3029.0
85,2019-04-15T09:00:00+00:00,2740.5701321057404,3199.0
85,2019-04-15T10:00:00+00:00,2848.4770263880237,3302.0
85,2019-04-15T11:00:00+00:00,3067.9925742862456,3530.0
85,2019-04-15T12:00:00+00:00,3167.1118672515154,3697.0
85,2019-04-15T13:00:00+00:00,3264.034069870693,3879.0
85,2019-04-15T14:00:00+00:00,3331.1175813946247,4001.0
85,2019-04-15T15:00:00+00:00,3417.92992987393,3804.0
85,2019-04-15T16:00:00+00:00,3407.07725860539,3867.0
85,2019-04-15T17:00:00+00:00,3472.3967198959645,3902.0
85,2019-04-15T18:00:00+00:00,3545.8859138384273,3993.0
85,2019-04-15T19:00:00+00:00,3470.5555393494883,4068.0
85,2019-04-15T20:00:00+00:00,3352.6436471756315,3922.0
85,2019-04-15T21:00:00+00:00,3370.2328284396704,3581.0
85,2019-04-15T22:00:00+00:00,3369.5727595132535,3629.0
85,2019-04-15T23:00:00+00:00,3282.9056004215627,3493.0
85,2019-04-16T00:00:00+00:00,3309.9214178912,3321.0
85,2019-04-16T01:00:00+00:00,3241.551674127657,3236.0
85,2019-04-16T02:00:00+00:00,3059.5097930241673,3141.0
85,2019-04-16T03:00:00+00:00,2951.7982030051826,3056.0
85,2019-04-16T04:00:00+00:00,2932.5868066851262,3161.0
85,2019-04-16T05:00:00+00:00,2859.4383872880335,3198.0
85,2019-04-16T06:00:00+00:00,2794.5397389397335,3067.0
85,2019-04-16T07:00:00+00:00,2790.065652036272,3150.0
85,2019-04-16T08:00:00+00:00,2825.307034061831,3061.0
85,2019-04-16T09:00:00+00:00,2898.184208553145,3152.0
85,2019-04-16T10:00:00+00:00,3099.9303731318682,3236.0
85,2019-04-16T11:00:00+00:00,3187.898585776553,3577.0
85,2019-04-16T12:00:00+00:00,3385.1066195157277,3586.0
85,2019-04-16T13:00:00+00:00,3433.6903229939862,3840.0
85,2019-04-16T14:00:00+00:00,3582.752352910975,3878.0
85,2019-04-16T15:00:00+00:00,3616.873560890336,3768.0
85,2019-04-16T16:00:00+00:00,3659.7344198506626,3824.0
85,2019-04-16T17:00:00+00:00,3750.946005122368,3983.0
85,2019-04-16T18:00:00+00:00,3720.1195899787745,4148.0
85,2019-04-16T19:00:00+00:00,3631.228457289183,4479.0
85,2019-04-16T20:00:00+00:00,3647.2796257413484,4158.0
85,2019-04-16T21:00:00+00:00,3531.235086868034,3647.0
85,2019-04-16T22:00:00+00:00,3426.5222269276446,3641.0
85,2019-04-16T23:00:00+00:00,3547.067157644113,3368.0
85,2019-04-17T00:00:00+00:00,3411.9829976725073,3041.0
85,2019-04-17T01:00:00+00:00,3423.8254088201998,3162.0
85,2019-04-17T02:00:00+00:00,3181.067728290069,3019.0
85,2019-04-17T03:00:00+00:00,3026.749237792192,3048.0
85,2019-04-17T04:00:00+00:00,2962.022166387216,3080.0
85,2019-04-17T05:00:00+00:00,2872.906516410848,3012.0
85,2019-04-17T06:00:00+00:00,2824.390525019814,3058.0
85,2019-04-17T07:00:00+00:00,2854.1216500614164,3027.0
85,2019-04-17T08:00:00+00:00,2926.7263569299053,3009.0
85,2019-04-17T09:00:00+00:00,2910.504470740989,3125.0
85,2019-04-17T10:00:00+00:00,3117.5679012888354,3199.0
85,2019-04-17T11:00:00+00:00,3270.810235554172,3474.0
85,2019-04-17T12:00:00+00:00,3311.6550819536424,3507.0
85,2019-04-17T13:00:00+00:00,3515.718477089831,3710.0
85,2019-04-17T14:00:00+00:00,3649.299422115765,3870.0
85,2019-04-17T15:00:00+00:00,3646.3907434952903,3705.0
86,2019-04-14T16:00:00+00:00,3356.28265138306,3581.0
86,2019-04-14T17:00:00+00:00,3388.8122122325553,3914.0
86,2019-04-14T18:00:00+00:00,3460.8392018199975,3968.0
86,2019-04-14T19:00:00+00:00,3402.9366429914285,3994.0
86,2019-04-14T20:00:00+00:00,3370.1576809109497,3777.0
86,2019-04-14T21:00:00+00:00,3275.8031840884373,3706.0
86,2019-04-14T22:00:00+00:00,3305.6676513808707,3766.0
86,2019-04-14T23:00:00+00:00,3175.0567521525595,3600.0
86,2019-04-15T00:00:00+00:00,3158.330412566139,3289.0
86,2019-04-15T01:00:00+00:00,3151.600544898376,3150.0
86,2019-04-15T02:00:00+00:00,3061.1587756695703,3019.0
86,2019-04-15T03:00:00+00:00,2947.2643021056856,3018.0
86,2019-04-15T04:00:00+00:00,2939.7457158504194,3021.0
86,2019-04-15T05:00:00+00:00,2766.2951073620384,3028.0
86,2019-04-15T06:00:00+00:00,2641.224173837262,2975.0
86,2019-04-15T07:00:00+00:00,2645.266278113001,3037.0
86,2019-04-15T08:00:00+00:00,2604.0038738423114,3029.0
86,2019-04-15T09:00:00+00:00,2704.074341530173,3199.0
86,2019-04-15T10:00:00+00:00,2979.7911201034285,3302.0
86,2019-04-15T11:00:00+00:00,3043.13533157575,3530.0
86,2019-04-15T12:00:00+00:00,3213.9460939617497,3697.0
86,2019-04-15T13:00:00+00:00,3243.201515979633,3879.0
86,2019-04-15T14:00:00+00:00,3460.7215235659187,4001.0
86,2019-04-15T15:00:00+00:00,3436.6597078634763,3804.0
86,2019-04-15T16:00:00+00:00,3476.871401634746,3867.0
86,2019-04-15T17:00:00+00:00,3438.0570751686505,3902.0
86,2019-04-15T18:00:00+00:00,3474.9217627816456,3993.0
86,2019-04-15T19:00:00+00:00,3476.4054473009883,4068.0
86,2019-04-15T20:00:00+00:00,3455.8423868561545,3922.0
86,2019-04-15T21:00:00+00:00,3338.034062120737,3581.0
86,2019-04-15T22:00:00+00:00,3232.7999942546717,3629.0
86,2019-04-15T23:00:00+00:00,3245.8153215135744,3493.0
86,2019-04-16T00:00:00+00:00,3202.1571849464226,3321.0
86,2019-04-16T01:00:00+00:00,3148.7625690649274,3236.0
86,2019-04-16T02:00:00+00:00,3097.2471701439626,3141.0
86,2019-04-16T03:00:00+00:00,3054.719286777037,3056.0
86,2019-04-16T04:00:00+00:00,2911.919154363247,3161.0
86,2019-04-16T05:00:00+00:00,2820.2177222057758,3198.0
86,2019-04-16T06:00:00+00:00,2771.772417078565,3067.0
86,2019-04-16T07:00:00+00:00,2672.0677070194997,3150.0
86,2019-04-16T08:00:00+00:00,2799.0976976232714,3061.0
86,2019-04-16T09:00:00+00:00,2948.19859011448,3152.0
86,2019-04-16T10:00:00+00:00,3036.7391995687403,3236.0
86,2019-04-16T11:00:00+00:00,3275.5563274307656,3577.0
86,2019-04-16T12:00:00+00:00,3410.391714053114,3586.0
86,2019-04-16T13:00:00+00:00,3471.4700656071063,3840.0
86,2019-04-16T14:00:00+00:00,3575.58438903026,3878.0
86,2019-04-16T15:00:00+00:00,3556.0024103060364,3768.0
86,2019-04-16T16:00:00+00:00,3623.997705235834,3824.0
86,2019-04-16T17:00:00+00:00,3571.469913123958,3983.0
86,2019-04-16T18:00:00+00:00,3673.854951133551,4148.0
86,2019-04-16T19:00:00+00:00,3674.7461466280743,4479.0
86,2019-04-16T20:00:00+00:00,3646.23106325836,4158.0
86,2019-04-16T21:00:00+00:00,3540.891445169456,3647.0
86,2019-04-16T22:00:00+00:00,3468.7156145664644,3641.0
86,2019-04-16T23:00:00+00:00,3483.2532575940827,3368.0
86,2019-04-17T00:00:00+00:00,3522.3038989141287,3041.0
86,2019-04-17T01:00:00+00:00,3438.6257707806813,3162.0
86,2019-04-17T02:00:00+00:00,3352.7763615447357,3019.0
86,2019-04-17T03:00:00+00:00,3238.5573887907562,3048.0
86,2019-04-17T04:00:00+00:00,3191.9015300604124,3080.0
86,2019-04-17T05:00:00+00:00,3108.978363610076,3012.0
86,2019-04-17T06:00:00+00:00,2998.5960786681026,3058.0
86,2019-04-17T07:00:00+00:00,2895.7737045129106,3027.0
86,2019-04-17T08:00:00+00:00,2946.5726408145115,3009.0
86,2019-04-17T09:00:00+00:00,3033.293649025838,3125.0
86,2019-04-17T10:00:00+00:00,3148.6785650992247,3199.0
86,2019-04-17T11:00:00+00:00,3228.724661817046,3474.0
86,2019-04-17T12:00:00+00:00,3430.5043519753153,3507.0
86,2019-04-17T13:00:00+00:00,3548.5937363992866,3710.0
86,2019-04-17T14:00:00+00:00,3523.560290248536,3870.0
86,2019-04-17T15:00:00+00:00,3551.96096695843,3705.0
86,2019-04-17T16:00:00+00:00,3606.8834338817546,3948.0
86,2019-04-17T17:00:00+00:00,3653.2122488486916,3959.0
86,2019-04-17T18:00:00+00:00,3586.7109158707044,4107.0
86,2019-04-17T19:00:00+00:00,3570.730466728769,4290.0
86,2019-04-17T20:00:00+00:00,3572.827129045053,4133.0
86,2019-04-17T21:00:00+00:00,3457.813010177477,3867.0
86,2019-04-17T22:00:00+00:00,3373.028058746118,3718.0
86,2019-04-17T23:00:00+00:00,3512.527251692503,3577.0
86,2019-04-18T00:00:00+00:00,3318.3132554421786,3392.0
86,2019-04-18T01:00:00+00:00,3321.086344656171,3310.0
86,2019-04-18T02:00:00+00:00,3304.3959926065913,3177.0
86,2019-04-18T03:00:00+00:00,3176.599573216601,3200.0
86,2019-04-18T04:00:00+00:00,3071.7632023313595,3222.0
86,2019-04-18T05:00:00+00:00,2962.0579556456178,3280.0
86,2019-04-18T06:00:00+00:00,2801.6975906200137,3275.0
86,2019-04-18T07:00:00+00:00,2771.9274047257513,3295.0
86,2019-04-18T08:00:00+00:00,2716.522989007851,3081.0
86,2019-04-18T09:00:00+00:00,2757.010388949797,3011.0
86,2019-04-18T10:00:00+00:00,2834.678565384341,3087.0
86,2019-04-18T11:00:00+00:00,2918.97489264698,3038.0
86,2019-04-18T12:00:00+00:00,2875.700887510722,3088.0
86,2019-04-18T13:00:00+00:00,3059.10014976734,3370.0
86,2019-04-18T14:00:00+00:00,3074.389895963894,3394.0
86,2019-04-18T15:00:00+00:00,3001.8311566470547,3187.0
87,2019-04-15T16:00:00+00:00,3782.8498322619553,3867.0
87,2019-04-15T17:00:00+00:00,3763.6960027822824,3902.0
87,2019-04-15T18:00:00+00:00,3778.235959058366,3993.0
87,2019-04-15T19:00:00+00:00,3781.511386699837,4068.0
87,2019-04-15T20:00:00+00:00,3682.735082389183,3922.0
87,2019-04-15T21:00:00+00:00,3541.612782133801,3581.0
87,2019-04-15T22:00:00+00:00,3569.727739611804,3629.0
87,2019-04-15T23:00:00+00:00,3447.956853301452,3493.0
87,2019-04-16T00:00:00+00:00,3420.7863621254924,3321.0
87,2019-04-16T01:00:00+00:00,3497.8585796625193,3236.0
87,2019-04-16T02:00:00+00:00,3310.4476653938896,3141.0
87,2019-04-16T03:00:00+00:00,3136.862971110528,3056.0
87,2019-04-16T04:00:00+00:00,3057.144265143383,3161.0
87,2019-04-16T05:00:00+00:00,3088.9900958393,3198.0
87,2019-04-16T06:00:00+00:00,2945.0813225752336,3067.0
87,2019-04-16T07:00:00+00:00,3037.4623540854514,3150.0
87,2019-04-16T08:00:00+00:00,3043.1029460972336,3061.0
87,2019-04-16T09:00:00+00:00,3078.77882227742,3152.0
87,2019-04-16T10:00:00+00:00,3294.603549202587,3236.0
87,2019-04-16T11:00:00+00:00,3439.222919348838,3577.0
87,2019-04-16T12:00:00+00:00,3592.910454804556,3586.0
87,2019-04-16T13:00:00+00:00,3752.9798462196113,3840.0
87,2019-04-16T14:00:00+00:00,3773.04635135813,3878.0
87,2019-04-16T15:00:00+00:00,3851.3243000881703,3768.0
87,2019-04-16T16:00:00+00:00,3908.1162683284697,3824.0
87,2019-04-16T17:00:00+00:00,3886.3306891160446,3983.0
87,2019-04-16T18:00:00+00:00,3851.3911199224153,4148.0
87,2019-04-16T19:00:00+00:00,3827.8022643919408,4479.0
87,2019-04-16T20:00:00+00:00,3883.109325395852,4158.0
87,2019-04-16T21:00:00+00:00,3709.276303889723,3647.0
87,2019-04-16T22:00:00+00:00,3786.9662248598424,3641.0
87,2019-04-16T23:00:00+00:00,3738.060847659258,3368.0
87,2019-04-17T00:00:00+00:00,3709.499168856167,3041.0
87,2019-04-17T01:00:00+00:00,3588.901231703433,3162.0
87,2019-04-17T02:00:00+00:00,3524.21949996838,3019.0
87,2019-04-17T03:00:00+00:00,3418.230090385527,3048.0
87,2019-04-17T04:00:00+00:00,3315.4777746124323,3080.0
87,2019-04-17T05:00:00+00:00,3199.557060624834,3012.0
87,2019-04-17T06:00:00+00:00,3144.445403023441,3058.0
87,2019-04-17T07:00:00+00:00,3106.93754972103,3027.0
87,2019-04-17T08:00:00+00:00,3096.068751806045,3009.0
87,2019-04-17T09:00:00+00:00,3173.747734415563,3125.0
87,2019-04-17T10:00:00+00:00,3388.4599705840783,3199.0
87,2019-04-17T11:00:00+00:00,3496.8125287064363,3474.0
87,2019-04-17T12:00:00+00:00,3687.280219066941,3507.0
87,2019-04-17T13:00:00+00:00,3769.315676418655,3710.0
87,2019-04-17T14:00:00+00:00,3885.4134530530814,3870.0
87,2019-04-17T15:00:00+00:00,3775.140766518761,3705.0
87,2019-04-17T16:00:00+00:00,3841.572107207465,3948.0
87,2019-04-17T17:00:00+00:00,3876.7798810374616,3959.0
87,2019-04-17T18:00:00+00:00,3872.2061922643584,4107.0
87,2019-04-17T19:00:00+00:00,3843.2095566569474,4290.0
87,2019-04-17T20:00:00+00:00,3773.461083761581,4133.0
87,2019-04-17T21:00:00+00:00,3712.0916594578202,3867.0
87,2019-04-17T22:00:00+00:00,3641.1682546204374,3718.0
87,2019-04-17T23:00:00+00:00,3558.8542491070743,3577.0
87,2019-04-18T00:00:00+00:00,3536.604301788411,3392.0
87,2019-04-18T01:00:00+00:00,3454.8762421113497,3310.0
87,2019-04-18T02:00:00+00:00,3342.699719043546,3177.0
87,2019-04-18T03:00:00+00:00,3202.453214657189,3200.0
87,2019-04-18T04:00:00+00:00,3130.2825723400415,3222.0
87,2019-04-18T05:00:00+00:00,3015.3984249898176,3280.0
87,2019-04-18T06:00:00+00:00,2922.072001878171,3275.0
87,2019-04-18T07:00:00+00:00,2832.9372841251657,3295.0
87,2019-04-18T08:00:00+00:00,2799.872834137642,3081.0
87,2019-04-18T09:00:00+00:00,2846.858149019078,3011.0
87,2019-04-18T10:00:00+00:00,3030.081472206694,3087.0
87,2019-04-18T11:00:00+00:00,3030.3475618730354,3038.0
87,2019-04-18T12:00:00+00:00,3198.9821853347594,3088.0
87,2019-04-18T13:00:00+00:00,3190.4548905629244,3370.0
87,2019-04-18T14:00:00+00:00,3245.0225712644597,3394.0
87,2019-04-18T15:00:00+00:00,3233.0207112046837,3187.0
87,2019-04-18T16:00:00+00:00,3228.5991019949815,3179.0
87,2019-04-18T17:00:00+00:00,3313.4837213887954,3247.0
87,2019-04-18T18:00:00+00:00,3341.8441475753903,3235.0
87,2019-04-18T19:00:00+00:00,3349.4477952813722,3517.0
87,2019-04-18T20:00:00+00:00,3236.4324387503807,3361.0
87,2019-04-18T21:00:00+00:00,3239.9547726191336,3356.0
87,2019-04-18T22:00:00+00:00,3209.85304865016,3338.0
87,2019-04-18T23:00:00+00:00,3283.7689212720775,3223.0
87,2019-04-19T00:00:00+00:00,3214.2134559147476,3077.0
87,2019-04-19T01:00:00+00:00,3162.50954376705,3122.0
87,2019-04-19T02:00:00+00:00,3058.725073051868,2991.0
87,2019-04-19T03:00:00+00:00,2958.081679811924,2925.0
87,2019-04-19T04:00:00+00:00,2923.521483366631,2924.0
87,2019-04-19T05:00:00+00:00,2784.3514656768816,2853.0
87,2019-04-19T06:00:00+00:00,2654.2371878476993,2852.0
87,2019-04-19T07:00:00+00:00,2643.760816011677,2833.0
87,2019-04-19T08:00:00+00:00,2643.1426499288914,2795.0
87,2019-04-19T09:00:00+00:00,2639.819833740285,2737.0
87,2019-04-19T10:00:00+00:00,2702.1956533121493,2700.0
87,2019-04-19T11:00:00+00:00,2844.5332021256595,2720.0
87,2019-04-19T12:00:00+00:00,2854.0197679897165,2747.0
87,2019-04-19T13:00:00+00:00,2964.637657287897,3004.0
87,2019-04-19T14:00:00+00:00,2998.5944924405835,3118.0
87,2019-04-19T15:00:00+00:00,2959.896224954641,3056.0
88,2019-04-16T16:00:00+00:00,3847.4881410186704,3824.0
88,2019-04-16T17:00:00+00:00,3850.6419578836712,3983.0
88,2019-04-16T18:00:00+00:00,3916.4674918456767,4148.0
88,2019-04-16T19:00:00+00:00,3908.8686689150654,4479.0
88,2019-04-16T20:00:00+00:00,3875.1089225316364,4158.0
88,2019-04-16T21:00:00+00:00,3764.5041526568957,3647.0
88,2019-04-16T22:00:00+00:00,3852.4190614476547,3641.0
88,2019-04-16T23:00:00+00:00,3859.8053959835092,3368.0
88,2019-04-17T00:00:00+00:00,3856.444179870376,3041.0
88,2019-04-17T01:00:00+00:00,3702.144294499443,3162.0
88,2019-04-17T02:00:00+00:00,3493.35110762674,3019.0
88,2019-04-17T03:00:00+00:00,3418.0743344093867,3048.0
88,2019-04-17T04:00:00+00:00,3217.833788902419,3080.0
88,2019-04-17T05:00:00+00:00,3103.0240290135634,3012.0
88,2019-04-17T06:00:00+00:00,3039.8453965617596,3058.0
88,2019-04-17T07:00:00+00:00,3091.7151355780243,3027.0
88,2019-04-17T08:00:00+00:00,3072.5008642205894,3009.0
88,2019-04-17T09:00:00+00:00,3014.6718336468152,3125.0
88,2019-04-17T10:00:00+00:00,3151.458544489003,3199.0
88,2019-04-17T11:00:00+00:00,3351.418435125898,3474.0
88,2019-04-17T12:00:00+00:00,3446.2751960214746,3507.0
88,2019-04-17T13:00:00+00:00,3462.5773023625325,3710.0
88,2019-04-17T14:00:00+00:00,3616.895735029198,3870.0
88,2019-04-17T15:00:00+00:00,3570.587111416724,3705.0
88,2019-04-17T16:00:00+00:00,3523.0813817233716,3948.0
88,2019-04-17T17:00:00+00:00,3617.07177323742,3959.0
88,2019-04-17T18:00:00+00:00,3804.799784301055,4107.0
88,2019-04-17T19:00:00+00:00,3786.364648073195,4290.0
88,2019-04-17T20:00:00+00:00,3749.1683728158787,4133.0
88,2019-04-17T21:00:00+00:00,3658.164153745898,3867.0
88,2019-04-17T22:00:00+00:00,3706.8420725295146,3718.0
88,2019-04-17T23:00:00+00:00,3779.4599979606633,3577.0
88,2019-04-18T00:00:00+00:00,3706.3383791993633,3392.0
88,2019-04-18T01:00:00+00:00,3474.318756737911,3310.0
88,2019-04-18T02:00:00+00:00,3441.481996492202,3177.0
88,2019-04-18T03:00:00+00:00,3309.203988664441,3200.0
88,2019-04-18T04:00:00+00:00,3126.4274776795314,3222.0
88,2019-04-18T05:00:00+00:00,3093.8837894911935,3280.0
88,2019-04-18T06:00:00+00:00,2916.3177302275144,3275.0
88,2019-04-18T07:00:00+00:00,2813.4938689840233,3295.0
88,2019-04-18T08:00:00+00:00,2806.56684645419,3081.0
88,2019-04-18T09:00:00+00:00,2870.7711567523775,3011.0
88,2019-04-18T10:00:00+00:00,2992.0317734976543,3087.0
88,2019-04-18T11:00:00+00:00,3055.4971000503456,3038.0
88,2019-04-18T12:00:00+00:00,3180.5995928934726,3088.0
88,2019-04-18T13:00:00+00:00,3252.112545625482,3370.0
88,2019-04-18T14:00:00+00:00,3156.9594823862844,3394.0
88,2019-04-18T15:00:00+00:00,3105.31472330649,3187.0
88,2019-04-18T16:00:00+00:00,3151.088788245002,3179.0
88,2019-04-18T17:00:00+00:00,3176.8559637625913,3247.0
88,2019-04-18T18:00:00+00:00,3212.827390480648,3235.0
88,2019-04-18T19:00:00+00:00,3189.6561754374093,3517.0
88,2019-04-18T20:00:00+00:00,3316.1061768196773,3361.0
88,2019-04-18T21:00:00+00:00,3324.877213625358,3356.0
88,2019-04-18T22:00:00+00:00,3280.583627704743,3338.0
88,2019-04-18T23:00:00+00:00,3240.564181404157,3223.0
88,2019-04-19T00:00:00+00:00,3315.4101864492327,3077.0
88,2019-04-19T01:00:00+00:00,3243.3356678674263,3122.0
88,2019-04-19T02:00:00+00:00,3164.401103560464,2991.0
88,2019-04-19T03:00:00+00:00,3012.696187271682,2925.0
88,2019-04-19T04:00:00+00:00,3025.6351773312244,2924.0
88,2019-04-19T05:00:00+00:00,2810.400824460851,2853.0
88,2019-04-19T06:00:00+00:00,2820.3011643825657,2852.0
88,2019-04-19T07:00:00+00:00,2732.97633222894,2833.0
88,2019-04-19T08:00:00+00:00,2713.003877163746,2795.0
88,2019-04-19T09:00:00+00:00,2864.187684666072,2737.0
88,2019-04-19T10:00:00+00:00,2909.439748565149,2700.0
88,2019-04-19T11:00:00+00:00,3033.95672517526,2720.0
88,2019-04-19T12:00:00+00:00,2961.1342094405445,2747.0
88,2019-04-19T13:00:00+00:00,3181.420465634646,3004.0
88,2019-04-19T14:00:00+00:00,3115.201481155072,3118.0
88,2019-04-19T15:00:00+00:00,3052.970966633245,3056.0
88,2019-04-19T16:00:00+00:00,3048.1869044354116,3415.0
88,2019-04-19T17:00:00+00:00,3156.206900044452,3442.0
88,2019-04-19T18:00:00+00:00,3058.60600684871,3357.0
88,2019-04-19T19:00:00+00:00,3017.648257400922,3359.0
88,2019-04-19T20:00:00+00:00,3002.5302203333185,3199.0
88,2019-04-19T21:00:00+00:00,2937.111619822795,3163.0
88,2019-04-19T22:00:00+00:00,2829.975433836392,3094.0
88,2019-04-19T23:00:00+00:00,2877.0122019729806,3051.0
88,2019-04-20T00:00:00+00:00,2869.506503816308,2982.0
88,2019-04-20T01:00:00+00:00,2882.19635701612,2988.0
88,2019-04-20T02:00:00+00:00,2737.1574957838607,2904.0
88,2019-04-20T03:00:00+00:00,2774.3749537878393,2856.0
88,2019-04-20T04:00:00+00:00,2764.8866034178236,2795.0
88,2019-04-20T05:00:00+00:00,2691.000984781194,2773.0
88,2019-04-20T06:00:00+00:00,2898.8352888569534,2756.0
88,2019-04-20T07:00:00+00:00,2786.6796511181515,2753.0
88,2019-04-20T08:00:00+00:00,2892.262755131249,2826.0
88,2019-04-20T09:00:00+00:00,3029.459076183857,2958.0
88,2019-04-20T10:00:00+00:00,3286.590993522326,3159.0
88,2019-04-20T11:00:00+00:00,3467.991856952832,3481.0
88,2019-04-20T12:00:00+00:00,3697.172760036686,3749.0
88,2019-04-20T13:00:00+00:00,3751.3524098313437,3986.0
88,2019-04-20T14:00:00+00:00,3671.7145353748633,4169.0
88,2019-04-20T15:00:00+00:00,3716.520836294645,3987.0
89,2019-04-17T16:00:00+00:00,3589.495009538111,3948.0
89,2019-04-17T17:00:00+00:00,3627.7546851150014,3959.0
89,2019-04-17T18:00:00+00:00,3794.479655875671,4107.0
89,2019-04-17T19:00:00+00:00,3776.8345931379877,4290.0
89,2019-04-17T20:00:00+00:00,3732.2120302391772,4133.0
89,2019-04-17T21:00:00+00:00,3595.6757120201723,3867.0
89,2019-04-17T22:00:00+00:00,3596.382376379965,3718.0
89,2019-04-17T23:00:00+00:00,3486.056732978989,3577.0
89,2019-04-18T00:00:00+00:00,3451.014001165402,3392.0
89,2019-04-18T01:00:00+00:00,3545.682860192769,3310.0
89,2019-04-18T02:00:00+00:00,3383.1510323094303,3177.0
89,2019-04-18T03:00:00+00:00,3189.613611665645,3200.0
89,2019-04-18T04:00:00+00:00,3077.859702569278,3222.0
89,2019-04-18T05:00:00+00:00,2903.0696240801726,3280.0
89,2019-04-18T06:00:00+00:00,2894.039792602419,3275.0
89,2019-04-18T07:00:00+00:00,2836.736530358438,3295.0
89,2019-04-18T08:00:00+00:00,2773.702657690962,3081.0
89,2019-04-18T09:00:00+00:00,2666.8571478974477,3011.0
89,2019-04-18T10:00:00+00:00,2756.2123182292116,3087.0
89,2019-04-18T11:00:00+00:00,2876.6042771292996,3038.0
89,2019-04-18T12:00:00+00:00,2944.3303760305303,3088.0
89,2019-04-18T13:00:00+00:00,2967.4035423852397,3370.0
89,2019-04-18T14:00:00+00:00,2971.4383434051097,3394.0
89,2019-04-18T15:00:00+00:00,2976.5411381950776,3187.0
89,2019-04-18T16:00:00+00:00,3087.6745183905837,3179.0
89,2019-04-18T17:00:00+00:00,3029.2423248026435,3247.0
89,2019-04-18T18:00:00+00:00,3019.4907598036643,3235.0
89,2019-04-18T19:00:00+00:00,3124.5333072199924,3517.0
89,2019-04-18T20:00:00+00:00,3208.4056160389123,3361.0
89,2019-04-18T21:00:00+00:00,3033.242922791631,3356.0
89,2019-04-18T22:00:00+00:00,3116.0650168072298,3338.0
89,2019-04-18T23:00:00+00:00,3122.006347642726,3223.0
89,2019-04-19T00:00:00+00:00,3021.344266659821,3077.0
89,2019-04-19T01:00:00+00:00,3126.5423139426384,3122.0
89,2019-04-19T02:00:00+00:00,3105.182901190365,2991.0
89,2019-04-19T03:00:00+00:00,2963.004041221586,2925.0
89,2019-04-19T04:00:00+00:00,2629.0890045730616,2924.0
89,2019-04-19T05:00:00+00:00,2647.506229648517,2853.0
89,2019-04-19T06:00:00+00:00,2648.469796773603,2852.0
89,2019-04-19T07:00:00+00:00,2547.1700688511933,2833.0
89,2019-04-19T08:00:00+00:00,2504.1605671537577,2795.0
89,2019-04-19T09:00:00+00:00,2445.969083591852,2737.0
89,2019-04-19T10:00:00+00:00,2740.0645220840033,2700.0
89,2019-04-19T11:00:00+00:00,2728.79477211714,2720.0
89,2019-04-19T12:00:00+00:00,2829.097886507814,2747.0
89,2019-04-19T13:00:00+00:00,2849.199057326908,3004.0
89,2019-04-19T14:00:00+00:00,2841.537446223663,3118.0
89,2019-04-19T15:00:00+00:00,2677.711041883034,3056.0
89,2019-04-19T16:00:00+00:00,2690.365766752577,3415.0
89,2019-04-19T17:00:00+00:00,2825.984915001432,3442.0
89,2019-04-19T18:00:00+00:00,2659.0347990722594,3357.0
89,2019-04-19T19:00:00+00:00,2847.824921645609,3359.0
89,2019-04-19T20:00:00+00:00,2634.1622228290785,3199.0
89,2019-04-19T21:00:00+00:00,2688.655813486906,3163.0
89,2019-04-19T22:00:00+00:00,2606.164447909055,3094.0
89,2019-04-19T23:00:00+00:00,2716.796613254908,3051.0
89,2019-04-20T00:00:00+00:00,2765.154543682938,2982.0
89,2019-04-20T01:00:00+00:00,2633.2019603446574,2988.0
89,2019-04-20T02:00:00+00:00,2795.2335812937463,2904.0
89,2019-04-20T03:00:00+00:00,2655.9292299609665,2856.0
89,2019-04-20T04:00:00+00:00,2593.26848427097,2795.0
89,2019-04-20T05:00:00+00:00,2662.94590739204,2773.0
89,2019-04-20T06:00:00+00:00,2677.861270847662,2756.0
89,2019-04-20T07:00:00+00:00,2565.383728061688,2753.0
89,2019-04-20T08:00:00+00:00,2735.7608885460395,2826.0
89,2019-04-20T09:00:00+00:00,2847.488443133104,2958.0
89,2019-04-20T10:00:00+00:00,3010.6547455009095,3159.0
89,2019-04-20T11:00:00+00:00,3248.209071025637,3481.0
89,2019-04-20T12:00:00+00:00,3294.7849574518896,3749.0
89,2019-04-20T13:00:00+00:00,3344.3148146643302,3986.0
89,2019-04-20T14:00:00+00:00,3411.3818546199473,4169.0
89,2019-04-20T15:00:00+00:00,3519.6737188856923,3987.0
89,2019-04-20T16:00:00+00:00,3430.4075920966457,4313.0
89,2019-04-20T17:00:00+00:00,3384.6516056079713,4589.0
89,2019-04-20T18:00:00+00:00,3497.3593228124605,4472.0
89,2019-04-20T19:00:00+00:00,3470.1003664059,4742.0
89,2019-04-20T20:00:00+00:00,3443.545984173911,4512.0
89,2019-04-20T21:00:00+00:00,3322.6735057363344,4230.0
89,2019-04-20T22:00:00+00:00,3181.4889377892237,4082.0
89,2019-04-20T23:00:00+00:00,3155.126679103894,3774.0
89,2019-04-21T00:00:00+00:00,3125.286864430821,3504.0
89,2019-04-21T01:00:00+00:00,3050.8014369902994,3336.0
89,2019-04-21T02:00:00+00:00,3003.9039925041443,3147.0
89,2019-04-21T03:00:00+00:00,2897.108944573584,3042.0
89,2019-04-21T04:00:00+00:00,2840.0748122653567,3077.0
89,2019-04-21T05:00:00+00:00,2693.0035970241534,3065.0
89,2019-04-21T06:00:00+00:00,2726.5574642941556,3011.0
89,2019-04-21T07:00:00+00:00,2675.978022225521,2936.0
89,2019-04-21T08:00:00+00:00,2690.039003883627,2903.0
89,2019-04-21T09:00:00+00:00,2892.063320067119,3039.0
89,2019-04-21T10:00:00+00:00,2912.186070189755,3304.0
89,2019-04-21T11:00:00+00:00,3098.1107057961203,3502.0
89,2019-04-21T12:00:00+00:00,3287.7954937366917,3643.0
89,2019-04-21T13:00:00+00:00,3402.432437441974,4039.0
89,2019-04-21T14:00:00+00:00,3342.091749842612,4140.0
89,2019-04-21T15:00:00+00:00,3398.5834481050924,4271.0
90,2019-04-18T16:00:00+00:00,3216.423021279349,3179.0
90,2019-04-18T17:00:00+00:00,3309.1003055635783,3247.0
90,2019-04-18T18:00:00+00:00,3351.6413083539437,3235.0
90,2019-04-18T19:00:00+00:00,3472.4643328439697,3517.0
90,2019-04-18T20:00:00+00:00,3422.904194796036,3361.0
90,2019-04-18T21:00:00+00:00,3280.0482676554193,3356.0
90,2019-04-18T22:00:00+00:00,3383.85440029016,3338.0
90,2019-04-18T23:00:00+00:00,3358.769360437028,3223.0
90,2019-04-19T00:00:00+00:00,3394.372947602669,3077.0
90,2019-04-19T01:00:00+00:00,3323.2573366026113,3122.0
90,2019-04-19T02:00:00+00:00,3286.941566327267,2991.0
90,2019-04-19T03:00:00+00:00,3097.8124950225156,2925.0
90,2019-04-19T04:00:00+00:00,2994.2473367850625,2924.0
90,2019-04-19T05:00:00+00:00,2876.632135250105,2853.0
90,2019-04-19T06:00:00+00:00,2857.8739373508397,2852.0
90,2019-04-19T07:00:00+00:00,2737.9681241389726,2833.0
90,2019-04-19T08:00:00+00:00,2719.0312773653604,2795.0
90,2019-04-19T09:00:00+00:00,2634.036778669437,2737.0
90,2019-04-19T10:00:00+00:00,2724.9050117760544,2700.0
90,2019-04-19T11:00:00+00:00,2815.286306080692,2720.0
90,2019-04-19T12:00:00+00:00,2867.2150990256387,2747.0
90,2019-04-19T13:00:00+00:00,2780.4675215033667,3004.0
90,2019-04-19T14:00:00+00:00,2872.7678206421397,3118.0
90,2019-04-19T15:00:00+00:00,2883.0506727208226,3056.0
90,2019-04-19T16:00:00+00:00,2876.8815695274952,3415.0
90,2019-04-19T17:00:00+00:00,2909.8131068674747,3442.0
90,2019-04-19T18:00:00+00:00,2902.837010423767,3357.0
90,2019-04-19T19:00:00+00:00,2873.877585070243,3359.0
90,2019-04-19T20:00:00+00:00,2884.5855461240653,3199.0
90,2019-04-19T21:00:00+00:00,2735.884019457216,3163.0
90,2019-04-19T22:00:00+00:00,2820.704859286196,3094.0
90,2019-04-19T23:00:00+00:00,2851.3033864095346,3051.0
90,2019-04-20T00:00:00+00:00,2838.963924259427,2982.0
90,2019-04-20T01:00:00+00:00,2779.4751379116824,2988.0
90,2019-04-20T02:00:00+00:00,2791.4614000675197,2904.0
90,2019-04-20T03:00:00+00:00,2685.6125038057407,2856.0
90,2019-04-20T04:00:00+00:00,2653.4478413784695,2795.0
90,2019-04-20T05:00:00+00:00,2675.1722186457796,2773.0
90,2019-04-20T06:00:00+00:00,2683.6880793609143,2756.0
90,2019-04-20T07:00:00+00:00,2731.4187228979226,2753.0
90,2019-04-20T08:00:00+00:00,2838.705038709735,2826.0
90,2019-04-20T09:00:00+00:00,2925.463785917455,2958.0
90,2019-04-20T10:00:00+00:00,3140.0836408561813,3159.0
90,2019-04-20T11:00:00+00:00,3185.0239780013335,3481.0
90,2019-04-20T12:00:00+00:00,3314.253149136417,3749.0
90,2019-04-20T13:00:00+00:00,3390.5598714482135,3986.0
90,2019-04-20T14:00:00+00:00,3425.24899844905,4169.0
90,2019-04-20T15:00:00+00:00,3420.1958311002672,3987.0
90,2019-04-20T16:00:00+00:00,3407.5676672800682,4313.0
90,2019-04-20T17:00:00+00:00,3481.1600816737005,4589.0
90,2019-04-20T18:00:00+00:00,3534.0125712541108,4472.0
90,2019-04-20T19:00:00+00:00,3476.7803422612233,4742.0
90,2019-04-20T20:00:00+00:00,3284.319961841356,4512.0
90,2019-04-20T21:00:00+00:00,3246.3046479184354,4230.0
90,2019-04-20T22:00:00+00:00,3180.3962253069517,4082.0
90,2019-04-20T23:00:00+00:00,3162.033890312941,3774.0
90,2019-04-21T00:00:00+00:00,3100.572795277134,3504.0
90,2019-04-21T01:00:00+00:00,3139.4570148932935,3336.0
90,2019-04-21T02:00:00+00:00,3013.241419934992,3147.0
90,2019-04-21T03:00:00+00:00,2990.029491718761,3042.0
90,2019-04-21T04:00:00+00:00,2848.149635637347,3077.0
90,2019-04-21T05:00:00+00:00,2857.551272236314,3065.0
90,2019-04-21T06:00:00+00:00,2853.3058664668674,3011.0
90,2019-04-21T07:00:00+00:00,2758.782403367156,2936.0
90,2019-04-21T08:00:00+00:00,2890.3704517936853,2903.0
90,2019-04-21T09:00:00+00:00,3032.4369209334495,3039.0
90,2019-04-21T10:00:00+00:00,3217.968139068653,3304.0
90,2019-04-21T11:00:00+00:00,3402.654393632235,3502.0
90,2019-04-21T12:00:00+00:00,3481.532200735777,3643.0
90,2019-04-21T13:00:00+00:00,3675.850028795794,4039.0
90,2019-04-21T14:00:00+00:00,3654.1911495064633,4140.0
90,2019-04-21T15:00:00+00:00,3692.6623881787236,4271.0
90,2019-04-21T16:00:00+00:00,3668.7432338137874,4629.0
90,2019-04-21T17:00:00+00:00,3762.115095734577,4867.0
90,2019-04-21T18:00:00+00:00,3748.0070890398088,4850.0
90,2019-04-21T19:00:00+00:00,3760.8571512190574,4935.0
90,2019-04-21T20:00:00+00:00,3648.415893387584,4575.0
90,2019-04-21T21:00:00+00:00,3632.9212594698033,4403.0
90,2019-04-21T22:00:00+00:00,3491.083364063232,4241.0
90,2019-04-21T23:00:00+00:00,3498.7845069304317,3913.0
90,2019-04-22T00:00:00+00:00,3465.9714492198923,3773.0
90,2019-04-22T01:00:00+00:00,3360.7618770027557,3618.0
90,2019-04-22T02:00:00+00:00,3267.745387877473,3420.0
90,2019-04-22T03:00:00+00:00,3070.712260507092,3311.0
90,2019-04-22T04:00:00+00:00,3007.3765750076864,3388.0
90,2019-04-22T05:00:00+00:00,2862.7145089040446,3125.0
90,2019-04-22T06:00:00+00:00,2880.9341825605493,3124.0
90,2019-04-22T07:00:00+00:00,2840.798065921287,3135.0
90,2019-04-22T08:00:00+00:00,2990.1364959834923,3025.0
90,2019-04-22T09:00:00+00:00,3044.984178888569,3129.0
90,2019-04-22T10:00:00+00:00,3189.0216679065356,3207.0
90,2019-04-22T11:00:00+00:00,3317.394804923771,3410.0
90,2019-04-22T12:00:00+00:00,3494.272482752136,3501.0
90,2019-04-22T13:00:00+00:00,3716.373151903328,3748.0
90,2019-04-22T14:00:00+00:00,3678.930053034747,4018.0
90,2019-04-22T15:00:00+00:00,3696.300202715513,3924.0
91,2019-04-19T16:00:00+00:00,2960.0026013376455,3415.0
91,2019-04-19T17:00:00+00:00,2973.9453099063535,3442.0
91,2019-04-19T18:00:00+00:00,2971.766295944699,3357.0
91,2019-04-19T19:00:00+00:00,2951.088696654418,3359.0
91,2019-04-19T20:00:00+00:00,2899.6255275791627,3199.0
91,2019-04-19T21:00:00+00:00,2758.7646244003786,3163.0
91,2019-04-19T22:00:00+00:00,2770.2467966691847,3094.0
91,2019-04-19T23:00:00+00:00,2777.670341458927,3051.0
91,2019-04-20T00:00:00+00:00,2744.455398135521,2982.0
91,2019-04-20T01:00:00+00:00,2868.6583016968357,2988.0
91,2019-04-20T02:00:00+00:00,2800.971561065924,2904.0
91,2019-04-20T03:00:00+00:00,2675.5679824118142,2856.0
91,2019-04-20T04:00:00+00:00,2663.442396605542,2795.0
91,2019-04-20T05:00:00+00:00,2631.821545846095,2773.0
91,2019-04-20T06:00:00+00:00,2621.335722737771,2756.0
91,2019-04-20T07:00:00+00:00,2707.9901424396985,2753.0
91,2019-04-20T08:00:00+00:00,2724.3221392555706,2826.0
91,2019-04-20T09:00:00+00:00,2832.2194170335188,2958.0
91,2019-04-20T10:00:00+00:00,3007.7000332359717,3159.0
91,2019-04-20T11:00:00+00:00,3142.712416412335,3481.0
91,2019-04-20T12:00:00+00:00,3366.2868912726817,3749.0
91,2019-04-20T13:00:00+00:00,3504.192799226671,3986.0
91,2019-04-20T14:00:00+00:00,3562.8909502953265,4169.0
91,2019-04-20T15:00:00+00:00,3585.2305525152306,3987.0
91,2019-04-20T16:00:00+00:00,3674.8732100616417,4313.0
91,2019-04-20T17:00:00+00:00,3707.7261630466087,4589.0
91,2019-04-20T18:00:00+00:00,3716.5250331882894,4472.0
91,2019-04-20T19:00:00+00:00,3643.950398549852,4742.0
91,2019-04-20T20:00:00+00:00,3620.764940505347,4512.0
91,2019-04-20T21:00:00+00:00,3559.578758526458,4230.0
91,2019-04-20T22:00:00+00:00,3545.5192309102445,4082.0
91,2019-04-20T23:00:00+00:00,3484.7775644087988,3774.0
91,2019-04-21T00:00:00+00:00,3458.7987349182213,3504.0
91,2019-04-21T01:00:00+00:00,3380.411034940897,3336.0
91,2019-04-21T02:00:00+00:00,3354.4228001331767,3147.0
91,2019-04-21T03:00:00+00:00,3259.3502869938375,3042.0
91,2019-04-21T04:00:00+00:00,3140.200195532434,3077.0
91,2019-04-21T05:00:00+00:00,3012.2022095850853,3065.0
91,2019-04-21T06:00:00+00:00,2965.847254910488,3011.0
91,2019-04-21T07:00:00+00:00,2972.4899792039164,2936.0
91,2019-04-21T08:00:00+00:00,2998.944156469342,2903.0
91,2019-04-21T09:00:00+00:00,3068.7745183603856,3039.0
91,2019-04-21T10:00:00+00:00,3231.5129275932923,3304.0
91,2019-04-21T11:00:00+00:00,3406.797888414376,3502.0
91,2019-04-21T12:00:00+00:00,3620.3696063425996,3643.0
91,2019-04-21T13:00:00+00:00,3654.9120238211153,4039.0
91,2019-04-21T14:00:00+00:00,3789.4670447294493,4140.0
91,2019-04-21T15:00:00+00:00,3824.4472610032576,4271.0
91,2019-04-21T16:00:00+00:00,3805.0292255024224,4629.0
91,2019-04-21T17:00:00+00:00,3960.036270929248,4867.0
91,2019-04-21T18:00:00+00:00,4008.6150835393228,4850.0
91,2019-04-21T19:00:00+00:00,3990.6773618243515,4935.0
91,2019-04-21T20:00:00+00:00,3911.4572930871404,4575.0
91,2019-04-21T21:00:00+00:00,3876.2976678716323,4403.0
91,2019-04-21T22:00:00+00:00,3757.2290853722297,4241.0
91,2019-04-21T23:00:00+00:00,3714.7684844892424,3913.0
91,2019-04-22T00:00:00+00:00,3695.736133600413,3773.0
91,2019-04-22T01:00:00+00:00,3614.311324273971,3618.0
91,2019-04-22T02:00:00+00:00,3494.3476715888655,3420.0
91,2019-04-22T03:00:00+00:00,3404.604110970551,3311.0
91,2019-04-22T04:00:00+00:00,3250.662502348109,3388.0
91,2019-04-22T05:00:00+00:00,3170.416392254041,3125.0
91,2019-04-22T06:00:00+00:00,3079.1073696523295,3124.0
91,2019-04-22T07:00:00+00:00,3013.864906489248,3135.0
91,2019-04-22T08:00:00+00:00,3017.3787639546954,3025.0
91,2019-04-22T09:00:00+00:00,3129.8698061977857,3129.0
91,2019-04-22T10:00:00+00:00,3272.8474804313,3207.0
91,2019-04-22T11:00:00+00:00,3361.952896090434,3410.0
91,2019-04-22T12:00:00+00:00,3512.426774093085,3501.0
91,2019-04-22T13:00:00+00:00,3646.896882259534,3748.0
91,2019-04-22T14:00:00+00:00,3673.140586961009,4018.0
91,2019-04-22T15:00:00+00:00,3690.776264519204,3924.0
91,2019-04-22T16:00:00+00:00,3657.900278188802,4378.0
91,2019-04-22T17:00:00+00:00,3737.5325017097457,4469.0
91,2019-04-22T18:00:00+00:00,3784.6539677865776,4580.0
91,2019-04-22T19:00:00+00:00,3772.9321099303424,4629.0
91,2019-04-22T20:00:00+00:00,3674.88309093723,4295.0
91,2019-04-22T21:00:00+00:00,3637.2459435688024,3965.0
91,2019-04-22T22:00:00+00:00,3507.5629543928026,3874.0
91,2019-04-22T23:00:00+00:00,3514.687214400724,3645.0
91,2019-04-23T00:00:00+00:00,3548.128773457728,3444.0
91,2019-04-23T01:00:00+00:00,3452.846432675718,3436.0
91,2019-04-23T02:00:00+00:00,3367.6007028040426,3260.0
91,2019-04-23T03:00:00+00:00,3220.068585198498,3102.0
91,2019-04-23T04:00:00+00:00,3149.7185189932807,3138.0
91,2019-04-23T05:00:00+00:00,3102.3628365093205,3214.0
91,2019-04-23T06:00:00+00:00,3049.107874742326,2974.0
91,2019-04-23T07:00:00+00:00,3051.4684126157063,2787.0
91,2019-04-23T08:00:00+00:00,3083.6104382544227,2774.0
91,2019-04-23T09:00:00+00:00,3142.2028242985966,3071.0
91,2019-04-23T10:00:00+00:00,3252.332254660091,3182.0
91,2019-04-23T11:00:00+00:00,3436.4723677841803,3429.0
91,2019-04-23T12:00:00+00:00,3598.49589236364,3701.0
91,2019-04-23T13:00:00+00:00,3731.1884177932093,3983.0
91,2019-04-23T14:00:00+00:00,3819.7454182651677,4145.0
91,2019-04-23T15:00:00+00:00,3791.6652256069606,4026.0
92,2019-04-20T16:00:00+00:00,4179.14881789838,4313.0
92,2019-04-20T17:00:00+00:00,4190.119894441945,4589.0
92,2019-04-20T18:00:00+00:00,4214.4883147052815,4472.0
92,2019-04-20T19:00:00+00:00,4206.270334299685,4742.0
92,2019-04-20T20:00:00+00:00,4159.171273686561,4512.0
92,2019-04-20T21:00:00+00:00,3900.752504488357,4230.0
92,2019-04-20T22:00:00+00:00,3907.7153162765917,4082.0
92,2019-04-20T23:00:00+00:00,3855.0641949751,3774.0
92,2019-04-21T00:00:00+00:00,3807.6606778175146,3504.0
92,2019-04-21T01:00:00+00:00,3755.9038583727715,3336.0
92,2019-04-21T02:00:00+00:00,3513.5153227281194,3147.0
92,2019-04-21T03:00:00+00:00,3447.1691261061483,3042.0
92,2019-04-21T04:00:00+00:00,3296.404396609748,3077.0
92,2019-04-21T05:00:00+00:00,3278.241149692597,3065.0
92,2019-04-21T06:00:00+00:00,3195.734318396434,3011.0
92,2019-04-21T07:00:00+00:00,3139.012078074165,2936.0
92,2019-04-21T08:00:00+00:00,3119.6133581980157,2903.0
92,2019-04-21T09:00:00+00:00,3183.007882824461,3039.0
92,2019-04-21T10:00:00+00:00,3417.8335872061443,3304.0
92,2019-04-21T11:00:00+00:00,3532.564791655593,3502.0
92,2019-04-21T12:00:00+00:00,3640.508053508394,3643.0
92,2019-04-21T13:00:00+00:00,3862.0361936643835,4039.0
92,2019-04-21T14:00:00+00:00,3943.6779030808693,4140.0
92,2019-04-21T15:00:00+00:00,4014.4040869633677,4271.0
92,2019-04-21T16:00:00+00:00,4105.900333981952,4629.0
92,2019-04-21T17:00:00+00:00,4152.45254265784,4867.0
92,2019-04-21T18:00:00+00:00,4183.993222834755,4850.0
92,2019-04-21T19:00:00+00:00,4209.680789558726,4935.0
92,2019-04-21T20:00:00+00:00,4192.571012515951,4575.0
92,2019-04-21T21:00:00+00:00,4077.985042892926,4403.0
92,2019-04-21T22:00:00+00:00,4016.391431766455,4241.0
92,2019-04-21T23:00:00+00:00,4008.275895221472,3913.0
92,2019-04-22T00:00:00+00:00,3978.4333376966474,3773.0
92,2019-04-22T01:00:00+00:00,3789.7879914308296,3618.0
92,2019-04-22T02:00:00+00:00,3694.121816635585,3420.0
92,2019-04-22T03:00:00+00:00,3549.6045268394746,3311.0
92,2019-04-22T04:00:00+00:00,3451.9134334767828,3388.0
92,2019-04-22T05:00:00+00:00,3313.3606400472295,3125.0
92,2019-04-22T06:00:00+00:00,3200.9208197344456,3124.0
92,2019-04-22T07:00:00+00:00,3183.9481357096556,3135.0
92,2019-04-22T08:00:00+00:00,3076.3634934618153,3025.0
92,2019-04-22T09:00:00+00:00,3232.6437838904394,3129.0
92,2019-04-22T10:00:00+00:00,3311.028786454821,3207.0
92,2019-04-22T11:00:00+00:00,3435.513294970399,3410.0
92,2019-04-22T12:00:00+00:00,3601.6468341912628,3501.0
92,2019-04-22T13:00:00+00:00,3670.6685174651866,3748.0
92,2019-04-22T14:00:00+00:00,3829.379866798981,4018.0
92,2019-04-22T15:00:00+00:00,3738.9523736178476,3924.0
92,2019-04-22T16:00:00+00:00,3779.9375185367485,4378.0
92,2019-04-22T17:00:00+00:00,3897.0689537247645,4469.0
92,2019-04-22T18:00:00+00:00,3941.8157380661705,4580.0
92,2019-04-22T19:00:00+00:00,3928.2310212206967,4629.0
92,2019-04-22T20:00:00+00:00,3903.8653438091123,4295.0
92,2019-04-22T21:00:00+00:00,3745.3551809990004,3965.0
92,2019-04-22T22:00:00+00:00,3694.703896042309,3874.0
92,2019-04-22T23:00:00+00:00,3682.0863483802464,3645.0
92,2019-04-23T00:00:00+00:00,3598.8369643266697,3444.0
92,2019-04-23T01:00:00+00:00,3549.428967804149,3436.0
92,2019-04-23T02:00:00+00:00,3386.651493587782,3260.0
92,2019-04-23T03:00:00+00:00,3266.480429262142,3102.0
92,2019-04-23T04:00:00+00:00,3179.0331932182867,3138.0
92,2019-04-23T05:00:00+00:00,3136.8212004525235,3214.0
92,2019-04-23T06:00:00+00:00,3096.3599071718304,2974.0
92,2019-04-23T07:00:00+00:00,3132.522358643524,2787.0
92,2019-04-23T08:00:00+00:00,3182.3286635053905,2774.0
92,2019-04-23T09:00:00+00:00,3251.8357324001827,3071.0
92,2019-04-23T10:00:00+00:00,3438.359548928713,3182.0
92,2019-04-23T11:00:00+00:00,3504.872927321924,3429.0
92,2019-04-23T12:00:00+00:00,3714.275861705318,3701.0
92,2019-04-23T13:00:00+00:00,3817.7976961036534,3983.0
92,2019-04-23T14:00:00+00:00,3904.2002360940983,4145.0
92,2019-04-23T15:00:00+00:00,3886.360728299689,4026.0
92,2019-04-23T16:00:00+00:00,4025.9849358024294,3983.0
92,2019-04-23T17:00:00+00:00,4069.436862792088,4251.0
92,2019-04-23T18:00:00+00:00,4126.388775640571,4332.0
92,2019-04-23T19:00:00+00:00,4128.009437515476,4511.0
92,2019-04-23T20:00:00+00:00,4030.2684771251497,4355.0
92,2019-04-23T21:00:00+00:00,3965.4794106612994,4301.0
92,2019-04-23T22:00:00+00:00,3893.7772672512215,4037.0
92,2019-04-23T23:00:00+00:00,3891.948346921612,3697.0
92,2019-04-24T00:00:00+00:00,3812.8486331974186,3504.0
92,2019-04-24T01:00:00+00:00,3816.2185405155005,3436.0
92,2019-04-24T02:00:00+00:00,3573.133221386644,3378.0
92,2019-04-24T03:00:00+00:00,3425.7943591671856,3376.0
92,2019-04-24T04:00:00+00:00,3342.794132627343,3377.0
92,2019-04-24T05:00:00+00:00,3305.347720856495,3278.0
92,2019-04-24T06:00:00+00:00,3194.7456360022943,3250.0
92,2019-04-24T07:00:00+00:00,3252.8540078514766,3146.0
92,2019-04-24T08:00:00+00:00,3329.1718089711026,3183.0
92,2019-04-24T09:00:00+00:00,3313.0317332926475,3317.0
92,2019-04-24T10:00:00+00:00,3412.819959882918,3400.0
92,2019-04-24T11:00:00+00:00,3693.1932126087345,3734.0
92,2019-04-24T12:00:00+00:00,3756.6476008008253,3844.0
92,2019-04-24T13:00:00+00:00,3848.0831746168014,4020.0
92,2019-04-24T14:00:00+00:00,3946.4986121668435,4242.0
92,2019-04-24T15:00:00+00:00,4022.181889232392,4231.0
93,2019-04-21T16:00:00+00:00,4002.8348704594464,4629.0
93,2019-04-21T17:00:00+00:00,4082.272285413191,4867.0
93,2019-04-21T18:00:00+00:00,4193.204644317048,4850.0
93,2019-04-21T19:00:00+00:00,4127.804748072689,4935.0
93,2019-04-21T20:00:00+00:00,4005.2399218425835,4575.0
93,2019-04-21T21:00:00+00:00,3933.8637151412895,4403.0
93,2019-04-21T22:00:00+00:00,3766.565025714778,4241.0
93,2019-04-21T23:00:00+00:00,3656.9875364371433,3913.0
93,2019-04-22T00:00:00+00:00,3601.287024915663,3773.0
93,2019-04-22T01:00:00+00:00,3525.930345487031,3618.0
93,2019-04-22T02:00:00+00:00,3451.518000174815,3420.0
93,2019-04-22T03:00:00+00:00,3275.340947475427,3311.0
93,2019-04-22T04:00:00+00:00,3143.8339949308156,3388.0
93,2019-04-22T05:00:00+00:00,3006.0597087491105,3125.0
93,2019-04-22T06:00:00+00:00,2855.783818223073,3124.0
93,2019-04-22T07:00:00+00:00,2801.4268744567407,3135.0
93,2019-04-22T08:00:00+00:00,2715.9327801850905,3025.0
93,2019-04-22T09:00:00+00:00,2844.6275165702373,3129.0
93,2019-04-22T10:00:00+00:00,3120.584261625378,3207.0
93,2019-04-22T11:00:00+00:00,3195.037964515516,3410.0
93,2019-04-22T12:00:00+00:00,3478.4425599924894,3501.0
93,2019-04-22T13:00:00+00:00,3627.6462929011914,3748.0
93,2019-04-22T14:00:00+00:00,3720.0337354142994,4018.0
93,2019-04-22T15:00:00+00:00,3811.523108780301,3924.0
93,2019-04-22T16:00:00+00:00,3847.6546288153704,4378.0
93,2019-04-22T17:00:00+00:00,3884.034723921258,4469.0
93,2019-04-22T18:00:00+00:00,3869.866704952014,4580.0
93,2019-04-22T19:00:00+00:00,3945.654606941015,4629.0
93,2019-04-22T20:00:00+00:00,3874.2299542075734,4295.0
93,2019-04-22T21:00:00+00:00,3683.4356331637455,3965.0
93,2019-04-22T22:00:00+00:00,3666.5578749420565,3874.0
93,2019-04-22T23:00:00+00:00,3625.396956186187,3645.0
93,2019-04-23T00:00:00+00:00,3578.074055737623,3444.0
93,2019-04-23T01:00:00+00:00,3429.134970845773,3436.0
93,2019-04-23T02:00:00+00:00,3444.117455684101,3260.0
93,2019-04-23T03:00:00+00:00,3257.4075383165236,3102.0
93,2019-04-23T04:00:00+00:00,3193.9489532307884,3138.0
93,2019-04-23T05:00:00+00:00,2963.1402915562016,3214.0
93,2019-04-23T06:00:00+00:00,2960.507517384843,2974.0
93,2019-04-23T07:00:00+00:00,2748.057720831569,2787.0
93,2019-04-23T08:00:00+00:00,2827.8988967817577,2774.0
93,2019-04-23T09:00:00+00:00,2956.253916106547,3071.0
93,2019-04-23T10:00:00+00:00,3142.367494542931,3182.0
93,2019-04-23T11:00:00+00:00,3321.910001557105,3429.0
93,2019-04-23T12:00:00+00:00,3484.802357475388,3701.0
93,2019-04-23T13:00:00+00:00,3676.33878515014,3983.0
93,2019-04-23T14:00:00+00:00,3867.3944041313457,4145.0
93,2019-04-23T15:00:00+00:00,3709.0229040435347,4026.0
93,2019-04-23T16:00:00+00:00,3819.9464065104103,3983.0
93,2019-04-23T17:00:00+00:00,3909.6092388880807,4251.0
93,2019-04-23T18:00:00+00:00,3982.262292649498,4332.0
93,2019-04-23T19:00:00+00:00,4003.125943209215,4511.0
93,2019-04-23T20:00:00+00:00,4000.1630023890216,4355.0
93,2019-04-23T21:00:00+00:00,3993.543807137128,4301.0
93,2019-04-23T22:00:00+00:00,3893.5893653830126,4037.0
93,2019-04-23T23:00:00+00:00,3781.684021128174,3697.0
93,2019-04-24T00:00:00+00:00,3760.3681304934585,3504.0
93,2019-04-24T01:00:00+00:00,3721.76401222006,3436.0
93,2019-04-24T02:00:00+00:00,3683.807967027465,3378.0
93,2019-04-24T03:00:00+00:00,3492.135189878877,3376.0
93,2019-04-24T04:00:00+00:00,3363.469837945443,3377.0
93,2019-04-24T05:00:00+00:00,3276.0270900166906,3278.0
93,2019-04-24T06:00:00+00:00,3174.8022452517484,3250.0
93,2019-04-24T07:00:00+00:00,3006.5105278286233,3146.0
93,2019-04-24T08:00:00+00:00,3111.9432376450586,3183.0
93,2019-04-24T09:00:00+00:00,3142.020077669825,3317.0
93,2019-04-24T10:00:00+00:00,3341.995469136839,3400.0
93,2019-04-24T11:00:00+00:00,3476.9259777753277,3734.0
93,2019-04-24T12:00:00+00:00,3678.491890728981,3844.0
93,2019-04-24T13:00:00+00:00,3817.352825377338,4020.0
93,2019-04-24T14:00:00+00:00,3941.606488219266,4242.0
93,2019-04-24T15:00:00+00:00,3873.998959825093,4231.0
93,2019-04-24T16:00:00+00:00,3962.1125766590358,4437.0
93,2019-04-24T17:00:00+00:00,4027.385508609048,4382.0
93,2019-04-24T18:00:00+00:00,4028.4435884571512,4508.0
93,2019-04-24T19:00:00+00:00,4096.214762657052,4397.0
93,2019-04-24T20:00:00+00:00,4078.609553885788,4376.0
93,2019-04-24T21:00:00+00:00,3948.2653391591384,4158.0
93,2019-04-24T22:00:00+00:00,3816.7629139722376,4023.0
93,2019-04-24T23:00:00+00:00,3919.691300999961,3788.0
93,2019-04-25T00:00:00+00:00,3796.5208332751904,3697.0
93,2019-04-25T01:00:00+00:00,3776.907724835903,3653.0
93,2019-04-25T02:00:00+00:00,3704.2933023238593,3504.0
93,2019-04-25T03:00:00+00:00,3520.1881853444115,3295.0
93,2019-04-25T04:00:00+00:00,3336.16440383333,3444.0
93,2019-04-25T05:00:00+00:00,3194.286224857053,3471.0
93,2019-04-25T06:00:00+00:00,2983.7012700774167,3256.0
93,2019-04-25T07:00:00+00:00,2948.7915417889917,3202.0
93,2019-04-25T08:00:00+00:00,2797.340884552971,2987.0
93,2019-04-25T09:00:00+00:00,2802.0876704041043,2986.0
93,2019-04-25T10:00:00+00:00,2797.183253193253,2959.0
93,2019-04-25T11:00:00+00:00,2952.428100562329,2989.0
93,2019-04-25T12:00:00+00:00,2992.3414513743664,3164.0
93,2019-04-25T13:00:00+00:00,3157.8195151193377,3185.0
93,2019-04-25T14:00:00+00:00,3165.6203837802036,3303.0
93,2019-04-25T15:00:00+00:00,3192.7072840705437,3261.0
94,2019-04-22T16:00:00+00:00,4331.525204123873,4378.0
94,2019-04-22T17:00:00+00:00,4478.4469504678,4469.0
94,2019-04-22T18:00:00+00:00,4476.584983731542,4580.0
94,2019-04-22T19:00:00+00:00,4508.4285011789925,4629.0
94,2019-04-22T20:00:00+00:00,4263.652775733998,4295.0
94,2019-04-22T21:00:00+00:00,4199.286571089635,3965.0
94,2019-04-22T22:00:00+00:00,3997.3515462969094,3874.0
94,2019-04-22T23:00:00+00:00,3918.243736203087,3645.0
94,2019-04-23T00:00:00+00:00,3667.46879914135,3444.0
94,2019-04-23T01:00:00+00:00,3718.0839643755726,3436.0
94,2019-04-23T02:00:00+00:00,3622.448093135226,3260.0
94,2019-04-23T03:00:00+00:00,3442.0126887365864,3102.0
94,2019-04-23T04:00:00+00:00,3294.318061295542,3138.0
94,2019-04-23T05:00:00+00:00,3168.9208936443215,3214.0
94,2019-04-23T06:00:00+00:00,3025.414030777926,2974.0
94,2019-04-23T07:00:00+00:00,2957.0906180765055,2787.0
94,2019-04-23T08:00:00+00:00,3006.731542196295,2774.0
94,2019-04-23T09:00:00+00:00,3144.1816926983784,3071.0
94,2019-04-23T10:00:00+00:00,3235.0869212572397,3182.0
94,2019-04-23T11:00:00+00:00,3385.311317220116,3429.0
94,2019-04-23T12:00:00+00:00,3622.3271102404824,3701.0
94,2019-04-23T13:00:00+00:00,3879.0018222813533,3983.0
94,2019-04-23T14:00:00+00:00,4039.7013095319944,4145.0
94,2019-04-23T15:00:00+00:00,4054.0297688055216,4026.0
94,2019-04-23T16:00:00+00:00,4126.966757292871,3983.0
94,2019-04-23T17:00:00+00:00,4170.3156455865965,4251.0
94,2019-04-23T18:00:00+00:00,4283.946772335892,4332.0
94,2019-04-23T19:00:00+00:00,4183.212270152815,4511.0
94,2019-04-23T20:00:00+00:00,4130.4899668914,4355.0
94,2019-04-23T21:00:00+00:00,4064.643018857886,4301.0
94,2019-04-23T22:00:00+00:00,4041.820311219173,4037.0
94,2019-04-23T23:00:00+00:00,3903.98579796135,3697.0
94,2019-04-24T00:00:00+00:00,3888.5216989233127,3504.0
94,2019-04-24T01:00:00+00:00,3937.6690088669784,3436.0
94,2019-04-24T02:00:00+00:00,3710.902187096878,3378.0
94,2019-04-24T03:00:00+00:00,3550.098306247631,3376.0
94,2019-04-24T04:00:00+00:00,3311.9648341847696,3377.0
94,2019-04-24T05:00:00+00:00,3087.4498028253674,3278.0
94,2019-04-24T06:00:00+00:00,2972.8694510914725,3250.0
94,2019-04-24T07:00:00+00:00,2932.69576068785,3146.0
94,2019-04-24T08:00:00+00:00,2931.844386113339,3183.0
94,2019-04-24T09:00:00+00:00,2799.6110405041645,3317.0
94,2019-04-24T10:00:00+00:00,2906.138941283371,3400.0
94,2019-04-24T11:00:00+00:00,3167.407417789385,3734.0
94,2019-04-24T12:00:00+00:00,3348.2443525520193,3844.0
94,2019-04-24T13:00:00+00:00,3449.914406768945,4020.0
94,2019-04-24T14:00:00+00:00,3647.989859113059,4242.0
94,2019-04-24T15:00:00+00:00,3702.766987939939,4231.0
94,2019-04-24T16:00:00+00:00,3685.345418050426,4437.0
94,2019-04-24T17:00:00+00:00,3764.6361730514604,4382.0
94,2019-04-24T18:00:00+00:00,3780.699733906119,4508.0
94,2019-04-24T19:00:00+00:00,3771.8362580394387,4397.0
94,2019-04-24T20:00:00+00:00,3773.1872281896767,4376.0
94,2019-04-24T21:00:00+00:00,3676.917857333859,4158.0
94,2019-04-24T22:00:00+00:00,3573.8860680997295,4023.0
94,2019-04-24T23:00:00+00:00,3526.4414742586787,3788.0
94,2019-04-25T00:00:00+00:00,3576.8849799335608,3697.0
94,2019-04-25T01:00:00+00:00,3438.9656613346733,3653.0
94,2019-04-25T02:00:00+00:00,3415.135690959682,3504.0
94,2019-04-25T03:00:00+00:00,3239.536421634154,3295.0
94,2019-04-25T04:00:00+00:00,3061.5142228194923,3444.0
94,2019-04-25T05:00:00+00:00,2827.375375607616,3471.0
94,2019-04-25T06:00:00+00:00,2694.282823425555,3256.0
94,2019-04-25T07:00:00+00:00,2600.6531003936793,3202.0
94,2019-04-25T08:00:00+00:00,2482.420988539389,2987.0
94,2019-04-25T09:00:00+00:00,2499.9880617573795,2986.0
94,2019-04-25T10:00:00+00:00,2517.0858760009473,2959.0
94,2019-04-25T11:00:00+00:00,2711.541573669506,2989.0
94,2019-04-25T12:00:00+00:00,2918.5973704974167,3164.0
94,2019-04-25T13:00:00+00:00,3060.4874709648925,3185.0
94,2019-04-25T14:00:00+00:00,3120.77898757656,3303.0
94,2019-04-25T15:00:00+00:00,3107.3594697179274,3261.0
94,2019-04-25T16:00:00+00:00,3215.3124306910795,3345.0
94,2019-04-25T17:00:00+00:00,3227.4463441918274,3419.0
94,2019-04-25T18:00:00+00:00,3326.2161466219736,3506.0
94,2019-04-25T19:00:00+00:00,3339.442243862487,3635.0
94,2019-04-25T20:00:00+00:00,3356.6041103037433,3500.0
94,2019-04-25T21:00:00+00:00,3263.727663588239,3506.0
94,2019-04-25T22:00:00+00:00,3359.7165695908225,3414.0
94,2019-04-25T23:00:00+00:00,3251.3891597839247,3262.0
94,2019-04-26T00:00:00+00:00,3463.2610077313057,3165.0
94,2019-04-26T01:00:00+00:00,3267.3583235779893,3141.0
94,2019-04-26T02:00:00+00:00,3289.2911080088343,3086.0
94,2019-04-26T03:00:00+00:00,3099.835926501664,6035.0
94,2019-04-26T04:00:00+00:00,3032.8732987332564,2970.0
94,2019-04-26T05:00:00+00:00,2775.8319037642023,2870.0
94,2019-04-26T06:00:00+00:00,2722.5796683257563,2923.0
94,2019-04-26T07:00:00+00:00,2652.4029140002126,2837.0
94,2019-04-26T08:00:00+00:00,2461.9521764463193,2715.0
94,2019-04-26T09:00:00+00:00,2551.4748920597963,2580.0
94,2019-04-26T10:00:00+00:00,2496.869406269054,2597.0
94,2019-04-26T11:00:00+00:00,2620.712401415548,2687.0
94,2019-04-26T12:00:00+00:00,2717.0787634748817,2939.0
94,2019-04-26T13:00:00+00:00,2802.2396838746918,3056.0
94,2019-04-26T14:00:00+00:00,2981.291493058129,2962.0
94,2019-04-26T15:00:00+00:00,3043.164280227975,3040.0
95,2019-04-23T16:00:00+00:00,4157.400382847029,3983.0
95,2019-04-23T17:00:00+00:00,4208.1520627871205,4251.0
95,2019-04-23T18:00:00+00:00,4299.670186526907,4332.0
95,2019-04-23T19:00:00+00:00,4224.935936167518,4511.0
95,2019-04-23T20:00:00+00:00,4127.26285309645,4355.0
95,2019-04-23T21:00:00+00:00,3967.051031668736,4301.0
95,2019-04-23T22:00:00+00:00,3901.068989924839,4037.0
95,2019-04-23T23:00:00+00:00,3848.599194256633,3697.0
95,2019-04-24T00:00:00+00:00,3710.2227529761644,3504.0
95,2019-04-24T01:00:00+00:00,3667.5129160942265,3436.0
95,2019-04-24T02:00:00+00:00,3562.3756411532377,3378.0
95,2019-04-24T03:00:00+00:00,3493.7858000598076,3376.0
95,2019-04-24T04:00:00+00:00,3367.1543078122204,3377.0
95,2019-04-24T05:00:00+00:00,3159.4806423191844,3278.0
95,2019-04-24T06:00:00+00:00,3068.815396765411,3250.0
95,2019-04-24T07:00:00+00:00,3011.508895973579,3146.0
95,2019-04-24T08:00:00+00:00,2882.3226934287413,3183.0
95,2019-04-24T09:00:00+00:00,3018.0020522305113,3317.0
95,2019-04-24T10:00:00+00:00,3072.040990425655,3400.0
95,2019-04-24T11:00:00+00:00,3288.511691984803,3734.0
95,2019-04-24T12:00:00+00:00,3477.333068197241,3844.0
95,2019-04-24T13:00:00+00:00,3627.768035863288,4020.0
95,2019-04-24T14:00:00+00:00,3834.19799984207,4242.0
95,2019-04-24T15:00:00+00:00,3792.0117171806805,4231.0
95,2019-04-24T16:00:00+00:00,3963.345538091128,4437.0
95,2019-04-24T17:00:00+00:00,3913.2959621067116,4382.0
95,2019-04-24T18:00:00+00:00,3912.345547451472,4508.0
95,2019-04-24T19:00:00+00:00,4004.201934209723,4397.0
95,2019-04-24T20:00:00+00:00,3990.049744469264,4376.0
95,2019-04-24T21:00:00+00:00,3957.700154350382,4158.0
95,2019-04-24T22:00:00+00:00,3837.33496303968,4023.0
95,2019-04-24T23:00:00+00:00,3768.9024971963163,3788.0
95,2019-04-25T00:00:00+00:00,3760.2285755181774,3697.0
95,2019-04-25T01:00:00+00:00,3629.7813551420018,3653.0
95,2019-04-25T02:00:00+00:00,3465.8930796665227,3504.0
95,2019-04-25T03:00:00+00:00,3493.36060020705,3295.0
95,2019-04-25T04:00:00+00:00,3288.5646984210684,3444.0
95,2019-04-25T05:00:00+00:00,3020.8456955227,3471.0
95,2019-04-25T06:00:00+00:00,2892.7022392932804,3256.0
95,2019-04-25T07:00:00+00:00,2660.9257805535567,3202.0
95,2019-04-25T08:00:00+00:00,2607.0210107694097,2987.0
95,2019-04-25T09:00:00+00:00,2577.548837370313,2986.0
95,2019-04-25T10:00:00+00:00,2558.496063802174,2959.0
95,2019-04-25T11:00:00+00:00,2768.7193256610317,2989.0
95,2019-04-25T12:00:00+00:00,3017.0064300909753,3164.0
95,2019-04-25T13:00:00+00:00,3056.717107291032,3185.0
95,2019-04-25T14:00:00+00:00,2969.478625397981,3303.0
95,2019-04-25T15:00:00+00:00,2922.191001988516,3261.0
95,2019-04-25T16:00:00+00:00,3171.9733076105185,3345.0
95,2019-04-25T17:00:00+00:00,3159.55308004256,3419.0
95,2019-04-25T18:00:00+00:00,3190.4288995640945,3506.0
95,2019-04-25T19:00:00+00:00,3232.792476197159,3635.0
95,2019-04-25T20:00:00+00:00,3190.1886852341595,3500.0
95,2019-04-25T21:00:00+00:00,3178.2254233773497,3506.0
95,2019-04-25T22:00:00+00:00,3247.0446974105457,3414.0
95,2019-04-25T23:00:00+00:00,3291.7589971342154,3262.0
95,2019-04-26T00:00:00+00:00,3316.6239231342565,3165.0
95,2019-04-26T01:00:00+00:00,3244.0692650486385,3141.0
95,2019-04-26T02:00:00+00:00,3231.3086264457834,3086.0
95,2019-04-26T03:00:00+00:00,3219.0466250728623,6035.0
95,2019-04-26T04:00:00+00:00,3099.7025016348166,2970.0
95,2019-04-26T05:00:00+00:00,3030.148853829852,2870.0
95,2019-04-26T06:00:00+00:00,2843.112867567864,2923.0
95,2019-04-26T07:00:00+00:00,2717.8968603178964,2837.0
95,2019-04-26T08:00:00+00:00,2569.156305844794,2715.0
95,2019-04-26T09:00:00+00:00,2625.163421927168,2580.0
95,2019-04-26T10:00:00+00:00,2700.165149901978,2597.0
95,2019-04-26T11:00:00+00:00,2769.0801263288313,2687.0
95,2019-04-26T12:00:00+00:00,2929.378264970714,2939.0
95,2019-04-26T13:00:00+00:00,2939.374075961239,3056.0
95,2019-04-26T14:00:00+00:00,2914.5751271120735,2962.0
95,2019-04-26T15:00:00+00:00,2889.26495035204,3040.0
95,2019-04-26T16:00:00+00:00,2934.8729570971386,3055.0
95,2019-04-26T17:00:00+00:00,2858.6428280943537,3047.0
95,2019-04-26T18:00:00+00:00,2834.605466732832,3078.0
95,2019-04-26T19:00:00+00:00,2853.548261859641,3069.0
95,2019-04-26T20:00:00+00:00,2791.374289739592,3027.0
95,2019-04-26T21:00:00+00:00,2664.3425807226745,3028.0
95,2019-04-26T22:00:00+00:00,2736.2666968462167,2997.0
95,2019-04-26T23:00:00+00:00,2712.3204113814213,2789.0
95,2019-04-27T00:00:00+00:00,2752.8054319820885,2759.0
95,2019-04-27T01:00:00+00:00,2627.8249795187185,2790.0
95,2019-04-27T02:00:00+00:00,2679.580344921569,2678.0
95,2019-04-27T03:00:00+00:00,2669.8735578036,2652.0
95,2019-04-27T04:00:00+00:00,2677.706679757356,2633.0
95,2019-04-27T05:00:00+00:00,2712.9188818058437,2614.0
95,2019-04-27T06:00:00+00:00,2675.9564098755723,2623.0
95,2019-04-27T07:00:00+00:00,2686.4475204089604,2769.0
95,2019-04-27T08:00:00+00:00,2674.87090150995,2762.0
95,2019-04-27T09:00:00+00:00,2810.4353910022064,2902.0
95,2019-04-27T10:00:00+00:00,3051.461935520003,3109.0
95,2019-04-27T11:00:00+00:00,3212.298978438322,3539.0
95,2019-04-27T12:00:00+00:00,3515.176829961643,3432.0
95,2019-04-27T13:00:00+00:00,3771.6210928857436,3732.0
95,2019-04-27T14:00:00+00:00,3831.2597116412376,3756.0
95,2019-04-27T15:00:00+00:00,3873.6281791424863,3578.0
96,2019-04-24T16:00:00+00:00,3882.148798540178,4437.0
96,2019-04-24T17:00:00+00:00,4039.3337673972387,4382.0
96,2019-04-24T18:00:00+00:00,4157.770502601503,4508.0
96,2019-04-24T19:00:00+00:00,4099.572409758267,4397.0
96,2019-04-24T20:00:00+00:00,3965.1350010111983,4376.0
96,2019-04-24T21:00:00+00:00,3785.333633232138,4158.0
96,2019-04-24T22:00:00+00:00,3713.7700203587347,4023.0
96,2019-04-24T23:00:00+00:00,3665.111301537381,3788.0
96,2019-04-25T00:00:00+00:00,3578.29827560674,3697.0
96,2019-04-25T01:00:00+00:00,3665.5867401898477,3653.0
96,2019-04-25T02:00:00+00:00,3502.972610230748,3504.0
96,2019-04-25T03:00:00+00:00,3332.6936967133656,3295.0
96,2019-04-25T04:00:00+00:00,3166.4082101147274,3444.0
96,2019-04-25T05:00:00+00:00,3019.666434501413,3471.0
96,2019-04-25T06:00:00+00:00,2950.1374558390125,3256.0
96,2019-04-25T07:00:00+00:00,2740.388376869168,3202.0
96,2019-04-25T08:00:00+00:00,2809.5409900062377,2987.0
96,2019-04-25T09:00:00+00:00,2674.7079827251678,2986.0
96,2019-04-25T10:00:00+00:00,2807.8116054534567,2959.0
96,2019-04-25T11:00:00+00:00,2908.76421392042,2989.0
96,2019-04-25T12:00:00+00:00,3000.831502845908,3164.0
96,2019-04-25T13:00:00+00:00,3127.8347258602935,3185.0
96,2019-04-25T14:00:00+00:00,3202.354306762087,3303.0
96,2019-04-25T15:00:00+00:00,3234.6706191494727,3261.0
96,2019-04-25T16:00:00+00:00,3242.9075681924855,3345.0
96,2019-04-25T17:00:00+00:00,3187.4340193918742,3419.0
96,2019-04-25T18:00:00+00:00,3271.8794189949094,3506.0
96,2019-04-25T19:00:00+00:00,3195.240671173904,3635.0
96,2019-04-25T20:00:00+00:00,3144.246100144938,3500.0
96,2019-04-25T21:00:00+00:00,2989.577879525489,3506.0
96,2019-04-25T22:00:00+00:00,3060.814828669162,3414.0
96,2019-04-25T23:00:00+00:00,3020.7966216088257,3262.0
96,2019-04-26T00:00:00+00:00,3184.8125470915897,3165.0
96,2019-04-26T01:00:00+00:00,3016.218636802858,3141.0
96,2019-04-26T02:00:00+00:00,3019.976740259852,3086.0
96,2019-04-26T03:00:00+00:00,2818.8916029533384,6035.0
96,2019-04-26T04:00:00+00:00,2578.26561393054,2970.0
96,2019-04-26T05:00:00+00:00,2544.438651155986,2870.0
96,2019-04-26T06:00:00+00:00,2412.42063593254,2923.0
96,2019-04-26T07:00:00+00:00,2357.7632011905444,2837.0
96,2019-04-26T08:00:00+00:00,2303.6456125475747,2715.0
96,2019-04-26T09:00:00+00:00,2306.7108650427554,2580.0
96,2019-04-26T10:00:00+00:00,2378.8064920168085,2597.0
96,2019-04-26T11:00:00+00:00,2566.6807334298674,2687.0
96,2019-04-26T12:00:00+00:00,2645.29430146584,2939.0
96,2019-04-26T13:00:00+00:00,2797.516625343533,3056.0
96,2019-04-26T14:00:00+00:00,2487.8593695888826,2962.0
96,2019-04-26T15:00:00+00:00,2583.3842379492935,3040.0
96,2019-04-26T16:00:00+00:00,2682.756897714345,3055.0
96,2019-04-26T17:00:00+00:00,2738.690188124264,3047.0
96,2019-04-26T18:00:00+00:00,2715.2362280257325,3078.0
96,2019-04-26T19:00:00+00:00,2476.4637789054977,3069.0
96,2019-04-26T20:00:00+00:00,2298.6499211615574,3027.0
96,2019-04-26T21:00:00+00:00,2499.618074188532,3028.0
96,2019-04-26T22:00:00+00:00,2330.313798342462,2997.0
96,2019-04-26T23:00:00+00:00,2280.4208623255645,2789.0
96,2019-04-27T00:00:00+00:00,2274.697489065125,2759.0
96,2019-04-27T01:00:00+00:00,2318.2502736878782,2790.0
96,2019-04-27T02:00:00+00:00,2484.4772681467466,2678.0
96,2019-04-27T03:00:00+00:00,2363.7271522913916,2652.0
96,2019-04-27T04:00:00+00:00,2357.904639811004,2633.0
96,2019-04-27T05:00:00+00:00,2231.4664442575113,2614.0
96,2019-04-27T06:00:00+00:00,2297.1979942390053,2623.0
96,2019-04-27T07:00:00+00:00,2331.149079316935,2769.0
96,2019-04-27T08:00:00+00:00,2269.7255910918957,2762.0
96,2019-04-27T09:00:00+00:00,2463.3674879503037,2902.0
96,2019-04-27T10:00:00+00:00,2845.4656725820882,3109.0
96,2019-04-27T11:00:00+00:00,3151.1249740602834,3539.0
96,2019-04-27T12:00:00+00:00,3012.546652281593,3432.0
96,2019-04-27T13:00:00+00:00,3446.849236889781,3732.0
96,2019-04-27T14:00:00+00:00,3468.81349802296,3756.0
96,2019-04-27T15:00:00+00:00,3514.783643815327,3578.0
96,2019-04-27T16:00:00+00:00,3569.4466468768433,3682.0
96,2019-04-27T17:00:00+00:00,3711.606835625865,3758.0
96,2019-04-27T18:00:00+00:00,3692.883766056869,3699.0
96,2019-04-27T19:00:00+00:00,3614.35202092376,3747.0
96,2019-04-27T20:00:00+00:00,3592.362925415984,3574.0
96,2019-04-27T21:00:00+00:00,3457.787316596307,3620.0
96,2019-04-27T22:00:00+00:00,3301.991734337214,3431.0
96,2019-04-27T23:00:00+00:00,3215.390254978739,3252.0
96,2019-04-28T00:00:00+00:00,3217.048854128477,3071.0
96,2019-04-28T01:00:00+00:00,3181.6333175398754,3041.0
96,2019-04-28T02:00:00+00:00,3073.4883238976827,2844.0
96,2019-04-28T03:00:00+00:00,2874.1369993624417,2923.0
96,2019-04-28T04:00:00+00:00,2835.657697366959,2925.0
96,2019-04-28T05:00:00+00:00,2565.4076536601024,2932.0
96,2019-04-28T06:00:00+00:00,2761.0532202464824,2919.0
96,2019-04-28T07:00:00+00:00,2510.4489678750897,2946.0
96,2019-04-28T08:00:00+00:00,2579.300759572429,2836.0
96,2019-04-28T09:00:00+00:00,2691.0358156938023,2973.0
96,2019-04-28T10:00:00+00:00,2972.5006201468573,3186.0
96,2019-04-28T11:00:00+00:00,3209.08278648077,3432.0
96,2019-04-28T12:00:00+00:00,3460.158792830288,3543.0
96,2019-04-28T13:00:00+00:00,3733.44449597517,3675.0
96,2019-04-28T14:00:00+00:00,3804.182873981722,3762.0
96,2019-04-28T15:00:00+00:00,3985.6373882534235,3746.0
97,2019-04-25T16:00:00+00:00,3464.8747463840173,3345.0
97,2019-04-25T17:00:00+00:00,3605.2969750377324,3419.0
97,2019-04-25T18:00:00+00:00,3563.5605861564686,3506.0
97,2019-04-25T19:00:00+00:00,3613.6269992850735,3635.0
97,2019-04-25T20:00:00+00:00,3605.7435641771935,3500.0
97,2019-04-25T21:00:00+00:00,3519.7723293631343,3506.0
97,2019-04-25T22:00:00+00:00,3522.397073257677,3414.0
97,2019-04-25T23:00:00+00:00,3475.5268755338047,3262.0
97,2019-04-26T00:00:00+00:00,3463.986938146175,3165.0
97,2019-04-26T01:00:00+00:00,3350.955735863195,3141.0
97,2019-04-26T02:00:00+00:00,3390.877315230489,3086.0
97,2019-04-26T03:00:00+00:00,3283.8519338455812,6035.0
97,2019-04-26T04:00:00+00:00,3200.118882584282,2970.0
97,2019-04-26T05:00:00+00:00,2923.31130822034,2870.0
97,2019-04-26T06:00:00+00:00,2750.593900356291,2923.0
97,2019-04-26T07:00:00+00:00,2448.071495982893,2837.0
97,2019-04-26T08:00:00+00:00,2420.3615552647866,2715.0
97,2019-04-26T09:00:00+00:00,2318.8462986782088,2580.0
97,2019-04-26T10:00:00+00:00,2490.4205982898447,2597.0
97,2019-04-26T11:00:00+00:00,2474.8866721945574,2687.0
97,2019-04-26T12:00:00+00:00,2458.970729638402,2939.0
97,2019-04-26T13:00:00+00:00,2408.237621778847,3056.0
97,2019-04-26T14:00:00+00:00,2661.2657619851666,2962.0
97,2019-04-26T15:00:00+00:00,2701.526992320004,3040.0
97,2019-04-26T16:00:00+00:00,2629.7006274673304,3055.0
97,2019-04-26T17:00:00+00:00,2648.7460647331927,3047.0
97,2019-04-26T18:00:00+00:00,2598.6351546180344,3078.0
97,2019-04-26T19:00:00+00:00,2656.126252637411,3069.0
97,2019-04-26T20:00:00+00:00,2685.2594359970976,3027.0
97,2019-04-26T21:00:00+00:00,2559.0712034635017,3028.0
97,2019-04-26T22:00:00+00:00,2555.609526274154,2997.0
97,2019-04-26T23:00:00+00:00,2605.115290590747,2789.0
97,2019-04-27T00:00:00+00:00,2692.0020926242337,2759.0
97,2019-04-27T01:00:00+00:00,2699.4917302272747,2790.0
97,2019-04-27T02:00:00+00:00,2685.810385688758,2678.0
97,2019-04-27T03:00:00+00:00,2628.4134038355196,2652.0
97,2019-04-27T04:00:00+00:00,2505.6883025331636,2633.0
97,2019-04-27T05:00:00+00:00,2579.5926254359574,2614.0
97,2019-04-27T06:00:00+00:00,2549.364019788653,2623.0
97,2019-04-27T07:00:00+00:00,2513.1405316038777,2769.0
97,2019-04-27T08:00:00+00:00,2590.8679271991377,2762.0
97,2019-04-27T09:00:00+00:00,2688.1935603506927,2902.0
97,2019-04-27T10:00:00+00:00,2855.4411269861175,3109.0
97,2019-04-27T11:00:00+00:00,3083.995693263142,3539.0
97,2019-04-27T12:00:00+00:00,3250.716995872674,3432.0
97,2019-04-27T13:00:00+00:00,3414.6827569101442,3732.0
97,2019-04-27T14:00:00+00:00,3547.6572673276532,3756.0
97,2019-04-27T15:00:00+00:00,3700.2874830026212,3578.0
97,2019-04-27T16:00:00+00:00,3692.5254108231616,3682.0
97,2019-04-27T17:00:00+00:00,3729.0718615401224,3758.0
97,2019-04-27T18:00:00+00:00,3734.9119547088476,3699.0
97,2019-04-27T19:00:00+00:00,3773.7888380227305,3747.0
97,2019-04-27T20:00:00+00:00,3545.291722923666,3574.0
97,2019-04-27T21:00:00+00:00,3439.279461750615,3620.0
97,2019-04-27T22:00:00+00:00,3567.627045633909,3431.0
97,2019-04-27T23:00:00+00:00,3576.685825763888,3252.0
97,2019-04-28T00:00:00+00:00,3425.4269203024505,3071.0
97,2019-04-28T01:00:00+00:00,3467.033833362462,3041.0
97,2019-04-28T02:00:00+00:00,3395.716003138514,2844.0
97,2019-04-28T03:00:00+00:00,3304.7411623240455,2923.0
97,2019-04-28T04:00:00+00:00,3153.842875775171,2925.0
97,2019-04-28T05:00:00+00:00,3112.163128434904,2932.0
97,2019-04-28T06:00:00+00:00,3043.4754451929866,2919.0
97,2019-04-28T07:00:00+00:00,2881.2867877194994,2946.0
97,2019-04-28T08:00:00+00:00,2881.088839743669,2836.0
97,2019-04-28T09:00:00+00:00,3048.771991065141,2973.0
97,2019-04-28T10:00:00+00:00,3178.032085375247,3186.0
97,2019-04-28T11:00:00+00:00,3506.2350836808127,3432.0
97,2019-04-28T12:00:00+00:00,3643.078469110405,3543.0
97,2019-04-28T13:00:00+00:00,3840.587588660563,3675.0
97,2019-04-28T14:00:00+00:00,3945.101277908076,3762.0
97,2019-04-28T15:00:00+00:00,4118.521748073593,3746.0
97,2019-04-28T16:00:00+00:00,4213.645433057279,3809.0
97,2019-04-28T17:00:00+00:00,4207.56925635945,3725.0
97,2019-04-28T18:00:00+00:00,4191.8798138744705,3837.0
97,2019-04-28T19:00:00+00:00,4264.787126688649,3908.0
97,2019-04-28T20:00:00+00:00,4165.4966863833415,3846.0
97,2019-04-28T21:00:00+00:00,4075.485412693958,3850.0
97,2019-04-28T22:00:00+00:00,4081.6212051093826,3734.0
97,2019-04-28T23:00:00+00:00,3969.190191663971,3499.0
97,2019-04-29T00:00:00+00:00,3936.538028645806,3357.0
97,2019-04-29T01:00:00+00:00,3865.960355314791,3264.0
97,2019-04-29T02:00:00+00:00,3682.584258589234,3059.0
97,2019-04-29T03:00:00+00:00,3479.04454985922,3047.0
97,2019-04-29T04:00:00+00:00,3408.6185099651157,3104.0
97,2019-04-29T05:00:00+00:00,3113.478838069247,3191.0
97,2019-04-29T06:00:00+00:00,3007.411108502635,3117.0
97,2019-04-29T07:00:00+00:00,2920.6978661968715,3078.0
97,2019-04-29T08:00:00+00:00,2947.1943428628088,2976.0
97,2019-04-29T09:00:00+00:00,2995.4518122146237,2994.0
97,2019-04-29T10:00:00+00:00,3265.281142118425,3212.0
97,2019-04-29T11:00:00+00:00,3351.6795182616324,3418.0
97,2019-04-29T12:00:00+00:00,3630.469943117357,3502.0
97,2019-04-29T13:00:00+00:00,3859.6339842722186,3681.0
97,2019-04-29T14:00:00+00:00,3928.402069421514,3758.0
97,2019-04-29T15:00:00+00:00,4138.3937420625725,3732.0
98,2019-04-26T16:00:00+00:00,3070.7332449753144,3055.0
98,2019-04-26T17:00:00+00:00,3211.1348361480773,3047.0
98,2019-04-26T18:00:00+00:00,3208.375428146438,3078.0
98,2019-04-26T19:00:00+00:00,3096.3033978164594,3069.0
98,2019-04-26T20:00:00+00:00,3071.0790756209017,3027.0
98,2019-04-26T21:00:00+00:00,3122.527373813165,3028.0
98,2019-04-26T22:00:00+00:00,3026.957727571744,2997.0
98,2019-04-26T23:00:00+00:00,3039.0047951158167,2789.0
98,2019-04-27T00:00:00+00:00,2966.322032634822,2759.0
98,2019-04-27T01:00:00+00:00,3046.171602372299,2790.0
98,2019-04-27T02:00:00+00:00,3044.75850497756,2678.0
98,2019-04-27T03:00:00+00:00,2977.283657906085,2652.0
98,2019-04-27T04:00:00+00:00,2974.691365582872,2633.0
98,2019-04-27T05:00:00+00:00,2842.263310545719,2614.0
98,2019-04-27T06:00:00+00:00,2797.4687080538915,2623.0
98,2019-04-27T07:00:00+00:00,2806.9688890374878,2769.0
98,2019-04-27T08:00:00+00:00,2830.4872896289858,2762.0
98,2019-04-27T09:00:00+00:00,3171.455817405591,2902.0
98,2019-04-27T10:00:00+00:00,3446.628115121288,3109.0
98,2019-04-27T11:00:00+00:00,3365.584537403556,3539.0
98,2019-04-27T12:00:00+00:00,3624.592127475442,3432.0
98,2019-04-27T13:00:00+00:00,3921.2151369033827,3732.0
98,2019-04-27T14:00:00+00:00,3985.56138151813,3756.0
98,2019-04-27T15:00:00+00:00,4235.48461354129,3578.0
98,2019-04-27T16:00:00+00:00,4286.898345192198,3682.0
98,2019-04-27T17:00:00+00:00,4233.373939548586,3758.0
98,2019-04-27T18:00:00+00:00,4312.874340953405,3699.0
98,2019-04-27T19:00:00+00:00,4147.059369092643,3747.0
98,2019-04-27T20:00:00+00:00,4102.105152456697,3574.0
98,2019-04-27T21:00:00+00:00,3948.900755466195,3620.0
98,2019-04-27T22:00:00+00:00,4006.5647522851614,3431.0
98,2019-04-27T23:00:00+00:00,3903.9719845633704,3252.0
98,2019-04-28T00:00:00+00:00,3714.367334158924,3071.0
98,2019-04-28T01:00:00+00:00,3766.017611988629,3041.0
98,2019-04-28T02:00:00+00:00,3680.056869408681,2844.0
98,2019-04-28T03:00:00+00:00,3496.9723576521965,2923.0
98,2019-04-28T04:00:00+00:00,3434.22121351681,2925.0
98,2019-04-28T05:00:00+00:00,3186.54421184643,2932.0
98,2019-04-28T06:00:00+00:00,3105.868118432242,2919.0
98,2019-04-28T07:00:00+00:00,3062.7003244469556,2946.0
98,2019-04-28T08:00:00+00:00,3155.3395144859196,2836.0
98,2019-04-28T09:00:00+00:00,3168.506293426497,2973.0
98,2019-04-28T10:00:00+00:00,3567.941696994822,3186.0
98,2019-04-28T11:00:00+00:00,3724.015001255397,3432.0
98,2019-04-28T12:00:00+00:00,4159.631808409629,3543.0
98,2019-04-28T13:00:00+00:00,4130.2531563413495,3675.0
98,2019-04-28T14:00:00+00:00,4375.002114196958,3762.0
98,2019-04-28T15:00:00+00:00,4341.924379553961,3746.0
98,2019-04-28T16:00:00+00:00,4449.190834475377,3809.0
98,2019-04-28T17:00:00+00:00,4641.685095723662,3725.0
98,2019-04-28T18:00:00+00:00,4441.995838634023,3837.0
98,2019-04-28T19:00:00+00:00,4424.336499848667,3908.0
98,2019-04-28T20:00:00+00:00,4260.192354308103,3846.0
98,2019-04-28T21:00:00+00:00,4270.593578615404,3850.0
98,2019-04-28T22:00:00+00:00,4159.986396352978,3734.0
98,2019-04-28T23:00:00+00:00,4027.8346092754146,3499.0
98,2019-04-29T00:00:00+00:00,3918.099389498842,3357.0
98,2019-04-29T01:00:00+00:00,3888.408911537418,3264.0
98,2019-04-29T02:00:00+00:00,3732.4075658273223,3059.0
98,2019-04-29T03:00:00+00:00,3590.6975517528826,3047.0
98,2019-04-29T04:00:00+00:00,3158.8230683964694,3104.0
98,2019-04-29T05:00:00+00:00,3155.738285474959,3191.0
98,2019-04-29T06:00:00+00:00,3184.3171153631006,3117.0
98,2019-04-29T07:00:00+00:00,2877.322639917046,3078.0
98,2019-04-29T08:00:00+00:00,3013.2020616646723,2976.0
98,2019-04-29T09:00:00+00:00,3159.9184245912734,2994.0
98,2019-04-29T10:00:00+00:00,3271.7713902915725,3212.0
98,2019-04-29T11:00:00+00:00,3518.448044186266,3418.0
98,2019-04-29T12:00:00+00:00,3765.581102003196,3502.0
98,2019-04-29T13:00:00+00:00,3889.998542836479,3681.0
98,2019-04-29T14:00:00+00:00,3890.9200749323063,3758.0
98,2019-04-29T15:00:00+00:00,3975.088843065279,3732.0
98,2019-04-29T16:00:00+00:00,4082.407841773267,3863.0
98,2019-04-29T17:00:00+00:00,4290.162140498528,3898.0
98,2019-04-29T18:00:00+00:00,4225.228793423246,4018.0
98,2019-04-29T19:00:00+00:00,4167.30637370428,4154.0
98,2019-04-29T20:00:00+00:00,3946.2015249710644,3937.0
98,2019-04-29T21:00:00+00:00,4061.571619731069,3779.0
98,2019-04-29T22:00:00+00:00,3940.0585945318035,3561.0
98,2019-04-29T23:00:00+00:00,3963.57336001857,3402.0
98,2019-04-30T00:00:00+00:00,3856.401946562678,3264.0
98,2019-04-30T01:00:00+00:00,3858.794341172068,3164.0
98,2019-04-30T02:00:00+00:00,3695.976083559095,3083.0
98,2019-04-30T03:00:00+00:00,3731.6943252326064,3007.0
98,2019-04-30T04:00:00+00:00,3519.5956632731863,3037.0
98,2019-04-30T05:00:00+00:00,3392.034501252134,2962.0
98,2019-04-30T06:00:00+00:00,3142.937165023958,2933.0
98,2019-04-30T07:00:00+00:00,3114.733742315355,2912.0
98,2019-04-30T08:00:00+00:00,3156.5446177972067,2899.0
98,2019-04-30T09:00:00+00:00,3327.5776172679243,2983.0
98,2019-04-30T10:00:00+00:00,3606.1335448220643,3141.0
98,2019-04-30T11:00:00+00:00,3571.0238362038003,3514.0
98,2019-04-30T12:00:00+00:00,3966.673707797612,3572.0
98,2019-04-30T13:00:00+00:00,4015.830634245613,3818.0
98,2019-04-30T14:00:00+00:00,4257.759213479314,3995.0
98,2019-04-30T15:00:00+00:00,4184.160107188335,4070.0
99,2019-04-27T16:00:00+00:00,3879.5897509020547,3682.0
99,2019-04-27T17:00:00+00:00,4115.957809567286,3758.0
99,2019-04-27T18:00:00+00:00,3951.5431461418884,3699.0
99,2019-04-27T19:00:00+00:00,4021.3907582572033,3747.0
99,2019-04-27T20:00:00+00:00,3925.944077694925,3574.0
99,2019-04-27T21:00:00+00:00,3794.0445999321305,3620.0
99,2019-04-27T22:00:00+00:00,3740.9657920357813,3431.0
99,2019-04-27T23:00:00+00:00,3665.1708511621637,3252.0
99,2019-04-28T00:00:00+00:00,3603.9700296251285,3071.0
99,2019-04-28T01:00:00+00:00,3650.3405491572576,3041.0
99,2019-04-28T02:00:00+00:00,3584.879649246223,2844.0
99,2019-04-28T03:00:00+00:00,3407.470882616594,2923.0
99,2019-04-28T04:00:00+00:00,3096.590934600717,2925.0
99,2019-04-28T05:00:00+00:00,3108.0461740481037,2932.0
99,2019-04-28T06:00:00+00:00,2907.7548444757176,2919.0
99,2019-04-28T07:00:00+00:00,3011.2209956788483,2946.0
99,2019-04-28T08:00:00+00:00,2940.7408753402624,2836.0
99,2019-04-28T09:00:00+00:00,3017.910711962532,2973.0
99,2019-04-28T10:00:00+00:00,3363.3149886800848,3186.0
99,2019-04-28T11:00:00+00:00,3377.508672314893,3432.0
99,2019-04-28T12:00:00+00:00,3614.91017473207,3543.0
99,2019-04-28T13:00:00+00:00,3957.689050757748,3675.0
99,2019-04-28T14:00:00+00:00,4019.753044436468,3762.0
99,2019-04-28T15:00:00+00:00,3948.964667216655,3746.0
99,2019-04-28T16:00:00+00:00,3942.9057407430973,3809.0
99,2019-04-28T17:00:00+00:00,4207.9059992432085,3725.0
99,2019-04-28T18:00:00+00:00,4295.8314498376885,3837.0
99,2019-04-28T19:00:00+00:00,4292.985757668288,3908.0
99,2019-04-28T20:00:00+00:00,4107.325096758238,3846.0
99,2019-04-28T21:00:00+00:00,3805.074432986719,3850.0
99,2019-04-28T22:00:00+00:00,3917.8610588140855,3734.0
99,2019-04-28T23:00:00+00:00,3853.990880733531,3499.0
99,2019-04-29T00:00:00+00:00,3760.0426894807742,3357.0
99,2019-04-29T01:00:00+00:00,3719.356845866898,3264.0
99,2019-04-29T02:00:00+00:00,3549.8019460727987,3059.0
99,2019-04-29T03:00:00+00:00,3215.9351571779825,3047.0
99,2019-04-29T04:00:00+00:00,3194.13259211254,3104.0
99,2019-04-29T05:00:00+00:00,3027.066978992127,3191.0
99,2019-04-29T06:00:00+00:00,2957.934788534367,3117.0
99,2019-04-29T07:00:00+00:00,2822.059596726792,3078.0
99,2019-04-29T08:00:00+00:00,2869.49021193783,2976.0
99,2019-04-29T09:00:00+00:00,2862.3204965975624,2994.0
99,2019-04-29T10:00:00+00:00,3072.6048282159086,3212.0
99,2019-04-29T11:00:00+00:00,3246.8628595579567,3418.0
99,2019-04-29T12:00:00+00:00,3528.777078618242,3502.0
99,2019-04-29T13:00:00+00:00,3699.250123251487,3681.0
99,2019-04-29T14:00:00+00:00,3806.915084790689,3758.0
99,2019-04-29T15:00:00+00:00,3770.7887530414628,3732.0
99,2019-04-29T16:00:00+00:00,3849.2375186474746,3863.0
99,2019-04-29T17:00:00+00:00,3886.2596062953417,3898.0
99,2019-04-29T18:00:00+00:00,3944.8509183313,4018.0
99,2019-04-29T19:00:00+00:00,3767.130515825364,4154.0
99,2019-04-29T20:00:00+00:00,3991.2669758117913,3937.0
99,2019-04-29T21:00:00+00:00,3907.2701150862094,3779.0
99,2019-04-29T22:00:00+00:00,3819.9918122731465,3561.0
99,2019-04-29T23:00:00+00:00,3470.3445545662344,3402.0
99,2019-04-30T00:00:00+00:00,3553.2019586673387,3264.0
99,2019-04-30T01:00:00+00:00,3712.3845828063613,3164.0
99,2019-04-30T02:00:00+00:00,3594.9967240259484,3083.0
99,2019-04-30T03:00:00+00:00,3438.8542371130525,3007.0
99,2019-04-30T04:00:00+00:00,3264.5654891360236,3037.0
99,2019-04-30T05:00:00+00:00,3261.3788902356264,2962.0
99,2019-04-30T06:00:00+00:00,3161.702666179093,2933.0
99,2019-04-30T07:00:00+00:00,2941.282307666808,2912.0
99,2019-04-30T08:00:00+00:00,3028.4973927039505,2899.0
99,2019-04-30T09:00:00+00:00,3079.9816453866483,2983.0
99,2019-04-30T10:00:00+00:00,3402.9579620545182,3141.0
99,2019-04-30T11:00:00+00:00,3477.843527779154,3514.0
99,2019-04-30T12:00:00+00:00,3826.034446868226,3572.0
99,2019-04-30T13:00:00+00:00,3895.0222575753346,3818.0
99,2019-04-30T14:00:00+00:00,3998.024371136293,3995.0
99,2019-04-30T15:00:00+00:00,4025.8727762982608,4070.0
99,2019-04-30T16:00:00+00:00,4032.020994162586,3885.0
99,2019-04-30T17:00:00+00:00,4255.344115988556,3748.0
99,2019-04-30T18:00:00+00:00,4166.435997445947,4389.0
99,2019-04-30T19:00:00+00:00,4251.194346519953,4439.0
99,2019-04-30T20:00:00+00:00,3989.5286687292146,4305.0
99,2019-04-30T21:00:00+00:00,3937.7319953180527,4117.0
99,2019-04-30T22:00:00+00:00,3644.1013545354267,3840.0
99,2019-04-30T23:00:00+00:00,3793.020789207723,3337.0
99,2019-05-01T00:00:00+00:00,3870.6620328208473,3322.0
99,2019-05-01T01:00:00+00:00,3852.803159832142,3130.0
99,2019-05-01T02:00:00+00:00,3550.0895489498694,3039.0
99,2019-05-01T03:00:00+00:00,3372.708518582421,3021.0
99,2019-05-01T04:00:00+00:00,3448.4681638283364,2936.0
99,2019-05-01T05:00:00+00:00,3163.230467651312,2892.0
99,2019-05-01T06:00:00+00:00,3132.8263525382927,2894.0
99,2019-05-01T07:00:00+00:00,3087.847251958141,2846.0
99,2019-05-01T08:00:00+00:00,3238.544203274503,2843.0
99,2019-05-01T09:00:00+00:00,3216.2194554143884,2939.0
99,2019-05-01T10:00:00+00:00,3506.7978144164435,3112.0
99,2019-05-01T11:00:00+00:00,3609.634596804935,3347.0
99,2019-05-01T12:00:00+00:00,3766.1197914779896,3481.0
99,2019-05-01T13:00:00+00:00,3932.320051393878,3623.0
99,2019-05-01T14:00:00+00:00,4227.771317858045,3678.0
99,2019-05-01T15:00:00+00:00,4134.426851408368,3631.0
100,2019-04-28T16:00:00+00:00,4077.444866329833,3809.0
100,2019-04-28T17:00:00+00:00,3930.0893528522242,3725.0
100,2019-04-28T18:00:00+00:00,3961.5212442584498,3837.0
100,2019-04-28T19:00:00+00:00,3868.34762773115,3908.0
100,2019-04-28T20:00:00+00:00,3812.8002532580836,3846.0
100,2019-04-28T21:00:00+00:00,3687.290661731442,3850.0
100,2019-04-28T22:00:00+00:00,3476.6697524613705,3734.0
100,2019-04-28T23:00:00+00:00,3445.5965137065123,3499.0
100,2019-04-29T00:00:00+00:00,3427.8502959180746,3357.0
100,2019-04-29T01:00:00+00:00,3516.8796782498844,3264.0
100,2019-04-29T02:00:00+00:00,3390.4373766803656,3059.0
100,2019-04-29T03:00:00+00:00,3294.547816437773,3047.0
100,2019-04-29T04:00:00+00:00,3163.0868975376234,3104.0
100,2019-04-29T05:00:00+00:00,2989.5331016444793,3191.0
100,2019-04-29T06:00:00+00:00,2849.2384155972277,3117.0
100,2019-04-29T07:00:00+00:00,2799.120367458233,3078.0
100,2019-04-29T08:00:00+00:00,2677.6271701029573,2976.0
100,2019-04-29T09:00:00+00:00,2923.6150377438557,2994.0
100,2019-04-29T10:00:00+00:00,3051.895339143211,3212.0
100,2019-04-29T11:00:00+00:00,3152.184540996686,3418.0
100,2019-04-29T12:00:00+00:00,3409.4982218333284,3502.0
100,2019-04-29T13:00:00+00:00,3497.821765965512,3681.0
100,2019-04-29T14:00:00+00:00,3852.458518857194,3758.0
100,2019-04-29T15:00:00+00:00,3811.010195502694,3732.0
100,2019-04-29T16:00:00+00:00,3897.4763167795327,3863.0
100,2019-04-29T17:00:00+00:00,3963.12419325939,3898.0
100,2019-04-29T18:00:00+00:00,3809.9650037531837,4018.0
100,2019-04-29T19:00:00+00:00,3769.253945731034,4154.0
100,2019-04-29T20:00:00+00:00,3766.332246826339,3937.0
100,2019-04-29T21:00:00+00:00,3675.957198292558,3779.0
100,2019-04-29T22:00:00+00:00,3476.1163738588216,3561.0
100,2019-04-29T23:00:00+00:00,3487.9684345572555,3402.0
100,2019-04-30T00:00:00+00:00,3460.1012259899044,3264.0
100,2019-04-30T01:00:00+00:00,3399.04299143596,3164.0
100,2019-04-30T02:00:00+00:00,3504.1527965514215,3083.0
100,2019-04-30T03:00:00+00:00,3457.5097433036544,3007.0
100,2019-04-30T04:00:00+00:00,3170.1393642270987,3037.0
100,2019-04-30T05:00:00+00:00,3256.965922661263,2962.0
100,2019-04-30T06:00:00+00:00,3084.8573617933243,2933.0
100,2019-04-30T07:00:00+00:00,2962.393211441077,2912.0
100,2019-04-30T08:00:00+00:00,2948.7683762579304,2899.0
100,2019-04-30T09:00:00+00:00,3098.4271416629927,2983.0
100,2019-04-30T10:00:00+00:00,2931.3667994444404,3141.0
100,2019-04-30T11:00:00+00:00,3364.2908697224484,3514.0
100,2019-04-30T12:00:00+00:00,3588.2400887688,3572.0
100,2019-04-30T13:00:00+00:00,3648.440446867725,3818.0
100,2019-04-30T14:00:00+00:00,3641.854099744041,3995.0
100,2019-04-30T15:00:00+00:00,3764.865581206421,4070.0
100,2019-04-30T16:00:00+00:00,3914.9359891759127,3885.0
100,2019-04-30T17:00:00+00:00,3783.970568097066,3748.0
100,2019-04-30T18:00:00+00:00,3940.666780599781,4389.0
100,2019-04-30T19:00:00+00:00,3902.7306293439888,4439.0
100,2019-04-30T20:00:00+00:00,3691.392315631964,4305.0
100,2019-04-30T21:00:00+00:00,3630.2159980054594,4117.0
100,2019-04-30T22:00:00+00:00,3585.713228330753,3840.0
100,2019-04-30T23:00:00+00:00,3673.8144692854053,3337.0
100,2019-05-01T00:00:00+00:00,3629.259535857803,3322.0
100,2019-05-01T01:00:00+00:00,3592.2406537113807,3130.0
100,2019-05-01T02:00:00+00:00,3589.5121440999587,3039.0
100,2019-05-01T03:00:00+00:00,3563.44290790239,3021.0
100,2019-05-01T04:00:00+00:00,3450.4194219553624,2936.0
100,2019-05-01T05:00:00+00:00,3322.89508602372,2892.0
100,2019-05-01T06:00:00+00:00,3156.120698492707,2894.0
100,2019-05-01T07:00:00+00:00,3006.0242499547758,2846.0
100,2019-05-01T08:00:00+00:00,2967.1230775320055,2843.0
100,2019-05-01T09:00:00+00:00,3064.682084407319,2939.0
100,2019-05-01T10:00:00+00:00,3272.518139942631,3112.0
100,2019-05-01T11:00:00+00:00,3294.3414829362546,3347.0
100,2019-05-01T12:00:00+00:00,3588.0113084955656,3481.0
100,2019-05-01T13:00:00+00:00,3779.0601364402046,3623.0
100,2019-05-01T14:00:00+00:00,3760.9989533499906,3678.0
100,2019-05-01T15:00:00+00:00,4092.885865929622,3631.0
100,2019-05-01T16:00:00+00:00,4157.343873491658,3739.0
100,2019-05-01T17:00:00+00:00,4053.9952022641664,3815.0
100,2019-05-01T18:00:00+00:00,3945.1414623385617,3848.0
100,2019-05-01T19:00:00+00:00,4052.7191483178026,3957.0
100,2019-05-01T20:00:00+00:00,3943.1090422368047,3850.0
100,2019-05-01T21:00:00+00:00,3814.694737658486,3657.0
100,2019-05-01T22:00:00+00:00,3676.095332272353,3477.0
100,2019-05-01T23:00:00+00:00,3852.330959727527,3184.0
100,2019-05-02T00:00:00+00:00,3603.15340334721,3119.0
100,2019-05-02T01:00:00+00:00,3517.891707930322,3104.0
100,2019-05-02T02:00:00+00:00,3564.52020423596,2934.0
100,2019-05-02T03:00:00+00:00,3518.8180813247236,3009.0
100,2019-05-02T04:00:00+00:00,3296.041138115454,3030.0
100,2019-05-02T05:00:00+00:00,3176.503028139575,2973.0
100,2019-05-02T06:00:00+00:00,3048.489873891574,2886.0
100,2019-05-02T07:00:00+00:00,2847.3300517060325,2852.0
100,2019-05-02T08:00:00+00:00,2821.956822402112,2873.0
100,2019-05-02T09:00:00+00:00,2823.6694193803155,2825.0
100,2019-05-02T10:00:00+00:00,2826.6420097512505,2823.0
100,2019-05-02T11:00:00+00:00,2958.082043322397,2941.0
100,2019-05-02T12:00:00+00:00,3107.1825557799293,3003.0
100,2019-05-02T13:00:00+00:00,3140.464847680086,3064.0
100,2019-05-02T14:00:00+00:00,3286.02764316657,3140.0
100,2019-05-02T15:00:00+00:00,3282.7507366984014,3116.0
101,2019-04-29T16:00:00+00:00,4133.223697835073,3863.0
101,2019-04-29T17:00:00+00:00,4180.999879320444,3898.0
101,2019-04-29T18:00:00+00:00,4118.093995385922,4018.0
101,2019-04-29T19:00:00+00:00,4116.6334103048275,4154.0
101,2019-04-29T20:00:00+00:00,3831.7890820293555,3937.0
101,2019-04-29T21:00:00+00:00,3652.417020119078,3779.0
101,2019-04-29T22:00:00+00:00,3540.3378848116704,3561.0
101,2019-04-29T23:00:00+00:00,3471.843944390337,3402.0
101,2019-04-30T00:00:00+00:00,3408.559216449985,3264.0
101,2019-04-30T01:00:00+00:00,3395.573465725033,3164.0
101,2019-04-30T02:00:00+00:00,3429.2604108746136,3083.0
101,2019-04-30T03:00:00+00:00,3252.374496229391,3007.0
101,2019-04-30T04:00:00+00:00,2982.6140432986485,3037.0
101,2019-04-30T05:00:00+00:00,2949.3877981041687,2962.0
101,2019-04-30T06:00:00+00:00,2865.2641713626795,2933.0
101,2019-04-30T07:00:00+00:00,2903.6365351862446,2912.0
101,2019-04-30T08:00:00+00:00,3023.967292141218,2899.0
101,2019-04-30T09:00:00+00:00,3039.6341308840492,2983.0
101,2019-04-30T10:00:00+00:00,2986.714771899784,3141.0
101,2019-04-30T11:00:00+00:00,3264.953652228529,3514.0
101,2019-04-30T12:00:00+00:00,3483.7702107949026,3572.0
101,2019-04-30T13:00:00+00:00,3571.905696088445,3818.0
101,2019-04-30T14:00:00+00:00,3707.165365525767,3995.0
101,2019-04-30T15:00:00+00:00,3799.239957707124,4070.0
101,2019-04-30T16:00:00+00:00,3868.2174579353577,3885.0
101,2019-04-30T17:00:00+00:00,3923.988391349408,3748.0
101,2019-04-30T18:00:00+00:00,3819.918416203978,4389.0
101,2019-04-30T19:00:00+00:00,3779.6707018494603,4439.0
101,2019-04-30T20:00:00+00:00,3691.2807509631148,4305.0
101,2019-04-30T21:00:00+00:00,3566.467050667698,4117.0
101,2019-04-30T22:00:00+00:00,3575.5680310589687,3840.0
101,2019-04-30T23:00:00+00:00,3446.8092755225402,3337.0
101,2019-05-01T00:00:00+00:00,3519.1825336204574,3322.0
101,2019-05-01T01:00:00+00:00,3550.446053584804,3130.0
101,2019-05-01T02:00:00+00:00,3496.9350895670977,3039.0
101,2019-05-01T03:00:00+00:00,3451.1481200067888,3021.0
101,2019-05-01T04:00:00+00:00,3396.7210187191404,2936.0
101,2019-05-01T05:00:00+00:00,3145.1976879476138,2892.0
101,2019-05-01T06:00:00+00:00,3093.0118435285435,2894.0
101,2019-05-01T07:00:00+00:00,3074.4730407230245,2846.0
101,2019-05-01T08:00:00+00:00,3186.1625919424414,2843.0
101,2019-05-01T09:00:00+00:00,3115.613239381925,2939.0
101,2019-05-01T10:00:00+00:00,3117.0699415102376,3112.0
101,2019-05-01T11:00:00+00:00,3281.673993892143,3347.0
101,2019-05-01T12:00:00+00:00,3542.1024307411267,3481.0
101,2019-05-01T13:00:00+00:00,3635.5193679605864,3623.0
101,2019-05-01T14:00:00+00:00,3673.7119262855717,3678.0
101,2019-05-01T15:00:00+00:00,3802.9422127368803,3631.0
101,2019-05-01T16:00:00+00:00,3857.810549646113,3739.0
101,2019-05-01T17:00:00+00:00,3866.4854957628577,3815.0
101,2019-05-01T18:00:00+00:00,3827.4578877882464,3848.0
101,2019-05-01T19:00:00+00:00,3717.711994022326,3957.0
101,2019-05-01T20:00:00+00:00,3762.367239817313,3850.0
101,2019-05-01T21:00:00+00:00,3694.250664575112,3657.0
101,2019-05-01T22:00:00+00:00,3551.2845400607216,3477.0
101,2019-05-01T23:00:00+00:00,3434.391212494217,3184.0
101,2019-05-02T00:00:00+00:00,3572.553207380335,3119.0
101,2019-05-02T01:00:00+00:00,3655.508544507545,3104.0
101,2019-05-02T02:00:00+00:00,3572.6526440179437,2934.0
101,2019-05-02T03:00:00+00:00,3495.7992845705544,3009.0
101,2019-05-02T04:00:00+00:00,3368.080441620174,3030.0
101,2019-05-02T05:00:00+00:00,3174.7226529813333,2973.0
101,2019-05-02T06:00:00+00:00,3001.927883479318,2886.0
101,2019-05-02T07:00:00+00:00,3029.6997531634856,2852.0
101,2019-05-02T08:00:00+00:00,2936.2547925911867,2873.0
101,2019-05-02T09:00:00+00:00,3061.9433304098357,2825.0
101,2019-05-02T10:00:00+00:00,3010.4064017549385,2823.0
101,2019-05-02T11:00:00+00:00,3079.8371995431835,2941.0
101,2019-05-02T12:00:00+00:00,3306.812891126512,3003.0
101,2019-05-02T13:00:00+00:00,3415.3785737869543,3064.0
101,2019-05-02T14:00:00+00:00,3471.6629492211177,3140.0
101,2019-05-02T15:00:00+00:00,3420.3967202062895,3116.0
101,2019-05-02T16:00:00+00:00,3466.920740297305,3143.0
101,2019-05-02T17:00:00+00:00,3483.5940238778508,3223.0
101,2019-05-02T18:00:00+00:00,3351.5049754033116,3467.0
101,2019-05-02T19:00:00+00:00,3466.9263251400293,3407.0
101,2019-05-02T20:00:00+00:00,3399.3704152330433,3426.0
101,2019-05-02T21:00:00+00:00,3235.567820828405,3369.0
101,2019-05-02T22:00:00+00:00,3239.3480075466423,3203.0
101,2019-05-02T23:00:00+00:00,3229.239970959135,3041.0
101,2019-05-03T00:00:00+00:00,3381.8738465236393,2914.0
101,2019-05-03T01:00:00+00:00,3147.6718228438513,2961.0
101,2019-05-03T02:00:00+00:00,3312.463149212239,2857.0
101,2019-05-03T03:00:00+00:00,3178.7601307601417,2824.0
101,2019-05-03T04:00:00+00:00,3174.3707087505163,2813.0
101,2019-05-03T05:00:00+00:00,3079.7135729359075,2605.0
101,2019-05-03T06:00:00+00:00,3028.0503739612027,2662.0
101,2019-05-03T07:00:00+00:00,2927.8400869268066,2683.0
101,2019-05-03T08:00:00+00:00,2852.0508630815393,2662.0
101,2019-05-03T09:00:00+00:00,2883.388935739287,2638.0
101,2019-05-03T10:00:00+00:00,2935.9567140032086,2628.0
101,2019-05-03T11:00:00+00:00,2894.47316317922,2639.0
101,2019-05-03T12:00:00+00:00,3077.418632179727,2728.0
101,2019-05-03T13:00:00+00:00,3130.3456083607252,2821.0
101,2019-05-03T14:00:00+00:00,3076.468647127774,2814.0
101,2019-05-03T15:00:00+00:00,3058.057601730362,2839.0
102,2019-04-30T16:00:00+00:00,3851.306983771086,3885.0
102,2019-04-30T17:00:00+00:00,3884.8385116701934,3748.0
102,2019-04-30T18:00:00+00:00,3997.8332968130458,4389.0
102,2019-04-30T19:00:00+00:00,3926.2209404898344,4439.0
102,2019-04-30T20:00:00+00:00,3893.912790564891,4305.0
102,2019-04-30T21:00:00+00:00,3670.05874516969,4117.0
102,2019-04-30T22:00:00+00:00,3694.6764675247905,3840.0
102,2019-04-30T23:00:00+00:00,3657.4245090722693,3337.0
102,2019-05-01T00:00:00+00:00,3594.8198596575603,3322.0
102,2019-05-01T01:00:00+00:00,3511.2093279489145,3130.0
102,2019-05-01T02:00:00+00:00,3384.893090159162,3039.0
102,2019-05-01T03:00:00+00:00,3278.147504437754,3021.0
102,2019-05-01T04:00:00+00:00,3252.482690164761,2936.0
102,2019-05-01T05:00:00+00:00,3090.683278053597,2892.0
102,2019-05-01T06:00:00+00:00,3066.5231988609826,2894.0
102,2019-05-01T07:00:00+00:00,3026.8762020865397,2846.0
102,2019-05-01T08:00:00+00:00,2938.2951768769467,2843.0
102,2019-05-01T09:00:00+00:00,3008.134461297786,2939.0
102,2019-05-01T10:00:00+00:00,3172.482073564091,3112.0
102,2019-05-01T11:00:00+00:00,3307.2974960260226,3347.0
102,2019-05-01T12:00:00+00:00,3463.0739981160764,3481.0
102,2019-05-01T13:00:00+00:00,3513.747721582882,3623.0
102,2019-05-01T14:00:00+00:00,3635.1234885321287,3678.0
102,2019-05-01T15:00:00+00:00,3660.7341727910293,3631.0
102,2019-05-01T16:00:00+00:00,3806.851966153988,3739.0
102,2019-05-01T17:00:00+00:00,3767.88251985508,3815.0
102,2019-05-01T18:00:00+00:00,3849.8230018340837,3848.0
102,2019-05-01T19:00:00+00:00,3910.0601901532195,3957.0
102,2019-05-01T20:00:00+00:00,3863.674601459659,3850.0
102,2019-05-01T21:00:00+00:00,3750.5905249260395,3657.0
102,2019-05-01T22:00:00+00:00,3680.4435784592933,3477.0
102,2019-05-01T23:00:00+00:00,3685.4752904285588,3184.0
102,2019-05-02T00:00:00+00:00,3759.1071126621205,3119.0
102,2019-05-02T01:00:00+00:00,3656.0912187495887,3104.0
102,2019-05-02T02:00:00+00:00,3501.602241839807,2934.0
102,2019-05-02T03:00:00+00:00,3378.3820723194353,3009.0
102,2019-05-02T04:00:00+00:00,3217.5390480015126,3030.0
102,2019-05-02T05:00:00+00:00,3100.034915439304,2973.0
102,2019-05-02T06:00:00+00:00,3094.0445106899333,2886.0
102,2019-05-02T07:00:00+00:00,2892.293389150213,2852.0
102,2019-05-02T08:00:00+00:00,2828.7216862145165,2873.0
102,2019-05-02T09:00:00+00:00,2885.2436653124896,2825.0
102,2019-05-02T10:00:00+00:00,2841.6820903455678,2823.0
102,2019-05-02T11:00:00+00:00,3006.5447308595053,2941.0
102,2019-05-02T12:00:00+00:00,3137.743955265397,3003.0
102,2019-05-02T13:00:00+00:00,3138.7701288078806,3064.0
102,2019-05-02T14:00:00+00:00,3114.5390328873764,3140.0
102,2019-05-02T15:00:00+00:00,3122.33815008869,3116.0
102,2019-05-02T16:00:00+00:00,3229.9560700680263,3143.0
102,2019-05-02T17:00:00+00:00,3223.568604481161,3223.0
102,2019-05-02T18:00:00+00:00,3233.450702786405,3467.0
102,2019-05-02T19:00:00+00:00,3278.7852174700724,3407.0
102,2019-05-02T20:00:00+00:00,3197.086263415668,3426.0
102,2019-05-02T21:00:00+00:00,3271.8541054474163,3369.0
102,2019-05-02T22:00:00+00:00,3250.9493947274364,3203.0
102,2019-05-02T23:00:00+00:00,3416.1423836454455,3041.0
102,2019-05-03T00:00:00+00:00,3313.2153308663906,2914.0
102,2019-05-03T01:00:00+00:00,3344.1474655956567,2961.0
102,2019-05-03T02:00:00+00:00,3275.0228592882227,2857.0
102,2019-05-03T03:00:00+00:00,3208.7932338657074,2824.0
102,2019-05-03T04:00:00+00:00,3090.142374469558,2813.0
102,2019-05-03T05:00:00+00:00,3066.109424803324,2605.0
102,2019-05-03T06:00:00+00:00,2980.5902813554335,2662.0
102,2019-05-03T07:00:00+00:00,2927.1085055764,2683.0
102,2019-05-03T08:00:00+00:00,2842.2313216240823,2662.0
102,2019-05-03T09:00:00+00:00,2858.680302719494,2638.0
102,2019-05-03T10:00:00+00:00,2882.6470769564125,2628.0
102,2019-05-03T11:00:00+00:00,3051.8865157526357,2639.0
102,2019-05-03T12:00:00+00:00,2944.776832984365,2728.0
102,2019-05-03T13:00:00+00:00,3034.079393436743,2821.0
102,2019-05-03T14:00:00+00:00,2995.4574631501605,2814.0
102,2019-05-03T15:00:00+00:00,2932.3558123026464,2839.0
102,2019-05-03T16:00:00+00:00,2982.323301012946,2819.0
102,2019-05-03T17:00:00+00:00,2979.783089826613,2779.0
102,2019-05-03T18:00:00+00:00,2914.6790911073927,2805.0
102,2019-05-03T19:00:00+00:00,2890.306506996819,2750.0
102,2019-05-03T20:00:00+00:00,2918.6332919414444,2786.0
102,2019-05-03T21:00:00+00:00,2789.087015749754,2781.0
102,2019-05-03T22:00:00+00:00,2793.8712762260275,2671.0
102,2019-05-03T23:00:00+00:00,2755.6904493754027,2619.0
102,2019-05-04T00:00:00+00:00,2790.1616848939952,2675.0
102,2019-05-04T01:00:00+00:00,2807.0092056536,2648.0
102,2019-05-04T02:00:00+00:00,2738.3495457645213,2548.0
102,2019-05-04T03:00:00+00:00,2693.971063625224,2534.0
102,2019-05-04T04:00:00+00:00,2682.8205450935516,2521.0
102,2019-05-04T05:00:00+00:00,2746.6466392676357,2510.0
102,2019-05-04T06:00:00+00:00,2738.5607123030113,2522.0
102,2019-05-04T07:00:00+00:00,2773.781704695668,2591.0
102,2019-05-04T08:00:00+00:00,2854.2687396174133,2625.0
102,2019-05-04T09:00:00+00:00,2958.0560027539573,2788.0
102,2019-05-04T10:00:00+00:00,3090.7766837219915,2975.0
102,2019-05-04T11:00:00+00:00,3321.7365987998132,3192.0
102,2019-05-04T12:00:00+00:00,3426.9276402444207,3390.0
102,2019-05-04T13:00:00+00:00,3645.3019635354094,3570.0
102,2019-05-04T14:00:00+00:00,3634.796990034432,3566.0
102,2019-05-04T15:00:00+00:00,3711.2097169571584,3391.0
103,2019-05-01T16:00:00+00:00,3719.925541478929,3739.0
103,2019-05-01T17:00:00+00:00,3761.298419887048,3815.0
103,2019-05-01T18:00:00+00:00,3876.627768427654,3848.0
103,2019-05-01T19:00:00+00:00,3878.1947629381593,3957.0
103,2019-05-01T20:00:00+00:00,3750.219083315299,3850.0
103,2019-05-01T21:00:00+00:00,3645.8396946644098,3657.0
103,2019-05-01T22:00:00+00:00,3577.140544319385,3477.0
103,2019-05-01T23:00:00+00:00,3529.6909439477267,3184.0
103,2019-05-02T00:00:00+00:00,3420.0620551153493,3119.0
103,2019-05-02T01:00:00+00:00,3428.745506551006,3104.0
103,2019-05-02T02:00:00+00:00,3344.103708022452,2934.0
103,2019-05-02T03:00:00+00:00,3097.99639827552,3009.0
103,2019-05-02T04:00:00+00:00,2927.142179864776,3030.0
103,2019-05-02T05:00:00+00:00,2909.2603726698553,2973.0
103,2019-05-02T06:00:00+00:00,2919.083251814384,2886.0
103,2019-05-02T07:00:00+00:00,2760.2247468317796,2852.0
103,2019-05-02T08:00:00+00:00,2734.887141554227,2873.0
103,2019-05-02T09:00:00+00:00,2679.9697637775266,2825.0
103,2019-05-02T10:00:00+00:00,2753.2943205220613,2823.0
103,2019-05-02T11:00:00+00:00,2901.4369333132477,2941.0
103,2019-05-02T12:00:00+00:00,3015.173808563821,3003.0
103,2019-05-02T13:00:00+00:00,2973.7315987945512,3064.0
103,2019-05-02T14:00:00+00:00,3091.9530036130873,3140.0
103,2019-05-02T15:00:00+00:00,2996.06759895613,3116.0
103,2019-05-02T16:00:00+00:00,3070.3407528035386,3143.0
103,2019-05-02T17:00:00+00:00,3015.706714917451,3223.0
103,2019-05-02T18:00:00+00:00,3030.754230953264,3467.0
103,2019-05-02T19:00:00+00:00,3072.1723498920865,3407.0
103,2019-05-02T20:00:00+00:00,3085.081664278458,3426.0
103,2019-05-02T21:00:00+00:00,2933.0336932422474,3369.0
103,2019-05-02T22:00:00+00:00,3097.071660678247,3203.0
103,2019-05-02T23:00:00+00:00,3094.178513868897,3041.0
103,2019-05-03T00:00:00+00:00,3135.8482811943554,2914.0
103,2019-05-03T01:00:00+00:00,3058.0326186469347,2961.0
103,2019-05-03T02:00:00+00:00,3019.758700068778,2857.0
103,2019-05-03T03:00:00+00:00,2863.251479965692,2824.0
103,2019-05-03T04:00:00+00:00,2687.5451237594166,2813.0
103,2019-05-03T05:00:00+00:00,2613.1692286337347,2605.0
103,2019-05-03T06:00:00+00:00,2647.89855658826,2662.0
103,2019-05-03T07:00:00+00:00,2532.5763791178974,2683.0
103,2019-05-03T08:00:00+00:00,2590.423915679395,2662.0
103,2019-05-03T09:00:00+00:00,2602.8140049244894,2638.0
103,2019-05-03T10:00:00+00:00,2736.9760049185415,2628.0
103,2019-05-03T11:00:00+00:00,2785.4280515127084,2639.0
103,2019-05-03T12:00:00+00:00,2942.2716179426734,2728.0
103,2019-05-03T13:00:00+00:00,2960.8017625896505,2821.0
103,2019-05-03T14:00:00+00:00,2883.5954757808463,2814.0
103,2019-05-03T15:00:00+00:00,2831.9976756449005,2839.0
103,2019-05-03T16:00:00+00:00,2848.059286761567,2819.0
103,2019-05-03T17:00:00+00:00,2949.0842999055,2779.0
103,2019-05-03T18:00:00+00:00,2858.3400238702243,2805.0
103,2019-05-03T19:00:00+00:00,2756.2776840215643,2750.0
103,2019-05-03T20:00:00+00:00,2613.335914708875,2786.0
103,2019-05-03T21:00:00+00:00,2731.27060890332,2781.0
103,2019-05-03T22:00:00+00:00,2639.085740862973,2671.0
103,2019-05-03T23:00:00+00:00,2657.1607373511665,2619.0
103,2019-05-04T00:00:00+00:00,2586.8528548840377,2675.0
103,2019-05-04T01:00:00+00:00,2621.653166520046,2648.0
103,2019-05-04T02:00:00+00:00,2669.8205513673342,2548.0
103,2019-05-04T03:00:00+00:00,2568.5610078754103,2534.0
103,2019-05-04T04:00:00+00:00,2474.5508546101855,2521.0
103,2019-05-04T05:00:00+00:00,2514.553860323463,2510.0
103,2019-05-04T06:00:00+00:00,2595.5480914944656,2522.0
103,2019-05-04T07:00:00+00:00,2564.0955791304905,2591.0
103,2019-05-04T08:00:00+00:00,2667.9195898712287,2625.0
103,2019-05-04T09:00:00+00:00,2797.319602667089,2788.0
103,2019-05-04T10:00:00+00:00,2991.4901428926687,2975.0
103,2019-05-04T11:00:00+00:00,3262.9105416142206,3192.0
103,2019-05-04T12:00:00+00:00,3295.285176778542,3390.0
103,2019-05-04T13:00:00+00:00,3540.038847877899,3570.0
103,2019-05-04T14:00:00+00:00,3493.704051511358,3566.0
103,2019-05-04T15:00:00+00:00,3501.995940205426,3391.0
103,2019-05-04T16:00:00+00:00,3463.568438452366,3470.0
103,2019-05-04T17:00:00+00:00,3507.297657840221,3441.0
103,2019-05-04T18:00:00+00:00,3591.413089072861,3496.0
103,2019-05-04T19:00:00+00:00,3538.5143510463445,3639.0
103,2019-05-04T20:00:00+00:00,3463.2513251341575,3654.0
103,2019-05-04T21:00:00+00:00,3428.8050272601827,3603.0
103,2019-05-04T22:00:00+00:00,3346.373707003214,3366.0
103,2019-05-04T23:00:00+00:00,3299.918159066776,3125.0
103,2019-05-05T00:00:00+00:00,3251.4252299367827,3005.0
103,2019-05-05T01:00:00+00:00,3188.38516106806,2864.0
103,2019-05-05T02:00:00+00:00,3129.8787452507845,2802.0
103,2019-05-05T03:00:00+00:00,2983.0543205744398,2824.0
103,2019-05-05T04:00:00+00:00,2878.401902511812,2768.0
103,2019-05-05T05:00:00+00:00,2769.0457580659154,2728.0
103,2019-05-05T06:00:00+00:00,2801.188742050425,2676.0
103,2019-05-05T07:00:00+00:00,2751.3383037124777,2645.0
103,2019-05-05T08:00:00+00:00,2770.869126599208,2630.0
103,2019-05-05T09:00:00+00:00,2900.954455776165,2819.0
103,2019-05-05T10:00:00+00:00,3019.466107184304,2887.0
103,2019-05-05T11:00:00+00:00,3166.3393083568635,3200.0
103,2019-05-05T12:00:00+00:00,3441.9636230843134,3274.0
103,2019-05-05T13:00:00+00:00,3606.0162300784586,3358.0
103,2019-05-05T14:00:00+00:00,3556.522808594749,3339.0
103,2019-05-05T15:00:00+00:00,3632.1190909947936,3260.0
104,2019-05-02T16:00:00+00:00,3144.955821297346,3143.0
104,2019-05-02T17:00:00+00:00,3219.9746673108,3223.0
104,2019-05-02T18:00:00+00:00,3209.806453216784,3467.0
104,2019-05-02T19:00:00+00:00,3320.0611955522936,3407.0
104,2019-05-02T20:00:00+00:00,3353.039561715896,3426.0
104,2019-05-02T21:00:00+00:00,3159.29032806329,3369.0
104,2019-05-02T22:00:00+00:00,3238.325626079322,3203.0
104,2019-05-02T23:00:00+00:00,3192.731308808178,3041.0
104,2019-05-03T00:00:00+00:00,3266.202550290228,2914.0
104,2019-05-03T01:00:00+00:00,3224.0758172536202,2961.0
104,2019-05-03T02:00:00+00:00,3187.9262951885285,2857.0
104,2019-05-03T03:00:00+00:00,3085.056466393388,2824.0
104,2019-05-03T04:00:00+00:00,3040.2974714047245,2813.0
104,2019-05-03T05:00:00+00:00,2837.3508300116455,2605.0
104,2019-05-03T06:00:00+00:00,2735.526126873202,2662.0
104,2019-05-03T07:00:00+00:00,2559.9392664733705,2683.0
104,2019-05-03T08:00:00+00:00,2530.877265073607,2662.0
104,2019-05-03T09:00:00+00:00,2477.536068708461,2638.0
104,2019-05-03T10:00:00+00:00,2695.6592723553194,2628.0
104,2019-05-03T11:00:00+00:00,2649.2860430178457,2639.0
104,2019-05-03T12:00:00+00:00,2732.447325351295,2728.0
104,2019-05-03T13:00:00+00:00,2721.281076730058,2821.0
104,2019-05-03T14:00:00+00:00,2874.1649235760606,2814.0
104,2019-05-03T15:00:00+00:00,2851.6601554157223,2839.0
104,2019-05-03T16:00:00+00:00,2808.1469273417288,2819.0
104,2019-05-03T17:00:00+00:00,2814.249276793624,2779.0
104,2019-05-03T18:00:00+00:00,2837.062467067222,2805.0
104,2019-05-03T19:00:00+00:00,2817.376524347679,2750.0
104,2019-05-03T20:00:00+00:00,2854.99361254727,2786.0
104,2019-05-03T21:00:00+00:00,2678.357231318658,2781.0
104,2019-05-03T22:00:00+00:00,2670.558345442191,2671.0
104,2019-05-03T23:00:00+00:00,2688.700095671816,2619.0
104,2019-05-04T00:00:00+00:00,2689.192156666827,2675.0
104,2019-05-04T01:00:00+00:00,2695.668591441995,2648.0
104,2019-05-04T02:00:00+00:00,2697.7830988178694,2548.0
104,2019-05-04T03:00:00+00:00,2628.594564236772,2534.0
104,2019-05-04T04:00:00+00:00,2549.891176067526,2521.0
104,2019-05-04T05:00:00+00:00,2543.182292867986,2510.0
104,2019-05-04T06:00:00+00:00,2508.609208324099,2522.0
104,2019-05-04T07:00:00+00:00,2498.245392549125,2591.0
104,2019-05-04T08:00:00+00:00,2576.0945311064816,2625.0
104,2019-05-04T09:00:00+00:00,2722.0812624206687,2788.0
104,2019-05-04T10:00:00+00:00,2907.630556940309,2975.0
104,2019-05-04T11:00:00+00:00,2990.435698149297,3192.0
104,2019-05-04T12:00:00+00:00,3176.4283102141403,3390.0
104,2019-05-04T13:00:00+00:00,3199.180496821063,3570.0
104,2019-05-04T14:00:00+00:00,3395.8873363645894,3566.0
104,2019-05-04T15:00:00+00:00,3403.6097487252687,3391.0
104,2019-05-04T16:00:00+00:00,3377.0143176927204,3470.0
104,2019-05-04T17:00:00+00:00,3424.533419821063,3441.0
104,2019-05-04T18:00:00+00:00,3440.2495472794126,3496.0
104,2019-05-04T19:00:00+00:00,3471.849892743534,3639.0
104,2019-05-04T20:00:00+00:00,3393.0232043002775,3654.0
104,2019-05-04T21:00:00+00:00,3303.969008247875,3603.0
104,2019-05-04T22:00:00+00:00,3217.797024775022,3366.0
104,2019-05-04T23:00:00+00:00,3309.0479104858355,3125.0
104,2019-05-05T00:00:00+00:00,3246.845402793644,3005.0
104,2019-05-05T01:00:00+00:00,3254.5937111447342,2864.0
104,2019-05-05T02:00:00+00:00,3184.725040206782,2802.0
104,2019-05-05T03:00:00+00:00,3090.268611742959,2824.0
104,2019-05-05T04:00:00+00:00,2886.3145010735598,2768.0
104,2019-05-05T05:00:00+00:00,2950.3353707684364,2728.0
104,2019-05-05T06:00:00+00:00,2840.2077249129006,2676.0
104,2019-05-05T07:00:00+00:00,2775.928928014125,2645.0
104,2019-05-05T08:00:00+00:00,2798.607090670153,2630.0
104,2019-05-05T09:00:00+00:00,2943.9574803778974,2819.0
104,2019-05-05T10:00:00+00:00,3138.520066648764,2887.0
104,2019-05-05T11:00:00+00:00,3242.0952957786426,3200.0
104,2019-05-05T12:00:00+00:00,3344.284936581918,3274.0
104,2019-05-05T13:00:00+00:00,3525.0184959883513,3358.0
104,2019-05-05T14:00:00+00:00,3620.4424240996514,3339.0
104,2019-05-05T15:00:00+00:00,3728.271147107005,3260.0
104,2019-05-05T16:00:00+00:00,3728.694934225878,3241.0
104,2019-05-05T17:00:00+00:00,3734.106349407546,3302.0
104,2019-05-05T18:00:00+00:00,3694.4336755751365,3446.0
104,2019-05-05T19:00:00+00:00,3757.6085903061926,3384.0
104,2019-05-05T20:00:00+00:00,3696.0954471799128,3420.0
104,2019-05-05T21:00:00+00:00,3645.1663741289262,3440.0
104,2019-05-05T22:00:00+00:00,3549.64471126996,3197.0
104,2019-05-05T23:00:00+00:00,3516.0709335399515,3044.0
104,2019-05-06T00:00:00+00:00,3463.8178644681548,2942.0
104,2019-05-06T01:00:00+00:00,3502.4959158148295,2800.0
104,2019-05-06T02:00:00+00:00,3360.625661779947,2722.0
104,2019-05-06T03:00:00+00:00,3209.3464307130203,2703.0
104,2019-05-06T04:00:00+00:00,3145.5316053636034,2731.0
104,2019-05-06T05:00:00+00:00,3002.902554197038,2702.0
104,2019-05-06T06:00:00+00:00,2905.170648522134,2681.0
104,2019-05-06T07:00:00+00:00,2843.7615354839872,2689.0
104,2019-05-06T08:00:00+00:00,2994.5118402238854,2655.0
104,2019-05-06T09:00:00+00:00,3045.90035746652,2768.0
104,2019-05-06T10:00:00+00:00,3147.746458153269,2866.0
104,2019-05-06T11:00:00+00:00,3358.3503918973242,3092.0
104,2019-05-06T12:00:00+00:00,3509.353226949836,3183.0
104,2019-05-06T13:00:00+00:00,3680.606199826416,3269.0
104,2019-05-06T14:00:00+00:00,3742.1526206841913,3282.0
104,2019-05-06T15:00:00+00:00,3769.751393290329,3253.0
105,2019-05-03T16:00:00+00:00,2661.5803637764698,2819.0
105,2019-05-03T17:00:00+00:00,2665.838525458884,2779.0
105,2019-05-03T18:00:00+00:00,2703.2705868276444,2805.0
105,2019-05-03T19:00:00+00:00,2654.510085073811,2750.0
105,2019-05-03T20:00:00+00:00,2710.081319052478,2786.0
105,2019-05-03T21:00:00+00:00,2523.121471711411,2781.0
105,2019-05-03T22:00:00+00:00,2554.5936797337486,2671.0
105,2019-05-03T23:00:00+00:00,2567.1120551294566,2619.0
105,2019-05-04T00:00:00+00:00,2584.0333354687027,2675.0
105,2019-05-04T01:00:00+00:00,2636.164041958278,2648.0
105,2019-05-04T02:00:00+00:00,2590.4909998848934,2548.0
105,2019-05-04T03:00:00+00:00,2552.456766894166,2534.0
105,2019-05-04T04:00:00+00:00,2562.4325517622615,2521.0
105,2019-05-04T05:00:00+00:00,2470.553164704983,2510.0
105,2019-05-04T06:00:00+00:00,2458.7199074119326,2522.0
105,2019-05-04T07:00:00+00:00,2520.0264113574326,2591.0
105,2019-05-04T08:00:00+00:00,2560.6619252939818,2625.0
105,2019-05-04T09:00:00+00:00,2580.182371609024,2788.0
105,2019-05-04T10:00:00+00:00,2785.8918247836277,2975.0
105,2019-05-04T11:00:00+00:00,2935.030720642483,3192.0
105,2019-05-04T12:00:00+00:00,3144.5839170369127,3390.0
105,2019-05-04T13:00:00+00:00,3165.9547142762767,3570.0
105,2019-05-04T14:00:00+00:00,3341.2801280299,3566.0
105,2019-05-04T15:00:00+00:00,3305.137091322113,3391.0
105,2019-05-04T16:00:00+00:00,3387.557952391377,3470.0
105,2019-05-04T17:00:00+00:00,3526.7329766117336,3441.0
105,2019-05-04T18:00:00+00:00,3470.383127984396,3496.0
105,2019-05-04T19:00:00+00:00,3497.5718607768267,3639.0
105,2019-05-04T20:00:00+00:00,3402.3426173087005,3654.0
105,2019-05-04T21:00:00+00:00,3298.5933905862103,3603.0
105,2019-05-04T22:00:00+00:00,3246.8407762967136,3366.0
105,2019-05-04T23:00:00+00:00,3200.0057977807273,3125.0
105,2019-05-05T00:00:00+00:00,3104.1909802483738,3005.0
105,2019-05-05T01:00:00+00:00,3076.41256737569,2864.0
105,2019-05-05T02:00:00+00:00,3050.6430125168217,2802.0
105,2019-05-05T03:00:00+00:00,2874.06353720046,2824.0
105,2019-05-05T04:00:00+00:00,2741.2882966150473,2768.0
105,2019-05-05T05:00:00+00:00,2636.9922510017277,2728.0
105,2019-05-05T06:00:00+00:00,2541.5729328641555,2676.0
105,2019-05-05T07:00:00+00:00,2585.01996898563,2645.0
105,2019-05-05T08:00:00+00:00,2564.194586164813,2630.0
105,2019-05-05T09:00:00+00:00,2636.152938365644,2819.0
105,2019-05-05T10:00:00+00:00,2807.8024515988145,2887.0
105,2019-05-05T11:00:00+00:00,3075.030500556795,3200.0
105,2019-05-05T12:00:00+00:00,3361.5587580527017,3274.0
105,2019-05-05T13:00:00+00:00,3324.276500176084,3358.0
105,2019-05-05T14:00:00+00:00,3439.632917854536,3339.0
105,2019-05-05T15:00:00+00:00,3579.424282343711,3260.0
105,2019-05-05T16:00:00+00:00,3659.9088387849583,3241.0
105,2019-05-05T17:00:00+00:00,3739.9781671266546,3302.0
105,2019-05-05T18:00:00+00:00,3909.66191486028,3446.0
105,2019-05-05T19:00:00+00:00,3857.627042949988,3384.0
105,2019-05-05T20:00:00+00:00,3683.5525183040645,3420.0
105,2019-05-05T21:00:00+00:00,3580.190231957033,3440.0
105,2019-05-05T22:00:00+00:00,3538.4330899323936,3197.0
105,2019-05-05T23:00:00+00:00,3568.299176498753,3044.0
105,2019-05-06T00:00:00+00:00,3527.723707883086,2942.0
105,2019-05-06T01:00:00+00:00,3391.5182337642523,2800.0
105,2019-05-06T02:00:00+00:00,3237.779749011082,2722.0
105,2019-05-06T03:00:00+00:00,3225.8448492327793,2703.0
105,2019-05-06T04:00:00+00:00,2995.397847432565,2731.0
105,2019-05-06T05:00:00+00:00,3025.378142380305,2702.0
105,2019-05-06T06:00:00+00:00,2882.587890842103,2681.0
105,2019-05-06T07:00:00+00:00,2746.4188834330075,2689.0
105,2019-05-06T08:00:00+00:00,2784.515574132303,2655.0
105,2019-05-06T09:00:00+00:00,2885.672343299547,2768.0
105,2019-05-06T10:00:00+00:00,3022.1267394764677,2866.0
105,2019-05-06T11:00:00+00:00,3036.7835148000577,3092.0
105,2019-05-06T12:00:00+00:00,3381.666728169964,3183.0
105,2019-05-06T13:00:00+00:00,3473.6019801776833,3269.0
105,2019-05-06T14:00:00+00:00,3496.7262362770725,3282.0
105,2019-05-06T15:00:00+00:00,3545.909376787148,3253.0
105,2019-05-06T16:00:00+00:00,3533.011397318258,3226.0
105,2019-05-06T17:00:00+00:00,3677.744810613856,3285.0
105,2019-05-06T18:00:00+00:00,3689.049292354108,3341.0
105,2019-05-06T19:00:00+00:00,3662.7684765379654,3369.0
105,2019-05-06T20:00:00+00:00,3526.402182081172,3296.0
105,2019-05-06T21:00:00+00:00,3509.87825173548,3247.0
105,2019-05-06T22:00:00+00:00,3339.9718455754514,3089.0
105,2019-05-06T23:00:00+00:00,3315.164961457889,2915.0
105,2019-05-07T00:00:00+00:00,3320.682327550076,2883.0
105,2019-05-07T01:00:00+00:00,3306.568265101289,2836.0
105,2019-05-07T02:00:00+00:00,3188.357335993661,2721.0
105,2019-05-07T03:00:00+00:00,3008.848726331108,2706.0
105,2019-05-07T04:00:00+00:00,2926.0145042842687,2671.0
105,2019-05-07T05:00:00+00:00,2871.556273281556,2655.0
105,2019-05-07T06:00:00+00:00,2837.1567815117996,2592.0
105,2019-05-07T07:00:00+00:00,2788.9656693445368,2631.0
105,2019-05-07T08:00:00+00:00,2849.3398680656414,2622.0
105,2019-05-07T09:00:00+00:00,2887.0350779705523,2793.0
105,2019-05-07T10:00:00+00:00,3069.1194897994,2973.0
105,2019-05-07T11:00:00+00:00,3216.8632324623272,3175.0
105,2019-05-07T12:00:00+00:00,3468.0270513759137,3382.0
105,2019-05-07T13:00:00+00:00,3618.1784973961117,3520.0
105,2019-05-07T14:00:00+00:00,3675.106715971027,3401.0
105,2019-05-07T15:00:00+00:00,3637.522707224492,3376.0
106,2019-05-04T16:00:00+00:00,3499.943493981239,3470.0
106,2019-05-04T17:00:00+00:00,3581.994945793772,3441.0
106,2019-05-04T18:00:00+00:00,3528.3730532505447,3496.0
106,2019-05-04T19:00:00+00:00,3444.744461680665,3639.0
106,2019-05-04T20:00:00+00:00,3426.7701575935325,3654.0
106,2019-05-04T21:00:00+00:00,3343.8270145903766,3603.0
106,2019-05-04T22:00:00+00:00,3249.740094522505,3366.0
106,2019-05-04T23:00:00+00:00,3267.3215098809815,3125.0
106,2019-05-05T00:00:00+00:00,3238.9312758355886,3005.0
106,2019-05-05T01:00:00+00:00,3185.695117473978,2864.0
106,2019-05-05T02:00:00+00:00,3078.4155761755287,2802.0
106,2019-05-05T03:00:00+00:00,2983.5210349755503,2824.0
106,2019-05-05T04:00:00+00:00,2922.653321217542,2768.0
106,2019-05-05T05:00:00+00:00,2867.4122869341163,2728.0
106,2019-05-05T06:00:00+00:00,2814.0611766469756,2676.0
106,2019-05-05T07:00:00+00:00,2819.833855146135,2645.0
106,2019-05-05T08:00:00+00:00,2762.1178432831025,2630.0
106,2019-05-05T09:00:00+00:00,2795.8849920616212,2819.0
106,2019-05-05T10:00:00+00:00,3062.3207864665865,2887.0
106,2019-05-05T11:00:00+00:00,3237.557123631086,3200.0
106,2019-05-05T12:00:00+00:00,3451.1591657682116,3274.0
106,2019-05-05T13:00:00+00:00,3623.4591644698703,3358.0
106,2019-05-05T14:00:00+00:00,3678.2992632246214,3339.0
106,2019-05-05T15:00:00+00:00,3678.8321034854375,3260.0
106,2019-05-05T16:00:00+00:00,3769.7163971456866,3241.0
106,2019-05-05T17:00:00+00:00,3807.513555215111,3302.0
106,2019-05-05T18:00:00+00:00,3784.656611499109,3446.0
106,2019-05-05T19:00:00+00:00,3880.241756505249,3384.0
106,2019-05-05T20:00:00+00:00,3659.381715552492,3420.0
106,2019-05-05T21:00:00+00:00,3524.7611140501617,3440.0
106,2019-05-05T22:00:00+00:00,3551.6605916451895,3197.0
106,2019-05-05T23:00:00+00:00,3550.5113698075465,3044.0
106,2019-05-06T00:00:00+00:00,3439.436746123063,2942.0
106,2019-05-06T01:00:00+00:00,3401.460079972719,2800.0
106,2019-05-06T02:00:00+00:00,3270.3583259432403,2722.0
106,2019-05-06T03:00:00+00:00,3105.3045450132417,2703.0
106,2019-05-06T04:00:00+00:00,2959.9939431791036,2731.0
106,2019-05-06T05:00:00+00:00,2871.6390545302133,2702.0
106,2019-05-06T06:00:00+00:00,2789.854419404968,2681.0
106,2019-05-06T07:00:00+00:00,2812.551947255293,2689.0
106,2019-05-06T08:00:00+00:00,2753.5454732125972,2655.0
106,2019-05-06T09:00:00+00:00,2883.5922702794014,2768.0
106,2019-05-06T10:00:00+00:00,3021.1988294241564,2866.0
106,2019-05-06T11:00:00+00:00,3322.9249145365225,3092.0
106,2019-05-06T12:00:00+00:00,3460.7553465631245,3183.0
106,2019-05-06T13:00:00+00:00,3526.855330932354,3269.0
106,2019-05-06T14:00:00+00:00,3560.643893782381,3282.0
106,2019-05-06T15:00:00+00:00,3633.214364573581,3253.0
106,2019-05-06T16:00:00+00:00,3655.689771001611,3226.0
106,2019-05-06T17:00:00+00:00,3753.201058865723,3285.0
106,2019-05-06T18:00:00+00:00,3744.193930269337,3341.0
106,2019-05-06T19:00:00+00:00,3711.2194326007134,3369.0
106,2019-05-06T20:00:00+00:00,3618.2245475637774,3296.0
106,2019-05-06T21:00:00+00:00,3466.0435316943963,3247.0
106,2019-05-06T22:00:00+00:00,3377.402428117515,3089.0
106,2019-05-06T23:00:00+00:00,3387.2730923660583,2915.0
106,2019-05-07T00:00:00+00:00,3386.22413332619,2883.0
106,2019-05-07T01:00:00+00:00,3385.4575227847354,2836.0
106,2019-05-07T02:00:00+00:00,3263.4178039562903,2721.0
106,2019-05-07T03:00:00+00:00,3125.5327462194964,2706.0
106,2019-05-07T04:00:00+00:00,2945.831178588517,2671.0
106,2019-05-07T05:00:00+00:00,2914.3348797357316,2655.0
106,2019-05-07T06:00:00+00:00,2949.6540530025436,2592.0
106,2019-05-07T07:00:00+00:00,2765.770793074137,2631.0
106,2019-05-07T08:00:00+00:00,2786.447599250659,2622.0
106,2019-05-07T09:00:00+00:00,2887.46907642908,2793.0
106,2019-05-07T10:00:00+00:00,3071.7410281924977,2973.0
106,2019-05-07T11:00:00+00:00,3232.769575037351,3175.0
106,2019-05-07T12:00:00+00:00,3463.5601933739067,3382.0
106,2019-05-07T13:00:00+00:00,3562.519839148653,3520.0
106,2019-05-07T14:00:00+00:00,3490.7836248933195,3401.0
106,2019-05-07T15:00:00+00:00,3585.1739440206397,3376.0
106,2019-05-07T16:00:00+00:00,3627.937778731043,3386.0
106,2019-05-07T17:00:00+00:00,3718.3454936377966,3296.0
106,2019-05-07T18:00:00+00:00,3703.9845167001263,3433.0
106,2019-05-07T19:00:00+00:00,3645.6962071667376,3539.0
106,2019-05-07T20:00:00+00:00,3545.536762028972,3465.0
106,2019-05-07T21:00:00+00:00,3480.10266275373,3399.0
106,2019-05-07T22:00:00+00:00,3340.765215444691,3272.0
106,2019-05-07T23:00:00+00:00,3464.2015580341604,3164.0
106,2019-05-08T00:00:00+00:00,3382.8064243808894,3074.0
106,2019-05-08T01:00:00+00:00,3369.748731628662,3040.0
106,2019-05-08T02:00:00+00:00,3185.6005717045537,2952.0
106,2019-05-08T03:00:00+00:00,3024.905016976304,2912.0
106,2019-05-08T04:00:00+00:00,2941.929323262598,2997.0
106,2019-05-08T05:00:00+00:00,2787.291604476487,2959.0
106,2019-05-08T06:00:00+00:00,2739.532607122573,2963.0
106,2019-05-08T07:00:00+00:00,2765.3940640383335,2849.0
106,2019-05-08T08:00:00+00:00,2839.5524477154477,2822.0
106,2019-05-08T09:00:00+00:00,2788.1869638182484,2972.0
106,2019-05-08T10:00:00+00:00,2978.1463013052635,3079.0
106,2019-05-08T11:00:00+00:00,3322.3746588194017,3275.0
106,2019-05-08T12:00:00+00:00,3349.6530465130722,3474.0
106,2019-05-08T13:00:00+00:00,3481.1339419660408,3587.0
106,2019-05-08T14:00:00+00:00,3618.2640049733172,3524.0
106,2019-05-08T15:00:00+00:00,3682.547048335347,3429.0
107,2019-05-05T16:00:00+00:00,3482.2793469437156,3241.0
107,2019-05-05T17:00:00+00:00,3407.1774222639447,3302.0
107,2019-05-05T18:00:00+00:00,3480.2427960411273,3446.0
107,2019-05-05T19:00:00+00:00,3451.3270249907873,3384.0
107,2019-05-05T20:00:00+00:00,3358.6659912770283,3420.0
107,2019-05-05T21:00:00+00:00,3340.0413999998473,3440.0
107,2019-05-05T22:00:00+00:00,3227.3443795041103,3197.0
107,2019-05-05T23:00:00+00:00,3157.9803850269072,3044.0
107,2019-05-06T00:00:00+00:00,3178.784750333096,2942.0
107,2019-05-06T01:00:00+00:00,3091.9459977748775,2800.0
107,2019-05-06T02:00:00+00:00,2945.951665787161,2722.0
107,2019-05-06T03:00:00+00:00,2863.582010125,2703.0
107,2019-05-06T04:00:00+00:00,2809.6365932606745,2731.0
107,2019-05-06T05:00:00+00:00,2717.0232455117107,2702.0
107,2019-05-06T06:00:00+00:00,2689.0887875068274,2681.0
107,2019-05-06T07:00:00+00:00,2604.3619647047653,2689.0
107,2019-05-06T08:00:00+00:00,2532.37208623199,2655.0
107,2019-05-06T09:00:00+00:00,2614.3647815335003,2768.0
107,2019-05-06T10:00:00+00:00,2738.430178996746,2866.0
107,2019-05-06T11:00:00+00:00,2892.5773238761453,3092.0
107,2019-05-06T12:00:00+00:00,3013.8405843339538,3183.0
107,2019-05-06T13:00:00+00:00,3133.474838699179,3269.0
107,2019-05-06T14:00:00+00:00,3190.4475377374447,3282.0
107,2019-05-06T15:00:00+00:00,3243.598403323493,3253.0
107,2019-05-06T16:00:00+00:00,3338.2235832628717,3226.0
107,2019-05-06T17:00:00+00:00,3291.725521124279,3285.0
107,2019-05-06T18:00:00+00:00,3239.2820303957665,3341.0
107,2019-05-06T19:00:00+00:00,3365.561322302885,3369.0
107,2019-05-06T20:00:00+00:00,3285.870094422869,3296.0
107,2019-05-06T21:00:00+00:00,3223.196758051939,3247.0
107,2019-05-06T22:00:00+00:00,3126.50708647315,3089.0
107,2019-05-06T23:00:00+00:00,3093.379930929009,2915.0
107,2019-05-07T00:00:00+00:00,3090.8839854043827,2883.0
107,2019-05-07T01:00:00+00:00,2973.3948228643862,2836.0
107,2019-05-07T02:00:00+00:00,2935.822016849705,2721.0
107,2019-05-07T03:00:00+00:00,2902.8971218374622,2706.0
107,2019-05-07T04:00:00+00:00,2754.490600442773,2671.0
107,2019-05-07T05:00:00+00:00,2709.584433282096,2655.0
107,2019-05-07T06:00:00+00:00,2674.482143582125,2592.0
107,2019-05-07T07:00:00+00:00,2645.4312457749957,2631.0
107,2019-05-07T08:00:00+00:00,2682.7353514572096,2622.0
107,2019-05-07T09:00:00+00:00,2811.230487546193,2793.0
107,2019-05-07T10:00:00+00:00,2870.811836878963,2973.0
107,2019-05-07T11:00:00+00:00,3095.616445638233,3175.0
107,2019-05-07T12:00:00+00:00,3119.181292954277,3382.0
107,2019-05-07T13:00:00+00:00,3222.6342421179515,3520.0
107,2019-05-07T14:00:00+00:00,3263.3260836546347,3401.0
107,2019-05-07T15:00:00+00:00,3183.954877176612,3376.0
107,2019-05-07T16:00:00+00:00,3269.602339821523,3386.0
107,2019-05-07T17:00:00+00:00,3323.4331682707916,3296.0
107,2019-05-07T18:00:00+00:00,3416.707378059932,3433.0
107,2019-05-07T19:00:00+00:00,3405.2411672055373,3539.0
107,2019-05-07T20:00:00+00:00,3375.375378056838,3465.0
107,2019-05-07T21:00:00+00:00,3268.2591686232545,3399.0
107,2019-05-07T22:00:00+00:00,3240.6455086109213,3272.0
107,2019-05-07T23:00:00+00:00,3185.839480701426,3164.0
107,2019-05-08T00:00:00+00:00,3255.7751945368686,3074.0
107,2019-05-08T01:00:00+00:00,3165.48647974046,3040.0
107,2019-05-08T02:00:00+00:00,3086.8057944525817,2952.0
107,2019-05-08T03:00:00+00:00,3092.4613234401695,2912.0
107,2019-05-08T04:00:00+00:00,3039.9145296444703,2997.0
107,2019-05-08T05:00:00+00:00,2933.783747533971,2959.0
107,2019-05-08T06:00:00+00:00,2929.2195100331696,2963.0
107,2019-05-08T07:00:00+00:00,2811.8428044150014,2849.0
107,2019-05-08T08:00:00+00:00,2939.367103169436,2822.0
107,2019-05-08T09:00:00+00:00,2911.769355001905,2972.0
107,2019-05-08T10:00:00+00:00,3054.1907755954912,3079.0
107,2019-05-08T11:00:00+00:00,3184.6786760982527,3275.0
107,2019-05-08T12:00:00+00:00,3244.209860985729,3474.0
107,2019-05-08T13:00:00+00:00,3390.410997386258,3587.0
107,2019-05-08T14:00:00+00:00,3405.2582191513684,3524.0
107,2019-05-08T15:00:00+00:00,3382.6670346376422,3429.0
107,2019-05-08T16:00:00+00:00,3461.7109660274114,3508.0
107,2019-05-08T17:00:00+00:00,3485.6053686337673,3608.0
107,2019-05-08T18:00:00+00:00,3508.4625106282087,3655.0
107,2019-05-08T19:00:00+00:00,3518.4720358774935,3652.0
107,2019-05-08T20:00:00+00:00,3534.628952830937,3494.0
107,2019-05-08T21:00:00+00:00,3448.5294153430614,3416.0
107,2019-05-08T22:00:00+00:00,3278.6084770257094,3176.0
107,2019-05-08T23:00:00+00:00,3410.6595551790083,3027.0
107,2019-05-09T00:00:00+00:00,3320.1100216181185,2969.0
107,2019-05-09T01:00:00+00:00,3341.9667166976533,2895.0
107,2019-05-09T02:00:00+00:00,3265.416202782402,2796.0
107,2019-05-09T03:00:00+00:00,3032.704266363244,2789.0
107,2019-05-09T04:00:00+00:00,2909.7188915621173,2848.0
107,2019-05-09T05:00:00+00:00,2781.3322137797572,2876.0
107,2019-05-09T06:00:00+00:00,2799.2561881895626,2796.0
107,2019-05-09T07:00:00+00:00,2729.19185773944,2844.0
107,2019-05-09T08:00:00+00:00,2762.049899871031,2791.0
107,2019-05-09T09:00:00+00:00,2710.1977084966975,2842.0
107,2019-05-09T10:00:00+00:00,2771.905924561429,2810.0
107,2019-05-09T11:00:00+00:00,2843.189270860038,2688.0
107,2019-05-09T12:00:00+00:00,2880.5983980225838,2618.0
107,2019-05-09T13:00:00+00:00,3077.7045496900582,2803.0
107,2019-05-09T14:00:00+00:00,3070.0679877630537,2941.0
107,2019-05-09T15:00:00+00:00,3081.564766543599,3051.0
108,2019-05-06T16:00:00+00:00,3311.46065342012,3226.0
108,2019-05-06T17:00:00+00:00,3337.154895518234,3285.0
108,2019-05-06T18:00:00+00:00,3315.8154758419837,3341.0
108,2019-05-06T19:00:00+00:00,3273.850207548265,3369.0
108,2019-05-06T20:00:00+00:00,3131.095266095569,3296.0
108,2019-05-06T21:00:00+00:00,3049.0943587620063,3247.0
108,2019-05-06T22:00:00+00:00,3031.759172179475,3089.0
108,2019-05-06T23:00:00+00:00,2981.2173038752007,2915.0
108,2019-05-07T00:00:00+00:00,2936.3328151572864,2883.0
108,2019-05-07T01:00:00+00:00,2985.712176968445,2836.0
108,2019-05-07T02:00:00+00:00,2949.277522245179,2721.0
108,2019-05-07T03:00:00+00:00,2748.288054285916,2706.0
108,2019-05-07T04:00:00+00:00,2776.7460334649404,2671.0
108,2019-05-07T05:00:00+00:00,2726.8162837510345,2655.0
108,2019-05-07T06:00:00+00:00,2689.3525639247036,2592.0
108,2019-05-07T07:00:00+00:00,2663.6317525156437,2631.0
108,2019-05-07T08:00:00+00:00,2698.030153753981,2622.0
108,2019-05-07T09:00:00+00:00,2778.4267737071336,2793.0
108,2019-05-07T10:00:00+00:00,2869.2055171445445,2973.0
108,2019-05-07T11:00:00+00:00,3070.8013205730126,3175.0
108,2019-05-07T12:00:00+00:00,3203.5955628422485,3382.0
108,2019-05-07T13:00:00+00:00,3262.1985733061606,3520.0
108,2019-05-07T14:00:00+00:00,3354.071747638989,3401.0
108,2019-05-07T15:00:00+00:00,3402.005725716112,3376.0
108,2019-05-07T16:00:00+00:00,3416.5480943798816,3386.0
108,2019-05-07T17:00:00+00:00,3454.64445461511,3296.0
108,2019-05-07T18:00:00+00:00,3474.3010190791415,3433.0
108,2019-05-07T19:00:00+00:00,3385.74335767905,3539.0
108,2019-05-07T20:00:00+00:00,3274.3300083264094,3465.0
108,2019-05-07T21:00:00+00:00,3282.771448533769,3399.0
108,2019-05-07T22:00:00+00:00,3257.423235359682,3272.0
108,2019-05-07T23:00:00+00:00,3244.2176764609017,3164.0
108,2019-05-08T00:00:00+00:00,3210.4585414359954,3074.0
108,2019-05-08T01:00:00+00:00,3152.9058944842345,3040.0
108,2019-05-08T02:00:00+00:00,3104.0098198471214,2952.0
108,2019-05-08T03:00:00+00:00,3085.304000502396,2912.0
108,2019-05-08T04:00:00+00:00,3008.4795649224266,2997.0
108,2019-05-08T05:00:00+00:00,2908.6382079718655,2959.0
108,2019-05-08T06:00:00+00:00,2865.1062756317083,2963.0
108,2019-05-08T07:00:00+00:00,2825.232250043583,2849.0
108,2019-05-08T08:00:00+00:00,2858.186820728997,2822.0
108,2019-05-08T09:00:00+00:00,2911.4224338248987,2972.0
108,2019-05-08T10:00:00+00:00,3040.2518673635486,3079.0
108,2019-05-08T11:00:00+00:00,3205.337736354403,3275.0
108,2019-05-08T12:00:00+00:00,3331.0209537015817,3474.0
108,2019-05-08T13:00:00+00:00,3407.8359710556556,3587.0
108,2019-05-08T14:00:00+00:00,3393.131377581644,3524.0
108,2019-05-08T15:00:00+00:00,3457.229014079167,3429.0
108,2019-05-08T16:00:00+00:00,3486.1338798153124,3508.0
108,2019-05-08T17:00:00+00:00,3501.7355179978244,3608.0
108,2019-05-08T18:00:00+00:00,3535.7500852229277,3655.0
108,2019-05-08T19:00:00+00:00,3464.235480170586,3652.0
108,2019-05-08T20:00:00+00:00,3379.4344681855955,3494.0
108,2019-05-08T21:00:00+00:00,3365.259112914075,3416.0
108,2019-05-08T22:00:00+00:00,3293.79622548814,3176.0
108,2019-05-08T23:00:00+00:00,3230.5973355890596,3027.0
108,2019-05-09T00:00:00+00:00,3283.795854093497,2969.0
108,2019-05-09T01:00:00+00:00,3163.308952867105,2895.0
108,2019-05-09T02:00:00+00:00,3089.7462471930503,2796.0
108,2019-05-09T03:00:00+00:00,3059.3325981917123,2789.0
108,2019-05-09T04:00:00+00:00,2954.0003824978985,2848.0
108,2019-05-09T05:00:00+00:00,2892.601579938626,2876.0
108,2019-05-09T06:00:00+00:00,2756.470146293891,2796.0
108,2019-05-09T07:00:00+00:00,2728.2007299112083,2844.0
108,2019-05-09T08:00:00+00:00,2658.8769694341013,2791.0
108,2019-05-09T09:00:00+00:00,2706.0864711382474,2842.0
108,2019-05-09T10:00:00+00:00,2831.29937202599,2810.0
108,2019-05-09T11:00:00+00:00,2821.6860070996195,2688.0
108,2019-05-09T12:00:00+00:00,2947.922652618957,2618.0
108,2019-05-09T13:00:00+00:00,3019.212310781236,2803.0
108,2019-05-09T14:00:00+00:00,3021.061058954835,2941.0
108,2019-05-09T15:00:00+00:00,2997.032520983889,3051.0
108,2019-05-09T16:00:00+00:00,3005.3958064395224,3130.0
108,2019-05-09T17:00:00+00:00,3089.737258570442,3088.0
108,2019-05-09T18:00:00+00:00,3096.6897103101924,3190.0
108,2019-05-09T19:00:00+00:00,3024.7788788421226,3178.0
108,2019-05-09T20:00:00+00:00,2992.1538469238176,3147.0
108,2019-05-09T21:00:00+00:00,3002.583722465684,3114.0
108,2019-05-09T22:00:00+00:00,2982.5453067728176,2982.0
108,2019-05-09T23:00:00+00:00,3015.6598881592286,2842.0
108,2019-05-10T00:00:00+00:00,2923.6607739706587,2796.0
108,2019-05-10T01:00:00+00:00,2946.996956675891,2795.0
108,2019-05-10T02:00:00+00:00,2988.451426662028,2785.0
108,2019-05-10T03:00:00+00:00,2799.594781672093,2721.0
108,2019-05-10T04:00:00+00:00,2706.907542157861,2678.0
108,2019-05-10T05:00:00+00:00,2660.529884601896,2495.0
108,2019-05-10T06:00:00+00:00,2615.9975383932383,2508.0
108,2019-05-10T07:00:00+00:00,2519.5643564996594,2541.0
108,2019-05-10T08:00:00+00:00,2483.159774006445,2508.0
108,2019-05-10T09:00:00+00:00,2452.6422105793977,2496.0
108,2019-05-10T10:00:00+00:00,2493.214407600806,2509.0
108,2019-05-10T11:00:00+00:00,2641.34353745808,2653.0
108,2019-05-10T12:00:00+00:00,2662.336597746237,2687.0
108,2019-05-10T13:00:00+00:00,2760.4133096281216,2806.0
108,2019-05-10T14:00:00+00:00,2702.803178451994,2741.0
108,2019-05-10T15:00:00+00:00,2711.8394539790443,2744.0
109,2019-05-07T16:00:00+00:00,3425.90938131633,3386.0
109,2019-05-07T17:00:00+00:00,3401.7313414017012,3296.0
109,2019-05-07T18:00:00+00:00,3470.3051797727117,3433.0
109,2019-05-07T19:00:00+00:00,3424.6519985897235,3539.0
109,2019-05-07T20:00:00+00:00,3315.093345763879,3465.0
109,2019-05-07T21:00:00+00:00,3190.663115971223,3399.0
109,2019-05-07T22:00:00+00:00,3216.418229550385,3272.0
109,2019-05-07T23:00:00+00:00,3230.145541640551,3164.0
109,2019-05-08T00:00:00+00:00,3189.646955489954,3074.0
109,2019-05-08T01:00:00+00:00,3172.857315511596,3040.0
109,2019-05-08T02:00:00+00:00,3054.4793698647613,2952.0
109,2019-05-08T03:00:00+00:00,3026.783936519174,2912.0
109,2019-05-08T04:00:00+00:00,2973.2609518710487,2997.0
109,2019-05-08T05:00:00+00:00,2898.9579240720295,2959.0
109,2019-05-08T06:00:00+00:00,2827.6457613068224,2963.0
109,2019-05-08T07:00:00+00:00,2845.0606227757853,2849.0
109,2019-05-08T08:00:00+00:00,2738.4722801188173,2822.0
109,2019-05-08T09:00:00+00:00,2773.986261952828,2972.0
109,2019-05-08T10:00:00+00:00,2944.48503321365,3079.0
109,2019-05-08T11:00:00+00:00,3094.9557323068866,3275.0
109,2019-05-08T12:00:00+00:00,3178.0679407264615,3474.0
109,2019-05-08T13:00:00+00:00,3152.417683395598,3587.0
109,2019-05-08T14:00:00+00:00,3273.48867985952,3524.0
109,2019-05-08T15:00:00+00:00,3235.4531911053396,3429.0
109,2019-05-08T16:00:00+00:00,3316.7076627287065,3508.0
109,2019-05-08T17:00:00+00:00,3363.925624312955,3608.0
109,2019-05-08T18:00:00+00:00,3329.086284870694,3655.0
109,2019-05-08T19:00:00+00:00,3351.3327292702525,3652.0
109,2019-05-08T20:00:00+00:00,3322.0527207258224,3494.0
109,2019-05-08T21:00:00+00:00,3228.510025405858,3416.0
109,2019-05-08T22:00:00+00:00,3194.2554090828526,3176.0
109,2019-05-08T23:00:00+00:00,3249.064906865046,3027.0
109,2019-05-09T00:00:00+00:00,3260.2727113426445,2969.0
109,2019-05-09T01:00:00+00:00,3153.175420976868,2895.0
109,2019-05-09T02:00:00+00:00,3041.623425425129,2796.0
109,2019-05-09T03:00:00+00:00,3043.842822095709,2789.0
109,2019-05-09T04:00:00+00:00,2902.6687381211077,2848.0
109,2019-05-09T05:00:00+00:00,2818.7774276183645,2876.0
109,2019-05-09T06:00:00+00:00,2735.88851376852,2796.0
109,2019-05-09T07:00:00+00:00,2630.767299381163,2844.0
109,2019-05-09T08:00:00+00:00,2589.6446814106,2791.0
109,2019-05-09T09:00:00+00:00,2600.0023505539375,2842.0
109,2019-05-09T10:00:00+00:00,2657.893838836279,2810.0
109,2019-05-09T11:00:00+00:00,2737.8989249634487,2688.0
109,2019-05-09T12:00:00+00:00,2869.6751396294403,2618.0
109,2019-05-09T13:00:00+00:00,2912.6757848898937,2803.0
109,2019-05-09T14:00:00+00:00,2804.511492146218,2941.0
109,2019-05-09T15:00:00+00:00,2798.18310527284,3051.0
109,2019-05-09T16:00:00+00:00,2873.509448100168,3130.0
109,2019-05-09T17:00:00+00:00,2914.8382756482233,3088.0
109,2019-05-09T18:00:00+00:00,2922.544135889972,3190.0
109,2019-05-09T19:00:00+00:00,2873.6400805456533,3178.0
109,2019-05-09T20:00:00+00:00,2829.4689315616747,3147.0
109,2019-05-09T21:00:00+00:00,2883.6031095007825,3114.0
109,2019-05-09T22:00:00+00:00,2872.434812002333,2982.0
109,2019-05-09T23:00:00+00:00,3032.685694282707,2842.0
109,2019-05-10T00:00:00+00:00,2941.472721061922,2796.0
109,2019-05-10T01:00:00+00:00,2947.1393866885505,2795.0
109,2019-05-10T02:00:00+00:00,2899.715612083689,2785.0
109,2019-05-10T03:00:00+00:00,2843.060852523798,2721.0
109,2019-05-10T04:00:00+00:00,2793.2063164314263,2678.0
109,2019-05-10T05:00:00+00:00,2683.146911405622,2495.0
109,2019-05-10T06:00:00+00:00,2697.068106763601,2508.0
109,2019-05-10T07:00:00+00:00,2554.5990993444393,2541.0
109,2019-05-10T08:00:00+00:00,2506.1217392027784,2508.0
109,2019-05-10T09:00:00+00:00,2569.802429187605,2496.0
109,2019-05-10T10:00:00+00:00,2666.9333529111814,2509.0
109,2019-05-10T11:00:00+00:00,2755.378028646938,2653.0
109,2019-05-10T12:00:00+00:00,2710.1518400842683,2687.0
109,2019-05-10T13:00:00+00:00,2802.7851478628486,2806.0
109,2019-05-10T14:00:00+00:00,2775.4055390256103,2741.0
109,2019-05-10T15:00:00+00:00,2698.1160744112694,2744.0
109,2019-05-10T16:00:00+00:00,2731.526586369227,2800.0
109,2019-05-10T17:00:00+00:00,2694.9064752118443,2777.0
109,2019-05-10T18:00:00+00:00,2670.4894106379197,2721.0
109,2019-05-10T19:00:00+00:00,2647.2634046524568,2693.0
109,2019-05-10T20:00:00+00:00,2639.4764154823833,2725.0
109,2019-05-10T21:00:00+00:00,2572.644552345088,2732.0
109,2019-05-10T22:00:00+00:00,2534.752617181393,2635.0
109,2019-05-10T23:00:00+00:00,2558.897511550152,2548.0
109,2019-05-11T00:00:00+00:00,2620.515775295984,2612.0
109,2019-05-11T01:00:00+00:00,2577.0097182922327,2585.0
109,2019-05-11T02:00:00+00:00,2504.4936088399713,2534.0
109,2019-05-11T03:00:00+00:00,2507.4155060231064,2504.0
109,2019-05-11T04:00:00+00:00,2537.0303077133026,2556.0
109,2019-05-11T05:00:00+00:00,2531.1143399949106,2503.0
109,2019-05-11T06:00:00+00:00,2588.469551190144,2508.0
109,2019-05-11T07:00:00+00:00,2569.12616752193,2565.0
109,2019-05-11T08:00:00+00:00,2644.9526677138974,2643.0
109,2019-05-11T09:00:00+00:00,2766.2228018242895,2735.0
109,2019-05-11T10:00:00+00:00,2917.7656915812686,3073.0
109,2019-05-11T11:00:00+00:00,3085.439870803335,3346.0
109,2019-05-11T12:00:00+00:00,3312.2548246647207,3424.0
109,2019-05-11T13:00:00+00:00,3408.1533487451175,3519.0
109,2019-05-11T14:00:00+00:00,3448.276577285786,3444.0
109,2019-05-11T15:00:00+00:00,3470.0638088185437,3280.0
110,2019-05-08T16:00:00+00:00,3325.4792530616983,3508.0
110,2019-05-08T17:00:00+00:00,3365.1652445959876,3608.0
110,2019-05-08T18:00:00+00:00,3417.0208232270024,3655.0
110,2019-05-08T19:00:00+00:00,3398.9888531602664,3652.0
110,2019-05-08T20:00:00+00:00,3338.8878325597298,3494.0
110,2019-05-08T21:00:00+00:00,3228.1631290136565,3416.0
110,2019-05-08T22:00:00+00:00,3241.6924352967803,3176.0
110,2019-05-08T23:00:00+00:00,3222.8875676097246,3027.0
110,2019-05-09T00:00:00+00:00,3163.17111630497,2969.0
110,2019-05-09T01:00:00+00:00,3185.272982675437,2895.0
110,2019-05-09T02:00:00+00:00,3078.5722822358607,2796.0
110,2019-05-09T03:00:00+00:00,2958.953113555271,2789.0
110,2019-05-09T04:00:00+00:00,2860.3504020187465,2848.0
110,2019-05-09T05:00:00+00:00,2775.6284700848682,2876.0
110,2019-05-09T06:00:00+00:00,2704.7232407711426,2796.0
110,2019-05-09T07:00:00+00:00,2676.3454982674634,2844.0
110,2019-05-09T08:00:00+00:00,2727.1113220696016,2791.0
110,2019-05-09T09:00:00+00:00,2652.655917289521,2842.0
110,2019-05-09T10:00:00+00:00,2719.6670902292967,2810.0
110,2019-05-09T11:00:00+00:00,2767.4079120595534,2688.0
110,2019-05-09T12:00:00+00:00,2889.9613042329584,2618.0
110,2019-05-09T13:00:00+00:00,2839.18946598481,2803.0
110,2019-05-09T14:00:00+00:00,2901.539773730741,2941.0
110,2019-05-09T15:00:00+00:00,2837.276971292784,3051.0
110,2019-05-09T16:00:00+00:00,2946.4623649555224,3130.0
110,2019-05-09T17:00:00+00:00,2908.527469463183,3088.0
110,2019-05-09T18:00:00+00:00,2942.574752630869,3190.0
110,2019-05-09T19:00:00+00:00,2908.7558531795376,3178.0
110,2019-05-09T20:00:00+00:00,2888.5524367782705,3147.0
110,2019-05-09T21:00:00+00:00,2836.1628777854094,3114.0
110,2019-05-09T22:00:00+00:00,2857.2877271432844,2982.0
110,2019-05-09T23:00:00+00:00,2857.257324449167,2842.0
110,2019-05-10T00:00:00+00:00,2945.6816105520215,2796.0
110,2019-05-10T01:00:00+00:00,2844.812609493881,2795.0
110,2019-05-10T02:00:00+00:00,2835.93059459307,2785.0
110,2019-05-10T03:00:00+00:00,2769.3490579861445,2721.0
110,2019-05-10T04:00:00+00:00,2623.656043134258,2678.0
110,2019-05-10T05:00:00+00:00,2534.7089298318024,2495.0
110,2019-05-10T06:00:00+00:00,2540.246714472498,2508.0
110,2019-05-10T07:00:00+00:00,2453.834524931311,2541.0
110,2019-05-10T08:00:00+00:00,2518.219830398718,2508.0
110,2019-05-10T09:00:00+00:00,2508.1236244247916,2496.0
110,2019-05-10T10:00:00+00:00,2669.403770086671,2509.0
110,2019-05-10T11:00:00+00:00,2599.957671812147,2653.0
110,2019-05-10T12:00:00+00:00,2775.7853083308264,2687.0
110,2019-05-10T13:00:00+00:00,2762.606203080569,2806.0
110,2019-05-10T14:00:00+00:00,2700.718148470851,2741.0
110,2019-05-10T15:00:00+00:00,2748.3922826524886,2744.0
110,2019-05-10T16:00:00+00:00,2749.1261111585472,2800.0
110,2019-05-10T17:00:00+00:00,2779.4678677022193,2777.0
110,2019-05-10T18:00:00+00:00,2704.766201099787,2721.0
110,2019-05-10T19:00:00+00:00,2648.3499044102787,2693.0
110,2019-05-10T20:00:00+00:00,2545.127073899308,2725.0
110,2019-05-10T21:00:00+00:00,2589.747720106533,2732.0
110,2019-05-10T22:00:00+00:00,2607.107327983578,2635.0
110,2019-05-10T23:00:00+00:00,2604.6251462873215,2548.0
110,2019-05-11T00:00:00+00:00,2571.6280448765497,2612.0
110,2019-05-11T01:00:00+00:00,2610.2651104173774,2585.0
110,2019-05-11T02:00:00+00:00,2636.2048212240834,2534.0
110,2019-05-11T03:00:00+00:00,2589.023276779963,2504.0
110,2019-05-11T04:00:00+00:00,2526.326576599532,2556.0
110,2019-05-11T05:00:00+00:00,2516.0044653897494,2503.0
110,2019-05-11T06:00:00+00:00,2490.5646806228365,2508.0
110,2019-05-11T07:00:00+00:00,2511.21207549744,2565.0
110,2019-05-11T08:00:00+00:00,2650.2799467442355,2643.0
110,2019-05-11T09:00:00+00:00,2738.8337417147495,2735.0
110,2019-05-11T10:00:00+00:00,2969.296473604529,3073.0
110,2019-05-11T11:00:00+00:00,3103.6252257665346,3346.0
110,2019-05-11T12:00:00+00:00,3125.137643381595,3424.0
110,2019-05-11T13:00:00+00:00,3213.771741120267,3519.0
110,2019-05-11T14:00:00+00:00,3329.3967558611657,3444.0
110,2019-05-11T15:00:00+00:00,3292.3364004743985,3280.0
110,2019-05-11T16:00:00+00:00,3355.020708252336,3335.0
110,2019-05-11T17:00:00+00:00,3359.584532673054,3363.0
110,2019-05-11T18:00:00+00:00,3385.0201701159326,3443.0
110,2019-05-11T19:00:00+00:00,3313.1221771768464,3360.0
110,2019-05-11T20:00:00+00:00,3220.2688298995904,3708.0
110,2019-05-11T21:00:00+00:00,3200.258288850733,3486.0
110,2019-05-11T22:00:00+00:00,3115.0127366034935,3336.0
110,2019-05-11T23:00:00+00:00,3101.6333701289395,3180.0
110,2019-05-12T00:00:00+00:00,3059.7980898757774,3141.0
110,2019-05-12T01:00:00+00:00,3028.142573435755,2973.0
110,2019-05-12T02:00:00+00:00,2948.6478890592866,2959.0
110,2019-05-12T03:00:00+00:00,2845.9008937576623,2920.0
110,2019-05-12T04:00:00+00:00,2726.9690242425686,3129.0
110,2019-05-12T05:00:00+00:00,2679.1120112465323,2954.0
110,2019-05-12T06:00:00+00:00,2687.5926444921784,2910.0
110,2019-05-12T07:00:00+00:00,2555.5295539700624,2988.0
110,2019-05-12T08:00:00+00:00,2693.5637997096755,2950.0
110,2019-05-12T09:00:00+00:00,2767.4265502329035,3045.0
110,2019-05-12T10:00:00+00:00,2970.1348278948203,3213.0
110,2019-05-12T11:00:00+00:00,3042.7825611847666,3423.0
110,2019-05-12T12:00:00+00:00,3185.364554268263,3492.0
110,2019-05-12T13:00:00+00:00,3290.7385571432856,3620.0
110,2019-05-12T14:00:00+00:00,3291.305137785291,3646.0
110,2019-05-12T15:00:00+00:00,3308.501612075911,3466.0
111,2019-05-09T16:00:00+00:00,2987.970403166838,3130.0
111,2019-05-09T17:00:00+00:00,2963.809844801327,3088.0
111,2019-05-09T18:00:00+00:00,3046.7773760525906,3190.0
111,2019-05-09T19:00:00+00:00,3079.6522057587595,3178.0
111,2019-05-09T20:00:00+00:00,3019.4806476032295,3147.0
111,2019-05-09T21:00:00+00:00,2943.1348561771715,3114.0
111,2019-05-09T22:00:00+00:00,2924.03594982535,2982.0
111,2019-05-09T23:00:00+00:00,2914.3283365472153,2842.0
111,2019-05-10T00:00:00+00:00,2895.4073520487946,2796.0
111,2019-05-10T01:00:00+00:00,2908.370399892378,2795.0
111,2019-05-10T02:00:00+00:00,2864.09608002684,2785.0
111,2019-05-10T03:00:00+00:00,2814.8467227794404,2721.0
111,2019-05-10T04:00:00+00:00,2759.610678503419,2678.0
111,2019-05-10T05:00:00+00:00,2630.1211099455386,2495.0
111,2019-05-10T06:00:00+00:00,2558.1172858891578,2508.0
111,2019-05-10T07:00:00+00:00,2513.6830214154356,2541.0
111,2019-05-10T08:00:00+00:00,2479.492019425231,2508.0
111,2019-05-10T09:00:00+00:00,2509.2545385531503,2496.0
111,2019-05-10T10:00:00+00:00,2580.809261943165,2509.0
111,2019-05-10T11:00:00+00:00,2664.0602983170743,2653.0
111,2019-05-10T12:00:00+00:00,2691.321336647254,2687.0
111,2019-05-10T13:00:00+00:00,2670.163969625236,2806.0
111,2019-05-10T14:00:00+00:00,2734.7092857936395,2741.0
111,2019-05-10T15:00:00+00:00,2726.5663868239512,2744.0
111,2019-05-10T16:00:00+00:00,2775.9641554836135,2800.0
111,2019-05-10T17:00:00+00:00,2673.471386188344,2777.0
111,2019-05-10T18:00:00+00:00,2677.094594213394,2721.0
111,2019-05-10T19:00:00+00:00,2653.289020348112,2693.0
111,2019-05-10T20:00:00+00:00,2657.0029077130084,2725.0
111,2019-05-10T21:00:00+00:00,2597.5026542621563,2732.0
111,2019-05-10T22:00:00+00:00,2574.6483542586866,2635.0
111,2019-05-10T23:00:00+00:00,2694.3983536632018,2548.0
111,2019-05-11T00:00:00+00:00,2606.7210154898457,2612.0
111,2019-05-11T01:00:00+00:00,2586.5441353531182,2585.0
111,2019-05-11T02:00:00+00:00,2649.5957539409646,2534.0
111,2019-05-11T03:00:00+00:00,2621.2677132328863,2504.0
111,2019-05-11T04:00:00+00:00,2542.983683964022,2556.0
111,2019-05-11T05:00:00+00:00,2599.4422800540415,2503.0
111,2019-05-11T06:00:00+00:00,2552.3277537226063,2508.0
111,2019-05-11T07:00:00+00:00,2626.4376252747597,2565.0
111,2019-05-11T08:00:00+00:00,2642.706239082678,2643.0
111,2019-05-11T09:00:00+00:00,2754.511617957402,2735.0
111,2019-05-11T10:00:00+00:00,2888.026271891597,3073.0
111,2019-05-11T11:00:00+00:00,3053.02635241079,3346.0
111,2019-05-11T12:00:00+00:00,3185.8008659752563,3424.0
111,2019-05-11T13:00:00+00:00,3256.94627657251,3519.0
111,2019-05-11T14:00:00+00:00,3320.5513563789223,3444.0
111,2019-05-11T15:00:00+00:00,3273.3771317138744,3280.0
111,2019-05-11T16:00:00+00:00,3301.429003601583,3335.0
111,2019-05-11T17:00:00+00:00,3297.879935189851,3363.0
111,2019-05-11T18:00:00+00:00,3384.681080937302,3443.0
111,2019-05-11T19:00:00+00:00,3378.3509756507783,3360.0
111,2019-05-11T20:00:00+00:00,3209.9859778209075,3708.0
111,2019-05-11T21:00:00+00:00,3200.6826212353158,3486.0
111,2019-05-11T22:00:00+00:00,3114.949733629216,3336.0
111,2019-05-11T23:00:00+00:00,3203.1589867640023,3180.0
111,2019-05-12T00:00:00+00:00,3078.324995974903,3141.0
111,2019-05-12T01:00:00+00:00,3049.1862608188985,2973.0
111,2019-05-12T02:00:00+00:00,3018.199504510242,2959.0
111,2019-05-12T03:00:00+00:00,2984.54117754882,2920.0
111,2019-05-12T04:00:00+00:00,2876.884708936127,3129.0
111,2019-05-12T05:00:00+00:00,2881.3935937057904,2954.0
111,2019-05-12T06:00:00+00:00,2778.0927406287205,2910.0
111,2019-05-12T07:00:00+00:00,2725.6207308512694,2988.0
111,2019-05-12T08:00:00+00:00,2800.5716995454654,2950.0
111,2019-05-12T09:00:00+00:00,2896.970017480029,3045.0
111,2019-05-12T10:00:00+00:00,3048.133699720706,3213.0
111,2019-05-12T11:00:00+00:00,3141.315544803261,3423.0
111,2019-05-12T12:00:00+00:00,3246.8845380007187,3492.0
111,2019-05-12T13:00:00+00:00,3381.97200261299,3620.0
111,2019-05-12T14:00:00+00:00,3371.0723063077876,3646.0
111,2019-05-12T15:00:00+00:00,3470.762211576674,3466.0
111,2019-05-12T16:00:00+00:00,3421.138868145222,3645.0
111,2019-05-12T17:00:00+00:00,3421.4636482297738,3152.0
111,2019-05-12T18:00:00+00:00,3436.827748841289,3827.0
111,2019-05-12T19:00:00+00:00,3446.909976185203,3618.0
111,2019-05-12T20:00:00+00:00,3327.876522016069,3621.0
111,2019-05-12T21:00:00+00:00,3325.2010023177095,3476.0
111,2019-05-12T22:00:00+00:00,3228.666103584463,3359.0
111,2019-05-12T23:00:00+00:00,3172.546778428311,3103.0
111,2019-05-13T00:00:00+00:00,3154.9522436463944,3067.0
111,2019-05-13T01:00:00+00:00,3194.083419059445,2886.0
111,2019-05-13T02:00:00+00:00,3140.6749732567673,2799.0
111,2019-05-13T03:00:00+00:00,2975.2161425204663,2956.0
111,2019-05-13T04:00:00+00:00,2838.8652807355784,3016.0
111,2019-05-13T05:00:00+00:00,2810.0299776854304,2901.0
111,2019-05-13T06:00:00+00:00,2762.1547891657365,2809.0
111,2019-05-13T07:00:00+00:00,2721.405595590313,2773.0
111,2019-05-13T08:00:00+00:00,2845.8627912507955,2734.0
111,2019-05-13T09:00:00+00:00,2911.934553988746,2914.0
111,2019-05-13T10:00:00+00:00,2951.172436248868,3014.0
111,2019-05-13T11:00:00+00:00,3150.4688707026644,3274.0
111,2019-05-13T12:00:00+00:00,3276.36840982777,3289.0
111,2019-05-13T13:00:00+00:00,3369.9894747011035,3382.0
111,2019-05-13T14:00:00+00:00,3390.3688632177796,3485.0
111,2019-05-13T15:00:00+00:00,3418.465546032905,3430.0
112,2019-05-10T16:00:00+00:00,2734.532090961185,2800.0
112,2019-05-10T17:00:00+00:00,2746.999244426586,2777.0
112,2019-05-10T18:00:00+00:00,2734.4955416354305,2721.0
112,2019-05-10T19:00:00+00:00,2693.8572518007227,2693.0
112,2019-05-10T20:00:00+00:00,2672.2568646511613,2725.0
112,2019-05-10T21:00:00+00:00,2631.0702027445122,2732.0
112,2019-05-10T22:00:00+00:00,2626.3788026709235,2635.0
112,2019-05-10T23:00:00+00:00,2660.928688637342,2548.0
112,2019-05-11T00:00:00+00:00,2643.6314723760506,2612.0
112,2019-05-11T01:00:00+00:00,2679.8969294972712,2585.0
112,2019-05-11T02:00:00+00:00,2657.0865812146453,2534.0
112,2019-05-11T03:00:00+00:00,2560.0644462617593,2504.0
112,2019-05-11T04:00:00+00:00,2568.348122923774,2556.0
112,2019-05-11T05:00:00+00:00,2515.3722876305446,2503.0
112,2019-05-11T06:00:00+00:00,2604.4330805718746,2508.0
112,2019-05-11T07:00:00+00:00,2563.1534260769135,2565.0
112,2019-05-11T08:00:00+00:00,2622.8543373089415,2643.0
112,2019-05-11T09:00:00+00:00,2754.003165944693,2735.0
112,2019-05-11T10:00:00+00:00,2861.1155585183087,3073.0
112,2019-05-11T11:00:00+00:00,2945.47242679793,3346.0
112,2019-05-11T12:00:00+00:00,3132.911909685108,3424.0
112,2019-05-11T13:00:00+00:00,3244.3888733705494,3519.0
112,2019-05-11T14:00:00+00:00,3340.565747334155,3444.0
112,2019-05-11T15:00:00+00:00,3351.00421494175,3280.0
112,2019-05-11T16:00:00+00:00,3437.497467318448,3335.0
112,2019-05-11T17:00:00+00:00,3466.6835249287737,3363.0
112,2019-05-11T18:00:00+00:00,3451.9918195533555,3443.0
112,2019-05-11T19:00:00+00:00,3400.44501002287,3360.0
112,2019-05-11T20:00:00+00:00,3390.84317829242,3708.0
112,2019-05-11T21:00:00+00:00,3269.430432414132,3486.0
112,2019-05-11T22:00:00+00:00,3245.5843601775014,3336.0
112,2019-05-11T23:00:00+00:00,3225.0251165926356,3180.0
112,2019-05-12T00:00:00+00:00,3196.3477588430687,3141.0
112,2019-05-12T01:00:00+00:00,3157.694219668526,2973.0
112,2019-05-12T02:00:00+00:00,3113.459043271664,2959.0
112,2019-05-12T03:00:00+00:00,2956.45331812427,2920.0
112,2019-05-12T04:00:00+00:00,2839.405986041177,3129.0
112,2019-05-12T05:00:00+00:00,2775.349095763053,2954.0
112,2019-05-12T06:00:00+00:00,2756.049729908496,2910.0
112,2019-05-12T07:00:00+00:00,2748.1985646167095,2988.0
112,2019-05-12T08:00:00+00:00,2779.085388591658,2950.0
112,2019-05-12T09:00:00+00:00,2816.3380740651255,3045.0
112,2019-05-12T10:00:00+00:00,2943.7787984571437,3213.0
112,2019-05-12T11:00:00+00:00,3070.727627086184,3423.0
112,2019-05-12T12:00:00+00:00,3233.3420709861466,3492.0
112,2019-05-12T13:00:00+00:00,3283.4168283324307,3620.0
112,2019-05-12T14:00:00+00:00,3334.926080621759,3646.0
112,2019-05-12T15:00:00+00:00,3384.322725703595,3466.0
112,2019-05-12T16:00:00+00:00,3384.5139652588755,3645.0
112,2019-05-12T17:00:00+00:00,3480.6392207352947,3152.0
112,2019-05-12T18:00:00+00:00,3435.453150510297,3827.0
112,2019-05-12T19:00:00+00:00,3395.156230056278,3618.0
112,2019-05-12T20:00:00+00:00,3315.4198442615757,3621.0
112,2019-05-12T21:00:00+00:00,3350.937494246725,3476.0
112,2019-05-12T22:00:00+00:00,3242.968654475177,3359.0
112,2019-05-12T23:00:00+00:00,3213.2800601589324,3103.0
112,2019-05-13T00:00:00+00:00,3191.992523341122,3067.0
112,2019-05-13T01:00:00+00:00,3148.523808776885,2886.0
112,2019-05-13T02:00:00+00:00,3112.7161930965904,2799.0
112,2019-05-13T03:00:00+00:00,3013.6499726603997,2956.0
112,2019-05-13T04:00:00+00:00,2831.2211842278575,3016.0
112,2019-05-13T05:00:00+00:00,2885.6280941610435,2901.0
112,2019-05-13T06:00:00+00:00,2803.47416544149,2809.0
112,2019-05-13T07:00:00+00:00,2710.5111206173615,2773.0
112,2019-05-13T08:00:00+00:00,2763.6082362229945,2734.0
112,2019-05-13T09:00:00+00:00,2874.086074849795,2914.0
112,2019-05-13T10:00:00+00:00,2924.8466773196824,3014.0
112,2019-05-13T11:00:00+00:00,3039.734294542604,3274.0
112,2019-05-13T12:00:00+00:00,3185.5140066423355,3289.0
112,2019-05-13T13:00:00+00:00,3261.8200762876004,3382.0
112,2019-05-13T14:00:00+00:00,3319.062219202483,3485.0
112,2019-05-13T15:00:00+00:00,3310.7406713584473,3430.0
112,2019-05-13T16:00:00+00:00,3336.2072237147463,3580.0
112,2019-05-13T17:00:00+00:00,3370.532823719235,3658.0
112,2019-05-13T18:00:00+00:00,3356.0930971945186,3620.0
112,2019-05-13T19:00:00+00:00,3325.3062055532782,3545.0
112,2019-05-13T20:00:00+00:00,3198.6576861446647,3492.0
112,2019-05-13T21:00:00+00:00,3193.026859346048,3442.0
112,2019-05-13T22:00:00+00:00,3155.6063146500046,3327.0
112,2019-05-13T23:00:00+00:00,3127.296746883243,3112.0
112,2019-05-14T00:00:00+00:00,3053.3490836181286,3109.0
112,2019-05-14T01:00:00+00:00,3030.7531734682516,3141.0
112,2019-05-14T02:00:00+00:00,2992.6289220658105,3083.0
112,2019-05-14T03:00:00+00:00,2938.55799494903,3129.0
112,2019-05-14T04:00:00+00:00,2869.747841724069,3204.0
112,2019-05-14T05:00:00+00:00,2741.704086503511,3006.0
112,2019-05-14T06:00:00+00:00,2756.601406621103,2864.0
112,2019-05-14T07:00:00+00:00,2689.890030682451,2923.0
112,2019-05-14T08:00:00+00:00,2760.427321304541,2929.0
112,2019-05-14T09:00:00+00:00,2878.5583442008906,3070.0
112,2019-05-14T10:00:00+00:00,2963.2064174159073,3321.0
112,2019-05-14T11:00:00+00:00,3010.835905902162,3565.0
112,2019-05-14T12:00:00+00:00,3243.724210993608,3554.0
112,2019-05-14T13:00:00+00:00,3352.8901403228297,3671.0
112,2019-05-14T14:00:00+00:00,3429.018089836254,3791.0
112,2019-05-14T15:00:00+00:00,3417.761360153611,3534.0
113,2019-05-11T16:00:00+00:00,3363.192225410183,3335.0
113,2019-05-11T17:00:00+00:00,3407.3273207645066,3363.0
113,2019-05-11T18:00:00+00:00,3408.7243906520207,3443.0
113,2019-05-11T19:00:00+00:00,3341.4699300664915,3360.0
113,2019-05-11T20:00:00+00:00,3242.9839714846594,3708.0
113,2019-05-11T21:00:00+00:00,3183.79851810355,3486.0
113,2019-05-11T22:00:00+00:00,3200.0461474432464,3336.0
113,2019-05-11T23:00:00+00:00,3168.497618744752,3180.0
113,2019-05-12T00:00:00+00:00,3204.321708058761,3141.0
113,2019-05-12T01:00:00+00:00,3097.8273989519143,2973.0
113,2019-05-12T02:00:00+00:00,2975.406489822767,2959.0
113,2019-05-12T03:00:00+00:00,2927.129456998216,2920.0
113,2019-05-12T04:00:00+00:00,2850.7201503785777,3129.0
113,2019-05-12T05:00:00+00:00,2754.3227907898067,2954.0
113,2019-05-12T06:00:00+00:00,2800.8458525350297,2910.0
113,2019-05-12T07:00:00+00:00,2783.838453260055,2988.0
113,2019-05-12T08:00:00+00:00,2729.946307203248,2950.0
113,2019-05-12T09:00:00+00:00,2809.524235478066,3045.0
113,2019-05-12T10:00:00+00:00,2996.3712623868323,3213.0
113,2019-05-12T11:00:00+00:00,3173.7537488615735,3423.0
113,2019-05-12T12:00:00+00:00,3257.8083581827755,3492.0
113,2019-05-12T13:00:00+00:00,3337.391441697031,3620.0
113,2019-05-12T14:00:00+00:00,3379.392135738677,3646.0
113,2019-05-12T15:00:00+00:00,3417.253833440288,3466.0
113,2019-05-12T16:00:00+00:00,3438.6384275544283,3645.0
113,2019-05-12T17:00:00+00:00,3450.541743229576,3152.0
113,2019-05-12T18:00:00+00:00,3486.4794791360528,3827.0
113,2019-05-12T19:00:00+00:00,3478.3306648595744,3618.0
113,2019-05-12T20:00:00+00:00,3286.988797903971,3621.0
113,2019-05-12T21:00:00+00:00,3206.830822576437,3476.0
113,2019-05-12T22:00:00+00:00,3230.4968745128454,3359.0
113,2019-05-12T23:00:00+00:00,3237.1049661721045,3103.0
113,2019-05-13T00:00:00+00:00,3154.2030320380404,3067.0
113,2019-05-13T01:00:00+00:00,3122.5550336555307,2886.0
113,2019-05-13T02:00:00+00:00,2899.605501456733,2799.0
113,2019-05-13T03:00:00+00:00,2873.1549592960387,2956.0
113,2019-05-13T04:00:00+00:00,2841.9185043387383,3016.0
113,2019-05-13T05:00:00+00:00,2779.482408121145,2901.0
113,2019-05-13T06:00:00+00:00,2728.4504285598523,2809.0
113,2019-05-13T07:00:00+00:00,2696.914903622374,2773.0
113,2019-05-13T08:00:00+00:00,2667.8299680163955,2734.0
113,2019-05-13T09:00:00+00:00,2709.54484368693,2914.0
113,2019-05-13T10:00:00+00:00,2906.400536638408,3014.0
113,2019-05-13T11:00:00+00:00,3014.7046156822116,3274.0
113,2019-05-13T12:00:00+00:00,3179.62958171909,3289.0
113,2019-05-13T13:00:00+00:00,3207.308012688456,3382.0
113,2019-05-13T14:00:00+00:00,3238.9038473180694,3485.0
113,2019-05-13T15:00:00+00:00,3250.338251006064,3430.0
113,2019-05-13T16:00:00+00:00,3260.3933802965253,3580.0
113,2019-05-13T17:00:00+00:00,3305.364880203148,3658.0
113,2019-05-13T18:00:00+00:00,3395.1822375783113,3620.0
113,2019-05-13T19:00:00+00:00,3300.091665094088,3545.0
113,2019-05-13T20:00:00+00:00,3203.4583872082467,3492.0
113,2019-05-13T21:00:00+00:00,3156.752033568542,3442.0
113,2019-05-13T22:00:00+00:00,3105.321745667903,3327.0
113,2019-05-13T23:00:00+00:00,3087.4370469124005,3112.0
113,2019-05-14T00:00:00+00:00,3152.6386151472534,3109.0
113,2019-05-14T01:00:00+00:00,3132.9931873222627,3141.0
113,2019-05-14T02:00:00+00:00,2904.566295837328,3083.0
113,2019-05-14T03:00:00+00:00,2886.940135644248,3129.0
113,2019-05-14T04:00:00+00:00,2789.498707883793,3204.0
113,2019-05-14T05:00:00+00:00,2683.6170295866177,3006.0
113,2019-05-14T06:00:00+00:00,2752.439013425159,2864.0
113,2019-05-14T07:00:00+00:00,2709.9856827516346,2923.0
113,2019-05-14T08:00:00+00:00,2798.7603599041936,2929.0
113,2019-05-14T09:00:00+00:00,2827.825963362282,3070.0
113,2019-05-14T10:00:00+00:00,3030.35175876668,3321.0
113,2019-05-14T11:00:00+00:00,3103.6263493443607,3565.0
113,2019-05-14T12:00:00+00:00,3245.420879603806,3554.0
113,2019-05-14T13:00:00+00:00,3390.8351810620106,3671.0
113,2019-05-14T14:00:00+00:00,3367.1328772175084,3791.0
113,2019-05-14T15:00:00+00:00,3372.5072804237284,3534.0
113,2019-05-14T16:00:00+00:00,3431.054971202909,3578.0
113,2019-05-14T17:00:00+00:00,3519.2811771443066,3662.0
113,2019-05-14T18:00:00+00:00,3502.980078718651,3740.0
113,2019-05-14T19:00:00+00:00,3417.1848986360174,3770.0
113,2019-05-14T20:00:00+00:00,3364.9147363103807,3722.0
113,2019-05-14T21:00:00+00:00,3332.890686343403,3569.0
113,2019-05-14T22:00:00+00:00,3185.9711871551276,3416.0
113,2019-05-14T23:00:00+00:00,3291.214772386308,3235.0
113,2019-05-15T00:00:00+00:00,3291.9994593122,3077.0
113,2019-05-15T01:00:00+00:00,3256.9776706588273,2950.0
113,2019-05-15T02:00:00+00:00,3130.922367295979,2917.0
113,2019-05-15T03:00:00+00:00,3020.9852174515745,2952.0
113,2019-05-15T04:00:00+00:00,2852.251454769902,3056.0
113,2019-05-15T05:00:00+00:00,2795.2482538982986,2920.0
113,2019-05-15T06:00:00+00:00,2799.9082598855703,2776.0
113,2019-05-15T07:00:00+00:00,2744.8981538918115,2748.0
113,2019-05-15T08:00:00+00:00,2870.6042723987975,2814.0
113,2019-05-15T09:00:00+00:00,2877.6044266265462,2909.0
113,2019-05-15T10:00:00+00:00,2965.847254910488,3128.0
113,2019-05-15T11:00:00+00:00,3193.276904981961,3300.0
113,2019-05-15T12:00:00+00:00,3290.129396206312,3348.0
113,2019-05-15T13:00:00+00:00,3376.011884895314,3404.0
113,2019-05-15T14:00:00+00:00,3381.453471446253,3431.0
113,2019-05-15T15:00:00+00:00,3406.9843321098915,3309.0
114,2019-05-12T16:00:00+00:00,3510.5085458495055,3645.0
114,2019-05-12T17:00:00+00:00,3454.97121748406,3152.0
114,2019-05-12T18:00:00+00:00,3551.2680499038033,3827.0
114,2019-05-12T19:00:00+00:00,3474.4379303418905,3618.0
114,2019-05-12T20:00:00+00:00,3349.2435684882785,3621.0
114,2019-05-12T21:00:00+00:00,3288.729021678133,3476.0
114,2019-05-12T22:00:00+00:00,3362.390321306426,3359.0
114,2019-05-12T23:00:00+00:00,3251.879965015483,3103.0
114,2019-05-13T00:00:00+00:00,3258.121968581879,3067.0
114,2019-05-13T01:00:00+00:00,3184.4327116935606,2886.0
114,2019-05-13T02:00:00+00:00,3101.9045324187023,2799.0
114,2019-05-13T03:00:00+00:00,2982.12343634553,2956.0
114,2019-05-13T04:00:00+00:00,3011.062372926931,3016.0
114,2019-05-13T05:00:00+00:00,2933.6853022885625,2901.0
114,2019-05-13T06:00:00+00:00,2893.9659999763703,2809.0
114,2019-05-13T07:00:00+00:00,2874.4466111463407,2773.0
114,2019-05-13T08:00:00+00:00,2821.6132058657704,2734.0
114,2019-05-13T09:00:00+00:00,2981.7296553638944,2914.0
114,2019-05-13T10:00:00+00:00,3011.4037092612134,3014.0
114,2019-05-13T11:00:00+00:00,3168.579590356446,3274.0
114,2019-05-13T12:00:00+00:00,3297.886907981654,3289.0
114,2019-05-13T13:00:00+00:00,3299.4658652913668,3382.0
114,2019-05-13T14:00:00+00:00,3396.866051136323,3485.0
114,2019-05-13T15:00:00+00:00,3398.3176806412152,3430.0
114,2019-05-13T16:00:00+00:00,3451.3702166442786,3580.0
114,2019-05-13T17:00:00+00:00,3421.06048206865,3658.0
114,2019-05-13T18:00:00+00:00,3367.1693274040426,3620.0
114,2019-05-13T19:00:00+00:00,3343.682981826995,3545.0
114,2019-05-13T20:00:00+00:00,3264.888550807429,3492.0
114,2019-05-13T21:00:00+00:00,3224.307926952325,3442.0
114,2019-05-13T22:00:00+00:00,3146.3804849344124,3327.0
114,2019-05-13T23:00:00+00:00,3180.0067734045874,3112.0
114,2019-05-14T00:00:00+00:00,3250.21150151336,3109.0
114,2019-05-14T01:00:00+00:00,3185.674909596312,3141.0
114,2019-05-14T02:00:00+00:00,3076.2745325351148,3083.0
114,2019-05-14T03:00:00+00:00,3121.4923934033095,3129.0
114,2019-05-14T04:00:00+00:00,2976.308028842572,3204.0
114,2019-05-14T05:00:00+00:00,2928.703688671778,3006.0
114,2019-05-14T06:00:00+00:00,2924.697638025693,2864.0
114,2019-05-14T07:00:00+00:00,2824.305562708318,2923.0
114,2019-05-14T08:00:00+00:00,3003.937402421267,2929.0
114,2019-05-14T09:00:00+00:00,3083.9303274707895,3070.0
114,2019-05-14T10:00:00+00:00,3184.456604245568,3321.0
114,2019-05-14T11:00:00+00:00,3285.992382650675,3565.0
114,2019-05-14T12:00:00+00:00,3421.5090870389167,3554.0
114,2019-05-14T13:00:00+00:00,3490.0301502985076,3671.0
114,2019-05-14T14:00:00+00:00,3429.5862897521856,3791.0
114,2019-05-14T15:00:00+00:00,3501.750818484103,3534.0
114,2019-05-14T16:00:00+00:00,3473.2987546118693,3578.0
114,2019-05-14T17:00:00+00:00,3464.5900350675283,3662.0
114,2019-05-14T18:00:00+00:00,3346.297844845949,3740.0
114,2019-05-14T19:00:00+00:00,3322.003778997574,3770.0
114,2019-05-14T20:00:00+00:00,3291.9426194927632,3722.0
114,2019-05-14T21:00:00+00:00,3197.237781190156,3569.0
114,2019-05-14T22:00:00+00:00,3161.718495407878,3416.0
114,2019-05-14T23:00:00+00:00,3128.594297517132,3235.0
114,2019-05-15T00:00:00+00:00,3203.211480980965,3077.0
114,2019-05-15T01:00:00+00:00,3165.3835236605432,2950.0
114,2019-05-15T02:00:00+00:00,3054.17412020654,2917.0
114,2019-05-15T03:00:00+00:00,3020.781321122547,2952.0
114,2019-05-15T04:00:00+00:00,2957.197424062797,3056.0
114,2019-05-15T05:00:00+00:00,2858.0556595410053,2920.0
114,2019-05-15T06:00:00+00:00,2917.8951674025216,2776.0
114,2019-05-15T07:00:00+00:00,2832.5828944602563,2748.0
114,2019-05-15T08:00:00+00:00,2886.0864808676783,2814.0
114,2019-05-15T09:00:00+00:00,2938.0729728386355,2909.0
114,2019-05-15T10:00:00+00:00,3086.5867298229023,3128.0
114,2019-05-15T11:00:00+00:00,3242.494174168504,3300.0
114,2019-05-15T12:00:00+00:00,3300.5135685677824,3348.0
114,2019-05-15T13:00:00+00:00,3394.840042037456,3404.0
114,2019-05-15T14:00:00+00:00,3455.430529490082,3431.0
114,2019-05-15T15:00:00+00:00,3358.352446970738,3309.0
114,2019-05-15T16:00:00+00:00,3460.158710214271,3390.0
114,2019-05-15T17:00:00+00:00,3499.463445355045,3413.0
114,2019-05-15T18:00:00+00:00,3437.53117465323,3506.0
114,2019-05-15T19:00:00+00:00,3395.250544500856,3639.0
114,2019-05-15T20:00:00+00:00,3398.8114270029655,3530.0
114,2019-05-15T21:00:00+00:00,3358.9084858090223,3410.0
114,2019-05-15T22:00:00+00:00,3260.0202863654526,3148.0
114,2019-05-15T23:00:00+00:00,3307.8047294524868,2990.0
114,2019-05-16T00:00:00+00:00,3202.717073691082,2908.0
114,2019-05-16T01:00:00+00:00,3158.454881856784,2764.0
114,2019-05-16T02:00:00+00:00,3107.3379565071987,2692.0
114,2019-05-16T03:00:00+00:00,3001.8209122609937,2740.0
114,2019-05-16T04:00:00+00:00,2858.4955072135103,2793.0
114,2019-05-16T05:00:00+00:00,2858.4712511510297,2714.0
114,2019-05-16T06:00:00+00:00,2803.183819712668,2601.0
114,2019-05-16T07:00:00+00:00,2671.656345349527,2592.0
114,2019-05-16T08:00:00+00:00,2630.749189950319,2638.0
114,2019-05-16T09:00:00+00:00,2649.748163968432,2672.0
114,2019-05-16T10:00:00+00:00,2755.821180960108,2756.0
114,2019-05-16T11:00:00+00:00,2811.6884446495415,2827.0
114,2019-05-16T12:00:00+00:00,2866.010557503265,2831.0
114,2019-05-16T13:00:00+00:00,2957.76155927071,2900.0
114,2019-05-16T14:00:00+00:00,3001.3205896643203,2952.0
114,2019-05-16T15:00:00+00:00,2945.2375329394654,2930.0
115,2019-05-13T16:00:00+00:00,3458.46709770429,3580.0
115,2019-05-13T17:00:00+00:00,3529.9028540303666,3658.0
115,2019-05-13T18:00:00+00:00,3476.8780439624825,3620.0
115,2019-05-13T19:00:00+00:00,3443.0508829094883,3545.0
115,2019-05-13T20:00:00+00:00,3319.6360700539512,3492.0
115,2019-05-13T21:00:00+00:00,3185.974491795793,3442.0
115,2019-05-13T22:00:00+00:00,3250.088420171794,3327.0
115,2019-05-13T23:00:00+00:00,3226.900235798741,3112.0
115,2019-05-14T00:00:00+00:00,3137.6748882754996,3109.0
115,2019-05-14T01:00:00+00:00,3182.0315102167983,3141.0
115,2019-05-14T02:00:00+00:00,3095.1591990326274,3083.0
115,2019-05-14T03:00:00+00:00,2936.864961443563,3129.0
115,2019-05-14T04:00:00+00:00,2897.0102680033283,3204.0
115,2019-05-14T05:00:00+00:00,2820.635494878639,3006.0
115,2019-05-14T06:00:00+00:00,2738.3198039985364,2864.0
115,2019-05-14T07:00:00+00:00,2750.104615259439,2923.0
115,2019-05-14T08:00:00+00:00,2727.982623627322,2929.0
115,2019-05-14T09:00:00+00:00,2782.2208977473756,3070.0
115,2019-05-14T10:00:00+00:00,2983.7571185046545,3321.0
115,2019-05-14T11:00:00+00:00,3143.898319761359,3565.0
115,2019-05-14T12:00:00+00:00,3221.1491200799196,3554.0
115,2019-05-14T13:00:00+00:00,3343.882846494411,3671.0
115,2019-05-14T14:00:00+00:00,3385.65951894538,3791.0
115,2019-05-14T15:00:00+00:00,3449.1098754758596,3534.0
115,2019-05-14T16:00:00+00:00,3448.539692775529,3578.0
115,2019-05-14T17:00:00+00:00,3470.087767463365,3662.0
115,2019-05-14T18:00:00+00:00,3399.904668227744,3740.0
115,2019-05-14T19:00:00+00:00,3427.319074931184,3770.0
115,2019-05-14T20:00:00+00:00,3360.9093135460225,3722.0
115,2019-05-14T21:00:00+00:00,3328.431668601374,3569.0
115,2019-05-14T22:00:00+00:00,3239.7790153053684,3416.0
115,2019-05-14T23:00:00+00:00,3293.458226840929,3235.0
115,2019-05-15T00:00:00+00:00,3241.3765612188213,3077.0
115,2019-05-15T01:00:00+00:00,3235.215603964733,2950.0
115,2019-05-15T02:00:00+00:00,3125.2339736569784,2917.0
115,2019-05-15T03:00:00+00:00,3144.8455619615597,2952.0
115,2019-05-15T04:00:00+00:00,3003.5163251077392,3056.0
115,2019-05-15T05:00:00+00:00,2967.7007287202387,2920.0
115,2019-05-15T06:00:00+00:00,2923.743059523216,2776.0
115,2019-05-15T07:00:00+00:00,2918.594958109731,2748.0
115,2019-05-15T08:00:00+00:00,2976.3229988647845,2814.0
115,2019-05-15T09:00:00+00:00,2972.277127298687,2909.0
115,2019-05-15T10:00:00+00:00,3151.033617269101,3128.0
115,2019-05-15T11:00:00+00:00,3292.8512965364043,3300.0
115,2019-05-15T12:00:00+00:00,3433.877497841249,3348.0
115,2019-05-15T13:00:00+00:00,3471.6462360009546,3404.0
115,2019-05-15T14:00:00+00:00,3461.7435497843676,3431.0
115,2019-05-15T15:00:00+00:00,3474.3551821396404,3309.0
115,2019-05-15T16:00:00+00:00,3529.539607928475,3390.0
115,2019-05-15T17:00:00+00:00,3501.5301015340915,3413.0
115,2019-05-15T18:00:00+00:00,3508.4147255241933,3506.0
115,2019-05-15T19:00:00+00:00,3490.206419831576,3639.0
115,2019-05-15T20:00:00+00:00,3363.5140643645423,3530.0
115,2019-05-15T21:00:00+00:00,3353.7185145983126,3410.0
115,2019-05-15T22:00:00+00:00,3311.706122128712,3148.0
115,2019-05-15T23:00:00+00:00,3322.2241985299265,2990.0
115,2019-05-16T00:00:00+00:00,3361.8243354997403,2908.0
115,2019-05-16T01:00:00+00:00,3310.3191644416333,2764.0
115,2019-05-16T02:00:00+00:00,3201.2936327710618,2692.0
115,2019-05-16T03:00:00+00:00,3118.6785249235118,2740.0
115,2019-05-16T04:00:00+00:00,3021.985466088041,2793.0
115,2019-05-16T05:00:00+00:00,2964.442220838972,2714.0
115,2019-05-16T06:00:00+00:00,2898.4298755401774,2601.0
115,2019-05-16T07:00:00+00:00,2864.06994031918,2592.0
115,2019-05-16T08:00:00+00:00,2748.3510407369904,2638.0
115,2019-05-16T09:00:00+00:00,2788.676315007914,2672.0
115,2019-05-16T10:00:00+00:00,2901.0222339562033,2756.0
115,2019-05-16T11:00:00+00:00,2989.301181962613,2827.0
115,2019-05-16T12:00:00+00:00,3106.659348546651,2831.0
115,2019-05-16T13:00:00+00:00,3069.0953989689524,2900.0
115,2019-05-16T14:00:00+00:00,3092.8139946919327,2952.0
115,2019-05-16T15:00:00+00:00,3112.8567064176636,2930.0
115,2019-05-16T16:00:00+00:00,3087.838114626702,2988.0
115,2019-05-16T17:00:00+00:00,3105.721458479532,2979.0
115,2019-05-16T18:00:00+00:00,3048.42659002284,3269.0
115,2019-05-16T19:00:00+00:00,3053.695079495749,3148.0
115,2019-05-16T20:00:00+00:00,3055.483716255653,3178.0
115,2019-05-16T21:00:00+00:00,2977.3924466767753,3075.0
115,2019-05-16T22:00:00+00:00,3041.093294969658,2986.0
115,2019-05-16T23:00:00+00:00,3069.945980429704,2794.0
115,2019-05-17T00:00:00+00:00,3052.976749754409,2719.0
115,2019-05-17T01:00:00+00:00,2980.6989379404968,2709.0
115,2019-05-17T02:00:00+00:00,2964.790662150684,2657.0
115,2019-05-17T03:00:00+00:00,2773.6811114338266,2654.0
115,2019-05-17T04:00:00+00:00,2769.9240654618457,2678.0
115,2019-05-17T05:00:00+00:00,2712.3358770997334,2533.0
115,2019-05-17T06:00:00+00:00,2624.749019987784,2509.0
115,2019-05-17T07:00:00+00:00,2579.4607041806125,2535.0
115,2019-05-17T08:00:00+00:00,2562.4895237673254,2578.0
115,2019-05-17T09:00:00+00:00,2487.090842355842,2514.0
115,2019-05-17T10:00:00+00:00,2595.382198533085,2571.0
115,2019-05-17T11:00:00+00:00,2667.659845114964,2579.0
115,2019-05-17T12:00:00+00:00,2621.1991088926816,2586.0
115,2019-05-17T13:00:00+00:00,2775.538517765968,2687.0
115,2019-05-17T14:00:00+00:00,2719.5154733155887,2759.0
115,2019-05-17T15:00:00+00:00,2666.1645613068877,2677.0
116,2019-05-14T16:00:00+00:00,3611.0616728296864,3578.0
116,2019-05-14T17:00:00+00:00,3612.5009760248986,3662.0
116,2019-05-14T18:00:00+00:00,3691.440563385672,3740.0
116,2019-05-14T19:00:00+00:00,3642.8309515246,3770.0
116,2019-05-14T20:00:00+00:00,3612.4225569019195,3722.0
116,2019-05-14T21:00:00+00:00,3424.819824765893,3569.0
116,2019-05-14T22:00:00+00:00,3470.2768424790097,3416.0
116,2019-05-14T23:00:00+00:00,3490.3210743394466,3235.0
116,2019-05-15T00:00:00+00:00,3458.7081877640017,3077.0
116,2019-05-15T01:00:00+00:00,3472.3238029996924,2950.0
116,2019-05-15T02:00:00+00:00,3345.25076945126,2917.0
116,2019-05-15T03:00:00+00:00,3347.8649715420815,2952.0
116,2019-05-15T04:00:00+00:00,3310.386926098468,3056.0
116,2019-05-15T05:00:00+00:00,3154.7776594800653,2920.0
116,2019-05-15T06:00:00+00:00,3068.814008816332,2776.0
116,2019-05-15T07:00:00+00:00,3104.8750078196117,2748.0
116,2019-05-15T08:00:00+00:00,3063.71864946786,2814.0
116,2019-05-15T09:00:00+00:00,3118.8699958036386,2909.0
116,2019-05-15T10:00:00+00:00,3335.0733188865856,3128.0
116,2019-05-15T11:00:00+00:00,3371.967599556736,3300.0
116,2019-05-15T12:00:00+00:00,3493.395811153335,3348.0
116,2019-05-15T13:00:00+00:00,3478.900665804668,3404.0
116,2019-05-15T14:00:00+00:00,3588.3524135050016,3431.0
116,2019-05-15T15:00:00+00:00,3568.470505594027,3309.0
116,2019-05-15T16:00:00+00:00,3657.402962815134,3390.0
116,2019-05-15T17:00:00+00:00,3615.2377141915763,3413.0
116,2019-05-15T18:00:00+00:00,3731.3232140859322,3506.0
116,2019-05-15T19:00:00+00:00,3699.534157116639,3639.0
116,2019-05-15T20:00:00+00:00,3669.7203499655993,3530.0
116,2019-05-15T21:00:00+00:00,3550.7936522131467,3410.0
116,2019-05-15T22:00:00+00:00,3481.4191655018326,3148.0
116,2019-05-15T23:00:00+00:00,3487.4721766686002,2990.0
116,2019-05-16T00:00:00+00:00,3519.458851149657,2908.0
116,2019-05-16T01:00:00+00:00,3457.2082113661813,2764.0
116,2019-05-16T02:00:00+00:00,3365.3240821495483,2692.0
116,2019-05-16T03:00:00+00:00,3258.6096178816024,2740.0
116,2019-05-16T04:00:00+00:00,3210.476898714889,2793.0
116,2019-05-16T05:00:00+00:00,3074.1452864618745,2714.0
116,2019-05-16T06:00:00+00:00,3020.624251551742,2601.0
116,2019-05-16T07:00:00+00:00,2934.428185510043,2592.0
116,2019-05-16T08:00:00+00:00,2880.7461815531206,2638.0
116,2019-05-16T09:00:00+00:00,2903.367834853778,2672.0
116,2019-05-16T10:00:00+00:00,2964.4138009292533,2756.0
116,2019-05-16T11:00:00+00:00,2982.454363061718,2827.0
116,2019-05-16T12:00:00+00:00,3112.5371641885667,2831.0
116,2019-05-16T13:00:00+00:00,3047.091085590914,2900.0
116,2019-05-16T14:00:00+00:00,3086.5675133374357,2952.0
116,2019-05-16T15:00:00+00:00,3001.197194381891,2930.0
116,2019-05-16T16:00:00+00:00,3068.4141142494664,2988.0
116,2019-05-16T17:00:00+00:00,3111.24782558673,2979.0
116,2019-05-16T18:00:00+00:00,3055.9124272891167,3269.0
116,2019-05-16T19:00:00+00:00,3091.8762533336435,3148.0
116,2019-05-16T20:00:00+00:00,2964.1196548636663,3178.0
116,2019-05-16T21:00:00+00:00,3053.42965075754,3075.0
116,2019-05-16T22:00:00+00:00,3004.3366360599994,2986.0
116,2019-05-16T23:00:00+00:00,3179.380064825683,2794.0
116,2019-05-17T00:00:00+00:00,3033.605276640543,2719.0
116,2019-05-17T01:00:00+00:00,3042.856750367695,2709.0
116,2019-05-17T02:00:00+00:00,3026.5403845021674,2657.0
116,2019-05-17T03:00:00+00:00,2945.159675605399,2654.0
116,2019-05-17T04:00:00+00:00,2802.966704820981,2678.0
116,2019-05-17T05:00:00+00:00,2773.444433069403,2533.0
116,2019-05-17T06:00:00+00:00,2767.542807491496,2509.0
116,2019-05-17T07:00:00+00:00,2678.9392446325687,2535.0
116,2019-05-17T08:00:00+00:00,2591.1085711323594,2578.0
116,2019-05-17T09:00:00+00:00,2651.113839769629,2514.0
116,2019-05-17T10:00:00+00:00,2747.9486015968128,2571.0
116,2019-05-17T11:00:00+00:00,2856.62349436963,2579.0
116,2019-05-17T12:00:00+00:00,2792.2517379289493,2586.0
116,2019-05-17T13:00:00+00:00,2794.25818355508,2687.0
116,2019-05-17T14:00:00+00:00,2843.893555878552,2759.0
116,2019-05-17T15:00:00+00:00,2715.03583461581,2677.0
116,2019-05-17T16:00:00+00:00,2798.36340646752,2715.0
116,2019-05-17T17:00:00+00:00,2788.950732368731,2671.0
116,2019-05-17T18:00:00+00:00,2754.6511398862763,2640.0
116,2019-05-17T19:00:00+00:00,2732.073768770529,2652.0
116,2019-05-17T20:00:00+00:00,2701.035195696246,2716.0
116,2019-05-17T21:00:00+00:00,2711.225650021937,2696.0
116,2019-05-17T22:00:00+00:00,2725.3351438050045,2615.0
116,2019-05-17T23:00:00+00:00,2669.4770670166195,2554.0
116,2019-05-18T00:00:00+00:00,2697.4909024902745,2545.0
116,2019-05-18T01:00:00+00:00,2677.483219955592,2555.0
116,2019-05-18T02:00:00+00:00,2689.022099858209,2536.0
116,2019-05-18T03:00:00+00:00,2696.289335144499,2537.0
116,2019-05-18T04:00:00+00:00,2724.0803056517098,2621.0
116,2019-05-18T05:00:00+00:00,2797.7236941275987,2484.0
116,2019-05-18T06:00:00+00:00,2740.8005316529006,2488.0
116,2019-05-18T07:00:00+00:00,2773.399622141986,2547.0
116,2019-05-18T08:00:00+00:00,2885.535531176018,2610.0
116,2019-05-18T09:00:00+00:00,2982.3142132511175,2733.0
116,2019-05-18T10:00:00+00:00,3172.901482034083,2983.0
116,2019-05-18T11:00:00+00:00,3297.937799447894,3278.0
116,2019-05-18T12:00:00+00:00,3416.8946355232115,3244.0
116,2019-05-18T13:00:00+00:00,3557.1753098940435,3346.0
116,2019-05-18T14:00:00+00:00,3497.795576688242,3403.0
116,2019-05-18T15:00:00+00:00,3501.23131244837,3227.0
117,2019-05-15T16:00:00+00:00,3498.8592331174677,3390.0
117,2019-05-15T17:00:00+00:00,3505.603269432081,3413.0
117,2019-05-15T18:00:00+00:00,3587.250365412851,3506.0
117,2019-05-15T19:00:00+00:00,3534.5254845317177,3639.0
117,2019-05-15T20:00:00+00:00,3436.900773138383,3530.0
117,2019-05-15T21:00:00+00:00,3421.8773809794234,3410.0
117,2019-05-15T22:00:00+00:00,3350.4342387814613,3148.0
117,2019-05-15T23:00:00+00:00,3355.6636591401084,2990.0
117,2019-05-16T00:00:00+00:00,3292.4712339443295,2908.0
117,2019-05-16T01:00:00+00:00,3233.460030134682,2764.0
117,2019-05-16T02:00:00+00:00,3185.9560188544756,2692.0
117,2019-05-16T03:00:00+00:00,3076.505130360715,2740.0
117,2019-05-16T04:00:00+00:00,3013.274400248828,2793.0
117,2019-05-16T05:00:00+00:00,2918.2599336391186,2714.0
117,2019-05-16T06:00:00+00:00,2865.6600673143403,2601.0
117,2019-05-16T07:00:00+00:00,2800.354915117845,2592.0
117,2019-05-16T08:00:00+00:00,2775.056767249832,2638.0
117,2019-05-16T09:00:00+00:00,2792.8492830539853,2672.0
117,2019-05-16T10:00:00+00:00,2904.18467593334,2756.0
117,2019-05-16T11:00:00+00:00,2985.9316381550043,2827.0
117,2019-05-16T12:00:00+00:00,3027.0203835587513,2831.0
117,2019-05-16T13:00:00+00:00,3059.8927678308282,2900.0
117,2019-05-16T14:00:00+00:00,3060.4572004564016,2952.0
117,2019-05-16T15:00:00+00:00,3073.701539313385,2930.0
117,2019-05-16T16:00:00+00:00,3123.3813260073944,2988.0
117,2019-05-16T17:00:00+00:00,3083.838921109997,2979.0
117,2019-05-16T18:00:00+00:00,3057.940947914889,3269.0
117,2019-05-16T19:00:00+00:00,3134.588948729757,3148.0
117,2019-05-16T20:00:00+00:00,3031.434425141331,3178.0
117,2019-05-16T21:00:00+00:00,2875.6444772945715,3075.0
117,2019-05-16T22:00:00+00:00,2888.775070419868,2986.0
117,2019-05-16T23:00:00+00:00,2936.4550868618894,2794.0
117,2019-05-17T00:00:00+00:00,2939.013638803913,2719.0
117,2019-05-17T01:00:00+00:00,2919.2451131141534,2709.0
117,2019-05-17T02:00:00+00:00,2883.586718483084,2657.0
117,2019-05-17T03:00:00+00:00,2740.5175883191678,2654.0
117,2019-05-17T04:00:00+00:00,2637.6189430574286,2678.0
117,2019-05-17T05:00:00+00:00,2604.0441243656105,2533.0
117,2019-05-17T06:00:00+00:00,2616.8044655508056,2509.0
117,2019-05-17T07:00:00+00:00,2569.191863778349,2535.0
117,2019-05-17T08:00:00+00:00,2589.335829694054,2578.0
117,2019-05-17T09:00:00+00:00,2600.8028667086146,2514.0
117,2019-05-17T10:00:00+00:00,2751.801482148077,2571.0
117,2019-05-17T11:00:00+00:00,2778.2959099368018,2579.0
117,2019-05-17T12:00:00+00:00,2851.143078290878,2586.0
117,2019-05-17T13:00:00+00:00,2902.201561070304,2687.0
117,2019-05-17T14:00:00+00:00,2936.53743850726,2759.0
117,2019-05-17T15:00:00+00:00,2941.755366977995,2677.0
117,2019-05-17T16:00:00+00:00,2883.743160172163,2715.0
117,2019-05-17T17:00:00+00:00,2992.1966089740217,2671.0
117,2019-05-17T18:00:00+00:00,2941.3604624185336,2640.0
117,2019-05-17T19:00:00+00:00,2953.724907652068,2652.0
117,2019-05-17T20:00:00+00:00,2792.361121534959,2716.0
117,2019-05-17T21:00:00+00:00,2829.945130281494,2696.0
117,2019-05-17T22:00:00+00:00,2827.053040957157,2615.0
117,2019-05-17T23:00:00+00:00,2861.5807527847137,2554.0
117,2019-05-18T00:00:00+00:00,2796.2524681035634,2545.0
117,2019-05-18T01:00:00+00:00,2861.8878199953006,2555.0
117,2019-05-18T02:00:00+00:00,2830.9997072104925,2536.0
117,2019-05-18T03:00:00+00:00,2819.494699874692,2537.0
117,2019-05-18T04:00:00+00:00,2755.562758060109,2621.0
117,2019-05-18T05:00:00+00:00,2752.9840147636223,2484.0
117,2019-05-18T06:00:00+00:00,2762.944135634966,2488.0
117,2019-05-18T07:00:00+00:00,2748.1624779406484,2547.0
117,2019-05-18T08:00:00+00:00,2835.2588933315124,2610.0
117,2019-05-18T09:00:00+00:00,2933.4527877713763,2733.0
117,2019-05-18T10:00:00+00:00,3074.8199619000306,2983.0
117,2019-05-18T11:00:00+00:00,3264.2068943158683,3278.0
117,2019-05-18T12:00:00+00:00,3264.0521297319274,3244.0
117,2019-05-18T13:00:00+00:00,3344.4670987023724,3346.0
117,2019-05-18T14:00:00+00:00,3440.5840099611123,3403.0
117,2019-05-18T15:00:00+00:00,3464.114009841344,3227.0
117,2019-05-18T16:00:00+00:00,3450.9340123381066,3373.0
117,2019-05-18T17:00:00+00:00,3460.40227049288,3455.0
117,2019-05-18T18:00:00+00:00,3477.8373563627124,3455.0
117,2019-05-18T19:00:00+00:00,3456.93079504396,3574.0
117,2019-05-18T20:00:00+00:00,3400.492307692387,3611.0
117,2019-05-18T21:00:00+00:00,3353.0297944373306,3360.0
117,2019-05-18T22:00:00+00:00,3287.3696081709963,3199.0
117,2019-05-18T23:00:00+00:00,3259.8291955190016,3009.0
117,2019-05-19T00:00:00+00:00,3276.140174820245,2920.0
117,2019-05-19T01:00:00+00:00,3238.2035774379638,2822.0
117,2019-05-19T02:00:00+00:00,3161.0691335172155,2765.0
117,2019-05-19T03:00:00+00:00,3035.50808873542,2769.0
117,2019-05-19T04:00:00+00:00,2965.1839474362196,2852.0
117,2019-05-19T05:00:00+00:00,2922.205674593068,2797.0
117,2019-05-19T06:00:00+00:00,2895.304445538488,2726.0
117,2019-05-19T07:00:00+00:00,2841.120235339713,2722.0
117,2019-05-19T08:00:00+00:00,2929.001899445383,2744.0
117,2019-05-19T09:00:00+00:00,3026.731822335888,2819.0
117,2019-05-19T10:00:00+00:00,3138.529385735439,2995.0
117,2019-05-19T11:00:00+00:00,3260.1072975541606,3188.0
117,2019-05-19T12:00:00+00:00,3340.7538474808034,3340.0
117,2019-05-19T13:00:00+00:00,3421.5774352694693,3734.0
117,2019-05-19T14:00:00+00:00,3444.9354781727006,3492.0
117,2019-05-19T15:00:00+00:00,3504.5256922040544,3462.0
118,2019-05-16T16:00:00+00:00,2894.862648127991,2988.0
118,2019-05-16T17:00:00+00:00,2915.9923553076437,2979.0
118,2019-05-16T18:00:00+00:00,2878.293510298002,3269.0
118,2019-05-16T19:00:00+00:00,2924.184956072933,3148.0
118,2019-05-16T20:00:00+00:00,2888.6794010726176,3178.0
118,2019-05-16T21:00:00+00:00,2825.8271184096807,3075.0
118,2019-05-16T22:00:00+00:00,2854.103705862606,2986.0
118,2019-05-16T23:00:00+00:00,2858.0502068839082,2794.0
118,2019-05-17T00:00:00+00:00,2938.284602026819,2719.0
118,2019-05-17T01:00:00+00:00,2917.4296096256435,2709.0
118,2019-05-17T02:00:00+00:00,2825.542489709209,2657.0
118,2019-05-17T03:00:00+00:00,2725.20223115746,2654.0
118,2019-05-17T04:00:00+00:00,2756.3638029572926,2678.0
118,2019-05-17T05:00:00+00:00,2611.411424171235,2533.0
118,2019-05-17T06:00:00+00:00,2529.140412032923,2509.0
118,2019-05-17T07:00:00+00:00,2413.3098486426643,2535.0
118,2019-05-17T08:00:00+00:00,2386.7754347018936,2578.0
118,2019-05-17T09:00:00+00:00,2414.116577521792,2514.0
118,2019-05-17T10:00:00+00:00,2617.682310297043,2571.0
118,2019-05-17T11:00:00+00:00,2619.5384608657314,2579.0
118,2019-05-17T12:00:00+00:00,2721.479024705888,2586.0
118,2019-05-17T13:00:00+00:00,2676.1498635400985,2687.0
118,2019-05-17T14:00:00+00:00,2772.8598421357733,2759.0
118,2019-05-17T15:00:00+00:00,2728.7124204717693,2677.0
118,2019-05-17T16:00:00+00:00,2784.070439034734,2715.0
118,2019-05-17T17:00:00+00:00,2743.2427932899245,2671.0
118,2019-05-17T18:00:00+00:00,2683.710286546183,2640.0
118,2019-05-17T19:00:00+00:00,2761.1933370106763,2652.0
118,2019-05-17T20:00:00+00:00,2699.1224696793734,2716.0
118,2019-05-17T21:00:00+00:00,2608.457207602397,2696.0
118,2019-05-17T22:00:00+00:00,2566.808953487667,2615.0
118,2019-05-17T23:00:00+00:00,2673.1873192767844,2554.0
118,2019-05-18T00:00:00+00:00,2695.9520635182344,2545.0
118,2019-05-18T01:00:00+00:00,2642.275049568716,2555.0
118,2019-05-18T02:00:00+00:00,2768.4923629401633,2536.0
118,2019-05-18T03:00:00+00:00,2711.282952491067,2537.0
118,2019-05-18T04:00:00+00:00,2609.9523592248465,2621.0
118,2019-05-18T05:00:00+00:00,2674.8761228422004,2484.0
118,2019-05-18T06:00:00+00:00,2685.4245358447183,2488.0
118,2019-05-18T07:00:00+00:00,2648.522010096109,2547.0
118,2019-05-18T08:00:00+00:00,2732.551884181934,2610.0
118,2019-05-18T09:00:00+00:00,2908.9001337909694,2733.0
118,2019-05-18T10:00:00+00:00,3080.494393432222,2983.0
118,2019-05-18T11:00:00+00:00,3303.7705397911395,3278.0
118,2019-05-18T12:00:00+00:00,3364.827543366436,3244.0
118,2019-05-18T13:00:00+00:00,3431.0354903461894,3346.0
118,2019-05-18T14:00:00+00:00,3485.039415873488,3403.0
118,2019-05-18T15:00:00+00:00,3492.3854337932303,3227.0
118,2019-05-18T16:00:00+00:00,3479.6424750179326,3373.0
118,2019-05-18T17:00:00+00:00,3537.79932594567,3455.0
118,2019-05-18T18:00:00+00:00,3535.801075828388,3455.0
118,2019-05-18T19:00:00+00:00,3539.153270272506,3574.0
118,2019-05-18T20:00:00+00:00,3294.000642298072,3611.0
118,2019-05-18T21:00:00+00:00,3316.757182769071,3360.0
118,2019-05-18T22:00:00+00:00,3205.2559795443526,3199.0
118,2019-05-18T23:00:00+00:00,3311.200165119705,3009.0
118,2019-05-19T00:00:00+00:00,3255.619752501591,2920.0
118,2019-05-19T01:00:00+00:00,3217.17181980762,2822.0
118,2019-05-19T02:00:00+00:00,3114.002127918542,2765.0
118,2019-05-19T03:00:00+00:00,3111.160500457159,2769.0
118,2019-05-19T04:00:00+00:00,2995.461891368652,2852.0
118,2019-05-19T05:00:00+00:00,2932.4792075850755,2797.0
118,2019-05-19T06:00:00+00:00,2852.838557230437,2726.0
118,2019-05-19T07:00:00+00:00,2762.2236578771945,2722.0
118,2019-05-19T08:00:00+00:00,2851.4194453896876,2744.0
118,2019-05-19T09:00:00+00:00,2979.4125074224453,2819.0
118,2019-05-19T10:00:00+00:00,3215.9720369678034,2995.0
118,2019-05-19T11:00:00+00:00,3281.802230473146,3188.0
118,2019-05-19T12:00:00+00:00,3439.9960235091994,3340.0
118,2019-05-19T13:00:00+00:00,3506.6026258155684,3734.0
118,2019-05-19T14:00:00+00:00,3459.3592515446066,3492.0
118,2019-05-19T15:00:00+00:00,3596.9744358014973,3462.0
118,2019-05-19T16:00:00+00:00,3555.4717841544657,3533.0
118,2019-05-19T17:00:00+00:00,3548.5232153674965,3541.0
118,2019-05-19T18:00:00+00:00,3521.768745404847,3695.0
118,2019-05-19T19:00:00+00:00,3512.6015730610575,3732.0
118,2019-05-19T20:00:00+00:00,3363.407093146218,3606.0
118,2019-05-19T21:00:00+00:00,3332.844322234874,3491.0
118,2019-05-19T22:00:00+00:00,3205.1861855335087,3342.0
118,2019-05-19T23:00:00+00:00,3290.186384734579,3086.0
118,2019-05-20T00:00:00+00:00,3186.853013993366,3090.0
118,2019-05-20T01:00:00+00:00,3226.766513514234,2977.0
118,2019-05-20T02:00:00+00:00,3107.0316989335743,2927.0
118,2019-05-20T03:00:00+00:00,2997.8630102293973,2958.0
118,2019-05-20T04:00:00+00:00,2849.579289281817,3124.0
118,2019-05-20T05:00:00+00:00,2777.6985630902054,3026.0
118,2019-05-20T06:00:00+00:00,2717.9337401077173,2866.0
118,2019-05-20T07:00:00+00:00,2711.8213445482006,2850.0
118,2019-05-20T08:00:00+00:00,2857.932859093896,2871.0
118,2019-05-20T09:00:00+00:00,2949.5307568593344,2943.0
118,2019-05-20T10:00:00+00:00,3007.1662015829556,3183.0
118,2019-05-20T11:00:00+00:00,3216.7102606459466,3471.0
118,2019-05-20T12:00:00+00:00,3332.7764449156157,3494.0
118,2019-05-20T13:00:00+00:00,3436.8101185833416,3566.0
118,2019-05-20T14:00:00+00:00,3476.9061334081343,3461.0
118,2019-05-20T15:00:00+00:00,3478.933067806388,3386.0
119,2019-05-17T16:00:00+00:00,2638.3883955898555,2715.0
119,2019-05-17T17:00:00+00:00,2661.5475817410734,2671.0
119,2019-05-17T18:00:00+00:00,2646.1669248798266,2640.0
119,2019-05-17T19:00:00+00:00,2597.0246049435646,2652.0
119,2019-05-17T20:00:00+00:00,2616.713918396586,2716.0
119,2019-05-17T21:00:00+00:00,2490.3418156563926,2696.0
119,2019-05-17T22:00:00+00:00,2607.1875646589233,2615.0
119,2019-05-17T23:00:00+00:00,2594.668396149456,2554.0
119,2019-05-18T00:00:00+00:00,2623.12016260403,2545.0
119,2019-05-18T01:00:00+00:00,2621.0272675781043,2555.0
119,2019-05-18T02:00:00+00:00,2586.967261543858,2536.0
119,2019-05-18T03:00:00+00:00,2517.2429125253457,2537.0
119,2019-05-18T04:00:00+00:00,2562.10856479147,2621.0
119,2019-05-18T05:00:00+00:00,2526.781691711909,2484.0
119,2019-05-18T06:00:00+00:00,2568.764772018811,2488.0
119,2019-05-18T07:00:00+00:00,2588.5322732699647,2547.0
119,2019-05-18T08:00:00+00:00,2646.985880929414,2610.0
119,2019-05-18T09:00:00+00:00,2679.8476242585502,2733.0
119,2019-05-18T10:00:00+00:00,2933.1483312269147,2983.0
119,2019-05-18T11:00:00+00:00,3083.066362215345,3278.0
119,2019-05-18T12:00:00+00:00,3242.3248774272383,3244.0
119,2019-05-18T13:00:00+00:00,3329.161349783398,3346.0
119,2019-05-18T14:00:00+00:00,3437.5930044800716,3403.0
119,2019-05-18T15:00:00+00:00,3385.695969131915,3227.0
119,2019-05-18T16:00:00+00:00,3438.2361866926904,3373.0
119,2019-05-18T17:00:00+00:00,3484.8572971264425,3455.0
119,2019-05-18T18:00:00+00:00,3478.5788764199187,3455.0
119,2019-05-18T19:00:00+00:00,3427.828815753752,3574.0
119,2019-05-18T20:00:00+00:00,3384.597275250039,3611.0
119,2019-05-18T21:00:00+00:00,3274.4834758388897,3360.0
119,2019-05-18T22:00:00+00:00,3265.941111905622,3199.0
119,2019-05-18T23:00:00+00:00,3264.3808919084795,3009.0
119,2019-05-19T00:00:00+00:00,3147.1833969535714,2920.0
119,2019-05-19T01:00:00+00:00,3081.2246529263625,2822.0
119,2019-05-19T02:00:00+00:00,3058.04203687283,2765.0
119,2019-05-19T03:00:00+00:00,2888.041308006623,2769.0
119,2019-05-19T04:00:00+00:00,2833.870349416914,2852.0
119,2019-05-19T05:00:00+00:00,2755.4620326126415,2797.0
119,2019-05-19T06:00:00+00:00,2718.1395531283306,2726.0
119,2019-05-19T07:00:00+00:00,2796.6880858360173,2722.0
119,2019-05-19T08:00:00+00:00,2756.1581882151195,2744.0
119,2019-05-19T09:00:00+00:00,2911.99625162996,2819.0
119,2019-05-19T10:00:00+00:00,3087.0634077156183,2995.0
119,2019-05-19T11:00:00+00:00,3221.054342985649,3188.0
119,2019-05-19T12:00:00+00:00,3374.2225211144637,3340.0
119,2019-05-19T13:00:00+00:00,3406.04369919102,3734.0
119,2019-05-19T14:00:00+00:00,3452.6459401265756,3492.0
119,2019-05-19T15:00:00+00:00,3528.6669184216753,3462.0
119,2019-05-19T16:00:00+00:00,3504.0583168748108,3533.0
119,2019-05-19T17:00:00+00:00,3549.0174574253465,3541.0
119,2019-05-19T18:00:00+00:00,3628.739963729256,3695.0
119,2019-05-19T19:00:00+00:00,3530.5362545066173,3732.0
119,2019-05-19T20:00:00+00:00,3483.2326366363336,3606.0
119,2019-05-19T21:00:00+00:00,3357.1357774171233,3491.0
119,2019-05-19T22:00:00+00:00,3291.204015780944,3342.0
119,2019-05-19T23:00:00+00:00,3272.702076242042,3086.0
119,2019-05-20T00:00:00+00:00,3216.207079535098,3090.0
119,2019-05-20T01:00:00+00:00,3202.5771386821248,2977.0
119,2019-05-20T02:00:00+00:00,3040.953343437497,2927.0
119,2019-05-20T03:00:00+00:00,2929.0325334643467,2958.0
119,2019-05-20T04:00:00+00:00,2805.76447970074,3124.0
119,2019-05-20T05:00:00+00:00,2804.7362077114344,3026.0
119,2019-05-20T06:00:00+00:00,2773.252102982703,2866.0
119,2019-05-20T07:00:00+00:00,2734.1811381225675,2850.0
119,2019-05-20T08:00:00+00:00,2730.1477580981837,2871.0
119,2019-05-20T09:00:00+00:00,2894.7742489902034,2943.0
119,2019-05-20T10:00:00+00:00,3022.5866463178086,3183.0
119,2019-05-20T11:00:00+00:00,3143.4527881069102,3471.0
119,2019-05-20T12:00:00+00:00,3335.6044572574597,3494.0
119,2019-05-20T13:00:00+00:00,3475.609921153715,3566.0
119,2019-05-20T14:00:00+00:00,3460.7871867759313,3461.0
119,2019-05-20T15:00:00+00:00,3467.956968209012,3386.0
119,2019-05-20T16:00:00+00:00,3411.4949683391073,3482.0
119,2019-05-20T17:00:00+00:00,3527.9112462408216,3488.0
119,2019-05-20T18:00:00+00:00,3556.6347532972745,3610.0
119,2019-05-20T19:00:00+00:00,3511.3877454984154,3464.0
119,2019-05-20T20:00:00+00:00,3362.9009874283806,3452.0
119,2019-05-20T21:00:00+00:00,3363.600315485897,3371.0
119,2019-05-20T22:00:00+00:00,3272.2240269234503,3145.0
119,2019-05-20T23:00:00+00:00,3253.0520219201203,3107.0
119,2019-05-21T00:00:00+00:00,3280.5752008710474,3007.0
119,2019-05-21T01:00:00+00:00,3195.7911582158713,2980.0
119,2019-05-21T02:00:00+00:00,3109.487377411698,2954.0
119,2019-05-21T03:00:00+00:00,2951.640802970311,2918.0
119,2019-05-21T04:00:00+00:00,2934.6610965841087,3063.0
119,2019-05-21T05:00:00+00:00,2793.5659935213994,2941.0
119,2019-05-21T06:00:00+00:00,2834.1261616507877,2825.0
119,2019-05-21T07:00:00+00:00,2727.2725224412375,2878.0
119,2019-05-21T08:00:00+00:00,2864.221358954448,2907.0
119,2019-05-21T09:00:00+00:00,2933.7571782230248,3021.0
119,2019-05-21T10:00:00+00:00,3071.3473793964886,3223.0
119,2019-05-21T11:00:00+00:00,3207.4385625179248,3524.0
119,2019-05-21T12:00:00+00:00,3452.5582680097345,3481.0
119,2019-05-21T13:00:00+00:00,3546.0950975925184,3589.0
119,2019-05-21T14:00:00+00:00,3601.7730053718506,3611.0
119,2019-05-21T15:00:00+00:00,3537.1365472139073,3453.0
120,2019-05-18T16:00:00+00:00,3442.4035698960383,3373.0
120,2019-05-18T17:00:00+00:00,3525.550510089002,3455.0
120,2019-05-18T18:00:00+00:00,3406.2801131841907,3455.0
120,2019-05-18T19:00:00+00:00,3420.5229822644956,3574.0
120,2019-05-18T20:00:00+00:00,3358.391474776991,3611.0
120,2019-05-18T21:00:00+00:00,3283.704282500671,3360.0
120,2019-05-18T22:00:00+00:00,3256.3957234377294,3199.0
120,2019-05-18T23:00:00+00:00,3240.3676874702187,3009.0
120,2019-05-19T00:00:00+00:00,3250.4066570678287,2920.0
120,2019-05-19T01:00:00+00:00,3167.818647273731,2822.0
120,2019-05-19T02:00:00+00:00,3033.856330191859,2765.0
120,2019-05-19T03:00:00+00:00,2939.9485877408406,2769.0
120,2019-05-19T04:00:00+00:00,2872.0564967390096,2852.0
120,2019-05-19T05:00:00+00:00,2837.5289831898926,2797.0
120,2019-05-19T06:00:00+00:00,2855.4706374272555,2726.0
120,2019-05-19T07:00:00+00:00,2804.724971933174,2722.0
120,2019-05-19T08:00:00+00:00,2754.729261591596,2744.0
120,2019-05-19T09:00:00+00:00,2768.518601787043,2819.0
120,2019-05-19T10:00:00+00:00,3013.486459040298,2995.0
120,2019-05-19T11:00:00+00:00,3121.1715127947427,3188.0
120,2019-05-19T12:00:00+00:00,3282.2347087969683,3340.0
120,2019-05-19T13:00:00+00:00,3473.0896369505913,3734.0
120,2019-05-19T14:00:00+00:00,3469.6072066178676,3492.0
120,2019-05-19T15:00:00+00:00,3481.260394041085,3462.0
120,2019-05-19T16:00:00+00:00,3513.529020463676,3533.0
120,2019-05-19T17:00:00+00:00,3500.6258527089412,3541.0
120,2019-05-19T18:00:00+00:00,3523.523046948242,3695.0
120,2019-05-19T19:00:00+00:00,3595.657206032449,3732.0
120,2019-05-19T20:00:00+00:00,3392.896054119893,3606.0
120,2019-05-19T21:00:00+00:00,3375.028919529525,3491.0
120,2019-05-19T22:00:00+00:00,3354.0865193827617,3342.0
120,2019-05-19T23:00:00+00:00,3311.4141240795575,3086.0
120,2019-05-20T00:00:00+00:00,3266.316353853127,3090.0
120,2019-05-20T01:00:00+00:00,3219.4092928626374,2977.0
120,2019-05-20T02:00:00+00:00,3074.299844505774,2927.0
120,2019-05-20T03:00:00+00:00,3027.25336072563,2958.0
120,2019-05-20T04:00:00+00:00,2937.920728043201,3124.0
120,2019-05-20T05:00:00+00:00,2870.213630825794,3026.0
120,2019-05-20T06:00:00+00:00,2795.709383456686,2866.0
120,2019-05-20T07:00:00+00:00,2824.6294835862964,2850.0
120,2019-05-20T08:00:00+00:00,2766.706799496078,2871.0
120,2019-05-20T09:00:00+00:00,2895.580713498078,2943.0
120,2019-05-20T10:00:00+00:00,2985.39483232539,3183.0
120,2019-05-20T11:00:00+00:00,3133.8675621958014,3471.0
120,2019-05-20T12:00:00+00:00,3330.2431404282725,3494.0
120,2019-05-20T13:00:00+00:00,3359.3976717666546,3566.0
120,2019-05-20T14:00:00+00:00,3361.4053070634245,3461.0
120,2019-05-20T15:00:00+00:00,3415.553827143018,3386.0
120,2019-05-20T16:00:00+00:00,3364.3870512890016,3482.0
120,2019-05-20T17:00:00+00:00,3440.0473611019293,3488.0
120,2019-05-20T18:00:00+00:00,3399.1498882998694,3610.0
120,2019-05-20T19:00:00+00:00,3427.601159058344,3464.0
120,2019-05-20T20:00:00+00:00,3404.4987796801565,3452.0
120,2019-05-20T21:00:00+00:00,3241.0451718529403,3371.0
120,2019-05-20T22:00:00+00:00,3205.154394890312,3145.0
120,2019-05-20T23:00:00+00:00,3199.409822360007,3107.0
120,2019-05-21T00:00:00+00:00,3232.0055255924112,3007.0
120,2019-05-21T01:00:00+00:00,3247.5920615670843,2980.0
120,2019-05-21T02:00:00+00:00,3090.19561223067,2954.0
120,2019-05-21T03:00:00+00:00,3029.117971174421,2918.0
120,2019-05-21T04:00:00+00:00,2856.579344370346,3063.0
120,2019-05-21T05:00:00+00:00,2821.7624764846064,2941.0
120,2019-05-21T06:00:00+00:00,2875.7978787142383,2825.0
120,2019-05-21T07:00:00+00:00,2871.397914900892,2878.0
120,2019-05-21T08:00:00+00:00,2919.324226211672,2907.0
120,2019-05-21T09:00:00+00:00,2963.519466026098,3021.0
120,2019-05-21T10:00:00+00:00,3117.354586733913,3223.0
120,2019-05-21T11:00:00+00:00,3248.5943590807638,3524.0
120,2019-05-21T12:00:00+00:00,3424.477777933867,3481.0
120,2019-05-21T13:00:00+00:00,3470.4352173828775,3589.0
120,2019-05-21T14:00:00+00:00,3506.3430793377433,3611.0
120,2019-05-21T15:00:00+00:00,3461.9149614956586,3453.0
120,2019-05-21T16:00:00+00:00,3496.5056267278824,3485.0
120,2019-05-21T17:00:00+00:00,3518.3694598312536,3467.0
120,2019-05-21T18:00:00+00:00,3482.250166966644,3449.0
120,2019-05-21T19:00:00+00:00,3452.160422320081,3676.0
120,2019-05-21T20:00:00+00:00,3403.898260378522,3554.0
120,2019-05-21T21:00:00+00:00,3347.9830793994465,3358.0
120,2019-05-21T22:00:00+00:00,3239.989702670962,3116.0
120,2019-05-21T23:00:00+00:00,3306.060936666406,2905.0
120,2019-05-22T00:00:00+00:00,3306.3274559360343,2911.0
120,2019-05-22T01:00:00+00:00,3303.055134656788,2881.0
120,2019-05-22T02:00:00+00:00,3150.040143145997,2830.0
120,2019-05-22T03:00:00+00:00,3021.3188539731077,2887.0
120,2019-05-22T04:00:00+00:00,2919.546099785917,3075.0
120,2019-05-22T05:00:00+00:00,2895.9624986340996,2912.0
120,2019-05-22T06:00:00+00:00,2829.861787243924,2859.0
120,2019-05-22T07:00:00+00:00,2789.5697576580897,2775.0
120,2019-05-22T08:00:00+00:00,2970.1836374374416,2833.0
120,2019-05-22T09:00:00+00:00,2905.392224678719,2913.0
120,2019-05-22T10:00:00+00:00,3041.780098439054,3021.0
120,2019-05-22T11:00:00+00:00,3273.888970983265,3265.0
120,2019-05-22T12:00:00+00:00,3398.6788778658943,3382.0
120,2019-05-22T13:00:00+00:00,3455.076205917986,3525.0
120,2019-05-22T14:00:00+00:00,3491.319984596444,3604.0
120,2019-05-22T15:00:00+00:00,3504.039348237394,3506.0
121,2019-05-19T16:00:00+00:00,3492.4585985375525,3533.0
121,2019-05-19T17:00:00+00:00,3432.152805878212,3541.0
121,2019-05-19T18:00:00+00:00,3527.1930156387016,3695.0
121,2019-05-19T19:00:00+00:00,3474.9662762914027,3732.0
121,2019-05-19T20:00:00+00:00,3408.2011008027257,3606.0
121,2019-05-19T21:00:00+00:00,3197.316844718065,3491.0
121,2019-05-19T22:00:00+00:00,3179.654267384857,3342.0
121,2019-05-19T23:00:00+00:00,3062.2443170815995,3086.0
121,2019-05-20T00:00:00+00:00,3068.958652938237,3090.0
121,2019-05-20T01:00:00+00:00,3055.105731456396,2977.0
121,2019-05-20T02:00:00+00:00,2988.820819395556,2927.0
121,2019-05-20T03:00:00+00:00,2930.1440823984094,2958.0
121,2019-05-20T04:00:00+00:00,2888.3282499555603,3124.0
121,2019-05-20T05:00:00+00:00,2784.373011934017,3026.0
121,2019-05-20T06:00:00+00:00,2689.365187652044,2866.0
121,2019-05-20T07:00:00+00:00,2800.4397782901206,2850.0
121,2019-05-20T08:00:00+00:00,2710.56478798176,2871.0
121,2019-05-20T09:00:00+00:00,2801.6020865047967,2943.0
121,2019-05-20T10:00:00+00:00,2978.322636931145,3183.0
121,2019-05-20T11:00:00+00:00,3085.954221599631,3471.0
121,2019-05-20T12:00:00+00:00,3240.9651665024417,3494.0
121,2019-05-20T13:00:00+00:00,3242.2865601187286,3566.0
121,2019-05-20T14:00:00+00:00,3354.0308361875573,3461.0
121,2019-05-20T15:00:00+00:00,3308.7691557841454,3386.0
121,2019-05-20T16:00:00+00:00,3366.1422450853765,3482.0
121,2019-05-20T17:00:00+00:00,3356.033944126616,3488.0
121,2019-05-20T18:00:00+00:00,3359.9113451116145,3610.0
121,2019-05-20T19:00:00+00:00,3316.79778027964,3464.0
121,2019-05-20T20:00:00+00:00,3235.3754659569,3452.0
121,2019-05-20T21:00:00+00:00,3134.983093221865,3371.0
121,2019-05-20T22:00:00+00:00,3125.0059699743,3145.0
121,2019-05-20T23:00:00+00:00,3059.6759834032073,3107.0
121,2019-05-21T00:00:00+00:00,3103.7451511762656,3007.0
121,2019-05-21T01:00:00+00:00,2980.8504887613917,2980.0
121,2019-05-21T02:00:00+00:00,2940.268906560494,2954.0
121,2019-05-21T03:00:00+00:00,2927.4201662375117,2918.0
121,2019-05-21T04:00:00+00:00,2891.370634337339,3063.0
121,2019-05-21T05:00:00+00:00,2752.929752563904,2941.0
121,2019-05-21T06:00:00+00:00,2754.7150516367365,2825.0
121,2019-05-21T07:00:00+00:00,2697.2053154440096,2878.0
121,2019-05-21T08:00:00+00:00,2805.436593253964,2907.0
121,2019-05-21T09:00:00+00:00,2814.379777053483,3021.0
121,2019-05-21T10:00:00+00:00,2945.148836384018,3223.0
121,2019-05-21T11:00:00+00:00,3061.833682432573,3524.0
121,2019-05-21T12:00:00+00:00,3237.9454519556243,3481.0
121,2019-05-21T13:00:00+00:00,3275.344863474615,3589.0
121,2019-05-21T14:00:00+00:00,3382.211688200419,3611.0
121,2019-05-21T15:00:00+00:00,3329.08089830641,3453.0
121,2019-05-21T16:00:00+00:00,3381.997811856583,3485.0
121,2019-05-21T17:00:00+00:00,3406.10800749836,3467.0
121,2019-05-21T18:00:00+00:00,3458.4249635358124,3449.0
121,2019-05-21T19:00:00+00:00,3410.1705014070026,3676.0
121,2019-05-21T20:00:00+00:00,3379.6969557936122,3554.0
121,2019-05-21T21:00:00+00:00,3247.222701879963,3358.0
121,2019-05-21T22:00:00+00:00,3241.4295346086806,3116.0
121,2019-05-21T23:00:00+00:00,3245.0778579027847,2905.0
121,2019-05-22T00:00:00+00:00,3214.5420528592667,2911.0
121,2019-05-22T01:00:00+00:00,3177.3935957523718,2881.0
121,2019-05-22T02:00:00+00:00,3073.739972284319,2830.0
121,2019-05-22T03:00:00+00:00,3035.9777773131295,2887.0
121,2019-05-22T04:00:00+00:00,3029.329104666505,3075.0
121,2019-05-22T05:00:00+00:00,2913.136947494688,2912.0
121,2019-05-22T06:00:00+00:00,2850.9557051651755,2859.0
121,2019-05-22T07:00:00+00:00,2871.4871401988453,2775.0
121,2019-05-22T08:00:00+00:00,2875.629540318766,2833.0
121,2019-05-22T09:00:00+00:00,2907.142725885349,2913.0
121,2019-05-22T10:00:00+00:00,3028.9906103231942,3021.0
121,2019-05-22T11:00:00+00:00,3127.0179508735446,3265.0
121,2019-05-22T12:00:00+00:00,3203.0577986668413,3382.0
121,2019-05-22T13:00:00+00:00,3344.8800879078726,3525.0
121,2019-05-22T14:00:00+00:00,3414.2062277262585,3604.0
121,2019-05-22T15:00:00+00:00,3339.8217074884415,3506.0
121,2019-05-22T16:00:00+00:00,3422.9063552048706,3596.0
121,2019-05-22T17:00:00+00:00,3475.2126702993814,3671.0
121,2019-05-22T18:00:00+00:00,3462.2549759736753,3802.0
121,2019-05-22T19:00:00+00:00,3396.640278086094,3883.0
121,2019-05-22T20:00:00+00:00,3462.4637962172933,3698.0
121,2019-05-22T21:00:00+00:00,3335.7065706540066,3429.0
121,2019-05-22T22:00:00+00:00,3224.0225381845,3346.0
121,2019-05-22T23:00:00+00:00,3183.647347316332,3099.0
121,2019-05-23T00:00:00+00:00,3227.657576823131,3038.0
121,2019-05-23T01:00:00+00:00,3160.8256145466153,2888.0
121,2019-05-23T02:00:00+00:00,3068.264513166564,2880.0
121,2019-05-23T03:00:00+00:00,2961.2562828667074,2933.0
121,2019-05-23T04:00:00+00:00,2852.4757076854253,3013.0
121,2019-05-23T05:00:00+00:00,2879.2402898485097,2894.0
121,2019-05-23T06:00:00+00:00,2745.4401810536765,2821.0
121,2019-05-23T07:00:00+00:00,2667.03910141246,2777.0
121,2019-05-23T08:00:00+00:00,2649.2935775985616,2796.0
121,2019-05-23T09:00:00+00:00,2631.2615414390125,2827.0
121,2019-05-23T10:00:00+00:00,2691.1759985508097,2911.0
121,2019-05-23T11:00:00+00:00,2811.6075470460637,2885.0
121,2019-05-23T12:00:00+00:00,2808.0704910031486,2914.0
121,2019-05-23T13:00:00+00:00,2930.870343277345,2934.0
121,2019-05-23T14:00:00+00:00,2942.6174485882602,3034.0
121,2019-05-23T15:00:00+00:00,2914.29958617343,3087.0
122,2019-05-20T16:00:00+00:00,3443.822351272721,3482.0
122,2019-05-20T17:00:00+00:00,3475.7823242572053,3488.0
122,2019-05-20T18:00:00+00:00,3467.6670851298827,3610.0
122,2019-05-20T19:00:00+00:00,3416.860779479599,3464.0
122,2019-05-20T20:00:00+00:00,3246.427787091213,3452.0
122,2019-05-20T21:00:00+00:00,3177.4971136212016,3371.0
122,2019-05-20T22:00:00+00:00,3142.0563461011225,3145.0
122,2019-05-20T23:00:00+00:00,3119.891774174038,3107.0
122,2019-05-21T00:00:00+00:00,3020.5372403630336,3007.0
122,2019-05-21T01:00:00+00:00,3114.25612260005,2980.0
122,2019-05-21T02:00:00+00:00,3040.449253550466,2954.0
122,2019-05-21T03:00:00+00:00,2913.169432112424,2918.0
122,2019-05-21T04:00:00+00:00,2864.6732355189733,3063.0
122,2019-05-21T05:00:00+00:00,2811.9964041131084,2941.0
122,2019-05-21T06:00:00+00:00,2775.3763260021324,2825.0
122,2019-05-21T07:00:00+00:00,2811.379725118622,2878.0
122,2019-05-21T08:00:00+00:00,2781.3698866833374,2907.0
122,2019-05-21T09:00:00+00:00,2894.148184816229,3021.0
122,2019-05-21T10:00:00+00:00,3063.659628585584,3223.0
122,2019-05-21T11:00:00+00:00,3233.9282646704987,3524.0
122,2019-05-21T12:00:00+00:00,3347.3381457272753,3481.0
122,2019-05-21T13:00:00+00:00,3421.287477835925,3589.0
122,2019-05-21T14:00:00+00:00,3506.240371105877,3611.0
122,2019-05-21T15:00:00+00:00,3503.62395490581,3453.0
122,2019-05-21T16:00:00+00:00,3554.259972422629,3485.0
122,2019-05-21T17:00:00+00:00,3540.4531837244704,3467.0
122,2019-05-21T18:00:00+00:00,3457.751147304229,3449.0
122,2019-05-21T19:00:00+00:00,3497.4130480080707,3676.0
122,2019-05-21T20:00:00+00:00,3427.2515280759926,3554.0
122,2019-05-21T21:00:00+00:00,3325.323554916769,3358.0
122,2019-05-21T22:00:00+00:00,3310.8537231155956,3116.0
122,2019-05-21T23:00:00+00:00,3290.353054286516,2905.0
122,2019-05-22T00:00:00+00:00,3299.8411733316852,2911.0
122,2019-05-22T01:00:00+00:00,3241.397760488687,2881.0
122,2019-05-22T02:00:00+00:00,3157.755487706454,2830.0
122,2019-05-22T03:00:00+00:00,3156.5850500757424,2887.0
122,2019-05-22T04:00:00+00:00,3052.626358704704,3075.0
122,2019-05-22T05:00:00+00:00,2981.6705353423986,2912.0
122,2019-05-22T06:00:00+00:00,2982.3192363049284,2859.0
122,2019-05-22T07:00:00+00:00,2926.55715932786,2775.0
122,2019-05-22T08:00:00+00:00,2979.772713254925,2833.0
122,2019-05-22T09:00:00+00:00,3004.7411901702026,2913.0
122,2019-05-22T10:00:00+00:00,3199.6133882249683,3021.0
122,2019-05-22T11:00:00+00:00,3327.544736093308,3265.0
122,2019-05-22T12:00:00+00:00,3473.188016103187,3382.0
122,2019-05-22T13:00:00+00:00,3547.299209511606,3525.0
122,2019-05-22T14:00:00+00:00,3493.5050130041086,3604.0
122,2019-05-22T15:00:00+00:00,3467.9721695560706,3506.0
122,2019-05-22T16:00:00+00:00,3509.8734269601086,3596.0
122,2019-05-22T17:00:00+00:00,3486.3830497214494,3671.0
122,2019-05-22T18:00:00+00:00,3473.903801271215,3802.0
122,2019-05-22T19:00:00+00:00,3428.989736019349,3883.0
122,2019-05-22T20:00:00+00:00,3321.506661902346,3698.0
122,2019-05-22T21:00:00+00:00,3284.337980394582,3429.0
122,2019-05-22T22:00:00+00:00,3254.3453921835685,3346.0
122,2019-05-22T23:00:00+00:00,3224.786356304593,3099.0
122,2019-05-23T00:00:00+00:00,3216.728138751944,3038.0
122,2019-05-23T01:00:00+00:00,3154.7389621378784,2888.0
122,2019-05-23T02:00:00+00:00,3077.1989066219144,2880.0
122,2019-05-23T03:00:00+00:00,2934.77361959875,2933.0
122,2019-05-23T04:00:00+00:00,2892.121217371569,3013.0
122,2019-05-23T05:00:00+00:00,2788.0872297629803,2894.0
122,2019-05-23T06:00:00+00:00,2771.624897919282,2821.0
122,2019-05-23T07:00:00+00:00,2658.729648553258,2777.0
122,2019-05-23T08:00:00+00:00,2621.7639380751352,2796.0
122,2019-05-23T09:00:00+00:00,2616.436989508863,2827.0
122,2019-05-23T10:00:00+00:00,2737.618294878181,2911.0
122,2019-05-23T11:00:00+00:00,2862.7897555719856,2885.0
122,2019-05-23T12:00:00+00:00,2921.5625254268557,2914.0
122,2019-05-23T13:00:00+00:00,2924.7537838705903,2934.0
122,2019-05-23T14:00:00+00:00,2895.5714274578095,3034.0
122,2019-05-23T15:00:00+00:00,2888.940699009995,3087.0
122,2019-05-23T16:00:00+00:00,2886.665222587331,3175.0
122,2019-05-23T17:00:00+00:00,2957.0422711835777,3200.0
122,2019-05-23T18:00:00+00:00,2939.3483328104594,3501.0
122,2019-05-23T19:00:00+00:00,2913.2677121257993,3308.0
122,2019-05-23T20:00:00+00:00,2917.470488030669,3316.0
122,2019-05-23T21:00:00+00:00,2873.519130697316,3170.0
122,2019-05-23T22:00:00+00:00,2869.831977875399,3105.0
122,2019-05-23T23:00:00+00:00,2916.227183073295,2918.0
122,2019-05-24T00:00:00+00:00,2901.943468634371,2948.0
122,2019-05-24T01:00:00+00:00,2840.214565519077,2881.0
122,2019-05-24T02:00:00+00:00,2858.259721102066,2829.0
122,2019-05-24T03:00:00+00:00,2677.870259470271,2807.0
122,2019-05-24T04:00:00+00:00,2667.1133897346076,2944.0
122,2019-05-24T05:00:00+00:00,2553.0475044594323,2679.0
122,2019-05-24T06:00:00+00:00,2560.5581595771023,2695.0
122,2019-05-24T07:00:00+00:00,2395.9969683846216,2754.0
122,2019-05-24T08:00:00+00:00,2426.0451406516195,2744.0
122,2019-05-24T09:00:00+00:00,2418.0518097184267,2698.0
122,2019-05-24T10:00:00+00:00,2530.8366179934283,2773.0
122,2019-05-24T11:00:00+00:00,2565.974796091021,2728.0
122,2019-05-24T12:00:00+00:00,2620.8634234939364,2784.0
122,2019-05-24T13:00:00+00:00,2693.886464824201,2860.0
122,2019-05-24T14:00:00+00:00,2666.7600575547112,2860.0
122,2019-05-24T15:00:00+00:00,2652.5115044924623,2791.0
123,2019-05-21T16:00:00+00:00,3562.350872871454,3485.0
123,2019-05-21T17:00:00+00:00,3564.7629961856137,3467.0
123,2019-05-21T18:00:00+00:00,3604.7819633133035,3449.0
123,2019-05-21T19:00:00+00:00,3531.5456735209295,3676.0
123,2019-05-21T20:00:00+00:00,3457.1448944510407,3554.0
123,2019-05-21T21:00:00+00:00,3319.972928600133,3358.0
123,2019-05-21T22:00:00+00:00,3350.908314269653,3116.0
123,2019-05-21T23:00:00+00:00,3328.408271745466,2905.0
123,2019-05-22T00:00:00+00:00,3319.8338032281385,2911.0
123,2019-05-22T01:00:00+00:00,3284.0215445277095,2881.0
123,2019-05-22T02:00:00+00:00,3118.5908858530775,2830.0
123,2019-05-22T03:00:00+00:00,3081.6481426275755,2887.0
123,2019-05-22T04:00:00+00:00,3006.947632649376,3075.0
123,2019-05-22T05:00:00+00:00,2878.0159204821457,2912.0
123,2019-05-22T06:00:00+00:00,2805.5762473684645,2859.0
123,2019-05-22T07:00:00+00:00,2864.622641470393,2775.0
123,2019-05-22T08:00:00+00:00,2857.0698521842446,2833.0
123,2019-05-22T09:00:00+00:00,2866.598486123966,2913.0
123,2019-05-22T10:00:00+00:00,3091.0924090911208,3021.0
123,2019-05-22T11:00:00+00:00,3205.997276538314,3265.0
123,2019-05-22T12:00:00+00:00,3300.296106688825,3382.0
123,2019-05-22T13:00:00+00:00,3356.5532684071127,3525.0
123,2019-05-22T14:00:00+00:00,3441.511069068452,3604.0
123,2019-05-22T15:00:00+00:00,3437.3212473549893,3506.0
123,2019-05-22T16:00:00+00:00,3474.3727132583676,3596.0
123,2019-05-22T17:00:00+00:00,3433.1695281483935,3671.0
123,2019-05-22T18:00:00+00:00,3521.2773618611723,3802.0
123,2019-05-22T19:00:00+00:00,3543.1342221727405,3883.0
123,2019-05-22T20:00:00+00:00,3453.291947806963,3698.0
123,2019-05-22T21:00:00+00:00,3367.0651155606733,3429.0
123,2019-05-22T22:00:00+00:00,3326.7859905966357,3346.0
123,2019-05-22T23:00:00+00:00,3321.477002752378,3099.0
123,2019-05-23T00:00:00+00:00,3320.990080473601,3038.0
123,2019-05-23T01:00:00+00:00,3226.2386880456265,2888.0
123,2019-05-23T02:00:00+00:00,3130.0901100677147,2880.0
123,2019-05-23T03:00:00+00:00,2993.061631714479,2933.0
123,2019-05-23T04:00:00+00:00,2901.7050057639885,3013.0
123,2019-05-23T05:00:00+00:00,2759.216368779277,2894.0
123,2019-05-23T06:00:00+00:00,2712.567730688786,2821.0
123,2019-05-23T07:00:00+00:00,2561.8338830593993,2777.0
123,2019-05-23T08:00:00+00:00,2539.1731689060825,2796.0
123,2019-05-23T09:00:00+00:00,2583.2975902710587,2827.0
123,2019-05-23T10:00:00+00:00,2634.946876708564,2911.0
123,2019-05-23T11:00:00+00:00,2746.4951545395543,2885.0
123,2019-05-23T12:00:00+00:00,2832.9277006672373,2914.0
123,2019-05-23T13:00:00+00:00,2851.275065639036,2934.0
123,2019-05-23T14:00:00+00:00,2815.7434370238743,3034.0
123,2019-05-23T15:00:00+00:00,2806.0028103854966,3087.0
123,2019-05-23T16:00:00+00:00,2900.8667506129173,3175.0
123,2019-05-23T17:00:00+00:00,2838.9570175604376,3200.0
123,2019-05-23T18:00:00+00:00,2864.170170070548,3501.0
123,2019-05-23T19:00:00+00:00,2938.9672086025707,3308.0
123,2019-05-23T20:00:00+00:00,2871.4432215244083,3316.0
123,2019-05-23T21:00:00+00:00,2946.191681838656,3170.0
123,2019-05-23T22:00:00+00:00,2890.408554300552,3105.0
123,2019-05-23T23:00:00+00:00,3026.7064426955812,2918.0
123,2019-05-24T00:00:00+00:00,3033.400091501656,2948.0
123,2019-05-24T01:00:00+00:00,2933.183558696403,2881.0
123,2019-05-24T02:00:00+00:00,2906.337979790621,2829.0
123,2019-05-24T03:00:00+00:00,2838.069391077832,2807.0
123,2019-05-24T04:00:00+00:00,2753.372045670501,2944.0
123,2019-05-24T05:00:00+00:00,2657.7980703498088,2679.0
123,2019-05-24T06:00:00+00:00,2617.0350633764056,2695.0
123,2019-05-24T07:00:00+00:00,2604.477032292719,2754.0
123,2019-05-24T08:00:00+00:00,2538.323413605497,2744.0
123,2019-05-24T09:00:00+00:00,2580.110528720968,2698.0
123,2019-05-24T10:00:00+00:00,2678.16655355229,2773.0
123,2019-05-24T11:00:00+00:00,2783.273491891975,2728.0
123,2019-05-24T12:00:00+00:00,2738.0209322967985,2784.0
123,2019-05-24T13:00:00+00:00,2764.227724162046,2860.0
123,2019-05-24T14:00:00+00:00,2750.2106942247838,2860.0
123,2019-05-24T15:00:00+00:00,2727.3123103148437,2791.0
123,2019-05-24T16:00:00+00:00,2696.4343427768767,2814.0
123,2019-05-24T17:00:00+00:00,2697.1259379752373,2775.0
123,2019-05-24T18:00:00+00:00,2650.2646132115506,2761.0
123,2019-05-24T19:00:00+00:00,2619.9449977603335,2747.0
123,2019-05-24T20:00:00+00:00,2599.767522788286,2822.0
123,2019-05-24T21:00:00+00:00,2584.1963864391114,2732.0
123,2019-05-24T22:00:00+00:00,2550.1307625157347,2790.0
123,2019-05-24T23:00:00+00:00,2532.0193488874133,2681.0
123,2019-05-25T00:00:00+00:00,2598.604950202357,2699.0
123,2019-05-25T01:00:00+00:00,2601.804172830094,2657.0
123,2019-05-25T02:00:00+00:00,2583.752176640929,2667.0
123,2019-05-25T03:00:00+00:00,2559.336301737644,2612.0
123,2019-05-25T04:00:00+00:00,2543.2439574627933,2776.0
123,2019-05-25T05:00:00+00:00,2623.2754146224697,2664.0
123,2019-05-25T06:00:00+00:00,2650.9872720321614,2644.0
123,2019-05-25T07:00:00+00:00,2631.710576012566,2690.0
123,2019-05-25T08:00:00+00:00,2710.322293449766,2768.0
123,2019-05-25T09:00:00+00:00,2853.6015326671604,2876.0
123,2019-05-25T10:00:00+00:00,3035.1287820798975,3292.0
123,2019-05-25T11:00:00+00:00,3190.1202130795814,3481.0
123,2019-05-25T12:00:00+00:00,3358.563200429145,3524.0
123,2019-05-25T13:00:00+00:00,3479.116260561649,3545.0
123,2019-05-25T14:00:00+00:00,3372.043226258353,3615.0
123,2019-05-25T15:00:00+00:00,3401.6644059050327,3511.0
124,2019-05-22T16:00:00+00:00,3377.678266473818,3596.0
124,2019-05-22T17:00:00+00:00,3510.8698587366075,3671.0
124,2019-05-22T18:00:00+00:00,3534.546683801583,3802.0
124,2019-05-22T19:00:00+00:00,3513.157694515359,3883.0
124,2019-05-22T20:00:00+00:00,3417.5042260634714,3698.0
124,2019-05-22T21:00:00+00:00,3299.0805276666306,3429.0
124,2019-05-22T22:00:00+00:00,3284.1189818577154,3346.0
124,2019-05-22T23:00:00+00:00,3317.335883180715,3099.0
124,2019-05-23T00:00:00+00:00,3276.958502988107,3038.0
124,2019-05-23T01:00:00+00:00,3298.2597953726854,2888.0
124,2019-05-23T02:00:00+00:00,3233.6042611765038,2880.0
124,2019-05-23T03:00:00+00:00,3006.245892204174,2933.0
124,2019-05-23T04:00:00+00:00,2971.1809118973097,3013.0
124,2019-05-23T05:00:00+00:00,2916.234915932451,2894.0
124,2019-05-23T06:00:00+00:00,2854.8256376622708,2821.0
124,2019-05-23T07:00:00+00:00,2764.6558073137835,2777.0
124,2019-05-23T08:00:00+00:00,2727.086074614921,2796.0
124,2019-05-23T09:00:00+00:00,2737.5851823787184,2827.0
124,2019-05-23T10:00:00+00:00,2823.640206356837,2911.0
124,2019-05-23T11:00:00+00:00,2850.7338976837436,2885.0
124,2019-05-23T12:00:00+00:00,2987.29338143381,2914.0
124,2019-05-23T13:00:00+00:00,2978.745961400325,2934.0
124,2019-05-23T14:00:00+00:00,3055.4512316379164,3034.0
124,2019-05-23T15:00:00+00:00,2977.699084284076,3087.0
124,2019-05-23T16:00:00+00:00,3049.512329713309,3175.0
124,2019-05-23T17:00:00+00:00,2989.732569755016,3200.0
124,2019-05-23T18:00:00+00:00,2958.4289644994033,3501.0
124,2019-05-23T19:00:00+00:00,2949.6177680480423,3308.0
124,2019-05-23T20:00:00+00:00,2858.3619336378333,3316.0
124,2019-05-23T21:00:00+00:00,2858.0277683737936,3170.0
124,2019-05-23T22:00:00+00:00,2859.390932648085,3105.0
124,2019-05-23T23:00:00+00:00,2885.246375117835,2918.0
124,2019-05-24T00:00:00+00:00,2948.159463169007,2948.0
124,2019-05-24T01:00:00+00:00,2927.35883210677,2881.0
124,2019-05-24T02:00:00+00:00,2950.208736938155,2829.0
124,2019-05-24T03:00:00+00:00,2776.7778902009504,2807.0
124,2019-05-24T04:00:00+00:00,2671.9147021567123,2944.0
124,2019-05-24T05:00:00+00:00,2582.9198037502415,2679.0
124,2019-05-24T06:00:00+00:00,2604.0381760124133,2695.0
124,2019-05-24T07:00:00+00:00,2599.191722198825,2754.0
124,2019-05-24T08:00:00+00:00,2574.613919902958,2744.0
124,2019-05-24T09:00:00+00:00,2711.8291435001697,2698.0
124,2019-05-24T10:00:00+00:00,2783.20627550085,2773.0
124,2019-05-24T11:00:00+00:00,2830.4110185224386,2728.0
124,2019-05-24T12:00:00+00:00,2978.4512204994185,2784.0
124,2019-05-24T13:00:00+00:00,2945.301609921959,2860.0
124,2019-05-24T14:00:00+00:00,2901.916238395292,2860.0
124,2019-05-24T15:00:00+00:00,2901.686565869078,2791.0
124,2019-05-24T16:00:00+00:00,2926.3988009471955,2814.0
124,2019-05-24T17:00:00+00:00,2938.234701952778,2775.0
124,2019-05-24T18:00:00+00:00,2860.029389224553,2761.0
124,2019-05-24T19:00:00+00:00,2776.124298370237,2747.0
124,2019-05-24T20:00:00+00:00,2712.6020328588884,2822.0
124,2019-05-24T21:00:00+00:00,2641.5231777246263,2732.0
124,2019-05-24T22:00:00+00:00,2641.3560950926067,2790.0
124,2019-05-24T23:00:00+00:00,2651.5311497927987,2681.0
124,2019-05-25T00:00:00+00:00,2676.4686291786393,2699.0
124,2019-05-25T01:00:00+00:00,2669.5496369256216,2657.0
124,2019-05-25T02:00:00+00:00,2717.976898714802,2667.0
124,2019-05-25T03:00:00+00:00,2639.4141560522557,2612.0
124,2019-05-25T04:00:00+00:00,2532.8190058355176,2776.0
124,2019-05-25T05:00:00+00:00,2587.847683909814,2664.0
124,2019-05-25T06:00:00+00:00,2601.5351750799673,2644.0
124,2019-05-25T07:00:00+00:00,2584.7442297685466,2690.0
124,2019-05-25T08:00:00+00:00,2649.677378565389,2768.0
124,2019-05-25T09:00:00+00:00,2755.4786219087796,2876.0
124,2019-05-25T10:00:00+00:00,2977.8215212207124,3292.0
124,2019-05-25T11:00:00+00:00,3163.842090545581,3481.0
124,2019-05-25T12:00:00+00:00,3266.247617327296,3524.0
124,2019-05-25T13:00:00+00:00,3299.0496953692264,3545.0
124,2019-05-25T14:00:00+00:00,3368.0333257058937,3615.0
124,2019-05-25T15:00:00+00:00,3343.1477126552895,3511.0
124,2019-05-25T16:00:00+00:00,3327.1659333954867,3582.0
124,2019-05-25T17:00:00+00:00,3367.4823925374367,3709.0
124,2019-05-25T18:00:00+00:00,3358.1842738072987,3826.0
124,2019-05-25T19:00:00+00:00,3308.527396534699,3836.0
124,2019-05-25T20:00:00+00:00,3241.7015561050157,3761.0
124,2019-05-25T21:00:00+00:00,3239.0772170289547,3531.0
124,2019-05-25T22:00:00+00:00,3116.830669002892,3376.0
124,2019-05-25T23:00:00+00:00,3135.562099312771,3039.0
124,2019-05-26T00:00:00+00:00,3142.8236671403206,3007.0
124,2019-05-26T01:00:00+00:00,3049.933407026837,2902.0
124,2019-05-26T02:00:00+00:00,3020.2915072831884,2859.0
124,2019-05-26T03:00:00+00:00,2840.745753459561,2852.0
124,2019-05-26T04:00:00+00:00,2810.7339322398775,2937.0
124,2019-05-26T05:00:00+00:00,2733.3670068483502,2851.0
124,2019-05-26T06:00:00+00:00,2702.0199125215877,2767.0
124,2019-05-26T07:00:00+00:00,2677.4085350765645,2810.0
124,2019-05-26T08:00:00+00:00,2753.1220165577906,2795.0
124,2019-05-26T09:00:00+00:00,2892.194910858397,2890.0
124,2019-05-26T10:00:00+00:00,2962.7798543988756,3218.0
124,2019-05-26T11:00:00+00:00,3152.949234846555,3348.0
124,2019-05-26T12:00:00+00:00,3272.6209886217257,3271.0
124,2019-05-26T13:00:00+00:00,3363.3541032331555,3293.0
124,2019-05-26T14:00:00+00:00,3389.9134176413363,3366.0
124,2019-05-26T15:00:00+00:00,3394.8122830558705,3296.0
125,2019-05-23T16:00:00+00:00,3048.34995540582,3175.0
125,2019-05-23T17:00:00+00:00,3045.0101864106023,3200.0
125,2019-05-23T18:00:00+00:00,3074.0944280420413,3501.0
125,2019-05-23T19:00:00+00:00,3162.74123212407,3308.0
125,2019-05-23T20:00:00+00:00,3163.7717016994175,3316.0
125,2019-05-23T21:00:00+00:00,3062.790144580229,3170.0
125,2019-05-23T22:00:00+00:00,3053.460912658231,3105.0
125,2019-05-23T23:00:00+00:00,3061.83903595045,2918.0
125,2019-05-24T00:00:00+00:00,3062.9851844722743,2948.0
125,2019-05-24T01:00:00+00:00,3040.481209425696,2881.0
125,2019-05-24T02:00:00+00:00,2992.7586622583162,2829.0
125,2019-05-24T03:00:00+00:00,2844.6807543313494,2807.0
125,2019-05-24T04:00:00+00:00,2770.6183043727383,2944.0
125,2019-05-24T05:00:00+00:00,2674.0554483794667,2679.0
125,2019-05-24T06:00:00+00:00,2591.0379179149427,2695.0
125,2019-05-24T07:00:00+00:00,2502.6162424782137,2754.0
125,2019-05-24T08:00:00+00:00,2452.2249005562276,2744.0
125,2019-05-24T09:00:00+00:00,2469.600238522838,2698.0
125,2019-05-24T10:00:00+00:00,2568.601654955589,2773.0
125,2019-05-24T11:00:00+00:00,2655.7907655171052,2728.0
125,2019-05-24T12:00:00+00:00,2657.071974702906,2784.0
125,2019-05-24T13:00:00+00:00,2716.843208688284,2860.0
125,2019-05-24T14:00:00+00:00,2829.006645379055,2860.0
125,2019-05-24T15:00:00+00:00,2747.46652061661,2791.0
125,2019-05-24T16:00:00+00:00,2808.0632538400923,2814.0
125,2019-05-24T17:00:00+00:00,2797.4150406894923,2775.0
125,2019-05-24T18:00:00+00:00,2752.712042836897,2761.0
125,2019-05-24T19:00:00+00:00,2801.5168267756408,2747.0
125,2019-05-24T20:00:00+00:00,2757.929806075599,2822.0
125,2019-05-24T21:00:00+00:00,2698.9949766425198,2732.0
125,2019-05-24T22:00:00+00:00,2708.650872294248,2790.0
125,2019-05-24T23:00:00+00:00,2710.8929387997896,2681.0
125,2019-05-25T00:00:00+00:00,2716.1608664837854,2699.0
125,2019-05-25T01:00:00+00:00,2667.076509944787,2657.0
125,2019-05-25T02:00:00+00:00,2731.4951261900965,2667.0
125,2019-05-25T03:00:00+00:00,2628.6712319001986,2612.0
125,2019-05-25T04:00:00+00:00,2558.3135815446553,2776.0
125,2019-05-25T05:00:00+00:00,2639.931861058827,2664.0
125,2019-05-25T06:00:00+00:00,2584.027849765199,2644.0
125,2019-05-25T07:00:00+00:00,2600.2599803401768,2690.0
125,2019-05-25T08:00:00+00:00,2653.7219282752203,2768.0
125,2019-05-25T09:00:00+00:00,2769.0464189940485,2876.0
125,2019-05-25T10:00:00+00:00,2954.0317765842155,3292.0
125,2019-05-25T11:00:00+00:00,3034.6861254628275,3481.0
125,2019-05-25T12:00:00+00:00,3159.055417681622,3524.0
125,2019-05-25T13:00:00+00:00,3212.819822853525,3545.0
125,2019-05-25T14:00:00+00:00,3308.9924834002827,3615.0
125,2019-05-25T15:00:00+00:00,3373.205270101776,3511.0
125,2019-05-25T16:00:00+00:00,3322.599655279075,3582.0
125,2019-05-25T17:00:00+00:00,3327.8444009088057,3709.0
125,2019-05-25T18:00:00+00:00,3378.6662383702146,3826.0
125,2019-05-25T19:00:00+00:00,3420.6368436586067,3836.0
125,2019-05-25T20:00:00+00:00,3289.0006548791903,3761.0
125,2019-05-25T21:00:00+00:00,3250.5899820087166,3531.0
125,2019-05-25T22:00:00+00:00,3156.01942777953,3376.0
125,2019-05-25T23:00:00+00:00,3214.4642285716072,3039.0
125,2019-05-26T00:00:00+00:00,3189.2928467195015,3007.0
125,2019-05-26T01:00:00+00:00,3182.0034207711465,2902.0
125,2019-05-26T02:00:00+00:00,3081.072044620455,2859.0
125,2019-05-26T03:00:00+00:00,3058.321179869798,2852.0
125,2019-05-26T04:00:00+00:00,2939.58484594285,2937.0
125,2019-05-26T05:00:00+00:00,2951.7611910297355,2851.0
125,2019-05-26T06:00:00+00:00,2865.068073985621,2767.0
125,2019-05-26T07:00:00+00:00,2862.584438247472,2810.0
125,2019-05-26T08:00:00+00:00,2899.3745401206597,2795.0
125,2019-05-26T09:00:00+00:00,3034.6041042815236,2890.0
125,2019-05-26T10:00:00+00:00,3192.1686937349705,3218.0
125,2019-05-26T11:00:00+00:00,3223.395400002309,3348.0
125,2019-05-26T12:00:00+00:00,3329.037706652919,3271.0
125,2019-05-26T13:00:00+00:00,3409.9642753063063,3293.0
125,2019-05-26T14:00:00+00:00,3454.898680621465,3366.0
125,2019-05-26T15:00:00+00:00,3511.2849381273286,3296.0
125,2019-05-26T16:00:00+00:00,3479.849114198712,3474.0
125,2019-05-26T17:00:00+00:00,3498.0419541730175,3447.0
125,2019-05-26T18:00:00+00:00,3459.8326578430638,3455.0
125,2019-05-26T19:00:00+00:00,3474.225012343848,3861.0
125,2019-05-26T20:00:00+00:00,3389.172021508155,3579.0
125,2019-05-26T21:00:00+00:00,3382.0301808118966,3311.0
125,2019-05-26T22:00:00+00:00,3270.2401437314597,3212.0
125,2019-05-26T23:00:00+00:00,3226.8436355657523,3064.0
125,2019-05-27T00:00:00+00:00,3236.551884987215,2898.0
125,2019-05-27T01:00:00+00:00,3191.416557519628,2810.0
125,2019-05-27T02:00:00+00:00,3106.1018226200677,2716.0
125,2019-05-27T03:00:00+00:00,2945.9463453156905,2777.0
125,2019-05-27T04:00:00+00:00,2883.506977503839,2903.0
125,2019-05-27T05:00:00+00:00,2814.5149368566795,2808.0
125,2019-05-27T06:00:00+00:00,2748.1086783906226,2679.0
125,2019-05-27T07:00:00+00:00,2739.020652190759,2621.0
125,2019-05-27T08:00:00+00:00,2926.9516012376284,2709.0
125,2019-05-27T09:00:00+00:00,2971.7646436243667,2775.0
125,2019-05-27T10:00:00+00:00,3027.84426352293,3079.0
125,2019-05-27T11:00:00+00:00,3217.058239307966,3278.0
125,2019-05-27T12:00:00+00:00,3302.009719844033,3349.0
125,2019-05-27T13:00:00+00:00,3455.695165114531,3334.0
125,2019-05-27T14:00:00+00:00,3427.708659019175,3341.0
125,2019-05-27T15:00:00+00:00,3410.8502164221727,3240.0
126,2019-05-24T16:00:00+00:00,2780.0763181414495,2814.0
126,2019-05-24T17:00:00+00:00,2762.202640362565,2775.0
126,2019-05-24T18:00:00+00:00,2742.428397644455,2761.0
126,2019-05-24T19:00:00+00:00,2711.908983618635,2747.0
126,2019-05-24T20:00:00+00:00,2735.824668110873,2822.0
126,2019-05-24T21:00:00+00:00,2651.7888456718515,2732.0
126,2019-05-24T22:00:00+00:00,2700.410023775251,2790.0
126,2019-05-24T23:00:00+00:00,2727.2340564238975,2681.0
126,2019-05-25T00:00:00+00:00,2719.97428962551,2699.0
126,2019-05-25T01:00:00+00:00,2723.7919427072866,2657.0
126,2019-05-25T02:00:00+00:00,2660.2476682891092,2667.0
126,2019-05-25T03:00:00+00:00,2670.1548488170006,2612.0
126,2019-05-25T04:00:00+00:00,2698.466895064261,2776.0
126,2019-05-25T05:00:00+00:00,2664.090502732752,2664.0
126,2019-05-25T06:00:00+00:00,2650.2424721190955,2644.0
126,2019-05-25T07:00:00+00:00,2723.2862004999224,2690.0
126,2019-05-25T08:00:00+00:00,2771.486301289794,2768.0
126,2019-05-25T09:00:00+00:00,2859.7759232855515,2876.0
126,2019-05-25T10:00:00+00:00,3064.9304611996968,3292.0
126,2019-05-25T11:00:00+00:00,3118.095751542248,3481.0
126,2019-05-25T12:00:00+00:00,3303.2450688790063,3524.0
126,2019-05-25T13:00:00+00:00,3318.577213615292,3545.0
126,2019-05-25T14:00:00+00:00,3462.02768278874,3615.0
126,2019-05-25T15:00:00+00:00,3420.3499182328724,3511.0
126,2019-05-25T16:00:00+00:00,3460.5658749905997,3582.0
126,2019-05-25T17:00:00+00:00,3511.1508688555514,3709.0
126,2019-05-25T18:00:00+00:00,3521.5511017706535,3826.0
126,2019-05-25T19:00:00+00:00,3452.576080022918,3836.0
126,2019-05-25T20:00:00+00:00,3435.0124105848126,3761.0
126,2019-05-25T21:00:00+00:00,3277.7439830277585,3531.0
126,2019-05-25T22:00:00+00:00,3298.3383384196895,3376.0
126,2019-05-25T23:00:00+00:00,3280.613865166827,3039.0
126,2019-05-26T00:00:00+00:00,3219.196540096628,3007.0
126,2019-05-26T01:00:00+00:00,3174.7996511088268,2902.0
126,2019-05-26T02:00:00+00:00,3088.9708793538334,2859.0
126,2019-05-26T03:00:00+00:00,3004.014433595167,2852.0
126,2019-05-26T04:00:00+00:00,2970.5141675967498,2937.0
126,2019-05-26T05:00:00+00:00,2845.13504328356,2851.0
126,2019-05-26T06:00:00+00:00,2840.562973784383,2767.0
126,2019-05-26T07:00:00+00:00,2846.1013863068047,2810.0
126,2019-05-26T08:00:00+00:00,2890.262621368788,2795.0
126,2019-05-26T09:00:00+00:00,2922.1303948787204,2890.0
126,2019-05-26T10:00:00+00:00,3097.0696283242382,3218.0
126,2019-05-26T11:00:00+00:00,3222.449529227984,3348.0
126,2019-05-26T12:00:00+00:00,3402.1842754512395,3271.0
126,2019-05-26T13:00:00+00:00,3409.595824395368,3293.0
126,2019-05-26T14:00:00+00:00,3528.266891669183,3366.0
126,2019-05-26T15:00:00+00:00,3546.331577678502,3296.0
126,2019-05-26T16:00:00+00:00,3574.692400421977,3474.0
126,2019-05-26T17:00:00+00:00,3605.5762502203274,3447.0
126,2019-05-26T18:00:00+00:00,3630.4814432668713,3455.0
126,2019-05-26T19:00:00+00:00,3588.4254625869003,3861.0
126,2019-05-26T20:00:00+00:00,3520.5641708360663,3579.0
126,2019-05-26T21:00:00+00:00,3431.8812305083666,3311.0
126,2019-05-26T22:00:00+00:00,3389.0399515439804,3212.0
126,2019-05-26T23:00:00+00:00,3413.5527350347647,3064.0
126,2019-05-27T00:00:00+00:00,3343.141731255686,2898.0
126,2019-05-27T01:00:00+00:00,3298.8593976365355,2810.0
126,2019-05-27T02:00:00+00:00,3168.691386350141,2716.0
126,2019-05-27T03:00:00+00:00,3078.553511876884,2777.0
126,2019-05-27T04:00:00+00:00,2982.8623539982127,2903.0
126,2019-05-27T05:00:00+00:00,2963.279912624296,2808.0
126,2019-05-27T06:00:00+00:00,2942.0682834025592,2679.0
126,2019-05-27T07:00:00+00:00,2853.935962302453,2621.0
126,2019-05-27T08:00:00+00:00,2881.534801001404,2709.0
126,2019-05-27T09:00:00+00:00,3006.4130739754137,2775.0
126,2019-05-27T10:00:00+00:00,3102.6555450562187,3079.0
126,2019-05-27T11:00:00+00:00,3148.4888952482597,3278.0
126,2019-05-27T12:00:00+00:00,3345.017693145161,3349.0
126,2019-05-27T13:00:00+00:00,3423.3293822563905,3334.0
126,2019-05-27T14:00:00+00:00,3458.0069925845096,3341.0
126,2019-05-27T15:00:00+00:00,3467.0781981633886,3240.0
126,2019-05-27T16:00:00+00:00,3468.994625377806,3262.0
126,2019-05-27T17:00:00+00:00,3549.063094512929,3337.0
126,2019-05-27T18:00:00+00:00,3547.3835439413756,3399.0
126,2019-05-27T19:00:00+00:00,3476.1529397077793,3298.0
126,2019-05-27T20:00:00+00:00,3334.687402949733,3301.0
126,2019-05-27T21:00:00+00:00,3319.5639793178457,3193.0
126,2019-05-27T22:00:00+00:00,3294.0160501851724,3084.0
126,2019-05-27T23:00:00+00:00,3293.26361655217,3012.0
126,2019-05-28T00:00:00+00:00,3233.6753605204103,2939.0
126,2019-05-28T01:00:00+00:00,3197.189384727618,2850.0
126,2019-05-28T02:00:00+00:00,3073.8602942509297,2711.0
126,2019-05-28T03:00:00+00:00,3040.773273567664,2749.0
126,2019-05-28T04:00:00+00:00,2997.304426817801,2857.0
126,2019-05-28T05:00:00+00:00,2912.092482766124,2790.0
126,2019-05-28T06:00:00+00:00,2912.847460972438,2737.0
126,2019-05-28T07:00:00+00:00,2890.252905725233,2632.0
126,2019-05-28T08:00:00+00:00,2926.990232487002,2679.0
126,2019-05-28T09:00:00+00:00,3001.106151531572,2823.0
126,2019-05-28T10:00:00+00:00,3146.121186304637,3069.0
126,2019-05-28T11:00:00+00:00,3238.394313035543,3340.0
126,2019-05-28T12:00:00+00:00,3404.6478520205524,3268.0
126,2019-05-28T13:00:00+00:00,3463.729473591969,3348.0
126,2019-05-28T14:00:00+00:00,3610.1702294871134,3348.0
126,2019-05-28T15:00:00+00:00,3535.7981016517897,3337.0
127,2019-05-25T16:00:00+00:00,3558.9795610810893,3582.0
127,2019-05-25T17:00:00+00:00,3508.989237303795,3709.0
127,2019-05-25T18:00:00+00:00,3519.5276372450985,3826.0
127,2019-05-25T19:00:00+00:00,3500.0936072834443,3836.0
127,2019-05-25T20:00:00+00:00,3474.3070665715586,3761.0
127,2019-05-25T21:00:00+00:00,3287.6365570439107,3531.0
127,2019-05-25T22:00:00+00:00,3329.4989683969325,3376.0
127,2019-05-25T23:00:00+00:00,3305.757157573281,3039.0
127,2019-05-26T00:00:00+00:00,3340.104089033261,3007.0
127,2019-05-26T01:00:00+00:00,3308.7881409447655,2902.0
127,2019-05-26T02:00:00+00:00,3152.4218802892424,2859.0
127,2019-05-26T03:00:00+00:00,3093.387878589808,2852.0
127,2019-05-26T04:00:00+00:00,3059.6217542498957,2937.0
127,2019-05-26T05:00:00+00:00,2965.477333434454,2851.0
127,2019-05-26T06:00:00+00:00,2910.1293609791105,2767.0
127,2019-05-26T07:00:00+00:00,2935.3941650228144,2810.0
127,2019-05-26T08:00:00+00:00,2915.3974538951393,2795.0
127,2019-05-26T09:00:00+00:00,2914.97915247977,2890.0
127,2019-05-26T10:00:00+00:00,3169.1696339471723,3218.0
127,2019-05-26T11:00:00+00:00,3301.092624228298,3348.0
127,2019-05-26T12:00:00+00:00,3499.5536289987917,3271.0
127,2019-05-26T13:00:00+00:00,3590.820732233669,3293.0
127,2019-05-26T14:00:00+00:00,3633.14528106048,3366.0
127,2019-05-26T15:00:00+00:00,3688.561659577588,3296.0
127,2019-05-26T16:00:00+00:00,3733.6370904331234,3474.0
127,2019-05-26T17:00:00+00:00,3648.9954612674032,3447.0
127,2019-05-26T18:00:00+00:00,3723.1342153789683,3455.0
127,2019-05-26T19:00:00+00:00,3701.086445976186,3861.0
127,2019-05-26T20:00:00+00:00,3600.966673049603,3579.0
127,2019-05-26T21:00:00+00:00,3480.7992975291045,3311.0
127,2019-05-26T22:00:00+00:00,3476.928142314963,3212.0
127,2019-05-26T23:00:00+00:00,3465.7362827285724,3064.0
127,2019-05-27T00:00:00+00:00,3411.533500449261,2898.0
127,2019-05-27T01:00:00+00:00,3358.0981218251636,2810.0
127,2019-05-27T02:00:00+00:00,3226.063699060816,2716.0
127,2019-05-27T03:00:00+00:00,3189.553120218273,2777.0
127,2019-05-27T04:00:00+00:00,3001.6914694861475,2903.0
127,2019-05-27T05:00:00+00:00,2920.35504277429,2808.0
127,2019-05-27T06:00:00+00:00,2824.095519747654,2679.0
127,2019-05-27T07:00:00+00:00,2841.908359091897,2621.0
127,2019-05-27T08:00:00+00:00,2807.7677528718323,2709.0
127,2019-05-27T09:00:00+00:00,2894.9687601397427,2775.0
127,2019-05-27T10:00:00+00:00,3049.4092579709695,3079.0
127,2019-05-27T11:00:00+00:00,3218.5971774192258,3278.0
127,2019-05-27T12:00:00+00:00,3419.003607625972,3349.0
127,2019-05-27T13:00:00+00:00,3430.146360252081,3334.0
127,2019-05-27T14:00:00+00:00,3488.1006697534635,3341.0
127,2019-05-27T15:00:00+00:00,3456.6492148745015,3240.0
127,2019-05-27T16:00:00+00:00,3444.020894083871,3262.0
127,2019-05-27T17:00:00+00:00,3576.6633211609596,3337.0
127,2019-05-27T18:00:00+00:00,3510.8629355144144,3399.0
127,2019-05-27T19:00:00+00:00,3490.1785617107703,3298.0
127,2019-05-27T20:00:00+00:00,3447.597110118666,3301.0
127,2019-05-27T21:00:00+00:00,3393.819139396833,3193.0
127,2019-05-27T22:00:00+00:00,3325.8940350347593,3084.0
127,2019-05-27T23:00:00+00:00,3324.932021090786,3012.0
127,2019-05-28T00:00:00+00:00,3368.4363927277973,2939.0
127,2019-05-28T01:00:00+00:00,3287.7323090071777,2850.0
127,2019-05-28T02:00:00+00:00,3209.3083612525597,2711.0
127,2019-05-28T03:00:00+00:00,3087.7226835282754,2749.0
127,2019-05-28T04:00:00+00:00,2940.7892222331907,2857.0
127,2019-05-28T05:00:00+00:00,2894.109685752482,2790.0
127,2019-05-28T06:00:00+00:00,2871.129379800458,2737.0
127,2019-05-28T07:00:00+00:00,2803.1078790701877,2632.0
127,2019-05-28T08:00:00+00:00,2852.2299746055796,2679.0
127,2019-05-28T09:00:00+00:00,2898.6597132984243,2823.0
127,2019-05-28T10:00:00+00:00,3141.182665202123,3069.0
127,2019-05-28T11:00:00+00:00,3171.510575301409,3340.0
127,2019-05-28T12:00:00+00:00,3352.17181058149,3268.0
127,2019-05-28T13:00:00+00:00,3438.241209746501,3348.0
127,2019-05-28T14:00:00+00:00,3506.782728731808,3348.0
127,2019-05-28T15:00:00+00:00,3475.788735260095,3337.0
127,2019-05-28T16:00:00+00:00,3540.588046110007,3483.0
127,2019-05-28T17:00:00+00:00,3592.575000730657,3439.0
127,2019-05-28T18:00:00+00:00,3559.716595088593,3422.0
127,2019-05-28T19:00:00+00:00,3505.8952013884227,3570.0
127,2019-05-28T20:00:00+00:00,3506.147180239125,3521.0
127,2019-05-28T21:00:00+00:00,3487.9445585284516,3405.0
127,2019-05-28T22:00:00+00:00,3313.492197792101,3324.0
127,2019-05-28T23:00:00+00:00,3384.914157243401,3083.0
127,2019-05-29T00:00:00+00:00,3388.0920318924427,2903.0
127,2019-05-29T01:00:00+00:00,3428.1866091985466,2813.0
127,2019-05-29T02:00:00+00:00,3216.1294535258785,2776.0
127,2019-05-29T03:00:00+00:00,3123.536131899344,2779.0
127,2019-05-29T04:00:00+00:00,3060.0800418173108,2903.0
127,2019-05-29T05:00:00+00:00,2954.11931651543,2785.0
127,2019-05-29T06:00:00+00:00,2957.359979337106,2686.0
127,2019-05-29T07:00:00+00:00,2866.3024894596065,2614.0
127,2019-05-29T08:00:00+00:00,3012.0198925596,2679.0
127,2019-05-29T09:00:00+00:00,2968.565420996629,2745.0
127,2019-05-29T10:00:00+00:00,3186.745861019805,3023.0
127,2019-05-29T11:00:00+00:00,3361.6251648068637,3352.0
127,2019-05-29T12:00:00+00:00,3486.8327782695424,3370.0
127,2019-05-29T13:00:00+00:00,3621.5950992867893,3335.0
127,2019-05-29T14:00:00+00:00,3703.541066969297,3384.0
127,2019-05-29T15:00:00+00:00,3646.9007817355186,3290.0
128,2019-05-26T16:00:00+00:00,3614.9985738698574,3474.0
128,2019-05-26T17:00:00+00:00,3596.986365554298,3447.0
128,2019-05-26T18:00:00+00:00,3592.6019335520764,3455.0
128,2019-05-26T19:00:00+00:00,3611.918516584498,3861.0
128,2019-05-26T20:00:00+00:00,3549.334207233082,3579.0
128,2019-05-26T21:00:00+00:00,3438.2612689153375,3311.0
128,2019-05-26T22:00:00+00:00,3447.1606331796393,3212.0
128,2019-05-26T23:00:00+00:00,3329.639217346753,3064.0
128,2019-05-27T00:00:00+00:00,3387.4704950761793,2898.0
128,2019-05-27T01:00:00+00:00,3281.761418160934,2810.0
128,2019-05-27T02:00:00+00:00,3182.614762770959,2716.0
128,2019-05-27T03:00:00+00:00,3060.1596175645227,2777.0
128,2019-05-27T04:00:00+00:00,2935.4454530459343,2903.0
128,2019-05-27T05:00:00+00:00,2914.2362692582897,2808.0
128,2019-05-27T06:00:00+00:00,2852.351849753303,2679.0
128,2019-05-27T07:00:00+00:00,2823.2819172159434,2621.0
128,2019-05-27T08:00:00+00:00,2802.0624890422373,2709.0
128,2019-05-27T09:00:00+00:00,2833.9580876265686,2775.0
128,2019-05-27T10:00:00+00:00,2975.6572459564236,3079.0
128,2019-05-27T11:00:00+00:00,3109.7726835635067,3278.0
128,2019-05-27T12:00:00+00:00,3245.5164332886334,3349.0
128,2019-05-27T13:00:00+00:00,3320.096621300222,3334.0
128,2019-05-27T14:00:00+00:00,3377.970578463836,3341.0
128,2019-05-27T15:00:00+00:00,3376.7289588732015,3240.0
128,2019-05-27T16:00:00+00:00,3404.4630565145685,3262.0
128,2019-05-27T17:00:00+00:00,3509.5610723244577,3337.0
128,2019-05-27T18:00:00+00:00,3474.033904974194,3399.0
128,2019-05-27T19:00:00+00:00,3400.0888358520015,3298.0
128,2019-05-27T20:00:00+00:00,3361.180029709295,3301.0
128,2019-05-27T21:00:00+00:00,3206.1765202479805,3193.0
128,2019-05-27T22:00:00+00:00,3242.646881613631,3084.0
128,2019-05-27T23:00:00+00:00,3217.1212588054464,3012.0
128,2019-05-28T00:00:00+00:00,3140.7470805160765,2939.0
128,2019-05-28T01:00:00+00:00,3081.0252178622327,2850.0
128,2019-05-28T02:00:00+00:00,3044.94974453284,2711.0
128,2019-05-28T03:00:00+00:00,2918.536432923555,2749.0
128,2019-05-28T04:00:00+00:00,2890.940337076356,2857.0
128,2019-05-28T05:00:00+00:00,2928.1734260306803,2790.0
128,2019-05-28T06:00:00+00:00,2866.4416478780076,2737.0
128,2019-05-28T07:00:00+00:00,2843.2810407313036,2632.0
128,2019-05-28T08:00:00+00:00,2873.6260027764206,2679.0
128,2019-05-28T09:00:00+00:00,2977.9873480892793,2823.0
128,2019-05-28T10:00:00+00:00,3146.652423814731,3069.0
128,2019-05-28T11:00:00+00:00,3245.737051099425,3340.0
128,2019-05-28T12:00:00+00:00,3325.297035175433,3268.0
128,2019-05-28T13:00:00+00:00,3467.862224161148,3348.0
128,2019-05-28T14:00:00+00:00,3509.5789834768616,3348.0
128,2019-05-28T15:00:00+00:00,3518.054891086357,3337.0
128,2019-05-28T16:00:00+00:00,3518.8664116944487,3483.0
128,2019-05-28T17:00:00+00:00,3538.0769818543386,3439.0
128,2019-05-28T18:00:00+00:00,3554.8168043746728,3422.0
128,2019-05-28T19:00:00+00:00,3517.7592579324705,3570.0
128,2019-05-28T20:00:00+00:00,3541.252939811795,3521.0
128,2019-05-28T21:00:00+00:00,3391.1822344246434,3405.0
128,2019-05-28T22:00:00+00:00,3299.1422914006585,3324.0
128,2019-05-28T23:00:00+00:00,3286.312965841582,3083.0
128,2019-05-29T00:00:00+00:00,3342.81349782164,2903.0
128,2019-05-29T01:00:00+00:00,3317.4118816544074,2813.0
128,2019-05-29T02:00:00+00:00,3200.8052729735955,2776.0
128,2019-05-29T03:00:00+00:00,3096.6366543043164,2779.0
128,2019-05-29T04:00:00+00:00,3064.711793126897,2903.0
128,2019-05-29T05:00:00+00:00,2968.921727353124,2785.0
128,2019-05-29T06:00:00+00:00,2963.450762546674,2686.0
128,2019-05-29T07:00:00+00:00,2929.036862543618,2614.0
128,2019-05-29T08:00:00+00:00,3023.4931092522042,2679.0
128,2019-05-29T09:00:00+00:00,3052.285716344961,2745.0
128,2019-05-29T10:00:00+00:00,3154.927194470154,3023.0
128,2019-05-29T11:00:00+00:00,3237.475664238695,3352.0
128,2019-05-29T12:00:00+00:00,3329.6666789106785,3370.0
128,2019-05-29T13:00:00+00:00,3548.8277380047716,3335.0
128,2019-05-29T14:00:00+00:00,3521.029398148878,3384.0
128,2019-05-29T15:00:00+00:00,3547.64487492516,3290.0
128,2019-05-29T16:00:00+00:00,3589.38129685283,3329.0
128,2019-05-29T17:00:00+00:00,3688.3551856288423,3429.0
128,2019-05-29T18:00:00+00:00,3633.1567151171807,3577.0
128,2019-05-29T19:00:00+00:00,3663.287833864869,3507.0
128,2019-05-29T20:00:00+00:00,3603.5336187789153,3479.0
128,2019-05-29T21:00:00+00:00,3565.5577126959242,3284.0
128,2019-05-29T22:00:00+00:00,3473.729944125832,3088.0
128,2019-05-29T23:00:00+00:00,3446.012303594976,2999.0
128,2019-05-30T00:00:00+00:00,3452.201928606833,2889.0
128,2019-05-30T01:00:00+00:00,3363.5458550077387,2766.0
128,2019-05-30T02:00:00+00:00,3281.802726169246,2699.0
128,2019-05-30T03:00:00+00:00,3110.636318354884,2722.0
128,2019-05-30T04:00:00+00:00,3031.0359185235443,2878.0
128,2019-05-30T05:00:00+00:00,2852.9455614951676,2779.0
128,2019-05-30T06:00:00+00:00,2877.9289092934378,2784.0
128,2019-05-30T07:00:00+00:00,2705.4449081995544,2684.0
128,2019-05-30T08:00:00+00:00,2782.5001398835634,2631.0
128,2019-05-30T09:00:00+00:00,2786.4873210314518,2620.0
128,2019-05-30T10:00:00+00:00,2828.679188535565,2739.0
128,2019-05-30T11:00:00+00:00,2852.490611614824,2791.0
128,2019-05-30T12:00:00+00:00,2927.3035124220387,2856.0
128,2019-05-30T13:00:00+00:00,3043.4618961662604,2920.0
128,2019-05-30T14:00:00+00:00,3017.285936598417,2964.0
128,2019-05-30T15:00:00+00:00,3055.1999467617534,2922.0
129,2019-05-27T16:00:00+00:00,3416.2148213688215,3262.0
129,2019-05-27T17:00:00+00:00,3432.029840199069,3337.0
129,2019-05-27T18:00:00+00:00,3402.4634184482074,3399.0
129,2019-05-27T19:00:00+00:00,3414.931761584248,3298.0
129,2019-05-27T20:00:00+00:00,3284.181852646366,3301.0
129,2019-05-27T21:00:00+00:00,3189.1504167068424,3193.0
129,2019-05-27T22:00:00+00:00,3208.1912605221805,3084.0
129,2019-05-27T23:00:00+00:00,3227.990122813245,3012.0
129,2019-05-28T00:00:00+00:00,3149.9982898719754,2939.0
129,2019-05-28T01:00:00+00:00,3149.8745971718863,2850.0
129,2019-05-28T02:00:00+00:00,3075.226102237753,2711.0
129,2019-05-28T03:00:00+00:00,2943.8495508137803,2749.0
129,2019-05-28T04:00:00+00:00,2900.544349869645,2857.0
129,2019-05-28T05:00:00+00:00,2869.4146348058225,2790.0
129,2019-05-28T06:00:00+00:00,2829.7631106736685,2737.0
129,2019-05-28T07:00:00+00:00,2796.0524051577077,2632.0
129,2019-05-28T08:00:00+00:00,2726.0648745566386,2679.0
129,2019-05-28T09:00:00+00:00,2843.285237624948,2823.0
129,2019-05-28T10:00:00+00:00,2983.615812069821,3069.0
129,2019-05-28T11:00:00+00:00,3177.689873311188,3340.0
129,2019-05-28T12:00:00+00:00,3269.239506799715,3268.0
129,2019-05-28T13:00:00+00:00,3341.9644364955943,3348.0
129,2019-05-28T14:00:00+00:00,3419.2475892462653,3348.0
129,2019-05-28T15:00:00+00:00,3389.3728114749574,3337.0
129,2019-05-28T16:00:00+00:00,3426.5944333261737,3483.0
129,2019-05-28T17:00:00+00:00,3392.7759965245355,3439.0
129,2019-05-28T18:00:00+00:00,3375.0440217373634,3422.0
129,2019-05-28T19:00:00+00:00,3415.680163555639,3570.0
129,2019-05-28T20:00:00+00:00,3278.622620887755,3521.0
129,2019-05-28T21:00:00+00:00,3283.800860624104,3405.0
129,2019-05-28T22:00:00+00:00,3238.1614432694855,3324.0
129,2019-05-28T23:00:00+00:00,3284.8292317526298,3083.0
129,2019-05-29T00:00:00+00:00,3277.071356466815,2903.0
129,2019-05-29T01:00:00+00:00,3172.2332010756136,2813.0
129,2019-05-29T02:00:00+00:00,3177.9677109750937,2776.0
129,2019-05-29T03:00:00+00:00,3133.8884310016006,2779.0
129,2019-05-29T04:00:00+00:00,3030.9799379106803,2903.0
129,2019-05-29T05:00:00+00:00,2967.214583032018,2785.0
129,2019-05-29T06:00:00+00:00,2927.4563520527927,2686.0
129,2019-05-29T07:00:00+00:00,2862.715136785771,2614.0
129,2019-05-29T08:00:00+00:00,2906.100012616338,2679.0
129,2019-05-29T09:00:00+00:00,2970.89823293483,2745.0
129,2019-05-29T10:00:00+00:00,3190.2358589796513,3023.0
129,2019-05-29T11:00:00+00:00,3337.7029701725155,3352.0
129,2019-05-29T12:00:00+00:00,3492.761105344022,3370.0
129,2019-05-29T13:00:00+00:00,3522.9841922414153,3335.0
129,2019-05-29T14:00:00+00:00,3477.9196667000747,3384.0
129,2019-05-29T15:00:00+00:00,3509.2254199721187,3290.0
129,2019-05-29T16:00:00+00:00,3528.921805356163,3329.0
129,2019-05-29T17:00:00+00:00,3544.8581375452213,3429.0
129,2019-05-29T18:00:00+00:00,3532.9887274832963,3577.0
129,2019-05-29T19:00:00+00:00,3489.3282446212725,3507.0
129,2019-05-29T20:00:00+00:00,3432.232679043084,3479.0
129,2019-05-29T21:00:00+00:00,3486.1431328091744,3284.0
129,2019-05-29T22:00:00+00:00,3344.4223290829636,3088.0
129,2019-05-29T23:00:00+00:00,3390.3510842510022,2999.0
129,2019-05-30T00:00:00+00:00,3349.7010298955274,2889.0
129,2019-05-30T01:00:00+00:00,3273.23243802236,2766.0
129,2019-05-30T02:00:00+00:00,3177.709651585568,2699.0
129,2019-05-30T03:00:00+00:00,3138.3386583994616,2722.0
129,2019-05-30T04:00:00+00:00,3033.2641055382933,2878.0
129,2019-05-30T05:00:00+00:00,2863.9919507994873,2779.0
129,2019-05-30T06:00:00+00:00,2799.9116967118616,2784.0
129,2019-05-30T07:00:00+00:00,2771.457815287262,2684.0
129,2019-05-30T08:00:00+00:00,2732.742892412368,2631.0
129,2019-05-30T09:00:00+00:00,2715.235633190413,2620.0
129,2019-05-30T10:00:00+00:00,2853.7941271251134,2739.0
129,2019-05-30T11:00:00+00:00,2937.5130014779597,2791.0
129,2019-05-30T12:00:00+00:00,3005.212762393091,2856.0
129,2019-05-30T13:00:00+00:00,3056.2079943501894,2920.0
129,2019-05-30T14:00:00+00:00,3026.7181080771284,2964.0
129,2019-05-30T15:00:00+00:00,2998.8107811721047,2922.0
129,2019-05-30T16:00:00+00:00,2996.940651973403,2889.0
129,2019-05-30T17:00:00+00:00,3039.8212726849056,3116.0
129,2019-05-30T18:00:00+00:00,3040.621887978803,3212.0
129,2019-05-30T19:00:00+00:00,3025.7320033027077,3117.0
129,2019-05-30T20:00:00+00:00,3005.959743368996,3048.0
129,2019-05-30T21:00:00+00:00,3048.703981560256,2895.0
129,2019-05-30T22:00:00+00:00,3013.286660465695,2865.0
129,2019-05-30T23:00:00+00:00,3037.3112328678435,2766.0
129,2019-05-31T00:00:00+00:00,3031.5689901092073,2800.0
129,2019-05-31T01:00:00+00:00,2961.3539680447634,2785.0
129,2019-05-31T02:00:00+00:00,2935.861936908938,2777.0
129,2019-05-31T03:00:00+00:00,2811.3716948418064,2735.0
129,2019-05-31T04:00:00+00:00,2765.017929837849,2840.0
129,2019-05-31T05:00:00+00:00,2688.6801356422,2630.0
129,2019-05-31T06:00:00+00:00,2690.4703255832164,2632.0
129,2019-05-31T07:00:00+00:00,2562.516159171085,2624.0
129,2019-05-31T08:00:00+00:00,2543.830927737702,2578.0
129,2019-05-31T09:00:00+00:00,2544.857283035422,2627.0
129,2019-05-31T10:00:00+00:00,2552.194510610995,2664.0
129,2019-05-31T11:00:00+00:00,2754.837455526966,2669.0
129,2019-05-31T12:00:00+00:00,2799.7510250827318,2730.0
129,2019-05-31T13:00:00+00:00,2837.831721321209,2728.0
129,2019-05-31T14:00:00+00:00,2801.365672511626,2712.0
129,2019-05-31T15:00:00+00:00,2755.288406792105,2757.0
130,2019-05-28T16:00:00+00:00,3355.5818362372443,3483.0
130,2019-05-28T17:00:00+00:00,3368.5309054508148,3439.0
130,2019-05-28T18:00:00+00:00,3398.407401635269,3422.0
130,2019-05-28T19:00:00+00:00,3382.7524926452375,3570.0
130,2019-05-28T20:00:00+00:00,3255.261752516755,3521.0
130,2019-05-28T21:00:00+00:00,3131.993930077995,3405.0
130,2019-05-28T22:00:00+00:00,3168.255438153621,3324.0
130,2019-05-28T23:00:00+00:00,3186.2866316298005,3083.0
130,2019-05-29T00:00:00+00:00,3231.364309640988,2903.0
130,2019-05-29T01:00:00+00:00,3183.0770819999852,2813.0
130,2019-05-29T02:00:00+00:00,3108.257803236287,2776.0
130,2019-05-29T03:00:00+00:00,3064.705976959327,2779.0
130,2019-05-29T04:00:00+00:00,2973.8305727824663,2903.0
130,2019-05-29T05:00:00+00:00,2933.9261775466302,2785.0
130,2019-05-29T06:00:00+00:00,2866.878884884387,2686.0
130,2019-05-29T07:00:00+00:00,2899.214298094816,2614.0
130,2019-05-29T08:00:00+00:00,2827.8046814763998,2679.0
130,2019-05-29T09:00:00+00:00,2872.945742495541,2745.0
130,2019-05-29T10:00:00+00:00,3042.631803477632,3023.0
130,2019-05-29T11:00:00+00:00,3187.9697512132725,3352.0
130,2019-05-29T12:00:00+00:00,3276.4551401220215,3370.0
130,2019-05-29T13:00:00+00:00,3342.856970369587,3335.0
130,2019-05-29T14:00:00+00:00,3427.600663362244,3384.0
130,2019-05-29T15:00:00+00:00,3378.282833960267,3290.0
130,2019-05-29T16:00:00+00:00,3386.8015697127803,3329.0
130,2019-05-29T17:00:00+00:00,3397.5115465974077,3429.0
130,2019-05-29T18:00:00+00:00,3444.1371843888705,3577.0
130,2019-05-29T19:00:00+00:00,3418.0669072294922,3507.0
130,2019-05-29T20:00:00+00:00,3341.720950571401,3479.0
130,2019-05-29T21:00:00+00:00,3316.5460658001907,3284.0
130,2019-05-29T22:00:00+00:00,3280.718324858246,3088.0
130,2019-05-29T23:00:00+00:00,3239.6027457723,2999.0
130,2019-05-30T00:00:00+00:00,3245.096149088865,2889.0
130,2019-05-30T01:00:00+00:00,3185.1582125051436,2766.0
130,2019-05-30T02:00:00+00:00,3086.3718125172572,2699.0
130,2019-05-30T03:00:00+00:00,3046.4200452574896,2722.0
130,2019-05-30T04:00:00+00:00,2911.408455194886,2878.0
130,2019-05-30T05:00:00+00:00,2819.9542432055596,2779.0
130,2019-05-30T06:00:00+00:00,2717.7182775363626,2784.0
130,2019-05-30T07:00:00+00:00,2594.6041539349294,2684.0
130,2019-05-30T08:00:00+00:00,2596.1022136411643,2631.0
130,2019-05-30T09:00:00+00:00,2603.6440645667117,2620.0
130,2019-05-30T10:00:00+00:00,2699.3672113670195,2739.0
130,2019-05-30T11:00:00+00:00,2768.601548267733,2791.0
130,2019-05-30T12:00:00+00:00,2827.853953668714,2856.0
130,2019-05-30T13:00:00+00:00,2785.7244777803544,2920.0
130,2019-05-30T14:00:00+00:00,2807.5738365576135,2964.0
130,2019-05-30T15:00:00+00:00,2809.2834924056247,2922.0
130,2019-05-30T16:00:00+00:00,2865.697773264327,2889.0
130,2019-05-30T17:00:00+00:00,2833.990274826645,3116.0
130,2019-05-30T18:00:00+00:00,2884.1427573213687,3212.0
130,2019-05-30T19:00:00+00:00,2891.916726207222,3117.0
130,2019-05-30T20:00:00+00:00,2858.5671518231266,3048.0
130,2019-05-30T21:00:00+00:00,2890.489584089657,2895.0
130,2019-05-30T22:00:00+00:00,2815.6412905809207,2865.0
130,2019-05-30T23:00:00+00:00,2925.1454168357936,2766.0
130,2019-05-31T00:00:00+00:00,2975.510784282153,2800.0
130,2019-05-31T01:00:00+00:00,2825.0107399798117,2785.0
130,2019-05-31T02:00:00+00:00,2826.1636299685924,2777.0
130,2019-05-31T03:00:00+00:00,2781.350124932161,2735.0
130,2019-05-31T04:00:00+00:00,2728.705282447933,2840.0
130,2019-05-31T05:00:00+00:00,2588.0386260474347,2630.0
130,2019-05-31T06:00:00+00:00,2533.2745175047744,2632.0
130,2019-05-31T07:00:00+00:00,2505.1915489484086,2624.0
130,2019-05-31T08:00:00+00:00,2411.3935536138733,2578.0
130,2019-05-31T09:00:00+00:00,2487.3067014840763,2627.0
130,2019-05-31T10:00:00+00:00,2596.4091486661246,2664.0
130,2019-05-31T11:00:00+00:00,2645.3476383661723,2669.0
130,2019-05-31T12:00:00+00:00,2730.8449711856747,2730.0
130,2019-05-31T13:00:00+00:00,2747.560504597121,2728.0
130,2019-05-31T14:00:00+00:00,2775.4674018988585,2712.0
130,2019-05-31T15:00:00+00:00,2700.519539566887,2757.0
130,2019-05-31T16:00:00+00:00,2709.0441245333773,2796.0
130,2019-05-31T17:00:00+00:00,2659.850186109929,2759.0
130,2019-05-31T18:00:00+00:00,2639.8894955655023,2732.0
130,2019-05-31T19:00:00+00:00,2584.1437765597257,2717.0
130,2019-05-31T20:00:00+00:00,2633.2898637863454,2822.0
130,2019-05-31T21:00:00+00:00,2537.1465649718957,2700.0
130,2019-05-31T22:00:00+00:00,2518.9087157917334,2684.0
130,2019-05-31T23:00:00+00:00,2528.4139198291405,2616.0
130,2019-06-01T00:00:00+00:00,2641.0395105169046,2625.0
130,2019-06-01T01:00:00+00:00,2527.081753084286,2616.0
130,2019-06-01T02:00:00+00:00,2574.0017021733693,2629.0
130,2019-06-01T03:00:00+00:00,2564.675741845629,2575.0
130,2019-06-01T04:00:00+00:00,2599.3991214469575,2699.0
130,2019-06-01T05:00:00+00:00,2625.2430637671937,2597.0
130,2019-06-01T06:00:00+00:00,2646.141214775453,2546.0
130,2019-06-01T07:00:00+00:00,2636.3073972703237,2595.0
130,2019-06-01T08:00:00+00:00,2646.6675779405664,2668.0
130,2019-06-01T09:00:00+00:00,2803.5050968781143,2777.0
130,2019-06-01T10:00:00+00:00,2902.5660959820543,2900.0
130,2019-06-01T11:00:00+00:00,3115.36641577066,3184.0
130,2019-06-01T12:00:00+00:00,3288.3766974136397,3266.0
130,2019-06-01T13:00:00+00:00,3407.80781551719,3325.0
130,2019-06-01T14:00:00+00:00,3362.9190968592247,3431.0
130,2019-06-01T15:00:00+00:00,3348.891855582308,3387.0
131,2019-05-29T16:00:00+00:00,3244.05669915251,3329.0
131,2019-05-29T17:00:00+00:00,3336.371051275711,3429.0
131,2019-05-29T18:00:00+00:00,3424.5062804596023,3577.0
131,2019-05-29T19:00:00+00:00,3358.837188186676,3507.0
131,2019-05-29T20:00:00+00:00,3330.1244873051974,3479.0
131,2019-05-29T21:00:00+00:00,3233.966061498104,3284.0
131,2019-05-29T22:00:00+00:00,3258.565261342277,3088.0
131,2019-05-29T23:00:00+00:00,3223.4024801949336,2999.0
131,2019-05-30T00:00:00+00:00,3146.897512489647,2889.0
131,2019-05-30T01:00:00+00:00,3099.2300206357454,2766.0
131,2019-05-30T02:00:00+00:00,3005.2122666969913,2699.0
131,2019-05-30T03:00:00+00:00,2897.3477709544395,2722.0
131,2019-05-30T04:00:00+00:00,2863.9003792066615,2878.0
131,2019-05-30T05:00:00+00:00,2714.609205505965,2779.0
131,2019-05-30T06:00:00+00:00,2689.3025316650364,2784.0
131,2019-05-30T07:00:00+00:00,2687.5622417980608,2684.0
131,2019-05-30T08:00:00+00:00,2662.694556423064,2631.0
131,2019-05-30T09:00:00+00:00,2669.1249245073623,2620.0
131,2019-05-30T10:00:00+00:00,2782.0329958791663,2739.0
131,2019-05-30T11:00:00+00:00,2788.077910676305,2791.0
131,2019-05-30T12:00:00+00:00,2936.9334666445475,2856.0
131,2019-05-30T13:00:00+00:00,2954.943890454148,2920.0
131,2019-05-30T14:00:00+00:00,2923.797453908561,2964.0
131,2019-05-30T15:00:00+00:00,2909.8555054072062,2922.0
131,2019-05-30T16:00:00+00:00,2995.3798040945344,2889.0
131,2019-05-30T17:00:00+00:00,2981.1788709042676,3116.0
131,2019-05-30T18:00:00+00:00,2976.015964700604,3212.0
131,2019-05-30T19:00:00+00:00,3032.0981291724793,3117.0
131,2019-05-30T20:00:00+00:00,2909.6248414887928,3048.0
131,2019-05-30T21:00:00+00:00,2881.2395644043972,2895.0
131,2019-05-30T22:00:00+00:00,2923.497062072117,2865.0
131,2019-05-30T23:00:00+00:00,2919.6288149417605,2766.0
131,2019-05-31T00:00:00+00:00,2932.200295912954,2800.0
131,2019-05-31T01:00:00+00:00,2895.3739751780786,2785.0
131,2019-05-31T02:00:00+00:00,2779.0054162875663,2777.0
131,2019-05-31T03:00:00+00:00,2659.8854796722308,2735.0
131,2019-05-31T04:00:00+00:00,2656.1067552574877,2840.0
131,2019-05-31T05:00:00+00:00,2511.1699743753684,2630.0
131,2019-05-31T06:00:00+00:00,2558.2292471148858,2632.0
131,2019-05-31T07:00:00+00:00,2540.3156492767685,2624.0
131,2019-05-31T08:00:00+00:00,2523.6798237981607,2578.0
131,2019-05-31T09:00:00+00:00,2553.364022942321,2627.0
131,2019-05-31T10:00:00+00:00,2671.448813915768,2664.0
131,2019-05-31T11:00:00+00:00,2739.1727978469735,2669.0
131,2019-05-31T12:00:00+00:00,2824.2828928733566,2730.0
131,2019-05-31T13:00:00+00:00,2750.544264653504,2728.0
131,2019-05-31T14:00:00+00:00,2790.8975622772664,2712.0
131,2019-05-31T15:00:00+00:00,2773.3411300022167,2757.0
131,2019-05-31T16:00:00+00:00,2746.0967470609885,2796.0
131,2019-05-31T17:00:00+00:00,2853.9835160816215,2759.0
131,2019-05-31T18:00:00+00:00,2828.994979997508,2732.0
131,2019-05-31T19:00:00+00:00,2782.557244074254,2717.0
131,2019-05-31T20:00:00+00:00,2632.134164852999,2822.0
131,2019-05-31T21:00:00+00:00,2632.5313165681127,2700.0
131,2019-05-31T22:00:00+00:00,2617.20644204129,2684.0
131,2019-05-31T23:00:00+00:00,2703.9189573261074,2616.0
131,2019-06-01T00:00:00+00:00,2590.8512718101865,2625.0
131,2019-06-01T01:00:00+00:00,2686.0163308949977,2616.0
131,2019-06-01T02:00:00+00:00,2602.77494407183,2629.0
131,2019-06-01T03:00:00+00:00,2523.762307629158,2575.0
131,2019-06-01T04:00:00+00:00,2494.623308101901,2699.0
131,2019-06-01T05:00:00+00:00,2493.2241893371747,2597.0
131,2019-06-01T06:00:00+00:00,2513.063665662011,2546.0
131,2019-06-01T07:00:00+00:00,2543.5585592540965,2595.0
131,2019-06-01T08:00:00+00:00,2632.0770606623087,2668.0
131,2019-06-01T09:00:00+00:00,2648.0149460324797,2777.0
131,2019-06-01T10:00:00+00:00,2840.746083923628,2900.0
131,2019-06-01T11:00:00+00:00,3086.561862401899,3184.0
131,2019-06-01T12:00:00+00:00,3096.577302957974,3266.0
131,2019-06-01T13:00:00+00:00,3223.4829729799303,3325.0
131,2019-06-01T14:00:00+00:00,3217.7331460709684,3431.0
131,2019-06-01T15:00:00+00:00,3215.6487439715515,3387.0
131,2019-06-01T16:00:00+00:00,3255.2262771992173,3559.0
131,2019-06-01T17:00:00+00:00,3256.549851878343,3503.0
131,2019-06-01T18:00:00+00:00,3313.299322439691,3644.0
131,2019-06-01T19:00:00+00:00,3305.6110263630767,3578.0
131,2019-06-01T20:00:00+00:00,3223.49927312001,3575.0
131,2019-06-01T21:00:00+00:00,3181.9344529204686,3392.0
131,2019-06-01T22:00:00+00:00,3155.642335233252,3192.0
131,2019-06-01T23:00:00+00:00,3114.965397625968,2926.0
131,2019-06-02T00:00:00+00:00,3096.593446127622,2886.0
131,2019-06-02T01:00:00+00:00,3027.967956223019,2801.0
131,2019-06-02T02:00:00+00:00,2901.9455836043967,2728.0
131,2019-06-02T03:00:00+00:00,2758.3181013537305,2842.0
131,2019-06-02T04:00:00+00:00,2673.0793897126673,2949.0
131,2019-06-02T05:00:00+00:00,2676.987061206157,2823.0
131,2019-06-02T06:00:00+00:00,2599.373807899464,2771.0
131,2019-06-02T07:00:00+00:00,2548.711485442952,2718.0
131,2019-06-02T08:00:00+00:00,2625.184835998677,2731.0
131,2019-06-02T09:00:00+00:00,2721.631038176476,2771.0
131,2019-06-02T10:00:00+00:00,2860.86364576042,3013.0
131,2019-06-02T11:00:00+00:00,3039.1449118800106,3146.0
131,2019-06-02T12:00:00+00:00,3080.6575435418504,3307.0
131,2019-06-02T13:00:00+00:00,3232.9028181489616,3279.0
131,2019-06-02T14:00:00+00:00,3214.960552553076,3373.0
131,2019-06-02T15:00:00+00:00,3277.2880417552155,3365.0
132,2019-05-30T16:00:00+00:00,2772.4720756001484,2889.0
132,2019-05-30T17:00:00+00:00,2810.706569815172,3116.0
132,2019-05-30T18:00:00+00:00,2800.6247720745446,3212.0
132,2019-05-30T19:00:00+00:00,2830.172357373616,3117.0
132,2019-05-30T20:00:00+00:00,2846.586243185166,3048.0
132,2019-05-30T21:00:00+00:00,2779.469520022552,2895.0
132,2019-05-30T22:00:00+00:00,2806.875764263549,2865.0
132,2019-05-30T23:00:00+00:00,2827.8985002248774,2766.0
132,2019-05-31T00:00:00+00:00,2879.7703542111676,2800.0
132,2019-05-31T01:00:00+00:00,2791.958087559462,2785.0
132,2019-05-31T02:00:00+00:00,2757.2569812362153,2777.0
132,2019-05-31T03:00:00+00:00,2668.252102814936,2735.0
132,2019-05-31T04:00:00+00:00,2561.112612187868,2840.0
132,2019-05-31T05:00:00+00:00,2447.1578289318477,2630.0
132,2019-05-31T06:00:00+00:00,2332.713099650842,2632.0
132,2019-05-31T07:00:00+00:00,2306.4293096581014,2624.0
132,2019-05-31T08:00:00+00:00,2302.451315411262,2578.0
132,2019-05-31T09:00:00+00:00,2317.0336371806707,2627.0
132,2019-05-31T10:00:00+00:00,2458.1347877357966,2664.0
132,2019-05-31T11:00:00+00:00,2545.2082358740395,2669.0
132,2019-05-31T12:00:00+00:00,2604.8784800406966,2730.0
132,2019-05-31T13:00:00+00:00,2560.619295429404,2728.0
132,2019-05-31T14:00:00+00:00,2563.4228864767338,2712.0
132,2019-05-31T15:00:00+00:00,2577.039856615097,2757.0
132,2019-05-31T16:00:00+00:00,2601.683619538637,2796.0
132,2019-05-31T17:00:00+00:00,2649.125834038409,2759.0
132,2019-05-31T18:00:00+00:00,2522.19286768456,2732.0
132,2019-05-31T19:00:00+00:00,2581.353932817562,2717.0
132,2019-05-31T20:00:00+00:00,2504.229634143655,2822.0
132,2019-05-31T21:00:00+00:00,2477.7363299327567,2700.0
132,2019-05-31T22:00:00+00:00,2502.2419588765015,2684.0
132,2019-05-31T23:00:00+00:00,2558.6355196382347,2616.0
132,2019-06-01T00:00:00+00:00,2520.7156272145144,2625.0
132,2019-06-01T01:00:00+00:00,2441.0872040303357,2616.0
132,2019-06-01T02:00:00+00:00,2465.7043976429295,2629.0
132,2019-06-01T03:00:00+00:00,2459.105823348785,2575.0
132,2019-06-01T04:00:00+00:00,2414.595221675703,2699.0
132,2019-06-01T05:00:00+00:00,2406.5734047399783,2597.0
132,2019-06-01T06:00:00+00:00,2398.81014288988,2546.0
132,2019-06-01T07:00:00+00:00,2415.798639620251,2595.0
132,2019-06-01T08:00:00+00:00,2559.8933319681278,2668.0
132,2019-06-01T09:00:00+00:00,2652.8382012685997,2777.0
132,2019-06-01T10:00:00+00:00,2825.6240812872265,2900.0
132,2019-06-01T11:00:00+00:00,2991.8443342791384,3184.0
132,2019-06-01T12:00:00+00:00,3122.635501655722,3266.0
132,2019-06-01T13:00:00+00:00,3181.189107741693,3325.0
132,2019-06-01T14:00:00+00:00,3216.3149925760117,3431.0
132,2019-06-01T15:00:00+00:00,3190.6214279292344,3387.0
132,2019-06-01T16:00:00+00:00,3280.571945799992,3559.0
132,2019-06-01T17:00:00+00:00,3313.9424220362935,3503.0
132,2019-06-01T18:00:00+00:00,3318.2755329689885,3644.0
132,2019-06-01T19:00:00+00:00,3260.2888710354964,3578.0
132,2019-06-01T20:00:00+00:00,3153.6967776113734,3575.0
132,2019-06-01T21:00:00+00:00,3103.1058188700213,3392.0
132,2019-06-01T22:00:00+00:00,3053.4973958911714,3192.0
132,2019-06-01T23:00:00+00:00,3123.3436861502205,2926.0
132,2019-06-02T00:00:00+00:00,3045.2618678436447,2886.0
132,2019-06-02T01:00:00+00:00,3039.6637735108143,2801.0
132,2019-06-02T02:00:00+00:00,2949.322597543849,2728.0
132,2019-06-02T03:00:00+00:00,2855.57711294948,2842.0
132,2019-06-02T04:00:00+00:00,2768.890638233103,2949.0
132,2019-06-02T05:00:00+00:00,2773.364857322191,2823.0
132,2019-06-02T06:00:00+00:00,2656.0967752426795,2771.0
132,2019-06-02T07:00:00+00:00,2681.376879772662,2718.0
132,2019-06-02T08:00:00+00:00,2700.3496149438956,2731.0
132,2019-06-02T09:00:00+00:00,2847.5872849353923,2771.0
132,2019-06-02T10:00:00+00:00,3004.2010796999234,3013.0
132,2019-06-02T11:00:00+00:00,3071.027060576835,3146.0
132,2019-06-02T12:00:00+00:00,3211.703696992142,3307.0
132,2019-06-02T13:00:00+00:00,3237.702478250734,3279.0
132,2019-06-02T14:00:00+00:00,3313.467479079927,3373.0
132,2019-06-02T15:00:00+00:00,3411.099369805106,3365.0
132,2019-06-02T16:00:00+00:00,3358.086390350803,3511.0
132,2019-06-02T17:00:00+00:00,3360.202186536537,3504.0
132,2019-06-02T18:00:00+00:00,3272.8492484140556,3656.0
132,2019-06-02T19:00:00+00:00,3336.8646984982415,3562.0
132,2019-06-02T20:00:00+00:00,3235.546629820141,3572.0
132,2019-06-02T21:00:00+00:00,3183.4902612223236,3426.0
132,2019-06-02T22:00:00+00:00,3173.3650239801555,3366.0
132,2019-06-02T23:00:00+00:00,3176.4737159768765,3078.0
132,2019-06-03T00:00:00+00:00,3086.3316280867716,2959.0
132,2019-06-03T01:00:00+00:00,3087.16231561072,2885.0
132,2019-06-03T02:00:00+00:00,2918.546776448836,2763.0
132,2019-06-03T03:00:00+00:00,2794.6927438025205,2856.0
132,2019-06-03T04:00:00+00:00,2712.748097976279,3026.0
132,2019-06-03T05:00:00+00:00,2669.496300025289,2921.0
132,2019-06-03T06:00:00+00:00,2616.7785571679924,2882.0
132,2019-06-03T07:00:00+00:00,2622.6668980904255,2776.0
132,2019-06-03T08:00:00+00:00,2690.2723115145727,2803.0
132,2019-06-03T09:00:00+00:00,2690.0862602451357,2859.0
132,2019-06-03T10:00:00+00:00,2895.9730404378206,3069.0
132,2019-06-03T11:00:00+00:00,3029.49238696176,3280.0
132,2019-06-03T12:00:00+00:00,3114.5891147166535,3304.0
132,2019-06-03T13:00:00+00:00,3225.969731603508,3303.0
132,2019-06-03T14:00:00+00:00,3273.2012587376857,3359.0
132,2019-06-03T15:00:00+00:00,3253.5982129292233,3222.0
133,2019-05-31T16:00:00+00:00,2752.447142841195,2796.0
133,2019-05-31T17:00:00+00:00,2767.2069899071244,2759.0
133,2019-05-31T18:00:00+00:00,2725.654239907612,2732.0
133,2019-05-31T19:00:00+00:00,2734.2587310853805,2717.0
133,2019-05-31T20:00:00+00:00,2727.1020690757396,2822.0
133,2019-05-31T21:00:00+00:00,2607.54671300639,2700.0
133,2019-05-31T22:00:00+00:00,2659.190051090699,2684.0
133,2019-05-31T23:00:00+00:00,2691.38657025398,2616.0
133,2019-06-01T00:00:00+00:00,2663.7168139663595,2625.0
133,2019-06-01T01:00:00+00:00,2702.5031170796165,2616.0
133,2019-06-01T02:00:00+00:00,2656.7110418494804,2629.0
133,2019-06-01T03:00:00+00:00,2634.7692192264167,2575.0
133,2019-06-01T04:00:00+00:00,2670.327218874084,2699.0
133,2019-06-01T05:00:00+00:00,2619.381820898213,2597.0
133,2019-06-01T06:00:00+00:00,2621.8827729534464,2546.0
133,2019-06-01T07:00:00+00:00,2621.0453770089484,2595.0
133,2019-06-01T08:00:00+00:00,2676.7455580663623,2668.0
133,2019-06-01T09:00:00+00:00,2723.0836921199743,2777.0
133,2019-06-01T10:00:00+00:00,2945.1125844759235,2900.0
133,2019-06-01T11:00:00+00:00,3015.0259589404714,3184.0
133,2019-06-01T12:00:00+00:00,3130.6302866308074,3266.0
133,2019-06-01T13:00:00+00:00,3150.075965450805,3325.0
133,2019-06-01T14:00:00+00:00,3278.245941421561,3431.0
133,2019-06-01T15:00:00+00:00,3224.3847268013783,3387.0
133,2019-06-01T16:00:00+00:00,3276.4134520800335,3559.0
133,2019-06-01T17:00:00+00:00,3295.5013209320337,3503.0
133,2019-06-01T18:00:00+00:00,3317.5958840466315,3644.0
133,2019-06-01T19:00:00+00:00,3248.3124401856367,3578.0
133,2019-06-01T20:00:00+00:00,3263.6873800185335,3575.0
133,2019-06-01T21:00:00+00:00,3187.1107263956224,3392.0
133,2019-06-01T22:00:00+00:00,3212.345986951781,3192.0
133,2019-06-01T23:00:00+00:00,3203.070240638945,2926.0
133,2019-06-02T00:00:00+00:00,3154.7028424154105,2886.0
133,2019-06-02T01:00:00+00:00,3184.695381056814,2801.0
133,2019-06-02T02:00:00+00:00,3078.8789198431614,2728.0
133,2019-06-02T03:00:00+00:00,2965.6869798382386,2842.0
133,2019-06-02T04:00:00+00:00,2893.4345146182263,2949.0
133,2019-06-02T05:00:00+00:00,2861.667268277322,2823.0
133,2019-06-02T06:00:00+00:00,2771.6169006888726,2771.0
133,2019-06-02T07:00:00+00:00,2766.202643516233,2718.0
133,2019-06-02T08:00:00+00:00,2763.1607878769605,2731.0
133,2019-06-02T09:00:00+00:00,2825.111465427279,2771.0
133,2019-06-02T10:00:00+00:00,3015.7648105003404,3013.0
133,2019-06-02T11:00:00+00:00,3093.9925617386807,3146.0
133,2019-06-02T12:00:00+00:00,3216.2940576773995,3307.0
133,2019-06-02T13:00:00+00:00,3203.8778948174586,3279.0
133,2019-06-02T14:00:00+00:00,3252.2754809334674,3373.0
133,2019-06-02T15:00:00+00:00,3312.5165522053844,3365.0
133,2019-06-02T16:00:00+00:00,3220.235221704028,3511.0
133,2019-06-02T17:00:00+00:00,3334.816234366056,3504.0
133,2019-06-02T18:00:00+00:00,3337.7528372001498,3656.0
133,2019-06-02T19:00:00+00:00,3342.74948693196,3562.0
133,2019-06-02T20:00:00+00:00,3289.4097776551125,3572.0
133,2019-06-02T21:00:00+00:00,3200.5632410912945,3426.0
133,2019-06-02T22:00:00+00:00,3167.89174592524,3366.0
133,2019-06-02T23:00:00+00:00,3202.260074933526,3078.0
133,2019-06-03T00:00:00+00:00,3136.2757364643667,2959.0
133,2019-06-03T01:00:00+00:00,3090.680436062625,2885.0
133,2019-06-03T02:00:00+00:00,3026.2084994401866,2763.0
133,2019-06-03T03:00:00+00:00,2887.2321006469965,2856.0
133,2019-06-03T04:00:00+00:00,2819.448930601482,3026.0
133,2019-06-03T05:00:00+00:00,2809.408573054793,2921.0
133,2019-06-03T06:00:00+00:00,2808.76710925532,2882.0
133,2019-06-03T07:00:00+00:00,2696.608761711173,2776.0
133,2019-06-03T08:00:00+00:00,2732.404827672344,2803.0
133,2019-06-03T09:00:00+00:00,2885.129655209549,2859.0
133,2019-06-03T10:00:00+00:00,2976.72880873844,3069.0
133,2019-06-03T11:00:00+00:00,3057.0607238273733,3280.0
133,2019-06-03T12:00:00+00:00,3215.3286729999477,3304.0
133,2019-06-03T13:00:00+00:00,3232.714437107856,3303.0
133,2019-06-03T14:00:00+00:00,3285.349101298836,3359.0
133,2019-06-03T15:00:00+00:00,3251.188799420409,3222.0
133,2019-06-03T16:00:00+00:00,3295.791699707263,3340.0
133,2019-06-03T17:00:00+00:00,3318.074825618203,3378.0
133,2019-06-03T18:00:00+00:00,3359.083202160978,3305.0
133,2019-06-03T19:00:00+00:00,3339.1088304041987,3275.0
133,2019-06-03T20:00:00+00:00,3263.955849026154,3258.0
133,2019-06-03T21:00:00+00:00,3250.318257930041,3128.0
133,2019-06-03T22:00:00+00:00,3200.2799342470885,3061.0
133,2019-06-03T23:00:00+00:00,3176.7894578692094,2907.0
133,2019-06-04T00:00:00+00:00,3218.888117983368,2857.0
133,2019-06-04T01:00:00+00:00,3086.7131323283365,2812.0
133,2019-06-04T02:00:00+00:00,2964.952093847167,2736.0
133,2019-06-04T03:00:00+00:00,2897.7308449003203,2793.0
133,2019-06-04T04:00:00+00:00,2919.567480811019,2889.0
133,2019-06-04T05:00:00+00:00,2788.2235792368156,2720.0
133,2019-06-04T06:00:00+00:00,2799.05519994432,2627.0
133,2019-06-04T07:00:00+00:00,2720.8780427545607,2618.0
133,2019-06-04T08:00:00+00:00,2819.2433489057157,2685.0
133,2019-06-04T09:00:00+00:00,2901.262415239732,2762.0
133,2019-06-04T10:00:00+00:00,3009.185799678933,3044.0
133,2019-06-04T11:00:00+00:00,3150.592612972363,3201.0
133,2019-06-04T12:00:00+00:00,3292.689633515075,3368.0
133,2019-06-04T13:00:00+00:00,3342.1442089477678,3386.0
133,2019-06-04T14:00:00+00:00,3382.7442310435754,3506.0
133,2019-06-04T15:00:00+00:00,3350.2178756955254,3377.0
134,2019-06-01T16:00:00+00:00,3427.774619646847,3559.0
134,2019-06-01T17:00:00+00:00,3474.072833641227,3503.0
134,2019-06-01T18:00:00+00:00,3399.4775103753927,3644.0
134,2019-06-01T19:00:00+00:00,3392.1545588474914,3578.0
134,2019-06-01T20:00:00+00:00,3356.6199891021383,3575.0
134,2019-06-01T21:00:00+00:00,3249.1532729564265,3392.0
134,2019-06-01T22:00:00+00:00,3251.3032721730424,3192.0
134,2019-06-01T23:00:00+00:00,3252.68038203094,2926.0
134,2019-06-02T00:00:00+00:00,3260.4673051082,2886.0
134,2019-06-02T01:00:00+00:00,3185.688194251785,2801.0
134,2019-06-02T02:00:00+00:00,3032.470727407452,2728.0
134,2019-06-02T03:00:00+00:00,2979.9236031476867,2842.0
134,2019-06-02T04:00:00+00:00,2915.6079595054966,2949.0
134,2019-06-02T05:00:00+00:00,2848.917534988661,2823.0
134,2019-06-02T06:00:00+00:00,2798.296057890768,2771.0
134,2019-06-02T07:00:00+00:00,2840.0056791826455,2718.0
134,2019-06-02T08:00:00+00:00,2777.802989735218,2731.0
134,2019-06-02T09:00:00+00:00,2788.6281994398323,2771.0
134,2019-06-02T10:00:00+00:00,3031.853288345613,3013.0
134,2019-06-02T11:00:00+00:00,3081.6798671779593,3146.0
134,2019-06-02T12:00:00+00:00,3216.1489013361916,3307.0
134,2019-06-02T13:00:00+00:00,3325.8855090618435,3279.0
134,2019-06-02T14:00:00+00:00,3373.260011474391,3373.0
134,2019-06-02T15:00:00+00:00,3406.461571003103,3365.0
134,2019-06-02T16:00:00+00:00,3439.097574328416,3511.0
134,2019-06-02T17:00:00+00:00,3408.1974656979946,3504.0
134,2019-06-02T18:00:00+00:00,3460.341258564603,3656.0
134,2019-06-02T19:00:00+00:00,3478.3031702492417,3562.0
134,2019-06-02T20:00:00+00:00,3377.8670440718033,3572.0
134,2019-06-02T21:00:00+00:00,3356.889284269925,3426.0
134,2019-06-02T22:00:00+00:00,3340.0483727916503,3366.0
134,2019-06-02T23:00:00+00:00,3351.0163099265837,3078.0
134,2019-06-03T00:00:00+00:00,3258.5730850790515,2959.0
134,2019-06-03T01:00:00+00:00,3185.9759623608884,2885.0
134,2019-06-03T02:00:00+00:00,3104.672565532477,2763.0
134,2019-06-03T03:00:00+00:00,2995.179410684612,2856.0
134,2019-06-03T04:00:00+00:00,2940.2691709317473,3026.0
134,2019-06-03T05:00:00+00:00,2857.268262809768,2921.0
134,2019-06-03T06:00:00+00:00,2773.4423841921907,2882.0
134,2019-06-03T07:00:00+00:00,2800.029408012347,2776.0
134,2019-06-03T08:00:00+00:00,2746.359796457918,2803.0
134,2019-06-03T09:00:00+00:00,2856.0521880914735,2859.0
134,2019-06-03T10:00:00+00:00,2968.9296584907197,3069.0
134,2019-06-03T11:00:00+00:00,3083.4507580174923,3280.0
134,2019-06-03T12:00:00+00:00,3222.349365569429,3304.0
134,2019-06-03T13:00:00+00:00,3212.6918836901814,3303.0
134,2019-06-03T14:00:00+00:00,3271.9993444046404,3359.0
134,2019-06-03T15:00:00+00:00,3306.1424621516103,3222.0
134,2019-06-03T16:00:00+00:00,3332.4682871736095,3340.0
134,2019-06-03T17:00:00+00:00,3394.6941421520987,3378.0
134,2019-06-03T18:00:00+00:00,3445.290206563278,3305.0
134,2019-06-03T19:00:00+00:00,3395.423938996546,3275.0
134,2019-06-03T20:00:00+00:00,3402.233051947454,3258.0
134,2019-06-03T21:00:00+00:00,3319.0332044574448,3128.0
134,2019-06-03T22:00:00+00:00,3264.2954008544775,3061.0
134,2019-06-03T23:00:00+00:00,3253.258925472153,2907.0
134,2019-06-04T00:00:00+00:00,3227.4109514903057,2857.0
134,2019-06-04T01:00:00+00:00,3215.041714527807,2812.0
134,2019-06-04T02:00:00+00:00,3096.827282501074,2736.0
134,2019-06-04T03:00:00+00:00,3016.551050607345,2793.0
134,2019-06-04T04:00:00+00:00,2931.928092661382,2889.0
134,2019-06-04T05:00:00+00:00,2872.4733110660795,2720.0
134,2019-06-04T06:00:00+00:00,2868.8182132586126,2627.0
134,2019-06-04T07:00:00+00:00,2815.5947612403584,2618.0
134,2019-06-04T08:00:00+00:00,2829.4553825349485,2685.0
134,2019-06-04T09:00:00+00:00,2869.416287126155,2762.0
134,2019-06-04T10:00:00+00:00,3093.675811930945,3044.0
134,2019-06-04T11:00:00+00:00,3151.2869014528655,3201.0
134,2019-06-04T12:00:00+00:00,3261.861929561622,3368.0
134,2019-06-04T13:00:00+00:00,3337.8185004101624,3386.0
134,2019-06-04T14:00:00+00:00,3359.093777011106,3506.0
134,2019-06-04T15:00:00+00:00,3380.434551590029,3377.0
134,2019-06-04T16:00:00+00:00,3423.795105265302,3437.0
134,2019-06-04T17:00:00+00:00,3521.6166327950395,3703.0
134,2019-06-04T18:00:00+00:00,3451.9614499056443,3421.0
134,2019-06-04T19:00:00+00:00,3457.647348540943,3702.0
134,2019-06-04T20:00:00+00:00,3410.6923372144047,3647.0
134,2019-06-04T21:00:00+00:00,3379.332949624368,3398.0
134,2019-06-04T22:00:00+00:00,3282.7464984967487,3204.0
134,2019-06-04T23:00:00+00:00,3322.900030592315,2951.0
134,2019-06-05T00:00:00+00:00,3337.1266408405486,2893.0
134,2019-06-05T01:00:00+00:00,3319.7462798201273,2781.0
134,2019-06-05T02:00:00+00:00,3147.73841135325,2765.0
134,2019-06-05T03:00:00+00:00,3023.3492251976522,2697.0
134,2019-06-05T04:00:00+00:00,2958.4713960855415,2920.0
134,2019-06-05T05:00:00+00:00,2900.4366846767807,2746.0
134,2019-06-05T06:00:00+00:00,2827.2534013206728,2684.0
134,2019-06-05T07:00:00+00:00,2755.337976402079,2650.0
134,2019-06-05T08:00:00+00:00,2899.4480683754546,2729.0
134,2019-06-05T09:00:00+00:00,2872.4518309017576,2786.0
134,2019-06-05T10:00:00+00:00,3034.122552043827,3028.0
134,2019-06-05T11:00:00+00:00,3201.3423431744627,3375.0
134,2019-06-05T12:00:00+00:00,3292.001805607072,3450.0
134,2019-06-05T13:00:00+00:00,3378.4637960830796,3532.0
134,2019-06-05T14:00:00+00:00,3441.750870318304,3514.0
134,2019-06-05T15:00:00+00:00,3473.147236837381,3459.0
135,2019-06-02T16:00:00+00:00,3465.25400346993,3511.0
135,2019-06-02T17:00:00+00:00,3408.208635383442,3504.0
135,2019-06-02T18:00:00+00:00,3501.861755271226,3656.0
135,2019-06-02T19:00:00+00:00,3445.694694580668,3562.0
135,2019-06-02T20:00:00+00:00,3398.769259788081,3572.0
135,2019-06-02T21:00:00+00:00,3267.5828904343757,3426.0
135,2019-06-02T22:00:00+00:00,3278.270660133735,3366.0
135,2019-06-02T23:00:00+00:00,3176.323982708348,3078.0
135,2019-06-03T00:00:00+00:00,3144.336465543921,2959.0
135,2019-06-03T01:00:00+00:00,3077.483964925673,2885.0
135,2019-06-03T02:00:00+00:00,2988.4600517741637,2763.0
135,2019-06-03T03:00:00+00:00,2926.386970333615,2856.0
135,2019-06-03T04:00:00+00:00,2939.1951957620454,3026.0
135,2019-06-03T05:00:00+00:00,2855.90496634985,2921.0
135,2019-06-03T06:00:00+00:00,2759.3335513372563,2882.0
135,2019-06-03T07:00:00+00:00,2799.7756777020923,2776.0
135,2019-06-03T08:00:00+00:00,2785.067383030536,2803.0
135,2019-06-03T09:00:00+00:00,2849.406489621447,2859.0
135,2019-06-03T10:00:00+00:00,2974.26648793258,3069.0
135,2019-06-03T11:00:00+00:00,3121.1832277459002,3280.0
135,2019-06-03T12:00:00+00:00,3225.953604957063,3304.0
135,2019-06-03T13:00:00+00:00,3278.661136474705,3303.0
135,2019-06-03T14:00:00+00:00,3378.8809078278096,3359.0
135,2019-06-03T15:00:00+00:00,3387.3241325411286,3222.0
135,2019-06-03T16:00:00+00:00,3497.0077007841082,3340.0
135,2019-06-03T17:00:00+00:00,3471.521783233513,3378.0
135,2019-06-03T18:00:00+00:00,3470.3758660365347,3305.0
135,2019-06-03T19:00:00+00:00,3458.3133327741502,3275.0
135,2019-06-03T20:00:00+00:00,3395.1865666575827,3258.0
135,2019-06-03T21:00:00+00:00,3315.645352940552,3128.0
135,2019-06-03T22:00:00+00:00,3259.4872808726027,3061.0
135,2019-06-03T23:00:00+00:00,3222.901042282036,2907.0
135,2019-06-04T00:00:00+00:00,3169.066066508733,2857.0
135,2019-06-04T01:00:00+00:00,3108.1046827110767,2812.0
135,2019-06-04T02:00:00+00:00,3035.6072279553687,2736.0
135,2019-06-04T03:00:00+00:00,3014.1374071584796,2793.0
135,2019-06-04T04:00:00+00:00,2923.0169308299064,2889.0
135,2019-06-04T05:00:00+00:00,2844.992811549341,2720.0
135,2019-06-04T06:00:00+00:00,2801.312996539427,2627.0
135,2019-06-04T07:00:00+00:00,2738.788335952013,2618.0
135,2019-06-04T08:00:00+00:00,2808.1217790262685,2685.0
135,2019-06-04T09:00:00+00:00,2897.7410231935683,2762.0
135,2019-06-04T10:00:00+00:00,3006.268925549609,3044.0
135,2019-06-04T11:00:00+00:00,3143.018773125179,3201.0
135,2019-06-04T12:00:00+00:00,3208.337061268318,3368.0
135,2019-06-04T13:00:00+00:00,3292.954632649997,3386.0
135,2019-06-04T14:00:00+00:00,3352.3384636102232,3506.0
135,2019-06-04T15:00:00+00:00,3366.9610028565244,3377.0
135,2019-06-04T16:00:00+00:00,3417.929169806577,3437.0
135,2019-06-04T17:00:00+00:00,3439.5897675090537,3703.0
135,2019-06-04T18:00:00+00:00,3417.8138048009637,3421.0
135,2019-06-04T19:00:00+00:00,3405.1365092356787,3702.0
135,2019-06-04T20:00:00+00:00,3412.608367871942,3647.0
135,2019-06-04T21:00:00+00:00,3263.22542429998,3398.0
135,2019-06-04T22:00:00+00:00,3208.21059267007,3204.0
135,2019-06-04T23:00:00+00:00,3215.8295739087375,2951.0
135,2019-06-05T00:00:00+00:00,3255.3418074368637,2893.0
135,2019-06-05T01:00:00+00:00,3147.8652930315807,2781.0
135,2019-06-05T02:00:00+00:00,3075.918589689093,2765.0
135,2019-06-05T03:00:00+00:00,2980.18691691587,2697.0
135,2019-06-05T04:00:00+00:00,3000.406559102802,2920.0
135,2019-06-05T05:00:00+00:00,2894.808551160306,2746.0
135,2019-06-05T06:00:00+00:00,2843.900627809575,2684.0
135,2019-06-05T07:00:00+00:00,2775.2960893267873,2650.0
135,2019-06-05T08:00:00+00:00,2858.2844067678334,2729.0
135,2019-06-05T09:00:00+00:00,2912.9086298711463,2786.0
135,2019-06-05T10:00:00+00:00,2965.9735913231093,3028.0
135,2019-06-05T11:00:00+00:00,3049.8099456515947,3375.0
135,2019-06-05T12:00:00+00:00,3160.9251833698504,3450.0
135,2019-06-05T13:00:00+00:00,3253.393820904096,3532.0
135,2019-06-05T14:00:00+00:00,3320.0155419415078,3514.0
135,2019-06-05T15:00:00+00:00,3336.0762608051946,3459.0
135,2019-06-05T16:00:00+00:00,3393.3026571073083,3467.0
135,2019-06-05T17:00:00+00:00,3440.0453783175303,3447.0
135,2019-06-05T18:00:00+00:00,3419.440216750625,3640.0
135,2019-06-05T19:00:00+00:00,3386.941851709007,3683.0
135,2019-06-05T20:00:00+00:00,3402.8596118175283,3691.0
135,2019-06-05T21:00:00+00:00,3303.994214394547,3332.0
135,2019-06-05T22:00:00+00:00,3201.259908913076,3098.0
135,2019-06-05T23:00:00+00:00,3205.2114990810023,2804.0
135,2019-06-06T00:00:00+00:00,3161.7341594046297,2766.0
135,2019-06-06T01:00:00+00:00,3111.0813212668263,2675.0
135,2019-06-06T02:00:00+00:00,3062.779206219628,2589.0
135,2019-06-06T03:00:00+00:00,2986.2291549540696,2597.0
135,2019-06-06T04:00:00+00:00,2877.1280957211006,2789.0
135,2019-06-06T05:00:00+00:00,2854.533804845149,2639.0
135,2019-06-06T06:00:00+00:00,2747.1293150831584,2585.0
135,2019-06-06T07:00:00+00:00,2661.2398536023534,2561.0
135,2019-06-06T08:00:00+00:00,2645.1064656904446,2538.0
135,2019-06-06T09:00:00+00:00,2685.8887717653306,2544.0
135,2019-06-06T10:00:00+00:00,2724.641565822245,2575.0
135,2019-06-06T11:00:00+00:00,2787.393519594594,2685.0
135,2019-06-06T12:00:00+00:00,2781.1910395305504,2802.0
135,2019-06-06T13:00:00+00:00,2889.8971611576517,2880.0
135,2019-06-06T14:00:00+00:00,2900.326673189045,2924.0
135,2019-06-06T15:00:00+00:00,2883.413191801768,2864.0
136,2019-06-03T16:00:00+00:00,3423.3390648535387,3340.0
136,2019-06-03T17:00:00+00:00,3435.1949258887375,3378.0
136,2019-06-03T18:00:00+00:00,3430.776125623601,3305.0
136,2019-06-03T19:00:00+00:00,3419.39223336817,3275.0
136,2019-06-03T20:00:00+00:00,3340.572389661891,3258.0
136,2019-06-03T21:00:00+00:00,3249.143325988025,3128.0
136,2019-06-03T22:00:00+00:00,3191.031500789348,3061.0
136,2019-06-03T23:00:00+00:00,3164.8561030104174,2907.0
136,2019-06-04T00:00:00+00:00,3124.755676490337,2857.0
136,2019-06-04T01:00:00+00:00,3076.724492408054,2812.0
136,2019-06-04T02:00:00+00:00,3018.0772328056387,2736.0
136,2019-06-04T03:00:00+00:00,2892.450161303358,2793.0
136,2019-06-04T04:00:00+00:00,2807.081312912909,2889.0
136,2019-06-04T05:00:00+00:00,2792.3324372539873,2720.0
136,2019-06-04T06:00:00+00:00,2740.1437012743354,2627.0
136,2019-06-04T07:00:00+00:00,2726.174588626715,2618.0
136,2019-06-04T08:00:00+00:00,2705.6065051280702,2685.0
136,2019-06-04T09:00:00+00:00,2771.6794905830666,2762.0
136,2019-06-04T10:00:00+00:00,2902.6185075830003,3044.0
136,2019-06-04T11:00:00+00:00,3073.10280451771,3201.0
136,2019-06-04T12:00:00+00:00,3180.667404119917,3368.0
136,2019-06-04T13:00:00+00:00,3184.248907579776,3386.0
136,2019-06-04T14:00:00+00:00,3237.875740560797,3506.0
136,2019-06-04T15:00:00+00:00,3259.367818112565,3377.0
136,2019-06-04T16:00:00+00:00,3323.0864784186315,3437.0
136,2019-06-04T17:00:00+00:00,3311.582330289403,3703.0
136,2019-06-04T18:00:00+00:00,3239.32687436959,3421.0
136,2019-06-04T19:00:00+00:00,3322.0286298953747,3702.0
136,2019-06-04T20:00:00+00:00,3176.4231384514997,3647.0
136,2019-06-04T21:00:00+00:00,3172.279069488043,3398.0
136,2019-06-04T22:00:00+00:00,3182.210638264042,3204.0
136,2019-06-04T23:00:00+00:00,3166.055522339761,2951.0
136,2019-06-05T00:00:00+00:00,3142.3077301165054,2893.0
136,2019-06-05T01:00:00+00:00,3096.625600281292,2781.0
136,2019-06-05T02:00:00+00:00,3010.252207221512,2765.0
136,2019-06-05T03:00:00+00:00,2965.546169099505,2697.0
136,2019-06-05T04:00:00+00:00,2873.5108030028405,2920.0
136,2019-06-05T05:00:00+00:00,2833.9883581350596,2746.0
136,2019-06-05T06:00:00+00:00,2767.097209744235,2684.0
136,2019-06-05T07:00:00+00:00,2686.5922636700852,2650.0
136,2019-06-05T08:00:00+00:00,2750.48107992399,2729.0
136,2019-06-05T09:00:00+00:00,2822.8096840649223,2786.0
136,2019-06-05T10:00:00+00:00,2955.462355528072,3028.0
136,2019-06-05T11:00:00+00:00,3107.6578126771587,3375.0
136,2019-06-05T12:00:00+00:00,3180.8502168415025,3450.0
136,2019-06-05T13:00:00+00:00,3296.589406917375,3532.0
136,2019-06-05T14:00:00+00:00,3232.5916366607466,3514.0
136,2019-06-05T15:00:00+00:00,3226.391684646812,3459.0
136,2019-06-05T16:00:00+00:00,3292.5774079180933,3467.0
136,2019-06-05T17:00:00+00:00,3325.9716279975723,3447.0
136,2019-06-05T18:00:00+00:00,3330.9674185228096,3640.0
136,2019-06-05T19:00:00+00:00,3269.055339175457,3683.0
136,2019-06-05T20:00:00+00:00,3223.8363712526398,3691.0
136,2019-06-05T21:00:00+00:00,3230.69887067349,3332.0
136,2019-06-05T22:00:00+00:00,3161.6367716442337,3098.0
136,2019-06-05T23:00:00+00:00,3170.7602401152294,2804.0
136,2019-06-06T00:00:00+00:00,3152.451258544754,2766.0
136,2019-06-06T01:00:00+00:00,3087.6330451502386,2675.0
136,2019-06-06T02:00:00+00:00,3023.003989387385,2589.0
136,2019-06-06T03:00:00+00:00,2933.690424481593,2597.0
136,2019-06-06T04:00:00+00:00,2866.2159409205915,2789.0
136,2019-06-06T05:00:00+00:00,2780.638305332931,2639.0
136,2019-06-06T06:00:00+00:00,2720.4999918624903,2585.0
136,2019-06-06T07:00:00+00:00,2645.1626445817483,2561.0
136,2019-06-06T08:00:00+00:00,2631.917710889445,2538.0
136,2019-06-06T09:00:00+00:00,2682.1376080537334,2544.0
136,2019-06-06T10:00:00+00:00,2770.292863360054,2575.0
136,2019-06-06T11:00:00+00:00,2811.854535889362,2685.0
136,2019-06-06T12:00:00+00:00,2934.7247439633156,2802.0
136,2019-06-06T13:00:00+00:00,2869.0658630300436,2880.0
136,2019-06-06T14:00:00+00:00,2913.003605243857,2924.0
136,2019-06-06T15:00:00+00:00,2885.72409397236,2864.0
136,2019-06-06T16:00:00+00:00,2891.0671030922636,2883.0
136,2019-06-06T17:00:00+00:00,2896.679473472767,3184.0
136,2019-06-06T18:00:00+00:00,2893.2767841192885,3267.0
136,2019-06-06T19:00:00+00:00,2923.621613978779,3125.0
136,2019-06-06T20:00:00+00:00,2900.692860421128,3148.0
136,2019-06-06T21:00:00+00:00,2923.135402197745,3048.0
136,2019-06-06T22:00:00+00:00,2896.445174449622,2875.0
136,2019-06-06T23:00:00+00:00,2919.9228949145345,2680.0
136,2019-06-07T00:00:00+00:00,2883.031142294493,2727.0
136,2019-06-07T01:00:00+00:00,2811.0384879235594,2714.0
136,2019-06-07T02:00:00+00:00,2836.0766927568675,2635.0
136,2019-06-07T03:00:00+00:00,2717.6262763402506,2599.0
136,2019-06-07T04:00:00+00:00,2589.5444847056388,2749.0
136,2019-06-07T05:00:00+00:00,2540.648624870169,2467.0
136,2019-06-07T06:00:00+00:00,2473.4840505107263,2543.0
136,2019-06-07T07:00:00+00:00,2433.63894052842,2540.0
136,2019-06-07T08:00:00+00:00,2434.0271697137377,2545.0
136,2019-06-07T09:00:00+00:00,2419.598844199316,2492.0
136,2019-06-07T10:00:00+00:00,2497.173234931789,2630.0
136,2019-06-07T11:00:00+00:00,2564.489095740873,2543.0
136,2019-06-07T12:00:00+00:00,2577.115466793511,2627.0
136,2019-06-07T13:00:00+00:00,2641.995741339714,2659.0
136,2019-06-07T14:00:00+00:00,2626.0898448911803,2689.0
136,2019-06-07T15:00:00+00:00,2614.081970385394,2671.0
137,2019-06-04T16:00:00+00:00,3385.498582944997,3437.0
137,2019-06-04T17:00:00+00:00,3398.5964601277105,3703.0
137,2019-06-04T18:00:00+00:00,3460.608372669551,3421.0
137,2019-06-04T19:00:00+00:00,3419.3445474033747,3702.0
137,2019-06-04T20:00:00+00:00,3359.435873412742,3647.0
137,2019-06-04T21:00:00+00:00,3223.4876655696744,3398.0
137,2019-06-04T22:00:00+00:00,3222.0660587252232,3204.0
137,2019-06-04T23:00:00+00:00,3237.364033477033,2951.0
137,2019-06-05T00:00:00+00:00,3229.1944164875686,2893.0
137,2019-06-05T01:00:00+00:00,3137.827100024527,2781.0
137,2019-06-05T02:00:00+00:00,3009.423370296336,2765.0
137,2019-06-05T03:00:00+00:00,2953.7443058927715,2697.0
137,2019-06-05T04:00:00+00:00,2961.8059107021018,2920.0
137,2019-06-05T05:00:00+00:00,2894.464736345524,2746.0
137,2019-06-05T06:00:00+00:00,2774.133913297738,2684.0
137,2019-06-05T07:00:00+00:00,2765.047473325393,2650.0
137,2019-06-05T08:00:00+00:00,2718.3119231854143,2729.0
137,2019-06-05T09:00:00+00:00,2709.717478115267,2786.0
137,2019-06-05T10:00:00+00:00,2948.268648496577,3028.0
137,2019-06-05T11:00:00+00:00,3074.7998366383813,3375.0
137,2019-06-05T12:00:00+00:00,3206.4027229014964,3450.0
137,2019-06-05T13:00:00+00:00,3188.9544349922076,3532.0
137,2019-06-05T14:00:00+00:00,3269.5982090206917,3514.0
137,2019-06-05T15:00:00+00:00,3232.746079042223,3459.0
137,2019-06-05T16:00:00+00:00,3305.7730363716755,3467.0
137,2019-06-05T17:00:00+00:00,3344.3004208888337,3447.0
137,2019-06-05T18:00:00+00:00,3444.7103082193926,3640.0
137,2019-06-05T19:00:00+00:00,3375.872825616133,3683.0
137,2019-06-05T20:00:00+00:00,3311.788985993386,3691.0
137,2019-06-05T21:00:00+00:00,3234.470506634007,3332.0
137,2019-06-05T22:00:00+00:00,3237.9860659893966,3098.0
137,2019-06-05T23:00:00+00:00,3252.9614086730876,2804.0
137,2019-06-06T00:00:00+00:00,3165.7378968022495,2766.0
137,2019-06-06T01:00:00+00:00,3098.456420779284,2675.0
137,2019-06-06T02:00:00+00:00,3030.5838436805793,2589.0
137,2019-06-06T03:00:00+00:00,2963.706971337427,2597.0
137,2019-06-06T04:00:00+00:00,2835.9234896156404,2789.0
137,2019-06-06T05:00:00+00:00,2795.2001383302168,2639.0
137,2019-06-06T06:00:00+00:00,2655.526526449536,2585.0
137,2019-06-06T07:00:00+00:00,2567.225338211451,2561.0
137,2019-06-06T08:00:00+00:00,2507.1613791559716,2538.0
137,2019-06-06T09:00:00+00:00,2581.591866945438,2544.0
137,2019-06-06T10:00:00+00:00,2614.9886976910425,2575.0
137,2019-06-06T11:00:00+00:00,2786.4033170657485,2685.0
137,2019-06-06T12:00:00+00:00,2822.15992561738,2802.0
137,2019-06-06T13:00:00+00:00,2762.558814533433,2880.0
137,2019-06-06T14:00:00+00:00,2742.8652050475475,2924.0
137,2019-06-06T15:00:00+00:00,2735.107561086579,2864.0
137,2019-06-06T16:00:00+00:00,2778.9132829058276,2883.0
137,2019-06-06T17:00:00+00:00,2831.2243566828956,3184.0
137,2019-06-06T18:00:00+00:00,2868.267527938205,3267.0
137,2019-06-06T19:00:00+00:00,2831.897710264786,3125.0
137,2019-06-06T20:00:00+00:00,2847.3776054852015,3148.0
137,2019-06-06T21:00:00+00:00,2778.498880966443,3048.0
137,2019-06-06T22:00:00+00:00,2706.930410271262,2875.0
137,2019-06-06T23:00:00+00:00,2878.721064707233,2680.0
137,2019-06-07T00:00:00+00:00,2846.6783765669047,2727.0
137,2019-06-07T01:00:00+00:00,2723.059634335934,2714.0
137,2019-06-07T02:00:00+00:00,2703.951012340557,2635.0
137,2019-06-07T03:00:00+00:00,2674.7965470949885,2599.0
137,2019-06-07T04:00:00+00:00,2656.670460862115,2749.0
137,2019-06-07T05:00:00+00:00,2581.545535883316,2467.0
137,2019-06-07T06:00:00+00:00,2527.3270896072518,2543.0
137,2019-06-07T07:00:00+00:00,2435.091792750358,2540.0
137,2019-06-07T08:00:00+00:00,2320.779116910324,2545.0
137,2019-06-07T09:00:00+00:00,2433.7571144785984,2492.0
137,2019-06-07T10:00:00+00:00,2554.6677036846436,2630.0
137,2019-06-07T11:00:00+00:00,2626.1981049193637,2543.0
137,2019-06-07T12:00:00+00:00,2621.8881264713236,2627.0
137,2019-06-07T13:00:00+00:00,2689.4929450601508,2659.0
137,2019-06-07T14:00:00+00:00,2603.0817469111635,2689.0
137,2019-06-07T15:00:00+00:00,2583.5486768687815,2671.0
137,2019-06-07T16:00:00+00:00,2625.632218251898,2759.0
137,2019-06-07T17:00:00+00:00,2620.713723271814,2767.0
137,2019-06-07T18:00:00+00:00,2598.608453121462,2826.0
137,2019-06-07T19:00:00+00:00,2545.8729973902005,2836.0
137,2019-06-07T20:00:00+00:00,2557.551200943252,2889.0
137,2019-06-07T21:00:00+00:00,2493.843545090599,2784.0
137,2019-06-07T22:00:00+00:00,2452.2140613348465,2834.0
137,2019-06-07T23:00:00+00:00,2490.011880332404,2657.0
137,2019-06-08T00:00:00+00:00,2572.3467381283626,2710.0
137,2019-06-08T01:00:00+00:00,2481.1485696977566,2646.0
137,2019-06-08T02:00:00+00:00,2464.4644964654403,2631.0
137,2019-06-08T03:00:00+00:00,2470.424746368743,2570.0
137,2019-06-08T04:00:00+00:00,2530.470463807752,2771.0
137,2019-06-08T05:00:00+00:00,2506.7178963787355,2569.0
137,2019-06-08T06:00:00+00:00,2573.0306004675676,2670.0
137,2019-06-08T07:00:00+00:00,2562.3894592479905,2669.0
137,2019-06-08T08:00:00+00:00,2584.713760981616,2693.0
137,2019-06-08T09:00:00+00:00,2695.3765273000267,2844.0
137,2019-06-08T10:00:00+00:00,2857.3946322687957,3096.0
137,2019-06-08T11:00:00+00:00,3073.097517092646,3162.0
137,2019-06-08T12:00:00+00:00,3190.162942083379,3056.0
137,2019-06-08T13:00:00+00:00,3287.3085714579147,3226.0
137,2019-06-08T14:00:00+00:00,3287.161762796374,3293.0
137,2019-06-08T15:00:00+00:00,3316.7464261637065,3145.0
138,2019-06-05T16:00:00+00:00,3352.069548476113,3467.0
138,2019-06-05T17:00:00+00:00,3385.160121648093,3447.0
138,2019-06-05T18:00:00+00:00,3403.839388205076,3640.0
138,2019-06-05T19:00:00+00:00,3420.7593136416494,3683.0
138,2019-06-05T20:00:00+00:00,3312.2172343771567,3691.0
138,2019-06-05T21:00:00+00:00,3208.647796630043,3332.0
138,2019-06-05T22:00:00+00:00,3180.4355174844577,3098.0
138,2019-06-05T23:00:00+00:00,3153.524572786323,2804.0
138,2019-06-06T00:00:00+00:00,3121.494557942945,2766.0
138,2019-06-06T01:00:00+00:00,3076.822012354077,2675.0
138,2019-06-06T02:00:00+00:00,2987.7083451621074,2589.0
138,2019-06-06T03:00:00+00:00,2858.756970382921,2597.0
138,2019-06-06T04:00:00+00:00,2790.8347741046323,2789.0
138,2019-06-06T05:00:00+00:00,2775.1656882061484,2639.0
138,2019-06-06T06:00:00+00:00,2710.569546664318,2585.0
138,2019-06-06T07:00:00+00:00,2694.4729724494164,2561.0
138,2019-06-06T08:00:00+00:00,2657.0152009762824,2538.0
138,2019-06-06T09:00:00+00:00,2630.013510845488,2544.0
138,2019-06-06T10:00:00+00:00,2723.397765168771,2575.0
138,2019-06-06T11:00:00+00:00,2802.930552052106,2685.0
138,2019-06-06T12:00:00+00:00,2951.12970724507,2802.0
138,2019-06-06T13:00:00+00:00,2884.2460603885547,2880.0
138,2019-06-06T14:00:00+00:00,2867.357694270331,2924.0
138,2019-06-06T15:00:00+00:00,2844.3577257063507,2864.0
138,2019-06-06T16:00:00+00:00,2924.699125113992,2883.0
138,2019-06-06T17:00:00+00:00,2882.9226509414625,3184.0
138,2019-06-06T18:00:00+00:00,2847.8093898344837,3267.0
138,2019-06-06T19:00:00+00:00,2889.3517302159016,3125.0
138,2019-06-06T20:00:00+00:00,2760.1855537934935,3148.0
138,2019-06-06T21:00:00+00:00,2738.602615146643,3048.0
138,2019-06-06T22:00:00+00:00,2710.582368670098,2875.0
138,2019-06-06T23:00:00+00:00,2722.7587798497966,2680.0
138,2019-06-07T00:00:00+00:00,2760.5029975757684,2727.0
138,2019-06-07T01:00:00+00:00,2721.697130989775,2714.0
138,2019-06-07T02:00:00+00:00,2671.3037401905767,2635.0
138,2019-06-07T03:00:00+00:00,2586.2659507019425,2599.0
138,2019-06-07T04:00:00+00:00,2498.0810197224505,2749.0
138,2019-06-07T05:00:00+00:00,2378.8240066123326,2467.0
138,2019-06-07T06:00:00+00:00,2396.7960304974063,2543.0
138,2019-06-07T07:00:00+00:00,2372.597600949875,2540.0
138,2019-06-07T08:00:00+00:00,2389.3880175187896,2545.0
138,2019-06-07T09:00:00+00:00,2414.1235833600012,2492.0
138,2019-06-07T10:00:00+00:00,2584.7879832109506,2630.0
138,2019-06-07T11:00:00+00:00,2659.4096114164777,2543.0
138,2019-06-07T12:00:00+00:00,2720.096164773234,2627.0
138,2019-06-07T13:00:00+00:00,2733.643208715127,2659.0
138,2019-06-07T14:00:00+00:00,2682.4919977186423,2689.0
138,2019-06-07T15:00:00+00:00,2683.5004418639583,2671.0
138,2019-06-07T16:00:00+00:00,2664.9602180629536,2759.0
138,2019-06-07T17:00:00+00:00,2754.704807250675,2767.0
138,2019-06-07T18:00:00+00:00,2658.248426779628,2826.0
138,2019-06-07T19:00:00+00:00,2560.4307987258753,2836.0
138,2019-06-07T20:00:00+00:00,2500.933783822875,2889.0
138,2019-06-07T21:00:00+00:00,2497.29947220519,2784.0
138,2019-06-07T22:00:00+00:00,2404.927098853514,2834.0
138,2019-06-07T23:00:00+00:00,2455.972296977467,2657.0
138,2019-06-08T00:00:00+00:00,2430.0686067540087,2710.0
138,2019-06-08T01:00:00+00:00,2451.4812242209873,2646.0
138,2019-06-08T02:00:00+00:00,2492.396905593111,2631.0
138,2019-06-08T03:00:00+00:00,2439.130724571059,2570.0
138,2019-06-08T04:00:00+00:00,2378.0230278079625,2771.0
138,2019-06-08T05:00:00+00:00,2405.509707002745,2569.0
138,2019-06-08T06:00:00+00:00,2440.75191518847,2670.0
138,2019-06-08T07:00:00+00:00,2429.1202409759812,2669.0
138,2019-06-08T08:00:00+00:00,2596.413642977429,2693.0
138,2019-06-08T09:00:00+00:00,2667.161373117063,2844.0
138,2019-06-08T10:00:00+00:00,2894.5076305813554,3096.0
138,2019-06-08T11:00:00+00:00,3034.011879627958,3162.0
138,2019-06-08T12:00:00+00:00,3188.7430701752774,3056.0
138,2019-06-08T13:00:00+00:00,3231.2658065643673,3226.0
138,2019-06-08T14:00:00+00:00,3300.9503429244687,3293.0
138,2019-06-08T15:00:00+00:00,3271.400444376932,3145.0
138,2019-06-08T16:00:00+00:00,3271.228586539151,3126.0
138,2019-06-08T17:00:00+00:00,3239.9086894050606,3137.0
138,2019-06-08T18:00:00+00:00,3304.8057350026384,3299.0
138,2019-06-08T19:00:00+00:00,3280.7696789741794,3284.0
138,2019-06-08T20:00:00+00:00,3186.9264926785513,3357.0
138,2019-06-08T21:00:00+00:00,3166.477772800725,3249.0
138,2019-06-08T22:00:00+00:00,3033.238230201887,3099.0
138,2019-06-08T23:00:00+00:00,3039.2826493029256,2916.0
138,2019-06-09T00:00:00+00:00,3036.8867517744306,2934.0
138,2019-06-09T01:00:00+00:00,2933.7815664711325,2886.0
138,2019-06-09T02:00:00+00:00,2871.0703258717754,2915.0
138,2019-06-09T03:00:00+00:00,2731.7132985667963,2872.0
138,2019-06-09T04:00:00+00:00,2687.9470341570877,2971.0
138,2019-06-09T05:00:00+00:00,2637.525950469117,2867.0
138,2019-06-09T06:00:00+00:00,2659.9827682934065,2788.0
138,2019-06-09T07:00:00+00:00,2570.475981047935,2813.0
138,2019-06-09T08:00:00+00:00,2704.1141954965924,2791.0
138,2019-06-09T09:00:00+00:00,2787.6301979590176,2853.0
138,2019-06-09T10:00:00+00:00,2977.553316584345,3172.0
138,2019-06-09T11:00:00+00:00,3084.541685993805,3379.0
138,2019-06-09T12:00:00+00:00,3231.0051117239113,3519.0
138,2019-06-09T13:00:00+00:00,3343.1105519710122,3461.0
138,2019-06-09T14:00:00+00:00,3333.5644199589697,3699.0
138,2019-06-09T15:00:00+00:00,3315.1851486815513,3400.0
139,2019-06-06T16:00:00+00:00,2812.5124898457534,2883.0
139,2019-06-06T17:00:00+00:00,2878.473150564548,3184.0
139,2019-06-06T18:00:00+00:00,2861.429102824599,3267.0
139,2019-06-06T19:00:00+00:00,2934.2000661649413,3125.0
139,2019-06-06T20:00:00+00:00,2965.7380365365116,3148.0
139,2019-06-06T21:00:00+00:00,2813.2057373644466,3048.0
139,2019-06-06T22:00:00+00:00,2778.162204175498,2875.0
139,2019-06-06T23:00:00+00:00,2834.125963372348,2680.0
139,2019-06-07T00:00:00+00:00,2821.3635733099404,2727.0
139,2019-06-07T01:00:00+00:00,2698.4498431184293,2714.0
139,2019-06-07T02:00:00+00:00,2588.3417276892237,2635.0
139,2019-06-07T03:00:00+00:00,2527.5125460413688,2599.0
139,2019-06-07T04:00:00+00:00,2510.529072364808,2749.0
139,2019-06-07T05:00:00+00:00,2398.8235597309795,2467.0
139,2019-06-07T06:00:00+00:00,2257.3806432382844,2543.0
139,2019-06-07T07:00:00+00:00,2131.929345572972,2540.0
139,2019-06-07T08:00:00+00:00,2146.9365119462664,2545.0
139,2019-06-07T09:00:00+00:00,2162.947892524826,2492.0
139,2019-06-07T10:00:00+00:00,2449.1820535247557,2630.0
139,2019-06-07T11:00:00+00:00,2397.959660568348,2543.0
139,2019-06-07T12:00:00+00:00,2490.1293933544493,2627.0
139,2019-06-07T13:00:00+00:00,2439.2295994197543,2659.0
139,2019-06-07T14:00:00+00:00,2490.1208012887205,2689.0
139,2019-06-07T15:00:00+00:00,2477.077384584166,2671.0
139,2019-06-07T16:00:00+00:00,2490.7501370569535,2759.0
139,2019-06-07T17:00:00+00:00,2461.0251586469876,2767.0
139,2019-06-07T18:00:00+00:00,2520.231232985846,2826.0
139,2019-06-07T19:00:00+00:00,2535.110509765407,2836.0
139,2019-06-07T20:00:00+00:00,2458.8795215560494,2889.0
139,2019-06-07T21:00:00+00:00,2394.2741931131704,2784.0
139,2019-06-07T22:00:00+00:00,2344.8601656214364,2834.0
139,2019-06-07T23:00:00+00:00,2426.8654185574733,2657.0
139,2019-06-08T00:00:00+00:00,2437.2986978792246,2710.0
139,2019-06-08T01:00:00+00:00,2340.2855515489473,2646.0
139,2019-06-08T02:00:00+00:00,2392.0091263086006,2631.0
139,2019-06-08T03:00:00+00:00,2288.9059898825144,2570.0
139,2019-06-08T04:00:00+00:00,2259.2551676090707,2771.0
139,2019-06-08T05:00:00+00:00,2319.5401410322215,2569.0
139,2019-06-08T06:00:00+00:00,2319.272993880867,2670.0
139,2019-06-08T07:00:00+00:00,2318.464744867034,2669.0
139,2019-06-08T08:00:00+00:00,2384.6151910992166,2693.0
139,2019-06-08T09:00:00+00:00,2617.6538903873243,2844.0
139,2019-06-08T10:00:00+00:00,2756.4234186748886,3096.0
139,2019-06-08T11:00:00+00:00,3011.2661701167385,3162.0
139,2019-06-08T12:00:00+00:00,3169.162231552083,3056.0
139,2019-06-08T13:00:00+00:00,3197.7723068177115,3226.0
139,2019-06-08T14:00:00+00:00,3328.8200630187253,3293.0
139,2019-06-08T15:00:00+00:00,3278.4136684585105,3145.0
139,2019-06-08T16:00:00+00:00,3240.2904910642856,3126.0
139,2019-06-08T17:00:00+00:00,3359.1259642111827,3137.0
139,2019-06-08T18:00:00+00:00,3330.9896918008913,3299.0
139,2019-06-08T19:00:00+00:00,3363.901467389694,3284.0
139,2019-06-08T20:00:00+00:00,3243.7699802668176,3357.0
139,2019-06-08T21:00:00+00:00,3163.7855811902105,3249.0
139,2019-06-08T22:00:00+00:00,3055.394127447226,3099.0
139,2019-06-08T23:00:00+00:00,3146.646425891924,2916.0
139,2019-06-09T00:00:00+00:00,3034.858165055845,2934.0
139,2019-06-09T01:00:00+00:00,2969.517983668301,2886.0
139,2019-06-09T02:00:00+00:00,2878.5500495528217,2915.0
139,2019-06-09T03:00:00+00:00,2804.6635717096187,2872.0
139,2019-06-09T04:00:00+00:00,2668.0123180882874,2971.0
139,2019-06-09T05:00:00+00:00,2724.676066270787,2867.0
139,2019-06-09T06:00:00+00:00,2656.9157973850806,2788.0
139,2019-06-09T07:00:00+00:00,2565.75860649872,2813.0
139,2019-06-09T08:00:00+00:00,2655.442720762273,2791.0
139,2019-06-09T09:00:00+00:00,2841.805221256744,2853.0
139,2019-06-09T10:00:00+00:00,3098.3107687419765,3172.0
139,2019-06-09T11:00:00+00:00,3137.4369541476235,3379.0
139,2019-06-09T12:00:00+00:00,3325.6025492049075,3519.0
139,2019-06-09T13:00:00+00:00,3366.5299455281884,3461.0
139,2019-06-09T14:00:00+00:00,3389.738205593281,3699.0
139,2019-06-09T15:00:00+00:00,3446.62032443092,3400.0
139,2019-06-09T16:00:00+00:00,3514.705803004464,3439.0
139,2019-06-09T17:00:00+00:00,3492.229553893065,3417.0
139,2019-06-09T18:00:00+00:00,3451.177258675852,3555.0
139,2019-06-09T19:00:00+00:00,3457.688392178002,3491.0
139,2019-06-09T20:00:00+00:00,3377.5526736053466,3452.0
139,2019-06-09T21:00:00+00:00,3321.4106786142324,3376.0
139,2019-06-09T22:00:00+00:00,3195.028463673604,3128.0
139,2019-06-09T23:00:00+00:00,3211.4602110679484,2976.0
139,2019-06-10T00:00:00+00:00,3105.9922737820243,2870.0
139,2019-06-10T01:00:00+00:00,3135.6943675553857,2837.0
139,2019-06-10T02:00:00+00:00,2892.2361858203026,2758.0
139,2019-06-10T03:00:00+00:00,2804.2542589168584,2846.0
139,2019-06-10T04:00:00+00:00,2678.07038850894,2973.0
139,2019-06-10T05:00:00+00:00,2618.6186471830497,2809.0
139,2019-06-10T06:00:00+00:00,2542.3042498433083,2744.0
139,2019-06-10T07:00:00+00:00,2534.381307756279,2781.0
139,2019-06-10T08:00:00+00:00,2696.398586564882,2696.0
139,2019-06-10T09:00:00+00:00,2757.1447556392336,2876.0
139,2019-06-10T10:00:00+00:00,2913.2184068870783,2989.0
139,2019-06-10T11:00:00+00:00,3191.376422658752,3241.0
139,2019-06-10T12:00:00+00:00,3239.0791585053453,3209.0
139,2019-06-10T13:00:00+00:00,3272.1299603269226,3245.0
139,2019-06-10T14:00:00+00:00,3397.934077952828,3477.0
139,2019-06-10T15:00:00+00:00,3389.1731120395743,3314.0
140,2019-06-07T16:00:00+00:00,2679.73222620653,2759.0
140,2019-06-07T17:00:00+00:00,2675.510481664244,2767.0
140,2019-06-07T18:00:00+00:00,2622.5516322240323,2826.0
140,2019-06-07T19:00:00+00:00,2604.3593209922333,2836.0
140,2019-06-07T20:00:00+00:00,2572.017199361254,2889.0
140,2019-06-07T21:00:00+00:00,2444.9121273215746,2784.0
140,2019-06-07T22:00:00+00:00,2543.2978231056322,2834.0
140,2019-06-07T23:00:00+00:00,2528.9137136833074,2657.0
140,2019-06-08T00:00:00+00:00,2556.1541310557377,2710.0
140,2019-06-08T01:00:00+00:00,2565.723973864551,2646.0
140,2019-06-08T02:00:00+00:00,2486.750860924232,2631.0
140,2019-06-08T03:00:00+00:00,2429.1360371583596,2570.0
140,2019-06-08T04:00:00+00:00,2499.504262364031,2771.0
140,2019-06-08T05:00:00+00:00,2419.762622190671,2569.0
140,2019-06-08T06:00:00+00:00,2496.881435161074,2670.0
140,2019-06-08T07:00:00+00:00,2516.280072421206,2669.0
140,2019-06-08T08:00:00+00:00,2633.330973516217,2693.0
140,2019-06-08T09:00:00+00:00,2700.144528944229,2844.0
140,2019-06-08T10:00:00+00:00,2926.6897415113376,3096.0
140,2019-06-08T11:00:00+00:00,3010.136181287766,3162.0
140,2019-06-08T12:00:00+00:00,3192.0953802818185,3056.0
140,2019-06-08T13:00:00+00:00,3213.5698936684516,3226.0
140,2019-06-08T14:00:00+00:00,3344.0414692463282,3293.0
140,2019-06-08T15:00:00+00:00,3324.9892905135093,3145.0
140,2019-06-08T16:00:00+00:00,3365.079902250815,3126.0
140,2019-06-08T17:00:00+00:00,3470.630323367736,3137.0
140,2019-06-08T18:00:00+00:00,3464.6635633223236,3299.0
140,2019-06-08T19:00:00+00:00,3312.9044509266364,3284.0
140,2019-06-08T20:00:00+00:00,3308.5508842682257,3357.0
140,2019-06-08T21:00:00+00:00,3208.126687843587,3249.0
140,2019-06-08T22:00:00+00:00,3139.4038432249945,3099.0
140,2019-06-08T23:00:00+00:00,3141.941129804339,2916.0
140,2019-06-09T00:00:00+00:00,3059.734673821417,2934.0
140,2019-06-09T01:00:00+00:00,3058.728873388633,2886.0
140,2019-06-09T02:00:00+00:00,2936.978145386338,2915.0
140,2019-06-09T03:00:00+00:00,2841.7282892220637,2872.0
140,2019-06-09T04:00:00+00:00,2696.4805416533727,2971.0
140,2019-06-09T05:00:00+00:00,2628.14956132483,2867.0
140,2019-06-09T06:00:00+00:00,2579.667376407798,2788.0
140,2019-06-09T07:00:00+00:00,2629.0104863108627,2813.0
140,2019-06-09T08:00:00+00:00,2708.7488218435574,2791.0
140,2019-06-09T09:00:00+00:00,2698.1774746348246,2853.0
140,2019-06-09T10:00:00+00:00,2959.968464399577,3172.0
140,2019-06-09T11:00:00+00:00,3041.180570529619,3379.0
140,2019-06-09T12:00:00+00:00,3214.7959814479614,3519.0
140,2019-06-09T13:00:00+00:00,3196.7835418075556,3461.0
140,2019-06-09T14:00:00+00:00,3288.998482077953,3699.0
140,2019-06-09T15:00:00+00:00,3421.4121949746204,3400.0
140,2019-06-09T16:00:00+00:00,3363.425070391435,3439.0
140,2019-06-09T17:00:00+00:00,3449.9670331715342,3417.0
140,2019-06-09T18:00:00+00:00,3446.752047407825,3555.0
140,2019-06-09T19:00:00+00:00,3440.649764048743,3491.0
140,2019-06-09T20:00:00+00:00,3340.409702201956,3452.0
140,2019-06-09T21:00:00+00:00,3228.9356796467064,3376.0
140,2019-06-09T22:00:00+00:00,3164.722413772317,3128.0
140,2019-06-09T23:00:00+00:00,3247.709211078657,2976.0
140,2019-06-10T00:00:00+00:00,3213.0301136622393,2870.0
140,2019-06-10T01:00:00+00:00,3144.424038521542,2837.0
140,2019-06-10T02:00:00+00:00,3011.4443232949857,2758.0
140,2019-06-10T03:00:00+00:00,2889.2208664455698,2846.0
140,2019-06-10T04:00:00+00:00,2726.5006244747187,2973.0
140,2019-06-10T05:00:00+00:00,2755.8030715292643,2809.0
140,2019-06-10T06:00:00+00:00,2752.0259994348535,2744.0
140,2019-06-10T07:00:00+00:00,2629.4161639988915,2781.0
140,2019-06-10T08:00:00+00:00,2706.310922332211,2696.0
140,2019-06-10T09:00:00+00:00,2918.6392402946412,2876.0
140,2019-06-10T10:00:00+00:00,2984.9503581559543,2989.0
140,2019-06-10T11:00:00+00:00,3050.522194854111,3241.0
140,2019-06-10T12:00:00+00:00,3247.0564784545163,3209.0
140,2019-06-10T13:00:00+00:00,3323.5812822653943,3245.0
140,2019-06-10T14:00:00+00:00,3352.1834759630374,3477.0
140,2019-06-10T15:00:00+00:00,3334.025301669307,3314.0
140,2019-06-10T16:00:00+00:00,3381.001495742508,3354.0
140,2019-06-10T17:00:00+00:00,3411.5057414676753,3347.0
140,2019-06-10T18:00:00+00:00,3480.5745158710747,3426.0
140,2019-06-10T19:00:00+00:00,3414.817586249274,3418.0
140,2019-06-10T20:00:00+00:00,3251.7980760198056,3340.0
140,2019-06-10T21:00:00+00:00,3202.1424462490572,3348.0
140,2019-06-10T22:00:00+00:00,3129.3782408988745,3126.0
140,2019-06-10T23:00:00+00:00,3140.4120395222603,2962.0
140,2019-06-11T00:00:00+00:00,3079.2964611911775,2887.0
140,2019-06-11T01:00:00+00:00,3030.629778185822,2875.0
140,2019-06-11T02:00:00+00:00,2880.0813208977393,2811.0
140,2019-06-11T03:00:00+00:00,2798.218266649515,2834.0
140,2019-06-11T04:00:00+00:00,2789.740012745148,2955.0
140,2019-06-11T05:00:00+00:00,2619.31004410297,2781.0
140,2019-06-11T06:00:00+00:00,2686.3284211593955,2728.0
140,2019-06-11T07:00:00+00:00,2635.098361436645,2695.0
140,2019-06-11T08:00:00+00:00,2761.5327236069666,2759.0
140,2019-06-11T09:00:00+00:00,2833.15334153184,2799.0
140,2019-06-11T10:00:00+00:00,2958.7546037905277,3075.0
140,2019-06-11T11:00:00+00:00,3110.3799939017076,3264.0
140,2019-06-11T12:00:00+00:00,3337.131135151853,3402.0
140,2019-06-11T13:00:00+00:00,3436.1272972059464,3336.0
140,2019-06-11T14:00:00+00:00,3499.9917913045574,3377.0
140,2019-06-11T15:00:00+00:00,3435.0016044098384,3417.0
141,2019-06-08T16:00:00+00:00,3332.011057091207,3126.0
141,2019-06-08T17:00:00+00:00,3375.3097148468255,3137.0
141,2019-06-08T18:00:00+00:00,3348.9845507529594,3299.0
141,2019-06-08T19:00:00+00:00,3310.2542612989737,3284.0
141,2019-06-08T20:00:00+00:00,3326.4837812078263,3357.0
141,2019-06-08T21:00:00+00:00,3141.1389117597196,3249.0
141,2019-06-08T22:00:00+00:00,3121.922211491396,3099.0
141,2019-06-08T23:00:00+00:00,3179.407856853675,2916.0
141,2019-06-09T00:00:00+00:00,3169.9598726693816,2934.0
141,2019-06-09T01:00:00+00:00,3040.534678511655,2886.0
141,2019-06-09T02:00:00+00:00,2907.997702518185,2915.0
141,2019-06-09T03:00:00+00:00,2847.740223705366,2872.0
141,2019-06-09T04:00:00+00:00,2778.5629249025296,2971.0
141,2019-06-09T05:00:00+00:00,2773.9456809654625,2867.0
141,2019-06-09T06:00:00+00:00,2764.96446075189,2788.0
141,2019-06-09T07:00:00+00:00,2777.134593114325,2813.0
141,2019-06-09T08:00:00+00:00,2758.574012726824,2791.0
141,2019-06-09T09:00:00+00:00,2848.6793695359383,2853.0
141,2019-06-09T10:00:00+00:00,3066.0161678437594,3172.0
141,2019-06-09T11:00:00+00:00,3152.20925970886,3379.0
141,2019-06-09T12:00:00+00:00,3339.9991336457424,3519.0
141,2019-06-09T13:00:00+00:00,3400.4907792960794,3461.0
141,2019-06-09T14:00:00+00:00,3389.667849793524,3699.0
141,2019-06-09T15:00:00+00:00,3393.1896053501605,3400.0
141,2019-06-09T16:00:00+00:00,3490.3449834146572,3439.0
141,2019-06-09T17:00:00+00:00,3529.854275812592,3417.0
141,2019-06-09T18:00:00+00:00,3562.581454173851,3555.0
141,2019-06-09T19:00:00+00:00,3547.828480760504,3491.0
141,2019-06-09T20:00:00+00:00,3345.798744966322,3452.0
141,2019-06-09T21:00:00+00:00,3310.1838394064034,3376.0
141,2019-06-09T22:00:00+00:00,3264.3263983839147,3128.0
141,2019-06-09T23:00:00+00:00,3271.8451168248075,2976.0
141,2019-06-10T00:00:00+00:00,3229.889927685117,2870.0
141,2019-06-10T01:00:00+00:00,3099.5641528533783,2837.0
141,2019-06-10T02:00:00+00:00,2987.8746677267745,2758.0
141,2019-06-10T03:00:00+00:00,2870.172322817482,2846.0
141,2019-06-10T04:00:00+00:00,2783.930057899287,2973.0
141,2019-06-10T05:00:00+00:00,2689.701005236416,2809.0
141,2019-06-10T06:00:00+00:00,2678.094380200168,2744.0
141,2019-06-10T07:00:00+00:00,2682.8824079667997,2781.0
141,2019-06-10T08:00:00+00:00,2702.5293559264965,2696.0
141,2019-06-10T09:00:00+00:00,2862.307244988496,2876.0
141,2019-06-10T10:00:00+00:00,2959.2793146353083,2989.0
141,2019-06-10T11:00:00+00:00,3098.061598835839,3241.0
141,2019-06-10T12:00:00+00:00,3280.1244313611446,3209.0
141,2019-06-10T13:00:00+00:00,3239.3070630488037,3245.0
141,2019-06-10T14:00:00+00:00,3278.180212118735,3477.0
141,2019-06-10T15:00:00+00:00,3358.7050190832815,3314.0
141,2019-06-10T16:00:00+00:00,3350.1922977767786,3354.0
141,2019-06-10T17:00:00+00:00,3489.8505430783675,3347.0
141,2019-06-10T18:00:00+00:00,3465.4194998744306,3426.0
141,2019-06-10T19:00:00+00:00,3365.4488653810567,3418.0
141,2019-06-10T20:00:00+00:00,3377.3865493191197,3340.0
141,2019-06-10T21:00:00+00:00,3252.659364516311,3348.0
141,2019-06-10T22:00:00+00:00,3212.8144528124444,3126.0
141,2019-06-10T23:00:00+00:00,3277.1704130707467,2962.0
141,2019-06-11T00:00:00+00:00,3202.929512516228,2887.0
141,2019-06-11T01:00:00+00:00,3218.5590418659526,2875.0
141,2019-06-11T02:00:00+00:00,3054.234198573829,2811.0
141,2019-06-11T03:00:00+00:00,2933.507116063908,2834.0
141,2019-06-11T04:00:00+00:00,2746.6759844767407,2955.0
141,2019-06-11T05:00:00+00:00,2792.896473322681,2781.0
141,2019-06-11T06:00:00+00:00,2865.8244731874215,2728.0
141,2019-06-11T07:00:00+00:00,2780.2553635726767,2695.0
141,2019-06-11T08:00:00+00:00,2880.0354855317164,2759.0
141,2019-06-11T09:00:00+00:00,2961.8010528803243,2799.0
141,2019-06-11T10:00:00+00:00,3176.18474167393,3075.0
141,2019-06-11T11:00:00+00:00,3243.3642695323815,3264.0
141,2019-06-11T12:00:00+00:00,3377.352379334644,3402.0
141,2019-06-11T13:00:00+00:00,3445.1973131141863,3336.0
141,2019-06-11T14:00:00+00:00,3455.059220064968,3377.0
141,2019-06-11T15:00:00+00:00,3424.527678007908,3417.0
141,2019-06-11T16:00:00+00:00,3521.5332567110627,3451.0
141,2019-06-11T17:00:00+00:00,3610.9905404393735,3426.0
141,2019-06-11T18:00:00+00:00,3592.0899786202626,3549.0
141,2019-06-11T19:00:00+00:00,3529.8661064261723,3632.0
141,2019-06-11T20:00:00+00:00,3478.93571151892,3523.0
141,2019-06-11T21:00:00+00:00,3423.809513498601,3555.0
141,2019-06-11T22:00:00+00:00,3280.739689360145,3313.0
141,2019-06-11T23:00:00+00:00,3279.765283013678,2938.0
141,2019-06-12T00:00:00+00:00,3283.1459965067347,2874.0
141,2019-06-12T01:00:00+00:00,3257.3079034004754,2751.0
141,2019-06-12T02:00:00+00:00,3057.525356304865,2682.0
141,2019-06-12T03:00:00+00:00,2966.849816795421,2779.0
141,2019-06-12T04:00:00+00:00,2822.5468990392455,2908.0
141,2019-06-12T05:00:00+00:00,2810.176472406107,2809.0
141,2019-06-12T06:00:00+00:00,2759.102755233216,2761.0
141,2019-06-12T07:00:00+00:00,2722.1632836019726,2739.0
141,2019-06-12T08:00:00+00:00,2896.1478559289963,2809.0
141,2019-06-12T09:00:00+00:00,2891.7980896073504,2830.0
141,2019-06-12T10:00:00+00:00,3110.7082273357537,3040.0
141,2019-06-12T11:00:00+00:00,3260.551507352343,3351.0
141,2019-06-12T12:00:00+00:00,3367.003269210629,3360.0
141,2019-06-12T13:00:00+00:00,3405.193018591049,3389.0
141,2019-06-12T14:00:00+00:00,3495.373985578577,3337.0
141,2019-06-12T15:00:00+00:00,3484.2163951158823,3392.0
142,2019-06-09T16:00:00+00:00,3463.518174867852,3439.0
142,2019-06-09T17:00:00+00:00,3476.280432744633,3417.0
142,2019-06-09T18:00:00+00:00,3499.8661158200694,3555.0
142,2019-06-09T19:00:00+00:00,3488.01745890152,3491.0
142,2019-06-09T20:00:00+00:00,3411.831975594119,3452.0
142,2019-06-09T21:00:00+00:00,3231.625855426415,3376.0
142,2019-06-09T22:00:00+00:00,3266.5839967005813,3128.0
142,2019-06-09T23:00:00+00:00,3250.5949224465107,2976.0
142,2019-06-10T00:00:00+00:00,3241.6371651816594,2870.0
142,2019-06-10T01:00:00+00:00,3158.165924077041,2837.0
142,2019-06-10T02:00:00+00:00,3016.1771635625128,2758.0
142,2019-06-10T03:00:00+00:00,3003.6951392141195,2846.0
142,2019-06-10T04:00:00+00:00,2992.857404921385,2973.0
142,2019-06-10T05:00:00+00:00,2913.521211111208,2809.0
142,2019-06-10T06:00:00+00:00,2860.4146111868663,2744.0
142,2019-06-10T07:00:00+00:00,2814.965161100872,2781.0
142,2019-06-10T08:00:00+00:00,2804.8870976041962,2696.0
142,2019-06-10T09:00:00+00:00,2829.583569546342,2876.0
142,2019-06-10T10:00:00+00:00,2982.1032119446604,2989.0
142,2019-06-10T11:00:00+00:00,3114.8138963746833,3241.0
142,2019-06-10T12:00:00+00:00,3263.0720889731265,3209.0
142,2019-06-10T13:00:00+00:00,3230.2493734502436,3245.0
142,2019-06-10T14:00:00+00:00,3340.8501116633734,3477.0
142,2019-06-10T15:00:00+00:00,3310.1298415779384,3314.0
142,2019-06-10T16:00:00+00:00,3384.2993618940936,3354.0
142,2019-06-10T17:00:00+00:00,3383.373038069302,3347.0
142,2019-06-10T18:00:00+00:00,3381.0445882567788,3426.0
142,2019-06-10T19:00:00+00:00,3326.7658983813926,3418.0
142,2019-06-10T20:00:00+00:00,3273.9538080331117,3340.0
142,2019-06-10T21:00:00+00:00,3177.7746538674473,3348.0
142,2019-06-10T22:00:00+00:00,3147.2798759377847,3126.0
142,2019-06-10T23:00:00+00:00,3140.1557150690837,2962.0
142,2019-06-11T00:00:00+00:00,3121.7390683057447,2887.0
142,2019-06-11T01:00:00+00:00,3009.8081957017694,2875.0
142,2019-06-11T02:00:00+00:00,2959.5589863747828,2811.0
142,2019-06-11T03:00:00+00:00,2924.8619447595543,2834.0
142,2019-06-11T04:00:00+00:00,2904.8110044785676,2955.0
142,2019-06-11T05:00:00+00:00,2887.6717169946546,2781.0
142,2019-06-11T06:00:00+00:00,2818.1843437582256,2728.0
142,2019-06-11T07:00:00+00:00,2786.1290318905576,2695.0
142,2019-06-11T08:00:00+00:00,2825.721138583556,2759.0
142,2019-06-11T09:00:00+00:00,3023.15474709452,2799.0
142,2019-06-11T10:00:00+00:00,3112.052555158255,3075.0
142,2019-06-11T11:00:00+00:00,3220.4992294467506,3264.0
142,2019-06-11T12:00:00+00:00,3285.6359441085538,3402.0
142,2019-06-11T13:00:00+00:00,3364.0935991979545,3336.0
142,2019-06-11T14:00:00+00:00,3399.3190198091015,3377.0
142,2019-06-11T15:00:00+00:00,3392.8910971588957,3417.0
142,2019-06-11T16:00:00+00:00,3386.9203054518716,3451.0
142,2019-06-11T17:00:00+00:00,3457.627917253833,3426.0
142,2019-06-11T18:00:00+00:00,3492.5474603250327,3549.0
142,2019-06-11T19:00:00+00:00,3426.7913238169917,3632.0
142,2019-06-11T20:00:00+00:00,3450.288442522607,3523.0
142,2019-06-11T21:00:00+00:00,3274.021553166743,3555.0
142,2019-06-11T22:00:00+00:00,3192.115869053941,3313.0
142,2019-06-11T23:00:00+00:00,3222.9536191150155,2938.0
142,2019-06-12T00:00:00+00:00,3241.101549022684,2874.0
142,2019-06-12T01:00:00+00:00,3173.4859573052895,2751.0
142,2019-06-12T02:00:00+00:00,3109.202633048803,2682.0
142,2019-06-12T03:00:00+00:00,2975.4383465587775,2779.0
142,2019-06-12T04:00:00+00:00,2983.840197170971,2908.0
142,2019-06-12T05:00:00+00:00,2860.8440822876832,2809.0
142,2019-06-12T06:00:00+00:00,2808.2319226996315,2761.0
142,2019-06-12T07:00:00+00:00,2842.0065399660525,2739.0
142,2019-06-12T08:00:00+00:00,2906.52498940585,2809.0
142,2019-06-12T09:00:00+00:00,2915.9734858094466,2830.0
142,2019-06-12T10:00:00+00:00,3016.3840340681386,3040.0
142,2019-06-12T11:00:00+00:00,3123.1512569243005,3351.0
142,2019-06-12T12:00:00+00:00,3250.515710209772,3360.0
142,2019-06-12T13:00:00+00:00,3367.5431814024682,3389.0
142,2019-06-12T14:00:00+00:00,3355.3710332092273,3337.0
142,2019-06-12T15:00:00+00:00,3311.847692934799,3392.0
142,2019-06-12T16:00:00+00:00,3456.537154509553,3379.0
142,2019-06-12T17:00:00+00:00,3471.1027217507904,3396.0
142,2019-06-12T18:00:00+00:00,3474.332875815152,3619.0
142,2019-06-12T19:00:00+00:00,3462.351901084378,3619.0
142,2019-06-12T20:00:00+00:00,3412.2332250636573,3530.0
142,2019-06-12T21:00:00+00:00,3343.183154926421,3323.0
142,2019-06-12T22:00:00+00:00,3233.71323170243,3272.0
142,2019-06-12T23:00:00+00:00,3278.408067092583,3056.0
142,2019-06-13T00:00:00+00:00,3287.1681737992644,2946.0
142,2019-06-13T01:00:00+00:00,3180.1825968111657,2831.0
142,2019-06-13T02:00:00+00:00,3107.228952934865,2789.0
142,2019-06-13T03:00:00+00:00,2959.347291093786,2807.0
142,2019-06-13T04:00:00+00:00,2877.7101090350116,2860.0
142,2019-06-13T05:00:00+00:00,2758.3057419976435,2794.0
142,2019-06-13T06:00:00+00:00,2756.274709844966,2762.0
142,2019-06-13T07:00:00+00:00,2626.0536260294925,2730.0
142,2019-06-13T08:00:00+00:00,2686.192005592746,2777.0
142,2019-06-13T09:00:00+00:00,2695.2828076907685,2729.0
142,2019-06-13T10:00:00+00:00,2760.0590521488393,2811.0
142,2019-06-13T11:00:00+00:00,2852.1794796962195,2872.0
142,2019-06-13T12:00:00+00:00,2889.838173321782,2967.0
142,2019-06-13T13:00:00+00:00,2980.413450033452,2998.0
142,2019-06-13T14:00:00+00:00,2940.943119348957,3013.0
142,2019-06-13T15:00:00+00:00,2939.2262263378893,2939.0
143,2019-06-10T16:00:00+00:00,3402.999001560776,3354.0
143,2019-06-10T17:00:00+00:00,3427.837044309008,3347.0
143,2019-06-10T18:00:00+00:00,3446.5945482337333,3426.0
143,2019-06-10T19:00:00+00:00,3380.6140266245425,3418.0
143,2019-06-10T20:00:00+00:00,3273.60457360764,3340.0
143,2019-06-10T21:00:00+00:00,3161.853225607788,3348.0
143,2019-06-10T22:00:00+00:00,3148.225234492807,3126.0
143,2019-06-10T23:00:00+00:00,3164.1533876962194,2962.0
143,2019-06-11T00:00:00+00:00,3081.6538927023325,2887.0
143,2019-06-11T01:00:00+00:00,3115.096872754823,2875.0
143,2019-06-11T02:00:00+00:00,3023.4740084291607,2811.0
143,2019-06-11T03:00:00+00:00,2870.43253022344,2834.0
143,2019-06-11T04:00:00+00:00,2835.7824475520606,2955.0
143,2019-06-11T05:00:00+00:00,2787.2072700467174,2781.0
143,2019-06-11T06:00:00+00:00,2735.075770443382,2728.0
143,2019-06-11T07:00:00+00:00,2787.906135454541,2695.0
143,2019-06-11T08:00:00+00:00,2816.4650714058794,2759.0
143,2019-06-11T09:00:00+00:00,2884.449626253516,2799.0
143,2019-06-11T10:00:00+00:00,3010.0177099199273,3075.0
143,2019-06-11T11:00:00+00:00,3190.2961521485836,3264.0
143,2019-06-11T12:00:00+00:00,3304.3519417465277,3402.0
143,2019-06-11T13:00:00+00:00,3379.287213397565,3336.0
143,2019-06-11T14:00:00+00:00,3426.724140472273,3377.0
143,2019-06-11T15:00:00+00:00,3389.414945643435,3417.0
143,2019-06-11T16:00:00+00:00,3479.3663061975626,3451.0
143,2019-06-11T17:00:00+00:00,3433.5556588868894,3426.0
143,2019-06-11T18:00:00+00:00,3387.1686822442493,3549.0
143,2019-06-11T19:00:00+00:00,3419.4858207918014,3632.0
143,2019-06-11T20:00:00+00:00,3274.0082354648634,3523.0
143,2019-06-11T21:00:00+00:00,3274.9475465274686,3555.0
143,2019-06-11T22:00:00+00:00,3258.0979768906514,3313.0
143,2019-06-11T23:00:00+00:00,3201.124534308236,2938.0
143,2019-06-12T00:00:00+00:00,3254.3787360078777,2874.0
143,2019-06-12T01:00:00+00:00,3095.8884506113654,2751.0
143,2019-06-12T02:00:00+00:00,3110.320444276925,2682.0
143,2019-06-12T03:00:00+00:00,3054.1874709548265,2779.0
143,2019-06-12T04:00:00+00:00,2931.7014934509866,2908.0
143,2019-06-12T05:00:00+00:00,2840.4601333668897,2809.0
143,2019-06-12T06:00:00+00:00,2849.1368970360004,2761.0
143,2019-06-12T07:00:00+00:00,2781.184430249221,2739.0
143,2019-06-12T08:00:00+00:00,2848.0981162893804,2809.0
143,2019-06-12T09:00:00+00:00,2912.410752708565,2830.0
143,2019-06-12T10:00:00+00:00,2983.2628764468045,3040.0
143,2019-06-12T11:00:00+00:00,3163.54862193133,3351.0
143,2019-06-12T12:00:00+00:00,3271.9611427585537,3360.0
143,2019-06-12T13:00:00+00:00,3359.265915743343,3389.0
143,2019-06-12T14:00:00+00:00,3283.8526608665275,3337.0
143,2019-06-12T15:00:00+00:00,3313.8561874381417,3392.0
143,2019-06-12T16:00:00+00:00,3363.8962460574435,3379.0
143,2019-06-12T17:00:00+00:00,3344.366579794946,3396.0
143,2019-06-12T18:00:00+00:00,3393.335703513958,3619.0
143,2019-06-12T19:00:00+00:00,3297.7519464568973,3619.0
143,2019-06-12T20:00:00+00:00,3222.934518291972,3530.0
143,2019-06-12T21:00:00+00:00,3221.0245846964613,3323.0
143,2019-06-12T22:00:00+00:00,3256.043911392539,3272.0
143,2019-06-12T23:00:00+00:00,3222.504931528732,3056.0
143,2019-06-13T00:00:00+00:00,3204.515211292897,2946.0
143,2019-06-13T01:00:00+00:00,3154.1906396355466,2831.0
143,2019-06-13T02:00:00+00:00,3087.7617939505453,2789.0
143,2019-06-13T03:00:00+00:00,2964.80500429117,2807.0
143,2019-06-13T04:00:00+00:00,2942.3165941021234,2860.0
143,2019-06-13T05:00:00+00:00,2814.44322615425,2794.0
143,2019-06-13T06:00:00+00:00,2708.456955980029,2762.0
143,2019-06-13T07:00:00+00:00,2704.0856434012476,2730.0
143,2019-06-13T08:00:00+00:00,2705.6556781811646,2777.0
143,2019-06-13T09:00:00+00:00,2717.6249544839848,2729.0
143,2019-06-13T10:00:00+00:00,2837.650197409483,2811.0
143,2019-06-13T11:00:00+00:00,2911.605940521023,2872.0
143,2019-06-13T12:00:00+00:00,2995.710929089162,2967.0
143,2019-06-13T13:00:00+00:00,2967.5676838870677,2998.0
143,2019-06-13T14:00:00+00:00,2996.8121014515364,3013.0
143,2019-06-13T15:00:00+00:00,2978.1573388050842,2939.0
143,2019-06-13T16:00:00+00:00,2954.1763215669002,3080.0
143,2019-06-13T17:00:00+00:00,2986.570854798825,3188.0
143,2019-06-13T18:00:00+00:00,3023.157688224712,3323.0
143,2019-06-13T19:00:00+00:00,2951.86155296673,3188.0
143,2019-06-13T20:00:00+00:00,2986.014055893188,3202.0
143,2019-06-13T21:00:00+00:00,2965.254831978483,3054.0
143,2019-06-13T22:00:00+00:00,2959.8791399624033,3059.0
143,2019-06-13T23:00:00+00:00,2985.7745355377924,2810.0
143,2019-06-14T00:00:00+00:00,3000.7991173673913,2807.0
143,2019-06-14T01:00:00+00:00,2934.938455075118,2763.0
143,2019-06-14T02:00:00+00:00,2894.831452320114,2734.0
143,2019-06-14T03:00:00+00:00,2811.1992256455023,2692.0
143,2019-06-14T04:00:00+00:00,2693.5922196193937,2795.0
143,2019-06-14T05:00:00+00:00,2643.789764663902,2569.0
143,2019-06-14T06:00:00+00:00,2594.270517413396,2611.0
143,2019-06-14T07:00:00+00:00,2529.873447425222,2650.0
143,2019-06-14T08:00:00+00:00,2492.41131382641,2671.0
143,2019-06-14T09:00:00+00:00,2555.4037132535414,2631.0
143,2019-06-14T10:00:00+00:00,2621.433209637387,2701.0
143,2019-06-14T11:00:00+00:00,2686.8038928582682,2709.0
143,2019-06-14T12:00:00+00:00,2727.483094144408,2721.0
143,2019-06-14T13:00:00+00:00,2765.9909482352364,2723.0
143,2019-06-14T14:00:00+00:00,2745.7344923512965,2812.0
143,2019-06-14T15:00:00+00:00,2691.6288665075344,2751.0
144,2019-06-11T16:00:00+00:00,3355.601961498894,3451.0
144,2019-06-11T17:00:00+00:00,3405.453424275447,3426.0
144,2019-06-11T18:00:00+00:00,3412.362866116943,3549.0
144,2019-06-11T19:00:00+00:00,3339.1578382252596,3632.0
144,2019-06-11T20:00:00+00:00,3292.167814230876,3523.0
144,2019-06-11T21:00:00+00:00,3159.615058578231,3555.0
144,2019-06-11T22:00:00+00:00,3160.600634610146,3313.0
144,2019-06-11T23:00:00+00:00,3195.082643257306,2938.0
144,2019-06-12T00:00:00+00:00,3146.038570288013,2874.0
144,2019-06-12T01:00:00+00:00,3133.5341074295047,2751.0
144,2019-06-12T02:00:00+00:00,3011.6366864280926,2682.0
144,2019-06-12T03:00:00+00:00,2937.7074134882787,2779.0
144,2019-06-12T04:00:00+00:00,2892.208525977937,2908.0
144,2019-06-12T05:00:00+00:00,2844.939672927448,2809.0
144,2019-06-12T06:00:00+00:00,2779.3220008632684,2761.0
144,2019-06-12T07:00:00+00:00,2813.0972790578226,2739.0
144,2019-06-12T08:00:00+00:00,2811.775621070283,2809.0
144,2019-06-12T09:00:00+00:00,2828.3739719237506,2830.0
144,2019-06-12T10:00:00+00:00,3041.8316508334274,3040.0
144,2019-06-12T11:00:00+00:00,3136.257428755083,3351.0
144,2019-06-12T12:00:00+00:00,3257.7556656873726,3360.0
144,2019-06-12T13:00:00+00:00,3262.9093188971747,3389.0
144,2019-06-12T14:00:00+00:00,3339.274987736832,3337.0
144,2019-06-12T15:00:00+00:00,3277.8049701712303,3392.0
144,2019-06-12T16:00:00+00:00,3369.087539124419,3379.0
144,2019-06-12T17:00:00+00:00,3383.70317167173,3396.0
144,2019-06-12T18:00:00+00:00,3381.460906887749,3619.0
144,2019-06-12T19:00:00+00:00,3423.11220127189,3619.0
144,2019-06-12T20:00:00+00:00,3321.594234879967,3530.0
144,2019-06-12T21:00:00+00:00,3281.7016206881017,3323.0
144,2019-06-12T22:00:00+00:00,3244.530212851789,3272.0
144,2019-06-12T23:00:00+00:00,3266.232862106727,3056.0
144,2019-06-13T00:00:00+00:00,3231.9845080777823,2946.0
144,2019-06-13T01:00:00+00:00,3149.53438441543,2831.0
144,2019-06-13T02:00:00+00:00,3104.932211149522,2789.0
144,2019-06-13T03:00:00+00:00,2998.6115113400083,2807.0
144,2019-06-13T04:00:00+00:00,2951.4944404352605,2860.0
144,2019-06-13T05:00:00+00:00,2852.787401392943,2794.0
144,2019-06-13T06:00:00+00:00,2860.0157080122003,2762.0
144,2019-06-13T07:00:00+00:00,2737.5083164368516,2730.0
144,2019-06-13T08:00:00+00:00,2714.6368983947373,2777.0
144,2019-06-13T09:00:00+00:00,2790.8198371288267,2729.0
144,2019-06-13T10:00:00+00:00,2794.458907429069,2811.0
144,2019-06-13T11:00:00+00:00,2910.2092341439825,2872.0
144,2019-06-13T12:00:00+00:00,3032.757140613883,2967.0
144,2019-06-13T13:00:00+00:00,3003.5115003323685,2998.0
144,2019-06-13T14:00:00+00:00,3015.3760195261093,3013.0
144,2019-06-13T15:00:00+00:00,2949.3316192128646,2939.0
144,2019-06-13T16:00:00+00:00,3069.1459269247193,3080.0
144,2019-06-13T17:00:00+00:00,3027.956323887878,3188.0
144,2019-06-13T18:00:00+00:00,3046.700410971504,3323.0
144,2019-06-13T19:00:00+00:00,3026.9252760004138,3188.0
144,2019-06-13T20:00:00+00:00,3010.7952918683895,3202.0
144,2019-06-13T21:00:00+00:00,2994.3756890284894,3054.0
144,2019-06-13T22:00:00+00:00,2979.703613218621,3059.0
144,2019-06-13T23:00:00+00:00,3069.713532005331,2810.0
144,2019-06-14T00:00:00+00:00,3053.143898479242,2807.0
144,2019-06-14T01:00:00+00:00,2991.6972447231415,2763.0
144,2019-06-14T02:00:00+00:00,2940.607301764585,2734.0
144,2019-06-14T03:00:00+00:00,2881.4249216992944,2692.0
144,2019-06-14T04:00:00+00:00,2853.9652414187444,2795.0
144,2019-06-14T05:00:00+00:00,2843.3854012835027,2569.0
144,2019-06-14T06:00:00+00:00,2701.47662959627,2611.0
144,2019-06-14T07:00:00+00:00,2726.3249497769702,2650.0
144,2019-06-14T08:00:00+00:00,2640.8198180054987,2671.0
144,2019-06-14T09:00:00+00:00,2636.7627106611403,2631.0
144,2019-06-14T10:00:00+00:00,2756.038494130235,2701.0
144,2019-06-14T11:00:00+00:00,2825.073693384479,2709.0
144,2019-06-14T12:00:00+00:00,2839.9535649993595,2721.0
144,2019-06-14T13:00:00+00:00,2808.454457202009,2723.0
144,2019-06-14T14:00:00+00:00,2820.8987425540085,2812.0
144,2019-06-14T15:00:00+00:00,2794.4860054825213,2751.0
144,2019-06-14T16:00:00+00:00,2781.0460318981727,2772.0
144,2019-06-14T17:00:00+00:00,2774.468607304284,2789.0
144,2019-06-14T18:00:00+00:00,2782.9713816423855,2728.0
144,2019-06-14T19:00:00+00:00,2723.991675189076,2761.0
144,2019-06-14T20:00:00+00:00,2715.3091944916146,2854.0
144,2019-06-14T21:00:00+00:00,2667.1967327721777,2801.0
144,2019-06-14T22:00:00+00:00,2700.240561801952,2796.0
144,2019-06-14T23:00:00+00:00,2706.0365049713932,2684.0
144,2019-06-15T00:00:00+00:00,2692.672207658272,2668.0
144,2019-06-15T01:00:00+00:00,2718.553492418022,2656.0
144,2019-06-15T02:00:00+00:00,2692.7763699320312,2651.0
144,2019-06-15T03:00:00+00:00,2622.4515677046975,2597.0
144,2019-06-15T04:00:00+00:00,2651.1629467299103,2778.0
144,2019-06-15T05:00:00+00:00,2677.176152745005,2638.0
144,2019-06-15T06:00:00+00:00,2621.5149003546244,2596.0
144,2019-06-15T07:00:00+00:00,2633.923826051509,2687.0
144,2019-06-15T08:00:00+00:00,2696.294027734243,2676.0
144,2019-06-15T09:00:00+00:00,2775.125768146916,2785.0
144,2019-06-15T10:00:00+00:00,2909.846748109444,3024.0
144,2019-06-15T11:00:00+00:00,3054.555872296155,3224.0
144,2019-06-15T12:00:00+00:00,3104.4342844173307,3243.0
144,2019-06-15T13:00:00+00:00,3231.6223029377,3291.0
144,2019-06-15T14:00:00+00:00,3184.961272444716,3318.0
144,2019-06-15T15:00:00+00:00,3181.5413824365764,3271.0
145,2019-06-12T16:00:00+00:00,3336.3037192221627,3379.0
145,2019-06-12T17:00:00+00:00,3354.529572556711,3396.0
145,2019-06-12T18:00:00+00:00,3387.2535949861353,3619.0
145,2019-06-12T19:00:00+00:00,3353.327459945226,3619.0
145,2019-06-12T20:00:00+00:00,3318.456660323834,3530.0
145,2019-06-12T21:00:00+00:00,3271.114460773787,3323.0
145,2019-06-12T22:00:00+00:00,3234.3261764529652,3272.0
145,2019-06-12T23:00:00+00:00,3287.967302004862,3056.0
145,2019-06-13T00:00:00+00:00,3297.626188356393,2946.0
145,2019-06-13T01:00:00+00:00,3194.514757282238,2831.0
145,2019-06-13T02:00:00+00:00,3123.7595256082946,2789.0
145,2019-06-13T03:00:00+00:00,2998.824330198831,2807.0
145,2019-06-13T04:00:00+00:00,2940.747286343152,2860.0
145,2019-06-13T05:00:00+00:00,2891.2501801851017,2794.0
145,2019-06-13T06:00:00+00:00,2815.8309108622757,2762.0
145,2019-06-13T07:00:00+00:00,2758.25458616015,2730.0
145,2019-06-13T08:00:00+00:00,2701.5210439668067,2777.0
145,2019-06-13T09:00:00+00:00,2689.7169996972343,2729.0
145,2019-06-13T10:00:00+00:00,2829.181262591791,2811.0
145,2019-06-13T11:00:00+00:00,2930.6346893515274,2872.0
145,2019-06-13T12:00:00+00:00,3032.2862954119414,2967.0
145,2019-06-13T13:00:00+00:00,3012.6322094284087,2998.0
145,2019-06-13T14:00:00+00:00,3020.794671870833,3013.0
145,2019-06-13T15:00:00+00:00,2958.263666373343,2939.0
145,2019-06-13T16:00:00+00:00,3018.371940660139,3080.0
145,2019-06-13T17:00:00+00:00,3029.0511182937694,3188.0
145,2019-06-13T18:00:00+00:00,3020.4265679471646,3323.0
145,2019-06-13T19:00:00+00:00,3042.350909021111,3188.0
145,2019-06-13T20:00:00+00:00,2968.4535919565274,3202.0
145,2019-06-13T21:00:00+00:00,2944.0683841186133,3054.0
145,2019-06-13T22:00:00+00:00,3003.23205991774,3059.0
145,2019-06-13T23:00:00+00:00,3044.766303929529,2810.0
145,2019-06-14T00:00:00+00:00,3045.545703430357,2807.0
145,2019-06-14T01:00:00+00:00,3012.8481016030496,2763.0
145,2019-06-14T02:00:00+00:00,2956.2030576867137,2734.0
145,2019-06-14T03:00:00+00:00,2857.507353561877,2692.0
145,2019-06-14T04:00:00+00:00,2778.1731094896923,2795.0
145,2019-06-14T05:00:00+00:00,2678.8381887210344,2569.0
145,2019-06-14T06:00:00+00:00,2621.837829840403,2611.0
145,2019-06-14T07:00:00+00:00,2541.1700310742845,2650.0
145,2019-06-14T08:00:00+00:00,2555.7282950596523,2671.0
145,2019-06-14T09:00:00+00:00,2564.2177847422804,2631.0
145,2019-06-14T10:00:00+00:00,2711.7134810768966,2701.0
145,2019-06-14T11:00:00+00:00,2773.8867261759997,2709.0
145,2019-06-14T12:00:00+00:00,2841.7396571859513,2721.0
145,2019-06-14T13:00:00+00:00,2799.233320076161,2723.0
145,2019-06-14T14:00:00+00:00,2788.1132703314197,2812.0
145,2019-06-14T15:00:00+00:00,2771.6696427538855,2751.0
145,2019-06-14T16:00:00+00:00,2762.0654977749696,2772.0
145,2019-06-14T17:00:00+00:00,2818.119936311666,2789.0
145,2019-06-14T18:00:00+00:00,2783.395697503765,2728.0
145,2019-06-14T19:00:00+00:00,2738.6045318382285,2761.0
145,2019-06-14T20:00:00+00:00,2669.95749567649,2854.0
145,2019-06-14T21:00:00+00:00,2632.521270460491,2801.0
145,2019-06-14T22:00:00+00:00,2640.1115674181865,2796.0
145,2019-06-14T23:00:00+00:00,2679.7502034517474,2684.0
145,2019-06-15T00:00:00+00:00,2677.5121686078173,2668.0
145,2019-06-15T01:00:00+00:00,2691.9346779546686,2656.0
145,2019-06-15T02:00:00+00:00,2639.7578386814107,2651.0
145,2019-06-15T03:00:00+00:00,2630.647340925025,2597.0
145,2019-06-15T04:00:00+00:00,2570.403675510186,2778.0
145,2019-06-15T05:00:00+00:00,2551.1734427383394,2638.0
145,2019-06-15T06:00:00+00:00,2537.2246205844017,2596.0
145,2019-06-15T07:00:00+00:00,2535.2889603613144,2687.0
145,2019-06-15T08:00:00+00:00,2586.9328932809426,2676.0
145,2019-06-15T09:00:00+00:00,2728.4135487700314,2785.0
145,2019-06-15T10:00:00+00:00,2860.718142431942,3024.0
145,2019-06-15T11:00:00+00:00,3025.5070564126445,3224.0
145,2019-06-15T12:00:00+00:00,3114.3811536796084,3243.0
145,2019-06-15T13:00:00+00:00,3119.8967476582384,3291.0
145,2019-06-15T14:00:00+00:00,3165.6514474024543,3318.0
145,2019-06-15T15:00:00+00:00,3118.5347895777895,3271.0
145,2019-06-15T16:00:00+00:00,3101.3678752979176,3327.0
145,2019-06-15T17:00:00+00:00,3106.8307767811452,3376.0
145,2019-06-15T18:00:00+00:00,3121.3533010777214,3515.0
145,2019-06-15T19:00:00+00:00,3060.7797333853005,3593.0
145,2019-06-15T20:00:00+00:00,3005.950820839201,3666.0
145,2019-06-15T21:00:00+00:00,2980.4600785132343,3433.0
145,2019-06-15T22:00:00+00:00,2959.31401336229,3171.0
145,2019-06-15T23:00:00+00:00,2996.018954645542,3092.0
145,2019-06-16T00:00:00+00:00,2989.7632368203863,2999.0
145,2019-06-16T01:00:00+00:00,2948.2300172472037,2897.0
145,2019-06-16T02:00:00+00:00,2856.8255400998846,2815.0
145,2019-06-16T03:00:00+00:00,2800.512546477563,2859.0
145,2019-06-16T04:00:00+00:00,2704.047772219227,3015.0
145,2019-06-16T05:00:00+00:00,2689.2662467105356,2906.0
145,2019-06-16T06:00:00+00:00,2699.9357417470173,2841.0
145,2019-06-16T07:00:00+00:00,2634.969414357899,2781.0
145,2019-06-16T08:00:00+00:00,2695.436275203249,2817.0
145,2019-06-16T09:00:00+00:00,2758.067080848821,2865.0
145,2019-06-16T10:00:00+00:00,2936.258493788732,3130.0
145,2019-06-16T11:00:00+00:00,3114.89707418022,3346.0
145,2019-06-16T12:00:00+00:00,3236.4782741164036,3351.0
145,2019-06-16T13:00:00+00:00,3279.337018106704,3513.0
145,2019-06-16T14:00:00+00:00,3323.593377250228,3606.0
145,2019-06-16T15:00:00+00:00,3304.764658319173,3563.0
146,2019-06-13T16:00:00+00:00,2891.179460874872,3080.0
146,2019-06-13T17:00:00+00:00,2914.201438345681,3188.0
146,2019-06-13T18:00:00+00:00,2898.509946983489,3323.0
146,2019-06-13T19:00:00+00:00,2953.4837680227465,3188.0
146,2019-06-13T20:00:00+00:00,2986.2264451487245,3202.0
146,2019-06-13T21:00:00+00:00,2842.630257845155,3054.0
146,2019-06-13T22:00:00+00:00,2895.367696360815,3059.0
146,2019-06-13T23:00:00+00:00,2892.386051274458,2810.0
146,2019-06-14T00:00:00+00:00,2962.608244409145,2807.0
146,2019-06-14T01:00:00+00:00,2889.7664626193528,2763.0
146,2019-06-14T02:00:00+00:00,2776.8794087621777,2734.0
146,2019-06-14T03:00:00+00:00,2735.7211006724337,2692.0
146,2019-06-14T04:00:00+00:00,2732.7444786398873,2795.0
146,2019-06-14T05:00:00+00:00,2640.635022499515,2569.0
146,2019-06-14T06:00:00+00:00,2495.620979118649,2611.0
146,2019-06-14T07:00:00+00:00,2454.00319379085,2650.0
146,2019-06-14T08:00:00+00:00,2462.9904945432463,2671.0
146,2019-06-14T09:00:00+00:00,2360.175060133451,2631.0
146,2019-06-14T10:00:00+00:00,2593.7066796231425,2701.0
146,2019-06-14T11:00:00+00:00,2584.6499153239693,2709.0
146,2019-06-14T12:00:00+00:00,2665.2804377433868,2721.0
146,2019-06-14T13:00:00+00:00,2620.7094272389495,2723.0
146,2019-06-14T14:00:00+00:00,2589.8405805092184,2812.0
146,2019-06-14T15:00:00+00:00,2613.592751381355,2751.0
146,2019-06-14T16:00:00+00:00,2625.304794454815,2772.0
146,2019-06-14T17:00:00+00:00,2639.258110920057,2789.0
146,2019-06-14T18:00:00+00:00,2647.0517754642733,2728.0
146,2019-06-14T19:00:00+00:00,2664.0753013856934,2761.0
146,2019-06-14T20:00:00+00:00,2667.464937408545,2854.0
146,2019-06-14T21:00:00+00:00,2573.9790984312212,2801.0
146,2019-06-14T22:00:00+00:00,2632.9954863959115,2796.0
146,2019-06-14T23:00:00+00:00,2608.3361916612466,2684.0
146,2019-06-15T00:00:00+00:00,2612.294952899416,2668.0
146,2019-06-15T01:00:00+00:00,2578.6775043430193,2656.0
146,2019-06-15T02:00:00+00:00,2619.746124485117,2651.0
146,2019-06-15T03:00:00+00:00,2561.2142629347213,2597.0
146,2019-06-15T04:00:00+00:00,2610.5045646799595,2778.0
146,2019-06-15T05:00:00+00:00,2557.5906583527913,2638.0
146,2019-06-15T06:00:00+00:00,2552.07640275363,2596.0
146,2019-06-15T07:00:00+00:00,2595.6790213576105,2687.0
146,2019-06-15T08:00:00+00:00,2586.210366645958,2676.0
146,2019-06-15T09:00:00+00:00,2761.4376160486295,2785.0
146,2019-06-15T10:00:00+00:00,2965.063625469609,3024.0
146,2019-06-15T11:00:00+00:00,3066.7334401000867,3224.0
146,2019-06-15T12:00:00+00:00,3165.3822183274806,3243.0
146,2019-06-15T13:00:00+00:00,3143.0560659950834,3291.0
146,2019-06-15T14:00:00+00:00,3275.394366991776,3318.0
146,2019-06-15T15:00:00+00:00,3233.382618927106,3271.0
146,2019-06-15T16:00:00+00:00,3238.493063960213,3327.0
146,2019-06-15T17:00:00+00:00,3353.914165848881,3376.0
146,2019-06-15T18:00:00+00:00,3351.7209419323676,3515.0
146,2019-06-15T19:00:00+00:00,3369.112703963083,3593.0
146,2019-06-15T20:00:00+00:00,3267.171099161116,3666.0
146,2019-06-15T21:00:00+00:00,3207.8024860711525,3433.0
146,2019-06-15T22:00:00+00:00,3128.107672656015,3171.0
146,2019-06-15T23:00:00+00:00,3201.43804556812,3092.0
146,2019-06-16T00:00:00+00:00,3144.689863816631,2999.0
146,2019-06-16T01:00:00+00:00,3125.6764319956083,2897.0
146,2019-06-16T02:00:00+00:00,3061.976046352419,2815.0
146,2019-06-16T03:00:00+00:00,3021.751761900216,2859.0
146,2019-06-16T04:00:00+00:00,2900.0638220705546,3015.0
146,2019-06-16T05:00:00+00:00,2850.849097457324,2906.0
146,2019-06-16T06:00:00+00:00,2818.2646795727906,2841.0
146,2019-06-16T07:00:00+00:00,2703.5173112996895,2781.0
146,2019-06-16T08:00:00+00:00,2804.392591175093,2817.0
146,2019-06-16T09:00:00+00:00,2901.482735632864,2865.0
146,2019-06-16T10:00:00+00:00,3149.3608577341133,3130.0
146,2019-06-16T11:00:00+00:00,3230.7778515853825,3346.0
146,2019-06-16T12:00:00+00:00,3284.7307204144076,3351.0
146,2019-06-16T13:00:00+00:00,3310.6501407274313,3513.0
146,2019-06-16T14:00:00+00:00,3300.4333484156405,3606.0
146,2019-06-16T15:00:00+00:00,3368.3889050414423,3563.0
146,2019-06-16T16:00:00+00:00,3389.2243504930843,3533.0
146,2019-06-16T17:00:00+00:00,3383.4042504003824,3643.0
146,2019-06-16T18:00:00+00:00,3359.922812214722,3779.0
146,2019-06-16T19:00:00+00:00,3428.864374475724,3800.0
146,2019-06-16T20:00:00+00:00,3331.0305206363064,3686.0
146,2019-06-16T21:00:00+00:00,3327.486970974485,3458.0
146,2019-06-16T22:00:00+00:00,3283.922256598931,3148.0
146,2019-06-16T23:00:00+00:00,3277.0033634851334,3118.0
146,2019-06-17T00:00:00+00:00,3285.3042738482163,2984.0
146,2019-06-17T01:00:00+00:00,3201.7172050882914,2843.0
146,2019-06-17T02:00:00+00:00,3024.823656723133,2825.0
146,2019-06-17T03:00:00+00:00,2975.1361702163745,2875.0
146,2019-06-17T04:00:00+00:00,2907.374381195962,3005.0
146,2019-06-17T05:00:00+00:00,2823.227655016225,2924.0
146,2019-06-17T06:00:00+00:00,2743.465129513863,2841.0
146,2019-06-17T07:00:00+00:00,2723.5015308856505,2859.0
146,2019-06-17T08:00:00+00:00,2831.163220830594,2885.0
146,2019-06-17T09:00:00+00:00,2869.890503061575,2889.0
146,2019-06-17T10:00:00+00:00,3009.705090913023,2994.0
146,2019-06-17T11:00:00+00:00,3177.510580031911,3290.0
146,2019-06-17T12:00:00+00:00,3265.382032797926,3271.0
146,2019-06-17T13:00:00+00:00,3336.7537782343225,3428.0
146,2019-06-17T14:00:00+00:00,3336.388499778422,3441.0
146,2019-06-17T15:00:00+00:00,3361.104006450798,3332.0
147,2019-06-14T16:00:00+00:00,2703.369593861966,2772.0
147,2019-06-14T17:00:00+00:00,2718.812113596461,2789.0
147,2019-06-14T18:00:00+00:00,2708.155704937012,2728.0
147,2019-06-14T19:00:00+00:00,2722.78349856197,2761.0
147,2019-06-14T20:00:00+00:00,2687.7206001787254,2854.0
147,2019-06-14T21:00:00+00:00,2613.6752352123517,2801.0
147,2019-06-14T22:00:00+00:00,2594.452140464342,2796.0
147,2019-06-14T23:00:00+00:00,2665.027566639705,2684.0
147,2019-06-15T00:00:00+00:00,2629.7568063586345,2668.0
147,2019-06-15T01:00:00+00:00,2596.5035292035154,2656.0
147,2019-06-15T02:00:00+00:00,2519.1348853988425,2651.0
147,2019-06-15T03:00:00+00:00,2514.3495013447427,2597.0
147,2019-06-15T04:00:00+00:00,2505.771050735414,2778.0
147,2019-06-15T05:00:00+00:00,2510.6575567938617,2638.0
147,2019-06-15T06:00:00+00:00,2462.0454994986976,2596.0
147,2019-06-15T07:00:00+00:00,2527.7097009034396,2687.0
147,2019-06-15T08:00:00+00:00,2636.730787832317,2676.0
147,2019-06-15T09:00:00+00:00,2698.76960014917,2785.0
147,2019-06-15T10:00:00+00:00,2836.499091926661,3024.0
147,2019-06-15T11:00:00+00:00,2957.831551559994,3224.0
147,2019-06-15T12:00:00+00:00,3044.413136981666,3243.0
147,2019-06-15T13:00:00+00:00,3164.4113479465254,3291.0
147,2019-06-15T14:00:00+00:00,3202.179326038878,3318.0
147,2019-06-15T15:00:00+00:00,3246.874210998641,3271.0
147,2019-06-15T16:00:00+00:00,3284.827975989177,3327.0
147,2019-06-15T17:00:00+00:00,3369.218997730071,3376.0
147,2019-06-15T18:00:00+00:00,3436.188366965435,3515.0
147,2019-06-15T19:00:00+00:00,3367.1267305858714,3593.0
147,2019-06-15T20:00:00+00:00,3327.448670189178,3666.0
147,2019-06-15T21:00:00+00:00,3237.4843223972375,3433.0
147,2019-06-15T22:00:00+00:00,3255.5769821897848,3171.0
147,2019-06-15T23:00:00+00:00,3269.1179290696514,3092.0
147,2019-06-16T00:00:00+00:00,3137.55248438527,2999.0
147,2019-06-16T01:00:00+00:00,3103.4230808970597,2897.0
147,2019-06-16T02:00:00+00:00,3041.3053537611277,2815.0
147,2019-06-16T03:00:00+00:00,2873.6292413242722,2859.0
147,2019-06-16T04:00:00+00:00,2816.353473690624,3015.0
147,2019-06-16T05:00:00+00:00,2810.1486803781154,2906.0
147,2019-06-16T06:00:00+00:00,2724.475606768051,2841.0
147,2019-06-16T07:00:00+00:00,2726.6100741735418,2781.0
147,2019-06-16T08:00:00+00:00,2799.556778304446,2817.0
147,2019-06-16T09:00:00+00:00,2843.1849087343603,2865.0
147,2019-06-16T10:00:00+00:00,3026.3423704335237,3130.0
147,2019-06-16T11:00:00+00:00,3138.00766559046,3346.0
147,2019-06-16T12:00:00+00:00,3179.605771783099,3351.0
147,2019-06-16T13:00:00+00:00,3267.4866592982125,3513.0
147,2019-06-16T14:00:00+00:00,3355.477145220979,3606.0
147,2019-06-16T15:00:00+00:00,3375.8122515527443,3563.0
147,2019-06-16T16:00:00+00:00,3373.389156831577,3533.0
147,2019-06-16T17:00:00+00:00,3447.8710317833834,3643.0
147,2019-06-16T18:00:00+00:00,3480.9851174736946,3779.0
147,2019-06-16T19:00:00+00:00,3488.120695875893,3800.0
147,2019-06-16T20:00:00+00:00,3480.146465765744,3686.0
147,2019-06-16T21:00:00+00:00,3400.8887241249527,3458.0
147,2019-06-16T22:00:00+00:00,3328.4188135491872,3148.0
147,2019-06-16T23:00:00+00:00,3266.1213304842854,3118.0
147,2019-06-17T00:00:00+00:00,3235.099974587866,2984.0
147,2019-06-17T01:00:00+00:00,3171.8060927928723,2843.0
147,2019-06-17T02:00:00+00:00,3090.749585668539,2825.0
147,2019-06-17T03:00:00+00:00,2986.666193682009,2875.0
147,2019-06-17T04:00:00+00:00,2912.478134331723,3005.0
147,2019-06-17T05:00:00+00:00,2913.9739799287127,2924.0
147,2019-06-17T06:00:00+00:00,2817.2119532425645,2841.0
147,2019-06-17T07:00:00+00:00,2800.2915982027043,2859.0
147,2019-06-17T08:00:00+00:00,2783.6111600751196,2885.0
147,2019-06-17T09:00:00+00:00,2990.3533465039263,2889.0
147,2019-06-17T10:00:00+00:00,3011.993191063027,2994.0
147,2019-06-17T11:00:00+00:00,3060.597912055915,3290.0
147,2019-06-17T12:00:00+00:00,3199.7495559435674,3271.0
147,2019-06-17T13:00:00+00:00,3242.9306676307338,3428.0
147,2019-06-17T14:00:00+00:00,3310.9389167519375,3441.0
147,2019-06-17T15:00:00+00:00,3328.3811406456066,3332.0
147,2019-06-17T16:00:00+00:00,3326.844482736405,3456.0
147,2019-06-17T17:00:00+00:00,3395.010759774207,3372.0
147,2019-06-17T18:00:00+00:00,3453.471968107186,3711.0
147,2019-06-17T19:00:00+00:00,3443.300052815626,3661.0
147,2019-06-17T20:00:00+00:00,3295.9770900485664,3579.0
147,2019-06-17T21:00:00+00:00,3267.3304654571834,3371.0
147,2019-06-17T22:00:00+00:00,3221.8094203311834,3230.0
147,2019-06-17T23:00:00+00:00,3168.831767485588,3036.0
147,2019-06-18T00:00:00+00:00,3187.5795557667584,2918.0
147,2019-06-18T01:00:00+00:00,3133.31874399737,2893.0
147,2019-06-18T02:00:00+00:00,3003.615497374094,2893.0
147,2019-06-18T03:00:00+00:00,2896.299109332231,2879.0
147,2019-06-18T04:00:00+00:00,2868.435535869611,2958.0
147,2019-06-18T05:00:00+00:00,2774.9444755600366,2901.0
147,2019-06-18T06:00:00+00:00,2814.060086115556,2786.0
147,2019-06-18T07:00:00+00:00,2775.97169006433,2780.0
147,2019-06-18T08:00:00+00:00,2846.0157300207693,2796.0
147,2019-06-18T09:00:00+00:00,2907.4798653259872,2827.0
147,2019-06-18T10:00:00+00:00,3039.725735523282,3099.0
147,2019-06-18T11:00:00+00:00,3183.6245122493374,3432.0
147,2019-06-18T12:00:00+00:00,3250.8848881416566,3481.0
147,2019-06-18T13:00:00+00:00,3323.6591726458673,3558.0
147,2019-06-18T14:00:00+00:00,3347.9801713156617,3515.0
147,2019-06-18T15:00:00+00:00,3331.644803766311,3443.0
148,2019-06-15T16:00:00+00:00,3427.4907179673214,3327.0
148,2019-06-15T17:00:00+00:00,3461.759345966746,3376.0
148,2019-06-15T18:00:00+00:00,3393.38894127507,3515.0
148,2019-06-15T19:00:00+00:00,3357.070973413684,3593.0
148,2019-06-15T20:00:00+00:00,3323.1217719809333,3666.0
148,2019-06-15T21:00:00+00:00,3268.4730614902933,3433.0
148,2019-06-15T22:00:00+00:00,3207.7995449409605,3171.0
148,2019-06-15T23:00:00+00:00,3274.960203301215,3092.0
148,2019-06-16T00:00:00+00:00,3230.464439464719,2999.0
148,2019-06-16T01:00:00+00:00,3139.875415447883,2897.0
148,2019-06-16T02:00:00+00:00,3031.784849237442,2815.0
148,2019-06-16T03:00:00+00:00,2985.1814847240607,2859.0
148,2019-06-16T04:00:00+00:00,2935.2330307439915,3015.0
148,2019-06-16T05:00:00+00:00,2836.2523674546164,2906.0
148,2019-06-16T06:00:00+00:00,2814.8082567621004,2841.0
148,2019-06-16T07:00:00+00:00,2851.085147940021,2781.0
148,2019-06-16T08:00:00+00:00,2776.3893966443793,2817.0
148,2019-06-16T09:00:00+00:00,2878.909726642795,2865.0
148,2019-06-16T10:00:00+00:00,3017.9166933621354,3130.0
148,2019-06-16T11:00:00+00:00,3102.8639522197536,3346.0
148,2019-06-16T12:00:00+00:00,3245.4548843562484,3351.0
148,2019-06-16T13:00:00+00:00,3308.456470684428,3513.0
148,2019-06-16T14:00:00+00:00,3353.085940282228,3606.0
148,2019-06-16T15:00:00+00:00,3320.4481194045493,3563.0
148,2019-06-16T16:00:00+00:00,3386.791787976412,3533.0
148,2019-06-16T17:00:00+00:00,3425.5682102140804,3643.0
148,2019-06-16T18:00:00+00:00,3411.4080562896193,3779.0
148,2019-06-16T19:00:00+00:00,3442.6696926087866,3800.0
148,2019-06-16T20:00:00+00:00,3280.5754156726903,3686.0
148,2019-06-16T21:00:00+00:00,3331.764332619162,3458.0
148,2019-06-16T22:00:00+00:00,3296.6599940419783,3148.0
148,2019-06-16T23:00:00+00:00,3255.7037647288957,3118.0
148,2019-06-17T00:00:00+00:00,3224.5146652723242,2984.0
148,2019-06-17T01:00:00+00:00,3189.402147709495,2843.0
148,2019-06-17T02:00:00+00:00,3055.840452215434,2825.0
148,2019-06-17T03:00:00+00:00,2995.6592114627556,2875.0
148,2019-06-17T04:00:00+00:00,2877.4018191073783,3005.0
148,2019-06-17T05:00:00+00:00,2790.7906241053483,2924.0
148,2019-06-17T06:00:00+00:00,2686.1608758776824,2841.0
148,2019-06-17T07:00:00+00:00,2732.087648261322,2859.0
148,2019-06-17T08:00:00+00:00,2748.0949971782698,2885.0
148,2019-06-17T09:00:00+00:00,2804.1233951465265,2889.0
148,2019-06-17T10:00:00+00:00,2879.468409193611,2994.0
148,2019-06-17T11:00:00+00:00,3066.486186885535,3290.0
148,2019-06-17T12:00:00+00:00,3071.5184936901196,3271.0
148,2019-06-17T13:00:00+00:00,3068.059294981271,3428.0
148,2019-06-17T14:00:00+00:00,3072.7801724495907,3441.0
148,2019-06-17T15:00:00+00:00,3194.5464983558245,3332.0
148,2019-06-17T16:00:00+00:00,3140.1773274190327,3456.0
148,2019-06-17T17:00:00+00:00,3211.3375593296687,3372.0
148,2019-06-17T18:00:00+00:00,3242.233421496836,3711.0
148,2019-06-17T19:00:00+00:00,3180.6827211293994,3661.0
148,2019-06-17T20:00:00+00:00,3231.2646582017364,3579.0
148,2019-06-17T21:00:00+00:00,3127.183083767572,3371.0
148,2019-06-17T22:00:00+00:00,3074.999040377664,3230.0
148,2019-06-17T23:00:00+00:00,3113.967743132423,3036.0
148,2019-06-18T00:00:00+00:00,3107.0279977360296,2918.0
148,2019-06-18T01:00:00+00:00,3054.752234044466,2893.0
148,2019-06-18T02:00:00+00:00,2974.3446096378993,2893.0
148,2019-06-18T03:00:00+00:00,2864.3982894156493,2879.0
148,2019-06-18T04:00:00+00:00,2848.433603409686,2958.0
148,2019-06-18T05:00:00+00:00,2741.7749379993675,2901.0
148,2019-06-18T06:00:00+00:00,2759.4778980415012,2786.0
148,2019-06-18T07:00:00+00:00,2772.0087649789225,2780.0
148,2019-06-18T08:00:00+00:00,2790.373115803739,2796.0
148,2019-06-18T09:00:00+00:00,2878.233762394779,2827.0
148,2019-06-18T10:00:00+00:00,2975.504571557703,3099.0
148,2019-06-18T11:00:00+00:00,3111.9690303654484,3432.0
148,2019-06-18T12:00:00+00:00,3246.624793244454,3481.0
148,2019-06-18T13:00:00+00:00,3317.76594085525,3558.0
148,2019-06-18T14:00:00+00:00,3337.493654232798,3515.0
148,2019-06-18T15:00:00+00:00,3320.597489162605,3443.0
148,2019-06-18T16:00:00+00:00,3406.644879420788,3496.0
148,2019-06-18T17:00:00+00:00,3415.084138565309,3515.0
148,2019-06-18T18:00:00+00:00,3420.1551427120803,3540.0
148,2019-06-18T19:00:00+00:00,3333.116822904106,3578.0
148,2019-06-18T20:00:00+00:00,3386.138295284918,3554.0
148,2019-06-18T21:00:00+00:00,3261.8327826309574,3335.0
148,2019-06-18T22:00:00+00:00,3189.375611444955,3271.0
148,2019-06-18T23:00:00+00:00,3239.866224772516,3120.0
148,2019-06-19T00:00:00+00:00,3265.7143805096002,2966.0
148,2019-06-19T01:00:00+00:00,3184.645993202076,2853.0
148,2019-06-19T02:00:00+00:00,3053.3638884083075,2806.0
148,2019-06-19T03:00:00+00:00,2938.2872457393505,2862.0
148,2019-06-19T04:00:00+00:00,2890.2116638097345,3006.0
148,2019-06-19T05:00:00+00:00,2824.712562252613,2905.0
148,2019-06-19T06:00:00+00:00,2799.355856152017,2835.0
148,2019-06-19T07:00:00+00:00,2788.1621129204477,2764.0
148,2019-06-19T08:00:00+00:00,2850.88918274859,2838.0
148,2019-06-19T09:00:00+00:00,2872.9834484455278,2917.0
148,2019-06-19T10:00:00+00:00,2983.121305640718,3060.0
148,2019-06-19T11:00:00+00:00,3178.4943054650535,3516.0
148,2019-06-19T12:00:00+00:00,3236.8034177114278,3586.0
148,2019-06-19T13:00:00+00:00,3284.1650155021784,3554.0
148,2019-06-19T14:00:00+00:00,3353.355565914081,3593.0
148,2019-06-19T15:00:00+00:00,3376.7867239920247,3456.0
149,2019-06-16T16:00:00+00:00,3519.5862946169013,3533.0
149,2019-06-16T17:00:00+00:00,3542.456324709936,3643.0
149,2019-06-16T18:00:00+00:00,3585.407268174789,3779.0
149,2019-06-16T19:00:00+00:00,3588.357981824522,3800.0
149,2019-06-16T20:00:00+00:00,3522.8183984192547,3686.0
149,2019-06-16T21:00:00+00:00,3353.1586093304504,3458.0
149,2019-06-16T22:00:00+00:00,3373.081230414417,3148.0
149,2019-06-16T23:00:00+00:00,3293.1276305888073,3118.0
149,2019-06-17T00:00:00+00:00,3246.205335204852,2984.0
149,2019-06-17T01:00:00+00:00,3194.777922341591,2843.0
149,2019-06-17T02:00:00+00:00,3064.364475393011,2825.0
149,2019-06-17T03:00:00+00:00,3005.3758133634997,2875.0
149,2019-06-17T04:00:00+00:00,2926.8702409844573,3005.0
149,2019-06-17T05:00:00+00:00,2828.4854044069725,2924.0
149,2019-06-17T06:00:00+00:00,2767.7915147479407,2841.0
149,2019-06-17T07:00:00+00:00,2742.469110817447,2859.0
149,2019-06-17T08:00:00+00:00,2753.7374067424175,2885.0
149,2019-06-17T09:00:00+00:00,2783.1639761003385,2889.0
149,2019-06-17T10:00:00+00:00,2942.296204469221,2994.0
149,2019-06-17T11:00:00+00:00,3062.0599842253087,3290.0
149,2019-06-17T12:00:00+00:00,3192.8096453151406,3271.0
149,2019-06-17T13:00:00+00:00,3251.4045098398133,3428.0
149,2019-06-17T14:00:00+00:00,3333.4593819554343,3441.0
149,2019-06-17T15:00:00+00:00,3321.1977440929863,3332.0
149,2019-06-17T16:00:00+00:00,3416.3685532525546,3456.0
149,2019-06-17T17:00:00+00:00,3363.1028018337893,3372.0
149,2019-06-17T18:00:00+00:00,3394.1941500194916,3711.0
149,2019-06-17T19:00:00+00:00,3398.463547480166,3661.0
149,2019-06-17T20:00:00+00:00,3393.3906596882157,3579.0
149,2019-06-17T21:00:00+00:00,3281.274181941294,3371.0
149,2019-06-17T22:00:00+00:00,3206.9796966383933,3230.0
149,2019-06-17T23:00:00+00:00,3191.7706828132837,3036.0
149,2019-06-18T00:00:00+00:00,3179.421521542825,2918.0
149,2019-06-18T01:00:00+00:00,3102.302312015542,2893.0
149,2019-06-18T02:00:00+00:00,3010.9458843434913,2893.0
149,2019-06-18T03:00:00+00:00,2934.2313941584453,2879.0
149,2019-06-18T04:00:00+00:00,2869.9743748416518,2958.0
149,2019-06-18T05:00:00+00:00,2837.4859567684352,2901.0
149,2019-06-18T06:00:00+00:00,2780.048096510171,2786.0
149,2019-06-18T07:00:00+00:00,2700.589796227424,2780.0
149,2019-06-18T08:00:00+00:00,2733.22695617697,2796.0
149,2019-06-18T09:00:00+00:00,2847.172552531941,2827.0
149,2019-06-18T10:00:00+00:00,2972.8046801344394,3099.0
149,2019-06-18T11:00:00+00:00,3027.1386566481497,3432.0
149,2019-06-18T12:00:00+00:00,3107.8711933248946,3481.0
149,2019-06-18T13:00:00+00:00,3199.9645228188224,3558.0
149,2019-06-18T14:00:00+00:00,3252.920464175249,3515.0
149,2019-06-18T15:00:00+00:00,3225.527686344961,3443.0
149,2019-06-18T16:00:00+00:00,3234.2306723377483,3496.0
149,2019-06-18T17:00:00+00:00,3299.9120578739485,3515.0
149,2019-06-18T18:00:00+00:00,3280.4975252922177,3540.0
149,2019-06-18T19:00:00+00:00,3336.1765566493755,3578.0
149,2019-06-18T20:00:00+00:00,3321.0428555850203,3554.0
149,2019-06-18T21:00:00+00:00,3195.7288492161333,3335.0
149,2019-06-18T22:00:00+00:00,3175.595045070473,3271.0
149,2019-06-18T23:00:00+00:00,3161.1746837400538,3120.0
149,2019-06-19T00:00:00+00:00,3259.9130177294683,2966.0
149,2019-06-19T01:00:00+00:00,3178.2029683440314,2853.0
149,2019-06-19T02:00:00+00:00,3129.0374333070986,2806.0
149,2019-06-19T03:00:00+00:00,3028.5279275836947,2862.0
149,2019-06-19T04:00:00+00:00,3011.1412546996035,3006.0
149,2019-06-19T05:00:00+00:00,2953.700486357554,2905.0
149,2019-06-19T06:00:00+00:00,2846.9193840105995,2835.0
149,2019-06-19T07:00:00+00:00,2914.4365965753987,2764.0
149,2019-06-19T08:00:00+00:00,2996.850964025756,2838.0
149,2019-06-19T09:00:00+00:00,3035.5486366763794,2917.0
149,2019-06-19T10:00:00+00:00,3093.033356739272,3060.0
149,2019-06-19T11:00:00+00:00,3136.8267522488404,3516.0
149,2019-06-19T12:00:00+00:00,3306.323325135203,3586.0
149,2019-06-19T13:00:00+00:00,3325.4768241508095,3554.0
149,2019-06-19T14:00:00+00:00,3371.2402481463805,3593.0
149,2019-06-19T15:00:00+00:00,3358.4828150449703,3456.0
149,2019-06-19T16:00:00+00:00,3461.6398501603016,3427.0
149,2019-06-19T17:00:00+00:00,3409.4465207301255,3407.0
149,2019-06-19T18:00:00+00:00,3407.748827681321,3649.0
149,2019-06-19T19:00:00+00:00,3445.089978385389,3657.0
149,2019-06-19T20:00:00+00:00,3434.041837621517,3561.0
149,2019-06-19T21:00:00+00:00,3356.6963923943117,3422.0
149,2019-06-19T22:00:00+00:00,3291.5394863780457,3229.0
149,2019-06-19T23:00:00+00:00,3306.9361707465177,3049.0
149,2019-06-20T00:00:00+00:00,3298.7268154530575,2920.0
149,2019-06-20T01:00:00+00:00,3165.6212595099796,2839.0
149,2019-06-20T02:00:00+00:00,3149.381561307879,2812.0
149,2019-06-20T03:00:00+00:00,3046.0871357569026,2828.0
149,2019-06-20T04:00:00+00:00,2929.2168002278245,3029.0
149,2019-06-20T05:00:00+00:00,2857.9453506356094,2933.0
149,2019-06-20T06:00:00+00:00,2802.015298773542,2872.0
149,2019-06-20T07:00:00+00:00,2697.072799353345,2824.0
149,2019-06-20T08:00:00+00:00,2747.407235363081,2794.0
149,2019-06-20T09:00:00+00:00,2785.748667750022,2797.0
149,2019-06-20T10:00:00+00:00,2826.4938957566474,2722.0
149,2019-06-20T11:00:00+00:00,2858.6918028690084,2761.0
149,2019-06-20T12:00:00+00:00,2862.3472641869485,2650.0
149,2019-06-20T13:00:00+00:00,2958.031548413037,2693.0
149,2019-06-20T14:00:00+00:00,2900.7127874043376,3435.0
149,2019-06-20T15:00:00+00:00,2893.021731952768,2949.0
150,2019-06-17T16:00:00+00:00,3563.792770209588,3456.0
150,2019-06-17T17:00:00+00:00,3562.7297994933006,3372.0
150,2019-06-17T18:00:00+00:00,3567.963226728754,3711.0
150,2019-06-17T19:00:00+00:00,3543.338068932158,3661.0
150,2019-06-17T20:00:00+00:00,3402.4863196080155,3579.0
150,2019-06-17T21:00:00+00:00,3324.1135276908913,3371.0
150,2019-06-17T22:00:00+00:00,3372.9165601700824,3230.0
150,2019-06-17T23:00:00+00:00,3382.0278510402277,3036.0
150,2019-06-18T00:00:00+00:00,3288.021365926141,2918.0
150,2019-06-18T01:00:00+00:00,3318.526338672255,2893.0
150,2019-06-18T02:00:00+00:00,3153.2378952086383,2893.0
150,2019-06-18T03:00:00+00:00,3017.657477348377,2879.0
150,2019-06-18T04:00:00+00:00,2962.5815759589786,2958.0
150,2019-06-18T05:00:00+00:00,2907.1565392833286,2901.0
150,2019-06-18T06:00:00+00:00,2841.7613025823066,2786.0
150,2019-06-18T07:00:00+00:00,2877.557434636291,2780.0
150,2019-06-18T08:00:00+00:00,2877.0593922416765,2796.0
150,2019-06-18T09:00:00+00:00,2941.4727541083284,2827.0
150,2019-06-18T10:00:00+00:00,3045.6610023431576,3099.0
150,2019-06-18T11:00:00+00:00,3263.5045838201518,3432.0
150,2019-06-18T12:00:00+00:00,3364.5369167431572,3481.0
150,2019-06-18T13:00:00+00:00,3360.0750900565627,3558.0
150,2019-06-18T14:00:00+00:00,3457.733401383858,3515.0
150,2019-06-18T15:00:00+00:00,3452.2974657684567,3443.0
150,2019-06-18T16:00:00+00:00,3534.6741933616404,3496.0
150,2019-06-18T17:00:00+00:00,3494.730340716265,3515.0
150,2019-06-18T18:00:00+00:00,3457.634790906416,3540.0
150,2019-06-18T19:00:00+00:00,3497.9143619969436,3578.0
150,2019-06-18T20:00:00+00:00,3405.4408666409204,3554.0
150,2019-06-18T21:00:00+00:00,3383.547556142818,3335.0
150,2019-06-18T22:00:00+00:00,3335.515033681066,3271.0
150,2019-06-18T23:00:00+00:00,3379.5921656381265,3120.0
150,2019-06-19T00:00:00+00:00,3387.0339189979327,2966.0
150,2019-06-19T01:00:00+00:00,3288.7219001775,2853.0
150,2019-06-19T02:00:00+00:00,3244.0307329384855,2806.0
150,2019-06-19T03:00:00+00:00,3163.166754179292,2862.0
150,2019-06-19T04:00:00+00:00,3028.257541884488,3006.0
150,2019-06-19T05:00:00+00:00,2960.7555637131545,2905.0
150,2019-06-19T06:00:00+00:00,2960.398398150087,2835.0
150,2019-06-19T07:00:00+00:00,2863.0738885763576,2764.0
150,2019-06-19T08:00:00+00:00,2926.3769572724004,2838.0
150,2019-06-19T09:00:00+00:00,3021.3096340256525,2917.0
150,2019-06-19T10:00:00+00:00,3142.522383050897,3060.0
150,2019-06-19T11:00:00+00:00,3267.950961311638,3516.0
150,2019-06-19T12:00:00+00:00,3407.4296985323067,3586.0
150,2019-06-19T13:00:00+00:00,3503.7390224937635,3554.0
150,2019-06-19T14:00:00+00:00,3428.9861339610243,3593.0
150,2019-06-19T15:00:00+00:00,3414.461874728099,3456.0
150,2019-06-19T16:00:00+00:00,3502.4907936217987,3427.0
150,2019-06-19T17:00:00+00:00,3487.82582278936,3407.0
150,2019-06-19T18:00:00+00:00,3434.3577282226793,3649.0
150,2019-06-19T19:00:00+00:00,3386.130165868882,3657.0
150,2019-06-19T20:00:00+00:00,3276.45796558979,3561.0
150,2019-06-19T21:00:00+00:00,3342.9130005520615,3422.0
150,2019-06-19T22:00:00+00:00,3293.6319683238885,3229.0
150,2019-06-19T23:00:00+00:00,3289.7018748434875,3049.0
150,2019-06-20T00:00:00+00:00,3236.5795778759875,2920.0
150,2019-06-20T01:00:00+00:00,3152.7964117390047,2839.0
150,2019-06-20T02:00:00+00:00,3083.1940865770457,2812.0
150,2019-06-20T03:00:00+00:00,2970.698004756941,2828.0
150,2019-06-20T04:00:00+00:00,2867.3124206932216,3029.0
150,2019-06-20T05:00:00+00:00,2726.9404721472233,2933.0
150,2019-06-20T06:00:00+00:00,2721.857670433278,2872.0
150,2019-06-20T07:00:00+00:00,2655.0884632829902,2824.0
150,2019-06-20T08:00:00+00:00,2648.8052838939084,2794.0
150,2019-06-20T09:00:00+00:00,2695.9440001950115,2797.0
150,2019-06-20T10:00:00+00:00,2848.3427588378063,2722.0
150,2019-06-20T11:00:00+00:00,2945.0163202933536,2761.0
150,2019-06-20T12:00:00+00:00,3045.9865755414685,2650.0
150,2019-06-20T13:00:00+00:00,3009.2521899098915,2693.0
150,2019-06-20T14:00:00+00:00,3083.4226355254336,3435.0
150,2019-06-20T15:00:00+00:00,3015.4314053036537,2949.0
150,2019-06-20T16:00:00+00:00,3059.2979986039504,2941.0
150,2019-06-20T17:00:00+00:00,3107.4094358847815,2975.0
150,2019-06-20T18:00:00+00:00,3126.0526818585163,3016.0
150,2019-06-20T19:00:00+00:00,3040.9194708706814,3178.0
150,2019-06-20T20:00:00+00:00,3050.7377896110925,3175.0
150,2019-06-20T21:00:00+00:00,3043.704787255134,3083.0
150,2019-06-20T22:00:00+00:00,2982.263520063317,2984.0
150,2019-06-20T23:00:00+00:00,3016.842024217894,2829.0
150,2019-06-21T00:00:00+00:00,2990.0308135750274,2813.0
150,2019-06-21T01:00:00+00:00,2886.2635435145066,2781.0
150,2019-06-21T02:00:00+00:00,2836.0684972480185,2722.0
150,2019-06-21T03:00:00+00:00,2755.825807457039,2675.0
150,2019-06-21T04:00:00+00:00,2639.5690776066285,2749.0
150,2019-06-21T05:00:00+00:00,2601.0032601185376,2570.0
150,2019-06-21T06:00:00+00:00,2538.7608819367233,2536.0
150,2019-06-21T07:00:00+00:00,2504.612047161403,2545.0
150,2019-06-21T08:00:00+00:00,2503.5745221782354,2554.0
150,2019-06-21T09:00:00+00:00,2567.3273855151847,2580.0
150,2019-06-21T10:00:00+00:00,2593.6065490109945,2556.0
150,2019-06-21T11:00:00+00:00,2691.355969281423,2601.0
150,2019-06-21T12:00:00+00:00,2757.386721428721,2599.0
150,2019-06-21T13:00:00+00:00,2771.667593876673,2675.0
150,2019-06-21T14:00:00+00:00,2746.179627448865,2700.0
150,2019-06-21T15:00:00+00:00,2698.0867952949784,2692.0
151,2019-06-18T16:00:00+00:00,3438.1106103474226,3496.0
151,2019-06-18T17:00:00+00:00,3409.5185288502144,3515.0
151,2019-06-18T18:00:00+00:00,3508.2729233932605,3540.0
151,2019-06-18T19:00:00+00:00,3447.604644699382,3578.0
151,2019-06-18T20:00:00+00:00,3409.230364184231,3554.0
151,2019-06-18T21:00:00+00:00,3289.7490320657766,3335.0
151,2019-06-18T22:00:00+00:00,3309.9696821681114,3271.0
151,2019-06-18T23:00:00+00:00,3345.8691668588917,3120.0
151,2019-06-19T00:00:00+00:00,3318.1183146893536,2966.0
151,2019-06-19T01:00:00+00:00,3307.0335915533205,2853.0
151,2019-06-19T02:00:00+00:00,3161.780986162852,2806.0
151,2019-06-19T03:00:00+00:00,3077.3175762681926,2862.0
151,2019-06-19T04:00:00+00:00,3019.6458465900705,3006.0
151,2019-06-19T05:00:00+00:00,2943.9455836715038,2905.0
151,2019-06-19T06:00:00+00:00,2816.690282667196,2835.0
151,2019-06-19T07:00:00+00:00,2900.7933875901554,2764.0
151,2019-06-19T08:00:00+00:00,2830.398626119945,2838.0
151,2019-06-19T09:00:00+00:00,2857.676881627989,2917.0
151,2019-06-19T10:00:00+00:00,3112.2940417748464,3060.0
151,2019-06-19T11:00:00+00:00,3267.5466550494843,3516.0
151,2019-06-19T12:00:00+00:00,3303.369967772938,3586.0
151,2019-06-19T13:00:00+00:00,3328.7996238162127,3554.0
151,2019-06-19T14:00:00+00:00,3404.674322192279,3593.0
151,2019-06-19T15:00:00+00:00,3325.5212385213463,3456.0
151,2019-06-19T16:00:00+00:00,3329.4858820198992,3427.0
151,2019-06-19T17:00:00+00:00,3374.522318115588,3407.0
151,2019-06-19T18:00:00+00:00,3404.6255787424707,3649.0
151,2019-06-19T19:00:00+00:00,3445.223452821846,3657.0
151,2019-06-19T20:00:00+00:00,3385.9033353336404,3561.0
151,2019-06-19T21:00:00+00:00,3302.3419601548853,3422.0
151,2019-06-19T22:00:00+00:00,3298.327333966275,3229.0
151,2019-06-19T23:00:00+00:00,3328.358454287442,3049.0
151,2019-06-20T00:00:00+00:00,3304.042610857085,2920.0
151,2019-06-20T01:00:00+00:00,3240.97151967412,2839.0
151,2019-06-20T02:00:00+00:00,3165.0644606043425,2812.0
151,2019-06-20T03:00:00+00:00,3058.351747795949,2828.0
151,2019-06-20T04:00:00+00:00,2916.4793271560306,3029.0
151,2019-06-20T05:00:00+00:00,2800.0515491048027,2933.0
151,2019-06-20T06:00:00+00:00,2751.8870723412992,2872.0
151,2019-06-20T07:00:00+00:00,2577.928672768342,2824.0
151,2019-06-20T08:00:00+00:00,2629.878020578225,2794.0
151,2019-06-20T09:00:00+00:00,2647.9965722303823,2797.0
151,2019-06-20T10:00:00+00:00,2736.7803701911766,2722.0
151,2019-06-20T11:00:00+00:00,2817.9758870250807,2761.0
151,2019-06-20T12:00:00+00:00,2947.354684027872,2650.0
151,2019-06-20T13:00:00+00:00,2895.5170991652776,2693.0
151,2019-06-20T14:00:00+00:00,2904.472113578377,3435.0
151,2019-06-20T15:00:00+00:00,2844.397910136837,2949.0
151,2019-06-20T16:00:00+00:00,2879.460147591949,2941.0
151,2019-06-20T17:00:00+00:00,2877.0311375639913,2975.0
151,2019-06-20T18:00:00+00:00,2951.135953015927,3016.0
151,2019-06-20T19:00:00+00:00,2926.081423257734,3178.0
151,2019-06-20T20:00:00+00:00,2948.087124584851,3175.0
151,2019-06-20T21:00:00+00:00,2913.006678559675,3083.0
151,2019-06-20T22:00:00+00:00,2914.4330275634807,2984.0
151,2019-06-20T23:00:00+00:00,2968.5189907952868,2829.0
151,2019-06-21T00:00:00+00:00,3032.70519166263,2813.0
151,2019-06-21T01:00:00+00:00,2939.650542199269,2781.0
151,2019-06-21T02:00:00+00:00,2845.605822392689,2722.0
151,2019-06-21T03:00:00+00:00,2815.3177662598223,2675.0
151,2019-06-21T04:00:00+00:00,2771.1150579574933,2749.0
151,2019-06-21T05:00:00+00:00,2687.7974000277786,2570.0
151,2019-06-21T06:00:00+00:00,2674.3180351267038,2536.0
151,2019-06-21T07:00:00+00:00,2575.942583728707,2545.0
151,2019-06-21T08:00:00+00:00,2529.282181117449,2554.0
151,2019-06-21T09:00:00+00:00,2591.8573366142236,2580.0
151,2019-06-21T10:00:00+00:00,2744.188449262607,2556.0
151,2019-06-21T11:00:00+00:00,2772.2704925195862,2601.0
151,2019-06-21T12:00:00+00:00,2818.691771332329,2599.0
151,2019-06-21T13:00:00+00:00,2794.427116785872,2675.0
151,2019-06-21T14:00:00+00:00,2783.416384554327,2700.0
151,2019-06-21T15:00:00+00:00,2667.9165496018168,2692.0
151,2019-06-21T16:00:00+00:00,2668.8729126102535,2741.0
151,2019-06-21T17:00:00+00:00,2703.160938850381,2771.0
151,2019-06-21T18:00:00+00:00,2658.3179564192187,2772.0
151,2019-06-21T19:00:00+00:00,2622.4782692012705,2727.0
151,2019-06-21T20:00:00+00:00,2647.4589732870086,2763.0
151,2019-06-21T21:00:00+00:00,2554.3497972526757,2720.0
151,2019-06-21T22:00:00+00:00,2525.5931446503528,2679.0
151,2019-06-21T23:00:00+00:00,2580.648127664342,2565.0
151,2019-06-22T00:00:00+00:00,2694.3465368975753,2639.0
151,2019-06-22T01:00:00+00:00,2640.599332380333,2525.0
151,2019-06-22T02:00:00+00:00,2618.5257206875513,2528.0
151,2019-06-22T03:00:00+00:00,2522.8820174488287,2494.0
151,2019-06-22T04:00:00+00:00,2592.7855440841945,2579.0
151,2019-06-22T05:00:00+00:00,2593.408138385471,2504.0
151,2019-06-22T06:00:00+00:00,2632.586504067217,2511.0
151,2019-06-22T07:00:00+00:00,2596.992087279422,2510.0
151,2019-06-22T08:00:00+00:00,2674.376989916166,2575.0
151,2019-06-22T09:00:00+00:00,2800.809633673342,2678.0
151,2019-06-22T10:00:00+00:00,2993.034170150553,2889.0
151,2019-06-22T11:00:00+00:00,3155.9650168709813,3409.0
151,2019-06-22T12:00:00+00:00,3278.374723268274,3446.0
151,2019-06-22T13:00:00+00:00,3387.2110146911673,3536.0
151,2019-06-22T14:00:00+00:00,3377.510869900935,3618.0
151,2019-06-22T15:00:00+00:00,3321.110518102635,3530.0
152,2019-06-19T16:00:00+00:00,3420.9597400979787,3427.0
152,2019-06-19T17:00:00+00:00,3406.7973059714586,3407.0
152,2019-06-19T18:00:00+00:00,3468.109064295616,3649.0
152,2019-06-19T19:00:00+00:00,3400.849514563463,3657.0
152,2019-06-19T20:00:00+00:00,3371.2042606095392,3561.0
152,2019-06-19T21:00:00+00:00,3208.972047972088,3422.0
152,2019-06-19T22:00:00+00:00,3189.590991400293,3229.0
152,2019-06-19T23:00:00+00:00,3251.2804701524547,3049.0
152,2019-06-20T00:00:00+00:00,3211.248631449375,2920.0
152,2019-06-20T01:00:00+00:00,3200.0072187762134,2839.0
152,2019-06-20T02:00:00+00:00,3093.8630198246146,2812.0
152,2019-06-20T03:00:00+00:00,2937.36495357617,2828.0
152,2019-06-20T04:00:00+00:00,2919.3762412557385,3029.0
152,2019-06-20T05:00:00+00:00,2789.0852312437946,2933.0
152,2019-06-20T06:00:00+00:00,2730.042207875345,2872.0
152,2019-06-20T07:00:00+00:00,2695.0337038774446,2824.0
152,2019-06-20T08:00:00+00:00,2693.799949331593,2794.0
152,2019-06-20T09:00:00+00:00,2626.508278492176,2797.0
152,2019-06-20T10:00:00+00:00,2821.874140292675,2722.0
152,2019-06-20T11:00:00+00:00,2842.4019071752073,2761.0
152,2019-06-20T12:00:00+00:00,3020.0213529088287,2650.0
152,2019-06-20T13:00:00+00:00,2932.6610950072745,2693.0
152,2019-06-20T14:00:00+00:00,3035.190281442672,3435.0
152,2019-06-20T15:00:00+00:00,2969.5572427994002,2949.0
152,2019-06-20T16:00:00+00:00,3072.632322826241,2941.0
152,2019-06-20T17:00:00+00:00,3015.6330875234357,2975.0
152,2019-06-20T18:00:00+00:00,3026.3918078578713,3016.0
152,2019-06-20T19:00:00+00:00,3040.5753255918335,3178.0
152,2019-06-20T20:00:00+00:00,2911.827781048861,3175.0
152,2019-06-20T21:00:00+00:00,2828.6175239407576,3083.0
152,2019-06-20T22:00:00+00:00,2901.8976002219415,2984.0
152,2019-06-20T23:00:00+00:00,2908.353347946547,2829.0
152,2019-06-21T00:00:00+00:00,2995.754385113906,2813.0
152,2019-06-21T01:00:00+00:00,2925.6177160796283,2781.0
152,2019-06-21T02:00:00+00:00,2898.7251451835905,2722.0
152,2019-06-21T03:00:00+00:00,2755.0486881582697,2675.0
152,2019-06-21T04:00:00+00:00,2657.538788243237,2749.0
152,2019-06-21T05:00:00+00:00,2523.8466420589275,2570.0
152,2019-06-21T06:00:00+00:00,2533.4141716192753,2536.0
152,2019-06-21T07:00:00+00:00,2520.4130543152314,2545.0
152,2019-06-21T08:00:00+00:00,2514.2944460312647,2554.0
152,2019-06-21T09:00:00+00:00,2603.2802897223137,2580.0
152,2019-06-21T10:00:00+00:00,2663.280799677026,2556.0
152,2019-06-21T11:00:00+00:00,2727.435309040393,2601.0
152,2019-06-21T12:00:00+00:00,2849.4983586319327,2599.0
152,2019-06-21T13:00:00+00:00,2815.2599020017788,2675.0
152,2019-06-21T14:00:00+00:00,2808.5730938018805,2700.0
152,2019-06-21T15:00:00+00:00,2746.2210015499904,2692.0
152,2019-06-21T16:00:00+00:00,2801.370497286997,2741.0
152,2019-06-21T17:00:00+00:00,2868.047967612426,2771.0
152,2019-06-21T18:00:00+00:00,2802.0271954799355,2772.0
152,2019-06-21T19:00:00+00:00,2752.7506410398637,2727.0
152,2019-06-21T20:00:00+00:00,2623.8944399118277,2763.0
152,2019-06-21T21:00:00+00:00,2594.344739642731,2720.0
152,2019-06-21T22:00:00+00:00,2544.182277133199,2679.0
152,2019-06-21T23:00:00+00:00,2625.4958687780622,2565.0
152,2019-06-22T00:00:00+00:00,2557.63771643586,2639.0
152,2019-06-22T01:00:00+00:00,2599.337985594656,2525.0
152,2019-06-22T02:00:00+00:00,2633.7362546473664,2528.0
152,2019-06-22T03:00:00+00:00,2540.3740092309117,2494.0
152,2019-06-22T04:00:00+00:00,2486.861830757761,2579.0
152,2019-06-22T05:00:00+00:00,2435.670897980484,2504.0
152,2019-06-22T06:00:00+00:00,2474.9912310251966,2511.0
152,2019-06-22T07:00:00+00:00,2408.1422498492566,2510.0
152,2019-06-22T08:00:00+00:00,2557.275593911795,2575.0
152,2019-06-22T09:00:00+00:00,2618.146414032028,2678.0
152,2019-06-22T10:00:00+00:00,2914.5831243424827,2889.0
152,2019-06-22T11:00:00+00:00,3102.633800520643,3409.0
152,2019-06-22T12:00:00+00:00,3123.221282259991,3446.0
152,2019-06-22T13:00:00+00:00,3202.1294424880407,3536.0
152,2019-06-22T14:00:00+00:00,3355.5436841607675,3618.0
152,2019-06-22T15:00:00+00:00,3316.559821366958,3530.0
152,2019-06-22T16:00:00+00:00,3342.0138408735356,3612.0
152,2019-06-22T17:00:00+00:00,3382.47867011974,3634.0
152,2019-06-22T18:00:00+00:00,3405.0535792781916,3622.0
152,2019-06-22T19:00:00+00:00,3350.0238767652895,3770.0
152,2019-06-22T20:00:00+00:00,3237.016790097562,3788.0
152,2019-06-22T21:00:00+00:00,3255.930091306436,3559.0
152,2019-06-22T22:00:00+00:00,3133.9569527257886,3458.0
152,2019-06-22T23:00:00+00:00,3178.7548268118744,3208.0
152,2019-06-23T00:00:00+00:00,3131.3418583819875,3130.0
152,2019-06-23T01:00:00+00:00,3112.672984919896,3038.0
152,2019-06-23T02:00:00+00:00,3016.519193871335,2950.0
152,2019-06-23T03:00:00+00:00,2852.228917120567,2887.0
152,2019-06-23T04:00:00+00:00,2724.757889173651,3157.0
152,2019-06-23T05:00:00+00:00,2703.039724630791,3011.0
152,2019-06-23T06:00:00+00:00,2664.6177911972513,2951.0
152,2019-06-23T07:00:00+00:00,2575.704715693644,2916.0
152,2019-06-23T08:00:00+00:00,2713.7191335892676,2927.0
152,2019-06-23T09:00:00+00:00,2787.919023553134,2961.0
152,2019-06-23T10:00:00+00:00,2935.9016586897305,3214.0
152,2019-06-23T11:00:00+00:00,3160.8259780570884,3438.0
152,2019-06-23T12:00:00+00:00,3227.8700982642936,3470.0
152,2019-06-23T13:00:00+00:00,3352.206773679725,3437.0
152,2019-06-23T14:00:00+00:00,3407.4507325701393,3541.0
152,2019-06-23T15:00:00+00:00,3408.9263702894623,3403.0
153,2019-06-20T16:00:00+00:00,2871.667904043218,2941.0
153,2019-06-20T17:00:00+00:00,2947.450849071222,2975.0
153,2019-06-20T18:00:00+00:00,2993.3186997118055,3016.0
153,2019-06-20T19:00:00+00:00,3035.4645005250495,3178.0
153,2019-06-20T20:00:00+00:00,3051.290589901525,3175.0
153,2019-06-20T21:00:00+00:00,2982.8055141787754,3083.0
153,2019-06-20T22:00:00+00:00,2996.4889075945043,2984.0
153,2019-06-20T23:00:00+00:00,2985.6525942972557,2829.0
153,2019-06-21T00:00:00+00:00,2999.7127167487893,2813.0
153,2019-06-21T01:00:00+00:00,2933.279922018193,2781.0
153,2019-06-21T02:00:00+00:00,2920.025206589521,2722.0
153,2019-06-21T03:00:00+00:00,2827.0924653202896,2675.0
153,2019-06-21T04:00:00+00:00,2758.719615194522,2749.0
153,2019-06-21T05:00:00+00:00,2596.6403413270446,2570.0
153,2019-06-21T06:00:00+00:00,2547.3671576204506,2536.0
153,2019-06-21T07:00:00+00:00,2371.01018376006,2545.0
153,2019-06-21T08:00:00+00:00,2423.72158170728,2554.0
153,2019-06-21T09:00:00+00:00,2318.7425329613293,2580.0
153,2019-06-21T10:00:00+00:00,2533.7695526763837,2556.0
153,2019-06-21T11:00:00+00:00,2554.062557886078,2601.0
153,2019-06-21T12:00:00+00:00,2595.4749267501434,2599.0
153,2019-06-21T13:00:00+00:00,2604.41675564699,2675.0
153,2019-06-21T14:00:00+00:00,2653.4776492372675,2700.0
153,2019-06-21T15:00:00+00:00,2601.543767145696,2692.0
153,2019-06-21T16:00:00+00:00,2619.019764466961,2741.0
153,2019-06-21T17:00:00+00:00,2635.291021987412,2771.0
153,2019-06-21T18:00:00+00:00,2644.5861169713417,2772.0
153,2019-06-21T19:00:00+00:00,2645.8337510079864,2727.0
153,2019-06-21T20:00:00+00:00,2643.4819704323686,2763.0
153,2019-06-21T21:00:00+00:00,2520.9642022853322,2720.0
153,2019-06-21T22:00:00+00:00,2520.2170891238,2679.0
153,2019-06-21T23:00:00+00:00,2536.1075859468356,2565.0
153,2019-06-22T00:00:00+00:00,2576.5820977901885,2639.0
153,2019-06-22T01:00:00+00:00,2574.829052010246,2525.0
153,2019-06-22T02:00:00+00:00,2567.642780420247,2528.0
153,2019-06-22T03:00:00+00:00,2510.4159214684405,2494.0
153,2019-06-22T04:00:00+00:00,2401.335747564474,2579.0
153,2019-06-22T05:00:00+00:00,2464.4035588915785,2504.0
153,2019-06-22T06:00:00+00:00,2400.5553236250394,2511.0
153,2019-06-22T07:00:00+00:00,2472.75868188477,2510.0
153,2019-06-22T08:00:00+00:00,2536.13131326681,2575.0
153,2019-06-22T09:00:00+00:00,2682.4820837966477,2678.0
153,2019-06-22T10:00:00+00:00,2772.1901236586145,2889.0
153,2019-06-22T11:00:00+00:00,2965.1687130427545,3409.0
153,2019-06-22T12:00:00+00:00,3080.9175526693684,3446.0
153,2019-06-22T13:00:00+00:00,3121.6425893215314,3536.0
153,2019-06-22T14:00:00+00:00,3238.4995162711116,3618.0
153,2019-06-22T15:00:00+00:00,3281.1349161220714,3530.0
153,2019-06-22T16:00:00+00:00,3271.401468815538,3612.0
153,2019-06-22T17:00:00+00:00,3275.391533262406,3634.0
153,2019-06-22T18:00:00+00:00,3359.815262684281,3622.0
153,2019-06-22T19:00:00+00:00,3381.0385572875653,3770.0
153,2019-06-22T20:00:00+00:00,3243.2902290582833,3788.0
153,2019-06-22T21:00:00+00:00,3144.399253716555,3559.0
153,2019-06-22T22:00:00+00:00,3105.6934020802864,3458.0
153,2019-06-22T23:00:00+00:00,3154.7356079276037,3208.0
153,2019-06-23T00:00:00+00:00,3059.0106270517267,3130.0
153,2019-06-23T01:00:00+00:00,3089.289529329951,3038.0
153,2019-06-23T02:00:00+00:00,2958.524402521807,2950.0
153,2019-06-23T03:00:00+00:00,2929.46283072533,2887.0
153,2019-06-23T04:00:00+00:00,2776.892891696091,3157.0
153,2019-06-23T05:00:00+00:00,2775.782268061415,3011.0
153,2019-06-23T06:00:00+00:00,2688.0271386468057,2951.0
153,2019-06-23T07:00:00+00:00,2645.2484330534107,2916.0
153,2019-06-23T08:00:00+00:00,2701.1239583445067,2927.0
153,2019-06-23T09:00:00+00:00,2830.6736052696756,2961.0
153,2019-06-23T10:00:00+00:00,2978.0161976022846,3214.0
153,2019-06-23T11:00:00+00:00,3148.814336260944,3438.0
153,2019-06-23T12:00:00+00:00,3258.181352974628,3470.0
153,2019-06-23T13:00:00+00:00,3337.7743008412685,3437.0
153,2019-06-23T14:00:00+00:00,3411.323540104613,3541.0
153,2019-06-23T15:00:00+00:00,3467.989419780342,3403.0
153,2019-06-23T16:00:00+00:00,3499.243224101133,3495.0
153,2019-06-23T17:00:00+00:00,3469.730106204197,3582.0
153,2019-06-23T18:00:00+00:00,3479.553613230452,3631.0
153,2019-06-23T19:00:00+00:00,3519.694653784305,3860.0
153,2019-06-23T20:00:00+00:00,3434.6158867514255,3904.0
153,2019-06-23T21:00:00+00:00,3358.622882239554,3706.0
153,2019-06-23T22:00:00+00:00,3317.7665687369763,3450.0
153,2019-06-23T23:00:00+00:00,3313.854535117809,3172.0
153,2019-06-24T00:00:00+00:00,3263.3673668781416,3018.0
153,2019-06-24T01:00:00+00:00,3265.703392579389,2888.0
153,2019-06-24T02:00:00+00:00,3151.957363474174,2886.0
153,2019-06-24T03:00:00+00:00,3016.0243569781655,2973.0
153,2019-06-24T04:00:00+00:00,2937.6304153607853,3138.0
153,2019-06-24T05:00:00+00:00,2848.2651328285865,2996.0
153,2019-06-24T06:00:00+00:00,2772.5433236528847,2938.0
153,2019-06-24T07:00:00+00:00,2714.6370966731774,2958.0
153,2019-06-24T08:00:00+00:00,2866.9878388871102,3054.0
153,2019-06-24T09:00:00+00:00,2897.4852440061013,3073.0
153,2019-06-24T10:00:00+00:00,3015.937180557424,3079.0
153,2019-06-24T11:00:00+00:00,3172.097149019438,3247.0
153,2019-06-24T12:00:00+00:00,3292.271877365415,3407.0
153,2019-06-24T13:00:00+00:00,3423.0933317736935,3417.0
153,2019-06-24T14:00:00+00:00,3442.207406426167,3695.0
153,2019-06-24T15:00:00+00:00,3433.934849879989,3639.0
154,2019-06-21T16:00:00+00:00,2645.177118907861,2741.0
154,2019-06-21T17:00:00+00:00,2674.0830090826125,2771.0
154,2019-06-21T18:00:00+00:00,2659.1678439054303,2772.0
154,2019-06-21T19:00:00+00:00,2587.475515278127,2727.0
154,2019-06-21T20:00:00+00:00,2580.3329971305325,2763.0
154,2019-06-21T21:00:00+00:00,2527.552333914975,2720.0
154,2019-06-21T22:00:00+00:00,2526.512958333035,2679.0
154,2019-06-21T23:00:00+00:00,2554.214637449479,2565.0
154,2019-06-22T00:00:00+00:00,2551.6036408601026,2639.0
154,2019-06-22T01:00:00+00:00,2457.8330079502734,2525.0
154,2019-06-22T02:00:00+00:00,2428.1496680126857,2528.0
154,2019-06-22T03:00:00+00:00,2409.7672738498386,2494.0
154,2019-06-22T04:00:00+00:00,2466.482574426712,2579.0
154,2019-06-22T05:00:00+00:00,2401.006010518925,2504.0
154,2019-06-22T06:00:00+00:00,2412.8412505963747,2511.0
154,2019-06-22T07:00:00+00:00,2483.4567951094105,2510.0
154,2019-06-22T08:00:00+00:00,2527.7193504541815,2575.0
154,2019-06-22T09:00:00+00:00,2652.84401743617,2678.0
154,2019-06-22T10:00:00+00:00,2804.888419460462,2889.0
154,2019-06-22T11:00:00+00:00,2950.4499096138834,3409.0
154,2019-06-22T12:00:00+00:00,3191.0031304492395,3446.0
154,2019-06-22T13:00:00+00:00,3155.6588419133736,3536.0
154,2019-06-22T14:00:00+00:00,3262.397083070904,3618.0
154,2019-06-22T15:00:00+00:00,3248.534545084728,3530.0
154,2019-06-22T16:00:00+00:00,3348.5861102279864,3612.0
154,2019-06-22T17:00:00+00:00,3388.336310930396,3634.0
154,2019-06-22T18:00:00+00:00,3386.0929886614017,3622.0
154,2019-06-22T19:00:00+00:00,3361.171735061226,3770.0
154,2019-06-22T20:00:00+00:00,3274.92528977259,3788.0
154,2019-06-22T21:00:00+00:00,3250.7815355048606,3559.0
154,2019-06-22T22:00:00+00:00,3149.1190902230655,3458.0
154,2019-06-22T23:00:00+00:00,3168.4655472070986,3208.0
154,2019-06-23T00:00:00+00:00,3081.896222002293,3130.0
154,2019-06-23T01:00:00+00:00,3016.0420698521298,3038.0
154,2019-06-23T02:00:00+00:00,2930.336809041989,2950.0
154,2019-06-23T03:00:00+00:00,2878.3930791212365,2887.0
154,2019-06-23T04:00:00+00:00,2755.773065392026,3157.0
154,2019-06-23T05:00:00+00:00,2613.077491808876,3011.0
154,2019-06-23T06:00:00+00:00,2628.0465887217097,2951.0
154,2019-06-23T07:00:00+00:00,2656.0033200046746,2916.0
154,2019-06-23T08:00:00+00:00,2685.211188243389,2927.0
154,2019-06-23T09:00:00+00:00,2787.9146614274564,2961.0
154,2019-06-23T10:00:00+00:00,2935.9473949165335,3214.0
154,2019-06-23T11:00:00+00:00,3119.8923359629507,3438.0
154,2019-06-23T12:00:00+00:00,3236.2818793216857,3470.0
154,2019-06-23T13:00:00+00:00,3312.2438202113062,3437.0
154,2019-06-23T14:00:00+00:00,3438.4651982907717,3541.0
154,2019-06-23T15:00:00+00:00,3494.279025940653,3403.0
154,2019-06-23T16:00:00+00:00,3461.250596536377,3495.0
154,2019-06-23T17:00:00+00:00,3550.937519744495,3582.0
154,2019-06-23T18:00:00+00:00,3573.1260998860107,3631.0
154,2019-06-23T19:00:00+00:00,3513.5241626418983,3860.0
154,2019-06-23T20:00:00+00:00,3513.7440203853375,3904.0
154,2019-06-23T21:00:00+00:00,3432.794401863312,3706.0
154,2019-06-23T22:00:00+00:00,3376.669772758892,3450.0
154,2019-06-23T23:00:00+00:00,3392.803920738154,3172.0
154,2019-06-24T00:00:00+00:00,3259.997302589628,3018.0
154,2019-06-24T01:00:00+00:00,3204.7114243323786,2888.0
154,2019-06-24T02:00:00+00:00,3117.128119709144,2886.0
154,2019-06-24T03:00:00+00:00,2978.362523943971,2973.0
154,2019-06-24T04:00:00+00:00,2856.844673969335,3138.0
154,2019-06-24T05:00:00+00:00,2830.9626952350454,2996.0
154,2019-06-24T06:00:00+00:00,2744.017665433042,2938.0
154,2019-06-24T07:00:00+00:00,2726.695730459577,2958.0
154,2019-06-24T08:00:00+00:00,2740.5335827799863,3054.0
154,2019-06-24T09:00:00+00:00,2924.9448581938377,3073.0
154,2019-06-24T10:00:00+00:00,2977.5973013515954,3079.0
154,2019-06-24T11:00:00+00:00,3043.7354543205047,3247.0
154,2019-06-24T12:00:00+00:00,3263.802348467267,3407.0
154,2019-06-24T13:00:00+00:00,3327.2167339841085,3417.0
154,2019-06-24T14:00:00+00:00,3419.4694297741034,3695.0
154,2019-06-24T15:00:00+00:00,3421.8072317197084,3639.0
154,2019-06-24T16:00:00+00:00,3434.500224328152,3587.0
154,2019-06-24T17:00:00+00:00,3401.883751429169,3432.0
154,2019-06-24T18:00:00+00:00,3499.7399446394816,3233.0
154,2019-06-24T19:00:00+00:00,3440.014380788093,3073.0
154,2019-06-24T20:00:00+00:00,3360.6256762377498,3084.0
154,2019-06-24T21:00:00+00:00,3337.8937140316966,2950.0
154,2019-06-24T22:00:00+00:00,3319.212811677585,2924.0
154,2019-06-24T23:00:00+00:00,3270.628909920886,2771.0
154,2019-06-25T00:00:00+00:00,3223.2596784101997,2809.0
154,2019-06-25T01:00:00+00:00,3137.6593729875776,2756.0
154,2019-06-25T02:00:00+00:00,3020.7535621409615,2752.0
154,2019-06-25T03:00:00+00:00,2945.795918072622,2712.0
154,2019-06-25T04:00:00+00:00,2867.4357498828376,2794.0
154,2019-06-25T05:00:00+00:00,2750.7453850843726,2717.0
154,2019-06-25T06:00:00+00:00,2770.1095218959626,2674.0
154,2019-06-25T07:00:00+00:00,2782.4573778333593,2716.0
154,2019-06-25T08:00:00+00:00,2795.5413755252794,2784.0
154,2019-06-25T09:00:00+00:00,2905.5660157312886,2759.0
154,2019-06-25T10:00:00+00:00,2990.0541443381217,2822.0
154,2019-06-25T11:00:00+00:00,3142.111070950534,2816.0
154,2019-06-25T12:00:00+00:00,3326.7319927681706,2802.0
154,2019-06-25T13:00:00+00:00,3406.7014879153785,2819.0
154,2019-06-25T14:00:00+00:00,3496.3015982132283,2787.0
154,2019-06-25T15:00:00+00:00,3448.0502754930503,2870.0
155,2019-06-22T16:00:00+00:00,3438.0611068302615,3612.0
155,2019-06-22T17:00:00+00:00,3504.313963876651,3634.0
155,2019-06-22T18:00:00+00:00,3503.432814489749,3622.0
155,2019-06-22T19:00:00+00:00,3433.0666051148837,3770.0
155,2019-06-22T20:00:00+00:00,3394.9092081665735,3788.0
155,2019-06-22T21:00:00+00:00,3355.9643153478055,3559.0
155,2019-06-22T22:00:00+00:00,3262.6090757695606,3458.0
155,2019-06-22T23:00:00+00:00,3292.9629933908795,3208.0
155,2019-06-23T00:00:00+00:00,3188.020659202716,3130.0
155,2019-06-23T01:00:00+00:00,3108.1711555580523,3038.0
155,2019-06-23T02:00:00+00:00,3060.4290118715294,2950.0
155,2019-06-23T03:00:00+00:00,3009.279981937884,2887.0
155,2019-06-23T04:00:00+00:00,2912.6377815222468,3157.0
155,2019-06-23T05:00:00+00:00,2789.4883313121054,3011.0
155,2019-06-23T06:00:00+00:00,2752.8569182836486,2951.0
155,2019-06-23T07:00:00+00:00,2696.554499511454,2916.0
155,2019-06-23T08:00:00+00:00,2628.830846044316,2927.0
155,2019-06-23T09:00:00+00:00,2764.00862648596,2961.0
155,2019-06-23T10:00:00+00:00,2934.369263766987,3214.0
155,2019-06-23T11:00:00+00:00,3047.2804745474223,3438.0
155,2019-06-23T12:00:00+00:00,3138.5587309445436,3470.0
155,2019-06-23T13:00:00+00:00,3294.780909267075,3437.0
155,2019-06-23T14:00:00+00:00,3442.102318853021,3541.0
155,2019-06-23T15:00:00+00:00,3401.110994256077,3403.0
155,2019-06-23T16:00:00+00:00,3505.6430573056873,3495.0
155,2019-06-23T17:00:00+00:00,3456.9765725787715,3582.0
155,2019-06-23T18:00:00+00:00,3478.455712462336,3631.0
155,2019-06-23T19:00:00+00:00,3591.7180082670156,3860.0
155,2019-06-23T20:00:00+00:00,3404.609253817586,3904.0
155,2019-06-23T21:00:00+00:00,3379.666619192308,3706.0
155,2019-06-23T22:00:00+00:00,3329.2675774575728,3450.0
155,2019-06-23T23:00:00+00:00,3307.147039867348,3172.0
155,2019-06-24T00:00:00+00:00,3331.9775149884576,3018.0
155,2019-06-24T01:00:00+00:00,3220.5148273506893,2888.0
155,2019-06-24T02:00:00+00:00,3082.734344967738,2886.0
155,2019-06-24T03:00:00+00:00,3018.136418919948,2973.0
155,2019-06-24T04:00:00+00:00,2930.845393240325,3138.0
155,2019-06-24T05:00:00+00:00,2773.9949201113704,2996.0
155,2019-06-24T06:00:00+00:00,2724.097555875981,2938.0
155,2019-06-24T07:00:00+00:00,2700.9970601429723,2958.0
155,2019-06-24T08:00:00+00:00,2679.024372176098,3054.0
155,2019-06-24T09:00:00+00:00,2758.5004514256225,3073.0
155,2019-06-24T10:00:00+00:00,2793.466457744571,3079.0
155,2019-06-24T11:00:00+00:00,3002.5848790899167,3247.0
155,2019-06-24T12:00:00+00:00,3050.6299922326016,3407.0
155,2019-06-24T13:00:00+00:00,3157.5064334627405,3417.0
155,2019-06-24T14:00:00+00:00,3160.0063610793677,3695.0
155,2019-06-24T15:00:00+00:00,3175.1972159040233,3639.0
155,2019-06-24T16:00:00+00:00,3211.8265470088613,3587.0
155,2019-06-24T17:00:00+00:00,3216.7055350097958,3432.0
155,2019-06-24T18:00:00+00:00,3223.3765965969255,3233.0
155,2019-06-24T19:00:00+00:00,3221.6242778379296,3073.0
155,2019-06-24T20:00:00+00:00,3198.4825897590326,3084.0
155,2019-06-24T21:00:00+00:00,3093.289135926739,2950.0
155,2019-06-24T22:00:00+00:00,3107.712372294537,2924.0
155,2019-06-24T23:00:00+00:00,3099.337652782203,2771.0
155,2019-06-25T00:00:00+00:00,3030.858591505463,2809.0
155,2019-06-25T01:00:00+00:00,3056.2230304652153,2756.0
155,2019-06-25T02:00:00+00:00,2952.40628993394,2752.0
155,2019-06-25T03:00:00+00:00,2811.536794689427,2712.0
155,2019-06-25T04:00:00+00:00,2744.477869692043,2794.0
155,2019-06-25T05:00:00+00:00,2646.722501068418,2717.0
155,2019-06-25T06:00:00+00:00,2637.3326289902175,2674.0
155,2019-06-25T07:00:00+00:00,2637.234150698402,2716.0
155,2019-06-25T08:00:00+00:00,2688.9988351879274,2784.0
155,2019-06-25T09:00:00+00:00,2767.5226491834405,2759.0
155,2019-06-25T10:00:00+00:00,2893.541287558111,2822.0
155,2019-06-25T11:00:00+00:00,3072.5171560990675,2816.0
155,2019-06-25T12:00:00+00:00,3200.865946176204,2802.0
155,2019-06-25T13:00:00+00:00,3365.513702430903,2819.0
155,2019-06-25T14:00:00+00:00,3408.440290694055,2787.0
155,2019-06-25T15:00:00+00:00,3362.9296717093525,2870.0
155,2019-06-25T16:00:00+00:00,3470.553754843529,2890.0
155,2019-06-25T17:00:00+00:00,3480.289986309823,2905.0
155,2019-06-25T18:00:00+00:00,3505.418176508437,2965.0
155,2019-06-25T19:00:00+00:00,3411.654516390411,2952.0
155,2019-06-25T20:00:00+00:00,3397.023054614315,3012.0
155,2019-06-25T21:00:00+00:00,3308.2533344227536,2975.0
155,2019-06-25T22:00:00+00:00,3255.771609001747,2917.0
155,2019-06-25T23:00:00+00:00,3308.254391907766,2753.0
155,2019-06-26T00:00:00+00:00,3229.9943047605198,2786.0
155,2019-06-26T01:00:00+00:00,3254.2475087270723,2786.0
155,2019-06-26T02:00:00+00:00,3120.39432740316,2735.0
155,2019-06-26T03:00:00+00:00,2973.6532127179785,2703.0
155,2019-06-26T04:00:00+00:00,2853.7316033237325,2830.0
155,2019-06-26T05:00:00+00:00,2793.0610444277954,2736.0
155,2019-06-26T06:00:00+00:00,2756.1519093978563,2709.0
155,2019-06-26T07:00:00+00:00,2684.2365836184827,2730.0
155,2019-06-26T08:00:00+00:00,2804.320748287037,2805.0
155,2019-06-26T09:00:00+00:00,2829.284433473351,2859.0
155,2019-06-26T10:00:00+00:00,2995.0438543245355,3193.0
155,2019-06-26T11:00:00+00:00,3181.6144976112882,3387.0
155,2019-06-26T12:00:00+00:00,3284.6706585703223,3494.0
155,2019-06-26T13:00:00+00:00,3387.544452934261,3436.0
155,2019-06-26T14:00:00+00:00,3484.764007120471,3525.0
155,2019-06-26T15:00:00+00:00,3478.1312628418514,3388.0
156,2019-06-23T16:00:00+00:00,3572.786118454401,3495.0
156,2019-06-23T17:00:00+00:00,3538.102328448239,3582.0
156,2019-06-23T18:00:00+00:00,3602.1048904338313,3631.0
156,2019-06-23T19:00:00+00:00,3594.6007785046777,3860.0
156,2019-06-23T20:00:00+00:00,3581.315858660328,3904.0
156,2019-06-23T21:00:00+00:00,3408.8177467508053,3706.0
156,2019-06-23T22:00:00+00:00,3452.104045150337,3450.0
156,2019-06-23T23:00:00+00:00,3232.252993608606,3172.0
156,2019-06-24T00:00:00+00:00,3302.2122199623795,3018.0
156,2019-06-24T01:00:00+00:00,3223.699509559501,2888.0
156,2019-06-24T02:00:00+00:00,3172.4955730212073,2886.0
156,2019-06-24T03:00:00+00:00,2967.9782854896876,2973.0
156,2019-06-24T04:00:00+00:00,2920.207953218293,3138.0
156,2019-06-24T05:00:00+00:00,2784.551198158671,2996.0
156,2019-06-24T06:00:00+00:00,2742.1679919600565,2938.0
156,2019-06-24T07:00:00+00:00,2767.238516179068,2958.0
156,2019-06-24T08:00:00+00:00,2713.327731948911,3054.0
156,2019-06-24T09:00:00+00:00,2775.1935132805474,3073.0
156,2019-06-24T10:00:00+00:00,2907.40458561164,3079.0
156,2019-06-24T11:00:00+00:00,3023.1902719816685,3247.0
156,2019-06-24T12:00:00+00:00,3191.0396467285873,3407.0
156,2019-06-24T13:00:00+00:00,3169.100467818055,3417.0
156,2019-06-24T14:00:00+00:00,3334.6035476928596,3695.0
156,2019-06-24T15:00:00+00:00,3310.9365704570655,3639.0
156,2019-06-24T16:00:00+00:00,3380.6757903585703,3587.0
156,2019-06-24T17:00:00+00:00,3441.79736661246,3432.0
156,2019-06-24T18:00:00+00:00,3409.0696595086943,3233.0
156,2019-06-24T19:00:00+00:00,3363.653586293416,3073.0
156,2019-06-24T20:00:00+00:00,3373.892552744069,3084.0
156,2019-06-24T21:00:00+00:00,3358.943515000071,2950.0
156,2019-06-24T22:00:00+00:00,3349.5351699805533,2924.0
156,2019-06-24T23:00:00+00:00,3276.903662476272,2771.0
156,2019-06-25T00:00:00+00:00,3232.6650492531185,2809.0
156,2019-06-25T01:00:00+00:00,3109.2455603310405,2756.0
156,2019-06-25T02:00:00+00:00,3020.4949409625224,2752.0
156,2019-06-25T03:00:00+00:00,3006.612178575477,2712.0
156,2019-06-25T04:00:00+00:00,2967.325156308667,2794.0
156,2019-06-25T05:00:00+00:00,2736.983671684884,2717.0
156,2019-06-25T06:00:00+00:00,2754.1350211072245,2674.0
156,2019-06-25T07:00:00+00:00,2696.0334898642186,2716.0
156,2019-06-25T08:00:00+00:00,2782.9290161490608,2784.0
156,2019-06-25T09:00:00+00:00,2820.6492421838047,2759.0
156,2019-06-25T10:00:00+00:00,2968.845357107357,2822.0
156,2019-06-25T11:00:00+00:00,3048.439345935807,2816.0
156,2019-06-25T12:00:00+00:00,3179.3582211508874,2802.0
156,2019-06-25T13:00:00+00:00,3263.8760419540954,2819.0
156,2019-06-25T14:00:00+00:00,3352.8096723226386,2787.0
156,2019-06-25T15:00:00+00:00,3280.275916089226,2870.0
156,2019-06-25T16:00:00+00:00,3409.747110845009,2890.0
156,2019-06-25T17:00:00+00:00,3410.2177247221043,2905.0
156,2019-06-25T18:00:00+00:00,3462.5266835291472,2965.0
156,2019-06-25T19:00:00+00:00,3437.4232120427064,2952.0
156,2019-06-25T20:00:00+00:00,3465.037119903089,3012.0
156,2019-06-25T21:00:00+00:00,3361.861017011121,2975.0
156,2019-06-25T22:00:00+00:00,3315.9370205256405,2917.0
156,2019-06-25T23:00:00+00:00,3346.4073275911787,2753.0
156,2019-06-26T00:00:00+00:00,3260.97476572871,2786.0
156,2019-06-26T01:00:00+00:00,3221.0912888682833,2786.0
156,2019-06-26T02:00:00+00:00,3123.020459246782,2735.0
156,2019-06-26T03:00:00+00:00,2960.5204715762497,2703.0
156,2019-06-26T04:00:00+00:00,2951.762711164441,2830.0
156,2019-06-26T05:00:00+00:00,2833.2585282442055,2736.0
156,2019-06-26T06:00:00+00:00,2764.733532462223,2709.0
156,2019-06-26T07:00:00+00:00,2782.983939276912,2730.0
156,2019-06-26T08:00:00+00:00,2834.680713400773,2805.0
156,2019-06-26T09:00:00+00:00,2898.4326844847424,2859.0
156,2019-06-26T10:00:00+00:00,3022.578715180213,3193.0
156,2019-06-26T11:00:00+00:00,3125.0348525337117,3387.0
156,2019-06-26T12:00:00+00:00,3194.160896359835,3494.0
156,2019-06-26T13:00:00+00:00,3389.5975600865804,3436.0
156,2019-06-26T14:00:00+00:00,3432.821632102391,3525.0
156,2019-06-26T15:00:00+00:00,3459.7306270625336,3388.0
156,2019-06-26T16:00:00+00:00,3442.2298118898752,3400.0
156,2019-06-26T17:00:00+00:00,3582.2896701714753,3561.0
156,2019-06-26T18:00:00+00:00,3618.6444186834624,3671.0
156,2019-06-26T19:00:00+00:00,3577.1516809584255,3684.0
156,2019-06-26T20:00:00+00:00,3632.353323925125,3755.0
156,2019-06-26T21:00:00+00:00,3536.1378187121463,3609.0
156,2019-06-26T22:00:00+00:00,3476.4548186325223,3413.0
156,2019-06-26T23:00:00+00:00,3471.6104136961467,3115.0
156,2019-06-27T00:00:00+00:00,3362.3849677885487,3054.0
156,2019-06-27T01:00:00+00:00,3351.8040701682944,2980.0
156,2019-06-27T02:00:00+00:00,3240.9536167833176,2920.0
156,2019-06-27T03:00:00+00:00,3112.054901453127,2852.0
156,2019-06-27T04:00:00+00:00,2961.3492754550193,2956.0
156,2019-06-27T05:00:00+00:00,2930.152773603358,2940.0
156,2019-06-27T06:00:00+00:00,2754.237068410958,2678.0
156,2019-06-27T07:00:00+00:00,2646.2709549679594,2804.0
156,2019-06-27T08:00:00+00:00,2636.850217545948,2706.0
156,2019-06-27T09:00:00+00:00,2648.843617725622,2770.0
156,2019-06-27T10:00:00+00:00,2648.3200965514807,2849.0
156,2019-06-27T11:00:00+00:00,2728.974808940566,2875.0
156,2019-06-27T12:00:00+00:00,2795.0537427487598,2880.0
156,2019-06-27T13:00:00+00:00,2877.8156262114435,3038.0
156,2019-06-27T14:00:00+00:00,2945.7208696831212,3039.0
156,2019-06-27T15:00:00+00:00,2891.622216631162,3001.0
157,2019-06-24T16:00:00+00:00,3560.1265688094863,3587.0
157,2019-06-24T17:00:00+00:00,3635.829905043872,3432.0
157,2019-06-24T18:00:00+00:00,3684.8694506554534,3233.0
157,2019-06-24T19:00:00+00:00,3697.9361320302896,3073.0
157,2019-06-24T20:00:00+00:00,3571.3486658579614,3084.0
157,2019-06-24T21:00:00+00:00,3375.7598399517983,2950.0
157,2019-06-24T22:00:00+00:00,3367.0973853767664,2924.0
157,2019-06-24T23:00:00+00:00,3355.107289837758,2771.0
157,2019-06-25T00:00:00+00:00,3294.997363230629,2809.0
157,2019-06-25T01:00:00+00:00,3227.9469146365504,2756.0
157,2019-06-25T02:00:00+00:00,3031.040280649222,2752.0
157,2019-06-25T03:00:00+00:00,2957.0538704723112,2712.0
157,2019-06-25T04:00:00+00:00,2854.6576297308648,2794.0
157,2019-06-25T05:00:00+00:00,2848.582378332422,2717.0
157,2019-06-25T06:00:00+00:00,2733.125305430116,2674.0
157,2019-06-25T07:00:00+00:00,2681.6297508763437,2716.0
157,2019-06-25T08:00:00+00:00,2754.603619153514,2784.0
157,2019-06-25T09:00:00+00:00,2755.9193948806706,2759.0
157,2019-06-25T10:00:00+00:00,2966.7965790343083,2822.0
157,2019-06-25T11:00:00+00:00,3124.324619162001,2816.0
157,2019-06-25T12:00:00+00:00,3298.1326906311097,2802.0
157,2019-06-25T13:00:00+00:00,3341.4460044680773,2819.0
157,2019-06-25T14:00:00+00:00,3359.771591857894,2787.0
157,2019-06-25T15:00:00+00:00,3384.3508812420605,2870.0
157,2019-06-25T16:00:00+00:00,3447.548333622451,2890.0
157,2019-06-25T17:00:00+00:00,3447.35157531726,2905.0
157,2019-06-25T18:00:00+00:00,3557.4983550422457,2965.0
157,2019-06-25T19:00:00+00:00,3532.5955413369807,2952.0
157,2019-06-25T20:00:00+00:00,3410.125459154739,3012.0
157,2019-06-25T21:00:00+00:00,3422.6422813693343,2975.0
157,2019-06-25T22:00:00+00:00,3319.6129540925,2917.0
157,2019-06-25T23:00:00+00:00,3290.304938718434,2753.0
157,2019-06-26T00:00:00+00:00,3341.5888310376163,2786.0
157,2019-06-26T01:00:00+00:00,3182.5186968668286,2786.0
157,2019-06-26T02:00:00+00:00,3179.5531453805097,2735.0
157,2019-06-26T03:00:00+00:00,3139.2547213149887,2703.0
157,2019-06-26T04:00:00+00:00,3038.4485579990924,2830.0
157,2019-06-26T05:00:00+00:00,2915.052581595345,2736.0
157,2019-06-26T06:00:00+00:00,2853.3025287797955,2709.0
157,2019-06-26T07:00:00+00:00,2868.958990950939,2730.0
157,2019-06-26T08:00:00+00:00,2799.098226365778,2805.0
157,2019-06-26T09:00:00+00:00,2950.3986876835766,2859.0
157,2019-06-26T10:00:00+00:00,3022.6414372600334,3193.0
157,2019-06-26T11:00:00+00:00,3143.933547230847,3387.0
157,2019-06-26T12:00:00+00:00,3359.7387106832775,3494.0
157,2019-06-26T13:00:00+00:00,3463.070891753851,3436.0
157,2019-06-26T14:00:00+00:00,3389.539794967757,3525.0
157,2019-06-26T15:00:00+00:00,3383.5372126175366,3388.0
157,2019-06-26T16:00:00+00:00,3510.6376912066917,3400.0
157,2019-06-26T17:00:00+00:00,3482.4021143444184,3561.0
157,2019-06-26T18:00:00+00:00,3522.9211727439347,3671.0
157,2019-06-26T19:00:00+00:00,3417.400096836119,3684.0
157,2019-06-26T20:00:00+00:00,3415.2512211973285,3755.0
157,2019-06-26T21:00:00+00:00,3371.2519796207407,3609.0
157,2019-06-26T22:00:00+00:00,3320.5711511765053,3413.0
157,2019-06-26T23:00:00+00:00,3342.372262200056,3115.0
157,2019-06-27T00:00:00+00:00,3294.1995734045004,3054.0
157,2019-06-27T01:00:00+00:00,3252.950024185997,2980.0
157,2019-06-27T02:00:00+00:00,3148.089892934374,2920.0
157,2019-06-27T03:00:00+00:00,3066.25819972606,2852.0
157,2019-06-27T04:00:00+00:00,2920.914881949339,2956.0
157,2019-06-27T05:00:00+00:00,2719.4406562509344,2940.0
157,2019-06-27T06:00:00+00:00,2706.199952498682,2678.0
157,2019-06-27T07:00:00+00:00,2693.8532201391117,2804.0
157,2019-06-27T08:00:00+00:00,2630.5370981124424,2706.0
157,2019-06-27T09:00:00+00:00,2610.839324779319,2770.0
157,2019-06-27T10:00:00+00:00,2857.4028608240515,2849.0
157,2019-06-27T11:00:00+00:00,2836.962270362261,2875.0
157,2019-06-27T12:00:00+00:00,2886.5153571331757,2880.0
157,2019-06-27T13:00:00+00:00,2913.095044651056,3038.0
157,2019-06-27T14:00:00+00:00,2862.4453459218844,3039.0
157,2019-06-27T15:00:00+00:00,2909.9933089229344,3001.0
157,2019-06-27T16:00:00+00:00,2915.8264623462633,3097.0
157,2019-06-27T17:00:00+00:00,2950.643693742476,3197.0
157,2019-06-27T18:00:00+00:00,2968.045468834406,3336.0
157,2019-06-27T19:00:00+00:00,2994.5203992432075,3113.0
157,2019-06-27T20:00:00+00:00,2959.4859538160877,3248.0
157,2019-06-27T21:00:00+00:00,3015.7328876715173,3062.0
157,2019-06-27T22:00:00+00:00,2968.6463846929205,2970.0
157,2019-06-27T23:00:00+00:00,3008.540634681915,2804.0
157,2019-06-28T00:00:00+00:00,3021.252067185269,2877.0
157,2019-06-28T01:00:00+00:00,2901.3407682698976,3004.0
157,2019-06-28T02:00:00+00:00,2868.759919397283,2846.0
157,2019-06-28T03:00:00+00:00,2753.170925239632,2821.0
157,2019-06-28T04:00:00+00:00,2658.1977335918277,2871.0
157,2019-06-28T05:00:00+00:00,2614.695443878435,2690.0
157,2019-06-28T06:00:00+00:00,2617.295006411111,2744.0
157,2019-06-28T07:00:00+00:00,2471.894518350886,2690.0
157,2019-06-28T08:00:00+00:00,2540.248234607204,2687.0
157,2019-06-28T09:00:00+00:00,2535.4390571403164,2671.0
157,2019-06-28T10:00:00+00:00,2626.2689564152206,2663.0
157,2019-06-28T11:00:00+00:00,2771.1009140954475,2779.0
157,2019-06-28T12:00:00+00:00,2772.010417299255,2762.0
157,2019-06-28T13:00:00+00:00,2794.750773292597,2763.0
157,2019-06-28T14:00:00+00:00,2780.682719703468,2800.0
157,2019-06-28T15:00:00+00:00,2768.1026797129525,2783.0
158,2019-06-25T16:00:00+00:00,3174.4292339366925,2890.0
158,2019-06-25T17:00:00+00:00,3086.0243956441514,2905.0
158,2019-06-25T18:00:00+00:00,3161.4622535707176,2965.0
158,2019-06-25T19:00:00+00:00,3163.111054460884,2952.0
158,2019-06-25T20:00:00+00:00,3090.256401095702,3012.0
158,2019-06-25T21:00:00+00:00,3015.933644591913,2975.0
158,2019-06-25T22:00:00+00:00,3013.9400870643753,2917.0
158,2019-06-25T23:00:00+00:00,2981.3837916719012,2753.0
158,2019-06-26T00:00:00+00:00,3031.5448662323533,2786.0
158,2019-06-26T01:00:00+00:00,2962.2548130900286,2786.0
158,2019-06-26T02:00:00+00:00,2923.5107432844698,2735.0
158,2019-06-26T03:00:00+00:00,2824.7303412193905,2703.0
158,2019-06-26T04:00:00+00:00,2834.6553668068727,2830.0
158,2019-06-26T05:00:00+00:00,2731.7113157823974,2736.0
158,2019-06-26T06:00:00+00:00,2707.847051498906,2709.0
158,2019-06-26T07:00:00+00:00,2781.447611831777,2730.0
158,2019-06-26T08:00:00+00:00,2837.921508408075,2805.0
158,2019-06-26T09:00:00+00:00,2754.773609869319,2859.0
158,2019-06-26T10:00:00+00:00,2873.2796433883273,3193.0
158,2019-06-26T11:00:00+00:00,3091.413008805231,3387.0
158,2019-06-26T12:00:00+00:00,3213.4933912370584,3494.0
158,2019-06-26T13:00:00+00:00,3200.304636436059,3436.0
158,2019-06-26T14:00:00+00:00,3297.746014626904,3525.0
158,2019-06-26T15:00:00+00:00,3337.826018467675,3388.0
158,2019-06-26T16:00:00+00:00,3409.7560333748042,3400.0
158,2019-06-26T17:00:00+00:00,3452.426611125643,3561.0
158,2019-06-26T18:00:00+00:00,3487.4823053922382,3671.0
158,2019-06-26T19:00:00+00:00,3427.488173394009,3684.0
158,2019-06-26T20:00:00+00:00,3434.782969383445,3755.0
158,2019-06-26T21:00:00+00:00,3448.726966762012,3609.0
158,2019-06-26T22:00:00+00:00,3451.953948371335,3413.0
158,2019-06-26T23:00:00+00:00,3416.1850796028366,3115.0
158,2019-06-27T00:00:00+00:00,3359.511549683969,3054.0
158,2019-06-27T01:00:00+00:00,3268.4642711461242,2980.0
158,2019-06-27T02:00:00+00:00,3283.814888823727,2920.0
158,2019-06-27T03:00:00+00:00,3265.7631900522215,2852.0
158,2019-06-27T04:00:00+00:00,3080.318917012913,2956.0
158,2019-06-27T05:00:00+00:00,2947.5875620555307,2940.0
158,2019-06-27T06:00:00+00:00,2861.9797550985995,2678.0
158,2019-06-27T07:00:00+00:00,2792.3467793944733,2804.0
158,2019-06-27T08:00:00+00:00,2881.92679747708,2706.0
158,2019-06-27T09:00:00+00:00,2888.4779501776825,2770.0
158,2019-06-27T10:00:00+00:00,2889.545712622934,2849.0
158,2019-06-27T11:00:00+00:00,2951.253532130786,2875.0
158,2019-06-27T12:00:00+00:00,2962.6817065711266,2880.0
158,2019-06-27T13:00:00+00:00,3007.553968118581,3038.0
158,2019-06-27T14:00:00+00:00,2953.5759674972987,3039.0
158,2019-06-27T15:00:00+00:00,2945.087204835617,3001.0
158,2019-06-27T16:00:00+00:00,3012.428577470634,3097.0
158,2019-06-27T17:00:00+00:00,2983.0337657095033,3197.0
158,2019-06-27T18:00:00+00:00,3051.495841133225,3336.0
158,2019-06-27T19:00:00+00:00,3040.7207958739045,3113.0
158,2019-06-27T20:00:00+00:00,3024.2782588277896,3248.0
158,2019-06-27T21:00:00+00:00,3016.7327067046976,3062.0
158,2019-06-27T22:00:00+00:00,2971.5623335228584,2970.0
158,2019-06-27T23:00:00+00:00,3120.9410141083627,2804.0
158,2019-06-28T00:00:00+00:00,3070.0164353686805,2877.0
158,2019-06-28T01:00:00+00:00,2986.3359939867673,3004.0
158,2019-06-28T02:00:00+00:00,2944.569797246706,2846.0
158,2019-06-28T03:00:00+00:00,2928.259511920002,2821.0
158,2019-06-28T04:00:00+00:00,2951.005188384815,2871.0
158,2019-06-28T05:00:00+00:00,2896.735751503291,2690.0
158,2019-06-28T06:00:00+00:00,2760.7493254909336,2744.0
158,2019-06-28T07:00:00+00:00,2696.0157769902544,2690.0
158,2019-06-28T08:00:00+00:00,2660.730872847138,2687.0
158,2019-06-28T09:00:00+00:00,2769.6554642685987,2671.0
158,2019-06-28T10:00:00+00:00,2869.1545926318977,2663.0
158,2019-06-28T11:00:00+00:00,2946.253742990344,2779.0
158,2019-06-28T12:00:00+00:00,2881.169274697454,2762.0
158,2019-06-28T13:00:00+00:00,2918.8744646171726,2763.0
158,2019-06-28T14:00:00+00:00,2968.9894724867554,2800.0
158,2019-06-28T15:00:00+00:00,2954.698091281489,2783.0
158,2019-06-28T16:00:00+00:00,2875.5071033821296,2784.0
158,2019-06-28T17:00:00+00:00,2847.591184411377,2810.0
158,2019-06-28T18:00:00+00:00,2858.8523423125116,2816.0
158,2019-06-28T19:00:00+00:00,2823.8397736065936,2763.0
158,2019-06-28T20:00:00+00:00,2829.5457314107284,2821.0
158,2019-06-28T21:00:00+00:00,2755.947682604762,2771.0
158,2019-06-28T22:00:00+00:00,2692.512196957275,2758.0
158,2019-06-28T23:00:00+00:00,2691.4293323041848,2715.0
158,2019-06-29T00:00:00+00:00,2677.709521748328,2708.0
158,2019-06-29T01:00:00+00:00,2670.820932189428,2665.0
158,2019-06-29T02:00:00+00:00,2603.687950194742,2680.0
158,2019-06-29T03:00:00+00:00,2535.1732318452277,2682.0
158,2019-06-29T04:00:00+00:00,2598.074224911566,2713.0
158,2019-06-29T05:00:00+00:00,2578.4953525495675,2696.0
158,2019-06-29T06:00:00+00:00,2576.407612763079,2634.0
158,2019-06-29T07:00:00+00:00,2570.600037258497,2656.0
158,2019-06-29T08:00:00+00:00,2635.0816399548808,2752.0
158,2019-06-29T09:00:00+00:00,2733.2914627627497,2869.0
158,2019-06-29T10:00:00+00:00,2857.2539867620953,3113.0
158,2019-06-29T11:00:00+00:00,3074.6998712582663,3392.0
158,2019-06-29T12:00:00+00:00,3252.263253763007,3515.0
158,2019-06-29T13:00:00+00:00,3440.6759037564025,3462.0
158,2019-06-29T14:00:00+00:00,3388.702960812172,3487.0
158,2019-06-29T15:00:00+00:00,3374.5163367159844,3174.0
159,2019-06-26T16:00:00+00:00,3317.5208356571306,3400.0
159,2019-06-26T17:00:00+00:00,3398.5102255295587,3561.0
159,2019-06-26T18:00:00+00:00,3402.8692778914733,3671.0
159,2019-06-26T19:00:00+00:00,3374.4584889811445,3684.0
159,2019-06-26T20:00:00+00:00,3349.4085361502725,3755.0
159,2019-06-26T21:00:00+00:00,3234.4519593382747,3609.0
159,2019-06-26T22:00:00+00:00,3206.0299263880834,3413.0
159,2019-06-26T23:00:00+00:00,3270.92900433967,3115.0
159,2019-06-27T00:00:00+00:00,3138.2595948715525,3054.0
159,2019-06-27T01:00:00+00:00,3163.166952457732,2980.0
159,2019-06-27T02:00:00+00:00,3098.291717488543,2920.0
159,2019-06-27T03:00:00+00:00,3009.224827485186,2852.0
159,2019-06-27T04:00:00+00:00,3056.7986658226428,2956.0
159,2019-06-27T05:00:00+00:00,2918.3119817295915,2940.0
159,2019-06-27T06:00:00+00:00,2969.3880121509483,2678.0
159,2019-06-27T07:00:00+00:00,2978.5797379748783,2804.0
159,2019-06-27T08:00:00+00:00,2980.791798343182,2706.0
159,2019-06-27T09:00:00+00:00,3035.930884462094,2770.0
159,2019-06-27T10:00:00+00:00,3206.666714121016,2849.0
159,2019-06-27T11:00:00+00:00,3265.218287852978,2875.0
159,2019-06-27T12:00:00+00:00,3330.9707396866775,2880.0
159,2019-06-27T13:00:00+00:00,3355.963307432403,3038.0
159,2019-06-27T14:00:00+00:00,3496.12587394587,3039.0
159,2019-06-27T15:00:00+00:00,3476.9832141516445,3001.0
159,2019-06-27T16:00:00+00:00,3478.491187779874,3097.0
159,2019-06-27T17:00:00+00:00,3391.0490574058463,3197.0
159,2019-06-27T18:00:00+00:00,3468.171026308084,3336.0
159,2019-06-27T19:00:00+00:00,3438.554109647862,3113.0
159,2019-06-27T20:00:00+00:00,3380.0487678388026,3248.0
159,2019-06-27T21:00:00+00:00,3395.151686175364,3062.0
159,2019-06-27T22:00:00+00:00,3416.662253191652,2970.0
159,2019-06-27T23:00:00+00:00,3350.0050072670924,2804.0
159,2019-06-28T00:00:00+00:00,3332.0061496998196,2877.0
159,2019-06-28T01:00:00+00:00,3309.317775704137,3004.0
159,2019-06-28T02:00:00+00:00,3145.4010059645248,2846.0
159,2019-06-28T03:00:00+00:00,3075.740800021319,2821.0
159,2019-06-28T04:00:00+00:00,3059.1440353953703,2871.0
159,2019-06-28T05:00:00+00:00,2937.159338833997,2690.0
159,2019-06-28T06:00:00+00:00,2864.363822013514,2744.0
159,2019-06-28T07:00:00+00:00,2908.3142870938873,2690.0
159,2019-06-28T08:00:00+00:00,2877.390451143491,2687.0
159,2019-06-28T09:00:00+00:00,2995.217447098665,2671.0
159,2019-06-28T10:00:00+00:00,3163.636674081848,2663.0
159,2019-06-28T11:00:00+00:00,3281.731759010966,2779.0
159,2019-06-28T12:00:00+00:00,3354.1038026534393,2762.0
159,2019-06-28T13:00:00+00:00,3315.375942110342,2763.0
159,2019-06-28T14:00:00+00:00,3240.261385441629,2800.0
159,2019-06-28T15:00:00+00:00,3322.398386139376,2783.0
159,2019-06-28T16:00:00+00:00,3314.952485455535,2784.0
159,2019-06-28T17:00:00+00:00,3374.2268832401414,2810.0
159,2019-06-28T18:00:00+00:00,3381.7268808916674,2816.0
159,2019-06-28T19:00:00+00:00,3324.8583276039576,2763.0
159,2019-06-28T20:00:00+00:00,3248.393577375563,2821.0
159,2019-06-28T21:00:00+00:00,3226.478357109852,2771.0
159,2019-06-28T22:00:00+00:00,3152.9666007332494,2758.0
159,2019-06-28T23:00:00+00:00,3058.546820734401,2715.0
159,2019-06-29T00:00:00+00:00,3052.49995619927,2708.0
159,2019-06-29T01:00:00+00:00,2950.2549358146516,2665.0
159,2019-06-29T02:00:00+00:00,2929.2707319634765,2680.0
159,2019-06-29T03:00:00+00:00,2814.5756431056943,2682.0
159,2019-06-29T04:00:00+00:00,2796.341693401517,2713.0
159,2019-06-29T05:00:00+00:00,2695.6099010237854,2696.0
159,2019-06-29T06:00:00+00:00,2765.121695554728,2634.0
159,2019-06-29T07:00:00+00:00,2767.45893571142,2656.0
159,2019-06-29T08:00:00+00:00,2813.9301806910166,2752.0
159,2019-06-29T09:00:00+00:00,2938.9866398896806,2869.0
159,2019-06-29T10:00:00+00:00,3069.714192933464,3113.0
159,2019-06-29T11:00:00+00:00,3203.6625313853237,3392.0
159,2019-06-29T12:00:00+00:00,3309.9606935455026,3515.0
159,2019-06-29T13:00:00+00:00,3357.5251797498777,3462.0
159,2019-06-29T14:00:00+00:00,3355.9971634760154,3487.0
159,2019-06-29T15:00:00+00:00,3332.040418823515,3174.0
159,2019-06-29T16:00:00+00:00,3383.0491171913236,3397.0
159,2019-06-29T17:00:00+00:00,3488.2372340289426,3377.0
159,2019-06-29T18:00:00+00:00,3427.8043448896283,3503.0
159,2019-06-29T19:00:00+00:00,3416.200826215605,3512.0
159,2019-06-29T20:00:00+00:00,3373.1934064417887,3374.0
159,2019-06-29T21:00:00+00:00,3397.0259792213033,3150.0
159,2019-06-29T22:00:00+00:00,3321.1161359917655,3126.0
159,2019-06-29T23:00:00+00:00,3277.478669951973,2959.0
159,2019-06-30T00:00:00+00:00,3282.0465921271157,2935.0
159,2019-06-30T01:00:00+00:00,3185.802931375672,2774.0
159,2019-06-30T02:00:00+00:00,3152.388552988137,2716.0
159,2019-06-30T03:00:00+00:00,3026.9582893606566,2852.0
159,2019-06-30T04:00:00+00:00,2939.332701860114,2964.0
159,2019-06-30T05:00:00+00:00,2941.3368342377794,2839.0
159,2019-06-30T06:00:00+00:00,2954.0896738886654,2792.0
159,2019-06-30T07:00:00+00:00,2808.1777926855393,2744.0
159,2019-06-30T08:00:00+00:00,2949.8953909103047,2765.0
159,2019-06-30T09:00:00+00:00,3007.9976822206636,2924.0
159,2019-06-30T10:00:00+00:00,3171.429148955425,3065.0
159,2019-06-30T11:00:00+00:00,3343.947072185734,3340.0
159,2019-06-30T12:00:00+00:00,3446.831309214174,3390.0
159,2019-06-30T13:00:00+00:00,3503.579788383323,3288.0
159,2019-06-30T14:00:00+00:00,3439.7484067841747,3360.0
159,2019-06-30T15:00:00+00:00,3482.7799504348454,3252.0
160,2019-06-27T16:00:00+00:00,3156.420231122578,3097.0
160,2019-06-27T17:00:00+00:00,3174.9708975880844,3197.0
160,2019-06-27T18:00:00+00:00,3145.3306005951576,3336.0
160,2019-06-27T19:00:00+00:00,3264.6474442245144,3113.0
160,2019-06-27T20:00:00+00:00,3308.7726256568435,3248.0
160,2019-06-27T21:00:00+00:00,3282.870439044888,3062.0
160,2019-06-27T22:00:00+00:00,3322.8135646693167,2970.0
160,2019-06-27T23:00:00+00:00,3267.243222943629,2804.0
160,2019-06-28T00:00:00+00:00,3312.8246273313744,2877.0
160,2019-06-28T01:00:00+00:00,3137.597427498313,3004.0
160,2019-06-28T02:00:00+00:00,3098.985708551386,2846.0
160,2019-06-28T03:00:00+00:00,3025.5681261721325,2821.0
160,2019-06-28T04:00:00+00:00,2874.982359490942,2871.0
160,2019-06-28T05:00:00+00:00,2742.6738663530473,2690.0
160,2019-06-28T06:00:00+00:00,2732.509981338302,2744.0
160,2019-06-28T07:00:00+00:00,2558.072276683301,2690.0
160,2019-06-28T08:00:00+00:00,2597.8552594211064,2687.0
160,2019-06-28T09:00:00+00:00,2479.018266139504,2671.0
160,2019-06-28T10:00:00+00:00,2547.2868548522924,2663.0
160,2019-06-28T11:00:00+00:00,2613.407691504118,2779.0
160,2019-06-28T12:00:00+00:00,2692.4439891739507,2762.0
160,2019-06-28T13:00:00+00:00,2702.038550694938,2763.0
160,2019-06-28T14:00:00+00:00,2769.685999148343,2800.0
160,2019-06-28T15:00:00+00:00,2737.508184251225,2783.0
160,2019-06-28T16:00:00+00:00,2734.4446501691905,2784.0
160,2019-06-28T17:00:00+00:00,2839.498978629489,2810.0
160,2019-06-28T18:00:00+00:00,2800.5042187830873,2816.0
160,2019-06-28T19:00:00+00:00,2840.153297481149,2763.0
160,2019-06-28T20:00:00+00:00,2798.250057292712,2821.0
160,2019-06-28T21:00:00+00:00,2822.4454465708313,2771.0
160,2019-06-28T22:00:00+00:00,2819.7518009184246,2758.0
160,2019-06-28T23:00:00+00:00,2805.1385146659854,2715.0
160,2019-06-29T00:00:00+00:00,2765.2684876930653,2708.0
160,2019-06-29T01:00:00+00:00,2777.852294973939,2665.0
160,2019-06-29T02:00:00+00:00,2703.0405838373636,2680.0
160,2019-06-29T03:00:00+00:00,2608.0153771454934,2682.0
160,2019-06-29T04:00:00+00:00,2660.570994331768,2713.0
160,2019-06-29T05:00:00+00:00,2568.603042904668,2696.0
160,2019-06-29T06:00:00+00:00,2456.3886156084372,2634.0
160,2019-06-29T07:00:00+00:00,2597.5992819551993,2656.0
160,2019-06-29T08:00:00+00:00,2563.412840369112,2752.0
160,2019-06-29T09:00:00+00:00,2697.4049157401723,2869.0
160,2019-06-29T10:00:00+00:00,2790.9577067373684,3113.0
160,2019-06-29T11:00:00+00:00,2825.4200197261657,3392.0
160,2019-06-29T12:00:00+00:00,2967.762029804573,3515.0
160,2019-06-29T13:00:00+00:00,3155.911977388309,3462.0
160,2019-06-29T14:00:00+00:00,3172.0066183884214,3487.0
160,2019-06-29T15:00:00+00:00,3191.2478721368857,3174.0
160,2019-06-29T16:00:00+00:00,3205.0253486723454,3397.0
160,2019-06-29T17:00:00+00:00,3300.9858182420066,3377.0
160,2019-06-29T18:00:00+00:00,3293.928890287634,3503.0
160,2019-06-29T19:00:00+00:00,3339.1669259870882,3512.0
160,2019-06-29T20:00:00+00:00,3356.147128069391,3374.0
160,2019-06-29T21:00:00+00:00,3248.41582586884,3150.0
160,2019-06-29T22:00:00+00:00,3202.2241700127015,3126.0
160,2019-06-29T23:00:00+00:00,3226.9312002817715,2959.0
160,2019-06-30T00:00:00+00:00,3250.7362949741573,2935.0
160,2019-06-30T01:00:00+00:00,3278.4351320996293,2774.0
160,2019-06-30T02:00:00+00:00,3099.10574962354,2716.0
160,2019-06-30T03:00:00+00:00,3115.7705733239827,2852.0
160,2019-06-30T04:00:00+00:00,2973.601428998759,2964.0
160,2019-06-30T05:00:00+00:00,2918.975322250267,2839.0
160,2019-06-30T06:00:00+00:00,2930.766544514059,2792.0
160,2019-06-30T07:00:00+00:00,2896.351190469111,2744.0
160,2019-06-30T08:00:00+00:00,2944.334077228075,2765.0
160,2019-06-30T09:00:00+00:00,2994.0396731656774,2924.0
160,2019-06-30T10:00:00+00:00,3070.1255215570304,3065.0
160,2019-06-30T11:00:00+00:00,3246.9028126635963,3340.0
160,2019-06-30T12:00:00+00:00,3299.1635732865407,3390.0
160,2019-06-30T13:00:00+00:00,3484.0653069446807,3288.0
160,2019-06-30T14:00:00+00:00,3457.910695355533,3360.0
160,2019-06-30T15:00:00+00:00,3504.0870672485958,3252.0
160,2019-06-30T16:00:00+00:00,3502.2907637223493,3284.0
160,2019-06-30T17:00:00+00:00,3525.8811724339366,3090.0
160,2019-06-30T18:00:00+00:00,3443.3681614597303,3420.0
160,2019-06-30T19:00:00+00:00,3572.0500758390967,3432.0
160,2019-06-30T20:00:00+00:00,3450.588338662951,3388.0
160,2019-06-30T21:00:00+00:00,3489.5486311072177,3197.0
160,2019-06-30T22:00:00+00:00,3393.5562882783433,3130.0
160,2019-06-30T23:00:00+00:00,3368.453411627222,2999.0
160,2019-07-01T00:00:00+00:00,3371.357265472326,2930.0
160,2019-07-01T01:00:00+00:00,3325.1568853648323,2840.0
160,2019-07-01T02:00:00+00:00,3286.828572401331,2858.0
160,2019-07-01T03:00:00+00:00,3095.0138278897766,2870.0
160,2019-07-01T04:00:00+00:00,3008.5912948233085,2980.0
160,2019-07-01T05:00:00+00:00,2973.495614404667,2844.0
160,2019-07-01T06:00:00+00:00,2925.2894330759723,2775.0
160,2019-07-01T07:00:00+00:00,2853.3765527306905,2836.0
160,2019-07-01T08:00:00+00:00,3017.0002173665252,2889.0
160,2019-07-01T09:00:00+00:00,2965.65826251086,2910.0
160,2019-07-01T10:00:00+00:00,3144.0424020943506,2942.0
160,2019-07-01T11:00:00+00:00,3122.0197810070285,3287.0
160,2019-07-01T12:00:00+00:00,3314.1178984556022,3428.0
160,2019-07-01T13:00:00+00:00,3428.2399460988786,3299.0
160,2019-07-01T14:00:00+00:00,3398.6023093416875,3282.0
160,2019-07-01T15:00:00+00:00,3452.2517295416537,3141.0
