window_index,timestamp,prediction,actual
0,2018-03-09T23:00:00,5.339697093470484,4.7839999198913565
0,2018-03-10T00:00:00,5.481919158408626,4.8540000915527335
0,2018-03-10T01:00:00,5.668120973993593,5.065000057220459
0,2018-03-10T02:00:00,5.450041352814502,4.64300012588501
0,2018-03-10T03:00:00,5.430025891125862,4.7839999198913565
0,2018-03-10T04:00:00,4.983764162765834,4.64300012588501
0,2018-03-10T05:00:00,4.654099699299271,4.501999855041504
0,2018-03-10T06:00:00,4.5235972193949205,4.432000160217285
0,2018-03-10T07:00:00,4.555448309878551,4.572999954223633
0,2018-03-10T08:00:00,4.490072260269548,5.276000022888184
0,2018-03-10T09:00:00,4.676885184007011,5.557000160217285
0,2018-03-10T10:00:00,5.0773188100130735,6.964000225067139
0,2018-03-10T11:00:00,5.196428130139951,6.4720001220703125
0,2018-03-10T12:00:00,5.269587460221247,6.541999816894531
0,2018-03-10T13:00:00,5.423688566008929,7.245999813079834
0,2018-03-10T14:00:00,5.58101301684686,9.355999946594238
0,2018-03-10T15:00:00,5.606737163708681,8.51200008392334
0,2018-03-10T16:00:00,5.455596426102353,9.355999946594238
0,2018-03-10T17:00:00,5.465494374539498,9.708000183105469
0,2018-03-10T18:00:00,5.275792879480129,8.86400032043457
0,2018-03-10T19:00:00,5.239805121106311,8.020000457763674
0,2018-03-10T20:00:00,5.083445753634885,7.0349998474121085
0,2018-03-10T21:00:00,4.947455823066116,6.823999881744385
0,2018-03-10T22:00:00,4.938947895221741,6.61299991607666
0,2018-03-10T23:00:00,4.770362190464386,6.401999950408936
0,2018-03-11T00:00:00,4.604017215599516,6.683000087738037
0,2018-03-11T01:00:00,4.512037090176875,6.823999881744385
0,2018-03-11T02:00:00,4.23136813935194,6.894000053405763
0,2018-03-11T03:00:00,3.7359823318810435,6.894000053405763
0,2018-03-11T04:00:00,3.549906578223709,6.330999851226808
0,2018-03-11T05:00:00,3.2477937421460314,6.330999851226808
0,2018-03-11T06:00:00,3.135321457281915,6.61299991607666
0,2018-03-11T07:00:00,3.306972720968181,5.627999782562256
0,2018-03-11T08:00:00,3.330045393113707,5.839000225067139
0,2018-03-11T09:00:00,3.3539787927253872,5.697999954223633
0,2018-03-11T10:00:00,3.6530285744157585,7.0349998474121085
0,2018-03-11T11:00:00,3.8931398132784043,6.683000087738037
0,2018-03-11T12:00:00,3.959077715054935,7.73799991607666
0,2018-03-11T13:00:00,4.330259129919879,8.300999641418457
0,2018-03-11T14:00:00,4.633418864389947,10.340999603271484
0,2018-03-11T15:00:00,4.830944547434548,9.918999671936035
0,2018-03-11T16:00:00,4.944253349195934,9.708000183105469
0,2018-03-11T17:00:00,4.731374826090679,9.708000183105469
0,2018-03-11T18:00:00,4.855402231089625,8.934000015258789
0,2018-03-11T19:00:00,4.729781937627617,8.51200008392334
0,2018-03-11T20:00:00,4.757639119092753,8.371000289916992
0,2018-03-11T21:00:00,4.586150650611044,7.879000186920166
0,2018-03-11T22:00:00,4.516063558236285,7.526999950408935
0,2018-03-11T23:00:00,4.131420232225173,7.668000221252441
0,2018-03-12T00:00:00,3.988127893172962,8.020000457763674
0,2018-03-12T01:00:00,3.9899044480206527,7.948999881744385
0,2018-03-12T02:00:00,3.797961388221596,7.597000122070312
0,2018-03-12T03:00:00,3.637303392502629,7.668000221252441
0,2018-03-12T04:00:00,3.537766230199672,7.948999881744385
0,2018-03-12T05:00:00,3.2867735928949102,8.159999847412111
0,2018-03-12T06:00:00,3.283145346951267,7.668000221252441
0,2018-03-12T07:00:00,3.342479607353148,7.456999778747559
0,2018-03-12T08:00:00,3.280446285944411,8.020000457763674
0,2018-03-12T09:00:00,3.409457728744446,8.300999641418457
0,2018-03-12T10:00:00,3.6730156512995027,8.86400032043457
0,2018-03-12T11:00:00,3.66480910329536,8.722999572753906
0,2018-03-12T12:00:00,3.8105467098047576,9.003999710083008
0,2018-03-12T13:00:00,4.138087321987237,9.355999946594238
0,2018-03-12T14:00:00,4.480419756910045,10.552000045776367
0,2018-03-12T15:00:00,4.486585103503188,10.130000114440918
0,2018-03-12T16:00:00,4.478492929565837,10.482000350952148
0,2018-03-12T17:00:00,4.47886360172391,11.1850004196167
0,2018-03-12T18:00:00,4.2979171492809645,10.973999977111816
0,2018-03-12T19:00:00,4.255860886589534,9.918999671936035
0,2018-03-12T20:00:00,4.124229693266914,9.848999977111816
0,2018-03-12T21:00:00,4.1255312200561765,9.425999641418455
0,2018-03-12T22:00:00,3.939588207104096,9.28600025177002
0,2018-03-12T23:00:00,3.707772010049098,9.21500015258789
0,2018-03-13T00:00:00,3.7205652085857697,9.003999710083008
0,2018-03-13T01:00:00,3.927740055601065,8.722999572753906
0,2018-03-13T02:00:00,3.6810126526557276,8.86400032043457
0,2018-03-13T03:00:00,3.7008920342503036,8.793000221252441
0,2018-03-13T04:00:00,3.3573148421480266,8.722999572753906
0,2018-03-13T05:00:00,3.1647773711405307,8.722999572753906
0,2018-03-13T06:00:00,3.2825375781875827,8.581999778747559
0,2018-03-13T07:00:00,3.234623192673663,8.230999946594237
0,2018-03-13T08:00:00,3.0706249732960416,8.159999847412111
0,2018-03-13T09:00:00,3.2579655204657154,9.28600025177002
0,2018-03-13T10:00:00,3.535062994956803,10.973999977111816
0,2018-03-13T11:00:00,3.7209809624927974,10.833000183105469
0,2018-03-13T12:00:00,3.836669913629544,10.904000282287598
0,2018-03-13T13:00:00,4.122971578532198,11.607000350952148
0,2018-03-13T14:00:00,4.354877939085107,12.661999702453612
0,2018-03-13T15:00:00,4.326085728752767,11.748000144958494
0,2018-03-13T16:00:00,4.196127569224682,11.326000213623049
0,2018-03-13T17:00:00,4.32595549258912,11.536999702453612
0,2018-03-13T18:00:00,4.2459195260978415,12.310999870300291
0,2018-03-13T19:00:00,4.24997521380935,11.888999938964846
0,2018-03-13T20:00:00,4.341578823143498,11.326000213623049
0,2018-03-13T21:00:00,4.2706660668851075,11.043999671936035
0,2018-03-13T22:00:00,4.144831217691966,10.904000282287598
1,2018-03-10T23:00:00,6.491508229302948,6.401999950408936
1,2018-03-11T00:00:00,6.662049981056612,6.683000087738037
1,2018-03-11T01:00:00,6.861914071116432,6.823999881744385
1,2018-03-11T02:00:00,6.549138566563789,6.894000053405763
1,2018-03-11T03:00:00,6.468178424218941,6.894000053405763
1,2018-03-11T04:00:00,6.031270323919792,6.330999851226808
1,2018-03-11T05:00:00,5.751922936216987,6.330999851226808
1,2018-03-11T06:00:00,5.706528119561309,6.61299991607666
1,2018-03-11T07:00:00,5.823682227539081,5.627999782562256
1,2018-03-11T08:00:00,5.785536389145863,5.839000225067139
1,2018-03-11T09:00:00,5.989423607876281,5.697999954223633
1,2018-03-11T10:00:00,6.419147847994795,7.0349998474121085
1,2018-03-11T11:00:00,6.613713162858044,6.683000087738037
1,2018-03-11T12:00:00,6.720875819511951,7.73799991607666
1,2018-03-11T13:00:00,6.958990938712551,8.300999641418457
1,2018-03-11T14:00:00,7.433720121843006,10.340999603271484
1,2018-03-11T15:00:00,7.362361557178287,9.918999671936035
1,2018-03-11T16:00:00,7.347290060624999,9.708000183105469
1,2018-03-11T17:00:00,7.30379034711982,9.708000183105469
1,2018-03-11T18:00:00,6.977294963635325,8.934000015258789
1,2018-03-11T19:00:00,6.797421289848058,8.51200008392334
1,2018-03-11T20:00:00,6.59059206957475,8.371000289916992
1,2018-03-11T21:00:00,6.436779820919261,7.879000186920166
1,2018-03-11T22:00:00,6.23496218840474,7.526999950408935
1,2018-03-11T23:00:00,6.165224062160776,7.668000221252441
1,2018-03-12T00:00:00,5.933943837010016,8.020000457763674
1,2018-03-12T01:00:00,5.786711854007494,7.948999881744385
1,2018-03-12T02:00:00,5.38559031390627,7.597000122070312
1,2018-03-12T03:00:00,4.967984715784519,7.668000221252441
1,2018-03-12T04:00:00,4.862567724631798,7.948999881744385
1,2018-03-12T05:00:00,4.385761441660621,8.159999847412111
1,2018-03-12T06:00:00,4.3119659580107434,7.668000221252441
1,2018-03-12T07:00:00,4.564433770322967,7.456999778747559
1,2018-03-12T08:00:00,4.717134002504242,8.020000457763674
1,2018-03-12T09:00:00,4.885516839391302,8.300999641418457
1,2018-03-12T10:00:00,5.176676480167416,8.86400032043457
1,2018-03-12T11:00:00,5.392735771115577,8.722999572753906
1,2018-03-12T12:00:00,5.558503031716064,9.003999710083008
1,2018-03-12T13:00:00,5.918439054758444,9.355999946594238
1,2018-03-12T14:00:00,6.289801631466409,10.552000045776367
1,2018-03-12T15:00:00,6.311402467993288,10.130000114440918
1,2018-03-12T16:00:00,6.444235006440829,10.482000350952148
1,2018-03-12T17:00:00,6.310075060940735,11.1850004196167
1,2018-03-12T18:00:00,6.252433035819054,10.973999977111816
1,2018-03-12T19:00:00,5.92406258551693,9.918999671936035
1,2018-03-12T20:00:00,5.874454295028402,9.848999977111816
1,2018-03-12T21:00:00,5.70183961767003,9.425999641418455
1,2018-03-12T22:00:00,5.436369895020416,9.28600025177002
1,2018-03-12T23:00:00,4.942693854620986,9.21500015258789
1,2018-03-13T00:00:00,4.667772826787761,9.003999710083008
1,2018-03-13T01:00:00,4.644975654219179,8.722999572753906
1,2018-03-13T02:00:00,4.488697266926431,8.86400032043457
1,2018-03-13T03:00:00,4.3130654517769145,8.793000221252441
1,2018-03-13T04:00:00,4.081714264613909,8.722999572753906
1,2018-03-13T05:00:00,3.8514784333139307,8.722999572753906
1,2018-03-13T06:00:00,3.800088578894492,8.581999778747559
1,2018-03-13T07:00:00,3.8134912158892558,8.230999946594237
1,2018-03-13T08:00:00,3.793523340491177,8.159999847412111
1,2018-03-13T09:00:00,3.888287681335365,9.28600025177002
1,2018-03-13T10:00:00,4.257736788254366,10.973999977111816
1,2018-03-13T11:00:00,4.38589251267147,10.833000183105469
1,2018-03-13T12:00:00,4.466301655862427,10.904000282287598
1,2018-03-13T13:00:00,4.885555242362633,11.607000350952148
1,2018-03-13T14:00:00,5.252379589675835,12.661999702453612
1,2018-03-13T15:00:00,5.325272603499418,11.748000144958494
1,2018-03-13T16:00:00,5.323588716691241,11.326000213623049
1,2018-03-13T17:00:00,5.305512605054849,11.536999702453612
1,2018-03-13T18:00:00,4.972922002142251,12.310999870300291
1,2018-03-13T19:00:00,4.868181237223849,11.888999938964846
1,2018-03-13T20:00:00,4.697286345103375,11.326000213623049
1,2018-03-13T21:00:00,4.589092652153932,11.043999671936035
1,2018-03-13T22:00:00,4.343472256599593,10.904000282287598
1,2018-03-13T23:00:00,4.125035320817675,10.621999740600586
1,2018-03-14T00:00:00,4.22203204308232,10.621999740600586
1,2018-03-14T01:00:00,4.314177468251128,10.482000350952148
1,2018-03-14T02:00:00,4.116453091572243,10.692999839782717
1,2018-03-14T03:00:00,4.008286948580494,10.762999534606934
1,2018-03-14T04:00:00,3.7910622109371364,10.762999534606934
1,2018-03-14T05:00:00,3.4979440186231052,9.98900032043457
1,2018-03-14T06:00:00,3.5973634674704584,10.621999740600586
1,2018-03-14T07:00:00,3.666543915782908,10.199999809265137
1,2018-03-14T08:00:00,3.692781493674488,10.482000350952148
1,2018-03-14T09:00:00,3.993836578346139,10.833000183105469
1,2018-03-14T10:00:00,4.345091025325944,10.762999534606934
1,2018-03-14T11:00:00,4.447849028137545,10.762999534606934
1,2018-03-14T12:00:00,4.6097926885489215,10.833000183105469
1,2018-03-14T13:00:00,4.99876219276527,9.496999740600586
1,2018-03-14T14:00:00,5.350739617422754,10.621999740600586
1,2018-03-14T15:00:00,5.4108093782103595,10.692999839782717
1,2018-03-14T16:00:00,5.328500122785684,10.762999534606934
1,2018-03-14T17:00:00,5.5769631730657725,10.199999809265137
1,2018-03-14T18:00:00,5.337998179412656,10.482000350952148
1,2018-03-14T19:00:00,5.28185303532571,9.777999877929688
1,2018-03-14T20:00:00,5.250030329646977,9.637999534606934
1,2018-03-14T21:00:00,5.068481952370767,9.496999740600586
1,2018-03-14T22:00:00,4.969379745460502,9.56700038909912
2,2018-03-11T23:00:00,7.352451920880302,7.668000221252441
2,2018-03-12T00:00:00,7.468946499567814,8.020000457763674
2,2018-03-12T01:00:00,7.675309040254721,7.948999881744385
2,2018-03-12T02:00:00,7.390163638728032,7.597000122070312
2,2018-03-12T03:00:00,7.5024839814012285,7.668000221252441
2,2018-03-12T04:00:00,7.062384260245532,7.948999881744385
2,2018-03-12T05:00:00,6.759338899842257,8.159999847412111
2,2018-03-12T06:00:00,6.723705116682455,7.668000221252441
2,2018-03-12T07:00:00,6.774699253527736,7.456999778747559
2,2018-03-12T08:00:00,6.822223765397917,8.020000457763674
2,2018-03-12T09:00:00,7.0928261286507315,8.300999641418457
2,2018-03-12T10:00:00,7.477758311794034,8.86400032043457
2,2018-03-12T11:00:00,7.581680091606426,8.722999572753906
2,2018-03-12T12:00:00,7.97795033461181,9.003999710083008
2,2018-03-12T13:00:00,8.279749268141211,9.355999946594238
2,2018-03-12T14:00:00,8.668457715637222,10.552000045776367
2,2018-03-12T15:00:00,8.552295990529494,10.130000114440918
2,2018-03-12T16:00:00,8.475239176281633,10.482000350952148
2,2018-03-12T17:00:00,8.433955564676452,11.1850004196167
2,2018-03-12T18:00:00,8.004865474493235,10.973999977111816
2,2018-03-12T19:00:00,7.786786187253025,9.918999671936035
2,2018-03-12T20:00:00,7.537231991678793,9.848999977111816
2,2018-03-12T21:00:00,7.279666602345889,9.425999641418455
2,2018-03-12T22:00:00,7.08058142472634,9.28600025177002
2,2018-03-12T23:00:00,6.806249799018337,9.21500015258789
2,2018-03-13T00:00:00,6.5410355396128,9.003999710083008
2,2018-03-13T01:00:00,6.500795069587598,8.722999572753906
2,2018-03-13T02:00:00,6.265501733932673,8.86400032043457
2,2018-03-13T03:00:00,6.023952053339494,8.793000221252441
2,2018-03-13T04:00:00,5.90515580091369,8.722999572753906
2,2018-03-13T05:00:00,5.5678291098192485,8.722999572753906
2,2018-03-13T06:00:00,5.408334891101074,8.581999778747559
2,2018-03-13T07:00:00,5.5121990664564695,8.230999946594237
2,2018-03-13T08:00:00,5.614061278219399,8.159999847412111
2,2018-03-13T09:00:00,5.7674051775940836,9.28600025177002
2,2018-03-13T10:00:00,6.1791468089629245,10.973999977111816
2,2018-03-13T11:00:00,6.506597257647497,10.833000183105469
2,2018-03-13T12:00:00,6.834288977173694,10.904000282287598
2,2018-03-13T13:00:00,7.158428421851712,11.607000350952148
2,2018-03-13T14:00:00,7.484801082797386,12.661999702453612
2,2018-03-13T15:00:00,7.6390775064976655,11.748000144958494
2,2018-03-13T16:00:00,7.601052720948864,11.326000213623049
2,2018-03-13T17:00:00,7.4556590714870445,11.536999702453612
2,2018-03-13T18:00:00,7.284057063785747,12.310999870300291
2,2018-03-13T19:00:00,6.950946351065763,11.888999938964846
2,2018-03-13T20:00:00,6.89722810779754,11.326000213623049
2,2018-03-13T21:00:00,6.561946792350113,11.043999671936035
2,2018-03-13T22:00:00,6.232611258681478,10.904000282287598
2,2018-03-13T23:00:00,5.730504096380331,10.621999740600586
2,2018-03-14T00:00:00,5.535658272856921,10.621999740600586
2,2018-03-14T01:00:00,5.610011434438311,10.482000350952148
2,2018-03-14T02:00:00,5.475699546747297,10.692999839782717
2,2018-03-14T03:00:00,5.429619320538068,10.762999534606934
2,2018-03-14T04:00:00,5.335630552745338,10.762999534606934
2,2018-03-14T05:00:00,5.100701210470861,9.98900032043457
2,2018-03-14T06:00:00,4.983163072779773,10.621999740600586
2,2018-03-14T07:00:00,4.9886530279858,10.199999809265137
2,2018-03-14T08:00:00,5.0787146745362595,10.482000350952148
2,2018-03-14T09:00:00,5.244369230764363,10.833000183105469
2,2018-03-14T10:00:00,5.639999145965152,10.762999534606934
2,2018-03-14T11:00:00,5.724791236971141,10.762999534606934
2,2018-03-14T12:00:00,5.9677309381570876,10.833000183105469
2,2018-03-14T13:00:00,6.501027991957196,9.496999740600586
2,2018-03-14T14:00:00,6.897363353044405,10.621999740600586
2,2018-03-14T15:00:00,7.012585624594751,10.692999839782717
2,2018-03-14T16:00:00,6.964975123462674,10.762999534606934
2,2018-03-14T17:00:00,7.006176502618372,10.199999809265137
2,2018-03-14T18:00:00,6.567493517165936,10.482000350952148
2,2018-03-14T19:00:00,6.320693482513951,9.777999877929688
2,2018-03-14T20:00:00,6.060134331111579,9.637999534606934
2,2018-03-14T21:00:00,5.829056138983912,9.496999740600586
2,2018-03-14T22:00:00,5.575876202007645,9.56700038909912
2,2018-03-14T23:00:00,5.331503068174383,9.425999641418455
2,2018-03-15T00:00:00,5.417625070774532,9.708000183105469
2,2018-03-15T01:00:00,5.503822209622941,9.708000183105469
2,2018-03-15T02:00:00,5.3893262551390855,9.56700038909912
2,2018-03-15T03:00:00,5.4286342008386885,9.496999740600586
2,2018-03-15T04:00:00,5.148000313596272,9.637999534606934
2,2018-03-15T05:00:00,4.978990506459862,9.777999877929688
2,2018-03-15T06:00:00,5.068497814467621,9.918999671936035
2,2018-03-15T07:00:00,5.130142097079828,9.637999534606934
2,2018-03-15T08:00:00,5.1809225130411765,10.130000114440918
2,2018-03-15T09:00:00,5.402366568447805,10.130000114440918
2,2018-03-15T10:00:00,5.82621598879977,9.918999671936035
2,2018-03-15T11:00:00,5.9740031451921976,9.708000183105469
2,2018-03-15T12:00:00,6.258157583089087,10.621999740600586
2,2018-03-15T13:00:00,6.7337333012832445,10.833000183105469
2,2018-03-15T14:00:00,7.082419758267044,10.904000282287598
2,2018-03-15T15:00:00,7.182028717429446,10.833000183105469
2,2018-03-15T16:00:00,7.026328044401081,11.678000450134276
2,2018-03-15T17:00:00,7.177320179205298,11.888999938964846
2,2018-03-15T18:00:00,6.854055654395882,11.607000350952148
2,2018-03-15T19:00:00,6.658098649245462,7.668000221252441
2,2018-03-15T20:00:00,6.567845822685543,2.321000099182129
2,2018-03-15T21:00:00,6.3501034797764095,0.9850000143051147
2,2018-03-15T22:00:00,6.167709402283702,2.884000062942505
3,2018-03-12T23:00:00,9.124981970207884,9.21500015258789
3,2018-03-13T00:00:00,9.180061014416776,9.003999710083008
3,2018-03-13T01:00:00,9.335815117666124,8.722999572753906
3,2018-03-13T02:00:00,8.965335475359907,8.86400032043457
3,2018-03-13T03:00:00,8.948298247582759,8.793000221252441
3,2018-03-13T04:00:00,8.595148196544132,8.722999572753906
3,2018-03-13T05:00:00,8.365712649772817,8.722999572753906
3,2018-03-13T06:00:00,8.27180569700597,8.581999778747559
3,2018-03-13T07:00:00,8.291782755723279,8.230999946594237
3,2018-03-13T08:00:00,8.411800389606872,8.159999847412111
3,2018-03-13T09:00:00,8.637380278056485,9.28600025177002
3,2018-03-13T10:00:00,9.007653379164713,10.973999977111816
3,2018-03-13T11:00:00,9.188538052914646,10.833000183105469
3,2018-03-13T12:00:00,9.574615312481395,10.904000282287598
3,2018-03-13T13:00:00,9.805869490399427,11.607000350952148
3,2018-03-13T14:00:00,10.192510689251709,12.661999702453612
3,2018-03-13T15:00:00,10.235054920133212,11.748000144958494
3,2018-03-13T16:00:00,10.197286766614567,11.326000213623049
3,2018-03-13T17:00:00,10.207631859213565,11.536999702453612
3,2018-03-13T18:00:00,9.891368029108477,12.310999870300291
3,2018-03-13T19:00:00,9.491085343476694,11.888999938964846
3,2018-03-13T20:00:00,9.257323201076542,11.326000213623049
3,2018-03-13T21:00:00,8.883400565420995,11.043999671936035
3,2018-03-13T22:00:00,8.624408422218398,10.904000282287598
3,2018-03-13T23:00:00,8.445124401010515,10.621999740600586
3,2018-03-14T00:00:00,8.26489483186067,10.621999740600586
3,2018-03-14T01:00:00,8.250763790681408,10.482000350952148
3,2018-03-14T02:00:00,7.866533296612113,10.692999839782717
3,2018-03-14T03:00:00,7.553261892820968,10.762999534606934
3,2018-03-14T04:00:00,7.444795204836188,10.762999534606934
3,2018-03-14T05:00:00,7.052291792410122,9.98900032043457
3,2018-03-14T06:00:00,6.863150479823874,10.621999740600586
3,2018-03-14T07:00:00,6.995304287495486,10.199999809265137
3,2018-03-14T08:00:00,7.21774431561513,10.482000350952148
3,2018-03-14T09:00:00,7.3953588928714495,10.833000183105469
3,2018-03-14T10:00:00,7.836466274600999,10.762999534606934
3,2018-03-14T11:00:00,8.073218923166529,10.762999534606934
3,2018-03-14T12:00:00,8.354276077940796,10.833000183105469
3,2018-03-14T13:00:00,8.79145049449766,9.496999740600586
3,2018-03-14T14:00:00,9.187890545424105,10.621999740600586
3,2018-03-14T15:00:00,9.423588448033538,10.692999839782717
3,2018-03-14T16:00:00,9.444351515392343,10.762999534606934
3,2018-03-14T17:00:00,9.411751149544141,10.199999809265137
3,2018-03-14T18:00:00,9.14390795629679,10.482000350952148
3,2018-03-14T19:00:00,8.673079513236992,9.777999877929688
3,2018-03-14T20:00:00,8.490506778442871,9.637999534606934
3,2018-03-14T21:00:00,8.089948426264701,9.496999740600586
3,2018-03-14T22:00:00,7.789360021179451,9.56700038909912
3,2018-03-14T23:00:00,7.440835524553007,9.425999641418455
3,2018-03-15T00:00:00,7.248152790132215,9.708000183105469
3,2018-03-15T01:00:00,7.207368834577949,9.708000183105469
3,2018-03-15T02:00:00,7.105124262796108,9.56700038909912
3,2018-03-15T03:00:00,6.9789621534994435,9.496999740600586
3,2018-03-15T04:00:00,6.809656810453221,9.637999534606934
3,2018-03-15T05:00:00,6.547166657470626,9.777999877929688
3,2018-03-15T06:00:00,6.470983510820561,9.918999671936035
3,2018-03-15T07:00:00,6.5462207755897825,9.637999534606934
3,2018-03-15T08:00:00,6.639179341934179,10.130000114440918
3,2018-03-15T09:00:00,6.7653856981325955,10.130000114440918
3,2018-03-15T10:00:00,7.208980924526678,9.918999671936035
3,2018-03-15T11:00:00,7.317228882544306,9.708000183105469
3,2018-03-15T12:00:00,7.496517328442366,10.621999740600586
3,2018-03-15T13:00:00,7.948966944270014,10.833000183105469
3,2018-03-15T14:00:00,8.395057111529852,10.904000282287598
3,2018-03-15T15:00:00,8.639866202572449,10.833000183105469
3,2018-03-15T16:00:00,8.68062202377598,11.678000450134276
3,2018-03-15T17:00:00,8.682599776799563,11.888999938964846
3,2018-03-15T18:00:00,8.259442110839888,11.607000350952148
3,2018-03-15T19:00:00,7.92580494347378,7.668000221252441
3,2018-03-15T20:00:00,7.6013323947618225,2.321000099182129
3,2018-03-15T21:00:00,7.28388925949797,0.9850000143051147
3,2018-03-15T22:00:00,6.994980366780776,2.884000062942505
3,2018-03-15T23:00:00,6.8433161799782525,1.687999963760376
3,2018-03-16T00:00:00,6.858454464307769,2.74399995803833
3,2018-03-16T01:00:00,6.884202821738471,2.250999927520752
3,2018-03-16T02:00:00,6.700883733544989,1.8289999961853027
3,2018-03-16T03:00:00,6.691224551407863,2.602999925613404
3,2018-03-16T04:00:00,6.487063502794905,3.377000093460083
3,2018-03-16T05:00:00,6.312415972497563,3.16599988937378
3,2018-03-16T06:00:00,6.3810095232264015,3.3059999942779537
3,2018-03-16T07:00:00,6.401383134365071,2.74399995803833
3,2018-03-16T08:00:00,6.52190418111199,1.89900004863739
3,2018-03-16T09:00:00,6.776884883504831,2.1099998950958248
3,2018-03-16T10:00:00,7.175004313064557,2.1099998950958248
3,2018-03-16T11:00:00,7.3391920427572295,3.025000095367432
3,2018-03-16T12:00:00,7.608992117848091,3.6579999923706055
3,2018-03-16T13:00:00,8.114079684663457,4.010000228881837
3,2018-03-16T14:00:00,8.527103641335898,3.799000024795532
3,2018-03-16T15:00:00,8.602634772320528,3.86899995803833
3,2018-03-16T16:00:00,8.551931412756002,4.290999889373778
3,2018-03-16T17:00:00,8.753524721827116,4.501999855041504
3,2018-03-16T18:00:00,8.464307269583742,4.7839999198913565
3,2018-03-16T19:00:00,8.151252091218138,4.994999885559082
3,2018-03-16T20:00:00,8.014145135091939,5.205999851226807
3,2018-03-16T21:00:00,7.733561338681694,5.3460001945495605
3,2018-03-16T22:00:00,7.5187175852609,4.923999786376953
4,2018-03-13T23:00:00,10.677251777462498,10.621999740600586
4,2018-03-14T00:00:00,10.690004903333435,10.621999740600586
4,2018-03-14T01:00:00,10.750730019175286,10.482000350952148
4,2018-03-14T02:00:00,10.33976563055231,10.692999839782717
4,2018-03-14T03:00:00,10.26648307702387,10.762999534606934
4,2018-03-14T04:00:00,9.976992379291001,10.762999534606934
4,2018-03-14T05:00:00,9.744363708938177,9.98900032043457
4,2018-03-14T06:00:00,9.601639399922792,10.621999740600586
4,2018-03-14T07:00:00,9.653609723602381,10.199999809265137
4,2018-03-14T08:00:00,9.740108659714624,10.482000350952148
4,2018-03-14T09:00:00,10.051212048804654,10.833000183105469
4,2018-03-14T10:00:00,10.568537473797349,10.762999534606934
4,2018-03-14T11:00:00,10.735974512288283,10.762999534606934
4,2018-03-14T12:00:00,11.08825239845408,10.833000183105469
4,2018-03-14T13:00:00,11.426525054914084,9.496999740600586
4,2018-03-14T14:00:00,11.77447559408856,10.621999740600586
4,2018-03-14T15:00:00,11.644783750818188,10.692999839782717
4,2018-03-14T16:00:00,11.558776122284831,10.762999534606934
4,2018-03-14T17:00:00,11.603091481507207,10.199999809265137
4,2018-03-14T18:00:00,11.280529480619002,10.482000350952148
4,2018-03-14T19:00:00,10.961697577033188,9.777999877929688
4,2018-03-14T20:00:00,10.646096949546054,9.637999534606934
4,2018-03-14T21:00:00,10.302891264449052,9.496999740600586
4,2018-03-14T22:00:00,9.990774454339466,9.56700038909912
4,2018-03-14T23:00:00,9.7973996315875,9.425999641418455
4,2018-03-15T00:00:00,9.547636974666712,9.708000183105469
4,2018-03-15T01:00:00,9.394629268260623,9.708000183105469
4,2018-03-15T02:00:00,9.161435573320901,9.56700038909912
4,2018-03-15T03:00:00,8.835544619211277,9.496999740600586
4,2018-03-15T04:00:00,8.739925144377196,9.637999534606934
4,2018-03-15T05:00:00,8.368583689303463,9.777999877929688
4,2018-03-15T06:00:00,8.16302761101452,9.918999671936035
4,2018-03-15T07:00:00,8.267125543586719,9.637999534606934
4,2018-03-15T08:00:00,8.445974859856072,10.130000114440918
4,2018-03-15T09:00:00,8.662431538072797,10.130000114440918
4,2018-03-15T10:00:00,9.126125460421646,9.918999671936035
4,2018-03-15T11:00:00,9.340804999397637,9.708000183105469
4,2018-03-15T12:00:00,9.675354988695354,10.621999740600586
4,2018-03-15T13:00:00,10.056983264033324,10.833000183105469
4,2018-03-15T14:00:00,10.346320015941988,10.904000282287598
4,2018-03-15T15:00:00,10.48601666809147,10.833000183105469
4,2018-03-15T16:00:00,10.510914316222454,11.678000450134276
4,2018-03-15T17:00:00,10.48863808830846,11.888999938964846
4,2018-03-15T18:00:00,10.26094770613001,11.607000350952148
4,2018-03-15T19:00:00,9.85034171741122,7.668000221252441
4,2018-03-15T20:00:00,9.653517472986465,2.321000099182129
4,2018-03-15T21:00:00,9.199733353905039,0.9850000143051147
4,2018-03-15T22:00:00,8.80588750717677,2.884000062942505
4,2018-03-15T23:00:00,8.426779635544243,1.687999963760376
4,2018-03-16T00:00:00,8.229582464873967,2.74399995803833
4,2018-03-16T01:00:00,8.111530061305915,2.250999927520752
4,2018-03-16T02:00:00,7.9860892599925215,1.8289999961853027
4,2018-03-16T03:00:00,7.841944541946187,2.602999925613404
4,2018-03-16T04:00:00,7.76096686781008,3.377000093460083
4,2018-03-16T05:00:00,7.5771243304204035,3.16599988937378
4,2018-03-16T06:00:00,7.483725799600098,3.3059999942779537
4,2018-03-16T07:00:00,7.4935344193865365,2.74399995803833
4,2018-03-16T08:00:00,7.603490474781223,1.89900004863739
4,2018-03-16T09:00:00,7.873287210483275,2.1099998950958248
4,2018-03-16T10:00:00,8.295161883261589,2.1099998950958248
4,2018-03-16T11:00:00,8.375234416060351,3.025000095367432
4,2018-03-16T12:00:00,8.617911223862118,3.6579999923706055
4,2018-03-16T13:00:00,9.182031671239134,4.010000228881837
4,2018-03-16T14:00:00,9.584817479239263,3.799000024795532
4,2018-03-16T15:00:00,9.591551857685877,3.86899995803833
4,2018-03-16T16:00:00,9.571050431440447,4.290999889373778
4,2018-03-16T17:00:00,9.644247747069475,4.501999855041504
4,2018-03-16T18:00:00,9.32578025428771,4.7839999198913565
4,2018-03-16T19:00:00,9.010987758892949,4.994999885559082
4,2018-03-16T20:00:00,8.649473039789957,5.205999851226807
4,2018-03-16T21:00:00,8.454100761620419,5.3460001945495605
4,2018-03-16T22:00:00,8.162506666359935,4.923999786376953
4,2018-03-16T23:00:00,7.902566136734885,4.150000095367432
4,2018-03-17T00:00:00,7.853178245907911,3.377000093460083
4,2018-03-17T01:00:00,7.782121895930629,3.16599988937378
4,2018-03-17T02:00:00,7.673156804165739,2.74399995803833
4,2018-03-17T03:00:00,7.653370925457885,3.025000095367432
4,2018-03-17T04:00:00,7.3850552086937125,2.813999891281128
4,2018-03-17T05:00:00,7.339762243396784,2.74399995803833
4,2018-03-17T06:00:00,7.430597793304299,2.74399995803833
4,2018-03-17T07:00:00,7.405460544026091,2.321000099182129
4,2018-03-17T08:00:00,7.507736840001641,2.813999891281128
4,2018-03-17T09:00:00,7.823384218932135,3.095000028610228
4,2018-03-17T10:00:00,8.274674231995007,3.86899995803833
4,2018-03-17T11:00:00,8.457808485017775,4.432000160217285
4,2018-03-17T12:00:00,8.753878196132806,5.135000228881836
4,2018-03-17T13:00:00,9.181529510646612,5.276000022888184
4,2018-03-17T14:00:00,9.568713276696034,6.119999885559082
4,2018-03-17T15:00:00,9.629816578320783,6.4720001220703125
4,2018-03-17T16:00:00,9.577516323026623,6.050000190734862
4,2018-03-17T17:00:00,9.748490358661929,5.839000225067139
4,2018-03-17T18:00:00,9.577773873388708,5.76800012588501
4,2018-03-17T19:00:00,9.37356632378655,5.627999782562256
4,2018-03-17T20:00:00,9.193989187725741,5.486999988555908
4,2018-03-17T21:00:00,8.815532162972566,5.486999988555908
4,2018-03-17T22:00:00,8.548059140974964,5.276000022888184
5,2018-03-14T23:00:00,9.459683901696524,9.425999641418455
5,2018-03-15T00:00:00,9.523438678037568,9.708000183105469
5,2018-03-15T01:00:00,9.715155494244648,9.708000183105469
5,2018-03-15T02:00:00,9.522341688813006,9.56700038909912
5,2018-03-15T03:00:00,9.589906707787915,9.496999740600586
5,2018-03-15T04:00:00,9.358102699502076,9.637999534606934
5,2018-03-15T05:00:00,9.077793066913253,9.777999877929688
5,2018-03-15T06:00:00,9.011767255726262,9.918999671936035
5,2018-03-15T07:00:00,8.954148021933221,9.637999534606934
5,2018-03-15T08:00:00,9.010041042164902,10.130000114440918
5,2018-03-15T09:00:00,9.287414851080138,10.130000114440918
5,2018-03-15T10:00:00,9.603709236592849,9.918999671936035
5,2018-03-15T11:00:00,9.704211482262316,9.708000183105469
5,2018-03-15T12:00:00,9.965074100622928,10.621999740600586
5,2018-03-15T13:00:00,10.088687003985651,10.833000183105469
5,2018-03-15T14:00:00,10.319862873236055,10.904000282287598
5,2018-03-15T15:00:00,10.352069608628106,10.833000183105469
5,2018-03-15T16:00:00,10.256421999443289,11.678000450134276
5,2018-03-15T17:00:00,10.295845988904091,11.888999938964846
5,2018-03-15T18:00:00,10.143050584141687,11.607000350952148
5,2018-03-15T19:00:00,9.955927598153082,7.668000221252441
5,2018-03-15T20:00:00,9.73774562470692,2.321000099182129
5,2018-03-15T21:00:00,9.468367564877104,0.9850000143051147
5,2018-03-15T22:00:00,9.260384168345837,2.884000062942505
5,2018-03-15T23:00:00,9.123118925189974,1.687999963760376
5,2018-03-16T00:00:00,8.961938816030338,2.74399995803833
5,2018-03-16T01:00:00,8.919781536827362,2.250999927520752
5,2018-03-16T02:00:00,8.731137375750418,1.8289999961853027
5,2018-03-16T03:00:00,8.48866109824678,2.602999925613404
5,2018-03-16T04:00:00,8.472386085965848,3.377000093460083
5,2018-03-16T05:00:00,8.244284958963588,3.16599988937378
5,2018-03-16T06:00:00,8.116954063582915,3.3059999942779537
5,2018-03-16T07:00:00,8.165957089849368,2.74399995803833
5,2018-03-16T08:00:00,8.334772377587509,1.89900004863739
5,2018-03-16T09:00:00,8.544269268612847,2.1099998950958248
5,2018-03-16T10:00:00,8.875674889405701,2.1099998950958248
5,2018-03-16T11:00:00,9.046284263782795,3.025000095367432
5,2018-03-16T12:00:00,9.340931061325268,3.6579999923706055
5,2018-03-16T13:00:00,9.668508406784674,4.010000228881837
5,2018-03-16T14:00:00,9.99147272053994,3.799000024795532
5,2018-03-16T15:00:00,10.097473770795785,3.86899995803833
5,2018-03-16T16:00:00,10.00066605793787,4.290999889373778
5,2018-03-16T17:00:00,10.004624986858566,4.501999855041504
5,2018-03-16T18:00:00,9.949243310538638,4.7839999198913565
5,2018-03-16T19:00:00,9.575580729786786,4.994999885559082
5,2018-03-16T20:00:00,9.472341854986333,5.205999851226807
5,2018-03-16T21:00:00,9.26785554990314,5.3460001945495605
5,2018-03-16T22:00:00,9.026742160458177,4.923999786376953
5,2018-03-16T23:00:00,8.678359587856221,4.150000095367432
5,2018-03-17T00:00:00,8.556678604405644,3.377000093460083
5,2018-03-17T01:00:00,8.45804382844426,3.16599988937378
5,2018-03-17T02:00:00,8.428480636720076,2.74399995803833
5,2018-03-17T03:00:00,8.383933189975304,3.025000095367432
5,2018-03-17T04:00:00,8.264726693634012,2.813999891281128
5,2018-03-17T05:00:00,8.151287989647862,2.74399995803833
5,2018-03-17T06:00:00,8.13464364096438,2.74399995803833
5,2018-03-17T07:00:00,8.154864892488527,2.321000099182129
5,2018-03-17T08:00:00,8.186303735423385,2.813999891281128
5,2018-03-17T09:00:00,8.4309075375388,3.095000028610228
5,2018-03-17T10:00:00,8.737243531676878,3.86899995803833
5,2018-03-17T11:00:00,8.84425257644546,4.432000160217285
5,2018-03-17T12:00:00,8.952530088054072,5.135000228881836
5,2018-03-17T13:00:00,9.30733380443213,5.276000022888184
5,2018-03-17T14:00:00,9.659965415357778,6.119999885559082
5,2018-03-17T15:00:00,9.753084773273445,6.4720001220703125
5,2018-03-17T16:00:00,9.687423957283546,6.050000190734862
5,2018-03-17T17:00:00,9.748705832724987,5.839000225067139
5,2018-03-17T18:00:00,9.567056605906672,5.76800012588501
5,2018-03-17T19:00:00,9.373702153426455,5.627999782562256
5,2018-03-17T20:00:00,9.106337327626344,5.486999988555908
5,2018-03-17T21:00:00,8.884175637564134,5.486999988555908
5,2018-03-17T22:00:00,8.619767840556563,5.276000022888184
5,2018-03-17T23:00:00,8.443285232622607,3.5169999599456787
5,2018-03-18T00:00:00,8.429862809749137,4.7129998207092285
5,2018-03-18T01:00:00,8.427203320499697,4.8540000915527335
5,2018-03-18T02:00:00,8.407168406871227,5.557000160217285
5,2018-03-18T03:00:00,8.43746275777568,5.908999919891357
5,2018-03-18T04:00:00,8.244715740120267,4.923999786376953
5,2018-03-18T05:00:00,8.150969078016367,3.799000024795532
5,2018-03-18T06:00:00,8.161132507864023,5.839000225067139
5,2018-03-18T07:00:00,8.127932304300565,7.73799991607666
5,2018-03-18T08:00:00,8.176159507061396,8.090000152587889
5,2018-03-18T09:00:00,8.418085453288906,7.105000019073486
5,2018-03-18T10:00:00,8.688202436377978,7.597000122070312
5,2018-03-18T11:00:00,8.870221250053,7.948999881744385
5,2018-03-18T12:00:00,9.176372659474525,6.964000225067139
5,2018-03-18T13:00:00,9.40344024563964,7.809000015258789
5,2018-03-18T14:00:00,9.62105569177394,6.261000156402588
5,2018-03-18T15:00:00,9.652041880555405,5.697999954223633
5,2018-03-18T16:00:00,9.60161543980807,5.486999988555908
5,2018-03-18T17:00:00,9.720263924278967,5.416999816894531
5,2018-03-18T18:00:00,9.63529735020758,5.9790000915527335
5,2018-03-18T19:00:00,9.422842094634177,5.486999988555908
5,2018-03-18T20:00:00,9.300569788909812,4.432000160217285
5,2018-03-18T21:00:00,9.128963356518337,5.9790000915527335
5,2018-03-18T22:00:00,8.893982003263126,5.9790000915527335
6,2018-03-15T23:00:00,3.055212024236784,1.687999963760376
6,2018-03-16T00:00:00,3.5661810895963217,2.74399995803833
6,2018-03-16T01:00:00,4.025312822435685,2.250999927520752
6,2018-03-16T02:00:00,3.8447094921931164,1.8289999961853027
6,2018-03-16T03:00:00,3.992135159746704,2.602999925613404
6,2018-03-16T04:00:00,4.2294379726189195,3.377000093460083
6,2018-03-16T05:00:00,4.405833672959057,3.16599988937378
6,2018-03-16T06:00:00,4.573857525548883,3.3059999942779537
6,2018-03-16T07:00:00,4.84384210187158,2.74399995803833
6,2018-03-16T08:00:00,5.201585816159239,1.89900004863739
6,2018-03-16T09:00:00,5.620392759405913,2.1099998950958248
6,2018-03-16T10:00:00,6.0750647384875816,2.1099998950958248
6,2018-03-16T11:00:00,6.350278797689011,3.025000095367432
6,2018-03-16T12:00:00,6.7071759769129695,3.6579999923706055
6,2018-03-16T13:00:00,6.872154306906751,4.010000228881837
6,2018-03-16T14:00:00,7.135190449960017,3.799000024795532
6,2018-03-16T15:00:00,7.143613223389703,3.86899995803833
6,2018-03-16T16:00:00,7.149852871383903,4.290999889373778
6,2018-03-16T17:00:00,7.134419885991774,4.501999855041504
6,2018-03-16T18:00:00,6.800224706755273,4.7839999198913565
6,2018-03-16T19:00:00,6.0959835048497215,4.994999885559082
6,2018-03-16T20:00:00,5.35698176995856,5.205999851226807
6,2018-03-16T21:00:00,5.037713658709249,5.3460001945495605
6,2018-03-16T22:00:00,5.075478806777964,4.923999786376953
6,2018-03-16T23:00:00,5.094701163623885,4.150000095367432
6,2018-03-17T00:00:00,5.220226284504767,3.377000093460083
6,2018-03-17T01:00:00,5.3329056114751925,3.16599988937378
6,2018-03-17T02:00:00,5.258767005624939,2.74399995803833
6,2018-03-17T03:00:00,5.0948489315787935,3.025000095367432
6,2018-03-17T04:00:00,5.159948646763647,2.813999891281128
6,2018-03-17T05:00:00,5.161412133910266,2.74399995803833
6,2018-03-17T06:00:00,5.320739383187869,2.74399995803833
6,2018-03-17T07:00:00,5.6709794908161975,2.321000099182129
6,2018-03-17T08:00:00,6.0299512653392675,2.813999891281128
6,2018-03-17T09:00:00,6.284838464845388,3.095000028610228
6,2018-03-17T10:00:00,6.694456244930146,3.86899995803833
6,2018-03-17T11:00:00,6.957160118796674,4.432000160217285
6,2018-03-17T12:00:00,7.211735920296125,5.135000228881836
6,2018-03-17T13:00:00,7.4091639262179925,5.276000022888184
6,2018-03-17T14:00:00,7.716629802560428,6.119999885559082
6,2018-03-17T15:00:00,7.9580408985179325,6.4720001220703125
6,2018-03-17T16:00:00,8.109283988391331,6.050000190734862
6,2018-03-17T17:00:00,8.144713567925315,5.839000225067139
6,2018-03-17T18:00:00,7.932128911035468,5.76800012588501
6,2018-03-17T19:00:00,7.257224239838525,5.627999782562256
6,2018-03-17T20:00:00,6.720743913653898,5.486999988555908
6,2018-03-17T21:00:00,6.541221710539038,5.486999988555908
6,2018-03-17T22:00:00,6.499195502346913,5.276000022888184
6,2018-03-17T23:00:00,6.3303451510262505,3.5169999599456787
6,2018-03-18T00:00:00,6.369542896895075,4.7129998207092285
6,2018-03-18T01:00:00,6.365510584905248,4.8540000915527335
6,2018-03-18T02:00:00,6.367013309870401,5.557000160217285
6,2018-03-18T03:00:00,6.44596147045635,5.908999919891357
6,2018-03-18T04:00:00,6.5232123866788765,4.923999786376953
6,2018-03-18T05:00:00,6.522233945757122,3.799000024795532
6,2018-03-18T06:00:00,6.59748206353998,5.839000225067139
6,2018-03-18T07:00:00,6.798872254286634,7.73799991607666
6,2018-03-18T08:00:00,7.035642434643423,8.090000152587889
6,2018-03-18T09:00:00,7.425056077571693,7.105000019073486
6,2018-03-18T10:00:00,7.79198978986847,7.597000122070312
6,2018-03-18T11:00:00,7.992888255612639,7.948999881744385
6,2018-03-18T12:00:00,8.233153106360612,6.964000225067139
6,2018-03-18T13:00:00,8.485111661879088,7.809000015258789
6,2018-03-18T14:00:00,8.685677023589315,6.261000156402588
6,2018-03-18T15:00:00,8.762505089703593,5.697999954223633
6,2018-03-18T16:00:00,8.821302376384594,5.486999988555908
6,2018-03-18T17:00:00,8.842452144967766,5.416999816894531
6,2018-03-18T18:00:00,8.443213185309,5.9790000915527335
6,2018-03-18T19:00:00,7.788369892396856,5.486999988555908
6,2018-03-18T20:00:00,7.1533216615117965,4.432000160217285
6,2018-03-18T21:00:00,6.89149521205548,5.9790000915527335
6,2018-03-18T22:00:00,6.700884568392192,5.9790000915527335
6,2018-03-18T23:00:00,6.637979666503663,5.76800012588501
6,2018-03-19T00:00:00,6.804488271420293,5.908999919891357
6,2018-03-19T01:00:00,6.974690240362392,6.119999885559082
6,2018-03-19T02:00:00,7.091857705895411,6.752999782562256
6,2018-03-19T03:00:00,7.1463824115616,4.8540000915527335
6,2018-03-19T04:00:00,7.075403702374183,4.7839999198913565
6,2018-03-19T05:00:00,7.089726340986502,4.361999988555908
6,2018-03-19T06:00:00,7.259923300845381,5.839000225067139
6,2018-03-19T07:00:00,7.269581648135304,4.8540000915527335
6,2018-03-19T08:00:00,7.489558042159299,4.8540000915527335
6,2018-03-19T09:00:00,7.966851041049747,5.276000022888184
6,2018-03-19T10:00:00,8.244642774474736,5.557000160217285
6,2018-03-19T11:00:00,8.310038860416608,5.135000228881836
6,2018-03-19T12:00:00,8.621375088391517,6.261000156402588
6,2018-03-19T13:00:00,8.855522930199392,5.205999851226807
6,2018-03-19T14:00:00,9.073104565021975,5.3460001945495605
6,2018-03-19T15:00:00,9.156940338557083,5.416999816894531
6,2018-03-19T16:00:00,9.03514681770356,5.065000057220459
6,2018-03-19T17:00:00,9.021402477748666,6.050000190734862
6,2018-03-19T18:00:00,8.846943122010847,3.16599988937378
6,2018-03-19T19:00:00,8.323256829210099,3.86899995803833
6,2018-03-19T20:00:00,7.624529459140577,4.64300012588501
6,2018-03-19T21:00:00,7.275139225964763,4.572999954223633
6,2018-03-19T22:00:00,7.281705299215281,4.64300012588501
7,2018-03-16T23:00:00,4.759090083531328,4.150000095367432
7,2018-03-17T00:00:00,4.998824806305484,3.377000093460083
7,2018-03-17T01:00:00,5.2433857807593895,3.16599988937378
7,2018-03-17T02:00:00,5.076395469006707,2.74399995803833
7,2018-03-17T03:00:00,5.201914745957167,3.025000095367432
7,2018-03-17T04:00:00,5.124991924685366,2.813999891281128
7,2018-03-17T05:00:00,5.085593815487853,2.74399995803833
7,2018-03-17T06:00:00,5.2226005899497085,2.74399995803833
7,2018-03-17T07:00:00,5.410742590434129,2.321000099182129
7,2018-03-17T08:00:00,5.443666459573439,2.813999891281128
7,2018-03-17T09:00:00,5.7029399462834025,3.095000028610228
7,2018-03-17T10:00:00,6.072382374424784,3.86899995803833
7,2018-03-17T11:00:00,6.309774515947705,4.432000160217285
7,2018-03-17T12:00:00,6.687261531735873,5.135000228881836
7,2018-03-17T13:00:00,6.874300699065312,5.276000022888184
7,2018-03-17T14:00:00,7.135082754670849,6.119999885559082
7,2018-03-17T15:00:00,7.272264012198104,6.4720001220703125
7,2018-03-17T16:00:00,7.429665268978701,6.050000190734862
7,2018-03-17T17:00:00,7.558862047857774,5.839000225067139
7,2018-03-17T18:00:00,7.44462656570121,5.76800012588501
7,2018-03-17T19:00:00,7.107540310601193,5.627999782562256
7,2018-03-17T20:00:00,6.705336808525061,5.486999988555908
7,2018-03-17T21:00:00,6.63342390531764,5.486999988555908
7,2018-03-17T22:00:00,6.610171741023498,5.276000022888184
7,2018-03-17T23:00:00,6.529143976055218,3.5169999599456787
7,2018-03-18T00:00:00,6.4995294412280575,4.7129998207092285
7,2018-03-18T01:00:00,6.346696468341525,4.8540000915527335
7,2018-03-18T02:00:00,6.2757202636957174,5.557000160217285
7,2018-03-18T03:00:00,6.301018638484075,5.908999919891357
7,2018-03-18T04:00:00,6.438598952974299,4.923999786376953
7,2018-03-18T05:00:00,6.221560386257179,3.799000024795532
7,2018-03-18T06:00:00,6.240641653925817,5.839000225067139
7,2018-03-18T07:00:00,6.389057450262001,7.73799991607666
7,2018-03-18T08:00:00,6.571016572362019,8.090000152587889
7,2018-03-18T09:00:00,6.821701151048925,7.105000019073486
7,2018-03-18T10:00:00,7.261021124917146,7.597000122070312
7,2018-03-18T11:00:00,7.607339120386422,7.948999881744385
7,2018-03-18T12:00:00,8.048565885265981,6.964000225067139
7,2018-03-18T13:00:00,8.23656955156889,7.809000015258789
7,2018-03-18T14:00:00,8.310661155521622,6.261000156402588
7,2018-03-18T15:00:00,8.489967968058144,5.697999954223633
7,2018-03-18T16:00:00,8.611043353347764,5.486999988555908
7,2018-03-18T17:00:00,8.483949554572703,5.416999816894531
7,2018-03-18T18:00:00,8.419329459105892,5.9790000915527335
7,2018-03-18T19:00:00,7.987869738622068,5.486999988555908
7,2018-03-18T20:00:00,7.534704074348525,4.432000160217285
7,2018-03-18T21:00:00,7.266042730842367,5.9790000915527335
7,2018-03-18T22:00:00,7.00875367593361,5.9790000915527335
7,2018-03-18T23:00:00,6.669711373837286,5.76800012588501
7,2018-03-19T00:00:00,6.6376248564424465,5.908999919891357
7,2018-03-19T01:00:00,6.779374397863769,6.119999885559082
7,2018-03-19T02:00:00,6.860549095939751,6.752999782562256
7,2018-03-19T03:00:00,7.010233025177083,4.8540000915527335
7,2018-03-19T04:00:00,7.061121971274805,4.7839999198913565
7,2018-03-19T05:00:00,6.921402778250846,4.361999988555908
7,2018-03-19T06:00:00,6.936604510967779,5.839000225067139
7,2018-03-19T07:00:00,6.9099486746275645,4.8540000915527335
7,2018-03-19T08:00:00,6.966827649405829,4.8540000915527335
7,2018-03-19T09:00:00,7.313591453281433,5.276000022888184
7,2018-03-19T10:00:00,7.5109343047886075,5.557000160217285
7,2018-03-19T11:00:00,7.635587010342498,5.135000228881836
7,2018-03-19T12:00:00,8.013699076231449,6.261000156402588
7,2018-03-19T13:00:00,8.242644901633563,5.205999851226807
7,2018-03-19T14:00:00,8.42253602372737,5.3460001945495605
7,2018-03-19T15:00:00,8.620465438879275,5.416999816894531
7,2018-03-19T16:00:00,8.51584046726791,5.065000057220459
7,2018-03-19T17:00:00,8.371165036854716,6.050000190734862
7,2018-03-19T18:00:00,8.226216360952023,3.16599988937378
7,2018-03-19T19:00:00,7.763379576226352,3.86899995803833
7,2018-03-19T20:00:00,7.133585873636115,4.64300012588501
7,2018-03-19T21:00:00,6.86439774154495,4.572999954223633
7,2018-03-19T22:00:00,6.7581843061606985,4.64300012588501
7,2018-03-19T23:00:00,6.587513987937795,4.079999923706056
7,2018-03-20T00:00:00,6.643560620054805,3.095000028610228
7,2018-03-20T01:00:00,6.707320405479063,3.236000061035156
7,2018-03-20T02:00:00,6.7304840759697,4.010000228881837
7,2018-03-20T03:00:00,6.901474975518505,3.7279999256134033
7,2018-03-20T04:00:00,6.797260999185109,4.290999889373778
7,2018-03-20T05:00:00,6.7504953634223295,4.64300012588501
7,2018-03-20T06:00:00,6.9719101991768575,4.432000160217285
7,2018-03-20T07:00:00,7.05892799282568,3.16599988937378
7,2018-03-20T08:00:00,7.1415478114098185,2.9549999237060547
7,2018-03-20T09:00:00,7.512373581366344,3.7279999256134033
7,2018-03-20T10:00:00,7.750696577520458,4.150000095367432
7,2018-03-20T11:00:00,8.03648698199608,3.588000059127808
7,2018-03-20T12:00:00,8.344846061360856,3.86899995803833
7,2018-03-20T13:00:00,8.429328006630982,3.4470000267028813
7,2018-03-20T14:00:00,8.547570421422407,3.5169999599456787
7,2018-03-20T15:00:00,8.828384969599522,3.5169999599456787
7,2018-03-20T16:00:00,8.909879080215322,3.095000028610228
7,2018-03-20T17:00:00,8.92884630775605,2.461999893188477
7,2018-03-20T18:00:00,8.734657508981291,2.532000064849853
7,2018-03-20T19:00:00,8.413296936702725,2.884000062942505
7,2018-03-20T20:00:00,8.047581600413807,2.532000064849853
7,2018-03-20T21:00:00,7.8181505618173865,2.602999925613404
7,2018-03-20T22:00:00,7.700451298616146,3.377000093460083
8,2018-03-17T23:00:00,5.122944044496743,3.5169999599456787
8,2018-03-18T00:00:00,5.263431296947337,4.7129998207092285
8,2018-03-18T01:00:00,5.4222050425294395,4.8540000915527335
8,2018-03-18T02:00:00,5.224900593993597,5.557000160217285
8,2018-03-18T03:00:00,5.530993146687322,5.908999919891357
8,2018-03-18T04:00:00,5.48480439034172,4.923999786376953
8,2018-03-18T05:00:00,5.356799773268335,3.799000024795532
8,2018-03-18T06:00:00,5.449415217412357,5.839000225067139
8,2018-03-18T07:00:00,5.539425938283442,7.73799991607666
8,2018-03-18T08:00:00,5.679252826596569,8.090000152587889
8,2018-03-18T09:00:00,6.08100384148875,7.105000019073486
8,2018-03-18T10:00:00,6.541764361220899,7.597000122070312
8,2018-03-18T11:00:00,6.857471849149999,7.948999881744385
8,2018-03-18T12:00:00,7.374070289198441,6.964000225067139
8,2018-03-18T13:00:00,7.480543362062784,7.809000015258789
8,2018-03-18T14:00:00,7.5694963315278425,6.261000156402588
8,2018-03-18T15:00:00,7.730340498173048,5.697999954223633
8,2018-03-18T16:00:00,7.735615062800736,5.486999988555908
8,2018-03-18T17:00:00,7.643894574858187,5.416999816894531
8,2018-03-18T18:00:00,7.444685005005411,5.9790000915527335
8,2018-03-18T19:00:00,7.1085003848844845,5.486999988555908
8,2018-03-18T20:00:00,6.686914235299483,4.432000160217285
8,2018-03-18T21:00:00,6.520161854999614,5.9790000915527335
8,2018-03-18T22:00:00,6.3140973547641295,5.9790000915527335
8,2018-03-18T23:00:00,6.180834035159911,5.76800012588501
8,2018-03-19T00:00:00,6.1178681894255735,5.908999919891357
8,2018-03-19T01:00:00,6.149692564798713,6.119999885559082
8,2018-03-19T02:00:00,6.1931572147213725,6.752999782562256
8,2018-03-19T03:00:00,6.108758336747931,4.8540000915527335
8,2018-03-19T04:00:00,6.135078564512595,4.7839999198913565
8,2018-03-19T05:00:00,5.8941207905862445,4.361999988555908
8,2018-03-19T06:00:00,5.868170400132451,5.839000225067139
8,2018-03-19T07:00:00,5.898851034837669,4.8540000915527335
8,2018-03-19T08:00:00,6.05191192101058,4.8540000915527335
8,2018-03-19T09:00:00,6.312627188839887,5.276000022888184
8,2018-03-19T10:00:00,6.522959427976408,5.557000160217285
8,2018-03-19T11:00:00,6.718789536351997,5.135000228881836
8,2018-03-19T12:00:00,7.2220204029881945,6.261000156402588
8,2018-03-19T13:00:00,7.504834076277287,5.205999851226807
8,2018-03-19T14:00:00,7.748256319146488,5.3460001945495605
8,2018-03-19T15:00:00,8.064056475115105,5.416999816894531
8,2018-03-19T16:00:00,7.999383366850914,5.065000057220459
8,2018-03-19T17:00:00,7.777467622774667,6.050000190734862
8,2018-03-19T18:00:00,7.897359194730628,3.16599988937378
8,2018-03-19T19:00:00,7.439619152178436,3.86899995803833
8,2018-03-19T20:00:00,7.021413298917826,4.64300012588501
8,2018-03-19T21:00:00,6.656262820246365,4.572999954223633
8,2018-03-19T22:00:00,6.535039667001836,4.64300012588501
8,2018-03-19T23:00:00,6.100270445236424,4.079999923706056
8,2018-03-20T00:00:00,5.956462170612841,3.095000028610228
8,2018-03-20T01:00:00,5.90843341103213,3.236000061035156
8,2018-03-20T02:00:00,5.878963304771064,4.010000228881837
8,2018-03-20T03:00:00,5.9552867057512096,3.7279999256134033
8,2018-03-20T04:00:00,5.98294435873486,4.290999889373778
8,2018-03-20T05:00:00,5.902990207269463,4.64300012588501
8,2018-03-20T06:00:00,6.023209874176148,4.432000160217285
8,2018-03-20T07:00:00,6.150640116373964,3.16599988937378
8,2018-03-20T08:00:00,6.242108480461248,2.9549999237060547
8,2018-03-20T09:00:00,6.532111857861397,3.7279999256134033
8,2018-03-20T10:00:00,6.747331292523478,4.150000095367432
8,2018-03-20T11:00:00,6.983121362264107,3.588000059127808
8,2018-03-20T12:00:00,7.325918807078908,3.86899995803833
8,2018-03-20T13:00:00,7.488457713545927,3.4470000267028813
8,2018-03-20T14:00:00,7.680884984722642,3.5169999599456787
8,2018-03-20T15:00:00,8.046875319680185,3.5169999599456787
8,2018-03-20T16:00:00,8.187344205492314,3.095000028610228
8,2018-03-20T17:00:00,8.101562820550932,2.461999893188477
8,2018-03-20T18:00:00,7.82228055092995,2.532000064849853
8,2018-03-20T19:00:00,7.431699791612079,2.884000062942505
8,2018-03-20T20:00:00,6.952068385706411,2.532000064849853
8,2018-03-20T21:00:00,6.726998588897748,2.602999925613404
8,2018-03-20T22:00:00,6.554785473043955,3.377000093460083
8,2018-03-20T23:00:00,6.336196595071119,3.377000093460083
8,2018-03-21T00:00:00,6.4514430771903495,3.4470000267028813
8,2018-03-21T01:00:00,6.638716836583791,2.74399995803833
8,2018-03-21T02:00:00,6.627496490177311,3.4470000267028813
8,2018-03-21T03:00:00,6.736966664499935,3.799000024795532
8,2018-03-21T04:00:00,6.695609168917301,3.86899995803833
8,2018-03-21T05:00:00,6.718746124297448,4.079999923706056
8,2018-03-21T06:00:00,6.973031398970303,3.938999891281128
8,2018-03-21T07:00:00,7.080558883851863,4.010000228881837
8,2018-03-21T08:00:00,7.123656201005263,4.290999889373778
8,2018-03-21T09:00:00,7.484288486614828,3.16599988937378
8,2018-03-21T10:00:00,7.740902984983672,5.416999816894531
8,2018-03-21T11:00:00,8.000762200491163,5.205999851226807
8,2018-03-21T12:00:00,8.427491676723564,5.065000057220459
8,2018-03-21T13:00:00,8.649026396536424,6.190999984741211
8,2018-03-21T14:00:00,8.767290600839843,5.908999919891357
8,2018-03-21T15:00:00,8.896991877883607,6.683000087738037
8,2018-03-21T16:00:00,8.778512032547688,6.683000087738037
8,2018-03-21T17:00:00,8.812396810817493,6.401999950408936
8,2018-03-21T18:00:00,8.770113052263284,6.894000053405763
8,2018-03-21T19:00:00,8.418113504154922,7.0349998474121085
8,2018-03-21T20:00:00,8.003999654459145,6.752999782562256
8,2018-03-21T21:00:00,7.822464217314581,6.752999782562256
8,2018-03-21T22:00:00,7.619750793751388,6.683000087738037
9,2018-03-18T23:00:00,5.708040027845694,5.76800012588501
9,2018-03-19T00:00:00,6.0433271872235395,5.908999919891357
9,2018-03-19T01:00:00,6.482710609479177,6.119999885559082
9,2018-03-19T02:00:00,6.39679063990212,6.752999782562256
9,2018-03-19T03:00:00,6.677416178672509,4.8540000915527335
9,2018-03-19T04:00:00,6.4592706045643915,4.7839999198913565
9,2018-03-19T05:00:00,6.324199005918771,4.361999988555908
9,2018-03-19T06:00:00,6.3886041282308454,5.839000225067139
9,2018-03-19T07:00:00,6.681926858109577,4.8540000915527335
9,2018-03-19T08:00:00,6.7628310656918345,4.8540000915527335
9,2018-03-19T09:00:00,6.871650894043425,5.276000022888184
9,2018-03-19T10:00:00,7.137644065889232,5.557000160217285
9,2018-03-19T11:00:00,7.231879113606805,5.135000228881836
9,2018-03-19T12:00:00,7.478179074784276,6.261000156402588
9,2018-03-19T13:00:00,7.609238397772936,5.205999851226807
9,2018-03-19T14:00:00,7.640532645172257,5.3460001945495605
9,2018-03-19T15:00:00,7.595263055597009,5.416999816894531
9,2018-03-19T16:00:00,7.4238831172516715,5.065000057220459
9,2018-03-19T17:00:00,7.257445474347282,6.050000190734862
9,2018-03-19T18:00:00,7.262538042284747,3.16599988937378
9,2018-03-19T19:00:00,6.858790907730523,3.86899995803833
9,2018-03-19T20:00:00,6.28124361278986,4.64300012588501
9,2018-03-19T21:00:00,6.060813061887508,4.572999954223633
9,2018-03-19T22:00:00,5.9622660283671465,4.64300012588501
9,2018-03-19T23:00:00,5.680721322826404,4.079999923706056
9,2018-03-20T00:00:00,5.629182030757654,3.095000028610228
9,2018-03-20T01:00:00,5.656114201522017,3.236000061035156
9,2018-03-20T02:00:00,5.492979214152156,4.010000228881837
9,2018-03-20T03:00:00,5.280376190623846,3.7279999256134033
9,2018-03-20T04:00:00,5.270411454410473,4.290999889373778
9,2018-03-20T05:00:00,5.1174449059714835,4.64300012588501
9,2018-03-20T06:00:00,5.468658445438349,4.432000160217285
9,2018-03-20T07:00:00,5.884754639817324,3.16599988937378
9,2018-03-20T08:00:00,6.071780449591518,2.9549999237060547
9,2018-03-20T09:00:00,6.098618282621956,3.7279999256134033
9,2018-03-20T10:00:00,6.437750748216191,4.150000095367432
9,2018-03-20T11:00:00,6.642852669626777,3.588000059127808
9,2018-03-20T12:00:00,7.074559671852089,3.86899995803833
9,2018-03-20T13:00:00,7.296245832947546,3.4470000267028813
9,2018-03-20T14:00:00,7.2575247848315545,3.5169999599456787
9,2018-03-20T15:00:00,7.578427526904072,3.5169999599456787
9,2018-03-20T16:00:00,7.741362150945246,3.095000028610228
9,2018-03-20T17:00:00,7.578787346048506,2.461999893188477
9,2018-03-20T18:00:00,7.548156802175459,2.532000064849853
9,2018-03-20T19:00:00,7.161115794997727,2.884000062942505
9,2018-03-20T20:00:00,6.699275817832275,2.532000064849853
9,2018-03-20T21:00:00,6.44812789894778,2.602999925613404
9,2018-03-20T22:00:00,6.2547146732244805,3.377000093460083
9,2018-03-20T23:00:00,5.737144471031906,3.377000093460083
9,2018-03-21T00:00:00,5.751864496912788,3.4470000267028813
9,2018-03-21T01:00:00,6.057798428637968,2.74399995803833
9,2018-03-21T02:00:00,6.028515328150343,3.4470000267028813
9,2018-03-21T03:00:00,6.070459721316588,3.799000024795532
9,2018-03-21T04:00:00,6.11973073353516,3.86899995803833
9,2018-03-21T05:00:00,6.107677209620224,4.079999923706056
9,2018-03-21T06:00:00,6.485734426047948,3.938999891281128
9,2018-03-21T07:00:00,6.721177199352185,4.010000228881837
9,2018-03-21T08:00:00,6.730979140361001,4.290999889373778
9,2018-03-21T09:00:00,6.963808007073073,3.16599988937378
9,2018-03-21T10:00:00,7.2555186470030755,5.416999816894531
9,2018-03-21T11:00:00,7.350835656695558,5.205999851226807
9,2018-03-21T12:00:00,7.621619181791395,5.065000057220459
9,2018-03-21T13:00:00,7.789455193760578,6.190999984741211
9,2018-03-21T14:00:00,7.795725731101282,5.908999919891357
9,2018-03-21T15:00:00,7.922719348211999,6.683000087738037
9,2018-03-21T16:00:00,7.867544296574781,6.683000087738037
9,2018-03-21T17:00:00,7.836473788225826,6.401999950408936
9,2018-03-21T18:00:00,7.722610647921739,6.894000053405763
9,2018-03-21T19:00:00,7.339465037792564,7.0349998474121085
9,2018-03-21T20:00:00,6.799541801743331,6.752999782562256
9,2018-03-21T21:00:00,6.646041785941712,6.752999782562256
9,2018-03-21T22:00:00,6.429072511542431,6.683000087738037
9,2018-03-21T23:00:00,6.021544354006437,6.683000087738037
9,2018-03-22T00:00:00,6.085337533318812,6.61299991607666
9,2018-03-22T01:00:00,6.180232945173849,6.330999851226808
9,2018-03-22T02:00:00,6.0678157602251215,6.752999782562256
9,2018-03-22T03:00:00,6.396080184932485,6.261000156402588
9,2018-03-22T04:00:00,6.373796443393664,6.261000156402588
9,2018-03-22T05:00:00,6.330650705102498,6.4720001220703125
9,2018-03-22T06:00:00,6.748618626910295,6.4720001220703125
9,2018-03-22T07:00:00,6.907289686286445,6.119999885559082
9,2018-03-22T08:00:00,6.874505236630013,6.964000225067139
9,2018-03-22T09:00:00,7.0972491491315,7.948999881744385
9,2018-03-22T10:00:00,7.286891370039466,8.51200008392334
9,2018-03-22T11:00:00,7.446413973562539,7.456999778747559
9,2018-03-22T12:00:00,7.636699861663912,8.159999847412111
9,2018-03-22T13:00:00,7.802985562377378,9.425999641418455
9,2018-03-22T14:00:00,7.80979708070554,9.003999710083008
9,2018-03-22T15:00:00,7.768282633848768,8.51200008392334
9,2018-03-22T16:00:00,7.655031436544379,8.793000221252441
9,2018-03-22T17:00:00,7.808520599332361,8.581999778747559
9,2018-03-22T18:00:00,7.65321230448934,9.708000183105469
9,2018-03-22T19:00:00,7.209943503351578,9.21500015258789
9,2018-03-22T20:00:00,6.819093923234384,8.51200008392334
9,2018-03-22T21:00:00,6.47331022997494,8.371000289916992
9,2018-03-22T22:00:00,6.206358653540246,8.51200008392334
10,2018-03-19T23:00:00,4.488432620363126,4.079999923706056
10,2018-03-20T00:00:00,4.699599706702511,3.095000028610228
10,2018-03-20T01:00:00,5.0320074780776824,3.236000061035156
10,2018-03-20T02:00:00,4.82071015557465,4.010000228881837
10,2018-03-20T03:00:00,4.8558680758288215,3.7279999256134033
10,2018-03-20T04:00:00,4.499444254968887,4.290999889373778
10,2018-03-20T05:00:00,4.280650839431349,4.64300012588501
10,2018-03-20T06:00:00,4.6314694961712615,4.432000160217285
10,2018-03-20T07:00:00,4.70158246880931,3.16599988937378
10,2018-03-20T08:00:00,4.566352249195145,2.9549999237060547
10,2018-03-20T09:00:00,4.789165454014469,3.7279999256134033
10,2018-03-20T10:00:00,4.979567385877042,4.150000095367432
10,2018-03-20T11:00:00,5.001952143927408,3.588000059127808
10,2018-03-20T12:00:00,5.3554364677860615,3.86899995803833
10,2018-03-20T13:00:00,5.297331102466792,3.4470000267028813
10,2018-03-20T14:00:00,5.224957363603393,3.5169999599456787
10,2018-03-20T15:00:00,5.113386713718366,3.5169999599456787
10,2018-03-20T16:00:00,4.98428761196203,3.095000028610228
10,2018-03-20T17:00:00,4.981110183507933,2.461999893188477
10,2018-03-20T18:00:00,4.724667663662878,2.532000064849853
10,2018-03-20T19:00:00,4.779848559230519,2.884000062942505
10,2018-03-20T20:00:00,4.774346081316448,2.532000064849853
10,2018-03-20T21:00:00,4.756675705420649,2.602999925613404
10,2018-03-20T22:00:00,4.655693422609536,3.377000093460083
10,2018-03-20T23:00:00,4.524143209465592,3.377000093460083
10,2018-03-21T00:00:00,4.337628326179551,3.4470000267028813
10,2018-03-21T01:00:00,4.29086519495838,2.74399995803833
10,2018-03-21T02:00:00,4.151004912757138,3.4470000267028813
10,2018-03-21T03:00:00,3.8642858242530522,3.799000024795532
10,2018-03-21T04:00:00,3.8631579456819836,3.86899995803833
10,2018-03-21T05:00:00,3.691084249311068,4.079999923706056
10,2018-03-21T06:00:00,3.8974150658042657,3.938999891281128
10,2018-03-21T07:00:00,4.004464183238584,4.010000228881837
10,2018-03-21T08:00:00,3.9570390181855437,4.290999889373778
10,2018-03-21T09:00:00,4.082194301755557,3.16599988937378
10,2018-03-21T10:00:00,4.3568289769982,5.416999816894531
10,2018-03-21T11:00:00,4.565085785988401,5.205999851226807
10,2018-03-21T12:00:00,4.8748775466380145,5.065000057220459
10,2018-03-21T13:00:00,4.819800172123529,6.190999984741211
10,2018-03-21T14:00:00,4.862889140804901,5.908999919891357
10,2018-03-21T15:00:00,5.004191204125487,6.683000087738037
10,2018-03-21T16:00:00,4.900966521727483,6.683000087738037
10,2018-03-21T17:00:00,4.748961717266193,6.401999950408936
10,2018-03-21T18:00:00,4.848378661571937,6.894000053405763
10,2018-03-21T19:00:00,4.753639366143835,7.0349998474121085
10,2018-03-21T20:00:00,4.912831370174574,6.752999782562256
10,2018-03-21T21:00:00,4.916433735854929,6.752999782562256
10,2018-03-21T22:00:00,4.7374692106715806,6.683000087738037
10,2018-03-21T23:00:00,4.132364444411612,6.683000087738037
10,2018-03-22T00:00:00,3.9081662280827363,6.61299991607666
10,2018-03-22T01:00:00,3.9633888660105203,6.330999851226808
10,2018-03-22T02:00:00,3.811263843552016,6.752999782562256
10,2018-03-22T03:00:00,3.880269808799069,6.261000156402588
10,2018-03-22T04:00:00,3.859583129959324,6.261000156402588
10,2018-03-22T05:00:00,3.757664983433802,6.4720001220703125
10,2018-03-22T06:00:00,3.943072024481644,6.4720001220703125
10,2018-03-22T07:00:00,4.019715171940488,6.119999885559082
10,2018-03-22T08:00:00,3.9774243171850543,6.964000225067139
10,2018-03-22T09:00:00,4.187114558822573,7.948999881744385
10,2018-03-22T10:00:00,4.2869881645482835,8.51200008392334
10,2018-03-22T11:00:00,4.384167718350355,7.456999778747559
10,2018-03-22T12:00:00,4.591933637185274,8.159999847412111
10,2018-03-22T13:00:00,4.749779867524998,9.425999641418455
10,2018-03-22T14:00:00,4.700594844568322,9.003999710083008
10,2018-03-22T15:00:00,4.730906476809874,8.51200008392334
10,2018-03-22T16:00:00,4.662930713011155,8.793000221252441
10,2018-03-22T17:00:00,4.556002648421252,8.581999778747559
10,2018-03-22T18:00:00,4.297057256662015,9.708000183105469
10,2018-03-22T19:00:00,4.2811584265306895,9.21500015258789
10,2018-03-22T20:00:00,4.277197076553106,8.51200008392334
10,2018-03-22T21:00:00,4.2837598104148125,8.371000289916992
10,2018-03-22T22:00:00,4.010173703258966,8.51200008392334
10,2018-03-22T23:00:00,3.7066132421315245,8.371000289916992
10,2018-03-23T00:00:00,3.8940998875616977,8.442000389099121
10,2018-03-23T01:00:00,3.960674777754013,8.159999847412111
10,2018-03-23T02:00:00,3.907373123240017,8.300999641418457
10,2018-03-23T03:00:00,3.9349982171827556,8.722999572753906
10,2018-03-23T04:00:00,3.7825809982032492,8.300999641418457
10,2018-03-23T05:00:00,3.672523091449813,8.020000457763674
10,2018-03-23T06:00:00,4.004755544912385,8.159999847412111
10,2018-03-23T07:00:00,4.119281553895544,8.230999946594237
10,2018-03-23T08:00:00,4.0435709307623,8.581999778747559
10,2018-03-23T09:00:00,4.350896552774653,8.230999946594237
10,2018-03-23T10:00:00,4.568414321786218,9.918999671936035
10,2018-03-23T11:00:00,4.607509381449091,9.98900032043457
10,2018-03-23T12:00:00,4.751529707262199,9.708000183105469
10,2018-03-23T13:00:00,4.892702369266342,10.270999908447266
10,2018-03-23T14:00:00,4.8389582457348315,11.607000350952148
10,2018-03-23T15:00:00,4.890035032453197,12.522000312805176
10,2018-03-23T16:00:00,4.678397927138601,12.380999565124512
10,2018-03-23T17:00:00,4.670314101673277,12.732999801635742
10,2018-03-23T18:00:00,4.487652038228447,12.029000282287598
10,2018-03-23T19:00:00,4.602120442754611,10.833000183105469
10,2018-03-23T20:00:00,4.749205492649429,10.621999740600586
10,2018-03-23T21:00:00,4.808814417781054,9.425999641418455
10,2018-03-23T22:00:00,4.699700723214056,9.003999710083008
11,2018-03-20T23:00:00,3.3613738692483466,3.377000093460083
11,2018-03-21T00:00:00,3.4277049840574243,3.4470000267028813
11,2018-03-21T01:00:00,3.7903776362307884,2.74399995803833
11,2018-03-21T02:00:00,3.697354786651772,3.4470000267028813
11,2018-03-21T03:00:00,3.769270194400802,3.799000024795532
11,2018-03-21T04:00:00,3.703368191053995,3.86899995803833
11,2018-03-21T05:00:00,3.684636724363356,4.079999923706056
11,2018-03-21T06:00:00,3.8351137584434074,3.938999891281128
11,2018-03-21T07:00:00,3.8111862027621513,4.010000228881837
11,2018-03-21T08:00:00,3.755499389789575,4.290999889373778
11,2018-03-21T09:00:00,4.0876308267405985,3.16599988937378
11,2018-03-21T10:00:00,4.3445976306290515,5.416999816894531
11,2018-03-21T11:00:00,4.425233017411985,5.205999851226807
11,2018-03-21T12:00:00,4.701449728104054,5.065000057220459
11,2018-03-21T13:00:00,4.451898037071432,6.190999984741211
11,2018-03-21T14:00:00,4.4469056507983105,5.908999919891357
11,2018-03-21T15:00:00,4.396302222443969,6.683000087738037
11,2018-03-21T16:00:00,4.25375707163832,6.683000087738037
11,2018-03-21T17:00:00,4.147683055736946,6.401999950408936
11,2018-03-21T18:00:00,4.040592195942484,6.894000053405763
11,2018-03-21T19:00:00,4.154395227247965,7.0349998474121085
11,2018-03-21T20:00:00,4.22561604212421,6.752999782562256
11,2018-03-21T21:00:00,4.351071870687255,6.752999782562256
11,2018-03-21T22:00:00,4.360818711780681,6.683000087738037
11,2018-03-21T23:00:00,4.105436447883262,6.683000087738037
11,2018-03-22T00:00:00,3.849849646421145,6.61299991607666
11,2018-03-22T01:00:00,3.9415175389899133,6.330999851226808
11,2018-03-22T02:00:00,3.8249286225684784,6.752999782562256
11,2018-03-22T03:00:00,3.6144202306721542,6.261000156402588
11,2018-03-22T04:00:00,3.699489490949494,6.261000156402588
11,2018-03-22T05:00:00,3.494593776798016,6.4720001220703125
11,2018-03-22T06:00:00,3.5309021164977334,6.4720001220703125
11,2018-03-22T07:00:00,3.7648521830032493,6.119999885559082
11,2018-03-22T08:00:00,4.004271333534724,6.964000225067139
11,2018-03-22T09:00:00,4.115190802601516,7.948999881744385
11,2018-03-22T10:00:00,4.3973900283492995,8.51200008392334
11,2018-03-22T11:00:00,4.538252962041181,7.456999778747559
11,2018-03-22T12:00:00,4.796594759272747,8.159999847412111
11,2018-03-22T13:00:00,4.819883656843816,9.425999641418455
11,2018-03-22T14:00:00,4.7724125751946165,9.003999710083008
11,2018-03-22T15:00:00,4.905404569457906,8.51200008392334
11,2018-03-22T16:00:00,4.751586476871994,8.793000221252441
11,2018-03-22T17:00:00,4.541199137820085,8.581999778747559
11,2018-03-22T18:00:00,4.569704160714641,9.708000183105469
11,2018-03-22T19:00:00,4.471233098289741,9.21500015258789
11,2018-03-22T20:00:00,4.598890418926734,8.51200008392334
11,2018-03-22T21:00:00,4.614302533138789,8.371000289916992
11,2018-03-22T22:00:00,4.476471764487707,8.51200008392334
11,2018-03-22T23:00:00,3.9911558839777452,8.371000289916992
11,2018-03-23T00:00:00,3.876563087218356,8.442000389099121
11,2018-03-23T01:00:00,3.901494129237456,8.159999847412111
11,2018-03-23T02:00:00,3.895577567110765,8.300999641418457
11,2018-03-23T03:00:00,3.8602852364569316,8.722999572753906
11,2018-03-23T04:00:00,3.9554770190689865,8.300999641418457
11,2018-03-23T05:00:00,3.8083101541482876,8.020000457763674
11,2018-03-23T06:00:00,4.016740611356687,8.159999847412111
11,2018-03-23T07:00:00,4.1045748855699085,8.230999946594237
11,2018-03-23T08:00:00,4.051600491159437,8.581999778747559
11,2018-03-23T09:00:00,4.28366296813928,8.230999946594237
11,2018-03-23T10:00:00,4.522031046042349,9.918999671936035
11,2018-03-23T11:00:00,4.476019277303754,9.98900032043457
11,2018-03-23T12:00:00,4.513036402278702,9.708000183105469
11,2018-03-23T13:00:00,4.597208201812965,10.270999908447266
11,2018-03-23T14:00:00,4.5603647250562105,11.607000350952148
11,2018-03-23T15:00:00,4.595278035079945,12.522000312805176
11,2018-03-23T16:00:00,4.497547482123984,12.380999565124512
11,2018-03-23T17:00:00,4.2778566058433665,12.732999801635742
11,2018-03-23T18:00:00,3.9646494852868432,12.029000282287598
11,2018-03-23T19:00:00,4.047164113123422,10.833000183105469
11,2018-03-23T20:00:00,4.039428418941693,10.621999740600586
11,2018-03-23T21:00:00,4.083527552738529,9.425999641418455
11,2018-03-23T22:00:00,3.922684220940525,9.003999710083008
11,2018-03-23T23:00:00,3.744572074751302,9.28600025177002
11,2018-03-24T00:00:00,3.8301614448360244,9.145000457763672
11,2018-03-24T01:00:00,3.9594525614490212,9.496999740600586
11,2018-03-24T02:00:00,4.011526155727603,9.848999977111816
11,2018-03-24T03:00:00,4.070629998301497,9.28600025177002
11,2018-03-24T04:00:00,3.8769755017365704,9.355999946594238
11,2018-03-24T05:00:00,3.88044262217006,9.074999809265137
11,2018-03-24T06:00:00,4.206229220379326,9.003999710083008
11,2018-03-24T07:00:00,4.276936604225812,10.621999740600586
11,2018-03-24T08:00:00,4.265808925858851,9.496999740600586
11,2018-03-24T09:00:00,4.589397371382978,9.848999977111816
11,2018-03-24T10:00:00,4.808585669647471,9.918999671936035
11,2018-03-24T11:00:00,4.698772373124472,10.270999908447266
11,2018-03-24T12:00:00,4.924052551428256,10.692999839782717
11,2018-03-24T13:00:00,5.094843922495574,10.692999839782717
11,2018-03-24T14:00:00,5.0413611061385595,11.678000450134276
11,2018-03-24T15:00:00,4.922294363219027,12.732999801635742
11,2018-03-24T16:00:00,4.647094496420046,12.944000244140623
11,2018-03-24T17:00:00,4.563052098202228,13.29599952697754
11,2018-03-24T18:00:00,4.516354919910082,12.661999702453612
11,2018-03-24T19:00:00,4.678057309479831,12.029000282287598
11,2018-03-24T20:00:00,4.789273984150842,11.467000007629396
11,2018-03-24T21:00:00,4.747062439879679,11.114999771118164
11,2018-03-24T22:00:00,4.787852239364366,10.973999977111816
12,2018-03-21T23:00:00,6.622472379710484,6.683000087738037
12,2018-03-22T00:00:00,6.751175763892663,6.61299991607666
12,2018-03-22T01:00:00,7.040466181781566,6.330999851226808
12,2018-03-22T02:00:00,7.012177384312551,6.752999782562256
12,2018-03-22T03:00:00,7.143508867489345,6.261000156402588
12,2018-03-22T04:00:00,6.985870514103134,6.261000156402588
12,2018-03-22T05:00:00,6.8608346136831315,6.4720001220703125
12,2018-03-22T06:00:00,6.744070379349095,6.4720001220703125
12,2018-03-22T07:00:00,6.984024666937604,6.119999885559082
12,2018-03-22T08:00:00,7.056541999519899,6.964000225067139
12,2018-03-22T09:00:00,7.124663026731914,7.948999881744385
12,2018-03-22T10:00:00,7.52125719045201,8.51200008392334
12,2018-03-22T11:00:00,7.571958295929086,7.456999778747559
12,2018-03-22T12:00:00,7.566980102058414,8.159999847412111
12,2018-03-22T13:00:00,7.561877515954514,9.425999641418455
12,2018-03-22T14:00:00,7.403877673729465,9.003999710083008
12,2018-03-22T15:00:00,7.256219083806279,8.51200008392334
12,2018-03-22T16:00:00,6.984162416726077,8.793000221252441
12,2018-03-22T17:00:00,6.838840564123705,8.581999778747559
12,2018-03-22T18:00:00,6.679092551855858,9.708000183105469
12,2018-03-22T19:00:00,6.594214471587973,9.21500015258789
12,2018-03-22T20:00:00,6.522498592320428,8.51200008392334
12,2018-03-22T21:00:00,6.581587407644669,8.371000289916992
12,2018-03-22T22:00:00,6.565437288505285,8.51200008392334
12,2018-03-22T23:00:00,6.381566366310709,8.371000289916992
12,2018-03-23T00:00:00,6.28270459539487,8.442000389099121
12,2018-03-23T01:00:00,6.29229198067255,8.159999847412111
12,2018-03-23T02:00:00,6.319437872320844,8.300999641418457
12,2018-03-23T03:00:00,5.960556261295681,8.722999572753906
12,2018-03-23T04:00:00,5.9698472758163454,8.300999641418457
12,2018-03-23T05:00:00,5.685787175653379,8.020000457763674
12,2018-03-23T06:00:00,5.737724689837895,8.159999847412111
12,2018-03-23T07:00:00,5.971322450823804,8.230999946594237
12,2018-03-23T08:00:00,6.00616396398809,8.581999778747559
12,2018-03-23T09:00:00,6.006608102700014,8.230999946594237
12,2018-03-23T10:00:00,6.314918844411746,9.918999671936035
12,2018-03-23T11:00:00,6.18393298797694,9.98900032043457
12,2018-03-23T12:00:00,6.178615011294701,9.708000183105469
12,2018-03-23T13:00:00,6.22441222430216,10.270999908447266
12,2018-03-23T14:00:00,6.053778639356182,11.607000350952148
12,2018-03-23T15:00:00,6.076170076184173,12.522000312805176
12,2018-03-23T16:00:00,6.004083524758556,12.380999565124512
12,2018-03-23T17:00:00,5.708370627338027,12.732999801635742
12,2018-03-23T18:00:00,5.662155990729136,12.029000282287598
12,2018-03-23T19:00:00,5.674032527037067,10.833000183105469
12,2018-03-23T20:00:00,5.737989336401203,10.621999740600586
12,2018-03-23T21:00:00,5.6545004418788825,9.425999641418455
12,2018-03-23T22:00:00,5.532954202766847,9.003999710083008
12,2018-03-23T23:00:00,5.203640375125486,9.28600025177002
12,2018-03-24T00:00:00,5.097234090037372,9.145000457763672
12,2018-03-24T01:00:00,5.241069079771446,9.496999740600586
12,2018-03-24T02:00:00,5.322061781157204,9.848999977111816
12,2018-03-24T03:00:00,5.324336739785005,9.28600025177002
12,2018-03-24T04:00:00,5.174604389409907,9.355999946594238
12,2018-03-24T05:00:00,5.079109557263214,9.074999809265137
12,2018-03-24T06:00:00,5.26010276114952,9.003999710083008
12,2018-03-24T07:00:00,5.340118691307929,10.621999740600586
12,2018-03-24T08:00:00,5.21200721379258,9.496999740600586
12,2018-03-24T09:00:00,5.324001131209455,9.848999977111816
12,2018-03-24T10:00:00,5.602325831088754,9.918999671936035
12,2018-03-24T11:00:00,5.416249242584215,10.270999908447266
12,2018-03-24T12:00:00,5.471840882975663,10.692999839782717
12,2018-03-24T13:00:00,5.638474714972723,10.692999839782717
12,2018-03-24T14:00:00,5.510278083042682,11.678000450134276
12,2018-03-24T15:00:00,5.4800724763958915,12.732999801635742
12,2018-03-24T16:00:00,5.301060364921982,12.944000244140623
12,2018-03-24T17:00:00,5.05384123697416,13.29599952697754
12,2018-03-24T18:00:00,4.880481875910835,12.661999702453612
12,2018-03-24T19:00:00,5.034574633226486,12.029000282287598
12,2018-03-24T20:00:00,4.9907434853817705,11.467000007629396
12,2018-03-24T21:00:00,4.991964031992355,11.114999771118164
12,2018-03-24T22:00:00,4.985615853861784,10.973999977111816
12,2018-03-24T23:00:00,4.919130292320174,10.621999740600586
12,2018-03-25T00:00:00,4.96965023595423,10.692999839782717
12,2018-03-25T01:00:00,5.086869462013826,9.777999877929688
12,2018-03-25T02:00:00,5.289216387654964,9.28600025177002
12,2018-03-25T03:00:00,5.532403203612958,10.552000045776367
12,2018-03-25T04:00:00,5.257049724928651,10.340999603271484
12,2018-03-25T05:00:00,5.301772489586023,10.692999839782717
12,2018-03-25T06:00:00,5.6089194542969665,10.41100025177002
12,2018-03-25T07:00:00,5.572782258273836,9.98900032043457
12,2018-03-25T08:00:00,5.553320300280692,10.621999740600586
12,2018-03-25T09:00:00,5.86150164067598,10.973999977111816
12,2018-03-25T10:00:00,6.081865403802105,10.270999908447266
12,2018-03-25T11:00:00,6.099307866411522,9.98900032043457
12,2018-03-25T12:00:00,6.270774628865956,10.621999740600586
12,2018-03-25T13:00:00,6.411191754151508,10.340999603271484
12,2018-03-25T14:00:00,6.177205789216268,10.762999534606934
12,2018-03-25T15:00:00,5.964215396585832,10.904000282287598
12,2018-03-25T16:00:00,5.826862995381989,10.833000183105469
12,2018-03-25T17:00:00,5.904946254265772,10.973999977111816
12,2018-03-25T18:00:00,5.682247423513239,11.467000007629396
12,2018-03-25T19:00:00,5.800222186291425,10.340999603271484
12,2018-03-25T20:00:00,5.930034247559009,10.621999740600586
12,2018-03-25T21:00:00,5.891630441380105,10.552000045776367
12,2018-03-25T22:00:00,6.0097279266971135,10.482000350952148
13,2018-03-22T23:00:00,8.432032327175216,8.371000289916992
13,2018-03-23T00:00:00,8.46679094001226,8.442000389099121
13,2018-03-23T01:00:00,8.590309422156338,8.159999847412111
13,2018-03-23T02:00:00,8.5532602390488,8.300999641418457
13,2018-03-23T03:00:00,8.490851236398772,8.722999572753906
13,2018-03-23T04:00:00,8.211397823101205,8.300999641418457
13,2018-03-23T05:00:00,8.158043072305107,8.020000457763674
13,2018-03-23T06:00:00,8.040894808257756,8.159999847412111
13,2018-03-23T07:00:00,8.044044352815275,8.230999946594237
13,2018-03-23T08:00:00,7.978697773312534,8.581999778747559
13,2018-03-23T09:00:00,8.099575884208118,8.230999946594237
13,2018-03-23T10:00:00,8.489299589387532,9.918999671936035
13,2018-03-23T11:00:00,8.35234649560082,9.98900032043457
13,2018-03-23T12:00:00,8.523114490946458,9.708000183105469
13,2018-03-23T13:00:00,8.670000847206996,10.270999908447266
13,2018-03-23T14:00:00,8.428947316306477,11.607000350952148
13,2018-03-23T15:00:00,8.298557039866193,12.522000312805176
13,2018-03-23T16:00:00,8.278011951112052,12.380999565124512
13,2018-03-23T17:00:00,8.163874980925428,12.732999801635742
13,2018-03-23T18:00:00,7.964689120733212,12.029000282287598
13,2018-03-23T19:00:00,8.005178458709587,10.833000183105469
13,2018-03-23T20:00:00,7.854043147610078,10.621999740600586
13,2018-03-23T21:00:00,7.717054739786684,9.425999641418455
13,2018-03-23T22:00:00,7.648276687826016,9.003999710083008
13,2018-03-23T23:00:00,7.565765399378247,9.28600025177002
13,2018-03-24T00:00:00,7.310481647450768,9.145000457763672
13,2018-03-24T01:00:00,7.137989692631217,9.496999740600586
13,2018-03-24T02:00:00,7.148633994467721,9.848999977111816
13,2018-03-24T03:00:00,6.756546335948681,9.28600025177002
13,2018-03-24T04:00:00,6.5683509052432765,9.355999946594238
13,2018-03-24T05:00:00,6.485467274943032,9.074999809265137
13,2018-03-24T06:00:00,6.399284328497073,9.003999710083008
13,2018-03-24T07:00:00,6.365786084482194,10.621999740600586
13,2018-03-24T08:00:00,6.475646132448551,9.496999740600586
13,2018-03-24T09:00:00,6.538037603307318,9.848999977111816
13,2018-03-24T10:00:00,6.88442739563604,9.918999671936035
13,2018-03-24T11:00:00,6.830419460388423,10.270999908447266
13,2018-03-24T12:00:00,7.022128762970681,10.692999839782717
13,2018-03-24T13:00:00,7.2656161239217045,10.692999839782717
13,2018-03-24T14:00:00,7.162475761091191,11.678000450134276
13,2018-03-24T15:00:00,7.3179318238891184,12.732999801635742
13,2018-03-24T16:00:00,7.259673681531726,12.944000244140623
13,2018-03-24T17:00:00,6.988796653549169,13.29599952697754
13,2018-03-24T18:00:00,7.125540451142124,12.661999702453612
13,2018-03-24T19:00:00,7.115231757881171,12.029000282287598
13,2018-03-24T20:00:00,7.076553286972526,11.467000007629396
13,2018-03-24T21:00:00,6.933174123811217,11.114999771118164
13,2018-03-24T22:00:00,6.89488970078232,10.973999977111816
13,2018-03-24T23:00:00,6.4932822796090335,10.621999740600586
13,2018-03-25T00:00:00,6.281201035582512,10.692999839782717
13,2018-03-25T01:00:00,6.218827096515005,9.777999877929688
13,2018-03-25T02:00:00,6.28518325674017,9.28600025177002
13,2018-03-25T03:00:00,6.28031359300587,10.552000045776367
13,2018-03-25T04:00:00,6.228636551148648,10.340999603271484
13,2018-03-25T05:00:00,6.241718606817511,10.692999839782717
13,2018-03-25T06:00:00,6.233785888695907,10.41100025177002
13,2018-03-25T07:00:00,6.139378862454544,9.98900032043457
13,2018-03-25T08:00:00,6.082783735725254,10.621999740600586
13,2018-03-25T09:00:00,6.294041820409751,10.973999977111816
13,2018-03-25T10:00:00,6.499577862365824,10.270999908447266
13,2018-03-25T11:00:00,6.497431470207264,9.98900032043457
13,2018-03-25T12:00:00,6.718151713089009,10.621999740600586
13,2018-03-25T13:00:00,6.9869474669948275,10.340999603271484
13,2018-03-25T14:00:00,6.907874079328449,10.762999534606934
13,2018-03-25T15:00:00,6.902885867291342,10.904000282287598
13,2018-03-25T16:00:00,6.889125915693754,10.833000183105469
13,2018-03-25T17:00:00,6.830836049142654,10.973999977111816
13,2018-03-25T18:00:00,6.553794509414155,11.467000007629396
13,2018-03-25T19:00:00,6.6516594727697775,10.340999603271484
13,2018-03-25T20:00:00,6.623590240115117,10.621999740600586
13,2018-03-25T21:00:00,6.621443847956556,10.552000045776367
13,2018-03-25T22:00:00,6.610694355372489,10.482000350952148
13,2018-03-25T23:00:00,6.328215455811746,10.482000350952148
13,2018-03-26T00:00:00,6.325954689586393,10.130000114440918
13,2018-03-26T01:00:00,6.437737390660944,9.918999671936035
13,2018-03-26T02:00:00,6.374401707615739,10.833000183105469
13,2018-03-26T03:00:00,6.454510305813667,10.340999603271484
13,2018-03-26T04:00:00,6.279984663207941,10.0600004196167
13,2018-03-26T05:00:00,6.29820019432721,10.762999534606934
13,2018-03-26T06:00:00,6.379812352337495,10.762999534606934
13,2018-03-26T07:00:00,6.198112867717569,10.762999534606934
13,2018-03-26T08:00:00,6.178782815582476,11.043999671936035
13,2018-03-26T09:00:00,6.504250502160248,10.621999740600586
13,2018-03-26T10:00:00,6.66796069925288,11.607000350952148
13,2018-03-26T11:00:00,6.601218004772791,10.199999809265137
13,2018-03-26T12:00:00,6.846303263270096,11.114999771118164
13,2018-03-26T13:00:00,7.011489470217393,12.239999771118164
13,2018-03-26T14:00:00,6.943648951665537,13.506999969482422
13,2018-03-26T15:00:00,6.90194332479931,13.366000175476074
13,2018-03-26T16:00:00,6.73525105349805,13.788000106811523
13,2018-03-26T17:00:00,6.760947650402175,13.718000411987305
13,2018-03-26T18:00:00,6.669995221886261,13.647000312805176
13,2018-03-26T19:00:00,6.7568786051354195,12.451000213623049
13,2018-03-26T20:00:00,6.7074606598091435,11.748000144958494
13,2018-03-26T21:00:00,6.607160447162769,11.607000350952148
13,2018-03-26T22:00:00,6.699347614691721,11.043999671936035
14,2018-03-23T23:00:00,8.928180099688165,9.28600025177002
14,2018-03-24T00:00:00,8.871934523482714,9.145000457763672
14,2018-03-24T01:00:00,9.039241492779443,9.496999740600586
14,2018-03-24T02:00:00,8.976274812197904,9.848999977111816
14,2018-03-24T03:00:00,9.035758927672699,9.28600025177002
14,2018-03-24T04:00:00,8.680377413545541,9.355999946594238
14,2018-03-24T05:00:00,8.585226872385308,9.074999809265137
14,2018-03-24T06:00:00,8.569597030022745,9.003999710083008
14,2018-03-24T07:00:00,8.463528941536513,10.621999740600586
14,2018-03-24T08:00:00,8.538962311913686,9.496999740600586
14,2018-03-24T09:00:00,8.75389656277127,9.848999977111816
14,2018-03-24T10:00:00,9.130771134651418,9.918999671936035
14,2018-03-24T11:00:00,9.199318434845217,10.270999908447266
14,2018-03-24T12:00:00,9.424088521508052,10.692999839782717
14,2018-03-24T13:00:00,9.588813558860487,10.692999839782717
14,2018-03-24T14:00:00,9.688083069150206,11.678000450134276
14,2018-03-24T15:00:00,9.646407496783281,12.732999801635742
14,2018-03-24T16:00:00,9.527025599044668,12.944000244140623
14,2018-03-24T17:00:00,9.427528425922729,13.29599952697754
14,2018-03-24T18:00:00,9.250560187370867,12.661999702453612
14,2018-03-24T19:00:00,9.0883276698273,12.029000282287598
14,2018-03-24T20:00:00,8.735696893748855,11.467000007629396
14,2018-03-24T21:00:00,8.459303195449781,11.114999771118164
14,2018-03-24T22:00:00,8.284240412153734,10.973999977111816
14,2018-03-24T23:00:00,8.058897954248614,10.621999740600586
14,2018-03-25T00:00:00,7.82571260778092,10.692999839782717
14,2018-03-25T01:00:00,7.654567261499588,9.777999877929688
14,2018-03-25T02:00:00,7.539789128661164,9.28600025177002
14,2018-03-25T03:00:00,7.378968337737637,10.552000045776367
14,2018-03-25T04:00:00,7.327574309082186,10.340999603271484
14,2018-03-25T05:00:00,7.129362381636829,10.692999839782717
14,2018-03-25T06:00:00,7.059236051443536,10.41100025177002
14,2018-03-25T07:00:00,7.0912240568684375,9.98900032043457
14,2018-03-25T08:00:00,7.216027034918842,10.621999740600586
14,2018-03-25T09:00:00,7.364784283760995,10.973999977111816
14,2018-03-25T10:00:00,7.686445067093711,10.270999908447266
14,2018-03-25T11:00:00,7.821423997699814,9.98900032043457
14,2018-03-25T12:00:00,8.073112897571765,10.621999740600586
14,2018-03-25T13:00:00,8.357739024138272,10.340999603271484
14,2018-03-25T14:00:00,8.349001513313109,10.762999534606934
14,2018-03-25T15:00:00,8.510105317438402,10.904000282287598
14,2018-03-25T16:00:00,8.557719575382894,10.833000183105469
14,2018-03-25T17:00:00,8.411961849055906,10.973999977111816
14,2018-03-25T18:00:00,8.336102539635831,11.467000007629396
14,2018-03-25T19:00:00,8.195461424845751,10.340999603271484
14,2018-03-25T20:00:00,8.175774308561996,10.621999740600586
14,2018-03-25T21:00:00,7.8502804912667745,10.552000045776367
14,2018-03-25T22:00:00,7.700134891526259,10.482000350952148
14,2018-03-25T23:00:00,7.2667156176878756,10.482000350952148
14,2018-03-26T00:00:00,6.9767765235223465,10.130000114440918
14,2018-03-26T01:00:00,6.921811853380248,9.918999671936035
14,2018-03-26T02:00:00,6.884409863844782,10.833000183105469
14,2018-03-26T03:00:00,6.884430735024852,10.340999603271484
14,2018-03-26T04:00:00,6.832570026782999,10.0600004196167
14,2018-03-26T05:00:00,6.726370783801196,10.762999534606934
14,2018-03-26T06:00:00,6.8088136147783285,10.762999534606934
14,2018-03-26T07:00:00,6.616297014950906,10.762999534606934
14,2018-03-26T08:00:00,6.592821946453599,11.043999671936035
14,2018-03-26T09:00:00,6.868278111343859,10.621999740600586
14,2018-03-26T10:00:00,7.147203066362014,11.607000350952148
14,2018-03-26T11:00:00,7.12761254189963,10.199999809265137
14,2018-03-26T12:00:00,7.252317007980096,11.114999771118164
14,2018-03-26T13:00:00,7.635863344766644,12.239999771118164
14,2018-03-26T14:00:00,7.799068459301546,13.506999969482422
14,2018-03-26T15:00:00,7.832154288798211,13.366000175476074
14,2018-03-26T16:00:00,7.800675540167058,13.788000106811523
14,2018-03-26T17:00:00,7.732260646739634,13.718000411987305
14,2018-03-26T18:00:00,7.517362628250654,13.647000312805176
14,2018-03-26T19:00:00,7.471709008962087,12.451000213623049
14,2018-03-26T20:00:00,7.079218954091267,11.748000144958494
14,2018-03-26T21:00:00,6.944990551120538,11.607000350952148
14,2018-03-26T22:00:00,6.812365889626511,11.043999671936035
14,2018-03-26T23:00:00,6.518659964881664,10.833000183105469
14,2018-03-27T00:00:00,6.450899591661285,10.621999740600586
14,2018-03-27T01:00:00,6.544953477535836,10.692999839782717
14,2018-03-27T02:00:00,6.487884157595321,10.340999603271484
14,2018-03-27T03:00:00,6.627877180501818,10.621999740600586
14,2018-03-27T04:00:00,6.4455039741891795,10.482000350952148
14,2018-03-27T05:00:00,6.298891447811181,10.270999908447266
14,2018-03-27T06:00:00,6.406327934347628,10.482000350952148
14,2018-03-27T07:00:00,6.4021962755406605,10.340999603271484
14,2018-03-27T08:00:00,6.412752083573659,11.326000213623049
14,2018-03-27T09:00:00,6.568886877147513,11.043999671936035
14,2018-03-27T10:00:00,6.890978441636907,11.888999938964846
14,2018-03-27T11:00:00,7.039233112462938,12.029000282287598
14,2018-03-27T12:00:00,7.2236191353816785,11.536999702453612
14,2018-03-27T13:00:00,7.504516834340199,11.536999702453612
14,2018-03-27T14:00:00,7.5935207294846325,13.013999938964846
14,2018-03-27T15:00:00,7.657509263042478,13.085000038146973
14,2018-03-27T16:00:00,7.554100079412644,13.57699966430664
14,2018-03-27T17:00:00,7.576542441920006,13.647000312805176
14,2018-03-27T18:00:00,7.489085518642479,12.87399959564209
14,2018-03-27T19:00:00,7.382616620014149,11.536999702453612
14,2018-03-27T20:00:00,7.343639273806879,10.833000183105469
14,2018-03-27T21:00:00,7.111853131251182,10.482000350952148
14,2018-03-27T22:00:00,7.003604338386351,10.199999809265137
15,2018-03-24T23:00:00,10.721792128006047,10.621999740600586
15,2018-03-25T00:00:00,10.718750779646015,10.692999839782717
15,2018-03-25T01:00:00,10.773681638476399,9.777999877929688
15,2018-03-25T02:00:00,10.498698831950161,9.28600025177002
15,2018-03-25T03:00:00,10.46771097347429,10.552000045776367
15,2018-03-25T04:00:00,10.181941523663461,10.340999603271484
15,2018-03-25T05:00:00,9.922432610042293,10.692999839782717
15,2018-03-25T06:00:00,9.941153140234572,10.41100025177002
15,2018-03-25T07:00:00,10.0888765143007,9.98900032043457
15,2018-03-25T08:00:00,10.09679587486706,10.621999740600586
15,2018-03-25T09:00:00,10.278215184765706,10.973999977111816
15,2018-03-25T10:00:00,10.599063661770035,10.270999908447266
15,2018-03-25T11:00:00,10.659060456912112,9.98900032043457
15,2018-03-25T12:00:00,10.924530513500606,10.621999740600586
15,2018-03-25T13:00:00,11.132443031504348,10.340999603271484
15,2018-03-25T14:00:00,11.357296936826351,10.762999534606934
15,2018-03-25T15:00:00,11.467588266857708,10.904000282287598
15,2018-03-25T16:00:00,11.465401802033409,10.833000183105469
15,2018-03-25T17:00:00,11.439574968965637,10.973999977111816
15,2018-03-25T18:00:00,11.11813542014168,11.467000007629396
15,2018-03-25T19:00:00,10.887594535673776,10.340999603271484
15,2018-03-25T20:00:00,10.613454006490507,10.621999740600586
15,2018-03-25T21:00:00,10.233510118869033,10.552000045776367
15,2018-03-25T22:00:00,10.002748667770131,10.482000350952148
15,2018-03-25T23:00:00,9.786005636962823,10.482000350952148
15,2018-03-26T00:00:00,9.502140891045329,10.130000114440918
15,2018-03-26T01:00:00,9.38205730423271,9.918999671936035
15,2018-03-26T02:00:00,9.105650248378389,10.833000183105469
15,2018-03-26T03:00:00,8.786317853894456,10.340999603271484
15,2018-03-26T04:00:00,8.681858766422302,10.0600004196167
15,2018-03-26T05:00:00,8.408135744325184,10.762999534606934
15,2018-03-26T06:00:00,8.471537463784138,10.762999534606934
15,2018-03-26T07:00:00,8.53185099995498,10.762999534606934
15,2018-03-26T08:00:00,8.60308725950448,11.043999671936035
15,2018-03-26T09:00:00,8.810947516073323,10.621999740600586
15,2018-03-26T10:00:00,9.101716448358497,11.607000350952148
15,2018-03-26T11:00:00,9.259552660531785,10.199999809265137
15,2018-03-26T12:00:00,9.47886952526552,11.114999771118164
15,2018-03-26T13:00:00,9.873151162233684,12.239999771118164
15,2018-03-26T14:00:00,10.077857366070113,13.506999969482422
15,2018-03-26T15:00:00,10.283885133028672,13.366000175476074
15,2018-03-26T16:00:00,10.279123999430745,13.788000106811523
15,2018-03-26T17:00:00,10.165076608348985,13.718000411987305
15,2018-03-26T18:00:00,10.0377304352645,13.647000312805176
15,2018-03-26T19:00:00,9.753317194734722,12.451000213623049
15,2018-03-26T20:00:00,9.442619875324164,11.748000144958494
15,2018-03-26T21:00:00,9.047722371574448,11.607000350952148
15,2018-03-26T22:00:00,8.761595941099674,11.043999671936035
15,2018-03-26T23:00:00,8.355473248829703,10.833000183105469
15,2018-03-27T00:00:00,8.086955832981317,10.621999740600586
15,2018-03-27T01:00:00,8.018948261504171,10.692999839782717
15,2018-03-27T02:00:00,7.9606798505261835,10.340999603271484
15,2018-03-27T03:00:00,7.934949024886739,10.621999740600586
15,2018-03-27T04:00:00,7.783298195639462,10.482000350952148
15,2018-03-27T05:00:00,7.5248603909795655,10.270999908447266
15,2018-03-27T06:00:00,7.606101876831779,10.482000350952148
15,2018-03-27T07:00:00,7.6306872921088935,10.340999603271484
15,2018-03-27T08:00:00,7.63898483845815,11.326000213623049
15,2018-03-27T09:00:00,7.708486702943702,11.043999671936035
15,2018-03-27T10:00:00,8.091300043886136,11.888999938964846
15,2018-03-27T11:00:00,8.178802883759822,12.029000282287598
15,2018-03-27T12:00:00,8.338473255237801,11.536999702453612
15,2018-03-27T13:00:00,8.71522836048322,11.536999702453612
15,2018-03-27T14:00:00,8.947944272368744,13.013999938964846
15,2018-03-27T15:00:00,9.22488896982171,13.085000038146973
15,2018-03-27T16:00:00,9.36332917693088,13.57699966430664
15,2018-03-27T17:00:00,9.23401635429061,13.647000312805176
15,2018-03-27T18:00:00,9.017702434945576,12.87399959564209
15,2018-03-27T19:00:00,8.800471018524593,11.536999702453612
15,2018-03-27T20:00:00,8.428966517792142,10.833000183105469
15,2018-03-27T21:00:00,8.168659490245036,10.482000350952148
15,2018-03-27T22:00:00,7.900519926240667,10.199999809265137
15,2018-03-27T23:00:00,7.654688314344002,9.708000183105469
15,2018-03-28T00:00:00,7.60048919908693,9.496999740600586
15,2018-03-28T01:00:00,7.644677661534471,8.86400032043457
15,2018-03-28T02:00:00,7.560337222865233,8.86400032043457
15,2018-03-28T03:00:00,7.589401593385707,8.934000015258789
15,2018-03-28T04:00:00,7.329103749157831,8.442000389099121
15,2018-03-28T05:00:00,7.23971832884169,8.581999778747559
15,2018-03-28T06:00:00,7.406920691783899,8.159999847412111
15,2018-03-28T07:00:00,7.45452952322157,8.934000015258789
15,2018-03-28T08:00:00,7.568769179614149,9.848999977111816
15,2018-03-28T09:00:00,7.809846336690509,9.98900032043457
15,2018-03-28T10:00:00,8.100157772708513,11.114999771118164
15,2018-03-28T11:00:00,8.206417542112524,10.340999603271484
15,2018-03-28T12:00:00,8.431026085841605,9.918999671936035
15,2018-03-28T13:00:00,8.834768712220937,10.833000183105469
15,2018-03-28T14:00:00,9.143841168520561,12.100000381469728
15,2018-03-28T15:00:00,9.282170758375354,12.592000007629396
15,2018-03-28T16:00:00,9.30030656158675,13.085000038146973
15,2018-03-28T17:00:00,9.415845574165864,13.085000038146973
15,2018-03-28T18:00:00,9.271842947113456,12.239999771118164
15,2018-03-28T19:00:00,9.059605085751677,11.326000213623049
15,2018-03-28T20:00:00,8.801257444589691,10.904000282287598
15,2018-03-28T21:00:00,8.591589242918328,9.848999977111816
15,2018-03-28T22:00:00,8.405529017418965,9.496999740600586
16,2018-03-25T23:00:00,10.309852220426524,10.482000350952148
16,2018-03-26T00:00:00,10.281326326351895,10.130000114440918
16,2018-03-26T01:00:00,10.253186131684991,9.918999671936035
16,2018-03-26T02:00:00,10.006236241960092,10.833000183105469
16,2018-03-26T03:00:00,10.030975686546133,10.340999603271484
16,2018-03-26T04:00:00,9.775618968973124,10.0600004196167
16,2018-03-26T05:00:00,9.639316722065765,10.762999534606934
16,2018-03-26T06:00:00,9.746043671964497,10.762999534606934
16,2018-03-26T07:00:00,9.807756745986218,10.762999534606934
16,2018-03-26T08:00:00,9.819132791396033,11.043999671936035
16,2018-03-26T09:00:00,10.143308551927372,10.621999740600586
16,2018-03-26T10:00:00,10.319863958537418,11.607000350952148
16,2018-03-26T11:00:00,10.327572687154495,10.199999809265137
16,2018-03-26T12:00:00,10.582047973050724,11.114999771118164
16,2018-03-26T13:00:00,10.835889442950537,12.239999771118164
16,2018-03-26T14:00:00,11.089770651577206,13.506999969482422
16,2018-03-26T15:00:00,11.238180103074647,13.366000175476074
16,2018-03-26T16:00:00,11.16543727826286,13.788000106811523
16,2018-03-26T17:00:00,11.14568454298896,13.718000411987305
16,2018-03-26T18:00:00,10.98007147866684,13.647000312805176
16,2018-03-26T19:00:00,10.766482333622509,12.451000213623049
16,2018-03-26T20:00:00,10.430285107308821,11.748000144958494
16,2018-03-26T21:00:00,10.180834349303026,11.607000350952148
16,2018-03-26T22:00:00,10.013072388280737,11.043999671936035
16,2018-03-26T23:00:00,9.842547333471131,10.833000183105469
16,2018-03-27T00:00:00,9.625108040096634,10.621999740600586
16,2018-03-27T01:00:00,9.477745820930465,10.692999839782717
16,2018-03-27T02:00:00,9.357368367902438,10.340999603271484
16,2018-03-27T03:00:00,9.264731635154748,10.621999740600586
16,2018-03-27T04:00:00,9.127758672004607,10.482000350952148
16,2018-03-27T05:00:00,8.893452125743467,10.270999908447266
16,2018-03-27T06:00:00,8.893005232035776,10.482000350952148
16,2018-03-27T07:00:00,9.056495279921013,10.340999603271484
16,2018-03-27T08:00:00,9.199292554581927,11.326000213623049
16,2018-03-27T09:00:00,9.307517136877877,11.043999671936035
16,2018-03-27T10:00:00,9.549910597538991,11.888999938964846
16,2018-03-27T11:00:00,9.79406358216486,12.029000282287598
16,2018-03-27T12:00:00,10.054815583271091,11.536999702453612
16,2018-03-27T13:00:00,10.34196378323745,11.536999702453612
16,2018-03-27T14:00:00,10.564932269636506,13.013999938964846
16,2018-03-27T15:00:00,10.874210599256356,13.085000038146973
16,2018-03-27T16:00:00,10.946157981653254,13.57699966430664
16,2018-03-27T17:00:00,10.865388768863703,13.647000312805176
16,2018-03-27T18:00:00,10.784747538150349,12.87399959564209
16,2018-03-27T19:00:00,10.379871940632013,11.536999702453612
16,2018-03-27T20:00:00,10.234068464678309,10.833000183105469
16,2018-03-27T21:00:00,9.88115400752033,10.482000350952148
16,2018-03-27T22:00:00,9.582474897988028,10.199999809265137
16,2018-03-27T23:00:00,9.1562391503914,9.708000183105469
16,2018-03-28T00:00:00,9.00278839057475,9.496999740600586
16,2018-03-28T01:00:00,8.91075600371721,8.86400032043457
16,2018-03-28T02:00:00,8.902865027955748,8.86400032043457
16,2018-03-28T03:00:00,8.894455612081309,8.934000015258789
16,2018-03-28T04:00:00,8.785194149559404,8.442000389099121
16,2018-03-28T05:00:00,8.627480659924935,8.581999778747559
16,2018-03-28T06:00:00,8.676638132923916,8.159999847412111
16,2018-03-28T07:00:00,8.77378011860186,8.934000015258789
16,2018-03-28T08:00:00,8.871072376776318,9.848999977111816
16,2018-03-28T09:00:00,9.009671204854033,9.98900032043457
16,2018-03-28T10:00:00,9.22180671394874,11.114999771118164
16,2018-03-28T11:00:00,9.244615574378162,10.340999603271484
16,2018-03-28T12:00:00,9.421902891530957,9.918999671936035
16,2018-03-28T13:00:00,9.768931592424028,10.833000183105469
16,2018-03-28T14:00:00,10.066892482907708,12.100000381469728
16,2018-03-28T15:00:00,10.280326513341748,12.592000007629396
16,2018-03-28T16:00:00,10.319833653583954,13.085000038146973
16,2018-03-28T17:00:00,10.372474526536884,13.085000038146973
16,2018-03-28T18:00:00,10.158032501590107,12.239999771118164
16,2018-03-28T19:00:00,9.889952796130185,11.326000213623049
16,2018-03-28T20:00:00,9.494820449862303,10.904000282287598
16,2018-03-28T21:00:00,9.308230931236325,9.848999977111816
16,2018-03-28T22:00:00,9.00119082696735,9.496999740600586
16,2018-03-28T23:00:00,8.788153265469951,9.56700038909912
16,2018-03-29T00:00:00,8.81334937147596,9.496999740600586
16,2018-03-29T01:00:00,8.751095900859825,9.074999809265137
16,2018-03-29T02:00:00,8.61673091688671,9.28600025177002
16,2018-03-29T03:00:00,8.639896507525915,9.56700038909912
16,2018-03-29T04:00:00,8.462244362145467,9.074999809265137
16,2018-03-29T05:00:00,8.475849032163325,8.581999778747559
16,2018-03-29T06:00:00,8.516431789541699,8.159999847412111
16,2018-03-29T07:00:00,8.613951126155335,8.020000457763674
16,2018-03-29T08:00:00,8.794530663252623,8.652999877929688
16,2018-03-29T09:00:00,9.02021415624011,8.51200008392334
16,2018-03-29T10:00:00,9.212862494956145,9.145000457763672
16,2018-03-29T11:00:00,9.319984494551274,8.86400032043457
16,2018-03-29T12:00:00,9.501530200316434,9.145000457763672
16,2018-03-29T13:00:00,9.74853435510952,9.637999534606934
16,2018-03-29T14:00:00,10.103942500862448,10.130000114440918
16,2018-03-29T15:00:00,10.315702495685308,10.692999839782717
16,2018-03-29T16:00:00,10.288538070429109,10.482000350952148
16,2018-03-29T17:00:00,10.366841395035564,10.340999603271484
16,2018-03-29T18:00:00,10.326408075306501,9.637999534606934
16,2018-03-29T19:00:00,10.057520488208368,9.355999946594238
16,2018-03-29T20:00:00,9.843928170744666,9.425999641418455
16,2018-03-29T21:00:00,9.624037765982566,8.230999946594237
16,2018-03-29T22:00:00,9.436849661912134,7.809000015258789
17,2018-03-26T23:00:00,10.990201765080542,10.833000183105469
17,2018-03-27T00:00:00,10.971052039941267,10.621999740600586
17,2018-03-27T01:00:00,10.988025318422677,10.692999839782717
17,2018-03-27T02:00:00,10.918957574482613,10.340999603271484
17,2018-03-27T03:00:00,10.973148341267656,10.621999740600586
17,2018-03-27T04:00:00,10.728859527001884,10.482000350952148
17,2018-03-27T05:00:00,10.692765242124981,10.270999908447266
17,2018-03-27T06:00:00,10.70952313002805,10.482000350952148
17,2018-03-27T07:00:00,10.85109117566747,10.340999603271484
17,2018-03-27T08:00:00,10.913167909130758,11.326000213623049
17,2018-03-27T09:00:00,11.009035083129929,11.043999671936035
17,2018-03-27T10:00:00,11.331569116636839,11.888999938964846
17,2018-03-27T11:00:00,11.423276747932466,12.029000282287598
17,2018-03-27T12:00:00,11.733021256230394,11.536999702453612
17,2018-03-27T13:00:00,12.066549142097646,11.536999702453612
17,2018-03-27T14:00:00,12.447263927626246,13.013999938964846
17,2018-03-27T15:00:00,12.709814356576885,13.085000038146973
17,2018-03-27T16:00:00,12.735390568514358,13.57699966430664
17,2018-03-27T17:00:00,12.709830886551503,13.647000312805176
17,2018-03-27T18:00:00,12.437265797524757,12.87399959564209
17,2018-03-27T19:00:00,11.985224088040429,11.536999702453612
17,2018-03-27T20:00:00,11.688921287586357,10.833000183105469
17,2018-03-27T21:00:00,11.400596287002845,10.482000350952148
17,2018-03-27T22:00:00,11.043528882434224,10.199999809265137
17,2018-03-27T23:00:00,10.848813712498059,9.708000183105469
17,2018-03-28T00:00:00,10.714736082932168,9.496999740600586
17,2018-03-28T01:00:00,10.549326470873385,8.86400032043457
17,2018-03-28T02:00:00,10.474595123509099,8.86400032043457
17,2018-03-28T03:00:00,10.293578794355275,8.934000015258789
17,2018-03-28T04:00:00,10.20654238361383,8.442000389099121
17,2018-03-28T05:00:00,10.026084817692881,8.581999778747559
17,2018-03-28T06:00:00,10.013845456790587,8.159999847412111
17,2018-03-28T07:00:00,10.224496941497485,8.934000015258789
17,2018-03-28T08:00:00,10.38065268973613,9.848999977111816
17,2018-03-28T09:00:00,10.360059096359507,9.98900032043457
17,2018-03-28T10:00:00,10.539314983216652,11.114999771118164
17,2018-03-28T11:00:00,10.694389520842872,10.340999603271484
17,2018-03-28T12:00:00,10.928502382552946,9.918999671936035
17,2018-03-28T13:00:00,11.285749362754903,10.833000183105469
17,2018-03-28T14:00:00,11.623794022443807,12.100000381469728
17,2018-03-28T15:00:00,11.887762689822669,12.592000007629396
17,2018-03-28T16:00:00,12.048260060939807,13.085000038146973
17,2018-03-28T17:00:00,11.983835236233745,13.085000038146973
17,2018-03-28T18:00:00,11.779790231381984,12.239999771118164
17,2018-03-28T19:00:00,11.316950357721666,11.326000213623049
17,2018-03-28T20:00:00,11.037396846244473,10.904000282287598
17,2018-03-28T21:00:00,10.706739415514825,9.848999977111816
17,2018-03-28T22:00:00,10.358697460571637,9.496999740600586
17,2018-03-28T23:00:00,10.071128497615035,9.56700038909912
17,2018-03-29T00:00:00,9.970846401152965,9.496999740600586
17,2018-03-29T01:00:00,9.786369630343273,9.074999809265137
17,2018-03-29T02:00:00,9.770877788223345,9.28600025177002
17,2018-03-29T03:00:00,9.733593094719879,9.56700038909912
17,2018-03-29T04:00:00,9.576391783844368,9.074999809265137
17,2018-03-29T05:00:00,9.651598576690684,8.581999778747559
17,2018-03-29T06:00:00,9.593132557379779,8.159999847412111
17,2018-03-29T07:00:00,9.689400958944645,8.020000457763674
17,2018-03-29T08:00:00,9.844741311920254,8.652999877929688
17,2018-03-29T09:00:00,9.922687655862767,8.51200008392334
17,2018-03-29T10:00:00,10.117444568159074,9.145000457763672
17,2018-03-29T11:00:00,10.143208370263029,8.86400032043457
17,2018-03-29T12:00:00,10.280883356426056,9.145000457763672
17,2018-03-29T13:00:00,10.723194253883255,9.637999534606934
17,2018-03-29T14:00:00,11.112937661456655,10.130000114440918
17,2018-03-29T15:00:00,11.41460051489199,10.692999839782717
17,2018-03-29T16:00:00,11.53261702003032,10.482000350952148
17,2018-03-29T17:00:00,11.51232438907033,10.340999603271484
17,2018-03-29T18:00:00,11.180678499252489,9.637999534606934
17,2018-03-29T19:00:00,10.796139028233414,9.355999946594238
17,2018-03-29T20:00:00,10.480398146416201,9.425999641418455
17,2018-03-29T21:00:00,10.142514111329128,8.230999946594237
17,2018-03-29T22:00:00,9.882280633820594,7.809000015258789
17,2018-03-29T23:00:00,9.722776480420704,7.315999984741211
17,2018-03-30T00:00:00,9.693899867036153,6.61299991607666
17,2018-03-30T01:00:00,9.612961013294978,6.823999881744385
17,2018-03-30T02:00:00,9.620105635657081,6.4720001220703125
17,2018-03-30T03:00:00,9.746719898198815,6.119999885559082
17,2018-03-30T04:00:00,9.548920719210557,6.119999885559082
17,2018-03-30T05:00:00,9.53233314013687,5.839000225067139
17,2018-03-30T06:00:00,9.777647731160801,5.276000022888184
17,2018-03-30T07:00:00,9.792756545384055,5.205999851226807
17,2018-03-30T08:00:00,9.86244549912777,5.557000160217285
17,2018-03-30T09:00:00,10.027734809704619,5.76800012588501
17,2018-03-30T10:00:00,10.166732694745304,6.261000156402588
17,2018-03-30T11:00:00,10.287886221733114,6.261000156402588
17,2018-03-30T12:00:00,10.60484380986378,6.330999851226808
17,2018-03-30T13:00:00,10.97083389436716,7.0349998474121085
17,2018-03-30T14:00:00,11.273556419357089,7.0349998474121085
17,2018-03-30T15:00:00,11.593207725472512,7.386000156402588
17,2018-03-30T16:00:00,11.686249442598314,7.315999984741211
17,2018-03-30T17:00:00,11.760226755968972,7.809000015258789
17,2018-03-30T18:00:00,11.472101450836387,6.683000087738037
17,2018-03-30T19:00:00,11.22884993422017,5.76800012588501
17,2018-03-30T20:00:00,11.001155795229307,6.330999851226808
17,2018-03-30T21:00:00,10.7215454306576,6.401999950408936
17,2018-03-30T22:00:00,10.445770688074727,6.261000156402588
18,2018-03-27T23:00:00,10.064896363245662,9.708000183105469
18,2018-03-28T00:00:00,10.120874120468436,9.496999740600586
18,2018-03-28T01:00:00,10.101569948596634,8.86400032043457
18,2018-03-28T02:00:00,10.042575554491036,8.86400032043457
18,2018-03-28T03:00:00,10.12637785065331,8.934000015258789
18,2018-03-28T04:00:00,9.961016325793413,8.442000389099121
18,2018-03-28T05:00:00,10.010779396953353,8.581999778747559
18,2018-03-28T06:00:00,10.097233752224962,8.159999847412111
18,2018-03-28T07:00:00,10.30730593645779,8.934000015258789
18,2018-03-28T08:00:00,10.466351007380826,9.848999977111816
18,2018-03-28T09:00:00,10.502707768218311,9.98900032043457
18,2018-03-28T10:00:00,10.682357202046887,11.114999771118164
18,2018-03-28T11:00:00,10.794931004330872,10.340999603271484
18,2018-03-28T12:00:00,11.04771856312179,9.918999671936035
18,2018-03-28T13:00:00,11.25644923138434,10.833000183105469
18,2018-03-28T14:00:00,11.653482858672023,12.100000381469728
18,2018-03-28T15:00:00,11.83979278696976,12.592000007629396
18,2018-03-28T16:00:00,11.940720053350205,13.085000038146973
18,2018-03-28T17:00:00,11.94628547874337,13.085000038146973
18,2018-03-28T18:00:00,11.644997471702123,12.239999771118164
18,2018-03-28T19:00:00,11.212309524013445,11.326000213623049
18,2018-03-28T20:00:00,10.885529457632774,10.904000282287598
18,2018-03-28T21:00:00,10.620251332416219,9.848999977111816
18,2018-03-28T22:00:00,10.37250249391818,9.496999740600586
18,2018-03-28T23:00:00,10.188139846721118,9.56700038909912
18,2018-03-29T00:00:00,10.134952566273917,9.496999740600586
18,2018-03-29T01:00:00,9.952925571096305,9.074999809265137
18,2018-03-29T02:00:00,9.788891703743122,9.28600025177002
18,2018-03-29T03:00:00,9.659390706543327,9.56700038909912
18,2018-03-29T04:00:00,9.555500734409362,9.074999809265137
18,2018-03-29T05:00:00,9.577959710376064,8.581999778747559
18,2018-03-29T06:00:00,9.538840774083187,8.159999847412111
18,2018-03-29T07:00:00,9.734896291203547,8.020000457763674
18,2018-03-29T08:00:00,9.991547856788198,8.652999877929688
18,2018-03-29T09:00:00,10.13629500057612,8.51200008392334
18,2018-03-29T10:00:00,10.300367521354797,9.145000457763672
18,2018-03-29T11:00:00,10.336548964279679,8.86400032043457
18,2018-03-29T12:00:00,10.527363310660466,9.145000457763672
18,2018-03-29T13:00:00,10.901785602366923,9.637999534606934
18,2018-03-29T14:00:00,11.26705462934119,10.130000114440918
18,2018-03-29T15:00:00,11.578183481270909,10.692999839782717
18,2018-03-29T16:00:00,11.7453577933471,10.482000350952148
18,2018-03-29T17:00:00,11.687446112578897,10.340999603271484
18,2018-03-29T18:00:00,11.43922266344603,9.637999534606934
18,2018-03-29T19:00:00,11.009359838691843,9.355999946594238
18,2018-03-29T20:00:00,10.729659310622226,9.425999641418455
18,2018-03-29T21:00:00,10.451221906370542,8.230999946594237
18,2018-03-29T22:00:00,10.242070976026072,7.809000015258789
18,2018-03-29T23:00:00,9.87947095555936,7.315999984741211
18,2018-03-30T00:00:00,9.73427574927766,6.61299991607666
18,2018-03-30T01:00:00,9.712183939110778,6.823999881744385
18,2018-03-30T02:00:00,9.67722254188816,6.4720001220703125
18,2018-03-30T03:00:00,9.682377222457518,6.119999885559082
18,2018-03-30T04:00:00,9.602889834063241,6.119999885559082
18,2018-03-30T05:00:00,9.620248895437092,5.839000225067139
18,2018-03-30T06:00:00,9.753571823131594,5.276000022888184
18,2018-03-30T07:00:00,9.879845801953444,5.205999851226807
18,2018-03-30T08:00:00,10.00515094059637,5.557000160217285
18,2018-03-30T09:00:00,10.158279866816315,5.76800012588501
18,2018-03-30T10:00:00,10.323423830495146,6.261000156402588
18,2018-03-30T11:00:00,10.349373052162857,6.261000156402588
18,2018-03-30T12:00:00,10.620310523082901,6.330999851226808
18,2018-03-30T13:00:00,10.903334243928235,7.0349998474121085
18,2018-03-30T14:00:00,11.269169631244925,7.0349998474121085
18,2018-03-30T15:00:00,11.569247610750342,7.386000156402588
18,2018-03-30T16:00:00,11.677398976946602,7.315999984741211
18,2018-03-30T17:00:00,11.68418135910738,7.809000015258789
18,2018-03-30T18:00:00,11.35359071615396,6.683000087738037
18,2018-03-30T19:00:00,11.049570838610784,5.76800012588501
18,2018-03-30T20:00:00,10.673666526149802,6.330999851226808
18,2018-03-30T21:00:00,10.436825801204371,6.401999950408936
18,2018-03-30T22:00:00,10.177221715002077,6.261000156402588
18,2018-03-30T23:00:00,9.982991507806055,5.9790000915527335
18,2018-03-31T00:00:00,9.998862454040804,5.76800012588501
18,2018-03-31T01:00:00,9.905514514960993,5.76800012588501
18,2018-03-31T02:00:00,9.809104189371638,5.76800012588501
18,2018-03-31T03:00:00,9.905502326191831,5.76800012588501
18,2018-03-31T04:00:00,9.745306000976047,5.76800012588501
18,2018-03-31T05:00:00,9.793495886066912,5.76800012588501
18,2018-03-31T06:00:00,9.96795532528945,5.76800012588501
18,2018-03-31T07:00:00,10.088379780214998,5.76800012588501
18,2018-03-31T08:00:00,10.218741170942064,5.76800012588501
18,2018-03-31T09:00:00,10.354289467340518,5.76800012588501
18,2018-03-31T10:00:00,10.441701308869092,5.76800012588501
18,2018-03-31T11:00:00,10.546577319034359,5.76800012588501
18,2018-03-31T12:00:00,10.736816455692372,5.76800012588501
18,2018-03-31T13:00:00,11.034448666832283,5.76800012588501
18,2018-03-31T14:00:00,11.39284155830489,5.76800012588501
18,2018-03-31T15:00:00,11.608452452820394,5.76800012588501
18,2018-03-31T16:00:00,11.682417827876053,5.76800012588501
18,2018-03-31T17:00:00,11.800682282633634,5.76800012588501
18,2018-03-31T18:00:00,11.493207473426128,5.76800012588501
18,2018-03-31T19:00:00,11.141531178154715,5.76800012588501
18,2018-03-31T20:00:00,10.925176852205063,5.76800012588501
18,2018-03-31T21:00:00,10.66348648284281,5.76800012588501
18,2018-03-31T22:00:00,10.452654504170656,5.76800012588501
19,2018-03-28T23:00:00,9.418303865239414,9.56700038909912
19,2018-03-29T00:00:00,9.445194293643635,9.496999740600586
19,2018-03-29T01:00:00,9.387541415508316,9.074999809265137
19,2018-03-29T02:00:00,9.235929573625413,9.28600025177002
19,2018-03-29T03:00:00,9.3371792579956,9.56700038909912
19,2018-03-29T04:00:00,9.093367976329866,9.074999809265137
19,2018-03-29T05:00:00,9.180005413593065,8.581999778747559
19,2018-03-29T06:00:00,9.272769460539193,8.159999847412111
19,2018-03-29T07:00:00,9.48987114170485,8.020000457763674
19,2018-03-29T08:00:00,9.863557933025586,8.652999877929688
19,2018-03-29T09:00:00,10.13930103489947,8.51200008392334
19,2018-03-29T10:00:00,10.383922368806143,9.145000457763672
19,2018-03-29T11:00:00,10.40372377567197,8.86400032043457
19,2018-03-29T12:00:00,10.676528799784819,9.145000457763672
19,2018-03-29T13:00:00,11.040051576864858,9.637999534606934
19,2018-03-29T14:00:00,11.501462192113877,10.130000114440918
19,2018-03-29T15:00:00,11.683922639959214,10.692999839782717
19,2018-03-29T16:00:00,11.859526487727436,10.482000350952148
19,2018-03-29T17:00:00,11.852942882685658,10.340999603271484
19,2018-03-29T18:00:00,11.452231503015202,9.637999534606934
19,2018-03-29T19:00:00,10.97625180225958,9.355999946594238
19,2018-03-29T20:00:00,10.65959617836219,9.425999641418455
19,2018-03-29T21:00:00,10.386107998783238,8.230999946594237
19,2018-03-29T22:00:00,10.157526417215731,7.809000015258789
19,2018-03-29T23:00:00,10.047313646306165,7.315999984741211
19,2018-03-30T00:00:00,9.865441348315244,6.61299991607666
19,2018-03-30T01:00:00,9.689287753663937,6.823999881744385
19,2018-03-30T02:00:00,9.637194957899688,6.4720001220703125
19,2018-03-30T03:00:00,9.55230159992799,6.119999885559082
19,2018-03-30T04:00:00,9.410902944786033,6.119999885559082
19,2018-03-30T05:00:00,9.338844778165313,5.839000225067139
19,2018-03-30T06:00:00,9.496680489430283,5.276000022888184
19,2018-03-30T07:00:00,9.734354475368889,5.205999851226807
19,2018-03-30T08:00:00,10.042529971833758,5.557000160217285
19,2018-03-30T09:00:00,10.233408601449167,5.76800012588501
19,2018-03-30T10:00:00,10.472608604589887,6.261000156402588
19,2018-03-30T11:00:00,10.561491864313506,6.261000156402588
19,2018-03-30T12:00:00,10.827037558058578,6.330999851226808
19,2018-03-30T13:00:00,11.221276367365238,7.0349998474121085
19,2018-03-30T14:00:00,11.634473888771153,7.0349998474121085
19,2018-03-30T15:00:00,11.94987532171568,7.386000156402588
19,2018-03-30T16:00:00,12.098536563129507,7.315999984741211
19,2018-03-30T17:00:00,11.998972685716058,7.809000015258789
19,2018-03-30T18:00:00,11.765586975919675,6.683000087738037
19,2018-03-30T19:00:00,11.349463565521887,5.76800012588501
19,2018-03-30T20:00:00,11.118319921373514,6.330999851226808
19,2018-03-30T21:00:00,10.750598697710277,6.401999950408936
19,2018-03-30T22:00:00,10.449683282975666,6.261000156402588
19,2018-03-30T23:00:00,10.159743771386538,5.9790000915527335
19,2018-03-31T00:00:00,9.963010775761052,5.76800012588501
19,2018-03-31T01:00:00,9.812526561995057,5.76800012588501
19,2018-03-31T02:00:00,9.73133984211935,5.76800012588501
19,2018-03-31T03:00:00,9.709831256208389,5.76800012588501
19,2018-03-31T04:00:00,9.635612087603057,5.76800012588501
19,2018-03-31T05:00:00,9.628904090328053,5.76800012588501
19,2018-03-31T06:00:00,9.734396217729033,5.76800012588501
19,2018-03-31T07:00:00,9.877989936621479,5.76800012588501
19,2018-03-31T08:00:00,10.175218081715204,5.76800012588501
19,2018-03-31T09:00:00,10.328829132194805,5.76800012588501
19,2018-03-31T10:00:00,10.500397996462148,5.76800012588501
19,2018-03-31T11:00:00,10.582062499392052,5.76800012588501
19,2018-03-31T12:00:00,10.726126821652752,5.76800012588501
19,2018-03-31T13:00:00,11.089677983537687,5.76800012588501
19,2018-03-31T14:00:00,11.515758616524025,5.76800012588501
19,2018-03-31T15:00:00,11.773783088333783,5.76800012588501
19,2018-03-31T16:00:00,11.891271302162142,5.76800012588501
19,2018-03-31T17:00:00,11.899889680291459,5.76800012588501
19,2018-03-31T18:00:00,11.52960489132239,5.76800012588501
19,2018-03-31T19:00:00,11.063084343314086,5.76800012588501
19,2018-03-31T20:00:00,10.669718116303862,5.76800012588501
19,2018-03-31T21:00:00,10.361272964192468,5.76800012588501
19,2018-03-31T22:00:00,10.09531101563205,5.76800012588501
19,2018-03-31T23:00:00,9.883492831959149,5.76800012588501
19,2018-04-01T00:00:00,9.80524636044721,9.003999710083008
19,2018-04-01T01:00:00,9.753537594396278,9.21500015258789
19,2018-04-01T02:00:00,9.608946734004732,9.003999710083008
19,2018-04-01T03:00:00,9.625792614802982,8.652999877929688
19,2018-04-01T04:00:00,9.516642520897939,9.21500015258789
19,2018-04-01T05:00:00,9.509410239579537,9.21500015258789
19,2018-04-01T06:00:00,9.72523068074296,9.425999641418455
19,2018-04-01T07:00:00,9.891445168990023,9.56700038909912
19,2018-04-01T08:00:00,10.14502199232653,10.199999809265137
19,2018-04-01T09:00:00,10.358867435462138,10.692999839782717
19,2018-04-01T10:00:00,10.624655151411321,11.114999771118164
19,2018-04-01T11:00:00,10.690950451275397,10.973999977111816
19,2018-04-01T12:00:00,10.78898814451729,10.762999534606934
19,2018-04-01T13:00:00,11.18922791900285,11.607000350952148
19,2018-04-01T14:00:00,11.60124613525,11.255999565124512
19,2018-04-01T15:00:00,11.873925681828258,12.944000244140623
19,2018-04-01T16:00:00,11.887636293956156,12.732999801635742
19,2018-04-01T17:00:00,12.021325719572715,11.817999839782717
19,2018-04-01T18:00:00,11.815232834532335,11.748000144958494
19,2018-04-01T19:00:00,11.38251984142757,10.762999534606934
19,2018-04-01T20:00:00,11.046955930201975,10.692999839782717
19,2018-04-01T21:00:00,10.732639965590607,10.552000045776367
19,2018-04-01T22:00:00,10.526585650490997,10.482000350952148
20,2018-03-29T23:00:00,7.768629095437957,7.315999984741211
20,2018-03-30T00:00:00,7.816317237359899,6.61299991607666
20,2018-03-30T01:00:00,7.893301002477511,6.823999881744385
20,2018-03-30T02:00:00,7.848052284082334,6.4720001220703125
20,2018-03-30T03:00:00,7.923914014559296,6.119999885559082
20,2018-03-30T04:00:00,7.614098043340801,6.119999885559082
20,2018-03-30T05:00:00,7.591946207660033,5.839000225067139
20,2018-03-30T06:00:00,7.716082142795349,5.276000022888184
20,2018-03-30T07:00:00,7.974018204286326,5.205999851226807
20,2018-03-30T08:00:00,8.272723194081916,5.557000160217285
20,2018-03-30T09:00:00,8.586432558715682,5.76800012588501
20,2018-03-30T10:00:00,8.920621894021764,6.261000156402588
20,2018-03-30T11:00:00,8.950409242219918,6.261000156402588
20,2018-03-30T12:00:00,9.295167743114245,6.330999851226808
20,2018-03-30T13:00:00,9.714757272128882,7.0349998474121085
20,2018-03-30T14:00:00,10.17266812441878,7.0349998474121085
20,2018-03-30T15:00:00,10.416810339515731,7.386000156402588
20,2018-03-30T16:00:00,10.512743215989765,7.315999984741211
20,2018-03-30T17:00:00,10.498887757872168,7.809000015258789
20,2018-03-30T18:00:00,10.112146210386104,6.683000087738037
20,2018-03-30T19:00:00,9.857661073292881,5.76800012588501
20,2018-03-30T20:00:00,9.495698375180833,6.330999851226808
20,2018-03-30T21:00:00,9.055339851392251,6.401999950408936
20,2018-03-30T22:00:00,8.832577572252301,6.261000156402588
20,2018-03-30T23:00:00,8.658554841601582,5.9790000915527335
20,2018-03-31T00:00:00,8.462975688295174,5.76800012588501
20,2018-03-31T01:00:00,8.36169503109376,5.76800012588501
20,2018-03-31T02:00:00,8.315297896886324,5.76800012588501
20,2018-03-31T03:00:00,8.167901198530675,5.76800012588501
20,2018-03-31T04:00:00,8.048178766618015,5.76800012588501
20,2018-03-31T05:00:00,7.934147571571993,5.76800012588501
20,2018-03-31T06:00:00,7.987588061175822,5.76800012588501
20,2018-03-31T07:00:00,8.271589471580427,5.76800012588501
20,2018-03-31T08:00:00,8.643007983050985,5.76800012588501
20,2018-03-31T09:00:00,8.809836334446313,5.76800012588501
20,2018-03-31T10:00:00,9.157441664302404,5.76800012588501
20,2018-03-31T11:00:00,9.374672579815062,5.76800012588501
20,2018-03-31T12:00:00,9.666224264837641,5.76800012588501
20,2018-03-31T13:00:00,10.117734176653748,5.76800012588501
20,2018-03-31T14:00:00,10.590337504866831,5.76800012588501
20,2018-03-31T15:00:00,10.928319217076638,5.76800012588501
20,2018-03-31T16:00:00,11.050816347152734,5.76800012588501
20,2018-03-31T17:00:00,10.957631370246922,5.76800012588501
20,2018-03-31T18:00:00,10.72950319419529,5.76800012588501
20,2018-03-31T19:00:00,10.319008574093365,5.76800012588501
20,2018-03-31T20:00:00,10.037160234624944,5.76800012588501
20,2018-03-31T21:00:00,9.560487193267342,5.76800012588501
20,2018-03-31T22:00:00,9.26424241469387,5.76800012588501
20,2018-03-31T23:00:00,8.931567909637383,5.76800012588501
20,2018-04-01T00:00:00,8.747845590244918,9.003999710083008
20,2018-04-01T01:00:00,8.722346852127872,9.21500015258789
20,2018-04-01T02:00:00,8.683321084782836,9.003999710083008
20,2018-04-01T03:00:00,8.623631179472532,8.652999877929688
20,2018-04-01T04:00:00,8.53623436519361,9.21500015258789
20,2018-04-01T05:00:00,8.467991951198298,9.21500015258789
20,2018-04-01T06:00:00,8.556815853285794,9.425999641418455
20,2018-04-01T07:00:00,8.793941678551002,9.56700038909912
20,2018-04-01T08:00:00,9.063861971639078,10.199999809265137
20,2018-04-01T09:00:00,9.28158344336814,10.692999839782717
20,2018-04-01T10:00:00,9.672470842063625,11.114999771118164
20,2018-04-01T11:00:00,9.781480264214984,10.973999977111816
20,2018-04-01T12:00:00,9.927851603236077,10.762999534606934
20,2018-04-01T13:00:00,10.37836395612948,11.607000350952148
20,2018-04-01T14:00:00,10.895908278058767,11.255999565124512
20,2018-04-01T15:00:00,11.190229067768522,12.944000244140623
20,2018-04-01T16:00:00,11.256322334609504,12.732999801635742
20,2018-04-01T17:00:00,11.284477473041342,11.817999839782717
20,2018-04-01T18:00:00,10.933153316320098,11.748000144958494
20,2018-04-01T19:00:00,10.522525621574033,10.762999534606934
20,2018-04-01T20:00:00,10.049215094295405,10.692999839782717
20,2018-04-01T21:00:00,9.641615223384687,10.552000045776367
20,2018-04-01T22:00:00,9.384312727435963,10.482000350952148
20,2018-04-01T23:00:00,9.162101530934624,10.130000114440918
20,2018-04-02T00:00:00,9.109351126028681,9.708000183105469
20,2018-04-02T01:00:00,9.09090183769261,10.199999809265137
20,2018-04-02T02:00:00,8.962911413021672,10.482000350952148
20,2018-04-02T03:00:00,9.01364758208127,10.833000183105469
20,2018-04-02T04:00:00,8.835850173287525,10.340999603271484
20,2018-04-02T05:00:00,8.81882847366835,10.340999603271484
20,2018-04-02T06:00:00,9.009747175949494,10.0600004196167
20,2018-04-02T07:00:00,9.179585986358346,10.482000350952148
20,2018-04-02T08:00:00,9.493841090608624,9.637999534606934
20,2018-04-02T09:00:00,9.71828759049563,10.552000045776367
20,2018-04-02T10:00:00,10.032883312404676,10.482000350952148
20,2018-04-02T11:00:00,10.19213751255203,10.130000114440918
20,2018-04-02T12:00:00,10.319732052679367,10.199999809265137
20,2018-04-02T13:00:00,10.701264821497329,11.678000450134276
20,2018-04-02T14:00:00,11.13051870870175,12.029000282287598
20,2018-04-02T15:00:00,11.402246779922905,12.100000381469728
20,2018-04-02T16:00:00,11.555793213229002,12.170000076293944
20,2018-04-02T17:00:00,11.656553677138312,12.029000282287598
20,2018-04-02T18:00:00,11.290241258129907,11.255999565124512
20,2018-04-02T19:00:00,10.862290233470276,10.973999977111816
20,2018-04-02T20:00:00,10.617951411857051,10.552000045776367
20,2018-04-02T21:00:00,10.163983876845158,10.199999809265137
20,2018-04-02T22:00:00,9.865594375807529,10.340999603271484
21,2018-03-30T23:00:00,6.199053740515193,5.9790000915527335
21,2018-03-31T00:00:00,6.118136175377693,5.76800012588501
21,2018-03-31T01:00:00,6.239300054470817,5.76800012588501
21,2018-03-31T02:00:00,6.079764093392498,5.76800012588501
21,2018-03-31T03:00:00,6.113757401798676,5.76800012588501
21,2018-03-31T04:00:00,5.886997874251419,5.76800012588501
21,2018-03-31T05:00:00,5.76988550863379,5.76800012588501
21,2018-03-31T06:00:00,5.793253716689128,5.76800012588501
21,2018-03-31T07:00:00,6.061816548225348,5.76800012588501
21,2018-03-31T08:00:00,6.389737850732335,5.76800012588501
21,2018-03-31T09:00:00,6.688027921468102,5.76800012588501
21,2018-03-31T10:00:00,7.131933711021649,5.76800012588501
21,2018-03-31T11:00:00,7.311952648222212,5.76800012588501
21,2018-03-31T12:00:00,7.655305266426918,5.76800012588501
21,2018-03-31T13:00:00,7.937408484746376,5.76800012588501
21,2018-03-31T14:00:00,8.300279246160978,5.76800012588501
21,2018-03-31T15:00:00,8.553412181239722,5.76800012588501
21,2018-03-31T16:00:00,8.629993550005551,5.76800012588501
21,2018-03-31T17:00:00,8.676792579656446,5.76800012588501
21,2018-03-31T18:00:00,8.44746172272437,5.76800012588501
21,2018-03-31T19:00:00,8.154144001928856,5.76800012588501
21,2018-03-31T20:00:00,7.97830848406184,5.76800012588501
21,2018-03-31T21:00:00,7.70173278907254,5.76800012588501
21,2018-03-31T22:00:00,7.508644318911156,5.76800012588501
21,2018-03-31T23:00:00,7.415328437963932,5.76800012588501
21,2018-04-01T00:00:00,7.229319472082826,9.003999710083008
21,2018-04-01T01:00:00,7.136603846274465,9.21500015258789
21,2018-04-01T02:00:00,6.9756870479226105,9.003999710083008
21,2018-04-01T03:00:00,6.799108516045045,8.652999877929688
21,2018-04-01T04:00:00,6.771316452661734,9.21500015258789
21,2018-04-01T05:00:00,6.534758323494472,9.21500015258789
21,2018-04-01T06:00:00,6.5284936300841885,9.425999641418455
21,2018-04-01T07:00:00,6.861778825869569,9.56700038909912
21,2018-04-01T08:00:00,7.173681915095221,10.199999809265137
21,2018-04-01T09:00:00,7.39150440333583,10.692999839782717
21,2018-04-01T10:00:00,7.8791328105977225,11.114999771118164
21,2018-04-01T11:00:00,8.130535357879092,10.973999977111816
21,2018-04-01T12:00:00,8.39534221184963,10.762999534606934
21,2018-04-01T13:00:00,8.821564685375733,11.607000350952148
21,2018-04-01T14:00:00,9.266698952588293,11.255999565124512
21,2018-04-01T15:00:00,9.644912869835995,12.944000244140623
21,2018-04-01T16:00:00,9.795232702187748,12.732999801635742
21,2018-04-01T17:00:00,9.748561905067213,11.817999839782717
21,2018-04-01T18:00:00,9.501422087603663,11.748000144958494
21,2018-04-01T19:00:00,9.135680036204253,10.762999534606934
21,2018-04-01T20:00:00,9.015656224451359,10.692999839782717
21,2018-04-01T21:00:00,8.608043747347876,10.552000045776367
21,2018-04-01T22:00:00,8.324441143452079,10.482000350952148
21,2018-04-01T23:00:00,8.04955100496536,10.130000114440918
21,2018-04-02T00:00:00,7.846537036409137,9.708000183105469
21,2018-04-02T01:00:00,7.719291295443156,10.199999809265137
21,2018-04-02T02:00:00,7.649568196448843,10.482000350952148
21,2018-04-02T03:00:00,7.632330271404129,10.833000183105469
21,2018-04-02T04:00:00,7.505669758327354,10.340999603271484
21,2018-04-02T05:00:00,7.4053979304858775,10.340999603271484
21,2018-04-02T06:00:00,7.440602602183411,10.0600004196167
21,2018-04-02T07:00:00,7.640237944109646,10.482000350952148
21,2018-04-02T08:00:00,7.973976044502582,9.637999534606934
21,2018-04-02T09:00:00,8.208490551201955,10.552000045776367
21,2018-04-02T10:00:00,8.597259191181292,10.482000350952148
21,2018-04-02T11:00:00,8.751326903080859,10.130000114440918
21,2018-04-02T12:00:00,8.838636893250682,10.199999809265137
21,2018-04-02T13:00:00,9.241863500573922,11.678000450134276
21,2018-04-02T14:00:00,9.596410501437099,12.029000282287598
21,2018-04-02T15:00:00,9.895482490063069,12.100000381469728
21,2018-04-02T16:00:00,10.069058076551936,12.170000076293944
21,2018-04-02T17:00:00,10.05916597204521,12.029000282287598
21,2018-04-02T18:00:00,9.618114191139371,11.255999565124512
21,2018-04-02T19:00:00,9.256831559558774,10.973999977111816
21,2018-04-02T20:00:00,8.958766396659458,10.552000045776367
21,2018-04-02T21:00:00,8.588483277384796,10.199999809265137
21,2018-04-02T22:00:00,8.302043278300626,10.340999603271484
21,2018-04-02T23:00:00,8.125919070270859,9.848999977111816
21,2018-04-03T00:00:00,8.03500011912778,9.425999641418455
21,2018-04-03T01:00:00,7.955111419683085,9.355999946594238
21,2018-04-03T02:00:00,7.843297829262028,9.21500015258789
21,2018-04-03T03:00:00,7.851713089066887,9.145000457763672
21,2018-04-03T04:00:00,7.696336336753234,9.145000457763672
21,2018-04-03T05:00:00,7.588113424151688,9.425999641418455
21,2018-04-03T06:00:00,7.716815138639463,9.28600025177002
21,2018-04-03T07:00:00,7.872126772871294,9.496999740600586
21,2018-04-03T08:00:00,8.169128256949444,9.848999977111816
21,2018-04-03T09:00:00,8.467224643134145,10.692999839782717
21,2018-04-03T10:00:00,8.861431978701257,11.395999908447266
21,2018-04-03T11:00:00,9.027772779330112,11.326000213623049
21,2018-04-03T12:00:00,9.16348846259274,11.395999908447266
21,2018-04-03T13:00:00,9.602410715253516,11.326000213623049
21,2018-04-03T14:00:00,9.887602116861084,12.732999801635742
21,2018-04-03T15:00:00,10.087567473886612,12.944000244140623
21,2018-04-03T16:00:00,10.21357263190914,13.435999870300291
21,2018-04-03T17:00:00,10.311668847939954,13.718000411987305
21,2018-04-03T18:00:00,10.023019592702848,12.239999771118164
21,2018-04-03T19:00:00,9.717983956567949,12.170000076293944
21,2018-04-03T20:00:00,9.627453125889478,11.607000350952148
21,2018-04-03T21:00:00,9.273274543096925,11.326000213623049
21,2018-04-03T22:00:00,9.014947439176128,10.973999977111816
22,2018-03-31T23:00:00,5.765241253644261,5.76800012588501
22,2018-04-01T00:00:00,5.862482586139343,9.003999710083008
22,2018-04-01T01:00:00,6.07080701775298,9.21500015258789
22,2018-04-01T02:00:00,5.855855569043017,9.003999710083008
22,2018-04-01T03:00:00,5.963605958127742,8.652999877929688
22,2018-04-01T04:00:00,5.773481195536519,9.21500015258789
22,2018-04-01T05:00:00,5.604529827704312,9.21500015258789
22,2018-04-01T06:00:00,5.582452293424598,9.425999641418455
22,2018-04-01T07:00:00,5.818284940372571,9.56700038909912
22,2018-04-01T08:00:00,5.922088171882159,10.199999809265137
22,2018-04-01T09:00:00,6.104857095768953,10.692999839782717
22,2018-04-01T10:00:00,6.513624166553994,11.114999771118164
22,2018-04-01T11:00:00,6.620900362427491,10.973999977111816
22,2018-04-01T12:00:00,6.884633602895148,10.762999534606934
22,2018-04-01T13:00:00,7.1563763674270735,11.607000350952148
22,2018-04-01T14:00:00,7.41957864507371,11.255999565124512
22,2018-04-01T15:00:00,7.603173232844135,12.944000244140623
22,2018-04-01T16:00:00,7.6845466245544,12.732999801635742
22,2018-04-01T17:00:00,7.688361876271484,11.817999839782717
22,2018-04-01T18:00:00,7.449853544038335,11.748000144958494
22,2018-04-01T19:00:00,7.385452595962276,10.762999534606934
22,2018-04-01T20:00:00,7.3104507581042615,10.692999839782717
22,2018-04-01T21:00:00,7.08366368059931,10.552000045776367
22,2018-04-01T22:00:00,6.9809307232037945,10.482000350952148
22,2018-04-01T23:00:00,6.902295630318919,10.130000114440918
22,2018-04-02T00:00:00,6.675801584182173,9.708000183105469
22,2018-04-02T01:00:00,6.5485917416459145,10.199999809265137
22,2018-04-02T02:00:00,6.373345625904118,10.482000350952148
22,2018-04-02T03:00:00,6.192994419516815,10.833000183105469
22,2018-04-02T04:00:00,6.11684383190766,10.340999603271484
22,2018-04-02T05:00:00,5.877419672292971,10.340999603271484
22,2018-04-02T06:00:00,5.848893778218342,10.0600004196167
22,2018-04-02T07:00:00,6.066267118663811,10.482000350952148
22,2018-04-02T08:00:00,6.342851996972341,9.637999534606934
22,2018-04-02T09:00:00,6.475341413219505,10.552000045776367
22,2018-04-02T10:00:00,6.827611869245196,10.482000350952148
22,2018-04-02T11:00:00,6.979554895013475,10.130000114440918
22,2018-04-02T12:00:00,7.200478005765516,10.199999809265137
22,2018-04-02T13:00:00,7.565636832909007,11.678000450134276
22,2018-04-02T14:00:00,7.815036581750707,12.029000282287598
22,2018-04-02T15:00:00,8.163481433953997,12.100000381469728
22,2018-04-02T16:00:00,8.357592925877771,12.170000076293944
22,2018-04-02T17:00:00,8.27176812888184,12.029000282287598
22,2018-04-02T18:00:00,8.124205546386984,11.255999565124512
22,2018-04-02T19:00:00,7.851807426800811,10.973999977111816
22,2018-04-02T20:00:00,7.829148838867905,10.552000045776367
22,2018-04-02T21:00:00,7.5103958283427605,10.199999809265137
22,2018-04-02T22:00:00,7.2770961078082745,10.340999603271484
22,2018-04-02T23:00:00,6.962506480283809,9.848999977111816
22,2018-04-03T00:00:00,6.801312512660605,9.425999641418455
22,2018-04-03T01:00:00,6.696592618922272,9.355999946594238
22,2018-04-03T02:00:00,6.649291011255256,9.21500015258789
22,2018-04-03T03:00:00,6.61291003984889,9.145000457763672
22,2018-04-03T04:00:00,6.511710696765032,9.145000457763672
22,2018-04-03T05:00:00,6.385821582503702,9.425999641418455
22,2018-04-03T06:00:00,6.373717967756594,9.28600025177002
22,2018-04-03T07:00:00,6.482827488087578,9.496999740600586
22,2018-04-03T08:00:00,6.721066164674204,9.848999977111816
22,2018-04-03T09:00:00,6.896139467045007,10.692999839782717
22,2018-04-03T10:00:00,7.234740134971018,11.395999908447266
22,2018-04-03T11:00:00,7.339117741356173,11.326000213623049
22,2018-04-03T12:00:00,7.430618664484371,11.395999908447266
22,2018-04-03T13:00:00,7.836675821248917,11.326000213623049
22,2018-04-03T14:00:00,8.070884690387324,12.732999801635742
22,2018-04-03T15:00:00,8.32372108773961,12.944000244140623
22,2018-04-03T16:00:00,8.422507638922472,13.435999870300291
22,2018-04-03T17:00:00,8.43075350822987,13.718000411987305
22,2018-04-03T18:00:00,8.152901331867394,12.239999771118164
22,2018-04-03T19:00:00,8.003640252738313,12.170000076293944
22,2018-04-03T20:00:00,7.864747558445188,11.607000350952148
22,2018-04-03T21:00:00,7.622963285788005,11.326000213623049
22,2018-04-03T22:00:00,7.416204192679736,10.973999977111816
22,2018-04-03T23:00:00,7.22763475042745,10.904000282287598
22,2018-04-04T00:00:00,7.118207988159378,9.918999671936035
22,2018-04-04T01:00:00,7.106329782157042,8.86400032043457
22,2018-04-04T02:00:00,7.059862186845685,8.934000015258789
22,2018-04-04T03:00:00,7.142176451353574,7.809000015258789
22,2018-04-04T04:00:00,6.972968785430087,6.823999881744385
22,2018-04-04T05:00:00,6.914929373039845,7.105000019073486
22,2018-04-04T06:00:00,7.031423116880154,6.61299991607666
22,2018-04-04T07:00:00,7.081437143109273,5.135000228881836
22,2018-04-04T08:00:00,7.326174270322985,5.3460001945495605
22,2018-04-04T09:00:00,7.60516851765898,5.065000057220459
22,2018-04-04T10:00:00,7.854312803256603,5.276000022888184
22,2018-04-04T11:00:00,7.97941966568885,5.276000022888184
22,2018-04-04T12:00:00,8.138785317937783,5.065000057220459
22,2018-04-04T13:00:00,8.4676779651653,4.572999954223633
22,2018-04-04T14:00:00,8.681713503009004,4.290999889373778
22,2018-04-04T15:00:00,8.903173086573606,4.432000160217285
22,2018-04-04T16:00:00,8.94832496269325,4.2210001945495605
22,2018-04-04T17:00:00,8.998925886505983,4.079999923706056
22,2018-04-04T18:00:00,8.815334137216047,3.799000024795532
22,2018-04-04T19:00:00,8.716360413290303,3.6579999923706055
22,2018-04-04T20:00:00,8.69709105454686,3.799000024795532
22,2018-04-04T21:00:00,8.41865198060077,3.799000024795532
22,2018-04-04T22:00:00,8.199777584884552,3.86899995803833
23,2018-04-01T23:00:00,10.514874831352836,10.130000114440918
23,2018-04-02T00:00:00,10.789202533278985,9.708000183105469
23,2018-04-02T01:00:00,11.046766002463325,10.199999809265137
23,2018-04-02T02:00:00,10.840692318908607,10.482000350952148
23,2018-04-02T03:00:00,10.87014990246163,10.833000183105469
23,2018-04-02T04:00:00,10.704891063807686,10.340999603271484
23,2018-04-02T05:00:00,10.47393926754653,10.340999603271484
23,2018-04-02T06:00:00,10.354361264199966,10.0600004196167
23,2018-04-02T07:00:00,10.568093585539586,10.482000350952148
23,2018-04-02T08:00:00,10.67921784262524,9.637999534606934
23,2018-04-02T09:00:00,10.769148418164852,10.552000045776367
23,2018-04-02T10:00:00,11.052566520828817,10.482000350952148
23,2018-04-02T11:00:00,11.041417553858182,10.130000114440918
23,2018-04-02T12:00:00,11.142752559612504,10.199999809265137
23,2018-04-02T13:00:00,11.28219099352214,11.678000450134276
23,2018-04-02T14:00:00,11.312684371999755,12.029000282287598
23,2018-04-02T15:00:00,11.451699037469218,12.100000381469728
23,2018-04-02T16:00:00,11.43405829864912,12.170000076293944
23,2018-04-02T17:00:00,11.189710210231942,12.029000282287598
23,2018-04-02T18:00:00,10.912636111462533,11.255999565124512
23,2018-04-02T19:00:00,10.667253647361012,10.973999977111816
23,2018-04-02T20:00:00,10.473265462369099,10.552000045776367
23,2018-04-02T21:00:00,10.220450938013528,10.199999809265137
23,2018-04-02T22:00:00,10.11182112088531,10.340999603271484
23,2018-04-02T23:00:00,10.10246164889401,9.848999977111816
23,2018-04-03T00:00:00,10.061839987635981,9.425999641418455
23,2018-04-03T01:00:00,9.965531179466495,9.355999946594238
23,2018-04-03T02:00:00,9.7118873178996,9.21500015258789
23,2018-04-03T03:00:00,9.446431537198276,9.145000457763672
23,2018-04-03T04:00:00,9.314569091200461,9.145000457763672
23,2018-04-03T05:00:00,9.042061105722393,9.425999641418455
23,2018-04-03T06:00:00,8.989479590405587,9.28600025177002
23,2018-04-03T07:00:00,9.101051909985017,9.496999740600586
23,2018-04-03T08:00:00,9.29130231708027,9.848999977111816
23,2018-04-03T09:00:00,9.256274215566144,10.692999839782717
23,2018-04-03T10:00:00,9.516756978449454,11.395999908447266
23,2018-04-03T11:00:00,9.52363486713024,11.326000213623049
23,2018-04-03T12:00:00,9.655679309818279,11.395999908447266
23,2018-04-03T13:00:00,9.907857430151108,11.326000213623049
23,2018-04-03T14:00:00,9.966595609650147,12.732999801635742
23,2018-04-03T15:00:00,10.232203916935433,12.944000244140623
23,2018-04-03T16:00:00,10.20849634349213,13.435999870300291
23,2018-04-03T17:00:00,9.982163005441933,13.718000411987305
23,2018-04-03T18:00:00,9.888082821880491,12.239999771118164
23,2018-04-03T19:00:00,9.615271369444182,12.170000076293944
23,2018-04-03T20:00:00,9.534305633623074,11.607000350952148
23,2018-04-03T21:00:00,9.366800471600387,11.326000213623049
23,2018-04-03T22:00:00,9.210422153097458,10.973999977111816
23,2018-04-03T23:00:00,9.006626934528793,10.904000282287598
23,2018-04-04T00:00:00,8.96195968721041,9.918999671936035
23,2018-04-04T01:00:00,8.957401087543897,8.86400032043457
23,2018-04-04T02:00:00,8.881238311165582,8.934000015258789
23,2018-04-04T03:00:00,8.918673694589163,7.809000015258789
23,2018-04-04T04:00:00,8.823455196866618,6.823999881744385
23,2018-04-04T05:00:00,8.613321651364377,7.105000019073486
23,2018-04-04T06:00:00,8.570410087713615,6.61299991607666
23,2018-04-04T07:00:00,8.665831870730058,5.135000228881836
23,2018-04-04T08:00:00,8.807367440813284,5.3460001945495605
23,2018-04-04T09:00:00,8.931142972411125,5.065000057220459
23,2018-04-04T10:00:00,9.158362500767161,5.276000022888184
23,2018-04-04T11:00:00,9.198896002160568,5.276000022888184
23,2018-04-04T12:00:00,9.298522159175349,5.065000057220459
23,2018-04-04T13:00:00,9.530993544315155,4.572999954223633
23,2018-04-04T14:00:00,9.68514524184333,4.290999889373778
23,2018-04-04T15:00:00,9.943972920146964,4.432000160217285
23,2018-04-04T16:00:00,9.885394196463672,4.2210001945495605
23,2018-04-04T17:00:00,9.74133830615972,4.079999923706056
23,2018-04-04T18:00:00,9.44409980896068,3.799000024795532
23,2018-04-04T19:00:00,9.296543905243446,3.6579999923706055
23,2018-04-04T20:00:00,9.18538149564062,3.799000024795532
23,2018-04-04T21:00:00,9.032518969163108,3.799000024795532
23,2018-04-04T22:00:00,8.89418512158758,3.86899995803833
23,2018-04-04T23:00:00,8.791289702926388,3.938999891281128
23,2018-04-05T00:00:00,9.001530943717796,3.6579999923706055
23,2018-04-05T01:00:00,9.11821845559389,3.799000024795532
23,2018-04-05T02:00:00,9.01501506179956,3.86899995803833
23,2018-04-05T03:00:00,9.102072928114119,3.799000024795532
23,2018-04-05T04:00:00,8.933149945086807,4.361999988555908
23,2018-04-05T05:00:00,8.833942130005383,3.6579999923706055
23,2018-04-05T06:00:00,8.954519946362096,4.2210001945495605
23,2018-04-05T07:00:00,8.959140408206341,3.5169999599456787
23,2018-04-05T08:00:00,9.060327812975196,3.095000028610228
23,2018-04-05T09:00:00,9.297580785469401,0.421999990940094
23,2018-04-05T10:00:00,9.457535839843558,0.0
23,2018-04-05T11:00:00,9.544712588399804,-0.6330000162124634
23,2018-04-05T12:00:00,9.616781608034161,-0.703000009059906
23,2018-04-05T13:00:00,9.840974731795097,0.0
23,2018-04-05T14:00:00,9.939903874880208,-0.6330000162124634
23,2018-04-05T15:00:00,10.07568425880106,-0.915000021457672
23,2018-04-05T16:00:00,9.961711753513399,0.0
23,2018-04-05T17:00:00,9.933992071382574,0.5630000233650208
23,2018-04-05T18:00:00,9.796602102054603,1.758999943733215
23,2018-04-05T19:00:00,9.559041571850866,0.5630000233650208
23,2018-04-05T20:00:00,9.427585195532524,0.0
23,2018-04-05T21:00:00,9.27461747830745,2.039999961853028
23,2018-04-05T22:00:00,9.200988129250943,0.492000013589859
24,2018-04-02T23:00:00,10.353708413687325,9.848999977111816
24,2018-04-03T00:00:00,10.524275711765394,9.425999641418455
24,2018-04-03T01:00:00,10.66440205977019,9.355999946594238
24,2018-04-03T02:00:00,10.44162450292643,9.21500015258789
24,2018-04-03T03:00:00,10.415438936015587,9.145000457763672
24,2018-04-03T04:00:00,10.170036185127033,9.145000457763672
24,2018-04-03T05:00:00,9.964242676293598,9.425999641418455
24,2018-04-03T06:00:00,9.902687555362657,9.28600025177002
24,2018-04-03T07:00:00,9.944078945741726,9.496999740600586
24,2018-04-03T08:00:00,9.975611458532747,9.848999977111816
24,2018-04-03T09:00:00,10.015876890489313,10.692999839782717
24,2018-04-03T10:00:00,10.223214282255004,11.395999908447266
24,2018-04-03T11:00:00,10.170283550353242,11.326000213623049
24,2018-04-03T12:00:00,10.304657801130311,11.395999908447266
24,2018-04-03T13:00:00,10.489698344256094,11.326000213623049
24,2018-04-03T14:00:00,10.536267790926203,12.732999801635742
24,2018-04-03T15:00:00,10.550256824596257,12.944000244140623
24,2018-04-03T16:00:00,10.48883928648435,13.435999870300291
24,2018-04-03T17:00:00,10.331623365782786,13.718000411987305
24,2018-04-03T18:00:00,9.99423940417023,12.239999771118164
24,2018-04-03T19:00:00,9.821853975853763,12.170000076293944
24,2018-04-03T20:00:00,9.69889100103847,11.607000350952148
24,2018-04-03T21:00:00,9.562382129448402,11.326000213623049
24,2018-04-03T22:00:00,9.440632688527188,10.973999977111816
24,2018-04-03T23:00:00,9.426861883915963,10.904000282287598
24,2018-04-04T00:00:00,9.359073960737888,9.918999671936035
24,2018-04-04T01:00:00,9.335226550388105,8.86400032043457
24,2018-04-04T02:00:00,9.199126002564956,8.934000015258789
24,2018-04-04T03:00:00,9.006867287038498,7.809000015258789
24,2018-04-04T04:00:00,8.908995310966372,6.823999881744385
24,2018-04-04T05:00:00,8.652343661897,7.105000019073486
24,2018-04-04T06:00:00,8.634183982055603,6.61299991607666
24,2018-04-04T07:00:00,8.7147327951836,5.135000228881836
24,2018-04-04T08:00:00,8.845516535110594,5.3460001945495605
24,2018-04-04T09:00:00,8.877533259279275,5.065000057220459
24,2018-04-04T10:00:00,9.046268401685943,5.276000022888184
24,2018-04-04T11:00:00,9.220126500468258,5.276000022888184
24,2018-04-04T12:00:00,9.35964875303706,5.065000057220459
24,2018-04-04T13:00:00,9.586832800386972,4.572999954223633
24,2018-04-04T14:00:00,9.65998086003103,4.290999889373778
24,2018-04-04T15:00:00,9.94091904907889,4.432000160217285
24,2018-04-04T16:00:00,9.883400581343235,4.2210001945495605
24,2018-04-04T17:00:00,9.671925018962392,4.079999923706056
24,2018-04-04T18:00:00,9.511765427023533,3.799000024795532
24,2018-04-04T19:00:00,9.298782381048483,3.6579999923706055
24,2018-04-04T20:00:00,9.273796489568156,3.799000024795532
24,2018-04-04T21:00:00,9.120643269294604,3.799000024795532
24,2018-04-04T22:00:00,9.018957210291479,3.86899995803833
24,2018-04-04T23:00:00,8.79569101737988,3.938999891281128
24,2018-04-05T00:00:00,8.832555281831986,3.6579999923706055
24,2018-04-05T01:00:00,8.908975274633503,3.799000024795532
24,2018-04-05T02:00:00,8.887234183776542,3.86899995803833
24,2018-04-05T03:00:00,8.875370170176657,3.799000024795532
24,2018-04-05T04:00:00,8.828589507164224,4.361999988555908
24,2018-04-05T05:00:00,8.713593479205853,3.6579999923706055
24,2018-04-05T06:00:00,8.780350783511993,4.2210001945495605
24,2018-04-05T07:00:00,8.737049012278613,3.5169999599456787
24,2018-04-05T08:00:00,8.723443841352434,3.095000028610228
24,2018-04-05T09:00:00,8.904539731444693,0.421999990940094
24,2018-04-05T10:00:00,9.081281893374017,0.0
24,2018-04-05T11:00:00,9.013596906856055,-0.6330000162124634
24,2018-04-05T12:00:00,9.107637184721202,-0.703000009059906
24,2018-04-05T13:00:00,9.401232325242228,0.0
24,2018-04-05T14:00:00,9.554044176494527,-0.6330000162124634
24,2018-04-05T15:00:00,9.714538542161733,-0.915000021457672
24,2018-04-05T16:00:00,9.69057759259236,0.0
24,2018-04-05T17:00:00,9.526239590403172,0.5630000233650208
24,2018-04-05T18:00:00,9.239839747469462,1.758999943733215
24,2018-04-05T19:00:00,8.970072732327832,0.5630000233650208
24,2018-04-05T20:00:00,8.705851941093703,0.0
24,2018-04-05T21:00:00,8.708688334465432,2.039999961853028
24,2018-04-05T22:00:00,8.612141177419527,0.492000013589859
24,2018-04-05T23:00:00,8.541184591682988,1.1260000467300415
24,2018-04-06T00:00:00,8.689106575898677,0.9850000143051147
24,2018-04-06T01:00:00,8.834410896709787,0.0
24,2018-04-06T02:00:00,8.735462301684851,0.5630000233650208
24,2018-04-06T03:00:00,8.763261878692987,1.9700000286102293
24,2018-04-06T04:00:00,8.551936171385059,2.3919999599456787
24,2018-04-06T05:00:00,8.34710056623219,1.4769999980926514
24,2018-04-06T06:00:00,8.422186723657692,1.337000012397766
24,2018-04-06T07:00:00,8.404405313083911,1.0549999475479126
24,2018-04-06T08:00:00,8.411886378868768,1.0549999475479126
24,2018-04-06T09:00:00,8.655815040051225,1.337000012397766
24,2018-04-06T10:00:00,8.712306979666241,1.8289999961853027
24,2018-04-06T11:00:00,8.642231324698162,3.095000028610228
24,2018-04-06T12:00:00,8.755823724054359,4.010000228881837
24,2018-04-06T13:00:00,9.030888011667596,4.64300012588501
24,2018-04-06T14:00:00,9.136987907832257,4.994999885559082
24,2018-04-06T15:00:00,9.180172633487798,4.994999885559082
24,2018-04-06T16:00:00,9.073652224787054,5.3460001945495605
24,2018-04-06T17:00:00,9.001050238698388,5.486999988555908
24,2018-04-06T18:00:00,8.751442946842054,5.3460001945495605
24,2018-04-06T19:00:00,8.594750475336689,5.3460001945495605
24,2018-04-06T20:00:00,8.489633194329794,5.3460001945495605
24,2018-04-06T21:00:00,8.379859135625331,4.2210001945495605
24,2018-04-06T22:00:00,8.371020608288621,5.276000022888184
25,2018-04-03T23:00:00,10.893755207122583,10.904000282287598
25,2018-04-04T00:00:00,10.956562932796698,9.918999671936035
25,2018-04-04T01:00:00,11.064249790009283,8.86400032043457
25,2018-04-04T02:00:00,10.981186584075704,8.934000015258789
25,2018-04-04T03:00:00,11.066664585543565,7.809000015258789
25,2018-04-04T04:00:00,10.833470055756639,6.823999881744385
25,2018-04-04T05:00:00,10.677222891749278,7.105000019073486
25,2018-04-04T06:00:00,10.72804755461238,6.61299991607666
25,2018-04-04T07:00:00,10.788367101683082,5.135000228881836
25,2018-04-04T08:00:00,10.916723523367752,5.3460001945495605
25,2018-04-04T09:00:00,11.186965232628928,5.065000057220459
25,2018-04-04T10:00:00,11.30475749780857,5.276000022888184
25,2018-04-04T11:00:00,11.421388657498468,5.276000022888184
25,2018-04-04T12:00:00,11.623467263248605,5.065000057220459
25,2018-04-04T13:00:00,11.717745556051288,4.572999954223633
25,2018-04-04T14:00:00,11.928338768423423,4.290999889373778
25,2018-04-04T15:00:00,12.004352107152426,4.432000160217285
25,2018-04-04T16:00:00,11.885169153502257,4.2210001945495605
25,2018-04-04T17:00:00,11.716932414875698,4.079999923706056
25,2018-04-04T18:00:00,11.30462317089363,3.799000024795532
25,2018-04-04T19:00:00,11.117474221157014,3.6579999923706055
25,2018-04-04T20:00:00,10.854657392463938,3.799000024795532
25,2018-04-04T21:00:00,10.676058530355444,3.799000024795532
25,2018-04-04T22:00:00,10.502727303642857,3.86899995803833
25,2018-04-04T23:00:00,10.372570116541612,3.938999891281128
25,2018-04-05T00:00:00,10.417480137426587,3.6579999923706055
25,2018-04-05T01:00:00,10.433192546177512,3.799000024795532
25,2018-04-05T02:00:00,10.305510430578593,3.86899995803833
25,2018-04-05T03:00:00,10.077674534532685,3.799000024795532
25,2018-04-05T04:00:00,10.062727179758465,4.361999988555908
25,2018-04-05T05:00:00,9.919903440441217,3.6579999923706055
25,2018-04-05T06:00:00,9.902593718537055,4.2210001945495605
25,2018-04-05T07:00:00,10.023546047348974,3.5169999599456787
25,2018-04-05T08:00:00,10.154338219232718,3.095000028610228
25,2018-04-05T09:00:00,10.387421213433342,0.421999990940094
25,2018-04-05T10:00:00,10.503304683968356,0.0
25,2018-04-05T11:00:00,10.574070507119044,-0.6330000162124634
25,2018-04-05T12:00:00,10.687111322928311,-0.703000009059906
25,2018-04-05T13:00:00,10.876290203638689,0.0
25,2018-04-05T14:00:00,11.034464528929137,-0.6330000162124634
25,2018-04-05T15:00:00,11.267050789044056,-0.915000021457672
25,2018-04-05T16:00:00,11.269339606135427,0.0
25,2018-04-05T17:00:00,11.022924936952283,0.5630000233650208
25,2018-04-05T18:00:00,10.810712121006592,1.758999943733215
25,2018-04-05T19:00:00,10.467736519798699,0.5630000233650208
25,2018-04-05T20:00:00,10.25941993574877,0.0
25,2018-04-05T21:00:00,9.985542717373285,2.039999961853028
25,2018-04-05T22:00:00,9.833061799552201,0.492000013589859
25,2018-04-05T23:00:00,9.516343311660433,1.1260000467300415
25,2018-04-06T00:00:00,9.504496829851806,0.9850000143051147
25,2018-04-06T01:00:00,9.5499250403956,0.0
25,2018-04-06T02:00:00,9.448379653146157,0.5630000233650208
25,2018-04-06T03:00:00,9.385630450260962,1.9700000286102293
25,2018-04-06T04:00:00,9.32198086466748,2.3919999599456787
25,2018-04-06T05:00:00,9.088503822587105,1.4769999980926514
25,2018-04-06T06:00:00,9.12994062865401,1.337000012397766
25,2018-04-06T07:00:00,9.182622826543481,1.0549999475479126
25,2018-04-06T08:00:00,9.230249523711294,1.0549999475479126
25,2018-04-06T09:00:00,9.43486806859142,1.337000012397766
25,2018-04-06T10:00:00,9.547421333634215,1.8289999961853027
25,2018-04-06T11:00:00,9.431726538567045,3.095000028610228
25,2018-04-06T12:00:00,9.502102905497598,4.010000228881837
25,2018-04-06T13:00:00,9.791570310993508,4.64300012588501
25,2018-04-06T14:00:00,9.944761850753668,4.994999885559082
25,2018-04-06T15:00:00,10.063701947352527,4.994999885559082
25,2018-04-06T16:00:00,10.105746856121996,5.3460001945495605
25,2018-04-06T17:00:00,9.913169562902926,5.486999988555908
25,2018-04-06T18:00:00,9.565984161189874,5.3460001945495605
25,2018-04-06T19:00:00,9.379743942633574,5.3460001945495605
25,2018-04-06T20:00:00,9.057044108472176,5.3460001945495605
25,2018-04-06T21:00:00,8.921586476479952,4.2210001945495605
25,2018-04-06T22:00:00,8.712989884678183,5.276000022888184
25,2018-04-06T23:00:00,8.594509705403382,4.8540000915527335
25,2018-04-07T00:00:00,8.74856314141578,4.501999855041504
25,2018-04-07T01:00:00,8.889613498304703,4.2210001945495605
25,2018-04-07T02:00:00,8.76076343146898,4.150000095367432
25,2018-04-07T03:00:00,8.803526893225953,4.2210001945495605
25,2018-04-07T04:00:00,8.670943640153187,4.2210001945495605
25,2018-04-07T05:00:00,8.652899252710505,4.150000095367432
25,2018-04-07T06:00:00,8.792585886693553,3.7279999256134033
25,2018-04-07T07:00:00,8.855278737392554,4.994999885559082
25,2018-04-07T08:00:00,8.898824701432773,4.2210001945495605
25,2018-04-07T09:00:00,9.170001523045876,3.7279999256134033
25,2018-04-07T10:00:00,9.394358443828015,5.3460001945495605
25,2018-04-07T11:00:00,9.363788342892455,3.3059999942779537
25,2018-04-07T12:00:00,9.57542461335985,3.236000061035156
25,2018-04-07T13:00:00,9.875017880579286,3.5169999599456787
25,2018-04-07T14:00:00,10.018469925901407,4.501999855041504
25,2018-04-07T15:00:00,10.152648822433004,4.994999885559082
25,2018-04-07T16:00:00,10.139425677586857,5.276000022888184
25,2018-04-07T17:00:00,10.080578133104243,5.76800012588501
25,2018-04-07T18:00:00,9.781034956716978,6.050000190734862
25,2018-04-07T19:00:00,9.59990124804643,5.697999954223633
25,2018-04-07T20:00:00,9.543143576566745,5.3460001945495605
25,2018-04-07T21:00:00,9.368539040900348,4.923999786376953
25,2018-04-07T22:00:00,9.2687710433458,4.8540000915527335
26,2018-04-04T23:00:00,3.928148295883263,3.938999891281128
26,2018-04-05T00:00:00,4.224514043816434,3.6579999923706055
26,2018-04-05T01:00:00,4.40097987132161,3.799000024795532
26,2018-04-05T02:00:00,4.261867612214134,3.86899995803833
26,2018-04-05T03:00:00,4.279320927837189,3.799000024795532
26,2018-04-05T04:00:00,4.118118611741956,4.361999988555908
26,2018-04-05T05:00:00,4.04647536418106,3.6579999923706055
26,2018-04-05T06:00:00,4.119225619132953,4.2210001945495605
26,2018-04-05T07:00:00,4.149818594881868,3.5169999599456787
26,2018-04-05T08:00:00,4.248313867875652,3.095000028610228
26,2018-04-05T09:00:00,4.607804917358905,0.421999990940094
26,2018-04-05T10:00:00,4.8101050915566805,0.0
26,2018-04-05T11:00:00,4.8686813106983635,-0.6330000162124634
26,2018-04-05T12:00:00,5.120960447542739,-0.703000009059906
26,2018-04-05T13:00:00,5.2768848596214735,0.0
26,2018-04-05T14:00:00,5.46133683546924,-0.6330000162124634
26,2018-04-05T15:00:00,5.745590620183272,-0.915000021457672
26,2018-04-05T16:00:00,5.758559136632545,0.0
26,2018-04-05T17:00:00,5.686845761906609,0.5630000233650208
26,2018-04-05T18:00:00,5.53187307563914,1.758999943733215
26,2018-04-05T19:00:00,5.387032095025615,0.5630000233650208
26,2018-04-05T20:00:00,5.221267338966737,0.0
26,2018-04-05T21:00:00,5.108211495907819,2.039999961853028
26,2018-04-05T22:00:00,5.179277029204334,0.492000013589859
26,2018-04-05T23:00:00,5.164380015716446,1.1260000467300415
26,2018-04-06T00:00:00,5.188981293090414,0.9850000143051147
26,2018-04-06T01:00:00,5.265859867460465,0.0
26,2018-04-06T02:00:00,5.164596241141986,0.5630000233650208
26,2018-04-06T03:00:00,5.060180231785498,1.9700000286102293
26,2018-04-06T04:00:00,5.029631502938333,2.3919999599456787
26,2018-04-06T05:00:00,4.861501624753743,1.4769999980926514
26,2018-04-06T06:00:00,4.867115972192995,1.337000012397766
26,2018-04-06T07:00:00,5.047825328030328,1.0549999475479126
26,2018-04-06T08:00:00,5.316420718607461,1.0549999475479126
26,2018-04-06T09:00:00,5.592083925604028,1.337000012397766
26,2018-04-06T10:00:00,5.863245636482761,1.8289999961853027
26,2018-04-06T11:00:00,5.982047732838986,3.095000028610228
26,2018-04-06T12:00:00,6.1568463704800465,4.010000228881837
26,2018-04-06T13:00:00,6.450039699042335,4.64300012588501
26,2018-04-06T14:00:00,6.735106624931955,4.994999885559082
26,2018-04-06T15:00:00,7.0395720604273,4.994999885559082
26,2018-04-06T16:00:00,7.175472662345362,5.3460001945495605
26,2018-04-06T17:00:00,7.024533122914924,5.486999988555908
26,2018-04-06T18:00:00,6.972093030714284,5.3460001945495605
26,2018-04-06T19:00:00,6.809286973142351,5.3460001945495605
26,2018-04-06T20:00:00,6.6955515644603025,5.3460001945495605
26,2018-04-06T21:00:00,6.555981809085656,4.2210001945495605
26,2018-04-06T22:00:00,6.43983285714013,5.276000022888184
26,2018-04-06T23:00:00,6.171581423610579,4.8540000915527335
26,2018-04-07T00:00:00,6.222377701668783,4.501999855041504
26,2018-04-07T01:00:00,6.282289676335045,4.2210001945495605
26,2018-04-07T02:00:00,6.202458247408471,4.150000095367432
26,2018-04-07T03:00:00,6.228211613922388,4.2210001945495605
26,2018-04-07T04:00:00,6.170516993426929,4.2210001945495605
26,2018-04-07T05:00:00,6.185346384291387,4.150000095367432
26,2018-04-07T06:00:00,6.177342704157537,3.7279999256134033
26,2018-04-07T07:00:00,6.245131462182815,4.994999885559082
26,2018-04-07T08:00:00,6.347967940631486,4.2210001945495605
26,2018-04-07T09:00:00,6.57399697687624,3.7279999256134033
26,2018-04-07T10:00:00,6.893957176456723,5.3460001945495605
26,2018-04-07T11:00:00,6.851315685876086,3.3059999942779537
26,2018-04-07T12:00:00,7.053099924502494,3.236000061035156
26,2018-04-07T13:00:00,7.384133537381754,3.5169999599456787
26,2018-04-07T14:00:00,7.585709899054645,4.501999855041504
26,2018-04-07T15:00:00,7.816956730317292,4.994999885559082
26,2018-04-07T16:00:00,7.908815802895518,5.276000022888184
26,2018-04-07T17:00:00,7.821095902749088,5.76800012588501
26,2018-04-07T18:00:00,7.430091875899363,6.050000190734862
26,2018-04-07T19:00:00,7.329244838335116,5.697999954223633
26,2018-04-07T20:00:00,7.2535742878676075,5.3460001945495605
26,2018-04-07T21:00:00,7.024516425970868,4.923999786376953
26,2018-04-07T22:00:00,6.847300070830315,4.8540000915527335
26,2018-04-07T23:00:00,6.766675537061017,5.065000057220459
26,2018-04-08T00:00:00,6.823705619183,4.572999954223633
26,2018-04-08T01:00:00,6.802071388768006,4.7129998207092285
26,2018-04-08T02:00:00,6.801945326840373,4.501999855041504
26,2018-04-08T03:00:00,6.842071422798783,4.501999855041504
26,2018-04-08T04:00:00,6.650238562830504,4.501999855041504
26,2018-04-08T05:00:00,6.572418280815624,4.64300012588501
26,2018-04-08T06:00:00,6.715921836210162,4.572999954223633
26,2018-04-08T07:00:00,6.7225221381959965,5.697999954223633
26,2018-04-08T08:00:00,6.779672438315192,5.76800012588501
26,2018-04-08T09:00:00,7.089311421926677,5.627999782562256
26,2018-04-08T10:00:00,7.293876536585822,5.416999816894531
26,2018-04-08T11:00:00,7.311336530986498,5.697999954223633
26,2018-04-08T12:00:00,7.440341295008913,5.627999782562256
26,2018-04-08T13:00:00,7.711298468322944,6.261000156402588
26,2018-04-08T14:00:00,7.92167578920842,7.105000019073486
26,2018-04-08T15:00:00,8.092294680843628,7.668000221252441
26,2018-04-08T16:00:00,8.105506137828936,7.809000015258789
26,2018-04-08T17:00:00,8.08842316042507,7.879000186920166
26,2018-04-08T18:00:00,7.90030203112072,7.597000122070312
26,2018-04-08T19:00:00,7.852537083256113,8.230999946594237
26,2018-04-08T20:00:00,7.70880394488079,8.300999641418457
26,2018-04-08T21:00:00,7.535748468199307,7.879000186920166
26,2018-04-08T22:00:00,7.461754290915149,7.73799991607666
27,2018-04-05T23:00:00,0.9752803818013867,1.1260000467300415
27,2018-04-06T00:00:00,1.317935902591703,0.9850000143051147
27,2018-04-06T01:00:00,1.5617964402424072,0.0
27,2018-04-06T02:00:00,1.5499825174746906,0.5630000233650208
27,2018-04-06T03:00:00,1.7937988082236451,1.9700000286102293
27,2018-04-06T04:00:00,1.7231899363470955,2.3919999599456787
27,2018-04-06T05:00:00,1.699673960336849,1.4769999980926514
27,2018-04-06T06:00:00,1.6478458111359071,1.337000012397766
27,2018-04-06T07:00:00,1.7513009113619002,1.0549999475479126
27,2018-04-06T08:00:00,1.5996317154761606,1.0549999475479126
27,2018-04-06T09:00:00,1.5089430986763492,1.337000012397766
27,2018-04-06T10:00:00,1.842632360507917,1.8289999961853027
27,2018-04-06T11:00:00,1.8102887101745964,3.095000028610228
27,2018-04-06T12:00:00,2.0469244801317235,4.010000228881837
27,2018-04-06T13:00:00,2.3942935482294043,4.64300012588501
27,2018-04-06T14:00:00,2.6140754228551337,4.994999885559082
27,2018-04-06T15:00:00,2.8869635977493875,4.994999885559082
27,2018-04-06T16:00:00,3.176696484655807,5.3460001945495605
27,2018-04-06T17:00:00,3.3153771277594046,5.486999988555908
27,2018-04-06T18:00:00,3.512396893399071,5.3460001945495605
27,2018-04-06T19:00:00,3.529279173535368,5.3460001945495605
27,2018-04-06T20:00:00,3.5904200432842455,5.3460001945495605
27,2018-04-06T21:00:00,3.775317827538341,4.2210001945495605
27,2018-04-06T22:00:00,3.776191077712536,5.276000022888184
27,2018-04-06T23:00:00,3.798843821715023,4.8540000915527335
27,2018-04-07T00:00:00,3.780576530069176,4.501999855041504
27,2018-04-07T01:00:00,3.7665477576722655,4.2210001945495605
27,2018-04-07T02:00:00,3.691262906612481,4.150000095367432
27,2018-04-07T03:00:00,3.5459619251901806,4.2210001945495605
27,2018-04-07T04:00:00,3.624340719983774,4.2210001945495605
27,2018-04-07T05:00:00,3.5412842763125383,4.150000095367432
27,2018-04-07T06:00:00,3.4969380277436564,3.7279999256134033
27,2018-04-07T07:00:00,3.625536221178276,4.994999885559082
27,2018-04-07T08:00:00,3.6355201588773145,4.2210001945495605
27,2018-04-07T09:00:00,3.521752191154354,3.7279999256134033
27,2018-04-07T10:00:00,3.889192655703269,5.3460001945495605
27,2018-04-07T11:00:00,3.9486897113097097,3.3059999942779537
27,2018-04-07T12:00:00,4.153179689720597,3.236000061035156
27,2018-04-07T13:00:00,4.57952530320912,3.5169999599456787
27,2018-04-07T14:00:00,4.779289211604599,4.501999855041504
27,2018-04-07T15:00:00,5.0815740262060665,4.994999885559082
27,2018-04-07T16:00:00,5.428616669047427,5.276000022888184
27,2018-04-07T17:00:00,5.418748775109586,5.76800012588501
27,2018-04-07T18:00:00,5.488240621428705,6.050000190734862
27,2018-04-07T19:00:00,5.452943281691654,5.697999954223633
27,2018-04-07T20:00:00,5.564104021600073,5.3460001945495605
27,2018-04-07T21:00:00,5.532723784938858,4.923999786376953
27,2018-04-07T22:00:00,5.4814407909613845,4.8540000915527335
27,2018-04-07T23:00:00,5.322611945463892,5.065000057220459
27,2018-04-08T00:00:00,5.168644415228668,4.572999954223633
27,2018-04-08T01:00:00,5.133669326511923,4.7129998207092285
27,2018-04-08T02:00:00,5.1782585156168395,4.501999855041504
27,2018-04-08T03:00:00,5.244244838531136,4.501999855041504
27,2018-04-08T04:00:00,5.0509209414585445,4.501999855041504
27,2018-04-08T05:00:00,5.060896530685556,4.64300012588501
27,2018-04-08T06:00:00,5.002535702122209,4.572999954223633
27,2018-04-08T07:00:00,4.944870301278849,5.697999954223633
27,2018-04-08T08:00:00,4.787287047808029,5.76800012588501
27,2018-04-08T09:00:00,4.812570395346734,5.627999782562256
27,2018-04-08T10:00:00,4.854862084949373,5.416999816894531
27,2018-04-08T11:00:00,4.840779882331477,5.697999954223633
27,2018-04-08T12:00:00,4.957252754991714,5.627999782562256
27,2018-04-08T13:00:00,5.231607756421399,6.261000156402588
27,2018-04-08T14:00:00,5.472520448598793,7.105000019073486
27,2018-04-08T15:00:00,5.769666778666638,7.668000221252441
27,2018-04-08T16:00:00,5.955890300278881,7.809000015258789
27,2018-04-08T17:00:00,6.010799035658385,7.879000186920166
27,2018-04-08T18:00:00,5.864269994000674,7.597000122070312
27,2018-04-08T19:00:00,5.818847627387301,8.230999946594237
27,2018-04-08T20:00:00,5.77859880889007,8.300999641418457
27,2018-04-08T21:00:00,5.686680462160442,7.879000186920166
27,2018-04-08T22:00:00,5.594821389582217,7.73799991607666
27,2018-04-08T23:00:00,5.508056554635862,7.245999813079834
27,2018-04-09T00:00:00,5.530614960904424,7.386000156402588
27,2018-04-09T01:00:00,5.607455132303144,7.668000221252441
27,2018-04-09T02:00:00,5.6775463989139165,7.73799991607666
27,2018-04-09T03:00:00,5.770065000782404,7.456999778747559
27,2018-04-09T04:00:00,5.715991947452963,7.456999778747559
27,2018-04-09T05:00:00,5.714578551138516,7.245999813079834
27,2018-04-09T06:00:00,5.760506835156825,6.894000053405763
27,2018-04-09T07:00:00,5.607701412227987,8.020000457763674
27,2018-04-09T08:00:00,5.6749533635018246,8.652999877929688
27,2018-04-09T09:00:00,5.779405271288036,9.425999641418455
27,2018-04-09T10:00:00,5.685130150904726,10.552000045776367
27,2018-04-09T11:00:00,5.810305470807608,9.777999877929688
27,2018-04-09T12:00:00,5.990237583899074,9.28600025177002
27,2018-04-09T13:00:00,6.2517927080144595,9.98900032043457
27,2018-04-09T14:00:00,6.499400039911615,11.326000213623049
27,2018-04-09T15:00:00,6.644569115475862,10.904000282287598
27,2018-04-09T16:00:00,6.743410850058833,12.100000381469728
27,2018-04-09T17:00:00,7.014044102658154,12.451000213623049
27,2018-04-09T18:00:00,6.956980626648058,12.029000282287598
27,2018-04-09T19:00:00,7.017252420458757,10.482000350952148
27,2018-04-09T20:00:00,7.041294350206806,9.918999671936035
27,2018-04-09T21:00:00,7.048142601811891,9.708000183105469
27,2018-04-09T22:00:00,7.0474897512992545,9.496999740600586
28,2018-04-06T23:00:00,5.310882342263666,4.8540000915527335
28,2018-04-07T00:00:00,5.347873586975325,4.501999855041504
28,2018-04-07T01:00:00,5.544110265938707,4.2210001945495605
28,2018-04-07T02:00:00,5.276656946335091,4.150000095367432
28,2018-04-07T03:00:00,5.457879733202184,4.2210001945495605
28,2018-04-07T04:00:00,5.359256728586363,4.2210001945495605
28,2018-04-07T05:00:00,5.152541882379847,4.150000095367432
28,2018-04-07T06:00:00,5.121051445887852,3.7279999256134033
28,2018-04-07T07:00:00,5.117328862210286,4.994999885559082
28,2018-04-07T08:00:00,4.965409212163687,4.2210001945495605
28,2018-04-07T09:00:00,4.9299081697091385,3.7279999256134033
28,2018-04-07T10:00:00,5.404804322280166,5.3460001945495605
28,2018-04-07T11:00:00,5.638321103087396,3.3059999942779537
28,2018-04-07T12:00:00,5.900287806873795,3.236000061035156
28,2018-04-07T13:00:00,6.117928298424179,3.5169999599456787
28,2018-04-07T14:00:00,6.179104231755579,4.501999855041504
28,2018-04-07T15:00:00,6.215830829903931,4.994999885559082
28,2018-04-07T16:00:00,6.438563054544577,5.276000022888184
28,2018-04-07T17:00:00,6.533680535755575,5.76800012588501
28,2018-04-07T18:00:00,6.460178083473904,6.050000190734862
28,2018-04-07T19:00:00,6.543782186910221,5.697999954223633
28,2018-04-07T20:00:00,6.564928031711537,5.3460001945495605
28,2018-04-07T21:00:00,6.4635608843399055,4.923999786376953
28,2018-04-07T22:00:00,6.515261301918809,4.8540000915527335
28,2018-04-07T23:00:00,6.545789994433104,5.065000057220459
28,2018-04-08T00:00:00,6.193163893498996,4.572999954223633
28,2018-04-08T01:00:00,5.968168398091388,4.7129998207092285
28,2018-04-08T02:00:00,5.964935034874699,4.501999855041504
28,2018-04-08T03:00:00,5.754342323410883,4.501999855041504
28,2018-04-08T04:00:00,5.5262236646173655,4.501999855041504
28,2018-04-08T05:00:00,5.235319487085327,4.64300012588501
28,2018-04-08T06:00:00,5.086870296861031,4.572999954223633
28,2018-04-08T07:00:00,4.939974757281261,5.697999954223633
28,2018-04-08T08:00:00,4.8416381052560205,5.76800012588501
28,2018-04-08T09:00:00,4.777071022586593,5.627999782562256
28,2018-04-08T10:00:00,4.919530184130348,5.416999816894531
28,2018-04-08T11:00:00,4.99946847349889,5.697999954223633
28,2018-04-08T12:00:00,5.258832123706762,5.627999782562256
28,2018-04-08T13:00:00,5.454269853897003,6.261000156402588
28,2018-04-08T14:00:00,5.640522595161347,7.105000019073486
28,2018-04-08T15:00:00,5.988939396498621,7.668000221252441
28,2018-04-08T16:00:00,6.220427498602895,7.809000015258789
28,2018-04-08T17:00:00,6.219076715828663,7.879000186920166
28,2018-04-08T18:00:00,6.293361419939416,7.597000122070312
28,2018-04-08T19:00:00,6.222477883333125,8.230999946594237
28,2018-04-08T20:00:00,6.234031333773547,8.300999641418457
28,2018-04-08T21:00:00,6.085158876017399,7.879000186920166
28,2018-04-08T22:00:00,6.071297907908264,7.73799991607666
28,2018-04-08T23:00:00,5.723333593754942,7.245999813079834
28,2018-04-09T00:00:00,5.452153516237747,7.386000156402588
28,2018-04-09T01:00:00,5.348368651366622,7.668000221252441
28,2018-04-09T02:00:00,5.39237845651275,7.73799991607666
28,2018-04-09T03:00:00,5.393535554735919,7.456999778747559
28,2018-04-09T04:00:00,5.362645373382783,7.456999778747559
28,2018-04-09T05:00:00,5.219235320874969,7.245999813079834
28,2018-04-09T06:00:00,5.168982528345829,6.894000053405763
28,2018-04-09T07:00:00,5.018874496729442,8.020000457763674
28,2018-04-09T08:00:00,4.944711680310306,8.652999877929688
28,2018-04-09T09:00:00,4.979947241354344,9.425999641418455
28,2018-04-09T10:00:00,5.04021820031784,10.552000045776367
28,2018-04-09T11:00:00,5.307850177222868,9.777999877929688
28,2018-04-09T12:00:00,5.462336147571067,9.28600025177002
28,2018-04-09T13:00:00,5.763938057160592,9.98900032043457
28,2018-04-09T14:00:00,5.997142605113954,11.326000213623049
28,2018-04-09T15:00:00,6.144642574068595,10.904000282287598
28,2018-04-09T16:00:00,6.205280865801351,12.100000381469728
28,2018-04-09T17:00:00,6.368450081906529,12.451000213623049
28,2018-04-09T18:00:00,6.266904277233483,12.029000282287598
28,2018-04-09T19:00:00,6.309470631565862,10.482000350952148
28,2018-04-09T20:00:00,6.295927740241018,9.918999671936035
28,2018-04-09T21:00:00,6.349017343565485,9.708000183105469
28,2018-04-09T22:00:00,6.306238103196376,9.496999740600586
28,2018-04-09T23:00:00,6.1649160035429205,9.21500015258789
28,2018-04-10T00:00:00,6.154831049332335,8.86400032043457
28,2018-04-10T01:00:00,6.208386497396001,8.722999572753906
28,2018-04-10T02:00:00,6.208889075412124,8.652999877929688
28,2018-04-10T03:00:00,6.396960113884303,8.722999572753906
28,2018-04-10T04:00:00,6.308174113859817,8.442000389099121
28,2018-04-10T05:00:00,6.14722475646705,8.581999778747559
28,2018-04-10T06:00:00,6.241653488735688,8.652999877929688
28,2018-04-10T07:00:00,6.081387871202066,9.21500015258789
28,2018-04-10T08:00:00,5.915576363699827,9.918999671936035
28,2018-04-10T09:00:00,6.093352066466297,10.482000350952148
28,2018-04-10T10:00:00,6.178662597585264,9.21500015258789
28,2018-04-10T11:00:00,6.365925503965071,9.56700038909912
28,2018-04-10T12:00:00,6.586271735299935,8.934000015258789
28,2018-04-10T13:00:00,6.879858276894771,9.425999641418455
28,2018-04-10T14:00:00,7.0629694881347405,10.552000045776367
28,2018-04-10T15:00:00,7.198101195778966,10.621999740600586
28,2018-04-10T16:00:00,7.223404579650541,11.1850004196167
28,2018-04-10T17:00:00,7.381513786859168,10.904000282287598
28,2018-04-10T18:00:00,7.381696618396594,12.029000282287598
28,2018-04-10T19:00:00,7.475568507580922,11.607000350952148
28,2018-04-10T20:00:00,7.614157317492204,11.1850004196167
28,2018-04-10T21:00:00,7.6053563582796215,11.043999671936035
28,2018-04-10T22:00:00,7.496068180647226,10.552000045776367
29,2018-04-07T23:00:00,5.159988719429386,5.065000057220459
29,2018-04-08T00:00:00,5.139781242884084,4.572999954223633
29,2018-04-08T01:00:00,5.392137185671123,4.7129998207092285
29,2018-04-08T02:00:00,5.392326695986174,4.501999855041504
29,2018-04-08T03:00:00,5.529778444007157,4.501999855041504
29,2018-04-08T04:00:00,5.188631492112414,4.501999855041504
29,2018-04-08T05:00:00,4.909343378561012,4.64300012588501
29,2018-04-08T06:00:00,4.680539310213943,4.572999954223633
29,2018-04-08T07:00:00,4.5348960414384685,5.697999954223633
29,2018-04-08T08:00:00,4.17209398794866,5.76800012588501
29,2018-04-08T09:00:00,4.069588108992322,5.627999782562256
29,2018-04-08T10:00:00,4.230262801655348,5.416999816894531
29,2018-04-08T11:00:00,4.139565836383509,5.697999954223633
29,2018-04-08T12:00:00,4.298995771867062,5.627999782562256
29,2018-04-08T13:00:00,4.378959106651692,6.261000156402588
29,2018-04-08T14:00:00,4.520848902403094,7.105000019073486
29,2018-04-08T15:00:00,4.708221173766477,7.668000221252441
29,2018-04-08T16:00:00,4.9295299839262405,7.809000015258789
29,2018-04-08T17:00:00,5.140323893565947,7.879000186920166
29,2018-04-08T18:00:00,5.1392703163959315,7.597000122070312
29,2018-04-08T19:00:00,5.240260947679074,8.230999946594237
29,2018-04-08T20:00:00,5.204941901914749,8.300999641418457
29,2018-04-08T21:00:00,5.209821583815485,7.879000186920166
29,2018-04-08T22:00:00,5.264803785748841,7.73799991607666
29,2018-04-08T23:00:00,5.235269396253155,7.245999813079834
29,2018-04-09T00:00:00,4.940969895147074,7.386000156402588
29,2018-04-09T01:00:00,4.844184389224754,7.668000221252441
29,2018-04-09T02:00:00,4.795717334862539,7.73799991607666
29,2018-04-09T03:00:00,4.451889688599403,7.456999778747559
29,2018-04-09T04:00:00,4.437748211830106,7.456999778747559
29,2018-04-09T05:00:00,4.042282761528282,7.245999813079834
29,2018-04-09T06:00:00,3.941654453931182,6.894000053405763
29,2018-04-09T07:00:00,3.922397868349945,8.020000457763674
29,2018-04-09T08:00:00,3.865634937332878,8.652999877929688
29,2018-04-09T09:00:00,3.647145406177181,9.425999641418455
29,2018-04-09T10:00:00,3.728421955611916,10.552000045776367
29,2018-04-09T11:00:00,3.80405076371928,9.777999877929688
29,2018-04-09T12:00:00,4.009799691712084,9.28600025177002
29,2018-04-09T13:00:00,4.411844572819671,9.98900032043457
29,2018-04-09T14:00:00,4.645942407280096,11.326000213623049
29,2018-04-09T15:00:00,4.955018703876853,10.904000282287598
29,2018-04-09T16:00:00,5.16389747403319,12.100000381469728
29,2018-04-09T17:00:00,5.272984453489698,12.451000213623049
29,2018-04-09T18:00:00,5.6109498026943285,12.029000282287598
29,2018-04-09T19:00:00,5.654656558305819,10.482000350952148
29,2018-04-09T20:00:00,5.7543990930206785,9.918999671936035
29,2018-04-09T21:00:00,5.804033263772496,9.708000183105469
29,2018-04-09T22:00:00,5.806648840059065,9.496999740600586
29,2018-04-09T23:00:00,5.570256845485174,9.21500015258789
29,2018-04-10T00:00:00,5.338125911034695,8.86400032043457
29,2018-04-10T01:00:00,5.292169242211489,8.722999572753906
29,2018-04-10T02:00:00,5.3411956441996224,8.652999877929688
29,2018-04-10T03:00:00,5.367598521837369,8.722999572753906
29,2018-04-10T04:00:00,5.326674311953022,8.442000389099121
29,2018-04-10T05:00:00,5.06394539267041,8.581999778747559
29,2018-04-10T06:00:00,5.087933057350275,8.652999877929688
29,2018-04-10T07:00:00,4.922334435884764,9.21500015258789
29,2018-04-10T08:00:00,4.639823812130311,9.918999671936035
29,2018-04-10T09:00:00,4.5870881840198585,10.482000350952148
29,2018-04-10T10:00:00,4.6306488413708475,9.21500015258789
29,2018-04-10T11:00:00,4.647549488145607,9.56700038909912
29,2018-04-10T12:00:00,4.742801379756266,8.934000015258789
29,2018-04-10T13:00:00,5.06609762875939,9.425999641418455
29,2018-04-10T14:00:00,5.391891740593483,10.552000045776367
29,2018-04-10T15:00:00,5.588064136322243,10.621999740600586
29,2018-04-10T16:00:00,5.775474810656956,11.1850004196167
29,2018-04-10T17:00:00,5.8706941432267055,10.904000282287598
29,2018-04-10T18:00:00,5.933623255684116,12.029000282287598
29,2018-04-10T19:00:00,6.024282652831829,11.607000350952148
29,2018-04-10T20:00:00,6.006428610551399,11.1850004196167
29,2018-04-10T21:00:00,6.205704968180404,11.043999671936035
29,2018-04-10T22:00:00,6.111818051746425,10.552000045776367
29,2018-04-10T23:00:00,5.82675863948163,11.043999671936035
29,2018-04-11T00:00:00,5.861627702603613,10.340999603271484
29,2018-04-11T01:00:00,6.017802568843205,10.482000350952148
29,2018-04-11T02:00:00,5.834650450090297,10.552000045776367
29,2018-04-11T03:00:00,5.9609703455083025,10.41100025177002
29,2018-04-11T04:00:00,5.712277712247426,10.552000045776367
29,2018-04-11T05:00:00,5.461919558816838,10.552000045776367
29,2018-04-11T06:00:00,5.465636298563984,9.777999877929688
29,2018-04-11T07:00:00,5.193046164121155,9.918999671936035
29,2018-04-11T08:00:00,4.867280437091962,9.918999671936035
29,2018-04-11T09:00:00,4.767114634845248,9.708000183105469
29,2018-04-11T10:00:00,4.823451793788852,10.340999603271484
29,2018-04-11T11:00:00,4.78372725933502,10.130000114440918
29,2018-04-11T12:00:00,4.890573508899042,10.270999908447266
29,2018-04-11T13:00:00,5.157455793015899,10.340999603271484
29,2018-04-11T14:00:00,5.268068038312036,10.973999977111816
29,2018-04-11T15:00:00,5.316295491527029,10.973999977111816
29,2018-04-11T16:00:00,5.321867261758937,10.762999534606934
29,2018-04-11T17:00:00,5.6082507416874705,9.777999877929688
29,2018-04-11T18:00:00,5.690267800591146,9.425999641418455
29,2018-04-11T19:00:00,5.7291883771886205,8.722999572753906
29,2018-04-11T20:00:00,5.826080743552907,7.879000186920166
29,2018-04-11T21:00:00,5.882644146088486,7.668000221252441
29,2018-04-11T22:00:00,5.804749562672551,7.386000156402588
30,2018-04-08T23:00:00,7.599635985245605,7.245999813079834
30,2018-04-09T00:00:00,7.570343701438748,7.386000156402588
30,2018-04-09T01:00:00,7.736965010727767,7.668000221252441
30,2018-04-09T02:00:00,7.608718287965553,7.73799991607666
30,2018-04-09T03:00:00,7.622049128100869,7.456999778747559
30,2018-04-09T04:00:00,7.36576522922436,7.456999778747559
30,2018-04-09T05:00:00,7.016953545160131,7.245999813079834
30,2018-04-09T06:00:00,6.9231142150167155,6.894000053405763
30,2018-04-09T07:00:00,6.96600949914702,8.020000457763674
30,2018-04-09T08:00:00,6.767457788890102,8.652999877929688
30,2018-04-09T09:00:00,6.5206677724045505,9.425999641418455
30,2018-04-09T10:00:00,6.510332364033104,10.552000045776367
30,2018-04-09T11:00:00,6.451352913692439,9.777999877929688
30,2018-04-09T12:00:00,6.535140683513383,9.28600025177002
30,2018-04-09T13:00:00,6.7639439170132505,9.98900032043457
30,2018-04-09T14:00:00,7.027848301157494,11.326000213623049
30,2018-04-09T15:00:00,7.1248817566990645,10.904000282287598
30,2018-04-09T16:00:00,7.0785686081202375,12.100000381469728
30,2018-04-09T17:00:00,7.2067477082590194,12.451000213623049
30,2018-04-09T18:00:00,7.190468187803189,12.029000282287598
30,2018-04-09T19:00:00,7.210838459553047,10.482000350952148
30,2018-04-09T20:00:00,7.101014310016412,9.918999671936035
30,2018-04-09T21:00:00,7.059970716982058,9.708000183105469
30,2018-04-09T22:00:00,7.0081943283076935,9.496999740600586
30,2018-04-09T23:00:00,6.874090317570191,9.21500015258789
30,2018-04-10T00:00:00,6.558647476204399,8.86400032043457
30,2018-04-10T01:00:00,6.4537564387894815,8.722999572753906
30,2018-04-10T02:00:00,6.252900550252658,8.652999877929688
30,2018-04-10T03:00:00,5.960961997036275,8.722999572753906
30,2018-04-10T04:00:00,6.014622635847498,8.442000389099121
30,2018-04-10T05:00:00,5.568200616824523,8.581999778747559
30,2018-04-10T06:00:00,5.530667556278207,8.652999877929688
30,2018-04-10T07:00:00,5.6342169942381215,9.21500015258789
30,2018-04-10T08:00:00,5.397366668549857,9.918999671936035
30,2018-04-10T09:00:00,5.227000234708797,10.482000350952148
30,2018-04-10T10:00:00,5.228774285014881,9.21500015258789
30,2018-04-10T11:00:00,5.29910348307847,9.56700038909912
30,2018-04-10T12:00:00,5.431990286594198,8.934000015258789
30,2018-04-10T13:00:00,5.7761376793360295,9.425999641418455
30,2018-04-10T14:00:00,6.07612833382403,10.552000045776367
30,2018-04-10T15:00:00,6.347672404721672,10.621999740600586
30,2018-04-10T16:00:00,6.526697038903627,11.1850004196167
30,2018-04-10T17:00:00,6.574785907482944,10.904000282287598
30,2018-04-10T18:00:00,6.810800551121142,12.029000282287598
30,2018-04-10T19:00:00,6.76749535701423,11.607000350952148
30,2018-04-10T20:00:00,6.803598324302044,11.1850004196167
30,2018-04-10T21:00:00,6.7058594228740525,11.043999671936035
30,2018-04-10T22:00:00,6.416857862117341,10.552000045776367
30,2018-04-10T23:00:00,5.830664054696625,11.043999671936035
30,2018-04-11T00:00:00,5.595627851980183,10.340999603271484
30,2018-04-11T01:00:00,5.590996119698698,10.482000350952148
30,2018-04-11T02:00:00,5.5088404761593495,10.552000045776367
30,2018-04-11T03:00:00,5.534876021027838,10.41100025177002
30,2018-04-11T04:00:00,5.4532838993504225,10.552000045776367
30,2018-04-11T05:00:00,5.165532104856396,10.552000045776367
30,2018-04-11T06:00:00,5.225004115046751,9.777999877929688
30,2018-04-11T07:00:00,5.093419673167491,9.918999671936035
30,2018-04-11T08:00:00,4.734962999368586,9.918999671936035
30,2018-04-11T09:00:00,4.489113020833457,9.708000183105469
30,2018-04-11T10:00:00,4.547432941883862,10.340999603271484
30,2018-04-11T11:00:00,4.369661413353407,10.130000114440918
30,2018-04-11T12:00:00,4.468808702012627,10.270999908447266
30,2018-04-11T13:00:00,4.85345870680136,10.340999603271484
30,2018-04-11T14:00:00,5.07721528895992,10.973999977111816
30,2018-04-11T15:00:00,5.235430521763309,10.973999977111816
30,2018-04-11T16:00:00,5.417539916359841,10.762999534606934
30,2018-04-11T17:00:00,5.507101489435787,9.777999877929688
30,2018-04-11T18:00:00,5.467956338940741,9.425999641418455
30,2018-04-11T19:00:00,5.566244569828214,8.722999572753906
30,2018-04-11T20:00:00,5.3974952350191,7.879000186920166
30,2018-04-11T21:00:00,5.438519626567789,7.668000221252441
30,2018-04-11T22:00:00,5.218389620658467,7.386000156402588
30,2018-04-11T23:00:00,4.941135194893242,6.964000225067139
30,2018-04-12T00:00:00,4.943161369054588,6.964000225067139
30,2018-04-12T01:00:00,4.9574297425987215,6.61299991607666
30,2018-04-12T02:00:00,4.809098265830027,6.61299991607666
30,2018-04-12T03:00:00,4.9617225269158425,6.050000190734862
30,2018-04-12T04:00:00,4.781023189244946,6.401999950408936
30,2018-04-12T05:00:00,4.618456732820235,5.908999919891357
30,2018-04-12T06:00:00,4.7401465656511625,5.76800012588501
30,2018-04-12T07:00:00,4.724687699995748,5.627999782562256
30,2018-04-12T08:00:00,4.514222720153972,5.908999919891357
30,2018-04-12T09:00:00,4.456213362263032,5.908999919891357
30,2018-04-12T10:00:00,4.457261095502625,5.9790000915527335
30,2018-04-12T11:00:00,4.314719284085786,6.330999851226808
30,2018-04-12T12:00:00,4.43998059325056,6.4720001220703125
30,2018-04-12T13:00:00,4.807354270023247,6.050000190734862
30,2018-04-12T14:00:00,5.069912045629273,6.541999816894531
30,2018-04-12T15:00:00,5.138159134768921,6.4720001220703125
30,2018-04-12T16:00:00,5.392755807448445,6.330999851226808
30,2018-04-12T17:00:00,5.701392974416498,5.76800012588501
30,2018-04-12T18:00:00,5.609846134692143,5.627999782562256
30,2018-04-12T19:00:00,5.732834989770726,5.3460001945495605
30,2018-04-12T20:00:00,5.754106896499676,4.8540000915527335
30,2018-04-12T21:00:00,5.621185864248632,5.135000228881836
30,2018-04-12T22:00:00,5.619656424172987,4.994999885559082
31,2018-04-09T23:00:00,9.371915580412328,9.21500015258789
31,2018-04-10T00:00:00,9.2907283596283,8.86400032043457
31,2018-04-10T01:00:00,9.330881170697204,8.722999572753906
31,2018-04-10T02:00:00,9.09204223897172,8.652999877929688
31,2018-04-10T03:00:00,9.143872057867068,8.722999572753906
31,2018-04-10T04:00:00,8.8345010602077,8.442000389099121
31,2018-04-10T05:00:00,8.547750247509903,8.581999778747559
31,2018-04-10T06:00:00,8.473557710530345,8.652999877929688
31,2018-04-10T07:00:00,8.671305963839231,9.21500015258789
31,2018-04-10T08:00:00,8.63857744894539,9.918999671936035
31,2018-04-10T09:00:00,8.799439147381854,10.482000350952148
31,2018-04-10T10:00:00,9.10253092528961,9.21500015258789
31,2018-04-10T11:00:00,9.045114893305746,9.56700038909912
31,2018-04-10T12:00:00,9.183284359467029,8.934000015258789
31,2018-04-10T13:00:00,9.444772695806186,9.425999641418455
31,2018-04-10T14:00:00,9.679588498861072,10.552000045776367
31,2018-04-10T15:00:00,9.698872634400008,10.621999740600586
31,2018-04-10T16:00:00,9.799404934568777,11.1850004196167
31,2018-04-10T17:00:00,9.869042294755353,10.904000282287598
31,2018-04-10T18:00:00,9.649047283638733,12.029000282287598
31,2018-04-10T19:00:00,9.382867606927807,11.607000350952148
31,2018-04-10T20:00:00,9.031036113561383,11.1850004196167
31,2018-04-10T21:00:00,8.692071118316044,11.043999671936035
31,2018-04-10T22:00:00,8.336295973732735,10.552000045776367
31,2018-04-10T23:00:00,8.021480603524616,11.043999671936035
31,2018-04-11T00:00:00,7.687989534419009,10.340999603271484
31,2018-04-11T01:00:00,7.5273281993112295,10.482000350952148
31,2018-04-11T02:00:00,7.224982440863954,10.552000045776367
31,2018-04-11T03:00:00,6.949852701230013,10.41100025177002
31,2018-04-11T04:00:00,6.8197175540949235,10.552000045776367
31,2018-04-11T05:00:00,6.441234565593739,10.552000045776367
31,2018-04-11T06:00:00,6.395473251016002,9.777999877929688
31,2018-04-11T07:00:00,6.597855240239658,9.918999671936035
31,2018-04-11T08:00:00,6.598283516854728,9.918999671936035
31,2018-04-11T09:00:00,6.586989703894398,9.708000183105469
31,2018-04-11T10:00:00,6.892315032008691,10.340999603271484
31,2018-04-11T11:00:00,6.90177134627552,10.130000114440918
31,2018-04-11T12:00:00,7.010918434730636,10.270999908447266
31,2018-04-11T13:00:00,7.378264561545626,10.340999603271484
31,2018-04-11T14:00:00,7.553433036497555,10.973999977111816
31,2018-04-11T15:00:00,7.816185331501847,10.973999977111816
31,2018-04-11T16:00:00,8.034063754505048,10.762999534606934
31,2018-04-11T17:00:00,7.923882290365588,9.777999877929688
31,2018-04-11T18:00:00,7.82195663021524,9.425999641418455
31,2018-04-11T19:00:00,7.559544952869716,8.722999572753906
31,2018-04-11T20:00:00,7.425636296377684,7.879000186920166
31,2018-04-11T21:00:00,7.01242199454299,7.668000221252441
31,2018-04-11T22:00:00,6.711568942894434,7.386000156402588
31,2018-04-11T23:00:00,6.1587414736305455,6.964000225067139
31,2018-04-12T00:00:00,5.841074599316327,6.964000225067139
31,2018-04-12T01:00:00,5.659617220385231,6.61299991607666
31,2018-04-12T02:00:00,5.561351530372233,6.61299991607666
31,2018-04-12T03:00:00,5.553155000534526,6.050000190734862
31,2018-04-12T04:00:00,5.462184205380147,6.401999950408936
31,2018-04-12T05:00:00,5.2643997197026575,5.908999919891357
31,2018-04-12T06:00:00,5.243333185385611,5.76800012588501
31,2018-04-12T07:00:00,5.4013956411508754,5.627999782562256
31,2018-04-12T08:00:00,5.464726315112864,5.908999919891357
31,2018-04-12T09:00:00,5.512061316667996,5.908999919891357
31,2018-04-12T10:00:00,5.776807226792725,5.9790000915527335
31,2018-04-12T11:00:00,5.693034484221432,6.330999851226808
31,2018-04-12T12:00:00,5.816575173301109,6.4720001220703125
31,2018-04-12T13:00:00,6.237354860488146,6.050000190734862
31,2018-04-12T14:00:00,6.494967001264412,6.541999816894531
31,2018-04-12T15:00:00,6.7807560699845055,6.4720001220703125
31,2018-04-12T16:00:00,7.092795239304225,6.330999851226808
31,2018-04-12T17:00:00,7.150423072023457,5.76800012588501
31,2018-04-12T18:00:00,6.844610193142691,5.627999782562256
31,2018-04-12T19:00:00,6.770637721885805,5.3460001945495605
31,2018-04-12T20:00:00,6.444004588612838,4.8540000915527335
31,2018-04-12T21:00:00,6.206437964024518,5.135000228881836
31,2018-04-12T22:00:00,5.972072143611975,4.994999885559082
31,2018-04-12T23:00:00,5.650230198436237,4.64300012588501
31,2018-04-13T00:00:00,5.638624152622036,4.994999885559082
31,2018-04-13T01:00:00,5.67065723979589,4.923999786376953
31,2018-04-13T02:00:00,5.520872294047013,4.7839999198913565
31,2018-04-13T03:00:00,5.545002717598567,4.8540000915527335
31,2018-04-13T04:00:00,5.395482418412996,4.8540000915527335
31,2018-04-13T05:00:00,5.270660238876927,4.7839999198913565
31,2018-04-13T06:00:00,5.358016145642907,4.7129998207092285
31,2018-04-13T07:00:00,5.5484013805614225,4.572999954223633
31,2018-04-13T08:00:00,5.570840403679975,4.290999889373778
31,2018-04-13T09:00:00,5.764074972101863,4.290999889373778
31,2018-04-13T10:00:00,6.014051600360741,4.361999988555908
31,2018-04-13T11:00:00,5.966389338702086,4.572999954223633
31,2018-04-13T12:00:00,6.142985402370911,5.065000057220459
31,2018-04-13T13:00:00,6.5669199771375695,4.64300012588501
31,2018-04-13T14:00:00,6.916370319311987,4.8540000915527335
31,2018-04-13T15:00:00,7.1096499694828275,5.276000022888184
31,2018-04-13T16:00:00,7.125881068800892,4.8540000915527335
31,2018-04-13T17:00:00,7.357736503674426,5.839000225067139
31,2018-04-13T18:00:00,7.25884718280089,4.572999954223633
31,2018-04-13T19:00:00,7.15838751433877,3.095000028610228
31,2018-04-13T20:00:00,6.967597378526866,3.799000024795532
31,2018-04-13T21:00:00,6.717408699078462,4.8540000915527335
31,2018-04-13T22:00:00,6.609432066401762,3.095000028610228
32,2018-04-10T23:00:00,10.25080648321795,11.043999671936035
32,2018-04-11T00:00:00,10.292805057967662,10.340999603271484
32,2018-04-11T01:00:00,10.38013383219955,10.482000350952148
32,2018-04-11T02:00:00,10.003244149585031,10.552000045776367
32,2018-04-11T03:00:00,9.97382789096855,10.41100025177002
32,2018-04-11T04:00:00,9.563514683163806,10.552000045776367
32,2018-04-11T05:00:00,9.281524169216736,10.552000045776367
32,2018-04-11T06:00:00,9.355932180259353,9.777999877929688
32,2018-04-11T07:00:00,9.620817175928082,9.918999671936035
32,2018-04-11T08:00:00,9.722863638468684,9.918999671936035
32,2018-04-11T09:00:00,9.73373034360003,9.708000183105469
32,2018-04-11T10:00:00,9.82616846619816,10.340999603271484
32,2018-04-11T11:00:00,9.616807154358568,10.130000114440918
32,2018-04-11T12:00:00,9.585533778139318,10.270999908447266
32,2018-04-11T13:00:00,9.81471185803327,10.340999603271484
32,2018-04-11T14:00:00,10.149893826663558,10.973999977111816
32,2018-04-11T15:00:00,10.370953351448547,10.973999977111816
32,2018-04-11T16:00:00,10.57915188810399,10.762999534606934
32,2018-04-11T17:00:00,10.628476664482427,9.777999877929688
32,2018-04-11T18:00:00,10.47486060491961,9.425999641418455
32,2018-04-11T19:00:00,10.37430768402493,8.722999572753906
32,2018-04-11T20:00:00,10.066251320255908,7.879000186920166
32,2018-04-11T21:00:00,9.774913356117263,7.668000221252441
32,2018-04-11T22:00:00,9.600705456356948,7.386000156402588
32,2018-04-11T23:00:00,9.282158319152032,6.964000225067139
32,2018-04-12T00:00:00,9.017069286826924,6.964000225067139
32,2018-04-12T01:00:00,8.885538108199206,6.61299991607666
32,2018-04-12T02:00:00,8.523686611734579,6.61299991607666
32,2018-04-12T03:00:00,8.266862566717817,6.050000190734862
32,2018-04-12T04:00:00,8.146009250784159,6.401999950408936
32,2018-04-12T05:00:00,7.862236338058976,5.908999919891357
32,2018-04-12T06:00:00,7.856280538113751,5.76800012588501
32,2018-04-12T07:00:00,8.202423716578748,5.627999782562256
32,2018-04-12T08:00:00,8.451515740741474,5.908999919891357
32,2018-04-12T09:00:00,8.425499397358653,5.908999919891357
32,2018-04-12T10:00:00,8.554911149392463,5.9790000915527335
32,2018-04-12T11:00:00,8.5655074475148,6.330999851226808
32,2018-04-12T12:00:00,8.593706081485905,6.4720001220703125
32,2018-04-12T13:00:00,8.916402910197377,6.050000190734862
32,2018-04-12T14:00:00,9.164332493114834,6.541999816894531
32,2018-04-12T15:00:00,9.526581877756346,6.4720001220703125
32,2018-04-12T16:00:00,9.76929617019752,6.330999851226808
32,2018-04-12T17:00:00,9.835706094582548,5.76800012588501
32,2018-04-12T18:00:00,9.80434889970413,5.627999782562256
32,2018-04-12T19:00:00,9.55435423874567,5.3460001945495605
32,2018-04-12T20:00:00,9.361570988721652,4.8540000915527335
32,2018-04-12T21:00:00,9.076468665310632,5.135000228881836
32,2018-04-12T22:00:00,8.777773192773154,4.994999885559082
32,2018-04-12T23:00:00,8.230003645287812,4.64300012588501
32,2018-04-13T00:00:00,8.089356770052031,4.994999885559082
32,2018-04-13T01:00:00,7.98322823862831,4.923999786376953
32,2018-04-13T02:00:00,7.84938720475971,4.7839999198913565
32,2018-04-13T03:00:00,7.692837492126035,4.8540000915527335
32,2018-04-13T04:00:00,7.6016746821149965,4.8540000915527335
32,2018-04-13T05:00:00,7.416198348749317,4.7839999198913565
32,2018-04-13T06:00:00,7.4652180719598284,4.7129998207092285
32,2018-04-13T07:00:00,7.733467000947771,4.572999954223633
32,2018-04-13T08:00:00,7.7747944420311,4.290999889373778
32,2018-04-13T09:00:00,7.799404067877099,4.290999889373778
32,2018-04-13T10:00:00,7.9676210206249465,4.361999988555908
32,2018-04-13T11:00:00,7.704013591630762,4.572999954223633
32,2018-04-13T12:00:00,7.68406825710716,5.065000057220459
32,2018-04-13T13:00:00,8.050659348111882,4.64300012588501
32,2018-04-13T14:00:00,8.432921188992104,4.8540000915527335
32,2018-04-13T15:00:00,8.698978978011414,5.276000022888184
32,2018-04-13T16:00:00,8.90351812892255,4.8540000915527335
32,2018-04-13T17:00:00,9.025486299810911,5.839000225067139
32,2018-04-13T18:00:00,8.803370442860139,4.572999954223633
32,2018-04-13T19:00:00,8.735530759155486,3.095000028610228
32,2018-04-13T20:00:00,8.41214643377246,3.799000024795532
32,2018-04-13T21:00:00,8.150711110230683,4.8540000915527335
32,2018-04-13T22:00:00,7.896070190649407,3.095000028610228
32,2018-04-13T23:00:00,7.61627615969307,3.588000059127808
32,2018-04-14T00:00:00,7.456252647848279,4.290999889373778
32,2018-04-14T01:00:00,7.423009032230274,4.361999988555908
32,2018-04-14T02:00:00,7.295879335025491,4.150000095367432
32,2018-04-14T03:00:00,7.241175137210686,4.64300012588501
32,2018-04-14T04:00:00,6.988336652740392,5.205999851226807
32,2018-04-14T05:00:00,6.879817369381831,4.8540000915527335
32,2018-04-14T06:00:00,7.012483773236003,5.205999851226807
32,2018-04-14T07:00:00,7.241255282542161,4.8540000915527335
32,2018-04-14T08:00:00,7.385762324274539,4.923999786376953
32,2018-04-14T09:00:00,7.6017756986265415,3.4470000267028813
32,2018-04-14T10:00:00,7.659349266277587,4.361999988555908
32,2018-04-14T11:00:00,7.562655593547584,3.799000024795532
32,2018-04-14T12:00:00,7.568436075580207,3.799000024795532
32,2018-04-14T13:00:00,7.793474148195161,3.938999891281128
32,2018-04-14T14:00:00,8.167496130667846,4.010000228881837
32,2018-04-14T15:00:00,8.385800743168108,4.432000160217285
32,2018-04-14T16:00:00,8.598252241929096,5.3460001945495605
32,2018-04-14T17:00:00,8.82943378814048,5.205999851226807
32,2018-04-14T18:00:00,8.735175114247067,5.416999816894531
32,2018-04-14T19:00:00,8.656402688997321,5.065000057220459
32,2018-04-14T20:00:00,8.500426516392011,4.923999786376953
32,2018-04-14T21:00:00,8.234304360653361,3.86899995803833
32,2018-04-14T22:00:00,8.013147158745635,4.361999988555908
33,2018-04-11T23:00:00,7.334014320405073,6.964000225067139
33,2018-04-12T00:00:00,7.340580393655589,6.964000225067139
33,2018-04-12T01:00:00,7.530424647586649,6.61299991607666
33,2018-04-12T02:00:00,7.388261021952708,6.61299991607666
33,2018-04-12T03:00:00,7.399875416238938,6.050000190734862
33,2018-04-12T04:00:00,7.283105337974481,6.401999950408936
33,2018-04-12T05:00:00,7.182067955247982,5.908999919891357
33,2018-04-12T06:00:00,7.251422886625829,5.76800012588501
33,2018-04-12T07:00:00,7.5391872038279,5.627999782562256
33,2018-04-12T08:00:00,7.7956906675187625,5.908999919891357
33,2018-04-12T09:00:00,7.93200368395504,5.908999919891357
33,2018-04-12T10:00:00,8.126660832010604,5.9790000915527335
33,2018-04-12T11:00:00,8.197758089500827,6.330999851226808
33,2018-04-12T12:00:00,8.362431950719726,6.4720001220703125
33,2018-04-12T13:00:00,8.570677656242133,6.050000190734862
33,2018-04-12T14:00:00,8.79604332289949,6.541999816894531
33,2018-04-12T15:00:00,8.910323970289728,6.4720001220703125
33,2018-04-12T16:00:00,8.944813595358008,6.330999851226808
33,2018-04-12T17:00:00,8.868228887203365,5.76800012588501
33,2018-04-12T18:00:00,8.66390462596225,5.627999782562256
33,2018-04-12T19:00:00,8.461585250278807,5.3460001945495605
33,2018-04-12T20:00:00,8.152169588294084,4.8540000915527335
33,2018-04-12T21:00:00,7.9452593878421,5.135000228881836
33,2018-04-12T22:00:00,7.729753600589435,4.994999885559082
33,2018-04-12T23:00:00,7.5134889372293685,4.64300012588501
33,2018-04-13T00:00:00,7.360809576228165,4.994999885559082
33,2018-04-13T01:00:00,7.3178475043216284,4.923999786376953
33,2018-04-13T02:00:00,7.166092319173995,4.7839999198913565
33,2018-04-13T03:00:00,6.900939838461468,4.8540000915527335
33,2018-04-13T04:00:00,6.9470684858084635,4.8540000915527335
33,2018-04-13T05:00:00,6.819005429430881,4.7839999198913565
33,2018-04-13T06:00:00,6.783263116134705,4.7129998207092285
33,2018-04-13T07:00:00,7.133100827411251,4.572999954223633
33,2018-04-13T08:00:00,7.337958138591397,4.290999889373778
33,2018-04-13T09:00:00,7.4527128957081406,4.290999889373778
33,2018-04-13T10:00:00,7.666848698700907,4.361999988555908
33,2018-04-13T11:00:00,7.761928611787777,4.572999954223633
33,2018-04-13T12:00:00,7.849116714265984,5.065000057220459
33,2018-04-13T13:00:00,8.18573044584918,4.64300012588501
33,2018-04-13T14:00:00,8.534524598122147,4.8540000915527335
33,2018-04-13T15:00:00,8.746678473855315,5.276000022888184
33,2018-04-13T16:00:00,8.88375170215452,4.8540000915527335
33,2018-04-13T17:00:00,8.841280353433827,5.839000225067139
33,2018-04-13T18:00:00,8.76532102931885,4.572999954223633
33,2018-04-13T19:00:00,8.497797999973795,3.095000028610228
33,2018-04-13T20:00:00,8.29588269033654,3.799000024795532
33,2018-04-13T21:00:00,7.996556574222019,4.8540000915527335
33,2018-04-13T22:00:00,7.743625421712208,3.095000028610228
33,2018-04-13T23:00:00,7.391056090387892,3.588000059127808
33,2018-04-14T00:00:00,7.13286707019445,4.290999889373778
33,2018-04-14T01:00:00,7.054075026035438,4.361999988555908
33,2018-04-14T02:00:00,7.058082292609178,4.150000095367432
33,2018-04-14T03:00:00,6.970871649256496,4.64300012588501
33,2018-04-14T04:00:00,6.923962419774824,5.205999851226807
33,2018-04-14T05:00:00,6.839395737513609,4.8540000915527335
33,2018-04-14T06:00:00,6.843185108967402,5.205999851226807
33,2018-04-14T07:00:00,7.09989978900059,4.8540000915527335
33,2018-04-14T08:00:00,7.283659676517184,4.923999786376953
33,2018-04-14T09:00:00,7.46871524689262,3.4470000267028813
33,2018-04-14T10:00:00,7.635860840225035,4.361999988555908
33,2018-04-14T11:00:00,7.633417242462254,3.799000024795532
33,2018-04-14T12:00:00,7.654473758612868,3.799000024795532
33,2018-04-14T13:00:00,7.917971572169318,3.938999891281128
33,2018-04-14T14:00:00,8.32740067678623,4.010000228881837
33,2018-04-14T15:00:00,8.497504634666711,4.432000160217285
33,2018-04-14T16:00:00,8.66153157278811,5.3460001945495605
33,2018-04-14T17:00:00,8.604576626914387,5.205999851226807
33,2018-04-14T18:00:00,8.379305631929833,5.416999816894531
33,2018-04-14T19:00:00,8.184325398006761,5.065000057220459
33,2018-04-14T20:00:00,7.809245246704448,4.923999786376953
33,2018-04-14T21:00:00,7.6201607037279935,3.86899995803833
33,2018-04-14T22:00:00,7.334404194048808,4.361999988555908
33,2018-04-14T23:00:00,7.176032844818485,4.501999855041504
33,2018-04-15T00:00:00,7.148838532032423,4.8540000915527335
33,2018-04-15T01:00:00,7.1888970053674015,5.3460001945495605
33,2018-04-15T02:00:00,7.134992591172939,4.64300012588501
33,2018-04-15T03:00:00,7.052114804803114,4.8540000915527335
33,2018-04-15T04:00:00,6.908507728355424,5.135000228881836
33,2018-04-15T05:00:00,6.86235654013395,5.276000022888184
33,2018-04-15T06:00:00,7.043765497927282,5.135000228881836
33,2018-04-15T07:00:00,7.25297987665917,5.76800012588501
33,2018-04-15T08:00:00,7.465940214790303,4.8540000915527335
33,2018-04-15T09:00:00,7.728256719554702,5.9790000915527335
33,2018-04-15T10:00:00,7.83753654871507,6.261000156402588
33,2018-04-15T11:00:00,7.898076328477888,6.190999984741211
33,2018-04-15T12:00:00,7.9802199502175135,6.61299991607666
33,2018-04-15T13:00:00,8.235202656243642,6.823999881744385
33,2018-04-15T14:00:00,8.558928267163198,8.300999641418457
33,2018-04-15T15:00:00,8.696220308914274,8.722999572753906
33,2018-04-15T16:00:00,8.7266705257915,9.425999641418455
33,2018-04-15T17:00:00,8.829869745349814,9.355999946594238
33,2018-04-15T18:00:00,8.664064499201597,8.722999572753906
33,2018-04-15T19:00:00,8.490973958937595,7.809000015258789
33,2018-04-15T20:00:00,8.267097158781821,6.964000225067139
33,2018-04-15T21:00:00,8.108795101869335,6.261000156402588
33,2018-04-15T22:00:00,7.9362781016336985,6.050000190734862
34,2018-04-12T23:00:00,4.950305991416691,4.64300012588501
34,2018-04-13T00:00:00,5.127110766886231,4.994999885559082
34,2018-04-13T01:00:00,5.3423410545619525,4.923999786376953
34,2018-04-13T02:00:00,5.19366896013449,4.7839999198913565
34,2018-04-13T03:00:00,5.272781585619402,4.8540000915527335
34,2018-04-13T04:00:00,5.24301510860132,4.8540000915527335
34,2018-04-13T05:00:00,5.124042703415711,4.7839999198913565
34,2018-04-13T06:00:00,5.174678690810964,4.7129998207092285
34,2018-04-13T07:00:00,5.515584371864078,4.572999954223633
34,2018-04-13T08:00:00,5.6794364929812,4.290999889373778
34,2018-04-13T09:00:00,5.915605583351926,4.290999889373778
34,2018-04-13T10:00:00,6.207400542849419,4.361999988555908
34,2018-04-13T11:00:00,6.330562211298995,4.572999954223633
34,2018-04-13T12:00:00,6.479469732637664,5.065000057220459
34,2018-04-13T13:00:00,6.6605230455225755,4.64300012588501
34,2018-04-13T14:00:00,6.9862987907182035,4.8540000915527335
34,2018-04-13T15:00:00,7.079838410715791,5.276000022888184
34,2018-04-13T16:00:00,7.166852864975802,4.8540000915527335
34,2018-04-13T17:00:00,7.189968949175876,5.839000225067139
34,2018-04-13T18:00:00,7.09401829045642,4.572999954223633
34,2018-04-13T19:00:00,6.939362846126038,3.095000028610228
34,2018-04-13T20:00:00,6.644392962716058,3.799000024795532
34,2018-04-13T21:00:00,6.516238907993362,4.8540000915527335
34,2018-04-13T22:00:00,6.4327617013318825,3.095000028610228
34,2018-04-13T23:00:00,6.352067875244748,3.588000059127808
34,2018-04-14T00:00:00,6.22132412449877,4.290999889373778
34,2018-04-14T01:00:00,6.176234027072136,4.361999988555908
34,2018-04-14T02:00:00,6.085712379712897,4.150000095367432
34,2018-04-14T03:00:00,5.922932202404253,4.64300012588501
34,2018-04-14T04:00:00,5.970970145304195,5.205999851226807
34,2018-04-14T05:00:00,5.8056144643747185,4.8540000915527335
34,2018-04-14T06:00:00,5.816321379751438,5.205999851226807
34,2018-04-14T07:00:00,6.165900288395095,4.8540000915527335
34,2018-04-14T08:00:00,6.476073574216418,4.923999786376953
34,2018-04-14T09:00:00,6.681525296605001,3.4470000267028813
34,2018-04-14T10:00:00,6.955370206393734,4.361999988555908
34,2018-04-14T11:00:00,7.1076672073760285,3.799000024795532
34,2018-04-14T12:00:00,7.213806341359225,3.799000024795532
34,2018-04-14T13:00:00,7.436735589939749,3.938999891281128
34,2018-04-14T14:00:00,7.804280410389021,4.010000228881837
34,2018-04-14T15:00:00,8.000920320551385,4.432000160217285
34,2018-04-14T16:00:00,8.190510780932774,5.3460001945495605
34,2018-04-14T17:00:00,8.062671463605556,5.205999851226807
34,2018-04-14T18:00:00,8.015178425474922,5.416999816894531
34,2018-04-14T19:00:00,7.770300459538088,5.065000057220459
34,2018-04-14T20:00:00,7.490697608591207,4.923999786376953
34,2018-04-14T21:00:00,7.313624847169548,3.86899995803833
34,2018-04-14T22:00:00,7.107709784583374,4.361999988555908
34,2018-04-14T23:00:00,6.847500434159002,4.501999855041504
34,2018-04-15T00:00:00,6.745427840900952,4.8540000915527335
34,2018-04-15T01:00:00,6.7641768393828485,5.3460001945495605
34,2018-04-15T02:00:00,6.731673733233782,4.64300012588501
34,2018-04-15T03:00:00,6.658983587280495,4.8540000915527335
34,2018-04-15T04:00:00,6.639794624322688,5.135000228881836
34,2018-04-15T05:00:00,6.554468231106867,5.276000022888184
34,2018-04-15T06:00:00,6.610351233172114,5.135000228881836
34,2018-04-15T07:00:00,6.822669573804246,5.76800012588501
34,2018-04-15T08:00:00,7.01181840001532,4.8540000915527335
34,2018-04-15T09:00:00,7.290935369890136,5.9790000915527335
34,2018-04-15T10:00:00,7.449471184019423,6.261000156402588
34,2018-04-15T11:00:00,7.498114391141442,6.190999984741211
34,2018-04-15T12:00:00,7.527637927623491,6.61299991607666
34,2018-04-15T13:00:00,7.746936425718761,6.823999881744385
34,2018-04-15T14:00:00,8.051713259220776,8.300999641418457
34,2018-04-15T15:00:00,8.180195408894198,8.722999572753906
34,2018-04-15T16:00:00,8.246055920335023,9.425999641418455
34,2018-04-15T17:00:00,8.153133001966188,9.355999946594238
34,2018-04-15T18:00:00,7.888876312302337,8.722999572753906
34,2018-04-15T19:00:00,7.692319886860259,7.809000015258789
34,2018-04-15T20:00:00,7.363236477046888,6.964000225067139
34,2018-04-15T21:00:00,7.188870290256908,6.261000156402588
34,2018-04-15T22:00:00,7.007990625590194,6.050000190734862
34,2018-04-15T23:00:00,6.808900438887427,6.050000190734862
34,2018-04-16T00:00:00,6.763417963275446,6.823999881744385
34,2018-04-16T01:00:00,6.797854575546346,6.4720001220703125
34,2018-04-16T02:00:00,6.822500099822065,6.61299991607666
34,2018-04-16T03:00:00,6.811885852484863,6.541999816894531
34,2018-04-16T04:00:00,6.678281080374676,6.401999950408936
34,2018-04-16T05:00:00,6.651688692421878,5.908999919891357
34,2018-04-16T06:00:00,6.80220079008445,6.190999984741211
34,2018-04-16T07:00:00,6.916639974958512,6.330999851226808
34,2018-04-16T08:00:00,7.144110792322609,6.541999816894531
34,2018-04-16T09:00:00,7.491474016489871,6.683000087738037
34,2018-04-16T10:00:00,7.603112288998327,6.964000225067139
34,2018-04-16T11:00:00,7.736521706863046,7.315999984741211
34,2018-04-16T12:00:00,7.886405164581863,6.964000225067139
34,2018-04-16T13:00:00,8.068151734584031,7.245999813079834
34,2018-04-16T14:00:00,8.34103289676178,8.020000457763674
34,2018-04-16T15:00:00,8.408920166756996,8.652999877929688
34,2018-04-16T16:00:00,8.448781365697936,9.003999710083008
34,2018-04-16T17:00:00,8.486414440939157,8.51200008392334
34,2018-04-16T18:00:00,8.365461945157797,7.73799991607666
34,2018-04-16T19:00:00,8.306853417429362,7.668000221252441
34,2018-04-16T20:00:00,8.084759016051704,6.894000053405763
34,2018-04-16T21:00:00,7.92690694178156,6.823999881744385
34,2018-04-16T22:00:00,7.804891518541515,6.894000053405763
35,2018-04-13T23:00:00,3.346125385088053,3.588000059127808
35,2018-04-14T00:00:00,3.5850018849376664,4.290999889373778
35,2018-04-14T01:00:00,3.817976015063035,4.361999988555908
35,2018-04-14T02:00:00,3.810796329118414,4.150000095367432
35,2018-04-14T03:00:00,4.0668439662365135,4.64300012588501
35,2018-04-14T04:00:00,4.060792158862959,5.205999851226807
35,2018-04-14T05:00:00,3.952365543543916,4.8540000915527335
35,2018-04-14T06:00:00,4.084276410679497,5.205999851226807
35,2018-04-14T07:00:00,4.310980838311364,4.8540000915527335
35,2018-04-14T08:00:00,4.356280482385916,4.923999786376953
35,2018-04-14T09:00:00,4.626233334514904,3.4470000267028813
35,2018-04-14T10:00:00,4.904092189655003,4.361999988555908
35,2018-04-14T11:00:00,4.99318708314455,3.799000024795532
35,2018-04-14T12:00:00,5.296878615282841,3.799000024795532
35,2018-04-14T13:00:00,5.4113111213792795,3.938999891281128
35,2018-04-14T14:00:00,5.680149452492445,4.010000228881837
35,2018-04-14T15:00:00,5.803690141572119,4.432000160217285
35,2018-04-14T16:00:00,5.809298645080954,5.3460001945495605
35,2018-04-14T17:00:00,5.731741339934976,5.205999851226807
35,2018-04-14T18:00:00,5.6682770904205295,5.416999816894531
35,2018-04-14T19:00:00,5.477769132963193,5.065000057220459
35,2018-04-14T20:00:00,5.409448577269693,4.923999786376953
35,2018-04-14T21:00:00,5.481798940411414,3.86899995803833
35,2018-04-14T22:00:00,5.295544529452666,4.361999988555908
35,2018-04-14T23:00:00,5.353689967437672,4.501999855041504
35,2018-04-15T00:00:00,5.289840853362705,4.8540000915527335
35,2018-04-15T01:00:00,5.184036493107854,5.3460001945495605
35,2018-04-15T02:00:00,5.11239908947738,4.64300012588501
35,2018-04-15T03:00:00,4.973221712288078,4.8540000915527335
35,2018-04-15T04:00:00,5.046827685622906,5.135000228881836
35,2018-04-15T05:00:00,4.840316542133889,5.276000022888184
35,2018-04-15T06:00:00,4.90710598805734,5.135000228881836
35,2018-04-15T07:00:00,5.1493677933145605,5.76800012588501
35,2018-04-15T08:00:00,5.281519931291768,4.8540000915527335
35,2018-04-15T09:00:00,5.437591276478207,5.9790000915527335
35,2018-04-15T10:00:00,5.622267826223542,6.261000156402588
35,2018-04-15T11:00:00,5.793435713379353,6.190999984741211
35,2018-04-15T12:00:00,6.010045168634202,6.61299991607666
35,2018-04-15T13:00:00,6.147448495517416,6.823999881744385
35,2018-04-15T14:00:00,6.40887421831636,8.300999641418457
35,2018-04-15T15:00:00,6.680859923384318,8.722999572753906
35,2018-04-15T16:00:00,6.758274469658607,9.425999641418455
35,2018-04-15T17:00:00,6.585495327401272,9.355999946594238
35,2018-04-15T18:00:00,6.528374246934179,8.722999572753906
35,2018-04-15T19:00:00,6.35236341115456,7.809000015258789
35,2018-04-15T20:00:00,6.35361985619487,6.964000225067139
35,2018-04-15T21:00:00,6.232217210801727,6.261000156402588
35,2018-04-15T22:00:00,6.024197498417134,6.050000190734862
35,2018-04-15T23:00:00,5.811859956299337,6.050000190734862
35,2018-04-16T00:00:00,5.6203284761712915,6.823999881744385
35,2018-04-16T01:00:00,5.611642725872704,6.4720001220703125
35,2018-04-16T02:00:00,5.650816261172649,6.61299991607666
35,2018-04-16T03:00:00,5.693025300902201,6.541999816894531
35,2018-04-16T04:00:00,5.63819921539578,6.401999950408936
35,2018-04-16T05:00:00,5.593966506046485,5.908999919891357
35,2018-04-16T06:00:00,5.61911210379672,6.190999984741211
35,2018-04-16T07:00:00,5.678937254353887,6.330999851226808
35,2018-04-16T08:00:00,5.85259632556304,6.541999816894531
35,2018-04-16T09:00:00,6.059865510312257,6.683000087738037
35,2018-04-16T10:00:00,6.120882822675114,6.964000225067139
35,2018-04-16T11:00:00,6.304969135448024,7.315999984741211
35,2018-04-16T12:00:00,6.488370873514588,6.964000225067139
35,2018-04-16T13:00:00,6.644999061785338,7.245999813079834
35,2018-04-16T14:00:00,6.925639627805376,8.020000457763674
35,2018-04-16T15:00:00,7.115518945318955,8.652999877929688
35,2018-04-16T16:00:00,7.114843553931838,9.003999710083008
35,2018-04-16T17:00:00,6.981328945319559,8.51200008392334
35,2018-04-16T18:00:00,6.760523548023121,7.73799991607666
35,2018-04-16T19:00:00,6.65463152881197,7.668000221252441
35,2018-04-16T20:00:00,6.5354495769784435,6.894000053405763
35,2018-04-16T21:00:00,6.480842221439172,6.823999881744385
35,2018-04-16T22:00:00,6.267703226006624,6.894000053405763
35,2018-04-16T23:00:00,6.124645479018415,6.190999984741211
35,2018-04-17T00:00:00,6.2347493023680105,5.908999919891357
35,2018-04-17T01:00:00,6.262310113076127,6.261000156402588
35,2018-04-17T02:00:00,6.318703206782324,6.261000156402588
35,2018-04-17T03:00:00,6.371416294018301,5.908999919891357
35,2018-04-17T04:00:00,6.375719096501857,6.261000156402588
35,2018-04-17T05:00:00,6.344413996088898,5.76800012588501
35,2018-04-17T06:00:00,6.451281951680196,5.76800012588501
35,2018-04-17T07:00:00,6.623164468041656,6.683000087738037
35,2018-04-17T08:00:00,6.76951902663397,7.245999813079834
35,2018-04-17T09:00:00,6.977662296404585,8.159999847412111
35,2018-04-17T10:00:00,7.0713346571074265,8.86400032043457
35,2018-04-17T11:00:00,7.274538970825903,7.879000186920166
35,2018-04-17T12:00:00,7.432376017846398,8.090000152587889
35,2018-04-17T13:00:00,7.572041780649371,8.934000015258789
35,2018-04-17T14:00:00,7.789620493506744,9.56700038909912
35,2018-04-17T15:00:00,7.887406981225297,10.270999908447266
35,2018-04-17T16:00:00,7.758721128834377,10.904000282287598
35,2018-04-17T17:00:00,7.849696933071973,10.904000282287598
35,2018-04-17T18:00:00,7.73088398370211,10.621999740600586
35,2018-04-17T19:00:00,7.586341043540012,8.934000015258789
35,2018-04-17T20:00:00,7.488312450132629,8.090000152587889
35,2018-04-17T21:00:00,7.538731377255136,8.159999847412111
35,2018-04-17T22:00:00,7.326847992015695,7.948999881744385
36,2018-04-14T23:00:00,4.526957479386443,4.501999855041504
36,2018-04-15T00:00:00,4.849968210646189,4.8540000915527335
36,2018-04-15T01:00:00,5.185004915863177,5.3460001945495605
36,2018-04-15T02:00:00,5.0478044568502565,4.64300012588501
36,2018-04-15T03:00:00,5.270194394137729,4.8540000915527335
36,2018-04-15T04:00:00,5.242051694929215,5.135000228881836
36,2018-04-15T05:00:00,5.126343542306801,5.276000022888184
36,2018-04-15T06:00:00,5.092587330506236,5.135000228881836
36,2018-04-15T07:00:00,5.220411620583802,5.76800012588501
36,2018-04-15T08:00:00,5.116792055458845,4.8540000915527335
36,2018-04-15T09:00:00,5.122338780274667,5.9790000915527335
36,2018-04-15T10:00:00,5.45332647655777,6.261000156402588
36,2018-04-15T11:00:00,5.558857006930079,6.190999984741211
36,2018-04-15T12:00:00,5.704404268277225,6.61299991607666
36,2018-04-15T13:00:00,5.781080809624182,6.823999881744385
36,2018-04-15T14:00:00,5.934539917912861,8.300999641418457
36,2018-04-15T15:00:00,6.117466627920997,8.722999572753906
36,2018-04-15T16:00:00,6.117579332293383,9.425999641418455
36,2018-04-15T17:00:00,6.062473572974001,9.355999946594238
36,2018-04-15T18:00:00,5.873368993664679,8.722999572753906
36,2018-04-15T19:00:00,5.806112033307624,7.809000015258789
36,2018-04-15T20:00:00,5.729837053465246,6.964000225067139
36,2018-04-15T21:00:00,5.6067572000415495,6.261000156402588
36,2018-04-15T22:00:00,5.594050825613975,6.050000190734862
36,2018-04-15T23:00:00,5.655734346044715,6.050000190734862
36,2018-04-16T00:00:00,5.578202086314823,6.823999881744385
36,2018-04-16T01:00:00,5.559291962322771,6.4720001220703125
36,2018-04-16T02:00:00,5.550993581126313,6.61299991607666
36,2018-04-16T03:00:00,5.406843019149555,6.541999816894531
36,2018-04-16T04:00:00,5.416664996491241,6.401999950408936
36,2018-04-16T05:00:00,5.323138734048898,5.908999919891357
36,2018-04-16T06:00:00,5.275439739113317,6.190999984741211
36,2018-04-16T07:00:00,5.381158110106272,6.330999851226808
36,2018-04-16T08:00:00,5.489343454583686,6.541999816894531
36,2018-04-16T09:00:00,5.493795694716555,6.683000087738037
36,2018-04-16T10:00:00,5.742347238800146,6.964000225067139
36,2018-04-16T11:00:00,5.874506055554978,7.315999984741211
36,2018-04-16T12:00:00,6.116569167177918,6.964000225067139
36,2018-04-16T13:00:00,6.269774481916926,7.245999813079834
36,2018-04-16T14:00:00,6.495955460352601,8.020000457763674
36,2018-04-16T15:00:00,6.800438427639206,8.652999877929688
36,2018-04-16T16:00:00,6.911723559780851,9.003999710083008
36,2018-04-16T17:00:00,6.684495682952788,8.51200008392334
36,2018-04-16T18:00:00,6.680849070370682,7.73799991607666
36,2018-04-16T19:00:00,6.537560070707281,7.668000221252441
36,2018-04-16T20:00:00,6.489340965964317,6.894000053405763
36,2018-04-16T21:00:00,6.359205818829226,6.823999881744385
36,2018-04-16T22:00:00,6.368188774732033,6.894000053405763
36,2018-04-16T23:00:00,6.107279822351661,6.190999984741211
36,2018-04-17T00:00:00,6.115285172179917,5.908999919891357
36,2018-04-17T01:00:00,6.214409085117456,6.261000156402588
36,2018-04-17T02:00:00,6.278452718590689,6.261000156402588
36,2018-04-17T03:00:00,6.317383313354599,5.908999919891357
36,2018-04-17T04:00:00,6.430421624622257,6.261000156402588
36,2018-04-17T05:00:00,6.365462163767482,5.76800012588501
36,2018-04-17T06:00:00,6.324767536863922,5.76800012588501
36,2018-04-17T07:00:00,6.401699541454956,6.683000087738037
36,2018-04-17T08:00:00,6.383623429818565,7.245999813079834
36,2018-04-17T09:00:00,6.391682209867801,8.159999847412111
36,2018-04-17T10:00:00,6.554406452413854,8.86400032043457
36,2018-04-17T11:00:00,6.710641427652053,7.879000186920166
36,2018-04-17T12:00:00,6.79152893829025,8.090000152587889
36,2018-04-17T13:00:00,6.9246319672315195,8.934000015258789
36,2018-04-17T14:00:00,7.181984470527695,9.56700038909912
36,2018-04-17T15:00:00,7.3722286162689254,10.270999908447266
36,2018-04-17T16:00:00,7.332738673879096,10.904000282287598
36,2018-04-17T17:00:00,7.2694313756387885,10.904000282287598
36,2018-04-17T18:00:00,7.059147557640033,10.621999740600586
36,2018-04-17T19:00:00,6.882821984464936,8.934000015258789
36,2018-04-17T20:00:00,6.702662792934291,8.090000152587889
36,2018-04-17T21:00:00,6.719497486780025,8.159999847412111
36,2018-04-17T22:00:00,6.52565431474725,7.948999881744385
36,2018-04-17T23:00:00,6.35640156707481,7.668000221252441
36,2018-04-18T00:00:00,6.568037837542203,7.456999778747559
36,2018-04-18T01:00:00,6.703873321378442,7.245999813079834
36,2018-04-18T02:00:00,6.699063766642748,7.386000156402588
36,2018-04-18T03:00:00,6.953105265932368,7.245999813079834
36,2018-04-18T04:00:00,6.905034763991514,7.245999813079834
36,2018-04-18T05:00:00,6.784606385284112,7.245999813079834
36,2018-04-18T06:00:00,6.920055334865426,6.964000225067139
36,2018-04-18T07:00:00,6.890421598552598,7.73799991607666
36,2018-04-18T08:00:00,6.797035590440336,9.145000457763672
36,2018-04-18T09:00:00,6.9183355496275265,8.722999572753906
36,2018-04-18T10:00:00,7.043203645759755,9.637999534606934
36,2018-04-18T11:00:00,7.117951690068097,9.21500015258789
36,2018-04-18T12:00:00,7.188849419076838,9.28600025177002
36,2018-04-18T13:00:00,7.359871207972146,9.98900032043457
36,2018-04-18T14:00:00,7.554186068674536,11.1850004196167
36,2018-04-18T15:00:00,7.6254169017172195,11.536999702453612
36,2018-04-18T16:00:00,7.4689615268174645,12.310999870300291
36,2018-04-18T17:00:00,7.52700427859652,12.661999702453612
36,2018-04-18T18:00:00,7.348898811184917,11.817999839782717
36,2018-04-18T19:00:00,7.1972705228121185,10.130000114440918
36,2018-04-18T20:00:00,7.172717666575915,9.98900032043457
36,2018-04-18T21:00:00,7.068994580397803,9.355999946594238
36,2018-04-18T22:00:00,6.917842989777837,9.003999710083008
37,2018-04-15T23:00:00,6.248049253156822,6.050000190734862
37,2018-04-16T00:00:00,6.4709083745723035,6.823999881744385
37,2018-04-16T01:00:00,6.734639110498351,6.4720001220703125
37,2018-04-16T02:00:00,6.583378154894811,6.61299991607666
37,2018-04-16T03:00:00,6.71381050763412,6.541999816894531
37,2018-04-16T04:00:00,6.533447613385977,6.401999950408936
37,2018-04-16T05:00:00,6.4121501587403955,5.908999919891357
37,2018-04-16T06:00:00,6.390873242928228,6.190999984741211
37,2018-04-16T07:00:00,6.498033395040526,6.330999851226808
37,2018-04-16T08:00:00,6.441408213811934,6.541999816894531
37,2018-04-16T09:00:00,6.577358906562168,6.683000087738037
37,2018-04-16T10:00:00,6.8406496780123085,6.964000225067139
37,2018-04-16T11:00:00,6.92043018125951,7.315999984741211
37,2018-04-16T12:00:00,7.184179283824022,6.964000225067139
37,2018-04-16T13:00:00,7.2009663913791915,7.245999813079834
37,2018-04-16T14:00:00,7.415427784781075,8.020000457763674
37,2018-04-16T15:00:00,7.545619701525959,8.652999877929688
37,2018-04-16T16:00:00,7.6021288389933535,9.003999710083008
37,2018-04-16T17:00:00,7.449159786012755,8.51200008392334
37,2018-04-16T18:00:00,7.151736286673559,7.73799991607666
37,2018-04-16T19:00:00,6.911860474722122,7.668000221252441
37,2018-04-16T20:00:00,6.613960277630092,6.894000053405763
37,2018-04-16T21:00:00,6.40724376172917,6.823999881744385
37,2018-04-16T22:00:00,6.326467285768951,6.894000053405763
37,2018-04-16T23:00:00,6.370295094224858,6.190999984741211
37,2018-04-17T00:00:00,6.302294285010053,5.908999919891357
37,2018-04-17T01:00:00,6.289946894879707,6.261000156402588
37,2018-04-17T02:00:00,6.152555255857331,6.261000156402588
37,2018-04-17T03:00:00,5.883034854579426,5.908999919891357
37,2018-04-17T04:00:00,5.940757025032582,6.261000156402588
37,2018-04-17T05:00:00,5.655866251902767,5.76800012588501
37,2018-04-17T06:00:00,5.609958839064529,5.76800012588501
37,2018-04-17T07:00:00,5.756284178004744,6.683000087738037
37,2018-04-17T08:00:00,5.777371583501862,7.245999813079834
37,2018-04-17T09:00:00,5.748429935520207,8.159999847412111
37,2018-04-17T10:00:00,5.904684947091274,8.86400032043457
37,2018-04-17T11:00:00,6.07109253549636,7.879000186920166
37,2018-04-17T12:00:00,6.244925254923707,8.090000152587889
37,2018-04-17T13:00:00,6.411033968030168,8.934000015258789
37,2018-04-17T14:00:00,6.665555504461434,9.56700038909912
37,2018-04-17T15:00:00,7.0167556863730525,10.270999908447266
37,2018-04-17T16:00:00,7.0566238145457785,10.904000282287598
37,2018-04-17T17:00:00,6.950073100891569,10.904000282287598
37,2018-04-17T18:00:00,6.899765208447041,10.621999740600586
37,2018-04-17T19:00:00,6.558507221874319,8.934000015258789
37,2018-04-17T20:00:00,6.425230544714854,8.090000152587889
37,2018-04-17T21:00:00,6.307866055241959,8.159999847412111
37,2018-04-17T22:00:00,6.095461725347931,7.948999881744385
37,2018-04-17T23:00:00,5.785734247932941,7.668000221252441
37,2018-04-18T00:00:00,5.790798431065509,7.456999778747559
37,2018-04-18T01:00:00,5.798028207842302,7.245999813079834
37,2018-04-18T02:00:00,5.828071854131736,7.386000156402588
37,2018-04-18T03:00:00,5.891849171347255,7.245999813079834
37,2018-04-18T04:00:00,5.902241349328495,7.245999813079834
37,2018-04-18T05:00:00,5.7278551262056485,7.245999813079834
37,2018-04-18T06:00:00,5.780265163906984,6.964000225067139
37,2018-04-18T07:00:00,5.783541104331018,7.73799991607666
37,2018-04-18T08:00:00,5.6861895720051585,9.145000457763672
37,2018-04-18T09:00:00,5.752565768563192,8.722999572753906
37,2018-04-18T10:00:00,5.937817528031301,9.637999534606934
37,2018-04-18T11:00:00,5.951123322750531,9.21500015258789
37,2018-04-18T12:00:00,6.048761207666976,9.28600025177002
37,2018-04-18T13:00:00,6.311273901524046,9.98900032043457
37,2018-04-18T14:00:00,6.596280718415059,11.1850004196167
37,2018-04-18T15:00:00,6.845793171629149,11.536999702453612
37,2018-04-18T16:00:00,6.834812426369888,12.310999870300291
37,2018-04-18T17:00:00,6.742915785667536,12.661999702453612
37,2018-04-18T18:00:00,6.449147247382475,11.817999839782717
37,2018-04-18T19:00:00,6.2253597758774095,10.130000114440918
37,2018-04-18T20:00:00,5.955296723917645,9.98900032043457
37,2018-04-18T21:00:00,5.919319818557463,9.355999946594238
37,2018-04-18T22:00:00,5.724093304709548,9.003999710083008
37,2018-04-18T23:00:00,5.664679733823391,8.934000015258789
37,2018-04-19T00:00:00,5.91088869665575,8.51200008392334
37,2018-04-19T01:00:00,6.046265014530416,8.442000389099121
37,2018-04-19T02:00:00,5.972778424345599,8.371000289916992
37,2018-04-19T03:00:00,6.128520839734106,8.230999946594237
37,2018-04-19T04:00:00,6.000123009628174,8.020000457763674
37,2018-04-19T05:00:00,5.906340449094554,8.020000457763674
37,2018-04-19T06:00:00,6.0509184528391735,7.526999950408935
37,2018-04-19T07:00:00,6.034359258570385,8.090000152587889
37,2018-04-19T08:00:00,5.927426184897264,9.074999809265137
37,2018-04-19T09:00:00,6.062940252560402,9.28600025177002
37,2018-04-19T10:00:00,6.274710098580254,9.918999671936035
37,2018-04-19T11:00:00,6.269296949316889,9.777999877929688
37,2018-04-19T12:00:00,6.4064297857063774,10.270999908447266
37,2018-04-19T13:00:00,6.659497853157459,11.043999671936035
37,2018-04-19T14:00:00,6.899319400040714,11.888999938964846
37,2018-04-19T15:00:00,6.945960643570265,12.592000007629396
37,2018-04-19T16:00:00,6.882121547661733,12.522000312805176
37,2018-04-19T17:00:00,7.042190976102683,12.170000076293944
37,2018-04-19T18:00:00,6.802437886690063,11.607000350952148
37,2018-04-19T19:00:00,6.544179574178781,10.41100025177002
37,2018-04-19T20:00:00,6.464489234429488,9.848999977111816
37,2018-04-19T21:00:00,6.3058098265813065,9.355999946594238
37,2018-04-19T22:00:00,6.199572180628172,8.934000015258789
38,2018-04-16T23:00:00,6.981738855296165,6.190999984741211
38,2018-04-17T00:00:00,7.241997461705505,5.908999919891357
38,2018-04-17T01:00:00,7.49320048050539,6.261000156402588
38,2018-04-17T02:00:00,7.310585168503923,6.261000156402588
38,2018-04-17T03:00:00,7.41965211162756,5.908999919891357
38,2018-04-17T04:00:00,7.198743193277968,6.261000156402588
38,2018-04-17T05:00:00,6.923039078768458,5.76800012588501
38,2018-04-17T06:00:00,6.8940673762875,5.76800012588501
38,2018-04-17T07:00:00,6.998282187468099,6.683000087738037
38,2018-04-17T08:00:00,6.941155263070586,7.245999813079834
38,2018-04-17T09:00:00,6.950886242067158,8.159999847412111
38,2018-04-17T10:00:00,7.087574939744723,8.86400032043457
38,2018-04-17T11:00:00,7.162763783376178,7.879000186920166
38,2018-04-17T12:00:00,7.1909281886119665,8.090000152587889
38,2018-04-17T13:00:00,7.288474240336095,8.934000015258789
38,2018-04-17T14:00:00,7.559282810848016,9.56700038909912
38,2018-04-17T15:00:00,7.751095634483425,10.270999908447266
38,2018-04-17T16:00:00,7.756826860531081,10.904000282287598
38,2018-04-17T17:00:00,7.722588941894465,10.904000282287598
38,2018-04-17T18:00:00,7.400860535938316,10.621999740600586
38,2018-04-17T19:00:00,7.104978164535607,8.934000015258789
38,2018-04-17T20:00:00,6.7852425388526925,8.090000152587889
38,2018-04-17T21:00:00,6.648815148349625,8.159999847412111
38,2018-04-17T22:00:00,6.530190874447609,7.948999881744385
38,2018-04-17T23:00:00,6.483724948830657,7.668000221252441
38,2018-04-18T00:00:00,6.4944685974843015,7.456999778747559
38,2018-04-18T01:00:00,6.442987744719751,7.245999813079834
38,2018-04-18T02:00:00,6.288865767751998,7.386000156402588
38,2018-04-18T03:00:00,6.046345159861891,7.245999813079834
38,2018-04-18T04:00:00,6.030618308254356,7.245999813079834
38,2018-04-18T05:00:00,5.715653834335805,7.245999813079834
38,2018-04-18T06:00:00,5.753998366363305,6.964000225067139
38,2018-04-18T07:00:00,5.839868245108189,7.73799991607666
38,2018-04-18T08:00:00,5.873459157162587,9.145000457763672
38,2018-04-18T09:00:00,5.8414010245726455,8.722999572753906
38,2018-04-18T10:00:00,6.061515168385114,9.637999534606934
38,2018-04-18T11:00:00,6.177756788370157,9.21500015258789
38,2018-04-18T12:00:00,6.2758530044009735,9.28600025177002
38,2018-04-18T13:00:00,6.523839356928226,9.98900032043457
38,2018-04-18T14:00:00,6.810530060627416,11.1850004196167
38,2018-04-18T15:00:00,7.182424435003604,11.536999702453612
38,2018-04-18T16:00:00,7.240120725193469,12.310999870300291
38,2018-04-18T17:00:00,7.075921307639959,12.661999702453612
38,2018-04-18T18:00:00,6.999575365785333,11.817999839782717
38,2018-04-18T19:00:00,6.679867290060114,10.130000114440918
38,2018-04-18T20:00:00,6.533169609267423,9.98900032043457
38,2018-04-18T21:00:00,6.340864225782324,9.355999946594238
38,2018-04-18T22:00:00,6.100512550925254,9.003999710083008
38,2018-04-18T23:00:00,5.85131650480105,8.934000015258789
38,2018-04-19T00:00:00,5.91687789048909,8.51200008392334
38,2018-04-19T01:00:00,6.021945915511015,8.442000389099121
38,2018-04-19T02:00:00,5.903006069366318,8.371000289916992
38,2018-04-19T03:00:00,5.962943924295869,8.230999946594237
38,2018-04-19T04:00:00,5.923548319639966,8.020000457763674
38,2018-04-19T05:00:00,5.763867929995552,8.020000457763674
38,2018-04-19T06:00:00,5.852259882140286,7.526999950408935
38,2018-04-19T07:00:00,5.80191692611324,8.090000152587889
38,2018-04-19T08:00:00,5.706903800802596,9.074999809265137
38,2018-04-19T09:00:00,5.759005779886076,9.28600025177002
38,2018-04-19T10:00:00,5.963230276886453,9.918999671936035
38,2018-04-19T11:00:00,5.899836154537045,9.777999877929688
38,2018-04-19T12:00:00,6.005756558553095,10.270999908447266
38,2018-04-19T13:00:00,6.300394172776334,11.043999671936035
38,2018-04-19T14:00:00,6.603963817223008,11.888999938964846
38,2018-04-19T15:00:00,6.810980878116961,12.592000007629396
38,2018-04-19T16:00:00,6.908058580560283,12.522000312805176
38,2018-04-19T17:00:00,6.909511214693266,12.170000076293944
38,2018-04-19T18:00:00,6.5882536625595325,11.607000350952148
38,2018-04-19T19:00:00,6.299444116659476,10.41100025177002
38,2018-04-19T20:00:00,6.020514152558103,9.848999977111816
38,2018-04-19T21:00:00,5.9453954360916885,9.355999946594238
38,2018-04-19T22:00:00,5.727603002350383,8.934000015258789
38,2018-04-19T23:00:00,5.624309027634544,8.51200008392334
38,2018-04-20T00:00:00,5.877179236298545,8.51200008392334
38,2018-04-20T01:00:00,6.027956815371628,8.652999877929688
38,2018-04-20T02:00:00,5.944530534389523,8.793000221252441
38,2018-04-20T03:00:00,6.0345679703711,8.371000289916992
38,2018-04-20T04:00:00,5.795107912326687,8.300999641418457
38,2018-04-20T05:00:00,5.6858481194991874,8.090000152587889
38,2018-04-20T06:00:00,5.819022945299903,8.371000289916992
38,2018-04-20T07:00:00,5.839865740566582,9.145000457763672
38,2018-04-20T08:00:00,5.7073521137505345,9.003999710083008
38,2018-04-20T09:00:00,5.884151880136857,8.86400032043457
38,2018-04-20T10:00:00,6.024276808901407,9.496999740600586
38,2018-04-20T11:00:00,5.932591384541377,9.98900032043457
38,2018-04-20T12:00:00,6.117309676646858,10.340999603271484
38,2018-04-20T13:00:00,6.408502711311087,11.748000144958494
38,2018-04-20T14:00:00,6.555604458149963,12.380999565124512
38,2018-04-20T15:00:00,6.7426102315912875,12.944000244140623
38,2018-04-20T16:00:00,6.815534969608578,13.435999870300291
38,2018-04-20T17:00:00,6.87685783604768,12.87399959564209
38,2018-04-20T18:00:00,6.603186574477142,12.239999771118164
38,2018-04-20T19:00:00,6.415597242841017,11.748000144958494
38,2018-04-20T20:00:00,6.2219611129145544,11.255999565124512
38,2018-04-20T21:00:00,6.017716579581311,11.888999938964846
38,2018-04-20T22:00:00,5.908341577839815,11.043999671936035
39,2018-04-17T23:00:00,7.8557679419311945,7.668000221252441
39,2018-04-18T00:00:00,7.991934025259766,7.456999778747559
39,2018-04-18T01:00:00,8.231454192302786,7.245999813079834
39,2018-04-18T02:00:00,8.005787479744077,7.386000156402588
39,2018-04-18T03:00:00,8.051138884345207,7.245999813079834
39,2018-04-18T04:00:00,7.886128830157714,7.245999813079834
39,2018-04-18T05:00:00,7.611950816335037,7.245999813079834
39,2018-04-18T06:00:00,7.672069833107612,6.964000225067139
39,2018-04-18T07:00:00,7.913656246977718,7.73799991607666
39,2018-04-18T08:00:00,7.993284808034,9.145000457763672
39,2018-04-18T09:00:00,8.187193098148596,8.722999572753906
39,2018-04-18T10:00:00,8.50516469169186,9.637999534606934
39,2018-04-18T11:00:00,8.430485939701354,9.21500015258789
39,2018-04-18T12:00:00,8.615320692991633,9.28600025177002
39,2018-04-18T13:00:00,8.830467913370667,9.98900032043457
39,2018-04-18T14:00:00,9.079041163481534,11.1850004196167
39,2018-04-18T15:00:00,9.318790078658138,11.536999702453612
39,2018-04-18T16:00:00,9.361726771209707,12.310999870300291
39,2018-04-18T17:00:00,9.242745767097908,12.661999702453612
39,2018-04-18T18:00:00,8.896821569054222,11.817999839782717
39,2018-04-18T19:00:00,8.492302200837347,10.130000114440918
39,2018-04-18T20:00:00,8.078409418680888,9.98900032043457
39,2018-04-18T21:00:00,7.767076279640632,9.355999946594238
39,2018-04-18T22:00:00,7.566446634695785,9.003999710083008
39,2018-04-18T23:00:00,7.4704542336161825,8.934000015258789
39,2018-04-19T00:00:00,7.389522476076232,8.51200008392334
39,2018-04-19T01:00:00,7.464783116567135,8.442000389099121
39,2018-04-19T02:00:00,7.194768485745138,8.371000289916992
39,2018-04-19T03:00:00,6.937577942806318,8.230999946594237
39,2018-04-19T04:00:00,6.901669494916771,8.020000457763674
39,2018-04-19T05:00:00,6.566988434608202,8.020000457763674
39,2018-04-19T06:00:00,6.604977321727285,7.526999950408935
39,2018-04-19T07:00:00,6.906995820071039,8.090000152587889
39,2018-04-19T08:00:00,6.994213977048547,9.074999809265137
39,2018-04-19T09:00:00,7.039319936572035,9.28600025177002
39,2018-04-19T10:00:00,7.332611777104262,9.918999671936035
39,2018-04-19T11:00:00,7.3000702679838625,9.777999877929688
39,2018-04-19T12:00:00,7.462477268592828,10.270999908447266
39,2018-04-19T13:00:00,7.785416202993126,11.043999671936035
39,2018-04-19T14:00:00,8.068489513762309,11.888999938964846
39,2018-04-19T15:00:00,8.441333109408154,12.592000007629396
39,2018-04-19T16:00:00,8.60013715994372,12.522000312805176
39,2018-04-19T17:00:00,8.388440530023562,12.170000076293944
39,2018-04-19T18:00:00,8.251218615437526,11.607000350952148
39,2018-04-19T19:00:00,7.810315520818518,10.41100025177002
39,2018-04-19T20:00:00,7.495610684380056,9.848999977111816
39,2018-04-19T21:00:00,7.163085199549281,9.355999946594238
39,2018-04-19T22:00:00,6.8904933954120455,8.934000015258789
39,2018-04-19T23:00:00,6.500843490725364,8.51200008392334
39,2018-04-20T00:00:00,6.450023002098279,8.51200008392334
39,2018-04-20T01:00:00,6.442600375617623,8.652999877929688
39,2018-04-20T02:00:00,6.347037086000293,8.793000221252441
39,2018-04-20T03:00:00,6.304502455861623,8.371000289916992
39,2018-04-20T04:00:00,6.2377714492423735,8.300999641418457
39,2018-04-20T05:00:00,6.039373350870779,8.090000152587889
39,2018-04-20T06:00:00,6.073433447053189,8.371000289916992
39,2018-04-20T07:00:00,6.288560213675751,9.145000457763672
39,2018-04-20T08:00:00,6.2605085128123505,9.003999710083008
39,2018-04-20T09:00:00,6.418000767938061,8.86400032043457
39,2018-04-20T10:00:00,6.613080348678274,9.496999740600586
39,2018-04-20T11:00:00,6.461370245279593,9.98900032043457
39,2018-04-20T12:00:00,6.6093836452639945,10.340999603271484
39,2018-04-20T13:00:00,6.96474637532909,11.748000144958494
39,2018-04-20T14:00:00,7.199763376559865,12.380999565124512
39,2018-04-20T15:00:00,7.53330320074212,12.944000244140623
39,2018-04-20T16:00:00,7.771873311668282,13.435999870300291
39,2018-04-20T17:00:00,7.654841091382126,12.87399959564209
39,2018-04-20T18:00:00,7.284637282591737,12.239999771118164
39,2018-04-20T19:00:00,6.961742595093188,11.748000144958494
39,2018-04-20T20:00:00,6.495455386878085,11.255999565124512
39,2018-04-20T21:00:00,6.209259747570195,11.888999938964846
39,2018-04-20T22:00:00,5.959871686589334,11.043999671936035
39,2018-04-20T23:00:00,5.818132163334447,10.904000282287598
39,2018-04-21T00:00:00,6.000875206957954,10.973999977111816
39,2018-04-21T01:00:00,6.0869963747109015,10.904000282287598
39,2018-04-21T02:00:00,5.982273141583759,11.326000213623049
39,2018-04-21T03:00:00,6.008369630298056,10.340999603271484
39,2018-04-21T04:00:00,5.9003170265258955,9.56700038909912
39,2018-04-21T05:00:00,5.7777890071032925,10.270999908447266
39,2018-04-21T06:00:00,6.02189498983164,10.340999603271484
39,2018-04-21T07:00:00,6.143273424655899,10.340999603271484
39,2018-04-21T08:00:00,6.2100645402737555,10.0600004196167
39,2018-04-21T09:00:00,6.528491960389783,10.621999740600586
39,2018-04-21T10:00:00,6.686960986742843,10.762999534606934
39,2018-04-21T11:00:00,6.665508753018074,10.482000350952148
39,2018-04-21T12:00:00,6.811850788902344,11.255999565124512
39,2018-04-21T13:00:00,7.1675148988076725,11.255999565124512
39,2018-04-21T14:00:00,7.470298117189248,9.777999877929688
39,2018-04-21T15:00:00,7.717237571324111,10.270999908447266
39,2018-04-21T16:00:00,7.823844219740913,9.848999977111816
39,2018-04-21T17:00:00,7.884464144835205,9.56700038909912
39,2018-04-21T18:00:00,7.659033694034905,9.425999641418455
39,2018-04-21T19:00:00,7.373881613730594,9.355999946594238
39,2018-04-21T20:00:00,7.036222653449414,9.496999740600586
39,2018-04-21T21:00:00,6.7569245217315785,9.003999710083008
39,2018-04-21T22:00:00,6.65124622340436,9.21500015258789
40,2018-04-18T23:00:00,8.8483931681175,8.934000015258789
40,2018-04-19T00:00:00,8.92602644435894,8.51200008392334
40,2018-04-19T01:00:00,9.077015573713226,8.442000389099121
40,2018-04-19T02:00:00,8.829822993906456,8.371000289916992
40,2018-04-19T03:00:00,8.818884074492061,8.230999946594237
40,2018-04-19T04:00:00,8.469999842205905,8.020000457763674
40,2018-04-19T05:00:00,8.314026424596364,8.020000457763674
40,2018-04-19T06:00:00,8.364041285672684,7.526999950408935
40,2018-04-19T07:00:00,8.73850899306698,8.090000152587889
40,2018-04-19T08:00:00,8.93448570061139,9.074999809265137
40,2018-04-19T09:00:00,9.20245078155036,9.28600025177002
40,2018-04-19T10:00:00,9.571036656461601,9.918999671936035
40,2018-04-19T11:00:00,9.553936230751196,9.777999877929688
40,2018-04-19T12:00:00,9.805431112133203,10.270999908447266
40,2018-04-19T13:00:00,10.080471272662276,11.043999671936035
40,2018-04-19T14:00:00,10.52285680545941,11.888999938964846
40,2018-04-19T15:00:00,10.81834262444076,12.592000007629396
40,2018-04-19T16:00:00,10.891378814559634,12.522000312805176
40,2018-04-19T17:00:00,10.771406095455553,12.170000076293944
40,2018-04-19T18:00:00,10.291678431667398,11.607000350952148
40,2018-04-19T19:00:00,9.740030601501156,10.41100025177002
40,2018-04-19T20:00:00,9.24968343083842,9.848999977111816
40,2018-04-19T21:00:00,8.907726927611062,9.355999946594238
40,2018-04-19T22:00:00,8.552968877375001,8.934000015258789
40,2018-04-19T23:00:00,8.341555845049653,8.51200008392334
40,2018-04-20T00:00:00,8.205860281604613,8.51200008392334
40,2018-04-20T01:00:00,7.999931026615991,8.652999877929688
40,2018-04-20T02:00:00,7.769228515729612,8.793000221252441
40,2018-04-20T03:00:00,7.473245962662558,8.371000289916992
40,2018-04-20T04:00:00,7.319244203692019,8.300999641418457
40,2018-04-20T05:00:00,7.048666051008087,8.090000152587889
40,2018-04-20T06:00:00,7.075098983145137,8.371000289916992
40,2018-04-20T07:00:00,7.522726521529048,9.145000457763672
40,2018-04-20T08:00:00,7.778360074434529,9.003999710083008
40,2018-04-20T09:00:00,7.973522722471426,8.86400032043457
40,2018-04-20T10:00:00,8.29376009132326,9.496999740600586
40,2018-04-20T11:00:00,8.333490636676954,9.98900032043457
40,2018-04-20T12:00:00,8.611528900480948,10.340999603271484
40,2018-04-20T13:00:00,8.95646305322676,11.748000144958494
40,2018-04-20T14:00:00,9.249863089956477,12.380999565124512
40,2018-04-20T15:00:00,9.670596860547358,12.944000244140623
40,2018-04-20T16:00:00,9.899495934506113,13.435999870300291
40,2018-04-20T17:00:00,9.703186707320803,12.87399959564209
40,2018-04-20T18:00:00,9.36308924184478,12.239999771118164
40,2018-04-20T19:00:00,8.804746271050455,11.748000144958494
40,2018-04-20T20:00:00,8.413236326795797,11.255999565124512
40,2018-04-20T21:00:00,7.979105345716972,11.888999938964846
40,2018-04-20T22:00:00,7.634247080581902,11.043999671936035
40,2018-04-20T23:00:00,7.163842405962278,10.904000282287598
40,2018-04-21T00:00:00,7.052075566984579,10.973999977111816
40,2018-04-21T01:00:00,7.0075122581429525,10.904000282287598
40,2018-04-21T02:00:00,6.886280756426396,11.326000213623049
40,2018-04-21T03:00:00,6.72613285234838,10.340999603271484
40,2018-04-21T04:00:00,6.671803500927661,9.56700038909912
40,2018-04-21T05:00:00,6.51733756691233,10.270999908447266
40,2018-04-21T06:00:00,6.654813525502194,10.340999603271484
40,2018-04-21T07:00:00,6.928724388219955,10.340999603271484
40,2018-04-21T08:00:00,7.117232051779229,10.0600004196167
40,2018-04-21T09:00:00,7.453268069098044,10.621999740600586
40,2018-04-21T10:00:00,7.734588200741216,10.762999534606934
40,2018-04-21T11:00:00,7.706528151405786,10.482000350952148
40,2018-04-21T12:00:00,7.870483793576062,11.255999565124512
40,2018-04-21T13:00:00,8.326721695556142,11.255999565124512
40,2018-04-21T14:00:00,8.73889101914701,9.777999877929688
40,2018-04-21T15:00:00,9.086669162374093,10.270999908447266
40,2018-04-21T16:00:00,9.319929227666444,9.848999977111816
40,2018-04-21T17:00:00,9.249162402699113,9.56700038909912
40,2018-04-21T18:00:00,8.736637766546481,9.425999641418455
40,2018-04-21T19:00:00,8.351890919482216,9.355999946594238
40,2018-04-21T20:00:00,7.739434488753835,9.496999740600586
40,2018-04-21T21:00:00,7.408951040181263,9.003999710083008
40,2018-04-21T22:00:00,7.1039037161855205,9.21500015258789
40,2018-04-21T23:00:00,6.867489180737152,9.145000457763672
40,2018-04-22T00:00:00,6.909951179169173,9.56700038909912
40,2018-04-22T01:00:00,6.936473439956929,9.708000183105469
40,2018-04-22T02:00:00,6.794434206556215,9.637999534606934
40,2018-04-22T03:00:00,6.822674582887464,9.708000183105469
40,2018-04-22T04:00:00,6.650859689149435,7.0349998474121085
40,2018-04-22T05:00:00,6.567037690593173,8.652999877929688
40,2018-04-22T06:00:00,6.777123649804848,9.355999946594238
40,2018-04-22T07:00:00,7.0777997138463995,8.51200008392334
40,2018-04-22T08:00:00,7.305911693862296,9.98900032043457
40,2018-04-22T09:00:00,7.627519881821232,10.340999603271484
40,2018-04-22T10:00:00,7.908476020083953,9.918999671936035
40,2018-04-22T11:00:00,7.983256873887369,9.425999641418455
40,2018-04-22T12:00:00,8.153785852478828,9.637999534606934
40,2018-04-22T13:00:00,8.534383508944863,9.496999740600586
40,2018-04-22T14:00:00,8.91036779976788,9.355999946594238
40,2018-04-22T15:00:00,9.26838033485486,9.918999671936035
40,2018-04-22T16:00:00,9.438734245987877,10.0600004196167
40,2018-04-22T17:00:00,9.46517051751374,10.270999908447266
40,2018-04-22T18:00:00,9.049330621226044,10.0600004196167
40,2018-04-22T19:00:00,8.659852695063153,9.98900032043457
40,2018-04-22T20:00:00,8.23776530321755,8.371000289916992
40,2018-04-22T21:00:00,7.858060432350255,8.442000389099121
40,2018-04-22T22:00:00,7.6422432470909225,7.73799991607666
41,2018-04-19T23:00:00,8.716687840363265,8.51200008392334
41,2018-04-20T00:00:00,8.77700763788813,8.51200008392334
41,2018-04-20T01:00:00,8.823507291332074,8.652999877929688
41,2018-04-20T02:00:00,8.567492129770168,8.793000221252441
41,2018-04-20T03:00:00,8.53606238666982,8.371000289916992
41,2018-04-20T04:00:00,8.212462002830694,8.300999641418457
41,2018-04-20T05:00:00,8.066927097222152,8.090000152587889
41,2018-04-20T06:00:00,8.171654922008909,8.371000289916992
41,2018-04-20T07:00:00,8.597536694391524,9.145000457763672
41,2018-04-20T08:00:00,8.919911772991009,9.003999710083008
41,2018-04-20T09:00:00,9.244124684222879,8.86400032043457
41,2018-04-20T10:00:00,9.602554976850172,9.496999740600586
41,2018-04-20T11:00:00,9.661995179362098,9.98900032043457
41,2018-04-20T12:00:00,10.032032603104959,10.340999603271484
41,2018-04-20T13:00:00,10.317423199255128,11.748000144958494
41,2018-04-20T14:00:00,10.647526207957355,12.380999565124512
41,2018-04-20T15:00:00,10.938107299621887,12.944000244140623
41,2018-04-20T16:00:00,11.0428168412549,13.435999870300291
41,2018-04-20T17:00:00,10.851095349903485,12.87399959564209
41,2018-04-20T18:00:00,10.359781927088154,12.239999771118164
41,2018-04-20T19:00:00,9.856162021655422,11.748000144958494
41,2018-04-20T20:00:00,9.392079394448919,11.255999565124512
41,2018-04-20T21:00:00,9.017731654597675,11.888999938964846
41,2018-04-20T22:00:00,8.713557914715011,11.043999671936035
41,2018-04-20T23:00:00,8.470622304280358,10.904000282287598
41,2018-04-21T00:00:00,8.2811397896423,10.973999977111816
41,2018-04-21T01:00:00,8.12863992078971,10.904000282287598
41,2018-04-21T02:00:00,7.9432482409304015,11.326000213623049
41,2018-04-21T03:00:00,7.627301151854082,10.340999603271484
41,2018-04-21T04:00:00,7.516648833892205,9.56700038909912
41,2018-04-21T05:00:00,7.259713754197463,10.270999908447266
41,2018-04-21T06:00:00,7.314714322769282,10.340999603271484
41,2018-04-21T07:00:00,7.758962399676005,10.340999603271484
41,2018-04-21T08:00:00,8.127766169707195,10.0600004196167
41,2018-04-21T09:00:00,8.406709073940211,10.621999740600586
41,2018-04-21T10:00:00,8.744191464037987,10.762999534606934
41,2018-04-21T11:00:00,8.919237216451094,10.482000350952148
41,2018-04-21T12:00:00,9.20321182826049,11.255999565124512
41,2018-04-21T13:00:00,9.62737164480248,11.255999565124512
41,2018-04-21T14:00:00,9.987500183609837,9.777999877929688
41,2018-04-21T15:00:00,10.37917375791626,10.270999908447266
41,2018-04-21T16:00:00,10.529872026505068,9.848999977111816
41,2018-04-21T17:00:00,10.309857229509742,9.56700038909912
41,2018-04-21T18:00:00,10.012396662954739,9.425999641418455
41,2018-04-21T19:00:00,9.509722138494528,9.355999946594238
41,2018-04-21T20:00:00,9.082029916467782,9.496999740600586
41,2018-04-21T21:00:00,8.67299986881384,9.003999710083008
41,2018-04-21T22:00:00,8.325560256127517,9.21500015258789
41,2018-04-21T23:00:00,7.886394311568225,9.145000457763672
41,2018-04-22T00:00:00,7.680386580942534,9.56700038909912
41,2018-04-22T01:00:00,7.603956319520421,9.708000183105469
41,2018-04-22T02:00:00,7.497932394451219,9.637999534606934
41,2018-04-22T03:00:00,7.390980119292433,9.708000183105469
41,2018-04-22T04:00:00,7.299889106140842,7.0349998474121085
41,2018-04-22T05:00:00,7.150922310650769,8.652999877929688
41,2018-04-22T06:00:00,7.234327720452804,9.355999946594238
41,2018-04-22T07:00:00,7.560210326090397,8.51200008392334
41,2018-04-22T08:00:00,7.920510342513223,9.98900032043457
41,2018-04-22T09:00:00,8.151047219714556,10.340999603271484
41,2018-04-22T10:00:00,8.509131885599865,9.918999671936035
41,2018-04-22T11:00:00,8.599752879776243,9.425999641418455
41,2018-04-22T12:00:00,8.76061791760152,9.637999534606934
41,2018-04-22T13:00:00,9.173252418053824,9.496999740600586
41,2018-04-22T14:00:00,9.59448876666083,9.355999946594238
41,2018-04-22T15:00:00,9.943098250732525,9.918999671936035
41,2018-04-22T16:00:00,10.161648057856267,10.0600004196167
41,2018-04-22T17:00:00,10.005831174097263,10.270999908447266
41,2018-04-22T18:00:00,9.486098467195113,10.0600004196167
41,2018-04-22T19:00:00,9.02020564079864,9.98900032043457
41,2018-04-22T20:00:00,8.452791053328568,8.371000289916992
41,2018-04-22T21:00:00,8.101245578613844,8.442000389099121
41,2018-04-22T22:00:00,7.809428078241874,7.73799991607666
41,2018-04-22T23:00:00,7.551452778932363,7.105000019073486
41,2018-04-23T00:00:00,7.536528215486781,6.752999782562256
41,2018-04-23T01:00:00,7.507529797895334,6.401999950408936
41,2018-04-23T02:00:00,7.348013873149881,5.839000225067139
41,2018-04-23T03:00:00,7.3158405316459465,5.908999919891357
41,2018-04-23T04:00:00,7.07033784954721,5.416999816894531
41,2018-04-23T05:00:00,6.978873659695939,4.994999885559082
41,2018-04-23T06:00:00,7.245183238631633,5.135000228881836
41,2018-04-23T07:00:00,7.529305952334813,4.64300012588501
41,2018-04-23T08:00:00,7.868834970350406,4.361999988555908
41,2018-04-23T09:00:00,8.220470441593598,4.290999889373778
41,2018-04-23T10:00:00,8.548149304472872,3.6579999923706055
41,2018-04-23T11:00:00,8.67605874896513,3.16599988937378
41,2018-04-23T12:00:00,8.83527997264797,3.5169999599456787
41,2018-04-23T13:00:00,9.226208278856394,3.236000061035156
41,2018-04-23T14:00:00,9.649089025998878,3.236000061035156
41,2018-04-23T15:00:00,9.960602659004394,3.7279999256134033
41,2018-04-23T16:00:00,10.019012827037429,5.205999851226807
41,2018-04-23T17:00:00,10.058091941118729,5.697999954223633
41,2018-04-23T18:00:00,9.667677733817825,5.205999851226807
41,2018-04-23T19:00:00,9.194564397448513,5.557000160217285
41,2018-04-23T20:00:00,8.805659092982067,4.64300012588501
41,2018-04-23T21:00:00,8.492744669854865,5.486999988555908
41,2018-04-23T22:00:00,8.234217870483144,6.050000190734862
42,2018-04-20T23:00:00,10.724910699732341,10.904000282287598
42,2018-04-21T00:00:00,10.643199194904916,10.973999977111816
42,2018-04-21T01:00:00,10.604795388726012,10.904000282287598
42,2018-04-21T02:00:00,10.320557132169956,11.326000213623049
42,2018-04-21T03:00:00,10.19299197866416,10.340999603271484
42,2018-04-21T04:00:00,9.836590698678702,9.56700038909912
42,2018-04-21T05:00:00,9.704365094147644,10.270999908447266
42,2018-04-21T06:00:00,9.740494359122346,10.340999603271484
42,2018-04-21T07:00:00,10.145895743409046,10.340999603271484
42,2018-04-21T08:00:00,10.468964079125788,10.0600004196167
42,2018-04-21T09:00:00,10.690829982824024,10.621999740600586
42,2018-04-21T10:00:00,11.06847394988633,10.762999534606934
42,2018-04-21T11:00:00,11.24075026367338,10.482000350952148
42,2018-04-21T12:00:00,11.586459655531769,11.255999565124512
42,2018-04-21T13:00:00,12.057039648063995,11.255999565124512
42,2018-04-21T14:00:00,12.46512840549671,9.777999877929688
42,2018-04-21T15:00:00,12.667069595397255,10.270999908447266
42,2018-04-21T16:00:00,12.793892486254986,9.848999977111816
42,2018-04-21T17:00:00,12.552584076503434,9.56700038909912
42,2018-04-21T18:00:00,12.131719234901706,9.425999641418455
42,2018-04-21T19:00:00,11.673746520434076,9.355999946594238
42,2018-04-21T20:00:00,11.153915718985587,9.496999740600586
42,2018-04-21T21:00:00,10.837558636447941,9.003999710083008
42,2018-04-21T22:00:00,10.460947041436693,9.21500015258789
42,2018-04-21T23:00:00,10.15945666743347,9.145000457763672
42,2018-04-22T00:00:00,9.88745543420754,9.56700038909912
42,2018-04-22T01:00:00,9.6733563644917,9.708000183105469
42,2018-04-22T02:00:00,9.371704781493605,9.637999534606934
42,2018-04-22T03:00:00,9.038643742182193,9.708000183105469
42,2018-04-22T04:00:00,8.919812426173868,7.0349998474121085
42,2018-04-22T05:00:00,8.669507702964264,8.652999877929688
42,2018-04-22T06:00:00,8.736201976306589,9.355999946594238
42,2018-04-22T07:00:00,9.134246269618057,8.51200008392334
42,2018-04-22T08:00:00,9.511522653456943,9.98900032043457
42,2018-04-22T09:00:00,9.65742914955548,10.340999603271484
42,2018-04-22T10:00:00,10.059299130174068,9.918999671936035
42,2018-04-22T11:00:00,10.343903968136903,9.425999641418455
42,2018-04-22T12:00:00,10.622224493780184,9.637999534606934
42,2018-04-22T13:00:00,11.110737839077112,9.496999740600586
42,2018-04-22T14:00:00,11.43412258188374,9.355999946594238
42,2018-04-22T15:00:00,11.773052179607678,9.918999671936035
42,2018-04-22T16:00:00,11.953402050239458,10.0600004196167
42,2018-04-22T17:00:00,11.677111872993535,10.270999908447266
42,2018-04-22T18:00:00,11.316076022246106,10.0600004196167
42,2018-04-22T19:00:00,10.72617883263349,9.98900032043457
42,2018-04-22T20:00:00,10.328898007089041,8.371000289916992
42,2018-04-22T21:00:00,9.901193679777855,8.442000389099121
42,2018-04-22T22:00:00,9.486741800449638,7.73799991607666
42,2018-04-22T23:00:00,9.024643354590179,7.105000019073486
42,2018-04-23T00:00:00,8.777759000370704,6.752999782562256
42,2018-04-23T01:00:00,8.683030140532638,6.401999950408936
42,2018-04-23T02:00:00,8.487241941486634,5.839000225067139
42,2018-04-23T03:00:00,8.323513628209698,5.908999919891357
42,2018-04-23T04:00:00,8.15884001744496,5.416999816894531
42,2018-04-23T05:00:00,8.020754119488684,4.994999885559082
42,2018-04-23T06:00:00,8.162442967518357,5.135000228881836
42,2018-04-23T07:00:00,8.40758891940731,4.64300012588501
42,2018-04-23T08:00:00,8.736309671595757,4.361999988555908
42,2018-04-23T09:00:00,8.996290607825426,4.290999889373778
42,2018-04-23T10:00:00,9.370499679556273,3.6579999923706055
42,2018-04-23T11:00:00,9.486512885346613,3.16599988937378
42,2018-04-23T12:00:00,9.673098814129617,3.5169999599456787
42,2018-04-23T13:00:00,10.160430934119212,3.236000061035156
42,2018-04-23T14:00:00,10.644103668364497,3.236000061035156
42,2018-04-23T15:00:00,10.98602285392189,3.7279999256134033
42,2018-04-23T16:00:00,11.14839111762064,5.205999851226807
42,2018-04-23T17:00:00,10.997662794532527,5.697999954223633
42,2018-04-23T18:00:00,10.509366926931946,5.205999851226807
42,2018-04-23T19:00:00,9.960436440926305,5.557000160217285
42,2018-04-23T20:00:00,9.401324408888703,4.64300012588501
42,2018-04-23T21:00:00,9.118306031065469,5.486999988555908
42,2018-04-23T22:00:00,8.761745211779546,6.050000190734862
42,2018-04-23T23:00:00,8.458841524946596,5.135000228881836
42,2018-04-24T00:00:00,8.382293967492481,6.261000156402588
42,2018-04-24T01:00:00,8.306287891934144,6.401999950408936
42,2018-04-24T02:00:00,8.116927348472425,6.61299991607666
42,2018-04-24T03:00:00,8.046492959661274,6.261000156402588
42,2018-04-24T04:00:00,7.819438731051404,6.683000087738037
42,2018-04-24T05:00:00,7.804480773717708,6.330999851226808
42,2018-04-24T06:00:00,8.040224092014975,6.752999782562256
42,2018-04-24T07:00:00,8.353097273690354,6.541999816894531
42,2018-04-24T08:00:00,8.704441049320867,6.261000156402588
42,2018-04-24T09:00:00,9.021926427853181,6.964000225067139
42,2018-04-24T10:00:00,9.362661299168591,6.4720001220703125
42,2018-04-24T11:00:00,9.626493051606186,7.105000019073486
42,2018-04-24T12:00:00,9.867027975424286,7.175000190734862
42,2018-04-24T13:00:00,10.341877793975554,8.020000457763674
42,2018-04-24T14:00:00,10.795648138078132,8.159999847412111
42,2018-04-24T15:00:00,11.048450724118702,8.652999877929688
42,2018-04-24T16:00:00,11.18558356050819,8.230999946594237
42,2018-04-24T17:00:00,11.203949614578136,7.668000221252441
42,2018-04-24T18:00:00,10.798299362340263,8.442000389099121
42,2018-04-24T19:00:00,10.364406145744812,7.948999881744385
42,2018-04-24T20:00:00,10.014339686334683,7.809000015258789
42,2018-04-24T21:00:00,9.672587470217863,7.73799991607666
42,2018-04-24T22:00:00,9.381198246460961,7.386000156402588
43,2018-04-21T23:00:00,9.047362051521691,9.145000457763672
43,2018-04-22T00:00:00,9.028694033218471,9.56700038909912
43,2018-04-22T01:00:00,9.156259520663149,9.708000183105469
43,2018-04-22T02:00:00,8.900176819962528,9.637999534606934
43,2018-04-22T03:00:00,8.73145002602789,9.708000183105469
43,2018-04-22T04:00:00,8.51001431909329,7.0349998474121085
43,2018-04-22T05:00:00,8.471114947614769,8.652999877929688
43,2018-04-22T06:00:00,8.57401871474799,9.355999946594238
43,2018-04-22T07:00:00,8.86364056697643,8.51200008392334
43,2018-04-22T08:00:00,9.062634161857826,9.98900032043457
43,2018-04-22T09:00:00,9.252802419988317,10.340999603271484
43,2018-04-22T10:00:00,9.567272330423892,9.918999671936035
43,2018-04-22T11:00:00,9.720467626996466,9.425999641418455
43,2018-04-22T12:00:00,10.093584217677646,9.637999534606934
43,2018-04-22T13:00:00,10.400712231357083,9.496999740600586
43,2018-04-22T14:00:00,10.520269947916619,9.355999946594238
43,2018-04-22T15:00:00,10.63174008219842,9.918999671936035
43,2018-04-22T16:00:00,10.65884673602818,10.0600004196167
43,2018-04-22T17:00:00,10.479084096918895,10.270999908447266
43,2018-04-22T18:00:00,10.152797174780954,10.0600004196167
43,2018-04-22T19:00:00,9.913025969184034,9.98900032043457
43,2018-04-22T20:00:00,9.62970445834144,8.371000289916992
43,2018-04-22T21:00:00,9.332590937768668,8.442000389099121
43,2018-04-22T22:00:00,9.115476650410248,7.73799991607666
43,2018-04-22T23:00:00,8.977816441042709,7.105000019073486
43,2018-04-23T00:00:00,8.775592571879276,6.752999782562256
43,2018-04-23T01:00:00,8.6612076520734,6.401999950408936
43,2018-04-23T02:00:00,8.467801105127723,5.839000225067139
43,2018-04-23T03:00:00,8.141773820469872,5.908999919891357
43,2018-04-23T04:00:00,7.980438179276343,5.416999816894531
43,2018-04-23T05:00:00,7.921613175668206,4.994999885559082
43,2018-04-23T06:00:00,7.965200548129687,5.135000228881836
43,2018-04-23T07:00:00,8.233013686877735,4.64300012588501
43,2018-04-23T08:00:00,8.56245691583554,4.361999988555908
43,2018-04-23T09:00:00,8.721629718380612,4.290999889373778
43,2018-04-23T10:00:00,9.084845438659439,3.6579999923706055
43,2018-04-23T11:00:00,9.40508188917935,3.16599988937378
43,2018-04-23T12:00:00,9.744322550971075,3.5169999599456787
43,2018-04-23T13:00:00,10.048460225454576,3.236000061035156
43,2018-04-23T14:00:00,10.317940721036184,3.236000061035156
43,2018-04-23T15:00:00,10.674693805632925,3.7279999256134033
43,2018-04-23T16:00:00,10.740216788349633,5.205999851226807
43,2018-04-23T17:00:00,10.564789510764815,5.697999954223633
43,2018-04-23T18:00:00,10.317430629395233,5.205999851226807
43,2018-04-23T19:00:00,9.868380511377644,5.557000160217285
43,2018-04-23T20:00:00,9.587293636042954,4.64300012588501
43,2018-04-23T21:00:00,9.284166126674917,5.486999988555908
43,2018-04-23T22:00:00,9.015677930478633,6.050000190734862
43,2018-04-23T23:00:00,8.641711465344939,5.135000228881836
43,2018-04-24T00:00:00,8.50110900398035,6.261000156402588
43,2018-04-24T01:00:00,8.430395275295123,6.401999950408936
43,2018-04-24T02:00:00,8.316614450925238,6.61299991607666
43,2018-04-24T03:00:00,8.151892168568573,6.261000156402588
43,2018-04-24T04:00:00,8.074827673726446,6.683000087738037
43,2018-04-24T05:00:00,8.025414236575065,6.330999851226808
43,2018-04-24T06:00:00,8.125215377563567,6.752999782562256
43,2018-04-24T07:00:00,8.371208448909265,6.541999816894531
43,2018-04-24T08:00:00,8.669079426349196,6.261000156402588
43,2018-04-24T09:00:00,8.886141702726878,6.964000225067139
43,2018-04-24T10:00:00,9.210599307673904,6.4720001220703125
43,2018-04-24T11:00:00,9.39513218021563,7.105000019073486
43,2018-04-24T12:00:00,9.596896048570285,7.175000190734862
43,2018-04-24T13:00:00,9.997516179441465,8.020000457763674
43,2018-04-24T14:00:00,10.28334548779674,8.159999847412111
43,2018-04-24T15:00:00,10.506745506714957,8.652999877929688
43,2018-04-24T16:00:00,10.628640294534188,8.230999946594237
43,2018-04-24T17:00:00,10.51712724910616,7.668000221252441
43,2018-04-24T18:00:00,10.079444828026356,8.442000389099121
43,2018-04-24T19:00:00,9.76852310168767,7.948999881744385
43,2018-04-24T20:00:00,9.471863821477974,7.809000015258789
43,2018-04-24T21:00:00,9.220922193337305,7.73799991607666
43,2018-04-24T22:00:00,8.929998396896,7.386000156402588
43,2018-04-24T23:00:00,8.692979432072757,7.668000221252441
43,2018-04-25T00:00:00,8.65723069045312,7.456999778747559
43,2018-04-25T01:00:00,8.539539525269745,7.315999984741211
43,2018-04-25T02:00:00,8.410654979244544,7.809000015258789
43,2018-04-25T03:00:00,8.380378410585513,7.526999950408935
43,2018-04-25T04:00:00,8.156066070644007,6.541999816894531
43,2018-04-25T05:00:00,8.16614710107274,7.0349998474121085
43,2018-04-25T06:00:00,8.43979507040632,7.879000186920166
43,2018-04-25T07:00:00,8.599371855512857,9.074999809265137
43,2018-04-25T08:00:00,8.820816244858367,8.020000457763674
43,2018-04-25T09:00:00,9.160825633954488,8.51200008392334
43,2018-04-25T10:00:00,9.405267726166707,9.496999740600586
43,2018-04-25T11:00:00,9.554573469621143,9.145000457763672
43,2018-04-25T12:00:00,9.805506832774503,9.56700038909912
43,2018-04-25T13:00:00,10.190314623684577,8.86400032043457
43,2018-04-25T14:00:00,10.412310012183976,9.848999977111816
43,2018-04-25T15:00:00,10.60713880482445,10.199999809265137
43,2018-04-25T16:00:00,10.662825116888703,9.98900032043457
43,2018-04-25T17:00:00,10.539967332820968,10.552000045776367
43,2018-04-25T18:00:00,10.25706683542278,10.270999908447266
43,2018-04-25T19:00:00,9.99181609319448,9.425999641418455
43,2018-04-25T20:00:00,9.761140046964428,8.51200008392334
43,2018-04-25T21:00:00,9.460913965565222,9.074999809265137
43,2018-04-25T22:00:00,9.232458529410069,8.934000015258789
44,2018-04-22T23:00:00,7.711672479869826,7.105000019073486
44,2018-04-23T00:00:00,7.970424604501602,6.752999782562256
44,2018-04-23T01:00:00,8.135008469192032,6.401999950408936
44,2018-04-23T02:00:00,7.9527947186951415,5.839000225067139
44,2018-04-23T03:00:00,7.89643835826587,5.908999919891357
44,2018-04-23T04:00:00,7.4776046999087065,5.416999816894531
44,2018-04-23T05:00:00,7.63362845880458,4.994999885559082
44,2018-04-23T06:00:00,7.78306694296427,5.135000228881836
44,2018-04-23T07:00:00,7.937165544210341,4.64300012588501
44,2018-04-23T08:00:00,8.262583974803144,4.361999988555908
44,2018-04-23T09:00:00,8.599967018083778,4.290999889373778
44,2018-04-23T10:00:00,8.859016348319773,3.6579999923706055
44,2018-04-23T11:00:00,8.995270090604645,3.16599988937378
44,2018-04-23T12:00:00,9.384735494059495,3.5169999599456787
44,2018-04-23T13:00:00,9.535408717232219,3.236000061035156
44,2018-04-23T14:00:00,9.698521998574805,3.236000061035156
44,2018-04-23T15:00:00,9.956504310600819,3.7279999256134033
44,2018-04-23T16:00:00,10.051719969842875,5.205999851226807
44,2018-04-23T17:00:00,9.898496288465404,5.697999954223633
44,2018-04-23T18:00:00,9.665669091447736,5.205999851226807
44,2018-04-23T19:00:00,9.474910679829543,5.557000160217285
44,2018-04-23T20:00:00,9.02185872174503,4.64300012588501
44,2018-04-23T21:00:00,8.839306858130978,5.486999988555908
44,2018-04-23T22:00:00,8.670409838851677,6.050000190734862
44,2018-04-23T23:00:00,8.478455675584822,5.135000228881836
44,2018-04-24T00:00:00,8.522664758758275,6.261000156402588
44,2018-04-24T01:00:00,8.4799539758598,6.401999950408936
44,2018-04-24T02:00:00,8.279319321831737,6.61299991607666
44,2018-04-24T03:00:00,7.971792501643492,6.261000156402588
44,2018-04-24T04:00:00,7.753301300793389,6.683000087738037
44,2018-04-24T05:00:00,7.747155990533116,6.330999851226808
44,2018-04-24T06:00:00,7.868270613641272,6.752999782562256
44,2018-04-24T07:00:00,8.119635592798511,6.541999816894531
44,2018-04-24T08:00:00,8.540309838783827,6.261000156402588
44,2018-04-24T09:00:00,8.716799292464847,6.964000225067139
44,2018-04-24T10:00:00,8.904133661765218,6.4720001220703125
44,2018-04-24T11:00:00,9.220168743736721,7.105000019073486
44,2018-04-24T12:00:00,9.456557899830123,7.175000190734862
44,2018-04-24T13:00:00,9.686345752121047,8.020000457763674
44,2018-04-24T14:00:00,9.906899025562222,8.159999847412111
44,2018-04-24T15:00:00,10.160090650399326,8.652999877929688
44,2018-04-24T16:00:00,10.326921506336262,8.230999946594237
44,2018-04-24T17:00:00,10.174941162898016,7.668000221252441
44,2018-04-24T18:00:00,9.991753730108424,8.442000389099121
44,2018-04-24T19:00:00,9.693095491756196,7.948999881744385
44,2018-04-24T20:00:00,9.432414953570527,7.809000015258789
44,2018-04-24T21:00:00,9.206608320620617,7.73799991607666
44,2018-04-24T22:00:00,9.017325084009883,7.386000156402588
44,2018-04-24T23:00:00,8.692614102936787,7.668000221252441
44,2018-04-25T00:00:00,8.63413355728455,7.456999778747559
44,2018-04-25T01:00:00,8.556769686235477,7.315999984741211
44,2018-04-25T02:00:00,8.468276634094474,7.809000015258789
44,2018-04-25T03:00:00,8.330799089294924,7.526999950408935
44,2018-04-25T04:00:00,8.09786486486585,6.541999816894531
44,2018-04-25T05:00:00,8.13671715096213,7.0349998474121085
44,2018-04-25T06:00:00,8.324871590669876,7.879000186920166
44,2018-04-25T07:00:00,8.460400184674342,9.074999809265137
44,2018-04-25T08:00:00,8.717839512079614,8.020000457763674
44,2018-04-25T09:00:00,9.054533639448447,8.51200008392334
44,2018-04-25T10:00:00,9.267590569400951,9.496999740600586
44,2018-04-25T11:00:00,9.32560543728343,9.145000457763672
44,2018-04-25T12:00:00,9.480862305538754,9.56700038909912
44,2018-04-25T13:00:00,9.771737597357571,8.86400032043457
44,2018-04-25T14:00:00,10.00606635055431,9.848999977111816
44,2018-04-25T15:00:00,10.18637915397028,10.199999809265137
44,2018-04-25T16:00:00,10.267443652215487,9.98900032043457
44,2018-04-25T17:00:00,10.1488396651005,10.552000045776367
44,2018-04-25T18:00:00,9.757151647937471,10.270999908447266
44,2018-04-25T19:00:00,9.529436220342935,9.425999641418455
44,2018-04-25T20:00:00,9.250303388371268,8.51200008392334
44,2018-04-25T21:00:00,8.890890397101483,9.074999809265137
44,2018-04-25T22:00:00,8.64356065189928,8.934000015258789
44,2018-04-25T23:00:00,8.528883535572401,8.51200008392334
44,2018-04-26T00:00:00,8.517355130548065,8.722999572753906
44,2018-04-26T01:00:00,8.504201278019757,8.51200008392334
44,2018-04-26T02:00:00,8.41989473414695,9.21500015258789
44,2018-04-26T03:00:00,8.431732783998829,9.425999641418455
44,2018-04-26T04:00:00,8.10773234138009,9.355999946594238
44,2018-04-26T05:00:00,8.154472931726783,9.56700038909912
44,2018-04-26T06:00:00,8.516124565771046,9.074999809265137
44,2018-04-26T07:00:00,8.552927969862061,9.848999977111816
44,2018-04-26T08:00:00,8.812190186134785,10.270999908447266
44,2018-04-26T09:00:00,9.22476040335247,9.848999977111816
44,2018-04-26T10:00:00,9.362558279023759,9.98900032043457
44,2018-04-26T11:00:00,9.429356407358117,10.692999839782717
44,2018-04-26T12:00:00,9.738062532705126,10.833000183105469
44,2018-04-26T13:00:00,10.011233219892828,10.621999740600586
44,2018-04-26T14:00:00,10.121110799650447,11.114999771118164
44,2018-04-26T15:00:00,10.356980179875347,10.482000350952148
44,2018-04-26T16:00:00,10.322167051515956,11.607000350952148
44,2018-04-26T17:00:00,10.345723601100262,11.326000213623049
44,2018-04-26T18:00:00,10.136099896784811,10.0600004196167
44,2018-04-26T19:00:00,9.961503041712682,10.340999603271484
44,2018-04-26T20:00:00,9.73383520040871,9.777999877929688
44,2018-04-26T21:00:00,9.397655088462681,10.130000114440918
44,2018-04-26T22:00:00,9.213495392620636,10.482000350952148
45,2018-04-23T23:00:00,5.9354799558632845,5.135000228881836
45,2018-04-24T00:00:00,6.1313902095703465,6.261000156402588
45,2018-04-24T01:00:00,6.23368821157317,6.401999950408936
45,2018-04-24T02:00:00,5.9205762635977734,6.61299991607666
45,2018-04-24T03:00:00,5.8378929966262145,6.261000156402588
45,2018-04-24T04:00:00,5.509518372088076,6.683000087738037
45,2018-04-24T05:00:00,5.420543696595741,6.330999851226808
45,2018-04-24T06:00:00,5.483135530783198,6.752999782562256
45,2018-04-24T07:00:00,5.571711984159764,6.541999816894531
45,2018-04-24T08:00:00,5.687545363862608,6.261000156402588
45,2018-04-24T09:00:00,5.8016531143971335,6.964000225067139
45,2018-04-24T10:00:00,5.88098864408521,6.4720001220703125
45,2018-04-24T11:00:00,6.019969832181838,7.105000019073486
45,2018-04-24T12:00:00,6.235383786242185,7.175000190734862
45,2018-04-24T13:00:00,6.316960880669949,8.020000457763674
45,2018-04-24T14:00:00,6.497858077127924,8.159999847412111
45,2018-04-24T15:00:00,6.751894567334329,8.652999877929688
45,2018-04-24T16:00:00,7.05221832585627,8.230999946594237
45,2018-04-24T17:00:00,7.1837485026673455,7.668000221252441
45,2018-04-24T18:00:00,7.0833981991887995,8.442000389099121
45,2018-04-24T19:00:00,7.131159807664593,7.948999881744385
45,2018-04-24T20:00:00,6.964921693241692,7.809000015258789
45,2018-04-24T21:00:00,7.010632916987253,7.73799991607666
45,2018-04-24T22:00:00,7.022524480544837,7.386000156402588
45,2018-04-24T23:00:00,6.967006306707239,7.668000221252441
45,2018-04-25T00:00:00,6.94223555535109,7.456999778747559
45,2018-04-25T01:00:00,6.8660691056450815,7.315999984741211
45,2018-04-25T02:00:00,6.67768750401344,7.809000015258789
45,2018-04-25T03:00:00,6.360458924480724,7.526999950408935
45,2018-04-25T04:00:00,6.140346450362662,6.541999816894531
45,2018-04-25T05:00:00,6.00649372863322,7.0349998474121085
45,2018-04-25T06:00:00,6.135941796520354,7.879000186920166
45,2018-04-25T07:00:00,6.267719088103478,9.074999809265137
45,2018-04-25T08:00:00,6.448640495130336,8.020000457763674
45,2018-04-25T09:00:00,6.666922984179722,8.51200008392334
45,2018-04-25T10:00:00,6.736158532407561,9.496999740600586
45,2018-04-25T11:00:00,6.868423374757157,9.145000457763672
45,2018-04-25T12:00:00,7.049869065827412,9.56700038909912
45,2018-04-25T13:00:00,7.235341224957077,8.86400032043457
45,2018-04-25T14:00:00,7.458620274515601,9.848999977111816
45,2018-04-25T15:00:00,7.787396460558318,10.199999809265137
45,2018-04-25T16:00:00,8.096160106877603,9.98900032043457
45,2018-04-25T17:00:00,8.026856769056891,10.552000045776367
45,2018-04-25T18:00:00,7.926421060709494,10.270999908447266
45,2018-04-25T19:00:00,7.860094954983634,9.425999641418455
45,2018-04-25T20:00:00,7.770994217563668,8.51200008392334
45,2018-04-25T21:00:00,7.611257893156662,9.074999809265137
45,2018-04-25T22:00:00,7.565494074037318,8.934000015258789
45,2018-04-25T23:00:00,7.260864173643009,8.51200008392334
45,2018-04-26T00:00:00,7.146378237325585,8.722999572753906
45,2018-04-26T01:00:00,7.13121407273278,8.51200008392334
45,2018-04-26T02:00:00,7.029785981515339,9.21500015258789
45,2018-04-26T03:00:00,6.986587647850394,9.425999641418455
45,2018-04-26T04:00:00,6.68826668776812,9.355999946594238
45,2018-04-26T05:00:00,6.694244193740619,9.56700038909912
45,2018-04-26T06:00:00,6.889469037894131,9.074999809265137
45,2018-04-26T07:00:00,6.824264966808917,9.848999977111816
45,2018-04-26T08:00:00,6.926176434556817,10.270999908447266
45,2018-04-26T09:00:00,7.140542655377573,9.848999977111816
45,2018-04-26T10:00:00,7.1881531565096495,9.98900032043457
45,2018-04-26T11:00:00,7.139979968362843,10.692999839782717
45,2018-04-26T12:00:00,7.361980032006578,10.833000183105469
45,2018-04-26T13:00:00,7.543769680124415,10.621999740600586
45,2018-04-26T14:00:00,7.657666214316615,11.114999771118164
45,2018-04-26T15:00:00,8.015280944711433,10.482000350952148
45,2018-04-26T16:00:00,8.184250261758503,11.607000350952148
45,2018-04-26T17:00:00,8.195896129784282,11.326000213623049
45,2018-04-26T18:00:00,8.040308411582464,10.0600004196167
45,2018-04-26T19:00:00,8.004804864586307,10.340999603271484
45,2018-04-26T20:00:00,7.892095483116577,9.777999877929688
45,2018-04-26T21:00:00,7.654624865956585,10.130000114440918
45,2018-04-26T22:00:00,7.498083501794937,10.482000350952148
45,2018-04-26T23:00:00,7.3836593441705265,9.848999977111816
45,2018-04-27T00:00:00,7.479459730393469,9.777999877929688
45,2018-04-27T01:00:00,7.493751479659279,9.918999671936035
45,2018-04-27T02:00:00,7.445704353440107,9.918999671936035
45,2018-04-27T03:00:00,7.42646947388614,9.425999641418455
45,2018-04-27T04:00:00,7.011426856677177,9.496999740600586
45,2018-04-27T05:00:00,6.954825886017469,9.637999534606934
45,2018-04-27T06:00:00,7.24426156731967,9.777999877929688
45,2018-04-27T07:00:00,7.2184121933774215,10.340999603271484
45,2018-04-27T08:00:00,7.299192843573653,11.1850004196167
45,2018-04-27T09:00:00,7.672510632430724,11.255999565124512
45,2018-04-27T10:00:00,7.618959358603073,11.678000450134276
45,2018-04-27T11:00:00,7.513420479758734,11.326000213623049
45,2018-04-27T12:00:00,7.885792386734961,11.607000350952148
45,2018-04-27T13:00:00,8.036509856809436,12.732999801635742
45,2018-04-27T14:00:00,8.081951424908475,13.085000038146973
45,2018-04-27T15:00:00,8.404333015316144,13.99899959564209
45,2018-04-27T16:00:00,8.535119009330586,14.210000038146973
45,2018-04-27T17:00:00,8.73077630433518,13.99899959564209
45,2018-04-27T18:00:00,8.618371642094495,13.718000411987305
45,2018-04-27T19:00:00,8.63516576236617,12.451000213623049
45,2018-04-27T20:00:00,8.534360133223183,11.678000450134276
45,2018-04-27T21:00:00,8.419475974789997,11.326000213623049
45,2018-04-27T22:00:00,8.39274124538911,11.043999671936035
46,2018-04-24T23:00:00,7.512164869565629,7.668000221252441
46,2018-04-25T00:00:00,7.805629523468847,7.456999778747559
46,2018-04-25T01:00:00,8.08555963451925,7.315999984741211
46,2018-04-25T02:00:00,7.920047837162839,7.809000015258789
46,2018-04-25T03:00:00,7.903020293613244,7.526999950408935
46,2018-04-25T04:00:00,7.615882946660523,6.541999816894531
46,2018-04-25T05:00:00,7.523435306804279,7.0349998474121085
46,2018-04-25T06:00:00,7.6419610687363555,7.879000186920166
46,2018-04-25T07:00:00,7.73976508824617,9.074999809265137
46,2018-04-25T08:00:00,7.816561012743136,8.020000457763674
46,2018-04-25T09:00:00,8.068396010875588,8.51200008392334
46,2018-04-25T10:00:00,8.132068137343548,9.496999740600586
46,2018-04-25T11:00:00,8.178217071477572,9.145000457763672
46,2018-04-25T12:00:00,8.418388168884665,9.56700038909912
46,2018-04-25T13:00:00,8.451510731658257,8.86400032043457
46,2018-04-25T14:00:00,8.461095111486006,9.848999977111816
46,2018-04-25T15:00:00,8.60889362180039,10.199999809265137
46,2018-04-25T16:00:00,8.775009514592796,9.98900032043457
46,2018-04-25T17:00:00,8.707482397680895,10.552000045776367
46,2018-04-25T18:00:00,8.661565801523427,10.270999908447266
46,2018-04-25T19:00:00,8.631337654002163,9.425999641418455
46,2018-04-25T20:00:00,8.558407906901653,8.51200008392334
46,2018-04-25T21:00:00,8.42425079988205,9.074999809265137
46,2018-04-25T22:00:00,8.422069260656247,8.934000015258789
46,2018-04-25T23:00:00,8.390950331169527,8.51200008392334
46,2018-04-26T00:00:00,8.293024173513937,8.722999572753906
46,2018-04-26T01:00:00,8.312987039828798,8.51200008392334
46,2018-04-26T02:00:00,8.154700845013165,9.21500015258789
46,2018-04-26T03:00:00,7.9768925832057835,9.425999641418455
46,2018-04-26T04:00:00,7.695175899141253,9.355999946594238
46,2018-04-26T05:00:00,7.563776793341029,9.56700038909912
46,2018-04-26T06:00:00,7.694024644848506,9.074999809265137
46,2018-04-26T07:00:00,7.602026987634604,9.848999977111816
46,2018-04-26T08:00:00,7.799178659132325,10.270999908447266
46,2018-04-26T09:00:00,7.862617028383481,9.848999977111816
46,2018-04-26T10:00:00,7.93428699105487,9.98900032043457
46,2018-04-26T11:00:00,7.891297369190639,10.692999839782717
46,2018-04-26T12:00:00,8.176316207881374,10.833000183105469
46,2018-04-26T13:00:00,8.290340557180333,10.621999740600586
46,2018-04-26T14:00:00,8.289355020057354,11.114999771118164
46,2018-04-26T15:00:00,8.698879297255392,10.482000350952148
46,2018-04-26T16:00:00,8.736721251266768,11.607000350952148
46,2018-04-26T17:00:00,8.651199169866596,11.326000213623049
46,2018-04-26T18:00:00,8.810027514455768,10.0600004196167
46,2018-04-26T19:00:00,8.777754241741647,10.340999603271484
46,2018-04-26T20:00:00,8.700092330241151,9.777999877929688
46,2018-04-26T21:00:00,8.470743106670612,10.130000114440918
46,2018-04-26T22:00:00,8.358224070363136,10.482000350952148
46,2018-04-26T23:00:00,8.142861041982162,9.848999977111816
46,2018-04-27T00:00:00,8.098818677795121,9.777999877929688
46,2018-04-27T01:00:00,8.149020962068487,9.918999671936035
46,2018-04-27T02:00:00,8.016829168849142,9.918999671936035
46,2018-04-27T03:00:00,7.966920333367582,9.425999641418455
46,2018-04-27T04:00:00,7.699906978239879,9.496999740600586
46,2018-04-27T05:00:00,7.553886358528709,9.637999534606934
46,2018-04-27T06:00:00,7.695635065102829,9.777999877929688
46,2018-04-27T07:00:00,7.6547960096331735,10.340999603271484
46,2018-04-27T08:00:00,7.673802975900756,11.1850004196167
46,2018-04-27T09:00:00,7.921342685174478,11.255999565124512
46,2018-04-27T10:00:00,7.881664067316802,11.678000450134276
46,2018-04-27T11:00:00,7.752844639373423,11.326000213623049
46,2018-04-27T12:00:00,8.08532370669972,11.607000350952148
46,2018-04-27T13:00:00,8.168904935322677,12.732999801635742
46,2018-04-27T14:00:00,8.156697799522414,13.085000038146973
46,2018-04-27T15:00:00,8.482213907237952,13.99899959564209
46,2018-04-27T16:00:00,8.540762158998339,14.210000038146973
46,2018-04-27T17:00:00,8.585734459484648,13.99899959564209
46,2018-04-27T18:00:00,8.500509583688695,13.718000411987305
46,2018-04-27T19:00:00,8.465965276128628,12.451000213623049
46,2018-04-27T20:00:00,8.3322035527443,11.678000450134276
46,2018-04-27T21:00:00,8.268196986486874,11.326000213623049
46,2018-04-27T22:00:00,8.247746235466659,11.043999671936035
46,2018-04-27T23:00:00,8.102984314883246,10.973999977111816
46,2018-04-28T00:00:00,8.289065662016842,10.833000183105469
46,2018-04-28T01:00:00,8.480974993988902,10.692999839782717
46,2018-04-28T02:00:00,8.443905774548497,10.973999977111816
46,2018-04-28T03:00:00,8.42618063267619,9.56700038909912
46,2018-04-28T04:00:00,8.116207710183556,9.56700038909912
46,2018-04-28T05:00:00,8.137879508722678,9.496999740600586
46,2018-04-28T06:00:00,8.300552491650475,9.496999740600586
46,2018-04-28T07:00:00,8.28122143769874,9.637999534606934
46,2018-04-28T08:00:00,8.336081418001598,10.199999809265137
46,2018-04-28T09:00:00,8.652310351493607,10.0600004196167
46,2018-04-28T10:00:00,8.614320128619003,10.833000183105469
46,2018-04-28T11:00:00,8.7033724449012,10.833000183105469
46,2018-04-28T12:00:00,8.893194992804986,11.326000213623049
46,2018-04-28T13:00:00,8.950020537362265,11.817999839782717
46,2018-04-28T14:00:00,9.000869160340088,12.803000450134276
46,2018-04-28T15:00:00,9.269401603438123,13.225000381469728
46,2018-04-28T16:00:00,9.209692663611595,13.928999900817873
46,2018-04-28T17:00:00,9.218238577003703,13.085000038146973
46,2018-04-28T18:00:00,9.336688367840317,12.592000007629396
46,2018-04-28T19:00:00,9.316340636964938,11.817999839782717
46,2018-04-28T20:00:00,9.187413764186552,11.536999702453612
46,2018-04-28T21:00:00,9.102150568903985,11.114999771118164
46,2018-04-28T22:00:00,9.074535994036003,10.833000183105469
47,2018-04-25T23:00:00,8.948393921072206,8.51200008392334
47,2018-04-26T00:00:00,9.006202414726138,8.722999572753906
47,2018-04-26T01:00:00,9.205402300351361,8.51200008392334
47,2018-04-26T02:00:00,8.977144222074966,9.21500015258789
47,2018-04-26T03:00:00,9.004801541119733,9.425999641418455
47,2018-04-26T04:00:00,8.634450214828597,9.355999946594238
47,2018-04-26T05:00:00,8.519772848047557,9.56700038909912
47,2018-04-26T06:00:00,8.70019668614151,9.074999809265137
47,2018-04-26T07:00:00,8.714940087744072,9.848999977111816
47,2018-04-26T08:00:00,8.673097545936574,10.270999908447266
47,2018-04-26T09:00:00,8.84657345166942,9.848999977111816
47,2018-04-26T10:00:00,8.998570241597562,9.98900032043457
47,2018-04-26T11:00:00,8.856854094064357,10.692999839782717
47,2018-04-26T12:00:00,9.088198602449738,10.833000183105469
47,2018-04-26T13:00:00,9.02920996878984,10.621999740600586
47,2018-04-26T14:00:00,9.073793063510175,11.114999771118164
47,2018-04-26T15:00:00,9.329851804096073,10.482000350952148
47,2018-04-26T16:00:00,9.323311611108844,11.607000350952148
47,2018-04-26T17:00:00,9.413782332788706,11.326000213623049
47,2018-04-26T18:00:00,9.34309531921397,10.0600004196167
47,2018-04-26T19:00:00,9.188380684216906,10.340999603271484
47,2018-04-26T20:00:00,8.916846214062096,9.777999877929688
47,2018-04-26T21:00:00,8.78202673927174,10.130000114440918
47,2018-04-26T22:00:00,8.622564244747274,10.482000350952148
47,2018-04-26T23:00:00,8.588205273266242,9.848999977111816
47,2018-04-27T00:00:00,8.468054063830191,9.777999877929688
47,2018-04-27T01:00:00,8.400991622871405,9.918999671936035
47,2018-04-27T02:00:00,8.229201774549463,9.918999671936035
47,2018-04-27T03:00:00,7.814415455431776,9.425999641418455
47,2018-04-27T04:00:00,7.630424315239992,9.496999740600586
47,2018-04-27T05:00:00,7.3707342397758,9.637999534606934
47,2018-04-27T06:00:00,7.527411684031517,9.777999877929688
47,2018-04-27T07:00:00,7.5858175943438155,10.340999603271484
47,2018-04-27T08:00:00,7.65995953958288,11.1850004196167
47,2018-04-27T09:00:00,7.842203344579074,11.255999565124512
47,2018-04-27T10:00:00,7.853469607581712,11.678000450134276
47,2018-04-27T11:00:00,7.793560972304258,11.326000213623049
47,2018-04-27T12:00:00,8.063204513544585,11.607000350952148
47,2018-04-27T13:00:00,8.142557992447522,12.732999801635742
47,2018-04-27T14:00:00,8.24198804385435,13.085000038146973
47,2018-04-27T15:00:00,8.715342484095851,13.99899959564209
47,2018-04-27T16:00:00,8.838263382612121,14.210000038146973
47,2018-04-27T17:00:00,8.9021512335973,13.99899959564209
47,2018-04-27T18:00:00,8.930510993078558,13.718000411987305
47,2018-04-27T19:00:00,8.70531096010625,12.451000213623049
47,2018-04-27T20:00:00,8.617115530993068,11.678000450134276
47,2018-04-27T21:00:00,8.493873049334255,11.326000213623049
47,2018-04-27T22:00:00,8.369654798264737,11.043999671936035
47,2018-04-27T23:00:00,8.093973224629703,10.973999977111816
47,2018-04-28T00:00:00,7.9937912263472555,10.833000183105469
47,2018-04-28T01:00:00,8.006707481361632,10.692999839782717
47,2018-04-28T02:00:00,8.083497561928178,10.973999977111816
47,2018-04-28T03:00:00,7.950366983029214,9.56700038909912
47,2018-04-28T04:00:00,7.668839809279735,9.56700038909912
47,2018-04-28T05:00:00,7.691849867885047,9.496999740600586
47,2018-04-28T06:00:00,7.903169731262556,9.496999740600586
47,2018-04-28T07:00:00,7.897173858651593,9.637999534606934
47,2018-04-28T08:00:00,7.892624776243192,10.199999809265137
47,2018-04-28T09:00:00,8.191628641337408,10.0600004196167
47,2018-04-28T10:00:00,8.279257877077606,10.833000183105469
47,2018-04-28T11:00:00,8.20603434724641,10.833000183105469
47,2018-04-28T12:00:00,8.289868451087115,11.326000213623049
47,2018-04-28T13:00:00,8.463174381929456,11.817999839782717
47,2018-04-28T14:00:00,8.665619402116928,12.803000450134276
47,2018-04-28T15:00:00,8.981366545288164,13.225000381469728
47,2018-04-28T16:00:00,9.067049418259607,13.928999900817873
47,2018-04-28T17:00:00,9.088440123745528,13.085000038146973
47,2018-04-28T18:00:00,9.034763706322167,12.592000007629396
47,2018-04-28T19:00:00,8.92520136486835,11.817999839782717
47,2018-04-28T20:00:00,8.621547734793069,11.536999702453612
47,2018-04-28T21:00:00,8.600187835168935,11.114999771118164
47,2018-04-28T22:00:00,8.462657611510885,10.833000183105469
47,2018-04-28T23:00:00,8.25264228037257,10.692999839782717
47,2018-04-29T00:00:00,8.333243772359069,10.904000282287598
47,2018-04-29T01:00:00,8.457838038608756,11.607000350952148
47,2018-04-29T02:00:00,8.314879638437688,11.607000350952148
47,2018-04-29T03:00:00,8.214456369313613,11.1850004196167
47,2018-04-29T04:00:00,7.952485825230081,11.748000144958494
47,2018-04-29T05:00:00,7.924612781668094,11.607000350952148
47,2018-04-29T06:00:00,8.112060690188054,11.326000213623049
47,2018-04-29T07:00:00,8.09001813600614,11.958999633789062
47,2018-04-29T08:00:00,8.138828729992333,12.592000007629396
47,2018-04-29T09:00:00,8.35593658902729,12.661999702453612
47,2018-04-29T10:00:00,8.336543088504783,12.592000007629396
47,2018-04-29T11:00:00,8.338673618566489,12.029000282287598
47,2018-04-29T12:00:00,8.502172181893197,12.522000312805176
47,2018-04-29T13:00:00,8.589305267940734,11.958999633789062
47,2018-04-29T14:00:00,8.668125195996323,12.803000450134276
47,2018-04-29T15:00:00,8.907717159898787,12.661999702453612
47,2018-04-29T16:00:00,8.847549721988447,12.451000213623049
47,2018-04-29T17:00:00,8.999743201917585,13.29599952697754
47,2018-04-29T18:00:00,8.958560523339232,12.944000244140623
47,2018-04-29T19:00:00,8.86271305173405,12.732999801635742
47,2018-04-29T20:00:00,8.682901156639796,12.661999702453612
47,2018-04-29T21:00:00,8.673378054596736,12.451000213623049
47,2018-04-29T22:00:00,8.51117225216366,12.522000312805176
48,2018-04-26T23:00:00,10.387976386823247,9.848999977111816
48,2018-04-27T00:00:00,10.526917001345815,9.777999877929688
48,2018-04-27T01:00:00,10.60173233433871,9.918999671936035
48,2018-04-27T02:00:00,10.509387380688416,9.918999671936035
48,2018-04-27T03:00:00,10.447084403633152,9.425999641418455
48,2018-04-27T04:00:00,10.122172725292488,9.496999740600586
48,2018-04-27T05:00:00,9.979190114552537,9.637999534606934
48,2018-04-27T06:00:00,9.988018623722816,9.777999877929688
48,2018-04-27T07:00:00,9.97347224606013,10.340999603271484
48,2018-04-27T08:00:00,9.869153078979174,11.1850004196167
48,2018-04-27T09:00:00,9.92766000580302,11.255999565124512
48,2018-04-27T10:00:00,9.930519357472825,11.678000450134276
48,2018-04-27T11:00:00,9.949196559095277,11.326000213623049
48,2018-04-27T12:00:00,10.073977580664245,11.607000350952148
48,2018-04-27T13:00:00,10.040139804291961,12.732999801635742
48,2018-04-27T14:00:00,10.180729742948508,13.085000038146973
48,2018-04-27T15:00:00,10.230850629619592,13.99899959564209
48,2018-04-27T16:00:00,10.276395468317627,14.210000038146973
48,2018-04-27T17:00:00,10.288756049033775,13.99899959564209
48,2018-04-27T18:00:00,10.042354069528116,13.718000411987305
48,2018-04-27T19:00:00,9.933379043081512,12.451000213623049
48,2018-04-27T20:00:00,9.729578815429633,11.678000450134276
48,2018-04-27T21:00:00,9.746573632968875,11.326000213623049
48,2018-04-27T22:00:00,9.73183198454544,11.043999671936035
48,2018-04-27T23:00:00,9.606975743243492,10.973999977111816
48,2018-04-28T00:00:00,9.495621068329848,10.833000183105469
48,2018-04-28T01:00:00,9.418366979687951,10.692999839782717
48,2018-04-28T02:00:00,9.333499251525382,10.973999977111816
48,2018-04-28T03:00:00,8.960243241361322,9.56700038909912
48,2018-04-28T04:00:00,8.808035235090856,9.56700038909912
48,2018-04-28T05:00:00,8.657063470558388,9.496999740600586
48,2018-04-28T06:00:00,8.705649407162289,9.496999740600586
48,2018-04-28T07:00:00,8.802052219126818,9.637999534606934
48,2018-04-28T08:00:00,8.759626453063401,10.199999809265137
48,2018-04-28T09:00:00,8.85417540332925,10.0600004196167
48,2018-04-28T10:00:00,8.955010419093778,10.833000183105469
48,2018-04-28T11:00:00,9.009496721788635,10.833000183105469
48,2018-04-28T12:00:00,9.074124414364992,11.326000213623049
48,2018-04-28T13:00:00,9.169229205898509,11.817999839782717
48,2018-04-28T14:00:00,9.328258080785808,12.803000450134276
48,2018-04-28T15:00:00,9.607105144559936,13.225000381469728
48,2018-04-28T16:00:00,9.761672345540976,13.928999900817873
48,2018-04-28T17:00:00,9.655491469197635,13.085000038146973
48,2018-04-28T18:00:00,9.608900316500252,12.592000007629396
48,2018-04-28T19:00:00,9.525456503726888,11.817999839782717
48,2018-04-28T20:00:00,9.33804466060609,11.536999702453612
48,2018-04-28T21:00:00,9.279766314946388,11.114999771118164
48,2018-04-28T22:00:00,9.225506756751829,10.833000183105469
48,2018-04-28T23:00:00,8.801926574622787,10.692999839782717
48,2018-04-29T00:00:00,8.694978056276412,10.904000282287598
48,2018-04-29T01:00:00,8.698236047485587,11.607000350952148
48,2018-04-29T02:00:00,8.650207955782637,11.607000350952148
48,2018-04-29T03:00:00,8.502170929622393,11.1850004196167
48,2018-04-29T04:00:00,8.382117397309077,11.748000144958494
48,2018-04-29T05:00:00,8.222510140279633,11.607000350952148
48,2018-04-29T06:00:00,8.303398318795594,11.326000213623049
48,2018-04-29T07:00:00,8.34347365604407,11.958999633789062
48,2018-04-29T08:00:00,8.19015722314236,12.592000007629396
48,2018-04-29T09:00:00,8.246388773914804,12.661999702453612
48,2018-04-29T10:00:00,8.266117549073982,12.592000007629396
48,2018-04-29T11:00:00,8.212324169557501,12.029000282287598
48,2018-04-29T12:00:00,8.361131008323504,12.522000312805176
48,2018-04-29T13:00:00,8.45498453086937,11.958999633789062
48,2018-04-29T14:00:00,8.62794900920574,12.803000450134276
48,2018-04-29T15:00:00,8.796840268039343,12.661999702453612
48,2018-04-29T16:00:00,8.909983770054561,12.451000213623049
48,2018-04-29T17:00:00,8.82666601920883,13.29599952697754
48,2018-04-29T18:00:00,8.611955841340492,12.944000244140623
48,2018-04-29T19:00:00,8.599426120581043,12.732999801635742
48,2018-04-29T20:00:00,8.367987274461738,12.661999702453612
48,2018-04-29T21:00:00,8.416493900581369,12.451000213623049
48,2018-04-29T22:00:00,8.345147608170532,12.522000312805176
48,2018-04-29T23:00:00,8.117116858787472,12.380999565124512
48,2018-04-30T00:00:00,8.244156392494347,12.732999801635742
48,2018-04-30T01:00:00,8.291164133945957,12.522000312805176
48,2018-04-30T02:00:00,8.129025119289112,12.100000381469728
48,2018-04-30T03:00:00,8.174998485056374,11.678000450134276
48,2018-04-30T04:00:00,7.915572221308288,11.888999938964846
48,2018-04-30T05:00:00,7.8368319376758535,12.592000007629396
48,2018-04-30T06:00:00,7.947455870832831,12.732999801635742
48,2018-04-30T07:00:00,8.021202098497739,12.944000244140623
48,2018-04-30T08:00:00,7.975244928766212,12.87399959564209
48,2018-04-30T09:00:00,8.150763705604463,12.522000312805176
48,2018-04-30T10:00:00,8.18295207435805,13.718000411987305
48,2018-04-30T11:00:00,8.087893032451252,13.647000312805176
48,2018-04-30T12:00:00,8.268206670714427,14.562000274658203
48,2018-04-30T13:00:00,8.341202036805079,14.843000411987305
48,2018-04-30T14:00:00,8.5393862473233,15.053999900817873
48,2018-04-30T15:00:00,8.61496713520122,15.89799976348877
48,2018-04-30T16:00:00,8.587544074281574,16.812999725341793
48,2018-04-30T17:00:00,8.755850606134292,15.82800006866455
48,2018-04-30T18:00:00,8.600591901215122,14.77299976348877
48,2018-04-30T19:00:00,8.589341082885738,14.491000175476074
48,2018-04-30T20:00:00,8.467485532885041,13.57699966430664
48,2018-04-30T21:00:00,8.448701470820623,13.225000381469728
48,2018-04-30T22:00:00,8.44674709351872,13.506999969482422
49,2018-04-27T23:00:00,10.868974103661117,10.973999977111816
49,2018-04-28T00:00:00,10.969254613913503,10.833000183105469
49,2018-04-28T01:00:00,11.061658841715197,10.692999839782717
49,2018-04-28T02:00:00,10.998200436131171,10.973999977111816
49,2018-04-28T03:00:00,10.903159176469792,9.56700038909912
49,2018-04-28T04:00:00,10.678798749329403,9.56700038909912
49,2018-04-28T05:00:00,10.69224897261473,9.496999740600586
49,2018-04-28T06:00:00,10.777579540066565,9.496999740600586
49,2018-04-28T07:00:00,10.971820099367902,9.637999534606934
49,2018-04-28T08:00:00,11.099671939403162,10.199999809265137
49,2018-04-28T09:00:00,11.327842024784378,10.0600004196167
49,2018-04-28T10:00:00,11.540098085815176,10.833000183105469
49,2018-04-28T11:00:00,11.63479981311915,10.833000183105469
49,2018-04-28T12:00:00,11.765491803338548,11.326000213623049
49,2018-04-28T13:00:00,11.916820381565522,11.817999839782717
49,2018-04-28T14:00:00,12.128727476465524,12.803000450134276
49,2018-04-28T15:00:00,12.166039552957244,13.225000381469728
49,2018-04-28T16:00:00,12.121280472446545,13.928999900817873
49,2018-04-28T17:00:00,11.90087513392972,13.085000038146973
49,2018-04-28T18:00:00,11.565250362343034,12.592000007629396
49,2018-04-28T19:00:00,11.196944161244751,11.817999839782717
49,2018-04-28T20:00:00,10.830121483625955,11.536999702453612
49,2018-04-28T21:00:00,10.633002037230266,11.114999771118164
49,2018-04-28T22:00:00,10.417993651941067,10.833000183105469
49,2018-04-28T23:00:00,10.192479883389922,10.692999839782717
49,2018-04-29T00:00:00,10.09332541504476,10.904000282287598
49,2018-04-29T01:00:00,10.024201736342103,11.607000350952148
49,2018-04-29T02:00:00,9.922520185513871,11.607000350952148
49,2018-04-29T03:00:00,9.703386235802286,11.1850004196167
49,2018-04-29T04:00:00,9.562761650986824,11.748000144958494
49,2018-04-29T05:00:00,9.417562520923273,11.607000350952148
49,2018-04-29T06:00:00,9.53705386713018,11.326000213623049
49,2018-04-29T07:00:00,9.878678685563841,11.958999633789062
49,2018-04-29T08:00:00,10.01771330388145,12.592000007629396
49,2018-04-29T09:00:00,10.03349358570997,12.661999702453612
49,2018-04-29T10:00:00,10.19331005544845,12.592000007629396
49,2018-04-29T11:00:00,10.327963061706555,12.029000282287598
49,2018-04-29T12:00:00,10.542451504157809,12.522000312805176
49,2018-04-29T13:00:00,10.665613172607383,11.958999633789062
49,2018-04-29T14:00:00,10.846123834810435,12.803000450134276
49,2018-04-29T15:00:00,11.01047602940207,12.661999702453612
49,2018-04-29T16:00:00,10.991502039599,12.451000213623049
49,2018-04-29T17:00:00,10.718414753646863,13.29599952697754
49,2018-04-29T18:00:00,10.51999912348401,12.944000244140623
49,2018-04-29T19:00:00,10.155908065912982,12.732999801635742
49,2018-04-29T20:00:00,9.918362729928337,12.661999702453612
49,2018-04-29T21:00:00,9.718782070493885,12.451000213623049
49,2018-04-29T22:00:00,9.4504329598416,12.522000312805176
49,2018-04-29T23:00:00,9.080184319756414,12.380999565124512
49,2018-04-30T00:00:00,9.020754636319243,12.732999801635742
49,2018-04-30T01:00:00,9.019132862142962,12.522000312805176
49,2018-04-30T02:00:00,8.88984591976598,12.100000381469728
49,2018-04-30T03:00:00,8.877783713440133,11.678000450134276
49,2018-04-30T04:00:00,8.798638862853192,11.888999938964846
49,2018-04-30T05:00:00,8.73750625809162,12.592000007629396
49,2018-04-30T06:00:00,8.841929530618774,12.732999801635742
49,2018-04-30T07:00:00,9.082568893821952,12.944000244140623
49,2018-04-30T08:00:00,9.175284018721992,12.87399959564209
49,2018-04-30T09:00:00,9.317928516344782,12.522000312805176
49,2018-04-30T10:00:00,9.491893141630182,13.718000411987305
49,2018-04-30T11:00:00,9.403716914002668,13.647000312805176
49,2018-04-30T12:00:00,9.659477029744103,14.562000274658203
49,2018-04-30T13:00:00,9.818830159284994,14.843000411987305
49,2018-04-30T14:00:00,10.042522792147814,15.053999900817873
49,2018-04-30T15:00:00,10.186307023171953,15.89799976348877
49,2018-04-30T16:00:00,10.229160064033795,16.812999725341793
49,2018-04-30T17:00:00,10.090087627137894,15.82800006866455
49,2018-04-30T18:00:00,9.71358715028935,14.77299976348877
49,2018-04-30T19:00:00,9.472213622455975,14.491000175476074
49,2018-04-30T20:00:00,9.098388329984283,13.57699966430664
49,2018-04-30T21:00:00,8.943047643069793,13.225000381469728
49,2018-04-30T22:00:00,8.683818403261581,13.506999969482422
49,2018-04-30T23:00:00,8.477774440267286,13.366000175476074
49,2018-05-01T00:00:00,8.617987862835339,13.435999870300291
49,2018-05-01T01:00:00,8.645504176187545,13.435999870300291
49,2018-05-01T02:00:00,8.675854211400429,13.57699966430664
49,2018-05-01T03:00:00,8.649271841614066,13.435999870300291
49,2018-05-01T04:00:00,8.47157327872914,13.085000038146973
49,2018-05-01T05:00:00,8.502733950576003,13.647000312805176
49,2018-05-01T06:00:00,8.7588622339339,13.788000106811523
49,2018-05-01T07:00:00,8.970548595233463,13.99899959564209
49,2018-05-01T08:00:00,8.95811939007724,14.069000244140623
49,2018-05-01T09:00:00,9.189635626532251,13.435999870300291
49,2018-05-01T10:00:00,9.401504568915083,13.57699966430664
49,2018-05-01T11:00:00,9.538142006974391,12.87399959564209
49,2018-05-01T12:00:00,9.705375259263107,12.87399959564209
49,2018-05-01T13:00:00,9.869495616786509,12.380999565124512
49,2018-05-01T14:00:00,10.124424308198611,12.732999801635742
49,2018-05-01T15:00:00,10.283413444359054,13.506999969482422
49,2018-05-01T16:00:00,10.157659575344589,13.435999870300291
49,2018-05-01T17:00:00,10.112085266540294,13.647000312805176
49,2018-05-01T18:00:00,9.890630358120028,7.526999950408935
49,2018-05-01T19:00:00,9.725141936485295,5.76800012588501
49,2018-05-01T20:00:00,9.425407162664975,8.020000457763674
49,2018-05-01T21:00:00,9.190804997009302,9.777999877929688
49,2018-05-01T22:00:00,9.150996643896299,10.833000183105469
50,2018-04-28T23:00:00,10.618896375405972,10.692999839782717
50,2018-04-29T00:00:00,10.568467012693429,10.904000282287598
50,2018-04-29T01:00:00,10.613767992523504,11.607000350952148
50,2018-04-29T02:00:00,10.44878665707979,11.607000350952148
50,2018-04-29T03:00:00,10.334739015543871,11.1850004196167
50,2018-04-29T04:00:00,9.983532154854629,11.748000144958494
50,2018-04-29T05:00:00,10.025560366680043,11.607000350952148
50,2018-04-29T06:00:00,10.157741891278791,11.326000213623049
50,2018-04-29T07:00:00,10.494198170679528,11.958999633789062
50,2018-04-29T08:00:00,10.67481485847734,12.592000007629396
50,2018-04-29T09:00:00,10.796202894044434,12.661999702453612
50,2018-04-29T10:00:00,11.077425765988469,12.592000007629396
50,2018-04-29T11:00:00,11.218416431302389,12.029000282287598
50,2018-04-29T12:00:00,11.506518026774415,12.522000312805176
50,2018-04-29T13:00:00,11.675292156545456,11.958999633789062
50,2018-04-29T14:00:00,11.975629523076805,12.803000450134276
50,2018-04-29T15:00:00,12.177830100003279,12.661999702453612
50,2018-04-29T16:00:00,12.200511479264822,12.451000213623049
50,2018-04-29T17:00:00,12.018249307630166,13.29599952697754
50,2018-04-29T18:00:00,11.591629864259101,12.944000244140623
50,2018-04-29T19:00:00,11.292615146151249,12.732999801635742
50,2018-04-29T20:00:00,10.908425977018496,12.661999702453612
50,2018-04-29T21:00:00,10.706975426819074,12.451000213623049
50,2018-04-29T22:00:00,10.495810260628256,12.522000312805176
50,2018-04-29T23:00:00,10.307370219692412,12.380999565124512
50,2018-04-30T00:00:00,10.187820100242423,12.732999801635742
50,2018-04-30T01:00:00,10.030557845521102,12.522000312805176
50,2018-04-30T02:00:00,9.817616541906192,12.100000381469728
50,2018-04-30T03:00:00,9.52927726543551,11.678000450134276
50,2018-04-30T04:00:00,9.422766123538718,11.888999938964846
50,2018-04-30T05:00:00,9.329568373470702,12.592000007629396
50,2018-04-30T06:00:00,9.40073450585516,12.732999801635742
50,2018-04-30T07:00:00,9.78363383605949,12.944000244140623
50,2018-04-30T08:00:00,10.06570583109356,12.87399959564209
50,2018-04-30T09:00:00,10.173333831578343,12.522000312805176
50,2018-04-30T10:00:00,10.497122640431156,13.718000411987305
50,2018-04-30T11:00:00,10.615222964228654,13.647000312805176
50,2018-04-30T12:00:00,10.917693615817477,14.562000274658203
50,2018-04-30T13:00:00,11.123974341478505,14.843000411987305
50,2018-04-30T14:00:00,11.349857279462757,15.053999900817873
50,2018-04-30T15:00:00,11.61675876506528,15.89799976348877
50,2018-04-30T16:00:00,11.694751609996992,16.812999725341793
50,2018-04-30T17:00:00,11.508027430517192,15.82800006866455
50,2018-04-30T18:00:00,11.222286782934862,14.77299976348877
50,2018-04-30T19:00:00,10.858661152679431,14.491000175476074
50,2018-04-30T20:00:00,10.58125728926489,13.57699966430664
50,2018-04-30T21:00:00,10.317382542196349,13.225000381469728
50,2018-04-30T22:00:00,10.089403302885708,13.506999969482422
50,2018-04-30T23:00:00,9.703670835213742,13.366000175476074
50,2018-05-01T00:00:00,9.586766346549627,13.435999870300291
50,2018-05-01T01:00:00,9.505972338798149,13.435999870300291
50,2018-05-01T02:00:00,9.45107746188221,13.57699966430664
50,2018-05-01T03:00:00,9.267526620105212,13.435999870300291
50,2018-05-01T04:00:00,9.131107244135292,13.085000038146973
50,2018-05-01T05:00:00,9.14783307390577,13.647000312805176
50,2018-05-01T06:00:00,9.270060464850623,13.788000106811523
50,2018-05-01T07:00:00,9.547348367988684,13.99899959564209
50,2018-05-01T08:00:00,9.651943368585467,14.069000244140623
50,2018-05-01T09:00:00,9.853669752300714,13.435999870300291
50,2018-05-01T10:00:00,10.17061807362743,13.57699966430664
50,2018-05-01T11:00:00,10.288132000749634,12.87399959564209
50,2018-05-01T12:00:00,10.453653816272482,12.87399959564209
50,2018-05-01T13:00:00,10.725624243636627,12.380999565124512
50,2018-05-01T14:00:00,11.038468456114067,12.732999801635742
50,2018-05-01T15:00:00,11.284117236473307,13.506999969482422
50,2018-05-01T16:00:00,11.304700811683496,13.435999870300291
50,2018-05-01T17:00:00,11.153374320574532,13.647000312805176
50,2018-05-01T18:00:00,10.720438423266604,7.526999950408935
50,2018-05-01T19:00:00,10.467463858702244,5.76800012588501
50,2018-05-01T20:00:00,10.032175028037766,8.020000457763674
50,2018-05-01T21:00:00,9.794197157717317,9.777999877929688
50,2018-05-01T22:00:00,9.690426986156963,10.833000183105469
50,2018-05-01T23:00:00,9.488345875865217,10.482000350952148
50,2018-05-02T00:00:00,9.403421879001177,10.482000350952148
50,2018-05-02T01:00:00,9.372958805477026,10.340999603271484
50,2018-05-02T02:00:00,9.297319478294906,10.199999809265137
50,2018-05-02T03:00:00,9.152152907272265,10.0600004196167
50,2018-05-02T04:00:00,8.93408914819003,9.56700038909912
50,2018-05-02T05:00:00,8.998427900149476,9.637999534606934
50,2018-05-02T06:00:00,9.219464717090547,10.130000114440918
50,2018-05-02T07:00:00,9.48808924383506,9.21500015258789
50,2018-05-02T08:00:00,9.665402357766423,9.21500015258789
50,2018-05-02T09:00:00,9.883494919077158,9.708000183105469
50,2018-05-02T10:00:00,10.1056719703279,9.28600025177002
50,2018-05-02T11:00:00,10.240096562391301,9.425999641418455
50,2018-05-02T12:00:00,10.470614238106968,9.918999671936035
50,2018-05-02T13:00:00,10.735117124210944,9.918999671936035
50,2018-05-02T14:00:00,10.968651019385833,9.918999671936035
50,2018-05-02T15:00:00,11.18764204325629,10.270999908447266
50,2018-05-02T16:00:00,11.285670052270632,10.482000350952148
50,2018-05-02T17:00:00,11.282461150076987,10.621999740600586
50,2018-05-02T18:00:00,10.836614674715662,10.833000183105469
50,2018-05-02T19:00:00,10.57813704784419,10.0600004196167
50,2018-05-02T20:00:00,10.31881764453807,10.130000114440918
50,2018-05-02T21:00:00,10.080242524528693,9.074999809265137
50,2018-05-02T22:00:00,9.960857704824868,8.020000457763674
51,2018-04-29T23:00:00,12.389810744941853,12.380999565124512
51,2018-04-30T00:00:00,12.374761872747763,12.732999801635742
51,2018-04-30T01:00:00,12.52394021851904,12.522000312805176
51,2018-04-30T02:00:00,12.26625052043763,12.100000381469728
51,2018-04-30T03:00:00,12.168861753926521,11.678000450134276
51,2018-04-30T04:00:00,12.018497674673018,11.888999938964846
51,2018-04-30T05:00:00,11.913853752030148,12.592000007629396
51,2018-04-30T06:00:00,11.955407436705453,12.732999801635742
51,2018-04-30T07:00:00,12.249144000342646,12.944000244140623
51,2018-04-30T08:00:00,12.444821832588431,12.87399959564209
51,2018-04-30T09:00:00,12.551770350934804,12.522000312805176
51,2018-04-30T10:00:00,12.645984443987585,13.718000411987305
51,2018-04-30T11:00:00,12.682727071202232,13.647000312805176
51,2018-04-30T12:00:00,12.947657649528235,14.562000274658203
51,2018-04-30T13:00:00,12.99218505994014,14.843000411987305
51,2018-04-30T14:00:00,13.225706348922266,15.053999900817873
51,2018-04-30T15:00:00,13.303989971134735,15.89799976348877
51,2018-04-30T16:00:00,13.3510139921068,16.812999725341793
51,2018-04-30T17:00:00,13.307777338955244,15.82800006866455
51,2018-04-30T18:00:00,12.947337151687055,14.77299976348877
51,2018-04-30T19:00:00,12.676407444846,14.491000175476074
51,2018-04-30T20:00:00,12.377132254410853,13.57699966430664
51,2018-04-30T21:00:00,12.114798551794076,13.225000381469728
51,2018-04-30T22:00:00,11.941860788568196,13.506999969482422
51,2018-04-30T23:00:00,11.786165124623047,13.366000175476074
51,2018-05-01T00:00:00,11.69146540095236,13.435999870300291
51,2018-05-01T01:00:00,11.648742596254166,13.435999870300291
51,2018-05-01T02:00:00,11.523642412599543,13.57699966430664
51,2018-05-01T03:00:00,11.21133417202634,13.435999870300291
51,2018-05-01T04:00:00,11.163423376355393,13.085000038146973
51,2018-05-01T05:00:00,11.009456180059052,13.647000312805176
51,2018-05-01T06:00:00,11.00518309813592,13.788000106811523
51,2018-05-01T07:00:00,11.308357859855636,13.99899959564209
51,2018-05-01T08:00:00,11.45096228481269,14.069000244140623
51,2018-05-01T09:00:00,11.596297912393911,13.435999870300291
51,2018-05-01T10:00:00,11.794143759340809,13.57699966430664
51,2018-05-01T11:00:00,11.919588734890215,12.87399959564209
51,2018-05-01T12:00:00,12.11606251045921,12.87399959564209
51,2018-05-01T13:00:00,12.295484782363888,12.380999565124512
51,2018-05-01T14:00:00,12.5265112974497,12.732999801635742
51,2018-05-01T15:00:00,12.725848014531472,13.506999969482422
51,2018-05-01T16:00:00,12.759735547797048,13.435999870300291
51,2018-05-01T17:00:00,12.621508644148207,13.647000312805176
51,2018-05-01T18:00:00,12.272667156038835,7.526999950408935
51,2018-05-01T19:00:00,11.992282220232314,5.76800012588501
51,2018-05-01T20:00:00,11.720847514318244,8.020000457763674
51,2018-05-01T21:00:00,11.376108465363744,9.777999877929688
51,2018-05-01T22:00:00,11.192645032088887,10.833000183105469
51,2018-05-01T23:00:00,10.968807970659972,10.482000350952148
51,2018-05-02T00:00:00,10.816624258443108,10.482000350952148
51,2018-05-02T01:00:00,10.803250507161563,10.340999603271484
51,2018-05-02T02:00:00,10.768199530834078,10.199999809265137
51,2018-05-02T03:00:00,10.581349539880808,10.0600004196167
51,2018-05-02T04:00:00,10.527983936071074,9.56700038909912
51,2018-05-02T05:00:00,10.484607946921358,9.637999534606934
51,2018-05-02T06:00:00,10.53347397476182,10.130000114440918
51,2018-05-02T07:00:00,10.722083907103446,9.21500015258789
51,2018-05-02T08:00:00,10.898940443099566,9.21500015258789
51,2018-05-02T09:00:00,11.000304668505988,9.708000183105469
51,2018-05-02T10:00:00,11.09987814666227,9.28600025177002
51,2018-05-02T11:00:00,11.17693746545174,9.425999641418455
51,2018-05-02T12:00:00,11.299589877107568,9.918999671936035
51,2018-05-02T13:00:00,11.551037506137892,9.918999671936035
51,2018-05-02T14:00:00,11.781186930752375,9.918999671936035
51,2018-05-02T15:00:00,11.994439799343393,10.270999908447266
51,2018-05-02T16:00:00,12.186818315443464,10.482000350952148
51,2018-05-02T17:00:00,12.076252487651804,10.621999740600586
51,2018-05-02T18:00:00,11.649456390612613,10.833000183105469
51,2018-05-02T19:00:00,11.434476891036635,10.0600004196167
51,2018-05-02T20:00:00,11.036170121764586,10.130000114440918
51,2018-05-02T21:00:00,10.802104512406192,9.074999809265137
51,2018-05-02T22:00:00,10.687470641164424,8.020000457763674
51,2018-05-02T23:00:00,10.522518191433928,7.73799991607666
51,2018-05-03T00:00:00,10.553938584245603,8.230999946594237
51,2018-05-03T01:00:00,10.579766669584178,7.809000015258789
51,2018-05-03T02:00:00,10.51767240432963,8.230999946594237
51,2018-05-03T03:00:00,10.393959736726167,8.722999572753906
51,2018-05-03T04:00:00,10.280500161559942,8.581999778747559
51,2018-05-03T05:00:00,10.32257362210375,8.371000289916992
51,2018-05-03T06:00:00,10.429093446411454,8.652999877929688
51,2018-05-03T07:00:00,10.650385977050764,9.637999534606934
51,2018-05-03T08:00:00,10.945893084635788,9.918999671936035
51,2018-05-03T09:00:00,11.11967178944911,9.708000183105469
51,2018-05-03T10:00:00,11.293768904985605,9.496999740600586
51,2018-05-03T11:00:00,11.337245242769106,9.21500015258789
51,2018-05-03T12:00:00,11.519262804173323,9.777999877929688
51,2018-05-03T13:00:00,11.751396744073732,10.621999740600586
51,2018-05-03T14:00:00,12.040862813814119,12.029000282287598
51,2018-05-03T15:00:00,12.186191929587155,12.944000244140623
51,2018-05-03T16:00:00,12.18978269089139,13.857999801635742
51,2018-05-03T17:00:00,12.209375469441222,12.944000244140623
51,2018-05-03T18:00:00,11.972902912112254,13.29599952697754
51,2018-05-03T19:00:00,11.71060786292097,11.536999702453612
51,2018-05-03T20:00:00,11.430958510984889,11.395999908447266
51,2018-05-03T21:00:00,11.238942402055581,11.326000213623049
51,2018-05-03T22:00:00,11.149395939714008,10.973999977111816
52,2018-04-30T23:00:00,13.301940170797545,13.366000175476074
52,2018-05-01T00:00:00,13.293963456228349,13.435999870300291
52,2018-05-01T01:00:00,13.303084412373789,13.435999870300291
52,2018-05-01T02:00:00,13.026169936389568,13.57699966430664
52,2018-05-01T03:00:00,12.791121628388684,13.435999870300291
52,2018-05-01T04:00:00,12.647349252194825,13.085000038146973
52,2018-05-01T05:00:00,12.66089523245432,13.647000312805176
52,2018-05-01T06:00:00,12.696888250365516,13.788000106811523
52,2018-05-01T07:00:00,12.990595176927005,13.99899959564209
52,2018-05-01T08:00:00,13.202418119228959,14.069000244140623
52,2018-05-01T09:00:00,13.376025596880975,13.435999870300291
52,2018-05-01T10:00:00,13.641078480322198,13.57699966430664
52,2018-05-01T11:00:00,13.80216350038543,12.87399959564209
52,2018-05-01T12:00:00,14.081585690397612,12.87399959564209
52,2018-05-01T13:00:00,14.338218638889638,12.380999565124512
52,2018-05-01T14:00:00,14.614460228028351,12.732999801635742
52,2018-05-01T15:00:00,14.735387260970024,13.506999969482422
52,2018-05-01T16:00:00,14.807384567229654,13.435999870300291
52,2018-05-01T17:00:00,14.550126234697961,13.647000312805176
52,2018-05-01T18:00:00,14.102946508353666,7.526999950408935
52,2018-05-01T19:00:00,13.784401625236196,5.76800012588501
52,2018-05-01T20:00:00,13.367873898338061,8.020000457763674
52,2018-05-01T21:00:00,13.004725633713225,9.777999877929688
52,2018-05-01T22:00:00,12.878177658039398,10.833000183105469
52,2018-05-01T23:00:00,12.766724888579418,10.482000350952148
52,2018-05-02T00:00:00,12.602821006935718,10.482000350952148
52,2018-05-02T01:00:00,12.45597839666861,10.340999603271484
52,2018-05-02T02:00:00,12.261025879672673,10.199999809265137
52,2018-05-02T03:00:00,11.939738273039637,10.0600004196167
52,2018-05-02T04:00:00,11.848346631410294,9.56700038909912
52,2018-05-02T05:00:00,11.773859476852845,9.637999534606934
52,2018-05-02T06:00:00,11.836082642515517,10.130000114440918
52,2018-05-02T07:00:00,12.054633618425344,9.21500015258789
52,2018-05-02T08:00:00,12.279895930998986,9.21500015258789
52,2018-05-02T09:00:00,12.377295717493173,9.708000183105469
52,2018-05-02T10:00:00,12.574318488582772,9.28600025177002
52,2018-05-02T11:00:00,12.744171491394072,9.425999641418455
52,2018-05-02T12:00:00,12.964801236839028,9.918999671936035
52,2018-05-02T13:00:00,13.210910351945923,9.918999671936035
52,2018-05-02T14:00:00,13.470375603058384,9.918999671936035
52,2018-05-02T15:00:00,13.775724139924918,10.270999908447266
52,2018-05-02T16:00:00,13.94785460590563,10.482000350952148
52,2018-05-02T17:00:00,13.628335957010739,10.621999740600586
52,2018-05-02T18:00:00,13.313072273854681,10.833000183105469
52,2018-05-02T19:00:00,12.94974710510756,10.0600004196167
52,2018-05-02T20:00:00,12.588495863781791,10.130000114440918
52,2018-05-02T21:00:00,12.290799035468378,9.074999809265137
52,2018-05-02T22:00:00,12.111278001139603,8.020000457763674
52,2018-05-02T23:00:00,11.837221875008545,7.73799991607666
52,2018-05-03T00:00:00,11.691244667351924,8.230999946594237
52,2018-05-03T01:00:00,11.641682293459553,7.809000015258789
52,2018-05-03T02:00:00,11.463877371040983,8.230999946594237
52,2018-05-03T03:00:00,11.24433008847926,8.722999572753906
52,2018-05-03T04:00:00,11.230737356776402,8.581999778747559
52,2018-05-03T05:00:00,11.251099447023673,8.371000289916992
52,2018-05-03T06:00:00,11.334072572944063,8.652999877929688
52,2018-05-03T07:00:00,11.559639604746753,9.637999534606934
52,2018-05-03T08:00:00,11.834816680217095,9.918999671936035
52,2018-05-03T09:00:00,11.994113374087075,9.708000183105469
52,2018-05-03T10:00:00,12.220596233271301,9.496999740600586
52,2018-05-03T11:00:00,12.291001569399793,9.21500015258789
52,2018-05-03T12:00:00,12.44945790607537,9.777999877929688
52,2018-05-03T13:00:00,12.760862424551473,10.621999740600586
52,2018-05-03T14:00:00,13.11304772616247,12.029000282287598
52,2018-05-03T15:00:00,13.353616962200608,12.944000244140623
52,2018-05-03T16:00:00,13.429419251556727,13.857999801635742
52,2018-05-03T17:00:00,13.23276690217104,12.944000244140623
52,2018-05-03T18:00:00,12.923939974433777,13.29599952697754
52,2018-05-03T19:00:00,12.582076473184816,11.536999702453612
52,2018-05-03T20:00:00,12.094468352709955,11.395999908447266
52,2018-05-03T21:00:00,11.865529540024344,11.326000213623049
52,2018-05-03T22:00:00,11.694967501483651,10.973999977111816
52,2018-05-03T23:00:00,11.550180535484152,10.904000282287598
52,2018-05-04T00:00:00,11.54603301458033,10.41100025177002
52,2018-05-04T01:00:00,11.532014260349854,10.340999603271484
52,2018-05-04T02:00:00,11.38265675636884,10.130000114440918
52,2018-05-04T03:00:00,11.269023199045542,10.0600004196167
52,2018-05-04T04:00:00,11.11538209406664,10.199999809265137
52,2018-05-04T05:00:00,11.150284133653134,10.270999908447266
52,2018-05-04T06:00:00,11.338530657007354,10.199999809265137
52,2018-05-04T07:00:00,11.564653446592988,11.043999671936035
52,2018-05-04T08:00:00,11.764639090405545,11.536999702453612
52,2018-05-04T09:00:00,11.915196603755954,10.973999977111816
52,2018-05-04T10:00:00,12.169820659423731,11.326000213623049
52,2018-05-04T11:00:00,12.310056956805143,12.029000282287598
52,2018-05-04T12:00:00,12.533348946495309,12.310999870300291
52,2018-05-04T13:00:00,12.795935357360392,13.154999732971191
52,2018-05-04T14:00:00,13.06864696207124,14.210000038146973
52,2018-05-04T15:00:00,13.31568183924139,14.491000175476074
52,2018-05-04T16:00:00,13.37931614713106,15.54699993133545
52,2018-05-04T17:00:00,13.316236344753532,13.788000106811523
52,2018-05-04T18:00:00,12.992952868912612,13.506999969482422
52,2018-05-04T19:00:00,12.721780054566082,12.661999702453612
52,2018-05-04T20:00:00,12.367552716696881,12.661999702453612
52,2018-05-04T21:00:00,12.104912291217772,12.661999702453612
52,2018-05-04T22:00:00,11.96265808466232,12.451000213623049
53,2018-05-01T23:00:00,10.933469973864142,10.482000350952148
53,2018-05-02T00:00:00,10.915091397086155,10.482000350952148
53,2018-05-02T01:00:00,10.830858319767202,10.340999603271484
53,2018-05-02T02:00:00,10.849696145991485,10.199999809265137
53,2018-05-02T03:00:00,10.91579600812537,10.0600004196167
53,2018-05-02T04:00:00,10.827178981174743,9.56700038909912
53,2018-05-02T05:00:00,10.890998207719848,9.637999534606934
53,2018-05-02T06:00:00,11.02249532458169,10.130000114440918
53,2018-05-02T07:00:00,11.151939719141131,9.21500015258789
53,2018-05-02T08:00:00,11.225884723925041,9.21500015258789
53,2018-05-02T09:00:00,11.369585553713613,9.708000183105469
53,2018-05-02T10:00:00,11.434687356016475,9.28600025177002
53,2018-05-02T11:00:00,11.391365631934947,9.425999641418455
53,2018-05-02T12:00:00,11.526679085815237,9.918999671936035
53,2018-05-02T13:00:00,11.529593620885151,9.918999671936035
53,2018-05-02T14:00:00,11.833323973418377,9.918999671936035
53,2018-05-02T15:00:00,12.018397910432277,10.270999908447266
53,2018-05-02T16:00:00,12.01268087678707,10.482000350952148
53,2018-05-02T17:00:00,11.689577477487806,10.621999740600586
53,2018-05-02T18:00:00,10.860194349567488,10.833000183105469
53,2018-05-02T19:00:00,10.507634201562405,10.0600004196167
53,2018-05-02T20:00:00,10.533766087798103,10.130000114440918
53,2018-05-02T21:00:00,10.643408741552836,9.074999809265137
53,2018-05-02T22:00:00,10.81540312743948,8.020000457763674
53,2018-05-02T23:00:00,10.934570886870558,7.73799991607666
53,2018-05-03T00:00:00,10.965296603324731,8.230999946594237
53,2018-05-03T01:00:00,10.796501017980576,7.809000015258789
53,2018-05-03T02:00:00,10.62881018593997,8.230999946594237
53,2018-05-03T03:00:00,10.406889599749949,8.722999572753906
53,2018-05-03T04:00:00,10.468097507729215,8.581999778747559
53,2018-05-03T05:00:00,10.594668692155285,8.371000289916992
53,2018-05-03T06:00:00,10.741742889036466,8.652999877929688
53,2018-05-03T07:00:00,11.05685680060433,9.637999534606934
53,2018-05-03T08:00:00,11.214228002885626,9.918999671936035
53,2018-05-03T09:00:00,11.275642702517043,9.708000183105469
53,2018-05-03T10:00:00,11.397191112231805,9.496999740600586
53,2018-05-03T11:00:00,11.46876999307336,9.21500015258789
53,2018-05-03T12:00:00,11.633911034786982,9.777999877929688
53,2018-05-03T13:00:00,11.851460694961695,10.621999740600586
53,2018-05-03T14:00:00,12.269600094384959,12.029000282287598
53,2018-05-03T15:00:00,12.589148213386109,12.944000244140623
53,2018-05-03T16:00:00,12.563206922766824,13.857999801635742
53,2018-05-03T17:00:00,12.095235243350505,12.944000244140623
53,2018-05-03T18:00:00,11.405606121582505,13.29599952697754
53,2018-05-03T19:00:00,11.137663331063852,11.536999702453612
53,2018-05-03T20:00:00,11.185879513841606,11.395999908447266
53,2018-05-03T21:00:00,11.141352520853303,11.326000213623049
53,2018-05-03T22:00:00,11.183392504024276,10.973999977111816
53,2018-05-03T23:00:00,11.15658489246258,10.904000282287598
53,2018-05-04T00:00:00,11.049586116314597,10.41100025177002
53,2018-05-04T01:00:00,11.093462846816589,10.340999603271484
53,2018-05-04T02:00:00,11.109496421286455,10.130000114440918
53,2018-05-04T03:00:00,11.022291621864191,10.0600004196167
53,2018-05-04T04:00:00,10.970766188259008,10.199999809265137
53,2018-05-04T05:00:00,11.085216977509189,10.270999908447266
53,2018-05-04T06:00:00,11.232044059618325,10.199999809265137
53,2018-05-04T07:00:00,11.451125914864452,11.043999671936035
53,2018-05-04T08:00:00,11.649909128250727,11.536999702453612
53,2018-05-04T09:00:00,11.682853284177067,10.973999977111816
53,2018-05-04T10:00:00,11.8444638405545,11.326000213623049
53,2018-05-04T11:00:00,11.79621668494552,12.029000282287598
53,2018-05-04T12:00:00,11.934190212468291,12.310999870300291
53,2018-05-04T13:00:00,12.095946032259022,13.154999732971191
53,2018-05-04T14:00:00,12.327070140982848,14.210000038146973
53,2018-05-04T15:00:00,12.60829459913657,14.491000175476074
53,2018-05-04T16:00:00,12.630602384274834,15.54699993133545
53,2018-05-04T17:00:00,12.239774343215473,13.788000106811523
53,2018-05-04T18:00:00,11.516391764642677,13.506999969482422
53,2018-05-04T19:00:00,11.223876332009112,12.661999702453612
53,2018-05-04T20:00:00,11.089061448878375,12.661999702453612
53,2018-05-04T21:00:00,11.051839953308164,12.661999702453612
53,2018-05-04T22:00:00,11.131610688843093,12.451000213623049
53,2018-05-04T23:00:00,11.162257094812993,12.522000312805176
53,2018-05-05T00:00:00,11.3049296433018,11.958999633789062
53,2018-05-05T01:00:00,11.283617663907112,12.239999771118164
53,2018-05-05T02:00:00,11.144258123058147,12.100000381469728
53,2018-05-05T03:00:00,11.026075984234769,11.888999938964846
53,2018-05-05T04:00:00,10.951456506395665,11.467000007629396
53,2018-05-05T05:00:00,10.990069024375286,8.722999572753906
53,2018-05-05T06:00:00,11.146966868292557,10.833000183105469
53,2018-05-05T07:00:00,11.410006016795753,7.315999984741211
53,2018-05-05T08:00:00,11.541444109960352,9.708000183105469
53,2018-05-05T09:00:00,11.465653091041471,6.683000087738037
53,2018-05-05T10:00:00,11.63215451627216,8.86400032043457
53,2018-05-05T11:00:00,11.646247738873129,10.130000114440918
53,2018-05-05T12:00:00,11.812196912679122,11.043999671936035
53,2018-05-05T13:00:00,12.035746870154973,11.1850004196167
53,2018-05-05T14:00:00,12.212224385520992,11.043999671936035
53,2018-05-05T15:00:00,12.299352128546431,11.326000213623049
53,2018-05-05T16:00:00,12.2300898652081,11.607000350952148
53,2018-05-05T17:00:00,12.082803867591553,11.607000350952148
53,2018-05-05T18:00:00,11.373781495755203,11.536999702453612
53,2018-05-05T19:00:00,10.956008928192878,11.536999702453612
53,2018-05-05T20:00:00,10.998628211837918,11.817999839782717
53,2018-05-05T21:00:00,10.97391306130548,11.536999702453612
53,2018-05-05T22:00:00,11.088572645841097,11.678000450134276
54,2018-05-02T23:00:00,8.27602534870812,7.73799991607666
54,2018-05-03T00:00:00,8.584712856962504,8.230999946594237
54,2018-05-03T01:00:00,8.675018195411482,7.809000015258789
54,2018-05-03T02:00:00,8.544469798910974,8.230999946594237
54,2018-05-03T03:00:00,8.602987077840137,8.722999572753906
54,2018-05-03T04:00:00,8.654537640346124,8.581999778747559
54,2018-05-03T05:00:00,8.86813079265703,8.371000289916992
54,2018-05-03T06:00:00,9.123384907508807,8.652999877929688
54,2018-05-03T07:00:00,9.405514006091552,9.637999534606934
54,2018-05-03T08:00:00,9.41158710206878,9.918999671936035
54,2018-05-03T09:00:00,9.57576272647701,9.708000183105469
54,2018-05-03T10:00:00,9.67239712505561,9.496999740600586
54,2018-05-03T11:00:00,9.67678508195386,9.21500015258789
54,2018-05-03T12:00:00,10.018929676256024,9.777999877929688
54,2018-05-03T13:00:00,10.148724706640667,10.621999740600586
54,2018-05-03T14:00:00,10.508358014087287,12.029000282287598
54,2018-05-03T15:00:00,10.795642294147711,12.944000244140623
54,2018-05-03T16:00:00,10.78801095586634,13.857999801635742
54,2018-05-03T17:00:00,10.44490545243368,12.944000244140623
54,2018-05-03T18:00:00,9.879192951440803,13.29599952697754
54,2018-05-03T19:00:00,9.695711068042765,11.536999702453612
54,2018-05-03T20:00:00,9.730183578743386,11.395999908447266
54,2018-05-03T21:00:00,9.67951419746002,11.326000213623049
54,2018-05-03T22:00:00,9.659947883566517,10.973999977111816
54,2018-05-03T23:00:00,9.728415873276045,10.904000282287598
54,2018-05-04T00:00:00,9.763730243896031,10.41100025177002
54,2018-05-04T01:00:00,9.832709494032592,10.340999603271484
54,2018-05-04T02:00:00,9.813019121844746,10.130000114440918
54,2018-05-04T03:00:00,9.775945394229442,10.0600004196167
54,2018-05-04T04:00:00,9.73025120136682,10.199999809265137
54,2018-05-04T05:00:00,9.818456982585314,10.270999908447266
54,2018-05-04T06:00:00,9.9388223303289,10.199999809265137
54,2018-05-04T07:00:00,10.188462682134466,11.043999671936035
54,2018-05-04T08:00:00,10.444811114699757,11.536999702453612
54,2018-05-04T09:00:00,10.471936970015184,10.973999977111816
54,2018-05-04T10:00:00,10.674666673098834,11.326000213623049
54,2018-05-04T11:00:00,10.69599910624999,12.029000282287598
54,2018-05-04T12:00:00,10.8856892473874,12.310999870300291
54,2018-05-04T13:00:00,10.94054922769026,13.154999732971191
54,2018-05-04T14:00:00,11.083291402435785,14.210000038146973
54,2018-05-04T15:00:00,11.422443069515685,14.491000175476074
54,2018-05-04T16:00:00,11.453713106346125,15.54699993133545
54,2018-05-04T17:00:00,11.14835855857973,13.788000106811523
54,2018-05-04T18:00:00,10.70828012602771,13.506999969482422
54,2018-05-04T19:00:00,10.443561348437072,12.661999702453612
54,2018-05-04T20:00:00,10.40006388901934,12.661999702453612
54,2018-05-04T21:00:00,10.234746861515355,12.661999702453612
54,2018-05-04T22:00:00,10.299749150031637,12.451000213623049
54,2018-05-04T23:00:00,10.281863967950539,12.522000312805176
54,2018-05-05T00:00:00,10.420394338557621,11.958999633789062
54,2018-05-05T01:00:00,10.466265018118932,12.239999771118164
54,2018-05-05T02:00:00,10.348929748298138,12.100000381469728
54,2018-05-05T03:00:00,10.241339649876366,11.888999938964846
54,2018-05-05T04:00:00,10.267967101411681,11.467000007629396
54,2018-05-05T05:00:00,10.3057631388269,8.722999572753906
54,2018-05-05T06:00:00,10.388642594891131,10.833000183105469
54,2018-05-05T07:00:00,10.597980531009043,7.315999984741211
54,2018-05-05T08:00:00,10.71384187809318,9.708000183105469
54,2018-05-05T09:00:00,10.683327795404935,6.683000087738037
54,2018-05-05T10:00:00,10.843213891400135,8.86400032043457
54,2018-05-05T11:00:00,10.877403555868426,10.130000114440918
54,2018-05-05T12:00:00,11.046310509829443,11.043999671936035
54,2018-05-05T13:00:00,11.212115004615178,11.1850004196167
54,2018-05-05T14:00:00,11.323820064899865,11.043999671936035
54,2018-05-05T15:00:00,11.447720573123974,11.326000213623049
54,2018-05-05T16:00:00,11.423218642567146,11.607000350952148
54,2018-05-05T17:00:00,11.266019752748521,11.607000350952148
54,2018-05-05T18:00:00,10.61407254478311,11.536999702453612
54,2018-05-05T19:00:00,10.203427234761065,11.536999702453612
54,2018-05-05T20:00:00,10.178727779356041,11.817999839782717
54,2018-05-05T21:00:00,10.063251714256022,11.536999702453612
54,2018-05-05T22:00:00,10.036591703679793,11.678000450134276
54,2018-05-05T23:00:00,10.087982392946435,11.748000144958494
54,2018-05-06T00:00:00,10.233831868981017,11.748000144958494
54,2018-05-06T01:00:00,10.219646980157172,12.029000282287598
54,2018-05-06T02:00:00,10.189636727755852,12.239999771118164
54,2018-05-06T03:00:00,10.215796247433964,12.239999771118164
54,2018-05-06T04:00:00,10.110605917296821,11.817999839782717
54,2018-05-06T05:00:00,10.310948374803882,12.451000213623049
54,2018-05-06T06:00:00,10.593335441172313,12.239999771118164
54,2018-05-06T07:00:00,10.807249174809115,12.380999565124512
54,2018-05-06T08:00:00,10.806572113727594,12.029000282287598
54,2018-05-06T09:00:00,10.92552915772467,10.692999839782717
54,2018-05-06T10:00:00,11.109660468761817,11.888999938964846
54,2018-05-06T11:00:00,11.027657184836992,10.904000282287598
54,2018-05-06T12:00:00,11.09624789708534,7.105000019073486
54,2018-05-06T13:00:00,11.331541232740264,8.934000015258789
54,2018-05-06T14:00:00,11.564895552281818,9.28600025177002
54,2018-05-06T15:00:00,11.848971514541638,9.074999809265137
54,2018-05-06T16:00:00,11.747057542252131,9.56700038909912
54,2018-05-06T17:00:00,11.559524646286917,7.668000221252441
54,2018-05-06T18:00:00,11.057552228324315,9.56700038909912
54,2018-05-06T19:00:00,10.751600764807872,8.934000015258789
54,2018-05-06T20:00:00,10.777556164344887,5.697999954223633
54,2018-05-06T21:00:00,10.668087325777789,8.020000457763674
54,2018-05-06T22:00:00,10.744130552036655,7.456999778747559
55,2018-05-03T23:00:00,10.982260448032747,10.904000282287598
55,2018-05-04T00:00:00,11.024425491314709,10.41100025177002
55,2018-05-04T01:00:00,11.129505538136353,10.340999603271484
55,2018-05-04T02:00:00,11.01682971752418,10.130000114440918
55,2018-05-04T03:00:00,11.164030059817714,10.0600004196167
55,2018-05-04T04:00:00,11.039465263674288,10.199999809265137
55,2018-05-04T05:00:00,11.074753420092105,10.270999908447266
55,2018-05-04T06:00:00,11.24341509594492,10.199999809265137
55,2018-05-04T07:00:00,11.561779902520733,11.043999671936035
55,2018-05-04T08:00:00,11.703044731656071,11.536999702453612
55,2018-05-04T09:00:00,11.771383320049154,10.973999977111816
55,2018-05-04T10:00:00,11.999386519474518,11.326000213623049
55,2018-05-04T11:00:00,12.041188070284353,12.029000282287598
55,2018-05-04T12:00:00,12.277856733221274,12.310999870300291
55,2018-05-04T13:00:00,12.501224860976341,13.154999732971191
55,2018-05-04T14:00:00,12.750395945169178,14.210000038146973
55,2018-05-04T15:00:00,13.131502190551199,14.491000175476074
55,2018-05-04T16:00:00,13.206999593708833,15.54699993133545
55,2018-05-04T17:00:00,12.863372811682705,13.788000106811523
55,2018-05-04T18:00:00,12.317680614492247,13.506999969482422
55,2018-05-04T19:00:00,11.87121226144951,12.661999702453612
55,2018-05-04T20:00:00,11.653557577496677,12.661999702453612
55,2018-05-04T21:00:00,11.526820675900842,12.661999702453612
55,2018-05-04T22:00:00,11.479765348158669,12.451000213623049
55,2018-05-04T23:00:00,11.587435591911916,12.522000312805176
55,2018-05-05T00:00:00,11.604775618769544,11.958999633789062
55,2018-05-05T01:00:00,11.528879409103101,12.239999771118164
55,2018-05-05T02:00:00,11.348186249301506,12.100000381469728
55,2018-05-05T03:00:00,11.091582270007418,11.888999938964846
55,2018-05-05T04:00:00,11.013233529713126,11.467000007629396
55,2018-05-05T05:00:00,10.95119185983236,8.722999572753906
55,2018-05-05T06:00:00,11.132198421273909,10.833000183105469
55,2018-05-05T07:00:00,11.419924836412969,7.315999984741211
55,2018-05-05T08:00:00,11.559803318283233,9.708000183105469
55,2018-05-05T09:00:00,11.438643279487243,6.683000087738037
55,2018-05-05T10:00:00,11.62533481644141,8.86400032043457
55,2018-05-05T11:00:00,11.637830725889145,10.130000114440918
55,2018-05-05T12:00:00,11.899529610692865,11.043999671936035
55,2018-05-05T13:00:00,12.238055058885896,11.1850004196167
55,2018-05-05T14:00:00,12.3741776466752,11.043999671936035
55,2018-05-05T15:00:00,12.69237289578411,11.326000213623049
55,2018-05-05T16:00:00,12.697143463155431,11.607000350952148
55,2018-05-05T17:00:00,12.439309086053765,11.607000350952148
55,2018-05-05T18:00:00,11.861262969909392,11.536999702453612
55,2018-05-05T19:00:00,11.287972560856126,11.536999702453612
55,2018-05-05T20:00:00,11.252465674471157,11.817999839782717
55,2018-05-05T21:00:00,11.068764226258766,11.536999702453612
55,2018-05-05T22:00:00,11.029949675256052,11.678000450134276
55,2018-05-05T23:00:00,10.916715508834603,11.748000144958494
55,2018-05-06T00:00:00,10.92441555504077,11.748000144958494
55,2018-05-06T01:00:00,10.813323105633547,12.029000282287598
55,2018-05-06T02:00:00,10.831316149973253,12.239999771118164
55,2018-05-06T03:00:00,10.764198275160195,12.239999771118164
55,2018-05-06T04:00:00,10.638597099699135,11.817999839782717
55,2018-05-06T05:00:00,10.801311741502355,12.451000213623049
55,2018-05-06T06:00:00,11.031718132085878,12.239999771118164
55,2018-05-06T07:00:00,11.233428653704273,12.380999565124512
55,2018-05-06T08:00:00,11.252137996944036,12.029000282287598
55,2018-05-06T09:00:00,11.246184618055697,10.692999839782717
55,2018-05-06T10:00:00,11.480176092982477,11.888999938964846
55,2018-05-06T11:00:00,11.449227973233462,10.904000282287598
55,2018-05-06T12:00:00,11.531008269470403,7.105000019073486
55,2018-05-06T13:00:00,11.92436372695171,8.934000015258789
55,2018-05-06T14:00:00,12.272039935335325,9.28600025177002
55,2018-05-06T15:00:00,12.73131467750054,9.074999809265137
55,2018-05-06T16:00:00,12.69940013862949,9.56700038909912
55,2018-05-06T17:00:00,12.453437372237257,7.668000221252441
55,2018-05-06T18:00:00,11.761764210577766,9.56700038909912
55,2018-05-06T19:00:00,11.279116752182318,8.934000015258789
55,2018-05-06T20:00:00,11.107957797891578,5.697999954223633
55,2018-05-06T21:00:00,10.995967219863513,8.020000457763674
55,2018-05-06T22:00:00,11.005525051550212,7.456999778747559
55,2018-05-06T23:00:00,11.164026553459461,7.597000122070312
55,2018-05-07T00:00:00,11.291802004975661,7.948999881744385
55,2018-05-07T01:00:00,11.154153566953683,7.456999778747559
55,2018-05-07T02:00:00,11.075787795776453,7.456999778747559
55,2018-05-07T03:00:00,11.173335851133867,7.668000221252441
55,2018-05-07T04:00:00,11.119860214462797,8.090000152587889
55,2018-05-07T05:00:00,11.333174861746826,8.442000389099121
55,2018-05-07T06:00:00,11.543101866051078,8.652999877929688
55,2018-05-07T07:00:00,11.641456049867578,8.51200008392334
55,2018-05-07T08:00:00,11.737826636730073,8.300999641418457
55,2018-05-07T09:00:00,11.857272400279705,7.948999881744385
55,2018-05-07T10:00:00,11.995320563142414,8.159999847412111
55,2018-05-07T11:00:00,12.092426316451752,8.230999946594237
55,2018-05-07T12:00:00,12.26235754444596,8.722999572753906
55,2018-05-07T13:00:00,12.499771141541995,8.230999946594237
55,2018-05-07T14:00:00,12.795959400959834,8.159999847412111
55,2018-05-07T15:00:00,13.068675096421977,7.73799991607666
55,2018-05-07T16:00:00,13.132574134359674,7.386000156402588
55,2018-05-07T17:00:00,13.039272696269062,7.315999984741211
55,2018-05-07T18:00:00,12.478454320033531,7.73799991607666
55,2018-05-07T19:00:00,11.942918539974224,8.722999572753906
55,2018-05-07T20:00:00,11.889303817759156,8.86400032043457
55,2018-05-07T21:00:00,11.786989118812272,9.074999809265137
55,2018-05-07T22:00:00,11.723355061376765,8.442000389099121
56,2018-05-04T23:00:00,12.543513461644327,12.522000312805176
56,2018-05-05T00:00:00,12.602343223881519,11.958999633789062
56,2018-05-05T01:00:00,12.603458412775105,12.239999771118164
56,2018-05-05T02:00:00,12.395771136546694,12.100000381469728
56,2018-05-05T03:00:00,12.307594241041418,11.888999938964846
56,2018-05-05T04:00:00,12.058135802441354,11.467000007629396
56,2018-05-05T05:00:00,12.051086352660379,8.722999572753906
56,2018-05-05T06:00:00,12.190315490376257,10.833000183105469
56,2018-05-05T07:00:00,12.535011962123411,7.315999984741211
56,2018-05-05T08:00:00,12.702796046596577,9.708000183105469
56,2018-05-05T09:00:00,12.528595827430529,6.683000087738037
56,2018-05-05T10:00:00,12.707707870114621,8.86400032043457
56,2018-05-05T11:00:00,12.847908936944073,10.130000114440918
56,2018-05-05T12:00:00,13.070700853159725,11.043999671936035
56,2018-05-05T13:00:00,13.404797353456846,11.1850004196167
56,2018-05-05T14:00:00,13.632101117895651,11.043999671936035
56,2018-05-05T15:00:00,13.824608868342725,11.326000213623049
56,2018-05-05T16:00:00,13.804335856291999,11.607000350952148
56,2018-05-05T17:00:00,13.508929765218523,11.607000350952148
56,2018-05-05T18:00:00,12.84382035625277,11.536999702453612
56,2018-05-05T19:00:00,12.242371135439978,11.536999702453612
56,2018-05-05T20:00:00,12.195726135098013,11.817999839782717
56,2018-05-05T21:00:00,12.09828402185064,11.536999702453612
56,2018-05-05T22:00:00,12.05442240208302,11.678000450134276
56,2018-05-05T23:00:00,12.062268296095526,11.748000144958494
56,2018-05-06T00:00:00,11.958615003143574,11.748000144958494
56,2018-05-06T01:00:00,11.725662078137157,12.029000282287598
56,2018-05-06T02:00:00,11.674770627497828,12.239999771118164
56,2018-05-06T03:00:00,11.512260439774588,12.239999771118164
56,2018-05-06T04:00:00,11.362722859251917,11.817999839782717
56,2018-05-06T05:00:00,11.447313668597298,12.451000213623049
56,2018-05-06T06:00:00,11.680661810269552,12.239999771118164
56,2018-05-06T07:00:00,11.847587838787614,12.380999565124512
56,2018-05-06T08:00:00,11.914948654136703,12.029000282287598
56,2018-05-06T09:00:00,11.773261726255598,10.692999839782717
56,2018-05-06T10:00:00,11.9879335011526,11.888999938964846
56,2018-05-06T11:00:00,12.04671008362297,10.904000282287598
56,2018-05-06T12:00:00,12.09749684442306,7.105000019073486
56,2018-05-06T13:00:00,12.5547202000414,8.934000015258789
56,2018-05-06T14:00:00,12.982207049656239,9.28600025177002
56,2018-05-06T15:00:00,13.467050657103542,9.074999809265137
56,2018-05-06T16:00:00,13.424599678654598,9.56700038909912
56,2018-05-06T17:00:00,13.01603447392321,7.668000221252441
56,2018-05-06T18:00:00,12.512694242303434,9.56700038909912
56,2018-05-06T19:00:00,12.073232010471845,8.934000015258789
56,2018-05-06T20:00:00,11.998059362876127,5.697999954223633
56,2018-05-06T21:00:00,11.877687753778519,8.020000457763674
56,2018-05-06T22:00:00,11.8353780314763,7.456999778747559
56,2018-05-06T23:00:00,11.80257120791483,7.597000122070312
56,2018-05-07T00:00:00,11.77413439203675,7.948999881744385
56,2018-05-07T01:00:00,11.565412907093432,7.456999778747559
56,2018-05-07T02:00:00,11.466206344282808,7.456999778747559
56,2018-05-07T03:00:00,11.409067982478618,7.668000221252441
56,2018-05-07T04:00:00,11.368292041457497,8.090000152587889
56,2018-05-07T05:00:00,11.547148704382236,8.442000389099121
56,2018-05-07T06:00:00,11.732189748416342,8.652999877929688
56,2018-05-07T07:00:00,11.901159482887014,8.51200008392334
56,2018-05-07T08:00:00,11.925340498179061,8.300999641418457
56,2018-05-07T09:00:00,12.016189238672382,7.948999881744385
56,2018-05-07T10:00:00,12.138161583796759,8.159999847412111
56,2018-05-07T11:00:00,12.179688970785174,8.230999946594237
56,2018-05-07T12:00:00,12.339447585612495,8.722999572753906
56,2018-05-07T13:00:00,12.701903845390877,8.230999946594237
56,2018-05-07T14:00:00,13.052491165970874,8.159999847412111
56,2018-05-07T15:00:00,13.319190869004466,7.73799991607666
56,2018-05-07T16:00:00,13.382615045853175,7.386000156402588
56,2018-05-07T17:00:00,13.148981219468102,7.315999984741211
56,2018-05-07T18:00:00,12.559306266180887,7.73799991607666
56,2018-05-07T19:00:00,12.074905378205266,8.722999572753906
56,2018-05-07T20:00:00,11.922220507212522,8.86400032043457
56,2018-05-07T21:00:00,11.897976544441377,9.074999809265137
56,2018-05-07T22:00:00,11.842931645483084,8.442000389099121
56,2018-05-07T23:00:00,11.755418870927684,8.300999641418457
56,2018-05-08T00:00:00,11.726934385274319,8.51200008392334
56,2018-05-08T01:00:00,11.759591938155918,8.020000457763674
56,2018-05-08T02:00:00,11.66910284983759,7.73799991607666
56,2018-05-08T03:00:00,11.735691932432353,7.245999813079834
56,2018-05-08T04:00:00,11.532868309038381,7.105000019073486
56,2018-05-08T05:00:00,11.561950211350117,7.597000122070312
56,2018-05-08T06:00:00,11.803041560828923,8.300999641418457
56,2018-05-08T07:00:00,11.830608215467462,6.964000225067139
56,2018-05-08T08:00:00,11.947033167898255,7.456999778747559
56,2018-05-08T09:00:00,12.098258141587351,7.809000015258789
56,2018-05-08T10:00:00,12.097157395550376,8.300999641418457
56,2018-05-08T11:00:00,12.147224267607438,8.581999778747559
56,2018-05-08T12:00:00,12.35634940117334,8.934000015258789
56,2018-05-08T13:00:00,12.647319030726083,10.130000114440918
56,2018-05-08T14:00:00,12.970184081148927,10.41100025177002
56,2018-05-08T15:00:00,13.26248328835695,11.888999938964846
56,2018-05-08T16:00:00,13.299382699876293,12.592000007629396
56,2018-05-08T17:00:00,12.986932034370284,12.310999870300291
56,2018-05-08T18:00:00,12.400347852397509,11.748000144958494
56,2018-05-08T19:00:00,11.946472901940414,10.621999740600586
56,2018-05-08T20:00:00,11.796596957846422,10.199999809265137
56,2018-05-08T21:00:00,11.727617290286261,9.496999740600586
56,2018-05-08T22:00:00,11.662951695646896,9.708000183105469
57,2018-05-05T23:00:00,11.483019582555428,11.748000144958494
57,2018-05-06T00:00:00,11.316819537164976,11.748000144958494
57,2018-05-06T01:00:00,11.256993050852284,12.029000282287598
57,2018-05-06T02:00:00,10.951906822976891,12.239999771118164
57,2018-05-06T03:00:00,10.976388383261968,12.239999771118164
57,2018-05-06T04:00:00,10.451168225695397,11.817999839782717
57,2018-05-06T05:00:00,10.206728888478949,12.451000213623049
57,2018-05-06T06:00:00,10.327185318052367,12.239999771118164
57,2018-05-06T07:00:00,10.104071568240013,12.380999565124512
57,2018-05-06T08:00:00,10.139056174214868,12.029000282287598
57,2018-05-06T09:00:00,10.080863984786504,10.692999839782717
57,2018-05-06T10:00:00,10.380566283050634,11.888999938964846
57,2018-05-06T11:00:00,10.732904361699756,10.904000282287598
57,2018-05-06T12:00:00,11.062368795776514,7.105000019073486
57,2018-05-06T13:00:00,11.464806555977768,8.934000015258789
57,2018-05-06T14:00:00,11.79058680934829,9.28600025177002
57,2018-05-06T15:00:00,12.116649408042823,9.074999809265137
57,2018-05-06T16:00:00,12.131917928535985,9.56700038909912
57,2018-05-06T17:00:00,12.089693026709579,7.668000221252441
57,2018-05-06T18:00:00,11.98916965940588,9.56700038909912
57,2018-05-06T19:00:00,11.813559800737796,8.934000015258789
57,2018-05-06T20:00:00,11.719690666549237,5.697999954223633
57,2018-05-06T21:00:00,11.393533730120783,8.020000457763674
57,2018-05-06T22:00:00,11.230869847027495,7.456999778747559
57,2018-05-06T23:00:00,10.993370511123727,7.597000122070312
57,2018-05-07T00:00:00,10.823628042082087,7.948999881744385
57,2018-05-07T01:00:00,10.66820679241252,7.456999778747559
57,2018-05-07T02:00:00,10.53014669123481,7.456999778747559
57,2018-05-07T03:00:00,10.384051352698986,7.668000221252441
57,2018-05-07T04:00:00,10.099610144787912,8.090000152587889
57,2018-05-07T05:00:00,9.839273897588704,8.442000389099121
57,2018-05-07T06:00:00,9.846398483617937,8.652999877929688
57,2018-05-07T07:00:00,9.847217719178108,8.51200008392334
57,2018-05-07T08:00:00,9.956204767424431,8.300999641418457
57,2018-05-07T09:00:00,10.083025905103037,7.948999881744385
57,2018-05-07T10:00:00,10.416233460098553,8.159999847412111
57,2018-05-07T11:00:00,10.807566416746205,8.230999946594237
57,2018-05-07T12:00:00,11.196725848701202,8.722999572753906
57,2018-05-07T13:00:00,11.460602766372471,8.230999946594237
57,2018-05-07T14:00:00,11.909653218328943,8.159999847412111
57,2018-05-07T15:00:00,12.151664402455864,7.73799991607666
57,2018-05-07T16:00:00,12.396081950160319,7.386000156402588
57,2018-05-07T17:00:00,12.239001775613943,7.315999984741211
57,2018-05-07T18:00:00,12.295948706954519,7.73799991607666
57,2018-05-07T19:00:00,12.006298803860062,8.722999572753906
57,2018-05-07T20:00:00,11.890295950175037,8.86400032043457
57,2018-05-07T21:00:00,11.678949037748158,9.074999809265137
57,2018-05-07T22:00:00,11.41135254184925,8.442000389099121
57,2018-05-07T23:00:00,11.07232902381499,8.300999641418457
57,2018-05-08T00:00:00,10.845263524767883,8.51200008392334
57,2018-05-08T01:00:00,10.83780090910621,8.020000457763674
57,2018-05-08T02:00:00,10.644580032178453,7.73799991607666
57,2018-05-08T03:00:00,10.572376602144434,7.245999813079834
57,2018-05-08T04:00:00,10.251754869640402,7.105000019073486
57,2018-05-08T05:00:00,10.08137006916088,7.597000122070312
57,2018-05-08T06:00:00,10.088680325208028,8.300999641418457
57,2018-05-08T07:00:00,10.066194550646115,6.964000225067139
57,2018-05-08T08:00:00,10.07152638579192,7.456999778747559
57,2018-05-08T09:00:00,10.211732294735148,7.809000015258789
57,2018-05-08T10:00:00,10.39547197894943,8.300999641418457
57,2018-05-08T11:00:00,10.724008229906048,8.581999778747559
57,2018-05-08T12:00:00,10.941930064963795,8.934000015258789
57,2018-05-08T13:00:00,11.36282496106483,10.130000114440918
57,2018-05-08T14:00:00,11.818532150678049,10.41100025177002
57,2018-05-08T15:00:00,12.052715640461486,11.888999938964846
57,2018-05-08T16:00:00,12.182281755743105,12.592000007629396
57,2018-05-08T17:00:00,12.04906602242945,12.310999870300291
57,2018-05-08T18:00:00,11.871746647144064,11.748000144958494
57,2018-05-08T19:00:00,11.606419766850863,10.621999740600586
57,2018-05-08T20:00:00,11.369534628034238,10.199999809265137
57,2018-05-08T21:00:00,11.252326588927161,9.496999740600586
57,2018-05-08T22:00:00,10.955422448032866,9.708000183105469
57,2018-05-08T23:00:00,10.730925773828968,9.074999809265137
57,2018-05-09T00:00:00,10.604018145980149,8.581999778747559
57,2018-05-09T01:00:00,10.523073865732155,8.230999946594237
57,2018-05-09T02:00:00,10.324496692635545,8.159999847412111
57,2018-05-09T03:00:00,10.148560993104185,7.809000015258789
57,2018-05-09T04:00:00,10.000344558280046,7.175000190734862
57,2018-05-09T05:00:00,9.644990761080024,7.0349998474121085
57,2018-05-09T06:00:00,9.873369057353631,7.0349998474121085
57,2018-05-09T07:00:00,9.79260844349027,7.879000186920166
57,2018-05-09T08:00:00,9.860675205634099,8.230999946594237
57,2018-05-09T09:00:00,9.926699096672523,8.230999946594237
57,2018-05-09T10:00:00,10.011578596180653,8.581999778747559
57,2018-05-09T11:00:00,10.359440224128022,9.074999809265137
57,2018-05-09T12:00:00,10.601008855752706,9.56700038909912
57,2018-05-09T13:00:00,11.055025145841249,10.340999603271484
57,2018-05-09T14:00:00,11.36197926084833,11.607000350952148
57,2018-05-09T15:00:00,11.674709433197858,12.380999565124512
57,2018-05-09T16:00:00,11.791145823035329,12.661999702453612
57,2018-05-09T17:00:00,11.723186756180667,12.87399959564209
57,2018-05-09T18:00:00,11.706943969001763,12.239999771118164
57,2018-05-09T19:00:00,11.510579558416344,11.607000350952148
57,2018-05-09T20:00:00,11.494566020279347,10.762999534606934
57,2018-05-09T21:00:00,11.306320832680651,9.708000183105469
57,2018-05-09T22:00:00,11.061259784752231,9.425999641418455
58,2018-05-06T23:00:00,7.487369907640595,7.597000122070312
58,2018-05-07T00:00:00,7.910472974593199,7.948999881744385
58,2018-05-07T01:00:00,8.030211769511038,7.456999778747559
58,2018-05-07T02:00:00,8.033370497387791,7.456999778747559
58,2018-05-07T03:00:00,8.212744431639422,7.668000221252441
58,2018-05-07T04:00:00,7.935874870434716,8.090000152587889
58,2018-05-07T05:00:00,8.02424386428137,8.442000389099121
58,2018-05-07T06:00:00,7.955158171126445,8.652999877929688
58,2018-05-07T07:00:00,8.050868393851479,8.51200008392334
58,2018-05-07T08:00:00,8.16351132148386,8.300999641418457
58,2018-05-07T09:00:00,7.884937503199229,7.948999881744385
58,2018-05-07T10:00:00,8.318479499576434,8.159999847412111
58,2018-05-07T11:00:00,8.360944002550063,8.230999946594237
58,2018-05-07T12:00:00,8.328904654022185,8.722999572753906
58,2018-05-07T13:00:00,8.588643568047745,8.230999946594237
58,2018-05-07T14:00:00,9.023960449578237,8.159999847412111
58,2018-05-07T15:00:00,9.073072005981063,7.73799991607666
58,2018-05-07T16:00:00,9.393277650639188,7.386000156402588
58,2018-05-07T17:00:00,9.081149987515964,7.315999984741211
58,2018-05-07T18:00:00,9.163714205276396,7.73799991607666
58,2018-05-07T19:00:00,8.83797485941881,8.722999572753906
58,2018-05-07T20:00:00,8.451765026116249,8.86400032043457
58,2018-05-07T21:00:00,8.619310010350514,9.074999809265137
58,2018-05-07T22:00:00,8.60944128156547,8.442000389099121
58,2018-05-07T23:00:00,8.56829166293635,8.300999641418457
58,2018-05-08T00:00:00,8.56612222899499,8.51200008392334
58,2018-05-08T01:00:00,8.6176728749857,8.020000457763674
58,2018-05-08T02:00:00,8.393735464923,7.73799991607666
58,2018-05-08T03:00:00,8.213121281666794,7.245999813079834
58,2018-05-08T04:00:00,8.084115348858298,7.105000019073486
58,2018-05-08T05:00:00,7.890346478226579,7.597000122070312
58,2018-05-08T06:00:00,7.992905536949738,8.300999641418457
58,2018-05-08T07:00:00,8.089155738845582,6.964000225067139
58,2018-05-08T08:00:00,8.24273097438018,7.456999778747559
58,2018-05-08T09:00:00,8.134924984471745,7.809000015258789
58,2018-05-08T10:00:00,8.425556500907328,8.300999641418457
58,2018-05-08T11:00:00,8.573205156148799,8.581999778747559
58,2018-05-08T12:00:00,8.617572359382475,8.934000015258789
58,2018-05-08T13:00:00,9.178698543781703,10.130000114440918
58,2018-05-08T14:00:00,9.54354263352971,10.41100025177002
58,2018-05-08T15:00:00,9.757379561223853,11.888999938964846
58,2018-05-08T16:00:00,10.010587298611973,12.592000007629396
58,2018-05-08T17:00:00,9.744316707040653,12.310999870300291
58,2018-05-08T18:00:00,9.6576103113985,11.748000144958494
58,2018-05-08T19:00:00,9.2240115454115,10.621999740600586
58,2018-05-08T20:00:00,9.001037215082023,10.199999809265137
58,2018-05-08T21:00:00,9.142082145464128,9.496999740600586
58,2018-05-08T22:00:00,8.996451900305019,9.708000183105469
58,2018-05-08T23:00:00,8.880129634080179,9.074999809265137
58,2018-05-09T00:00:00,8.815248648862472,8.581999778747559
58,2018-05-09T01:00:00,8.778754138236518,8.230999946594237
58,2018-05-09T02:00:00,8.784990029418303,8.159999847412111
58,2018-05-09T03:00:00,8.75540680136125,7.809000015258789
58,2018-05-09T04:00:00,8.653671486373154,7.175000190734862
58,2018-05-09T05:00:00,8.437226496017269,7.0349998474121085
58,2018-05-09T06:00:00,8.60802454586221,7.0349998474121085
58,2018-05-09T07:00:00,8.594653633061156,7.879000186920166
58,2018-05-09T08:00:00,8.64737757331077,8.230999946594237
58,2018-05-09T09:00:00,8.678001438406191,8.230999946594237
58,2018-05-09T10:00:00,8.68467228498067,8.581999778747559
58,2018-05-09T11:00:00,8.72477792718261,9.074999809265137
58,2018-05-09T12:00:00,8.710964545364037,9.56700038909912
58,2018-05-09T13:00:00,9.232653299262497,10.340999603271484
58,2018-05-09T14:00:00,9.58709160301986,11.607000350952148
58,2018-05-09T15:00:00,9.858047941486689,12.380999565124512
58,2018-05-09T16:00:00,10.016030669344081,12.661999702453612
58,2018-05-09T17:00:00,9.897217886943661,12.87399959564209
58,2018-05-09T18:00:00,9.7652955824014,12.239999771118164
58,2018-05-09T19:00:00,9.41659702013316,11.607000350952148
58,2018-05-09T20:00:00,9.209868816371399,10.762999534606934
58,2018-05-09T21:00:00,9.150692759514458,9.708000183105469
58,2018-05-09T22:00:00,9.116898979589765,9.425999641418455
58,2018-05-09T23:00:00,9.042174060548941,8.722999572753906
58,2018-05-10T00:00:00,9.015013392105153,7.948999881744385
58,2018-05-10T01:00:00,9.267598083025778,7.668000221252441
58,2018-05-10T02:00:00,9.1446108976416,7.315999984741211
58,2018-05-10T03:00:00,8.978224514355468,6.752999782562256
58,2018-05-10T04:00:00,9.024964269854959,6.330999851226808
58,2018-05-10T05:00:00,8.934264466102631,6.119999885559082
58,2018-05-10T06:00:00,9.201026866161156,6.050000190734862
58,2018-05-10T07:00:00,8.989604817486017,6.401999950408936
58,2018-05-10T08:00:00,9.056674354646027,6.61299991607666
58,2018-05-10T09:00:00,9.13928916414695,6.683000087738037
58,2018-05-10T10:00:00,9.217701770252262,7.456999778747559
58,2018-05-10T11:00:00,9.338989206731409,7.105000019073486
58,2018-05-10T12:00:00,9.351218048558948,8.159999847412111
58,2018-05-10T13:00:00,9.691122163422786,8.51200008392334
58,2018-05-10T14:00:00,10.09292051415137,9.637999534606934
58,2018-05-10T15:00:00,10.179853570809101,10.130000114440918
58,2018-05-10T16:00:00,10.274202992593468,10.0600004196167
58,2018-05-10T17:00:00,10.28668395827627,9.918999671936035
58,2018-05-10T18:00:00,10.167701117500625,9.56700038909912
58,2018-05-10T19:00:00,10.027234318806503,9.28600025177002
58,2018-05-10T20:00:00,9.780129982349074,8.581999778747559
58,2018-05-10T21:00:00,9.634784754025022,8.230999946594237
58,2018-05-10T22:00:00,9.61686868259742,8.371000289916992
59,2018-05-07T23:00:00,8.53947691172953,8.300999641418457
59,2018-05-08T00:00:00,8.676954873952683,8.51200008392334
59,2018-05-08T01:00:00,8.907745544703685,8.020000457763674
59,2018-05-08T02:00:00,8.737426196244865,7.73799991607666
59,2018-05-08T03:00:00,8.75046150047037,7.245999813079834
59,2018-05-08T04:00:00,8.62226870883746,7.105000019073486
59,2018-05-08T05:00:00,8.50729939598958,7.597000122070312
59,2018-05-08T06:00:00,8.585497863787356,8.300999641418457
59,2018-05-08T07:00:00,8.62069084762405,6.964000225067139
59,2018-05-08T08:00:00,8.55167369542448,7.456999778747559
59,2018-05-08T09:00:00,8.480427668162704,7.809000015258789
59,2018-05-08T10:00:00,8.721333347623595,8.300999641418457
59,2018-05-08T11:00:00,8.874792789851156,8.581999778747559
59,2018-05-08T12:00:00,8.901206770956701,8.934000015258789
59,2018-05-08T13:00:00,9.324650706022236,10.130000114440918
59,2018-05-08T14:00:00,9.442681069624133,10.41100025177002
59,2018-05-08T15:00:00,9.407460452345028,11.888999938964846
59,2018-05-08T16:00:00,9.4888067115212,12.592000007629396
59,2018-05-08T17:00:00,9.363250701293811,12.310999870300291
59,2018-05-08T18:00:00,9.37330393131069,11.748000144958494
59,2018-05-08T19:00:00,9.45979911061052,10.621999740600586
59,2018-05-08T20:00:00,9.320395489829243,10.199999809265137
59,2018-05-08T21:00:00,9.523512979438621,9.496999740600586
59,2018-05-08T22:00:00,9.570387145337774,9.708000183105469
59,2018-05-08T23:00:00,9.550826675374694,9.074999809265137
59,2018-05-09T00:00:00,9.393211447256,8.581999778747559
59,2018-05-09T01:00:00,9.39616822559438,8.230999946594237
59,2018-05-09T02:00:00,9.376933012101535,8.159999847412111
59,2018-05-09T03:00:00,9.216113056025213,7.809000015258789
59,2018-05-09T04:00:00,9.258972775664677,7.175000190734862
59,2018-05-09T05:00:00,9.079269076767915,7.0349998474121085
59,2018-05-09T06:00:00,9.101675540845557,7.0349998474121085
59,2018-05-09T07:00:00,8.950508088128737,7.879000186920166
59,2018-05-09T08:00:00,8.965058640027438,8.230999946594237
59,2018-05-09T09:00:00,8.904065037325143,8.230999946594237
59,2018-05-09T10:00:00,8.970910668465347,8.581999778747559
59,2018-05-09T11:00:00,9.14832596769434,9.074999809265137
59,2018-05-09T12:00:00,9.201074953360042,9.56700038909912
59,2018-05-09T13:00:00,9.601555330809465,10.340999603271484
59,2018-05-09T14:00:00,9.69944784412278,11.607000350952148
59,2018-05-09T15:00:00,9.844447028281245,12.380999565124512
59,2018-05-09T16:00:00,9.985226059829237,12.661999702453612
59,2018-05-09T17:00:00,9.852660672486614,12.87399959564209
59,2018-05-09T18:00:00,9.997016606875274,12.239999771118164
59,2018-05-09T19:00:00,9.815072762479069,11.607000350952148
59,2018-05-09T20:00:00,9.851951887211383,10.762999534606934
59,2018-05-09T21:00:00,9.785534282232089,9.708000183105469
59,2018-05-09T22:00:00,9.73335432841986,9.425999641418455
59,2018-05-09T23:00:00,9.496881353667291,8.722999572753906
59,2018-05-10T00:00:00,9.385023766798643,7.948999881744385
59,2018-05-10T01:00:00,9.644438593140048,7.668000221252441
59,2018-05-10T02:00:00,9.470956843476785,7.315999984741211
59,2018-05-10T03:00:00,9.387221251606018,6.752999782562256
59,2018-05-10T04:00:00,9.515868283602003,6.330999851226808
59,2018-05-10T05:00:00,9.362627070433273,6.119999885559082
59,2018-05-10T06:00:00,9.56350174303216,6.050000190734862
59,2018-05-10T07:00:00,9.257788962331018,6.401999950408936
59,2018-05-10T08:00:00,9.182449512264165,6.61299991607666
59,2018-05-10T09:00:00,9.250896630793621,6.683000087738037
59,2018-05-10T10:00:00,9.248328473828174,7.456999778747559
59,2018-05-10T11:00:00,9.511700308941712,7.105000019073486
59,2018-05-10T12:00:00,9.486543691208398,8.159999847412111
59,2018-05-10T13:00:00,9.743808285094111,8.51200008392334
59,2018-05-10T14:00:00,9.930136162606711,9.637999534606934
59,2018-05-10T15:00:00,9.965726032803644,10.130000114440918
59,2018-05-10T16:00:00,9.959484381176159,10.0600004196167
59,2018-05-10T17:00:00,9.827690392648979,9.918999671936035
59,2018-05-10T18:00:00,9.833434141404677,9.56700038909912
59,2018-05-10T19:00:00,9.83137590911074,9.28600025177002
59,2018-05-10T20:00:00,9.706409634947455,8.581999778747559
59,2018-05-10T21:00:00,9.738781670085672,8.230999946594237
59,2018-05-10T22:00:00,9.631885329689478,8.371000289916992
59,2018-05-10T23:00:00,9.49753420417993,7.948999881744385
59,2018-05-11T00:00:00,9.528916110535551,7.809000015258789
59,2018-05-11T01:00:00,9.698712343737057,7.597000122070312
59,2018-05-11T02:00:00,9.494181457813232,7.809000015258789
59,2018-05-11T03:00:00,9.644093300336944,7.73799991607666
59,2018-05-11T04:00:00,9.645503023323698,7.809000015258789
59,2018-05-11T05:00:00,9.450255638295712,8.300999641418457
59,2018-05-11T06:00:00,9.528388487103342,8.652999877929688
59,2018-05-11T07:00:00,9.483929283707912,8.793000221252441
59,2018-05-11T08:00:00,9.537408677191397,8.722999572753906
59,2018-05-11T09:00:00,9.575412090651806,9.496999740600586
59,2018-05-11T10:00:00,9.48756195434173,10.482000350952148
59,2018-05-11T11:00:00,9.730746265758116,11.043999671936035
59,2018-05-11T12:00:00,9.831560994735614,11.607000350952148
59,2018-05-11T13:00:00,9.970785707761316,12.100000381469728
59,2018-05-11T14:00:00,10.193708277564216,11.255999565124512
59,2018-05-11T15:00:00,10.173487443463669,10.973999977111816
59,2018-05-11T16:00:00,10.34697119676022,11.395999908447266
59,2018-05-11T17:00:00,10.297757788998647,11.114999771118164
59,2018-05-11T18:00:00,10.31481672280307,10.692999839782717
59,2018-05-11T19:00:00,10.250391480673407,10.762999534606934
59,2018-05-11T20:00:00,10.225846972909233,11.467000007629396
59,2018-05-11T21:00:00,10.308326453678571,11.395999908447266
59,2018-05-11T22:00:00,10.256816047323039,11.888999938964846
60,2018-05-08T23:00:00,9.798458217840729,9.074999809265137
60,2018-05-09T00:00:00,9.841239962751448,8.581999778747559
60,2018-05-09T01:00:00,10.039779150300326,8.230999946594237
60,2018-05-09T02:00:00,9.860189324562032,8.159999847412111
60,2018-05-09T03:00:00,9.909964083582814,7.809000015258789
60,2018-05-09T04:00:00,9.829278272028825,7.175000190734862
60,2018-05-09T05:00:00,9.57267512758194,7.0349998474121085
60,2018-05-09T06:00:00,9.68479260238484,7.0349998474121085
60,2018-05-09T07:00:00,9.381431168830561,7.879000186920166
60,2018-05-09T08:00:00,9.342945046717457,8.230999946594237
60,2018-05-09T09:00:00,9.449094282351808,8.230999946594237
60,2018-05-09T10:00:00,9.682760417323632,8.581999778747559
60,2018-05-09T11:00:00,9.899041443688873,9.074999809265137
60,2018-05-09T12:00:00,10.076282009398309,9.56700038909912
60,2018-05-09T13:00:00,10.395775529392392,10.340999603271484
60,2018-05-09T14:00:00,10.4154365149587,11.607000350952148
60,2018-05-09T15:00:00,10.542071147772184,12.380999565124512
60,2018-05-09T16:00:00,10.738196458118704,12.661999702453612
60,2018-05-09T17:00:00,10.771880873059821,12.87399959564209
60,2018-05-09T18:00:00,10.775413111575137,12.239999771118164
60,2018-05-09T19:00:00,10.627654757411207,11.607000350952148
60,2018-05-09T20:00:00,10.539046746810373,10.762999534606934
60,2018-05-09T21:00:00,10.419389516464255,9.708000183105469
60,2018-05-09T22:00:00,10.364452062340971,9.425999641418455
60,2018-05-09T23:00:00,10.304364435823224,8.722999572753906
60,2018-05-10T00:00:00,10.20054484130846,7.948999881744385
60,2018-05-10T01:00:00,10.352246596235112,7.668000221252441
60,2018-05-10T02:00:00,10.08259812939629,7.315999984741211
60,2018-05-10T03:00:00,9.876216303738996,6.752999782562256
60,2018-05-10T04:00:00,9.88460651812777,6.330999851226808
60,2018-05-10T05:00:00,9.628792220802872,6.119999885559082
60,2018-05-10T06:00:00,9.732529499383432,6.050000190734862
60,2018-05-10T07:00:00,9.379941801420653,6.401999950408936
60,2018-05-10T08:00:00,9.327824795087523,6.61299991607666
60,2018-05-10T09:00:00,9.273633193455275,6.683000087738037
60,2018-05-10T10:00:00,9.4173140703957,7.456999778747559
60,2018-05-10T11:00:00,9.625023720529146,7.105000019073486
60,2018-05-10T12:00:00,9.690827629329618,8.159999847412111
60,2018-05-10T13:00:00,9.86640559683455,8.51200008392334
60,2018-05-10T14:00:00,10.146431214404961,9.637999534606934
60,2018-05-10T15:00:00,10.355507091985894,10.130000114440918
60,2018-05-10T16:00:00,10.39478331349179,10.0600004196167
60,2018-05-10T17:00:00,10.21443285846697,9.918999671936035
60,2018-05-10T18:00:00,10.398344354235602,9.56700038909912
60,2018-05-10T19:00:00,10.402468499417747,9.28600025177002
60,2018-05-10T20:00:00,10.26822623798345,8.581999778747559
60,2018-05-10T21:00:00,10.20576681056237,8.230999946594237
60,2018-05-10T22:00:00,10.206560165859251,8.371000289916992
60,2018-05-10T23:00:00,9.98350627459134,7.948999881744385
60,2018-05-11T00:00:00,9.853313522999251,7.809000015258789
60,2018-05-11T01:00:00,9.804031323828163,7.597000122070312
60,2018-05-11T02:00:00,9.584087238390918,7.809000015258789
60,2018-05-11T03:00:00,9.557262262007402,7.73799991607666
60,2018-05-11T04:00:00,9.613986205660094,7.809000015258789
60,2018-05-11T05:00:00,9.40139320029822,8.300999641418457
60,2018-05-11T06:00:00,9.41195777422685,8.652999877929688
60,2018-05-11T07:00:00,9.308367846177596,8.793000221252441
60,2018-05-11T08:00:00,9.272929417263262,8.722999572753906
60,2018-05-11T09:00:00,9.30865545103898,9.496999740600586
60,2018-05-11T10:00:00,9.290262514889104,10.482000350952148
60,2018-05-11T11:00:00,9.55707216729931,11.043999671936035
60,2018-05-11T12:00:00,9.581898269025011,11.607000350952148
60,2018-05-11T13:00:00,9.831335585990841,12.100000381469728
60,2018-05-11T14:00:00,10.126550330085422,11.255999565124512
60,2018-05-11T15:00:00,10.237074999909979,10.973999977111816
60,2018-05-11T16:00:00,10.448426837935358,11.395999908447266
60,2018-05-11T17:00:00,10.399342831490227,11.114999771118164
60,2018-05-11T18:00:00,10.305660703075109,10.692999839782717
60,2018-05-11T19:00:00,10.264338020620837,10.762999534606934
60,2018-05-11T20:00:00,10.136466979099911,11.467000007629396
60,2018-05-11T21:00:00,10.071421862922122,11.395999908447266
60,2018-05-11T22:00:00,10.075040591607651,11.888999938964846
60,2018-05-11T23:00:00,10.056683720856938,11.888999938964846
60,2018-05-12T00:00:00,10.093517429901418,11.817999839782717
60,2018-05-12T01:00:00,10.278863109679849,11.467000007629396
60,2018-05-12T02:00:00,10.103250329046556,11.607000350952148
60,2018-05-12T03:00:00,10.0986442265742,9.848999977111816
60,2018-05-12T04:00:00,10.142119479056333,8.371000289916992
60,2018-05-12T05:00:00,9.804397571296057,10.130000114440918
60,2018-05-12T06:00:00,9.968291184319162,10.762999534606934
60,2018-05-12T07:00:00,9.781143904276952,8.442000389099121
60,2018-05-12T08:00:00,9.54666220707265,8.300999641418457
60,2018-05-12T09:00:00,9.62659907720095,9.777999877929688
60,2018-05-12T10:00:00,9.720866183051111,10.552000045776367
60,2018-05-12T11:00:00,9.888946137372972,10.904000282287598
60,2018-05-12T12:00:00,10.053475152602175,11.043999671936035
60,2018-05-12T13:00:00,10.363353904330324,10.621999740600586
60,2018-05-12T14:00:00,10.520841484311699,10.833000183105469
60,2018-05-12T15:00:00,10.590567087847617,10.692999839782717
60,2018-05-12T16:00:00,10.647004428455567,10.904000282287598
60,2018-05-12T17:00:00,10.518895121542943,10.552000045776367
60,2018-05-12T18:00:00,10.691633690226219,11.114999771118164
60,2018-05-12T19:00:00,10.61614304933093,11.043999671936035
60,2018-05-12T20:00:00,10.538741192734125,10.692999839782717
60,2018-05-12T21:00:00,10.577102672159842,10.270999908447266
60,2018-05-12T22:00:00,10.570729448613186,10.130000114440918
61,2018-05-09T23:00:00,9.230424841623893,8.722999572753906
61,2018-05-10T00:00:00,9.317683906114343,7.948999881744385
61,2018-05-10T01:00:00,9.528062646240066,7.668000221252441
61,2018-05-10T02:00:00,9.208698778016586,7.315999984741211
61,2018-05-10T03:00:00,9.242961742069289,6.752999782562256
61,2018-05-10T04:00:00,9.072808778658,6.330999851226808
61,2018-05-10T05:00:00,9.13221508637349,6.119999885559082
61,2018-05-10T06:00:00,9.28354566823375,6.050000190734862
61,2018-05-10T07:00:00,9.326920154658499,6.401999950408936
61,2018-05-10T08:00:00,9.404346388793627,6.61299991607666
61,2018-05-10T09:00:00,9.491449837765463,6.683000087738037
61,2018-05-10T10:00:00,9.643702591846004,7.456999778747559
61,2018-05-10T11:00:00,9.805464005112995,7.105000019073486
61,2018-05-10T12:00:00,9.935173630628787,8.159999847412111
61,2018-05-10T13:00:00,10.070703560388779,8.51200008392334
61,2018-05-10T14:00:00,10.467579067616239,9.637999534606934
61,2018-05-10T15:00:00,10.714538057175648,10.130000114440918
61,2018-05-10T16:00:00,10.667273683693878,10.0600004196167
61,2018-05-10T17:00:00,10.563912086354605,9.918999671936035
61,2018-05-10T18:00:00,10.413099694153164,9.56700038909912
61,2018-05-10T19:00:00,10.262581836044895,9.28600025177002
61,2018-05-10T20:00:00,9.870431647470358,8.581999778747559
61,2018-05-10T21:00:00,9.712621732983958,8.230999946594237
61,2018-05-10T22:00:00,9.64842248399211,8.371000289916992
61,2018-05-10T23:00:00,9.520948829739748,7.948999881744385
61,2018-05-11T00:00:00,9.341583661383748,7.809000015258789
61,2018-05-11T01:00:00,9.315745808332897,7.597000122070312
61,2018-05-11T02:00:00,9.026363557251678,7.809000015258789
61,2018-05-11T03:00:00,8.772428500980425,7.73799991607666
61,2018-05-11T04:00:00,8.943032031427098,7.809000015258789
61,2018-05-11T05:00:00,8.643215860004497,8.300999641418457
61,2018-05-11T06:00:00,8.80910083406059,8.652999877929688
61,2018-05-11T07:00:00,9.088132148612392,8.793000221252441
61,2018-05-11T08:00:00,9.243558407365175,8.722999572753906
61,2018-05-11T09:00:00,9.344342246996167,9.496999740600586
61,2018-05-11T10:00:00,9.38484268844034,10.482000350952148
61,2018-05-11T11:00:00,9.533913004983567,11.043999671936035
61,2018-05-11T12:00:00,9.70526839882114,11.607000350952148
61,2018-05-11T13:00:00,9.915281726326167,12.100000381469728
61,2018-05-11T14:00:00,10.333424966046564,11.255999565124512
61,2018-05-11T15:00:00,10.627973669042703,10.973999977111816
61,2018-05-11T16:00:00,10.783269023754077,11.395999908447266
61,2018-05-11T17:00:00,10.78819462225097,11.114999771118164
61,2018-05-11T18:00:00,10.660824489051762,10.692999839782717
61,2018-05-11T19:00:00,10.538326524128463,10.762999534606934
61,2018-05-11T20:00:00,10.300066141514563,11.467000007629396
61,2018-05-11T21:00:00,10.125029154997085,11.395999908447266
61,2018-05-11T22:00:00,9.974629344283297,11.888999938964846
61,2018-05-11T23:00:00,9.675344553105319,11.888999938964846
61,2018-05-12T00:00:00,9.537131507920046,11.817999839782717
61,2018-05-12T01:00:00,9.593492042585332,11.467000007629396
61,2018-05-12T02:00:00,9.482781619258137,11.607000350952148
61,2018-05-12T03:00:00,9.420875194624232,9.848999977111816
61,2018-05-12T04:00:00,9.379902897541001,8.371000289916992
61,2018-05-12T05:00:00,9.255986610704756,10.130000114440918
61,2018-05-12T06:00:00,9.493000649929503,10.762999534606934
61,2018-05-12T07:00:00,9.52883988898593,8.442000389099121
61,2018-05-12T08:00:00,9.4467649751711,8.300999641418457
61,2018-05-12T09:00:00,9.557504033757352,9.777999877929688
61,2018-05-12T10:00:00,9.767754791806874,10.552000045776367
61,2018-05-12T11:00:00,9.801571363060207,10.904000282287598
61,2018-05-12T12:00:00,9.872864475704223,11.043999671936035
61,2018-05-12T13:00:00,10.225552355331342,10.621999740600586
61,2018-05-12T14:00:00,10.542711141637898,10.833000183105469
61,2018-05-12T15:00:00,10.790302277499318,10.692999839782717
61,2018-05-12T16:00:00,10.866809929257137,10.904000282287598
61,2018-05-12T17:00:00,10.728997276790356,10.552000045776367
61,2018-05-12T18:00:00,10.66052619814618,11.114999771118164
61,2018-05-12T19:00:00,10.545419385963989,11.043999671936035
61,2018-05-12T20:00:00,10.13800393280038,10.692999839782717
61,2018-05-12T21:00:00,10.023742570380529,10.270999908447266
61,2018-05-12T22:00:00,9.896073561882694,10.130000114440918
61,2018-05-12T23:00:00,9.739132890303917,10.340999603271484
61,2018-05-13T00:00:00,9.650133753788541,10.482000350952148
61,2018-05-13T01:00:00,9.554346391181964,10.340999603271484
61,2018-05-13T02:00:00,9.515920044128583,9.918999671936035
61,2018-05-13T03:00:00,9.533710971960474,9.98900032043457
61,2018-05-13T04:00:00,9.365068998501648,10.199999809265137
61,2018-05-13T05:00:00,9.294896751712198,9.98900032043457
61,2018-05-13T06:00:00,9.587962599106607,10.270999908447266
61,2018-05-13T07:00:00,9.565483252868155,10.833000183105469
61,2018-05-13T08:00:00,9.534465339892982,10.552000045776367
61,2018-05-13T09:00:00,9.71763123362474,11.326000213623049
61,2018-05-13T10:00:00,9.779462522010386,11.536999702453612
61,2018-05-13T11:00:00,9.811627348072854,12.380999565124512
61,2018-05-13T12:00:00,9.898767613806335,12.451000213623049
61,2018-05-13T13:00:00,10.21991246156768,13.085000038146973
61,2018-05-13T14:00:00,10.535490548180338,13.366000175476074
61,2018-05-13T15:00:00,10.679596028408138,14.491000175476074
61,2018-05-13T16:00:00,10.730994231299604,15.265000343322756
61,2018-05-13T17:00:00,10.829629758623469,15.54699993133545
61,2018-05-13T18:00:00,10.540426164843662,14.42099952697754
61,2018-05-13T19:00:00,10.447655105181031,13.435999870300291
61,2018-05-13T20:00:00,10.3143353499059,13.29599952697754
61,2018-05-13T21:00:00,9.972664113967758,12.944000244140623
61,2018-05-13T22:00:00,9.772830913254442,12.661999702453612
62,2018-05-10T23:00:00,8.083461162590133,7.948999881744385
62,2018-05-11T00:00:00,7.895811388016519,7.809000015258789
62,2018-05-11T01:00:00,7.849550834811472,7.597000122070312
62,2018-05-11T02:00:00,7.466795098326035,7.809000015258789
62,2018-05-11T03:00:00,7.321359706504072,7.73799991607666
62,2018-05-11T04:00:00,7.02134150205838,7.809000015258789
62,2018-05-11T05:00:00,6.949690740872658,8.300999641418457
62,2018-05-11T06:00:00,7.061690502219953,8.652999877929688
62,2018-05-11T07:00:00,7.258572518071148,8.793000221252441
62,2018-05-11T08:00:00,7.396761436172259,8.722999572753906
62,2018-05-11T09:00:00,7.623063467452347,9.496999740600586
62,2018-05-11T10:00:00,7.924950894785251,10.482000350952148
62,2018-05-11T11:00:00,8.136998744923657,11.043999671936035
62,2018-05-11T12:00:00,8.622324977538934,11.607000350952148
62,2018-05-11T13:00:00,8.968166358740095,12.100000381469728
62,2018-05-11T14:00:00,9.380596321627698,11.255999565124512
62,2018-05-11T15:00:00,9.650064544955423,10.973999977111816
62,2018-05-11T16:00:00,9.652085292609954,11.395999908447266
62,2018-05-11T17:00:00,9.643997710332217,11.114999771118164
62,2018-05-11T18:00:00,9.362473458547948,10.692999839782717
62,2018-05-11T19:00:00,9.292552500766558,10.762999534606934
62,2018-05-11T20:00:00,9.025638492455993,11.467000007629396
62,2018-05-11T21:00:00,8.755428089964923,11.395999908447266
62,2018-05-11T22:00:00,8.53481721206675,11.888999938964846
62,2018-05-11T23:00:00,8.301377654625785,11.888999938964846
62,2018-05-12T00:00:00,7.995350220013881,11.817999839782717
62,2018-05-12T01:00:00,7.764444841257207,11.467000007629396
62,2018-05-12T02:00:00,7.536687671302527,11.607000350952148
62,2018-05-12T03:00:00,7.120536377008161,9.848999977111816
62,2018-05-12T04:00:00,7.007119879957607,8.371000289916992
62,2018-05-12T05:00:00,6.856022554405829,10.130000114440918
62,2018-05-12T06:00:00,6.933688389688179,10.762999534606934
62,2018-05-12T07:00:00,7.0870423072292965,8.442000389099121
62,2018-05-12T08:00:00,7.205804330919785,8.300999641418457
62,2018-05-12T09:00:00,7.428528207088402,9.777999877929688
62,2018-05-12T10:00:00,7.732699776368339,10.552000045776367
62,2018-05-12T11:00:00,8.053290285586984,10.904000282287598
62,2018-05-12T12:00:00,8.55456627401296,11.043999671936035
62,2018-05-12T13:00:00,9.049496338395812,10.621999740600586
62,2018-05-12T14:00:00,9.40854324916714,10.833000183105469
62,2018-05-12T15:00:00,9.781294176773468,10.692999839782717
62,2018-05-12T16:00:00,9.859941041003902,10.904000282287598
62,2018-05-12T17:00:00,9.74259191271954,10.552000045776367
62,2018-05-12T18:00:00,9.746861738738582,11.114999771118164
62,2018-05-12T19:00:00,9.549019231180495,11.043999671936035
62,2018-05-12T20:00:00,9.367664204516469,10.692999839782717
62,2018-05-12T21:00:00,9.027561980411388,10.270999908447266
62,2018-05-12T22:00:00,8.758853885461871,10.130000114440918
62,2018-05-12T23:00:00,8.246516505536842,10.340999603271484
62,2018-05-13T00:00:00,7.8713486952782254,10.482000350952148
62,2018-05-13T01:00:00,7.658137902986233,10.340999603271484
62,2018-05-13T02:00:00,7.462275235569734,9.918999671936035
62,2018-05-13T03:00:00,7.299144422435887,9.98900032043457
62,2018-05-13T04:00:00,7.162789663639467,10.199999809265137
62,2018-05-13T05:00:00,7.077704541265273,9.98900032043457
62,2018-05-13T06:00:00,7.184892243335266,10.270999908447266
62,2018-05-13T07:00:00,7.229742739614679,10.833000183105469
62,2018-05-13T08:00:00,7.319949649578437,10.552000045776367
62,2018-05-13T09:00:00,7.527463444558093,11.326000213623049
62,2018-05-13T10:00:00,7.750081295131949,11.536999702453612
62,2018-05-13T11:00:00,7.9273527501878895,12.380999565124512
62,2018-05-13T12:00:00,8.334420072067902,12.451000213623049
62,2018-05-13T13:00:00,8.864274216003402,13.085000038146973
62,2018-05-13T14:00:00,9.24308446460811,13.366000175476074
62,2018-05-13T15:00:00,9.57215869110225,14.491000175476074
62,2018-05-13T16:00:00,9.70586030548797,15.265000343322756
62,2018-05-13T17:00:00,9.64683243400954,15.54699993133545
62,2018-05-13T18:00:00,9.389164859379004,14.42099952697754
62,2018-05-13T19:00:00,9.201391360449925,13.435999870300291
62,2018-05-13T20:00:00,8.866839951911963,13.29599952697754
62,2018-05-13T21:00:00,8.587667631667598,12.944000244140623
62,2018-05-13T22:00:00,8.292531613664247,12.661999702453612
62,2018-05-13T23:00:00,7.9911981909351635,12.522000312805176
62,2018-05-14T00:00:00,7.875901117075438,12.451000213623049
62,2018-05-14T01:00:00,7.724696931081693,12.522000312805176
62,2018-05-14T02:00:00,7.3903089021413315,12.732999801635742
62,2018-05-14T03:00:00,7.247880629944081,12.732999801635742
62,2018-05-14T04:00:00,6.935052530017657,12.592000007629396
62,2018-05-14T05:00:00,6.998717977707994,12.451000213623049
62,2018-05-14T06:00:00,7.201281128774671,12.732999801635742
62,2018-05-14T07:00:00,7.26235771528893,12.451000213623049
62,2018-05-14T08:00:00,7.4016803558915285,13.225000381469728
62,2018-05-14T09:00:00,7.691415747339557,13.366000175476074
62,2018-05-14T10:00:00,7.972527501120894,13.718000411987305
62,2018-05-14T11:00:00,8.143558723789594,14.70300006866455
62,2018-05-14T12:00:00,8.530238242128487,13.99899959564209
62,2018-05-14T13:00:00,9.000003256821278,14.70300006866455
62,2018-05-14T14:00:00,9.381914545361019,15.053999900817873
62,2018-05-14T15:00:00,9.726043571464388,16.812999725341793
62,2018-05-14T16:00:00,9.794160424440392,16.320999145507812
62,2018-05-14T17:00:00,9.824664071538601,16.601999282836914
62,2018-05-14T18:00:00,9.682359356727376,16.180000305175778
62,2018-05-14T19:00:00,9.535067264726246,15.758000373840332
62,2018-05-14T20:00:00,9.327989259986484,15.336000442504885
62,2018-05-14T21:00:00,9.106729204903369,15.336000442504885
62,2018-05-14T22:00:00,8.900691920686697,14.984000205993652
63,2018-05-11T23:00:00,11.550049464473304,11.888999938964846
63,2018-05-12T00:00:00,11.269700510581224,11.817999839782717
63,2018-05-12T01:00:00,11.184119238514368,11.467000007629396
63,2018-05-12T02:00:00,10.842897150371368,11.607000350952148
63,2018-05-12T03:00:00,10.58043788673528,9.848999977111816
63,2018-05-12T04:00:00,10.20079838440397,8.371000289916992
63,2018-05-12T05:00:00,10.141870694589882,10.130000114440918
63,2018-05-12T06:00:00,10.238163056269471,10.762999534606934
63,2018-05-12T07:00:00,10.323133804576873,8.442000389099121
63,2018-05-12T08:00:00,10.389341361999927,8.300999641418457
63,2018-05-12T09:00:00,10.710335102417556,9.777999877929688
63,2018-05-12T10:00:00,11.081430528020604,10.552000045776367
63,2018-05-12T11:00:00,11.323106771449737,10.904000282287598
63,2018-05-12T12:00:00,11.824702840293291,11.043999671936035
63,2018-05-12T13:00:00,12.201855583261434,10.621999740600586
63,2018-05-12T14:00:00,12.432705027255517,10.833000183105469
63,2018-05-12T15:00:00,12.608543467087744,10.692999839782717
63,2018-05-12T16:00:00,12.684163509299477,10.904000282287598
63,2018-05-12T17:00:00,12.557166970223552,10.552000045776367
63,2018-05-12T18:00:00,12.341949622679476,11.114999771118164
63,2018-05-12T19:00:00,12.138513388408043,11.043999671936035
63,2018-05-12T20:00:00,11.927258476142919,10.692999839782717
63,2018-05-12T21:00:00,11.54320705679864,10.270999908447266
63,2018-05-12T22:00:00,11.33982492062595,10.130000114440918
63,2018-05-12T23:00:00,11.045951191593328,10.340999603271484
63,2018-05-13T00:00:00,10.540691312315293,10.482000350952148
63,2018-05-13T01:00:00,10.225593179359564,10.340999603271484
63,2018-05-13T02:00:00,9.869908615697765,9.918999671936035
63,2018-05-13T03:00:00,9.479150868772884,9.98900032043457
63,2018-05-13T04:00:00,9.264202759451734,10.199999809265137
63,2018-05-13T05:00:00,9.038942617480817,9.98900032043457
63,2018-05-13T06:00:00,9.080845602225802,10.270999908447266
63,2018-05-13T07:00:00,9.181461387114858,10.833000183105469
63,2018-05-13T08:00:00,9.365471812277029,10.552000045776367
63,2018-05-13T09:00:00,9.587236866433159,11.326000213623049
63,2018-05-13T10:00:00,9.925993650786104,11.536999702453612
63,2018-05-13T11:00:00,10.284813984026577,12.380999565124512
63,2018-05-13T12:00:00,10.779160323245186,12.451000213623049
63,2018-05-13T13:00:00,11.224550638094865,13.085000038146973
63,2018-05-13T14:00:00,11.484263504887695,13.366000175476074
63,2018-05-13T15:00:00,11.875082613081986,14.491000175476074
63,2018-05-13T16:00:00,11.996239145519723,15.265000343322756
63,2018-05-13T17:00:00,11.766157176559233,15.54699993133545
63,2018-05-13T18:00:00,11.594986200468771,14.42099952697754
63,2018-05-13T19:00:00,11.258410287463864,13.435999870300291
63,2018-05-13T20:00:00,10.975643699557015,13.29599952697754
63,2018-05-13T21:00:00,10.574785386778856,12.944000244140623
63,2018-05-13T22:00:00,10.256678297534567,12.661999702453612
63,2018-05-13T23:00:00,9.702036204390536,12.522000312805176
63,2018-05-14T00:00:00,9.273223283478668,12.451000213623049
63,2018-05-14T01:00:00,9.027499116417012,12.522000312805176
63,2018-05-14T02:00:00,8.746736913159516,12.732999801635742
63,2018-05-14T03:00:00,8.480756264021752,12.732999801635742
63,2018-05-14T04:00:00,8.28758096975127,12.592000007629396
63,2018-05-14T05:00:00,8.273482905036522,12.451000213623049
63,2018-05-14T06:00:00,8.37252199749825,12.732999801635742
63,2018-05-14T07:00:00,8.427392830814746,12.451000213623049
63,2018-05-14T08:00:00,8.613299945337102,13.225000381469728
63,2018-05-14T09:00:00,8.862157043496943,13.366000175476074
63,2018-05-14T10:00:00,9.235347351186135,13.718000411987305
63,2018-05-14T11:00:00,9.426118035058213,14.70300006866455
63,2018-05-14T12:00:00,9.788198780564745,13.99899959564209
63,2018-05-14T13:00:00,10.267303397885406,14.70300006866455
63,2018-05-14T14:00:00,10.597658279988735,15.053999900817873
63,2018-05-14T15:00:00,10.985839688445582,16.812999725341793
63,2018-05-14T16:00:00,11.121792885737424,16.320999145507812
63,2018-05-14T17:00:00,11.005817582010094,16.601999282836914
63,2018-05-14T18:00:00,10.701441475165456,16.180000305175778
63,2018-05-14T19:00:00,10.49752921101895,15.758000373840332
63,2018-05-14T20:00:00,10.177803937441352,15.336000442504885
63,2018-05-14T21:00:00,9.883672741531367,15.336000442504885
63,2018-05-14T22:00:00,9.604315335662129,14.984000205993652
63,2018-05-14T23:00:00,9.260972735623856,14.70300006866455
63,2018-05-15T00:00:00,9.044699723791762,14.562000274658203
63,2018-05-15T01:00:00,8.840057803189953,14.140000343322756
63,2018-05-15T02:00:00,8.525327086488206,14.491000175476074
63,2018-05-15T03:00:00,8.433397302351898,14.562000274658203
63,2018-05-15T04:00:00,8.238879323325051,14.279999732971191
63,2018-05-15T05:00:00,8.214393672288677,14.140000343322756
63,2018-05-15T06:00:00,8.442364145703689,14.35099983215332
63,2018-05-15T07:00:00,8.632587420264848,14.562000274658203
63,2018-05-15T08:00:00,8.82636046513258,16.038999557495114
63,2018-05-15T09:00:00,9.151573523313479,16.461000442504886
63,2018-05-15T10:00:00,9.482796646507788,15.19499969482422
63,2018-05-15T11:00:00,9.799632013007955,14.140000343322756
63,2018-05-15T12:00:00,10.197369333002932,15.406000137329102
63,2018-05-15T13:00:00,10.659353488280317,14.42099952697754
63,2018-05-15T14:00:00,10.990058171361648,15.758000373840332
63,2018-05-15T15:00:00,11.303324900008459,16.180000305175778
63,2018-05-15T16:00:00,11.440980601201097,16.882999420166016
63,2018-05-15T17:00:00,11.427742679559461,16.25
63,2018-05-15T18:00:00,11.241411045234447,17.165000915527347
63,2018-05-15T19:00:00,11.058410868672459,16.882999420166016
63,2018-05-15T20:00:00,10.856576706183322,16.320999145507812
63,2018-05-15T21:00:00,10.547426358639669,15.968999862670898
63,2018-05-15T22:00:00,10.292288704972691,15.89799976348877
64,2018-05-12T23:00:00,9.887958847070866,10.340999603271484
64,2018-05-13T00:00:00,9.752774544052862,10.482000350952148
64,2018-05-13T01:00:00,9.712475634723457,10.340999603271484
64,2018-05-13T02:00:00,9.328087771956422,9.918999671936035
64,2018-05-13T03:00:00,9.076151172919381,9.98900032043457
64,2018-05-13T04:00:00,8.61546553898133,10.199999809265137
64,2018-05-13T05:00:00,8.652594950905062,9.98900032043457
64,2018-05-13T06:00:00,8.695448492675226,10.270999908447266
64,2018-05-13T07:00:00,8.611134852601197,10.833000183105469
64,2018-05-13T08:00:00,8.708702109444278,10.552000045776367
64,2018-05-13T09:00:00,9.135246416567085,11.326000213623049
64,2018-05-13T10:00:00,9.537517123843049,11.536999702453612
64,2018-05-13T11:00:00,9.77949332787217,12.380999565124512
64,2018-05-13T12:00:00,10.295237385293202,12.451000213623049
64,2018-05-13T13:00:00,10.497530045866153,13.085000038146973
64,2018-05-13T14:00:00,10.610413075554078,13.366000175476074
64,2018-05-13T15:00:00,10.774091548453004,14.491000175476074
64,2018-05-13T16:00:00,10.88637741193672,15.265000343322756
64,2018-05-13T17:00:00,10.792512201530016,15.54699993133545
64,2018-05-13T18:00:00,10.670469478786439,14.42099952697754
64,2018-05-13T19:00:00,10.615773629443662,13.435999870300291
64,2018-05-13T20:00:00,10.357519908591996,13.29599952697754
64,2018-05-13T21:00:00,10.082048299028484,12.944000244140623
64,2018-05-13T22:00:00,9.879010370357538,12.661999702453612
64,2018-05-13T23:00:00,9.585689560627372,12.522000312805176
64,2018-05-14T00:00:00,9.233768404671363,12.451000213623049
64,2018-05-14T01:00:00,9.000800953323612,12.522000312805176
64,2018-05-14T02:00:00,8.650000997161047,12.732999801635742
64,2018-05-14T03:00:00,8.166139670932633,12.732999801635742
64,2018-05-14T04:00:00,7.991071294160328,12.592000007629396
64,2018-05-14T05:00:00,7.9484960904476,12.451000213623049
64,2018-05-14T06:00:00,7.882048097030118,12.732999801635742
64,2018-05-14T07:00:00,7.886862660849031,12.451000213623049
64,2018-05-14T08:00:00,8.220270579173233,13.225000381469728
64,2018-05-14T09:00:00,8.537450737568182,13.366000175476074
64,2018-05-14T10:00:00,8.925460167501237,13.718000411987305
64,2018-05-14T11:00:00,9.292172645289256,14.70300006866455
64,2018-05-14T12:00:00,9.666968113695393,13.99899959564209
64,2018-05-14T13:00:00,9.952061754695503,14.70300006866455
64,2018-05-14T14:00:00,10.193215300290925,15.053999900817873
64,2018-05-14T15:00:00,10.528139718559128,16.812999725341793
64,2018-05-14T16:00:00,10.634432464427652,16.320999145507812
64,2018-05-14T17:00:00,10.567375533460403,16.601999282836914
64,2018-05-14T18:00:00,10.515064341667886,16.180000305175778
64,2018-05-14T19:00:00,10.351150441857754,15.758000373840332
64,2018-05-14T20:00:00,10.193200440010713,15.336000442504885
64,2018-05-14T21:00:00,9.923807519900688,15.336000442504885
64,2018-05-14T22:00:00,9.734717132993815,14.984000205993652
64,2018-05-14T23:00:00,9.262425369756837,14.70300006866455
64,2018-05-15T00:00:00,8.968227720009505,14.562000274658203
64,2018-05-15T01:00:00,8.725727398906425,14.140000343322756
64,2018-05-15T02:00:00,8.49159675495093,14.491000175476074
64,2018-05-15T03:00:00,8.22826799795306,14.562000274658203
64,2018-05-15T04:00:00,8.019855907383123,14.279999732971191
64,2018-05-15T05:00:00,8.019013129131832,14.140000343322756
64,2018-05-15T06:00:00,8.06920414296796,14.35099983215332
64,2018-05-15T07:00:00,8.167855532388678,14.562000274658203
64,2018-05-15T08:00:00,8.409163107293029,16.038999557495114
64,2018-05-15T09:00:00,8.812559939960934,16.461000442504886
64,2018-05-15T10:00:00,9.212101114307135,15.19499969482422
64,2018-05-15T11:00:00,9.417254796244297,14.140000343322756
64,2018-05-15T12:00:00,9.752857193925944,15.406000137329102
64,2018-05-15T13:00:00,10.193376843224678,14.42099952697754
64,2018-05-15T14:00:00,10.414751272374588,15.758000373840332
64,2018-05-15T15:00:00,10.601594000157196,16.180000305175778
64,2018-05-15T16:00:00,10.751747113522535,16.882999420166016
64,2018-05-15T17:00:00,10.739606014136019,16.25
64,2018-05-15T18:00:00,10.422314904547807,17.165000915527347
64,2018-05-15T19:00:00,10.354801228675875,16.882999420166016
64,2018-05-15T20:00:00,10.203975562403906,16.320999145507812
64,2018-05-15T21:00:00,9.908360843014435,15.968999862670898
64,2018-05-15T22:00:00,9.620191624918975,15.89799976348877
64,2018-05-15T23:00:00,9.333130749970039,15.687000274658203
64,2018-05-16T00:00:00,9.106555222746291,15.968999862670898
64,2018-05-16T01:00:00,8.86238996586654,16.25
64,2018-05-16T02:00:00,8.661568890458078,16.108999252319336
64,2018-05-16T03:00:00,8.467317728597266,16.108999252319336
64,2018-05-16T04:00:00,8.112145343694424,16.25
64,2018-05-16T05:00:00,8.187297454048954,16.461000442504886
64,2018-05-16T06:00:00,8.39815898631209,16.882999420166016
64,2018-05-16T07:00:00,8.379455904426349,16.672000885009766
64,2018-05-16T08:00:00,8.433568195574324,15.687000274658203
64,2018-05-16T09:00:00,8.882375790479482,14.843000411987305
64,2018-05-16T10:00:00,9.202470817883228,15.336000442504885
64,2018-05-16T11:00:00,9.42741204822265,14.984000205993652
64,2018-05-16T12:00:00,9.797487290543799,14.70300006866455
64,2018-05-16T13:00:00,10.109283853266367,14.984000205993652
64,2018-05-16T14:00:00,10.283394242873388,15.687000274658203
64,2018-05-16T15:00:00,10.476247286123566,16.743000030517578
64,2018-05-16T16:00:00,10.466139206645462,16.108999252319336
64,2018-05-16T17:00:00,10.498414566477587,16.320999145507812
64,2018-05-16T18:00:00,10.380328769021418,15.82800006866455
64,2018-05-16T19:00:00,10.381760114550728,15.54699993133545
64,2018-05-16T20:00:00,10.26168905044615,16.320999145507812
64,2018-05-16T21:00:00,9.917087834764843,16.038999557495114
64,2018-05-16T22:00:00,9.694095889159385,16.672000885009766
65,2018-05-13T23:00:00,12.511641833919505,12.522000312805176
65,2018-05-14T00:00:00,12.31901970940564,12.451000213623049
65,2018-05-14T01:00:00,12.2473931587888,12.522000312805176
65,2018-05-14T02:00:00,11.872737360319702,12.732999801635742
65,2018-05-14T03:00:00,11.65335095281397,12.732999801635742
65,2018-05-14T04:00:00,11.403281656515574,12.592000007629396
65,2018-05-14T05:00:00,11.381585146499246,12.451000213623049
65,2018-05-14T06:00:00,11.39340123986969,12.732999801635742
65,2018-05-14T07:00:00,11.33672763750333,12.451000213623049
65,2018-05-14T08:00:00,11.529746815346877,13.225000381469728
65,2018-05-14T09:00:00,11.854161759601837,13.366000175476074
65,2018-05-14T10:00:00,12.2434852390322,13.718000411987305
65,2018-05-14T11:00:00,12.509380733755272,14.70300006866455
65,2018-05-14T12:00:00,12.832186760480875,13.99899959564209
65,2018-05-14T13:00:00,12.962458488618353,14.70300006866455
65,2018-05-14T14:00:00,13.154907716276506,15.053999900817873
65,2018-05-14T15:00:00,13.290340219367923,16.812999725341793
65,2018-05-14T16:00:00,13.315998580270158,16.320999145507812
65,2018-05-14T17:00:00,13.264362028502273,16.601999282836914
65,2018-05-14T18:00:00,13.022159747850615,16.180000305175778
65,2018-05-14T19:00:00,12.829658425727004,15.758000373840332
65,2018-05-14T20:00:00,12.648367264873997,15.336000442504885
65,2018-05-14T21:00:00,12.426567564558948,15.336000442504885
65,2018-05-14T22:00:00,12.23826009735892,14.984000205993652
65,2018-05-14T23:00:00,12.043332709263787,14.70300006866455
65,2018-05-15T00:00:00,11.778649830102875,14.562000274658203
65,2018-05-15T01:00:00,11.45941544668056,14.140000343322756
65,2018-05-15T02:00:00,11.025895657238951,14.491000175476074
65,2018-05-15T03:00:00,10.58731368829806,14.562000274658203
65,2018-05-15T04:00:00,10.403526250823774,14.279999732971191
65,2018-05-15T05:00:00,10.28429546042888,14.140000343322756
65,2018-05-15T06:00:00,10.312866853676063,14.35099983215332
65,2018-05-15T07:00:00,10.409391052423885,14.562000274658203
65,2018-05-15T08:00:00,10.585485372923792,16.038999557495114
65,2018-05-15T09:00:00,10.907569006364756,16.461000442504886
65,2018-05-15T10:00:00,11.254505206187751,15.19499969482422
65,2018-05-15T11:00:00,11.461577116542934,14.140000343322756
65,2018-05-15T12:00:00,11.791433845320316,15.406000137329102
65,2018-05-15T13:00:00,12.096742476490554,14.42099952697754
65,2018-05-15T14:00:00,12.15763456177298,15.758000373840332
65,2018-05-15T15:00:00,12.39264404937893,16.180000305175778
65,2018-05-15T16:00:00,12.485459439428034,16.882999420166016
65,2018-05-15T17:00:00,12.374712616762794,16.25
65,2018-05-15T18:00:00,12.062515410867574,17.165000915527347
65,2018-05-15T19:00:00,11.913078930341172,16.882999420166016
65,2018-05-15T20:00:00,11.856925437782195,16.320999145507812
65,2018-05-15T21:00:00,11.555156224813217,15.968999862670898
65,2018-05-15T22:00:00,11.37665837921627,15.89799976348877
65,2018-05-15T23:00:00,11.014177741899566,15.687000274658203
65,2018-05-16T00:00:00,10.643347296798705,15.968999862670898
65,2018-05-16T01:00:00,10.441876626781694,16.25
65,2018-05-16T02:00:00,10.242728334713608,16.108999252319336
65,2018-05-16T03:00:00,9.931901864440768,16.108999252319336
65,2018-05-16T04:00:00,9.656728712752276,16.25
65,2018-05-16T05:00:00,9.645431560403136,16.461000442504886
65,2018-05-16T06:00:00,9.777203008055835,16.882999420166016
65,2018-05-16T07:00:00,9.688149439502833,16.672000885009766
65,2018-05-16T08:00:00,9.69522268242909,15.687000274658203
65,2018-05-16T09:00:00,10.059282850653613,14.843000411987305
65,2018-05-16T10:00:00,10.42523144325101,15.336000442504885
65,2018-05-16T11:00:00,10.559126742187797,14.984000205993652
65,2018-05-16T12:00:00,10.85289611532006,14.70300006866455
65,2018-05-16T13:00:00,11.097736262678604,14.984000205993652
65,2018-05-16T14:00:00,11.308567656957717,15.687000274658203
65,2018-05-16T15:00:00,11.518578229466975,16.743000030517578
65,2018-05-16T16:00:00,11.5664942846753,16.108999252319336
65,2018-05-16T17:00:00,11.385299047765903,16.320999145507812
65,2018-05-16T18:00:00,11.14346217973494,15.82800006866455
65,2018-05-16T19:00:00,11.09104629810318,15.54699993133545
65,2018-05-16T20:00:00,10.858802659280315,16.320999145507812
65,2018-05-16T21:00:00,10.563899563646563,16.038999557495114
65,2018-05-16T22:00:00,10.35241189598128,16.672000885009766
65,2018-05-16T23:00:00,10.263142519426335,15.053999900817873
65,2018-05-17T00:00:00,10.117281856439236,16.108999252319336
65,2018-05-17T01:00:00,9.894964884797293,16.601999282836914
65,2018-05-17T02:00:00,9.67446729566455,14.631999969482422
65,2018-05-17T03:00:00,9.572110269964483,12.239999771118164
65,2018-05-17T04:00:00,9.327568997904564,9.708000183105469
65,2018-05-17T05:00:00,9.308788609167838,8.652999877929688
65,2018-05-17T06:00:00,9.46968077952721,9.98900032043457
65,2018-05-17T07:00:00,9.475832351141506,10.973999977111816
65,2018-05-17T08:00:00,9.59168994141323,8.090000152587889
65,2018-05-17T09:00:00,9.9973154821739,11.326000213623049
65,2018-05-17T10:00:00,10.261517906769566,12.380999565124512
65,2018-05-17T11:00:00,10.495003464291408,13.154999732971191
65,2018-05-17T12:00:00,10.891820031306345,12.522000312805176
65,2018-05-17T13:00:00,11.22135592830367,13.013999938964846
65,2018-05-17T14:00:00,11.358624510848344,13.506999969482422
65,2018-05-17T15:00:00,11.436672205241283,13.506999969482422
65,2018-05-17T16:00:00,11.49754717615605,13.99899959564209
65,2018-05-17T17:00:00,11.578752763578539,13.788000106811523
65,2018-05-17T18:00:00,11.47358388901451,14.140000343322756
65,2018-05-17T19:00:00,11.32873814977193,13.788000106811523
65,2018-05-17T20:00:00,11.202882429398716,13.506999969482422
65,2018-05-17T21:00:00,10.960326757926087,13.154999732971191
65,2018-05-17T22:00:00,10.828710174429514,13.435999870300291
66,2018-05-14T23:00:00,14.727453123608173,14.70300006866455
66,2018-05-15T00:00:00,14.628662565158738,14.562000274658203
66,2018-05-15T01:00:00,14.471919501912877,14.140000343322756
66,2018-05-15T02:00:00,14.085381406690148,14.491000175476074
66,2018-05-15T03:00:00,13.904513930792595,14.562000274658203
66,2018-05-15T04:00:00,13.570205880214266,14.279999732971191
66,2018-05-15T05:00:00,13.4735996159864,14.140000343322756
66,2018-05-15T06:00:00,13.505676866577287,14.35099983215332
66,2018-05-15T07:00:00,13.516641666254971,14.562000274658203
66,2018-05-15T08:00:00,13.68309441989373,16.038999557495114
66,2018-05-15T09:00:00,14.016565285697027,16.461000442504886
66,2018-05-15T10:00:00,14.355839174407427,15.19499969482422
66,2018-05-15T11:00:00,14.521696765475264,14.140000343322756
66,2018-05-15T12:00:00,14.738340950373752,15.406000137329102
66,2018-05-15T13:00:00,14.911608144305882,14.42099952697754
66,2018-05-15T14:00:00,14.998071682896724,15.758000373840332
66,2018-05-15T15:00:00,15.090159837547414,16.180000305175778
66,2018-05-15T16:00:00,15.073660668792511,16.882999420166016
66,2018-05-15T17:00:00,14.938354561567607,16.25
66,2018-05-15T18:00:00,14.587096023836507,17.165000915527347
66,2018-05-15T19:00:00,14.391436307775024,16.882999420166016
66,2018-05-15T20:00:00,14.262845711449952,16.320999145507812
66,2018-05-15T21:00:00,13.947735389725059,15.968999862670898
66,2018-05-15T22:00:00,13.734513744419429,15.89799976348877
66,2018-05-15T23:00:00,13.52043245694901,15.687000274658203
66,2018-05-16T00:00:00,13.21723064617992,15.968999862670898
66,2018-05-16T01:00:00,12.979625952559148,16.25
66,2018-05-16T02:00:00,12.758880914715476,16.108999252319336
66,2018-05-16T03:00:00,12.375444109881943,16.108999252319336
66,2018-05-16T04:00:00,12.030279956731745,16.25
66,2018-05-16T05:00:00,11.996449777469007,16.461000442504886
66,2018-05-16T06:00:00,12.080663736787013,16.882999420166016
66,2018-05-16T07:00:00,12.026059804121271,16.672000885009766
66,2018-05-16T08:00:00,12.115001670118533,15.687000274658203
66,2018-05-16T09:00:00,12.373568625640711,14.843000411987305
66,2018-05-16T10:00:00,12.697276871738449,15.336000442504885
66,2018-05-16T11:00:00,12.936163640208656,14.984000205993652
66,2018-05-16T12:00:00,13.160232872644688,14.70300006866455
66,2018-05-16T13:00:00,13.30150095768412,14.984000205993652
66,2018-05-16T14:00:00,13.442086638619928,15.687000274658203
66,2018-05-16T15:00:00,13.637455326946494,16.743000030517578
66,2018-05-16T16:00:00,13.59689085272186,16.108999252319336
66,2018-05-16T17:00:00,13.341179074633473,16.320999145507812
66,2018-05-16T18:00:00,13.176573921339369,15.82800006866455
66,2018-05-16T19:00:00,13.030297838384124,15.54699993133545
66,2018-05-16T20:00:00,12.894569882867614,16.320999145507812
66,2018-05-16T21:00:00,12.505247822677497,16.038999557495114
66,2018-05-16T22:00:00,12.224743587205685,16.672000885009766
66,2018-05-16T23:00:00,12.025627353270188,15.053999900817873
66,2018-05-17T00:00:00,11.765404144382249,16.108999252319336
66,2018-05-17T01:00:00,11.607398458226779,16.601999282836914
66,2018-05-17T02:00:00,11.395312205117042,14.631999969482422
66,2018-05-17T03:00:00,11.25238177232727,12.239999771118164
66,2018-05-17T04:00:00,11.089950978573025,9.708000183105469
66,2018-05-17T05:00:00,10.985523281355697,8.652999877929688
66,2018-05-17T06:00:00,11.050884303715048,9.98900032043457
66,2018-05-17T07:00:00,11.054743468395003,10.973999977111816
66,2018-05-17T08:00:00,11.122070889855978,8.090000152587889
66,2018-05-17T09:00:00,11.477045749910623,11.326000213623049
66,2018-05-17T10:00:00,11.771998185014063,12.380999565124512
66,2018-05-17T11:00:00,11.916667604527397,13.154999732971191
66,2018-05-17T12:00:00,12.226604628590309,12.522000312805176
66,2018-05-17T13:00:00,12.517581771767876,13.013999938964846
66,2018-05-17T14:00:00,12.682267571301775,13.506999969482422
66,2018-05-17T15:00:00,12.781251229909234,13.506999969482422
66,2018-05-17T16:00:00,12.885108309063405,13.99899959564209
66,2018-05-17T17:00:00,12.837832832113838,13.788000106811523
66,2018-05-17T18:00:00,12.666433024405073,14.140000343322756
66,2018-05-17T19:00:00,12.474334432572121,13.788000106811523
66,2018-05-17T20:00:00,12.231156549479199,13.506999969482422
66,2018-05-17T21:00:00,12.024523184359683,13.154999732971191
66,2018-05-17T22:00:00,11.79552292691994,13.435999870300291
66,2018-05-17T23:00:00,11.652529463166353,13.366000175476074
66,2018-05-18T00:00:00,11.537250755945092,12.944000244140623
66,2018-05-18T01:00:00,11.469739668099486,12.944000244140623
66,2018-05-18T02:00:00,11.33678858134914,13.366000175476074
66,2018-05-18T03:00:00,11.11386601154624,13.085000038146973
66,2018-05-18T04:00:00,10.842455516201055,13.085000038146973
66,2018-05-18T05:00:00,10.905244374328385,12.803000450134276
66,2018-05-18T06:00:00,11.069882921510603,13.013999938964846
66,2018-05-18T07:00:00,11.015274230215805,12.944000244140623
66,2018-05-18T08:00:00,11.109455931197115,12.87399959564209
66,2018-05-18T09:00:00,11.469463667614221,12.522000312805176
66,2018-05-18T10:00:00,11.733873635224517,12.522000312805176
66,2018-05-18T11:00:00,12.08383573873429,12.732999801635742
66,2018-05-18T12:00:00,12.264120992192568,12.803000450134276
66,2018-05-18T13:00:00,12.484916538292012,12.592000007629396
66,2018-05-18T14:00:00,12.678849456399094,12.87399959564209
66,2018-05-18T15:00:00,12.905305767442272,12.732999801635742
66,2018-05-18T16:00:00,12.85024141654415,9.425999641418455
66,2018-05-18T17:00:00,12.800601568831354,8.090000152587889
66,2018-05-18T18:00:00,12.745239761874856,6.330999851226808
66,2018-05-18T19:00:00,12.51769965219292,5.3460001945495605
66,2018-05-18T20:00:00,12.294424609900972,6.401999950408936
66,2018-05-18T21:00:00,12.11507680636679,8.300999641418457
66,2018-05-18T22:00:00,11.999631380159116,8.652999877929688
67,2018-05-15T23:00:00,15.60584119794351,15.687000274658203
67,2018-05-16T00:00:00,15.414202815631139,15.968999862670898
67,2018-05-16T01:00:00,15.353943836725005,16.25
67,2018-05-16T02:00:00,15.125728586110114,16.108999252319336
67,2018-05-16T03:00:00,14.896258977572923,16.108999252319336
67,2018-05-16T04:00:00,14.403985814413183,16.25
67,2018-05-16T05:00:00,14.370482644799806,16.461000442504886
67,2018-05-16T06:00:00,14.467062110432458,16.882999420166016
67,2018-05-16T07:00:00,14.426015929371774,16.672000885009766
67,2018-05-16T08:00:00,14.563564853607168,15.687000274658203
67,2018-05-16T09:00:00,14.871531471301882,14.843000411987305
67,2018-05-16T10:00:00,14.902124447050799,15.336000442504885
67,2018-05-16T11:00:00,14.95822475984295,14.984000205993652
67,2018-05-16T12:00:00,15.206394778754834,14.70300006866455
67,2018-05-16T13:00:00,15.243756027746802,14.984000205993652
67,2018-05-16T14:00:00,15.579511369436014,15.687000274658203
67,2018-05-16T15:00:00,15.930772244739282,16.743000030517578
67,2018-05-16T16:00:00,15.976676426718843,16.108999252319336
67,2018-05-16T17:00:00,15.859474707405091,16.320999145507812
67,2018-05-16T18:00:00,15.702886424830641,15.82800006866455
67,2018-05-16T19:00:00,15.624228123193527,15.54699993133545
67,2018-05-16T20:00:00,15.275591757041902,16.320999145507812
67,2018-05-16T21:00:00,14.978250239698026,16.038999557495114
67,2018-05-16T22:00:00,14.66530501070904,16.672000885009766
67,2018-05-16T23:00:00,14.636773189219273,15.053999900817873
67,2018-05-17T00:00:00,14.404105364532633,16.108999252319336
67,2018-05-17T01:00:00,14.251190159196618,16.601999282836914
67,2018-05-17T02:00:00,14.085147065080305,14.631999969482422
67,2018-05-17T03:00:00,13.780961219913198,12.239999771118164
67,2018-05-17T04:00:00,13.518861274513222,9.708000183105469
67,2018-05-17T05:00:00,13.31500494512931,8.652999877929688
67,2018-05-17T06:00:00,13.361440565792797,9.98900032043457
67,2018-05-17T07:00:00,13.466984453720354,10.973999977111816
67,2018-05-17T08:00:00,13.70971101841541,8.090000152587889
67,2018-05-17T09:00:00,13.924783519969788,11.326000213623049
67,2018-05-17T10:00:00,13.960407284963157,12.380999565124512
67,2018-05-17T11:00:00,14.207458775592645,13.154999732971191
67,2018-05-17T12:00:00,14.51996303828908,12.522000312805176
67,2018-05-17T13:00:00,14.720668320390505,13.013999938964846
67,2018-05-17T14:00:00,14.996590747443564,13.506999969482422
67,2018-05-17T15:00:00,15.266747051835889,13.506999969482422
67,2018-05-17T16:00:00,15.357282140235093,13.99899959564209
67,2018-05-17T17:00:00,15.339174220920274,13.788000106811523
67,2018-05-17T18:00:00,15.35288366426209,14.140000343322756
67,2018-05-17T19:00:00,14.947153851085783,13.788000106811523
67,2018-05-17T20:00:00,14.733761896950769,13.506999969482422
67,2018-05-17T21:00:00,14.443464152426891,13.154999732971191
67,2018-05-17T22:00:00,14.145118731321574,13.435999870300291
67,2018-05-17T23:00:00,13.900236507664005,13.366000175476074
67,2018-05-18T00:00:00,13.737350638699478,12.944000244140623
67,2018-05-18T01:00:00,13.535310936828996,12.944000244140623
67,2018-05-18T02:00:00,13.523268432897137,13.366000175476074
67,2018-05-18T03:00:00,13.246362973262706,13.085000038146973
67,2018-05-18T04:00:00,12.963348686190766,13.085000038146973
67,2018-05-18T05:00:00,12.940324852606608,12.803000450134276
67,2018-05-18T06:00:00,13.031506279710268,13.013999938964846
67,2018-05-18T07:00:00,13.04833187372149,12.944000244140623
67,2018-05-18T08:00:00,13.136358496730253,12.87399959564209
67,2018-05-18T09:00:00,13.35032566058804,12.522000312805176
67,2018-05-18T10:00:00,13.48198899552797,12.522000312805176
67,2018-05-18T11:00:00,13.681949510439724,12.732999801635742
67,2018-05-18T12:00:00,13.709143990195225,12.803000450134276
67,2018-05-18T13:00:00,13.94770950946177,12.592000007629396
67,2018-05-18T14:00:00,14.277344085398472,12.87399959564209
67,2018-05-18T15:00:00,14.624284125518601,12.732999801635742
67,2018-05-18T16:00:00,14.702355112148501,9.425999641418455
67,2018-05-18T17:00:00,14.735513740321256,8.090000152587889
67,2018-05-18T18:00:00,14.62875055805392,6.330999851226808
67,2018-05-18T19:00:00,14.348021915653977,5.3460001945495605
67,2018-05-18T20:00:00,13.970424282611429,6.401999950408936
67,2018-05-18T21:00:00,13.708005926488282,8.300999641418457
67,2018-05-18T22:00:00,13.478979955754692,8.652999877929688
67,2018-05-18T23:00:00,13.346702173273453,8.51200008392334
67,2018-05-19T00:00:00,13.25830796704127,8.51200008392334
67,2018-05-19T01:00:00,13.120635986328173,8.51200008392334
67,2018-05-19T02:00:00,12.92875846203454,8.230999946594237
67,2018-05-19T03:00:00,12.68996945417179,8.51200008392334
67,2018-05-19T04:00:00,12.486864904694055,7.809000015258789
67,2018-05-19T05:00:00,12.466042980607448,7.73799991607666
67,2018-05-19T06:00:00,12.519807140471828,7.73799991607666
67,2018-05-19T07:00:00,12.485707806470886,7.948999881744385
67,2018-05-19T08:00:00,12.689202396561798,7.879000186920166
67,2018-05-19T09:00:00,12.9821776630347,7.105000019073486
67,2018-05-19T10:00:00,13.032557769762274,7.597000122070312
67,2018-05-19T11:00:00,13.210096960316175,7.456999778747559
67,2018-05-19T12:00:00,13.431616736364102,7.809000015258789
67,2018-05-19T13:00:00,13.495027305203404,7.879000186920166
67,2018-05-19T14:00:00,13.799604276285052,8.020000457763674
67,2018-05-19T15:00:00,14.179704447302903,7.668000221252441
67,2018-05-19T16:00:00,14.258565115901991,7.456999778747559
67,2018-05-19T17:00:00,14.312059870574007,7.0349998474121085
67,2018-05-19T18:00:00,14.224481560513183,7.175000190734862
67,2018-05-19T19:00:00,13.99734418112191,7.0349998474121085
67,2018-05-19T20:00:00,13.734764282065008,6.894000053405763
67,2018-05-19T21:00:00,13.566190933046256,7.386000156402588
67,2018-05-19T22:00:00,13.351028852387012,7.315999984741211
68,2018-05-16T23:00:00,16.458676703214163,15.053999900817873
68,2018-05-17T00:00:00,16.279730934542922,16.108999252319336
68,2018-05-17T01:00:00,16.23946039582601,16.601999282836914
68,2018-05-17T02:00:00,16.020933154622163,14.631999969482422
68,2018-05-17T03:00:00,15.855468233936191,12.239999771118164
68,2018-05-17T04:00:00,15.642257358159478,9.708000183105469
68,2018-05-17T05:00:00,15.496613179400553,8.652999877929688
68,2018-05-17T06:00:00,15.541542936073403,9.98900032043457
68,2018-05-17T07:00:00,15.613233769924863,10.973999977111816
68,2018-05-17T08:00:00,15.615443610470841,8.090000152587889
68,2018-05-17T09:00:00,15.538291707126575,11.326000213623049
68,2018-05-17T10:00:00,15.488320925982562,12.380999565124512
68,2018-05-17T11:00:00,15.51576502505172,13.154999732971191
68,2018-05-17T12:00:00,15.657000133626637,12.522000312805176
68,2018-05-17T13:00:00,15.824490685823276,13.013999938964846
68,2018-05-17T14:00:00,16.224591583476638,13.506999969482422
68,2018-05-17T15:00:00,16.4536614671731,13.506999969482422
68,2018-05-17T16:00:00,16.454573863332634,13.99899959564209
68,2018-05-17T17:00:00,16.472173594458127,13.788000106811523
68,2018-05-17T18:00:00,16.329135449682244,14.140000343322756
68,2018-05-17T19:00:00,15.981340567768743,13.788000106811523
68,2018-05-17T20:00:00,15.85833706112175,13.506999969482422
68,2018-05-17T21:00:00,15.638326855786039,13.154999732971191
68,2018-05-17T22:00:00,15.473394442388413,13.435999870300291
68,2018-05-17T23:00:00,15.296784687225461,13.366000175476074
68,2018-05-18T00:00:00,15.204184186846373,12.944000244140623
68,2018-05-18T01:00:00,15.032270196745365,12.944000244140623
68,2018-05-18T02:00:00,14.87297751014196,13.366000175476074
68,2018-05-18T03:00:00,14.673551881833083,13.085000038146973
68,2018-05-18T04:00:00,14.565824117107557,13.085000038146973
68,2018-05-18T05:00:00,14.497445289079296,12.803000450134276
68,2018-05-18T06:00:00,14.531591207554158,13.013999938964846
68,2018-05-18T07:00:00,14.596854385821333,12.944000244140623
68,2018-05-18T08:00:00,14.579138677722419,12.87399959564209
68,2018-05-18T09:00:00,14.609752608136127,12.522000312805176
68,2018-05-18T10:00:00,14.620770337126471,12.522000312805176
68,2018-05-18T11:00:00,14.730555165359851,12.732999801635742
68,2018-05-18T12:00:00,14.829583989200986,12.803000450134276
68,2018-05-18T13:00:00,15.006956126829591,12.592000007629396
68,2018-05-18T14:00:00,15.28528429132478,12.87399959564209
68,2018-05-18T15:00:00,15.651722354837217,12.732999801635742
68,2018-05-18T16:00:00,15.675857203078946,9.425999641418455
68,2018-05-18T17:00:00,15.665940846260979,8.090000152587889
68,2018-05-18T18:00:00,15.445756658768191,6.330999851226808
68,2018-05-18T19:00:00,15.21476846316899,5.3460001945495605
68,2018-05-18T20:00:00,14.962457518646186,6.401999950408936
68,2018-05-18T21:00:00,14.670122830432042,8.300999641418457
68,2018-05-18T22:00:00,14.482684105231312,8.652999877929688
68,2018-05-18T23:00:00,14.333931865472376,8.51200008392334
68,2018-05-19T00:00:00,14.151050153728475,8.51200008392334
68,2018-05-19T01:00:00,14.07127465956449,8.51200008392334
68,2018-05-19T02:00:00,13.933096260538136,8.230999946594237
68,2018-05-19T03:00:00,13.835270034092726,8.51200008392334
68,2018-05-19T04:00:00,13.760419721002032,7.809000015258789
68,2018-05-19T05:00:00,13.739291491476694,7.73799991607666
68,2018-05-19T06:00:00,13.810830884045554,7.73799991607666
68,2018-05-19T07:00:00,13.734827479998264,7.948999881744385
68,2018-05-19T08:00:00,13.812153115045449,7.879000186920166
68,2018-05-19T09:00:00,13.907293137130925,7.105000019073486
68,2018-05-19T10:00:00,13.8805232606628,7.597000122070312
68,2018-05-19T11:00:00,13.81157373108666,7.456999778747559
68,2018-05-19T12:00:00,13.970956080279652,7.809000015258789
68,2018-05-19T13:00:00,14.174421116779584,7.879000186920166
68,2018-05-19T14:00:00,14.490846155879545,8.020000457763674
68,2018-05-19T15:00:00,14.852884324178731,7.668000221252441
68,2018-05-19T16:00:00,14.967703865438418,7.456999778747559
68,2018-05-19T17:00:00,14.950988471257974,7.0349998474121085
68,2018-05-19T18:00:00,14.774751976279422,7.175000190734862
68,2018-05-19T19:00:00,14.509569441067594,7.0349998474121085
68,2018-05-19T20:00:00,14.247343433739987,6.894000053405763
68,2018-05-19T21:00:00,14.09734318089749,7.386000156402588
68,2018-05-19T22:00:00,13.91997279644801,7.315999984741211
68,2018-05-19T23:00:00,13.797584196508286,7.105000019073486
68,2018-05-20T00:00:00,13.726783309775078,7.105000019073486
68,2018-05-20T01:00:00,13.662833596612167,7.105000019073486
68,2018-05-20T02:00:00,13.591442890330136,6.964000225067139
68,2018-05-20T03:00:00,13.542609838954187,6.752999782562256
68,2018-05-20T04:00:00,13.323101627241556,6.823999881744385
68,2018-05-20T05:00:00,13.344354499454282,6.823999881744385
68,2018-05-20T06:00:00,13.476504633798204,6.752999782562256
68,2018-05-20T07:00:00,13.530056575503616,6.823999881744385
68,2018-05-20T08:00:00,13.581509878310472,7.105000019073486
68,2018-05-20T09:00:00,13.637615617609443,7.245999813079834
68,2018-05-20T10:00:00,13.658658943174249,7.386000156402588
68,2018-05-20T11:00:00,13.70644225767732,7.175000190734862
68,2018-05-20T12:00:00,13.82932567155418,6.964000225067139
68,2018-05-20T13:00:00,13.988820641634838,6.823999881744385
68,2018-05-20T14:00:00,14.267076884043501,6.683000087738037
68,2018-05-20T15:00:00,14.678303164234016,6.330999851226808
68,2018-05-20T16:00:00,14.87172081464749,6.541999816894531
68,2018-05-20T17:00:00,14.795966695974975,4.361999988555908
68,2018-05-20T18:00:00,14.715809676639283,5.557000160217285
68,2018-05-20T19:00:00,14.499113814698937,5.627999782562256
68,2018-05-20T20:00:00,14.311767173144684,5.9790000915527335
68,2018-05-20T21:00:00,14.199007617358063,5.697999954223633
68,2018-05-20T22:00:00,14.077506293025541,5.908999919891357
69,2018-05-17T23:00:00,13.24841118739021,13.366000175476074
69,2018-05-18T00:00:00,13.242718030375006,12.944000244140623
69,2018-05-18T01:00:00,13.129255366274133,12.944000244140623
69,2018-05-18T02:00:00,12.664880626031348,13.366000175476074
69,2018-05-18T03:00:00,12.20569195661275,13.085000038146973
69,2018-05-18T04:00:00,11.906692015300386,13.085000038146973
69,2018-05-18T05:00:00,11.733469903117212,12.803000450134276
69,2018-05-18T06:00:00,11.917605137936214,13.013999938964846
69,2018-05-18T07:00:00,12.08818904947362,12.944000244140623
69,2018-05-18T08:00:00,12.041075699850847,12.87399959564209
69,2018-05-18T09:00:00,12.375315710382143,12.522000312805176
69,2018-05-18T10:00:00,12.668810418784666,12.522000312805176
69,2018-05-18T11:00:00,12.769824676243648,12.732999801635742
69,2018-05-18T12:00:00,12.969687931456265,12.803000450134276
69,2018-05-18T13:00:00,13.194286039595312,12.592000007629396
69,2018-05-18T14:00:00,13.516076391213911,12.87399959564209
69,2018-05-18T15:00:00,13.797171281081749,12.732999801635742
69,2018-05-18T16:00:00,14.035819700675539,9.425999641418455
69,2018-05-18T17:00:00,14.157961519782097,8.090000152587889
69,2018-05-18T18:00:00,14.138247771872571,6.330999851226808
69,2018-05-18T19:00:00,14.050167468188665,5.3460001945495605
69,2018-05-18T20:00:00,13.992274738451965,6.401999950408936
69,2018-05-18T21:00:00,13.771580793257108,8.300999641418457
69,2018-05-18T22:00:00,13.650087149518853,8.652999877929688
69,2018-05-18T23:00:00,13.665008790999225,8.51200008392334
69,2018-05-19T00:00:00,13.57293950389532,8.51200008392334
69,2018-05-19T01:00:00,13.513615762568193,8.51200008392334
69,2018-05-19T02:00:00,13.1648610150832,8.230999946594237
69,2018-05-19T03:00:00,12.743682771841515,8.51200008392334
69,2018-05-19T04:00:00,12.55032882026962,7.809000015258789
69,2018-05-19T05:00:00,12.43887888929013,7.73799991607666
69,2018-05-19T06:00:00,12.544020380865906,7.73799991607666
69,2018-05-19T07:00:00,12.439012464842587,7.948999881744385
69,2018-05-19T08:00:00,12.616809706666892,7.879000186920166
69,2018-05-19T09:00:00,13.015080494024497,7.105000019073486
69,2018-05-19T10:00:00,13.055286484860222,7.597000122070312
69,2018-05-19T11:00:00,13.033275237448414,7.456999778747559
69,2018-05-19T12:00:00,13.247409036807893,7.809000015258789
69,2018-05-19T13:00:00,13.472119264926283,7.879000186920166
69,2018-05-19T14:00:00,13.712659030858159,8.020000457763674
69,2018-05-19T15:00:00,14.197341178856426,7.668000221252441
69,2018-05-19T16:00:00,14.344806251197989,7.456999778747559
69,2018-05-19T17:00:00,14.427087288787208,7.0349998474121085
69,2018-05-19T18:00:00,14.457400173299563,7.175000190734862
69,2018-05-19T19:00:00,14.390598288152791,7.0349998474121085
69,2018-05-19T20:00:00,14.07376500877063,6.894000053405763
69,2018-05-19T21:00:00,13.987865743404203,7.386000156402588
69,2018-05-19T22:00:00,13.893967139109385,7.315999984741211
69,2018-05-19T23:00:00,13.646220220759911,7.105000019073486
69,2018-05-20T00:00:00,13.565893894411477,7.105000019073486
69,2018-05-20T01:00:00,13.508081560460415,7.105000019073486
69,2018-05-20T02:00:00,13.149355397984424,6.964000225067139
69,2018-05-20T03:00:00,12.789060808068417,6.752999782562256
69,2018-05-20T04:00:00,12.48371168680884,6.823999881744385
69,2018-05-20T05:00:00,12.32170841830718,6.823999881744385
69,2018-05-20T06:00:00,12.395727140099103,6.752999782562256
69,2018-05-20T07:00:00,12.40469865859523,6.823999881744385
69,2018-05-20T08:00:00,12.574920079477154,7.105000019073486
69,2018-05-20T09:00:00,12.902496506604638,7.245999813079834
69,2018-05-20T10:00:00,13.074414003063897,7.386000156402588
69,2018-05-20T11:00:00,13.132490983578268,7.175000190734862
69,2018-05-20T12:00:00,13.277811416940397,6.964000225067139
69,2018-05-20T13:00:00,13.35412254566666,6.823999881744385
69,2018-05-20T14:00:00,13.582128082664191,6.683000087738037
69,2018-05-20T15:00:00,14.041533728870816,6.330999851226808
69,2018-05-20T16:00:00,14.193517161243713,6.541999816894531
69,2018-05-20T17:00:00,14.154968091651511,4.361999988555908
69,2018-05-20T18:00:00,14.206032606115993,5.557000160217285
69,2018-05-20T19:00:00,13.927561891460915,5.627999782562256
69,2018-05-20T20:00:00,13.819593941195127,5.9790000915527335
69,2018-05-20T21:00:00,13.88405483130035,5.697999954223633
69,2018-05-20T22:00:00,13.674579145393967,5.908999919891357
69,2018-05-20T23:00:00,13.461407507435787,5.76800012588501
69,2018-05-21T00:00:00,13.467612676240508,5.697999954223633
69,2018-05-21T01:00:00,13.350632884358694,5.416999816894531
69,2018-05-21T02:00:00,12.994901151829934,5.76800012588501
69,2018-05-21T03:00:00,12.758491625464782,5.627999782562256
69,2018-05-21T04:00:00,12.413164760594745,5.697999954223633
69,2018-05-21T05:00:00,12.295593479469701,6.050000190734862
69,2018-05-21T06:00:00,12.411401730271738,5.908999919891357
69,2018-05-21T07:00:00,12.596592879832919,5.9790000915527335
69,2018-05-21T08:00:00,12.598693271910603,6.050000190734862
69,2018-05-21T09:00:00,12.867785146119278,6.4720001220703125
69,2018-05-21T10:00:00,12.985063813299718,6.401999950408936
69,2018-05-21T11:00:00,13.038266454935453,6.401999950408936
69,2018-05-21T12:00:00,13.146192412386938,6.752999782562256
69,2018-05-21T13:00:00,13.376637289426514,7.105000019073486
69,2018-05-21T14:00:00,13.748304668848245,7.175000190734862
69,2018-05-21T15:00:00,14.133825753208445,7.315999984741211
69,2018-05-21T16:00:00,14.28860216689852,5.627999782562256
69,2018-05-21T17:00:00,14.345185605766972,4.432000160217285
69,2018-05-21T18:00:00,14.435313873124219,6.4720001220703125
69,2018-05-21T19:00:00,14.388199104261203,6.4720001220703125
69,2018-05-21T20:00:00,14.285482175931982,6.894000053405763
69,2018-05-21T21:00:00,14.202419971815043,6.61299991607666
69,2018-05-21T22:00:00,14.025782165786076,6.894000053405763
70,2018-05-18T23:00:00,8.991452918738995,8.51200008392334
70,2018-05-19T00:00:00,9.21366862341523,8.51200008392334
70,2018-05-19T01:00:00,9.39863436423164,8.51200008392334
70,2018-05-19T02:00:00,9.331080699178688,8.230999946594237
70,2018-05-19T03:00:00,9.252893084394547,8.51200008392334
70,2018-05-19T04:00:00,9.14877762003109,7.809000015258789
70,2018-05-19T05:00:00,9.14556404269311,7.73799991607666
70,2018-05-19T06:00:00,9.48839596669739,7.73799991607666
70,2018-05-19T07:00:00,9.53172620622039,7.948999881744385
70,2018-05-19T08:00:00,9.606757764638825,7.879000186920166
70,2018-05-19T09:00:00,9.96705143622291,7.105000019073486
70,2018-05-19T10:00:00,10.016172175944966,7.597000122070312
70,2018-05-19T11:00:00,9.835734145448566,7.456999778747559
70,2018-05-19T12:00:00,10.03388729965084,7.809000015258789
70,2018-05-19T13:00:00,10.14002426303131,7.879000186920166
70,2018-05-19T14:00:00,10.232700651021137,8.020000457763674
70,2018-05-19T15:00:00,10.520060902177022,7.668000221252441
70,2018-05-19T16:00:00,10.242750541649203,7.456999778747559
70,2018-05-19T17:00:00,10.03832234193133,7.0349998474121085
70,2018-05-19T18:00:00,9.998119440030255,7.175000190734862
70,2018-05-19T19:00:00,9.972843606116374,7.0349998474121085
70,2018-05-19T20:00:00,10.060867390644646,6.894000053405763
70,2018-05-19T21:00:00,10.443563018131478,7.386000156402588
70,2018-05-19T22:00:00,10.647368922744336,7.315999984741211
70,2018-05-19T23:00:00,10.656332176253155,7.105000019073486
70,2018-05-20T00:00:00,10.727505655293001,7.105000019073486
70,2018-05-20T01:00:00,10.684719485692106,7.105000019073486
70,2018-05-20T02:00:00,10.537593194345467,6.964000225067139
70,2018-05-20T03:00:00,10.155524036199665,6.752999782562256
70,2018-05-20T04:00:00,10.130680653136867,6.823999881744385
70,2018-05-20T05:00:00,10.161562486017974,6.823999881744385
70,2018-05-20T06:00:00,10.301561352854891,6.752999782562256
70,2018-05-20T07:00:00,10.444373404311296,6.823999881744385
70,2018-05-20T08:00:00,10.5215065235935,7.105000019073486
70,2018-05-20T09:00:00,10.743871749403766,7.245999813079834
70,2018-05-20T10:00:00,10.933520649089356,7.386000156402588
70,2018-05-20T11:00:00,10.9472088038275,7.175000190734862
70,2018-05-20T12:00:00,11.186724462695622,6.964000225067139
70,2018-05-20T13:00:00,11.368260233779068,6.823999881744385
70,2018-05-20T14:00:00,11.549449209334444,6.683000087738037
70,2018-05-20T15:00:00,11.771235886033129,6.330999851226808
70,2018-05-20T16:00:00,11.548102600796227,6.541999816894531
70,2018-05-20T17:00:00,11.393286364894575,4.361999988555908
70,2018-05-20T18:00:00,11.366083703636484,5.557000160217285
70,2018-05-20T19:00:00,11.224570090034693,5.627999782562256
70,2018-05-20T20:00:00,11.521629595993438,5.9790000915527335
70,2018-05-20T21:00:00,11.830080925974134,5.697999954223633
70,2018-05-20T22:00:00,11.863100719057055,5.908999919891357
70,2018-05-20T23:00:00,11.699538874312367,5.76800012588501
70,2018-05-21T00:00:00,11.80058794489971,5.697999954223633
70,2018-05-21T01:00:00,11.783345010771775,5.416999816894531
70,2018-05-21T02:00:00,11.577735502261852,5.76800012588501
70,2018-05-21T03:00:00,11.361449466813392,5.627999782562256
70,2018-05-21T04:00:00,11.133619331213183,5.697999954223633
70,2018-05-21T05:00:00,11.147003935508364,6.050000190734862
70,2018-05-21T06:00:00,11.304118088335898,5.908999919891357
70,2018-05-21T07:00:00,11.488911683659076,5.9790000915527335
70,2018-05-21T08:00:00,11.534747800546189,6.050000190734862
70,2018-05-21T09:00:00,11.748857472821504,6.4720001220703125
70,2018-05-21T10:00:00,11.872133765792032,6.401999950408936
70,2018-05-21T11:00:00,11.817067828684227,6.401999950408936
70,2018-05-21T12:00:00,11.937827641731165,6.752999782562256
70,2018-05-21T13:00:00,12.203369578663825,7.105000019073486
70,2018-05-21T14:00:00,12.439198468799386,7.175000190734862
70,2018-05-21T15:00:00,12.567984669824089,7.315999984741211
70,2018-05-21T16:00:00,12.424341277523073,5.627999782562256
70,2018-05-21T17:00:00,12.242575088611638,4.432000160217285
70,2018-05-21T18:00:00,12.090510926514224,6.4720001220703125
70,2018-05-21T19:00:00,12.099718706768762,6.4720001220703125
70,2018-05-21T20:00:00,12.1466594934747,6.894000053405763
70,2018-05-21T21:00:00,12.335883789872913,6.61299991607666
70,2018-05-21T22:00:00,12.409702899698631,6.894000053405763
70,2018-05-21T23:00:00,12.440769066842131,6.683000087738037
70,2018-05-22T00:00:00,12.70067995939148,6.964000225067139
70,2018-05-22T01:00:00,12.607872416906082,7.315999984741211
70,2018-05-22T02:00:00,12.301211583721368,7.456999778747559
70,2018-05-22T03:00:00,12.051832706059738,7.879000186920166
70,2018-05-22T04:00:00,11.927300218503062,8.300999641418457
70,2018-05-22T05:00:00,11.860779593378933,9.003999710083008
70,2018-05-22T06:00:00,11.872995662044268,9.145000457763672
70,2018-05-22T07:00:00,12.089694696403985,7.456999778747559
70,2018-05-22T08:00:00,12.291147333721412,6.823999881744385
70,2018-05-22T09:00:00,12.469182840937414,6.683000087738037
70,2018-05-22T10:00:00,12.628154194852437,6.401999950408936
70,2018-05-22T11:00:00,12.62862413034293,3.7279999256134033
70,2018-05-22T12:00:00,12.661567785360948,4.150000095367432
70,2018-05-22T13:00:00,12.78589531792932,6.541999816894531
70,2018-05-22T14:00:00,12.977962102083842,6.964000225067139
70,2018-05-22T15:00:00,13.036277014051029,6.261000156402588
70,2018-05-22T16:00:00,12.858761533157692,6.119999885559082
70,2018-05-22T17:00:00,12.713268954302333,6.894000053405763
70,2018-05-22T18:00:00,12.764239131032893,6.261000156402588
70,2018-05-22T19:00:00,12.596214443595862,7.0349998474121085
70,2018-05-22T20:00:00,12.655924635693195,7.526999950408935
70,2018-05-22T21:00:00,12.86081116652544,7.73799991607666
70,2018-05-22T22:00:00,12.83895645296417,7.809000015258789
71,2018-05-19T23:00:00,7.4234940784551355,7.105000019073486
71,2018-05-20T00:00:00,7.788671272237089,7.105000019073486
71,2018-05-20T01:00:00,7.93538898936265,7.105000019073486
71,2018-05-20T02:00:00,7.7140217398986834,6.964000225067139
71,2018-05-20T03:00:00,7.577907417096688,6.752999782562256
71,2018-05-20T04:00:00,7.51945559018823,6.823999881744385
71,2018-05-20T05:00:00,7.516000992462784,6.823999881744385
71,2018-05-20T06:00:00,7.613405955009627,6.752999782562256
71,2018-05-20T07:00:00,7.789279041000775,6.823999881744385
71,2018-05-20T08:00:00,7.731328957261237,7.105000019073486
71,2018-05-20T09:00:00,7.911105788772971,7.245999813079834
71,2018-05-20T10:00:00,8.329705272489733,7.386000156402588
71,2018-05-20T11:00:00,8.42428611391873,7.175000190734862
71,2018-05-20T12:00:00,8.752211590661732,6.964000225067139
71,2018-05-20T13:00:00,8.954230671806304,6.823999881744385
71,2018-05-20T14:00:00,9.146514933657171,6.683000087738037
71,2018-05-20T15:00:00,9.165784793308934,6.330999851226808
71,2018-05-20T16:00:00,8.883487973923135,6.541999816894531
71,2018-05-20T17:00:00,8.75735483382441,4.361999988555908
71,2018-05-20T18:00:00,8.72797656075566,5.557000160217285
71,2018-05-20T19:00:00,8.71129764939798,5.627999782562256
71,2018-05-20T20:00:00,9.09151186054374,5.9790000915527335
71,2018-05-20T21:00:00,9.514485359210463,5.697999954223633
71,2018-05-20T22:00:00,9.623620676320016,5.908999919891357
71,2018-05-20T23:00:00,9.597089733121349,5.76800012588501
71,2018-05-21T00:00:00,9.761210257614191,5.697999954223633
71,2018-05-21T01:00:00,9.745834459255459,5.416999816894531
71,2018-05-21T02:00:00,9.536509045845591,5.76800012588501
71,2018-05-21T03:00:00,9.33946757417865,5.627999782562256
71,2018-05-21T04:00:00,9.089646227499504,5.697999954223633
71,2018-05-21T05:00:00,9.071074634048212,6.050000190734862
71,2018-05-21T06:00:00,9.226135396695584,5.908999919891357
71,2018-05-21T07:00:00,9.476023531150961,5.9790000915527335
71,2018-05-21T08:00:00,9.394713587828111,6.050000190734862
71,2018-05-21T09:00:00,9.474590682896686,6.4720001220703125
71,2018-05-21T10:00:00,9.839827735223084,6.401999950408936
71,2018-05-21T11:00:00,9.889106761974803,6.401999950408936
71,2018-05-21T12:00:00,10.008717825270603,6.752999782562256
71,2018-05-21T13:00:00,10.344159431380978,7.105000019073486
71,2018-05-21T14:00:00,10.561529432437634,7.175000190734862
71,2018-05-21T15:00:00,10.643123223809456,7.315999984741211
71,2018-05-21T16:00:00,10.569167449496629,5.627999782562256
71,2018-05-21T17:00:00,10.2549960804208,4.432000160217285
71,2018-05-21T18:00:00,10.272491138403996,6.4720001220703125
71,2018-05-21T19:00:00,10.318300874119497,6.4720001220703125
71,2018-05-21T20:00:00,10.442822508662537,6.894000053405763
71,2018-05-21T21:00:00,10.66852511965097,6.61299991607666
71,2018-05-21T22:00:00,10.864981363428704,6.894000053405763
71,2018-05-21T23:00:00,10.912324713455867,6.683000087738037
71,2018-05-22T00:00:00,11.107157179424032,6.964000225067139
71,2018-05-22T01:00:00,11.023544477061527,7.315999984741211
71,2018-05-22T02:00:00,10.805619135645525,7.456999778747559
71,2018-05-22T03:00:00,10.582599807051814,7.879000186920166
71,2018-05-22T04:00:00,10.4002390399625,8.300999641418457
71,2018-05-22T05:00:00,10.305480960472334,9.003999710083008
71,2018-05-22T06:00:00,10.271292297820684,9.145000457763672
71,2018-05-22T07:00:00,10.54159495092767,7.456999778747559
71,2018-05-22T08:00:00,10.546148541510968,6.823999881744385
71,2018-05-22T09:00:00,10.789882683295158,6.683000087738037
71,2018-05-22T10:00:00,11.051285030372423,6.401999950408936
71,2018-05-22T11:00:00,11.147692600966005,3.7279999256134033
71,2018-05-22T12:00:00,11.219528447776604,4.150000095367432
71,2018-05-22T13:00:00,11.391587116897867,6.541999816894531
71,2018-05-22T14:00:00,11.509981807819095,6.964000225067139
71,2018-05-22T15:00:00,11.541382080813179,6.261000156402588
71,2018-05-22T16:00:00,11.296439998611167,6.119999885559082
71,2018-05-22T17:00:00,11.067067816742547,6.894000053405763
71,2018-05-22T18:00:00,10.963217499850721,6.261000156402588
71,2018-05-22T19:00:00,10.87033356884626,7.0349998474121085
71,2018-05-22T20:00:00,11.001753211887676,7.526999950408935
71,2018-05-22T21:00:00,11.107922316885457,7.73799991607666
71,2018-05-22T22:00:00,11.117503774747995,7.809000015258789
71,2018-05-22T23:00:00,11.073222310322056,6.752999782562256
71,2018-05-23T00:00:00,11.179640032816849,7.105000019073486
71,2018-05-23T01:00:00,11.171713409079825,6.61299991607666
71,2018-05-23T02:00:00,10.96026364347755,6.823999881744385
71,2018-05-23T03:00:00,10.88938945715993,6.4720001220703125
71,2018-05-23T04:00:00,10.678922306715426,7.597000122070312
71,2018-05-23T05:00:00,10.560358976659222,6.894000053405763
71,2018-05-23T06:00:00,10.87368715006016,7.668000221252441
71,2018-05-23T07:00:00,10.888705717300788,9.21500015258789
71,2018-05-23T08:00:00,10.795949517918364,9.848999977111816
71,2018-05-23T09:00:00,11.002018192389864,9.003999710083008
71,2018-05-23T10:00:00,11.171981812455545,9.28600025177002
71,2018-05-23T11:00:00,11.309440990616633,9.56700038909912
71,2018-05-23T12:00:00,11.415926252250136,9.21500015258789
71,2018-05-23T13:00:00,11.714225923728737,9.21500015258789
71,2018-05-23T14:00:00,11.873994807176654,10.482000350952148
71,2018-05-23T15:00:00,11.88714156350374,11.958999633789062
71,2018-05-23T16:00:00,11.56289024930054,11.678000450134276
71,2018-05-23T17:00:00,11.324582697819679,11.678000450134276
71,2018-05-23T18:00:00,11.111574773397983,11.467000007629396
71,2018-05-23T19:00:00,11.163264254478527,9.918999671936035
71,2018-05-23T20:00:00,11.34905056661063,9.496999740600586
71,2018-05-23T21:00:00,11.585682412785905,9.425999641418455
71,2018-05-23T22:00:00,11.75907683743175,9.28600025177002
72,2018-05-20T23:00:00,6.07803262029376,5.76800012588501
72,2018-05-21T00:00:00,6.46812582884516,5.697999954223633
72,2018-05-21T01:00:00,6.690771229376709,5.416999816894531
72,2018-05-21T02:00:00,6.574234073481852,5.76800012588501
72,2018-05-21T03:00:00,6.491361296195246,5.627999782562256
72,2018-05-21T04:00:00,6.227075386879292,5.697999954223633
72,2018-05-21T05:00:00,6.208480000282721,6.050000190734862
72,2018-05-21T06:00:00,6.402572791629151,5.908999919891357
72,2018-05-21T07:00:00,6.706418770499971,5.9790000915527335
72,2018-05-21T08:00:00,6.598487219572226,6.050000190734862
72,2018-05-21T09:00:00,6.863231460002551,6.4720001220703125
72,2018-05-21T10:00:00,7.2803144437753105,6.401999950408936
72,2018-05-21T11:00:00,7.343332884883431,6.401999950408936
72,2018-05-21T12:00:00,7.4410734560058245,6.752999782562256
72,2018-05-21T13:00:00,7.612099419137149,7.105000019073486
72,2018-05-21T14:00:00,7.612307296090661,7.175000190734862
72,2018-05-21T15:00:00,7.556852570640482,7.315999984741211
72,2018-05-21T16:00:00,7.474924840387516,5.627999782562256
72,2018-05-21T17:00:00,7.101243058149997,4.432000160217285
72,2018-05-21T18:00:00,7.096521997217806,6.4720001220703125
72,2018-05-21T19:00:00,7.177765987611627,6.4720001220703125
72,2018-05-21T20:00:00,7.260385806195767,6.894000053405763
72,2018-05-21T21:00:00,7.546467906284068,6.61299991607666
72,2018-05-21T22:00:00,7.780437174275253,6.894000053405763
72,2018-05-21T23:00:00,8.061226009158519,6.683000087738037
72,2018-05-22T00:00:00,8.225867060882345,6.964000225067139
72,2018-05-22T01:00:00,8.162401475612375,7.315999984741211
72,2018-05-22T02:00:00,8.0052114351741,7.456999778747559
72,2018-05-22T03:00:00,7.635540258899136,7.879000186920166
72,2018-05-22T04:00:00,7.386554594270056,8.300999641418457
72,2018-05-22T05:00:00,7.174591898546343,9.003999710083008
72,2018-05-22T06:00:00,7.181115394589515,9.145000457763672
72,2018-05-22T07:00:00,7.508019853203413,7.456999778747559
72,2018-05-22T08:00:00,7.780863781195913,6.823999881744385
72,2018-05-22T09:00:00,8.014348420385836,6.683000087738037
72,2018-05-22T10:00:00,8.360981570674191,6.401999950408936
72,2018-05-22T11:00:00,8.44731311992226,3.7279999256134033
72,2018-05-22T12:00:00,8.560874045538911,4.150000095367432
72,2018-05-22T13:00:00,8.794328212805928,6.541999816894531
72,2018-05-22T14:00:00,8.830875318805663,6.964000225067139
72,2018-05-22T15:00:00,8.882033419641587,6.261000156402588
72,2018-05-22T16:00:00,8.676672361659236,6.119999885559082
72,2018-05-22T17:00:00,8.312885188470048,6.894000053405763
72,2018-05-22T18:00:00,8.450393706100826,6.261000156402588
72,2018-05-22T19:00:00,8.40278070042714,7.0349998474121085
72,2018-05-22T20:00:00,8.495442478590917,7.526999950408935
72,2018-05-22T21:00:00,8.709391442779683,7.73799991607666
72,2018-05-22T22:00:00,8.872993944583147,7.809000015258789
72,2018-05-22T23:00:00,8.686677170538346,6.752999782562256
72,2018-05-23T00:00:00,8.843000138671725,7.105000019073486
72,2018-05-23T01:00:00,8.90700587008195,6.61299991607666
72,2018-05-23T02:00:00,8.737863322240285,6.823999881744385
72,2018-05-23T03:00:00,8.611650287264245,6.4720001220703125
72,2018-05-23T04:00:00,8.453427540836032,7.597000122070312
72,2018-05-23T05:00:00,8.292719454284892,6.894000053405763
72,2018-05-23T06:00:00,8.493484344476602,7.668000221252441
72,2018-05-23T07:00:00,8.667106264985229,9.21500015258789
72,2018-05-23T08:00:00,8.660883146965647,9.848999977111816
72,2018-05-23T09:00:00,8.838253447930406,9.003999710083008
72,2018-05-23T10:00:00,9.137482972223555,9.28600025177002
72,2018-05-23T11:00:00,9.275097515449097,9.56700038909912
72,2018-05-23T12:00:00,9.440408532053219,9.21500015258789
72,2018-05-23T13:00:00,9.609114454807788,9.21500015258789
72,2018-05-23T14:00:00,9.700927193366253,10.482000350952148
72,2018-05-23T15:00:00,9.714013423271131,11.958999633789062
72,2018-05-23T16:00:00,9.330006250828603,11.678000450134276
72,2018-05-23T17:00:00,8.97866247519809,11.678000450134276
72,2018-05-23T18:00:00,8.77865813080819,11.467000007629396
72,2018-05-23T19:00:00,8.825436289279011,9.918999671936035
72,2018-05-23T20:00:00,8.972682130745103,9.496999740600586
72,2018-05-23T21:00:00,9.260885577575877,9.425999641418455
72,2018-05-23T22:00:00,9.483950405342146,9.28600025177002
72,2018-05-23T23:00:00,9.552616587777631,8.793000221252441
72,2018-05-24T00:00:00,9.654499670720632,8.442000389099121
72,2018-05-24T01:00:00,9.677367805301458,8.722999572753906
72,2018-05-24T02:00:00,9.570317018172734,8.371000289916992
72,2018-05-24T03:00:00,9.515943419850263,8.300999641418457
72,2018-05-24T04:00:00,9.188192426172662,8.230999946594237
72,2018-05-24T05:00:00,9.16271288954128,8.159999847412111
72,2018-05-24T06:00:00,9.307597282209352,8.51200008392334
72,2018-05-24T07:00:00,9.356241658117455,9.145000457763672
72,2018-05-24T08:00:00,9.310537864511996,9.28600025177002
72,2018-05-24T09:00:00,9.653842645971979,9.637999534606934
72,2018-05-24T10:00:00,9.857284891143273,8.86400032043457
72,2018-05-24T11:00:00,9.99849679096595,9.56700038909912
72,2018-05-24T12:00:00,10.130305806742781,9.496999740600586
72,2018-05-24T13:00:00,10.116815093368114,9.074999809265137
72,2018-05-24T14:00:00,10.12263105640686,9.777999877929688
72,2018-05-24T15:00:00,10.064103508857105,11.1850004196167
72,2018-05-24T16:00:00,9.792541071320997,10.762999534606934
72,2018-05-24T17:00:00,9.487195456419673,9.918999671936035
72,2018-05-24T18:00:00,9.303435986326681,10.340999603271484
72,2018-05-24T19:00:00,9.447307291914079,9.918999671936035
72,2018-05-24T20:00:00,9.584072378110706,9.918999671936035
72,2018-05-24T21:00:00,9.75867941831871,9.425999641418455
72,2018-05-24T22:00:00,9.865983998997105,9.355999946594238
73,2018-05-21T23:00:00,7.110827938886068,6.683000087738037
73,2018-05-22T00:00:00,7.321374733753725,6.964000225067139
73,2018-05-22T01:00:00,7.631244135193203,7.315999984741211
73,2018-05-22T02:00:00,7.549721305833627,7.456999778747559
73,2018-05-22T03:00:00,7.59175001856736,7.879000186920166
73,2018-05-22T04:00:00,7.545620536373162,8.300999641418457
73,2018-05-22T05:00:00,7.5449317874308,9.003999710083008
73,2018-05-22T06:00:00,7.588393097964648,9.145000457763672
73,2018-05-22T07:00:00,7.7472019071292735,7.456999778747559
73,2018-05-22T08:00:00,7.837210958305954,6.823999881744385
73,2018-05-22T09:00:00,7.875894438297816,6.683000087738037
73,2018-05-22T10:00:00,8.054348871840215,6.401999950408936
73,2018-05-22T11:00:00,8.183985865649356,3.7279999256134033
73,2018-05-22T12:00:00,8.29130772766485,4.150000095367432
73,2018-05-22T13:00:00,8.300636560763802,6.541999816894531
73,2018-05-22T14:00:00,8.168542611636635,6.964000225067139
73,2018-05-22T15:00:00,8.02028936005085,6.261000156402588
73,2018-05-22T16:00:00,7.5078896170397655,6.119999885559082
73,2018-05-22T17:00:00,7.080703312417958,6.894000053405763
73,2018-05-22T18:00:00,7.193774182726527,6.261000156402588
73,2018-05-22T19:00:00,7.182824326813776,7.0349998474121085
73,2018-05-22T20:00:00,7.32935420331869,7.526999950408935
73,2018-05-22T21:00:00,7.6496258009058415,7.73799991607666
73,2018-05-22T22:00:00,7.866462334599868,7.809000015258789
73,2018-05-22T23:00:00,7.852965359871181,6.752999782562256
73,2018-05-23T00:00:00,7.839323956576401,7.105000019073486
73,2018-05-23T01:00:00,7.856696292020777,6.61299991607666
73,2018-05-23T02:00:00,7.866887271826126,6.823999881744385
73,2018-05-23T03:00:00,7.792526596619911,6.4720001220703125
73,2018-05-23T04:00:00,7.953082740980129,7.597000122070312
73,2018-05-23T05:00:00,7.9534300374165205,6.894000053405763
73,2018-05-23T06:00:00,8.020459501910793,7.668000221252441
73,2018-05-23T07:00:00,8.157172827580842,9.21500015258789
73,2018-05-23T08:00:00,8.29147970618864,9.848999977111816
73,2018-05-23T09:00:00,8.150375919078733,9.003999710083008
73,2018-05-23T10:00:00,8.316966756444845,9.28600025177002
73,2018-05-23T11:00:00,8.406588188065237,9.56700038909912
73,2018-05-23T12:00:00,8.563003239845091,9.21500015258789
73,2018-05-23T13:00:00,8.721826742320488,9.21500015258789
73,2018-05-23T14:00:00,8.720860824106776,10.482000350952148
73,2018-05-23T15:00:00,8.672808688804384,11.958999633789062
73,2018-05-23T16:00:00,8.150609258871933,11.678000450134276
73,2018-05-23T17:00:00,7.743334060038409,11.678000450134276
73,2018-05-23T18:00:00,7.904282582583971,11.467000007629396
73,2018-05-23T19:00:00,7.945160875872162,9.918999671936035
73,2018-05-23T20:00:00,8.192457143701528,9.496999740600586
73,2018-05-23T21:00:00,8.524108710480348,9.425999641418455
73,2018-05-23T22:00:00,8.692794930840925,9.28600025177002
73,2018-05-23T23:00:00,8.595680495120678,8.793000221252441
73,2018-05-24T00:00:00,8.56941737090469,8.442000389099121
73,2018-05-24T01:00:00,8.562819239521582,8.722999572753906
73,2018-05-24T02:00:00,8.537586400238649,8.371000289916992
73,2018-05-24T03:00:00,8.679202783531114,8.300999641418457
73,2018-05-24T04:00:00,8.765979890731348,8.230999946594237
73,2018-05-24T05:00:00,8.855663184529472,8.159999847412111
73,2018-05-24T06:00:00,9.01781714295125,8.51200008392334
73,2018-05-24T07:00:00,9.05626653178743,9.145000457763672
73,2018-05-24T08:00:00,9.015384314717386,9.28600025177002
73,2018-05-24T09:00:00,9.090654973374722,9.637999534606934
73,2018-05-24T10:00:00,9.150458501389334,8.86400032043457
73,2018-05-24T11:00:00,9.156082533056143,9.56700038909912
73,2018-05-24T12:00:00,9.215733617971512,9.496999740600586
73,2018-05-24T13:00:00,9.290777615613269,9.074999809265137
73,2018-05-24T14:00:00,9.271311984292435,9.777999877929688
73,2018-05-24T15:00:00,9.113388196647564,11.1850004196167
73,2018-05-24T16:00:00,8.640346907591859,10.762999534606934
73,2018-05-24T17:00:00,8.25727551537902,9.918999671936035
73,2018-05-24T18:00:00,8.090784442253648,10.340999603271484
73,2018-05-24T19:00:00,8.146641230116726,9.918999671936035
73,2018-05-24T20:00:00,8.279278414318796,9.918999671936035
73,2018-05-24T21:00:00,8.563005660901982,9.425999641418455
73,2018-05-24T22:00:00,8.68948392683437,9.355999946594238
73,2018-05-24T23:00:00,8.659383844874025,9.21500015258789
73,2018-05-25T00:00:00,8.691952570013237,8.722999572753906
73,2018-05-25T01:00:00,8.832155974414857,8.51200008392334
73,2018-05-25T02:00:00,8.910409542128022,8.652999877929688
73,2018-05-25T03:00:00,9.057474973113573,7.73799991607666
73,2018-05-25T04:00:00,8.951027363088919,8.51200008392334
73,2018-05-25T05:00:00,8.959177141483266,9.003999710083008
73,2018-05-25T06:00:00,9.146729739842467,9.145000457763672
73,2018-05-25T07:00:00,9.076451467458252,9.425999641418455
73,2018-05-25T08:00:00,9.064249340741206,9.145000457763672
73,2018-05-25T09:00:00,9.28100322456215,9.777999877929688
73,2018-05-25T10:00:00,9.280761536296922,9.918999671936035
73,2018-05-25T11:00:00,9.298267029870154,9.425999641418455
73,2018-05-25T12:00:00,9.393648322797258,9.21500015258789
73,2018-05-25T13:00:00,9.524593271719127,9.21500015258789
73,2018-05-25T14:00:00,9.41711838221135,8.86400032043457
73,2018-05-25T15:00:00,9.152071927093587,8.652999877929688
73,2018-05-25T16:00:00,8.688092236547199,8.51200008392334
73,2018-05-25T17:00:00,8.317611258485456,8.86400032043457
73,2018-05-25T18:00:00,8.218133704272784,5.9790000915527335
73,2018-05-25T19:00:00,8.274218405422243,6.823999881744385
73,2018-05-25T20:00:00,8.468739890807342,5.76800012588501
73,2018-05-25T21:00:00,8.635983578686094,6.261000156402588
73,2018-05-25T22:00:00,8.79493564763073,5.697999954223633
74,2018-05-22T23:00:00,7.850788078366115,6.752999782562256
74,2018-05-23T00:00:00,7.989898667779187,7.105000019073486
74,2018-05-23T01:00:00,8.271693827480785,6.61299991607666
74,2018-05-23T02:00:00,8.222047384475086,6.823999881744385
74,2018-05-23T03:00:00,8.413531278312568,6.4720001220703125
74,2018-05-23T04:00:00,8.309267795540043,7.597000122070312
74,2018-05-23T05:00:00,8.180323474455117,6.894000053405763
74,2018-05-23T06:00:00,8.083423844920166,7.668000221252441
74,2018-05-23T07:00:00,7.926726614785743,9.21500015258789
74,2018-05-23T08:00:00,7.7143039182532505,9.848999977111816
74,2018-05-23T09:00:00,7.568689034282674,9.003999710083008
74,2018-05-23T10:00:00,7.5757201174251865,9.28600025177002
74,2018-05-23T11:00:00,7.317509391204469,9.56700038909912
74,2018-05-23T12:00:00,7.461485470115825,9.21500015258789
74,2018-05-23T13:00:00,7.669977706017237,9.21500015258789
74,2018-05-23T14:00:00,7.646814035526599,10.482000350952148
74,2018-05-23T15:00:00,7.455881140843006,11.958999633789062
74,2018-05-23T16:00:00,7.203439208794073,11.678000450134276
74,2018-05-23T17:00:00,7.21866515207989,11.678000450134276
74,2018-05-23T18:00:00,7.253056682601834,11.467000007629396
74,2018-05-23T19:00:00,7.471929408623643,9.918999671936035
74,2018-05-23T20:00:00,7.668713747352102,9.496999740600586
74,2018-05-23T21:00:00,7.77664613312705,9.425999641418455
74,2018-05-23T22:00:00,7.865305236376701,9.28600025177002
74,2018-05-23T23:00:00,7.820038986190262,8.793000221252441
74,2018-05-24T00:00:00,7.745332684242062,8.442000389099121
74,2018-05-24T01:00:00,7.654842761076534,8.722999572753906
74,2018-05-24T02:00:00,7.585389317728746,8.371000289916992
74,2018-05-24T03:00:00,7.485782863107952,8.300999641418457
74,2018-05-24T04:00:00,7.564378718174291,8.230999946594237
74,2018-05-24T05:00:00,7.447550200605635,8.159999847412111
74,2018-05-24T06:00:00,7.405707658798139,8.51200008392334
74,2018-05-24T07:00:00,7.335460275760431,9.145000457763672
74,2018-05-24T08:00:00,7.242333070281056,9.28600025177002
74,2018-05-24T09:00:00,7.1536013353247565,9.637999534606934
74,2018-05-24T10:00:00,7.075720944311271,8.86400032043457
74,2018-05-24T11:00:00,6.921098893869004,9.56700038909912
74,2018-05-24T12:00:00,7.143124837776028,9.496999740600586
74,2018-05-24T13:00:00,7.385020145111191,9.074999809265137
74,2018-05-24T14:00:00,7.379539373224398,9.777999877929688
74,2018-05-24T15:00:00,7.330076346149166,11.1850004196167
74,2018-05-24T16:00:00,7.240435462588948,10.762999534606934
74,2018-05-24T17:00:00,6.966557993759304,9.918999671936035
74,2018-05-24T18:00:00,7.116838838746682,10.340999603271484
74,2018-05-24T19:00:00,7.360812080769772,9.918999671936035
74,2018-05-24T20:00:00,7.529595644314206,9.918999671936035
74,2018-05-24T21:00:00,7.599686910924978,9.425999641418455
74,2018-05-24T22:00:00,7.714097710994144,9.355999946594238
74,2018-05-24T23:00:00,7.4896874434757414,9.21500015258789
74,2018-05-25T00:00:00,7.358167284831103,8.722999572753906
74,2018-05-25T01:00:00,7.479129130901134,8.51200008392334
74,2018-05-25T02:00:00,7.513736052001416,8.652999877929688
74,2018-05-25T03:00:00,7.596073692230988,7.73799991607666
74,2018-05-25T04:00:00,7.6236570438135836,8.51200008392334
74,2018-05-25T05:00:00,7.6195003395905285,9.003999710083008
74,2018-05-25T06:00:00,7.586678321809966,9.145000457763672
74,2018-05-25T07:00:00,7.369689845925018,9.425999641418455
74,2018-05-25T08:00:00,7.239702466744836,9.145000457763672
74,2018-05-25T09:00:00,7.255264018606201,9.777999877929688
74,2018-05-25T10:00:00,7.013731034957081,9.918999671936035
74,2018-05-25T11:00:00,6.865899631662902,9.425999641418455
74,2018-05-25T12:00:00,7.022896822397314,9.21500015258789
74,2018-05-25T13:00:00,7.289972791065233,9.21500015258789
74,2018-05-25T14:00:00,7.3298517722515975,8.86400032043457
74,2018-05-25T15:00:00,7.293019148508481,8.652999877929688
74,2018-05-25T16:00:00,7.20135376048132,8.51200008392334
74,2018-05-25T17:00:00,6.9695500861343636,8.86400032043457
74,2018-05-25T18:00:00,6.987167031809179,5.9790000915527335
74,2018-05-25T19:00:00,7.17900323116627,6.823999881744385
74,2018-05-25T20:00:00,7.302265916127391,5.76800012588501
74,2018-05-25T21:00:00,7.447521815800737,6.261000156402588
74,2018-05-25T22:00:00,7.469479966930443,5.697999954223633
74,2018-05-25T23:00:00,7.361221990746378,6.261000156402588
74,2018-05-26T00:00:00,7.479877988842102,7.526999950408935
74,2018-05-26T01:00:00,7.66178201102673,8.090000152587889
74,2018-05-26T02:00:00,7.60886939530927,7.456999778747559
74,2018-05-26T03:00:00,7.836010448028237,7.526999950408935
74,2018-05-26T04:00:00,7.839074337262744,8.230999946594237
74,2018-05-26T05:00:00,7.764892319357942,8.51200008392334
74,2018-05-26T06:00:00,7.876067251668809,8.51200008392334
74,2018-05-26T07:00:00,7.592327732831741,8.371000289916992
74,2018-05-26T08:00:00,7.434033189544081,7.597000122070312
74,2018-05-26T09:00:00,7.508048238008309,8.442000389099121
74,2018-05-26T10:00:00,7.388568245723361,8.159999847412111
74,2018-05-26T11:00:00,7.199079636700722,8.300999641418457
74,2018-05-26T12:00:00,7.352683173555494,8.722999572753906
74,2018-05-26T13:00:00,7.688978828354401,9.425999641418455
74,2018-05-26T14:00:00,7.595937612136922,9.21500015258789
74,2018-05-26T15:00:00,7.402321518543326,9.355999946594238
74,2018-05-26T16:00:00,7.137052994069604,9.425999641418455
74,2018-05-26T17:00:00,7.062006074462637,9.074999809265137
74,2018-05-26T18:00:00,7.067131201441011,8.86400032043457
74,2018-05-26T19:00:00,7.317306523334173,8.934000015258789
74,2018-05-26T20:00:00,7.577911591332702,8.371000289916992
74,2018-05-26T21:00:00,7.733331755700906,9.425999641418455
74,2018-05-26T22:00:00,7.851723942080524,8.86400032043457
75,2018-05-23T23:00:00,9.2021126684332,8.793000221252441
75,2018-05-24T00:00:00,9.303357427204892,8.442000389099121
75,2018-05-24T01:00:00,9.352322968831936,8.722999572753906
75,2018-05-24T02:00:00,9.223684285307979,8.371000289916992
75,2018-05-24T03:00:00,9.381773873607337,8.300999641418457
75,2018-05-24T04:00:00,9.453540261130655,8.230999946594237
75,2018-05-24T05:00:00,9.458833192396806,8.159999847412111
75,2018-05-24T06:00:00,9.549872778960701,8.51200008392334
75,2018-05-24T07:00:00,9.676763709865465,9.145000457763672
75,2018-05-24T08:00:00,9.61858036981745,9.28600025177002
75,2018-05-24T09:00:00,9.608220750877122,9.637999534606934
75,2018-05-24T10:00:00,9.590594621883074,8.86400032043457
75,2018-05-24T11:00:00,9.48244684552979,9.56700038909912
75,2018-05-24T12:00:00,9.655355389103567,9.496999740600586
75,2018-05-24T13:00:00,9.762105965178142,9.074999809265137
75,2018-05-24T14:00:00,9.873469239017975,9.777999877929688
75,2018-05-24T15:00:00,9.82466716047325,11.1850004196167
75,2018-05-24T16:00:00,9.583171160555217,10.762999534606934
75,2018-05-24T17:00:00,9.295963936891617,9.918999671936035
75,2018-05-24T18:00:00,9.218517415969458,10.340999603271484
75,2018-05-24T19:00:00,9.138643409835534,9.918999671936035
75,2018-05-24T20:00:00,9.023423642826796,9.918999671936035
75,2018-05-24T21:00:00,9.018110675227776,9.425999641418455
75,2018-05-24T22:00:00,9.014225296345652,9.355999946594238
75,2018-05-24T23:00:00,8.950515601753562,9.21500015258789
75,2018-05-25T00:00:00,8.755689397139419,8.722999572753906
75,2018-05-25T01:00:00,8.75304209665914,8.51200008392334
75,2018-05-25T02:00:00,8.554763798861156,8.652999877929688
75,2018-05-25T03:00:00,8.365811996589958,7.73799991607666
75,2018-05-25T04:00:00,8.49616954701989,8.51200008392334
75,2018-05-25T05:00:00,8.400408064676604,9.003999710083008
75,2018-05-25T06:00:00,8.4140536422074,9.145000457763672
75,2018-05-25T07:00:00,8.50255529327459,9.425999641418455
75,2018-05-25T08:00:00,8.548840557956844,9.145000457763672
75,2018-05-25T09:00:00,8.486523889407453,9.777999877929688
75,2018-05-25T10:00:00,8.384989522141087,9.918999671936035
75,2018-05-25T11:00:00,8.183551494649707,9.425999641418455
75,2018-05-25T12:00:00,8.32885581546082,9.21500015258789
75,2018-05-25T13:00:00,8.566999319466317,9.21500015258789
75,2018-05-25T14:00:00,8.717063939028154,8.86400032043457
75,2018-05-25T15:00:00,8.880151340107453,8.652999877929688
75,2018-05-25T16:00:00,8.836066398713067,8.51200008392334
75,2018-05-25T17:00:00,8.512852799583026,8.86400032043457
75,2018-05-25T18:00:00,8.543333905806758,5.9790000915527335
75,2018-05-25T19:00:00,8.46144624821953,6.823999881744385
75,2018-05-25T20:00:00,8.547402951073511,5.76800012588501
75,2018-05-25T21:00:00,8.521584800416651,6.261000156402588
75,2018-05-25T22:00:00,8.378001099690639,5.697999954223633
75,2018-05-25T23:00:00,8.017273307561066,6.261000156402588
75,2018-05-26T00:00:00,7.924855722204125,7.526999950408935
75,2018-05-26T01:00:00,7.9573508973047655,8.090000152587889
75,2018-05-26T02:00:00,7.808746008077135,7.456999778747559
75,2018-05-26T03:00:00,7.955977573656057,7.526999950408935
75,2018-05-26T04:00:00,8.138610834872386,8.230999946594237
75,2018-05-26T05:00:00,8.050059760850784,8.51200008392334
75,2018-05-26T06:00:00,8.212728569542568,8.51200008392334
75,2018-05-26T07:00:00,8.14699520533074,8.371000289916992
75,2018-05-26T08:00:00,8.027435485137916,7.597000122070312
75,2018-05-26T09:00:00,8.006322616801112,8.442000389099121
75,2018-05-26T10:00:00,7.943741635627294,8.159999847412111
75,2018-05-26T11:00:00,7.674166134434001,8.300999641418457
75,2018-05-26T12:00:00,7.752556617088436,8.722999572753906
75,2018-05-26T13:00:00,8.072186217176586,9.425999641418455
75,2018-05-26T14:00:00,8.141470186542191,9.21500015258789
75,2018-05-26T15:00:00,8.203931450627119,9.355999946594238
75,2018-05-26T16:00:00,8.092659175132397,9.425999641418455
75,2018-05-26T17:00:00,7.842928826798364,9.074999809265137
75,2018-05-26T18:00:00,7.730545870584953,8.86400032043457
75,2018-05-26T19:00:00,7.828313991665041,8.934000015258789
75,2018-05-26T20:00:00,7.7799579719808065,8.371000289916992
75,2018-05-26T21:00:00,7.847164841505689,9.425999641418455
75,2018-05-26T22:00:00,7.802857830755341,8.86400032043457
75,2018-05-26T23:00:00,7.591505408336921,9.003999710083008
75,2018-05-27T00:00:00,7.621176712773877,8.371000289916992
75,2018-05-27T01:00:00,7.705341833530516,8.86400032043457
75,2018-05-27T02:00:00,7.731542678145171,9.425999641418455
75,2018-05-27T03:00:00,7.9650279852128545,9.21500015258789
75,2018-05-27T04:00:00,7.953662625847237,9.425999641418455
75,2018-05-27T05:00:00,7.888283570788303,9.355999946594238
75,2018-05-27T06:00:00,8.078597008847371,9.918999671936035
75,2018-05-27T07:00:00,8.144987815231454,9.777999877929688
75,2018-05-27T08:00:00,8.05970383225354,9.28600025177002
75,2018-05-27T09:00:00,7.961764734466303,9.56700038909912
75,2018-05-27T10:00:00,7.843924799511377,9.56700038909912
75,2018-05-27T11:00:00,7.814938069780771,9.21500015258789
75,2018-05-27T12:00:00,7.939679269138162,10.130000114440918
75,2018-05-27T13:00:00,8.19624534636924,10.762999534606934
75,2018-05-27T14:00:00,8.400315396637085,10.621999740600586
75,2018-05-27T15:00:00,8.387371090756695,11.536999702453612
75,2018-05-27T16:00:00,8.114089702829892,11.607000350952148
75,2018-05-27T17:00:00,8.020928769523522,11.326000213623049
75,2018-05-27T18:00:00,7.982054193006924,11.467000007629396
75,2018-05-27T19:00:00,8.007463852927426,10.482000350952148
75,2018-05-27T20:00:00,8.087740255413129,10.130000114440918
75,2018-05-27T21:00:00,8.158457073033007,9.918999671936035
75,2018-05-27T22:00:00,8.196171879815388,9.848999977111816
76,2018-05-24T23:00:00,9.190050796046235,9.21500015258789
76,2018-05-25T00:00:00,9.246261058215005,8.722999572753906
76,2018-05-25T01:00:00,9.466505020767517,8.51200008392334
76,2018-05-25T02:00:00,9.193509568007695,8.652999877929688
76,2018-05-25T03:00:00,9.258365507809316,7.73799991607666
76,2018-05-25T04:00:00,9.199484235499705,8.51200008392334
76,2018-05-25T05:00:00,9.130566597086716,9.003999710083008
76,2018-05-25T06:00:00,9.220492664451431,9.145000457763672
76,2018-05-25T07:00:00,9.29871175297512,9.425999641418455
76,2018-05-25T08:00:00,9.273707912279932,9.145000457763672
76,2018-05-25T09:00:00,9.177956364618357,9.777999877929688
76,2018-05-25T10:00:00,9.093889755831656,9.918999671936035
76,2018-05-25T11:00:00,8.973691794952245,9.425999641418455
76,2018-05-25T12:00:00,9.134103093322764,9.21500015258789
76,2018-05-25T13:00:00,9.281830892079068,9.21500015258789
76,2018-05-25T14:00:00,9.542514602684108,8.86400032043457
76,2018-05-25T15:00:00,9.774528157617862,8.652999877929688
76,2018-05-25T16:00:00,9.616469625634451,8.51200008392334
76,2018-05-25T17:00:00,9.358271672575937,8.86400032043457
76,2018-05-25T18:00:00,9.230874406842638,5.9790000915527335
76,2018-05-25T19:00:00,9.08880837484671,6.823999881744385
76,2018-05-25T20:00:00,8.985748324317111,5.76800012588501
76,2018-05-25T21:00:00,8.861596861023822,6.261000156402588
76,2018-05-25T22:00:00,8.720978203623499,5.697999954223633
76,2018-05-25T23:00:00,8.604026462607699,6.261000156402588
76,2018-05-26T00:00:00,8.419508533830907,7.526999950408935
76,2018-05-26T01:00:00,8.362215057416423,8.090000152587889
76,2018-05-26T02:00:00,8.134451626107722,7.456999778747559
76,2018-05-26T03:00:00,8.06107723938697,7.526999950408935
76,2018-05-26T04:00:00,8.149458839426389,8.230999946594237
76,2018-05-26T05:00:00,8.03214527563287,8.51200008392334
76,2018-05-26T06:00:00,8.202092282239212,8.51200008392334
76,2018-05-26T07:00:00,8.291253212142504,8.371000289916992
76,2018-05-26T08:00:00,8.280735222687792,7.597000122070312
76,2018-05-26T09:00:00,8.186500174970218,8.442000389099121
76,2018-05-26T10:00:00,8.176901936678902,8.159999847412111
76,2018-05-26T11:00:00,8.083211209337597,8.300999641418457
76,2018-05-26T12:00:00,8.174123314733613,8.722999572753906
76,2018-05-26T13:00:00,8.512019622074568,9.425999641418455
76,2018-05-26T14:00:00,8.712790356196699,9.21500015258789
76,2018-05-26T15:00:00,9.005132641520389,9.355999946594238
76,2018-05-26T16:00:00,8.80102368737289,9.425999641418455
76,2018-05-26T17:00:00,8.630789159389881,9.074999809265137
76,2018-05-26T18:00:00,8.761965360986942,8.86400032043457
76,2018-05-26T19:00:00,8.61264901497303,8.934000015258789
76,2018-05-26T20:00:00,8.64093956562117,8.371000289916992
76,2018-05-26T21:00:00,8.518273462471214,9.425999641418455
76,2018-05-26T22:00:00,8.406743469644969,8.86400032043457
76,2018-05-26T23:00:00,8.001763933649878,9.003999710083008
76,2018-05-27T00:00:00,7.779543887768188,8.371000289916992
76,2018-05-27T01:00:00,7.701112497600812,8.86400032043457
76,2018-05-27T02:00:00,7.73900704698597,9.425999641418455
76,2018-05-27T03:00:00,7.905491441333716,9.21500015258789
76,2018-05-27T04:00:00,7.962639487365463,9.425999641418455
76,2018-05-27T05:00:00,7.838177711366869,9.355999946594238
76,2018-05-27T06:00:00,8.006868606871784,9.918999671936035
76,2018-05-27T07:00:00,8.106459199395724,9.777999877929688
76,2018-05-27T08:00:00,7.997161838444095,9.28600025177002
76,2018-05-27T09:00:00,7.8343991929267105,9.56700038909912
76,2018-05-27T10:00:00,7.80997824254856,9.56700038909912
76,2018-05-27T11:00:00,7.695320327707348,9.21500015258789
76,2018-05-27T12:00:00,7.8416247954674905,10.130000114440918
76,2018-05-27T13:00:00,8.182477046299622,10.762999534606934
76,2018-05-27T14:00:00,8.469513710679678,10.621999740600586
76,2018-05-27T15:00:00,8.733687166077402,11.536999702453612
76,2018-05-27T16:00:00,8.567783240989806,11.607000350952148
76,2018-05-27T17:00:00,8.38601112466323,11.326000213623049
76,2018-05-27T18:00:00,8.24906445919998,11.467000007629396
76,2018-05-27T19:00:00,8.177462119152024,10.482000350952148
76,2018-05-27T20:00:00,8.03870926176538,10.130000114440918
76,2018-05-27T21:00:00,8.152996087024919,9.918999671936035
76,2018-05-27T22:00:00,8.020325174995852,9.848999977111816
76,2018-05-27T23:00:00,7.760182946286591,10.199999809265137
76,2018-05-28T00:00:00,7.71893982477075,10.0600004196167
76,2018-05-28T01:00:00,7.778861817603449,10.130000114440918
76,2018-05-28T02:00:00,7.747656898854833,10.130000114440918
76,2018-05-28T03:00:00,7.784255765381147,9.918999671936035
76,2018-05-28T04:00:00,7.695697678643043,9.708000183105469
76,2018-05-28T05:00:00,7.73438867225973,9.918999671936035
76,2018-05-28T06:00:00,7.950053497904541,10.199999809265137
76,2018-05-28T07:00:00,8.006751477809223,10.973999977111816
76,2018-05-28T08:00:00,7.9309860052147485,10.482000350952148
76,2018-05-28T09:00:00,7.9641177513075725,10.41100025177002
76,2018-05-28T10:00:00,7.909278308245904,10.270999908447266
76,2018-05-28T11:00:00,7.800946030660786,10.692999839782717
76,2018-05-28T12:00:00,7.789257334973499,10.552000045776367
76,2018-05-28T13:00:00,8.079982354295803,10.692999839782717
76,2018-05-28T14:00:00,8.451046974037066,11.326000213623049
76,2018-05-28T15:00:00,8.597151996800445,11.958999633789062
76,2018-05-28T16:00:00,8.394849651999941,11.536999702453612
76,2018-05-28T17:00:00,8.333904637404853,11.467000007629396
76,2018-05-28T18:00:00,8.356897498157787,11.255999565124512
76,2018-05-28T19:00:00,8.227759158582915,11.114999771118164
76,2018-05-28T20:00:00,8.174069049665427,10.762999534606934
76,2018-05-28T21:00:00,8.206686195942407,10.692999839782717
76,2018-05-28T22:00:00,8.1332383426678,10.762999534606934
77,2018-05-25T23:00:00,5.815691904960479,6.261000156402588
77,2018-05-26T00:00:00,5.944186577341943,7.526999950408935
77,2018-05-26T01:00:00,6.1760161319521885,8.090000152587889
77,2018-05-26T02:00:00,6.151425707591857,7.456999778747559
77,2018-05-26T03:00:00,6.3695938225744495,7.526999950408935
77,2018-05-26T04:00:00,6.475581014366728,8.230999946594237
77,2018-05-26T05:00:00,6.612506808649908,8.51200008392334
77,2018-05-26T06:00:00,6.946420644379042,8.51200008392334
77,2018-05-26T07:00:00,7.107365827535796,8.371000289916992
77,2018-05-26T08:00:00,7.094808890757532,7.597000122070312
77,2018-05-26T09:00:00,7.158863377244403,8.442000389099121
77,2018-05-26T10:00:00,7.23774725459573,8.159999847412111
77,2018-05-26T11:00:00,6.990608271979383,8.300999641418457
77,2018-05-26T12:00:00,6.9883291391155655,8.722999572753906
77,2018-05-26T13:00:00,7.164466871670021,9.425999641418455
77,2018-05-26T14:00:00,7.381637344245192,9.21500015258789
77,2018-05-26T15:00:00,7.408537790815846,9.355999946594238
77,2018-05-26T16:00:00,7.304739568389476,9.425999641418455
77,2018-05-26T17:00:00,7.252018967528674,9.074999809265137
77,2018-05-26T18:00:00,6.94439029598168,8.86400032043457
77,2018-05-26T19:00:00,6.899781070543895,8.934000015258789
77,2018-05-26T20:00:00,6.7470115460447815,8.371000289916992
77,2018-05-26T21:00:00,6.625504544751282,9.425999641418455
77,2018-05-26T22:00:00,6.598316075895639,8.86400032043457
77,2018-05-26T23:00:00,6.536249360598786,9.003999710083008
77,2018-05-27T00:00:00,6.466547967631749,8.371000289916992
77,2018-05-27T01:00:00,6.366566666616869,8.86400032043457
77,2018-05-27T02:00:00,6.41386910913109,9.425999641418455
77,2018-05-27T03:00:00,6.336037974102572,9.21500015258789
77,2018-05-27T04:00:00,6.629055984752261,9.425999641418455
77,2018-05-27T05:00:00,6.609482157233932,9.355999946594238
77,2018-05-27T06:00:00,6.790661532046476,9.918999671936035
77,2018-05-27T07:00:00,7.081362006861015,9.777999877929688
77,2018-05-27T08:00:00,7.120307628874578,9.28600025177002
77,2018-05-27T09:00:00,7.002271922250582,9.56700038909912
77,2018-05-27T10:00:00,7.066006662258754,9.56700038909912
77,2018-05-27T11:00:00,7.093120829713342,9.21500015258789
77,2018-05-27T12:00:00,7.22442142354363,10.130000114440918
77,2018-05-27T13:00:00,7.486997565788119,10.762999534606934
77,2018-05-27T14:00:00,7.765747202893673,10.621999740600586
77,2018-05-27T15:00:00,8.071970409174646,11.536999702453612
77,2018-05-27T16:00:00,8.105161011995271,11.607000350952148
77,2018-05-27T17:00:00,7.884611912790113,11.326000213623049
77,2018-05-27T18:00:00,7.724375514908591,11.467000007629396
77,2018-05-27T19:00:00,7.547261011126789,10.482000350952148
77,2018-05-27T20:00:00,7.543525904741179,10.130000114440918
77,2018-05-27T21:00:00,7.491840514411926,9.918999671936035
77,2018-05-27T22:00:00,7.360717743035849,9.848999977111816
77,2018-05-27T23:00:00,7.065894792733573,10.199999809265137
77,2018-05-28T00:00:00,6.841241584679137,10.0600004196167
77,2018-05-28T01:00:00,6.832756197709237,10.130000114440918
77,2018-05-28T02:00:00,6.885576980234383,10.130000114440918
77,2018-05-28T03:00:00,6.918635259773355,9.918999671936035
77,2018-05-28T04:00:00,7.057355975542688,9.708000183105469
77,2018-05-28T05:00:00,7.25732191696126,9.918999671936035
77,2018-05-28T06:00:00,7.4743538049007565,10.199999809265137
77,2018-05-28T07:00:00,7.571818876446208,10.973999977111816
77,2018-05-28T08:00:00,7.59089847442044,10.482000350952148
77,2018-05-28T09:00:00,7.614746719617427,10.41100025177002
77,2018-05-28T10:00:00,7.573160475901208,10.270999908447266
77,2018-05-28T11:00:00,7.363441014611588,10.692999839782717
77,2018-05-28T12:00:00,7.319504676019312,10.552000045776367
77,2018-05-28T13:00:00,7.5642017305672855,10.692999839782717
77,2018-05-28T14:00:00,7.863489443710474,11.326000213623049
77,2018-05-28T15:00:00,8.112809548129022,11.958999633789062
77,2018-05-28T16:00:00,8.129768968146863,11.536999702453612
77,2018-05-28T17:00:00,7.889444008400284,11.467000007629396
77,2018-05-28T18:00:00,7.667202673914922,11.255999565124512
77,2018-05-28T19:00:00,7.489475392286215,11.114999771118164
77,2018-05-28T20:00:00,7.212326157268549,10.762999534606934
77,2018-05-28T21:00:00,7.195773641777384,10.692999839782717
77,2018-05-28T22:00:00,7.051699050896088,10.762999534606934
77,2018-05-28T23:00:00,6.86780642267424,10.552000045776367
77,2018-05-29T00:00:00,6.895496634698803,10.621999740600586
77,2018-05-29T01:00:00,7.055002541277817,10.482000350952148
77,2018-05-29T02:00:00,6.987288084653596,10.482000350952148
77,2018-05-29T03:00:00,6.973626645025943,10.692999839782717
77,2018-05-29T04:00:00,7.0631431363529344,10.833000183105469
77,2018-05-29T05:00:00,7.2872570331143205,10.692999839782717
77,2018-05-29T06:00:00,7.5298836665991935,10.762999534606934
77,2018-05-29T07:00:00,7.579370904243307,10.692999839782717
77,2018-05-29T08:00:00,7.74126697836412,11.678000450134276
77,2018-05-29T09:00:00,7.78649899981524,11.748000144958494
77,2018-05-29T10:00:00,7.7693128352971,11.817999839782717
77,2018-05-29T11:00:00,7.601254753971956,11.888999938964846
77,2018-05-29T12:00:00,7.698331621568075,12.029000282287598
77,2018-05-29T13:00:00,7.876223368095744,11.817999839782717
77,2018-05-29T14:00:00,8.065190448070755,12.380999565124512
77,2018-05-29T15:00:00,8.261499508286624,11.607000350952148
77,2018-05-29T16:00:00,8.162300459100827,11.326000213623049
77,2018-05-29T17:00:00,8.047569077705763,11.607000350952148
77,2018-05-29T18:00:00,7.786467275621531,10.904000282287598
77,2018-05-29T19:00:00,7.737256372401566,10.762999534606934
77,2018-05-29T20:00:00,7.636881858354137,10.340999603271484
77,2018-05-29T21:00:00,7.476666331652689,9.637999534606934
77,2018-05-29T22:00:00,7.448941056045605,10.41100025177002
78,2018-05-26T23:00:00,8.83416010861005,9.003999710083008
78,2018-05-27T00:00:00,9.064261362540927,8.371000289916992
78,2018-05-27T01:00:00,9.214037625878895,8.86400032043457
78,2018-05-27T02:00:00,9.06884934882898,9.425999641418455
78,2018-05-27T03:00:00,9.061473473791686,9.21500015258789
78,2018-05-27T04:00:00,9.177235891482287,9.425999641418455
78,2018-05-27T05:00:00,9.145775008581273,9.355999946594238
78,2018-05-27T06:00:00,9.26832189555066,9.918999671936035
78,2018-05-27T07:00:00,9.621793947155432,9.777999877929688
78,2018-05-27T08:00:00,9.666396577300313,9.28600025177002
78,2018-05-27T09:00:00,9.748653738259527,9.56700038909912
78,2018-05-27T10:00:00,9.827739398179787,9.56700038909912
78,2018-05-27T11:00:00,9.910551482074746,9.21500015258789
78,2018-05-27T12:00:00,10.020503697172302,10.130000114440918
78,2018-05-27T13:00:00,10.099223193109385,10.762999534606934
78,2018-05-27T14:00:00,10.308452181667324,10.621999740600586
78,2018-05-27T15:00:00,10.423949952794615,11.536999702453612
78,2018-05-27T16:00:00,10.370361695235879,11.607000350952148
78,2018-05-27T17:00:00,10.118724806344664,11.326000213623049
78,2018-05-27T18:00:00,9.848539866693281,11.467000007629396
78,2018-05-27T19:00:00,9.648600640385203,10.482000350952148
78,2018-05-27T20:00:00,9.31448978071619,10.130000114440918
78,2018-05-27T21:00:00,9.273298920635249,9.918999671936035
78,2018-05-27T22:00:00,9.170195625020542,9.848999977111816
78,2018-05-27T23:00:00,9.075883520906144,10.199999809265137
78,2018-05-28T00:00:00,8.94817051596072,10.0600004196167
78,2018-05-28T01:00:00,8.892791761606002,10.130000114440918
78,2018-05-28T02:00:00,8.637896213627855,10.130000114440918
78,2018-05-28T03:00:00,8.464789811266996,9.918999671936035
78,2018-05-28T04:00:00,8.61053768639699,9.708000183105469
78,2018-05-28T05:00:00,8.663789834471855,9.918999671936035
78,2018-05-28T06:00:00,8.789551551050026,10.199999809265137
78,2018-05-28T07:00:00,9.09282056701895,10.973999977111816
78,2018-05-28T08:00:00,9.319833220238115,10.482000350952148
78,2018-05-28T09:00:00,9.29531751470244,10.41100025177002
78,2018-05-28T10:00:00,9.318699080313026,10.270999908447266
78,2018-05-28T11:00:00,9.393869557306019,10.692999839782717
78,2018-05-28T12:00:00,9.458969272490872,10.552000045776367
78,2018-05-28T13:00:00,9.504119478916113,10.692999839782717
78,2018-05-28T14:00:00,9.617715134176404,11.326000213623049
78,2018-05-28T15:00:00,9.915914957929541,11.958999633789062
78,2018-05-28T16:00:00,9.922972338758942,11.536999702453612
78,2018-05-28T17:00:00,9.477292498899313,11.467000007629396
78,2018-05-28T18:00:00,9.344044790937787,11.255999565124512
78,2018-05-28T19:00:00,9.00663787102715,11.114999771118164
78,2018-05-28T20:00:00,8.78769785632079,10.762999534606934
78,2018-05-28T21:00:00,8.663124461251172,10.692999839782717
78,2018-05-28T22:00:00,8.47465854005204,10.762999534606934
78,2018-05-28T23:00:00,8.20526420070177,10.552000045776367
78,2018-05-29T00:00:00,8.25010851911188,10.621999740600586
78,2018-05-29T01:00:00,8.225928338667035,10.482000350952148
78,2018-05-29T02:00:00,8.038523174323862,10.482000350952148
78,2018-05-29T03:00:00,8.022959451859766,10.692999839782717
78,2018-05-29T04:00:00,8.19683140910565,10.833000183105469
78,2018-05-29T05:00:00,8.230730630232065,10.692999839782717
78,2018-05-29T06:00:00,8.369060136602137,10.762999534606934
78,2018-05-29T07:00:00,8.597846923612106,10.692999839782717
78,2018-05-29T08:00:00,8.691949230624425,11.678000450134276
78,2018-05-29T09:00:00,8.780086554372286,11.748000144958494
78,2018-05-29T10:00:00,8.855295016913011,11.817999839782717
78,2018-05-29T11:00:00,8.791959500837244,11.888999938964846
78,2018-05-29T12:00:00,8.939022009857586,12.029000282287598
78,2018-05-29T13:00:00,9.015733865241224,11.817999839782717
78,2018-05-29T14:00:00,9.146364661160655,12.380999565124512
78,2018-05-29T15:00:00,9.339311040328113,11.607000350952148
78,2018-05-29T16:00:00,9.31327090380001,11.326000213623049
78,2018-05-29T17:00:00,9.025344626240585,11.607000350952148
78,2018-05-29T18:00:00,8.639541280041096,10.904000282287598
78,2018-05-29T19:00:00,8.45917796836935,10.762999534606934
78,2018-05-29T20:00:00,8.253213649798209,10.340999603271484
78,2018-05-29T21:00:00,8.129613686567131,9.637999534606934
78,2018-05-29T22:00:00,7.924752201150971,10.41100025177002
78,2018-05-29T23:00:00,7.85190927815956,10.130000114440918
78,2018-05-30T00:00:00,7.991066368561832,9.918999671936035
78,2018-05-30T01:00:00,7.903788353039877,10.130000114440918
78,2018-05-30T02:00:00,7.874913492834452,9.777999877929688
78,2018-05-30T03:00:00,8.009182218925078,10.199999809265137
78,2018-05-30T04:00:00,8.024556848497726,9.777999877929688
78,2018-05-30T05:00:00,8.14164492006175,9.145000457763672
78,2018-05-30T06:00:00,8.469699297212873,9.98900032043457
78,2018-05-30T07:00:00,8.761808409712803,10.552000045776367
78,2018-05-30T08:00:00,8.795125742338822,10.904000282287598
78,2018-05-30T09:00:00,9.077429908380008,11.467000007629396
78,2018-05-30T10:00:00,9.131178623571136,11.536999702453612
78,2018-05-30T11:00:00,9.083901643896603,11.607000350952148
78,2018-05-30T12:00:00,9.192150019337832,11.678000450134276
78,2018-05-30T13:00:00,9.357399257248947,11.536999702453612
78,2018-05-30T14:00:00,9.518953878863787,11.678000450134276
78,2018-05-30T15:00:00,9.557571739865505,12.029000282287598
78,2018-05-30T16:00:00,9.500727494730882,11.326000213623049
78,2018-05-30T17:00:00,9.443841507236113,11.255999565124512
78,2018-05-30T18:00:00,9.184999135621709,10.552000045776367
78,2018-05-30T19:00:00,9.026395698868988,10.621999740600586
78,2018-05-30T20:00:00,8.826347691970376,10.973999977111816
78,2018-05-30T21:00:00,8.736805153410657,10.340999603271484
78,2018-05-30T22:00:00,8.645522542826008,10.130000114440918
79,2018-05-27T23:00:00,9.921263406534681,10.199999809265137
79,2018-05-28T00:00:00,9.894200999606674,10.0600004196167
79,2018-05-28T01:00:00,10.142013703915733,10.130000114440918
79,2018-05-28T02:00:00,9.994532101599553,10.130000114440918
79,2018-05-28T03:00:00,10.057112247926167,9.918999671936035
79,2018-05-28T04:00:00,10.080366332368875,9.708000183105469
79,2018-05-28T05:00:00,10.122477444521532,9.918999671936035
79,2018-05-28T06:00:00,10.18575769371247,10.199999809265137
79,2018-05-28T07:00:00,10.334768819589014,10.973999977111816
79,2018-05-28T08:00:00,10.307081362560222,10.482000350952148
79,2018-05-28T09:00:00,10.446223676167001,10.41100025177002
79,2018-05-28T10:00:00,10.5401748758356,10.270999908447266
79,2018-05-28T11:00:00,10.587011139671743,10.692999839782717
79,2018-05-28T12:00:00,10.814955649338746,10.552000045776367
79,2018-05-28T13:00:00,10.857463898305806,10.692999839782717
79,2018-05-28T14:00:00,10.758123426003843,11.326000213623049
79,2018-05-28T15:00:00,10.908820525806568,11.958999633789062
79,2018-05-28T16:00:00,10.832064173067018,11.536999702453612
79,2018-05-28T17:00:00,10.475640352207083,11.467000007629396
79,2018-05-28T18:00:00,10.257353939375843,11.255999565124512
79,2018-05-28T19:00:00,10.080517606682035,11.114999771118164
79,2018-05-28T20:00:00,9.866059135245361,10.762999534606934
79,2018-05-28T21:00:00,9.77860363120808,10.692999839782717
79,2018-05-28T22:00:00,9.675766985789966,10.762999534606934
79,2018-05-28T23:00:00,9.652899268632744,10.552000045776367
79,2018-05-29T00:00:00,9.56241685909204,10.621999740600586
79,2018-05-29T01:00:00,9.573250671243594,10.482000350952148
79,2018-05-29T02:00:00,9.42857582522344,10.482000350952148
79,2018-05-29T03:00:00,9.214793997444689,10.692999839782717
79,2018-05-29T04:00:00,9.285675864356573,10.833000183105469
79,2018-05-29T05:00:00,9.266597602137868,10.692999839782717
79,2018-05-29T06:00:00,9.322570517246863,10.762999534606934
79,2018-05-29T07:00:00,9.483274429561986,10.692999839782717
79,2018-05-29T08:00:00,9.548183549130428,11.678000450134276
79,2018-05-29T09:00:00,9.566858580150154,11.748000144958494
79,2018-05-29T10:00:00,9.635946861331409,11.817999839782717
79,2018-05-29T11:00:00,9.660522759350409,11.888999938964846
79,2018-05-29T12:00:00,9.913119889494354,12.029000282287598
79,2018-05-29T13:00:00,9.980705362225734,11.817999839782717
79,2018-05-29T14:00:00,9.997553998019757,12.380999565124512
79,2018-05-29T15:00:00,10.241605715679917,11.607000350952148
79,2018-05-29T16:00:00,10.181946532746679,11.326000213623049
79,2018-05-29T17:00:00,9.835106006413131,11.607000350952148
79,2018-05-29T18:00:00,9.657278376150643,10.904000282287598
79,2018-05-29T19:00:00,9.410090304518766,10.762999534606934
79,2018-05-29T20:00:00,9.289762441414588,10.340999603271484
79,2018-05-29T21:00:00,9.201873067285979,9.637999534606934
79,2018-05-29T22:00:00,9.103319104533835,10.41100025177002
79,2018-05-29T23:00:00,8.90071947064439,10.130000114440918
79,2018-05-30T00:00:00,8.90011587611672,9.918999671936035
79,2018-05-30T01:00:00,8.870922939127006,10.130000114440918
79,2018-05-30T02:00:00,8.862084829213895,9.777999877929688
79,2018-05-30T03:00:00,8.863355884080253,10.199999809265137
79,2018-05-30T04:00:00,8.9584287009659,9.777999877929688
79,2018-05-30T05:00:00,9.024770752273337,9.145000457763672
79,2018-05-30T06:00:00,9.159436114270044,9.98900032043457
79,2018-05-30T07:00:00,9.284303375555067,10.552000045776367
79,2018-05-30T08:00:00,9.238980355758834,10.904000282287598
79,2018-05-30T09:00:00,9.373201579043618,11.467000007629396
79,2018-05-30T10:00:00,9.495914600606376,11.536999702453612
79,2018-05-30T11:00:00,9.42291856663796,11.607000350952148
79,2018-05-30T12:00:00,9.554322180613081,11.678000450134276
79,2018-05-30T13:00:00,9.750510438438695,11.536999702453612
79,2018-05-30T14:00:00,9.86624722632017,11.678000450134276
79,2018-05-30T15:00:00,9.990843245748984,12.029000282287598
79,2018-05-30T16:00:00,9.969187392791435,11.326000213623049
79,2018-05-30T17:00:00,9.770648372211998,11.255999565124512
79,2018-05-30T18:00:00,9.396133328981302,10.552000045776367
79,2018-05-30T19:00:00,9.283303228606037,10.621999740600586
79,2018-05-30T20:00:00,9.050544822997887,10.973999977111816
79,2018-05-30T21:00:00,9.01378157505733,10.340999603271484
79,2018-05-30T22:00:00,8.868189983323713,10.130000114440918
79,2018-05-30T23:00:00,8.870190778130095,9.918999671936035
79,2018-05-31T00:00:00,8.978448420375276,10.41100025177002
79,2018-05-31T01:00:00,8.977736379195955,10.41100025177002
79,2018-05-31T02:00:00,9.062192778141673,10.41100025177002
79,2018-05-31T03:00:00,9.194852002309899,10.41100025177002
79,2018-05-31T04:00:00,9.176334256503193,10.41100025177002
79,2018-05-31T05:00:00,9.185073019599162,10.41100025177002
79,2018-05-31T06:00:00,9.396685496921275,10.41100025177002
79,2018-05-31T07:00:00,9.56733878426124,10.41100025177002
79,2018-05-31T08:00:00,9.454593003453464,10.41100025177002
79,2018-05-31T09:00:00,9.68833853239428,10.41100025177002
79,2018-05-31T10:00:00,9.719069842324712,10.41100025177002
79,2018-05-31T11:00:00,9.721057029121688,10.41100025177002
79,2018-05-31T12:00:00,9.902537282866142,10.41100025177002
79,2018-05-31T13:00:00,10.10280510503327,10.41100025177002
79,2018-05-31T14:00:00,10.090849258241068,10.41100025177002
79,2018-05-31T15:00:00,10.105033813126031,10.41100025177002
79,2018-05-31T16:00:00,9.992153621918597,10.41100025177002
79,2018-05-31T17:00:00,9.842830847581222,10.41100025177002
79,2018-05-31T18:00:00,9.627780385993,10.41100025177002
79,2018-05-31T19:00:00,9.476703514197691,10.41100025177002
79,2018-05-31T20:00:00,9.338353053162827,10.41100025177002
79,2018-05-31T21:00:00,9.333567124602974,10.41100025177002
79,2018-05-31T22:00:00,9.24430334152429,10.41100025177002
80,2018-05-28T23:00:00,10.769438611052568,10.552000045776367
80,2018-05-29T00:00:00,10.882745242211225,10.621999740600586
80,2018-05-29T01:00:00,11.058599460655586,10.482000350952148
80,2018-05-29T02:00:00,10.90566263277702,10.482000350952148
80,2018-05-29T03:00:00,10.939723897745509,10.692999839782717
80,2018-05-29T04:00:00,10.8681818336656,10.833000183105469
80,2018-05-29T05:00:00,10.840592972091468,10.692999839782717
80,2018-05-29T06:00:00,10.901749954391361,10.762999534606934
80,2018-05-29T07:00:00,11.068531303889166,10.692999839782717
80,2018-05-29T08:00:00,10.95149883314885,11.678000450134276
80,2018-05-29T09:00:00,10.974326561125057,11.748000144958494
80,2018-05-29T10:00:00,11.053457636733153,11.817999839782717
80,2018-05-29T11:00:00,11.056368414990654,11.888999938964846
80,2018-05-29T12:00:00,11.254140377960102,12.029000282287598
80,2018-05-29T13:00:00,11.307081795906061,11.817999839782717
80,2018-05-29T14:00:00,11.381814395541152,12.380999565124512
80,2018-05-29T15:00:00,11.423862309760551,11.607000350952148
80,2018-05-29T16:00:00,11.287546204389624,11.326000213623049
80,2018-05-29T17:00:00,11.049494700545882,11.607000350952148
80,2018-05-29T18:00:00,10.678910284915705,10.904000282287598
80,2018-05-29T19:00:00,10.501440470164365,10.762999534606934
80,2018-05-29T20:00:00,10.289997884248034,10.340999603271484
80,2018-05-29T21:00:00,10.275870933820066,9.637999534606934
80,2018-05-29T22:00:00,10.21526069295333,10.41100025177002
80,2018-05-29T23:00:00,10.202636968398835,10.130000114440918
80,2018-05-30T00:00:00,10.2513519723803,9.918999671936035
80,2018-05-30T01:00:00,10.183258161187098,10.130000114440918
80,2018-05-30T02:00:00,10.091249150051238,9.777999877929688
80,2018-05-30T03:00:00,9.854049023384974,10.199999809265137
80,2018-05-30T04:00:00,9.94604217242398,9.777999877929688
80,2018-05-30T05:00:00,10.01371522062694,9.145000457763672
80,2018-05-30T06:00:00,10.136066252442536,9.98900032043457
80,2018-05-30T07:00:00,10.29229154345318,10.552000045776367
80,2018-05-30T08:00:00,10.226688415404999,10.904000282287598
80,2018-05-30T09:00:00,10.23990955661786,11.467000007629396
80,2018-05-30T10:00:00,10.380621883874344,11.536999702453612
80,2018-05-30T11:00:00,10.352990695547025,11.607000350952148
80,2018-05-30T12:00:00,10.529235372028165,11.678000450134276
80,2018-05-30T13:00:00,10.719063429923489,11.536999702453612
80,2018-05-30T14:00:00,10.812302004019724,11.678000450134276
80,2018-05-30T15:00:00,10.95151027055553,12.029000282287598
80,2018-05-30T16:00:00,10.883423972987153,11.326000213623049
80,2018-05-30T17:00:00,10.6957394687699,11.255999565124512
80,2018-05-30T18:00:00,10.450478892359994,10.552000045776367
80,2018-05-30T19:00:00,10.336603229347865,10.621999740600586
80,2018-05-30T20:00:00,10.070096209048696,10.973999977111816
80,2018-05-30T21:00:00,10.004649865305211,10.340999603271484
80,2018-05-30T22:00:00,9.968478774485645,10.130000114440918
80,2018-05-30T23:00:00,9.879472625253765,9.918999671936035
80,2018-05-31T00:00:00,9.836551460860168,10.41100025177002
80,2018-05-31T01:00:00,9.841500769017621,10.41100025177002
80,2018-05-31T02:00:00,9.913700108300345,10.41100025177002
80,2018-05-31T03:00:00,9.881083462931688,10.41100025177002
80,2018-05-31T04:00:00,9.940264528871847,10.41100025177002
80,2018-05-31T05:00:00,9.954267421005468,10.41100025177002
80,2018-05-31T06:00:00,10.092193028298794,10.41100025177002
80,2018-05-31T07:00:00,10.15772970250963,10.41100025177002
80,2018-05-31T08:00:00,9.98947835405702,10.41100025177002
80,2018-05-31T09:00:00,10.122585390264863,10.41100025177002
80,2018-05-31T10:00:00,10.195102472392996,10.41100025177002
80,2018-05-31T11:00:00,10.076549160503227,10.41100025177002
80,2018-05-31T12:00:00,10.20715482752185,10.41100025177002
80,2018-05-31T13:00:00,10.432966720009137,10.41100025177002
80,2018-05-31T14:00:00,10.525407263664157,10.41100025177002
80,2018-05-31T15:00:00,10.536438934602788,10.41100025177002
80,2018-05-31T16:00:00,10.503058737982395,10.41100025177002
80,2018-05-31T17:00:00,10.251196690800569,10.41100025177002
80,2018-05-31T18:00:00,9.896670477632743,10.41100025177002
80,2018-05-31T19:00:00,9.812619730942895,10.41100025177002
80,2018-05-31T20:00:00,9.547804194561447,10.41100025177002
80,2018-05-31T21:00:00,9.566319185372382,10.41100025177002
80,2018-05-31T22:00:00,9.504443650084985,10.41100025177002
80,2018-05-31T23:00:00,9.410670857263636,10.41100025177002
80,2018-06-01T00:00:00,9.526543892208617,8.51200008392334
80,2018-06-01T01:00:00,9.59855071572636,8.51200008392334
80,2018-06-01T02:00:00,9.600760138848736,8.230999946594237
80,2018-06-01T03:00:00,9.617259641542521,8.300999641418457
80,2018-06-01T04:00:00,9.543646154582866,8.371000289916992
80,2018-06-01T05:00:00,9.692160462888989,8.230999946594237
80,2018-06-01T06:00:00,9.908177176629804,8.581999778747559
80,2018-06-01T07:00:00,9.88733020712711,9.425999641418455
80,2018-06-01T08:00:00,9.808346982958643,10.833000183105469
80,2018-06-01T09:00:00,9.976934607864564,10.482000350952148
80,2018-06-01T10:00:00,9.981079373772618,9.777999877929688
80,2018-06-01T11:00:00,9.914149923973248,9.848999977111816
80,2018-06-01T12:00:00,10.11817798142679,9.918999671936035
80,2018-06-01T13:00:00,10.290824049039987,10.41100025177002
80,2018-06-01T14:00:00,10.31731024442858,10.904000282287598
80,2018-06-01T15:00:00,10.399245154367492,11.678000450134276
80,2018-06-01T16:00:00,10.255486135728878,12.029000282287598
80,2018-06-01T17:00:00,10.137023488245338,11.888999938964846
80,2018-06-01T18:00:00,9.826241598813132,11.326000213623049
80,2018-06-01T19:00:00,9.728759746838904,10.904000282287598
80,2018-06-01T20:00:00,9.546875677502424,10.833000183105469
80,2018-06-01T21:00:00,9.455239175188481,10.482000350952148
80,2018-06-01T22:00:00,9.498617835849245,10.41100025177002
81,2018-05-29T23:00:00,10.325104878822831,10.130000114440918
81,2018-05-30T00:00:00,10.531676966157658,9.918999671936035
81,2018-05-30T01:00:00,10.721679006210058,10.130000114440918
81,2018-05-30T02:00:00,10.557388590311435,9.777999877929688
81,2018-05-30T03:00:00,10.65498331362749,10.199999809265137
81,2018-05-30T04:00:00,10.593833844952421,9.777999877929688
81,2018-05-30T05:00:00,10.612309848398983,9.145000457763672
81,2018-05-30T06:00:00,10.732858445103599,9.98900032043457
81,2018-05-30T07:00:00,10.78219374055679,10.552000045776367
81,2018-05-30T08:00:00,10.744269554095933,10.904000282287598
81,2018-05-30T09:00:00,10.85898215142893,11.467000007629396
81,2018-05-30T10:00:00,10.890884167591938,11.536999702453612
81,2018-05-30T11:00:00,10.935482790470246,11.607000350952148
81,2018-05-30T12:00:00,11.06915869156212,11.678000450134276
81,2018-05-30T13:00:00,11.124070348906834,11.536999702453612
81,2018-05-30T14:00:00,11.235942796055696,11.678000450134276
81,2018-05-30T15:00:00,11.193955658712662,12.029000282287598
81,2018-05-30T16:00:00,10.997257058791938,11.326000213623049
81,2018-05-30T17:00:00,10.90457190490648,11.255999565124512
81,2018-05-30T18:00:00,10.632908033435225,10.552000045776367
81,2018-05-30T19:00:00,10.471001941147977,10.621999740600586
81,2018-05-30T20:00:00,10.153203160975707,10.973999977111816
81,2018-05-30T21:00:00,10.053111409675887,10.340999603271484
81,2018-05-30T22:00:00,10.01616750080063,10.130000114440918
81,2018-05-30T23:00:00,9.985289925640258,9.918999671936035
81,2018-05-31T00:00:00,9.948770536567658,10.41100025177002
81,2018-05-31T01:00:00,9.927108171801926,10.41100025177002
81,2018-05-31T02:00:00,9.950360336096068,10.41100025177002
81,2018-05-31T03:00:00,9.84487989655593,10.41100025177002
81,2018-05-31T04:00:00,9.83460735217886,10.41100025177002
81,2018-05-31T05:00:00,9.690759923221464,10.41100025177002
81,2018-05-31T06:00:00,9.801433613271733,10.41100025177002
81,2018-05-31T07:00:00,9.921226673257756,10.41100025177002
81,2018-05-31T08:00:00,9.925122070306315,10.41100025177002
81,2018-05-31T09:00:00,9.97576390163199,10.41100025177002
81,2018-05-31T10:00:00,10.001940535677761,10.41100025177002
81,2018-05-31T11:00:00,10.056232903367391,10.41100025177002
81,2018-05-31T12:00:00,10.230797616822212,10.41100025177002
81,2018-05-31T13:00:00,10.376601593684237,10.41100025177002
81,2018-05-31T14:00:00,10.490269713681734,10.41100025177002
81,2018-05-31T15:00:00,10.54840897379744,10.41100025177002
81,2018-05-31T16:00:00,10.52329426539371,10.41100025177002
81,2018-05-31T17:00:00,10.296227514075799,10.41100025177002
81,2018-05-31T18:00:00,10.15634469100008,10.41100025177002
81,2018-05-31T19:00:00,10.01625232127644,10.41100025177002
81,2018-05-31T20:00:00,9.787525893719238,10.41100025177002
81,2018-05-31T21:00:00,9.65925162099933,10.41100025177002
81,2018-05-31T22:00:00,9.597882003116865,10.41100025177002
81,2018-05-31T23:00:00,9.33840940534902,10.41100025177002
81,2018-06-01T00:00:00,9.285007151747081,8.51200008392334
81,2018-06-01T01:00:00,9.369615576368439,8.51200008392334
81,2018-06-01T02:00:00,9.336450770326383,8.230999946594237
81,2018-06-01T03:00:00,9.353409272012303,8.300999641418457
81,2018-06-01T04:00:00,9.402540280354954,8.371000289916992
81,2018-06-01T05:00:00,9.413235173931952,8.230999946594237
81,2018-06-01T06:00:00,9.562109885775548,8.581999778747559
81,2018-06-01T07:00:00,9.549229362221453,9.425999641418455
81,2018-06-01T08:00:00,9.481061583566078,10.833000183105469
81,2018-06-01T09:00:00,9.579951989740977,10.482000350952148
81,2018-06-01T10:00:00,9.606195995956018,9.777999877929688
81,2018-06-01T11:00:00,9.569696476246845,9.848999977111816
81,2018-06-01T12:00:00,9.726130896481807,9.918999671936035
81,2018-06-01T13:00:00,9.918593565179926,10.41100025177002
81,2018-06-01T14:00:00,10.024263515035116,10.904000282287598
81,2018-06-01T15:00:00,10.092034741269131,11.678000450134276
81,2018-06-01T16:00:00,10.080500492314377,12.029000282287598
81,2018-06-01T17:00:00,9.900158719700466,11.888999938964846
81,2018-06-01T18:00:00,9.653011138157929,11.326000213623049
81,2018-06-01T19:00:00,9.50010887295356,10.904000282287598
81,2018-06-01T20:00:00,9.262648273960004,10.833000183105469
81,2018-06-01T21:00:00,9.238324583280985,10.482000350952148
81,2018-06-01T22:00:00,9.140569402332542,10.41100025177002
81,2018-06-01T23:00:00,9.055014260983135,10.270999908447266
81,2018-06-02T00:00:00,9.201205189523687,9.98900032043457
81,2018-06-02T01:00:00,9.298460714421218,9.56700038909912
81,2018-06-02T02:00:00,9.305034301296564,9.21500015258789
81,2018-06-02T03:00:00,9.363385946540676,9.21500015258789
81,2018-06-02T04:00:00,9.281614332714646,8.51200008392334
81,2018-06-02T05:00:00,9.34789477229851,8.934000015258789
81,2018-06-02T06:00:00,9.538220733065621,8.934000015258789
81,2018-06-02T07:00:00,9.58856377257739,8.652999877929688
81,2018-06-02T08:00:00,9.567080065113073,8.722999572753906
81,2018-06-02T09:00:00,9.744035780956892,8.722999572753906
81,2018-06-02T10:00:00,9.790549710288008,9.21500015258789
81,2018-06-02T11:00:00,9.74757511567343,9.637999534606934
81,2018-06-02T12:00:00,9.917685000969051,10.482000350952148
81,2018-06-02T13:00:00,10.114432856874746,10.199999809265137
81,2018-06-02T14:00:00,10.238345386898576,10.340999603271484
81,2018-06-02T15:00:00,10.309079151916674,10.199999809265137
81,2018-06-02T16:00:00,10.110335760741975,11.114999771118164
81,2018-06-02T17:00:00,10.077970404381379,10.482000350952148
81,2018-06-02T18:00:00,9.930112202491989,10.0600004196167
81,2018-06-02T19:00:00,9.838405072104685,9.56700038909912
81,2018-06-02T20:00:00,9.6286664093294,9.425999641418455
81,2018-06-02T21:00:00,9.538861227839657,9.56700038909912
81,2018-06-02T22:00:00,9.558528975668306,9.848999977111816
82,2018-05-30T23:00:00,10.079514955191396,9.918999671936035
82,2018-05-31T00:00:00,10.120503865733966,10.41100025177002
82,2018-05-31T01:00:00,10.306442704450031,10.41100025177002
82,2018-05-31T02:00:00,10.319942601143929,10.41100025177002
82,2018-05-31T03:00:00,10.435030044871013,10.41100025177002
82,2018-05-31T04:00:00,10.240131625973822,10.41100025177002
82,2018-05-31T05:00:00,10.16301345045655,10.41100025177002
82,2018-05-31T06:00:00,10.425833368084273,10.41100025177002
82,2018-05-31T07:00:00,10.598290259321304,10.41100025177002
82,2018-05-31T08:00:00,10.705581482444455,10.41100025177002
82,2018-05-31T09:00:00,10.925437074078193,10.41100025177002
82,2018-05-31T10:00:00,11.03676369812582,10.41100025177002
82,2018-05-31T11:00:00,11.060096842598641,10.41100025177002
82,2018-05-31T12:00:00,11.244760452212333,10.41100025177002
82,2018-05-31T13:00:00,11.299727209472438,10.41100025177002
82,2018-05-31T14:00:00,11.430662140227874,10.41100025177002
82,2018-05-31T15:00:00,11.40457859164522,10.41100025177002
82,2018-05-31T16:00:00,11.314692680430962,10.41100025177002
82,2018-05-31T17:00:00,11.192542512852377,10.41100025177002
82,2018-05-31T18:00:00,10.950219262841022,10.41100025177002
82,2018-05-31T19:00:00,10.801290870322283,10.41100025177002
82,2018-05-31T20:00:00,10.619422746567377,10.41100025177002
82,2018-05-31T21:00:00,10.399463049487439,10.41100025177002
82,2018-05-31T22:00:00,10.351468518642044,10.41100025177002
82,2018-05-31T23:00:00,10.258887637172224,10.41100025177002
82,2018-06-01T00:00:00,10.111736049955336,8.51200008392334
82,2018-06-01T01:00:00,10.098306614365361,8.51200008392334
82,2018-06-01T02:00:00,10.062572399087053,8.230999946594237
82,2018-06-01T03:00:00,9.966425634759643,8.300999641418457
82,2018-06-01T04:00:00,9.923333827597784,8.371000289916992
82,2018-06-01T05:00:00,9.85679149644638,8.230999946594237
82,2018-06-01T06:00:00,10.052469996569927,8.581999778747559
82,2018-06-01T07:00:00,10.282684205327353,9.425999641418455
82,2018-06-01T08:00:00,10.416627758432465,10.833000183105469
82,2018-06-01T09:00:00,10.512829455705822,10.482000350952148
82,2018-06-01T10:00:00,10.620560643304879,9.777999877929688
82,2018-06-01T11:00:00,10.730322680209621,9.848999977111816
82,2018-06-01T12:00:00,10.896243469210717,9.918999671936035
82,2018-06-01T13:00:00,10.99595160822082,10.41100025177002
82,2018-06-01T14:00:00,11.10391404849507,10.904000282287598
82,2018-06-01T15:00:00,11.25040443672729,11.678000450134276
82,2018-06-01T16:00:00,11.179892407126273,12.029000282287598
82,2018-06-01T17:00:00,10.93580228649478,11.888999938964846
82,2018-06-01T18:00:00,10.8170135476938,11.326000213623049
82,2018-06-01T19:00:00,10.632519328577573,10.904000282287598
82,2018-06-01T20:00:00,10.499486927709665,10.833000183105469
82,2018-06-01T21:00:00,10.27029674253127,10.482000350952148
82,2018-06-01T22:00:00,10.149425811321631,10.41100025177002
82,2018-06-01T23:00:00,9.942456837626565,10.270999908447266
82,2018-06-02T00:00:00,9.818165620911515,9.98900032043457
82,2018-06-02T01:00:00,9.849455944528984,9.56700038909912
82,2018-06-02T02:00:00,9.825715144167006,9.21500015258789
82,2018-06-02T03:00:00,9.795258248512155,9.21500015258789
82,2018-06-02T04:00:00,9.807893660927487,8.51200008392334
82,2018-06-02T05:00:00,9.816763077610705,8.934000015258789
82,2018-06-02T06:00:00,10.009755540343761,8.934000015258789
82,2018-06-02T07:00:00,10.185528778609445,8.652999877929688
82,2018-06-02T08:00:00,10.293121047633946,8.722999572753906
82,2018-06-02T09:00:00,10.45494749549804,8.722999572753906
82,2018-06-02T10:00:00,10.570035690587607,9.21500015258789
82,2018-06-02T11:00:00,10.494769206166286,9.637999534606934
82,2018-06-02T12:00:00,10.623223805882013,10.482000350952148
82,2018-06-02T13:00:00,10.75262345263138,10.199999809265137
82,2018-06-02T14:00:00,10.880627568796442,10.340999603271484
82,2018-06-02T15:00:00,10.97217541033744,10.199999809265137
82,2018-06-02T16:00:00,10.825464705928386,11.114999771118164
82,2018-06-02T17:00:00,10.674811519088529,10.482000350952148
82,2018-06-02T18:00:00,10.50672563735153,10.0600004196167
82,2018-06-02T19:00:00,10.303047380875988,9.56700038909912
82,2018-06-02T20:00:00,10.069573761669144,9.425999641418455
82,2018-06-02T21:00:00,9.949260007482696,9.56700038909912
82,2018-06-02T22:00:00,9.805955980569642,9.848999977111816
82,2018-06-02T23:00:00,9.728184954539731,9.637999534606934
82,2018-06-03T00:00:00,9.676256623674448,9.28600025177002
82,2018-06-03T01:00:00,9.71590518703282,9.496999740600586
82,2018-06-03T02:00:00,9.752344848197547,9.496999740600586
82,2018-06-03T03:00:00,9.778030341633873,9.637999534606934
82,2018-06-03T04:00:00,9.727273301394206,9.56700038909912
82,2018-06-03T05:00:00,9.747302955485296,9.848999977111816
82,2018-06-03T06:00:00,9.990116594743611,9.56700038909912
82,2018-06-03T07:00:00,10.196968355891396,9.355999946594238
82,2018-06-03T08:00:00,10.279467121631122,9.425999641418455
82,2018-06-03T09:00:00,10.395555547154437,9.637999534606934
82,2018-06-03T10:00:00,10.525054123297345,9.918999671936035
82,2018-06-03T11:00:00,10.632768613952345,10.621999740600586
82,2018-06-03T12:00:00,10.755660626755397,10.692999839782717
82,2018-06-03T13:00:00,10.856469261348312,10.973999977111816
82,2018-06-03T14:00:00,10.912382902305906,12.239999771118164
82,2018-06-03T15:00:00,11.000647373282764,12.661999702453612
82,2018-06-03T16:00:00,10.888990734135843,13.435999870300291
82,2018-06-03T17:00:00,10.846365940499265,13.085000038146973
82,2018-06-03T18:00:00,10.679560129978414,11.678000450134276
82,2018-06-03T19:00:00,10.4938692408816,11.043999671936035
82,2018-06-03T20:00:00,10.408798895302896,10.552000045776367
82,2018-06-03T21:00:00,10.238727412978605,9.56700038909912
82,2018-06-03T22:00:00,10.138652108168685,9.425999641418455
83,2018-05-31T23:00:00,10.354947326936376,10.41100025177002
83,2018-06-01T00:00:00,10.44315026967438,8.51200008392334
83,2018-06-01T01:00:00,10.605778003883783,8.51200008392334
83,2018-06-01T02:00:00,10.527016515132395,8.230999946594237
83,2018-06-01T03:00:00,10.588463272896403,8.300999641418457
83,2018-06-01T04:00:00,10.44990927611348,8.371000289916992
83,2018-06-01T05:00:00,10.412874034954232,8.230999946594237
83,2018-06-01T06:00:00,10.524470565102543,8.581999778747559
83,2018-06-01T07:00:00,10.750670745023884,9.425999641418455
83,2018-06-01T08:00:00,10.801993811667092,10.833000183105469
83,2018-06-01T09:00:00,10.916170854519457,10.482000350952148
83,2018-06-01T10:00:00,11.022120812126484,9.777999877929688
83,2018-06-01T11:00:00,11.060410244238597,9.848999977111816
83,2018-06-01T12:00:00,11.181379269994572,9.918999671936035
83,2018-06-01T13:00:00,11.149164186130493,10.41100025177002
83,2018-06-01T14:00:00,11.223907722263942,10.904000282287598
83,2018-06-01T15:00:00,11.228637465607042,11.678000450134276
83,2018-06-01T16:00:00,11.090018851650617,12.029000282287598
83,2018-06-01T17:00:00,11.001540242366225,11.888999938964846
83,2018-06-01T18:00:00,10.878372312562629,11.326000213623049
83,2018-06-01T19:00:00,10.828748159977245,10.904000282287598
83,2018-06-01T20:00:00,10.730171906804784,10.833000183105469
83,2018-06-01T21:00:00,10.613295302037244,10.482000350952148
83,2018-06-01T22:00:00,10.562966204473764,10.41100025177002
83,2018-06-01T23:00:00,10.511292168066468,10.270999908447266
83,2018-06-02T00:00:00,10.41881647734421,9.98900032043457
83,2018-06-02T01:00:00,10.411038205955135,9.56700038909912
83,2018-06-02T02:00:00,10.330182419510646,9.21500015258789
83,2018-06-02T03:00:00,10.162075917047733,9.21500015258789
83,2018-06-02T04:00:00,10.186352438859789,8.51200008392334
83,2018-06-02T05:00:00,10.1523557910648,8.934000015258789
83,2018-06-02T06:00:00,10.235150927561541,8.934000015258789
83,2018-06-02T07:00:00,10.464195431903036,8.652999877929688
83,2018-06-02T08:00:00,10.659235774824712,8.722999572753906
83,2018-06-02T09:00:00,10.743858391848523,8.722999572753906
83,2018-06-02T10:00:00,10.894708602628253,9.21500015258789
83,2018-06-02T11:00:00,10.912731701467262,9.637999534606934
83,2018-06-02T12:00:00,11.012588610248915,10.482000350952148
83,2018-06-02T13:00:00,11.085741678976188,10.199999809265137
83,2018-06-02T14:00:00,11.145867374526386,10.340999603271484
83,2018-06-02T15:00:00,11.246915610266525,10.199999809265137
83,2018-06-02T16:00:00,11.095506051860875,11.114999771118164
83,2018-06-02T17:00:00,10.949750078713013,10.482000350952148
83,2018-06-02T18:00:00,10.92149968421533,10.0600004196167
83,2018-06-02T19:00:00,10.764462420815182,9.56700038909912
83,2018-06-02T20:00:00,10.700883797233942,9.425999641418455
83,2018-06-02T21:00:00,10.548710771061273,9.56700038909912
83,2018-06-02T22:00:00,10.481177893703675,9.848999977111816
83,2018-06-02T23:00:00,10.322036815352309,9.637999534606934
83,2018-06-03T00:00:00,10.208573566858394,9.28600025177002
83,2018-06-03T01:00:00,10.1974650899771,9.496999740600586
83,2018-06-03T02:00:00,10.205280929490304,9.496999740600586
83,2018-06-03T03:00:00,10.215542453884293,9.637999534606934
83,2018-06-03T04:00:00,10.199264185699269,9.56700038909912
83,2018-06-03T05:00:00,10.152928496245963,9.848999977111816
83,2018-06-03T06:00:00,10.285752936675637,9.56700038909912
83,2018-06-03T07:00:00,10.487690119309608,9.355999946594238
83,2018-06-03T08:00:00,10.578566159306462,9.425999641418455
83,2018-06-03T09:00:00,10.637474647634885,9.637999534606934
83,2018-06-03T10:00:00,10.805347392880993,9.918999671936035
83,2018-06-03T11:00:00,10.81744683339209,10.621999740600586
83,2018-06-03T12:00:00,10.868375852155545,10.692999839782717
83,2018-06-03T13:00:00,10.919491041845243,10.973999977111816
83,2018-06-03T14:00:00,10.937738297158221,12.239999771118164
83,2018-06-03T15:00:00,11.051279186442002,12.661999702453612
83,2018-06-03T16:00:00,10.940700335033979,13.435999870300291
83,2018-06-03T17:00:00,10.849627688520851,13.085000038146973
83,2018-06-03T18:00:00,10.654710902985196,11.678000450134276
83,2018-06-03T19:00:00,10.516895745976807,11.043999671936035
83,2018-06-03T20:00:00,10.439500317703462,10.552000045776367
83,2018-06-03T21:00:00,10.335690407416255,9.56700038909912
83,2018-06-03T22:00:00,10.189587805709763,9.425999641418455
83,2018-06-03T23:00:00,10.118287346410364,8.722999572753906
83,2018-06-04T00:00:00,10.161330398495577,8.442000389099121
83,2018-06-04T01:00:00,10.207391673673301,9.21500015258789
83,2018-06-04T02:00:00,10.218199355107405,9.425999641418455
83,2018-06-04T03:00:00,10.259435463906744,9.637999534606934
83,2018-06-04T04:00:00,10.16068339191336,9.708000183105469
83,2018-06-04T05:00:00,10.205032979871053,9.425999641418455
83,2018-06-04T06:00:00,10.377814626669997,9.56700038909912
83,2018-06-04T07:00:00,10.563003772597892,9.777999877929688
83,2018-06-04T08:00:00,10.67590182953547,10.762999534606934
83,2018-06-04T09:00:00,10.84995160923556,11.1850004196167
83,2018-06-04T10:00:00,10.97897807928525,11.1850004196167
83,2018-06-04T11:00:00,10.963566799920397,11.1850004196167
83,2018-06-04T12:00:00,11.00708212506827,11.817999839782717
83,2018-06-04T13:00:00,11.093817573393085,11.678000450134276
83,2018-06-04T14:00:00,11.119847691754753,12.239999771118164
83,2018-06-04T15:00:00,11.106329428422393,12.380999565124512
83,2018-06-04T16:00:00,10.970584525507665,11.607000350952148
83,2018-06-04T17:00:00,11.002793181048283,10.762999534606934
83,2018-06-04T18:00:00,10.840737400657563,10.0600004196167
83,2018-06-04T19:00:00,10.728631279776621,9.637999534606934
83,2018-06-04T20:00:00,10.694296017956152,9.708000183105469
83,2018-06-04T21:00:00,10.587706066483406,9.848999977111816
83,2018-06-04T22:00:00,10.525671910227464,10.270999908447266
84,2018-06-01T23:00:00,10.329100457535734,10.270999908447266
84,2018-06-02T00:00:00,10.163674649441218,9.98900032043457
84,2018-06-02T01:00:00,10.25209248184924,9.56700038909912
84,2018-06-02T02:00:00,10.134899970900136,9.21500015258789
84,2018-06-02T03:00:00,10.179629163880971,9.21500015258789
84,2018-06-02T04:00:00,10.086152073938877,8.51200008392334
84,2018-06-02T05:00:00,10.093199353117127,8.934000015258789
84,2018-06-02T06:00:00,10.28102995559488,8.934000015258789
84,2018-06-02T07:00:00,10.557694561811285,8.652999877929688
84,2018-06-02T08:00:00,10.845233887692181,8.722999572753906
84,2018-06-02T09:00:00,11.007622020754361,8.722999572753906
84,2018-06-02T10:00:00,11.17342985492891,9.21500015258789
84,2018-06-02T11:00:00,11.229549953599772,9.637999534606934
84,2018-06-02T12:00:00,11.365951797778433,10.482000350952148
84,2018-06-02T13:00:00,11.421638610751007,10.199999809265137
84,2018-06-02T14:00:00,11.512235561327943,10.340999603271484
84,2018-06-02T15:00:00,11.600271785079538,10.199999809265137
84,2018-06-02T16:00:00,11.453191911237377,11.114999771118164
84,2018-06-02T17:00:00,11.37124631525427,10.482000350952148
84,2018-06-02T18:00:00,11.189623386122845,10.0600004196167
84,2018-06-02T19:00:00,11.00241975389444,9.56700038909912
84,2018-06-02T20:00:00,10.881211210475964,9.425999641418455
84,2018-06-02T21:00:00,10.705433297065944,9.56700038909912
84,2018-06-02T22:00:00,10.67315852162686,9.848999977111816
84,2018-06-02T23:00:00,10.592329450292862,9.637999534606934
84,2018-06-03T00:00:00,10.334504089540985,9.28600025177002
84,2018-06-03T01:00:00,10.249694800682619,9.496999740600586
84,2018-06-03T02:00:00,10.195824615223472,9.496999740600586
84,2018-06-03T03:00:00,10.079571641316472,9.637999534606934
84,2018-06-03T04:00:00,10.059658949318502,9.56700038909912
84,2018-06-03T05:00:00,10.004379959204526,9.848999977111816
84,2018-06-03T06:00:00,10.144015667508198,9.56700038909912
84,2018-06-03T07:00:00,10.50793057231942,9.355999946594238
84,2018-06-03T08:00:00,10.728849508835449,9.425999641418455
84,2018-06-03T09:00:00,10.747961665850593,9.637999534606934
84,2018-06-03T10:00:00,10.90159859659348,9.918999671936035
84,2018-06-03T11:00:00,10.977016605782122,10.621999740600586
84,2018-06-03T12:00:00,11.071601454477696,10.692999839782717
84,2018-06-03T13:00:00,11.191308107778223,10.973999977111816
84,2018-06-03T14:00:00,11.27848201785398,12.239999771118164
84,2018-06-03T15:00:00,11.497641931313575,12.661999702453612
84,2018-06-03T16:00:00,11.44712758115578,13.435999870300291
84,2018-06-03T17:00:00,11.29507126662207,13.085000038146973
84,2018-06-03T18:00:00,11.155093521419387,11.678000450134276
84,2018-06-03T19:00:00,10.919733982381276,11.043999671936035
84,2018-06-03T20:00:00,10.949730292834307,10.552000045776367
84,2018-06-03T21:00:00,10.733332638314824,9.56700038909912
84,2018-06-03T22:00:00,10.553281976920552,9.425999641418455
84,2018-06-03T23:00:00,10.281796345327107,8.722999572753906
84,2018-06-04T00:00:00,10.090420564202397,8.442000389099121
84,2018-06-04T01:00:00,10.035509741704882,9.21500015258789
84,2018-06-04T02:00:00,10.059420600442085,9.425999641418455
84,2018-06-04T03:00:00,9.995369453344026,9.637999534606934
84,2018-06-04T04:00:00,9.976314566846998,9.708000183105469
84,2018-06-04T05:00:00,10.041564387558928,9.425999641418455
84,2018-06-04T06:00:00,10.207220279542554,9.56700038909912
84,2018-06-04T07:00:00,10.463597681305785,9.777999877929688
84,2018-06-04T08:00:00,10.656248274109267,10.762999534606934
84,2018-06-04T09:00:00,10.779360269150274,11.1850004196167
84,2018-06-04T10:00:00,10.943681574395402,11.1850004196167
84,2018-06-04T11:00:00,10.875853995975191,11.1850004196167
84,2018-06-04T12:00:00,10.872075060111431,11.817999839782717
84,2018-06-04T13:00:00,11.037959616743922,11.678000450134276
84,2018-06-04T14:00:00,11.122512190087411,12.239999771118164
84,2018-06-04T15:00:00,11.21065736139898,12.380999565124512
84,2018-06-04T16:00:00,11.183258511048216,11.607000350952148
84,2018-06-04T17:00:00,11.084497756643923,10.762999534606934
84,2018-06-04T18:00:00,10.859925027859845,10.0600004196167
84,2018-06-04T19:00:00,10.726303224866717,9.637999534606934
84,2018-06-04T20:00:00,10.512604046961048,9.708000183105469
84,2018-06-04T21:00:00,10.325316095165157,9.848999977111816
84,2018-06-04T22:00:00,10.215149407821187,10.270999908447266
84,2018-06-04T23:00:00,10.121723577497349,10.130000114440918
84,2018-06-05T00:00:00,9.994129705247772,9.918999671936035
84,2018-06-05T01:00:00,9.951889525717553,9.637999534606934
84,2018-06-05T02:00:00,9.949817685414207,9.425999641418455
84,2018-06-05T03:00:00,10.033658384547813,9.708000183105469
84,2018-06-05T04:00:00,10.002939597325426,9.918999671936035
84,2018-06-05T05:00:00,9.998874141901643,9.848999977111816
84,2018-06-05T06:00:00,10.223838747962745,9.848999977111816
84,2018-06-05T07:00:00,10.4128364668301,10.0600004196167
84,2018-06-05T08:00:00,10.648792086771056,9.918999671936035
84,2018-06-05T09:00:00,10.84014215460192,10.130000114440918
84,2018-06-05T10:00:00,10.925715245166188,9.848999977111816
84,2018-06-05T11:00:00,10.978671189453477,9.918999671936035
84,2018-06-05T12:00:00,11.08971638650902,9.777999877929688
84,2018-06-05T13:00:00,11.240660684568514,10.130000114440918
84,2018-06-05T14:00:00,11.312235725112936,10.762999534606934
84,2018-06-05T15:00:00,11.347075568582817,10.904000282287598
84,2018-06-05T16:00:00,11.285576549383912,10.973999977111816
84,2018-06-05T17:00:00,11.214091087944356,10.833000183105469
84,2018-06-05T18:00:00,11.053784061989472,10.270999908447266
84,2018-06-05T19:00:00,10.925615731379608,9.56700038909912
84,2018-06-05T20:00:00,10.9244354244042,9.28600025177002
84,2018-06-05T21:00:00,10.77063778557476,9.21500015258789
84,2018-06-05T22:00:00,10.657333992896591,8.934000015258789
85,2018-06-02T23:00:00,9.761226119711045,9.637999534606934
85,2018-06-03T00:00:00,9.643543970877461,9.28600025177002
85,2018-06-03T01:00:00,9.624609636316526,9.496999740600586
85,2018-06-03T02:00:00,9.403156147136507,9.496999740600586
85,2018-06-03T03:00:00,9.455782076324503,9.637999534606934
85,2018-06-03T04:00:00,9.252285315630864,9.56700038909912
85,2018-06-03T05:00:00,9.225964253018997,9.848999977111816
85,2018-06-03T06:00:00,9.388499569643042,9.56700038909912
85,2018-06-03T07:00:00,9.628144963766491,9.355999946594238
85,2018-06-03T08:00:00,9.742453328083865,9.425999641418455
85,2018-06-03T09:00:00,9.833626156261335,9.637999534606934
85,2018-06-03T10:00:00,10.026729653672373,9.918999671936035
85,2018-06-03T11:00:00,10.16966501206064,10.621999740600586
85,2018-06-03T12:00:00,10.367599937204087,10.692999839782717
85,2018-06-03T13:00:00,10.486699573103412,10.973999977111816
85,2018-06-03T14:00:00,10.617661218969335,12.239999771118164
85,2018-06-03T15:00:00,10.726604020313909,12.661999702453612
85,2018-06-03T16:00:00,10.75321260430244,13.435999870300291
85,2018-06-03T17:00:00,10.590016088693728,13.085000038146973
85,2018-06-03T18:00:00,10.375056291511736,11.678000450134276
85,2018-06-03T19:00:00,10.275155135828332,11.043999671936035
85,2018-06-03T20:00:00,10.187870525013476,10.552000045776367
85,2018-06-03T21:00:00,10.097488547591276,9.56700038909912
85,2018-06-03T22:00:00,9.982239811384598,9.425999641418455
85,2018-06-03T23:00:00,9.863943298494426,8.722999572753906
85,2018-06-04T00:00:00,9.624084517425926,8.442000389099121
85,2018-06-04T01:00:00,9.479622974866103,9.21500015258789
85,2018-06-04T02:00:00,9.326427260869927,9.425999641418455
85,2018-06-04T03:00:00,9.129028975508483,9.637999534606934
85,2018-06-04T04:00:00,9.064961465405247,9.708000183105469
85,2018-06-04T05:00:00,9.01420442516558,9.425999641418455
85,2018-06-04T06:00:00,9.16232802498076,9.56700038909912
85,2018-06-04T07:00:00,9.39912158105923,9.777999877929688
85,2018-06-04T08:00:00,9.608034579950884,10.762999534606934
85,2018-06-04T09:00:00,9.729104622218406,11.1850004196167
85,2018-06-04T10:00:00,9.924137451515259,11.1850004196167
85,2018-06-04T11:00:00,10.044010990771639,11.1850004196167
85,2018-06-04T12:00:00,10.157183712438957,11.817999839782717
85,2018-06-04T13:00:00,10.305549417942967,11.678000450134276
85,2018-06-04T14:00:00,10.411851347130725,12.239999771118164
85,2018-06-04T15:00:00,10.64536979763236,12.380999565124512
85,2018-06-04T16:00:00,10.743254797320851,11.607000350952148
85,2018-06-04T17:00:00,10.539120463818385,10.762999534606934
85,2018-06-04T18:00:00,10.523820219131515,10.0600004196167
85,2018-06-04T19:00:00,10.375914514436282,9.637999534606934
85,2018-06-04T20:00:00,10.308030583829876,9.708000183105469
85,2018-06-04T21:00:00,10.154183271591867,9.848999977111816
85,2018-06-04T22:00:00,10.033490747229479,10.270999908447266
85,2018-06-04T23:00:00,9.755785003066386,10.130000114440918
85,2018-06-05T00:00:00,9.500104698717546,9.918999671936035
85,2018-06-05T01:00:00,9.31811493772518,9.637999534606934
85,2018-06-05T02:00:00,9.298236975370852,9.425999641418455
85,2018-06-05T03:00:00,9.282801485437117,9.708000183105469
85,2018-06-05T04:00:00,9.26666555870018,9.918999671936035
85,2018-06-05T05:00:00,9.220892556261605,9.848999977111816
85,2018-06-05T06:00:00,9.34506021559063,9.848999977111816
85,2018-06-05T07:00:00,9.515212928547758,10.0600004196167
85,2018-06-05T08:00:00,9.698749077013982,9.918999671936035
85,2018-06-05T09:00:00,9.860265295657493,10.130000114440918
85,2018-06-05T10:00:00,9.980410661163123,9.848999977111816
85,2018-06-05T11:00:00,10.103071421290982,9.918999671936035
85,2018-06-05T12:00:00,10.21967286042046,9.777999877929688
85,2018-06-05T13:00:00,10.441985156918065,10.130000114440918
85,2018-06-05T14:00:00,10.561169613293202,10.762999534606934
85,2018-06-05T15:00:00,10.706110775571068,10.904000282287598
85,2018-06-05T16:00:00,10.731809042169598,10.973999977111816
85,2018-06-05T17:00:00,10.568125894126338,10.833000183105469
85,2018-06-05T18:00:00,10.322347044572894,10.270999908447266
85,2018-06-05T19:00:00,10.242437223493969,9.56700038909912
85,2018-06-05T20:00:00,10.21449096383229,9.28600025177002
85,2018-06-05T21:00:00,10.095091951726015,9.21500015258789
85,2018-06-05T22:00:00,9.929912423556344,8.934000015258789
85,2018-06-05T23:00:00,9.828949342230896,8.934000015258789
85,2018-06-06T00:00:00,9.644043543443654,8.581999778747559
85,2018-06-06T01:00:00,9.632669251212967,8.581999778747559
85,2018-06-06T02:00:00,9.52830049420816,8.581999778747559
85,2018-06-06T03:00:00,9.471032313663923,8.51200008392334
85,2018-06-06T04:00:00,9.304713719970664,8.371000289916992
85,2018-06-06T05:00:00,9.326575863672039,8.159999847412111
85,2018-06-06T06:00:00,9.61964179455117,8.51200008392334
85,2018-06-06T07:00:00,9.757165840339919,9.496999740600586
85,2018-06-06T08:00:00,9.898192654537723,10.199999809265137
85,2018-06-06T09:00:00,10.114477103776498,10.270999908447266
85,2018-06-06T10:00:00,10.18377777008616,9.98900032043457
85,2018-06-06T11:00:00,10.256998878860466,10.130000114440918
85,2018-06-06T12:00:00,10.435135235618574,10.0600004196167
85,2018-06-06T13:00:00,10.633344408068162,10.552000045776367
85,2018-06-06T14:00:00,10.6943978693149,12.029000282287598
85,2018-06-06T15:00:00,10.843284519473496,13.154999732971191
85,2018-06-06T16:00:00,10.84612241557019,13.29599952697754
85,2018-06-06T17:00:00,10.792034084536937,12.944000244140623
85,2018-06-06T18:00:00,10.595354519132437,13.225000381469728
85,2018-06-06T19:00:00,10.50407833687125,11.395999908447266
85,2018-06-06T20:00:00,10.46905474353202,10.904000282287598
85,2018-06-06T21:00:00,10.354419703504165,11.043999671936035
85,2018-06-06T22:00:00,10.29934483353129,10.552000045776367
86,2018-06-03T23:00:00,9.378273192316291,8.722999572753906
86,2018-06-04T00:00:00,9.305574697890975,8.442000389099121
86,2018-06-04T01:00:00,9.40544888800973,9.21500015258789
86,2018-06-04T02:00:00,9.273470064311836,9.425999641418455
86,2018-06-04T03:00:00,9.326272229744358,9.637999534606934
86,2018-06-04T04:00:00,9.184441123751316,9.708000183105469
86,2018-06-04T05:00:00,9.242809465939487,9.425999641418455
86,2018-06-04T06:00:00,9.386107982860999,9.56700038909912
86,2018-06-04T07:00:00,9.515751404993605,9.777999877929688
86,2018-06-04T08:00:00,9.663673806632895,10.762999534606934
86,2018-06-04T09:00:00,9.842083408880498,11.1850004196167
86,2018-06-04T10:00:00,10.04280129717469,11.1850004196167
86,2018-06-04T11:00:00,10.273074362659916,11.1850004196167
86,2018-06-04T12:00:00,10.502544138166549,11.817999839782717
86,2018-06-04T13:00:00,10.6214414071039,11.678000450134276
86,2018-06-04T14:00:00,10.868569035798288,12.239999771118164
86,2018-06-04T15:00:00,11.061711437088977,12.380999565124512
86,2018-06-04T16:00:00,11.166515149486475,11.607000350952148
86,2018-06-04T17:00:00,11.045142642077359,10.762999534606934
86,2018-06-04T18:00:00,10.750280871380147,10.0600004196167
86,2018-06-04T19:00:00,10.55706383474952,9.637999534606934
86,2018-06-04T20:00:00,10.294417565339991,9.708000183105469
86,2018-06-04T21:00:00,10.03214363778294,9.848999977111816
86,2018-06-04T22:00:00,9.957019327840264,10.270999908447266
86,2018-06-04T23:00:00,9.848744404257983,10.130000114440918
86,2018-06-05T00:00:00,9.54455363349238,9.918999671936035
86,2018-06-05T01:00:00,9.405864641916754,9.637999534606934
86,2018-06-05T02:00:00,9.279591164003229,9.425999641418455
86,2018-06-05T03:00:00,9.104681575168906,9.708000183105469
86,2018-06-05T04:00:00,9.09409262370195,9.918999671936035
86,2018-06-05T05:00:00,8.959209700524179,9.848999977111816
86,2018-06-05T06:00:00,9.029724234666805,9.848999977111816
86,2018-06-05T07:00:00,9.181756004692748,10.0600004196167
86,2018-06-05T08:00:00,9.42133218998308,9.918999671936035
86,2018-06-05T09:00:00,9.561907602298295,10.130000114440918
86,2018-06-05T10:00:00,9.7075188964259,9.848999977111816
86,2018-06-05T11:00:00,9.958032999313982,9.918999671936035
86,2018-06-05T12:00:00,10.142510438001436,9.777999877929688
86,2018-06-05T13:00:00,10.401256301279188,10.130000114440918
86,2018-06-05T14:00:00,10.635972757516935,10.762999534606934
86,2018-06-05T15:00:00,10.920487849405461,10.904000282287598
86,2018-06-05T16:00:00,11.040601991625707,10.973999977111816
86,2018-06-05T17:00:00,10.834163396358615,10.833000183105469
86,2018-06-05T18:00:00,10.628112671101977,10.270999908447266
86,2018-06-05T19:00:00,10.455275423479325,9.56700038909912
86,2018-06-05T20:00:00,10.376196108397806,9.28600025177002
86,2018-06-05T21:00:00,10.170264098413416,9.21500015258789
86,2018-06-05T22:00:00,10.046585659545268,8.934000015258789
86,2018-06-05T23:00:00,9.74640340762421,8.934000015258789
86,2018-06-06T00:00:00,9.455641321086102,8.581999778747559
86,2018-06-06T01:00:00,9.403752728947673,8.581999778747559
86,2018-06-06T02:00:00,9.345574898891194,8.581999778747559
86,2018-06-06T03:00:00,9.228729266954879,8.51200008392334
86,2018-06-06T04:00:00,9.127859688516153,8.371000289916992
86,2018-06-06T05:00:00,9.1686670197921,8.159999847412111
86,2018-06-06T06:00:00,9.321193186331579,8.51200008392334
86,2018-06-06T07:00:00,9.37750070819948,9.496999740600586
86,2018-06-06T08:00:00,9.51439978737217,10.199999809265137
86,2018-06-06T09:00:00,9.640511471897781,10.270999908447266
86,2018-06-06T10:00:00,9.804274180879474,9.98900032043457
86,2018-06-06T11:00:00,9.910900114266664,10.130000114440918
86,2018-06-06T12:00:00,10.119266622179323,10.0600004196167
86,2018-06-06T13:00:00,10.395966709401847,10.552000045776367
86,2018-06-06T14:00:00,10.669890679220693,12.029000282287598
86,2018-06-06T15:00:00,10.928849178081016,13.154999732971191
86,2018-06-06T16:00:00,11.045857688706608,13.29599952697754
86,2018-06-06T17:00:00,10.898521015864848,12.944000244140623
86,2018-06-06T18:00:00,10.52212155552785,13.225000381469728
86,2018-06-06T19:00:00,10.318029548778568,11.395999908447266
86,2018-06-06T20:00:00,10.110276987498892,10.904000282287598
86,2018-06-06T21:00:00,9.887961852520796,11.043999671936035
86,2018-06-06T22:00:00,9.800608784235305,10.552000045776367
86,2018-06-06T23:00:00,9.684065784410027,10.270999908447266
86,2018-06-07T00:00:00,9.534232417523384,9.777999877929688
86,2018-06-07T01:00:00,9.519983245464918,10.130000114440918
86,2018-06-07T02:00:00,9.436677432934186,10.130000114440918
86,2018-06-07T03:00:00,9.441109386280024,9.848999977111816
86,2018-06-07T04:00:00,9.314639218365503,9.98900032043457
86,2018-06-07T05:00:00,9.324247975731575,9.918999671936035
86,2018-06-07T06:00:00,9.48298699167004,10.130000114440918
86,2018-06-07T07:00:00,9.594905271930337,10.482000350952148
86,2018-06-07T08:00:00,9.700735428963757,10.692999839782717
86,2018-06-07T09:00:00,9.939796680499361,10.833000183105469
86,2018-06-07T10:00:00,10.098070269122232,11.114999771118164
86,2018-06-07T11:00:00,10.269815035695219,11.536999702453612
86,2018-06-07T12:00:00,10.485342445490437,11.958999633789062
86,2018-06-07T13:00:00,10.721459441395705,12.029000282287598
86,2018-06-07T14:00:00,10.951858067900243,12.803000450134276
86,2018-06-07T15:00:00,11.118510266535768,12.732999801635742
86,2018-06-07T16:00:00,11.133207250633848,12.661999702453612
86,2018-06-07T17:00:00,11.054752985653115,12.661999702453612
86,2018-06-07T18:00:00,10.798962481473499,12.029000282287598
86,2018-06-07T19:00:00,10.681250695564213,11.678000450134276
86,2018-06-07T20:00:00,10.586700576512278,11.395999908447266
86,2018-06-07T21:00:00,10.416275452912856,10.833000183105469
86,2018-06-07T22:00:00,10.253152153403835,10.833000183105469
87,2018-06-04T23:00:00,9.999566814625858,10.130000114440918
87,2018-06-05T00:00:00,9.791965861598225,9.918999671936035
87,2018-06-05T01:00:00,9.893882922822382,9.637999534606934
87,2018-06-05T02:00:00,9.738942795595825,9.425999641418455
87,2018-06-05T03:00:00,9.789498220236002,9.708000183105469
87,2018-06-05T04:00:00,9.685027528387726,9.918999671936035
87,2018-06-05T05:00:00,9.6089840516747,9.848999977111816
87,2018-06-05T06:00:00,9.736510885693885,9.848999977111816
87,2018-06-05T07:00:00,9.967809978391431,10.0600004196167
87,2018-06-05T08:00:00,10.258832203317954,9.918999671936035
87,2018-06-05T09:00:00,10.509999824596438,10.130000114440918
87,2018-06-05T10:00:00,10.655035074154068,9.848999977111816
87,2018-06-05T11:00:00,10.847448737321379,9.918999671936035
87,2018-06-05T12:00:00,11.103031364547483,9.777999877929688
87,2018-06-05T13:00:00,11.241393096019586,10.130000114440918
87,2018-06-05T14:00:00,11.485445314588066,10.762999534606934
87,2018-06-05T15:00:00,11.621125015936252,10.904000282287598
87,2018-06-05T16:00:00,11.554692049768425,10.973999977111816
87,2018-06-05T17:00:00,11.247016125869749,10.833000183105469
87,2018-06-05T18:00:00,10.847844454895535,10.270999908447266
87,2018-06-05T19:00:00,10.633887309204182,9.56700038909912
87,2018-06-05T20:00:00,10.516467302392298,9.28600025177002
87,2018-06-05T21:00:00,10.367900816135997,9.21500015258789
87,2018-06-05T22:00:00,10.306801688747264,8.934000015258789
87,2018-06-05T23:00:00,10.14128738684924,8.934000015258789
87,2018-06-06T00:00:00,9.802740149144213,8.581999778747559
87,2018-06-06T01:00:00,9.711737629796126,8.581999778747559
87,2018-06-06T02:00:00,9.536684697697073,8.581999778747559
87,2018-06-06T03:00:00,9.256958790272492,8.51200008392334
87,2018-06-06T04:00:00,9.19416659275635,8.371000289916992
87,2018-06-06T05:00:00,9.129615706122657,8.159999847412111
87,2018-06-06T06:00:00,9.29145968577801,8.51200008392334
87,2018-06-06T07:00:00,9.558958588038902,9.496999740600586
87,2018-06-06T08:00:00,9.803418045072938,10.199999809265137
87,2018-06-06T09:00:00,9.941601119243629,10.270999908447266
87,2018-06-06T10:00:00,10.131525935929766,9.98900032043457
87,2018-06-06T11:00:00,10.382762766041367,10.130000114440918
87,2018-06-06T12:00:00,10.727355382796485,10.0600004196167
87,2018-06-06T13:00:00,10.98829438967616,10.552000045776367
87,2018-06-06T14:00:00,11.275242810706871,12.029000282287598
87,2018-06-06T15:00:00,11.532235494858611,13.154999732971191
87,2018-06-06T16:00:00,11.541375902943878,13.29599952697754
87,2018-06-06T17:00:00,11.213353083017026,12.944000244140623
87,2018-06-06T18:00:00,10.928075441693402,13.225000381469728
87,2018-06-06T19:00:00,10.611534275347523,11.395999908447266
87,2018-06-06T20:00:00,10.496927286185688,10.904000282287598
87,2018-06-06T21:00:00,10.250846054975366,11.043999671936035
87,2018-06-06T22:00:00,10.07938455205831,10.552000045776367
87,2018-06-06T23:00:00,9.787233112805193,10.270999908447266
87,2018-06-07T00:00:00,9.454966514092025,9.777999877929688
87,2018-06-07T01:00:00,9.420520134108855,10.130000114440918
87,2018-06-07T02:00:00,9.385108670759173,10.130000114440918
87,2018-06-07T03:00:00,9.312473040328232,9.848999977111816
87,2018-06-07T04:00:00,9.320551272317296,9.98900032043457
87,2018-06-07T05:00:00,9.318789243810935,9.918999671936035
87,2018-06-07T06:00:00,9.45196740900046,10.130000114440918
87,2018-06-07T07:00:00,9.623123107387109,10.482000350952148
87,2018-06-07T08:00:00,9.829096275338602,10.692999839782717
87,2018-06-07T09:00:00,10.061022338285497,10.833000183105469
87,2018-06-07T10:00:00,10.263839282901845,11.114999771118164
87,2018-06-07T11:00:00,10.405775329188286,11.536999702453612
87,2018-06-07T12:00:00,10.657104409915803,11.958999633789062
87,2018-06-07T13:00:00,10.930703039779694,12.029000282287598
87,2018-06-07T14:00:00,11.175752399847276,12.803000450134276
87,2018-06-07T15:00:00,11.338662479380684,12.732999801635742
87,2018-06-07T16:00:00,11.332846432857218,12.661999702453612
87,2018-06-07T17:00:00,11.060154447055638,12.661999702453612
87,2018-06-07T18:00:00,10.699928231125545,12.029000282287598
87,2018-06-07T19:00:00,10.491075007293617,11.678000450134276
87,2018-06-07T20:00:00,10.257513729130473,11.395999908447266
87,2018-06-07T21:00:00,10.103969716881263,10.833000183105469
87,2018-06-07T22:00:00,9.893771888144402,10.833000183105469
87,2018-06-07T23:00:00,9.743352458521347,10.340999603271484
87,2018-06-08T00:00:00,9.56907393068767,10.482000350952148
87,2018-06-08T01:00:00,9.488291276858153,10.41100025177002
87,2018-06-08T02:00:00,9.377737303896772,10.130000114440918
87,2018-06-08T03:00:00,9.263062608626782,10.0600004196167
87,2018-06-08T04:00:00,9.21076201939374,9.98900032043457
87,2018-06-08T05:00:00,9.26501256123851,9.708000183105469
87,2018-06-08T06:00:00,9.454106621473077,9.425999641418455
87,2018-06-08T07:00:00,9.627691057342293,9.777999877929688
87,2018-06-08T08:00:00,9.836086784907055,10.130000114440918
87,2018-06-08T09:00:00,10.121483976350127,10.199999809265137
87,2018-06-08T10:00:00,10.260036052984482,10.0600004196167
87,2018-06-08T11:00:00,10.457037451985688,10.340999603271484
87,2018-06-08T12:00:00,10.700290220872708,10.130000114440918
87,2018-06-08T13:00:00,10.95342257155841,9.918999671936035
87,2018-06-08T14:00:00,11.124344178789375,10.199999809265137
87,2018-06-08T15:00:00,11.286448964710903,10.340999603271484
87,2018-06-08T16:00:00,11.209816920719856,10.130000114440918
87,2018-06-08T17:00:00,11.11529193056873,9.918999671936035
87,2018-06-08T18:00:00,10.855680330741608,8.934000015258789
87,2018-06-08T19:00:00,10.559684002695708,9.003999710083008
87,2018-06-08T20:00:00,10.371486484872294,9.355999946594238
87,2018-06-08T21:00:00,10.179356920208118,8.86400032043457
87,2018-06-08T22:00:00,10.082143471609612,9.074999809265137
88,2018-06-05T23:00:00,8.890520643275334,8.934000015258789
88,2018-06-06T00:00:00,8.931909362143355,8.581999778747559
88,2018-06-06T01:00:00,9.089096480616417,8.581999778747559
88,2018-06-06T02:00:00,8.966914839298283,8.581999778747559
88,2018-06-06T03:00:00,9.069182703317084,8.51200008392334
88,2018-06-06T04:00:00,8.9163165869966,8.371000289916992
88,2018-06-06T05:00:00,8.843184723388278,8.159999847412111
88,2018-06-06T06:00:00,8.948053052959278,8.51200008392334
88,2018-06-06T07:00:00,9.14223700962026,9.496999740600586
88,2018-06-06T08:00:00,9.230904043918338,10.199999809265137
88,2018-06-06T09:00:00,9.411165086807731,10.270999908447266
88,2018-06-06T10:00:00,9.622587636391192,9.98900032043457
88,2018-06-06T11:00:00,9.805436705609463,10.130000114440918
88,2018-06-06T12:00:00,10.21273002062729,10.0600004196167
88,2018-06-06T13:00:00,10.423075867773218,10.552000045776367
88,2018-06-06T14:00:00,10.712299748340053,12.029000282287598
88,2018-06-06T15:00:00,10.783132108812808,13.154999732971191
88,2018-06-06T16:00:00,10.700808660985684,13.29599952697754
88,2018-06-06T17:00:00,10.469777721209699,12.944000244140623
88,2018-06-06T18:00:00,10.091078006374651,13.225000381469728
88,2018-06-06T19:00:00,9.826351297735588,11.395999908447266
88,2018-06-06T20:00:00,9.660335670092246,10.904000282287598
88,2018-06-06T21:00:00,9.498363207452373,11.043999671936035
88,2018-06-06T22:00:00,9.385249175543414,10.552000045776367
88,2018-06-06T23:00:00,9.314309704174532,10.270999908447266
88,2018-06-07T00:00:00,9.125512432120583,9.777999877929688
88,2018-06-07T01:00:00,9.108923183352491,10.130000114440918
88,2018-06-07T02:00:00,9.022814204368707,10.130000114440918
88,2018-06-07T03:00:00,8.91619119294673,9.848999977111816
88,2018-06-07T04:00:00,8.945991564761249,9.98900032043457
88,2018-06-07T05:00:00,8.87519067802804,9.918999671936035
88,2018-06-07T06:00:00,8.99168726034884,10.130000114440918
88,2018-06-07T07:00:00,9.177983079728849,10.482000350952148
88,2018-06-07T08:00:00,9.30143193561621,10.692999839782717
88,2018-06-07T09:00:00,9.45042461136957,10.833000183105469
88,2018-06-07T10:00:00,9.712999083919653,11.114999771118164
88,2018-06-07T11:00:00,9.955829086183144,11.536999702453612
88,2018-06-07T12:00:00,10.307493443139554,11.958999633789062
88,2018-06-07T13:00:00,10.564222148605749,12.029000282287598
88,2018-06-07T14:00:00,10.781168214252792,12.803000450134276
88,2018-06-07T15:00:00,11.012945924851742,12.732999801635742
88,2018-06-07T16:00:00,11.000630091945665,12.661999702453612
88,2018-06-07T17:00:00,10.71254076872752,12.661999702453612
88,2018-06-07T18:00:00,10.431270727916521,12.029000282287598
88,2018-06-07T19:00:00,10.168024203368134,11.678000450134276
88,2018-06-07T20:00:00,10.060759695355475,11.395999908447266
88,2018-06-07T21:00:00,9.833079748767062,10.833000183105469
88,2018-06-07T22:00:00,9.706636713386633,10.833000183105469
88,2018-06-07T23:00:00,9.511587187145723,10.340999603271484
88,2018-06-08T00:00:00,9.300182670261844,10.482000350952148
88,2018-06-08T01:00:00,9.231490440593628,10.41100025177002
88,2018-06-08T02:00:00,9.231424738118763,10.130000114440918
88,2018-06-08T03:00:00,9.169427315139748,10.0600004196167
88,2018-06-08T04:00:00,9.153417283361001,9.98900032043457
88,2018-06-08T05:00:00,9.185083037765597,9.708000183105469
88,2018-06-08T06:00:00,9.274630001015492,9.425999641418455
88,2018-06-08T07:00:00,9.364993027406188,9.777999877929688
88,2018-06-08T08:00:00,9.489568676563252,10.130000114440918
88,2018-06-08T09:00:00,9.686125686398373,10.199999809265137
88,2018-06-08T10:00:00,9.906835159751202,10.0600004196167
88,2018-06-08T11:00:00,10.041919197620144,10.340999603271484
88,2018-06-08T12:00:00,10.287657306630088,10.130000114440918
88,2018-06-08T13:00:00,10.564882178804332,9.918999671936035
88,2018-06-08T14:00:00,10.77631808594304,10.199999809265137
88,2018-06-08T15:00:00,10.973651336707382,10.340999603271484
88,2018-06-08T16:00:00,10.92852993251064,10.130000114440918
88,2018-06-08T17:00:00,10.692097865271013,9.918999671936035
88,2018-06-08T18:00:00,10.29842900614975,8.934000015258789
88,2018-06-08T19:00:00,9.995051376559735,9.003999710083008
88,2018-06-08T20:00:00,9.70818418616186,9.355999946594238
88,2018-06-08T21:00:00,9.519443934171868,8.86400032043457
88,2018-06-08T22:00:00,9.393156180371172,9.074999809265137
88,2018-06-08T23:00:00,9.285662005893005,8.722999572753906
88,2018-06-09T00:00:00,9.216720824788897,8.86400032043457
88,2018-06-09T01:00:00,9.24231189700658,8.86400032043457
88,2018-06-09T02:00:00,9.194839145662975,8.300999641418457
88,2018-06-09T03:00:00,9.183857398587074,8.020000457763674
88,2018-06-09T04:00:00,9.150433956881571,8.020000457763674
88,2018-06-09T05:00:00,9.198974477797638,8.159999847412111
88,2018-06-09T06:00:00,9.294859183588068,8.159999847412111
88,2018-06-09T07:00:00,9.383544167101007,8.159999847412111
88,2018-06-09T08:00:00,9.526904713169692,8.51200008392334
88,2018-06-09T09:00:00,9.741422291788329,8.442000389099121
88,2018-06-09T10:00:00,9.93895047937454,6.823999881744385
88,2018-06-09T11:00:00,10.148114767274254,3.025000095367432
88,2018-06-09T12:00:00,10.380416010554118,4.150000095367432
88,2018-06-09T13:00:00,10.596183522404878,3.938999891281128
88,2018-06-09T14:00:00,10.811874562251859,4.7839999198913565
88,2018-06-09T15:00:00,10.947113881700533,5.76800012588501
88,2018-06-09T16:00:00,10.85681847793327,6.683000087738037
88,2018-06-09T17:00:00,10.717637510901,6.894000053405763
88,2018-06-09T18:00:00,10.367064048784568,7.0349998474121085
88,2018-06-09T19:00:00,10.06081087148901,6.401999950408936
88,2018-06-09T20:00:00,9.913202121943836,6.330999851226808
88,2018-06-09T21:00:00,9.844257100542594,6.050000190734862
88,2018-06-09T22:00:00,9.775489901595561,6.894000053405763
89,2018-06-06T23:00:00,10.42131267048077,10.270999908447266
89,2018-06-07T00:00:00,10.382101567056697,9.777999877929688
89,2018-06-07T01:00:00,10.483300075293354,10.130000114440918
89,2018-06-07T02:00:00,10.327349449012448,10.130000114440918
89,2018-06-07T03:00:00,10.419882577222268,9.848999977111816
89,2018-06-07T04:00:00,10.33494271826137,9.98900032043457
89,2018-06-07T05:00:00,10.273550142080829,9.918999671936035
89,2018-06-07T06:00:00,10.43865637066609,10.130000114440918
89,2018-06-07T07:00:00,10.765694070893565,10.482000350952148
89,2018-06-07T08:00:00,10.90590473846585,10.692999839782717
89,2018-06-07T09:00:00,11.081888441711374,10.833000183105469
89,2018-06-07T10:00:00,11.312240734196154,11.114999771118164
89,2018-06-07T11:00:00,11.440802444808007,11.536999702453612
89,2018-06-07T12:00:00,11.717012226268292,11.958999633789062
89,2018-06-07T13:00:00,11.968426461410502,12.029000282287598
89,2018-06-07T14:00:00,12.303355471338321,12.803000450134276
89,2018-06-07T15:00:00,12.574124386608105,12.732999801635742
89,2018-06-07T16:00:00,12.542026264837148,12.661999702453612
89,2018-06-07T17:00:00,12.281367850102356,12.661999702453612
89,2018-06-07T18:00:00,11.91623682337072,12.029000282287598
89,2018-06-07T19:00:00,11.43348726316236,11.678000450134276
89,2018-06-07T20:00:00,11.116792985839478,11.395999908447266
89,2018-06-07T21:00:00,10.939428361835695,10.833000183105469
89,2018-06-07T22:00:00,10.765738067341157,10.833000183105469
89,2018-06-07T23:00:00,10.660662027786085,10.340999603271484
89,2018-06-08T00:00:00,10.409669891389642,10.482000350952148
89,2018-06-08T01:00:00,10.318334768915935,10.41100025177002
89,2018-06-08T02:00:00,10.196904072656775,10.130000114440918
89,2018-06-08T03:00:00,9.966184864826339,10.0600004196167
89,2018-06-08T04:00:00,9.937610215675063,9.98900032043457
89,2018-06-08T05:00:00,9.89510430428017,9.708000183105469
89,2018-06-08T06:00:00,9.999052298294735,9.425999641418455
89,2018-06-08T07:00:00,10.291042278098816,9.777999877929688
89,2018-06-08T08:00:00,10.551346801104316,10.130000114440918
89,2018-06-08T09:00:00,10.658219264870507,10.199999809265137
89,2018-06-08T10:00:00,10.844803941382708,10.0600004196167
89,2018-06-08T11:00:00,10.953572343146604,10.340999603271484
89,2018-06-08T12:00:00,11.17689071400838,10.130000114440918
89,2018-06-08T13:00:00,11.493804138722012,9.918999671936035
89,2018-06-08T14:00:00,11.784440330301933,10.199999809265137
89,2018-06-08T15:00:00,12.129299012860605,10.340999603271484
89,2018-06-08T16:00:00,12.088155238161905,10.130000114440918
89,2018-06-08T17:00:00,11.80853652511817,9.918999671936035
89,2018-06-08T18:00:00,11.514411089653883,8.934000015258789
89,2018-06-08T19:00:00,11.025724930985966,9.003999710083008
89,2018-06-08T20:00:00,10.792527061810226,9.355999946594238
89,2018-06-08T21:00:00,10.485424510970478,8.86400032043457
89,2018-06-08T22:00:00,10.251430948925691,9.074999809265137
89,2018-06-08T23:00:00,9.974350004409219,8.722999572753906
89,2018-06-09T00:00:00,9.774867940429427,8.86400032043457
89,2018-06-09T01:00:00,9.724911268203146,8.86400032043457
89,2018-06-09T02:00:00,9.723904692930653,8.300999641418457
89,2018-06-09T03:00:00,9.660525263892016,8.020000457763674
89,2018-06-09T04:00:00,9.665997186398464,8.020000457763674
89,2018-06-09T05:00:00,9.6798005500506,8.159999847412111
89,2018-06-09T06:00:00,9.790178453736894,8.159999847412111
89,2018-06-09T07:00:00,9.973395106178586,8.159999847412111
89,2018-06-09T08:00:00,10.153571328592168,8.51200008392334
89,2018-06-09T09:00:00,10.33410895635987,8.442000389099121
89,2018-06-09T10:00:00,10.537797731910167,6.823999881744385
89,2018-06-09T11:00:00,10.614965497351292,3.025000095367432
89,2018-06-09T12:00:00,10.747702863217706,4.150000095367432
89,2018-06-09T13:00:00,11.066534766803521,3.938999891281128
89,2018-06-09T14:00:00,11.396278540754356,4.7839999198913565
89,2018-06-09T15:00:00,11.658522831235707,5.76800012588501
89,2018-06-09T16:00:00,11.664309407652912,6.683000087738037
89,2018-06-09T17:00:00,11.452405735626442,6.894000053405763
89,2018-06-09T18:00:00,11.005585828426579,7.0349998474121085
89,2018-06-09T19:00:00,10.585120210757259,6.401999950408936
89,2018-06-09T20:00:00,10.230693177437132,6.330999851226808
89,2018-06-09T21:00:00,10.055825748386557,6.050000190734862
89,2018-06-09T22:00:00,9.843140325439325,6.894000053405763
89,2018-06-09T23:00:00,9.65055969283144,7.245999813079834
89,2018-06-10T00:00:00,9.573595463138377,6.261000156402588
89,2018-06-10T01:00:00,9.5675542583243,6.823999881744385
89,2018-06-10T02:00:00,9.567167640584653,7.315999984741211
89,2018-06-10T03:00:00,9.624407937232316,7.668000221252441
89,2018-06-10T04:00:00,9.60219565861406,7.73799991607666
89,2018-06-10T05:00:00,9.697460907779966,7.456999778747559
89,2018-06-10T06:00:00,9.882267276265347,7.668000221252441
89,2018-06-10T07:00:00,10.074502950009009,8.020000457763674
89,2018-06-10T08:00:00,10.279399499007688,8.300999641418457
89,2018-06-10T09:00:00,10.488492824895161,8.159999847412111
89,2018-06-10T10:00:00,10.54487506558772,8.090000152587889
89,2018-06-10T11:00:00,10.727606671804548,8.090000152587889
89,2018-06-10T12:00:00,10.931974512069655,8.371000289916992
89,2018-06-10T13:00:00,11.200758578114632,8.934000015258789
89,2018-06-10T14:00:00,11.586545310854785,9.425999641418455
89,2018-06-10T15:00:00,11.84752806372789,9.56700038909912
89,2018-06-10T16:00:00,11.795289754096181,9.98900032043457
89,2018-06-10T17:00:00,11.680951001340624,9.28600025177002
89,2018-06-10T18:00:00,11.367489252387225,9.28600025177002
89,2018-06-10T19:00:00,10.934821341031416,9.145000457763672
89,2018-06-10T20:00:00,10.685243352311904,8.442000389099121
89,2018-06-10T21:00:00,10.548828067093275,8.722999572753906
89,2018-06-10T22:00:00,10.329628915815146,8.442000389099121
90,2018-06-07T23:00:00,10.74413472627267,10.340999603271484
90,2018-06-08T00:00:00,10.666596622612357,10.482000350952148
90,2018-06-08T01:00:00,10.822121977728122,10.41100025177002
90,2018-06-08T02:00:00,10.619955713021685,10.130000114440918
90,2018-06-08T03:00:00,10.589213800531777,10.0600004196167
90,2018-06-08T04:00:00,10.437640278135486,9.98900032043457
90,2018-06-08T05:00:00,10.42421084254551,9.708000183105469
90,2018-06-08T06:00:00,10.635932434397034,9.425999641418455
90,2018-06-08T07:00:00,10.909037920018195,9.777999877929688
90,2018-06-08T08:00:00,11.152331596418154,10.130000114440918
90,2018-06-08T09:00:00,11.295011157623465,10.199999809265137
90,2018-06-08T10:00:00,11.429396511868333,10.0600004196167
90,2018-06-08T11:00:00,11.555092776425798,10.340999603271484
90,2018-06-08T12:00:00,11.782635056710461,10.130000114440918
90,2018-06-08T13:00:00,11.942073674604927,9.918999671936035
90,2018-06-08T14:00:00,12.19774938729415,10.199999809265137
90,2018-06-08T15:00:00,12.30773507976454,10.340999603271484
90,2018-06-08T16:00:00,12.14893077877481,10.130000114440918
90,2018-06-08T17:00:00,11.90827905983303,9.918999671936035
90,2018-06-08T18:00:00,11.555363684343128,8.934000015258789
90,2018-06-08T19:00:00,11.162479498107835,9.003999710083008
90,2018-06-08T20:00:00,10.884978124540002,9.355999946594238
90,2018-06-08T21:00:00,10.66472823457235,8.86400032043457
90,2018-06-08T22:00:00,10.455021713414373,9.074999809265137
90,2018-06-08T23:00:00,10.337425052934364,8.722999572753906
90,2018-06-09T00:00:00,10.15399484657818,8.86400032043457
90,2018-06-09T01:00:00,10.080651599658093,8.86400032043457
90,2018-06-09T02:00:00,9.999090367327184,8.300999641418457
90,2018-06-09T03:00:00,9.812861001784523,8.020000457763674
90,2018-06-09T04:00:00,9.801194513032833,8.020000457763674
90,2018-06-09T05:00:00,9.713843114441747,8.159999847412111
90,2018-06-09T06:00:00,9.840702070698644,8.159999847412111
90,2018-06-09T07:00:00,10.091555038066367,8.159999847412111
90,2018-06-09T08:00:00,10.286950691957584,8.51200008392334
90,2018-06-09T09:00:00,10.42340613332667,8.442000389099121
90,2018-06-09T10:00:00,10.608571402624563,6.823999881744385
90,2018-06-09T11:00:00,10.770468645531459,3.025000095367432
90,2018-06-09T12:00:00,10.968797952493539,4.150000095367432
90,2018-06-09T13:00:00,11.18741463087823,3.938999891281128
90,2018-06-09T14:00:00,11.428546637415817,4.7839999198913565
90,2018-06-09T15:00:00,11.634259666978897,5.76800012588501
90,2018-06-09T16:00:00,11.593659377809262,6.683000087738037
90,2018-06-09T17:00:00,11.31772401062456,6.894000053405763
90,2018-06-09T18:00:00,11.062645631108982,7.0349998474121085
90,2018-06-09T19:00:00,10.656055841829009,6.401999950408936
90,2018-06-09T20:00:00,10.432640712176418,6.330999851226808
90,2018-06-09T21:00:00,10.23601958607612,6.050000190734862
90,2018-06-09T22:00:00,10.064048993334756,6.894000053405763
90,2018-06-09T23:00:00,9.778409028325093,7.245999813079834
90,2018-06-10T00:00:00,9.578381224728789,6.261000156402588
90,2018-06-10T01:00:00,9.535232147048813,6.823999881744385
90,2018-06-10T02:00:00,9.560496710525456,7.315999984741211
90,2018-06-10T03:00:00,9.504004270002117,7.668000221252441
90,2018-06-10T04:00:00,9.555676302776124,7.73799991607666
90,2018-06-10T05:00:00,9.604192613123308,7.456999778747559
90,2018-06-10T06:00:00,9.73326917400517,7.668000221252441
90,2018-06-10T07:00:00,9.940066670084768,8.020000457763674
90,2018-06-10T08:00:00,10.13637932014361,8.300999641418457
90,2018-06-10T09:00:00,10.311907196816371,8.159999847412111
90,2018-06-10T10:00:00,10.416467217315354,8.090000152587889
90,2018-06-10T11:00:00,10.539100928393838,8.090000152587889
90,2018-06-10T12:00:00,10.685325584761387,8.371000289916992
90,2018-06-10T13:00:00,10.979699387268525,8.934000015258789
90,2018-06-10T14:00:00,11.328804353155117,9.425999641418455
90,2018-06-10T15:00:00,11.518126577130227,9.56700038909912
90,2018-06-10T16:00:00,11.479764513311466,9.98900032043457
90,2018-06-10T17:00:00,11.253204848184573,9.28600025177002
90,2018-06-10T18:00:00,10.89255302715046,9.28600025177002
90,2018-06-10T19:00:00,10.52360942021279,9.145000457763672
90,2018-06-10T20:00:00,10.182758421651464,8.442000389099121
90,2018-06-10T21:00:00,10.10001788416179,8.722999572753906
90,2018-06-10T22:00:00,9.894250255591643,8.442000389099121
90,2018-06-10T23:00:00,9.761619750167196,8.230999946594237
90,2018-06-11T00:00:00,9.741195213349151,8.300999641418457
90,2018-06-11T01:00:00,9.781979168903415,7.879000186920166
90,2018-06-11T02:00:00,9.716716157605681,7.809000015258789
90,2018-06-11T03:00:00,9.707267523933117,7.809000015258789
90,2018-06-11T04:00:00,9.660880407892115,7.948999881744385
90,2018-06-11T05:00:00,9.646706706020787,7.948999881744385
90,2018-06-11T06:00:00,9.877864375602169,8.159999847412111
90,2018-06-11T07:00:00,10.108350160154686,8.51200008392334
90,2018-06-11T08:00:00,10.318932436028465,9.074999809265137
90,2018-06-11T09:00:00,10.532014494881775,9.074999809265137
90,2018-06-11T10:00:00,10.645228708455077,9.003999710083008
90,2018-06-11T11:00:00,10.801269581718609,9.074999809265137
90,2018-06-11T12:00:00,10.9169126162592,9.56700038909912
90,2018-06-11T13:00:00,11.162803084883667,10.199999809265137
90,2018-06-11T14:00:00,11.459493588378749,11.043999671936035
90,2018-06-11T15:00:00,11.620089805404703,12.029000282287598
90,2018-06-11T16:00:00,11.518209227003311,12.170000076293944
90,2018-06-11T17:00:00,11.362365795103255,12.310999870300291
90,2018-06-11T18:00:00,11.060333104357053,10.552000045776367
90,2018-06-11T19:00:00,10.684791533005715,10.904000282287598
90,2018-06-11T20:00:00,10.461725953876964,10.270999908447266
90,2018-06-11T21:00:00,10.31733078166977,10.270999908447266
90,2018-06-11T22:00:00,10.155052347530047,9.777999877929688
91,2018-06-08T23:00:00,8.948501115453055,8.722999572753906
91,2018-06-09T00:00:00,8.97841452557884,8.86400032043457
91,2018-06-09T01:00:00,9.087586242026438,8.86400032043457
91,2018-06-09T02:00:00,8.945903404896626,8.300999641418457
91,2018-06-09T03:00:00,8.98331307502636,8.020000457763674
91,2018-06-09T04:00:00,8.832802647058195,8.020000457763674
91,2018-06-09T05:00:00,8.764056152321793,8.159999847412111
91,2018-06-09T06:00:00,8.901213199280164,8.159999847412111
91,2018-06-09T07:00:00,9.149192539090913,8.159999847412111
91,2018-06-09T08:00:00,9.29861816660368,8.51200008392334
91,2018-06-09T09:00:00,9.477638125641297,8.442000389099121
91,2018-06-09T10:00:00,9.60405027167522,6.823999881744385
91,2018-06-09T11:00:00,9.730039567600892,3.025000095367432
91,2018-06-09T12:00:00,9.922786167832705,4.150000095367432
91,2018-06-09T13:00:00,10.04581643133255,3.938999891281128
91,2018-06-09T14:00:00,10.366114577060753,4.7839999198913565
91,2018-06-09T15:00:00,10.472075554650859,5.76800012588501
91,2018-06-09T16:00:00,10.467823093453635,6.683000087738037
91,2018-06-09T17:00:00,10.40206727185205,6.894000053405763
91,2018-06-09T18:00:00,10.11719828823423,7.0349998474121085
91,2018-06-09T19:00:00,9.886763596330528,6.401999950408936
91,2018-06-09T20:00:00,9.683798883759273,6.330999851226808
91,2018-06-09T21:00:00,9.500356321664487,6.050000190734862
91,2018-06-09T22:00:00,9.373676273163166,6.894000053405763
91,2018-06-09T23:00:00,9.28841249348756,7.245999813079834
91,2018-06-10T00:00:00,9.13740533143369,6.261000156402588
91,2018-06-10T01:00:00,9.057927293328085,6.823999881744385
91,2018-06-10T02:00:00,8.976354456621056,7.315999984741211
91,2018-06-10T03:00:00,8.809064935630868,7.668000221252441
91,2018-06-10T04:00:00,8.835108828971382,7.73799991607666
91,2018-06-10T05:00:00,8.766704371133994,7.456999778747559
91,2018-06-10T06:00:00,8.887004016402713,7.668000221252441
91,2018-06-10T07:00:00,9.183748951935423,8.020000457763674
91,2018-06-10T08:00:00,9.418181142700593,8.300999641418457
91,2018-06-10T09:00:00,9.544728116557778,8.159999847412111
91,2018-06-10T10:00:00,9.699851075321764,8.090000152587889
91,2018-06-10T11:00:00,9.928428315683814,8.090000152587889
91,2018-06-10T12:00:00,10.155313654704543,8.371000289916992
91,2018-06-10T13:00:00,10.391359187689247,8.934000015258789
91,2018-06-10T14:00:00,10.748664607195405,9.425999641418455
91,2018-06-10T15:00:00,11.021004704900978,9.56700038909912
91,2018-06-10T16:00:00,11.053974073212842,9.98900032043457
91,2018-06-10T17:00:00,10.885765719391184,9.28600025177002
91,2018-06-10T18:00:00,10.714470351067497,9.28600025177002
91,2018-06-10T19:00:00,10.449366041038578,9.145000457763672
91,2018-06-10T20:00:00,10.252160438411554,8.442000389099121
91,2018-06-10T21:00:00,10.092062291226828,8.722999572753906
91,2018-06-10T22:00:00,9.905756954588703,8.442000389099121
91,2018-06-10T23:00:00,9.640504041757676,8.230999946594237
91,2018-06-11T00:00:00,9.477536023828387,8.300999641418457
91,2018-06-11T01:00:00,9.448441849262771,7.879000186920166
91,2018-06-11T02:00:00,9.376574862651507,7.809000015258789
91,2018-06-11T03:00:00,9.29627091020811,7.809000015258789
91,2018-06-11T04:00:00,9.321317578564805,7.948999881744385
91,2018-06-11T05:00:00,9.283919846750072,7.948999881744385
91,2018-06-11T06:00:00,9.434224735336894,8.159999847412111
91,2018-06-11T07:00:00,9.6587473732888,8.51200008392334
91,2018-06-11T08:00:00,9.859612445144855,9.074999809265137
91,2018-06-11T09:00:00,9.995613228727262,9.074999809265137
91,2018-06-11T10:00:00,10.105732413265388,9.003999710083008
91,2018-06-11T11:00:00,10.178837478278496,9.074999809265137
91,2018-06-11T12:00:00,10.272102099607462,9.56700038909912
91,2018-06-11T13:00:00,10.453483090019496,10.199999809265137
91,2018-06-11T14:00:00,10.799682704155408,11.043999671936035
91,2018-06-11T15:00:00,11.04284889938749,12.029000282287598
91,2018-06-11T16:00:00,11.071149050778464,12.170000076293944
91,2018-06-11T17:00:00,10.886325901864303,12.310999870300291
91,2018-06-11T18:00:00,10.589742008357028,10.552000045776367
91,2018-06-11T19:00:00,10.302501891713636,10.904000282287598
91,2018-06-11T20:00:00,10.003393169810742,10.270999908447266
91,2018-06-11T21:00:00,9.841054376218251,10.270999908447266
91,2018-06-11T22:00:00,9.627212439440893,9.777999877929688
91,2018-06-11T23:00:00,9.48099538018289,9.848999977111816
91,2018-06-12T00:00:00,9.430079385035796,10.0600004196167
91,2018-06-12T01:00:00,9.37632774787946,9.777999877929688
91,2018-06-12T02:00:00,9.274969783827057,9.496999740600586
91,2018-06-12T03:00:00,9.248620336410294,9.848999977111816
91,2018-06-12T04:00:00,9.160188311599821,9.708000183105469
91,2018-06-12T05:00:00,9.165594782085563,9.496999740600586
91,2018-06-12T06:00:00,9.346289945520446,9.56700038909912
91,2018-06-12T07:00:00,9.554579647490442,10.340999603271484
91,2018-06-12T08:00:00,9.719118513916639,10.41100025177002
91,2018-06-12T09:00:00,9.899383480587886,10.621999740600586
91,2018-06-12T10:00:00,10.028467805548733,10.270999908447266
91,2018-06-12T11:00:00,10.141386984120542,10.340999603271484
91,2018-06-12T12:00:00,10.25774406347374,10.833000183105469
91,2018-06-12T13:00:00,10.45041043488936,11.536999702453612
91,2018-06-12T14:00:00,10.717240958479639,12.100000381469728
91,2018-06-12T15:00:00,10.886537953053832,13.57699966430664
91,2018-06-12T16:00:00,10.822273585980161,14.279999732971191
91,2018-06-12T17:00:00,10.786101994252274,13.506999969482422
91,2018-06-12T18:00:00,10.567982801315766,13.928999900817873
91,2018-06-12T19:00:00,10.33329806927173,12.029000282287598
91,2018-06-12T20:00:00,10.147942454811584,11.678000450134276
91,2018-06-12T21:00:00,9.983743872105276,11.043999671936035
91,2018-06-12T22:00:00,9.827759267543216,10.904000282287598
92,2018-06-09T23:00:00,6.927177416353048,7.245999813079834
92,2018-06-10T00:00:00,6.995790168567552,6.261000156402588
92,2018-06-10T01:00:00,7.214006704687913,6.823999881744385
92,2018-06-10T02:00:00,7.033116187007559,7.315999984741211
92,2018-06-10T03:00:00,7.0084297552188985,7.668000221252441
92,2018-06-10T04:00:00,6.914801641417807,7.73799991607666
92,2018-06-10T05:00:00,6.814346147191703,7.456999778747559
92,2018-06-10T06:00:00,6.882547319735194,7.668000221252441
92,2018-06-10T07:00:00,7.158163775288402,8.020000457763674
92,2018-06-10T08:00:00,7.227370103864141,8.300999641418457
92,2018-06-10T09:00:00,7.328933440328447,8.159999847412111
92,2018-06-10T10:00:00,7.184303676057249,8.090000152587889
92,2018-06-10T11:00:00,6.955328464033592,8.090000152587889
92,2018-06-10T12:00:00,7.162934927052765,8.371000289916992
92,2018-06-10T13:00:00,7.313938749717824,8.934000015258789
92,2018-06-10T14:00:00,7.708085976286327,9.425999641418455
92,2018-06-10T15:00:00,8.170780336079188,9.56700038909912
92,2018-06-10T16:00:00,8.367386518414557,9.98900032043457
92,2018-06-10T17:00:00,8.376342759206873,9.28600025177002
92,2018-06-10T18:00:00,8.180842415476416,9.28600025177002
92,2018-06-10T19:00:00,8.061070811063507,9.145000457763672
92,2018-06-10T20:00:00,7.880769945962536,8.442000389099121
92,2018-06-10T21:00:00,7.847907855516237,8.722999572753906
92,2018-06-10T22:00:00,7.920576295442249,8.442000389099121
92,2018-06-10T23:00:00,7.960055384818441,8.230999946594237
92,2018-06-11T00:00:00,7.845415836615691,8.300999641418457
92,2018-06-11T01:00:00,7.827019978500603,7.879000186920166
92,2018-06-11T02:00:00,7.685209493233474,7.809000015258789
92,2018-06-11T03:00:00,7.36496377590961,7.809000015258789
92,2018-06-11T04:00:00,7.360929794225376,7.948999881744385
92,2018-06-11T05:00:00,7.259648636115639,7.948999881744385
92,2018-06-11T06:00:00,7.362836585236716,8.159999847412111
92,2018-06-11T07:00:00,7.797776950678717,8.51200008392334
92,2018-06-11T08:00:00,8.052003786047372,9.074999809265137
92,2018-06-11T09:00:00,8.031380555595046,9.074999809265137
92,2018-06-11T10:00:00,7.89952061413884,9.003999710083008
92,2018-06-11T11:00:00,7.8045066539809955,9.074999809265137
92,2018-06-11T12:00:00,8.002218507951836,9.56700038909912
92,2018-06-11T13:00:00,8.216659030173647,10.199999809265137
92,2018-06-11T14:00:00,8.628285452628493,11.043999671936035
92,2018-06-11T15:00:00,9.109327249398678,12.029000282287598
92,2018-06-11T16:00:00,9.254145021259962,12.170000076293944
92,2018-06-11T17:00:00,9.088789674269364,12.310999870300291
92,2018-06-11T18:00:00,9.03678245034341,10.552000045776367
92,2018-06-11T19:00:00,8.708080148278146,10.904000282287598
92,2018-06-11T20:00:00,8.574121734892824,10.270999908447266
92,2018-06-11T21:00:00,8.475135655228478,10.270999908447266
92,2018-06-11T22:00:00,8.435795567911562,9.777999877929688
92,2018-06-11T23:00:00,8.228108959560913,9.848999977111816
92,2018-06-12T00:00:00,8.187489468905612,10.0600004196167
92,2018-06-12T01:00:00,8.14558097416909,9.777999877929688
92,2018-06-12T02:00:00,8.056051125286853,9.496999740600586
92,2018-06-12T03:00:00,7.976085870353657,9.848999977111816
92,2018-06-12T04:00:00,7.950162028040912,9.708000183105469
92,2018-06-12T05:00:00,7.908071119190565,9.496999740600586
92,2018-06-12T06:00:00,7.954074205518248,9.56700038909912
92,2018-06-12T07:00:00,8.202982563296345,10.340999603271484
92,2018-06-12T08:00:00,8.365409182814577,10.41100025177002
92,2018-06-12T09:00:00,8.371024782524636,10.621999740600586
92,2018-06-12T10:00:00,8.247838903506176,10.270999908447266
92,2018-06-12T11:00:00,8.12180452583155,10.340999603271484
92,2018-06-12T12:00:00,8.163607829820512,10.833000183105469
92,2018-06-12T13:00:00,8.374387964481368,11.536999702453612
92,2018-06-12T14:00:00,8.691551843355864,12.100000381469728
92,2018-06-12T15:00:00,9.095039924823041,13.57699966430664
92,2018-06-12T16:00:00,9.22967681853013,14.279999732971191
92,2018-06-12T17:00:00,9.222316471650807,13.506999969482422
92,2018-06-12T18:00:00,9.004590324777409,13.928999900817873
92,2018-06-12T19:00:00,8.757415443731338,12.029000282287598
92,2018-06-12T20:00:00,8.567865056015686,11.678000450134276
92,2018-06-12T21:00:00,8.439820366276564,11.043999671936035
92,2018-06-12T22:00:00,8.25023933966857,10.904000282287598
92,2018-06-12T23:00:00,8.151967555270991,11.1850004196167
92,2018-06-13T00:00:00,8.208057182018948,11.1850004196167
92,2018-06-13T01:00:00,8.191667879155942,10.762999534606934
92,2018-06-13T02:00:00,8.16481752341746,10.904000282287598
92,2018-06-13T03:00:00,8.19701257094867,10.833000183105469
92,2018-06-13T04:00:00,8.06819230815809,10.833000183105469
92,2018-06-13T05:00:00,8.074768900483363,10.621999740600586
92,2018-06-13T06:00:00,8.259433261459538,10.973999977111816
92,2018-06-13T07:00:00,8.426873555854565,11.467000007629396
92,2018-06-13T08:00:00,8.5327029615255,11.817999839782717
92,2018-06-13T09:00:00,8.683524286592013,11.1850004196167
92,2018-06-13T10:00:00,8.614821036940718,11.1850004196167
92,2018-06-13T11:00:00,8.374976698728828,11.536999702453612
92,2018-06-13T12:00:00,8.483708283731076,11.326000213623049
92,2018-06-13T13:00:00,8.766252551827804,12.310999870300291
92,2018-06-13T14:00:00,9.056805843080479,13.29599952697754
92,2018-06-13T15:00:00,9.357440164761886,14.140000343322756
92,2018-06-13T16:00:00,9.476962734254181,14.35099983215332
92,2018-06-13T17:00:00,9.600449993112871,13.647000312805176
92,2018-06-13T18:00:00,9.454800296013936,12.592000007629396
92,2018-06-13T19:00:00,9.285051899557153,11.678000450134276
92,2018-06-13T20:00:00,9.125906980908656,10.904000282287598
92,2018-06-13T21:00:00,9.047864212114213,10.692999839782717
92,2018-06-13T22:00:00,9.043043887849603,10.552000045776367
93,2018-06-10T23:00:00,8.636034086941867,8.230999946594237
93,2018-06-11T00:00:00,8.673562555828571,8.300999641418457
93,2018-06-11T01:00:00,8.883993306935029,7.879000186920166
93,2018-06-11T02:00:00,8.820797878219905,7.809000015258789
93,2018-06-11T03:00:00,8.79635522181448,7.809000015258789
93,2018-06-11T04:00:00,8.751783147077223,7.948999881744385
93,2018-06-11T05:00:00,8.741866414578013,7.948999881744385
93,2018-06-11T06:00:00,8.843508226679388,8.159999847412111
93,2018-06-11T07:00:00,9.176979593391007,8.51200008392334
93,2018-06-11T08:00:00,9.290886145749642,9.074999809265137
93,2018-06-11T09:00:00,9.23345617181749,9.074999809265137
93,2018-06-11T10:00:00,9.205199098542185,9.003999710083008
93,2018-06-11T11:00:00,9.069847826083606,9.074999809265137
93,2018-06-11T12:00:00,9.27567648198428,9.56700038909912
93,2018-06-11T13:00:00,9.404030482612065,10.199999809265137
93,2018-06-11T14:00:00,9.602916966597332,11.043999671936035
93,2018-06-11T15:00:00,9.851987785641107,12.029000282287598
93,2018-06-11T16:00:00,9.907510968561919,12.170000076293944
93,2018-06-11T17:00:00,9.713956653661336,12.310999870300291
93,2018-06-11T18:00:00,9.623751079453102,10.552000045776367
93,2018-06-11T19:00:00,9.469217021906019,10.904000282287598
93,2018-06-11T20:00:00,9.348685456084342,10.270999908447266
93,2018-06-11T21:00:00,9.265000038530468,10.270999908447266
93,2018-06-11T22:00:00,9.29634663084941,9.777999877929688
93,2018-06-11T23:00:00,9.259875412460413,9.848999977111816
93,2018-06-12T00:00:00,9.14312027796089,10.0600004196167
93,2018-06-12T01:00:00,9.153896903079048,9.777999877929688
93,2018-06-12T02:00:00,9.057134772878406,9.496999740600586
93,2018-06-12T03:00:00,8.83745224506982,9.848999977111816
93,2018-06-12T04:00:00,8.853620730847666,9.708000183105469
93,2018-06-12T05:00:00,8.688874070952679,9.496999740600586
93,2018-06-12T06:00:00,8.628906578947426,9.56700038909912
93,2018-06-12T07:00:00,8.857207234431169,10.340999603271484
93,2018-06-12T08:00:00,8.974129672310145,10.41100025177002
93,2018-06-12T09:00:00,8.855331332766333,10.621999740600586
93,2018-06-12T10:00:00,8.7963610657449,10.270999908447266
93,2018-06-12T11:00:00,8.6828554904978,10.340999603271484
93,2018-06-12T12:00:00,8.754320665150324,10.833000183105469
93,2018-06-12T13:00:00,8.93666431787198,11.536999702453612
93,2018-06-12T14:00:00,9.09580990439824,12.100000381469728
93,2018-06-12T15:00:00,9.438494227417056,13.57699966430664
93,2018-06-12T16:00:00,9.591666816145711,14.279999732971191
93,2018-06-12T17:00:00,9.459838348429054,13.506999969482422
93,2018-06-12T18:00:00,9.411090451467796,13.928999900817873
93,2018-06-12T19:00:00,9.222510072717151,12.029000282287598
93,2018-06-12T20:00:00,9.134099336510353,11.678000450134276
93,2018-06-12T21:00:00,8.976683887327304,11.043999671936035
93,2018-06-12T22:00:00,8.863823398513857,10.904000282287598
93,2018-06-12T23:00:00,8.631551625340256,11.1850004196167
93,2018-06-13T00:00:00,8.546111442450684,11.1850004196167
93,2018-06-13T01:00:00,8.572050979890843,10.762999534606934
93,2018-06-13T02:00:00,8.60710871848067,10.904000282287598
93,2018-06-13T03:00:00,8.60625466979214,10.833000183105469
93,2018-06-13T04:00:00,8.543737137005742,10.833000183105469
93,2018-06-13T05:00:00,8.56767888508945,10.621999740600586
93,2018-06-13T06:00:00,8.652499360900334,10.973999977111816
93,2018-06-13T07:00:00,8.721845108958952,11.467000007629396
93,2018-06-13T08:00:00,8.766322762477564,11.817999839782717
93,2018-06-13T09:00:00,8.77107103942857,11.1850004196167
93,2018-06-13T10:00:00,8.762007938194287,11.1850004196167
93,2018-06-13T11:00:00,8.503599353186491,11.536999702453612
93,2018-06-13T12:00:00,8.580954625309378,11.326000213623049
93,2018-06-13T13:00:00,8.867817307532356,12.310999870300291
93,2018-06-13T14:00:00,9.04248353840704,13.29599952697754
93,2018-06-13T15:00:00,9.293338592892773,14.140000343322756
93,2018-06-13T16:00:00,9.390715504573603,14.35099983215332
93,2018-06-13T17:00:00,9.32068059014902,13.647000312805176
93,2018-06-13T18:00:00,9.113301622992626,12.592000007629396
93,2018-06-13T19:00:00,9.039986593907997,11.678000450134276
93,2018-06-13T20:00:00,8.831269032746533,10.904000282287598
93,2018-06-13T21:00:00,8.757738028690525,10.692999839782717
93,2018-06-13T22:00:00,8.82417066091947,10.552000045776367
93,2018-06-13T23:00:00,8.82914768600406,10.552000045776367
93,2018-06-14T00:00:00,8.861579746656163,10.904000282287598
93,2018-06-14T01:00:00,8.95213604017432,10.904000282287598
93,2018-06-14T02:00:00,8.98880085962966,10.692999839782717
93,2018-06-14T03:00:00,9.101692237789614,10.973999977111816
93,2018-06-14T04:00:00,8.939918886207622,11.114999771118164
93,2018-06-14T05:00:00,8.927074428052693,10.833000183105469
93,2018-06-14T06:00:00,9.146444222099088,10.973999977111816
93,2018-06-14T07:00:00,9.323107073544143,10.904000282287598
93,2018-06-14T08:00:00,9.42870355684548,11.114999771118164
93,2018-06-14T09:00:00,9.486434910617866,11.114999771118164
93,2018-06-14T10:00:00,9.366811825522344,11.1850004196167
93,2018-06-14T11:00:00,9.16911867212885,11.255999565124512
93,2018-06-14T12:00:00,9.300339955474865,11.1850004196167
93,2018-06-14T13:00:00,9.513236427794979,11.817999839782717
93,2018-06-14T14:00:00,9.694194401129323,13.29599952697754
93,2018-06-14T15:00:00,9.946219744424027,13.57699966430664
93,2018-06-14T16:00:00,10.135022693438955,13.225000381469728
93,2018-06-14T17:00:00,10.112486410621269,13.085000038146973
93,2018-06-14T18:00:00,9.84765860198594,11.467000007629396
93,2018-06-14T19:00:00,9.757889235441201,11.326000213623049
93,2018-06-14T20:00:00,9.71833709693476,11.326000213623049
93,2018-06-14T21:00:00,9.648560567719464,11.1850004196167
93,2018-06-14T22:00:00,9.65655756907569,11.326000213623049
94,2018-06-11T23:00:00,9.805429609408238,9.848999977111816
94,2018-06-12T00:00:00,9.874124594072224,10.0600004196167
94,2018-06-12T01:00:00,10.053762006101078,9.777999877929688
94,2018-06-12T02:00:00,9.888069380840527,9.496999740600586
94,2018-06-12T03:00:00,9.948997865460996,9.848999977111816
94,2018-06-12T04:00:00,9.796788523435005,9.708000183105469
94,2018-06-12T05:00:00,9.64114378516923,9.496999740600586
94,2018-06-12T06:00:00,9.665979654607202,9.56700038909912
94,2018-06-12T07:00:00,9.876527284322062,10.340999603271484
94,2018-06-12T08:00:00,9.953536595764081,10.41100025177002
94,2018-06-12T09:00:00,9.85176438052962,10.621999740600586
94,2018-06-12T10:00:00,9.807624589674006,10.270999908447266
94,2018-06-12T11:00:00,9.687873522502287,10.340999603271484
94,2018-06-12T12:00:00,9.816954758528482,10.833000183105469
94,2018-06-12T13:00:00,9.964266052015278,11.536999702453612
94,2018-06-12T14:00:00,10.195023996755928,12.100000381469728
94,2018-06-12T15:00:00,10.447801537380414,13.57699966430664
94,2018-06-12T16:00:00,10.61732728008819,14.279999732971191
94,2018-06-12T17:00:00,10.53908648553723,13.506999969482422
94,2018-06-12T18:00:00,10.282925559653702,13.928999900817873
94,2018-06-12T19:00:00,10.08720181081176,12.029000282287598
94,2018-06-12T20:00:00,9.900747370463204,11.678000450134276
94,2018-06-12T21:00:00,9.748986842293471,11.043999671936035
94,2018-06-12T22:00:00,9.677262280615015,10.904000282287598
94,2018-06-12T23:00:00,9.64023680716804,11.1850004196167
94,2018-06-13T00:00:00,9.511332558748851,11.1850004196167
94,2018-06-13T01:00:00,9.392792604414325,10.762999534606934
94,2018-06-13T02:00:00,9.296435375107073,10.904000282287598
94,2018-06-13T03:00:00,9.099981635870947,10.833000183105469
94,2018-06-13T04:00:00,9.040790969187956,10.833000183105469
94,2018-06-13T05:00:00,8.917888938218471,10.621999740600586
94,2018-06-13T06:00:00,8.971832590231468,10.973999977111816
94,2018-06-13T07:00:00,9.104034819040848,11.467000007629396
94,2018-06-13T08:00:00,9.170731596924782,11.817999839782717
94,2018-06-13T09:00:00,9.132793885939236,11.1850004196167
94,2018-06-13T10:00:00,9.081216357868595,11.1850004196167
94,2018-06-13T11:00:00,8.832552526836217,11.536999702453612
94,2018-06-13T12:00:00,8.955123540889765,11.326000213623049
94,2018-06-13T13:00:00,9.249191789320655,12.310999870300291
94,2018-06-13T14:00:00,9.51194157978334,13.29599952697754
94,2018-06-13T15:00:00,9.870867521194974,14.140000343322756
94,2018-06-13T16:00:00,10.034457834229276,14.35099983215332
94,2018-06-13T17:00:00,9.863783341770358,13.647000312805176
94,2018-06-13T18:00:00,9.792261981901081,12.592000007629396
94,2018-06-13T19:00:00,9.66122019070368,11.678000450134276
94,2018-06-13T20:00:00,9.554216155018317,10.904000282287598
94,2018-06-13T21:00:00,9.430892275757225,10.692999839782717
94,2018-06-13T22:00:00,9.431528679779968,10.552000045776367
94,2018-06-13T23:00:00,9.322673787845858,10.552000045776367
94,2018-06-14T00:00:00,9.126010501961812,10.904000282287598
94,2018-06-14T01:00:00,9.116455926179206,10.904000282287598
94,2018-06-14T02:00:00,9.12096777440236,10.692999839782717
94,2018-06-14T03:00:00,9.127655568375054,10.973999977111816
94,2018-06-14T04:00:00,8.985117513770629,11.114999771118164
94,2018-06-14T05:00:00,8.942307384055013,10.833000183105469
94,2018-06-14T06:00:00,9.070448081222464,10.973999977111816
94,2018-06-14T07:00:00,9.22921631681303,10.904000282287598
94,2018-06-14T08:00:00,9.333531309657971,11.114999771118164
94,2018-06-14T09:00:00,9.293310542026758,11.114999771118164
94,2018-06-14T10:00:00,9.202192813764675,11.1850004196167
94,2018-06-14T11:00:00,8.981303096900747,11.255999565124512
94,2018-06-14T12:00:00,9.108048764392214,11.1850004196167
94,2018-06-14T13:00:00,9.367923341088236,11.817999839782717
94,2018-06-14T14:00:00,9.62002098215071,13.29599952697754
94,2018-06-14T15:00:00,10.031056917178972,13.57699966430664
94,2018-06-14T16:00:00,10.303008143057452,13.225000381469728
94,2018-06-14T17:00:00,10.154733853322156,13.085000038146973
94,2018-06-14T18:00:00,9.836806089257042,11.467000007629396
94,2018-06-14T19:00:00,9.721070386676933,11.326000213623049
94,2018-06-14T20:00:00,9.541359174155344,11.326000213623049
94,2018-06-14T21:00:00,9.48255237021623,11.1850004196167
94,2018-06-14T22:00:00,9.445926955548867,11.326000213623049
94,2018-06-14T23:00:00,9.352412714906244,10.621999740600586
94,2018-06-15T00:00:00,9.44039141768556,10.199999809265137
94,2018-06-15T01:00:00,9.468118362987049,10.199999809265137
94,2018-06-15T02:00:00,9.41700233845015,9.848999977111816
94,2018-06-15T03:00:00,9.406506973354638,10.130000114440918
94,2018-06-15T04:00:00,9.228238376799595,10.973999977111816
94,2018-06-15T05:00:00,9.16959144609983,10.199999809265137
94,2018-06-15T06:00:00,9.337190945856442,10.833000183105469
94,2018-06-15T07:00:00,9.345510198232972,11.114999771118164
94,2018-06-15T08:00:00,9.36590635024612,11.536999702453612
94,2018-06-15T09:00:00,9.481639297830458,10.552000045776367
94,2018-06-15T10:00:00,9.386595533627471,10.482000350952148
94,2018-06-15T11:00:00,9.18396442599848,10.340999603271484
94,2018-06-15T12:00:00,9.294839982102403,10.904000282287598
94,2018-06-15T13:00:00,9.575644178174201,11.114999771118164
94,2018-06-15T14:00:00,9.741272019291813,11.255999565124512
94,2018-06-15T15:00:00,10.010835832624267,11.817999839782717
94,2018-06-15T16:00:00,10.025487734973392,12.380999565124512
94,2018-06-15T17:00:00,10.051648172983429,11.958999633789062
94,2018-06-15T18:00:00,9.829692022302563,11.748000144958494
94,2018-06-15T19:00:00,9.744293331318975,10.482000350952148
94,2018-06-15T20:00:00,9.685214116737566,9.848999977111816
94,2018-06-15T21:00:00,9.601362230651441,9.425999641418455
94,2018-06-15T22:00:00,9.623577765173788,9.496999740600586
95,2018-06-12T23:00:00,10.867411102727917,11.1850004196167
95,2018-06-13T00:00:00,10.954712827910434,11.1850004196167
95,2018-06-13T01:00:00,10.9963482441269,10.762999534606934
95,2018-06-13T02:00:00,10.803718272049327,10.904000282287598
95,2018-06-13T03:00:00,10.844435773766245,10.833000183105469
95,2018-06-13T04:00:00,10.629025159094708,10.833000183105469
95,2018-06-13T05:00:00,10.544380001196423,10.621999740600586
95,2018-06-13T06:00:00,10.64731716221776,10.973999977111816
95,2018-06-13T07:00:00,10.798002741129086,11.467000007629396
95,2018-06-13T08:00:00,10.778128034678847,11.817999839782717
95,2018-06-13T09:00:00,10.78931999628043,11.1850004196167
95,2018-06-13T10:00:00,10.714392459823468,11.1850004196167
95,2018-06-13T11:00:00,10.419817960048764,11.536999702453612
95,2018-06-13T12:00:00,10.647330853711885,11.326000213623049
95,2018-06-13T13:00:00,10.938463528923347,12.310999870300291
95,2018-06-13T14:00:00,11.250047122124464,13.29599952697754
95,2018-06-13T15:00:00,11.633417306151209,14.140000343322756
95,2018-06-13T16:00:00,11.76136882694249,14.35099983215332
95,2018-06-13T17:00:00,11.619419757039685,13.647000312805176
95,2018-06-13T18:00:00,11.345254766833373,12.592000007629396
95,2018-06-13T19:00:00,11.096924457258538,11.678000450134276
95,2018-06-13T20:00:00,10.681604670778226,10.904000282287598
95,2018-06-13T21:00:00,10.504198805322623,10.692999839782717
95,2018-06-13T22:00:00,10.515016755377323,10.552000045776367
95,2018-06-13T23:00:00,10.554017477306274,10.552000045776367
95,2018-06-14T00:00:00,10.321832027333448,10.904000282287598
95,2018-06-14T01:00:00,10.209037741903188,10.904000282287598
95,2018-06-14T02:00:00,9.98110608888311,10.692999839782717
95,2018-06-14T03:00:00,9.810995368740286,10.973999977111816
95,2018-06-14T04:00:00,9.583365679953483,11.114999771118164
95,2018-06-14T05:00:00,9.42976214309871,10.833000183105469
95,2018-06-14T06:00:00,9.57786270113109,10.973999977111816
95,2018-06-14T07:00:00,9.85263312252892,10.904000282287598
95,2018-06-14T08:00:00,10.027602068999364,11.114999771118164
95,2018-06-14T09:00:00,9.893807285665803,11.114999771118164
95,2018-06-14T10:00:00,9.811245572446984,11.1850004196167
95,2018-06-14T11:00:00,9.630407065747368,11.255999565124512
95,2018-06-14T12:00:00,9.835463237531236,11.1850004196167
95,2018-06-14T13:00:00,10.138161969375883,11.817999839782717
95,2018-06-14T14:00:00,10.428023172297383,13.29599952697754
95,2018-06-14T15:00:00,11.07861542325255,13.57699966430664
95,2018-06-14T16:00:00,11.325541519832168,13.225000381469728
95,2018-06-14T17:00:00,11.109714650345282,13.085000038146973
95,2018-06-14T18:00:00,10.967341645032864,11.467000007629396
95,2018-06-14T19:00:00,10.640226804923843,11.326000213623049
95,2018-06-14T20:00:00,10.429181439306635,11.326000213623049
95,2018-06-14T21:00:00,10.238009945292465,11.1850004196167
95,2018-06-14T22:00:00,10.164841765830818,11.326000213623049
95,2018-06-14T23:00:00,9.897204445903693,10.621999740600586
95,2018-06-15T00:00:00,9.834730659110724,10.199999809265137
95,2018-06-15T01:00:00,9.719091214413105,10.199999809265137
95,2018-06-15T02:00:00,9.637400330311593,9.848999977111816
95,2018-06-15T03:00:00,9.505837928398487,10.130000114440918
95,2018-06-15T04:00:00,9.425850466529695,10.973999977111816
95,2018-06-15T05:00:00,9.268931918401792,10.199999809265137
95,2018-06-15T06:00:00,9.417841025950146,10.833000183105469
95,2018-06-15T07:00:00,9.508667726477311,11.114999771118164
95,2018-06-15T08:00:00,9.463096423122948,11.536999702453612
95,2018-06-15T09:00:00,9.511107650912399,10.552000045776367
95,2018-06-15T10:00:00,9.447785659361319,10.482000350952148
95,2018-06-15T11:00:00,9.180299780716794,10.340999603271484
95,2018-06-15T12:00:00,9.35759911966931,10.904000282287598
95,2018-06-15T13:00:00,9.680157029806223,11.114999771118164
95,2018-06-15T14:00:00,10.061713925708348,11.255999565124512
95,2018-06-15T15:00:00,10.491630681591843,11.817999839782717
95,2018-06-15T16:00:00,10.653551300220418,12.380999565124512
95,2018-06-15T17:00:00,10.556657514615887,11.958999633789062
95,2018-06-15T18:00:00,10.253445769165081,11.748000144958494
95,2018-06-15T19:00:00,10.044684378525467,10.482000350952148
95,2018-06-15T20:00:00,9.749988658936907,9.848999977111816
95,2018-06-15T21:00:00,9.660740988409238,9.425999641418455
95,2018-06-15T22:00:00,9.564647236879209,9.496999740600586
95,2018-06-15T23:00:00,9.379602018609088,9.425999641418455
95,2018-06-16T00:00:00,9.350098184521027,9.21500015258789
95,2018-06-16T01:00:00,9.370963019753862,9.28600025177002
95,2018-06-16T02:00:00,9.23927046516183,9.003999710083008
95,2018-06-16T03:00:00,9.257225941377406,8.86400032043457
95,2018-06-16T04:00:00,9.083203711635008,8.51200008392334
95,2018-06-16T05:00:00,9.051959054159536,8.51200008392334
95,2018-06-16T06:00:00,9.233781428287726,8.581999778747559
95,2018-06-16T07:00:00,9.357266266089528,8.793000221252441
95,2018-06-16T08:00:00,9.396511013855877,9.425999641418455
95,2018-06-16T09:00:00,9.450685083696865,8.722999572753906
95,2018-06-16T10:00:00,9.305904629505548,9.145000457763672
95,2018-06-16T11:00:00,9.12313779273676,9.003999710083008
95,2018-06-16T12:00:00,9.265550202837154,9.21500015258789
95,2018-06-16T13:00:00,9.555557754473318,9.425999641418455
95,2018-06-16T14:00:00,9.95617145702104,10.130000114440918
95,2018-06-16T15:00:00,10.349356689157682,10.762999534606934
95,2018-06-16T16:00:00,10.422713043178852,10.552000045776367
95,2018-06-16T17:00:00,10.42462200479292,9.918999671936035
95,2018-06-16T18:00:00,10.342294132275622,9.355999946594238
95,2018-06-16T19:00:00,10.078164589840764,9.21500015258789
95,2018-06-16T20:00:00,9.745841972880285,9.21500015258789
95,2018-06-16T21:00:00,9.615425064814229,8.442000389099121
95,2018-06-16T22:00:00,9.616211323909885,8.51200008392334
96,2018-06-13T23:00:00,10.494366559360344,10.552000045776367
96,2018-06-14T00:00:00,10.401690087885797,10.904000282287598
96,2018-06-14T01:00:00,10.448556740160123,10.904000282287598
96,2018-06-14T02:00:00,10.25480122708365,10.692999839782717
96,2018-06-14T03:00:00,10.323402959315075,10.973999977111816
96,2018-06-14T04:00:00,10.052931333134229,11.114999771118164
96,2018-06-14T05:00:00,10.027163774217861,10.833000183105469
96,2018-06-14T06:00:00,10.222464589466835,10.973999977111816
96,2018-06-14T07:00:00,10.489098339571397,10.904000282287598
96,2018-06-14T08:00:00,10.651258809801355,11.114999771118164
96,2018-06-14T09:00:00,10.65502731007508,11.114999771118164
96,2018-06-14T10:00:00,10.763125413019797,11.1850004196167
96,2018-06-14T11:00:00,10.888816251070445,11.255999565124512
96,2018-06-14T12:00:00,11.136810117222524,11.1850004196167
96,2018-06-14T13:00:00,11.46902921312985,11.817999839782717
96,2018-06-14T14:00:00,11.873828672583285,13.29599952697754
96,2018-06-14T15:00:00,12.204973737564126,13.57699966430664
96,2018-06-14T16:00:00,12.211438543848937,13.225000381469728
96,2018-06-14T17:00:00,11.885056115190988,13.085000038146973
96,2018-06-14T18:00:00,11.469874078499148,11.467000007629396
96,2018-06-14T19:00:00,11.04675640172049,11.326000213623049
96,2018-06-14T20:00:00,10.632730210981013,11.326000213623049
96,2018-06-14T21:00:00,10.410089819532683,11.1850004196167
96,2018-06-14T22:00:00,10.234670055572693,11.326000213623049
96,2018-06-14T23:00:00,10.11119198003323,10.621999740600586
96,2018-06-15T00:00:00,9.909886442792946,10.199999809265137
96,2018-06-15T01:00:00,9.725581483537603,10.199999809265137
96,2018-06-15T02:00:00,9.593610924827018,9.848999977111816
96,2018-06-15T03:00:00,9.348418304979425,10.130000114440918
96,2018-06-15T04:00:00,9.31793936935842,10.973999977111816
96,2018-06-15T05:00:00,9.18461727651112,10.199999809265137
96,2018-06-15T06:00:00,9.371208214377342,10.833000183105469
96,2018-06-15T07:00:00,9.60047253398735,11.114999771118164
96,2018-06-15T08:00:00,9.727426662825371,11.536999702453612
96,2018-06-15T09:00:00,9.758786278760677,10.552000045776367
96,2018-06-15T10:00:00,9.905161708533061,10.482000350952148
96,2018-06-15T11:00:00,10.102956212376988,10.340999603271484
96,2018-06-15T12:00:00,10.410041398394917,10.904000282287598
96,2018-06-15T13:00:00,10.794729806154983,11.114999771118164
96,2018-06-15T14:00:00,11.183723520940212,11.255999565124512
96,2018-06-15T15:00:00,11.6006395352724,11.817999839782717
96,2018-06-15T16:00:00,11.672802057793476,12.380999565124512
96,2018-06-15T17:00:00,11.401112306058932,11.958999633789062
96,2018-06-15T18:00:00,11.038699708789261,11.748000144958494
96,2018-06-15T19:00:00,10.647224828117123,10.482000350952148
96,2018-06-15T20:00:00,10.343191008625658,9.848999977111816
96,2018-06-15T21:00:00,10.074224361497413,9.425999641418455
96,2018-06-15T22:00:00,9.865229297125717,9.496999740600586
96,2018-06-15T23:00:00,9.587223174939032,9.425999641418455
96,2018-06-16T00:00:00,9.358581901796523,9.21500015258789
96,2018-06-16T01:00:00,9.24468820608481,9.28600025177002
96,2018-06-16T02:00:00,9.244550122357456,9.003999710083008
96,2018-06-16T03:00:00,9.20189393846605,8.86400032043457
96,2018-06-16T04:00:00,9.101025612298127,8.51200008392334
96,2018-06-16T05:00:00,9.048833052293137,8.51200008392334
96,2018-06-16T06:00:00,9.242983114157681,8.581999778747559
96,2018-06-16T07:00:00,9.433195869644084,8.793000221252441
96,2018-06-16T08:00:00,9.508825095175052,9.425999641418455
96,2018-06-16T09:00:00,9.605714790028287,8.722999572753906
96,2018-06-16T10:00:00,9.705968334716022,9.145000457763672
96,2018-06-16T11:00:00,9.730239096082375,9.003999710083008
96,2018-06-16T12:00:00,9.908724836394882,9.21500015258789
96,2018-06-16T13:00:00,10.392108045630216,9.425999641418455
96,2018-06-16T14:00:00,10.877916068566265,10.130000114440918
96,2018-06-16T15:00:00,11.239210805431302,10.762999534606934
96,2018-06-16T16:00:00,11.33175570498668,10.552000045776367
96,2018-06-16T17:00:00,11.099135132651721,9.918999671936035
96,2018-06-16T18:00:00,10.657924730777337,9.355999946594238
96,2018-06-16T19:00:00,10.275620145720328,9.21500015258789
96,2018-06-16T20:00:00,9.767077981179513,9.21500015258789
96,2018-06-16T21:00:00,9.610320642046483,8.442000389099121
96,2018-06-16T22:00:00,9.410729713991438,8.51200008392334
96,2018-06-16T23:00:00,9.269814184925778,8.300999641418457
96,2018-06-17T00:00:00,9.239327234771626,8.159999847412111
96,2018-06-17T01:00:00,9.18010609616573,8.51200008392334
96,2018-06-17T02:00:00,9.0855107283954,8.020000457763674
96,2018-06-17T03:00:00,9.076000649968705,8.020000457763674
96,2018-06-17T04:00:00,8.944617072326455,8.020000457763674
96,2018-06-17T05:00:00,8.92183058580207,7.948999881744385
96,2018-06-17T06:00:00,9.176550064505133,7.668000221252441
96,2018-06-17T07:00:00,9.371933112203589,7.948999881744385
96,2018-06-17T08:00:00,9.503553452512573,8.230999946594237
96,2018-06-17T09:00:00,9.654716730993378,8.371000289916992
96,2018-06-17T10:00:00,9.694809433063673,8.442000389099121
96,2018-06-17T11:00:00,9.823233560856496,8.652999877929688
96,2018-06-17T12:00:00,10.044342425111175,9.28600025177002
96,2018-06-17T13:00:00,10.43553387515794,10.270999908447266
96,2018-06-17T14:00:00,10.853859195053282,11.326000213623049
96,2018-06-17T15:00:00,11.16876431133571,12.451000213623049
96,2018-06-17T16:00:00,11.249284071781048,12.380999565124512
96,2018-06-17T17:00:00,11.153778386620717,11.536999702453612
96,2018-06-17T18:00:00,10.74754040195203,11.326000213623049
96,2018-06-17T19:00:00,10.342343638714752,10.833000183105469
96,2018-06-17T20:00:00,10.072137410459696,10.270999908447266
96,2018-06-17T21:00:00,9.844407373039111,10.199999809265137
96,2018-06-17T22:00:00,9.70211351124152,9.637999534606934
97,2018-06-14T23:00:00,11.225635855973866,10.621999740600586
97,2018-06-15T00:00:00,11.237661329022789,10.199999809265137
97,2018-06-15T01:00:00,11.173478610005557,10.199999809265137
97,2018-06-15T02:00:00,10.958519313731887,9.848999977111816
97,2018-06-15T03:00:00,10.996978219826179,10.130000114440918
97,2018-06-15T04:00:00,10.75265826575974,10.973999977111816
97,2018-06-15T05:00:00,10.640879655436482,10.199999809265137
97,2018-06-15T06:00:00,10.86323903731633,10.833000183105469
97,2018-06-15T07:00:00,11.041190642388443,11.114999771118164
97,2018-06-15T08:00:00,11.141072847040345,11.536999702453612
97,2018-06-15T09:00:00,11.19770804643537,10.552000045776367
97,2018-06-15T10:00:00,11.2970623772009,10.482000350952148
97,2018-06-15T11:00:00,11.400811343642301,10.340999603271484
97,2018-06-15T12:00:00,11.703464659799112,10.904000282287598
97,2018-06-15T13:00:00,12.076970790185147,11.114999771118164
97,2018-06-15T14:00:00,12.621221206256262,11.255999565124512
97,2018-06-15T15:00:00,12.900010415119231,11.817999839782717
97,2018-06-15T16:00:00,12.879895356159288,12.380999565124512
97,2018-06-15T17:00:00,12.678022373275217,11.958999633789062
97,2018-06-15T18:00:00,12.112182975507505,11.748000144958494
97,2018-06-15T19:00:00,11.757372079443503,10.482000350952148
97,2018-06-15T20:00:00,11.438785620935331,9.848999977111816
97,2018-06-15T21:00:00,11.213909926101334,9.425999641418455
97,2018-06-15T22:00:00,11.08885315450126,9.496999740600586
97,2018-06-15T23:00:00,11.014284602341531,9.425999641418455
97,2018-06-16T00:00:00,10.888160311623157,9.21500015258789
97,2018-06-16T01:00:00,10.660593236376569,9.28600025177002
97,2018-06-16T02:00:00,10.499740721259336,9.003999710083008
97,2018-06-16T03:00:00,10.327179474121948,8.86400032043457
97,2018-06-16T04:00:00,10.207999191982825,8.51200008392334
97,2018-06-16T05:00:00,10.087567473886612,8.51200008392334
97,2018-06-16T06:00:00,10.240856774254228,8.581999778747559
97,2018-06-16T07:00:00,10.460860217327596,8.793000221252441
97,2018-06-16T08:00:00,10.570745310710041,9.425999641418455
97,2018-06-16T09:00:00,10.65539714738595,8.722999572753906
97,2018-06-16T10:00:00,10.750156813085802,9.145000457763672
97,2018-06-16T11:00:00,10.87537521110435,9.003999710083008
97,2018-06-16T12:00:00,11.177040569081292,9.21500015258789
97,2018-06-16T13:00:00,11.625642791574545,9.425999641418455
97,2018-06-16T14:00:00,12.13272689547556,10.130000114440918
97,2018-06-16T15:00:00,12.50404138498464,10.762999534606934
97,2018-06-16T16:00:00,12.548528722730806,10.552000045776367
97,2018-06-16T17:00:00,12.246184967916818,9.918999671936035
97,2018-06-16T18:00:00,11.81679149426008,9.355999946594238
97,2018-06-16T19:00:00,11.374516161293723,9.21500015258789
97,2018-06-16T20:00:00,11.040418325241074,9.21500015258789
97,2018-06-16T21:00:00,10.766127106137692,8.442000389099121
97,2018-06-16T22:00:00,10.590820046550085,8.51200008392334
97,2018-06-16T23:00:00,10.395164421239897,8.300999641418457
97,2018-06-17T00:00:00,10.246075738058206,8.159999847412111
97,2018-06-17T01:00:00,10.142953741866155,8.51200008392334
97,2018-06-17T02:00:00,10.021186268245362,8.020000457763674
97,2018-06-17T03:00:00,9.936085283774313,8.020000457763674
97,2018-06-17T04:00:00,9.860430261464778,8.020000457763674
97,2018-06-17T05:00:00,9.80741312287752,7.948999881744385
97,2018-06-17T06:00:00,9.929292966931818,7.668000221252441
97,2018-06-17T07:00:00,10.066447509348581,7.948999881744385
97,2018-06-17T08:00:00,10.192665970831442,8.230999946594237
97,2018-06-17T09:00:00,10.310654508588476,8.371000289916992
97,2018-06-17T10:00:00,10.354253568910796,8.442000389099121
97,2018-06-17T11:00:00,10.426795946909175,8.652999877929688
97,2018-06-17T12:00:00,10.659886120795743,9.28600025177002
97,2018-06-17T13:00:00,11.089747693279126,10.270999908447266
97,2018-06-17T14:00:00,11.581501998902288,11.326000213623049
97,2018-06-17T15:00:00,11.953325494750953,12.451000213623049
97,2018-06-17T16:00:00,12.052430039233386,12.380999565124512
97,2018-06-17T17:00:00,11.792925717271833,11.536999702453612
97,2018-06-17T18:00:00,11.302505580963567,11.326000213623049
97,2018-06-17T19:00:00,10.868224744811828,10.833000183105469
97,2018-06-17T20:00:00,10.461779384097948,10.270999908447266
97,2018-06-17T21:00:00,10.25244812675766,10.199999809265137
97,2018-06-17T22:00:00,10.074909520596803,9.637999534606934
97,2018-06-17T23:00:00,9.978900172118983,9.56700038909912
97,2018-06-18T00:00:00,10.048466236354436,9.28600025177002
97,2018-06-18T01:00:00,9.976978938251035,9.21500015258789
97,2018-06-18T02:00:00,9.77427018983218,9.21500015258789
97,2018-06-18T03:00:00,9.707240307914304,8.86400032043457
97,2018-06-18T04:00:00,9.61597347594179,9.074999809265137
97,2018-06-18T05:00:00,9.599891814273038,9.003999710083008
97,2018-06-18T06:00:00,9.85047253796791,9.21500015258789
97,2018-06-18T07:00:00,10.03839580848518,9.28600025177002
97,2018-06-18T08:00:00,10.18354735225817,9.145000457763672
97,2018-06-18T09:00:00,10.33006721059665,9.777999877929688
97,2018-06-18T10:00:00,10.399321960310155,9.98900032043457
97,2018-06-18T11:00:00,10.4767651418435,10.0600004196167
97,2018-06-18T12:00:00,10.716661574520852,10.833000183105469
97,2018-06-18T13:00:00,11.16838261919456,11.1850004196167
97,2018-06-18T14:00:00,11.630588509889026,11.958999633789062
97,2018-06-18T15:00:00,12.014122657906414,13.085000038146973
97,2018-06-18T16:00:00,12.002027809054937,11.958999633789062
97,2018-06-18T17:00:00,11.900967134091474,12.029000282287598
97,2018-06-18T18:00:00,11.485578389232204,12.029000282287598
97,2018-06-18T19:00:00,11.10174453106899,11.817999839782717
97,2018-06-18T20:00:00,10.831851287030288,10.621999740600586
97,2018-06-18T21:00:00,10.625422793414355,10.199999809265137
97,2018-06-18T22:00:00,10.526275087331532,10.130000114440918
98,2018-06-15T23:00:00,9.482427977983004,9.425999641418455
98,2018-06-16T00:00:00,9.536191803908503,9.21500015258789
98,2018-06-16T01:00:00,9.615694803945473,9.28600025177002
98,2018-06-16T02:00:00,9.448394262972208,9.003999710083008
98,2018-06-16T03:00:00,9.596121310366028,8.86400032043457
98,2018-06-16T04:00:00,9.529006607972342,8.51200008392334
98,2018-06-16T05:00:00,9.510739817234818,8.51200008392334
98,2018-06-16T06:00:00,9.710969570369492,8.581999778747559
98,2018-06-16T07:00:00,9.97421317295267,8.793000221252441
98,2018-06-16T08:00:00,10.037817259373597,9.425999641418455
98,2018-06-16T09:00:00,10.098652908985109,8.722999572753906
98,2018-06-16T10:00:00,10.19620897887567,9.145000457763672
98,2018-06-16T11:00:00,10.331469753897458,9.003999710083008
98,2018-06-16T12:00:00,10.658553203751651,9.21500015258789
98,2018-06-16T13:00:00,11.022481549602842,9.425999641418455
98,2018-06-16T14:00:00,11.468086253214217,10.130000114440918
98,2018-06-16T15:00:00,11.75326822104839,10.762999534606934
98,2018-06-16T16:00:00,11.772115147107185,10.552000045776367
98,2018-06-16T17:00:00,11.53004544019134,9.918999671936035
98,2018-06-16T18:00:00,11.144483197864039,9.355999946594238
98,2018-06-16T19:00:00,10.711092559284713,9.21500015258789
98,2018-06-16T20:00:00,10.35474445906608,9.21500015258789
98,2018-06-16T21:00:00,10.11472004431253,8.442000389099121
98,2018-06-16T22:00:00,10.039342525213229,8.51200008392334
98,2018-06-16T23:00:00,9.97321594796885,8.300999641418457
98,2018-06-17T00:00:00,9.843854704190814,8.159999847412111
98,2018-06-17T01:00:00,9.822042651321611,8.51200008392334
98,2018-06-17T02:00:00,9.651345617988216,8.020000457763674
98,2018-06-17T03:00:00,9.561387909914512,8.020000457763674
98,2018-06-17T04:00:00,9.53096866586851,8.020000457763674
98,2018-06-17T05:00:00,9.389518333684695,7.948999881744385
98,2018-06-17T06:00:00,9.591057962080663,7.668000221252441
98,2018-06-17T07:00:00,9.875031488588693,7.948999881744385
98,2018-06-17T08:00:00,10.040800585853027,8.230999946594237
98,2018-06-17T09:00:00,10.052369480966703,8.371000289916992
98,2018-06-17T10:00:00,10.172242185375879,8.442000389099121
98,2018-06-17T11:00:00,10.337792051764742,8.652999877929688
98,2018-06-17T12:00:00,10.63310797934031,9.28600025177002
98,2018-06-17T13:00:00,11.008215263176718,10.270999908447266
98,2018-06-17T14:00:00,11.434553029101536,11.326000213623049
98,2018-06-17T15:00:00,11.855392324378858,12.451000213623049
98,2018-06-17T16:00:00,11.989106461472623,12.380999565124512
98,2018-06-17T17:00:00,11.684277867444031,11.536999702453612
98,2018-06-17T18:00:00,11.362741726798703,11.326000213623049
98,2018-06-17T19:00:00,10.803218532513693,10.833000183105469
98,2018-06-17T20:00:00,10.499304096172237,10.270999908447266
98,2018-06-17T21:00:00,10.266396753823095,10.199999809265137
98,2018-06-17T22:00:00,10.11152458315885,9.637999534606934
98,2018-06-17T23:00:00,9.890059740056872,9.56700038909912
98,2018-06-18T00:00:00,9.862017639936303,9.28600025177002
98,2018-06-18T01:00:00,9.82585372880268,9.21500015258789
98,2018-06-18T02:00:00,9.641355418935156,9.21500015258789
98,2018-06-18T03:00:00,9.631446200060772,8.86400032043457
98,2018-06-18T04:00:00,9.69656094249528,9.074999809265137
98,2018-06-18T05:00:00,9.649185033427205,9.003999710083008
98,2018-06-18T06:00:00,9.872124300174164,9.21500015258789
98,2018-06-18T07:00:00,10.095721426516976,9.28600025177002
98,2018-06-18T08:00:00,10.192757052661273,9.145000457763672
98,2018-06-18T09:00:00,10.23739332714843,9.777999877929688
98,2018-06-18T10:00:00,10.340598307152446,9.98900032043457
98,2018-06-18T11:00:00,10.397176736937677,10.0600004196167
98,2018-06-18T12:00:00,10.5871500582463,10.833000183105469
98,2018-06-18T13:00:00,10.984490575365754,11.1850004196167
98,2018-06-18T14:00:00,11.431306642268483,11.958999633789062
98,2018-06-18T15:00:00,11.841766282272609,13.085000038146973
98,2018-06-18T16:00:00,11.927643925096481,11.958999633789062
98,2018-06-18T17:00:00,11.702755123161399,12.029000282287598
98,2018-06-18T18:00:00,11.284213243901634,12.029000282287598
98,2018-06-18T19:00:00,10.799116427297704,11.817999839782717
98,2018-06-18T20:00:00,10.40281997009015,10.621999740600586
98,2018-06-18T21:00:00,10.197741424401247,10.199999809265137
98,2018-06-18T22:00:00,9.99808245629917,10.130000114440918
98,2018-06-18T23:00:00,9.952214531733627,10.270999908447266
98,2018-06-19T00:00:00,9.942433461904884,9.777999877929688
98,2018-06-19T01:00:00,9.895473724167438,9.21500015258789
98,2018-06-19T02:00:00,9.800270671118145,9.21500015258789
98,2018-06-19T03:00:00,9.865170440397915,9.074999809265137
98,2018-06-19T04:00:00,9.884590238607315,9.003999710083008
98,2018-06-19T05:00:00,9.83981780054137,9.145000457763672
98,2018-06-19T06:00:00,10.066463705384319,9.637999534606934
98,2018-06-19T07:00:00,10.311494364874555,9.496999740600586
98,2018-06-19T08:00:00,10.41169272616218,9.074999809265137
98,2018-06-19T09:00:00,10.468005257113301,9.355999946594238
98,2018-06-19T10:00:00,10.506295941496216,9.777999877929688
98,2018-06-19T11:00:00,10.621771171749032,9.848999977111816
98,2018-06-19T12:00:00,10.843155953004256,10.130000114440918
98,2018-06-19T13:00:00,11.246761163533996,9.777999877929688
98,2018-06-19T14:00:00,11.651273602519087,5.557000160217285
98,2018-06-19T15:00:00,11.951537085072982,5.627999782562256
98,2018-06-19T16:00:00,12.016346690854842,4.64300012588501
98,2018-06-19T17:00:00,11.877918505545392,5.276000022888184
98,2018-06-19T18:00:00,11.56153404001949,6.683000087738037
98,2018-06-19T19:00:00,11.107105418897454,6.752999782562256
98,2018-06-19T20:00:00,10.77687492902735,7.105000019073486
98,2018-06-19T21:00:00,10.613517872301527,4.572999954223633
98,2018-06-19T22:00:00,10.478361453180096,5.135000228881836
99,2018-06-16T23:00:00,8.484583704507997,8.300999641418457
99,2018-06-17T00:00:00,8.524271422200185,8.159999847412111
99,2018-06-17T01:00:00,8.71674502739666,8.51200008392334
99,2018-06-17T02:00:00,8.578695278324268,8.020000457763674
99,2018-06-17T03:00:00,8.658841695100485,8.020000457763674
99,2018-06-17T04:00:00,8.54827035731729,8.020000457763674
99,2018-06-17T05:00:00,8.52545648780465,7.948999881744385
99,2018-06-17T06:00:00,8.719382309710506,7.668000221252441
99,2018-06-17T07:00:00,9.019877712817356,7.948999881744385
99,2018-06-17T08:00:00,9.13639934055424,8.230999946594237
99,2018-06-17T09:00:00,9.146397971564049,8.371000289916992
99,2018-06-17T10:00:00,9.329121062339407,8.442000389099121
99,2018-06-17T11:00:00,9.48143250617831,8.652999877929688
99,2018-06-17T12:00:00,9.799967872037668,9.28600025177002
99,2018-06-17T13:00:00,10.10369755669313,10.270999908447266
99,2018-06-17T14:00:00,10.51978289805847,11.326000213623049
99,2018-06-17T15:00:00,10.815355541148916,12.451000213623049
99,2018-06-17T16:00:00,10.811117856747183,12.380999565124512
99,2018-06-17T17:00:00,10.575124919136261,11.536999702453612
99,2018-06-17T18:00:00,10.18251798565704,11.326000213623049
99,2018-06-17T19:00:00,9.826921832314024,10.833000183105469
99,2018-06-17T20:00:00,9.597295940380455,10.270999908447266
99,2018-06-17T21:00:00,9.41921217899613,10.199999809265137
99,2018-06-17T22:00:00,9.397849273922066,9.637999534606934
99,2018-06-17T23:00:00,9.3678832684225,9.56700038909912
99,2018-06-18T00:00:00,9.28581444899225,9.28600025177002
99,2018-06-18T01:00:00,9.227730789700257,9.21500015258789
99,2018-06-18T02:00:00,9.100929604869798,9.21500015258789
99,2018-06-18T03:00:00,8.94239379074051,8.86400032043457
99,2018-06-18T04:00:00,9.000716383301963,9.074999809265137
99,2018-06-18T05:00:00,8.94018637125142,9.003999710083008
99,2018-06-18T06:00:00,9.13241077455784,9.21500015258789
99,2018-06-18T07:00:00,9.453756486556196,9.28600025177002
99,2018-06-18T08:00:00,9.564623360249207,9.145000457763672
99,2018-06-18T09:00:00,9.562332873463433,9.777999877929688
99,2018-06-18T10:00:00,9.746908907605544,9.98900032043457
99,2018-06-18T11:00:00,9.87500786241285,10.0600004196167
99,2018-06-18T12:00:00,10.110128802120386,10.833000183105469
99,2018-06-18T13:00:00,10.489374423541385,11.1850004196167
99,2018-06-18T14:00:00,10.94407453697379,11.958999633789062
99,2018-06-18T15:00:00,11.329290818620226,13.085000038146973
99,2018-06-18T16:00:00,11.348403810482573,11.958999633789062
99,2018-06-18T17:00:00,11.088519549558995,12.029000282287598
99,2018-06-18T18:00:00,10.812395172967564,12.029000282287598
99,2018-06-18T19:00:00,10.40537936115997,11.817999839782717
99,2018-06-18T20:00:00,10.188570627877796,10.621999740600586
99,2018-06-18T21:00:00,9.962391068682368,10.199999809265137
99,2018-06-18T22:00:00,9.838012026041577,10.130000114440918
99,2018-06-18T23:00:00,9.672389611430784,10.270999908447266
99,2018-06-19T00:00:00,9.551114280236078,9.777999877929688
99,2018-06-19T01:00:00,9.488834678902496,9.21500015258789
99,2018-06-19T02:00:00,9.459588729115397,9.21500015258789
99,2018-06-19T03:00:00,9.44650583859933,9.074999809265137
99,2018-06-19T04:00:00,9.483701620875692,9.003999710083008
99,2018-06-19T05:00:00,9.46114071006552,9.145000457763672
99,2018-06-19T06:00:00,9.601460158228338,9.637999534606934
99,2018-06-19T07:00:00,9.858453677227281,9.496999740600586
99,2018-06-19T08:00:00,9.983119740336416,9.074999809265137
99,2018-06-19T09:00:00,9.98799691769554,9.355999946594238
99,2018-06-19T10:00:00,10.113580477880621,9.777999877929688
99,2018-06-19T11:00:00,10.186068173387214,9.848999977111816
99,2018-06-19T12:00:00,10.349318787094672,10.130000114440918
99,2018-06-19T13:00:00,10.78331327065583,9.777999877929688
99,2018-06-19T14:00:00,11.136150587932264,5.557000160217285
99,2018-06-19T15:00:00,11.437465310084004,5.627999782562256
99,2018-06-19T16:00:00,11.417312098606889,4.64300012588501
99,2018-06-19T17:00:00,11.18805604398419,5.276000022888184
99,2018-06-19T18:00:00,10.76772166429516,6.683000087738037
99,2018-06-19T19:00:00,10.406554659052158,6.752999782562256
99,2018-06-19T20:00:00,10.06742060724824,7.105000019073486
99,2018-06-19T21:00:00,9.902240244231365,4.572999954223633
99,2018-06-19T22:00:00,9.804122656112156,5.135000228881836
99,2018-06-19T23:00:00,9.71359015573928,5.908999919891357
99,2018-06-20T00:00:00,9.642175656311968,6.541999816894531
99,2018-06-20T01:00:00,9.61533197935111,7.315999984741211
99,2018-06-20T02:00:00,9.557684945146214,6.964000225067139
99,2018-06-20T03:00:00,9.584103183972491,7.105000019073486
99,2018-06-20T04:00:00,9.586661406256226,7.105000019073486
99,2018-06-20T05:00:00,9.60675058495288,7.105000019073486
99,2018-06-20T06:00:00,9.876241182185641,7.315999984741211
99,2018-06-20T07:00:00,10.023292587738185,7.456999778747559
99,2018-06-20T08:00:00,10.117298887322175,7.105000019073486
99,2018-06-20T09:00:00,10.174068914540463,7.456999778747559
99,2018-06-20T10:00:00,10.302483859014055,8.090000152587889
99,2018-06-20T11:00:00,10.391513968360659,8.090000152587889
99,2018-06-20T12:00:00,10.530538234572953,8.51200008392334
99,2018-06-20T13:00:00,10.901810230359407,8.371000289916992
99,2018-06-20T14:00:00,11.25393634130372,8.934000015258789
99,2018-06-20T15:00:00,11.550695135299998,8.722999572753906
99,2018-06-20T16:00:00,11.59955506875588,8.86400032043457
99,2018-06-20T17:00:00,11.441495952379427,9.28600025177002
99,2018-06-20T18:00:00,11.039994890739784,9.145000457763672
99,2018-06-20T19:00:00,10.722205794795066,9.28600025177002
99,2018-06-20T20:00:00,10.543614780250278,9.21500015258789
99,2018-06-20T21:00:00,10.305492648333173,8.652999877929688
99,2018-06-20T22:00:00,10.201501576202942,8.722999572753906
100,2018-06-17T23:00:00,9.583528976066363,9.56700038909912
100,2018-06-18T00:00:00,9.629658792199443,9.28600025177002
100,2018-06-18T01:00:00,9.746521538503416,9.21500015258789
100,2018-06-18T02:00:00,9.521480961346853,9.21500015258789
100,2018-06-18T03:00:00,9.553841642563112,8.86400032043457
100,2018-06-18T04:00:00,9.457731194089028,9.074999809265137
100,2018-06-18T05:00:00,9.407642532519972,9.003999710083008
100,2018-06-18T06:00:00,9.511229037695696,9.21500015258789
100,2018-06-18T07:00:00,9.808974788055195,9.28600025177002
100,2018-06-18T08:00:00,9.871827929417147,9.145000457763672
100,2018-06-18T09:00:00,9.914124628103,9.777999877929688
100,2018-06-18T10:00:00,10.178974894128089,9.98900032043457
100,2018-06-18T11:00:00,10.29052467283304,10.0600004196167
100,2018-06-18T12:00:00,10.646718075864985,10.833000183105469
100,2018-06-18T13:00:00,11.023086646855477,11.1850004196167
100,2018-06-18T14:00:00,11.426120070535976,11.958999633789062
100,2018-06-18T15:00:00,11.746144469866358,13.085000038146973
100,2018-06-18T16:00:00,11.719718550445814,11.958999633789062
100,2018-06-18T17:00:00,11.457123958078142,12.029000282287598
100,2018-06-18T18:00:00,11.176987973707512,12.029000282287598
100,2018-06-18T19:00:00,10.870044711714069,11.817999839782717
100,2018-06-18T20:00:00,10.576719477293729,10.621999740600586
100,2018-06-18T21:00:00,10.366797148133813,10.199999809265137
100,2018-06-18T22:00:00,10.234720146404863,10.130000114440918
100,2018-06-18T23:00:00,10.103384238537895,10.270999908447266
100,2018-06-19T00:00:00,9.920709067991982,9.777999877929688
100,2018-06-19T01:00:00,9.80607753432238,9.21500015258789
100,2018-06-19T02:00:00,9.655139664586347,9.21500015258789
100,2018-06-19T03:00:00,9.480085062792888,9.074999809265137
100,2018-06-19T04:00:00,9.512037169788066,9.003999710083008
100,2018-06-19T05:00:00,9.339352365264654,9.145000457763672
100,2018-06-19T06:00:00,9.397928584406337,9.637999534606934
100,2018-06-19T07:00:00,9.665507965937586,9.496999740600586
100,2018-06-19T08:00:00,9.804979209342292,9.074999809265137
100,2018-06-19T09:00:00,9.761742472706015,9.355999946594238
100,2018-06-19T10:00:00,9.923402285068418,9.777999877929688
100,2018-06-19T11:00:00,10.044345764499987,9.848999977111816
100,2018-06-19T12:00:00,10.332507468970618,10.130000114440918
100,2018-06-19T13:00:00,10.821198219298154,9.777999877929688
100,2018-06-19T14:00:00,11.16747238528928,5.557000160217285
100,2018-06-19T15:00:00,11.51666425876969,5.627999782562256
100,2018-06-19T16:00:00,11.484491919082398,4.64300012588501
100,2018-06-19T17:00:00,11.166932573087909,5.276000022888184
100,2018-06-19T18:00:00,10.973111941929613,6.683000087738037
100,2018-06-19T19:00:00,10.614491053685903,6.752999782562256
100,2018-06-19T20:00:00,10.401249205077963,7.105000019073486
100,2018-06-19T21:00:00,10.214770637645248,4.572999954223633
100,2018-06-19T22:00:00,10.047069453499326,5.135000228881836
100,2018-06-19T23:00:00,9.772203108157889,5.908999919891357
100,2018-06-20T00:00:00,9.571241527965185,6.541999816894531
100,2018-06-20T01:00:00,9.504056531437017,7.315999984741211
100,2018-06-20T02:00:00,9.386679853194961,6.964000225067139
100,2018-06-20T03:00:00,9.330060014988467,7.105000019073486
100,2018-06-20T04:00:00,9.335383919085846,7.105000019073486
100,2018-06-20T05:00:00,9.314661759239979,7.105000019073486
100,2018-06-20T06:00:00,9.459503574700706,7.315999984741211
100,2018-06-20T07:00:00,9.567767394815188,7.456999778747559
100,2018-06-20T08:00:00,9.668485865910197,7.105000019073486
100,2018-06-20T09:00:00,9.702476669774768,7.456999778747559
100,2018-06-20T10:00:00,9.891358344880924,8.090000152587889
100,2018-06-20T11:00:00,10.00749869790026,8.090000152587889
100,2018-06-20T12:00:00,10.211069759994956,8.51200008392334
100,2018-06-20T13:00:00,10.647860564262103,8.371000289916992
100,2018-06-20T14:00:00,11.043687085979165,8.934000015258789
100,2018-06-20T15:00:00,11.409320106333881,8.722999572753906
100,2018-06-20T16:00:00,11.45100319232563,8.86400032043457
100,2018-06-20T17:00:00,11.17251736693618,9.28600025177002
100,2018-06-20T18:00:00,10.807071352354907,9.145000457763672
100,2018-06-20T19:00:00,10.49825828308121,9.28600025177002
100,2018-06-20T20:00:00,10.199073840537016,9.21500015258789
100,2018-06-20T21:00:00,9.973544376858456,8.652999877929688
100,2018-06-20T22:00:00,9.84304323270963,8.722999572753906
100,2018-06-20T23:00:00,9.70888078266793,9.003999710083008
100,2018-06-21T00:00:00,9.67780025615254,9.003999710083008
100,2018-06-21T01:00:00,9.734177487761883,8.934000015258789
100,2018-06-21T02:00:00,9.587704380866763,8.581999778747559
100,2018-06-21T03:00:00,9.615417133765803,8.371000289916992
100,2018-06-21T04:00:00,9.529225504908933,8.51200008392334
100,2018-06-21T05:00:00,9.539022770773412,8.51200008392334
100,2018-06-21T06:00:00,9.748365966428702,8.86400032043457
100,2018-06-21T07:00:00,9.857000709155418,8.300999641418457
100,2018-06-21T08:00:00,10.01754933989081,8.86400032043457
100,2018-06-21T09:00:00,10.161536605754684,8.51200008392334
100,2018-06-21T10:00:00,10.267578062615147,8.371000289916992
100,2018-06-21T11:00:00,10.352545471533737,8.51200008392334
100,2018-06-21T12:00:00,10.635865062227765,8.442000389099121
100,2018-06-21T13:00:00,11.061037715396267,8.86400032043457
100,2018-06-21T14:00:00,11.407885838839363,9.56700038909912
100,2018-06-21T15:00:00,11.701722584140898,9.918999671936035
100,2018-06-21T16:00:00,11.707609342222446,10.0600004196167
100,2018-06-21T17:00:00,11.564745613724183,9.848999977111816
100,2018-06-21T18:00:00,11.282747252213408,9.637999534606934
100,2018-06-21T19:00:00,11.018899303740078,9.003999710083008
100,2018-06-21T20:00:00,10.80494666622362,8.652999877929688
100,2018-06-21T21:00:00,10.608068824608438,8.371000289916992
100,2018-06-21T22:00:00,10.470882557997967,8.159999847412111
101,2018-06-18T23:00:00,9.969011657455233,10.270999908447266
101,2018-06-19T00:00:00,9.926591150929195,9.777999877929688
101,2018-06-19T01:00:00,10.099229204009244,9.21500015258789
101,2018-06-19T02:00:00,9.797931679709883,9.21500015258789
101,2018-06-19T03:00:00,9.775739854848098,9.074999809265137
101,2018-06-19T04:00:00,9.710716611667024,9.003999710083008
101,2018-06-19T05:00:00,9.577447197678225,9.145000457763672
101,2018-06-19T06:00:00,9.710953708272639,9.637999534606934
101,2018-06-19T07:00:00,9.959468519079305,9.496999740600586
101,2018-06-19T08:00:00,10.059406157585475,9.074999809265137
101,2018-06-19T09:00:00,10.160468836182222,9.355999946594238
101,2018-06-19T10:00:00,10.337871863157336,9.777999877929688
101,2018-06-19T11:00:00,10.507512313870787,9.848999977111816
101,2018-06-19T12:00:00,10.898935434016348,10.130000114440918
101,2018-06-19T13:00:00,11.256937116089693,9.777999877929688
101,2018-06-19T14:00:00,11.539919929422085,5.557000160217285
101,2018-06-19T15:00:00,11.776800643548533,5.627999782562256
101,2018-06-19T16:00:00,11.678773385896674,4.64300012588501
101,2018-06-19T17:00:00,11.438914604828174,5.276000022888184
101,2018-06-19T18:00:00,11.25607889316515,6.683000087738037
101,2018-06-19T19:00:00,10.957826891461833,6.752999782562256
101,2018-06-19T20:00:00,10.56431281301198,7.105000019073486
101,2018-06-19T21:00:00,10.350145285825507,4.572999954223633
101,2018-06-19T22:00:00,10.21707514986403,5.135000228881836
101,2018-06-19T23:00:00,10.046919598426413,5.908999919891357
101,2018-06-20T00:00:00,9.780158617608132,6.541999816894531
101,2018-06-20T01:00:00,9.70218898142866,7.315999984741211
101,2018-06-20T02:00:00,9.487998245489946,6.964000225067139
101,2018-06-20T03:00:00,9.212130000020352,7.105000019073486
101,2018-06-20T04:00:00,9.221683573986317,7.105000019073486
101,2018-06-20T05:00:00,9.068985428923048,7.105000019073486
101,2018-06-20T06:00:00,9.176170626451434,7.315999984741211
101,2018-06-20T07:00:00,9.385285658366179,7.456999778747559
101,2018-06-20T08:00:00,9.522569602099388,7.105000019073486
101,2018-06-20T09:00:00,9.57695856161039,7.456999778747559
101,2018-06-20T10:00:00,9.788422519615114,8.090000152587889
101,2018-06-20T11:00:00,10.009780251820967,8.090000152587889
101,2018-06-20T12:00:00,10.360573362236469,8.51200008392334
101,2018-06-20T13:00:00,10.740313129716842,8.371000289916992
101,2018-06-20T14:00:00,11.083223779812354,8.934000015258789
101,2018-06-20T15:00:00,11.479665166494325,8.722999572753906
101,2018-06-20T16:00:00,11.503672032659855,8.86400032043457
101,2018-06-20T17:00:00,11.23324749186125,9.28600025177002
101,2018-06-20T18:00:00,11.11292973040823,9.145000457763672
101,2018-06-20T19:00:00,10.725168667518027,9.28600025177002
101,2018-06-20T20:00:00,10.473187821579234,9.21500015258789
101,2018-06-20T21:00:00,10.194504721795747,8.652999877929688
101,2018-06-20T22:00:00,9.979769498511326,8.722999572753906
101,2018-06-20T23:00:00,9.703784875341654,9.003999710083008
101,2018-06-21T00:00:00,9.549432897969513,9.003999710083008
101,2018-06-21T01:00:00,9.530677638133593,8.934000015258789
101,2018-06-21T02:00:00,9.364625360698048,8.581999778747559
101,2018-06-21T03:00:00,9.276660766836457,8.371000289916992
101,2018-06-21T04:00:00,9.258305398810709,8.51200008392334
101,2018-06-21T05:00:00,9.227079608882022,8.51200008392334
101,2018-06-21T06:00:00,9.370113145301346,8.86400032043457
101,2018-06-21T07:00:00,9.45855727539626,8.300999641418457
101,2018-06-21T08:00:00,9.625634494742762,8.86400032043457
101,2018-06-21T09:00:00,9.765993514662995,8.51200008392334
101,2018-06-21T10:00:00,9.935242922946625,8.371000289916992
101,2018-06-21T11:00:00,10.050136682122645,8.51200008392334
101,2018-06-21T12:00:00,10.327950872937393,8.442000389099121
101,2018-06-21T13:00:00,10.800847065549242,8.86400032043457
101,2018-06-21T14:00:00,11.152587059662231,9.56700038909912
101,2018-06-21T15:00:00,11.455745625346214,9.918999671936035
101,2018-06-21T16:00:00,11.505992073036612,10.0600004196167
101,2018-06-21T17:00:00,11.33663997854703,9.848999977111816
101,2018-06-21T18:00:00,11.060633649350082,9.637999534606934
101,2018-06-21T19:00:00,10.772625556764776,9.003999710083008
101,2018-06-21T20:00:00,10.391521148046603,8.652999877929688
101,2018-06-21T21:00:00,10.193482868819443,8.371000289916992
101,2018-06-21T22:00:00,9.979917266466233,8.159999847412111
101,2018-06-21T23:00:00,9.800419273920255,8.090000152587889
101,2018-06-22T00:00:00,9.721197617390649,8.230999946594237
101,2018-06-22T01:00:00,9.6614297373516,8.371000289916992
101,2018-06-22T02:00:00,9.544267698325399,8.159999847412111
101,2018-06-22T03:00:00,9.510464735081474,8.020000457763674
101,2018-06-22T04:00:00,9.422521012399956,7.809000015258789
101,2018-06-22T05:00:00,9.440518314460396,7.668000221252441
101,2018-06-22T06:00:00,9.619574171927738,5.627999782562256
101,2018-06-22T07:00:00,9.707176024679683,7.0349998474121085
101,2018-06-22T08:00:00,9.839009668448998,4.8540000915527335
101,2018-06-22T09:00:00,10.009249622938826,6.683000087738037
101,2018-06-22T10:00:00,10.107456038800418,6.401999950408936
101,2018-06-22T11:00:00,10.252238580109742,6.752999782562256
101,2018-06-22T12:00:00,10.537460370155491,3.6579999923706055
101,2018-06-22T13:00:00,10.970426739386323,3.6579999923706055
101,2018-06-22T14:00:00,11.292361102147417,4.150000095367432
101,2018-06-22T15:00:00,11.571737959956483,4.64300012588501
101,2018-06-22T16:00:00,11.54517270453778,5.9790000915527335
101,2018-06-22T17:00:00,11.375989666606777,4.361999988555908
101,2018-06-22T18:00:00,11.188465453052473,4.64300012588501
101,2018-06-22T19:00:00,10.885597080256204,5.839000225067139
101,2018-06-22T20:00:00,10.58733405856981,5.908999919891357
101,2018-06-22T21:00:00,10.366337147325035,5.9790000915527335
101,2018-06-22T22:00:00,10.207610988033494,5.839000225067139
102,2018-06-19T23:00:00,5.259208639795254,5.908999919891357
102,2018-06-20T00:00:00,5.315879737620003,6.541999816894531
102,2018-06-20T01:00:00,5.649077274449084,7.315999984741211
102,2018-06-20T02:00:00,5.539331600549518,6.964000225067139
102,2018-06-20T03:00:00,5.509726249041588,7.105000019073486
102,2018-06-20T04:00:00,5.50011548804223,7.105000019073486
102,2018-06-20T05:00:00,5.555532645368279,7.105000019073486
102,2018-06-20T06:00:00,5.743116133073984,7.315999984741211
102,2018-06-20T07:00:00,5.953645396150382,7.456999778747559
102,2018-06-20T08:00:00,5.973500567176073,7.105000019073486
102,2018-06-20T09:00:00,6.154487092284755,7.456999778747559
102,2018-06-20T10:00:00,6.463297907471004,8.090000152587889
102,2018-06-20T11:00:00,6.590195517153392,8.090000152587889
102,2018-06-20T12:00:00,6.968792879721368,8.51200008392334
102,2018-06-20T13:00:00,7.056551182839129,8.371000289916992
102,2018-06-20T14:00:00,6.889095026347249,8.934000015258789
102,2018-06-20T15:00:00,6.9924132116319715,8.722999572753906
102,2018-06-20T16:00:00,6.847437820618788,8.86400032043457
102,2018-06-20T17:00:00,6.873023382844931,9.28600025177002
102,2018-06-20T18:00:00,6.952395645809933,9.145000457763672
102,2018-06-20T19:00:00,6.918806403449942,9.28600025177002
102,2018-06-20T20:00:00,6.775108328657138,9.21500015258789
102,2018-06-20T21:00:00,6.395954123004852,8.652999877929688
102,2018-06-20T22:00:00,6.324251601292554,8.722999572753906
102,2018-06-20T23:00:00,6.306631316228925,9.003999710083008
102,2018-06-21T00:00:00,6.144166711162963,9.003999710083008
102,2018-06-21T01:00:00,6.195114931412087,8.934000015258789
102,2018-06-21T02:00:00,6.155447166568049,8.581999778747559
102,2018-06-21T03:00:00,6.007883749225989,8.371000289916992
102,2018-06-21T04:00:00,5.98121455533053,8.51200008392334
102,2018-06-21T05:00:00,6.024053069851041,8.51200008392334
102,2018-06-21T06:00:00,6.064857061738175,8.86400032043457
102,2018-06-21T07:00:00,6.234295980336855,8.300999641418457
102,2018-06-21T08:00:00,6.489039586124083,8.86400032043457
102,2018-06-21T09:00:00,6.685192780367178,8.51200008392334
102,2018-06-21T10:00:00,7.094870669450543,8.371000289916992
102,2018-06-21T11:00:00,7.349297033300683,8.51200008392334
102,2018-06-21T12:00:00,7.779423669770976,8.442000389099121
102,2018-06-21T13:00:00,7.938679957036335,8.86400032043457
102,2018-06-21T14:00:00,7.97632622286336,9.56700038909912
102,2018-06-21T15:00:00,8.320792026328366,9.918999671936035
102,2018-06-21T16:00:00,8.310376472625446,10.0600004196167
102,2018-06-21T17:00:00,8.293869038883235,9.848999977111816
102,2018-06-21T18:00:00,8.412825581971987,9.637999534606934
102,2018-06-21T19:00:00,8.31318873891301,9.003999710083008
102,2018-06-21T20:00:00,8.004512167156982,8.652999877929688
102,2018-06-21T21:00:00,7.73864305360552,8.371000289916992
102,2018-06-21T22:00:00,7.679414818798401,8.159999847412111
102,2018-06-21T23:00:00,7.411959829500381,8.090000152587889
102,2018-06-22T00:00:00,7.238827546876234,8.230999946594237
102,2018-06-22T01:00:00,7.271185389612004,8.371000289916992
102,2018-06-22T02:00:00,7.265330606178326,8.159999847412111
102,2018-06-22T03:00:00,7.222800985122872,8.020000457763674
102,2018-06-22T04:00:00,7.318596362262598,7.809000015258789
102,2018-06-22T05:00:00,7.364608965848394,7.668000221252441
102,2018-06-22T06:00:00,7.490969768779342,5.627999782562256
102,2018-06-22T07:00:00,7.587221807339031,7.0349998474121085
102,2018-06-22T08:00:00,7.741223566309571,4.8540000915527335
102,2018-06-22T09:00:00,7.922162505127691,6.683000087738037
102,2018-06-22T10:00:00,8.192532279949786,6.401999950408936
102,2018-06-22T11:00:00,8.30627236377617,6.752999782562256
102,2018-06-22T12:00:00,8.530207853690303,3.6579999923706055
102,2018-06-22T13:00:00,8.73983907163058,3.6579999923706055
102,2018-06-22T14:00:00,8.798709490926553,4.150000095367432
102,2018-06-22T15:00:00,9.00033368934417,4.64300012588501
102,2018-06-22T16:00:00,8.925151274036178,5.9790000915527335
102,2018-06-22T17:00:00,8.754352389344033,4.361999988555908
102,2018-06-22T18:00:00,8.70552134160137,4.64300012588501
102,2018-06-22T19:00:00,8.648415288383928,5.839000225067139
102,2018-06-22T20:00:00,8.396431687449367,5.908999919891357
102,2018-06-22T21:00:00,8.164624924167759,5.9790000915527335
102,2018-06-22T22:00:00,7.926383492585366,5.839000225067139
102,2018-06-22T23:00:00,7.732814985282333,5.839000225067139
102,2018-06-23T00:00:00,7.684040707149466,5.3460001945495605
102,2018-06-23T01:00:00,7.581122413674914,5.416999816894531
102,2018-06-23T02:00:00,7.503590153945023,5.416999816894531
102,2018-06-23T03:00:00,7.684367967252987,5.76800012588501
102,2018-06-23T04:00:00,7.5551194278473375,5.908999919891357
102,2018-06-23T05:00:00,7.521157843634867,6.261000156402588
102,2018-06-23T06:00:00,7.769620059067755,6.683000087738037
102,2018-06-23T07:00:00,7.810323869290546,6.4720001220703125
102,2018-06-23T08:00:00,7.928033150658221,6.401999950408936
102,2018-06-23T09:00:00,8.176746154190848,6.964000225067139
102,2018-06-23T10:00:00,8.322815695948105,7.526999950408935
102,2018-06-23T11:00:00,8.439172023938822,7.73799991607666
102,2018-06-23T12:00:00,8.634545136955563,7.809000015258789
102,2018-06-23T13:00:00,8.886548273314672,7.668000221252441
102,2018-06-23T14:00:00,8.753798050801333,8.159999847412111
102,2018-06-23T15:00:00,8.849456512999787,7.809000015258789
102,2018-06-23T16:00:00,8.830963812609166,8.159999847412111
102,2018-06-23T17:00:00,8.7484525241614,7.809000015258789
102,2018-06-23T18:00:00,8.786888889381215,8.300999641418457
102,2018-06-23T19:00:00,8.642637310892914,8.020000457763674
102,2018-06-23T20:00:00,8.487996309419142,7.668000221252441
102,2018-06-23T21:00:00,8.198225937873312,7.386000156402588
102,2018-06-23T22:00:00,8.010764838767546,7.315999984741211
103,2018-06-20T23:00:00,8.758816818246064,9.003999710083008
103,2018-06-21T00:00:00,8.867510918608904,9.003999710083008
103,2018-06-21T01:00:00,9.143204180104776,8.934000015258789
103,2018-06-21T02:00:00,9.035321467738399,8.581999778747559
103,2018-06-21T03:00:00,9.097553315811979,8.371000289916992
103,2018-06-21T04:00:00,8.860819952216836,8.51200008392334
103,2018-06-21T05:00:00,8.86008545364776,8.51200008392334
103,2018-06-21T06:00:00,8.812767482975563,8.86400032043457
103,2018-06-21T07:00:00,8.875685491965179,8.300999641418457
103,2018-06-21T08:00:00,8.92650205681041,8.86400032043457
103,2018-06-21T09:00:00,9.201437277046082,8.51200008392334
103,2018-06-21T10:00:00,9.612169244207784,8.371000289916992
103,2018-06-21T11:00:00,9.751285176642952,8.51200008392334
103,2018-06-21T12:00:00,10.097773147002732,8.442000389099121
103,2018-06-21T13:00:00,10.06632729135137,8.86400032043457
103,2018-06-21T14:00:00,10.017765064408028,9.56700038909912
103,2018-06-21T15:00:00,10.13851986837175,9.918999671936035
103,2018-06-21T16:00:00,10.094062000731846,10.0600004196167
103,2018-06-21T17:00:00,10.179580993197368,9.848999977111816
103,2018-06-21T18:00:00,10.228535013933012,9.637999534606934
103,2018-06-21T19:00:00,10.126484126702234,9.003999710083008
103,2018-06-21T20:00:00,9.753422635936442,8.652999877929688
103,2018-06-21T21:00:00,9.512546677035974,8.371000289916992
103,2018-06-21T22:00:00,9.389983343576692,8.159999847412111
103,2018-06-21T23:00:00,9.33500615072655,8.090000152587889
103,2018-06-22T00:00:00,9.207885386386836,8.230999946594237
103,2018-06-22T01:00:00,9.187061208212782,8.371000289916992
103,2018-06-22T02:00:00,9.093024603675328,8.159999847412111
103,2018-06-22T03:00:00,8.841153957567315,8.020000457763674
103,2018-06-22T04:00:00,8.858866326277418,7.809000015258789
103,2018-06-22T05:00:00,8.76593672913096,7.668000221252441
103,2018-06-22T06:00:00,8.811117824902707,5.627999782562256
103,2018-06-22T07:00:00,8.864957538438947,7.0349998474121085
103,2018-06-22T08:00:00,8.980028285221975,4.8540000915527335
103,2018-06-22T09:00:00,9.124917686973266,6.683000087738037
103,2018-06-22T10:00:00,9.33822231609086,6.401999950408936
103,2018-06-22T11:00:00,9.485073274829995,6.752999782562256
103,2018-06-22T12:00:00,9.68428200983557,3.6579999923706055
103,2018-06-22T13:00:00,9.78763717885138,3.6579999923706055
103,2018-06-22T14:00:00,9.772012762995637,4.150000095367432
103,2018-06-22T15:00:00,9.918560171291812,4.64300012588501
103,2018-06-22T16:00:00,9.893136986846624,5.9790000915527335
103,2018-06-22T17:00:00,9.72674985219801,4.361999988555908
103,2018-06-22T18:00:00,9.814733564060544,4.64300012588501
103,2018-06-22T19:00:00,9.714849606229519,5.839000225067139
103,2018-06-22T20:00:00,9.483593925586522,5.908999919891357
103,2018-06-22T21:00:00,9.172039218098625,5.9790000915527335
103,2018-06-22T22:00:00,9.043294175041023,5.839000225067139
103,2018-06-22T23:00:00,8.747582362921856,5.839000225067139
103,2018-06-23T00:00:00,8.589705827628668,5.3460001945495605
103,2018-06-23T01:00:00,8.439965212266262,5.416999816894531
103,2018-06-23T02:00:00,8.416370677134227,5.416999816894531
103,2018-06-23T03:00:00,8.470157878781407,5.76800012588501
103,2018-06-23T04:00:00,8.380835906852681,5.908999919891357
103,2018-06-23T05:00:00,8.323378382962835,6.261000156402588
103,2018-06-23T06:00:00,8.421353212210352,6.683000087738037
103,2018-06-23T07:00:00,8.409503140558755,6.4720001220703125
103,2018-06-23T08:00:00,8.482370357603767,6.401999950408936
103,2018-06-23T09:00:00,8.713878996949234,6.964000225067139
103,2018-06-23T10:00:00,8.873161999325085,7.526999950408935
103,2018-06-23T11:00:00,8.921412828261758,7.73799991607666
103,2018-06-23T12:00:00,9.037192527289456,7.809000015258789
103,2018-06-23T13:00:00,9.289857280056834,7.668000221252441
103,2018-06-23T14:00:00,9.196233423976476,8.159999847412111
103,2018-06-23T15:00:00,9.323529506228791,7.809000015258789
103,2018-06-23T16:00:00,9.292479869059909,8.159999847412111
103,2018-06-23T17:00:00,9.156519992990443,7.809000015258789
103,2018-06-23T18:00:00,9.086342236209452,8.300999641418457
103,2018-06-23T19:00:00,9.004364081185432,8.020000457763674
103,2018-06-23T20:00:00,8.727721598419905,7.668000221252441
103,2018-06-23T21:00:00,8.47289200337078,7.386000156402588
103,2018-06-23T22:00:00,8.254130312026952,7.315999984741211
103,2018-06-23T23:00:00,8.142462819866395,7.175000190734862
103,2018-06-24T00:00:00,8.163727797363562,6.894000053405763
103,2018-06-24T01:00:00,8.2655743974838,6.61299991607666
103,2018-06-24T02:00:00,8.286537410747691,6.401999950408936
103,2018-06-24T03:00:00,8.44034965940318,6.541999816894531
103,2018-06-24T04:00:00,8.323844227702033,6.964000225067139
103,2018-06-24T05:00:00,8.351390846007702,6.894000053405763
103,2018-06-24T06:00:00,8.579592154674303,7.456999778747559
103,2018-06-24T07:00:00,8.550752608505562,7.456999778747559
103,2018-06-24T08:00:00,8.650318740006457,8.442000389099121
103,2018-06-24T09:00:00,8.96211997787336,7.948999881744385
103,2018-06-24T10:00:00,9.24173167820059,8.51200008392334
103,2018-06-24T11:00:00,9.391579237489683,9.003999710083008
103,2018-06-24T12:00:00,9.581322558393918,9.28600025177002
103,2018-06-24T13:00:00,9.79178945838426,9.21500015258789
103,2018-06-24T14:00:00,9.679668226768946,9.28600025177002
103,2018-06-24T15:00:00,9.704436891007088,9.355999946594238
103,2018-06-24T16:00:00,9.612143697883376,9.496999740600586
103,2018-06-24T17:00:00,9.758747875789346,9.21500015258789
103,2018-06-24T18:00:00,9.830589816984524,9.145000457763672
103,2018-06-24T19:00:00,9.879844382713198,9.074999809265137
103,2018-06-24T20:00:00,9.75106845030909,8.86400032043457
103,2018-06-24T21:00:00,9.390827875007107,8.371000289916992
103,2018-06-24T22:00:00,9.24524229417335,8.371000289916992
104,2018-06-21T23:00:00,8.299365672866884,8.090000152587889
104,2018-06-22T00:00:00,8.438664937747802,8.230999946594237
104,2018-06-22T01:00:00,8.630971156080104,8.371000289916992
104,2018-06-22T02:00:00,8.556799573765339,8.159999847412111
104,2018-06-22T03:00:00,8.633411748392955,8.020000457763674
104,2018-06-22T04:00:00,8.520434380971107,7.809000015258789
104,2018-06-22T05:00:00,8.504714709049516,7.668000221252441
104,2018-06-22T06:00:00,8.63232277370154,5.627999782562256
104,2018-06-22T07:00:00,8.658248953586451,7.0349998474121085
104,2018-06-22T08:00:00,8.693871048885416,4.8540000915527335
104,2018-06-22T09:00:00,8.869922792177974,6.683000087738037
104,2018-06-22T10:00:00,9.10464509234614,6.401999950408936
104,2018-06-22T11:00:00,9.189287328279217,6.752999782562256
104,2018-06-22T12:00:00,9.31370861418847,3.6579999923706055
104,2018-06-22T13:00:00,9.320954002607959,3.6579999923706055
104,2018-06-22T14:00:00,9.231060160345272,4.150000095367432
104,2018-06-22T15:00:00,9.273831887089557,4.64300012588501
104,2018-06-22T16:00:00,9.141348732196413,5.9790000915527335
104,2018-06-22T17:00:00,9.083846210042331,4.361999988555908
104,2018-06-22T18:00:00,9.107945243339058,4.64300012588501
104,2018-06-22T19:00:00,9.090628842657273,5.839000225067139
104,2018-06-22T20:00:00,8.8902546609565,5.908999919891357
104,2018-06-22T21:00:00,8.654884018450591,5.9790000915527335
104,2018-06-22T22:00:00,8.629381106097533,5.839000225067139
104,2018-06-22T23:00:00,8.597112758981911,5.839000225067139
104,2018-06-23T00:00:00,8.443751995693727,5.3460001945495605
104,2018-06-23T01:00:00,8.260741467026426,5.416999816894531
104,2018-06-23T02:00:00,8.20673645374402,5.416999816894531
104,2018-06-23T03:00:00,8.095308729700124,5.76800012588501
104,2018-06-23T04:00:00,8.033315731411284,5.908999919891357
104,2018-06-23T05:00:00,7.932417768167658,6.261000156402588
104,2018-06-23T06:00:00,8.032910830517894,6.683000087738037
104,2018-06-23T07:00:00,8.150168459548823,6.4720001220703125
104,2018-06-23T08:00:00,8.295441891013429,6.401999950408936
104,2018-06-23T09:00:00,8.388580784353643,6.964000225067139
104,2018-06-23T10:00:00,8.54699387594411,7.526999950408935
104,2018-06-23T11:00:00,8.610251584260569,7.73799991607666
104,2018-06-23T12:00:00,8.771145090375462,7.809000015258789
104,2018-06-23T13:00:00,8.970648776897807,7.668000221252441
104,2018-06-23T14:00:00,8.833203707654448,8.159999847412111
104,2018-06-23T15:00:00,9.00303625670928,7.809000015258789
104,2018-06-23T16:00:00,9.006107242145012,8.159999847412111
104,2018-06-23T17:00:00,8.822329488898276,7.809000015258789
104,2018-06-23T18:00:00,8.915550531203252,8.300999641418457
104,2018-06-23T19:00:00,8.777063572650722,8.020000457763674
104,2018-06-23T20:00:00,8.699762565596021,7.668000221252441
104,2018-06-23T21:00:00,8.425079803154492,7.386000156402588
104,2018-06-23T22:00:00,8.338117610329382,7.315999984741211
104,2018-06-23T23:00:00,8.124294040190486,7.175000190734862
104,2018-06-24T00:00:00,8.074798454074346,6.894000053405763
104,2018-06-24T01:00:00,8.12808508133869,6.61299991607666
104,2018-06-24T02:00:00,8.14072049375402,6.401999950408936
104,2018-06-24T03:00:00,8.188318054754454,6.541999816894531
104,2018-06-24T04:00:00,8.131750477982859,6.964000225067139
104,2018-06-24T05:00:00,8.159192072510407,6.894000053405763
104,2018-06-24T06:00:00,8.319665817451703,7.456999778747559
104,2018-06-24T07:00:00,8.317695578052945,7.456999778747559
104,2018-06-24T08:00:00,8.421614018476527,8.442000389099121
104,2018-06-24T09:00:00,8.626141565011542,7.948999881744385
104,2018-06-24T10:00:00,8.892504574168218,8.51200008392334
104,2018-06-24T11:00:00,8.937480297528058,9.003999710083008
104,2018-06-24T12:00:00,9.088056678425252,9.28600025177002
104,2018-06-24T13:00:00,9.254349892763544,9.21500015258789
104,2018-06-24T14:00:00,9.091767574241977,9.28600025177002
104,2018-06-24T15:00:00,9.150674392875995,9.355999946594238
104,2018-06-24T16:00:00,9.129662958474338,9.496999740600586
104,2018-06-24T17:00:00,9.149937222795867,9.21500015258789
104,2018-06-24T18:00:00,9.162049770408046,9.145000457763672
104,2018-06-24T19:00:00,9.21223435592071,9.074999809265137
104,2018-06-24T20:00:00,9.004088164184887,8.86400032043457
104,2018-06-24T21:00:00,8.733876091999411,8.371000289916992
104,2018-06-24T22:00:00,8.552678350548405,8.371000289916992
104,2018-06-24T23:00:00,8.478238698796797,8.51200008392334
104,2018-06-25T00:00:00,8.593810103447383,8.722999572753906
104,2018-06-25T01:00:00,8.724663553115818,9.003999710083008
104,2018-06-25T02:00:00,8.767025870791816,9.56700038909912
104,2018-06-25T03:00:00,8.882676752896113,9.56700038909912
104,2018-06-25T04:00:00,8.727115248896464,8.51200008392334
104,2018-06-25T05:00:00,8.701977081286335,8.652999877929688
104,2018-06-25T06:00:00,8.857856745554995,8.934000015258789
104,2018-06-25T07:00:00,8.905749925949962,9.56700038909912
104,2018-06-25T08:00:00,8.92145707516351,10.973999977111816
104,2018-06-25T09:00:00,9.112251635665586,11.467000007629396
104,2018-06-25T10:00:00,9.270198632062696,11.1850004196167
104,2018-06-25T11:00:00,9.292875586634064,10.692999839782717
104,2018-06-25T12:00:00,9.464522676084318,10.270999908447266
104,2018-06-25T13:00:00,9.624008880269347,10.621999740600586
104,2018-06-25T14:00:00,9.479315333671849,11.255999565124512
104,2018-06-25T15:00:00,9.402128700683942,11.607000350952148
104,2018-06-25T16:00:00,9.283030233570702,12.380999565124512
104,2018-06-25T17:00:00,9.322302280840582,11.467000007629396
104,2018-06-25T18:00:00,9.353928797426644,11.1850004196167
104,2018-06-25T19:00:00,9.318227892551729,10.552000045776367
104,2018-06-25T20:00:00,9.194049714147948,9.98900032043457
104,2018-06-25T21:00:00,8.960794824908255,9.98900032043457
104,2018-06-25T22:00:00,8.835128865304252,9.56700038909912
