Date,Open,High,Low,Close,Volume
1990-01-02 00:00:00.000 +0200,0.24778,0.2636,0.24603,0.26184,232697000
1990-01-03 00:00:00.000 +0200,0.26711,0.26711,0.2636,0.2636,264194000
1990-01-04 00:00:00.000 +0200,0.26887,0.27239,0.26184,0.26448,281364700
1990-01-05 00:00:00.000 +0200,0.26536,0.26887,0.26008,0.26536,156629900
1990-01-08 00:00:00.000 +0200,0.2636,0.26711,0.26008,0.26711,129017000
1990-01-09 00:00:00.000 +0200,0.26711,0.26711,0.26008,0.26448,109413300
1990-01-10 00:00:00.000 +0200,0.26448,0.26448,0.2513,0.25306,253680700
1990-01-11 00:00:00.000 +0200,0.25481,0.25481,0.24251,0.24251,268077600
1990-01-12 00:00:00.000 +0200,0.24075,0.24427,0.23724,0.24251,218343000
1990-01-15 00:00:00.000 +0200,0.24251,0.2513,0.24075,0.24075,205439800
1990-01-16 00:00:00.000 +0200,0.23548,0.24603,0.23021,0.24515,272132100
1990-01-17 00:00:00.000 +0200,0.24427,0.24427,0.23197,0.23372,250607900
1990-01-18 00:00:00.000 +0200,0.23197,0.23548,0.22669,0.22757,347132300
1990-01-19 00:00:00.000 +0200,0.23724,0.24251,0.23548,0.24075,336775500
1990-01-22 00:00:00.000 +0200,0.239,0.24251,0.23372,0.23372,184954200
1990-01-23 00:00:00.000 +0200,0.23724,0.24075,0.23197,0.23724,178936600
1990-01-24 00:00:00.000 +0200,0.22845,0.24075,0.22669,0.239,215668400
1990-01-25 00:00:00.000 +0200,0.24075,0.24427,0.239,0.23988,141678200
1990-01-26 00:00:00.000 +0200,0.239,0.239,0.22669,0.23021,230221800
1990-01-29 00:00:00.000 +0200,0.23197,0.23548,0.22582,0.23372,152333600
1990-01-30 00:00:00.000 +0200,0.23372,0.24251,0.23197,0.239,147909300
1990-01-31 00:00:00.000 +0200,0.24251,0.24427,0.23197,0.239,182834500
1990-02-01 00:00:00.000 +0200,0.24251,0.24339,0.23548,0.23636,148706000
1990-02-02 00:00:00.000 +0200,0.23372,0.24427,0.23372,0.24075,150484200
1990-02-05 00:00:00.000 +0200,0.24075,0.24778,0.239,0.24603,129244600
1990-02-06 00:00:00.000 +0200,0.24427,0.24603,0.239,0.24427,93892600
1990-02-07 00:00:00.000 +0200,0.23197,0.239,0.22845,0.23372,396866900
1990-02-08 00:00:00.000 +0200,0.23372,0.23548,0.22669,0.23197,237064700
1990-02-09 00:00:00.000 +0200,0.23548,0.24251,0.23372,0.24075,213491800
1990-02-12 00:00:00.000 +0200,0.24075,0.24251,0.23724,0.239,95158700
1990-02-13 00:00:00.000 +0200,0.239,0.24603,0.23724,0.24251,129771000
1990-02-14 00:00:00.000 +0200,0.24251,0.24427,0.23724,0.24075,122017600
1990-02-15 00:00:00.000 +0200,0.23724,0.24075,0.23548,0.24075,124436100
1990-02-16 00:00:00.000 +0200,0.24153,0.24329,0.238,0.238,161061800
1990-02-20 00:00:00.000 +0200,0.23624,0.238,0.23271,0.23624,156041900
1990-02-21 00:00:00.000 +0200,0.23095,0.24153,0.22919,0.23977,222718400
1990-02-22 00:00:00.000 +0200,0.23977,0.24329,0.23271,0.23271,247123000
1990-02-23 00:00:00.000 +0200,0.23095,0.23624,0.23095,0.23448,189862300
1990-02-26 00:00:00.000 +0200,0.23271,0.24153,0.23271,0.23977,100794800
1990-02-27 00:00:00.000 +0200,0.23977,0.24153,0.23624,0.23624,93633600
1990-02-28 00:00:00.000 +0200,0.23624,0.23977,0.23448,0.23977,138429700
1990-03-01 00:00:00.000 +0200,0.23624,0.24506,0.23448,0.24153,258155400
1990-03-02 00:00:00.000 +0200,0.23624,0.24506,0.23448,0.238,132814300
1990-03-05 00:00:00.000 +0200,0.23624,0.24506,0.23624,0.24329,231028300
1990-03-06 00:00:00.000 +0200,0.24682,0.24858,0.24329,0.24858,197533900
1990-03-07 00:00:00.000 +0200,0.24682,0.25387,0.24682,0.24946,258566500
1990-03-08 00:00:00.000 +0200,0.25211,0.26092,0.24682,0.25916,283410800
1990-03-09 00:00:00.000 +0200,0.25916,0.26445,0.25563,0.26004,291805600
1990-03-12 00:00:00.000 +0200,0.26269,0.26445,0.25563,0.25828,207587800
1990-03-13 00:00:00.000 +0200,0.2574,0.26269,0.25563,0.26004,188118000
1990-03-14 00:00:00.000 +0200,0.25916,0.26269,0.2574,0.26092,128872100
1990-03-15 00:00:00.000 +0200,0.2574,0.26797,0.2574,0.25916,152227300
1990-03-16 00:00:00.000 +0200,0.28208,0.28737,0.27591,0.28384,816341200
1990-03-19 00:00:00.000 +0200,0.2856,0.29971,0.28208,0.29883,546699400
1990-03-20 00:00:00.000 +0200,0.29794,0.30323,0.28737,0.29177,495451300
1990-03-21 00:00:00.000 +0200,0.29089,0.29794,0.29089,0.29354,193379100
1990-03-22 00:00:00.000 +0200,0.29442,0.29794,0.28737,0.28737,293308900
1990-03-23 00:00:00.000 +0200,0.29089,0.30323,0.28913,0.29794,288657500
1990-03-26 00:00:00.000 +0200,0.29971,0.30588,0.29618,0.29794,162139400
1990-03-27 00:00:00.000 +0200,0.29618,0.29794,0.29089,0.29618,107119300
1990-03-28 00:00:00.000 +0200,0.29618,0.29706,0.28913,0.29089,130332700
1990-03-29 00:00:00.000 +0200,0.28913,0.29266,0.28737,0.29001,122675200
1990-03-30 00:00:00.000 +0200,0.28208,0.28913,0.28208,0.28384,282786900
1990-04-02 00:00:00.000 +0200,0.28208,0.28649,0.27855,0.28384,188359200
1990-04-03 00:00:00.000 +0200,0.2856,0.29442,0.2856,0.29442,176887200
1990-04-04 00:00:00.000 +0200,0.29266,0.29618,0.28737,0.29089,189578700
1990-04-05 00:00:00.000 +0200,0.28913,0.29089,0.28208,0.28384,136983300
1990-04-06 00:00:00.000 +0200,0.28384,0.29089,0.28032,0.2812,149703200
1990-04-09 00:00:00.000 +0200,0.28032,0.29266,0.27855,0.29001,133551700
1990-04-10 00:00:00.000 +0200,0.29089,0.29618,0.28913,0.29089,166266000
1990-04-11 00:00:00.000 +0200,0.29266,0.30323,0.29266,0.29971,269882600
1990-04-12 00:00:00.000 +0200,0.30323,0.31029,0.29971,0.305,268166800
1990-04-16 00:00:00.000 +0200,0.30676,0.31205,0.305,0.30852,287267900
1990-04-17 00:00:00.000 +0200,0.305,0.30676,0.30147,0.305,165996600
1990-04-18 00:00:00.000 +0200,0.305,0.30852,0.29971,0.305,244925000
1990-04-19 00:00:00.000 +0200,0.29442,0.30412,0.28208,0.28384,609604200
1990-04-20 00:00:00.000 +0200,0.28825,0.29266,0.28032,0.28384,409617000
1990-04-23 00:00:00.000 +0200,0.28384,0.2856,0.27855,0.28032,162508100
1990-04-24 00:00:00.000 +0200,0.28208,0.2856,0.2715,0.27326,384560100
1990-04-25 00:00:00.000 +0200,0.27326,0.27503,0.26974,0.27326,167854200
1990-04-26 00:00:00.000 +0200,0.27503,0.27855,0.26886,0.27414,179992700
1990-04-27 00:00:00.000 +0200,0.27503,0.27855,0.27326,0.27591,147391800
1990-04-30 00:00:00.000 +0200,0.27679,0.28032,0.27503,0.27767,172689700
1990-05-01 00:00:00.000 +0200,0.28032,0.28208,0.27767,0.27943,207148400
1990-05-02 00:00:00.000 +0200,0.28032,0.28208,0.27679,0.28032,171470100
1990-05-03 00:00:00.000 +0200,0.28032,0.28384,0.28032,0.28208,210565800
1990-05-04 00:00:00.000 +0200,0.28208,0.28737,0.27679,0.28208,214649800
1990-05-07 00:00:00.000 +0200,0.28032,0.29442,0.28032,0.29266,172179200
1990-05-08 00:00:00.000 +0200,0.28913,0.29618,0.28913,0.29442,142386100
1990-05-09 00:00:00.000 +0200,0.29354,0.29618,0.29089,0.2953,123114900
1990-05-10 00:00:00.000 +0200,0.29442,0.29442,0.2856,0.29177,226688900
1990-05-11 00:00:00.000 +0200,0.29177,0.30147,0.28737,0.30059,272520300
1990-05-14 00:00:00.000 +0200,0.30147,0.30147,0.29089,0.29442,286629900
1990-05-15 00:00:00.000 +0200,0.29177,0.29618,0.28913,0.29442,189139200
1990-05-16 00:00:00.000 +0200,0.29442,0.29442,0.28913,0.29354,110536800
1990-05-17 00:00:00.000 +0200,0.29442,0.29794,0.28913,0.29266,194456700
1990-05-18 00:00:00.000 +0200,0.29089,0.29266,0.27855,0.28032,327242500
1990-05-21 00:00:00.000 +0200,0.27933,0.28286,0.27402,0.27933,331414000
1990-05-22 00:00:00.000 +0200,0.28374,0.29347,0.28286,0.29258,380158600
1990-05-23 00:00:00.000 +0200,0.2917,0.30054,0.2917,0.297,262008700
1990-05-24 00:00:00.000 +0200,0.29877,0.29877,0.29347,0.297,187031900
1990-05-25 00:00:00.000 +0200,0.27933,0.28816,0.27579,0.28286,408229300
1990-05-29 00:00:00.000 +0200,0.28286,0.2917,0.27756,0.28993,307076900
1990-05-30 00:00:00.000 +0200,0.29435,0.29524,0.2917,0.29258,349514500
1990-05-31 00:00:00.000 +0200,0.29347,0.29347,0.28993,0.2917,130155900
1990-06-01 00:00:00.000 +0200,0.29258,0.297,0.28816,0.28816,198528700
1990-06-04 00:00:00.000 +0200,0.28816,0.28993,0.28109,0.28816,226542400
1990-06-05 00:00:00.000 +0200,0.28993,0.28993,0.27579,0.27933,378065900
1990-06-06 00:00:00.000 +0200,0.27579,0.27933,0.27402,0.27933,267354200
1990-06-07 00:00:00.000 +0200,0.27933,0.28109,0.27225,0.27579,235394900
1990-06-08 00:00:00.000 +0200,0.27225,0.27225,0.26518,0.27049,421564200
1990-06-11 00:00:00.000 +0200,0.26695,0.27579,0.26695,0.27579,199363000
1990-06-12 00:00:00.000 +0200,0.27667,0.2864,0.27402,0.2864,208371000
1990-06-13 00:00:00.000 +0200,0.28551,0.28816,0.28109,0.28109,175436200
1990-06-14 00:00:00.000 +0200,0.28286,0.28463,0.27756,0.28109,177175600
1990-06-15 00:00:00.000 +0200,0.28109,0.28286,0.27667,0.27933,181997700
1990-06-18 00:00:00.000 +0200,0.27756,0.27933,0.27579,0.27756,140648700
1990-06-19 00:00:00.000 +0200,0.27579,0.28109,0.27137,0.28021,198514700
1990-06-20 00:00:00.000 +0200,0.28198,0.28463,0.28109,0.28286,195375300
1990-06-21 00:00:00.000 +0200,0.28286,0.297,0.28286,0.29612,263380500
1990-06-22 00:00:00.000 +0200,0.297,0.30142,0.2917,0.29347,358550900
1990-06-25 00:00:00.000 +0200,0.29347,0.29524,0.28463,0.2917,154040400
1990-06-26 00:00:00.000 +0200,0.29524,0.297,0.28551,0.28728,160672700
1990-06-27 00:00:00.000 +0200,0.28816,0.297,0.28463,0.29347,122760000
1990-06-28 00:00:00.000 +0200,0.30231,0.30584,0.29524,0.30408,315575700
1990-06-29 00:00:00.000 +0200,0.30408,0.31733,0.30231,0.31645,410590600
1990-07-02 00:00:00.000 +0200,0.31468,0.31468,0.30938,0.31115,170967600
1990-07-03 00:00:00.000 +0200,0.31026,0.31468,0.30938,0.31115,125630800
1990-07-05 00:00:00.000 +0200,0.30938,0.31291,0.30584,0.30761,135685100
1990-07-06 00:00:00.000 +0200,0.30761,0.31822,0.30584,0.31645,263960200
1990-07-09 00:00:00.000 +0200,0.31822,0.33236,0.31645,0.32971,398302000
1990-07-10 00:00:00.000 +0200,0.33236,0.3359,0.33059,0.33236,456337600
1990-07-11 00:00:00.000 +0200,0.33059,0.33236,0.32352,0.33236,310796000
1990-07-12 00:00:00.000 +0200,0.33059,0.3359,0.32883,0.33501,230388900
1990-07-13 00:00:00.000 +0200,0.3359,0.33766,0.33059,0.33059,291634600
1990-07-16 00:00:00.000 +0200,0.33059,0.33325,0.31999,0.32264,226896000
1990-07-17 00:00:00.000 +0200,0.32352,0.32529,0.31115,0.31291,172791700
1990-07-18 00:00:00.000 +0200,0.31468,0.31822,0.30408,0.31557,364094300
1990-07-19 00:00:00.000 +0200,0.28816,0.30054,0.28286,0.29524,739869100
1990-07-20 00:00:00.000 +0200,0.297,0.30054,0.28816,0.28993,242225200
1990-07-23 00:00:00.000 +0200,0.28993,0.29524,0.28286,0.29347,341143100
1990-07-24 00:00:00.000 +0200,0.297,0.29877,0.28993,0.29789,244841300
1990-07-25 00:00:00.000 +0200,0.297,0.30584,0.29524,0.29877,132475100
1990-07-26 00:00:00.000 +0200,0.29877,0.30054,0.28993,0.29258,101435000
1990-07-27 00:00:00.000 +0200,0.2917,0.29524,0.2864,0.29258,78681800
1990-07-30 00:00:00.000 +0200,0.28816,0.30054,0.28816,0.29966,107897600
1990-07-31 00:00:00.000 +0200,0.30054,0.30231,0.29347,0.297,121218600
1990-08-01 00:00:00.000 +0200,0.297,0.30231,0.29347,0.29966,118065200
1990-08-02 00:00:00.000 +0200,0.2917,0.30938,0.2917,0.30761,281721600
1990-08-03 00:00:00.000 +0200,0.30761,0.30938,0.28109,0.2917,339601700
1990-08-06 00:00:00.000 +0200,0.27579,0.2864,0.27225,0.27933,226839600
1990-08-07 00:00:00.000 +0200,0.28463,0.28728,0.27402,0.27933,250667500
1990-08-08 00:00:00.000 +0200,0.27933,0.28816,0.27933,0.28374,129463000
1990-08-09 00:00:00.000 +0200,0.28463,0.2864,0.27756,0.27933,121699500
1990-08-10 00:00:00.000 +0200,0.27402,0.27756,0.27049,0.27402,129675100
1990-08-13 00:00:00.000 +0200,0.26872,0.28286,0.26783,0.28198,197114600
1990-08-14 00:00:00.000 +0200,0.28286,0.28286,0.27756,0.28109,123948000
1990-08-15 00:00:00.000 +0200,0.28286,0.28463,0.27756,0.27756,116226800
1990-08-16 00:00:00.000 +0200,0.27579,0.28021,0.27225,0.27225,156430400
1990-08-17 00:00:00.000 +0200,0.27225,0.27225,0.25281,0.25811,310739600
1990-08-20 00:00:00.000 +0200,0.25889,0.26598,0.25712,0.26066,94489000
1990-08-21 00:00:00.000 +0200,0.25357,0.26066,0.25002,0.25712,202724100
1990-08-22 00:00:00.000 +0200,0.26244,0.26244,0.24736,0.24914,154478600
1990-08-23 00:00:00.000 +0200,0.24293,0.24825,0.23761,0.2447,180885400
1990-08-24 00:00:00.000 +0200,0.25002,0.25534,0.24648,0.2518,92416400
1990-08-27 00:00:00.000 +0200,0.26066,0.26953,0.25712,0.26776,147866400
1990-08-28 00:00:00.000 +0200,0.26598,0.27219,0.26421,0.27042,100946100
1990-08-29 00:00:00.000 +0200,0.26953,0.27042,0.26066,0.26421,189993000
1990-08-30 00:00:00.000 +0200,0.26421,0.26598,0.25534,0.25712,154323500
1990-08-31 00:00:00.000 +0200,0.25534,0.26421,0.25534,0.26244,125195800
1990-09-04 00:00:00.000 +0200,0.25889,0.26598,0.25889,0.26244,104160600
1990-09-05 00:00:00.000 +0200,0.26421,0.26421,0.25357,0.25534,80630000
1990-09-06 00:00:00.000 +0200,0.2518,0.25534,0.25002,0.25357,110307600
1990-09-07 00:00:00.000 +0200,0.2518,0.26066,0.24914,0.258,73228300
1990-09-10 00:00:00.000 +0200,0.26244,0.26244,0.25357,0.25357,95645100
1990-09-11 00:00:00.000 +0200,0.25534,0.25623,0.23938,0.24116,224407700
1990-09-12 00:00:00.000 +0200,0.24471,0.24471,0.23761,0.24116,126394100
1990-09-13 00:00:00.000 +0200,0.24471,0.24648,0.23407,0.23938,122432400
1990-09-14 00:00:00.000 +0200,0.23761,0.24293,0.23584,0.24116,143397100
1990-09-17 00:00:00.000 +0200,0.24116,0.25002,0.23761,0.23938,97773900
1990-09-18 00:00:00.000 +0200,0.23938,0.23938,0.23407,0.23673,156861200
1990-09-19 00:00:00.000 +0200,0.23584,0.23938,0.22697,0.23052,229680700
1990-09-20 00:00:00.000 +0200,0.22875,0.22875,0.22165,0.22431,127056800
1990-09-21 00:00:00.000 +0200,0.22697,0.23052,0.21988,0.22343,193686800
1990-09-24 00:00:00.000 +0200,0.22343,0.22343,0.21101,0.21456,174343500
1990-09-25 00:00:00.000 +0200,0.21633,0.21811,0.20747,0.21279,198832900
1990-09-26 00:00:00.000 +0200,0.21279,0.21633,0.21101,0.21101,118498900
1990-09-27 00:00:00.000 +0200,0.21279,0.21633,0.1986,0.20037,179179300
1990-09-28 00:00:00.000 +0200,0.20215,0.20569,0.19328,0.20569,221602100
1990-10-01 00:00:00.000 +0200,0.20924,0.21988,0.20747,0.21633,195942600
1990-10-02 00:00:00.000 +0200,0.21988,0.22697,0.20924,0.21013,341116200
1990-10-03 00:00:00.000 +0200,0.21101,0.21101,0.18973,0.19151,337662000
1990-10-04 00:00:00.000 +0200,0.18973,0.1986,0.18619,0.1986,268747900
1990-10-05 00:00:00.000 +0200,0.19151,0.20392,0.19151,0.1986,125238000
1990-10-08 00:00:00.000 +0200,0.20392,0.20747,0.20037,0.20658,77457800
1990-10-09 00:00:00.000 +0200,0.20215,0.20569,0.19683,0.1986,151785700
1990-10-10 00:00:00.000 +0200,0.19328,0.1986,0.18442,0.18796,186186400
1990-10-11 00:00:00.000 +0200,0.18973,0.19771,0.18087,0.19683,259287700
1990-10-12 00:00:00.000 +0200,0.20037,0.20215,0.19151,0.20037,287823300
1990-10-15 00:00:00.000 +0200,0.20215,0.20392,0.18885,0.19683,253042000
1990-10-16 00:00:00.000 +0200,0.19505,0.19505,0.172,0.17732,384229600
1990-10-17 00:00:00.000 +0200,0.1791,0.18796,0.17732,0.18796,389051400
1990-10-18 00:00:00.000 +0200,0.18796,0.20392,0.18796,0.20215,396523700
1990-10-19 00:00:00.000 +0200,0.22165,0.2252,0.21456,0.22254,1175387800
1990-10-22 00:00:00.000 +0200,0.22343,0.22343,0.21633,0.22077,318149600
1990-10-23 00:00:00.000 +0200,0.21988,0.22343,0.21456,0.21988,210280900
1990-10-24 00:00:00.000 +0200,0.21811,0.21988,0.21279,0.21633,178530800
1990-10-25 00:00:00.000 +0200,0.21456,0.22165,0.21013,0.21279,193179300
1990-10-26 00:00:00.000 +0200,0.21101,0.22165,0.21101,0.21279,168929700
1990-10-29 00:00:00.000 +0200,0.21456,0.21633,0.21101,0.2119,155437300
1990-10-30 00:00:00.000 +0200,0.21101,0.21811,0.20481,0.21545,123419400
1990-10-31 00:00:00.000 +0200,0.21633,0.22609,0.21456,0.21811,187257900
1990-11-01 00:00:00.000 +0200,0.21633,0.21988,0.21101,0.21633,114114200
1990-11-02 00:00:00.000 +0200,0.21633,0.22963,0.21633,0.2252,187074600
1990-11-05 00:00:00.000 +0200,0.22875,0.23761,0.22697,0.23584,232218200
1990-11-06 00:00:00.000 +0200,0.23761,0.24471,0.23584,0.23761,232584900
1990-11-07 00:00:00.000 +0200,0.23761,0.23939,0.23141,0.23584,255509100
1990-11-08 00:00:00.000 +0200,0.23407,0.24825,0.23407,0.2447,250814600
1990-11-09 00:00:00.000 +0200,0.24825,0.25357,0.24471,0.2518,249531400
1990-11-12 00:00:00.000 +0200,0.2518,0.26066,0.25002,0.25712,182591300
1990-11-13 00:00:00.000 +0200,0.25712,0.25889,0.25357,0.25534,178686000
1990-11-14 00:00:00.000 +0200,0.25357,0.26421,0.25357,0.26244,240113700
1990-11-15 00:00:00.000 +0200,0.26066,0.26244,0.2518,0.25534,203640500
1990-11-16 00:00:00.000 +0200,0.25442,0.2562,0.2473,0.24997,229603800
1990-11-19 00:00:00.000 +0200,0.25264,0.25887,0.25086,0.25887,280920500
1990-11-20 00:00:00.000 +0200,0.25976,0.26154,0.25086,0.25264,192746400
1990-11-21 00:00:00.000 +0200,0.25086,0.25798,0.2473,0.25709,154582100
1990-11-23 00:00:00.000 +0200,0.25798,0.26331,0.2562,0.25887,66745300
1990-11-26 00:00:00.000 +0200,0.2562,0.26331,0.2562,0.26154,102197600
1990-11-27 00:00:00.000 +0200,0.26331,0.27221,0.26154,0.26687,206488900
1990-11-28 00:00:00.000 +0200,0.26865,0.27399,0.26154,0.26154,219444500
1990-11-29 00:00:00.000 +0200,0.26331,0.26331,0.25798,0.26154,158966200
1990-11-30 00:00:00.000 +0200,0.25798,0.26509,0.25798,0.26154,152446300
1990-12-03 00:00:00.000 +0200,0.26509,0.27221,0.26331,0.27132,207514600
1990-12-04 00:00:00.000 +0200,0.26687,0.27577,0.26687,0.27399,190891600
1990-12-05 00:00:00.000 +0200,0.27399,0.28644,0.26954,0.28555,273993000
1990-12-06 00:00:00.000 +0200,0.29356,0.29712,0.28822,0.29356,667762100
1990-12-07 00:00:00.000 +0200,0.29178,0.30423,0.29178,0.30246,413596100
1990-12-10 00:00:00.000 +0200,0.30068,0.30246,0.29534,0.29712,314391500
1990-12-11 00:00:00.000 +0200,0.29356,0.29534,0.28466,0.28466,436457800
1990-12-12 00:00:00.000 +0200,0.28289,0.28466,0.27755,0.282,304063400
1990-12-13 00:00:00.000 +0200,0.28111,0.29178,0.28111,0.29,201655200
1990-12-14 00:00:00.000 +0200,0.28644,0.28822,0.28111,0.28377,109237500
1990-12-17 00:00:00.000 +0200,0.27755,0.28822,0.27755,0.28555,164488600
1990-12-18 00:00:00.000 +0200,0.29178,0.30246,0.29,0.30068,277253100
1990-12-19 00:00:00.000 +0200,0.30246,0.30246,0.29267,0.29801,176474600
1990-12-20 00:00:00.000 +0200,0.29356,0.31669,0.29356,0.31313,503189500
1990-12-21 00:00:00.000 +0200,0.31491,0.32203,0.30957,0.32025,434266100
1990-12-24 00:00:00.000 +0200,0.31847,0.32025,0.31313,0.31313,73672800
1990-12-26 00:00:00.000 +0200,0.31313,0.31491,0.30601,0.31135,129317300
1990-12-27 00:00:00.000 +0200,0.30779,0.31313,0.30779,0.30957,122516300
1990-12-28 00:00:00.000 +0200,0.30779,0.30957,0.30423,0.30601,80206800
1990-12-31 00:00:00.000 +0200,0.30601,0.30779,0.30423,0.30601,55546100
1991-01-02 00:00:00.000 +0200,0.30423,0.31313,0.2989,0.30957,194446600
1991-01-03 00:00:00.000 +0200,0.30957,0.31491,0.30601,0.30601,188418400
1991-01-04 00:00:00.000 +0200,0.30601,0.31491,0.30601,0.30779,177556600
1991-01-07 00:00:00.000 +0200,0.30601,0.32203,0.30601,0.30779,389933100
1991-01-08 00:00:00.000 +0200,0.31135,0.31224,0.30246,0.30779,274372400
1991-01-09 00:00:00.000 +0200,0.31491,0.32736,0.31135,0.32203,586234700
1991-01-10 00:00:00.000 +0200,0.32558,0.33626,0.32558,0.33537,546159300
1991-01-11 00:00:00.000 +0200,0.33448,0.33626,0.32736,0.33448,385984600
1991-01-14 00:00:00.000 +0200,0.32736,0.3327,0.32736,0.32914,264522200
1991-01-15 00:00:00.000 +0200,0.33092,0.3327,0.32736,0.3327,240957600
1991-01-16 00:00:00.000 +0200,0.33448,0.35583,0.3327,0.35405,490093200
1991-01-17 00:00:00.000 +0200,0.37362,0.3754,0.34871,0.36473,742320500
1991-01-18 00:00:00.000 +0200,0.34693,0.36117,0.34516,0.35761,1183401400
1991-01-21 00:00:00.000 +0200,0.35405,0.3665,0.35405,0.36117,406879300
1991-01-22 00:00:00.000 +0200,0.36295,0.37362,0.35939,0.36473,536632400
1991-01-23 00:00:00.000 +0200,0.36473,0.37184,0.36295,0.36828,306452300
1991-01-24 00:00:00.000 +0200,0.3665,0.3754,0.3665,0.37095,293496700
1991-01-25 00:00:00.000 +0200,0.37006,0.38163,0.37006,0.38074,280794000
1991-01-28 00:00:00.000 +0200,0.37896,0.39319,0.37896,0.38785,343113100
1991-01-29 00:00:00.000 +0200,0.38608,0.38785,0.37184,0.38252,270438000
1991-01-30 00:00:00.000 +0200,0.37896,0.39675,0.37896,0.39497,422518900
1991-01-31 00:00:00.000 +0200,0.39497,0.39853,0.38963,0.39497,304358600
1991-02-01 00:00:00.000 +0200,0.39497,0.41187,0.39497,0.39675,557737900
1991-02-04 00:00:00.000 +0200,0.39675,0.39853,0.39141,0.39319,336045100
1991-02-05 00:00:00.000 +0200,0.39319,0.41276,0.38963,0.41098,446786000
1991-02-06 00:00:00.000 +0200,0.41098,0.41454,0.40209,0.40476,279234300
1991-02-07 00:00:00.000 +0200,0.40565,0.4181,0.39675,0.41098,652614500
1991-02-08 00:00:00.000 +0200,0.4092,0.42878,0.4092,0.42611,393389900
1991-02-11 00:00:00.000 +0200,0.427,0.43767,0.42522,0.43678,405277600
1991-02-12 00:00:00.000 +0200,0.43411,0.43589,0.42255,0.427,281974300
1991-02-13 00:00:00.000 +0200,0.427,0.42878,0.41276,0.427,320616300
1991-02-14 00:00:00.000 +0200,0.427,0.427,0.40387,0.40654,473835600
1991-02-15 00:00:00.000 +0200,0.40828,0.4172,0.40828,0.41096,457738600
1991-02-19 00:00:00.000 +0200,0.41007,0.42968,0.40917,0.42789,283261300
1991-02-20 00:00:00.000 +0200,0.42433,0.44037,0.42255,0.43503,267472200
1991-02-21 00:00:00.000 +0200,0.43681,0.44394,0.41898,0.42076,238965300
1991-02-22 00:00:00.000 +0200,0.42076,0.44037,0.4172,0.42611,291169700
1991-02-25 00:00:00.000 +0200,0.42968,0.43146,0.41007,0.41363,449802200
1991-02-26 00:00:00.000 +0200,0.41007,0.41898,0.40293,0.41541,313016100
1991-02-27 00:00:00.000 +0200,0.41541,0.4172,0.41007,0.41541,218310600
1991-02-28 00:00:00.000 +0200,0.41541,0.4172,0.40115,0.40828,284649400
1991-03-01 00:00:00.000 +0200,0.4065,0.42076,0.4065,0.41185,157917300
1991-03-04 00:00:00.000 +0200,0.41363,0.41898,0.4065,0.41631,110620600
1991-03-05 00:00:00.000 +0200,0.42076,0.45107,0.42076,0.45018,552682800
1991-03-06 00:00:00.000 +0200,0.45642,0.46801,0.4484,0.44929,655983900
1991-03-07 00:00:00.000 +0200,0.45286,0.48138,0.45107,0.4796,402828000
1991-03-08 00:00:00.000 +0200,0.48316,0.48673,0.46355,0.46355,403388900
1991-03-11 00:00:00.000 +0200,0.45999,0.46177,0.44394,0.45286,219558700
1991-03-12 00:00:00.000 +0200,0.44929,0.45464,0.44572,0.4484,292558000
1991-03-13 00:00:00.000 +0200,0.44751,0.47425,0.44751,0.47247,218535100
1991-03-14 00:00:00.000 +0200,0.47603,0.48138,0.45999,0.46534,284284800
1991-03-15 00:00:00.000 +0200,0.4689,0.47425,0.46534,0.47247,256450900
1991-03-18 00:00:00.000 +0200,0.4689,0.48673,0.4689,0.48316,267935100
1991-03-19 00:00:00.000 +0200,0.47425,0.50099,0.4689,0.49565,528578500
1991-03-20 00:00:00.000 +0200,0.49386,0.49564,0.47692,0.48316,452845100
1991-03-21 00:00:00.000 +0200,0.48673,0.4903,0.45464,0.46177,371586600
1991-03-22 00:00:00.000 +0200,0.45642,0.46177,0.44394,0.45107,423328300
1991-03-25 00:00:00.000 +0200,0.45286,0.46355,0.45107,0.45999,170088600
1991-03-26 00:00:00.000 +0200,0.46177,0.50099,0.46177,0.49921,417691600
1991-03-27 00:00:00.000 +0200,0.49921,0.50099,0.48851,0.49386,238152100
1991-03-28 00:00:00.000 +0200,0.49386,0.49921,0.48316,0.48495,98533600
1991-04-01 00:00:00.000 +0200,0.48495,0.49564,0.48138,0.48851,147639100
1991-04-02 00:00:00.000 +0200,0.49208,0.51882,0.48851,0.51882,366735100
1991-04-03 00:00:00.000 +0200,0.51704,0.51882,0.49921,0.49921,300634700
1991-04-04 00:00:00.000 +0200,0.49921,0.51347,0.49565,0.50991,210878900
1991-04-05 00:00:00.000 +0200,0.51169,0.51169,0.4903,0.49475,194571100
1991-04-08 00:00:00.000 +0200,0.49386,0.49921,0.4903,0.49921,90737300
1991-04-09 00:00:00.000 +0200,0.49743,0.49921,0.48673,0.4903,149546100
1991-04-10 00:00:00.000 +0200,0.48851,0.49386,0.47603,0.47692,270935800
1991-04-11 00:00:00.000 +0200,0.48316,0.50902,0.48138,0.50634,445189000
1991-04-12 00:00:00.000 +0200,0.50991,0.52239,0.49743,0.51169,460374700
1991-04-15 00:00:00.000 +0200,0.44037,0.45999,0.42789,0.44394,2128841200
1991-04-16 00:00:00.000 +0200,0.45107,0.45999,0.44572,0.4582,777204900
1991-04-17 00:00:00.000 +0200,0.46355,0.46355,0.44216,0.45107,403641300
1991-04-18 00:00:00.000 +0200,0.44751,0.44929,0.43324,0.43503,309692900
1991-04-19 00:00:00.000 +0200,0.43503,0.43859,0.42433,0.42522,359696100
1991-04-22 00:00:00.000 +0200,0.42433,0.44216,0.41898,0.43859,321780000
1991-04-23 00:00:00.000 +0200,0.44394,0.44929,0.42968,0.43859,297087000
1991-04-24 00:00:00.000 +0200,0.44037,0.44216,0.43146,0.43324,132018400
1991-04-25 00:00:00.000 +0200,0.42611,0.42611,0.4172,0.4172,394849400
1991-04-26 00:00:00.000 +0200,0.4172,0.42076,0.41185,0.41809,156571200
1991-04-29 00:00:00.000 +0200,0.4172,0.42968,0.41541,0.41541,258792500
1991-04-30 00:00:00.000 +0200,0.41185,0.41541,0.38867,0.39224,890714400
1991-05-01 00:00:00.000 +0200,0.34232,0.34945,0.33518,0.33697,2339159600
1991-05-02 00:00:00.000 +0200,0.34053,0.3548,0.33875,0.34945,1015511300
1991-05-03 00:00:00.000 +0200,0.34945,0.35301,0.3441,0.34945,305121700
1991-05-06 00:00:00.000 +0200,0.34588,0.36014,0.3441,0.35836,265831700
1991-05-07 00:00:00.000 +0200,0.36371,0.36549,0.36014,0.36104,338634600
1991-05-08 00:00:00.000 +0200,0.36193,0.36193,0.35123,0.3548,221325400
1991-05-09 00:00:00.000 +0200,0.35658,0.36728,0.3548,0.36193,298236800
1991-05-10 00:00:00.000 +0200,0.36728,0.37976,0.36193,0.36549,302639900
1991-05-13 00:00:00.000 +0200,0.37263,0.38154,0.36728,0.37619,306664200
1991-05-14 00:00:00.000 +0200,0.37619,0.38332,0.37441,0.38154,271608900
1991-05-15 00:00:00.000 +0200,0.36728,0.37084,0.34945,0.36014,648958600
1991-05-16 00:00:00.000 +0200,0.36371,0.36549,0.34588,0.34945,478421400
1991-05-17 00:00:00.000 +0200,0.34766,0.34766,0.33162,0.33518,589757100
1991-05-20 00:00:00.000 +0200,0.33783,0.33962,0.31459,0.31638,327392500
1991-05-21 00:00:00.000 +0200,0.32353,0.33247,0.31996,0.32353,436821900
1991-05-22 00:00:00.000 +0200,0.3271,0.33247,0.32532,0.33068,283811000
1991-05-23 00:00:00.000 +0200,0.33247,0.33425,0.31996,0.32264,260565700
1991-05-24 00:00:00.000 +0200,0.32532,0.32889,0.32174,0.328,121289600
1991-05-28 00:00:00.000 +0200,0.32889,0.33068,0.32353,0.32889,214089000
1991-05-29 00:00:00.000 +0200,0.33068,0.3414,0.328,0.33604,479536100
1991-05-30 00:00:00.000 +0200,0.33604,0.3414,0.33247,0.34051,197739000
1991-05-31 00:00:00.000 +0200,0.33962,0.3414,0.33068,0.33604,272062600
1991-06-03 00:00:00.000 +0200,0.33604,0.35392,0.33425,0.35213,274817800
1991-06-04 00:00:00.000 +0200,0.35392,0.35392,0.34677,0.35124,230131400
1991-06-05 00:00:00.000 +0200,0.35213,0.35213,0.3414,0.34319,166451600
1991-06-06 00:00:00.000 +0200,0.34498,0.34498,0.33247,0.33336,210424600
1991-06-07 00:00:00.000 +0200,0.33068,0.33604,0.32621,0.32979,190745900
1991-06-10 00:00:00.000 +0200,0.32889,0.33694,0.3271,0.32889,209095900
1991-06-11 00:00:00.000 +0200,0.32174,0.32532,0.31638,0.31906,235474200
1991-06-12 00:00:00.000 +0200,0.31459,0.31996,0.29493,0.30297,544013000
1991-06-13 00:00:00.000 +0200,0.30387,0.30744,0.29851,0.30119,263950400
1991-06-14 00:00:00.000 +0200,0.30565,0.30565,0.29136,0.29404,281335400
1991-06-17 00:00:00.000 +0200,0.29314,0.30208,0.29314,0.30029,208047000
1991-06-18 00:00:00.000 +0200,0.30208,0.30923,0.29672,0.30119,305559800
1991-06-19 00:00:00.000 +0200,0.29851,0.30208,0.29493,0.29851,223459900
1991-06-20 00:00:00.000 +0200,0.29493,0.30029,0.29136,0.30029,179878400
1991-06-21 00:00:00.000 +0200,0.30029,0.30387,0.29851,0.30029,257264900
1991-06-24 00:00:00.000 +0200,0.29851,0.30208,0.29493,0.29851,259726500
1991-06-25 00:00:00.000 +0200,0.30029,0.30744,0.29851,0.30297,284622200
1991-06-26 00:00:00.000 +0200,0.30565,0.31102,0.30208,0.30744,312748700
1991-06-27 00:00:00.000 +0200,0.30387,0.30565,0.29851,0.30387,188815800
1991-06-28 00:00:00.000 +0200,0.30208,0.30387,0.28778,0.29672,283027600
1991-07-01 00:00:00.000 +0200,0.30208,0.30744,0.29851,0.30387,243292600
1991-07-02 00:00:00.000 +0200,0.30208,0.30565,0.29851,0.30208,150031600
1991-07-03 00:00:00.000 +0200,0.30208,0.31102,0.29851,0.30834,387589800
1991-07-05 00:00:00.000 +0200,0.30744,0.32889,0.30565,0.32621,414038100
1991-07-08 00:00:00.000 +0200,0.32353,0.33783,0.32174,0.33425,383477900
1991-07-09 00:00:00.000 +0200,0.33783,0.34498,0.33247,0.33515,282776000
1991-07-10 00:00:00.000 +0200,0.33962,0.34498,0.33425,0.33783,195529200
1991-07-11 00:00:00.000 +0200,0.33604,0.33783,0.32889,0.33425,182214200
1991-07-12 00:00:00.000 +0200,0.33783,0.33783,0.33068,0.33425,165780300
1991-07-15 00:00:00.000 +0200,0.33425,0.33425,0.32532,0.32532,172311800
1991-07-16 00:00:00.000 +0200,0.32532,0.3271,0.31102,0.3128,278468300
1991-07-17 00:00:00.000 +0200,0.31102,0.31817,0.30208,0.30387,260915400
1991-07-18 00:00:00.000 +0200,0.31459,0.32264,0.30744,0.32085,497410500
1991-07-19 00:00:00.000 +0200,0.32353,0.33068,0.32174,0.32889,160367400
1991-07-22 00:00:00.000 +0200,0.3271,0.33068,0.32532,0.32889,135709500
1991-07-23 00:00:00.000 +0200,0.33068,0.33247,0.31817,0.32174,166157800
1991-07-24 00:00:00.000 +0200,0.32353,0.3271,0.31817,0.32174,164157800
1991-07-25 00:00:00.000 +0200,0.32353,0.3271,0.32174,0.32353,82169800
1991-07-26 00:00:00.000 +0200,0.3271,0.3271,0.31996,0.32085,92701500
1991-07-29 00:00:00.000 +0200,0.32353,0.32532,0.31817,0.32532,66561000
1991-07-30 00:00:00.000 +0200,0.32532,0.33425,0.32532,0.33247,114716000
1991-07-31 00:00:00.000 +0200,0.33247,0.33515,0.32174,0.33068,128380700
1991-08-01 00:00:00.000 +0200,0.32889,0.35213,0.3271,0.35124,559985600
1991-08-02 00:00:00.000 +0200,0.3557,0.35928,0.35034,0.35749,340931300
1991-08-05 00:00:00.000 +0200,0.3557,0.3557,0.34498,0.34677,125835200
1991-08-06 00:00:00.000 +0200,0.34855,0.35928,0.3414,0.35392,275265400
1991-08-07 00:00:00.000 +0200,0.35392,0.36464,0.35302,0.36017,264258100
1991-08-08 00:00:00.000 +0200,0.36285,0.37,0.35749,0.36107,236579100
1991-08-09 00:00:00.000 +0200,0.36107,0.36464,0.3557,0.36285,192815800
1991-08-12 00:00:00.000 +0200,0.36285,0.37358,0.36107,0.37,177990300
1991-08-13 00:00:00.000 +0200,0.37179,0.38609,0.37179,0.38252,357882800
1991-08-14 00:00:00.000 +0200,0.39145,0.39324,0.3852,0.39235,250649400
1991-08-15 00:00:00.000 +0200,0.39324,0.39324,0.37894,0.38073,181752700
1991-08-16 00:00:00.000 +0200,0.37715,0.38788,0.37358,0.38073,198312500
1991-08-19 00:00:00.000 +0200,0.35472,0.36994,0.34755,0.36188,401801900
1991-08-20 00:00:00.000 +0200,0.36905,0.37084,0.36188,0.36546,248479900
1991-08-21 00:00:00.000 +0200,0.37621,0.38786,0.37263,0.38517,278315300
1991-08-22 00:00:00.000 +0200,0.38696,0.39234,0.38517,0.38875,206392200
1991-08-23 00:00:00.000 +0200,0.38696,0.39771,0.378,0.3798,299554700
1991-08-26 00:00:00.000 +0200,0.3798,0.38338,0.37621,0.3798,126584400
1991-08-27 00:00:00.000 +0200,0.3798,0.38696,0.378,0.38696,125035400
1991-08-28 00:00:00.000 +0200,0.38696,0.38875,0.38069,0.38159,134050300
1991-08-29 00:00:00.000 +0200,0.38159,0.38607,0.37621,0.3798,141237000
1991-08-30 00:00:00.000 +0200,0.3798,0.38159,0.37442,0.3798,82403400
1991-09-03 00:00:00.000 +0200,0.378,0.38159,0.37263,0.37621,85194400
1991-09-04 00:00:00.000 +0200,0.378,0.378,0.36815,0.36905,149247100
1991-09-05 00:00:00.000 +0200,0.36905,0.37084,0.36367,0.36546,97042000
1991-09-06 00:00:00.000 +0200,0.36546,0.37084,0.36188,0.36905,98772400
1991-09-09 00:00:00.000 +0200,0.37084,0.38338,0.36905,0.38159,157592100
1991-09-10 00:00:00.000 +0200,0.378,0.38248,0.35651,0.35919,227812800
1991-09-11 00:00:00.000 +0200,0.36367,0.36546,0.35472,0.36188,221784400
1991-09-12 00:00:00.000 +0200,0.36726,0.36726,0.35651,0.36278,148535300
1991-09-13 00:00:00.000 +0200,0.3583,0.36009,0.34755,0.34845,207745800
1991-09-16 00:00:00.000 +0200,0.35292,0.35292,0.33322,0.33859,256392300
1991-09-17 00:00:00.000 +0200,0.3368,0.35113,0.33501,0.35113,168714100
1991-09-18 00:00:00.000 +0200,0.34934,0.36188,0.34755,0.35919,151200700
1991-09-19 00:00:00.000 +0200,0.36009,0.36188,0.35472,0.35651,222203000
1991-09-20 00:00:00.000 +0200,0.35651,0.36546,0.35472,0.36278,234427400
1991-09-23 00:00:00.000 +0200,0.3583,0.36367,0.35292,0.35472,109224600
1991-09-24 00:00:00.000 +0200,0.35472,0.36099,0.34576,0.36009,132194300
1991-09-25 00:00:00.000 +0200,0.36009,0.36188,0.35292,0.36188,67862400
1991-09-26 00:00:00.000 +0200,0.36009,0.36009,0.35113,0.3583,88738900
1991-09-27 00:00:00.000 +0200,0.3583,0.36367,0.34934,0.35113,78258800
1991-09-30 00:00:00.000 +0200,0.35292,0.35651,0.35113,0.35472,78747200
1991-10-01 00:00:00.000 +0200,0.35292,0.36726,0.35113,0.36367,163690300
1991-10-02 00:00:00.000 +0200,0.37084,0.37084,0.35472,0.35651,22411500
1991-10-03 00:00:00.000 +0200,0.3583,0.3583,0.34038,0.34217,225524200
1991-10-04 00:00:00.000 +0200,0.34397,0.34934,0.34038,0.34576,98898000
1991-10-07 00:00:00.000 +0200,0.34397,0.34934,0.34038,0.34486,80617100
1991-10-08 00:00:00.000 +0200,0.34486,0.34755,0.33322,0.34576,214625600
1991-10-09 00:00:00.000 +0200,0.34576,0.34934,0.34217,0.34397,165392900
1991-10-10 00:00:00.000 +0200,0.34934,0.35113,0.33501,0.34217,195884100
1991-10-11 00:00:00.000 +0200,0.34486,0.35024,0.33322,0.34755,149582000
1991-10-14 00:00:00.000 +0200,0.35113,0.36009,0.34934,0.3574,139395000
1991-10-15 00:00:00.000 +0200,0.36188,0.37621,0.3583,0.37621,359100100
1991-10-16 00:00:00.000 +0200,0.37621,0.38696,0.37442,0.38338,250280200
1991-10-17 00:00:00.000 +0200,0.3798,0.38159,0.36905,0.37532,188906700
1991-10-18 00:00:00.000 +0200,0.39502,0.39771,0.39055,0.39413,556896000
1991-10-21 00:00:00.000 +0200,0.39592,0.4004,0.38875,0.39234,145395500
1991-10-22 00:00:00.000 +0200,0.39771,0.40309,0.39055,0.39055,259420600
1991-10-23 00:00:00.000 +0200,0.39413,0.39592,0.378,0.38069,210355300
1991-10-24 00:00:00.000 +0200,0.3798,0.38159,0.36905,0.37353,221658800
1991-10-25 00:00:00.000 +0200,0.37084,0.37442,0.36367,0.36726,133282700
1991-10-28 00:00:00.000 +0200,0.36905,0.37084,0.36367,0.36905,97014100
1991-10-29 00:00:00.000 +0200,0.36905,0.37263,0.36367,0.37084,126137800
1991-10-30 00:00:00.000 +0200,0.37263,0.378,0.35472,0.35651,184706300
1991-10-31 00:00:00.000 +0200,0.36367,0.37084,0.3583,0.36905,288823400
1991-11-01 00:00:00.000 +0200,0.36726,0.37263,0.36188,0.36546,250768500
1991-11-04 00:00:00.000 +0200,0.36367,0.36367,0.34755,0.35651,243330700
1991-11-05 00:00:00.000 +0200,0.35651,0.36188,0.34934,0.34934,268630800
1991-11-06 00:00:00.000 +0200,0.35113,0.35292,0.34038,0.34397,295033400
1991-11-07 00:00:00.000 +0200,0.34755,0.36188,0.34576,0.35651,369719700
1991-11-08 00:00:00.000 +0200,0.36726,0.38517,0.36546,0.38159,468268900
1991-11-11 00:00:00.000 +0200,0.38338,0.39055,0.38159,0.38517,205512900
1991-11-12 00:00:00.000 +0200,0.38875,0.39234,0.38517,0.39055,207690000
1991-11-13 00:00:00.000 +0200,0.38696,0.39055,0.38338,0.38786,231650400
1991-11-14 00:00:00.000 +0200,0.38875,0.39592,0.38696,0.39234,234246000
1991-11-15 00:00:00.000 +0200,0.39055,0.39234,0.35651,0.3583,320152100
1991-11-18 00:00:00.000 +0200,0.35916,0.37712,0.35916,0.37442,296747900
1991-11-19 00:00:00.000 +0200,0.37173,0.37173,0.35736,0.36814,354855600
1991-11-20 00:00:00.000 +0200,0.36814,0.37353,0.36096,0.36275,208945700
1991-11-21 00:00:00.000 +0200,0.36275,0.37173,0.36275,0.36634,132768100
1991-11-22 00:00:00.000 +0200,0.36634,0.37173,0.36096,0.36814,121617100
1991-11-25 00:00:00.000 +0200,0.36634,0.37532,0.36634,0.36814,97491300
1991-11-26 00:00:00.000 +0200,0.36993,0.37353,0.35916,0.36993,173112200
1991-11-27 00:00:00.000 +0200,0.36814,0.36993,0.36275,0.36634,78600100
1991-11-29 00:00:00.000 +0200,0.36275,0.36993,0.36275,0.36455,42376600
1991-12-02 00:00:00.000 +0200,0.36455,0.37353,0.35916,0.37173,147789300
1991-12-03 00:00:00.000 +0200,0.37353,0.37353,0.36096,0.36275,127853800
1991-12-04 00:00:00.000 +0200,0.36455,0.36455,0.35916,0.36275,100122400
1991-12-05 00:00:00.000 +0200,0.36275,0.36634,0.35377,0.35916,123301500
1991-12-06 00:00:00.000 +0200,0.35557,0.35736,0.34839,0.35018,244849100
1991-12-09 00:00:00.000 +0200,0.35198,0.35916,0.35018,0.35287,121603200
1991-12-10 00:00:00.000 +0200,0.35198,0.35557,0.34839,0.35287,152411200
1991-12-11 00:00:00.000 +0200,0.35377,0.35736,0.34839,0.35198,105106300
1991-12-12 00:00:00.000 +0200,0.35467,0.35736,0.35198,0.35467,114043800
1991-12-13 00:00:00.000 +0200,0.35736,0.36455,0.35736,0.36185,118234200
1991-12-16 00:00:00.000 +0200,0.36185,0.36455,0.35916,0.36275,95946000
1991-12-17 00:00:00.000 +0200,0.36275,0.36634,0.36096,0.36275,121617000
1991-12-18 00:00:00.000 +0200,0.36096,0.37353,0.35916,0.37173,231944000
1991-12-19 00:00:00.000 +0200,0.36814,0.37173,0.36455,0.36455,143348300
1991-12-20 00:00:00.000 +0200,0.36814,0.36993,0.36096,0.36096,159330000
1991-12-23 00:00:00.000 +0200,0.36275,0.37173,0.35916,0.36993,128229700
1991-12-24 00:00:00.000 +0200,0.37353,0.3861,0.37173,0.37532,234380100
1991-12-26 00:00:00.000 +0200,0.37891,0.39508,0.37532,0.39418,167181700
1991-12-27 00:00:00.000 +0200,0.39328,0.40046,0.39148,0.39508,208500400
1991-12-30 00:00:00.000 +0200,0.39508,0.41124,0.39508,0.40765,228268700
1991-12-31 00:00:00.000 +0200,0.41214,0.41663,0.40226,0.40495,166597000
1992-01-02 00:00:00.000 +0200,0.40046,0.4292,0.39867,0.4274,290399800
1992-01-03 00:00:00.000 +0200,0.43099,0.43279,0.41842,0.42381,236482200
1992-01-06 00:00:00.000 +0200,0.42201,0.42381,0.41483,0.41663,141997900
1992-01-07 00:00:00.000 +0200,0.41303,0.4274,0.41303,0.42471,175840800
1992-01-08 00:00:00.000 +0200,0.42022,0.43997,0.42022,0.43458,289299900
1992-01-09 00:00:00.000 +0200,0.43458,0.44715,0.43279,0.44715,259174200
1992-01-10 00:00:00.000 +0200,0.44177,0.44895,0.43818,0.44715,243902400
1992-01-13 00:00:00.000 +0200,0.44715,0.45075,0.44177,0.44536,134062700
1992-01-14 00:00:00.000 +0200,0.44715,0.46511,0.44715,0.46332,340335600
1992-01-15 00:00:00.000 +0200,0.46332,0.46691,0.45254,0.45613,404889000
1992-01-16 00:00:00.000 +0200,0.45793,0.46152,0.44895,0.45075,364851200
1992-01-17 00:00:00.000 +0200,0.48666,0.49564,0.46511,0.46511,1054487900
1992-01-20 00:00:00.000 +0200,0.46332,0.4687,0.45973,0.45973,260607900
1992-01-21 00:00:00.000 +0200,0.46152,0.46152,0.43818,0.43907,241243400
1992-01-22 00:00:00.000 +0200,0.44177,0.45793,0.43997,0.45613,228310400
1992-01-23 00:00:00.000 +0200,0.46152,0.46511,0.45254,0.46332,171970600
1992-01-24 00:00:00.000 +0200,0.46332,0.4723,0.45973,0.46421,220765100
1992-01-27 00:00:00.000 +0200,0.46511,0.4687,0.46152,0.46332,103728100
1992-01-28 00:00:00.000 +0200,0.46511,0.4696,0.45254,0.4687,215934300
1992-01-29 00:00:00.000 +0200,0.46511,0.4723,0.45434,0.45434,179683000
1992-01-30 00:00:00.000 +0200,0.45613,0.45793,0.45075,0.45793,108280400
1992-01-31 00:00:00.000 +0200,0.45973,0.4687,0.45613,0.46511,179683100
1992-02-03 00:00:00.000 +0200,0.46511,0.47589,0.46332,0.4723,196555700
1992-02-04 00:00:00.000 +0200,0.4723,0.47589,0.46691,0.4723,239809400
1992-02-05 00:00:00.000 +0200,0.47589,0.47948,0.46781,0.47499,200746100
1992-02-06 00:00:00.000 +0200,0.4723,0.47409,0.45973,0.46062,115770100
1992-02-07 00:00:00.000 +0200,0.46152,0.46511,0.45075,0.45973,183386100
1992-02-10 00:00:00.000 +0200,0.45973,0.46152,0.45254,0.45344,107445100
1992-02-11 00:00:00.000 +0200,0.45254,0.45793,0.44715,0.45164,151659400
1992-02-12 00:00:00.000 +0200,0.45793,0.4705,0.45254,0.4687,171483400
1992-02-13 00:00:00.000 +0200,0.4687,0.4687,0.45793,0.46152,94484300
1992-02-14 00:00:00.000 +0200,0.45879,0.46238,0.45519,0.46148,90056000
1992-02-18 00:00:00.000 +0200,0.46238,0.46418,0.45159,0.45159,84803500
1992-02-19 00:00:00.000 +0200,0.45159,0.45339,0.44439,0.44619,118694300
1992-02-20 00:00:00.000 +0200,0.44979,0.46598,0.44799,0.46508,162353600
1992-02-21 00:00:00.000 +0200,0.46598,0.47138,0.46418,0.46778,188060100
1992-02-24 00:00:00.000 +0200,0.47678,0.47858,0.47318,0.47588,212654900
1992-02-25 00:00:00.000 +0200,0.47678,0.49297,0.46958,0.49297,281895500
1992-02-26 00:00:00.000 +0200,0.49117,0.50376,0.49117,0.50287,284216000
1992-02-27 00:00:00.000 +0200,0.50376,0.50376,0.48937,0.49297,151570800
1992-02-28 00:00:00.000 +0200,0.49297,0.49657,0.48217,0.48577,112149600
1992-03-02 00:00:00.000 +0200,0.48757,0.49297,0.48397,0.48397,110732300
1992-03-03 00:00:00.000 +0200,0.48757,0.48937,0.47678,0.47768,123168600
1992-03-04 00:00:00.000 +0200,0.47678,0.48038,0.46598,0.46778,143136300
1992-03-05 00:00:00.000 +0200,0.46418,0.47138,0.45339,0.45699,293692600
1992-03-06 00:00:00.000 +0200,0.45699,0.46059,0.45339,0.46059,166605500
1992-03-09 00:00:00.000 +0200,0.45879,0.46238,0.45699,0.45879,135160300
1992-03-10 00:00:00.000 +0200,0.46059,0.46598,0.45879,0.45879,152223800
1992-03-11 00:00:00.000 +0200,0.45879,0.46238,0.45339,0.45519,163340100
1992-03-12 00:00:00.000 +0200,0.45519,0.45879,0.44259,0.45159,189699700
1992-03-13 00:00:00.000 +0200,0.45519,0.45879,0.44619,0.45429,98240300
1992-03-16 00:00:00.000 +0200,0.45159,0.45699,0.44439,0.45609,69838100
1992-03-17 00:00:00.000 +0200,0.45699,0.45879,0.45159,0.45249,105577100
1992-03-18 00:00:00.000 +0200,0.45519,0.46059,0.45339,0.45879,100533000
1992-03-19 00:00:00.000 +0200,0.45879,0.45879,0.45159,0.45339,147040900
1992-03-20 00:00:00.000 +0200,0.45339,0.45519,0.45339,0.45519,67198000
1992-03-23 00:00:00.000 +0200,0.45339,0.45879,0.45339,0.45339,62126200
1992-03-24 00:00:00.000 +0200,0.45699,0.46778,0.45519,0.46778,259815800
1992-03-25 00:00:00.000 +0200,0.46778,0.46778,0.46238,0.46418,150806500
1992-03-26 00:00:00.000 +0200,0.46598,0.46958,0.45879,0.46059,152626800
1992-03-27 00:00:00.000 +0200,0.45969,0.46059,0.4354,0.439,328194800
1992-03-30 00:00:00.000 +0200,0.44079,0.44079,0.41561,0.4183,420626900
1992-03-31 00:00:00.000 +0200,0.4192,0.43,0.4174,0.4192,263803700
1992-04-01 00:00:00.000 +0200,0.41201,0.4264,0.41201,0.4246,198078600
1992-04-02 00:00:00.000 +0200,0.4246,0.4282,0.4201,0.4228,166216500
1992-04-03 00:00:00.000 +0200,0.4228,0.4264,0.421,0.4246,144484100
1992-04-06 00:00:00.000 +0200,0.4246,0.439,0.4246,0.4372,126531300
1992-04-07 00:00:00.000 +0200,0.439,0.44079,0.41201,0.41201,285619400
1992-04-08 00:00:00.000 +0200,0.41021,0.41021,0.39402,0.40211,455351500
1992-04-09 00:00:00.000 +0200,0.40301,0.4192,0.39761,0.41201,238375200
1992-04-10 00:00:00.000 +0200,0.41201,0.41381,0.39581,0.39941,340019900
1992-04-13 00:00:00.000 +0200,0.39941,0.40841,0.39761,0.40661,152390600
1992-04-14 00:00:00.000 +0200,0.41561,0.4264,0.41201,0.4228,179153100
1992-04-15 00:00:00.000 +0200,0.4174,0.4381,0.41381,0.4354,269667500
1992-04-16 00:00:00.000 +0200,0.4336,0.4372,0.421,0.4246,320941500
1992-04-20 00:00:00.000 +0200,0.4246,0.4246,0.40301,0.40841,255633300
1992-04-21 00:00:00.000 +0200,0.41021,0.41201,0.40301,0.40481,223771100
1992-04-22 00:00:00.000 +0200,0.40481,0.4174,0.40481,0.41471,212807700
1992-04-23 00:00:00.000 +0200,0.41381,0.4192,0.40301,0.41021,226814300
1992-04-24 00:00:00.000 +0200,0.41021,0.4192,0.40301,0.40661,121931900
1992-04-27 00:00:00.000 +0200,0.40301,0.40481,0.39581,0.40121,174025700
1992-04-28 00:00:00.000 +0200,0.39761,0.40121,0.38142,0.39042,216031400
1992-04-29 00:00:00.000 +0200,0.39042,0.41021,0.39042,0.41021,246768100
1992-04-30 00:00:00.000 +0200,0.41201,0.4336,0.40661,0.4327,322900600
1992-05-01 00:00:00.000 +0200,0.4318,0.4372,0.4192,0.4264,166716700
1992-05-04 00:00:00.000 +0200,0.4282,0.44079,0.4264,0.4354,152890800
1992-05-05 00:00:00.000 +0200,0.4354,0.4363,0.4282,0.4354,223423700
1992-05-06 00:00:00.000 +0200,0.4372,0.44709,0.4354,0.44439,220825300
1992-05-07 00:00:00.000 +0200,0.44259,0.44799,0.4354,0.4372,213835900
1992-05-08 00:00:00.000 +0200,0.44259,0.45249,0.439,0.44619,246517800
1992-05-11 00:00:00.000 +0200,0.44619,0.45159,0.44259,0.44799,112774900
1992-05-12 00:00:00.000 +0200,0.44799,0.45339,0.44439,0.44799,95586300
1992-05-13 00:00:00.000 +0200,0.44979,0.45519,0.44799,0.45159,120931500
1992-05-14 00:00:00.000 +0200,0.45159,0.45339,0.4336,0.44169,194688200
1992-05-15 00:00:00.000 +0200,0.439,0.44079,0.4354,0.4363,150500800
1992-05-18 00:00:00.000 +0200,0.44259,0.44259,0.4318,0.4345,160158100
1992-05-19 00:00:00.000 +0200,0.4372,0.4372,0.4246,0.4273,163367900
1992-05-20 00:00:00.000 +0200,0.43,0.4336,0.4264,0.4318,214892000
1992-05-21 00:00:00.000 +0200,0.4336,0.4336,0.4228,0.4255,170829800
1992-05-22 00:00:00.000 +0200,0.4246,0.43,0.4246,0.4282,57651900
1992-05-26 00:00:00.000 +0200,0.4282,0.43,0.4228,0.4264,118624800
1992-05-27 00:00:00.000 +0200,0.4264,0.4336,0.4246,0.4336,191172600
1992-05-28 00:00:00.000 +0200,0.4318,0.4336,0.4246,0.4282,157865400
1992-05-29 00:00:00.000 +0200,0.43,0.4363,0.4282,0.43,221144900
1992-06-01 00:00:00.000 +0200,0.41284,0.42906,0.40382,0.41464,307123100
1992-06-02 00:00:00.000 +0200,0.41464,0.41464,0.40563,0.40743,192758000
1992-06-03 00:00:00.000 +0200,0.40743,0.40743,0.3894,0.3903,372161500
1992-06-04 00:00:00.000 +0200,0.3912,0.39481,0.38579,0.39301,223058500
1992-06-05 00:00:00.000 +0200,0.39481,0.39841,0.3912,0.39571,139576200
1992-06-08 00:00:00.000 +0200,0.39661,0.39661,0.3894,0.3912,129189500
1992-06-09 00:00:00.000 +0200,0.3912,0.3912,0.3858,0.3894,125403600
1992-06-10 00:00:00.000 +0200,0.3894,0.39481,0.38579,0.3876,156758000
1992-06-11 00:00:00.000 +0200,0.3876,0.3912,0.3858,0.3885,173981400
1992-06-12 00:00:00.000 +0200,0.39301,0.39661,0.3912,0.39391,119496100
1992-06-15 00:00:00.000 +0200,0.3894,0.3894,0.37858,0.37948,234249500
1992-06-16 00:00:00.000 +0200,0.37318,0.37498,0.35154,0.35515,452371100
1992-06-17 00:00:00.000 +0200,0.35334,0.35515,0.33892,0.34253,376710100
1992-06-18 00:00:00.000 +0200,0.34253,0.35334,0.3227,0.3263,537018200
1992-06-19 00:00:00.000 +0200,0.33171,0.33171,0.31549,0.3227,529238600
1992-06-22 00:00:00.000 +0200,0.31729,0.3227,0.30827,0.31909,482810200
1992-06-23 00:00:00.000 +0200,0.3245,0.32811,0.32089,0.3263,385751700
1992-06-24 00:00:00.000 +0200,0.32811,0.33171,0.3263,0.33171,261332700
1992-06-25 00:00:00.000 +0200,0.33532,0.33532,0.3263,0.32901,198859700
1992-06-26 00:00:00.000 +0200,0.32991,0.33171,0.32089,0.3263,136650200
1992-06-29 00:00:00.000 +0200,0.32991,0.33982,0.3263,0.33712,233306500
1992-06-30 00:00:00.000 +0200,0.33712,0.34794,0.33532,0.34613,239394300
1992-07-01 00:00:00.000 +0200,0.34613,0.35695,0.34433,0.35334,177711800
1992-07-02 00:00:00.000 +0200,0.35334,0.35334,0.32991,0.33351,317773400
1992-07-06 00:00:00.000 +0200,0.33532,0.33712,0.32811,0.33351,151058500
1992-07-07 00:00:00.000 +0200,0.33351,0.33351,0.31368,0.31909,256409700
1992-07-08 00:00:00.000 +0200,0.31729,0.32991,0.31729,0.32991,242625500
1992-07-09 00:00:00.000 +0200,0.33171,0.33532,0.32991,0.33081,205280300
1992-07-10 00:00:00.000 +0200,0.33171,0.33351,0.3236,0.32991,178044600
1992-07-13 00:00:00.000 +0200,0.32991,0.33982,0.3263,0.33892,155468300
1992-07-14 00:00:00.000 +0200,0.33892,0.34613,0.33892,0.34253,155995300
1992-07-15 00:00:00.000 +0200,0.34253,0.35334,0.34073,0.34613,216013700
1992-07-16 00:00:00.000 +0200,0.34433,0.35334,0.34073,0.35154,173093800
1992-07-17 00:00:00.000 +0200,0.3245,0.33171,0.3218,0.3245,524537500
1992-07-20 00:00:00.000 +0200,0.3227,0.3263,0.31729,0.3227,237882800
1992-07-21 00:00:00.000 +0200,0.32811,0.33351,0.3245,0.32991,163372800
1992-07-22 00:00:00.000 +0200,0.3263,0.32811,0.31729,0.31909,200551500
1992-07-23 00:00:00.000 +0200,0.32089,0.3227,0.31549,0.3227,212366600
1992-07-24 00:00:00.000 +0200,0.32089,0.33351,0.31729,0.33081,167117000
1992-07-27 00:00:00.000 +0200,0.32991,0.33532,0.3263,0.3263,2967600
1992-07-28 00:00:00.000 +0200,0.32811,0.33532,0.3263,0.33532,166215600
1992-07-29 00:00:00.000 +0200,0.33622,0.34433,0.33532,0.34073,310492800
1992-07-30 00:00:00.000 +0200,0.34073,0.34253,0.33712,0.34073,170736400
1992-07-31 00:00:00.000 +0200,0.34073,0.34253,0.33712,0.33712,112312700
1992-08-03 00:00:00.000 +0200,0.33712,0.34073,0.32811,0.32991,84869000
1992-08-04 00:00:00.000 +0200,0.3245,0.32991,0.3227,0.32811,148229500
1992-08-05 00:00:00.000 +0200,0.32811,0.32811,0.32089,0.3227,172428300
1992-08-06 00:00:00.000 +0200,0.31909,0.32089,0.30827,0.31729,319409700
1992-08-07 00:00:00.000 +0200,0.30287,0.31549,0.29926,0.31278,271358800
1992-08-10 00:00:00.000 +0200,0.31188,0.32089,0.31008,0.31819,113228000
1992-08-11 00:00:00.000 +0200,0.32089,0.32089,0.31008,0.31368,150198700
1992-08-12 00:00:00.000 +0200,0.31549,0.31909,0.31188,0.31819,150295800
1992-08-13 00:00:00.000 +0200,0.32089,0.32811,0.31909,0.3227,211714800
1992-08-14 00:00:00.000 +0200,0.3245,0.3263,0.32089,0.3227,168517600
1992-08-17 00:00:00.000 +0200,0.31995,0.32357,0.31633,0.32357,158937900
1992-08-18 00:00:00.000 +0200,0.32176,0.32718,0.32176,0.32357,138690400
1992-08-19 00:00:00.000 +0200,0.32266,0.32718,0.32176,0.32176,210594100
1992-08-20 00:00:00.000 +0200,0.32357,0.32537,0.31995,0.32357,134485900
1992-08-21 00:00:00.000 +0200,0.32357,0.32718,0.31814,0.32266,135177400
1992-08-24 00:00:00.000 +0200,0.31995,0.32357,0.31272,0.31272,187912400
1992-08-25 00:00:00.000 +0200,0.31272,0.32176,0.31272,0.32085,163446600
1992-08-26 00:00:00.000 +0200,0.31995,0.32176,0.31272,0.31995,149491800
1992-08-27 00:00:00.000 +0200,0.32357,0.32628,0.31995,0.32176,102178300
1992-08-28 00:00:00.000 +0200,0.31995,0.32718,0.31814,0.32537,75624100
1992-08-31 00:00:00.000 +0200,0.32537,0.33441,0.32357,0.3326,149560900
1992-09-01 00:00:00.000 +0200,0.33441,0.33622,0.3308,0.33622,74448600
1992-09-02 00:00:00.000 +0200,0.33622,0.35249,0.33622,0.35068,234492900
1992-09-03 00:00:00.000 +0200,0.35429,0.3561,0.34526,0.34526,261614100
1992-09-04 00:00:00.000 +0200,0.34887,0.34887,0.33803,0.34164,78085900
1992-09-08 00:00:00.000 +0200,0.33803,0.34706,0.33622,0.34526,86439400
1992-09-09 00:00:00.000 +0200,0.34706,0.3561,0.34526,0.35429,194122200
1992-09-10 00:00:00.000 +0200,0.34706,0.35791,0.34345,0.3561,281764900
1992-09-11 00:00:00.000 +0200,0.35429,0.3561,0.34345,0.34435,222128600
1992-09-14 00:00:00.000 +0200,0.35429,0.36153,0.35068,0.35791,265099400
1992-09-15 00:00:00.000 +0200,0.3561,0.3561,0.34526,0.34887,269843200
1992-09-16 00:00:00.000 +0200,0.34526,0.34887,0.33622,0.33983,220690300
1992-09-17 00:00:00.000 +0200,0.34164,0.34164,0.32808,0.3326,212931400
1992-09-18 00:00:00.000 +0200,0.3308,0.33893,0.32718,0.33622,142756500
1992-09-21 00:00:00.000 +0200,0.33803,0.34526,0.33441,0.33622,110739300
1992-09-22 00:00:00.000 +0200,0.33803,0.33803,0.32718,0.3308,137736100
1992-09-23 00:00:00.000 +0200,0.3326,0.34345,0.32899,0.34345,153087700
1992-09-24 00:00:00.000 +0200,0.34164,0.34526,0.33441,0.33441,155162300
1992-09-25 00:00:00.000 +0200,0.33441,0.33622,0.32718,0.32899,169753200
1992-09-28 00:00:00.000 +0200,0.32537,0.32537,0.31633,0.32357,184634600
1992-09-29 00:00:00.000 +0200,0.32176,0.32899,0.31814,0.32447,194205200
1992-09-30 00:00:00.000 +0200,0.32537,0.32899,0.32176,0.32628,123546100
1992-10-01 00:00:00.000 +0200,0.32357,0.32628,0.31995,0.31995,151552500
1992-10-02 00:00:00.000 +0200,0.32176,0.32357,0.31091,0.31633,140211700
1992-10-05 00:00:00.000 +0200,0.31272,0.31633,0.30007,0.31453,327183700
1992-10-06 00:00:00.000 +0200,0.31633,0.32537,0.3091,0.32357,140087200
1992-10-07 00:00:00.000 +0200,0.32537,0.32718,0.31453,0.31633,139921300
1992-10-08 00:00:00.000 +0200,0.31814,0.31995,0.31091,0.31453,156794200
1992-10-09 00:00:00.000 +0200,0.31453,0.31814,0.31091,0.31362,72540000
1992-10-12 00:00:00.000 +0200,0.31272,0.31995,0.31272,0.31814,88458700
1992-10-13 00:00:00.000 +0200,0.32356,0.3326,0.31814,0.32808,181744100
1992-10-14 00:00:00.000 +0200,0.32718,0.33441,0.32537,0.3326,118207600
1992-10-15 00:00:00.000 +0200,0.3308,0.3326,0.32718,0.32899,93133300
1992-10-16 00:00:00.000 +0200,0.33803,0.35791,0.33622,0.35429,557347600
1992-10-19 00:00:00.000 +0200,0.35429,0.3561,0.35068,0.35429,242085700
1992-10-20 00:00:00.000 +0200,0.35429,0.36153,0.35068,0.3552,354705900
1992-10-21 00:00:00.000 +0200,0.3561,0.35791,0.34706,0.35068,141083000
1992-10-22 00:00:00.000 +0200,0.35068,0.3561,0.34887,0.35249,104308100
1992-10-23 00:00:00.000 +0200,0.3561,0.35791,0.34887,0.35249,112896800
1992-10-26 00:00:00.000 +0200,0.35249,0.37237,0.35068,0.37237,309563800
1992-10-27 00:00:00.000 +0200,0.37237,0.3796,0.36876,0.37237,261738600
1992-10-28 00:00:00.000 +0200,0.37056,0.38141,0.36695,0.37779,242763500
1992-10-29 00:00:00.000 +0200,0.37779,0.39045,0.37237,0.38502,264131300
1992-10-30 00:00:00.000 +0200,0.38683,0.38683,0.37599,0.3796,160321000
1992-11-02 00:00:00.000 +0200,0.3796,0.38141,0.37418,0.37779,210041000
1992-11-03 00:00:00.000 +0200,0.3796,0.3796,0.37237,0.37599,139229700
1992-11-04 00:00:00.000 +0200,0.37599,0.38141,0.37599,0.3796,175299200
1992-11-05 00:00:00.000 +0200,0.3796,0.39768,0.3796,0.39768,368052200
1992-11-06 00:00:00.000 +0200,0.39587,0.40852,0.39587,0.4031,325966500
1992-11-09 00:00:00.000 +0200,0.40491,0.40491,0.39587,0.39949,139451000
1992-11-10 00:00:00.000 +0200,0.39768,0.40852,0.39587,0.40672,150930200
1992-11-11 00:00:00.000 +0200,0.40852,0.42118,0.40672,0.41033,173404400
1992-11-12 00:00:00.000 +0200,0.41214,0.41575,0.40762,0.41123,132867800
1992-11-13 00:00:00.000 +0200,0.41214,0.41395,0.40491,0.40672,104654000
1992-11-16 00:00:00.000 +0200,0.40672,0.41756,0.40491,0.41485,83410600
1992-11-17 00:00:00.000 +0200,0.41395,0.41575,0.39677,0.39949,208450400
1992-11-18 00:00:00.000 +0200,0.40491,0.42118,0.40129,0.41756,376391900
1992-11-19 00:00:00.000 +0200,0.41756,0.43021,0.41756,0.42118,297033600
1992-11-20 00:00:00.000 +0200,0.42298,0.42479,0.41214,0.41575,192006200
1992-11-23 00:00:00.000 +0200,0.40852,0.41214,0.40672,0.41033,188590100
1992-11-24 00:00:00.000 +0200,0.41214,0.41575,0.40852,0.41575,193652000
1992-11-25 00:00:00.000 +0200,0.41214,0.41395,0.40491,0.40852,144900200
1992-11-27 00:00:00.000 +0200,0.40852,0.41395,0.40672,0.40852,58280900
1992-11-30 00:00:00.000 +0200,0.40758,0.41664,0.40305,0.41664,197781300
1992-12-01 00:00:00.000 +0200,0.41483,0.42751,0.4112,0.42207,160367000
1992-12-02 00:00:00.000 +0200,0.42207,0.42388,0.41302,0.41483,120482300
1992-12-03 00:00:00.000 +0200,0.40939,0.41754,0.40667,0.41664,231152000
1992-12-04 00:00:00.000 +0200,0.41483,0.41664,0.40939,0.41211,118025700
1992-12-07 00:00:00.000 +0200,0.4112,0.41845,0.4112,0.41845,177714800
1992-12-08 00:00:00.000 +0200,0.41845,0.4257,0.41845,0.42117,242303200
1992-12-09 00:00:00.000 +0200,0.41845,0.42026,0.41483,0.41754,196428900
1992-12-10 00:00:00.000 +0200,0.41483,0.41754,0.40939,0.41483,172746400
1992-12-11 00:00:00.000 +0200,0.41483,0.42207,0.41483,0.41664,148097900
1992-12-14 00:00:00.000 +0200,0.41664,0.41845,0.4112,0.41483,136173900
1992-12-15 00:00:00.000 +0200,0.4112,0.41302,0.40215,0.40849,224927900
1992-12-16 00:00:00.000 +0200,0.40758,0.41302,0.3949,0.39852,278392700
1992-12-17 00:00:00.000 +0200,0.40034,0.41664,0.40034,0.41211,288177500
1992-12-18 00:00:00.000 +0200,0.41664,0.42932,0.41483,0.42207,290137300
1992-12-21 00:00:00.000 +0200,0.42207,0.43475,0.42026,0.43204,315531100
1992-12-22 00:00:00.000 +0200,0.43294,0.44381,0.43294,0.43928,345230700
1992-12-23 00:00:00.000 +0200,0.43656,0.43838,0.42932,0.43294,138423500
1992-12-24 00:00:00.000 +0200,0.43475,0.43475,0.42751,0.42751,56639100
1992-12-28 00:00:00.000 +0200,0.42932,0.43294,0.42932,0.43113,86808000
1992-12-29 00:00:00.000 +0200,0.43113,0.44019,0.43113,0.43204,143281400
1992-12-30 00:00:00.000 +0200,0.43294,0.43294,0.4257,0.4257,123946300
1992-12-31 00:00:00.000 +0200,0.4257,0.43475,0.4257,0.43294,113650800
1993-01-04 00:00:00.000 +0200,0.43113,0.43475,0.41845,0.42207,159124900
1993-01-05 00:00:00.000 +0200,0.42026,0.42932,0.41483,0.42932,229509800
1993-01-06 00:00:00.000 +0200,0.44019,0.44924,0.43838,0.44743,346748900
1993-01-07 00:00:00.000 +0200,0.44743,0.45287,0.43928,0.442,335335300
1993-01-08 00:00:00.000 +0200,0.44019,0.45649,0.43294,0.45106,395466100
1993-01-11 00:00:00.000 +0200,0.44924,0.46645,0.44743,0.46464,337295100
1993-01-12 00:00:00.000 +0200,0.45468,0.46192,0.44562,0.44562,426546000
1993-01-13 00:00:00.000 +0200,0.44562,0.46374,0.44381,0.46011,246001800
1993-01-14 00:00:00.000 +0200,0.46374,0.47279,0.46192,0.47098,453223200
1993-01-15 00:00:00.000 +0200,0.442,0.45106,0.43475,0.43656,1112246100
1993-01-18 00:00:00.000 +0200,0.43113,0.43475,0.42026,0.43113,411116500
1993-01-19 00:00:00.000 +0200,0.43294,0.43838,0.42932,0.43294,337681600
1993-01-20 00:00:00.000 +0200,0.43294,0.43656,0.43113,0.43475,195600800
1993-01-21 00:00:00.000 +0200,0.43294,0.43656,0.4257,0.43475,227246400
1993-01-22 00:00:00.000 +0200,0.43656,0.43656,0.42751,0.43113,181068500
1993-01-25 00:00:00.000 +0200,0.42932,0.43838,0.42932,0.43475,249245100
1993-01-26 00:00:00.000 +0200,0.43838,0.44924,0.43838,0.44019,351951700
1993-01-27 00:00:00.000 +0200,0.442,0.44743,0.4257,0.43656,279248400
1993-01-28 00:00:00.000 +0200,0.43475,0.43656,0.42932,0.43385,226777200
1993-01-29 00:00:00.000 +0200,0.43656,0.44381,0.42751,0.43113,327896800
1993-02-01 00:00:00.000 +0200,0.42932,0.44381,0.42932,0.44381,296416800
1993-02-02 00:00:00.000 +0200,0.44019,0.44562,0.43656,0.43656,224679500
1993-02-03 00:00:00.000 +0200,0.442,0.442,0.42388,0.43475,325536800
1993-02-04 00:00:00.000 +0200,0.43475,0.43656,0.42751,0.43113,256490700
1993-02-05 00:00:00.000 +0200,0.42932,0.43113,0.40758,0.41483,452988500
1993-02-08 00:00:00.000 +0200,0.41302,0.41664,0.40215,0.40939,346348500
1993-02-09 00:00:00.000 +0200,0.41302,0.41573,0.40939,0.41211,294084300
1993-02-10 00:00:00.000 +0200,0.41302,0.41483,0.39852,0.40396,330587800
1993-02-11 00:00:00.000 +0200,0.40396,0.40758,0.39852,0.39943,207345500
1993-02-12 00:00:00.000 +0200,0.39939,0.40302,0.39032,0.39122,338613000
1993-02-16 00:00:00.000 +0200,0.3885,0.3885,0.37398,0.38487,501330200
1993-02-17 00:00:00.000 +0200,0.38668,0.39213,0.37761,0.39122,306871100
1993-02-18 00:00:00.000 +0200,0.39939,0.40121,0.3885,0.39939,344424400
1993-02-19 00:00:00.000 +0200,0.40121,0.40302,0.39758,0.39939,218613300
1993-02-22 00:00:00.000 +0200,0.39939,0.40665,0.39758,0.4003,121431900
1993-02-23 00:00:00.000 +0200,0.39939,0.40121,0.39213,0.39395,238622400
1993-02-24 00:00:00.000 +0200,0.37852,0.39122,0.37852,0.38941,352342700
1993-02-25 00:00:00.000 +0200,0.38668,0.39758,0.38668,0.39758,205613600
1993-02-26 00:00:00.000 +0200,0.39395,0.39395,0.37942,0.38487,362574500
1993-03-01 00:00:00.000 +0200,0.38487,0.3885,0.38305,0.38668,146687800
1993-03-02 00:00:00.000 +0200,0.38487,0.39576,0.38487,0.39395,181597100
1993-03-03 00:00:00.000 +0200,0.39213,0.39939,0.38668,0.39667,249226100
1993-03-04 00:00:00.000 +0200,0.39576,0.40121,0.3885,0.39939,231571700
1993-03-05 00:00:00.000 +0200,0.39758,0.40484,0.39758,0.39939,137240900
1993-03-08 00:00:00.000 +0200,0.39939,0.4121,0.39939,0.41028,217635600
1993-03-09 00:00:00.000 +0200,0.41028,0.41755,0.41028,0.4121,190369200
1993-03-10 00:00:00.000 +0200,0.4121,0.41573,0.40665,0.4121,162910000
1993-03-11 00:00:00.000 +0200,0.41392,0.41573,0.40847,0.41301,177810100
1993-03-12 00:00:00.000 +0200,0.4121,0.4121,0.40302,0.40847,155776600
1993-03-15 00:00:00.000 +0200,0.40665,0.41573,0.40212,0.41392,167261500
1993-03-16 00:00:00.000 +0200,0.41573,0.41936,0.41028,0.41028,124530400
1993-03-17 00:00:00.000 +0200,0.41028,0.41392,0.39939,0.4003,216671600
1993-03-18 00:00:00.000 +0200,0.39939,0.40393,0.39576,0.39576,130562100
1993-03-19 00:00:00.000 +0200,0.39939,0.40121,0.3885,0.39032,189474100
1993-03-22 00:00:00.000 +0200,0.3885,0.39122,0.38305,0.38668,203121000
1993-03-23 00:00:00.000 +0200,0.38668,0.39213,0.38215,0.38305,126072700
1993-03-24 00:00:00.000 +0200,0.38305,0.39395,0.38124,0.39032,175909700
1993-03-25 00:00:00.000 +0200,0.39032,0.39758,0.3885,0.39758,210309400
1993-03-26 00:00:00.000 +0200,0.39758,0.39758,0.38124,0.38668,186595900
1993-03-29 00:00:00.000 +0200,0.37942,0.38124,0.36853,0.37035,321785000
1993-03-30 00:00:00.000 +0200,0.37125,0.37942,0.3649,0.37942,324663200
1993-03-31 00:00:00.000 +0200,0.38124,0.38305,0.37216,0.37398,274234100
1993-04-01 00:00:00.000 +0200,0.37216,0.37761,0.37035,0.37579,133040800
1993-04-02 00:00:00.000 +0200,0.36672,0.37216,0.35945,0.36399,312048900
1993-04-05 00:00:00.000 +0200,0.36308,0.36672,0.35945,0.36308,183414800
1993-04-06 00:00:00.000 +0200,0.36308,0.3649,0.35401,0.35401,207018200
1993-04-07 00:00:00.000 +0200,0.35582,0.36853,0.35219,0.36672,200229100
1993-04-08 00:00:00.000 +0200,0.36308,0.36672,0.35582,0.36127,200945200
1993-04-12 00:00:00.000 +0200,0.35945,0.37035,0.35945,0.36308,114408800
1993-04-13 00:00:00.000 +0200,0.36672,0.37216,0.35038,0.35219,202239600
1993-04-14 00:00:00.000 +0200,0.35038,0.35401,0.34584,0.35401,209097600
1993-04-15 00:00:00.000 +0200,0.35038,0.35038,0.33948,0.34311,268904600
1993-04-16 00:00:00.000 +0200,0.35038,0.35401,0.34402,0.34947,844446300
1993-04-19 00:00:00.000 +0200,0.35219,0.35945,0.35038,0.35219,280169300
1993-04-20 00:00:00.000 +0200,0.35401,0.3649,0.35038,0.36308,295152000
1993-04-21 00:00:00.000 +0200,0.3649,0.36853,0.35764,0.36036,252393400
1993-04-22 00:00:00.000 +0200,0.35764,0.36672,0.35582,0.36308,193866900
1993-04-23 00:00:00.000 +0200,0.36127,0.3649,0.35401,0.35764,164934200
1993-04-26 00:00:00.000 +0200,0.35764,0.36127,0.35219,0.35582,126403300
1993-04-27 00:00:00.000 +0200,0.35401,0.3649,0.35401,0.3649,159439700
1993-04-28 00:00:00.000 +0200,0.36127,0.37761,0.36127,0.37307,200711100
1993-04-29 00:00:00.000 +0200,0.37398,0.37579,0.36399,0.36853,101367700
1993-04-30 00:00:00.000 +0200,0.36853,0.38124,0.36853,0.37216,162717200
1993-05-03 00:00:00.000 +0200,0.37216,0.37761,0.37035,0.3767,80146700
1993-05-04 00:00:00.000 +0200,0.37942,0.39395,0.37761,0.38759,210034000
1993-05-05 00:00:00.000 +0200,0.38487,0.40302,0.38487,0.39576,311153900
1993-05-06 00:00:00.000 +0200,0.39576,0.39758,0.3885,0.39032,86632800
1993-05-07 00:00:00.000 +0200,0.3885,0.39758,0.3885,0.39758,100692900
1993-05-10 00:00:00.000 +0200,0.39939,0.40575,0.39939,0.39939,169588800
1993-05-11 00:00:00.000 +0200,0.39939,0.40121,0.39213,0.39576,194734500
1993-05-12 00:00:00.000 +0200,0.39395,0.39758,0.38487,0.38668,129377800
1993-05-13 00:00:00.000 +0200,0.3885,0.40484,0.3885,0.40302,444759200
1993-05-14 00:00:00.000 +0200,0.40121,0.40665,0.39939,0.40302,144360500
1993-05-17 00:00:00.000 +0200,0.40302,0.40665,0.39939,0.40484,85627600
1993-05-18 00:00:00.000 +0200,0.40302,0.40847,0.39939,0.40302,201000200
1993-05-19 00:00:00.000 +0200,0.39758,0.41755,0.39576,0.41573,212430200
1993-05-20 00:00:00.000 +0200,0.41573,0.42844,0.41573,0.42662,357217600
1993-05-21 00:00:00.000 +0200,0.42662,0.42935,0.4121,0.41755,182216700
1993-05-24 00:00:00.000 +0200,0.4121,0.42662,0.4121,0.41845,184819500
1993-05-25 00:00:00.000 +0200,0.4121,0.41755,0.40484,0.40938,222207500
1993-05-26 00:00:00.000 +0200,0.40665,0.41936,0.40212,0.41936,149469500
1993-05-27 00:00:00.000 +0200,0.41936,0.42481,0.41573,0.41755,242574600
1993-05-28 00:00:00.000 +0200,0.41478,0.41842,0.40932,0.41205,225701700
1993-06-01 00:00:00.000 +0200,0.41114,0.42024,0.41114,0.41478,165730800
1993-06-02 00:00:00.000 +0200,0.41296,0.42388,0.4075,0.41478,245985200
1993-06-03 00:00:00.000 +0200,0.41478,0.4166,0.4075,0.41023,192459400
1993-06-04 00:00:00.000 +0200,0.40569,0.40932,0.39659,0.39932,262187200
1993-06-07 00:00:00.000 +0200,0.39659,0.39841,0.36657,0.3693,591779800
1993-06-08 00:00:00.000 +0200,0.35475,0.36384,0.34929,0.3602,762073100
1993-06-09 00:00:00.000 +0200,0.32746,0.33201,0.32018,0.322,1445898200
1993-06-10 00:00:00.000 +0200,0.31654,0.32564,0.31109,0.32382,679386300
1993-06-11 00:00:00.000 +0200,0.32746,0.32928,0.31563,0.31836,297326000
1993-06-14 00:00:00.000 +0200,0.32018,0.32564,0.31654,0.32473,306121100
1993-06-15 00:00:00.000 +0200,0.32928,0.32928,0.30472,0.30563,550086300
1993-06-16 00:00:00.000 +0200,0.30745,0.31472,0.30199,0.30745,433222700
1993-06-17 00:00:00.000 +0200,0.30927,0.30927,0.29471,0.30017,502373200
1993-06-18 00:00:00.000 +0200,0.3029,0.30654,0.28926,0.29835,381950300
1993-06-21 00:00:00.000 +0200,0.29471,0.29471,0.28744,0.28835,335680500
1993-06-22 00:00:00.000 +0200,0.29744,0.30563,0.28926,0.30108,412732900
1993-06-23 00:00:00.000 +0200,0.30381,0.30381,0.29107,0.29471,221744000
1993-06-24 00:00:00.000 +0200,0.29471,0.30381,0.29107,0.30381,273414600
1993-06-25 00:00:00.000 +0200,0.2938,0.29653,0.28744,0.29107,315534500
1993-06-28 00:00:00.000 +0200,0.29471,0.29471,0.28198,0.29198,433882300
1993-06-29 00:00:00.000 +0200,0.29289,0.29289,0.28016,0.2838,361062300
1993-06-30 00:00:00.000 +0200,0.28198,0.28926,0.28016,0.28744,245710400
1993-07-01 00:00:00.000 +0200,0.2838,0.28926,0.27652,0.27652,267684000
1993-07-02 00:00:00.000 +0200,0.27834,0.28198,0.2747,0.28016,235128800
1993-07-06 00:00:00.000 +0200,0.27834,0.2838,0.27288,0.2747,190494300
1993-07-07 00:00:00.000 +0200,0.27288,0.27561,0.26379,0.26561,278568100
1993-07-08 00:00:00.000 +0200,0.26561,0.27288,0.26379,0.26561,170513200
1993-07-09 00:00:00.000 +0200,0.26924,0.27106,0.26561,0.26742,192486800
1993-07-12 00:00:00.000 +0200,0.26742,0.27743,0.26379,0.27652,213347400
1993-07-13 00:00:00.000 +0200,0.28198,0.28198,0.26924,0.27106,193998500
1993-07-14 00:00:00.000 +0200,0.26742,0.27288,0.26015,0.27106,302204500
1993-07-15 00:00:00.000 +0200,0.27106,0.2747,0.25651,0.26015,414766700
1993-07-16 00:00:00.000 +0200,0.20739,0.21558,0.19284,0.20011,2601932400
1993-07-19 00:00:00.000 +0200,0.20375,0.20921,0.18556,0.18647,989231600
1993-07-20 00:00:00.000 +0200,0.19102,0.20193,0.18738,0.19557,652644200
1993-07-21 00:00:00.000 +0200,0.1892,0.19466,0.18556,0.19102,559389700
1993-07-22 00:00:00.000 +0200,0.1892,0.19647,0.18738,0.19284,259109000
1993-07-23 00:00:00.000 +0200,0.19647,0.20011,0.1892,0.19102,286840800
1993-07-26 00:00:00.000 +0200,0.19466,0.20011,0.1892,0.19557,187512200
1993-07-27 00:00:00.000 +0200,0.19466,0.20011,0.19102,0.19284,243690200
1993-07-28 00:00:00.000 +0200,0.19102,0.19647,0.19102,0.19557,112631000
1993-07-29 00:00:00.000 +0200,0.19647,0.20011,0.19466,0.19829,148924100
1993-07-30 00:00:00.000 +0200,0.20011,0.20557,0.19647,0.20193,263121600
1993-08-02 00:00:00.000 +0200,0.20557,0.21285,0.20375,0.20739,265402800
1993-08-03 00:00:00.000 +0200,0.21103,0.21285,0.20921,0.21103,216535700
1993-08-04 00:00:00.000 +0200,0.21285,0.22194,0.21103,0.22012,298150500
1993-08-05 00:00:00.000 +0200,0.22376,0.22376,0.21103,0.21467,256896500
1993-08-06 00:00:00.000 +0200,0.21285,0.22012,0.21285,0.21285,154503400
1993-08-09 00:00:00.000 +0200,0.21285,0.22012,0.21103,0.21649,198052500
1993-08-10 00:00:00.000 +0200,0.21467,0.21649,0.20557,0.20739,187457200
1993-08-11 00:00:00.000 +0200,0.20739,0.20739,0.19647,0.20011,204868600
1993-08-12 00:00:00.000 +0200,0.20011,0.20193,0.1892,0.19284,414931700
1993-08-13 00:00:00.000 +0200,0.19284,0.20193,0.19102,0.1992,170320700
1993-08-16 00:00:00.000 +0200,0.20099,0.20465,0.19917,0.20099,125149000
1993-08-17 00:00:00.000 +0200,0.20282,0.2083,0.19917,0.20739,132154200
1993-08-18 00:00:00.000 +0200,0.21196,0.21744,0.20648,0.2083,230541300
1993-08-19 00:00:00.000 +0200,0.21013,0.21013,0.20099,0.20099,185842200
1993-08-20 00:00:00.000 +0200,0.20282,0.20465,0.19734,0.20465,122084300
1993-08-23 00:00:00.000 +0200,0.20465,0.21013,0.20099,0.20739,111385000
1993-08-24 00:00:00.000 +0200,0.20648,0.21013,0.20282,0.20465,123698700
1993-08-25 00:00:00.000 +0200,0.20465,0.20648,0.19551,0.19917,178070900
1993-08-26 00:00:00.000 +0200,0.19917,0.19917,0.19369,0.19643,215176400
1993-08-27 00:00:00.000 +0200,0.19734,0.19734,0.19186,0.19369,227914400
1993-08-30 00:00:00.000 +0200,0.19369,0.19369,0.18912,0.19003,334401200
1993-08-31 00:00:00.000 +0200,0.19369,0.19551,0.19003,0.19369,156207100
1993-09-01 00:00:00.000 +0200,0.19369,0.19551,0.1882,0.19094,275554900
1993-09-02 00:00:00.000 +0200,0.19003,0.19186,0.18455,0.1882,344813200
1993-09-03 00:00:00.000 +0200,0.19003,0.19003,0.18455,0.1882,199045400
1993-09-07 00:00:00.000 +0200,0.19003,0.19734,0.1882,0.19186,175348100
1993-09-08 00:00:00.000 +0200,0.19186,0.19734,0.19003,0.19551,276854700
1993-09-09 00:00:00.000 +0200,0.19551,0.19734,0.19003,0.19003,182668100
1993-09-10 00:00:00.000 +0200,0.19186,0.19186,0.18546,0.19186,164293100
1993-09-13 00:00:00.000 +0200,0.19186,0.19369,0.18089,0.18455,312468900
1993-09-14 00:00:00.000 +0200,0.17724,0.18272,0.17541,0.17724,337944700
1993-09-15 00:00:00.000 +0200,0.17907,0.18272,0.17176,0.17907,314835900
1993-09-16 00:00:00.000 +0200,0.17724,0.18272,0.17724,0.18089,105009100
1993-09-17 00:00:00.000 +0200,0.17815,0.18638,0.17724,0.18455,210155100
1993-09-20 00:00:00.000 +0200,0.18455,0.18638,0.18089,0.18181,135643100
1993-09-21 00:00:00.000 +0200,0.18089,0.18455,0.1745,0.17907,178960200
1993-09-22 00:00:00.000 +0200,0.17724,0.18638,0.17724,0.18638,134972700
1993-09-23 00:00:00.000 +0200,0.18638,0.18638,0.17907,0.18089,159969600
1993-09-24 00:00:00.000 +0200,0.18272,0.18455,0.17907,0.18272,93543600
1993-09-27 00:00:00.000 +0200,0.18272,0.18455,0.17724,0.18089,138256300
1993-09-28 00:00:00.000 +0200,0.18089,0.18272,0.17724,0.18089,115503200
1993-09-29 00:00:00.000 +0200,0.17724,0.18181,0.17359,0.1745,289209500
1993-09-30 00:00:00.000 +0200,0.17541,0.17541,0.1681,0.17084,335823900
1993-10-01 00:00:00.000 +0200,0.16628,0.1681,0.16445,0.16628,410445700
1993-10-04 00:00:00.000 +0200,0.16536,0.1681,0.1608,0.16628,235576300
1993-10-05 00:00:00.000 +0200,0.1681,0.17541,0.1681,0.17176,215381700
1993-10-06 00:00:00.000 +0200,0.17359,0.17541,0.17084,0.17267,214122900
1993-10-07 00:00:00.000 +0200,0.17176,0.17359,0.16628,0.1681,164799300
1993-10-08 00:00:00.000 +0200,0.16993,0.16993,0.16262,0.16536,170299600
1993-10-11 00:00:00.000 +0200,0.16628,0.17541,0.16628,0.17359,196856200
1993-10-12 00:00:00.000 +0200,0.17541,0.18272,0.17359,0.17541,374229300
1993-10-13 00:00:00.000 +0200,0.17724,0.17724,0.17176,0.17541,216229900
1993-10-14 00:00:00.000 +0200,0.17541,0.17907,0.17176,0.17359,196295300
1993-10-15 00:00:00.000 +0200,0.20282,0.2083,0.19551,0.20648,1166935600
1993-10-18 00:00:00.000 +0200,0.20465,0.21013,0.20282,0.20739,406792500
1993-10-19 00:00:00.000 +0200,0.20648,0.2083,0.19917,0.20282,260901600
1993-10-20 00:00:00.000 +0200,0.20465,0.20648,0.19917,0.20282,169081800
1993-10-21 00:00:00.000 +0200,0.20099,0.2284,0.19917,0.22109,766081200
1993-10-22 00:00:00.000 +0200,0.22292,0.23023,0.21744,0.22109,483849400
1993-10-25 00:00:00.000 +0200,0.22109,0.22292,0.21653,0.21927,267687800
1993-10-26 00:00:00.000 +0200,0.21744,0.21927,0.21196,0.21744,271778800
1993-10-27 00:00:00.000 +0200,0.21927,0.23571,0.21744,0.23206,560796700
1993-10-28 00:00:00.000 +0200,0.23206,0.23571,0.22658,0.22658,298636500
1993-10-29 00:00:00.000 +0200,0.22658,0.23206,0.22292,0.22475,167193700
1993-11-01 00:00:00.000 +0200,0.22475,0.23023,0.22109,0.23023,129458800
1993-11-02 00:00:00.000 +0200,0.2284,0.24119,0.22658,0.23937,273940400
1993-11-03 00:00:00.000 +0200,0.24119,0.24119,0.22658,0.23114,216175200
1993-11-04 00:00:00.000 +0200,0.23023,0.23571,0.22475,0.23571,226450400
1993-11-05 00:00:00.000 +0200,0.23297,0.23571,0.22475,0.23297,461807700
1993-11-08 00:00:00.000 +0200,0.23388,0.2348,0.22292,0.22475,203998200
1993-11-09 00:00:00.000 +0200,0.22658,0.2284,0.21744,0.22018,209197400
1993-11-10 00:00:00.000 +0200,0.22109,0.22475,0.21927,0.22475,94036200
1993-11-11 00:00:00.000 +0200,0.22475,0.23388,0.22292,0.22932,173993700
1993-11-12 00:00:00.000 +0200,0.23023,0.23388,0.22292,0.23206,175498700
1993-11-15 00:00:00.000 +0200,0.23023,0.23937,0.23023,0.23388,191917000
1993-11-16 00:00:00.000 +0200,0.23388,0.25033,0.23206,0.2485,370247900
1993-11-17 00:00:00.000 +0200,0.2485,0.25581,0.23937,0.24485,369687000
1993-11-18 00:00:00.000 +0200,0.24485,0.24667,0.24119,0.24485,139761400
1993-11-19 00:00:00.000 +0200,0.24206,0.24573,0.23839,0.24206,149676500
1993-11-22 00:00:00.000 +0200,0.24023,0.24206,0.23656,0.23839,183322700
1993-11-23 00:00:00.000 +0200,0.23839,0.24206,0.22922,0.24206,226607400
1993-11-24 00:00:00.000 +0200,0.24023,0.24573,0.23931,0.24206,110086300
1993-11-26 00:00:00.000 +0200,0.24023,0.24206,0.23656,0.23931,52882300
1993-11-29 00:00:00.000 +0200,0.23656,0.23839,0.23106,0.23289,117720800
1993-11-30 00:00:00.000 +0200,0.23289,0.23931,0.23106,0.23106,137134100
1993-12-01 00:00:00.000 +0200,0.23472,0.23656,0.22922,0.23106,135375500
1993-12-02 00:00:00.000 +0200,0.23289,0.23472,0.22739,0.23289,122519600
1993-12-03 00:00:00.000 +0200,0.23289,0.23472,0.22739,0.23106,146636300
1993-12-06 00:00:00.000 +0200,0.23106,0.23839,0.22922,0.23656,191079800
1993-12-07 00:00:00.000 +0200,0.23472,0.23656,0.23106,0.23656,77721600
1993-12-08 00:00:00.000 +0200,0.23472,0.23656,0.23106,0.23381,48192600
1993-12-09 00:00:00.000 +0200,0.23289,0.23472,0.21822,0.22005,222463000
1993-12-10 00:00:00.000 +0200,0.22189,0.22372,0.20355,0.20722,605277200
1993-12-13 00:00:00.000 +0200,0.20722,0.21639,0.20355,0.21639,297403600
1993-12-14 00:00:00.000 +0200,0.21455,0.21822,0.21272,0.21364,357456900
1993-12-15 00:00:00.000 +0200,0.21272,0.21822,0.21272,0.21822,150794500
1993-12-16 00:00:00.000 +0200,0.21639,0.21822,0.21272,0.21547,153821000
1993-12-17 00:00:00.000 +0200,0.21639,0.21822,0.21364,0.21639,176683500
1993-12-20 00:00:00.000 +0200,0.21455,0.21822,0.20722,0.20905,230097500
1993-12-21 00:00:00.000 +0200,0.20905,0.21089,0.19988,0.20172,305678900
1993-12-22 00:00:00.000 +0200,0.19988,0.20905,0.19805,0.20538,220772500
1993-12-23 00:00:00.000 +0200,0.19988,0.19988,0.19438,0.19988,276258800
1993-12-27 00:00:00.000 +0200,0.20355,0.21089,0.19988,0.20905,194679000
1993-12-28 00:00:00.000 +0200,0.21089,0.21639,0.20905,0.21364,194147300
1993-12-29 00:00:00.000 +0200,0.21455,0.21455,0.20905,0.20905,130672100
1993-12-30 00:00:00.000 +0200,0.20905,0.22189,0.20905,0.21822,382882400
1993-12-31 00:00:00.000 +0200,0.21822,0.22189,0.21455,0.21455,195933200
1994-01-03 00:00:00.000 +0200,0.21639,0.22005,0.21272,0.21914,220963400
1994-01-04 00:00:00.000 +0200,0.22189,0.23106,0.22005,0.23106,347122800
1994-01-05 00:00:00.000 +0200,0.23289,0.24848,0.23289,0.24756,745110400
1994-01-06 00:00:00.000 +0200,0.24756,0.24939,0.23839,0.24023,446125900
1994-01-07 00:00:00.000 +0200,0.23472,0.24389,0.22922,0.24298,363700800
1994-01-10 00:00:00.000 +0200,0.24206,0.24848,0.24023,0.24664,245380100
1994-01-11 00:00:00.000 +0200,0.24573,0.24756,0.23289,0.23381,432601700
1994-01-12 00:00:00.000 +0200,0.23656,0.23656,0.22372,0.22372,534508400
1994-01-13 00:00:00.000 +0200,0.22005,0.22556,0.21822,0.22464,647075800
1994-01-14 00:00:00.000 +0200,0.22556,0.23289,0.22372,0.22739,261112500
1994-01-17 00:00:00.000 +0200,0.22739,0.23106,0.22005,0.2228,177365100
1994-01-18 00:00:00.000 +0200,0.22189,0.22189,0.21272,0.21547,441613300
1994-01-19 00:00:00.000 +0200,0.21455,0.21822,0.21089,0.21455,342760500
1994-01-20 00:00:00.000 +0200,0.21639,0.22556,0.21639,0.21914,326319100
1994-01-21 00:00:00.000 +0200,0.24389,0.24573,0.23656,0.24481,1193049700
1994-01-24 00:00:00.000 +0200,0.24389,0.25856,0.24389,0.25673,842504900
1994-01-25 00:00:00.000 +0200,0.2549,0.25673,0.24389,0.24848,538420800
1994-01-26 00:00:00.000 +0200,0.24756,0.24939,0.24389,0.24573,201822700
1994-01-27 00:00:00.000 +0200,0.24573,0.25123,0.24206,0.25031,160978200
1994-01-28 00:00:00.000 +0200,0.25123,0.2549,0.24756,0.24939,166077000
1994-01-31 00:00:00.000 +0200,0.24573,0.24756,0.24023,0.24023,290164500
1994-02-01 00:00:00.000 +0200,0.24206,0.24573,0.23656,0.24389,190766400
1994-02-02 00:00:00.000 +0200,0.24389,0.24389,0.23839,0.24206,178264800
1994-02-03 00:00:00.000 +0200,0.24206,0.24664,0.23839,0.24573,167972000
1994-02-04 00:00:00.000 +0200,0.24573,0.25673,0.24389,0.24573,430911300
1994-02-07 00:00:00.000 +0200,0.24661,0.2733,0.24661,0.2687,879874000
1994-02-08 00:00:00.000 +0200,0.26501,0.2687,0.25949,0.26317,346138200
1994-02-09 00:00:00.000 +0200,0.26317,0.2687,0.25949,0.26685,226787700
1994-02-10 00:00:00.000 +0200,0.26685,0.27606,0.26501,0.2687,366324400
1994-02-11 00:00:00.000 +0200,0.26685,0.27606,0.26685,0.27238,199211900
1994-02-14 00:00:00.000 +0200,0.27238,0.27974,0.27054,0.27238,297819400
1994-02-15 00:00:00.000 +0200,0.27054,0.27606,0.26685,0.2733,157399800
1994-02-16 00:00:00.000 +0200,0.27606,0.27606,0.27054,0.27054,147999600
1994-02-17 00:00:00.000 +0200,0.27422,0.27882,0.26685,0.27238,176050900
1994-02-18 00:00:00.000 +0200,0.2687,0.27238,0.26685,0.26685,180805300
1994-02-22 00:00:00.000 +0200,0.26686,0.27606,0.26317,0.27422,260245400
1994-02-23 00:00:00.000 +0200,0.27422,0.28158,0.27238,0.27422,315994800
1994-02-24 00:00:00.000 +0200,0.27238,0.27422,0.26686,0.26962,239977900
1994-02-25 00:00:00.000 +0200,0.27238,0.27422,0.26133,0.26501,287237200
1994-02-28 00:00:00.000 +0200,0.26685,0.27238,0.26501,0.2687,150186600
1994-03-01 00:00:00.000 +0200,0.27054,0.27054,0.26317,0.26685,256971700
1994-03-02 00:00:00.000 +0200,0.25949,0.26685,0.25581,0.26225,356761100
1994-03-03 00:00:00.000 +0200,0.26317,0.26685,0.26133,0.26317,228594400
1994-03-04 00:00:00.000 +0200,0.26501,0.27606,0.26317,0.27054,275133900
1994-03-07 00:00:00.000 +0200,0.27238,0.28066,0.27054,0.27882,376471700
1994-03-08 00:00:00.000 +0200,0.27974,0.27974,0.27054,0.27238,225660300
1994-03-09 00:00:00.000 +0200,0.26962,0.27606,0.26501,0.27606,301446200
1994-03-10 00:00:00.000 +0200,0.27422,0.27698,0.27054,0.27422,174366300
1994-03-11 00:00:00.000 +0200,0.27238,0.2779,0.27054,0.27422,196291200
1994-03-14 00:00:00.000 +0200,0.28342,0.28342,0.2779,0.28066,535732700
1994-03-15 00:00:00.000 +0200,0.28158,0.28158,0.27422,0.27698,248087600
1994-03-16 00:00:00.000 +0200,0.27606,0.2779,0.2687,0.27054,178496100
1994-03-17 00:00:00.000 +0200,0.27054,0.27238,0.26685,0.2687,189485600
1994-03-18 00:00:00.000 +0200,0.27054,0.27054,0.26317,0.26778,271289400
1994-03-21 00:00:00.000 +0200,0.26777,0.2687,0.25949,0.26133,298987700
1994-03-22 00:00:00.000 +0200,0.25949,0.26133,0.25397,0.25765,294518300
1994-03-23 00:00:00.000 +0200,0.25949,0.26133,0.25213,0.25857,262812900
1994-03-24 00:00:00.000 +0200,0.25857,0.25949,0.25029,0.25489,228132500
1994-03-25 00:00:00.000 +0200,0.25581,0.25581,0.24109,0.24109,416789500
1994-03-28 00:00:00.000 +0200,0.24293,0.25029,0.24109,0.24477,342728700
1994-03-29 00:00:00.000 +0200,0.24477,0.24845,0.23741,0.24109,258968600
1994-03-30 00:00:00.000 +0200,0.23925,0.24477,0.23373,0.23925,205976800
1994-03-31 00:00:00.000 +0200,0.23925,0.24661,0.23189,0.24477,253562100
1994-04-04 00:00:00.000 +0200,0.23741,0.24477,0.23373,0.24477,204129300
1994-04-05 00:00:00.000 +0200,0.24845,0.25213,0.24661,0.24661,118739200
1994-04-06 00:00:00.000 +0200,0.25029,0.25029,0.24109,0.24661,156571200
1994-04-07 00:00:00.000 +0200,0.24661,0.24845,0.24109,0.24569,93839400
1994-04-08 00:00:00.000 +0200,0.24845,0.25029,0.24477,0.24661,214494100
1994-04-11 00:00:00.000 +0200,0.24661,0.24661,0.23925,0.24661,129565800
1994-04-12 00:00:00.000 +0200,0.24569,0.24569,0.23373,0.23557,165957800
1994-04-13 00:00:00.000 +0200,0.23741,0.23925,0.23005,0.23373,282768100
1994-04-14 00:00:00.000 +0200,0.22453,0.23373,0.22085,0.23189,269251900
1994-04-15 00:00:00.000 +0200,0.23005,0.23189,0.22085,0.22269,228444900
1994-04-18 00:00:00.000 +0200,0.22453,0.22453,0.21532,0.21808,279317700
1994-04-19 00:00:00.000 +0200,0.219,0.22085,0.2098,0.21348,201643400
1994-04-20 00:00:00.000 +0200,0.21532,0.22085,0.20612,0.20796,341845700
1994-04-21 00:00:00.000 +0200,0.2098,0.22453,0.19876,0.21808,497927700
1994-04-22 00:00:00.000 +0200,0.23005,0.23557,0.2098,0.219,846375200
1994-04-25 00:00:00.000 +0200,0.219,0.22821,0.21716,0.22821,435712200
1994-04-26 00:00:00.000 +0200,0.23189,0.23189,0.22821,0.23005,199184700
1994-04-28 00:00:00.000 +0200,0.22821,0.23005,0.219,0.22269,121863600
1994-04-29 00:00:00.000 +0200,0.22085,0.22453,0.219,0.22085,114962800
1994-05-02 00:00:00.000 +0200,0.22085,0.23005,0.22085,0.22821,149453000
1994-05-03 00:00:00.000 +0200,0.22821,0.23005,0.21716,0.22269,161189700
1994-05-04 00:00:00.000 +0200,0.22821,0.24477,0.22453,0.24293,441675700
1994-05-05 00:00:00.000 +0200,0.24477,0.24845,0.23741,0.24201,349710900
1994-05-06 00:00:00.000 +0200,0.23741,0.24109,0.23005,0.23787,227752200
1994-05-09 00:00:00.000 +0200,0.23741,0.23925,0.22637,0.23005,170372700
1994-05-10 00:00:00.000 +0200,0.23373,0.23557,0.22821,0.22821,178102000
1994-05-11 00:00:00.000 +0200,0.22821,0.23189,0.219,0.22269,176499100
1994-05-12 00:00:00.000 +0200,0.22453,0.22637,0.21716,0.21854,129905400
1994-05-13 00:00:00.000 +0200,0.219,0.22453,0.21532,0.22085,112327500
1994-05-16 00:00:00.000 +0200,0.22085,0.22453,0.21716,0.21716,164205400
1994-05-17 00:00:00.000 +0200,0.219,0.219,0.21164,0.21624,218447100
1994-05-18 00:00:00.000 +0200,0.219,0.22637,0.21532,0.22545,150227300
1994-05-19 00:00:00.000 +0200,0.22637,0.23925,0.22453,0.23649,331820700
1994-05-20 00:00:00.000 +0200,0.23373,0.23741,0.22821,0.22867,119038100
1994-05-23 00:00:00.000 +0200,0.22821,0.23005,0.22085,0.22453,145486500
1994-05-24 00:00:00.000 +0200,0.22821,0.23005,0.22269,0.22637,153365300
1994-05-25 00:00:00.000 +0200,0.22269,0.23373,0.22085,0.23005,165088400
1994-05-26 00:00:00.000 +0200,0.23189,0.23189,0.22269,0.22453,88582400
1994-05-27 00:00:00.000 +0200,0.22356,0.22726,0.21802,0.22126,131302300
1994-05-31 00:00:00.000 +0200,0.21802,0.21802,0.21063,0.21617,310963600
1994-06-01 00:00:00.000 +0200,0.21063,0.21155,0.20601,0.20878,466039500
1994-06-02 00:00:00.000 +0200,0.20971,0.21063,0.20047,0.20232,465024500
1994-06-03 00:00:00.000 +0200,0.20047,0.20694,0.1977,0.20416,427287500
1994-06-06 00:00:00.000 +0200,0.20324,0.20509,0.19955,0.20232,152261400
1994-06-07 00:00:00.000 +0200,0.20139,0.20509,0.20139,0.20324,169432000
1994-06-08 00:00:00.000 +0200,0.20324,0.20416,0.19216,0.19308,331219200
1994-06-09 00:00:00.000 +0200,0.18938,0.19955,0.18846,0.19955,354613700
1994-06-10 00:00:00.000 +0200,0.20047,0.20232,0.19493,0.19585,172435800
1994-06-13 00:00:00.000 +0200,0.19493,0.20093,0.19493,0.19955,112237500
1994-06-14 00:00:00.000 +0200,0.20139,0.20232,0.19677,0.20001,186480700
1994-06-15 00:00:00.000 +0200,0.19955,0.20694,0.19862,0.20555,192664200
1994-06-16 00:00:00.000 +0200,0.20509,0.20509,0.19308,0.19493,263633100
1994-06-17 00:00:00.000 +0200,0.19216,0.1977,0.19123,0.19585,271210300
1994-06-20 00:00:00.000 +0200,0.194,0.20139,0.19216,0.20047,241496700
1994-06-21 00:00:00.000 +0200,0.19862,0.20139,0.19031,0.19216,293901400
1994-06-22 00:00:00.000 +0200,0.194,0.1977,0.19216,0.194,137553600
1994-06-23 00:00:00.000 +0200,0.194,0.194,0.18384,0.18569,246327200
1994-06-24 00:00:00.000 +0200,0.18569,0.19308,0.18292,0.18927,353801900
1994-06-27 00:00:00.000 +0200,0.18661,0.194,0.18199,0.194,309218200
1994-06-28 00:00:00.000 +0200,0.194,0.20047,0.18938,0.1977,210484300
1994-06-29 00:00:00.000 +0200,0.1977,0.20047,0.19123,0.19308,163776200
1994-06-30 00:00:00.000 +0200,0.194,0.19862,0.194,0.19585,122899800
1994-07-01 00:00:00.000 +0200,0.19493,0.19585,0.18754,0.19031,216586600
1994-07-05 00:00:00.000 +0200,0.18938,0.1977,0.18938,0.19585,103713200
1994-07-06 00:00:00.000 +0200,0.194,0.19585,0.19216,0.19308,117649800
1994-07-07 00:00:00.000 +0200,0.19123,0.19955,0.18846,0.19816,205559100
1994-07-08 00:00:00.000 +0200,0.19585,0.20416,0.19585,0.20001,251563600
1994-07-11 00:00:00.000 +0200,0.20047,0.20232,0.19677,0.19955,128569100
1994-07-12 00:00:00.000 +0200,0.19955,0.21017,0.19493,0.20971,292737600
1994-07-13 00:00:00.000 +0200,0.21063,0.22356,0.21063,0.21941,543963000
1994-07-14 00:00:00.000 +0200,0.21895,0.21987,0.20878,0.21155,218264500
1994-07-15 00:00:00.000 +0200,0.20867,0.21155,0.20324,0.20878,114727200
1994-07-18 00:00:00.000 +0200,0.20786,0.21433,0.20694,0.20971,92333800
1994-07-19 00:00:00.000 +0200,0.21155,0.21248,0.20232,0.20463,140584400
1994-07-20 00:00:00.000 +0200,0.20232,0.20416,0.19493,0.19677,262604700
1994-07-21 00:00:00.000 +0200,0.19677,0.21063,0.19585,0.20694,349715700
1994-07-22 00:00:00.000 +0200,0.23373,0.23627,0.22172,0.22911,950264200
1994-07-25 00:00:00.000 +0200,0.23003,0.23557,0.22726,0.23419,510609700
1994-07-26 00:00:00.000 +0200,0.23465,0.2365,0.23003,0.23188,228101300
1994-07-27 00:00:00.000 +0200,0.23096,0.23188,0.22634,0.22957,161624800
1994-07-28 00:00:00.000 +0200,0.22911,0.23742,0.22818,0.23557,296364000
1994-07-29 00:00:00.000 +0200,0.23557,0.25128,0.23557,0.24897,671422700
1994-08-01 00:00:00.000 +0200,0.24851,0.24943,0.24204,0.24666,276987900
1994-08-02 00:00:00.000 +0200,0.24758,0.24851,0.23927,0.24066,325658100
1994-08-03 00:00:00.000 +0200,0.24204,0.24574,0.23742,0.24481,274051800
1994-08-04 00:00:00.000 +0200,0.24481,0.24943,0.24481,0.24574,223203200
1994-08-05 00:00:00.000 +0200,0.24297,0.24666,0.24297,0.24574,105120400
1994-08-08 00:00:00.000 +0200,0.24481,0.25128,0.24389,0.24943,170676800
1994-08-09 00:00:00.000 +0200,0.24758,0.25036,0.24481,0.24851,94958800
1994-08-10 00:00:00.000 +0200,0.24851,0.25775,0.24574,0.2559,306336100
1994-08-11 00:00:00.000 +0200,0.25313,0.25959,0.25036,0.25359,360120700
1994-08-12 00:00:00.000 +0200,0.25405,0.25959,0.25036,0.25682,217033100
1994-08-15 00:00:00.000 +0200,0.25771,0.25957,0.254,0.25679,144562400
1994-08-16 00:00:00.000 +0200,0.25493,0.25771,0.25215,0.25771,187495600
1994-08-17 00:00:00.000 +0200,0.25864,0.26235,0.25679,0.25957,344544100
1994-08-18 00:00:00.000 +0200,0.25771,0.26142,0.25586,0.25679,248322100
1994-08-19 00:00:00.000 +0200,0.25771,0.25957,0.254,0.25864,157170000
1994-08-22 00:00:00.000 +0200,0.25771,0.25957,0.25679,0.25864,183504300
1994-08-23 00:00:00.000 +0200,0.25864,0.26606,0.25771,0.25957,258178800
1994-08-24 00:00:00.000 +0200,0.25771,0.25957,0.25493,0.25864,206575500
1994-08-25 00:00:00.000 +0200,0.254,0.26976,0.254,0.26003,359727000
1994-08-26 00:00:00.000 +0200,0.26142,0.26791,0.26142,0.26513,245841000
1994-08-29 00:00:00.000 +0200,0.26513,0.26791,0.26142,0.26235,183126700
1994-08-30 00:00:00.000 +0200,0.26142,0.26976,0.26049,0.26884,219210000
1994-08-31 00:00:00.000 +0200,0.26698,0.27718,0.26513,0.26837,423587500
1994-09-01 00:00:00.000 +0200,0.26235,0.26513,0.25679,0.25957,245948800
1994-09-02 00:00:00.000 +0200,0.26142,0.26327,0.25957,0.26235,121963100
1994-09-06 00:00:00.000 +0200,0.26142,0.2642,0.25957,0.26374,110070200
1994-09-07 00:00:00.000 +0200,0.2642,0.27162,0.26235,0.26791,245476900
1994-09-08 00:00:00.000 +0200,0.26698,0.26884,0.2642,0.26791,191230600
1994-09-09 00:00:00.000 +0200,0.26513,0.26698,0.26235,0.26513,189302500
1994-09-12 00:00:00.000 +0200,0.2642,0.26513,0.26235,0.26513,109005000
1994-09-13 00:00:00.000 +0200,0.26513,0.26884,0.2642,0.26559,125482500
1994-09-14 00:00:00.000 +0200,0.2642,0.26513,0.25957,0.26049,119293300
1994-09-15 00:00:00.000 +0200,0.26049,0.26791,0.26049,0.26698,311764400
1994-09-16 00:00:00.000 +0200,0.26606,0.27625,0.26327,0.26976,438406300
1994-09-19 00:00:00.000 +0200,0.26976,0.27254,0.26327,0.26327,209906100
1994-09-20 00:00:00.000 +0200,0.26049,0.26235,0.25493,0.25632,237480900
1994-09-21 00:00:00.000 +0200,0.25586,0.25679,0.2503,0.25308,282733300
1994-09-22 00:00:00.000 +0200,0.254,0.254,0.24937,0.25122,176061000
1994-09-23 00:00:00.000 +0200,0.25122,0.25586,0.25122,0.25169,159974600
1994-09-26 00:00:00.000 +0200,0.25122,0.25586,0.24937,0.25169,170600000
1994-09-27 00:00:00.000 +0200,0.2503,0.25308,0.24751,0.25122,131334500
1994-09-28 00:00:00.000 +0200,0.25215,0.25493,0.24937,0.25122,97840100
1994-09-29 00:00:00.000 +0200,0.2503,0.25493,0.24751,0.25308,131685100
1994-09-30 00:00:00.000 +0200,0.25308,0.25586,0.24937,0.24983,86324900
1994-10-03 00:00:00.000 +0200,0.24937,0.2503,0.24103,0.24566,156023800
1994-10-04 00:00:00.000 +0200,0.24659,0.25215,0.24473,0.2503,195505100
1994-10-05 00:00:00.000 +0200,0.24937,0.28274,0.24751,0.28089,854550900
1994-10-06 00:00:00.000 +0200,0.27718,0.27799,0.26698,0.26884,634370000
1994-10-07 00:00:00.000 +0200,0.26791,0.27486,0.26327,0.2744,438703200
1994-10-10 00:00:00.000 +0200,0.27533,0.29387,0.2744,0.2883,630149500
1994-10-11 00:00:00.000 +0200,0.30684,0.31055,0.29201,0.29387,1014080600
1994-10-12 00:00:00.000 +0200,0.29387,0.31611,0.29016,0.31241,719130800
1994-10-13 00:00:00.000 +0200,0.31611,0.31797,0.30128,0.30499,632428200
1994-10-14 00:00:00.000 +0200,0.30777,0.31148,0.30314,0.30499,211955500
1994-10-17 00:00:00.000 +0200,0.30314,0.30777,0.2883,0.29479,365983700
1994-10-18 00:00:00.000 +0200,0.30128,0.3087,0.30036,0.30592,564266500
1994-10-19 00:00:00.000 +0200,0.30406,0.31241,0.30406,0.30592,422684100
1994-10-20 00:00:00.000 +0200,0.30592,0.31009,0.30035,0.30406,262628700
1994-10-21 00:00:00.000 +0200,0.30221,0.31704,0.30221,0.31611,388515600
1994-10-24 00:00:00.000 +0200,0.31704,0.31982,0.31055,0.31333,246205100
1994-10-25 00:00:00.000 +0200,0.3087,0.31611,0.30777,0.31611,362963400
1994-10-26 00:00:00.000 +0200,0.31611,0.32087,0.31611,0.32075,236901100
1994-10-27 00:00:00.000 +0200,0.32075,0.32446,0.31519,0.31704,191918300
1994-10-28 00:00:00.000 +0200,0.31426,0.31797,0.30963,0.31241,329064500
1994-10-31 00:00:00.000 +0200,0.31148,0.32168,0.30777,0.32029,428482300
1994-11-01 00:00:00.000 +0200,0.31797,0.32249,0.31426,0.31982,262574700
1994-11-02 00:00:00.000 +0200,0.31982,0.32075,0.30684,0.30684,263356800
1994-11-03 00:00:00.000 +0200,0.30963,0.31148,0.30406,0.30777,133060500
1994-11-04 00:00:00.000 +0200,0.30777,0.3087,0.29665,0.29943,231210800
1994-11-07 00:00:00.000 +0200,0.29943,0.30592,0.29757,0.30221,136094400
1994-11-08 00:00:00.000 +0200,0.30128,0.31611,0.2985,0.31333,420135700
1994-11-09 00:00:00.000 +0200,0.31704,0.3189,0.30406,0.3087,489201100
1994-11-10 00:00:00.000 +0200,0.30963,0.31055,0.30406,0.30638,184178500
1994-11-11 00:00:00.000 +0200,0.30592,0.30777,0.30406,0.30499,74971200
1994-11-14 00:00:00.000 +0200,0.30592,0.31704,0.30592,0.31519,168105500
1994-11-15 00:00:00.000 +0200,0.31519,0.3189,0.30592,0.30684,201802100
1994-11-16 00:00:00.000 +0200,0.30221,0.30823,0.30128,0.3036,225614900
1994-11-17 00:00:00.000 +0200,0.30314,0.30406,0.29572,0.29665,181117700
1994-11-18 00:00:00.000 +0200,0.29754,0.30126,0.29475,0.29754,176487600
1994-11-21 00:00:00.000 +0200,0.29754,0.2994,0.28266,0.28359,243181300
1994-11-22 00:00:00.000 +0200,0.2808,0.29103,0.27708,0.27801,269275400
1994-11-23 00:00:00.000 +0200,0.27522,0.28173,0.27057,0.27429,393480800
1994-11-25 00:00:00.000 +0200,0.27429,0.2808,0.27336,0.2808,101095900
1994-11-28 00:00:00.000 +0200,0.27987,0.28452,0.27755,0.28127,166458600
1994-11-29 00:00:00.000 +0200,0.28266,0.28638,0.2808,0.28452,173005700
1994-11-30 00:00:00.000 +0200,0.28545,0.29289,0.27522,0.27708,374538800
1994-12-01 00:00:00.000 +0200,0.27522,0.27987,0.26779,0.26918,371285500
1994-12-02 00:00:00.000 +0200,0.2715,0.27336,0.265,0.27197,206762600
1994-12-05 00:00:00.000 +0200,0.2715,0.27801,0.26872,0.27662,216388300
1994-12-06 00:00:00.000 +0200,0.27522,0.28545,0.27429,0.27941,285784100
1994-12-07 00:00:00.000 +0200,0.27894,0.28127,0.26825,0.27243,164805000
1994-12-08 00:00:00.000 +0200,0.27429,0.27522,0.26593,0.26686,203885800
1994-12-09 00:00:00.000 +0200,0.26686,0.27058,0.25849,0.26965,312953600
1994-12-12 00:00:00.000 +0200,0.27058,0.27336,0.26407,0.2715,268966100
1994-12-13 00:00:00.000 +0200,0.27243,0.27476,0.26965,0.27058,143080200
1994-12-14 00:00:00.000 +0200,0.2715,0.28359,0.2715,0.28173,373812900
1994-12-15 00:00:00.000 +0200,0.28266,0.28545,0.27429,0.27615,273187500
1994-12-16 00:00:00.000 +0200,0.27708,0.2808,0.27336,0.27708,215796700
1994-12-19 00:00:00.000 +0200,0.27708,0.29289,0.27708,0.29103,399490200
1994-12-20 00:00:00.000 +0200,0.29103,0.29196,0.28545,0.28638,210231000
1994-12-21 00:00:00.000 +0200,0.28173,0.28638,0.27894,0.28545,188976800
1994-12-22 00:00:00.000 +0200,0.28638,0.28917,0.28452,0.28731,159736800
1994-12-23 00:00:00.000 +0200,0.28638,0.29289,0.28638,0.28917,112697700
1994-12-27 00:00:00.000 +0200,0.29196,0.29568,0.28917,0.29103,98326500
1994-12-28 00:00:00.000 +0200,0.29103,0.29196,0.28452,0.29103,107024500
1994-12-29 00:00:00.000 +0200,0.29196,0.29661,0.29103,0.29382,145648000
1994-12-30 00:00:00.000 +0200,0.29289,0.29661,0.28824,0.2901,87733000
1995-01-03 00:00:00.000 +0200,0.28917,0.28917,0.28173,0.28545,124676000
1995-01-04 00:00:00.000 +0200,0.28731,0.29475,0.28731,0.29289,190469000
1995-01-05 00:00:00.000 +0200,0.29196,0.29289,0.28824,0.28917,88391700
1995-01-06 00:00:00.000 +0200,0.30963,0.32078,0.30591,0.31242,1292292800
1995-01-09 00:00:00.000 +0200,0.30963,0.31149,0.30498,0.30649,328991800
1995-01-10 00:00:00.000 +0200,0.30684,0.32729,0.30684,0.32497,737946300
1995-01-11 00:00:00.000 +0200,0.32543,0.35751,0.31753,0.34775,1048869400
1995-01-12 00:00:00.000 +0200,0.3431,0.34496,0.33287,0.33752,662312700
1995-01-13 00:00:00.000 +0200,0.3431,0.3431,0.33008,0.3338,421766200
1995-01-16 00:00:00.000 +0200,0.3338,0.33659,0.32915,0.33101,226833900
1995-01-17 00:00:00.000 +0200,0.33101,0.33845,0.32822,0.33473,396236700
1995-01-18 00:00:00.000 +0200,0.33473,0.33938,0.33287,0.33938,153230200
1995-01-19 00:00:00.000 +0200,0.33845,0.34217,0.33473,0.34124,377254300
1995-01-20 00:00:00.000 +0200,0.34961,0.34961,0.31614,0.31707,1200755500
1995-01-23 00:00:00.000 +0200,0.31149,0.31706,0.30498,0.31428,478377300
1995-01-24 00:00:00.000 +0200,0.31428,0.31521,0.30777,0.30963,261787400
1995-01-25 00:00:00.000 +0200,0.29382,0.31242,0.29382,0.30486,620650700
1995-01-26 00:00:00.000 +0200,0.30405,0.3087,0.29196,0.29382,295745800
1995-01-27 00:00:00.000 +0200,0.29661,0.30033,0.2901,0.29661,358379500
1995-01-30 00:00:00.000 +0200,0.29847,0.30126,0.29661,0.29847,276776900
1995-01-31 00:00:00.000 +0200,0.30126,0.30405,0.29754,0.30033,255401500
1995-02-01 00:00:00.000 +0200,0.30312,0.30312,0.29661,0.29847,190092500
1995-02-02 00:00:00.000 +0200,0.29847,0.31149,0.29847,0.30963,244364400
1995-02-03 00:00:00.000 +0200,0.31242,0.31335,0.30033,0.30126,383156100
1995-02-06 00:00:00.000 +0200,0.30312,0.30312,0.29382,0.30126,291712700
1995-02-07 00:00:00.000 +0200,0.30033,0.30498,0.29754,0.30358,241984800
1995-02-08 00:00:00.000 +0200,0.30498,0.31521,0.30405,0.31474,483566600
1995-02-09 00:00:00.000 +0200,0.31335,0.32636,0.31335,0.3245,570627000
1995-02-10 00:00:00.000 +0200,0.3245,0.32869,0.32264,0.32543,421268700
1995-02-13 00:00:00.000 +0200,0.32446,0.33192,0.3226,0.32633,339204000
1995-02-14 00:00:00.000 +0200,0.32633,0.32913,0.31794,0.32027,198245500
1995-02-15 00:00:00.000 +0200,0.3226,0.32446,0.317,0.31747,220822400
1995-02-16 00:00:00.000 +0200,0.32167,0.3226,0.31794,0.32213,261887200
1995-02-17 00:00:00.000 +0200,0.3198,0.32073,0.317,0.317,145784900
1995-02-21 00:00:00.000 +0200,0.31794,0.31887,0.30488,0.30582,361003400
1995-02-22 00:00:00.000 +0200,0.30302,0.30582,0.29929,0.30442,351229800
1995-02-23 00:00:00.000 +0200,0.30675,0.31234,0.29836,0.29976,376716100
1995-02-24 00:00:00.000 +0200,0.29929,0.30115,0.28717,0.2909,680888200
1995-02-27 00:00:00.000 +0200,0.2853,0.2909,0.28425,0.2853,321775300
1995-02-28 00:00:00.000 +0200,0.28717,0.29743,0.28344,0.29463,266901400
1995-03-01 00:00:00.000 +0200,0.29649,0.29929,0.29405,0.29836,268671200
1995-03-02 00:00:00.000 +0200,0.29929,0.30395,0.29649,0.29836,321694900
1995-03-03 00:00:00.000 +0200,0.29649,0.30349,0.29463,0.30022,174488800
1995-03-06 00:00:00.000 +0200,0.29649,0.29836,0.29463,0.29649,158869900
1995-03-07 00:00:00.000 +0200,0.29743,0.29743,0.2853,0.28577,180495000
1995-03-08 00:00:00.000 +0200,0.28903,0.29929,0.28158,0.29509,436764800
1995-03-09 00:00:00.000 +0200,0.29743,0.30115,0.2937,0.29649,235435900
1995-03-10 00:00:00.000 +0200,0.29556,0.30115,0.2937,0.29463,164487300
1995-03-13 00:00:00.000 +0200,0.29556,0.29556,0.28344,0.28437,389935100
1995-03-14 00:00:00.000 +0200,0.2853,0.2853,0.25733,0.26106,871277300
1995-03-15 00:00:00.000 +0200,0.26479,0.27039,0.26013,0.26106,874991000
1995-03-16 00:00:00.000 +0200,0.26293,0.26852,0.26106,0.26293,379142800
1995-03-17 00:00:00.000 +0200,0.26479,0.26479,0.26013,0.26199,258133500
1995-03-20 00:00:00.000 +0200,0.26199,0.26572,0.26106,0.26293,227298000
1995-03-21 00:00:00.000 +0200,0.26479,0.27412,0.26293,0.27039,365534800
1995-03-22 00:00:00.000 +0200,0.27039,0.29463,0.27039,0.28391,573553900
1995-03-23 00:00:00.000 +0200,0.28251,0.28344,0.27586,0.27691,203608200
1995-03-24 00:00:00.000 +0200,0.27878,0.28251,0.27785,0.28158,153359700
1995-03-27 00:00:00.000 +0200,0.28064,0.28064,0.27318,0.27738,170936000
1995-03-28 00:00:00.000 +0200,0.27039,0.27109,0.25454,0.2564,825708100
1995-03-29 00:00:00.000 +0200,0.2536,0.26013,0.25267,0.2564,594776900
1995-03-30 00:00:00.000 +0200,0.25827,0.26479,0.25733,0.26386,327285400
1995-03-31 00:00:00.000 +0200,0.26199,0.26572,0.2592,0.26293,219347800
1995-04-03 00:00:00.000 +0200,0.26479,0.26666,0.26199,0.26479,184704800
1995-04-04 00:00:00.000 +0200,0.26666,0.26759,0.25081,0.25267,512566600
1995-04-05 00:00:00.000 +0200,0.25454,0.2592,0.25174,0.2592,317042700
1995-04-06 00:00:00.000 +0200,0.27784,0.28344,0.26502,0.27412,865244500
1995-04-07 00:00:00.000 +0200,0.27598,0.27691,0.27039,0.27412,353991700
1995-04-10 00:00:00.000 +0200,0.27505,0.27598,0.26945,0.27318,141012100
1995-04-11 00:00:00.000 +0200,0.27412,0.28251,0.27318,0.28158,256779300
1995-04-12 00:00:00.000 +0200,0.2853,0.29556,0.27878,0.2909,568244800
1995-04-13 00:00:00.000 +0200,0.29276,0.29276,0.28251,0.2853,208716200
1995-04-17 00:00:00.000 +0200,0.28437,0.2937,0.28251,0.28624,249955300
1995-04-18 00:00:00.000 +0200,0.28717,0.2881,0.27971,0.27971,276674900
1995-04-19 00:00:00.000 +0200,0.27971,0.27971,0.26572,0.27132,334484800
1995-04-20 00:00:00.000 +0200,0.27691,0.28717,0.27318,0.28064,394426300
1995-04-21 00:00:00.000 +0200,0.27785,0.29463,0.27691,0.29183,797969300
1995-04-24 00:00:00.000 +0200,0.2909,0.29556,0.28717,0.2909,325877700
1995-04-25 00:00:00.000 +0200,0.29183,0.2937,0.27785,0.28158,327553500
1995-04-26 00:00:00.000 +0200,0.28064,0.28903,0.27878,0.2853,275843800
1995-04-27 00:00:00.000 +0200,0.28717,0.28717,0.28157,0.28251,167423500
1995-04-28 00:00:00.000 +0200,0.28344,0.28624,0.27971,0.2853,233800300
1995-05-01 00:00:00.000 +0200,0.2853,0.28903,0.28344,0.2853,213019800
1995-05-02 00:00:00.000 +0200,0.2853,0.28624,0.27971,0.28437,143653200
1995-05-03 00:00:00.000 +0200,0.2853,0.2881,0.28344,0.28437,202039600
1995-05-04 00:00:00.000 +0200,0.2853,0.29743,0.28344,0.28717,363470200
1995-05-05 00:00:00.000 +0200,0.28903,0.29183,0.28437,0.28997,248990000
1995-05-08 00:00:00.000 +0200,0.29743,0.30582,0.29649,0.30209,463216400
1995-05-09 00:00:00.000 +0200,0.30302,0.30861,0.29836,0.30768,386556600
1995-05-10 00:00:00.000 +0200,0.30955,0.31234,0.30395,0.30908,329269600
1995-05-11 00:00:00.000 +0200,0.31048,0.31048,0.30115,0.30582,626792100
1995-05-12 00:00:00.000 +0200,0.30488,0.32586,0.30209,0.3254,775620400
1995-05-15 00:00:00.000 +0200,0.32167,0.32633,0.317,0.3254,470858300
1995-05-16 00:00:00.000 +0200,0.32167,0.33099,0.317,0.32633,398032700
1995-05-17 00:00:00.000 +0200,0.32633,0.33099,0.32446,0.32819,314991500
1995-05-18 00:00:00.000 +0200,0.32913,0.32913,0.3226,0.32353,444782100
1995-05-19 00:00:00.000 +0200,0.3198,0.32633,0.31794,0.31887,386154500
1995-05-22 00:00:00.000 +0200,0.317,0.32913,0.31514,0.32913,445157600
1995-05-23 00:00:00.000 +0200,0.32913,0.33099,0.32446,0.32726,331173400
1995-05-24 00:00:00.000 +0200,0.32633,0.33006,0.3198,0.32446,316814700
1995-05-25 00:00:00.000 +0200,0.3226,0.32819,0.32073,0.32353,218891900
1995-05-26 00:00:00.000 +0200,0.32162,0.32256,0.31601,0.31929,136744900
1995-05-30 00:00:00.000 +0200,0.31882,0.32069,0.3104,0.31414,234423700
1995-05-31 00:00:00.000 +0200,0.31508,0.31508,0.30666,0.31087,190437500
1995-06-01 00:00:00.000 +0200,0.31321,0.31788,0.31227,0.31555,222899200
1995-06-02 00:00:00.000 +0200,0.31321,0.31695,0.3104,0.31508,126169600
1995-06-05 00:00:00.000 +0200,0.31695,0.32536,0.31508,0.32536,303986100
1995-06-06 00:00:00.000 +0200,0.3263,0.33191,0.32536,0.3291,376342800
1995-06-07 00:00:00.000 +0200,0.33004,0.33004,0.32256,0.32256,148644000
1995-06-08 00:00:00.000 +0200,0.32443,0.32443,0.31508,0.32116,162508300
1995-06-09 00:00:00.000 +0200,0.3263,0.32723,0.32256,0.32536,222778700
1995-06-12 00:00:00.000 +0200,0.3291,0.33284,0.32817,0.33039,253208100
1995-06-13 00:00:00.000 +0200,0.33284,0.33378,0.32817,0.3291,150341900
1995-06-14 00:00:00.000 +0200,0.32817,0.32817,0.32443,0.3263,140916300
1995-06-15 00:00:00.000 +0200,0.3263,0.32723,0.32443,0.3263,110727600
1995-06-16 00:00:00.000 +0200,0.32817,0.3291,0.32536,0.32817,106489400
1995-06-19 00:00:00.000 +0200,0.32817,0.33845,0.32536,0.33191,560496500
1995-06-20 00:00:00.000 +0200,0.34406,0.35715,0.34406,0.35435,881595800
1995-06-21 00:00:00.000 +0200,0.35622,0.37492,0.34967,0.36931,747284300
1995-06-22 00:00:00.000 +0200,0.3665,0.37118,0.3637,0.36744,565724100
1995-06-23 00:00:00.000 +0200,0.36463,0.3665,0.35715,0.36463,276899300
1995-06-26 00:00:00.000 +0200,0.36089,0.36276,0.35622,0.35996,182375700
1995-06-27 00:00:00.000 +0200,0.35435,0.36089,0.34687,0.34687,259157600
1995-06-28 00:00:00.000 +0200,0.34406,0.35528,0.33939,0.34874,317957400
1995-06-29 00:00:00.000 +0200,0.34687,0.35996,0.34406,0.35341,277607800
1995-06-30 00:00:00.000 +0200,0.35341,0.35809,0.345,0.34734,197550300
1995-07-03 00:00:00.000 +0200,0.3478,0.35248,0.34593,0.35107,47021100
1995-07-05 00:00:00.000 +0200,0.35061,0.35809,0.3478,0.3478,211361100
1995-07-06 00:00:00.000 +0200,0.3478,0.35154,0.34219,0.35154,219757300
1995-07-07 00:00:00.000 +0200,0.35061,0.36837,0.34967,0.3637,462109200
1995-07-10 00:00:00.000 +0200,0.3637,0.37305,0.35996,0.3637,355646500
1995-07-11 00:00:00.000 +0200,0.35715,0.3637,0.35201,0.35248,256283100
1995-07-12 00:00:00.000 +0200,0.35341,0.35902,0.345,0.35154,338787400
1995-07-13 00:00:00.000 +0200,0.35435,0.36463,0.35248,0.35622,420583100
1995-07-14 00:00:00.000 +0200,0.35435,0.3665,0.35154,0.36463,331768400
1995-07-17 00:00:00.000 +0200,0.36557,0.37211,0.3637,0.3665,269973700
1995-07-18 00:00:00.000 +0200,0.3665,0.37071,0.35715,0.35996,303959400
1995-07-19 00:00:00.000 +0200,0.35154,0.35902,0.33658,0.34032,621970400
1995-07-20 00:00:00.000 +0200,0.34406,0.35435,0.33658,0.35201,395448100
1995-07-21 00:00:00.000 +0200,0.32162,0.33565,0.32162,0.32723,904698600
1995-07-24 00:00:00.000 +0200,0.3291,0.34032,0.32723,0.33939,256202900
1995-07-25 00:00:00.000 +0200,0.34406,0.34687,0.34126,0.34219,314574900
1995-07-26 00:00:00.000 +0200,0.34593,0.34593,0.33939,0.33939,204662800
1995-07-27 00:00:00.000 +0200,0.34032,0.35528,0.34032,0.35014,388175000
1995-07-28 00:00:00.000 +0200,0.34967,0.35341,0.33658,0.34032,311486600
1995-07-31 00:00:00.000 +0200,0.34032,0.34126,0.33471,0.33658,189234300
1995-08-01 00:00:00.000 +0200,0.33565,0.33565,0.32536,0.32536,251777500
1995-08-02 00:00:00.000 +0200,0.32817,0.33658,0.32723,0.33191,328425800
1995-08-03 00:00:00.000 +0200,0.33004,0.34126,0.32817,0.33658,255374100
1995-08-04 00:00:00.000 +0200,0.33658,0.33752,0.32723,0.33097,229570600
1995-08-07 00:00:00.000 +0200,0.33004,0.33378,0.32256,0.32443,231295300
1995-08-08 00:00:00.000 +0200,0.3263,0.32723,0.31695,0.31788,280041100
1995-08-09 00:00:00.000 +0200,0.31882,0.32723,0.31788,0.32256,440503900
1995-08-10 00:00:00.000 +0200,0.32256,0.32349,0.31882,0.31975,195798800
1995-08-11 00:00:00.000 +0200,0.32069,0.32256,0.31321,0.32209,247017900
1995-08-14 00:00:00.000 +0200,0.32162,0.32723,0.32069,0.32443,199836400
1995-08-15 00:00:00.000 +0200,0.32817,0.33004,0.32256,0.32957,379444500
1995-08-16 00:00:00.000 +0200,0.33,0.33375,0.32719,0.33375,348371700
1995-08-17 00:00:00.000 +0200,0.33469,0.34125,0.33094,0.33469,293918600
1995-08-18 00:00:00.000 +0200,0.33656,0.33844,0.32813,0.33656,287092100
1995-08-21 00:00:00.000 +0200,0.33656,0.34031,0.33094,0.33094,323545100
1995-08-22 00:00:00.000 +0200,0.33281,0.33844,0.33094,0.33563,258385500
1995-08-23 00:00:00.000 +0200,0.33656,0.34406,0.33469,0.34125,302145300
1995-08-24 00:00:00.000 +0200,0.34219,0.34688,0.34125,0.34313,342771800
1995-08-25 00:00:00.000 +0200,0.34406,0.34406,0.33469,0.33563,159932600
1995-08-28 00:00:00.000 +0200,0.33656,0.3375,0.3225,0.3225,289332000
1995-08-29 00:00:00.000 +0200,0.3225,0.32438,0.31875,0.32344,377451500
1995-08-30 00:00:00.000 +0200,0.32438,0.32813,0.32344,0.32531,182705800
1995-08-31 00:00:00.000 +0200,0.32531,0.32625,0.3225,0.3225,104599500
1995-09-01 00:00:00.000 +0200,0.3225,0.32625,0.32156,0.32203,117119500
1995-09-05 00:00:00.000 +0200,0.32625,0.32625,0.32063,0.32625,214252300
1995-09-06 00:00:00.000 +0200,0.32906,0.33129,0.32625,0.32813,238998900
1995-09-07 00:00:00.000 +0200,0.33,0.33985,0.32813,0.33563,312291900
1995-09-08 00:00:00.000 +0200,0.33563,0.33656,0.33375,0.33563,208065700
1995-09-11 00:00:00.000 +0200,0.33656,0.34125,0.33188,0.33188,205345700
1995-09-12 00:00:00.000 +0200,0.33375,0.33656,0.31969,0.32203,388398300
1995-09-13 00:00:00.000 +0200,0.32156,0.32531,0.315,0.31781,384224800
1995-09-14 00:00:00.000 +0200,0.31031,0.31219,0.29813,0.3,655423700
1995-09-15 00:00:00.000 +0200,0.28031,0.29906,0.26625,0.26906,1442806600
1995-09-18 00:00:00.000 +0200,0.27281,0.27609,0.26906,0.27516,739863500
1995-09-19 00:00:00.000 +0200,0.27563,0.27844,0.27094,0.27563,583357100
1995-09-20 00:00:00.000 +0200,0.27938,0.28031,0.27375,0.27469,383104800
1995-09-21 00:00:00.000 +0200,0.27375,0.28125,0.27281,0.2775,413491400
1995-09-22 00:00:00.000 +0200,0.27656,0.27938,0.27281,0.27797,474571300
1995-09-25 00:00:00.000 +0200,0.28688,0.28699,0.28031,0.28137,375251500
1995-09-26 00:00:00.000 +0200,0.28313,0.28406,0.27844,0.28031,298692000
1995-09-27 00:00:00.000 +0200,0.28125,0.28125,0.26063,0.27188,537184100
1995-09-28 00:00:00.000 +0200,0.27375,0.28406,0.27375,0.28313,394264900
1995-09-29 00:00:00.000 +0200,0.285,0.28688,0.27656,0.27938,337398400
1995-10-02 00:00:00.000 +0200,0.28313,0.28875,0.28125,0.28219,466664300
1995-10-03 00:00:00.000 +0200,0.28594,0.28875,0.27844,0.28219,345024900
1995-10-04 00:00:00.000 +0200,0.27469,0.2775,0.27,0.27281,317585100
1995-10-05 00:00:00.000 +0200,0.27188,0.27469,0.26906,0.27375,290558600
1995-10-06 00:00:00.000 +0200,0.27563,0.2775,0.26719,0.26766,367905000
1995-10-09 00:00:00.000 +0200,0.26531,0.26813,0.25781,0.2611,443531300
1995-10-10 00:00:00.000 +0200,0.25781,0.2625,0.25219,0.26016,476504500
1995-10-11 00:00:00.000 +0200,0.26438,0.26719,0.25594,0.26156,396278100
1995-10-12 00:00:00.000 +0200,0.2625,0.26531,0.26063,0.26484,192919100
1995-10-13 00:00:00.000 +0200,0.26813,0.27656,0.26625,0.27,279985400
1995-10-16 00:00:00.000 +0200,0.27188,0.2775,0.26906,0.27094,216745700
1995-10-17 00:00:00.000 +0200,0.27375,0.27656,0.26906,0.27469,212639000
1995-10-18 00:00:00.000 +0200,0.2775,0.29672,0.27563,0.28031,609997200
1995-10-19 00:00:00.000 +0200,0.26906,0.27094,0.26063,0.26063,1124874500
1995-10-20 00:00:00.000 +0200,0.26438,0.26438,0.25969,0.26344,459917900
1995-10-23 00:00:00.000 +0200,0.26344,0.26344,0.26063,0.26344,235478900
1995-10-24 00:00:00.000 +0200,0.26625,0.26625,0.26156,0.26344,254158800
1995-10-25 00:00:00.000 +0200,0.26438,0.26531,0.26063,0.26063,158692600
1995-10-26 00:00:00.000 +0200,0.26156,0.2625,0.25875,0.26156,149839300
1995-10-27 00:00:00.000 +0200,0.26156,0.26156,0.25594,0.26063,183585800
1995-10-30 00:00:00.000 +0200,0.26156,0.26438,0.25969,0.26438,209092400
1995-10-31 00:00:00.000 +0200,0.26438,0.27469,0.26344,0.27235,344305100
1995-11-01 00:00:00.000 +0200,0.27469,0.27844,0.26625,0.27469,230038900
1995-11-02 00:00:00.000 +0200,0.27656,0.27656,0.27188,0.27469,181852400
1995-11-03 00:00:00.000 +0200,0.27563,0.27656,0.26906,0.27375,213612300
1995-11-06 00:00:00.000 +0200,0.27375,0.29063,0.27281,0.28594,371158200
1995-11-07 00:00:00.000 +0200,0.28313,0.30375,0.28125,0.29719,876649300
1995-11-08 00:00:00.000 +0200,0.29813,0.3075,0.29063,0.29156,427171300
1995-11-09 00:00:00.000 +0200,0.29813,0.3,0.29156,0.29531,309651900
1995-11-10 00:00:00.000 +0200,0.29531,0.30188,0.29156,0.29813,265612200
1995-11-13 00:00:00.000 +0200,0.30188,0.30938,0.3,0.30656,377824900
1995-11-14 00:00:00.000 +0200,0.3075,0.31875,0.3075,0.31125,484851100
1995-11-15 00:00:00.000 +0200,0.315,0.315,0.30094,0.3075,295398700
1995-11-16 00:00:00.000 +0200,0.30656,0.31125,0.29625,0.29953,269318800
1995-11-17 00:00:00.000 +0200,0.3,0.30281,0.29813,0.30094,153012600
1995-11-20 00:00:00.000 +0200,0.30188,0.30188,0.28875,0.28969,176732500
1995-11-21 00:00:00.000 +0200,0.29153,0.29153,0.28495,0.29059,227397200
1995-11-22 00:00:00.000 +0200,0.29059,0.29529,0.28965,0.29059,117260800
1995-11-24 00:00:00.000 +0200,0.29247,0.30376,0.29153,0.30235,130486200
1995-11-27 00:00:00.000 +0200,0.30564,0.30564,0.29623,0.29623,137517600
1995-11-28 00:00:00.000 +0200,0.29623,0.30188,0.29529,0.30094,209214000
1995-11-29 00:00:00.000 +0200,0.30188,0.30188,0.29341,0.29529,124930200
1995-11-30 00:00:00.000 +0200,0.29247,0.29341,0.28589,0.28683,207512500
1995-12-01 00:00:00.000 +0200,0.28589,0.28777,0.27931,0.28307,242350400
1995-12-04 00:00:00.000 +0200,0.30188,0.30188,0.29341,0.29717,570460200
1995-12-05 00:00:00.000 +0200,0.28965,0.3,0.28777,0.29717,431507000
1995-12-06 00:00:00.000 +0200,0.29906,0.3,0.28871,0.29153,238668700
1995-12-07 00:00:00.000 +0200,0.29153,0.29153,0.28495,0.29012,168434600
1995-12-08 00:00:00.000 +0200,0.29153,0.29623,0.28495,0.29623,167756600
1995-12-11 00:00:00.000 +0200,0.29717,0.29811,0.28871,0.29059,132506600
1995-12-12 00:00:00.000 +0200,0.29059,0.29059,0.28589,0.28589,210715900
1995-12-13 00:00:00.000 +0200,0.28777,0.29341,0.27648,0.28871,812824100
1995-12-14 00:00:00.000 +0200,0.29247,0.29623,0.28589,0.28777,395791800
1995-12-15 00:00:00.000 +0200,0.26708,0.27554,0.25862,0.2652,862642000
1995-12-18 00:00:00.000 +0200,0.26426,0.2652,0.23981,0.24263,791025600
1995-12-19 00:00:00.000 +0200,0.24639,0.25015,0.24263,0.24639,511338100
1995-12-20 00:00:00.000 +0200,0.25203,0.25297,0.24451,0.24545,434045700
1995-12-21 00:00:00.000 +0200,0.24639,0.24639,0.23793,0.24451,395047400
1995-12-22 00:00:00.000 +0200,0.24545,0.24733,0.24169,0.24263,278491200
1995-12-26 00:00:00.000 +0200,0.24451,0.24451,0.23887,0.24122,165563500
1995-12-27 00:00:00.000 +0200,0.24169,0.25109,0.23981,0.24357,318725600
1995-12-28 00:00:00.000 +0200,0.24169,0.24639,0.23981,0.24075,296687700
1995-12-29 00:00:00.000 +0200,0.24075,0.24357,0.23793,0.23981,360940600
1996-01-02 00:00:00.000 +0200,0.24263,0.24263,0.23887,0.24169,165310900
1996-01-03 00:00:00.000 +0200,0.24075,0.24733,0.23981,0.24169,510115100
1996-01-04 00:00:00.000 +0200,0.24357,0.24357,0.23605,0.23746,356248500
1996-01-05 00:00:00.000 +0200,0.23793,0.25768,0.23605,0.25768,529215700
1996-01-08 00:00:00.000 +0200,0.25956,0.26708,0.2558,0.2605,144004000
1996-01-09 00:00:00.000 +0200,0.2605,0.2605,0.24639,0.24639,298136500
1996-01-10 00:00:00.000 +0200,0.24451,0.26144,0.24263,0.25768,433687100
1996-01-11 00:00:00.000 +0200,0.24545,0.26332,0.24357,0.26332,898078400
1996-01-12 00:00:00.000 +0200,0.26144,0.26144,0.25015,0.25485,476912100
1996-01-15 00:00:00.000 +0200,0.25391,0.25956,0.25109,0.25674,430895600
1996-01-16 00:00:00.000 +0200,0.25862,0.26144,0.25297,0.26003,418826600
1996-01-17 00:00:00.000 +0200,0.25862,0.25862,0.25391,0.2558,280564600
1996-01-18 00:00:00.000 +0200,0.24733,0.25109,0.22852,0.24028,828827800
1996-01-19 00:00:00.000 +0200,0.23323,0.23887,0.221,0.22476,984102600
1996-01-22 00:00:00.000 +0200,0.22382,0.23323,0.22006,0.22946,593082900
1996-01-23 00:00:00.000 +0200,0.25391,0.2558,0.23323,0.23793,1172873700
1996-01-24 00:00:00.000 +0200,0.24169,0.24263,0.23887,0.24263,778398300
1996-01-25 00:00:00.000 +0200,0.23887,0.24075,0.22664,0.22758,528351700
1996-01-26 00:00:00.000 +0200,0.22852,0.23511,0.21536,0.2304,873169000
1996-01-29 00:00:00.000 +0200,0.21818,0.22382,0.2163,0.21912,394715200
1996-01-30 00:00:00.000 +0200,0.20313,0.2116,0.20207,0.20548,739173800
1996-01-31 00:00:00.000 +0200,0.20877,0.21066,0.20595,0.20783,389331900
1996-02-01 00:00:00.000 +0200,0.20689,0.21348,0.20689,0.21348,395246900
1996-02-02 00:00:00.000 +0200,0.21724,0.22288,0.2163,0.22006,659821300
1996-02-05 00:00:00.000 +0200,0.22335,0.22382,0.21818,0.22006,378259800
1996-02-06 00:00:00.000 +0200,0.22006,0.2257,0.22006,0.22288,268469100
1996-02-07 00:00:00.000 +0200,0.22382,0.22382,0.20877,0.21254,427625800
1996-02-08 00:00:00.000 +0200,0.20689,0.2116,0.20689,0.20971,312318900
1996-02-09 00:00:00.000 +0200,0.20971,0.21442,0.20783,0.20877,244105100
1996-02-12 00:00:00.000 +0200,0.2116,0.21442,0.21066,0.21348,230560700
1996-02-13 00:00:00.000 +0200,0.21066,0.21724,0.20971,0.2116,271180600
1996-02-14 00:00:00.000 +0200,0.21254,0.21254,0.20642,0.20783,193662400
1996-02-15 00:00:00.000 +0200,0.20783,0.2116,0.20595,0.21066,144881300
1996-02-16 00:00:00.000 +0200,0.2116,0.21348,0.20689,0.20689,185660800
1996-02-20 00:00:00.000 +0200,0.21066,0.22194,0.21066,0.21818,447311200
1996-02-21 00:00:00.000 +0200,0.221,0.22382,0.21912,0.22288,263271900
1996-02-22 00:00:00.000 +0200,0.2257,0.22664,0.22288,0.22476,218584600
1996-02-23 00:00:00.000 +0200,0.22476,0.22758,0.22288,0.22476,205651600
1996-02-26 00:00:00.000 +0200,0.2257,0.22664,0.22194,0.22194,140375400
1996-02-27 00:00:00.000 +0200,0.22476,0.22476,0.21442,0.21536,177021000
1996-02-28 00:00:00.000 +0200,0.21724,0.21724,0.20783,0.20877,223010900
1996-02-29 00:00:00.000 +0200,0.20689,0.20877,0.20501,0.20689,133968700
1996-03-01 00:00:00.000 +0200,0.20783,0.20783,0.20031,0.20219,274304200
1996-03-04 00:00:00.000 +0200,0.20501,0.20595,0.19749,0.19749,222585600
1996-03-05 00:00:00.000 +0200,0.19937,0.20125,0.19749,0.20031,140561500
1996-03-06 00:00:00.000 +0200,0.20125,0.20219,0.19655,0.19702,117553200
1996-03-07 00:00:00.000 +0200,0.19749,0.19843,0.19091,0.1942,308637000
1996-03-08 00:00:00.000 +0200,0.19373,0.19749,0.18808,0.19561,176835000
1996-03-11 00:00:00.000 +0200,0.19749,0.19843,0.19373,0.19467,150729700
1996-03-12 00:00:00.000 +0200,0.19561,0.19843,0.19279,0.1942,114110600
1996-03-13 00:00:00.000 +0200,0.19467,0.19655,0.19279,0.19373,118297600
1996-03-14 00:00:00.000 +0200,0.19467,0.19467,0.19185,0.19279,110801000
1996-03-15 00:00:00.000 +0200,0.19561,0.19561,0.19185,0.19467,120317900
1996-03-18 00:00:00.000 +0200,0.19514,0.19655,0.19373,0.19655,129515900
1996-03-19 00:00:00.000 +0200,0.19843,0.19937,0.19279,0.19373,147592800
1996-03-20 00:00:00.000 +0200,0.19373,0.19373,0.18903,0.18997,137650500
1996-03-21 00:00:00.000 +0200,0.19185,0.19185,0.18808,0.18903,130526100
1996-03-22 00:00:00.000 +0200,0.18997,0.19091,0.18714,0.19091,127655100
1996-03-25 00:00:00.000 +0200,0.19185,0.19373,0.18056,0.18056,195071400
1996-03-26 00:00:00.000 +0200,0.18056,0.18432,0.17774,0.17962,190831300
1996-03-27 00:00:00.000 +0200,0.17492,0.18997,0.17304,0.18997,509477100
1996-03-28 00:00:00.000 +0200,0.1862,0.19279,0.1815,0.18197,351157800
1996-03-29 00:00:00.000 +0200,0.18244,0.1862,0.17868,0.18479,197623400
1996-04-01 00:00:00.000 +0200,0.18903,0.19467,0.18444,0.19185,188266000
1996-04-02 00:00:00.000 +0200,0.19279,0.19279,0.18714,0.18808,120384400
1996-04-03 00:00:00.000 +0200,0.18903,0.18903,0.18303,0.18479,85732500
1996-04-04 00:00:00.000 +0200,0.18526,0.18526,0.18056,0.1815,102121400
1996-04-08 00:00:00.000 +0200,0.17962,0.18432,0.17868,0.18338,200361600
1996-04-09 00:00:00.000 +0200,0.18714,0.19937,0.18338,0.19561,278982900
1996-04-10 00:00:00.000 +0200,0.19655,0.19937,0.19467,0.19561,207406300
1996-04-11 00:00:00.000 +0200,0.19655,0.19749,0.19185,0.19373,116622800
1996-04-12 00:00:00.000 +0200,0.19467,0.19467,0.19091,0.19185,96645100
1996-04-15 00:00:00.000 +0200,0.19185,0.19373,0.18808,0.19373,182856100
1996-04-16 00:00:00.000 +0200,0.19467,0.19561,0.19279,0.19467,120357800
1996-04-17 00:00:00.000 +0200,0.19467,0.19561,0.18903,0.18997,101363800
1996-04-18 00:00:00.000 +0200,0.19091,0.19102,0.18244,0.1862,257822300
1996-04-19 00:00:00.000 +0200,0.18526,0.18903,0.18526,0.18855,120809800
1996-04-22 00:00:00.000 +0200,0.18997,0.19185,0.18714,0.18903,131868600
1996-04-23 00:00:00.000 +0200,0.18903,0.18997,0.18526,0.1862,201690700
1996-04-24 00:00:00.000 +0200,0.18526,0.1862,0.18197,0.18244,152311400
1996-04-25 00:00:00.000 +0200,0.18338,0.18714,0.1815,0.18714,206980900
1996-04-26 00:00:00.000 +0200,0.18808,0.18903,0.18526,0.1862,224140700
1996-04-29 00:00:00.000 +0200,0.18808,0.18808,0.18432,0.1862,143658500
1996-04-30 00:00:00.000 +0200,0.18714,0.18714,0.1815,0.18338,162187400
1996-05-01 00:00:00.000 +0200,0.18338,0.1862,0.1815,0.18338,133756100
1996-05-02 00:00:00.000 +0200,0.18432,0.18432,0.1768,0.17868,223476100
1996-05-03 00:00:00.000 +0200,0.1815,0.1815,0.1768,0.17962,128718400
1996-05-06 00:00:00.000 +0200,0.18714,0.19467,0.1862,0.19279,343554800
1996-05-07 00:00:00.000 +0200,0.19843,0.20595,0.19749,0.20219,419571000
1996-05-08 00:00:00.000 +0200,0.20501,0.20501,0.19279,0.20125,221681700
1996-05-09 00:00:00.000 +0200,0.19843,0.19937,0.19373,0.19655,116396800
1996-05-10 00:00:00.000 +0200,0.19749,0.20595,0.19561,0.20501,131243900
1996-05-13 00:00:00.000 +0200,0.20407,0.20783,0.20031,0.2036,221947500
1996-05-14 00:00:00.000 +0200,0.20877,0.21066,0.20689,0.20689,234535000
1996-05-15 00:00:00.000 +0200,0.20971,0.21724,0.20877,0.21442,346970900
1996-05-16 00:00:00.000 +0200,0.21254,0.21536,0.20971,0.21348,154371700
1996-05-17 00:00:00.000 +0200,0.21348,0.21348,0.20689,0.20783,146330100
1996-05-20 00:00:00.000 +0200,0.20971,0.2116,0.20783,0.21018,100300400
1996-05-21 00:00:00.000 +0200,0.21066,0.2116,0.20407,0.20407,135749800
1996-05-22 00:00:00.000 +0200,0.20595,0.20595,0.19373,0.19608,239585900
1996-05-23 00:00:00.000 +0200,0.19655,0.20031,0.19373,0.19749,147220700
1996-05-24 00:00:00.000 +0200,0.19749,0.20219,0.19655,0.20125,134394000
1996-05-28 00:00:00.000 +0200,0.20125,0.20501,0.19843,0.19843,120876200
1996-05-29 00:00:00.000 +0200,0.19749,0.19749,0.1862,0.18714,260520600
1996-05-30 00:00:00.000 +0200,0.18714,0.19373,0.1862,0.19185,122790200
1996-05-31 00:00:00.000 +0200,0.19279,0.20031,0.19185,0.19655,193024400
1996-06-03 00:00:00.000 +0200,0.19467,0.19561,0.1862,0.1862,148895400
1996-06-04 00:00:00.000 +0200,0.18056,0.18338,0.17962,0.18197,904604500
1996-06-05 00:00:00.000 +0200,0.19091,0.19185,0.18244,0.18903,605378000
1996-06-06 00:00:00.000 +0200,0.18808,0.18997,0.1815,0.18244,429725800
1996-06-07 00:00:00.000 +0200,0.18056,0.18338,0.1768,0.18338,317782000
1996-06-10 00:00:00.000 +0200,0.18338,0.18432,0.18056,0.1815,126232800
1996-06-11 00:00:00.000 +0200,0.18244,0.18244,0.18056,0.18056,181646600
1996-06-12 00:00:00.000 +0200,0.18432,0.18432,0.18056,0.18244,180290800
1996-06-13 00:00:00.000 +0200,0.18338,0.1875,0.18056,0.18526,227171300
1996-06-14 00:00:00.000 +0200,0.1862,0.1862,0.17962,0.18009,172036500
1996-06-17 00:00:00.000 +0200,0.1815,0.1815,0.17774,0.17774,134021800
1996-06-18 00:00:00.000 +0200,0.17774,0.17868,0.17022,0.17116,264920200
1996-06-19 00:00:00.000 +0200,0.17398,0.17586,0.17022,0.17398,159582100
1996-06-20 00:00:00.000 +0200,0.17586,0.17586,0.16928,0.17116,174562100
1996-06-21 00:00:00.000 +0200,0.1721,0.1721,0.16834,0.17022,192080700
1996-06-24 00:00:00.000 +0200,0.17022,0.17022,0.16646,0.1674,145692100
1996-06-25 00:00:00.000 +0200,0.16646,0.1674,0.15329,0.15517,293085500
1996-06-26 00:00:00.000 +0200,0.15517,0.15611,0.14765,0.14953,479849700
1996-06-27 00:00:00.000 +0200,0.15047,0.15799,0.14859,0.15517,272057800
1996-06-28 00:00:00.000 +0200,0.15705,0.15799,0.15517,0.15799,137291600
1996-07-01 00:00:00.000 +0200,0.15893,0.16175,0.15799,0.16175,156631300
1996-07-02 00:00:00.000 +0200,0.16081,0.16175,0.15799,0.15799,105630400
1996-07-03 00:00:00.000 +0200,0.15329,0.15329,0.14577,0.14577,342518100
1996-07-05 00:00:00.000 +0200,0.14577,0.14859,0.14483,0.14671,125980200
1996-07-08 00:00:00.000 +0200,0.14765,0.14953,0.14294,0.14389,224193800
1996-07-09 00:00:00.000 +0200,0.14671,0.14765,0.14294,0.14294,222904500
1996-07-10 00:00:00.000 +0200,0.14389,0.14671,0.14106,0.14106,201026200
1996-07-11 00:00:00.000 +0200,0.14106,0.142,0.13072,0.13448,345535200
1996-07-12 00:00:00.000 +0200,0.13824,0.13824,0.12978,0.13589,319230800
1996-07-15 00:00:00.000 +0200,0.13636,0.13636,0.12884,0.12931,158106700
1996-07-16 00:00:00.000 +0200,0.13072,0.13072,0.12037,0.12696,343235700
1996-07-17 00:00:00.000 +0200,0.13072,0.13166,0.12508,0.12696,277228300
1996-07-18 00:00:00.000 +0200,0.16175,0.16363,0.15317,0.15705,1064598300
1996-07-19 00:00:00.000 +0200,0.15705,0.15799,0.15611,0.15611,315655200
1996-07-22 00:00:00.000 +0200,0.15705,0.15705,0.15047,0.15235,180636400
1996-07-23 00:00:00.000 +0200,0.15423,0.15517,0.15235,0.15423,154424900
1996-07-24 00:00:00.000 +0200,0.15047,0.15799,0.14953,0.15658,313395600
1996-07-25 00:00:00.000 +0200,0.15893,0.16081,0.15611,0.15799,135802900
1996-07-26 00:00:00.000 +0200,0.16175,0.16552,0.15893,0.16552,146782000
1996-07-29 00:00:00.000 +0200,0.16552,0.16928,0.16363,0.1674,232248800
1996-07-30 00:00:00.000 +0200,0.17022,0.17116,0.15987,0.16081,224778700
1996-07-31 00:00:00.000 +0200,0.15987,0.16552,0.15987,0.16552,110109800
1996-08-01 00:00:00.000 +0200,0.16552,0.16552,0.15893,0.15987,130738800
1996-08-02 00:00:00.000 +0200,0.16269,0.16552,0.15987,0.16269,151846300
1996-08-05 00:00:00.000 +0200,0.16269,0.16457,0.15705,0.15799,119879300
1996-08-06 00:00:00.000 +0200,0.15799,0.16175,0.15611,0.16175,111066800
1996-08-07 00:00:00.000 +0200,0.16363,0.17022,0.16269,0.16834,294866700
1996-08-08 00:00:00.000 +0200,0.16834,0.16834,0.16457,0.16646,120477500
1996-08-09 00:00:00.000 +0200,0.1674,0.17586,0.16646,0.17398,273892100
1996-08-12 00:00:00.000 +0200,0.17586,0.17774,0.16834,0.17304,179613000
1996-08-13 00:00:00.000 +0200,0.1721,0.17398,0.16834,0.16928,122843400
1996-08-14 00:00:00.000 +0200,0.17022,0.17304,0.17022,0.17116,85280600
1996-08-15 00:00:00.000 +0200,0.17022,0.17116,0.1674,0.1674,127721500
1996-08-16 00:00:00.000 +0200,0.17022,0.17022,0.16646,0.16928,168235200
1996-08-19 00:00:00.000 +0200,0.16834,0.17774,0.16834,0.17774,268588600
1996-08-20 00:00:00.000 +0200,0.17962,0.17962,0.17586,0.1768,251309300
1996-08-21 00:00:00.000 +0200,0.1768,0.17774,0.1721,0.17304,134513700
1996-08-22 00:00:00.000 +0200,0.17304,0.17492,0.1721,0.17492,104062000
1996-08-23 00:00:00.000 +0200,0.17304,0.18056,0.17304,0.17962,241460000
1996-08-26 00:00:00.000 +0200,0.17962,0.1815,0.1768,0.1815,106428000
1996-08-27 00:00:00.000 +0200,0.1815,0.18808,0.18056,0.18703,343342100
1996-08-28 00:00:00.000 +0200,0.18714,0.18808,0.18432,0.18714,194154300
1996-08-29 00:00:00.000 +0200,0.18714,0.18714,0.18338,0.18432,126897400
1996-08-30 00:00:00.000 +0200,0.1862,0.1862,0.18244,0.18244,125475200
1996-09-03 00:00:00.000 +0200,0.1815,0.18338,0.17962,0.1815,81053800
1996-09-04 00:00:00.000 +0200,0.17962,0.18526,0.17962,0.1815,120397700
1996-09-05 00:00:00.000 +0200,0.1768,0.17868,0.1721,0.1721,331804800
1996-09-06 00:00:00.000 +0200,0.17398,0.17492,0.17022,0.17304,285815100
1996-09-09 00:00:00.000 +0200,0.17022,0.17116,0.16457,0.16552,175931100
1996-09-10 00:00:00.000 +0200,0.16646,0.16646,0.16175,0.16175,184796800
1996-09-11 00:00:00.000 +0200,0.16175,0.16363,0.15799,0.15893,174694900
1996-09-12 00:00:00.000 +0200,0.15799,0.15893,0.15235,0.15329,309647300
1996-09-13 00:00:00.000 +0200,0.15329,0.15987,0.15329,0.15799,197729700
1996-09-16 00:00:00.000 +0200,0.16175,0.17304,0.16081,0.16834,290347500
1996-09-17 00:00:00.000 +0200,0.1721,0.17398,0.16928,0.17304,248239000
1996-09-18 00:00:00.000 +0200,0.17304,0.1815,0.1721,0.1768,419358300
1996-09-19 00:00:00.000 +0200,0.17774,0.17774,0.17586,0.17586,141784300
1996-09-20 00:00:00.000 +0200,0.17586,0.1768,0.17116,0.1721,177007700
1996-09-23 00:00:00.000 +0200,0.1721,0.1721,0.16834,0.16834,54310600
1996-09-24 00:00:00.000 +0200,0.16834,0.1721,0.16834,0.16928,170641000
1996-09-25 00:00:00.000 +0200,0.16928,0.17022,0.16552,0.16834,129409600
1996-09-26 00:00:00.000 +0200,0.16834,0.16928,0.1674,0.16834,122577600
1996-09-27 00:00:00.000 +0200,0.1674,0.16834,0.16646,0.16787,96804600
1996-09-30 00:00:00.000 +0200,0.16646,0.16834,0.16646,0.16693,101403600
1996-10-01 00:00:00.000 +0200,0.16552,0.1862,0.16552,0.18526,639963500
1996-10-02 00:00:00.000 +0200,0.17774,0.18526,0.17398,0.17774,328521600
1996-10-03 00:00:00.000 +0200,0.17774,0.17868,0.16834,0.16834,270250200
1996-10-04 00:00:00.000 +0200,0.1721,0.17398,0.16646,0.17163,158385900
1996-10-07 00:00:00.000 +0200,0.17304,0.17586,0.1721,0.17398,113592300
1996-10-08 00:00:00.000 +0200,0.1768,0.18244,0.17492,0.17492,226001600
1996-10-09 00:00:00.000 +0200,0.17586,0.17774,0.1721,0.17304,101124500
1996-10-10 00:00:00.000 +0200,0.17962,0.18432,0.17868,0.18197,328375500
1996-10-11 00:00:00.000 +0200,0.18338,0.18526,0.18056,0.18244,143233100
1996-10-14 00:00:00.000 +0200,0.18432,0.19091,0.18244,0.18997,320054800
1996-10-15 00:00:00.000 +0200,0.19373,0.19467,0.18808,0.18997,430869100
1996-10-16 00:00:00.000 +0200,0.18997,0.19655,0.18526,0.19373,397267200
1996-10-17 00:00:00.000 +0200,0.20689,0.20877,0.19843,0.19843,1218372200
1996-10-18 00:00:00.000 +0200,0.19937,0.20031,0.19561,0.19984,454129800
1996-10-21 00:00:00.000 +0200,0.19937,0.20031,0.19185,0.19279,222652000
1996-10-22 00:00:00.000 +0200,0.19279,0.19279,0.18244,0.18714,253635400
1996-10-23 00:00:00.000 +0200,0.1862,0.18997,0.18338,0.1862,189954000
1996-10-24 00:00:00.000 +0200,0.18808,0.18808,0.18432,0.1862,100127600
1996-10-25 00:00:00.000 +0200,0.18714,0.18808,0.18432,0.18432,92046100
1996-10-28 00:00:00.000 +0200,0.18903,0.18903,0.18432,0.18432,142409000
1996-10-29 00:00:00.000 +0200,0.18526,0.1862,0.17398,0.17492,236914300
1996-10-30 00:00:00.000 +0200,0.1768,0.18056,0.1721,0.1721,305061600
1996-10-31 00:00:00.000 +0200,0.17492,0.17586,0.1674,0.17304,230494300
1996-11-01 00:00:00.000 +0200,0.17586,0.18244,0.17398,0.18244,250804100
1996-11-04 00:00:00.000 +0200,0.18338,0.18432,0.17868,0.18338,108315400
1996-11-05 00:00:00.000 +0200,0.18432,0.19467,0.18432,0.19185,448733300
1996-11-06 00:00:00.000 +0200,0.19279,0.19373,0.18714,0.19185,213985700
1996-11-07 00:00:00.000 +0200,0.19091,0.19561,0.18997,0.19467,184039100
1996-11-08 00:00:00.000 +0200,0.19467,0.19749,0.19373,0.19749,223954600
1996-11-11 00:00:00.000 +0200,0.19843,0.19843,0.19467,0.19561,109817400
1996-11-12 00:00:00.000 +0200,0.19655,0.19749,0.18903,0.18997,169657400
1996-11-13 00:00:00.000 +0200,0.19091,0.19467,0.18808,0.19232,99223800
1996-11-14 00:00:00.000 +0200,0.19185,0.19373,0.19091,0.19279,57593700
1996-11-15 00:00:00.000 +0200,0.19467,0.19561,0.18808,0.18808,155129300
1996-11-18 00:00:00.000 +0200,0.18808,0.18903,0.18432,0.1862,181380800
1996-11-19 00:00:00.000 +0200,0.18714,0.18903,0.18526,0.18714,147672600
1996-11-20 00:00:00.000 +0200,0.18714,0.19091,0.18714,0.18808,122351600
1996-11-21 00:00:00.000 +0200,0.18714,0.18808,0.18338,0.18432,83791900
1996-11-22 00:00:00.000 +0200,0.18432,0.18997,0.18432,0.18997,123401700
1996-11-25 00:00:00.000 +0200,0.19091,0.19185,0.18808,0.18808,93694300
1996-11-26 00:00:00.000 +0200,0.18714,0.18808,0.18056,0.18244,134088300
1996-11-27 00:00:00.000 +0200,0.1815,0.18526,0.1815,0.18432,105670300
1996-11-29 00:00:00.000 +0200,0.18432,0.18526,0.18056,0.1815,50190100
1996-12-02 00:00:00.000 +0200,0.1815,0.18903,0.17962,0.18903,207658800
1996-12-03 00:00:00.000 +0200,0.18997,0.19185,0.18808,0.18903,326993200
1996-12-04 00:00:00.000 +0200,0.18903,0.19091,0.18714,0.18808,226466700
1996-12-05 00:00:00.000 +0200,0.18808,0.18997,0.18808,0.18808,168687000
1996-12-06 00:00:00.000 +0200,0.18338,0.19091,0.18056,0.18903,272230700
1996-12-09 00:00:00.000 +0200,0.18997,0.19091,0.18667,0.18808,188279200
1996-12-10 00:00:00.000 +0200,0.18714,0.18808,0.18244,0.18432,218704300
1996-12-11 00:00:00.000 +0200,0.17868,0.18244,0.17868,0.18056,193875100
1996-12-12 00:00:00.000 +0200,0.1815,0.18244,0.17962,0.17962,103251200
1996-12-13 00:00:00.000 +0200,0.17868,0.17962,0.17492,0.17492,105736800
1996-12-16 00:00:00.000 +0200,0.1768,0.1768,0.16928,0.17022,177114100
1996-12-17 00:00:00.000 +0200,0.16834,0.16928,0.1674,0.16928,186617800
1996-12-18 00:00:00.000 +0200,0.17116,0.17398,0.17022,0.17398,243374000
1996-12-19 00:00:00.000 +0200,0.17304,0.17492,0.1674,0.1674,162453200
1996-12-20 00:00:00.000 +0200,0.16928,0.17774,0.16081,0.1768,648496800
1996-12-23 00:00:00.000 +0200,0.18056,0.18244,0.17492,0.17492,394369700
1996-12-24 00:00:00.000 +0200,0.17492,0.17586,0.1721,0.17398,68373300
1996-12-26 00:00:00.000 +0200,0.17492,0.17492,0.1721,0.17304,100739100
1996-12-27 00:00:00.000 +0200,0.1721,0.17868,0.1721,0.17398,162586100
1996-12-30 00:00:00.000 +0200,0.17398,0.17492,0.16363,0.16363,310697300
1996-12-31 00:00:00.000 +0200,0.16081,0.16175,0.15611,0.15705,455419000
1997-01-02 00:00:00.000 +0200,0.15893,0.15987,0.15611,0.15799,169843400
1997-01-03 00:00:00.000 +0200,0.15893,0.1674,0.15799,0.16363,142076700
1997-01-06 00:00:00.000 +0200,0.1326,0.13801,0.12978,0.13448,2234494700
1997-01-07 00:00:00.000 +0200,0.13636,0.1373,0.13166,0.13166,1159396500
1997-01-08 00:00:00.000 +0200,0.1373,0.13824,0.13072,0.1326,1305606600
1997-01-09 00:00:00.000 +0200,0.13354,0.13448,0.13166,0.13354,530079700
1997-01-10 00:00:00.000 +0200,0.1326,0.1373,0.1326,0.1373,419783700
1997-01-13 00:00:00.000 +0200,0.13918,0.13918,0.13636,0.13636,362854600
1997-01-14 00:00:00.000 +0200,0.13824,0.13824,0.13354,0.13448,303546200
1997-01-15 00:00:00.000 +0200,0.13542,0.13542,0.12884,0.12978,513983100
1997-01-16 00:00:00.000 +0200,0.12884,0.12884,0.12508,0.12602,796687600
1997-01-17 00:00:00.000 +0200,0.12602,0.12884,0.12508,0.12602,385876000
1997-01-20 00:00:00.000 +0200,0.12696,0.12884,0.12602,0.12743,346093600
1997-01-21 00:00:00.000 +0200,0.1279,0.12978,0.12696,0.12978,338025400
1997-01-22 00:00:00.000 +0200,0.13072,0.13166,0.1279,0.12931,244025300
1997-01-23 00:00:00.000 +0200,0.12978,0.13072,0.12884,0.12978,204535200
1997-01-24 00:00:00.000 +0200,0.12978,0.12978,0.12696,0.12696,223449500
1997-01-27 00:00:00.000 +0200,0.12884,0.12978,0.12508,0.12508,254020800
1997-01-28 00:00:00.000 +0200,0.1279,0.1279,0.12414,0.12508,249887000
1997-01-29 00:00:00.000 +0200,0.12508,0.12602,0.12414,0.12508,180038300
1997-01-30 00:00:00.000 +0200,0.12602,0.12602,0.12414,0.12602,166068500
1997-01-31 00:00:00.000 +0200,0.12508,0.12508,0.12414,0.12508,236914100
1997-02-03 00:00:00.000 +0200,0.12696,0.1279,0.12226,0.12273,436863700
1997-02-04 00:00:00.000 +0200,0.12226,0.1232,0.11379,0.11567,845747800
1997-02-05 00:00:00.000 +0200,0.11473,0.11755,0.11473,0.11473,468165900
1997-02-06 00:00:00.000 +0200,0.11473,0.12131,0.11473,0.12037,474120800
1997-02-07 00:00:00.000 +0200,0.12414,0.12414,0.11849,0.11896,279208800
1997-02-10 00:00:00.000 +0200,0.12131,0.12131,0.11755,0.11755,220033600
1997-02-11 00:00:00.000 +0200,0.11943,0.12037,0.11661,0.11802,166241300
1997-02-12 00:00:00.000 +0200,0.11849,0.11943,0.11661,0.11849,209187400
1997-02-13 00:00:00.000 +0200,0.11849,0.12131,0.11661,0.12131,232408300
1997-02-14 00:00:00.000 +0200,0.12226,0.1232,0.12037,0.12273,281561500
1997-02-18 00:00:00.000 +0200,0.12508,0.13448,0.12226,0.13448,437063000
1997-02-19 00:00:00.000 +0200,0.13448,0.13448,0.12884,0.1326,286359900
1997-02-20 00:00:00.000 +0200,0.1326,0.1326,0.1279,0.1279,148284000
1997-02-21 00:00:00.000 +0200,0.12696,0.1279,0.12037,0.1232,250511800
1997-02-24 00:00:00.000 +0200,0.12226,0.12696,0.12226,0.12508,139551300
1997-02-25 00:00:00.000 +0200,0.1279,0.13072,0.12696,0.12696,163875400
1997-02-26 00:00:00.000 +0200,0.1279,0.12884,0.12602,0.12884,122444700
1997-02-27 00:00:00.000 +0200,0.1279,0.12884,0.12602,0.1279,122231900
1997-02-28 00:00:00.000 +0200,0.12696,0.12696,0.12226,0.12226,144642000
1997-03-03 00:00:00.000 +0200,0.12414,0.12414,0.12037,0.12131,154823700
1997-03-04 00:00:00.000 +0200,0.12225,0.12414,0.12037,0.12414,122471300
1997-03-05 00:00:00.000 +0200,0.12508,0.1279,0.12414,0.1279,114123900
1997-03-06 00:00:00.000 +0200,0.1279,0.1279,0.12414,0.12508,138009400
1997-03-07 00:00:00.000 +0200,0.12602,0.12602,0.1232,0.12414,83805200
1997-03-10 00:00:00.000 +0200,0.12508,0.12602,0.12367,0.12508,117712700
1997-03-11 00:00:00.000 +0200,0.12508,0.12508,0.12037,0.1232,116901900
1997-03-12 00:00:00.000 +0200,0.12226,0.12602,0.12131,0.12226,84257100
1997-03-13 00:00:00.000 +0200,0.1232,0.1232,0.12131,0.1232,124717600
1997-03-14 00:00:00.000 +0200,0.1232,0.12602,0.12225,0.12461,273453600
1997-03-17 00:00:00.000 +0200,0.12225,0.12414,0.12037,0.12414,228753100
1997-03-18 00:00:00.000 +0200,0.1232,0.12414,0.12131,0.12226,150809500
1997-03-19 00:00:00.000 +0200,0.1232,0.1232,0.11943,0.12131,247122400
1997-03-20 00:00:00.000 +0200,0.12037,0.13166,0.11943,0.12978,376252800
1997-03-21 00:00:00.000 +0200,0.13166,0.13166,0.1232,0.12508,161948000
1997-03-24 00:00:00.000 +0200,0.12414,0.12508,0.12225,0.12414,84523000
1997-03-25 00:00:00.000 +0200,0.12508,0.12508,0.12096,0.12414,133583300
1997-03-26 00:00:00.000 +0200,0.1232,0.12696,0.12226,0.12602,126791100
1997-03-27 00:00:00.000 +0200,0.13166,0.14483,0.12978,0.14012,1351622900
1997-03-31 00:00:00.000 +0200,0.14012,0.14577,0.12978,0.1373,1151461100
1997-04-01 00:00:00.000 +0200,0.1326,0.13401,0.13072,0.13166,261397900
1997-04-02 00:00:00.000 +0200,0.13448,0.13589,0.1326,0.13542,263976400
1997-04-03 00:00:00.000 +0200,0.13918,0.14389,0.1373,0.142,651367900
1997-04-04 00:00:00.000 +0200,0.14389,0.14765,0.14294,0.14483,564013600
1997-04-07 00:00:00.000 +0200,0.14859,0.14953,0.14483,0.14671,302934700
1997-04-08 00:00:00.000 +0200,0.14765,0.14765,0.14012,0.14389,230029000
1997-04-09 00:00:00.000 +0200,0.14483,0.14483,0.142,0.14294,290746200
1997-04-10 00:00:00.000 +0200,0.14294,0.14389,0.13918,0.142,138833500
1997-04-11 00:00:00.000 +0200,0.142,0.142,0.13636,0.1373,94425400
1997-04-14 00:00:00.000 +0200,0.13824,0.142,0.13542,0.14106,133344000
1997-04-15 00:00:00.000 +0200,0.14389,0.14483,0.13636,0.13871,161456200
1997-04-16 00:00:00.000 +0200,0.14012,0.14294,0.13824,0.13965,102320800
1997-04-17 00:00:00.000 +0200,0.1373,0.14389,0.13636,0.14294,260454000
1997-04-18 00:00:00.000 +0200,0.14389,0.14389,0.13824,0.13824,167863000
1997-04-21 00:00:00.000 +0200,0.14012,0.14012,0.13542,0.13542,105803200
1997-04-22 00:00:00.000 +0200,0.13636,0.13918,0.13448,0.13918,112329500
1997-04-23 00:00:00.000 +0200,0.13824,0.13918,0.13636,0.13636,64664900
1997-04-24 00:00:00.000 +0200,0.13918,0.13918,0.13354,0.13448,88935800
1997-04-25 00:00:00.000 +0200,0.1326,0.13448,0.13072,0.13166,103703200
1997-04-28 00:00:00.000 +0200,0.13354,0.13448,0.13166,0.1326,55506800
1997-04-29 00:00:00.000 +0200,0.13542,0.13542,0.13166,0.13307,61421700
1997-04-30 00:00:00.000 +0200,0.1279,0.12978,0.12602,0.1279,305752700
1997-05-01 00:00:00.000 +0200,0.12696,0.12884,0.12602,0.1279,85852100
1997-05-02 00:00:00.000 +0200,0.1279,0.12884,0.12602,0.1279,121035700
1997-05-05 00:00:00.000 +0200,0.1279,0.12884,0.12602,0.1279,116888600
1997-05-06 00:00:00.000 +0200,0.1279,0.12884,0.12602,0.12696,98678800
1997-05-07 00:00:00.000 +0200,0.12696,0.1279,0.1232,0.12414,135550500
1997-05-08 00:00:00.000 +0200,0.12508,0.12884,0.12414,0.1279,98426200
1997-05-09 00:00:00.000 +0200,0.1279,0.13166,0.1279,0.12837,223555800
1997-05-12 00:00:00.000 +0200,0.12978,0.1326,0.1279,0.13213,195789200
1997-05-13 00:00:00.000 +0200,0.13166,0.13448,0.1279,0.13213,233817200
1997-05-14 00:00:00.000 +0200,0.13448,0.13542,0.13166,0.13307,160977800
1997-05-15 00:00:00.000 +0200,0.13354,0.13542,0.13166,0.13354,117500100
1997-05-16 00:00:00.000 +0200,0.13166,0.1326,0.12978,0.12978,110721200
1997-05-19 00:00:00.000 +0200,0.13166,0.1326,0.1279,0.1279,62019800
1997-05-20 00:00:00.000 +0200,0.1279,0.13119,0.12602,0.12978,100672600
1997-05-21 00:00:00.000 +0200,0.12884,0.12884,0.12414,0.12696,145080700
1997-05-22 00:00:00.000 +0200,0.12602,0.12696,0.12414,0.12508,91102400
1997-05-23 00:00:00.000 +0200,0.12508,0.1279,0.12508,0.12696,79551800
1997-05-27 00:00:00.000 +0200,0.12602,0.13072,0.12602,0.12978,97416100
1997-05-28 00:00:00.000 +0200,0.13072,0.13166,0.1279,0.1279,103889200
1997-05-29 00:00:00.000 +0200,0.12884,0.12884,0.12508,0.12508,131948300
1997-05-30 00:00:00.000 +0200,0.12414,0.1279,0.1232,0.12508,210450000
1997-06-02 00:00:00.000 +0200,0.1279,0.1279,0.12602,0.12743,49352700
1997-06-03 00:00:00.000 +0200,0.12602,0.12743,0.12508,0.12555,77425100
1997-06-04 00:00:00.000 +0200,0.12508,0.12602,0.12414,0.12508,95422300
1997-06-05 00:00:00.000 +0200,0.12508,0.12884,0.12461,0.12555,76680800
1997-06-06 00:00:00.000 +0200,0.12508,0.12602,0.12414,0.12602,62750900
1997-06-09 00:00:00.000 +0200,0.12555,0.12743,0.12508,0.12508,88776300
1997-06-10 00:00:00.000 +0200,0.12602,0.12602,0.12084,0.12226,165018500
1997-06-11 00:00:00.000 +0200,0.12273,0.12367,0.12226,0.12273,125089700
1997-06-12 00:00:00.000 +0200,0.1232,0.1232,0.12037,0.12084,93388600
1997-06-13 00:00:00.000 +0200,0.12084,0.12131,0.11849,0.11896,156737600
1997-06-16 00:00:00.000 +0200,0.11943,0.11943,0.11567,0.11661,159037200
1997-06-17 00:00:00.000 +0200,0.11708,0.12414,0.11661,0.12296,168819900
1997-06-18 00:00:00.000 +0200,0.12131,0.12225,0.11849,0.1199,130127400
1997-06-19 00:00:00.000 +0200,0.12037,0.12037,0.11802,0.11849,143631900
1997-06-20 00:00:00.000 +0200,0.11802,0.11849,0.11661,0.11708,130765300
1997-06-23 00:00:00.000 +0200,0.11661,0.11755,0.11567,0.11567,118138100
1997-06-24 00:00:00.000 +0200,0.11614,0.11708,0.11473,0.1152,131908400
1997-06-25 00:00:00.000 +0200,0.1152,0.11567,0.11285,0.11379,235731200
1997-06-26 00:00:00.000 +0200,0.11379,0.11379,0.11003,0.1105,453332300
1997-06-27 00:00:00.000 +0200,0.1105,0.11144,0.11003,0.1105,187455200
1997-06-30 00:00:00.000 +0200,0.11097,0.11097,0.10533,0.10721,203152900
1997-07-01 00:00:00.000 +0200,0.10486,0.10533,0.09875,0.09922,534851300
1997-07-02 00:00:00.000 +0200,0.09969,0.10063,0.0978,0.09827,296647900
1997-07-03 00:00:00.000 +0200,0.09875,0.10439,0.0978,0.10298,221668400
1997-07-07 00:00:00.000 +0200,0.10486,0.10721,0.10345,0.10392,227237700
1997-07-08 00:00:00.000 +0200,0.10439,0.10533,0.10298,0.10345,113565700
1997-07-09 00:00:00.000 +0200,0.10392,0.10439,0.10251,0.10298,168540800
1997-07-10 00:00:00.000 +0200,0.09686,0.10063,0.09592,0.09969,584496300
1997-07-11 00:00:00.000 +0200,0.10063,0.11661,0.10016,0.11426,872212000
1997-07-14 00:00:00.000 +0200,0.11473,0.11755,0.11191,0.11755,487771600
1997-07-15 00:00:00.000 +0200,0.11849,0.12037,0.11755,0.1199,496491100
1997-07-16 00:00:00.000 +0200,0.11896,0.12414,0.11755,0.12367,529601100
1997-07-17 00:00:00.000 +0200,0.1279,0.13636,0.12367,0.13166,885650500
1997-07-18 00:00:00.000 +0200,0.13448,0.13495,0.12837,0.13048,376877600
1997-07-21 00:00:00.000 +0200,0.13213,0.13307,0.12037,0.12155,421206000
1997-07-22 00:00:00.000 +0200,0.1232,0.12555,0.12273,0.12461,274543500
1997-07-23 00:00:00.000 +0200,0.12602,0.12696,0.12037,0.12131,167676900
1997-07-24 00:00:00.000 +0200,0.12131,0.12131,0.11755,0.11896,158425700
1997-07-25 00:00:00.000 +0200,0.11943,0.12461,0.11849,0.12226,258672900
1997-07-28 00:00:00.000 +0200,0.12367,0.12414,0.12225,0.12367,131150800
1997-07-29 00:00:00.000 +0200,0.12367,0.12508,0.1232,0.12414,84549600
1997-07-30 00:00:00.000 +0200,0.12743,0.13307,0.12602,0.13072,444214100
1997-07-31 00:00:00.000 +0200,0.13072,0.13354,0.12978,0.13166,313090000
1997-08-01 00:00:00.000 +0200,0.1326,0.14436,0.13213,0.14436,571922400
1997-08-04 00:00:00.000 +0200,0.14436,0.14906,0.14436,0.14859,725496600
1997-08-05 00:00:00.000 +0200,0.15,0.15047,0.14659,0.14859,293285000
1997-08-06 00:00:00.000 +0200,0.18997,0.20877,0.18808,0.19796,4973151100
1997-08-07 00:00:00.000 +0200,0.2163,0.22241,0.21348,0.21959,4456854600
1997-08-08 00:00:00.000 +0200,0.20924,0.21348,0.19655,0.20172,2153002700
1997-08-11 00:00:00.000 +0200,0.19796,0.1989,0.1768,0.18479,1840683700
1997-08-12 00:00:00.000 +0200,0.18103,0.18244,0.16457,0.16599,1244211600
1997-08-13 00:00:00.000 +0200,0.1674,0.17962,0.15376,0.17774,1425817900
1997-08-14 00:00:00.000 +0200,0.17774,0.18244,0.17069,0.17304,515591600
1997-08-15 00:00:00.000 +0200,0.17398,0.17633,0.17163,0.17492,309700500
1997-08-18 00:00:00.000 +0200,0.17539,0.17868,0.17116,0.17774,258526700
1997-08-19 00:00:00.000 +0200,0.17821,0.18432,0.17539,0.18385,343169400
1997-08-20 00:00:00.000 +0200,0.18385,0.18903,0.18197,0.18526,384879300
1997-08-21 00:00:00.000 +0200,0.18432,0.18573,0.17962,0.18056,307706700
1997-08-22 00:00:00.000 +0200,0.17633,0.18056,0.17586,0.17774,270143800
1997-08-25 00:00:00.000 +0200,0.17774,0.17821,0.17257,0.17351,164526700
1997-08-26 00:00:00.000 +0200,0.17022,0.17304,0.16646,0.1674,268455800
1997-08-27 00:00:00.000 +0200,0.16834,0.17116,0.16457,0.17069,226240800
1997-08-28 00:00:00.000 +0200,0.16646,0.16928,0.16552,0.16552,113539100
1997-08-29 00:00:00.000 +0200,0.1641,0.16552,0.16175,0.16363,130153900
1997-09-02 00:00:00.000 +0200,0.16552,0.16975,0.16504,0.16834,220791200
1997-09-03 00:00:00.000 +0200,0.16834,0.17492,0.16787,0.16928,337201400
1997-09-04 00:00:00.000 +0200,0.16975,0.1721,0.1674,0.16928,145426300
1997-09-05 00:00:00.000 +0200,0.17022,0.1721,0.16552,0.16693,162240500
1997-09-08 00:00:00.000 +0200,0.1674,0.1674,0.16128,0.16175,207871500
1997-09-09 00:00:00.000 +0200,0.16034,0.16457,0.15987,0.1641,188731200
1997-09-10 00:00:00.000 +0200,0.16363,0.17398,0.16316,0.17257,325251900
1997-09-11 00:00:00.000 +0200,0.1721,0.17304,0.16599,0.16834,249076200
1997-09-12 00:00:00.000 +0200,0.16693,0.1674,0.16128,0.16599,134912400
1997-09-15 00:00:00.000 +0200,0.16457,0.16646,0.16175,0.16175,115014500
1997-09-16 00:00:00.000 +0200,0.16599,0.16657,0.16363,0.16504,159289700
1997-09-17 00:00:00.000 +0200,0.16552,0.16552,0.16316,0.1641,102972100
1997-09-18 00:00:00.000 +0200,0.16175,0.16928,0.16175,0.16787,200760300
1997-09-19 00:00:00.000 +0200,0.16693,0.16693,0.16363,0.16504,112661800
1997-09-22 00:00:00.000 +0200,0.16646,0.17351,0.16552,0.17163,237791500
1997-09-23 00:00:00.000 +0200,0.1674,0.1674,0.16316,0.16363,237990800
1997-09-24 00:00:00.000 +0200,0.16316,0.16363,0.16081,0.16175,263976400
1997-09-25 00:00:00.000 +0200,0.16034,0.16363,0.15799,0.15893,265106200
1997-09-26 00:00:00.000 +0200,0.16175,0.16504,0.15893,0.16034,247228600
1997-09-29 00:00:00.000 +0200,0.16316,0.1674,0.16222,0.16599,198474100
1997-09-30 00:00:00.000 +0200,0.16552,0.16787,0.16316,0.16316,166826100
1997-10-01 00:00:00.000 +0200,0.16316,0.16363,0.16081,0.16199,154836900
1997-10-02 00:00:00.000 +0200,0.16128,0.16552,0.16081,0.16504,160698600
1997-10-03 00:00:00.000 +0200,0.16552,0.1674,0.16316,0.16646,192532700
1997-10-06 00:00:00.000 +0200,0.16693,0.1674,0.16316,0.16504,110721200
1997-10-07 00:00:00.000 +0200,0.16457,0.16552,0.1641,0.1641,129702000
1997-10-08 00:00:00.000 +0200,0.16363,0.1641,0.16034,0.16175,129170300
1997-10-09 00:00:00.000 +0200,0.15987,0.16928,0.1594,0.16363,222319700
1997-10-10 00:00:00.000 +0200,0.16175,0.17116,0.16175,0.17069,320905500
1997-10-13 00:00:00.000 +0200,0.17116,0.1721,0.16693,0.17069,188252700
1997-10-14 00:00:00.000 +0200,0.17069,0.17116,0.16693,0.17069,196786000
1997-10-15 00:00:00.000 +0200,0.16646,0.1862,0.16646,0.17915,962317600
1997-10-16 00:00:00.000 +0200,0.15893,0.16599,0.15705,0.16175,877249700
1997-10-17 00:00:00.000 +0200,0.15893,0.15893,0.14953,0.15141,520602400
1997-10-20 00:00:00.000 +0200,0.15141,0.15188,0.14012,0.14059,488755000
1997-10-21 00:00:00.000 +0200,0.142,0.1453,0.14059,0.14341,564040000
1997-10-22 00:00:00.000 +0200,0.14341,0.14483,0.13918,0.13965,179413600
1997-10-23 00:00:00.000 +0200,0.13542,0.13683,0.13354,0.13354,221668500
1997-10-24 00:00:00.000 +0200,0.13636,0.13824,0.12414,0.12461,460749300
1997-10-27 00:00:00.000 +0200,0.12602,0.13636,0.12602,0.12602,390873800
1997-10-28 00:00:00.000 +0200,0.12037,0.13918,0.11943,0.13636,407435600
1997-10-29 00:00:00.000 +0200,0.13871,0.13918,0.12978,0.13166,210755900
1997-10-30 00:00:00.000 +0200,0.12837,0.13213,0.12414,0.12414,224247100
1997-10-31 00:00:00.000 +0200,0.13072,0.13072,0.12508,0.12813,316971000
1997-11-03 00:00:00.000 +0200,0.13213,0.13354,0.12837,0.13072,149546700
1997-11-04 00:00:00.000 +0200,0.13354,0.13636,0.13166,0.13495,200082500
1997-11-05 00:00:00.000 +0200,0.1373,0.14012,0.13589,0.13824,459420000
1997-11-06 00:00:00.000 +0200,0.142,0.14671,0.142,0.14294,732341700
1997-11-07 00:00:00.000 +0200,0.142,0.15047,0.14106,0.14859,944214200
1997-11-10 00:00:00.000 +0200,0.15799,0.16175,0.13918,0.14059,1659395800
1997-11-11 00:00:00.000 +0200,0.14294,0.14294,0.13636,0.13824,394582300
1997-11-12 00:00:00.000 +0200,0.13589,0.13918,0.13213,0.1326,246923000
1997-11-13 00:00:00.000 +0200,0.13542,0.13589,0.13166,0.13542,305619900
1997-11-14 00:00:00.000 +0200,0.1373,0.13918,0.13542,0.13871,160260000
1997-11-17 00:00:00.000 +0200,0.142,0.14247,0.13789,0.13918,243320800
1997-11-18 00:00:00.000 +0200,0.13918,0.13918,0.13589,0.13589,174030400
1997-11-19 00:00:00.000 +0200,0.13448,0.13777,0.13448,0.1373,94452000
1997-11-20 00:00:00.000 +0200,0.13683,0.14012,0.13636,0.13918,152112000
1997-11-21 00:00:00.000 +0200,0.14012,0.14059,0.13542,0.13683,116037900
1997-11-24 00:00:00.000 +0200,0.13213,0.13542,0.13166,0.1326,186737400
1997-11-25 00:00:00.000 +0200,0.13307,0.13448,0.12696,0.13072,243799300
1997-11-26 00:00:00.000 +0200,0.13072,0.13307,0.12978,0.13166,71696300
1997-11-28 00:00:00.000 +0200,0.1326,0.13448,0.13119,0.13354,49033700
1997-12-01 00:00:00.000 +0200,0.13307,0.13495,0.12978,0.13354,103530400
1997-12-02 00:00:00.000 +0200,0.13072,0.13166,0.11943,0.11943,470930700
1997-12-03 00:00:00.000 +0200,0.12084,0.12131,0.11802,0.11849,407129900
1997-12-04 00:00:00.000 +0200,0.12037,0.12037,0.11755,0.11755,236927500
1997-12-05 00:00:00.000 +0200,0.11708,0.12037,0.11708,0.11896,262833200
1997-12-08 00:00:00.000 +0200,0.11708,0.11849,0.11567,0.11708,158532000
1997-12-09 00:00:00.000 +0200,0.11661,0.11802,0.11285,0.11473,288446700
1997-12-10 00:00:00.000 +0200,0.11332,0.11332,0.10909,0.11097,231278400
1997-12-11 00:00:00.000 +0200,0.10862,0.10956,0.10439,0.10956,304928600
1997-12-12 00:00:00.000 +0200,0.11097,0.11191,0.10533,0.10627,190552100
1997-12-15 00:00:00.000 +0200,0.10627,0.10721,0.10345,0.10486,196879100
1997-12-16 00:00:00.000 +0200,0.10533,0.10815,0.10533,0.10768,220299300
1997-12-17 00:00:00.000 +0200,0.10768,0.10956,0.10486,0.10486,314844400
1997-12-18 00:00:00.000 +0200,0.10533,0.10533,0.10345,0.10392,239785200
1997-12-19 00:00:00.000 +0200,0.10204,0.10439,0.09969,0.10298,226214200
1997-12-22 00:00:00.000 +0200,0.10439,0.10533,0.09922,0.10016,189262900
1997-12-23 00:00:00.000 +0200,0.09875,0.10016,0.09733,0.09733,544527800
1997-12-24 00:00:00.000 +0200,0.0978,0.09969,0.0978,0.09875,116104400
1997-12-26 00:00:00.000 +0200,0.09827,0.10063,0.0978,0.10016,128027200
1997-12-29 00:00:00.000 +0200,0.10016,0.1011,0.09686,0.09875,330156600
1997-12-30 00:00:00.000 +0200,0.0978,0.1011,0.09592,0.09922,406478500
1997-12-31 00:00:00.000 +0200,0.09875,0.10251,0.09733,0.09875,482255500
1998-01-02 00:00:00.000 +0200,0.10251,0.12226,0.10157,0.12226,815511546
1998-01-05 00:00:00.000 +0200,0.12414,0.12461,0.11426,0.12037,726578718
1998-01-06 00:00:00.000 +0200,0.1199,0.15047,0.11097,0.14247,2058141236
1998-01-07 00:00:00.000 +0200,0.14153,0.14294,0.13025,0.13119,1197069147
1998-01-08 00:00:00.000 +0200,0.13119,0.14012,0.12743,0.13589,898091986
1998-01-09 00:00:00.000 +0200,0.13636,0.14577,0.13166,0.13683,1019183536
1998-01-12 00:00:00.000 +0200,0.13119,0.14012,0.12884,0.13777,597004605
1998-01-13 00:00:00.000 +0200,0.14012,0.14765,0.13918,0.14671,726110093
1998-01-14 00:00:00.000 +0200,0.14953,0.15,0.14483,0.14812,659465522
1998-01-15 00:00:00.000 +0200,0.14435,0.14859,0.14012,0.14435,621636168
1998-01-16 00:00:00.000 +0200,0.14624,0.14624,0.14059,0.14106,282346105
1998-01-20 00:00:00.000 +0200,0.14341,0.1453,0.14012,0.14294,277773720
1998-01-21 00:00:00.000 +0200,0.14106,0.14341,0.13965,0.142,216657250
1998-01-22 00:00:00.000 +0200,0.14059,0.14859,0.14012,0.14483,382873553
1998-01-23 00:00:00.000 +0200,0.14577,0.14812,0.14483,0.14671,274158266
1998-01-26 00:00:00.000 +0200,0.14624,0.14718,0.14153,0.14577,165391773
1998-01-27 00:00:00.000 +0200,0.14436,0.14812,0.14294,0.14388,128160591
1998-01-28 00:00:00.000 +0200,0.14436,0.14577,0.14012,0.14388,175120412
1998-01-29 00:00:00.000 +0200,0.14247,0.14389,0.13918,0.13918,240995132
1998-01-30 00:00:00.000 +0200,0.13777,0.142,0.1373,0.13777,181434099
1998-02-02 00:00:00.000 +0200,0.13918,0.13918,0.13072,0.13307,626791491
1998-02-03 00:00:00.000 +0200,0.13307,0.14012,0.13307,0.13777,439548201
1998-02-04 00:00:00.000 +0200,0.13589,0.13918,0.13542,0.1373,197583207
1998-02-05 00:00:00.000 +0200,0.1373,0.13918,0.13542,0.13824,270209571
1998-02-06 00:00:00.000 +0200,0.13824,0.14059,0.1373,0.13824,236581786
1998-02-09 00:00:00.000 +0200,0.13824,0.14671,0.13824,0.14436,558325274
1998-02-10 00:00:00.000 +0200,0.14388,0.14718,0.14341,0.14577,487360357
1998-02-11 00:00:00.000 +0200,0.14671,0.14671,0.142,0.14294,220871325
1998-02-12 00:00:00.000 +0200,0.14388,0.14624,0.14341,0.1453,227863252
1998-02-13 00:00:00.000 +0200,0.14435,0.14953,0.14294,0.14718,244451060
1998-02-17 00:00:00.000 +0200,0.14671,0.14859,0.14671,0.14765,201146101
1998-02-18 00:00:00.000 +0200,0.14718,0.15611,0.14718,0.1547,566154732
1998-02-19 00:00:00.000 +0200,0.15705,0.15752,0.15047,0.15329,395673753
1998-02-20 00:00:00.000 +0200,0.15423,0.1547,0.14906,0.15047,371467324
1998-02-23 00:00:00.000 +0200,0.15141,0.16269,0.15047,0.1594,556785260
1998-02-24 00:00:00.000 +0200,0.16034,0.16081,0.15611,0.16034,515021282
1998-02-25 00:00:00.000 +0200,0.16034,0.17116,0.15752,0.16834,808345331
1998-02-26 00:00:00.000 +0200,0.16787,0.17727,0.16457,0.17633,671680625
1998-02-27 00:00:00.000 +0200,0.17539,0.17962,0.16975,0.17774,597641580
1998-03-02 00:00:00.000 +0200,0.17727,0.17727,0.1674,0.17069,451858225
1998-03-03 00:00:00.000 +0200,0.16457,0.17445,0.16269,0.17445,367906737
1998-03-04 00:00:00.000 +0200,0.1721,0.1862,0.1721,0.18432,942462463
1998-03-05 00:00:00.000 +0200,0.17492,0.18244,0.17398,0.18103,727917338
1998-03-06 00:00:00.000 +0200,0.17962,0.18432,0.17586,0.18338,738270489
1998-03-09 00:00:00.000 +0200,0.17868,0.18291,0.16928,0.17116,669750441
1998-03-10 00:00:00.000 +0200,0.17304,0.18432,0.17257,0.1815,810538558
1998-03-11 00:00:00.000 +0200,0.18903,0.19702,0.18479,0.19655,1348037790
1998-03-12 00:00:00.000 +0200,0.19655,0.20313,0.19232,0.20266,826771287
1998-03-13 00:00:00.000 +0200,0.20501,0.20501,0.19749,0.20407,642196357
1998-03-16 00:00:00.000 +0200,0.20407,0.20501,0.19702,0.19984,461667097
1998-03-17 00:00:00.000 +0200,0.19937,0.20078,0.19467,0.19843,478681714
1998-03-18 00:00:00.000 +0200,0.19606,0.20266,0.19606,0.20266,306278380
1998-03-19 00:00:00.000 +0200,0.20219,0.20266,0.19984,0.20125,180119420
1998-03-20 00:00:00.000 +0200,0.20078,0.20219,0.19561,0.19796,238429962
1998-03-23 00:00:00.000 +0200,0.19514,0.19749,0.18526,0.19608,443989948
1998-03-24 00:00:00.000 +0200,0.19843,0.21066,0.19749,0.21018,744718748
1998-03-25 00:00:00.000 +0200,0.20783,0.20877,0.19843,0.20454,429102935
1998-03-26 00:00:00.000 +0200,0.20125,0.20313,0.1989,0.20031,223171303
1998-03-27 00:00:00.000 +0200,0.20031,0.20548,0.19843,0.20313,292394558
1998-03-30 00:00:00.000 +0200,0.20125,0.20689,0.20125,0.20689,288912946
1998-03-31 00:00:00.000 +0200,0.20642,0.20924,0.20501,0.20689,306457540
1998-04-01 00:00:00.000 +0200,0.20642,0.20689,0.2036,0.20689,211380856
1998-04-02 00:00:00.000 +0200,0.20548,0.20642,0.20266,0.20501,219169386
1998-04-03 00:00:00.000 +0200,0.20407,0.20501,0.20172,0.20313,230029918
1998-04-06 00:00:00.000 +0200,0.20313,0.20313,0.19702,0.19749,358442919
1998-04-07 00:00:00.000 +0200,0.1942,0.19561,0.18714,0.19185,311350830
1998-04-08 00:00:00.000 +0200,0.18997,0.19091,0.18573,0.18809,260002565
1998-04-09 00:00:00.000 +0200,0.18856,0.19467,0.18809,0.19232,187854700
1998-04-13 00:00:00.000 +0200,0.19279,0.20078,0.18808,0.1989,330198276
1998-04-14 00:00:00.000 +0200,0.19843,0.20501,0.19843,0.20219,382354610
1998-04-15 00:00:00.000 +0200,0.20454,0.20689,0.20031,0.20642,645321769
1998-04-16 00:00:00.000 +0200,0.22006,0.22288,0.21207,0.21583,1992513100
1998-04-17 00:00:00.000 +0200,0.21536,0.21536,0.20876,0.21017,683993763
1998-04-20 00:00:00.000 +0200,0.20783,0.22194,0.20736,0.21771,596102894
1998-04-21 00:00:00.000 +0200,0.21865,0.21912,0.21442,0.21771,397745943
1998-04-22 00:00:00.000 +0200,0.2163,0.21818,0.20689,0.20689,315456515
1998-04-23 00:00:00.000 +0200,0.20642,0.21818,0.20454,0.2083,526505181
1998-04-24 00:00:00.000 +0200,0.20877,0.21254,0.20689,0.21018,231425073
1998-04-27 00:00:00.000 +0200,0.20125,0.20877,0.20125,0.2083,476673664
1998-04-28 00:00:00.000 +0200,0.20971,0.21066,0.19749,0.20313,275103119
1998-04-29 00:00:00.000 +0200,0.20266,0.20642,0.20125,0.20313,212456875
1998-04-30 00:00:00.000 +0200,0.20595,0.20783,0.2036,0.20548,186963179
1998-05-01 00:00:00.000 +0200,0.20689,0.21254,0.20219,0.21066,209094432
1998-05-04 00:00:00.000 +0200,0.21724,0.22194,0.21724,0.21865,626966726
1998-05-05 00:00:00.000 +0200,0.22006,0.22476,0.21912,0.22335,474786534
1998-05-06 00:00:00.000 +0200,0.22476,0.22899,0.22006,0.22805,996299280
1998-05-07 00:00:00.000 +0200,0.22993,0.2304,0.22476,0.22711,611825311
1998-05-08 00:00:00.000 +0200,0.22617,0.22946,0.22523,0.22899,298151049
1998-05-11 00:00:00.000 +0200,0.23228,0.23793,0.23134,0.23276,773084817
1998-05-12 00:00:00.000 +0200,0.22993,0.23134,0.22523,0.22664,296662137
1998-05-13 00:00:00.000 +0200,0.22617,0.23182,0.22288,0.22876,356793485
1998-05-14 00:00:00.000 +0200,0.22852,0.22899,0.22382,0.22617,182047134
1998-05-15 00:00:00.000 +0200,0.22617,0.22852,0.22006,0.22194,302058762
1998-05-18 00:00:00.000 +0200,0.221,0.22241,0.21348,0.21489,268443514
1998-05-19 00:00:00.000 +0200,0.21771,0.22147,0.21677,0.221,252758222
1998-05-20 00:00:00.000 +0200,0.22288,0.22476,0.2163,0.22288,215541431
1998-05-21 00:00:00.000 +0200,0.22241,0.22335,0.21536,0.21724,144296600
1998-05-22 00:00:00.000 +0200,0.2163,0.2163,0.20548,0.20971,311854923
1998-05-26 00:00:00.000 +0200,0.21113,0.21254,0.20031,0.20125,359493287
1998-05-27 00:00:00.000 +0200,0.19326,0.20172,0.19279,0.20078,421872781
1998-05-28 00:00:00.000 +0200,0.20125,0.20971,0.20125,0.20548,344232732
1998-05-29 00:00:00.000 +0200,0.20689,0.20736,0.1989,0.19984,246058702
1998-06-01 00:00:00.000 +0200,0.19937,0.20783,0.19279,0.19843,352421030
1998-06-02 00:00:00.000 +0200,0.1989,0.20548,0.19561,0.20125,207673473
1998-06-03 00:00:00.000 +0200,0.20407,0.20501,0.19702,0.19796,168314598
1998-06-04 00:00:00.000 +0200,0.20031,0.20219,0.1942,0.20172,169857778
1998-06-05 00:00:00.000 +0200,0.20219,0.20501,0.19843,0.20219,141053020
1998-06-08 00:00:00.000 +0200,0.20313,0.2083,0.20172,0.20501,143153702
1998-06-09 00:00:00.000 +0200,0.20595,0.21442,0.20595,0.21207,319724037
1998-06-10 00:00:00.000 +0200,0.21066,0.21818,0.20783,0.2116,261929685
1998-06-11 00:00:00.000 +0200,0.21207,0.21536,0.20924,0.20924,200468707
1998-06-12 00:00:00.000 +0200,0.20783,0.21254,0.20595,0.2116,227942431
1998-06-15 00:00:00.000 +0200,0.20501,0.21254,0.20501,0.20689,149002439
1998-06-16 00:00:00.000 +0200,0.2083,0.2116,0.20548,0.21066,126937329
1998-06-17 00:00:00.000 +0200,0.21065,0.21489,0.21018,0.2116,219249578
1998-06-18 00:00:00.000 +0200,0.20877,0.21113,0.20454,0.20595,140282884
1998-06-19 00:00:00.000 +0200,0.20595,0.20642,0.20125,0.20313,138781370
1998-06-22 00:00:00.000 +0200,0.20313,0.20736,0.20125,0.20501,156365309
1998-06-23 00:00:00.000 +0200,0.20689,0.2116,0.20501,0.20924,261783588
1998-06-24 00:00:00.000 +0200,0.20877,0.21536,0.20548,0.21301,314326407
1998-06-25 00:00:00.000 +0200,0.21489,0.21677,0.21301,0.21465,215847624
1998-06-26 00:00:00.000 +0200,0.21442,0.21536,0.20877,0.21254,125276270
1998-06-29 00:00:00.000 +0200,0.21254,0.21677,0.21112,0.21583,188120145
1998-06-30 00:00:00.000 +0200,0.21536,0.21677,0.2116,0.2163,145320785
1998-07-01 00:00:00.000 +0200,0.21724,0.2257,0.21442,0.2257,339660616
1998-07-02 00:00:00.000 +0200,0.22335,0.22617,0.21818,0.21818,331007989
1998-07-06 00:00:00.000 +0200,0.2224,0.22852,0.21957,0.22852,283875554
1998-07-07 00:00:00.000 +0200,0.22852,0.23229,0.2257,0.22946,266742781
1998-07-08 00:00:00.000 +0200,0.23134,0.2478,0.23087,0.24498,1070106735
1998-07-09 00:00:00.000 +0200,0.2478,0.25297,0.23652,0.2384,646760156
1998-07-10 00:00:00.000 +0200,0.24216,0.24545,0.23887,0.24075,328482725
1998-07-13 00:00:00.000 +0200,0.24028,0.25674,0.23981,0.25533,774690945
1998-07-14 00:00:00.000 +0200,0.25532,0.2558,0.24921,0.25156,428718358
1998-07-15 00:00:00.000 +0200,0.25344,0.26097,0.25203,0.25956,688919892
1998-07-16 00:00:00.000 +0200,0.28495,0.28683,0.26896,0.28213,2803512518
1998-07-17 00:00:00.000 +0200,0.28025,0.28025,0.27225,0.27743,694516747
1998-07-20 00:00:00.000 +0200,0.27507,0.27554,0.26708,0.27225,446435155
1998-07-21 00:00:00.000 +0200,0.27363,0.27837,0.26842,0.26937,369448648
1998-07-22 00:00:00.000 +0200,0.26285,0.26802,0.25768,0.26332,313251792
1998-07-23 00:00:00.000 +0200,0.26191,0.26802,0.26144,0.26332,277869103
1998-07-24 00:00:00.000 +0200,0.26614,0.26708,0.25438,0.2605,320202959
1998-07-27 00:00:00.000 +0200,0.25768,0.26238,0.25015,0.25862,249264296
1998-07-28 00:00:00.000 +0200,0.25627,0.2605,0.24827,0.25203,257571847
1998-07-29 00:00:00.000 +0200,0.25392,0.2699,0.25344,0.26379,512667868
1998-07-30 00:00:00.000 +0200,0.26943,0.27648,0.26708,0.27413,405138997
1998-07-31 00:00:00.000 +0200,0.27554,0.27648,0.25956,0.26003,203620182
1998-08-03 00:00:00.000 +0200,0.25768,0.26755,0.25015,0.26379,340792338
1998-08-04 00:00:00.000 +0200,0.26708,0.27084,0.2558,0.25674,333308596
1998-08-05 00:00:00.000 +0200,0.25392,0.27084,0.25203,0.27037,500309353
1998-08-06 00:00:00.000 +0200,0.26379,0.27743,0.26238,0.27743,493835624
1998-08-07 00:00:00.000 +0200,0.27978,0.28119,0.27084,0.27507,334066311
1998-08-10 00:00:00.000 +0200,0.27319,0.28636,0.27272,0.28589,544555992
1998-08-11 00:00:00.000 +0200,0.28401,0.30846,0.28119,0.29341,2031588431
1998-08-12 00:00:00.000 +0200,0.29905,0.30799,0.29694,0.30094,790914166
1998-08-13 00:00:00.000 +0200,0.30047,0.30658,0.29623,0.2967,441399462
1998-08-14 00:00:00.000 +0200,0.30611,0.30658,0.29717,0.3047,505498290
1998-08-17 00:00:00.000 +0200,0.30846,0.3221,0.30658,0.31528,1062761534
1998-08-18 00:00:00.000 +0200,0.31927,0.32633,0.31786,0.32069,679751679
1998-08-19 00:00:00.000 +0200,0.32727,0.32915,0.30846,0.3094,528129265
1998-08-20 00:00:00.000 +0200,0.30846,0.3094,0.30282,0.30611,448696404
1998-08-21 00:00:00.000 +0200,0.30094,0.32774,0.29341,0.32351,941203035
1998-08-24 00:00:00.000 +0200,0.3268,0.32727,0.30188,0.31034,690788394
1998-08-25 00:00:00.000 +0200,0.3188,0.3188,0.30329,0.30752,563698361
1998-08-26 00:00:00.000 +0200,0.3,0.3094,0.29717,0.30094,466387116
1998-08-27 00:00:00.000 +0200,0.29529,0.29529,0.26802,0.28213,1273961325
1998-08-28 00:00:00.000 +0200,0.27931,0.28965,0.25674,0.25768,1050558408
1998-08-31 00:00:00.000 +0200,0.26144,0.26238,0.23323,0.23464,985895317
1998-09-01 00:00:00.000 +0200,0.23605,0.26614,0.2304,0.25627,914278878
1998-09-02 00:00:00.000 +0200,0.26708,0.28119,0.2652,0.26755,967231891
1998-09-03 00:00:00.000 +0200,0.26332,0.26426,0.2558,0.26144,464129106
1998-09-04 00:00:00.000 +0200,0.26708,0.27413,0.25391,0.26426,430498928
1998-09-08 00:00:00.000 +0200,0.28542,0.28777,0.27649,0.2873,450623131
1998-09-09 00:00:00.000 +0200,0.28636,0.28683,0.27837,0.28166,409472216
1998-09-10 00:00:00.000 +0200,0.27272,0.28777,0.26896,0.2873,592608494
1998-09-11 00:00:00.000 +0200,0.28965,0.29812,0.27743,0.2826,389787485
1998-09-14 00:00:00.000 +0200,0.28777,0.292,0.27931,0.27931,268857981
1998-09-15 00:00:00.000 +0200,0.27874,0.29012,0.27685,0.28965,430637160
1998-09-16 00:00:00.000 +0200,0.29059,0.29153,0.27837,0.28025,290496386
1998-09-17 00:00:00.000 +0200,0.27131,0.27931,0.2699,0.27084,302937740
1998-09-18 00:00:00.000 +0200,0.27131,0.27649,0.26755,0.27649,326515448
1998-09-21 00:00:00.000 +0200,0.26849,0.2779,0.26567,0.27743,334039488
1998-09-22 00:00:00.000 +0200,0.27931,0.28307,0.27366,0.27884,290840001
1998-09-23 00:00:00.000 +0200,0.2807,0.28871,0.27552,0.28824,311440280
1998-09-24 00:00:00.000 +0200,0.28495,0.29764,0.28401,0.29012,559192045
1998-09-25 00:00:00.000 +0200,0.2873,0.29482,0.28307,0.29153,249264500
1998-09-28 00:00:00.000 +0200,0.29906,0.30235,0.29059,0.29388,461869774
1998-09-29 00:00:00.000 +0200,0.29388,0.30094,0.28683,0.2967,342360503
1998-09-30 00:00:00.000 +0200,0.29153,0.29529,0.28589,0.2873,194089047
1998-10-01 00:00:00.000 +0200,0.27649,0.28589,0.26614,0.26896,400340124
1998-10-02 00:00:00.000 +0200,0.26708,0.27272,0.25674,0.26379,511924272
1998-10-05 00:00:00.000 +0200,0.2558,0.26003,0.23699,0.24216,637441624
1998-10-06 00:00:00.000 +0200,0.25344,0.25815,0.24451,0.24498,444122923
1998-10-07 00:00:00.000 +0200,0.24357,0.25062,0.23605,0.24028,497265069
1998-10-08 00:00:00.000 +0200,0.23323,0.23464,0.21536,0.23181,752828395
1998-10-09 00:00:00.000 +0200,0.23929,0.2652,0.23176,0.26473,731100261
1998-10-12 00:00:00.000 +0200,0.28213,0.28918,0.27507,0.28166,690703932
1998-10-13 00:00:00.000 +0200,0.28636,0.29482,0.27084,0.29153,1071354258
1998-10-14 00:00:00.000 +0200,0.29906,0.31081,0.27696,0.28213,2471961538
1998-10-15 00:00:00.000 +0200,0.27272,0.28025,0.26708,0.27554,878698600
1998-10-16 00:00:00.000 +0200,0.27977,0.28636,0.27553,0.27647,666930310
1998-10-19 00:00:00.000 +0200,0.27601,0.28636,0.2699,0.28166,546967408
1998-10-20 00:00:00.000 +0200,0.28542,0.2873,0.27084,0.27178,421143419
1998-10-21 00:00:00.000 +0200,0.27648,0.28166,0.26896,0.27931,487738096
1998-10-22 00:00:00.000 +0200,0.27743,0.28307,0.27272,0.27649,327380260
1998-10-23 00:00:00.000 +0200,0.27648,0.27743,0.26426,0.26708,410932956
1998-10-26 00:00:00.000 +0200,0.27131,0.28401,0.26802,0.28189,513360901
1998-10-27 00:00:00.000 +0200,0.28589,0.29294,0.26379,0.2652,566385454
1998-10-28 00:00:00.000 +0200,0.2652,0.27837,0.26426,0.27648,388074820
1998-10-29 00:00:00.000 +0200,0.27413,0.28166,0.26943,0.27366,398000176
1998-10-30 00:00:00.000 +0200,0.27695,0.28213,0.27272,0.27931,365197016
1998-11-02 00:00:00.000 +0200,0.28213,0.28401,0.28025,0.28213,290918517
1998-11-03 00:00:00.000 +0200,0.28119,0.28777,0.28072,0.28495,416752908
1998-11-04 00:00:00.000 +0200,0.29012,0.29435,0.28683,0.29059,714664333
1998-11-05 00:00:00.000 +0200,0.28871,0.29623,0.28636,0.2873,682948125
1998-11-06 00:00:00.000 +0200,0.28495,0.28777,0.28025,0.28589,907275757
1998-11-09 00:00:00.000 +0200,0.28354,0.28683,0.26708,0.27554,767431601
1998-11-10 00:00:00.000 +0200,0.27225,0.27272,0.26332,0.26379,948493311
1998-11-11 00:00:00.000 +0200,0.26896,0.26943,0.24639,0.25297,1077492994
1998-11-12 00:00:00.000 +0200,0.24921,0.25909,0.24733,0.25627,679013964
1998-11-13 00:00:00.000 +0200,0.26285,0.27131,0.26097,0.26826,904643171
1998-11-16 00:00:00.000 +0200,0.27037,0.27648,0.26661,0.27037,417298099
1998-11-17 00:00:00.000 +0200,0.26896,0.26943,0.26144,0.26191,236183460
1998-11-18 00:00:00.000 +0200,0.26473,0.27084,0.26238,0.26661,376491404
1998-11-19 00:00:00.000 +0200,0.26708,0.27978,0.26661,0.26896,393532393
1998-11-20 00:00:00.000 +0200,0.27413,0.27648,0.26144,0.26473,430350754
1998-11-23 00:00:00.000 +0200,0.26755,0.27696,0.26473,0.27272,665816069
1998-11-24 00:00:00.000 +0200,0.27178,0.27648,0.26896,0.2699,321277709
1998-11-25 00:00:00.000 +0200,0.2699,0.27131,0.26285,0.26426,339274427
1998-11-27 00:00:00.000 +0200,0.26379,0.26426,0.26144,0.26379,164460265
1998-11-30 00:00:00.000 +0200,0.26003,0.26191,0.23887,0.24028,584403392
1998-12-01 00:00:00.000 +0200,0.24075,0.26191,0.23793,0.25674,935281568
1998-12-02 00:00:00.000 +0200,0.25674,0.27743,0.25203,0.27084,974838840
1998-12-03 00:00:00.000 +0200,0.27319,0.2746,0.25297,0.25344,693276706
1998-12-04 00:00:00.000 +0200,0.25815,0.25909,0.24075,0.24686,818964136
1998-12-07 00:00:00.000 +0200,0.25109,0.25391,0.24639,0.25344,561714671
1998-12-08 00:00:00.000 +0200,0.25532,0.25532,0.24075,0.24075,779223476
1998-12-09 00:00:00.000 +0200,0.24592,0.24733,0.23793,0.24028,674162831
1998-12-10 00:00:00.000 +0200,0.24592,0.2478,0.23981,0.24075,425299527
1998-12-11 00:00:00.000 +0200,0.24263,0.2558,0.24075,0.25485,758979776
1998-12-14 00:00:00.000 +0200,0.24733,0.25062,0.24263,0.24451,562923769
1998-12-15 00:00:00.000 +0200,0.24639,0.25297,0.24639,0.2525,291158435
1998-12-16 00:00:00.000 +0200,0.25392,0.25721,0.24545,0.24686,431213923
1998-12-17 00:00:00.000 +0200,0.2478,0.25391,0.24639,0.25156,358149702
1998-12-18 00:00:00.000 +0200,0.25109,0.26614,0.25015,0.26473,882354292
1998-12-21 00:00:00.000 +0200,0.26614,0.26802,0.25768,0.26332,398171523
1998-12-22 00:00:00.000 +0200,0.27366,0.28683,0.27084,0.28589,1234095454
1998-12-23 00:00:00.000 +0200,0.29059,0.3047,0.28965,0.29905,1386010030
1998-12-24 00:00:00.000 +0200,0.3,0.30094,0.29482,0.29529,232594207
1998-12-28 00:00:00.000 +0200,0.29341,0.3094,0.29341,0.30752,836336202
1998-12-29 00:00:00.000 +0200,0.3094,0.31222,0.30282,0.30658,441874317
1998-12-30 00:00:00.000 +0200,0.30188,0.3094,0.30094,0.30188,257369945
1998-12-31 00:00:00.000 +0200,0.3047,0.31128,0.29906,0.30799,304941684
1999-01-04 00:00:00.000 +0200,0.31692,0.31786,0.30094,0.31034,981032760
1999-01-05 00:00:00.000 +0200,0.31551,0.33056,0.31222,0.32633,1583460357
1999-01-06 00:00:00.000 +0200,0.33197,0.33197,0.30846,0.3141,1473855585
1999-01-07 00:00:00.000 +0200,0.31786,0.33902,0.31739,0.33808,1526410646
1999-01-08 00:00:00.000 +0200,0.35125,0.35266,0.33191,0.33899,734962233
1999-01-11 00:00:00.000 +0200,0.3442,0.34655,0.33761,0.34514,637013086
1999-01-12 00:00:00.000 +0200,0.34843,0.35078,0.33197,0.34655,854440288
1999-01-13 00:00:00.000 +0200,0.32257,0.35595,0.31786,0.34984,1050270145
1999-01-14 00:00:00.000 +0200,0.34231,0.34608,0.3094,0.31128,1860728823
1999-01-15 00:00:00.000 +0200,0.31457,0.31692,0.30282,0.31081,1084829029
1999-01-19 00:00:00.000 +0200,0.31598,0.31833,0.30421,0.30844,591503740
1999-01-20 00:00:00.000 +0200,0.30893,0.31598,0.3047,0.3047,859957022
1999-01-21 00:00:00.000 +0200,0.30423,0.30517,0.28213,0.292,646024785
1999-01-22 00:00:00.000 +0200,0.28354,0.29717,0.27884,0.29153,367851911
1999-01-25 00:00:00.000 +0200,0.29529,0.29764,0.292,0.29623,431373622
1999-01-26 00:00:00.000 +0200,0.30047,0.30752,0.29811,0.30517,639099954
1999-01-27 00:00:00.000 +0200,0.30846,0.31128,0.30047,0.30282,366841835
1999-01-28 00:00:00.000 +0200,0.30752,0.31034,0.30329,0.30752,321131046
1999-01-29 00:00:00.000 +0200,0.30987,0.31269,0.30094,0.31034,272828637
1999-02-01 00:00:00.000 +0200,0.31363,0.31551,0.30329,0.30846,310325158
1999-02-02 00:00:00.000 +0200,0.30563,0.30658,0.29522,0.29664,355463546
1999-02-03 00:00:00.000 +0200,0.29341,0.30517,0.29153,0.30188,363878217
1999-02-04 00:00:00.000 +0200,0.30235,0.30282,0.28401,0.28495,496809909
1999-02-05 00:00:00.000 +0200,0.28777,0.28871,0.26708,0.27319,789922074
1999-02-08 00:00:00.000 +0200,0.27601,0.28542,0.27272,0.28354,536166770
1999-02-09 00:00:00.000 +0200,0.28542,0.29388,0.27884,0.27978,813316973
1999-02-10 00:00:00.000 +0200,0.27743,0.29106,0.27648,0.28777,635776489
1999-02-11 00:00:00.000 +0200,0.29153,0.29906,0.29012,0.29811,644694720
1999-02-12 00:00:00.000 +0200,0.29435,0.29435,0.27837,0.28401,461188079
1999-02-16 00:00:00.000 +0200,0.292,0.29247,0.28495,0.28918,318699137
1999-02-17 00:00:00.000 +0200,0.28683,0.29106,0.2779,0.27837,324255088
1999-02-18 00:00:00.000 +0200,0.2826,0.28495,0.26755,0.27037,553113801
1999-02-19 00:00:00.000 +0200,0.27272,0.28354,0.27225,0.27931,419052195
1999-02-22 00:00:00.000 +0200,0.28119,0.29247,0.28072,0.28871,335353976
1999-02-23 00:00:00.000 +0200,0.29012,0.29764,0.28542,0.28871,364887884
1999-02-24 00:00:00.000 +0200,0.292,0.29341,0.28119,0.28119,233631312
1999-02-25 00:00:00.000 +0200,0.28072,0.28354,0.2746,0.2779,295504279
1999-02-26 00:00:00.000 +0200,0.2746,0.27837,0.25956,0.26144,762860279
1999-03-01 00:00:00.000 +0200,0.26191,0.26191,0.25297,0.25344,551306411
1999-03-02 00:00:00.000 +0200,0.25674,0.26567,0.25391,0.2605,726613415
1999-03-03 00:00:00.000 +0200,0.26144,0.26426,0.25203,0.25486,316785076
1999-03-04 00:00:00.000 +0200,0.25677,0.25956,0.24095,0.24886,419670376
1999-03-05 00:00:00.000 +0200,0.25815,0.25815,0.24357,0.24921,476725396
1999-03-08 00:00:00.000 +0200,0.25015,0.26097,0.24968,0.25815,550136676
1999-03-09 00:00:00.000 +0200,0.25815,0.25862,0.25203,0.25674,365339716
1999-03-10 00:00:00.000 +0200,0.25721,0.25721,0.24404,0.24498,614801034
1999-03-11 00:00:00.000 +0200,0.24263,0.25015,0.24075,0.24216,514593803
1999-03-12 00:00:00.000 +0200,0.2431,0.25203,0.2431,0.24921,302350204
1999-03-15 00:00:00.000 +0200,0.25062,0.26332,0.25015,0.25627,399035102
1999-03-16 00:00:00.000 +0200,0.26332,0.26755,0.26285,0.26708,441330381
1999-03-17 00:00:00.000 +0200,0.27037,0.27131,0.25533,0.25627,409681365
1999-03-18 00:00:00.000 +0200,0.25862,0.26802,0.25768,0.26708,259165142
1999-03-19 00:00:00.000 +0200,0.27037,0.27084,0.24733,0.25156,584256313
1999-03-22 00:00:00.000 +0200,0.2558,0.26473,0.2478,0.26426,609418884
1999-03-23 00:00:00.000 +0200,0.25909,0.25909,0.24639,0.24827,422986577
1999-03-24 00:00:00.000 +0200,0.25015,0.25391,0.24451,0.25297,430829599
1999-03-25 00:00:00.000 +0200,0.25862,0.26238,0.25109,0.25439,425193229
1999-03-26 00:00:00.000 +0200,0.25391,0.25438,0.24874,0.25015,288899023
1999-03-29 00:00:00.000 +0200,0.25203,0.26661,0.25156,0.26614,638820719
1999-03-30 00:00:00.000 +0200,0.26332,0.27366,0.26332,0.27037,628598480
1999-03-31 00:00:00.000 +0200,0.27366,0.27931,0.2699,0.27037,473363530
1999-04-01 00:00:00.000 +0200,0.27131,0.27601,0.26896,0.27084,263936563
1999-04-05 00:00:00.000 +0200,0.27084,0.28495,0.27084,0.27837,523924974
1999-04-06 00:00:00.000 +0200,0.27696,0.28824,0.27696,0.28636,697224413
1999-04-07 00:00:00.000 +0200,0.28636,0.28777,0.27366,0.27931,467979622
1999-04-08 00:00:00.000 +0200,0.27743,0.27884,0.27084,0.27601,335473615
1999-04-09 00:00:00.000 +0200,0.27272,0.28025,0.27037,0.27743,313276106
1999-04-12 00:00:00.000 +0200,0.26332,0.27743,0.26238,0.27225,448932747
1999-04-13 00:00:00.000 +0200,0.27319,0.27696,0.25956,0.26003,465481129
1999-04-14 00:00:00.000 +0200,0.2652,0.27884,0.26332,0.26708,754406543
1999-04-15 00:00:00.000 +0200,0.26614,0.27225,0.25815,0.26849,1771165186
1999-04-16 00:00:00.000 +0200,0.2699,0.27131,0.2652,0.26614,580933290
1999-04-19 00:00:00.000 +0200,0.26849,0.27084,0.25203,0.25486,1051318532
1999-04-20 00:00:00.000 +0200,0.25486,0.26144,0.25203,0.2558,588696423
1999-04-21 00:00:00.000 +0200,0.2558,0.25862,0.25203,0.25815,396389534
1999-04-22 00:00:00.000 +0200,0.26379,0.27554,0.26379,0.27366,810537581
1999-04-23 00:00:00.000 +0200,0.27272,0.2967,0.27272,0.29435,1066936544
1999-04-26 00:00:00.000 +0200,0.29717,0.31034,0.29623,0.30752,1066391790
1999-04-27 00:00:00.000 +0200,0.32351,0.34467,0.32351,0.3442,2270450645
1999-04-28 00:00:00.000 +0200,0.33573,0.34373,0.32821,0.33103,987891555
1999-04-29 00:00:00.000 +0200,0.32539,0.33385,0.31434,0.32351,872186317
1999-04-30 00:00:00.000 +0200,0.33103,0.35454,0.33103,0.34561,1674562634
1999-05-03 00:00:00.000 +0200,0.34655,0.37617,0.3442,0.37288,1689673376
1999-05-04 00:00:00.000 +0200,0.363,0.36583,0.34749,0.35031,929765504
1999-05-05 00:00:00.000 +0200,0.34843,0.3536,0.33573,0.3536,669537511
1999-05-06 00:00:00.000 +0200,0.35031,0.35266,0.33103,0.33479,477828951
1999-05-07 00:00:00.000 +0200,0.33573,0.34514,0.32539,0.34514,499442057
1999-05-10 00:00:00.000 +0200,0.35172,0.35313,0.33573,0.34043,460602774
1999-05-11 00:00:00.000 +0200,0.33761,0.34749,0.32774,0.3362,533004266
1999-05-12 00:00:00.000 +0200,0.33761,0.34984,0.33197,0.3489,458103652
1999-05-13 00:00:00.000 +0200,0.34937,0.35219,0.34231,0.34749,333572405
1999-05-14 00:00:00.000 +0200,0.33949,0.34467,0.33385,0.33479,256426703
1999-05-17 00:00:00.000 +0200,0.32915,0.3362,0.32351,0.33432,239917826
1999-05-18 00:00:00.000 +0200,0.33714,0.34608,0.33385,0.3409,488622546
1999-05-19 00:00:00.000 +0200,0.34231,0.3442,0.32727,0.33949,333745539
1999-05-20 00:00:00.000 +0200,0.34372,0.3442,0.3215,0.32197,462395649
1999-05-21 00:00:00.000 +0200,0.32351,0.33338,0.32021,0.33009,526225455
1999-05-24 00:00:00.000 +0200,0.32821,0.33338,0.31504,0.31551,300170461
1999-05-25 00:00:00.000 +0200,0.31269,0.31927,0.30799,0.31175,411290388
1999-05-26 00:00:00.000 +0200,0.3141,0.33385,0.30094,0.33103,491280889
1999-05-27 00:00:00.000 +0200,0.32492,0.32915,0.32116,0.32774,389185700
1999-05-28 00:00:00.000 +0200,0.32586,0.33338,0.32445,0.33103,226839178
1999-06-01 00:00:00.000 +0200,0.33855,0.3409,0.33385,0.33761,532551562
1999-06-02 00:00:00.000 +0200,0.33479,0.36065,0.33103,0.34984,606654656
1999-06-03 00:00:00.000 +0200,0.35266,0.36112,0.35219,0.35689,533868081
1999-06-04 00:00:00.000 +0200,0.3583,0.36253,0.35548,0.36206,410173140
1999-06-07 00:00:00.000 +0200,0.36206,0.36865,0.35736,0.36724,488529237
1999-06-08 00:00:00.000 +0200,0.36677,0.36724,0.35783,0.35877,351104502
1999-06-09 00:00:00.000 +0200,0.35689,0.36489,0.35689,0.36489,409296136
1999-06-10 00:00:00.000 +0200,0.36018,0.363,0.35595,0.36206,358454577
1999-06-11 00:00:00.000 +0200,0.36206,0.36489,0.34796,0.34984,203352143
1999-06-14 00:00:00.000 +0200,0.34984,0.35078,0.33949,0.34184,171331976
1999-06-15 00:00:00.000 +0200,0.33996,0.35172,0.33949,0.34561,145785096
1999-06-16 00:00:00.000 +0200,0.3489,0.36159,0.3489,0.36018,254286932
1999-06-17 00:00:00.000 +0200,0.36018,0.36112,0.346,0.35072,248440360
1999-06-18 00:00:00.000 +0200,0.34137,0.35548,0.33996,0.35454,161575893
1999-06-21 00:00:00.000 +0200,0.3536,0.35548,0.34608,0.34984,153667264
1999-06-22 00:00:00.000 +0200,0.34843,0.35313,0.34137,0.34137,169617401
1999-06-23 00:00:00.000 +0200,0.33902,0.33926,0.32774,0.32868,597070082
1999-06-24 00:00:00.000 +0200,0.32821,0.32821,0.31786,0.31786,474346623
1999-06-25 00:00:00.000 +0200,0.31974,0.32115,0.31645,0.31692,311349015
1999-06-28 00:00:00.000 +0200,0.31927,0.32304,0.3188,0.32022,309819647
1999-06-29 00:00:00.000 +0200,0.32139,0.34278,0.32068,0.34137,419890014
1999-06-30 00:00:00.000 +0200,0.34373,0.35313,0.33808,0.34843,370430856
1999-07-01 00:00:00.000 +0200,0.34843,0.35031,0.34043,0.34043,170760414
1999-07-02 00:00:00.000 +0200,0.34255,0.35266,0.33996,0.34843,134566784
1999-07-06 00:00:00.000 +0200,0.34561,0.3583,0.34514,0.35619,506367111
1999-07-07 00:00:00.000 +0200,0.35642,0.38181,0.3536,0.3757,1258274359
1999-07-08 00:00:00.000 +0200,0.38463,0.41426,0.38275,0.41002,1840885314
1999-07-09 00:00:00.000 +0200,0.41003,0.41849,0.39874,0.41849,697902286
1999-07-12 00:00:00.000 +0200,0.41708,0.41849,0.40767,0.40956,346239667
1999-07-13 00:00:00.000 +0200,0.4025,0.40767,0.3978,0.40344,324946112
1999-07-14 00:00:00.000 +0200,0.41002,0.42601,0.41002,0.42084,686857517
1999-07-15 00:00:00.000 +0200,0.42037,0.42084,0.38604,0.4025,1896496130
1999-07-16 00:00:00.000 +0200,0.40344,0.41003,0.39874,0.39921,469003575
1999-07-19 00:00:00.000 +0200,0.40579,0.4199,0.39357,0.40909,640760562
1999-07-20 00:00:00.000 +0200,0.4105,0.41755,0.39686,0.39733,505077173
1999-07-21 00:00:00.000 +0200,0.40673,0.41708,0.3978,0.40626,836323519
1999-07-22 00:00:00.000 +0200,0.40344,0.40532,0.38463,0.39404,465042209
1999-07-23 00:00:00.000 +0200,0.39733,0.40438,0.39639,0.40062,264188923
1999-07-26 00:00:00.000 +0200,0.3978,0.39874,0.38275,0.38275,416434392
1999-07-27 00:00:00.000 +0200,0.39592,0.40579,0.39498,0.40438,443775239
1999-07-28 00:00:00.000 +0200,0.40532,0.41661,0.39874,0.40861,381742112
1999-07-29 00:00:00.000 +0200,0.40156,0.41567,0.39968,0.40579,316797992
1999-07-30 00:00:00.000 +0200,0.41003,0.42225,0.41003,0.41943,437687849
1999-08-02 00:00:00.000 +0200,0.41849,0.43636,0.41755,0.41943,421073049
1999-08-03 00:00:00.000 +0200,0.42695,0.43213,0.40344,0.41426,428024374
1999-08-04 00:00:00.000 +0200,0.4152,0.42037,0.40062,0.40438,425180108
1999-08-05 00:00:00.000 +0200,0.4025,0.41285,0.39216,0.41191,374006735
1999-08-06 00:00:00.000 +0200,0.40673,0.41614,0.40297,0.40767,494868903
1999-08-09 00:00:00.000 +0200,0.40885,0.4152,0.40814,0.40909,272030964
1999-08-10 00:00:00.000 +0200,0.40626,0.42131,0.40344,0.41567,477257723
1999-08-11 00:00:00.000 +0200,0.42131,0.44952,0.42084,0.44905,985326224
1999-08-12 00:00:00.000 +0200,0.44435,0.46175,0.44106,0.4514,699604021
1999-08-13 00:00:00.000 +0200,0.45611,0.46645,0.45046,0.45187,340684090
1999-08-16 00:00:00.000 +0200,0.44999,0.45658,0.44764,0.4547,314445479
1999-08-17 00:00:00.000 +0200,0.45376,0.45423,0.44341,0.45352,342172129
1999-08-18 00:00:00.000 +0200,0.45187,0.46645,0.44858,0.45234,494896446
1999-08-19 00:00:00.000 +0200,0.44999,0.45517,0.44059,0.442,610587921
1999-08-20 00:00:00.000 +0200,0.44576,0.4467,0.43777,0.44529,367985171
1999-08-23 00:00:00.000 +0200,0.4467,0.46175,0.44623,0.45705,402730203
1999-08-24 00:00:00.000 +0200,0.45423,0.45705,0.45093,0.45423,575125487
1999-08-25 00:00:00.000 +0200,0.45658,0.46269,0.45234,0.46175,336895667
1999-08-26 00:00:00.000 +0200,0.45987,0.47491,0.45987,0.46739,474054274
1999-08-27 00:00:00.000 +0200,0.47209,0.48902,0.47162,0.48667,521506254
1999-08-30 00:00:00.000 +0200,0.48902,0.48902,0.46645,0.46645,368104980
1999-08-31 00:00:00.000 +0200,0.47092,0.4956,0.46692,0.48996,723063519
1999-09-01 00:00:00.000 +0200,0.50407,0.5177,0.49654,0.51723,879735760
1999-09-02 00:00:00.000 +0200,0.50877,0.53745,0.50313,0.53134,1001528641
1999-09-03 00:00:00.000 +0200,0.54121,0.56614,0.5304,0.5525,1862814175
1999-09-07 00:00:00.000 +0200,0.55485,0.58636,0.55297,0.5746,1138899075
1999-09-08 00:00:00.000 +0200,0.57319,0.58447,0.56049,0.56049,868384555
1999-09-09 00:00:00.000 +0200,0.56802,0.57131,0.55579,0.56849,608089735
1999-09-10 00:00:00.000 +0200,0.57178,0.58447,0.5619,0.58212,498059761
1999-09-13 00:00:00.000 +0200,0.57977,0.57977,0.56284,0.56472,290041863
1999-09-14 00:00:00.000 +0200,0.56214,0.59059,0.5619,0.58541,447377339
1999-09-15 00:00:00.000 +0200,0.59341,0.59529,0.56614,0.56708,383988660
1999-09-16 00:00:00.000 +0200,0.57225,0.5873,0.55579,0.57836,515325216
1999-09-17 00:00:00.000 +0200,0.58165,0.58494,0.57366,0.57883,297445430
1999-09-20 00:00:00.000 +0200,0.5793,0.60281,0.57836,0.59529,505529406
1999-09-21 00:00:00.000 +0200,0.55062,0.55109,0.51911,0.521,3743984895
1999-09-22 00:00:00.000 +0200,0.52476,0.53886,0.51935,0.52852,1251920619
1999-09-23 00:00:00.000 +0200,0.5351,0.53604,0.47397,0.4768,1321104807
1999-09-24 00:00:00.000 +0200,0.47668,0.50419,0.47386,0.48703,1374924549
1999-09-27 00:00:00.000 +0200,0.49937,0.50219,0.46081,0.46128,1089042375
1999-09-28 00:00:00.000 +0200,0.46269,0.46645,0.43212,0.44858,1661657511
1999-09-29 00:00:00.000 +0200,0.45328,0.46081,0.43636,0.44435,756240671
1999-09-30 00:00:00.000 +0200,0.44811,0.48291,0.44576,0.47633,989233505
1999-10-01 00:00:00.000 +0200,0.46739,0.46974,0.44764,0.46457,704215580
1999-10-04 00:00:00.000 +0200,0.46927,0.48808,0.46927,0.48526,533987389
1999-10-05 00:00:00.000 +0200,0.49372,0.51253,0.48714,0.51065,943961486
1999-10-06 00:00:00.000 +0200,0.52194,0.52382,0.50407,0.50501,932131385
1999-10-07 00:00:00.000 +0200,0.51488,0.51629,0.48808,0.49937,691615837
1999-10-08 00:00:00.000 +0200,0.49796,0.4989,0.47774,0.49278,448879393
1999-10-11 00:00:00.000 +0200,0.49654,0.51347,0.49654,0.50313,298269404
1999-10-12 00:00:00.000 +0200,0.51065,0.52382,0.50407,0.50877,648988225
1999-10-13 00:00:00.000 +0200,0.50125,0.52288,0.47962,0.4815,716245018
1999-10-14 00:00:00.000 +0200,0.521,0.55156,0.51911,0.55015,2117353500
1999-10-15 00:00:00.000 +0200,0.5351,0.57037,0.52805,0.56096,1332230793
1999-10-18 00:00:00.000 +0200,0.55579,0.55861,0.5351,0.55062,896044736
1999-10-19 00:00:00.000 +0200,0.53886,0.56425,0.51488,0.51535,1153600962
1999-10-20 00:00:00.000 +0200,0.52664,0.56614,0.52664,0.5652,1225563047
1999-10-21 00:00:00.000 +0200,0.54592,0.57977,0.54451,0.57272,928848896
1999-10-22 00:00:00.000 +0200,0.58024,0.58118,0.55203,0.55579,455618551
1999-10-25 00:00:00.000 +0200,0.55861,0.57272,0.55485,0.56049,368237576
1999-10-26 00:00:00.000 +0200,0.56378,0.56802,0.55156,0.56473,416979087
1999-10-27 00:00:00.000 +0200,0.55955,0.57648,0.5525,0.5746,511723202
1999-10-28 00:00:00.000 +0200,0.57977,0.59435,0.57225,0.58541,587301072
1999-10-29 00:00:00.000 +0200,0.59294,0.60987,0.59294,0.60281,592591284
1999-11-01 00:00:00.000 +0200,0.60187,0.60704,0.58212,0.58447,322567022
1999-11-02 00:00:00.000 +0200,0.58683,0.61457,0.58165,0.60375,460204027
1999-11-03 00:00:00.000 +0200,0.6141,0.62632,0.6094,0.61269,375800592
1999-11-04 00:00:00.000 +0200,0.61739,0.64231,0.60657,0.62961,433567249
1999-11-05 00:00:00.000 +0200,0.63667,0.66488,0.63197,0.66394,436079051
1999-11-08 00:00:00.000 +0200,0.66028,0.73529,0.65276,0.72471,1077279952
1999-11-09 00:00:00.000 +0200,0.71002,0.71096,0.66206,0.67381,896137334
1999-11-10 00:00:00.000 +0200,0.66394,0.70156,0.663,0.68604,669870310
1999-11-11 00:00:00.000 +0200,0.6891,0.69685,0.67617,0.69356,301924746
1999-11-12 00:00:00.000 +0200,0.69168,0.69215,0.65736,0.68181,313767561
1999-11-15 00:00:00.000 +0200,0.67428,0.69874,0.66582,0.67287,293976200
1999-11-16 00:00:00.000 +0200,0.67711,0.69027,0.66582,0.68651,261198524
1999-11-17 00:00:00.000 +0200,0.68228,0.71284,0.67711,0.67993,403660652
1999-11-18 00:00:00.000 +0200,0.6851,0.68557,0.66535,0.67381,399008453
1999-11-19 00:00:00.000 +0200,0.67334,0.69874,0.663,0.69497,348007741
1999-11-22 00:00:00.000 +0200,0.69027,0.69027,0.67146,0.68134,226493472
1999-11-23 00:00:00.000 +0200,0.69027,0.7166,0.66582,0.69991,624398762
1999-11-24 00:00:00.000 +0200,0.69968,0.71472,0.6898,0.71237,246976225
1999-11-26 00:00:00.000 +0200,0.71284,0.71848,0.70814,0.71472,150915758
1999-11-29 00:00:00.000 +0200,0.70908,0.75046,0.70156,0.71096,523765807
1999-11-30 00:00:00.000 +0200,0.73823,0.78055,0.73259,0.73588,928144720
1999-12-01 00:00:00.000 +0200,0.75986,0.7862,0.75281,0.77515,707911096
1999-12-02 00:00:00.000 +0200,0.77585,0.83228,0.76551,0.82898,631589702
1999-12-03 00:00:00.000 +0200,0.84403,0.86942,0.84168,0.86519,734242452
1999-12-06 00:00:00.000 +0200,0.8619,0.88259,0.83839,0.87318,535157145
1999-12-07 00:00:00.000 +0200,0.87695,0.88776,0.85767,0.88635,493008628
1999-12-08 00:00:00.000 +0200,0.8746,0.88682,0.82381,0.82804,469614933
1999-12-09 00:00:00.000 +0200,0.8351,0.8351,0.75892,0.79184,953585370
1999-12-10 00:00:00.000 +0200,0.79231,0.82193,0.74482,0.77491,728833073
1999-12-13 00:00:00.000 +0200,0.77021,0.77115,0.74435,0.74482,580561619
1999-12-14 00:00:00.000 +0200,0.74011,0.75046,0.71284,0.71425,494417307
1999-12-15 00:00:00.000 +0200,0.70156,0.73165,0.6851,0.72977,714702996
1999-12-16 00:00:00.000 +0200,0.73729,0.74011,0.7072,0.73917,525613801
1999-12-17 00:00:00.000 +0200,0.75892,0.76739,0.74105,0.75187,481763774
1999-12-20 00:00:00.000 +0200,0.74624,0.74952,0.72422,0.73547,309225025
1999-12-21 00:00:00.000 +0200,0.7387,0.77538,0.73682,0.7688,347834791
1999-12-22 00:00:00.000 +0200,0.77397,0.78667,0.74294,0.7514,376810921
1999-12-23 00:00:00.000 +0200,0.76598,0.78431,0.76033,0.77773,261610296
1999-12-27 00:00:00.000 +0200,0.78526,0.78573,0.7467,0.7467,191070453
1999-12-28 00:00:00.000 +0200,0.74576,0.74952,0.71472,0.73823,278278445
1999-12-29 00:00:00.000 +0200,0.72836,0.7688,0.71848,0.75751,324108924
1999-12-30 00:00:00.000 +0200,0.7688,0.78337,0.74952,0.75469,237684940
1999-12-31 00:00:00.000 +0200,0.75939,0.77397,0.74858,0.7735,176569073
2000-01-03 00:00:00.000 +0200,0.78902,0.84638,0.76504,0.84262,594412352
2000-01-04 00:00:00.000 +0200,0.81441,0.83228,0.76127,0.77209,569782558
2000-01-05 00:00:00.000 +0200,0.78055,0.83181,0.77491,0.78243,864144204
2000-01-06 00:00:00.000 +0200,0.79842,0.805,0.71472,0.71496,861525528
2000-01-07 00:00:00.000 +0200,0.72601,0.75986,0.71848,0.74764,504080453
2000-01-10 00:00:00.000 +0200,0.76739,0.76927,0.71284,0.73565,570035235
2000-01-11 00:00:00.000 +0200,0.72178,0.74764,0.69215,0.6978,489898070
2000-01-12 00:00:00.000 +0200,0.71472,0.71849,0.65454,0.65454,1128185832
2000-01-13 00:00:00.000 +0200,0.71073,0.74294,0.69591,0.72789,1116197994
2000-01-14 00:00:00.000 +0200,0.75234,0.76927,0.74764,0.75563,439455693
2000-01-18 00:00:00.000 +0200,0.75986,0.79748,0.75563,0.78243,498019182
2000-01-19 00:00:00.000 +0200,0.79466,0.81817,0.77773,0.80312,650371033
2000-01-20 00:00:00.000 +0200,0.86895,0.91409,0.85391,0.85391,2058512113
2000-01-21 00:00:00.000 +0200,0.85955,0.85955,0.82898,0.83721,532033558
2000-01-24 00:00:00.000 +0200,0.81582,0.84826,0.7909,0.7996,475343729
2000-01-25 00:00:00.000 +0200,0.78996,0.85108,0.77021,0.8445,544833262
2000-01-26 00:00:00.000 +0200,0.82757,0.85908,0.82569,0.82851,393107001
2000-01-27 00:00:00.000 +0200,0.81864,0.85014,0.805,0.82781,367905370
2000-01-28 00:00:00.000 +0200,0.81394,0.83416,0.75704,0.76504,480727098
2000-01-31 00:00:00.000 +0200,0.76078,0.78149,0.71182,0.78149,772018716
2000-02-01 00:00:00.000 +0200,0.78243,0.78996,0.75234,0.75422,354214973
2000-02-02 00:00:00.000 +0200,0.75798,0.76833,0.72977,0.74294,539330909
2000-02-03 00:00:00.000 +0200,0.75469,0.78431,0.75422,0.77773,543078749
2000-02-04 00:00:00.000 +0200,0.78196,0.82757,0.77961,0.81206,474745350
2000-02-07 00:00:00.000 +0200,0.81342,0.85955,0.79788,0.85861,503210579
2000-02-08 00:00:00.000 +0200,0.85767,0.87365,0.83698,0.86425,463101985
2000-02-09 00:00:00.000 +0200,0.85861,0.88118,0.84638,0.84732,326395032
2000-02-10 00:00:00.000 +0200,0.8492,0.85673,0.82381,0.85438,348167144
2000-02-11 00:00:00.000 +0200,0.85485,0.85861,0.81441,0.81793,234282467
2000-02-14 00:00:00.000 +0200,0.8224,0.87177,0.81723,0.8713,410093922
2000-02-15 00:00:00.000 +0200,0.86707,0.90234,0.86707,0.89528,555387022
2000-02-16 00:00:00.000 +0200,0.88588,0.8887,0.84356,0.8572,426283142
2000-02-17 00:00:00.000 +0200,0.8666,0.86895,0.85108,0.86425,323244816
2000-02-18 00:00:00.000 +0200,0.86237,0.86801,0.83416,0.83745,232581024
2000-02-22 00:00:00.000 +0200,0.82851,0.87977,0.80265,0.85767,483305423
2000-02-23 00:00:00.000 +0200,0.85179,0.89528,0.8351,0.8746,481311624
2000-02-24 00:00:00.000 +0200,0.88259,0.89623,0.84074,0.86707,413948416
2000-02-25 00:00:00.000 +0200,0.86378,0.88024,0.82851,0.8304,278331596
2000-02-28 00:00:00.000 +0200,0.82851,0.86519,0.81535,0.85155,354414160
2000-02-29 00:00:00.000 +0200,0.85438,0.88212,0.84685,0.86237,399646461
2000-03-01 00:00:00.000 +0200,0.89199,0.99356,0.89152,0.97992,1171305325
2000-03-02 00:00:00.000 +0200,0.95547,0.96252,0.90798,0.91785,338264645
2000-03-03 00:00:00.000 +0200,0.9396,0.96476,0.90292,0.96311,346994952
2000-03-06 00:00:00.000 +0200,0.94795,0.97146,0.94042,0.94419,222399454
2000-03-07 00:00:00.000 +0200,0.95124,0.95876,0.91127,0.92444,291025217
2000-03-08 00:00:00.000 +0200,0.92444,0.93243,0.89199,0.91738,308052169
2000-03-09 00:00:00.000 +0200,0.90939,0.94043,0.88964,0.91974,306031841
2000-03-10 00:00:00.000 +0200,0.9155,0.96252,0.91033,0.94278,279926684
2000-03-13 00:00:00.000 +0200,0.91879,0.95171,0.89952,0.91221,328455318
2000-03-14 00:00:00.000 +0200,0.91198,0.93478,0.85767,0.86096,490164095
2000-03-15 00:00:00.000 +0200,0.86989,0.90469,0.85861,0.87271,484514832
2000-03-16 00:00:00.000 +0200,0.88259,0.91785,0.86143,0.91456,426004237
2000-03-17 00:00:00.000 +0200,0.90375,0.94042,0.89999,0.93995,310431686
2000-03-20 00:00:00.000 +0200,0.92914,0.94983,0.92068,0.92585,228500498
2000-03-21 00:00:00.000 +0200,0.92209,1.02882,0.91503,1.01519,572507229
2000-03-22 00:00:00.000 +0200,0.99897,1.08619,0.9898,1.08525,628532502
2000-03-23 00:00:00.000 +0200,1.06832,1.13133,1.05328,1.06268,621261671
2000-03-24 00:00:00.000 +0200,1.07161,1.0829,1.01942,1.04246,502578827
2000-03-27 00:00:00.000 +0200,1.03541,1.08901,1.02977,1.04951,314671572
2000-03-28 00:00:00.000 +0200,1.03259,1.06832,1.03165,1.04693,225416660
2000-03-29 00:00:00.000 +0200,1.04857,1.04904,1.00673,1.02224,265624502
2000-03-30 00:00:00.000 +0200,1.00484,1.03588,0.94372,0.94607,457293217
2000-03-31 00:00:00.000 +0200,0.95876,1.03259,0.94795,1.02177,439960952
2000-04-03 00:00:00.000 +0200,1.01942,1.04951,0.97381,1.00343,360488418
2000-04-04 00:00:00.000 +0200,0.99779,1.00061,0.87836,0.95923,720153050
2000-04-05 00:00:00.000 +0200,0.95148,0.99967,0.9329,0.98039,511085359
2000-04-06 00:00:00.000 +0200,0.98274,1.0119,0.92726,0.94231,293165293
2000-04-07 00:00:00.000 +0200,0.96375,0.99215,0.95049,0.99215,263439722
2000-04-10 00:00:00.000 +0200,0.99074,0.99873,0.93854,0.94089,225456636
2000-04-11 00:00:00.000 +0200,0.92914,0.93948,0.88823,0.89811,609432191
2000-04-12 00:00:00.000 +0200,0.89528,0.89528,0.78902,0.82193,1050216669
2000-04-13 00:00:00.000 +0200,0.83886,0.90281,0.81629,0.85579,570925261
2000-04-14 00:00:00.000 +0200,0.8224,0.88776,0.82005,0.84168,726121507
2000-04-17 00:00:00.000 +0200,0.82381,0.93243,0.82052,0.93149,438086618
2000-04-18 00:00:00.000 +0200,0.92914,0.95453,0.89811,0.95406,422308899
2000-04-19 00:00:00.000 +0200,0.94936,0.97992,0.90093,0.9108,550575894
2000-04-20 00:00:00.000 +0200,0.93055,0.93854,0.88165,0.89481,746644171
2000-04-24 00:00:00.000 +0200,0.86519,0.90657,0.86331,0.90633,500518471
2000-04-25 00:00:00.000 +0200,0.9188,0.96864,0.91833,0.96535,443070834
2000-04-26 00:00:00.000 +0200,0.95265,0.96299,0.90281,0.91221,421684445
2000-04-27 00:00:00.000 +0200,0.88165,0.95547,0.87695,0.95359,369101580
2000-04-28 00:00:00.000 +0200,0.95641,0.95923,0.91268,0.93361,272749009
2000-05-01 00:00:00.000 +0200,0.93948,0.94137,0.91691,0.93525,256519603
2000-05-02 00:00:00.000 +0200,0.92726,0.94983,0.884,0.88776,263245465
2000-05-03 00:00:00.000 +0200,0.89481,0.91221,0.8398,0.86613,553300550
2000-05-04 00:00:00.000 +0200,0.86707,0.86707,0.83271,0.83318,457049405
2000-05-05 00:00:00.000 +0200,0.83369,0.86331,0.83298,0.85179,321795905
2000-05-08 00:00:00.000 +0200,0.84333,0.85532,0.82757,0.82898,207738521
2000-05-09 00:00:00.000 +0200,0.82993,0.83698,0.78902,0.79325,370577013
2000-05-10 00:00:00.000 +0200,0.7829,0.78996,0.74294,0.7467,611399083
2000-05-11 00:00:00.000 +0200,0.76269,0.78431,0.74482,0.7735,561129046
2000-05-12 00:00:00.000 +0200,0.79748,0.83134,0.78808,0.80594,346558838
2000-05-15 00:00:00.000 +0200,0.813,0.813,0.75328,0.75939,774250858
2000-05-16 00:00:00.000 +0200,0.7862,0.82052,0.77303,0.79466,494125148
2000-05-17 00:00:00.000 +0200,0.77961,0.78008,0.75516,0.7608,461413945
2000-05-18 00:00:00.000 +0200,0.77491,0.78949,0.75704,0.75798,420328496
2000-05-19 00:00:00.000 +0200,0.7467,0.7467,0.70579,0.70743,840989213
2000-05-22 00:00:00.000 +0200,0.70532,0.70532,0.64748,0.67711,879256530
2000-05-23 00:00:00.000 +0200,0.68087,0.7025,0.64419,0.6456,592711044
2000-05-24 00:00:00.000 +0200,0.64842,0.67522,0.62444,0.65971,772922079
2000-05-25 00:00:00.000 +0200,0.66582,0.69709,0.64701,0.65642,462237884
2000-05-26 00:00:00.000 +0200,0.66206,0.67617,0.64137,0.64983,208389861
2000-05-30 00:00:00.000 +0200,0.65924,0.663,0.61504,0.65877,840790434
2000-05-31 00:00:00.000 +0200,0.6536,0.68651,0.63056,0.63197,504293179
2000-06-01 00:00:00.000 +0200,0.61504,0.67381,0.60469,0.67052,1031914207
2000-06-02 00:00:00.000 +0200,0.70532,0.75046,0.67381,0.69591,908193211
2000-06-05 00:00:00.000 +0200,0.70203,0.7166,0.67475,0.68651,360608355
2000-06-06 00:00:00.000 +0200,0.69596,0.72789,0.68343,0.70282,605849477
2000-06-07 00:00:00.000 +0200,0.70438,0.72977,0.68933,0.72601,396204047
2000-06-08 00:00:00.000 +0200,0.73447,0.74105,0.70062,0.71331,281123046
2000-06-09 00:00:00.000 +0200,0.72789,0.73682,0.71002,0.72037,299053588
2000-06-12 00:00:00.000 +0200,0.72507,0.72554,0.68369,0.68651,341800288
2000-06-13 00:00:00.000 +0200,0.68604,0.71237,0.66347,0.71096,415756164
2000-06-14 00:00:00.000 +0200,0.71237,0.72413,0.67805,0.6804,325783478
2000-06-15 00:00:00.000 +0200,0.68651,0.7025,0.66958,0.6945,293378079
2000-06-16 00:00:00.000 +0200,0.70344,0.70532,0.67005,0.68581,321237550
2000-06-19 00:00:00.000 +0200,0.68134,0.73635,0.6757,0.72742,463208208
2000-06-20 00:00:00.000 +0200,0.74105,0.78196,0.74011,0.75986,581426247
2000-06-21 00:00:00.000 +0200,0.75986,0.85673,0.75704,0.83604,578887286
2000-06-22 00:00:00.000 +0200,0.83886,0.86707,0.80594,0.80783,530351886
2000-06-23 00:00:00.000 +0200,0.80924,0.82193,0.76457,0.77773,235106586
2000-06-26 00:00:00.000 +0200,0.78996,0.82381,0.78431,0.81817,217262025
2000-06-27 00:00:00.000 +0200,0.80924,0.8351,0.77679,0.77961,237087040
2000-06-28 00:00:00.000 +0200,0.80218,0.83322,0.77491,0.81911,335021454
2000-06-29 00:00:00.000 +0200,0.79842,0.81159,0.76833,0.77209,238755062
2000-06-30 00:00:00.000 +0200,0.79466,0.82663,0.77773,0.78808,344551607
2000-07-03 00:00:00.000 +0200,0.78431,0.81723,0.78431,0.80218,79339146
2000-07-05 00:00:00.000 +0200,0.80124,0.8304,0.76363,0.77679,311946716
2000-07-06 00:00:00.000 +0200,0.78996,0.79654,0.7467,0.77961,358627517
2000-07-07 00:00:00.000 +0200,0.79137,0.82475,0.78431,0.82005,304031250
2000-07-10 00:00:00.000 +0200,0.81394,0.87648,0.80877,0.85861,458376419
2000-07-11 00:00:00.000 +0200,0.85767,0.89152,0.83416,0.85673,411615621
2000-07-12 00:00:00.000 +0200,0.87459,0.88682,0.84826,0.88494,258181298
2000-07-13 00:00:00.000 +0200,0.88024,0.91221,0.82381,0.85108,514222392
2000-07-14 00:00:00.000 +0200,0.85955,0.88776,0.85579,0.86801,219275923
2000-07-17 00:00:00.000 +0200,0.87648,0.88494,0.85955,0.87742,297159609
2000-07-18 00:00:00.000 +0200,0.88024,0.88588,0.85579,0.85955,368703029
2000-07-19 00:00:00.000 +0200,0.8304,0.85485,0.77867,0.79184,525480497
2000-07-20 00:00:00.000 +0200,0.82757,0.85861,0.81441,0.82851,519014278
2000-07-21 00:00:00.000 +0200,0.8177,0.83698,0.79654,0.805,224060826
2000-07-24 00:00:00.000 +0200,0.7909,0.7956,0.7166,0.73165,466032924
2000-07-25 00:00:00.000 +0200,0.75704,0.76174,0.73823,0.75234,245327891
2000-07-26 00:00:00.000 +0200,0.74999,0.77115,0.74294,0.75234,244430594
2000-07-27 00:00:00.000 +0200,0.75234,0.80124,0.75046,0.78149,340570776
2000-07-28 00:00:00.000 +0200,0.78667,0.78996,0.70532,0.72695,273380469
2000-07-31 00:00:00.000 +0200,0.73964,0.77679,0.73353,0.76362,179141131
2000-08-01 00:00:00.000 +0200,0.7575,0.76974,0.74245,0.74245,156741578
2000-08-02 00:00:00.000 +0200,0.73729,0.7514,0.71002,0.71096,188385581
2000-08-03 00:00:00.000 +0200,0.68557,0.72319,0.66582,0.72131,388148956
2000-08-04 00:00:00.000 +0200,0.74435,0.77115,0.69686,0.71284,302130579
2000-08-07 00:00:00.000 +0200,0.72037,0.73823,0.71002,0.72131,221302899
2000-08-08 00:00:00.000 +0200,0.72131,0.72225,0.69685,0.70344,205904246
2000-08-09 00:00:00.000 +0200,0.72413,0.72883,0.71096,0.71472,449198710
2000-08-10 00:00:00.000 +0200,0.72225,0.72883,0.71284,0.71566,294195560
2000-08-11 00:00:00.000 +0200,0.70485,0.72225,0.68557,0.7166,282199483
2000-08-14 00:00:00.000 +0200,0.71613,0.71754,0.69686,0.70767,181633216
2000-08-15 00:00:00.000 +0200,0.71469,0.72131,0.70334,0.70618,134136069
2000-08-16 00:00:00.000 +0200,0.70532,0.73729,0.70438,0.72977,169770306
2000-08-17 00:00:00.000 +0200,0.72789,0.78902,0.72695,0.7782,315409198
2000-08-18 00:00:00.000 +0200,0.77303,0.77961,0.75046,0.75328,214085463
2000-08-21 00:00:00.000 +0200,0.7561,0.77585,0.7467,0.75892,158897583
2000-08-22 00:00:00.000 +0200,0.76174,0.79466,0.75798,0.77773,321450542
2000-08-23 00:00:00.000 +0200,0.77444,0.82381,0.76833,0.81817,278132130
2000-08-24 00:00:00.000 +0200,0.8224,0.85203,0.80312,0.84544,359504949
2000-08-25 00:00:00.000 +0200,0.85014,0.86519,0.84826,0.85485,392814213
2000-08-28 00:00:00.000 +0200,0.86143,0.88776,0.85861,0.87365,422781044
2000-08-29 00:00:00.000 +0200,0.87083,0.89434,0.86801,0.89058,315761498
2000-08-30 00:00:00.000 +0200,0.88776,0.90281,0.88306,0.89528,331126800
2000-08-31 00:00:00.000 +0200,0.88729,0.92538,0.88682,0.91785,482016319
2000-09-01 00:00:00.000 +0200,0.92346,0.95735,0.92064,0.95641,300173981
2000-09-05 00:00:00.000 +0200,0.94278,0.96488,0.93666,0.94042,344086559
2000-09-06 00:00:00.000 +0200,0.9235,0.93854,0.86895,0.8793,411004515
2000-09-07 00:00:00.000 +0200,0.88964,0.94137,0.87648,0.93337,250990277
2000-09-08 00:00:00.000 +0200,0.92726,0.92726,0.88024,0.88494,228360979
2000-09-11 00:00:00.000 +0200,0.88306,0.90845,0.8746,0.88024,215972878
2000-09-12 00:00:00.000 +0200,0.86284,0.90375,0.85767,0.86707,199803205
2000-09-13 00:00:00.000 +0200,0.85391,0.89528,0.85391,0.87177,351410371
2000-09-14 00:00:00.000 +0200,0.88118,0.89717,0.85485,0.85767,476838998
2000-09-15 00:00:00.000 +0200,0.86895,0.87554,0.81629,0.8304,384540126
2000-09-18 00:00:00.000 +0200,0.83134,0.91409,0.82851,0.91221,498843845
2000-09-19 00:00:00.000 +0200,0.89905,0.91033,0.88118,0.90093,306636740
2000-09-20 00:00:00.000 +0200,0.89387,0.92444,0.88118,0.91785,263664054
2000-09-21 00:00:00.000 +0200,0.88024,0.89716,0.83134,0.85202,587965908
2000-09-22 00:00:00.000 +0200,0.75704,0.78902,0.75234,0.78526,816558838
2000-09-25 00:00:00.000 +0200,0.79372,0.82475,0.79372,0.80406,495467376
2000-09-26 00:00:00.000 +0200,0.80218,0.82381,0.77303,0.7735,324108592
2000-09-27 00:00:00.000 +0200,0.77867,0.79372,0.72601,0.73635,456708657
2000-09-28 00:00:00.000 +0200,0.742,0.80971,0.72413,0.805,1149028040
2000-09-29 00:00:00.000 +0200,0.42413,0.43636,0.38181,0.38651,8610133368
2000-10-02 00:00:00.000 +0200,0.39921,0.4025,0.35401,0.36531,2273768928
2000-10-03 00:00:00.000 +0200,0.37523,0.37617,0.33385,0.33479,2327170399
2000-10-04 00:00:00.000 +0200,0.33667,0.35736,0.32915,0.35548,1674522576
2000-10-05 00:00:00.000 +0200,0.36191,0.36865,0.33881,0.33977,976242259
2000-10-06 00:00:00.000 +0200,0.3494,0.35325,0.33785,0.3417,685224065
2000-10-09 00:00:00.000 +0200,0.34043,0.3442,0.31786,0.32727,696633386
2000-10-10 00:00:00.000 +0200,0.32539,0.33761,0.30846,0.31504,785767643
2000-10-11 00:00:00.000 +0200,0.30554,0.31598,0.29131,0.2989,1316363549
2000-10-12 00:00:00.000 +0200,0.30564,0.31316,0.29341,0.30094,1312557763
2000-10-13 00:00:00.000 +0200,0.3047,0.33291,0.30094,0.3315,1431242406
2000-10-16 00:00:00.000 +0200,0.33573,0.34984,0.32163,0.32351,899931357
2000-10-17 00:00:00.000 +0200,0.32539,0.33009,0.29623,0.30376,674170195
2000-10-18 00:00:00.000 +0200,0.29247,0.31692,0.28213,0.30188,878034240
2000-10-19 00:00:00.000 +0200,0.28824,0.29812,0.27554,0.28495,1669010891
2000-10-20 00:00:00.000 +0200,0.28683,0.30658,0.28495,0.29341,895566177
2000-10-23 00:00:00.000 +0200,0.30094,0.3094,0.29247,0.3047,613950236
2000-10-24 00:00:00.000 +0200,0.31128,0.3141,0.28307,0.28495,900702995
2000-10-25 00:00:00.000 +0200,0.28683,0.28871,0.27743,0.27837,703950217
2000-10-26 00:00:00.000 +0200,0.28307,0.28401,0.26332,0.27931,796992316
2000-10-27 00:00:00.000 +0200,0.28401,0.28871,0.26896,0.27931,842052509
2000-10-30 00:00:00.000 +0200,0.28777,0.3,0.28213,0.29059,732607218
2000-10-31 00:00:00.000 +0200,0.29717,0.3047,0.28965,0.29388,945530430
2000-11-01 00:00:00.000 +0200,0.29247,0.3141,0.29247,0.30846,584642583
2000-11-02 00:00:00.000 +0200,0.31786,0.33761,0.31692,0.33573,628804293
2000-11-03 00:00:00.000 +0200,0.34608,0.34608,0.33009,0.33573,549499291
2000-11-06 00:00:00.000 +0200,0.33761,0.34043,0.3141,0.32163,432882606
2000-11-07 00:00:00.000 +0200,0.32351,0.32821,0.31316,0.32069,340803260
2000-11-08 00:00:00.000 +0200,0.32163,0.32257,0.29812,0.30094,476738703
2000-11-09 00:00:00.000 +0200,0.29905,0.30846,0.28683,0.30376,509696985
2000-11-10 00:00:00.000 +0200,0.29106,0.29906,0.28683,0.28683,471468521
2000-11-13 00:00:00.000 +0200,0.28213,0.30094,0.2746,0.29059,471615114
2000-11-14 00:00:00.000 +0200,0.3,0.30846,0.29435,0.30282,450581392
2000-11-15 00:00:00.000 +0200,0.30141,0.30376,0.28965,0.3,318858687
2000-11-16 00:00:00.000 +0200,0.29341,0.29812,0.28401,0.28683,266800639
2000-11-17 00:00:00.000 +0200,0.28871,0.28965,0.2746,0.27743,483538023
2000-11-20 00:00:00.000 +0200,0.28025,0.29341,0.2746,0.28495,464298392
2000-11-21 00:00:00.000 +0200,0.28871,0.29341,0.28213,0.28307,337899247
2000-11-22 00:00:00.000 +0200,0.28307,0.28777,0.27649,0.27837,316904445
2000-11-24 00:00:00.000 +0200,0.28354,0.29341,0.28307,0.29059,179473540
2000-11-27 00:00:00.000 +0200,0.29906,0.3,0.27837,0.28025,288991528
2000-11-28 00:00:00.000 +0200,0.28119,0.28589,0.2699,0.27178,304602815
2000-11-29 00:00:00.000 +0200,0.27225,0.27554,0.25956,0.2652,555068148
2000-11-30 00:00:00.000 +0200,0.25109,0.2558,0.24263,0.24921,871203296
2000-12-01 00:00:00.000 +0200,0.2558,0.26332,0.25297,0.25674,415018462
2000-12-04 00:00:00.000 +0200,0.25862,0.25862,0.24733,0.2525,419012258
2000-12-05 00:00:00.000 +0200,0.25486,0.26238,0.24639,0.2558,667178144
2000-12-06 00:00:00.000 +0200,0.22284,0.2257,0.21332,0.21713,1464778062
2000-12-07 00:00:00.000 +0200,0.21724,0.22382,0.21066,0.21536,457452727
2000-12-08 00:00:00.000 +0200,0.22288,0.2304,0.21724,0.22664,487258945
2000-12-11 00:00:00.000 +0200,0.22852,0.23134,0.22382,0.22758,365226581
2000-12-12 00:00:00.000 +0200,0.22946,0.24075,0.2257,0.23228,441522836
2000-12-13 00:00:00.000 +0200,0.23417,0.23417,0.22382,0.22476,380565660
2000-12-14 00:00:00.000 +0200,0.22617,0.22946,0.21724,0.21724,294946976
2000-12-15 00:00:00.000 +0200,0.21912,0.221,0.21066,0.21348,527500438
2000-12-18 00:00:00.000 +0200,0.21912,0.22006,0.20971,0.21442,361485233
2000-12-19 00:00:00.000 +0200,0.2163,0.22946,0.21065,0.21065,420462173
2000-12-20 00:00:00.000 +0200,0.20736,0.22006,0.20501,0.21536,623115173
2000-12-21 00:00:00.000 +0200,0.21442,0.2257,0.20877,0.2116,395021107
2000-12-22 00:00:00.000 +0200,0.21254,0.2257,0.21254,0.2257,356720572
2000-12-26 00:00:00.000 +0200,0.22382,0.2257,0.21442,0.221,251628459
2000-12-27 00:00:00.000 +0200,0.21583,0.22288,0.21348,0.22288,378239822
2000-12-28 00:00:00.000 +0200,0.2163,0.22476,0.21536,0.22194,358315508
2000-12-29 00:00:00.000 +0200,0.221,0.2257,0.21818,0.22288,731205833
2001-01-02 00:00:00.000 +0200,0.22382,0.22946,0.21912,0.22476,516070771
2001-01-03 00:00:00.000 +0200,0.21818,0.25109,0.21724,0.24639,908878042
2001-01-04 00:00:00.000 +0200,0.27272,0.27837,0.25297,0.25674,763564686
2001-01-05 00:00:00.000 +0200,0.25486,0.26144,0.24169,0.24639,451996316
2001-01-08 00:00:00.000 +0200,0.25509,0.25556,0.24003,0.25038,408415741
2001-01-09 00:00:00.000 +0200,0.2532,0.26543,0.24943,0.2579,638135292
2001-01-10 00:00:00.000 +0200,0.25484,0.2558,0.2453,0.25389,614824276
2001-01-11 00:00:00.000 +0200,0.24451,0.27837,0.24451,0.2699,878333480
2001-01-12 00:00:00.000 +0200,0.26896,0.27084,0.25768,0.25862,439474954
2001-01-16 00:00:00.000 +0200,0.26238,0.26332,0.2558,0.25674,324101740
2001-01-17 00:00:00.000 +0200,0.26426,0.26426,0.24827,0.25203,857784041
2001-01-18 00:00:00.000 +0200,0.26802,0.28213,0.2652,0.28213,1285717034
2001-01-19 00:00:00.000 +0200,0.29247,0.29435,0.28119,0.29247,806264936
2001-01-22 00:00:00.000 +0200,0.28683,0.29529,0.27743,0.28918,527494912
2001-01-23 00:00:00.000 +0200,0.29059,0.31504,0.28683,0.3094,925931341
2001-01-24 00:00:00.000 +0200,0.31034,0.31128,0.29435,0.3094,724306460
2001-01-25 00:00:00.000 +0200,0.3094,0.3094,0.29717,0.29906,469760328
2001-01-26 00:00:00.000 +0200,0.29341,0.29811,0.28683,0.29435,533342159
2001-01-29 00:00:00.000 +0200,0.29435,0.32727,0.29435,0.32633,958575824
2001-01-30 00:00:00.000 +0200,0.32445,0.33103,0.3141,0.32727,730354851
2001-01-31 00:00:00.000 +0200,0.32351,0.33855,0.32257,0.32633,746915529
2001-02-01 00:00:00.000 +0200,0.31128,0.32351,0.30846,0.31786,385144573
2001-02-02 00:00:00.000 +0200,0.31786,0.33009,0.30846,0.31128,481278410
2001-02-05 00:00:00.000 +0200,0.30846,0.3094,0.29717,0.30376,371925712
2001-02-06 00:00:00.000 +0200,0.30262,0.32186,0.30028,0.31717,547826378
2001-02-07 00:00:00.000 +0200,0.31081,0.3141,0.29811,0.31128,464922623
2001-02-08 00:00:00.000 +0200,0.3094,0.31692,0.30376,0.31175,712995636
2001-02-09 00:00:00.000 +0200,0.30846,0.31316,0.28119,0.28871,692066928
2001-02-12 00:00:00.000 +0200,0.28683,0.30094,0.28307,0.29623,319277049
2001-02-13 00:00:00.000 +0200,0.3,0.30752,0.28589,0.2873,269758595
2001-02-14 00:00:00.000 +0200,0.28871,0.29529,0.27837,0.29435,352660006
2001-02-15 00:00:00.000 +0200,0.29623,0.3094,0.29623,0.30188,358201971
2001-02-16 00:00:00.000 +0200,0.28589,0.29341,0.28213,0.28589,286293653
2001-02-20 00:00:00.000 +0200,0.28871,0.29247,0.27366,0.27554,349190661
2001-02-21 00:00:00.000 +0200,0.2746,0.3,0.2746,0.28401,433494011
2001-02-22 00:00:00.000 +0200,0.28683,0.29153,0.27084,0.28213,502166633
2001-02-23 00:00:00.000 +0200,0.28025,0.28401,0.2746,0.28307,339952125
2001-02-26 00:00:00.000 +0200,0.28683,0.29623,0.27931,0.29529,235750701
2001-02-27 00:00:00.000 +0200,0.29012,0.29247,0.28119,0.29059,399367642
2001-02-28 00:00:00.000 +0200,0.29153,0.29247,0.27272,0.27554,562106535
2001-03-01 00:00:00.000 +0200,0.26802,0.28213,0.25862,0.28213,378340219
2001-03-02 00:00:00.000 +0200,0.27601,0.30752,0.2746,0.29059,467721179
2001-03-05 00:00:00.000 +0200,0.29153,0.30846,0.28777,0.30611,358089820
2001-03-06 00:00:00.000 +0200,0.31175,0.33197,0.31128,0.32257,847429936
2001-03-07 00:00:00.000 +0200,0.32069,0.32539,0.31222,0.31974,476399996
2001-03-08 00:00:00.000 +0200,0.31128,0.31786,0.30752,0.31316,237472535
2001-03-09 00:00:00.000 +0200,0.31034,0.31128,0.30094,0.30376,344139279
2001-03-12 00:00:00.000 +0200,0.29623,0.29906,0.27272,0.28119,448825970
2001-03-13 00:00:00.000 +0200,0.28401,0.29435,0.27366,0.29341,514581718
2001-03-14 00:00:00.000 +0200,0.27837,0.30846,0.27743,0.30564,542335282
2001-03-15 00:00:00.000 +0200,0.3141,0.32162,0.29623,0.29717,595263460
2001-03-16 00:00:00.000 +0200,0.28589,0.30564,0.28401,0.29435,494524077
2001-03-19 00:00:00.000 +0200,0.29717,0.31034,0.29341,0.3094,402649981
2001-03-20 00:00:00.000 +0200,0.31175,0.31504,0.29623,0.2967,567775105
2001-03-21 00:00:00.000 +0200,0.29764,0.3141,0.29153,0.30188,433587148
2001-03-22 00:00:00.000 +0200,0.30658,0.32727,0.30376,0.32539,836343354
2001-03-23 00:00:00.000 +0200,0.33197,0.35454,0.33103,0.34514,1065163743
2001-03-26 00:00:00.000 +0200,0.34803,0.35736,0.31794,0.32787,825857150
2001-03-27 00:00:00.000 +0200,0.33013,0.34683,0.32952,0.34397,612894630
2001-03-28 00:00:00.000 +0200,0.33521,0.33855,0.32641,0.33658,673051164
2001-03-29 00:00:00.000 +0200,0.32757,0.35285,0.32606,0.339,679413552
2001-03-30 00:00:00.000 +0200,0.33931,0.34186,0.3211,0.33178,436039850
2001-04-02 00:00:00.000 +0200,0.33238,0.34096,0.322,0.32456,375920311
2001-04-03 00:00:00.000 +0200,0.322,0.322,0.30346,0.30512,426189529
2001-04-04 00:00:00.000 +0200,0.29732,0.3047,0.28273,0.29341,789137915
2001-04-05 00:00:00.000 +0200,0.30996,0.32576,0.30094,0.31403,513677351
2001-04-06 00:00:00.000 +0200,0.31297,0.31658,0.29943,0.30966,381264157
2001-04-09 00:00:00.000 +0200,0.31132,0.3211,0.30184,0.30891,297292693
2001-04-10 00:00:00.000 +0200,0.31448,0.34156,0.31267,0.33103,524736213
2001-04-11 00:00:00.000 +0200,0.34577,0.34608,0.3202,0.32787,377835041
2001-04-12 00:00:00.000 +0200,0.3223,0.34638,0.31824,0.3372,351949017
2001-04-16 00:00:00.000 +0200,0.33238,0.33705,0.31598,0.32245,322380850
2001-04-17 00:00:00.000 +0200,0.31899,0.31914,0.29492,0.30695,752405878
2001-04-18 00:00:00.000 +0200,0.32728,0.36233,0.31984,0.34564,1213465972
2001-04-19 00:00:00.000 +0200,0.38445,0.38745,0.3551,0.38685,2147037416
2001-04-20 00:00:00.000 +0200,0.37512,0.38565,0.37015,0.37677,700487079
2001-04-23 00:00:00.000 +0200,0.36609,0.37617,0.36112,0.36489,537003911
2001-04-24 00:00:00.000 +0200,0.36243,0.37241,0.35021,0.35796,422889641
2001-04-25 00:00:00.000 +0200,0.36458,0.37406,0.35494,0.37256,356877910
2001-04-26 00:00:00.000 +0200,0.37873,0.39272,0.37135,0.37181,848972164
2001-04-27 00:00:00.000 +0200,0.37918,0.39558,0.37241,0.39423,448368056
2001-04-30 00:00:00.000 +0200,0.40175,0.40807,0.37421,0.38354,540360392
2001-05-01 00:00:00.000 +0200,0.38234,0.39874,0.37918,0.39016,467129538
2001-05-02 00:00:00.000 +0200,0.39633,0.40175,0.38761,0.39994,402822890
2001-05-03 00:00:00.000 +0200,0.39077,0.39498,0.37211,0.37512,327863766
2001-05-04 00:00:00.000 +0200,0.36473,0.38896,0.36052,0.38685,307168448
2001-05-07 00:00:00.000 +0200,0.3855,0.38761,0.37376,0.37557,314093384
2001-05-08 00:00:00.000 +0200,0.38144,0.38294,0.36037,0.37015,354573943
2001-05-09 00:00:00.000 +0200,0.36323,0.3694,0.35616,0.36037,362827820
2001-05-10 00:00:00.000 +0200,0.36428,0.36865,0.34532,0.34593,325577707
2001-05-11 00:00:00.000 +0200,0.34623,0.35345,0.34246,0.34397,232182437
2001-05-14 00:00:00.000 +0200,0.34442,0.35631,0.34231,0.35089,354547339
2001-05-15 00:00:00.000 +0200,0.35164,0.36398,0.34668,0.34909,271513024
2001-05-16 00:00:00.000 +0200,0.34999,0.36865,0.34382,0.36278,368988753
2001-05-17 00:00:00.000 +0200,0.36458,0.36609,0.34984,0.35405,372770600
2001-05-18 00:00:00.000 +0200,0.35149,0.35571,0.34788,0.3539,174256240
2001-05-21 00:00:00.000 +0200,0.35556,0.35977,0.34683,0.35435,518861455
2001-05-22 00:00:00.000 +0200,0.36112,0.36308,0.3521,0.3536,450228514
2001-05-23 00:00:00.000 +0200,0.35736,0.35736,0.34397,0.34954,320779186
2001-05-24 00:00:00.000 +0200,0.35044,0.35059,0.34036,0.35044,295810646
2001-05-25 00:00:00.000 +0200,0.34909,0.35044,0.33931,0.34247,180031617
2001-05-29 00:00:00.000 +0200,0.33795,0.33855,0.31508,0.32462,565774189
2001-05-30 00:00:00.000 +0200,0.31237,0.31237,0.2904,0.29732,885258776
2001-05-31 00:00:00.000 +0200,0.29793,0.30455,0.29326,0.30033,499401263
2001-06-01 00:00:00.000 +0200,0.30289,0.31734,0.30063,0.31433,508633343
2001-06-04 00:00:00.000 +0200,0.31719,0.31764,0.30786,0.31072,326076185
2001-06-05 00:00:00.000 +0200,0.31297,0.31749,0.3062,0.31508,528836312
2001-06-06 00:00:00.000 +0200,0.31493,0.31493,0.3059,0.31207,244211433
2001-06-07 00:00:00.000 +0200,0.31162,0.32652,0.30771,0.32606,359611304
2001-06-08 00:00:00.000 +0200,0.32576,0.32576,0.31162,0.3208,373873767
2001-06-11 00:00:00.000 +0200,0.31673,0.31704,0.30018,0.30169,339122094
2001-06-12 00:00:00.000 +0200,0.29747,0.31132,0.29732,0.3056,345881238
2001-06-13 00:00:00.000 +0200,0.3223,0.32697,0.30184,0.30801,564152666
2001-06-14 00:00:00.000 +0200,0.30154,0.30771,0.29748,0.29913,339626600
2001-06-15 00:00:00.000 +0200,0.30244,0.31222,0.29116,0.30726,469228794
2001-06-18 00:00:00.000 +0200,0.3071,0.31373,0.30094,0.3059,378791987
2001-06-19 00:00:00.000 +0200,0.31373,0.322,0.30109,0.30379,365054508
2001-06-20 00:00:00.000 +0200,0.30094,0.32877,0.30064,0.32606,481716462
2001-06-21 00:00:00.000 +0200,0.32426,0.34608,0.31749,0.3384,384387606
2001-06-22 00:00:00.000 +0200,0.33825,0.34608,0.32742,0.33479,317031134
2001-06-25 00:00:00.000 +0200,0.33855,0.36112,0.3378,0.36097,503596070
2001-06-26 00:00:00.000 +0200,0.35119,0.35766,0.34623,0.35721,308098970
2001-06-27 00:00:00.000 +0200,0.35856,0.36112,0.33855,0.35074,416813384
2001-06-28 00:00:00.000 +0200,0.34683,0.35977,0.34517,0.3542,402730412
2001-06-29 00:00:00.000 +0200,0.35601,0.37767,0.353,0.36368,619467781
2001-07-02 00:00:00.000 +0200,0.35571,0.36458,0.34818,0.35962,267006690
2001-07-03 00:00:00.000 +0200,0.35375,0.36383,0.3536,0.35811,126737875
2001-07-05 00:00:00.000 +0200,0.3551,0.35766,0.34623,0.34758,165716445
2001-07-06 00:00:00.000 +0200,0.34247,0.34547,0.32682,0.33163,333579305
2001-07-09 00:00:00.000 +0200,0.33238,0.34608,0.32621,0.34141,368869379
2001-07-10 00:00:00.000 +0200,0.34532,0.34713,0.31358,0.31854,422748055
2001-07-11 00:00:00.000 +0200,0.31643,0.33931,0.31598,0.33916,543643225
2001-07-12 00:00:00.000 +0200,0.35059,0.37331,0.35059,0.36669,698905779
2001-07-13 00:00:00.000 +0200,0.36308,0.37632,0.35872,0.37376,518024031
2001-07-16 00:00:00.000 +0200,0.37436,0.37767,0.35977,0.36052,314266426
2001-07-17 00:00:00.000 +0200,0.36097,0.37948,0.34623,0.37737,737685244
2001-07-18 00:00:00.000 +0200,0.32772,0.33103,0.30771,0.31267,1280744331
2001-07-19 00:00:00.000 +0200,0.31944,0.3223,0.29717,0.30018,953451962
2001-07-20 00:00:00.000 +0200,0.29642,0.30184,0.29326,0.30063,510102042
2001-07-23 00:00:00.000 +0200,0.30229,0.30846,0.29356,0.29371,275421080
2001-07-24 00:00:00.000 +0200,0.29176,0.29973,0.28183,0.28739,402796960
2001-07-25 00:00:00.000 +0200,0.28844,0.2904,0.27155,0.27879,490803048
2001-07-26 00:00:00.000 +0200,0.27806,0.28288,0.26859,0.27987,419405248
2001-07-27 00:00:00.000 +0200,0.28213,0.28965,0.27837,0.28438,380167199
2001-07-30 00:00:00.000 +0200,0.28769,0.29131,0.27852,0.28484,279468303
2001-07-31 00:00:00.000 +0200,0.28995,0.29221,0.27852,0.28258,259556723
2001-08-01 00:00:00.000 +0200,0.28604,0.29763,0.28514,0.28679,349184281
2001-08-02 00:00:00.000 +0200,0.29567,0.29898,0.2898,0.29808,286592827
2001-08-03 00:00:00.000 +0200,0.29928,0.29943,0.28589,0.29356,213447399
2001-08-06 00:00:00.000 +0200,0.28649,0.29582,0.28589,0.28784,114489622
2001-08-07 00:00:00.000 +0200,0.29085,0.29597,0.28559,0.28965,185900012
2001-08-08 00:00:00.000 +0200,0.2898,0.29642,0.27897,0.28438,315409056
2001-08-09 00:00:00.000 +0200,0.28529,0.28815,0.28168,0.28664,221136881
2001-08-10 00:00:00.000 +0200,0.28649,0.2907,0.27972,0.28619,214995936
2001-08-13 00:00:00.000 +0200,0.28739,0.29085,0.28228,0.28724,170295149
2001-08-14 00:00:00.000 +0200,0.2889,0.29131,0.28092,0.28198,264734238
2001-08-15 00:00:00.000 +0200,0.28228,0.28499,0.27385,0.27716,333971674
2001-08-16 00:00:00.000 +0200,0.2749,0.28213,0.27039,0.28062,328808021
2001-08-17 00:00:00.000 +0200,0.27084,0.27761,0.27069,0.2719,236130202
2001-08-20 00:00:00.000 +0200,0.2734,0.2743,0.26843,0.27325,281290389
2001-08-21 00:00:00.000 +0200,0.27295,0.27295,0.26633,0.26979,205365669
2001-08-22 00:00:00.000 +0200,0.26994,0.2746,0.26497,0.27415,183454187
2001-08-23 00:00:00.000 +0200,0.27385,0.27596,0.26452,0.26798,219289253
2001-08-24 00:00:00.000 +0200,0.27084,0.28017,0.26558,0.27942,289363899
2001-08-27 00:00:00.000 +0200,0.27987,0.2904,0.27325,0.28454,190658421
2001-08-28 00:00:00.000 +0200,0.28438,0.288,0.27686,0.27686,178369999
2001-08-29 00:00:00.000 +0200,0.27746,0.28333,0.26828,0.26828,252452348
2001-08-30 00:00:00.000 +0200,0.26693,0.27355,0.26001,0.26828,378625225
2001-08-31 00:00:00.000 +0200,0.26678,0.27987,0.26558,0.27822,237093563
2001-09-04 00:00:00.000 +0200,0.27837,0.28709,0.27355,0.2749,376512214
2001-09-05 00:00:00.000 +0200,0.27445,0.28514,0.27265,0.27912,395379664
2001-09-06 00:00:00.000 +0200,0.27686,0.28484,0.26558,0.26663,293384312
2001-09-07 00:00:00.000 +0200,0.26332,0.27235,0.2588,0.26001,263391867
2001-09-10 00:00:00.000 +0200,0.25594,0.26332,0.25474,0.26151,330100841
2001-09-17 00:00:00.000 +0200,0.24075,0.25685,0.23699,0.2558,494291842
2001-09-18 00:00:00.000 +0200,0.25428,0.26663,0.24329,0.24495,353277228
2001-09-19 00:00:00.000 +0200,0.24856,0.2573,0.235,0.25685,414586217
2001-09-20 00:00:00.000 +0200,0.24511,0.25504,0.23323,0.23593,443542062
2001-09-21 00:00:00.000 +0200,0.2257,0.24451,0.22089,0.23669,550202580
2001-09-24 00:00:00.000 +0200,0.24235,0.25339,0.23994,0.24731,338046184
2001-09-25 00:00:00.000 +0200,0.24286,0.24406,0.23097,0.23398,401998961
2001-09-26 00:00:00.000 +0200,0.23819,0.23909,0.22493,0.22825,510203194
2001-09-27 00:00:00.000 +0200,0.22946,0.23699,0.22871,0.23323,351549869
2001-09-28 00:00:00.000 +0200,0.23653,0.23939,0.23172,0.23337,397668641
2001-10-01 00:00:00.000 +0200,0.23381,0.2406,0.22988,0.23441,240565608
2001-10-02 00:00:00.000 +0200,0.23217,0.23819,0.2248,0.22645,260154603
2001-10-03 00:00:00.000 +0200,0.22495,0.23112,0.22314,0.2254,751308426
2001-10-04 00:00:00.000 +0200,0.23097,0.24451,0.22569,0.23894,452560556
2001-10-05 00:00:00.000 +0200,0.23172,0.24301,0.22555,0.24286,376279157
2001-10-08 00:00:00.000 +0200,0.23457,0.24601,0.23351,0.24436,235177577
2001-10-09 00:00:00.000 +0200,0.2415,0.24376,0.23518,0.2409,199052119
2001-10-10 00:00:00.000 +0200,0.24225,0.25354,0.24,0.25309,352546733
2001-10-11 00:00:00.000 +0200,0.25459,0.26693,0.25354,0.26693,379967537
2001-10-12 00:00:00.000 +0200,0.26046,0.27205,0.25369,0.27114,327172614
2001-10-15 00:00:00.000 +0200,0.26994,0.27611,0.26407,0.27084,365147482
2001-10-16 00:00:00.000 +0200,0.2722,0.27385,0.26738,0.27069,217076017
2001-10-17 00:00:00.000 +0200,0.27596,0.27701,0.25519,0.25549,326561142
2001-10-18 00:00:00.000 +0200,0.26016,0.2743,0.26016,0.27084,701457598
2001-10-19 00:00:00.000 +0200,0.26994,0.27686,0.26904,0.27521,182823140
2001-10-22 00:00:00.000 +0200,0.274,0.28694,0.2722,0.28604,451125521
2001-10-23 00:00:00.000 +0200,0.28799,0.29221,0.26916,0.27323,745934042
2001-10-24 00:00:00.000 +0200,0.27175,0.28724,0.26708,0.28514,436458085
2001-10-25 00:00:00.000 +0200,0.27746,0.28965,0.27325,0.28709,296514915
2001-10-26 00:00:00.000 +0200,0.28378,0.28965,0.28017,0.28107,308956076
2001-10-29 00:00:00.000 +0200,0.27942,0.28092,0.26407,0.26512,277833104
2001-10-30 00:00:00.000 +0200,0.26166,0.27084,0.25729,0.26497,316900937
2001-10-31 00:00:00.000 +0200,0.26678,0.27686,0.26242,0.26422,322706869
2001-11-01 00:00:00.000 +0200,0.26558,0.28258,0.25956,0.27987,358807429
2001-11-02 00:00:00.000 +0200,0.27867,0.28378,0.27325,0.27957,227682807
2001-11-05 00:00:00.000 +0200,0.28348,0.28965,0.28002,0.28845,251309311
2001-11-06 00:00:00.000 +0200,0.28529,0.29522,0.27882,0.29447,373641067
2001-11-07 00:00:00.000 +0200,0.29281,0.30289,0.29087,0.29477,451857274
2001-11-08 00:00:00.000 +0200,0.29528,0.29928,0.27934,0.28129,401401914
2001-11-09 00:00:00.000 +0200,0.27987,0.28965,0.27912,0.28153,156797475
2001-11-12 00:00:00.000 +0200,0.28077,0.28845,0.27024,0.28183,237652244
2001-11-13 00:00:00.000 +0200,0.28709,0.29176,0.28153,0.29131,247122387
2001-11-14 00:00:00.000 +0200,0.29477,0.29943,0.28815,0.29507,258965564
2001-11-15 00:00:00.000 +0200,0.29266,0.29943,0.28935,0.29281,246471120
2001-11-16 00:00:00.000 +0200,0.29009,0.29025,0.27686,0.28529,257144597
2001-11-19 00:00:00.000 +0200,0.28589,0.30169,0.28529,0.30094,363970879
2001-11-20 00:00:00.000 +0200,0.29823,0.30395,0.29341,0.29401,304643129
2001-11-21 00:00:00.000 +0200,0.29507,0.29793,0.2898,0.29612,232853841
2001-11-23 00:00:00.000 +0200,0.29657,0.30018,0.29447,0.29853,68512925
2001-11-26 00:00:00.000 +0200,0.30003,0.32426,0.29913,0.32155,541311534
2001-11-27 00:00:00.000 +0200,0.31899,0.32381,0.30861,0.31598,307367359
2001-11-28 00:00:00.000 +0200,0.31373,0.31914,0.30711,0.30891,292720041
2001-11-29 00:00:00.000 +0200,0.30996,0.31147,0.3038,0.30665,231610629
2001-11-30 00:00:00.000 +0200,0.30801,0.3226,0.3047,0.3205,354228296
2001-12-03 00:00:00.000 +0200,0.31689,0.3202,0.30996,0.31689,215168740
2001-12-04 00:00:00.000 +0200,0.31674,0.33946,0.31177,0.3372,436205791
2001-12-05 00:00:00.000 +0200,0.33687,0.36157,0.334,0.35781,630781397
2001-12-06 00:00:00.000 +0200,0.3533,0.3536,0.33314,0.34292,401148231
2001-12-07 00:00:00.000 +0200,0.33795,0.34171,0.33103,0.33916,231683640
2001-12-10 00:00:00.000 +0200,0.33539,0.34593,0.33449,0.33916,193383172
2001-12-11 00:00:00.000 +0200,0.34111,0.34382,0.32591,0.32772,242789057
2001-12-12 00:00:00.000 +0200,0.32907,0.32983,0.31974,0.32321,212862287
2001-12-13 00:00:00.000 +0200,0.32336,0.32426,0.30846,0.31583,226274203
2001-12-14 00:00:00.000 +0200,0.31179,0.31342,0.30216,0.30667,200587874
2001-12-17 00:00:00.000 +0200,0.30695,0.31598,0.30379,0.31147,196845858
2001-12-18 00:00:00.000 +0200,0.31433,0.32095,0.30425,0.31613,271971404
2001-12-19 00:00:00.000 +0200,0.30966,0.32621,0.30801,0.32471,333326547
2001-12-20 00:00:00.000 +0200,0.322,0.32305,0.31027,0.31102,253037083
2001-12-21 00:00:00.000 +0200,0.31613,0.32411,0.31297,0.31598,243147885
2001-12-24 00:00:00.000 +0200,0.31448,0.32275,0.31448,0.3214,58510769
2001-12-26 00:00:00.000 +0200,0.32402,0.33554,0.32085,0.32706,169785661
2001-12-27 00:00:00.000 +0200,0.32471,0.33479,0.32471,0.33208,217641204
2001-12-28 00:00:00.000 +0200,0.33058,0.34608,0.33043,0.33735,341056191
2001-12-31 00:00:00.000 +0200,0.3387,0.34096,0.32847,0.32952,161921451
2002-01-02 00:00:00.000 +0200,0.33178,0.35059,0.33043,0.34984,555095446
2002-01-03 00:00:00.000 +0200,0.34608,0.35736,0.34262,0.35435,712989311
2002-01-04 00:00:00.000 +0200,0.35119,0.36037,0.34593,0.35646,453345112
2002-01-07 00:00:00.000 +0200,0.35691,0.36112,0.34231,0.34472,513438662
2002-01-08 00:00:00.000 +0200,0.34231,0.34683,0.33795,0.34066,510241661
2002-01-09 00:00:00.000 +0200,0.34307,0.34502,0.3202,0.32591,364376842
2002-01-10 00:00:00.000 +0200,0.31916,0.3229,0.30471,0.31931,517935481
2002-01-11 00:00:00.000 +0200,0.32185,0.32862,0.30996,0.31689,400935858
2002-01-14 00:00:00.000 +0200,0.31613,0.322,0.31448,0.31839,463048519
2002-01-15 00:00:00.000 +0200,0.3208,0.32742,0.31914,0.32621,322367877
2002-01-16 00:00:00.000 +0200,0.32215,0.32215,0.30846,0.31267,620910101
2002-01-17 00:00:00.000 +0200,0.33053,0.34216,0.32907,0.33825,768748905
2002-01-18 00:00:00.000 +0200,0.33103,0.34006,0.33043,0.33359,375974065
2002-01-22 00:00:00.000 +0200,0.33509,0.3366,0.32832,0.32832,384254751
2002-01-23 00:00:00.000 +0200,0.32802,0.34668,0.32486,0.34608,509974954
2002-01-24 00:00:00.000 +0200,0.34472,0.35375,0.34457,0.34939,387139192
2002-01-25 00:00:00.000 +0200,0.34442,0.3524,0.34096,0.35059,209745782
2002-01-28 00:00:00.000 +0200,0.3521,0.35435,0.34186,0.35044,209592590
2002-01-29 00:00:00.000 +0200,0.34939,0.3542,0.34382,0.34713,268954342
2002-01-30 00:00:00.000 +0200,0.34713,0.36323,0.34517,0.36323,526770402
2002-01-31 00:00:00.000 +0200,0.36368,0.37211,0.36293,0.37196,533592081
2002-02-01 00:00:00.000 +0200,0.36624,0.37557,0.36624,0.36865,467794135
2002-02-04 00:00:00.000 +0200,0.36607,0.38399,0.36426,0.38142,577793218
2002-02-05 00:00:00.000 +0200,0.37796,0.39092,0.37781,0.38353,500026342
2002-02-06 00:00:00.000 +0200,0.38527,0.39092,0.36489,0.37151,654663720
2002-02-07 00:00:00.000 +0200,0.3709,0.38053,0.36534,0.36534,396323577
2002-02-08 00:00:00.000 +0200,0.36722,0.37075,0.35164,0.36142,388401548
2002-02-11 00:00:00.000 +0200,0.36007,0.37617,0.35721,0.37587,464762798
2002-02-12 00:00:00.000 +0200,0.37105,0.37677,0.36789,0.37196,258034866
2002-02-13 00:00:00.000 +0200,0.37344,0.37978,0.37223,0.37767,354938657
2002-02-14 00:00:00.000 +0200,0.37692,0.37963,0.36684,0.3703,295743755
2002-02-15 00:00:00.000 +0200,0.3691,0.37587,0.35887,0.3599,286433285
2002-02-19 00:00:00.000 +0200,0.35706,0.35917,0.33783,0.33993,456670141
2002-02-20 00:00:00.000 +0200,0.34262,0.34909,0.3363,0.34818,326122321
2002-02-21 00:00:00.000 +0200,0.34487,0.34608,0.32275,0.32275,512753960
2002-02-22 00:00:00.000 +0200,0.32591,0.34532,0.32351,0.34216,464424807
2002-02-25 00:00:00.000 +0200,0.34382,0.37196,0.33645,0.35826,494908773
2002-02-26 00:00:00.000 +0200,0.35977,0.36669,0.34984,0.35601,299957181
2002-02-27 00:00:00.000 +0200,0.36022,0.36489,0.31508,0.33073,1147392718
2002-02-28 00:00:00.000 +0200,0.33329,0.33991,0.32125,0.32652,511802931
2002-03-01 00:00:00.000 +0200,0.32998,0.3536,0.32832,0.353,401241340
2002-03-04 00:00:00.000 +0200,0.35056,0.36985,0.34302,0.36638,377677154
2002-03-05 00:00:00.000 +0200,0.36338,0.36759,0.3521,0.35405,309607324
2002-03-06 00:00:00.000 +0200,0.3533,0.36624,0.34502,0.36218,253874500
2002-03-07 00:00:00.000 +0200,0.36203,0.3691,0.35526,0.36684,291011879
2002-03-08 00:00:00.000 +0200,0.37226,0.37752,0.36564,0.37075,292613511
2002-03-11 00:00:00.000 +0200,0.37015,0.37828,0.36263,0.37692,301372861
2002-03-12 00:00:00.000 +0200,0.3688,0.37226,0.36263,0.37226,280099204
2002-03-13 00:00:00.000 +0200,0.36668,0.37391,0.36337,0.36863,230516797
2002-03-14 00:00:00.000 +0200,0.36564,0.37015,0.3593,0.36759,240456321
2002-03-15 00:00:00.000 +0200,0.36819,0.37557,0.36503,0.37557,242924615
2002-03-18 00:00:00.000 +0200,0.37542,0.37692,0.36594,0.37211,288566582
2002-03-19 00:00:00.000 +0200,0.37224,0.38068,0.36877,0.3739,257458545
2002-03-20 00:00:00.000 +0200,0.37105,0.37828,0.36865,0.37497,335253698
2002-03-21 00:00:00.000 +0200,0.35916,0.36564,0.35013,0.36549,698252250
2002-03-22 00:00:00.000 +0200,0.36443,0.36955,0.35917,0.36248,226154659
2002-03-25 00:00:00.000 +0200,0.36218,0.36248,0.34969,0.35119,297657667
2002-03-26 00:00:00.000 +0200,0.34909,0.35571,0.34608,0.35285,287649132
2002-03-27 00:00:00.000 +0200,0.35134,0.35691,0.34999,0.3533,149639946
2002-03-28 00:00:00.000 +0200,0.35661,0.35932,0.353,0.35616,126245979
2002-04-01 00:00:00.000 +0200,0.35177,0.37166,0.35026,0.36801,228333082
2002-04-02 00:00:00.000 +0200,0.36112,0.36564,0.35917,0.36233,230061964
2002-04-03 00:00:00.000 +0200,0.36188,0.3685,0.3551,0.35721,250412312
2002-04-04 00:00:00.000 +0200,0.35616,0.37692,0.35616,0.37542,384308059
2002-04-05 00:00:00.000 +0200,0.37542,0.37903,0.36263,0.37166,318931878
2002-04-08 00:00:00.000 +0200,0.36353,0.37135,0.35781,0.3697,283263066
2002-04-09 00:00:00.000 +0200,0.37,0.37617,0.36127,0.36308,218245524
2002-04-10 00:00:00.000 +0200,0.36428,0.37542,0.36127,0.37136,255834953
2002-04-11 00:00:00.000 +0200,0.37661,0.37918,0.37239,0.37465,458388150
2002-04-12 00:00:00.000 +0200,0.37632,0.37873,0.3697,0.37692,355112416
2002-04-15 00:00:00.000 +0200,0.37707,0.37843,0.37316,0.37587,317330073
2002-04-16 00:00:00.000 +0200,0.3783,0.39107,0.37784,0.38672,643815095
2002-04-17 00:00:00.000 +0200,0.39016,0.39377,0.38189,0.39272,452289266
2002-04-18 00:00:00.000 +0200,0.38369,0.38399,0.37436,0.38249,419371927
2002-04-19 00:00:00.000 +0200,0.38264,0.38354,0.37512,0.37587,419803144
2002-04-22 00:00:00.000 +0200,0.37376,0.37512,0.36458,0.3691,290832339
2002-04-23 00:00:00.000 +0200,0.36925,0.37286,0.36248,0.36443,268542102
2002-04-24 00:00:00.000 +0200,0.36564,0.36865,0.35631,0.35766,157634860
2002-04-25 00:00:00.000 +0200,0.3545,0.36624,0.35435,0.36293,219136234
2002-04-26 00:00:00.000 +0200,0.36534,0.36669,0.34608,0.34608,330422120
2002-04-29 00:00:00.000 +0200,0.34848,0.36203,0.34743,0.36052,304589647
2002-04-30 00:00:00.000 +0200,0.35947,0.36684,0.35736,0.36504,328754325
2002-05-01 00:00:00.000 +0200,0.36549,0.36549,0.35149,0.36082,253263120
2002-05-02 00:00:00.000 +0200,0.35826,0.36624,0.3551,0.35616,283608401
2002-05-03 00:00:00.000 +0200,0.35465,0.36142,0.35255,0.35375,273107690
2002-05-06 00:00:00.000 +0200,0.35134,0.3536,0.33795,0.34096,289151120
2002-05-07 00:00:00.000 +0200,0.34517,0.34532,0.33314,0.33825,287164332
2002-05-08 00:00:00.000 +0200,0.34909,0.36895,0.34668,0.36654,483950344
2002-05-09 00:00:00.000 +0200,0.36488,0.36639,0.35811,0.36398,266468895
2002-05-10 00:00:00.000 +0200,0.36531,0.36549,0.34677,0.35191,274706472
2002-05-13 00:00:00.000 +0200,0.3539,0.36248,0.34517,0.36007,287004263
2002-05-14 00:00:00.000 +0200,0.36789,0.3864,0.36443,0.3852,590318791
2002-05-15 00:00:00.000 +0200,0.38174,0.39092,0.37376,0.38038,381010762
2002-05-16 00:00:00.000 +0200,0.37707,0.38294,0.37241,0.37963,258148127
2002-05-17 00:00:00.000 +0200,0.38354,0.38791,0.3703,0.37632,265591398
2002-05-20 00:00:00.000 +0200,0.3697,0.37512,0.3691,0.37211,316007066
2002-05-21 00:00:00.000 +0200,0.37361,0.37617,0.3521,0.3527,308796281
2002-05-22 00:00:00.000 +0200,0.35164,0.36669,0.35089,0.36594,334130431
2002-05-23 00:00:00.000 +0200,0.36789,0.37978,0.36218,0.37873,412546466
2002-05-24 00:00:00.000 +0200,0.37602,0.37602,0.36052,0.36308,196254357
2002-05-28 00:00:00.000 +0200,0.35646,0.36413,0.35255,0.36097,177213679
2002-05-29 00:00:00.000 +0200,0.35992,0.36774,0.35285,0.36188,252857485
2002-05-30 00:00:00.000 +0200,0.35766,0.36684,0.35375,0.36413,234096401
2002-05-31 00:00:00.000 +0200,0.36248,0.36489,0.35029,0.35089,421019549
2002-06-03 00:00:00.000 +0200,0.35194,0.35285,0.33976,0.34457,254439487
2002-06-04 00:00:00.000 +0200,0.34427,0.34668,0.33374,0.34277,368762382
2002-06-05 00:00:00.000 +0200,0.34262,0.34352,0.33541,0.34112,308941438
2002-06-06 00:00:00.000 +0200,0.34547,0.34954,0.33163,0.33283,283575624
2002-06-07 00:00:00.000 +0200,0.32742,0.33013,0.31493,0.32185,668932478
2002-06-10 00:00:00.000 +0200,0.32321,0.32862,0.3211,0.32351,313561790
2002-06-11 00:00:00.000 +0200,0.32561,0.32652,0.30711,0.30712,402118725
2002-06-12 00:00:00.000 +0200,0.30708,0.31222,0.3,0.30226,595459271
2002-06-13 00:00:00.000 +0200,0.30124,0.30169,0.29161,0.29386,400782622
2002-06-14 00:00:00.000 +0200,0.2895,0.30635,0.2725,0.30244,472193889
2002-06-17 00:00:00.000 +0200,0.30455,0.31042,0.29868,0.30891,363033742
2002-06-18 00:00:00.000 +0200,0.30726,0.30981,0.30064,0.30334,426342501
2002-06-19 00:00:00.000 +0200,0.26136,0.26482,0.25399,0.25745,1932502359
2002-06-20 00:00:00.000 +0200,0.25835,0.26482,0.25354,0.2576,462682940
2002-06-21 00:00:00.000 +0200,0.25534,0.26317,0.25264,0.25459,510806996
2002-06-24 00:00:00.000 +0200,0.25233,0.26678,0.25128,0.25956,425811702
2002-06-25 00:00:00.000 +0200,0.26181,0.26603,0.25369,0.25805,308451330
2002-06-26 00:00:00.000 +0200,0.25279,0.26016,0.24045,0.24917,535854821
2002-06-27 00:00:00.000 +0200,0.25264,0.25986,0.24707,0.2567,250850665
2002-06-28 00:00:00.000 +0200,0.2573,0.26813,0.25595,0.26648,276783277
2002-07-01 00:00:00.000 +0200,0.26648,0.26904,0.25655,0.25685,278012464
2002-07-02 00:00:00.000 +0200,0.25622,0.2582,0.25321,0.25486,346725017
2002-07-03 00:00:00.000 +0200,0.25294,0.26603,0.25203,0.26422,231664066
2002-07-05 00:00:00.000 +0200,0.26648,0.28213,0.26648,0.28198,179845842
2002-07-08 00:00:00.000 +0200,0.27867,0.28002,0.26603,0.27054,246178843
2002-07-09 00:00:00.000 +0200,0.27205,0.27521,0.26272,0.26362,263478016
2002-07-10 00:00:00.000 +0200,0.26648,0.2734,0.25956,0.26166,240376872
2002-07-11 00:00:00.000 +0200,0.25971,0.27611,0.25534,0.27506,439255525
2002-07-12 00:00:00.000 +0200,0.27912,0.28273,0.25971,0.26332,515298502
2002-07-15 00:00:00.000 +0200,0.26642,0.27987,0.25694,0.27866,323785490
2002-07-16 00:00:00.000 +0200,0.2731,0.27942,0.26497,0.26859,498956713
2002-07-17 00:00:00.000 +0200,0.24301,0.24376,0.22884,0.23562,1371724672
2002-07-18 00:00:00.000 +0200,0.23323,0.23413,0.22194,0.22542,591993294
2002-07-19 00:00:00.000 +0200,0.22119,0.22826,0.21863,0.2251,433101762
2002-07-22 00:00:00.000 +0200,0.22194,0.22856,0.21983,0.22465,491429043
2002-07-23 00:00:00.000 +0200,0.2242,0.22766,0.21758,0.21758,440150073
2002-07-24 00:00:00.000 +0200,0.21562,0.22901,0.21442,0.22826,432143110
2002-07-25 00:00:00.000 +0200,0.22465,0.22495,0.21081,0.21607,545653871
2002-07-26 00:00:00.000 +0200,0.21758,0.21863,0.20765,0.21652,225117454
2002-07-29 00:00:00.000 +0200,0.21948,0.22721,0.21781,0.22721,308992844
2002-07-30 00:00:00.000 +0200,0.22344,0.23338,0.21908,0.23307,406952290
2002-07-31 00:00:00.000 +0200,0.23187,0.23202,0.22434,0.22976,350442591
2002-08-01 00:00:00.000 +0200,0.22736,0.23202,0.22164,0.22194,260141425
2002-08-02 00:00:00.000 +0200,0.22179,0.2257,0.21442,0.21713,205056523
2002-08-05 00:00:00.000 +0200,0.21818,0.22119,0.21035,0.21066,196152558
2002-08-06 00:00:00.000 +0200,0.21381,0.22916,0.21186,0.22164,307823854
2002-08-07 00:00:00.000 +0200,0.22706,0.23112,0.21592,0.2257,382104040
2002-08-08 00:00:00.000 +0200,0.22224,0.23142,0.22224,0.23007,263546874
2002-08-09 00:00:00.000 +0200,0.22946,0.22946,0.22284,0.22555,240158437
2002-08-12 00:00:00.000 +0200,0.2242,0.226,0.22104,0.22435,206060278
2002-08-13 00:00:00.000 +0200,0.2242,0.22886,0.21893,0.22044,302100859
2002-08-14 00:00:00.000 +0200,0.22074,0.23097,0.21878,0.22946,451907110
2002-08-15 00:00:00.000 +0200,0.22916,0.23699,0.22585,0.23458,349900843
2002-08-16 00:00:00.000 +0200,0.23247,0.24225,0.22992,0.23789,279217101
2002-08-19 00:00:00.000 +0200,0.23729,0.24451,0.23654,0.2406,244607135
2002-08-20 00:00:00.000 +0200,0.2403,0.2421,0.23368,0.24,218084181
2002-08-21 00:00:00.000 +0200,0.24075,0.24436,0.23608,0.2427,234945799
2002-08-22 00:00:00.000 +0200,0.24361,0.24451,0.23563,0.24075,289715845
2002-08-23 00:00:00.000 +0200,0.23924,0.2397,0.23247,0.23548,190836668
2002-08-26 00:00:00.000 +0200,0.24,0.24,0.22811,0.23399,218377594
2002-08-27 00:00:00.000 +0200,0.23638,0.23684,0.22134,0.22344,300039561
2002-08-28 00:00:00.000 +0200,0.22269,0.22751,0.22044,0.22179,281573654
2002-08-29 00:00:00.000 +0200,0.22044,0.22691,0.21833,0.22104,186107574
2002-08-30 00:00:00.000 +0200,0.22164,0.22781,0.21938,0.22074,210678374
2002-09-03 00:00:00.000 +0200,0.21803,0.21893,0.21141,0.21216,309768394
2002-09-04 00:00:00.000 +0200,0.21366,0.22239,0.21321,0.21698,483066604
2002-09-05 00:00:00.000 +0200,0.21412,0.21607,0.21141,0.21351,251087286
2002-09-06 00:00:00.000 +0200,0.21833,0.22044,0.21412,0.21532,204672857
2002-09-09 00:00:00.000 +0200,0.21487,0.21863,0.21291,0.21592,165948082
2002-09-10 00:00:00.000 +0200,0.21672,0.21803,0.21236,0.21537,261757208
2002-09-11 00:00:00.000 +0200,0.21577,0.21968,0.21291,0.21487,234609387
2002-09-12 00:00:00.000 +0200,0.21381,0.21652,0.21246,0.21261,313085500
2002-09-13 00:00:00.000 +0200,0.21261,0.21577,0.21141,0.21336,324899160
2002-09-16 00:00:00.000 +0200,0.21276,0.21983,0.21246,0.21803,313989023
2002-09-17 00:00:00.000 +0200,0.21938,0.22615,0.21923,0.22179,504518611
2002-09-18 00:00:00.000 +0200,0.22104,0.22706,0.21848,0.22585,390231469
2002-09-19 00:00:00.000 +0200,0.22194,0.22269,0.21788,0.21938,234133470
2002-09-20 00:00:00.000 +0200,0.21998,0.2248,0.21848,0.22299,298829928
2002-09-23 00:00:00.000 +0200,0.22209,0.2251,0.21743,0.22329,266736334
2002-09-24 00:00:00.000 +0200,0.21667,0.22299,0.21667,0.22029,292091074
2002-09-25 00:00:00.000 +0200,0.22104,0.22826,0.22044,0.22465,285461881
2002-09-26 00:00:00.000 +0200,0.22721,0.22856,0.21893,0.22104,235989066
2002-09-27 00:00:00.000 +0200,0.21803,0.22345,0.21788,0.22149,232576948
2002-09-30 00:00:00.000 +0200,0.21682,0.21923,0.21276,0.21803,257943184
2002-10-01 00:00:00.000 +0200,0.21968,0.21968,0.21065,0.21803,367596365
2002-10-02 00:00:00.000 +0200,0.21562,0.22013,0.21216,0.21306,259652238
2002-10-03 00:00:00.000 +0200,0.21395,0.21968,0.21214,0.21576,249159637
2002-10-04 00:00:00.000 +0200,0.21607,0.21667,0.21064,0.21096,214979097
2002-10-07 00:00:00.000 +0200,0.2102,0.21382,0.20704,0.2075,280992206
2002-10-08 00:00:00.000 +0200,0.20915,0.21005,0.20103,0.20599,519715233
2002-10-09 00:00:00.000 +0200,0.20373,0.2084,0.20178,0.20464,408183963
2002-10-10 00:00:00.000 +0200,0.20509,0.21397,0.20434,0.21201,354769180
2002-10-11 00:00:00.000 +0200,0.21457,0.22239,0.21216,0.21788,329035124
2002-10-14 00:00:00.000 +0200,0.21893,0.2254,0.21728,0.22232,225877889
2002-10-15 00:00:00.000 +0200,0.22901,0.22946,0.22239,0.22766,448665704
2002-10-16 00:00:00.000 +0200,0.2236,0.22769,0.21758,0.21893,345394299
2002-10-17 00:00:00.000 +0200,0.2137,0.21637,0.21024,0.21219,537864716
2002-10-18 00:00:00.000 +0200,0.21066,0.21592,0.2096,0.21592,315010427
2002-10-21 00:00:00.000 +0200,0.21457,0.22013,0.21066,0.21923,277558132
2002-10-22 00:00:00.000 +0200,0.21773,0.2239,0.21457,0.22119,255837975
2002-10-23 00:00:00.000 +0200,0.22013,0.2254,0.21818,0.2239,242974936
2002-10-24 00:00:00.000 +0200,0.226,0.22886,0.21893,0.22209,201564599
2002-10-25 00:00:00.000 +0200,0.22104,0.23247,0.21953,0.23172,324271759
2002-10-28 00:00:00.000 +0200,0.23398,0.24,0.22946,0.23473,368797814
2002-10-29 00:00:00.000 +0200,0.23428,0.23894,0.2251,0.23202,280165640
2002-10-30 00:00:00.000 +0200,0.23307,0.24632,0.23292,0.24015,294508807
2002-10-31 00:00:00.000 +0200,0.2406,0.24737,0.23954,0.2418,185789753
2002-11-01 00:00:00.000 +0200,0.23985,0.24827,0.23909,0.24617,208435181
2002-11-04 00:00:00.000 +0200,0.24827,0.26151,0.24602,0.25369,397997211
2002-11-05 00:00:00.000 +0200,0.2519,0.25519,0.24588,0.25416,236074891
2002-11-06 00:00:00.000 +0200,0.257,0.26061,0.25128,0.25911,244003927
2002-11-07 00:00:00.000 +0200,0.25489,0.2573,0.23789,0.2403,367898026
2002-11-08 00:00:00.000 +0200,0.24105,0.24376,0.23353,0.23849,186108646
2002-11-11 00:00:00.000 +0200,0.23697,0.23909,0.22751,0.22766,169282509
2002-11-12 00:00:00.000 +0200,0.23052,0.24135,0.22992,0.23533,249990190
2002-11-13 00:00:00.000 +0200,0.23323,0.2418,0.22991,0.23443,247063807
2002-11-14 00:00:00.000 +0200,0.23924,0.24692,0.23744,0.24526,154682288
2002-11-15 00:00:00.000 +0200,0.24421,0.24436,0.23714,0.24,180758541
2002-11-18 00:00:00.000 +0200,0.24376,0.24376,0.23353,0.23669,166656734
2002-11-19 00:00:00.000 +0200,0.23398,0.23699,0.22585,0.22976,226216810
2002-11-20 00:00:00.000 +0200,0.23022,0.23623,0.22946,0.23443,204445369
2002-11-21 00:00:00.000 +0200,0.23924,0.24737,0.23699,0.24617,429012307
2002-11-22 00:00:00.000 +0200,0.24197,0.24526,0.23911,0.24077,210955412
2002-11-25 00:00:00.000 +0200,0.2412,0.24286,0.23638,0.2403,200573889
2002-11-26 00:00:00.000 +0200,0.23849,0.23924,0.22976,0.23217,225432050
2002-11-27 00:00:00.000 +0200,0.23473,0.23864,0.23247,0.23623,293860847
2002-11-29 00:00:00.000 +0200,0.23744,0.23894,0.23195,0.23353,152215319
2002-12-02 00:00:00.000 +0200,0.23924,0.24225,0.22585,0.22811,429668018
2002-12-03 00:00:00.000 +0200,0.22871,0.23082,0.22721,0.22841,212197133
2002-12-04 00:00:00.000 +0200,0.22841,0.22856,0.21818,0.2254,350928512
2002-12-05 00:00:00.000 +0200,0.22615,0.22691,0.21863,0.22029,274214833
2002-12-06 00:00:00.000 +0200,0.22044,0.22856,0.21848,0.22495,269251224
2002-12-09 00:00:00.000 +0200,0.2242,0.22495,0.22074,0.22194,251726025
2002-12-10 00:00:00.000 +0200,0.22209,0.23247,0.22164,0.23052,343791498
2002-12-11 00:00:00.000 +0200,0.23036,0.23307,0.22705,0.23307,277497713
2002-12-12 00:00:00.000 +0200,0.23338,0.23398,0.226,0.22871,149201502
2002-12-13 00:00:00.000 +0200,0.22781,0.22796,0.22044,0.22226,174984924
2002-12-16 00:00:00.000 +0200,0.22284,0.22721,0.21983,0.22329,251646206
2002-12-17 00:00:00.000 +0200,0.22344,0.22856,0.2206,0.22704,235960962
2002-12-18 00:00:00.000 +0200,0.22269,0.2236,0.21818,0.21908,164345537
2002-12-19 00:00:00.000 +0200,0.21863,0.2245,0.21216,0.21344,379389595
2002-12-20 00:00:00.000 +0200,0.21517,0.21908,0.20734,0.21231,265855617
2002-12-23 00:00:00.000 +0200,0.21306,0.21893,0.21246,0.21848,129975838
2002-12-24 00:00:00.000 +0200,0.21622,0.21773,0.21517,0.21607,40586406
2002-12-26 00:00:00.000 +0200,0.21697,0.22284,0.21487,0.21682,84704848
2002-12-27 00:00:00.000 +0200,0.21532,0.21637,0.21081,0.21216,85557164
2002-12-30 00:00:00.000 +0200,0.21186,0.21291,0.20825,0.21186,165193651
2002-12-31 00:00:00.000 +0200,0.21066,0.21607,0.2099,0.21577,214307244
2003-01-02 00:00:00.000 +0200,0.21607,0.2245,0.21592,0.22269,197987354
2003-01-03 00:00:00.000 +0200,0.22269,0.22465,0.21953,0.2242,148423494
2003-01-06 00:00:00.000 +0200,0.22615,0.23142,0.2239,0.2245,433069645
2003-01-07 00:00:00.000 +0200,0.22254,0.2257,0.21788,0.2242,382238020
2003-01-08 00:00:00.000 +0200,0.21938,0.22134,0.21728,0.21893,252875047
2003-01-09 00:00:00.000 +0200,0.21998,0.2245,0.21818,0.22059,212723258
2003-01-10 00:00:00.000 +0200,0.21938,0.22299,0.21803,0.22149,183341020
2003-01-13 00:00:00.000 +0200,0.2242,0.2242,0.21609,0.22194,196868246
2003-01-14 00:00:00.000 +0200,0.22104,0.22299,0.21803,0.22044,203531690
2003-01-15 00:00:00.000 +0200,0.21953,0.22119,0.21457,0.21713,409532475
2003-01-16 00:00:00.000 +0200,0.21381,0.22209,0.21381,0.21968,600559080
2003-01-17 00:00:00.000 +0200,0.21908,0.21908,0.21201,0.21231,291142585
2003-01-21 00:00:00.000 +0200,0.21381,0.21682,0.21065,0.21065,272577071
2003-01-22 00:00:00.000 +0200,0.21035,0.21291,0.2084,0.2087,241202126
2003-01-23 00:00:00.000 +0200,0.21141,0.21607,0.2099,0.2141,256223782
2003-01-24 00:00:00.000 +0200,0.21427,0.21427,0.20403,0.2075,338203438
2003-01-27 00:00:00.000 +0200,0.20584,0.21818,0.20539,0.21261,424041646
2003-01-28 00:00:00.000 +0200,0.21427,0.22104,0.21306,0.21968,307206418
2003-01-29 00:00:00.000 +0200,0.21908,0.22721,0.21531,0.2248,414668563
2003-01-30 00:00:00.000 +0200,0.2254,0.22676,0.21502,0.21622,404282284
2003-01-31 00:00:00.000 +0200,0.21351,0.21893,0.21141,0.21622,364352605
2003-02-03 00:00:00.000 +0200,0.21682,0.22435,0.21592,0.22074,278699410
2003-02-04 00:00:00.000 +0200,0.21743,0.22044,0.21532,0.22012,336914806
2003-02-05 00:00:00.000 +0200,0.22134,0.22465,0.21738,0.21743,221983545
2003-02-06 00:00:00.000 +0200,0.21673,0.21953,0.21432,0.21839,195737094
2003-02-07 00:00:00.000 +0200,0.21893,0.21968,0.21171,0.21291,289106046
2003-02-10 00:00:00.000 +0200,0.21442,0.21923,0.21156,0.21592,164142406
2003-02-11 00:00:00.000 +0200,0.21818,0.22013,0.21366,0.21577,170345160
2003-02-12 00:00:00.000 +0200,0.21472,0.21968,0.21472,0.21667,217115752
2003-02-13 00:00:00.000 +0200,0.21682,0.22029,0.21427,0.21878,222529647
2003-02-14 00:00:00.000 +0200,0.21983,0.22149,0.21592,0.22074,229617664
2003-02-18 00:00:00.000 +0200,0.22194,0.23022,0.22149,0.22966,314371050
2003-02-19 00:00:00.000 +0200,0.22676,0.22796,0.22089,0.22345,259329585
2003-02-20 00:00:00.000 +0200,0.22345,0.2251,0.22134,0.22179,207361542
2003-02-21 00:00:00.000 +0200,0.22284,0.22661,0.22044,0.2257,161884188
2003-02-24 00:00:00.000 +0200,0.2236,0.22615,0.22179,0.22194,196568063
2003-02-25 00:00:00.000 +0200,0.22089,0.22691,0.21952,0.22615,197440254
2003-02-26 00:00:00.000 +0200,0.2257,0.226,0.21862,0.21862,200151899
2003-02-27 00:00:00.000 +0200,0.21923,0.2257,0.21833,0.22375,163586895
2003-02-28 00:00:00.000 +0200,0.2236,0.22706,0.22224,0.2257,210237318
2003-03-03 00:00:00.000 +0200,0.22585,0.22811,0.21893,0.22044,230389374
2003-03-04 00:00:00.000 +0200,0.22179,0.22284,0.21728,0.21908,134693650
2003-03-05 00:00:00.000 +0200,0.21983,0.22269,0.21848,0.21998,129504183
2003-03-06 00:00:00.000 +0200,0.21938,0.21968,0.21667,0.21893,103213432
2003-03-07 00:00:00.000 +0200,0.21773,0.22134,0.21532,0.21863,161843851
2003-03-10 00:00:00.000 +0200,0.21833,0.22074,0.21517,0.21622,151533296
2003-03-11 00:00:00.000 +0200,0.21607,0.21803,0.21246,0.21416,176195410
2003-03-12 00:00:00.000 +0200,0.21321,0.21652,0.21156,0.21412,235857797
2003-03-13 00:00:00.000 +0200,0.21802,0.22269,0.2135,0.22104,370950988
2003-03-14 00:00:00.000 +0200,0.22096,0.22585,0.22036,0.22247,166594639
2003-03-17 00:00:00.000 +0200,0.22405,0.22676,0.22134,0.2257,443547569
2003-03-18 00:00:00.000 +0200,0.2257,0.22706,0.22299,0.2257,259221727
2003-03-19 00:00:00.000 +0200,0.22676,0.22796,0.22257,0.2251,150398610
2003-03-20 00:00:00.000 +0200,0.22465,0.22555,0.21968,0.22465,186411275
2003-03-21 00:00:00.000 +0200,0.22751,0.22796,0.22314,0.2245,316353515
2003-03-24 00:00:00.000 +0200,0.22074,0.22269,0.21592,0.21607,172982685
2003-03-25 00:00:00.000 +0200,0.21682,0.22314,0.21622,0.21893,160098878
2003-03-26 00:00:00.000 +0200,0.21893,0.21908,0.21517,0.21728,193209449
2003-03-27 00:00:00.000 +0200,0.21547,0.22119,0.21547,0.21758,132529739
2003-03-28 00:00:00.000 +0200,0.21667,0.21998,0.21637,0.21876,145330411
2003-03-31 00:00:00.000 +0200,0.21802,0.21863,0.21302,0.21408,262925472
2003-04-01 00:00:00.000 +0200,0.21366,0.21532,0.21171,0.21291,167897157
2003-04-02 00:00:00.000 +0200,0.21607,0.22104,0.21468,0.21968,183471505
2003-04-03 00:00:00.000 +0200,0.21908,0.22119,0.21592,0.21758,156172843
2003-04-04 00:00:00.000 +0200,0.21848,0.22074,0.21652,0.21848,155924120
2003-04-07 00:00:00.000 +0200,0.22344,0.22495,0.21682,0.21713,202627049
2003-04-08 00:00:00.000 +0200,0.21833,0.22044,0.21667,0.21682,135003042
2003-04-09 00:00:00.000 +0200,0.21863,0.21998,0.21291,0.21306,157206224
2003-04-10 00:00:00.000 +0200,0.21366,0.21652,0.21366,0.21622,121198050
2003-04-11 00:00:00.000 +0200,0.21592,0.21728,0.19456,0.19967,1475461130
2003-04-14 00:00:00.000 +0200,0.20629,0.20689,0.20313,0.20464,545046112
2003-04-15 00:00:00.000 +0200,0.20449,0.20464,0.20012,0.20148,328951023
2003-04-16 00:00:00.000 +0200,0.19546,0.20569,0.1944,0.19907,1114262551
2003-04-17 00:00:00.000 +0200,0.19862,0.19937,0.1914,0.1974,672719157
2003-04-21 00:00:00.000 +0200,0.19756,0.19847,0.19531,0.19756,167588961
2003-04-22 00:00:00.000 +0200,0.19832,0.20494,0.19696,0.20328,315765250
2003-04-23 00:00:00.000 +0200,0.20358,0.20509,0.20118,0.20449,218293610
2003-04-24 00:00:00.000 +0200,0.20343,0.20479,0.19561,0.20238,318302507
2003-04-25 00:00:00.000 +0200,0.20253,0.20434,0.19907,0.20027,224558828
2003-04-28 00:00:00.000 +0200,0.20283,0.21005,0.20208,0.20855,699831669
2003-04-29 00:00:00.000 +0200,0.21035,0.21306,0.20434,0.21156,499764578
2003-04-30 00:00:00.000 +0200,0.2096,0.21592,0.2084,0.21291,485806427
2003-05-01 00:00:00.000 +0200,0.21442,0.21652,0.21065,0.21622,376861057
2003-05-02 00:00:00.000 +0200,0.21743,0.21953,0.21577,0.21743,331771374
2003-05-05 00:00:00.000 +0200,0.22284,0.25399,0.22194,0.24195,1469143505
2003-05-06 00:00:00.000 +0200,0.24346,0.26934,0.24237,0.26332,1536583893
2003-05-07 00:00:00.000 +0200,0.26076,0.27445,0.25745,0.26588,1077636452
2003-05-08 00:00:00.000 +0200,0.26648,0.2719,0.26044,0.27144,669191536
2003-05-09 00:00:00.000 +0200,0.27581,0.27686,0.26904,0.2746,573662703
2003-05-12 00:00:00.000 +0200,0.2731,0.28198,0.2728,0.27927,449353590
2003-05-13 00:00:00.000 +0200,0.27731,0.28544,0.27009,0.28032,502918115
2003-05-14 00:00:00.000 +0200,0.28333,0.28348,0.27731,0.27912,346367365
2003-05-15 00:00:00.000 +0200,0.27987,0.28363,0.27791,0.28213,280392878
2003-05-16 00:00:00.000 +0200,0.2818,0.28604,0.2771,0.28558,327131989
2003-05-19 00:00:00.000 +0200,0.27882,0.28062,0.27175,0.27296,433963565
2003-05-20 00:00:00.000 +0200,0.27247,0.27325,0.26494,0.2675,407309207
2003-05-21 00:00:00.000 +0200,0.26768,0.2722,0.26588,0.26844,297669417
2003-05-22 00:00:00.000 +0200,0.26919,0.27686,0.26693,0.27445,180562440
2003-05-23 00:00:00.000 +0200,0.274,0.27776,0.27024,0.27506,178994916
2003-05-27 00:00:00.000 +0200,0.27024,0.28438,0.26949,0.28438,301542604
2003-05-28 00:00:00.000 +0200,0.27844,0.28077,0.27317,0.27483,365967335
2003-05-29 00:00:00.000 +0200,0.27521,0.27837,0.26934,0.2725,367129835
2003-05-30 00:00:00.000 +0200,0.27265,0.27355,0.26377,0.26934,411614517
2003-06-02 00:00:00.000 +0200,0.27235,0.27521,0.25986,0.26212,440993317
2003-06-03 00:00:00.000 +0200,0.26242,0.26588,0.2561,0.26031,355278029
2003-06-04 00:00:00.000 +0200,0.26031,0.26768,0.2579,0.26452,280977973
2003-06-05 00:00:00.000 +0200,0.26257,0.26693,0.26076,0.26618,216910657
2003-06-06 00:00:00.000 +0200,0.26693,0.27144,0.2579,0.25805,253209430
2003-06-09 00:00:00.000 +0200,0.25489,0.2564,0.25023,0.25264,266042441
2003-06-10 00:00:00.000 +0200,0.25414,0.26016,0.25203,0.2582,192154294
2003-06-11 00:00:00.000 +0200,0.25805,0.26347,0.25369,0.26272,234151275
2003-06-12 00:00:00.000 +0200,0.26407,0.26904,0.26317,0.26738,240383613
2003-06-13 00:00:00.000 +0200,0.26708,0.27009,0.25775,0.26212,213441517
2003-06-16 00:00:00.000 +0200,0.26584,0.2749,0.26358,0.2743,252624307
2003-06-17 00:00:00.000 +0200,0.27701,0.27837,0.27069,0.2737,186991257
2003-06-18 00:00:00.000 +0200,0.27761,0.29311,0.27549,0.28724,467045901
2003-06-19 00:00:00.000 +0200,0.29131,0.29507,0.28243,0.288,396123012
2003-06-20 00:00:00.000 +0200,0.29116,0.29462,0.28438,0.2889,350688442
2003-06-23 00:00:00.000 +0200,0.29042,0.29627,0.28213,0.28529,325523203
2003-06-24 00:00:00.000 +0200,0.29296,0.29597,0.28378,0.28453,525912469
2003-06-25 00:00:00.000 +0200,0.28378,0.29191,0.28153,0.28559,321827065
2003-06-26 00:00:00.000 +0200,0.28196,0.2907,0.28196,0.2907,169411446
2003-06-27 00:00:00.000 +0200,0.2904,0.29055,0.27806,0.28183,300912918
2003-06-30 00:00:00.000 +0200,0.28107,0.28905,0.27972,0.28604,221024287
2003-07-01 00:00:00.000 +0200,0.28393,0.2886,0.27852,0.2883,185057235
2003-07-02 00:00:00.000 +0200,0.28634,0.29191,0.28619,0.28995,329248814
2003-07-03 00:00:00.000 +0200,0.28589,0.29416,0.28559,0.2883,137051404
2003-07-07 00:00:00.000 +0200,0.28995,0.30364,0.28785,0.29898,318311844
2003-07-08 00:00:00.000 +0200,0.29356,0.30846,0.29326,0.3071,259327496
2003-07-09 00:00:00.000 +0200,0.3041,0.30771,0.29958,0.29973,229383333
2003-07-10 00:00:00.000 +0200,0.29988,0.30003,0.29146,0.29462,184499981
2003-07-11 00:00:00.000 +0200,0.29582,0.30094,0.29388,0.29883,142975518
2003-07-14 00:00:00.000 +0200,0.30124,0.30696,0.29898,0.29943,200803356
2003-07-15 00:00:00.000 +0200,0.30124,0.30455,0.29236,0.29507,199668870
2003-07-16 00:00:00.000 +0200,0.30048,0.30094,0.29161,0.29928,277652544
2003-07-17 00:00:00.000 +0200,0.30379,0.31523,0.30304,0.31463,801884022
2003-07-18 00:00:00.000 +0200,0.31448,0.31869,0.30695,0.31342,317762435
2003-07-21 00:00:00.000 +0200,0.31132,0.31297,0.30545,0.31011,200982185
2003-07-22 00:00:00.000 +0200,0.31448,0.31538,0.3089,0.31433,205750366
2003-07-23 00:00:00.000 +0200,0.31523,0.31538,0.30786,0.31312,151017563
2003-07-24 00:00:00.000 +0200,0.31658,0.32351,0.30665,0.30846,242410520
2003-07-25 00:00:00.000 +0200,0.30711,0.32456,0.30696,0.32411,220352976
2003-07-28 00:00:00.000 +0200,0.32343,0.32351,0.3138,0.31531,184149975
2003-07-29 00:00:00.000 +0200,0.31583,0.31719,0.30876,0.31312,212965924
2003-07-30 00:00:00.000 +0200,0.31252,0.31448,0.3041,0.3056,188190932
2003-07-31 00:00:00.000 +0200,0.31207,0.32125,0.30951,0.31824,313781395
2003-08-01 00:00:00.000 +0200,0.31598,0.32005,0.31087,0.31147,159239765
2003-08-04 00:00:00.000 +0200,0.30981,0.32351,0.30515,0.31899,222721040
2003-08-05 00:00:00.000 +0200,0.32125,0.322,0.30244,0.30695,239031741
2003-08-06 00:00:00.000 +0200,0.30184,0.30349,0.29341,0.29582,262423037
2003-08-07 00:00:00.000 +0200,0.29687,0.30229,0.29221,0.29913,183898390
2003-08-08 00:00:00.000 +0200,0.30259,0.30289,0.29492,0.29552,140548705
2003-08-11 00:00:00.000 +0200,0.29823,0.29988,0.29356,0.29567,138475680
2003-08-12 00:00:00.000 +0200,0.29732,0.29793,0.29281,0.29657,164992329
2003-08-13 00:00:00.000 +0200,0.29883,0.30605,0.29462,0.30364,308019602
2003-08-14 00:00:00.000 +0200,0.3041,0.3059,0.30003,0.30018,204858773
2003-08-15 00:00:00.000 +0200,0.30124,0.30199,0.29597,0.29687,134364696
2003-08-18 00:00:00.000 +0200,0.29883,0.30711,0.29672,0.3062,208809181
2003-08-19 00:00:00.000 +0200,0.3065,0.30771,0.30094,0.3062,137331295
2003-08-20 00:00:00.000 +0200,0.30364,0.32005,0.30304,0.31628,299578119
2003-08-21 00:00:00.000 +0200,0.31648,0.32667,0.31527,0.32536,272894994
2003-08-22 00:00:00.000 +0200,0.32817,0.33103,0.31051,0.31388,271408026
2003-08-25 00:00:00.000 +0200,0.31267,0.31463,0.30831,0.31418,153313379
2003-08-26 00:00:00.000 +0200,0.31237,0.31704,0.30635,0.31673,181053593
2003-08-27 00:00:00.000 +0200,0.31463,0.3232,0.31087,0.3229,232090408
2003-08-28 00:00:00.000 +0200,0.32456,0.33434,0.32185,0.33419,326037989
2003-08-29 00:00:00.000 +0200,0.33404,0.34382,0.33177,0.34066,283250980
2003-09-02 00:00:00.000 +0200,0.34096,0.34457,0.33705,0.34382,261887593
2003-09-03 00:00:00.000 +0200,0.34307,0.35089,0.34247,0.34578,280837383
2003-09-04 00:00:00.000 +0200,0.34848,0.34984,0.34262,0.34382,221276847
2003-09-05 00:00:00.000 +0200,0.34201,0.34833,0.3372,0.33795,255509891
2003-09-08 00:00:00.000 +0200,0.3384,0.34292,0.3381,0.34231,179848532
2003-09-09 00:00:00.000 +0200,0.339,0.34111,0.33283,0.3366,197507736
2003-09-10 00:00:00.000 +0200,0.33479,0.34021,0.33268,0.33509,239351363
2003-09-11 00:00:00.000 +0200,0.33479,0.34292,0.33253,0.33931,223909788
2003-09-12 00:00:00.000 +0200,0.33885,0.34818,0.33584,0.34818,198193294
2003-09-15 00:00:00.000 +0200,0.34322,0.34457,0.33284,0.33434,235851711
2003-09-16 00:00:00.000 +0200,0.33412,0.34141,0.33397,0.33818,281547255
2003-09-17 00:00:00.000 +0200,0.3366,0.33675,0.32937,0.33344,303204979
2003-09-18 00:00:00.000 +0200,0.33253,0.34593,0.33028,0.34427,266127454
2003-09-19 00:00:00.000 +0200,0.34653,0.34683,0.3375,0.34051,191833265
2003-09-22 00:00:00.000 +0200,0.33374,0.33855,0.32983,0.33178,178673198
2003-09-23 00:00:00.000 +0200,0.33133,0.33795,0.32922,0.3372,151487483
2003-09-24 00:00:00.000 +0200,0.33419,0.33569,0.31722,0.31974,308936498
2003-09-25 00:00:00.000 +0200,0.3211,0.32155,0.3047,0.3062,580462408
2003-09-26 00:00:00.000 +0200,0.30545,0.31628,0.30318,0.31147,380220341
2003-09-29 00:00:00.000 +0200,0.32336,0.32606,0.31072,0.32155,363127264
2003-09-30 00:00:00.000 +0200,0.31689,0.31929,0.30756,0.31162,273570497
2003-10-01 00:00:00.000 +0200,0.31162,0.31749,0.3038,0.31162,228783656
2003-10-02 00:00:00.000 +0200,0.31297,0.31297,0.30515,0.30951,213500320
2003-10-03 00:00:00.000 +0200,0.31583,0.32892,0.31433,0.32652,311601080
2003-10-06 00:00:00.000 +0200,0.32606,0.336,0.32471,0.336,284200611
2003-10-07 00:00:00.000 +0200,0.33178,0.35225,0.32968,0.34939,428336024
2003-10-08 00:00:00.000 +0200,0.35029,0.3542,0.34201,0.34638,436530835
2003-10-09 00:00:00.000 +0200,0.35059,0.35616,0.34292,0.35285,356948701
2003-10-10 00:00:00.000 +0200,0.3536,0.35826,0.35164,0.35586,186648249
2003-10-13 00:00:00.000 +0200,0.35706,0.36729,0.35691,0.36609,286157162
2003-10-14 00:00:00.000 +0200,0.36594,0.37226,0.36395,0.37,307257257
2003-10-15 00:00:00.000 +0200,0.37405,0.37632,0.36985,0.3739,686303709
2003-10-16 00:00:00.000 +0200,0.35811,0.35872,0.3372,0.34893,1052346153
2003-10-17 00:00:00.000 +0200,0.35179,0.35345,0.3375,0.34216,378011343
2003-10-20 00:00:00.000 +0200,0.34006,0.35119,0.33675,0.35059,313854283
2003-10-21 00:00:00.000 +0200,0.35074,0.3521,0.34231,0.34894,203187900
2003-10-22 00:00:00.000 +0200,0.34517,0.34909,0.34126,0.34247,176898919
2003-10-23 00:00:00.000 +0200,0.34216,0.34833,0.34005,0.34517,183455891
2003-10-24 00:00:00.000 +0200,0.339,0.34382,0.33449,0.34006,235639121
2003-10-27 00:00:00.000 +0200,0.34231,0.34442,0.3384,0.34006,174705334
2003-10-28 00:00:00.000 +0200,0.33946,0.35766,0.33705,0.35631,275197727
2003-10-29 00:00:00.000 +0200,0.35375,0.35962,0.35119,0.35616,293906027
2003-10-30 00:00:00.000 +0200,0.36022,0.36112,0.34412,0.34728,267688358
2003-10-31 00:00:00.000 +0200,0.35059,0.35134,0.34277,0.34442,190032561
2003-11-03 00:00:00.000 +0200,0.34352,0.35059,0.34277,0.34984,317747092
2003-11-04 00:00:00.000 +0200,0.34713,0.34758,0.33991,0.34457,268346571
2003-11-05 00:00:00.000 +0200,0.34337,0.34803,0.3381,0.34457,352918827
2003-11-06 00:00:00.000 +0200,0.34472,0.34833,0.34081,0.34653,446316926
2003-11-07 00:00:00.000 +0200,0.34894,0.34969,0.3378,0.3378,220002086
2003-11-10 00:00:00.000 +0200,0.3378,0.34081,0.32862,0.32983,259206103
2003-11-11 00:00:00.000 +0200,0.32952,0.33133,0.32321,0.32396,236146343
2003-11-12 00:00:00.000 +0200,0.32336,0.34186,0.32321,0.33795,313790599
2003-11-13 00:00:00.000 +0200,0.33208,0.33946,0.32983,0.3375,233625814
2003-11-14 00:00:00.000 +0200,0.3384,0.34021,0.32305,0.32351,263261442
2003-11-17 00:00:00.000 +0200,0.32125,0.32155,0.31523,0.31839,245963596
2003-11-18 00:00:00.000 +0200,0.31914,0.3211,0.3062,0.3062,293735436
2003-11-19 00:00:00.000 +0200,0.30936,0.31072,0.30485,0.30605,361035778
2003-11-20 00:00:00.000 +0200,0.30741,0.31719,0.30395,0.3065,269917032
2003-11-21 00:00:00.000 +0200,0.30605,0.30966,0.29868,0.30485,278315093
2003-11-24 00:00:00.000 +0200,0.30845,0.32005,0.3083,0.32005,387438397
2003-11-25 00:00:00.000 +0200,0.31916,0.31974,0.31032,0.31162,267928830
2003-11-26 00:00:00.000 +0200,0.31433,0.31824,0.30468,0.31147,234744341
2003-11-28 00:00:00.000 +0200,0.31312,0.31704,0.3092,0.31689,79594215
2003-12-01 00:00:00.000 +0200,0.31731,0.32877,0.31671,0.32877,351457054
2003-12-02 00:00:00.000 +0200,0.32652,0.32952,0.32215,0.32351,229579709
2003-12-03 00:00:00.000 +0200,0.32495,0.32862,0.31568,0.31674,211954717
2003-12-04 00:00:00.000 +0200,0.31508,0.31854,0.31252,0.31824,182013277
2003-12-05 00:00:00.000 +0200,0.31448,0.31824,0.31192,0.31433,181382239
2003-12-08 00:00:00.000 +0200,0.31267,0.31719,0.30711,0.31658,156633708
2003-12-09 00:00:00.000 +0200,0.31854,0.31974,0.30695,0.30831,153738964
2003-12-10 00:00:00.000 +0200,0.30771,0.31011,0.30033,0.3068,278355060
2003-12-11 00:00:00.000 +0200,0.3047,0.3211,0.3041,0.31854,210081897
2003-12-12 00:00:00.000 +0200,0.3208,0.3208,0.31147,0.31508,225301799
2003-12-15 00:00:00.000 +0200,0.32336,0.32336,0.30259,0.30379,431602848
2003-12-16 00:00:00.000 +0200,0.3038,0.30831,0.30109,0.30229,393292076
2003-12-17 00:00:00.000 +0200,0.30124,0.30289,0.29778,0.29913,301282277
2003-12-18 00:00:00.000 +0200,0.29973,0.30364,0.29973,0.30184,373062588
2003-12-19 00:00:00.000 +0200,0.30244,0.30726,0.29567,0.29567,438300479
2003-12-22 00:00:00.000 +0200,0.29567,0.29928,0.28965,0.29853,387260731
2003-12-23 00:00:00.000 +0200,0.29868,0.30018,0.29492,0.29913,356263075
2003-12-24 00:00:00.000 +0200,0.29672,0.30981,0.29567,0.30696,208900999
2003-12-26 00:00:00.000 +0200,0.3062,0.31463,0.30605,0.31252,121332179
2003-12-29 00:00:00.000 +0200,0.31478,0.31839,0.31402,0.31643,259433328
2003-12-30 00:00:00.000 +0200,0.31869,0.32351,0.31824,0.31944,226614233
2003-12-31 00:00:00.000 +0200,0.32125,0.32396,0.31869,0.3223,186643217
2004-01-02 00:00:00.000 +0200,0.32426,0.32727,0.31869,0.31869,156043345
2004-01-05 00:00:00.000 +0200,0.32366,0.3369,0.32351,0.33299,444553907
2004-01-06 00:00:00.000 +0200,0.33479,0.33735,0.32667,0.33193,543793867
2004-01-07 00:00:00.000 +0200,0.33253,0.34352,0.32998,0.33931,626674879
2004-01-08 00:00:00.000 +0200,0.34337,0.35706,0.34171,0.35225,498705429
2004-01-09 00:00:00.000 +0200,0.34954,0.36308,0.34292,0.34578,486191960
2004-01-12 00:00:00.000 +0200,0.34863,0.36112,0.34758,0.35736,535227610
2004-01-13 00:00:00.000 +0200,0.37166,0.37376,0.35902,0.36293,779023434
2004-01-14 00:00:00.000 +0200,0.36714,0.36925,0.35777,0.36353,705753442
2004-01-15 00:00:00.000 +0200,0.34472,0.35209,0.33855,0.34352,1168692866
2004-01-16 00:00:00.000 +0200,0.34617,0.34668,0.34066,0.34081,424702835
2004-01-20 00:00:00.000 +0200,0.34156,0.34307,0.33479,0.34231,348923220
2004-01-21 00:00:00.000 +0200,0.34156,0.34563,0.3375,0.33946,263555024
2004-01-22 00:00:00.000 +0200,0.33941,0.34352,0.334,0.334,231821126
2004-01-23 00:00:00.000 +0200,0.33735,0.34216,0.33555,0.34006,256490668
2004-01-26 00:00:00.000 +0200,0.33795,0.34698,0.3375,0.34608,310222514
2004-01-27 00:00:00.000 +0200,0.34653,0.34984,0.34304,0.34683,326400618
2004-01-28 00:00:00.000 +0200,0.34367,0.35179,0.3375,0.3375,315350564
2004-01-29 00:00:00.000 +0200,0.34051,0.34307,0.33389,0.34096,244165595
2004-01-30 00:00:00.000 +0200,0.34216,0.34412,0.33735,0.33885,166293876
2004-02-02 00:00:00.000 +0200,0.33795,0.34322,0.33314,0.33524,313723414
2004-02-03 00:00:00.000 +0200,0.33554,0.33705,0.33103,0.33539,208010711
2004-02-04 00:00:00.000 +0200,0.33103,0.33238,0.32652,0.32772,355190408
2004-02-05 00:00:00.000 +0200,0.32832,0.34472,0.32817,0.3369,380809865
2004-02-06 00:00:00.000 +0200,0.3378,0.34442,0.33705,0.34156,207801660
2004-02-09 00:00:00.000 +0200,0.34036,0.34397,0.33855,0.34111,220439614
2004-02-10 00:00:00.000 +0200,0.34036,0.34788,0.33765,0.34593,265723487
2004-02-11 00:00:00.000 +0200,0.34743,0.35917,0.34683,0.35826,405982329
2004-02-12 00:00:00.000 +0200,0.35616,0.36097,0.3551,0.35751,213444463
2004-02-13 00:00:00.000 +0200,0.35887,0.36263,0.34352,0.34578,360257031
2004-02-17 00:00:00.000 +0200,0.34758,0.35345,0.34758,0.34848,192786029
2004-02-18 00:00:00.000 +0200,0.34878,0.3527,0.34683,0.34969,158034246
2004-02-19 00:00:00.000 +0200,0.35074,0.35571,0.33735,0.33795,378660354
2004-02-20 00:00:00.000 +0200,0.33855,0.3387,0.33419,0.33615,316725380
2004-02-23 00:00:00.000 +0200,0.3378,0.33795,0.32937,0.33314,224500036
2004-02-24 00:00:00.000 +0200,0.33314,0.34216,0.33103,0.3366,279837420
2004-02-25 00:00:00.000 +0200,0.33434,0.34457,0.33419,0.34337,300098577
2004-02-26 00:00:00.000 +0200,0.34367,0.34879,0.34307,0.34773,226980650
2004-02-27 00:00:00.000 +0200,0.34547,0.36142,0.34532,0.36022,531307795
2004-03-01 00:00:00.000 +0200,0.36263,0.36564,0.35917,0.36233,304461719
2004-03-02 00:00:00.000 +0200,0.36097,0.36263,0.35766,0.35766,237282297
2004-03-03 00:00:00.000 +0200,0.3551,0.36398,0.3551,0.35947,235419566
2004-03-04 00:00:00.000 +0200,0.36052,0.37948,0.35977,0.37873,692776427
2004-03-05 00:00:00.000 +0200,0.37542,0.41364,0.37467,0.4034,1480815199
2004-03-08 00:00:00.000 +0200,0.4031,0.4031,0.38821,0.39016,591837649
2004-03-09 00:00:00.000 +0200,0.38971,0.40972,0.38745,0.40732,569205186
2004-03-10 00:00:00.000 +0200,0.40566,0.42342,0.40566,0.4168,1016750841
2004-03-11 00:00:00.000 +0200,0.41033,0.42191,0.40762,0.40927,554946641
2004-03-12 00:00:00.000 +0200,0.41108,0.418,0.40882,0.41484,375110246
2004-03-15 00:00:00.000 +0200,0.40672,0.41153,0.39513,0.39829,524190397
2004-03-16 00:00:00.000 +0200,0.39949,0.4004,0.38204,0.38881,698279550
2004-03-17 00:00:00.000 +0200,0.38866,0.39693,0.38791,0.39377,445910392
2004-03-18 00:00:00.000 +0200,0.39031,0.39212,0.38505,0.38685,369762647
2004-03-19 00:00:00.000 +0200,0.3867,0.39799,0.3846,0.38851,423846461
2004-03-22 00:00:00.000 +0200,0.38174,0.39377,0.37993,0.38821,440546316
2004-03-23 00:00:00.000 +0200,0.39001,0.39122,0.37993,0.37993,416113161
2004-03-24 00:00:00.000 +0200,0.38068,0.38745,0.38023,0.38369,417095653
2004-03-25 00:00:00.000 +0200,0.39272,0.40491,0.38956,0.40401,508583638
2004-03-26 00:00:00.000 +0200,0.40491,0.41168,0.40491,0.40837,445562041
2004-03-29 00:00:00.000 +0200,0.41228,0.42116,0.41123,0.42011,388701378
2004-03-30 00:00:00.000 +0200,0.4192,0.42056,0.41138,0.41965,409937595
2004-03-31 00:00:00.000 +0200,0.4192,0.42101,0.40551,0.40656,422689419
2004-04-01 00:00:00.000 +0200,0.40461,0.41033,0.40055,0.40792,346802696
2004-04-02 00:00:00.000 +0200,0.4174,0.42026,0.40972,0.41394,310671728
2004-04-05 00:00:00.000 +0200,0.41349,0.42688,0.41288,0.42613,431453179
2004-04-06 00:00:00.000 +0200,0.4174,0.42357,0.41273,0.4183,289205646
2004-04-07 00:00:00.000 +0200,0.41559,0.4168,0.40506,0.41078,297049877
2004-04-08 00:00:00.000 +0200,0.41981,0.42131,0.40927,0.41424,238501218
2004-04-12 00:00:00.000 +0200,0.41379,0.42282,0.41364,0.42101,238169763
2004-04-13 00:00:00.000 +0200,0.42161,0.42176,0.40414,0.4058,389383881
2004-04-14 00:00:00.000 +0200,0.40235,0.40732,0.39588,0.40085,596144780
2004-04-15 00:00:00.000 +0200,0.4335,0.44508,0.42372,0.44132,1515452070
2004-04-16 00:00:00.000 +0200,0.43636,0.44102,0.42883,0.43907,350091652
2004-04-19 00:00:00.000 +0200,0.42312,0.4326,0.41875,0.42613,805408316
2004-04-20 00:00:00.000 +0200,0.42597,0.42748,0.41469,0.41604,398642236
2004-04-21 00:00:00.000 +0200,0.41529,0.42312,0.41183,0.4186,345404418
2004-04-22 00:00:00.000 +0200,0.41589,0.42402,0.40792,0.41815,393458676
2004-04-23 00:00:00.000 +0200,0.4168,0.42131,0.40702,0.4168,355421001
2004-04-26 00:00:00.000 +0200,0.41507,0.41589,0.40634,0.40769,234558448
2004-04-27 00:00:00.000 +0200,0.41137,0.41288,0.40307,0.40684,295520821
2004-04-28 00:00:00.000 +0200,0.40371,0.40641,0.39633,0.39964,220510261
2004-04-29 00:00:00.000 +0200,0.39799,0.40626,0.39092,0.40356,469904616
2004-04-30 00:00:00.000 +0200,0.40461,0.40566,0.38354,0.38806,437848669
2004-05-03 00:00:00.000 +0200,0.39122,0.39618,0.3873,0.39227,303007565
2004-05-04 00:00:00.000 +0200,0.39077,0.39949,0.38369,0.39287,314059974
2004-05-05 00:00:00.000 +0200,0.39423,0.4025,0.39062,0.40085,247806976
2004-05-06 00:00:00.000 +0200,0.39724,0.4025,0.38971,0.39979,288431538
2004-05-07 00:00:00.000 +0200,0.39979,0.41484,0.39949,0.4013,456250266
2004-05-10 00:00:00.000 +0200,0.39528,0.40024,0.39046,0.39453,251885647
2004-05-11 00:00:00.000 +0200,0.39738,0.40912,0.39738,0.40762,289109876
2004-05-12 00:00:00.000 +0200,0.4031,0.41138,0.39483,0.41048,285654231
2004-05-13 00:00:00.000 +0200,0.40818,0.4171,0.40476,0.40927,253293191
2004-05-14 00:00:00.000 +0200,0.40792,0.41108,0.39799,0.40626,290312090
2004-05-17 00:00:00.000 +0200,0.40175,0.40717,0.39663,0.40145,338162199
2004-05-18 00:00:00.000 +0200,0.40581,0.41063,0.40325,0.40702,230418229
2004-05-19 00:00:00.000 +0200,0.41243,0.41379,0.39754,0.39844,424716711
2004-05-20 00:00:00.000 +0200,0.4007,0.40626,0.39829,0.40325,227492081
2004-05-21 00:00:00.000 +0200,0.40476,0.40927,0.4022,0.40762,187412132
2004-05-24 00:00:00.000 +0200,0.41003,0.41981,0.40867,0.41183,262094934
2004-05-25 00:00:00.000 +0200,0.41379,0.42898,0.41063,0.42703,353859967
2004-05-26 00:00:00.000 +0200,0.42598,0.43305,0.42131,0.42914,366149064
2004-05-27 00:00:00.000 +0200,0.42853,0.43034,0.4186,0.42357,253939646
2004-05-28 00:00:00.000 +0200,0.42297,0.42537,0.4183,0.42236,151496989
2004-06-01 00:00:00.000 +0200,0.41815,0.42432,0.41544,0.42161,212518654
2004-06-02 00:00:00.000 +0200,0.42176,0.43892,0.4183,0.4347,367714921
2004-06-03 00:00:00.000 +0200,0.43214,0.43621,0.42567,0.42838,290997306
2004-06-04 00:00:00.000 +0200,0.42974,0.44012,0.42898,0.43335,421284715
2004-06-07 00:00:00.000 +0200,0.43696,0.4511,0.4335,0.44839,333580554
2004-06-08 00:00:00.000 +0200,0.45005,0.45802,0.44885,0.45592,469399590
2004-06-09 00:00:00.000 +0200,0.45171,0.46209,0.4514,0.45517,399405726
2004-06-10 00:00:00.000 +0200,0.45622,0.466,0.45486,0.46194,300791235
2004-06-14 00:00:00.000 +0200,0.46118,0.46164,0.4499,0.45246,267928236
2004-06-15 00:00:00.000 +0200,0.45893,0.46856,0.45532,0.46164,509786237
2004-06-16 00:00:00.000 +0200,0.46073,0.50136,0.45938,0.49203,930493686
2004-06-17 00:00:00.000 +0200,0.48977,0.4985,0.48466,0.49384,594004722
2004-06-18 00:00:00.000 +0200,0.49024,0.50271,0.48798,0.49536,431395183
2004-06-21 00:00:00.000 +0200,0.49835,0.50407,0.4833,0.48526,457129542
2004-06-22 00:00:00.000 +0200,0.48631,0.4979,0.48586,0.49654,414205014
2004-06-23 00:00:00.000 +0200,0.49654,0.50903,0.49489,0.50632,455073878
2004-06-24 00:00:00.000 +0200,0.50437,0.50708,0.49624,0.4973,282938813
2004-06-25 00:00:00.000 +0200,0.49758,0.50708,0.49758,0.50436,384534768
2004-06-28 00:00:00.000 +0200,0.51009,0.51445,0.48466,0.48827,593550066
2004-06-29 00:00:00.000 +0200,0.483,0.49639,0.47262,0.48887,644040831
2004-06-30 00:00:00.000 +0200,0.48916,0.49609,0.47984,0.48857,396395499
2004-07-01 00:00:00.000 +0200,0.4827,0.48872,0.47999,0.48586,402360910
2004-07-02 00:00:00.000 +0200,0.45818,0.46916,0.44734,0.46735,1030225090
2004-07-06 00:00:00.000 +0200,0.46796,0.47277,0.46344,0.46585,388508670
2004-07-07 00:00:00.000 +0200,0.46359,0.47187,0.45336,0.45697,455103845
2004-07-08 00:00:00.000 +0200,0.45336,0.46164,0.45065,0.45216,254007533
2004-07-09 00:00:00.000 +0200,0.45547,0.45893,0.45201,0.45246,213541952
2004-07-12 00:00:00.000 +0200,0.45155,0.45201,0.4353,0.43831,582143982
2004-07-13 00:00:00.000 +0200,0.4407,0.44538,0.43723,0.43949,315584093
2004-07-14 00:00:00.000 +0200,0.43576,0.45095,0.43245,0.44478,947652180
2004-07-15 00:00:00.000 +0200,0.48977,0.50602,0.48315,0.49579,2043674471
2004-07-16 00:00:00.000 +0200,0.49534,0.49534,0.4839,0.48406,508267378
2004-07-19 00:00:00.000 +0200,0.48225,0.48481,0.47638,0.48059,599067642
2004-07-20 00:00:00.000 +0200,0.48074,0.48451,0.47502,0.48451,317941146
2004-07-21 00:00:00.000 +0200,0.48603,0.49218,0.47157,0.47593,339791014
2004-07-22 00:00:00.000 +0200,0.47157,0.47743,0.46735,0.47608,371203514
2004-07-23 00:00:00.000 +0200,0.47698,0.47774,0.45863,0.46164,314334125
2004-07-26 00:00:00.000 +0200,0.46419,0.47322,0.46314,0.47112,431796818
2004-07-27 00:00:00.000 +0200,0.47774,0.49278,0.47503,0.48797,456366385
2004-07-28 00:00:00.000 +0200,0.48616,0.48767,0.46886,0.48556,320051226
2004-07-29 00:00:00.000 +0200,0.48902,0.49384,0.48345,0.49128,250078933
2004-07-30 00:00:00.000 +0200,0.49188,0.49654,0.4815,0.48767,274097195
2004-08-02 00:00:00.000 +0200,0.47006,0.48451,0.46841,0.47518,413739853
2004-08-03 00:00:00.000 +0200,0.47397,0.47728,0.46871,0.47142,240915367
2004-08-04 00:00:00.000 +0200,0.46931,0.4833,0.46931,0.47849,316497496
2004-08-05 00:00:00.000 +0200,0.47774,0.48601,0.47021,0.47247,290099532
2004-08-06 00:00:00.000 +0200,0.46495,0.46796,0.44689,0.44704,563521737
2004-08-09 00:00:00.000 +0200,0.44915,0.45818,0.44855,0.45547,328686235
2004-08-10 00:00:00.000 +0200,0.45727,0.47458,0.45667,0.47337,383068070
2004-08-11 00:00:00.000 +0200,0.46796,0.46841,0.45532,0.46645,364527636
2004-08-12 00:00:00.000 +0200,0.45833,0.46419,0.45562,0.45712,252451982
2004-08-13 00:00:00.000 +0200,0.46133,0.47066,0.45742,0.46419,349770392
2004-08-16 00:00:00.000 +0200,0.46465,0.47728,0.46103,0.46343,469737003
2004-08-17 00:00:00.000 +0200,0.46043,0.46841,0.45667,0.46404,357409481
2004-08-18 00:00:00.000 +0200,0.45908,0.47924,0.45878,0.47819,414519960
2004-08-19 00:00:00.000 +0200,0.47412,0.47939,0.45682,0.46134,431905863
2004-08-20 00:00:00.000 +0200,0.46209,0.4663,0.45878,0.46329,335008469
2004-08-23 00:00:00.000 +0200,0.46434,0.47051,0.46043,0.46765,289630115
2004-08-24 00:00:00.000 +0200,0.47081,0.48075,0.46975,0.48075,426784022
2004-08-25 00:00:00.000 +0200,0.48014,0.4988,0.47743,0.49764,594357303
2004-08-26 00:00:00.000 +0200,0.49895,0.52935,0.49263,0.52197,1105650629
2004-08-27 00:00:00.000 +0200,0.52077,0.52303,0.51159,0.51686,434667019
2004-08-30 00:00:00.000 +0200,0.51189,0.52242,0.51099,0.51325,242554992
2004-08-31 00:00:00.000 +0200,0.51264,0.52589,0.51159,0.51806,428591124
2004-09-01 00:00:00.000 +0200,0.51611,0.54153,0.5146,0.53943,583459374
2004-09-02 00:00:00.000 +0200,0.53416,0.53883,0.52408,0.53672,461455988
2004-09-03 00:00:00.000 +0200,0.52709,0.54048,0.52679,0.52995,333371079
2004-09-07 00:00:00.000 +0200,0.53266,0.54454,0.5301,0.53898,343311917
2004-09-08 00:00:00.000 +0200,0.53717,0.55026,0.53717,0.54695,385134703
2004-09-09 00:00:00.000 +0200,0.54319,0.5462,0.53085,0.53717,532463534
2004-09-10 00:00:00.000 +0200,0.53694,0.54515,0.53356,0.53928,348018322
2004-09-13 00:00:00.000 +0200,0.53958,0.54274,0.53145,0.53476,302322242
2004-09-14 00:00:00.000 +0200,0.53115,0.53491,0.52333,0.53356,292580319
2004-09-15 00:00:00.000 +0200,0.52969,0.53386,0.52367,0.52954,259938540
2004-09-16 00:00:00.000 +0200,0.52965,0.55312,0.52844,0.5462,552563031
2004-09-17 00:00:00.000 +0200,0.54996,0.56245,0.5477,0.55884,557140211
2004-09-20 00:00:00.000 +0200,0.55523,0.57148,0.55478,0.56817,264104607
2004-09-21 00:00:00.000 +0200,0.56726,0.58487,0.56365,0.5787,450487653
2004-09-22 00:00:00.000 +0200,0.57328,0.57388,0.55387,0.55553,466423469
2004-09-23 00:00:00.000 +0200,0.55733,0.56426,0.55568,0.56094,442516466
2004-09-24 00:00:00.000 +0200,0.56275,0.57178,0.55899,0.56064,410252511
2004-09-27 00:00:00.000 +0200,0.55628,0.57148,0.55417,0.56456,447500706
2004-09-28 00:00:00.000 +0200,0.56425,0.57614,0.5635,0.57133,408554913
2004-09-29 00:00:00.000 +0200,0.57073,0.58472,0.56937,0.58186,312478587
2004-09-30 00:00:00.000 +0200,0.58683,0.59089,0.57855,0.58321,480570165
2004-10-01 00:00:00.000 +0200,0.58863,0.58968,0.58051,0.58186,526517794
2004-10-04 00:00:00.000 +0200,0.58713,0.58953,0.58366,0.58366,666249647
2004-10-05 00:00:00.000 +0200,0.5802,0.59691,0.5778,0.5963,452731463
2004-10-06 00:00:00.000 +0200,0.59435,0.61331,0.5939,0.61135,508723352
2004-10-07 00:00:00.000 +0200,0.61,0.61587,0.59375,0.5957,493370698
2004-10-08 00:00:00.000 +0200,0.5954,0.59841,0.58442,0.58758,409064781
2004-10-11 00:00:00.000 +0200,0.58546,0.58773,0.57641,0.5829,348428933
2004-10-12 00:00:00.000 +0200,0.5793,0.58051,0.56651,0.5772,498428757
2004-10-13 00:00:00.000 +0200,0.58472,0.59826,0.58291,0.59676,1369128827
2004-10-14 00:00:00.000 +0200,0.64972,0.68839,0.64024,0.67665,3227755799
2004-10-15 00:00:00.000 +0200,0.67575,0.68628,0.66492,0.68613,1157684911
2004-10-18 00:00:00.000 +0200,0.67409,0.71848,0.67273,0.71803,1393066027
2004-10-19 00:00:00.000 +0200,0.72375,0.72751,0.71186,0.71262,931656118
2004-10-20 00:00:00.000 +0200,0.7087,0.71623,0.70193,0.71457,647967380
2004-10-21 00:00:00.000 +0200,0.71683,0.7242,0.71262,0.72074,741823038
2004-10-22 00:00:00.000 +0200,0.71322,0.71728,0.7075,0.71397,563211864
2004-10-25 00:00:00.000 +0200,0.71021,0.71984,0.70825,0.71457,451352795
2004-10-26 00:00:00.000 +0200,0.71397,0.723,0.70675,0.72089,671689592
2004-10-27 00:00:00.000 +0200,0.73218,0.76167,0.7248,0.75731,1346618365
2004-10-28 00:00:00.000 +0200,0.75204,0.78574,0.74482,0.78499,1001465824
2004-10-29 00:00:00.000 +0200,0.78183,0.80049,0.77942,0.78845,942098269
2004-11-01 00:00:00.000 +0200,0.78996,0.80139,0.78304,0.7877,690724741
2004-11-02 00:00:00.000 +0200,0.7889,0.81373,0.78845,0.8032,841368577
2004-11-03 00:00:00.000 +0200,0.81915,0.84428,0.81238,0.83239,1345239661
2004-11-04 00:00:00.000 +0200,0.82803,0.83585,0.81809,0.81915,1060624963
2004-11-05 00:00:00.000 +0200,0.82607,0.82757,0.78304,0.82291,1403451429
2004-11-08 00:00:00.000 +0200,0.8196,0.83435,0.81042,0.8184,595828932
2004-11-09 00:00:00.000 +0200,0.81554,0.8208,0.8032,0.81253,538857042
2004-11-10 00:00:00.000 +0200,0.81177,0.83344,0.81147,0.82306,579607883
2004-11-11 00:00:00.000 +0200,0.82652,0.83404,0.81599,0.83299,440528108
2004-11-12 00:00:00.000 +0200,0.82772,0.83796,0.82517,0.8348,448083757
2004-11-15 00:00:00.000 +0200,0.82878,0.8345,0.81764,0.83119,440736404
2004-11-16 00:00:00.000 +0200,0.82998,0.83058,0.81975,0.82652,337815938
2004-11-17 00:00:00.000 +0200,0.83043,0.83435,0.81584,0.82607,458229598
2004-11-18 00:00:00.000 +0200,0.81704,0.83435,0.81689,0.83359,520802903
2004-11-19 00:00:00.000 +0200,0.83495,0.85631,0.82005,0.83058,878211634
2004-11-22 00:00:00.000 +0200,0.88337,0.963,0.88154,0.93498,2954422190
2004-11-23 00:00:00.000 +0200,0.93817,0.93967,0.91949,0.92265,1030037634
2004-11-24 00:00:00.000 +0200,0.92824,0.98105,0.92613,0.963,1605723943
2004-11-26 00:00:00.000 +0200,0.98331,0.98948,0.96811,0.97232,624819913
2004-11-29 00:00:00.000 +0200,1.03823,1.0468,1.0143,1.02995,1985587345
2004-11-30 00:00:00.000 +0200,1.03507,1.03507,1.0113,1.0122,1085989142
2004-12-01 00:00:00.000 +0200,1.02002,1.02243,0.99715,1.02002,929123829
2004-12-02 00:00:00.000 +0200,0.99505,1.00663,0.97293,0.98045,1137179043
2004-12-03 00:00:00.000 +0200,0.97142,0.97804,0.92914,0.94373,1440754971
2004-12-06 00:00:00.000 +0200,0.96676,0.9967,0.9472,0.99053,1454508709
2004-12-07 00:00:00.000 +0200,0.99204,1.00407,0.94193,0.94524,1165274093
2004-12-08 00:00:00.000 +0200,0.94915,0.96947,0.93365,0.95171,805930284
2004-12-09 00:00:00.000 +0200,0.94419,0.96901,0.93395,0.96224,870734741
2004-12-10 00:00:00.000 +0200,0.97849,0.99384,0.97353,0.9803,909112186
2004-12-13 00:00:00.000 +0200,0.98918,0.99158,0.97202,0.97654,460050063
2004-12-14 00:00:00.000 +0200,0.98308,0.99128,0.97834,0.98195,487938670
2004-12-15 00:00:00.000 +0200,0.98165,0.98496,0.97293,0.9821,453647706
2004-12-16 00:00:00.000 +0200,0.9967,1.01566,0.99384,1.00136,1304604725
2004-12-17 00:00:00.000 +0200,1.00558,1.00874,0.97654,0.97789,919582399
2004-12-20 00:00:00.000 +0200,0.98526,0.99309,0.92929,0.94313,1337073355
2004-12-21 00:00:00.000 +0200,0.95637,0.95953,0.92688,0.95773,1244944760
2004-12-22 00:00:00.000 +0200,0.95788,0.96841,0.95397,0.95848,655358757
2004-12-23 00:00:00.000 +0200,0.95923,0.96676,0.95698,0.96314,287215624
2004-12-27 00:00:00.000 +0200,0.97503,0.9803,0.94614,0.95051,628565711
2004-12-28 00:00:00.000 +0200,0.95246,0.96676,0.93365,0.96525,714108006
2004-12-29 00:00:00.000 +0200,0.95999,0.97774,0.95652,0.96947,523141963
2004-12-30 00:00:00.000 +0200,0.97518,0.97849,0.96631,0.97518,406570217
2004-12-31 00:00:00.000 +0200,0.97639,0.97804,0.96345,0.96901,318524938
2005-01-03 00:00:00.000 +0200,0.97473,0.9797,0.94193,0.95231,796104181
2005-01-04 00:00:00.000 +0200,0.95999,0.98511,0.9475,0.96269,1240440386
2005-01-05 00:00:00.000 +0200,0.96826,0.9818,0.96375,0.97052,793655750
2005-01-06 00:00:00.000 +0200,0.9733,0.97669,0.95291,0.97172,818119707
2005-01-07 00:00:00.000 +0200,0.97804,1.04771,0.97428,1.04199,2604270657
2005-01-10 00:00:00.000 +0200,1.05177,1.06381,1.02138,1.03733,2012767987
2005-01-11 00:00:00.000 +0200,1.02709,1.04049,0.9651,0.97082,3056150184
2005-01-12 00:00:00.000 +0200,0.98331,0.99158,0.95246,0.98511,2371874854
2005-01-13 00:00:00.000 +0200,1.1082,1.11978,1.04921,1.05132,3686793790
2005-01-14 00:00:00.000 +0200,1.05629,1.07916,1.04109,1.05523,1755156137
2005-01-18 00:00:00.000 +0200,1.04936,1.06381,1.04139,1.06291,1160121795
2005-01-19 00:00:00.000 +0200,1.06065,1.07524,1.04951,1.05147,885055568
2005-01-20 00:00:00.000 +0200,1.04801,1.07239,1.0453,1.0599,1055421245
2005-01-21 00:00:00.000 +0200,1.07163,1.07735,1.05328,1.0605,1050263277
2005-01-24 00:00:00.000 +0200,1.06802,1.08006,1.06155,1.06592,982319989
2005-01-25 00:00:00.000 +0200,1.07449,1.09601,1.06742,1.08412,1121472599
2005-01-26 00:00:00.000 +0200,1.0936,1.09465,1.07163,1.08698,858341727
2005-01-27 00:00:00.000 +0200,1.08578,1.09721,1.0766,1.0921,569489850
2005-01-28 00:00:00.000 +0200,1.09285,1.11316,1.09014,1.11211,932674498
2005-01-31 00:00:00.000 +0200,1.12219,1.172,1.12114,1.15635,1969944870
2005-02-01 00:00:00.000 +0200,1.15936,1.17019,1.15228,1.16688,796363934
2005-02-02 00:00:00.000 +0200,1.1729,1.20239,1.16899,1.19833,1191496383
2005-02-03 00:00:00.000 +0200,1.1902,1.19517,1.16357,1.17004,848908393
2005-02-04 00:00:00.000 +0200,1.17169,1.18764,1.16658,1.18734,646824049
2005-02-07 00:00:00.000 +0200,1.18764,1.19396,1.16613,1.18779,607563054
2005-02-08 00:00:00.000 +0200,1.18975,1.22451,1.18554,1.21638,1019818854
2005-02-09 00:00:00.000 +0200,1.21939,1.23369,1.17515,1.18539,1401962608
2005-02-10 00:00:00.000 +0200,1.18448,1.19291,1.15349,1.18042,1261583375
2005-02-11 00:00:00.000 +0200,1.20164,1.23023,1.18779,1.22285,1412715185
2005-02-14 00:00:00.000 +0200,1.24482,1.27582,1.23459,1.27356,1490644105
2005-02-15 00:00:00.000 +0200,1.30396,1.34037,1.29402,1.32984,2688647960
2005-02-16 00:00:00.000 +0200,1.32638,1.35722,1.31434,1.35617,1883854028
2005-02-17 00:00:00.000 +0200,1.36399,1.36745,1.31584,1.32126,1762331856
2005-02-18 00:00:00.000 +0200,1.32066,1.32201,1.29823,1.30591,1224642345
2005-02-22 00:00:00.000 +0200,1.29854,1.32863,1.28425,1.28425,1400920249
2005-02-23 00:00:00.000 +0200,1.30486,1.33089,1.28725,1.32758,1586551740
2005-02-24 00:00:00.000 +0200,1.33134,1.34383,1.32006,1.33766,1783725686
2005-02-25 00:00:00.000 +0200,1.34849,1.35286,1.32698,1.33856,1072163867
2005-02-28 00:00:00.000 +0200,1.34458,1.35842,1.32291,1.34639,745032948
2005-03-01 00:00:00.000 +0200,1.35391,1.35752,1.32893,1.33766,528681310
2005-03-02 00:00:00.000 +0200,1.33164,1.3509,1.32653,1.32713,486819483
2005-03-03 00:00:00.000 +0200,1.33525,1.33646,1.24046,1.25791,1623337759
2005-03-04 00:00:00.000 +0200,1.2868,1.29433,1.25942,1.28951,882252081
2005-03-07 00:00:00.000 +0200,1.28801,1.30155,1.27446,1.28319,523597453
2005-03-08 00:00:00.000 +0200,1.26092,1.26875,1.20675,1.21999,1183321201
2005-03-09 00:00:00.000 +0200,1.20036,1.21217,1.17583,1.19218,1521033978
2005-03-10 00:00:00.000 +0200,1.1896,1.21157,1.17666,1.20013,902084199
2005-03-11 00:00:00.000 +0200,1.21006,1.2215,1.19773,1.21157,725412441
2005-03-14 00:00:00.000 +0200,1.21939,1.22752,1.1893,1.21307,676753340
2005-03-15 00:00:00.000 +0200,1.223,1.23805,1.21127,1.23324,587068236
2005-03-16 00:00:00.000 +0200,1.24016,1.27326,1.22722,1.23865,764393010
2005-03-17 00:00:00.000 +0200,1.24979,1.29041,1.24347,1.27176,910196663
2005-03-18 00:00:00.000 +0200,1.30396,1.30727,1.27898,1.29192,1016457969
2005-03-21 00:00:00.000 +0200,1.30275,1.32322,1.28981,1.31659,618152754
2005-03-22 00:00:00.000 +0200,1.31539,1.32292,1.2844,1.28771,647789062
2005-03-23 00:00:00.000 +0200,1.27747,1.30606,1.26453,1.27988,695737545
2005-03-24 00:00:00.000 +0200,1.29132,1.29402,1.27898,1.28048,408193472
2005-03-28 00:00:00.000 +0200,1.2865,1.29282,1.27808,1.28048,314052145
2005-03-29 00:00:00.000 +0200,1.28078,1.28891,1.24888,1.25581,531575321
2005-03-30 00:00:00.000 +0200,1.26663,1.28801,1.25913,1.2859,457252698
2005-03-31 00:00:00.000 +0200,1.27747,1.27958,1.25159,1.25611,685136839
2005-04-01 00:00:00.000 +0200,1.26664,1.26935,1.2209,1.23143,739330132
2005-04-04 00:00:00.000 +0200,1.23384,1.24317,1.20885,1.23685,656896146
2005-04-05 00:00:00.000 +0200,1.24046,1.27115,1.23655,1.25942,651380345
2005-04-06 00:00:00.000 +0200,1.27597,1.28831,1.26845,1.27326,484757400
2005-04-07 00:00:00.000 +0200,1.2803,1.3166,1.27788,1.31599,571011357
2005-04-08 00:00:00.000 +0200,1.31509,1.33766,1.31028,1.3166,752312782
2005-04-11 00:00:00.000 +0200,1.32863,1.33164,1.26122,1.26182,934502749
2005-04-12 00:00:00.000 +0200,1.27868,1.29974,1.26423,1.28379,1144030070
2005-04-13 00:00:00.000 +0200,1.29252,1.29372,1.23173,1.23534,1652259914
2005-04-14 00:00:00.000 +0200,1.16793,1.1905,1.10865,1.12159,3202296902
2005-04-15 00:00:00.000 +0200,1.10203,1.12099,1.0617,1.06321,1988467916
2005-04-18 00:00:00.000 +0200,1.05328,1.0924,1.02318,1.07193,1535973607
2005-04-19 00:00:00.000 +0200,1.10143,1.1267,1.07946,1.11587,1266872512
2005-04-20 00:00:00.000 +0200,1.13332,1.13573,1.06652,1.06862,1111137768
2005-04-21 00:00:00.000 +0200,1.09541,1.11978,1.08036,1.11918,877410180
2005-04-22 00:00:00.000 +0200,1.11346,1.11346,1.05483,1.07326,972153219
2005-04-25 00:00:00.000 +0200,1.09812,1.11407,1.08668,1.11286,864783296
2005-04-26 00:00:00.000 +0200,1.10684,1.12881,1.08698,1.08969,940240808
2005-04-27 00:00:00.000 +0200,1.08006,1.0942,1.06862,1.08156,702509748
2005-04-28 00:00:00.000 +0200,1.0927,1.0936,1.06108,1.06981,656008334
2005-04-29 00:00:00.000 +0200,1.08788,1.09029,1.0599,1.08457,752266675
2005-05-02 00:00:00.000 +0200,1.08969,1.10293,1.08397,1.09541,540818560
2005-05-03 00:00:00.000 +0200,1.09541,1.10564,1.08427,1.09059,561896259
2005-05-04 00:00:00.000 +0200,1.08668,1.11948,1.08638,1.11557,518045813
2005-05-05 00:00:00.000 +0200,1.12099,1.12159,1.09751,1.10443,453248600
2005-05-06 00:00:00.000 +0200,1.11254,1.12339,1.10952,1.12189,376404880
2005-05-09 00:00:00.000 +0200,1.12189,1.127,1.10594,1.11196,408319125
2005-05-10 00:00:00.000 +0200,1.10594,1.12099,1.0933,1.09511,515734293
2005-05-11 00:00:00.000 +0200,1.0593,1.07344,0.9964,1.07073,2359281148
2005-05-12 00:00:00.000 +0200,1.06592,1.07103,1.02318,1.0286,1110888793
2005-05-13 00:00:00.000 +0200,1.0292,1.0602,1.02529,1.04635,811940641
2005-05-16 00:00:00.000 +0200,1.04004,1.07434,1.03913,1.06983,548299789
2005-05-17 00:00:00.000 +0200,1.05749,1.06712,1.03943,1.06411,686808576
2005-05-18 00:00:00.000 +0200,1.06682,1.08758,1.05298,1.07735,738496271
2005-05-19 00:00:00.000 +0200,1.07675,1.13393,1.07675,1.13001,903562740
2005-05-20 00:00:00.000 +0200,1.12099,1.13302,1.11918,1.13032,529089945
2005-05-23 00:00:00.000 +0200,1.13904,1.20073,1.13904,1.19472,1227606705
2005-05-24 00:00:00.000 +0200,1.18838,1.20344,1.17573,1.19651,687998523
2005-05-25 00:00:00.000 +0200,1.1887,1.20224,1.18328,1.19712,474038014
2005-05-26 00:00:00.000 +0200,1.20194,1.23203,1.20194,1.22631,613994483
2005-05-27 00:00:00.000 +0200,1.223,1.22752,1.20405,1.21879,366705538
2005-05-31 00:00:00.000 +0200,1.22361,1.22601,1.19592,1.19592,445117032
2005-06-01 00:00:00.000 +0200,1.20043,1.22662,1.19953,1.21277,502031237
2005-06-02 00:00:00.000 +0200,1.20525,1.21337,1.19171,1.20465,425874735
2005-06-03 00:00:00.000 +0200,1.14837,1.16101,1.13664,1.15048,1066579798
2005-06-06 00:00:00.000 +0200,1.15349,1.16252,1.13032,1.14055,930391753
2005-06-07 00:00:00.000 +0200,1.13152,1.13543,1.09691,1.09962,868113724
2005-06-08 00:00:00.000 +0200,1.10233,1.12099,1.10143,1.11166,477937789
2005-06-09 00:00:00.000 +0200,1.11346,1.14175,1.10801,1.13333,456567900
2005-06-10 00:00:00.000 +0200,1.1255,1.1255,1.06892,1.07735,777931448
2005-06-13 00:00:00.000 +0200,1.08006,1.10173,1.07886,1.07976,491641574
2005-06-14 00:00:00.000 +0200,1.08096,1.08788,1.07585,1.08307,410133852
2005-06-15 00:00:00.000 +0200,1.10955,1.12249,1.0924,1.11527,652142426
2005-06-16 00:00:00.000 +0200,1.11918,1.14596,1.10805,1.14295,630891834
2005-06-17 00:00:00.000 +0200,1.1577,1.15981,1.13844,1.15078,682723629
2005-06-20 00:00:00.000 +0200,1.13904,1.14627,1.12701,1.13272,377792715
2005-06-21 00:00:00.000 +0200,1.13513,1.14927,1.1249,1.13964,425243253
2005-06-22 00:00:00.000 +0200,1.15138,1.16161,1.14777,1.16041,503223513
2005-06-23 00:00:00.000 +0200,1.16853,1.19712,1.16312,1.17004,785744044
2005-06-24 00:00:00.000 +0200,1.17636,1.17726,1.13393,1.13874,489397078
2005-06-27 00:00:00.000 +0200,1.10865,1.14657,1.10383,1.11677,691480047
2005-06-28 00:00:00.000 +0200,1.12836,1.13122,1.11858,1.12219,403814632
2005-06-29 00:00:00.000 +0200,1.12039,1.12219,1.08698,1.0939,522536602
2005-06-30 00:00:00.000 +0200,1.10173,1.11828,1.0927,1.10654,475925875
2005-07-01 00:00:00.000 +0200,1.10835,1.11256,1.0921,1.09902,279448582
2005-07-05 00:00:00.000 +0200,1.10021,1.14807,1.09901,1.14386,528030158
2005-07-06 00:00:00.000 +0200,1.13483,1.14837,1.11948,1.1264,460819048
2005-07-07 00:00:00.000 +0200,1.10775,1.13633,1.10744,1.13393,438741625
2005-07-08 00:00:00.000 +0200,1.13934,1.15198,1.12761,1.15048,339099160
2005-07-11 00:00:00.000 +0200,1.15469,1.16312,1.13694,1.14627,441101025
2005-07-12 00:00:00.000 +0200,1.15048,1.15559,1.14085,1.15078,450271305
2005-07-13 00:00:00.000 +0200,1.15228,1.1586,1.14055,1.15559,911029304
2005-07-14 00:00:00.000 +0200,1.22662,1.26423,1.21067,1.22662,2407256223
2005-07-15 00:00:00.000 +0200,1.23203,1.25099,1.21759,1.25009,780257095
2005-07-18 00:00:00.000 +0200,1.24618,1.26694,1.24618,1.24798,681126063
2005-07-19 00:00:00.000 +0200,1.24949,1.30095,1.24858,1.30095,761960774
2005-07-20 00:00:00.000 +0200,1.28981,1.3181,1.28349,1.31328,531859705
2005-07-21 00:00:00.000 +0200,1.31598,1.32532,1.2952,1.30424,463809146
2005-07-22 00:00:00.000 +0200,1.30727,1.32412,1.30576,1.32382,349749665
2005-07-25 00:00:00.000 +0200,1.32382,1.33254,1.31599,1.3193,338022613
2005-07-26 00:00:00.000 +0200,1.32472,1.32743,1.30486,1.31178,312127226
2005-07-27 00:00:00.000 +0200,1.319,1.32623,1.28409,1.32352,323777328
2005-07-28 00:00:00.000 +0200,1.32291,1.32412,1.30305,1.3175,293341928
2005-07-29 00:00:00.000 +0200,1.31088,1.33555,1.27176,1.28349,650702897
2005-08-01 00:00:00.000 +0200,1.28199,1.29643,1.26634,1.2853,360861182
2005-08-02 00:00:00.000 +0200,1.29071,1.30907,1.28229,1.30125,329098814
2005-08-03 00:00:00.000 +0200,1.29974,1.30335,1.2871,1.29944,293049230
2005-08-04 00:00:00.000 +0200,1.29342,1.29402,1.27266,1.2853,322599299
2005-08-05 00:00:00.000 +0200,1.27898,1.30486,1.27747,1.29402,275638846
2005-08-08 00:00:00.000 +0200,1.29402,1.30155,1.28229,1.28439,202769021
2005-08-09 00:00:00.000 +0200,1.29192,1.32081,1.29132,1.3187,433702304
2005-08-10 00:00:00.000 +0200,1.32711,1.33585,1.3063,1.3078,416089946
2005-08-11 00:00:00.000 +0200,1.30245,1.32773,1.30155,1.32412,314617757
2005-08-12 00:00:00.000 +0200,1.30606,1.39093,1.30486,1.38762,1032614110
2005-08-15 00:00:00.000 +0200,1.39935,1.45442,1.39785,1.43486,1259906837
2005-08-16 00:00:00.000 +0200,1.42583,1.42945,1.39063,1.39243,622739297
2005-08-17 00:00:00.000 +0200,1.39634,1.42764,1.39544,1.41921,586164856
2005-08-18 00:00:00.000 +0200,1.41169,1.4144,1.37678,1.39273,516515427
2005-08-19 00:00:00.000 +0200,1.39183,1.40537,1.37738,1.37949,440452686
2005-08-22 00:00:00.000 +0200,1.38882,1.40688,1.36204,1.38009,445365837
2005-08-23 00:00:00.000 +0200,1.37979,1.38732,1.36384,1.37528,341518777
2005-08-24 00:00:00.000 +0200,1.37257,1.41801,1.37197,1.37768,663543733
2005-08-25 00:00:00.000 +0200,1.38792,1.39905,1.37859,1.38521,313335288
2005-08-26 00:00:00.000 +0200,1.38762,1.39454,1.36505,1.37678,302880083
2005-08-29 00:00:00.000 +0200,1.36441,1.38521,1.36201,1.37946,293798902
2005-08-30 00:00:00.000 +0200,1.384,1.40808,1.3819,1.40236,595490788
2005-08-31 00:00:00.000 +0200,1.40958,1.4153,1.39391,1.41319,455147339
2005-09-01 00:00:00.000 +0200,1.4144,1.41951,1.38701,1.39243,394376590
2005-09-02 00:00:00.000 +0200,1.39364,1.40838,1.38792,1.38972,254572567
2005-09-06 00:00:00.000 +0200,1.40507,1.47097,1.40086,1.46827,928328987
2005-09-07 00:00:00.000 +0200,1.47609,1.48662,1.44209,1.46435,1101822142
2005-09-08 00:00:00.000 +0200,1.48512,1.50829,1.4788,1.49746,806829532
2005-09-09 00:00:00.000 +0200,1.50588,1.54531,1.49836,1.5438,713386441
2005-09-12 00:00:00.000 +0200,1.53778,1.55373,1.52213,1.54681,518884697
2005-09-13 00:00:00.000 +0200,1.53538,1.5435,1.51431,1.52966,556911658
2005-09-14 00:00:00.000 +0200,1.54019,1.54049,1.48849,1.49415,540519547
2005-09-15 00:00:00.000 +0200,1.50468,1.5101,1.48452,1.50107,468651111
2005-09-16 00:00:00.000 +0200,1.51338,1.54109,1.50494,1.53929,630244301
2005-09-19 00:00:00.000 +0200,1.53628,1.59165,1.53628,1.58473,914674327
2005-09-20 00:00:00.000 +0200,1.59496,1.61934,1.59255,1.60188,943657366
2005-09-21 00:00:00.000 +0200,1.59376,1.59647,1.56065,1.56788,501730523
2005-09-22 00:00:00.000 +0200,1.56336,1.57901,1.5444,1.56216,513110054
2005-09-23 00:00:00.000 +0200,1.56788,1.61001,1.56005,1.60098,643400909
2005-09-26 00:00:00.000 +0200,1.62596,1.64191,1.60459,1.61994,623240120
2005-09-27 00:00:00.000 +0200,1.62265,1.63228,1.6079,1.6079,400563826
2005-09-28 00:00:00.000 +0200,1.59707,1.59827,1.52244,1.53688,1295338183
2005-09-29 00:00:00.000 +0200,1.54169,1.58262,1.52906,1.5748,738796148
2005-09-30 00:00:00.000 +0200,1.5748,1.61452,1.56126,1.61422,610410713
2005-10-03 00:00:00.000 +0200,1.62987,1.6413,1.61542,1.6383,578439283
2005-10-04 00:00:00.000 +0200,1.65364,1.66568,1.61422,1.61573,626756569
2005-10-05 00:00:00.000 +0200,1.63559,1.63589,1.58862,1.58922,710191708
2005-10-06 00:00:00.000 +0200,1.60098,1.60971,1.53086,1.55554,882453649
2005-10-07 00:00:00.000 +0200,1.55704,1.56276,1.52123,1.5432,782839327
2005-10-10 00:00:00.000 +0200,1.56186,1.56216,1.51311,1.51461,572520545
2005-10-11 00:00:00.000 +0200,1.54169,1.56095,1.51672,1.5528,1439437768
2005-10-12 00:00:00.000 +0200,1.46405,1.51371,1.44058,1.48241,3114505589
2005-10-13 00:00:00.000 +0200,1.48783,1.62355,1.48271,1.61452,2150624709
2005-10-14 00:00:00.000 +0200,1.62596,1.63559,1.58864,1.62505,1195618877
2005-10-17 00:00:00.000 +0200,1.62174,1.63198,1.58533,1.6082,717591533
2005-10-18 00:00:00.000 +0200,1.60248,1.62355,1.57089,1.57179,705191594
2005-10-19 00:00:00.000 +0200,1.56726,1.65394,1.54137,1.65154,1169960710
2005-10-20 00:00:00.000 +0200,1.6392,1.70029,1.63559,1.68976,1568345240
2005-10-21 00:00:00.000 +0200,1.71022,1.71473,1.66598,1.67411,919849691
2005-10-24 00:00:00.000 +0200,1.66384,1.70902,1.65902,1.70721,704245084
2005-10-25 00:00:00.000 +0200,1.69728,1.71082,1.67591,1.68825,525875886
2005-10-26 00:00:00.000 +0200,1.69367,1.73219,1.68283,1.71654,700290346
2005-10-27 00:00:00.000 +0200,1.71503,1.71564,1.66779,1.66779,475318529
2005-10-28 00:00:00.000 +0200,1.68584,1.69818,1.63017,1.63739,877759134
2005-10-31 00:00:00.000 +0200,1.66117,1.74483,1.64762,1.73339,1086839894
2005-11-01 00:00:00.000 +0200,1.72256,1.74964,1.71142,1.73098,870818028
2005-11-02 00:00:00.000 +0200,1.737,1.80562,1.73339,1.80441,998959830
2005-11-03 00:00:00.000 +0200,1.81344,1.87543,1.80923,1.86129,1014487619
2005-11-04 00:00:00.000 +0200,1.81615,1.84293,1.79418,1.83872,1004394456
2005-11-07 00:00:00.000 +0200,1.8312,1.85587,1.80983,1.81284,735139080
2005-11-08 00:00:00.000 +0200,1.80411,1.81705,1.77853,1.8005,552346720
2005-11-09 00:00:00.000 +0200,1.80562,1.84203,1.80562,1.81103,613956564
2005-11-10 00:00:00.000 +0200,1.82488,1.84173,1.77582,1.83962,771827141
2005-11-11 00:00:00.000 +0200,1.85196,1.86911,1.84594,1.85166,491381517
2005-11-14 00:00:00.000 +0200,1.85196,1.8652,1.833,1.85015,423919221
2005-11-15 00:00:00.000 +0200,1.84955,1.8983,1.84955,1.87453,620494307
2005-11-16 00:00:00.000 +0200,1.90041,1.95789,1.89861,1.95518,882513600
2005-11-17 00:00:00.000 +0200,1.97384,1.98257,1.93351,1.94194,761499096
2005-11-18 00:00:00.000 +0200,1.96662,1.96902,1.93712,1.94615,608126981
2005-11-21 00:00:00.000 +0200,1.95097,1.9618,1.91786,1.95337,581438770
2005-11-22 00:00:00.000 +0200,1.95127,2.009,1.94164,2.009,631821201
2005-11-23 00:00:00.000 +0200,2.0127,2.0458,2.0069,2.0187,569137793
2005-11-25 00:00:00.000 +0200,2.0423,2.0927,2.0375,2.0909,458439542
2005-11-28 00:00:00.000 +0200,2.1282,2.1388,2.0786,2.0966,1170144203
2005-11-29 00:00:00.000 +0200,2.1063,2.1156,2.0268,2.05,1022087080
2005-11-30 00:00:00.000 +0200,2.0593,2.0719,2.0319,2.0403,668508211
2005-12-01 00:00:00.000 +0200,2.0758,2.1586,2.0731,2.1586,932787349
2005-12-02 00:00:00.000 +0200,2.1694,2.189,2.1276,2.1845,1045464716
2005-12-05 00:00:00.000 +0200,2.1652,2.1827,2.1514,2.1607,655998795
2005-12-06 00:00:00.000 +0200,2.2251,2.2519,2.2074,2.2281,992372676
2005-12-07 00:00:00.000 +0200,2.2338,2.2408,2.2004,2.2254,786262132
2005-12-08 00:00:00.000 +0200,2.2029,2.232,2.1848,2.2287,923706395
2005-12-09 00:00:00.000 +0200,2.2332,2.2447,2.2074,2.2375,640646963
2005-12-12 00:00:00.000 +0200,2.2531,2.2676,2.2438,2.2546,598342067
2005-12-13 00:00:00.000 +0200,2.2525,2.2709,2.2332,2.2564,564501326
2005-12-14 00:00:00.000 +0200,2.1827,2.2059,2.1147,2.1676,1681496895
2005-12-15 00:00:00.000 +0200,2.1872,2.1926,2.1472,2.1706,641093374
2005-12-16 00:00:00.000 +0200,2.171,2.1758,2.1385,2.14,684186854
2005-12-19 00:00:00.000 +0200,2.1429,2.1848,2.1408,2.151,612472927
2005-12-20 00:00:00.000 +0200,2.1555,2.1782,2.1403,2.17,546213006
2005-12-21 00:00:00.000 +0200,2.1836,2.2152,2.183,2.2116,552231028
2005-12-22 00:00:00.000 +0200,2.2242,2.2417,2.2149,2.2275,433379311
2005-12-23 00:00:00.000 +0200,2.232,2.2348,2.2059,2.2077,270127212
2005-12-27 00:00:00.000 +0200,2.2269,2.2624,2.2254,2.2329,687351351
2005-12-28 00:00:00.000 +0200,2.2402,2.2498,2.2065,2.2146,461540446
2005-12-29 00:00:00.000 +0200,2.2203,2.2215,2.1493,2.1499,571261084
2005-12-30 00:00:00.000 +0200,2.1339,2.1797,2.1168,2.1583,728932062
2006-01-03 00:00:00.000 +0200,2.1767,2.2495,2.1743,2.2492,915422873
2006-01-04 00:00:00.000 +0200,2.2678,2.2865,2.2506,2.2636,699352729
2006-01-05 00:00:00.000 +0200,2.2519,2.254,2.2194,2.2384,511135006
2006-01-06 00:00:00.000 +0200,2.2642,2.3082,2.2435,2.2964,806517904
2006-01-09 00:00:00.000 +0200,2.3091,2.3232,2.2793,2.288,782774337
2006-01-10 00:00:00.000 +0200,2.2949,2.4644,2.282,2.4355,2664039320
2006-01-11 00:00:00.000 +0200,2.523,2.5519,2.4854,2.5264,1734248923
2006-01-12 00:00:00.000 +0200,2.5568,2.6001,2.5164,2.539,1495930246
2006-01-13 00:00:00.000 +0200,2.5609,2.5884,2.5492,2.5796,904176837
2006-01-17 00:00:00.000 +0200,2.579,2.5995,2.524,2.5501,961118443
2006-01-18 00:00:00.000 +0200,2.5002,2.5294,2.4632,2.4833,1394193954
2006-01-19 00:00:00.000 +0200,2.4451,2.4574,2.3696,2.3792,1926907876
2006-01-20 00:00:00.000 +0200,2.3858,2.4087,2.282,2.2898,1296183798
2006-01-23 00:00:00.000 +0200,2.2898,2.3942,2.2871,2.3365,1224002609
2006-01-24 00:00:00.000 +0200,2.3702,2.39,2.2802,2.288,1321133344
2006-01-25 00:00:00.000 +0200,2.3289,2.3323,2.2044,2.2332,1489613166
2006-01-26 00:00:00.000 +0200,2.2429,2.27,2.1646,2.1767,1382441538
2006-01-27 00:00:00.000 +0200,2.1953,2.2149,2.1397,2.1664,1076121983
2006-01-30 00:00:00.000 +0200,2.143,2.3052,2.1327,2.263,1606701614
2006-01-31 00:00:00.000 +0200,2.2721,2.2973,2.2194,2.2694,1037765114
2006-02-01 00:00:00.000 +0200,2.2555,2.301,2.2462,2.2691,585365631
2006-02-02 00:00:00.000 +0200,2.26,2.2679,2.1682,2.1694,797778788
2006-02-03 00:00:00.000 +0200,2.1746,2.1905,2.1378,2.1622,763472512
2006-02-06 00:00:00.000 +0200,2.1673,2.1821,2.0084,2.0235,1925867035
2006-02-07 00:00:00.000 +0200,2.0539,2.0909,2.0066,2.0334,1616315586
2006-02-08 00:00:00.000 +0200,2.0611,2.0789,1.9862,2.0698,1112670749
2006-02-09 00:00:00.000 +0200,2.0795,2.0834,1.94194,1.95428,1342156926
2006-02-10 00:00:00.000 +0200,1.9615,2.0364,1.89289,2.0268,2051903167
2006-02-13 00:00:00.000 +0200,2.0051,2.0087,1.94525,1.94796,996572855
2006-02-14 00:00:00.000 +0200,1.95909,2.0494,1.95608,2.0358,1285106406
2006-02-15 00:00:00.000 +0200,2.0226,2.0951,2.0087,2.0831,1281953755
2006-02-16 00:00:00.000 +0200,2.1059,2.1369,2.0927,2.1249,1095186561
2006-02-17 00:00:00.000 +0200,2.1144,2.1333,2.0948,2.115,650148123
2006-02-21 00:00:00.000 +0200,2.1243,2.1306,2.0668,2.0789,870518987
2006-02-22 00:00:00.000 +0200,2.0774,2.1568,2.0464,2.146,1108861452
2006-02-23 00:00:00.000 +0200,2.1604,2.1968,2.1496,2.1589,985588698
2006-02-24 00:00:00.000 +0200,2.171,2.1935,2.1427,2.1502,610636155
2006-02-27 00:00:00.000 +0200,2.1664,2.1704,2.1261,2.1321,920228203
2006-02-28 00:00:00.000 +0200,2.1532,2.1788,2.0494,2.0611,1404894172
2006-03-01 00:00:00.000 +0200,2.0765,2.0912,2.047,2.0795,860372643
2006-03-02 00:00:00.000 +0200,2.076,2.1063,2.0665,2.0945,685307686
2006-03-03 00:00:00.000 +0200,2.0885,2.1038,2.0322,2.0373,831974015
2006-03-06 00:00:00.000 +0200,2.0373,2.0379,1.95428,1.97143,1047121904
2006-03-07 00:00:00.000 +0200,1.97896,2.0133,1.95849,1.99551,1010875942
2006-03-08 00:00:00.000 +0200,1.9949,2.0223,1.96662,1.97595,754221507
2006-03-09 00:00:00.000 +0200,1.98558,2.00032,1.92027,1.92298,920984751
2006-03-10 00:00:00.000 +0200,1.9275,1.94074,1.87935,1.90161,1196566720
2006-03-13 00:00:00.000 +0200,1.95819,1.9946,1.94976,1.97414,986403141
2006-03-14 00:00:00.000 +0200,1.97926,2.0259,1.97324,2.025,736707984
2006-03-15 00:00:00.000 +0200,2.0376,2.0476,1.97173,1.9934,1032521570
2006-03-16 00:00:00.000 +0200,2.0118,2.0133,1.93502,1.93532,869472838
2006-03-17 00:00:00.000 +0200,1.94826,1.95548,1.9293,1.94495,909627234
2006-03-20 00:00:00.000 +0200,1.9627,1.96993,1.92208,1.92599,701192861
2006-03-21 00:00:00.000 +0200,1.93502,1.93622,1.84745,1.85948,1536496537
2006-03-22 00:00:00.000 +0200,1.87062,1.90342,1.84383,1.85557,1555155563
2006-03-23 00:00:00.000 +0200,1.86039,1.86279,1.79388,1.81013,1643585973
2006-03-24 00:00:00.000 +0200,1.81314,1.8339,1.77643,1.80351,1212296427
2006-03-27 00:00:00.000 +0200,1.81615,1.84714,1.78756,1.79117,1293651673
2006-03-28 00:00:00.000 +0200,1.79508,1.80983,1.75295,1.76589,1561945207
2006-03-29 00:00:00.000 +0200,1.78314,1.88145,1.73911,1.87934,2699807303
2006-03-30 00:00:00.000 +0200,1.89048,1.90492,1.85166,1.88837,1588050040
2006-03-31 00:00:00.000 +0200,1.90342,1.91425,1.87303,1.88928,933462342
2006-04-03 00:00:00.000 +0200,1.91606,1.9296,1.88416,1.88566,939180433
2006-04-04 00:00:00.000 +0200,1.86851,1.87242,1.83721,1.84083,1040313983
2006-04-05 00:00:00.000 +0200,1.94735,2.0226,1.93079,2.022,2590659480
2006-04-06 00:00:00.000 +0200,2.0554,2.1682,2.0548,2.1427,3097330583
2006-04-07 00:00:00.000 +0200,2.1345,2.143,2.0605,2.0996,1769837950
2006-04-10 00:00:00.000 +0200,2.1153,2.1345,2.0599,2.0659,1054746742
2006-04-11 00:00:00.000 +0200,2.0762,2.0855,2.0184,2.0485,1081901133
2006-04-12 00:00:00.000 +0200,2.0467,2.0515,1.9952,2.0093,862247868
2006-04-13 00:00:00.000 +0200,1.99641,2.0295,1.98046,2.0003,848322401
2006-04-17 00:00:00.000 +0200,2.0015,2.0115,1.93652,1.95037,825413185
2006-04-18 00:00:00.000 +0200,1.95733,2.00032,1.94966,1.99269,920682986
2006-04-19 00:00:00.000 +0200,2.0109,2.0163,1.97023,1.97534,1175611369
2006-04-20 00:00:00.000 +0200,2.0975,2.1066,1.9976,2.0408,1841552586
2006-04-21 00:00:00.000 +0200,2.0521,2.0656,2.0003,2.0163,889886859
2006-04-24 00:00:00.000 +0200,2.0118,2.0139,1.97113,1.97865,771203526
2006-04-25 00:00:00.000 +0200,1.98497,2.0039,1.97294,1.99129,584425261
2006-04-26 00:00:00.000 +0200,2.0057,2.0548,1.9982,2.0485,785161753
2006-04-27 00:00:00.000 +0200,2.0382,2.1023,2.0268,2.087,871094980
2006-04-28 00:00:00.000 +0200,2.0877,2.1457,2.0825,2.1186,831144921
2006-05-01 00:00:00.000 +0200,2.1297,2.1529,2.0813,2.0963,821912075
2006-05-02 00:00:00.000 +0200,2.1111,2.1661,2.1099,2.1553,833241289
2006-05-03 00:00:00.000 +0200,2.1616,2.1652,2.112,2.1415,756320638
2006-05-04 00:00:00.000 +0200,2.1433,2.1935,2.1204,2.14,936443102
2006-05-05 00:00:00.000 +0200,2.1613,2.1743,2.1412,2.1634,617536069
2006-05-08 00:00:00.000 +0200,2.1965,2.2209,2.1583,2.1622,693337795
2006-05-09 00:00:00.000 +0200,2.1615,2.1836,2.1252,2.1397,620486825
2006-05-10 00:00:00.000 +0200,2.1454,2.1466,2.0948,2.1246,524923252
2006-05-11 00:00:00.000 +0200,2.1305,2.1318,2.0328,2.0512,939636718
2006-05-12 00:00:00.000 +0200,2.0419,2.0671,2.0121,2.0403,748705417
2006-05-15 00:00:00.000 +0200,2.0274,2.0578,2.0199,2.0409,606925500
2006-05-16 00:00:00.000 +0200,2.0494,2.0539,1.94856,1.95669,1064192548
2006-05-17 00:00:00.000 +0200,1.94721,1.97715,1.9281,1.9627,875594944
2006-05-18 00:00:00.000 +0200,1.97264,1.994,1.89951,1.90101,763481578
2006-05-19 00:00:00.000 +0200,1.90372,1.95247,1.89048,1.94043,1131908045
2006-05-22 00:00:00.000 +0200,1.92328,1.92569,1.88898,1.90703,815216403
2006-05-23 00:00:00.000 +0200,1.95187,1.9618,1.8959,1.8962,793272526
2006-05-24 00:00:00.000 +0200,1.8956,1.91546,1.85256,1.90583,1041676930
2006-05-25 00:00:00.000 +0200,1.93381,1.93953,1.90462,1.93652,523116829
2006-05-26 00:00:00.000 +0200,1.93532,1.94284,1.90011,1.91395,487697064
2006-05-30 00:00:00.000 +0200,1.90462,1.90493,1.84233,1.84233,639707896
2006-05-31 00:00:00.000 +0200,1.85843,1.85948,1.76619,1.79328,1448109593
2006-06-01 00:00:00.000 +0200,1.80291,1.87423,1.79117,1.87062,1085431839
2006-06-02 00:00:00.000 +0200,1.8956,1.89891,1.8321,1.85557,790550268
2006-06-05 00:00:00.000 +0200,1.84022,1.84022,1.80471,1.80592,687190683
2006-06-06 00:00:00.000 +0200,1.81224,1.82457,1.77281,1.79749,845237891
2006-06-07 00:00:00.000 +0200,1.80863,1.81765,1.75596,1.76168,878596606
2006-06-08 00:00:00.000 +0200,1.75867,1.8336,1.71985,1.82879,1630384887
2006-06-09 00:00:00.000 +0200,1.84113,1.85256,1.77853,1.78244,907232591
2006-06-12 00:00:00.000 +0200,1.78756,1.79749,1.71413,1.71564,830875415
2006-06-13 00:00:00.000 +0200,1.73369,1.77853,1.72617,1.75385,1252829928
2006-06-14 00:00:00.000 +0200,1.75386,1.7689,1.70601,1.73339,1029415696
2006-06-15 00:00:00.000 +0200,1.72436,1.79779,1.70781,1.78696,1387731807
2006-06-16 00:00:00.000 +0200,1.77417,1.78124,1.73098,1.73246,969629062
2006-06-19 00:00:00.000 +0200,1.74031,1.75085,1.71533,1.72226,831492010
2006-06-20 00:00:00.000 +0200,1.73369,1.75596,1.72406,1.72918,779262823
2006-06-21 00:00:00.000 +0200,1.7376,1.7668,1.72436,1.74031,1010963206
2006-06-22 00:00:00.000 +0200,1.75115,1.79809,1.74754,1.79448,1133774244
2006-06-23 00:00:00.000 +0200,1.79719,1.81073,1.7674,1.7674,774714063
2006-06-26 00:00:00.000 +0200,1.78064,1.78154,1.75656,1.77521,513005945
2006-06-27 00:00:00.000 +0200,1.77823,1.78214,1.72797,1.72828,585078173
2006-06-28 00:00:00.000 +0200,1.72406,1.72436,1.66749,1.68593,949719576
2006-06-29 00:00:00.000 +0200,1.7084,1.77823,1.69727,1.77673,956141111
2006-06-30 00:00:00.000 +0200,1.73309,1.73791,1.70029,1.72346,795660985
2006-07-03 00:00:00.000 +0200,1.73098,1.75085,1.72557,1.74392,221806609
2006-07-05 00:00:00.000 +0200,1.71925,1.73339,1.70209,1.71533,579269591
2006-07-06 00:00:00.000 +0200,1.72015,1.72737,1.67438,1.6792,693999953
2006-07-07 00:00:00.000 +0200,1.66959,1.70179,1.64522,1.66839,896328666
2006-07-10 00:00:00.000 +0200,1.67621,1.69999,1.6401,1.65485,626840144
2006-07-11 00:00:00.000 +0200,1.65846,1.68494,1.641,1.67411,957195088
2006-07-12 00:00:00.000 +0200,1.65996,1.66237,1.59346,1.59406,1074768946
2006-07-13 00:00:00.000 +0200,1.56697,1.62867,1.54711,1.57119,1452828438
2006-07-14 00:00:00.000 +0200,1.58473,1.59165,1.5101,1.52123,1167042611
2006-07-17 00:00:00.000 +0200,1.55674,1.59827,1.55433,1.5739,1126172534
2006-07-18 00:00:00.000 +0200,1.59962,1.62054,1.56035,1.59436,1090570919
2006-07-19 00:00:00.000 +0200,1.59376,1.65756,1.5757,1.62836,1524997735
2006-07-20 00:00:00.000 +0200,1.84018,1.85346,1.80275,1.82702,2090367145
2006-07-21 00:00:00.000 +0200,1.8002,1.84022,1.79659,1.82819,945498773
2006-07-24 00:00:00.000 +0200,1.84353,1.86881,1.81856,1.85015,806852343
2006-07-25 00:00:00.000 +0200,1.85918,1.86851,1.82909,1.86309,633251209
2006-07-26 00:00:00.000 +0200,1.8643,1.94525,1.85617,1.92178,994354442
2006-07-27 00:00:00.000 +0200,1.94119,1.95669,1.89168,1.90733,800710203
2006-07-28 00:00:00.000 +0200,1.92418,1.97655,1.91094,1.97384,758415412
2006-07-31 00:00:00.000 +0200,2.0112,2.0653,1.9946,2.0427,989144201
2006-08-01 00:00:00.000 +0200,2.0229,2.0443,1.98437,2.022,776927736
2006-08-02 00:00:00.000 +0200,2.0358,2.0668,2.0316,2.0479,615208670
2006-08-03 00:00:00.000 +0200,2.0437,2.1066,2.0409,2.0948,937184443
2006-08-04 00:00:00.000 +0200,2.0178,2.0647,1.95488,2.0569,2069834109
2006-08-07 00:00:00.000 +0200,2.0379,2.0945,1.99551,2.0235,1450111876
2006-08-08 00:00:00.000 +0200,2.0189,2.0196,1.94128,1.9491,1057901329
2006-08-09 00:00:00.000 +0200,1.96932,1.97414,1.90823,1.91364,1072865696
2006-08-10 00:00:00.000 +0200,1.898,1.95037,1.88687,1.9281,754983660
2006-08-11 00:00:00.000 +0200,1.90282,1.9299,1.88326,1.91787,863614603
2006-08-14 00:00:00.000 +0200,1.9275,1.96271,1.91395,1.92178,809128723
2006-08-15 00:00:00.000 +0200,1.96632,2.00122,1.95007,2.00122,972811752
2006-08-16 00:00:00.000 +0200,2.0202,2.0485,1.99699,2.0479,882075302
2006-08-17 00:00:00.000 +0200,2.0464,2.0662,2.0217,2.0343,644740581
2006-08-18 00:00:00.000 +0200,2.0376,2.0584,2.0241,2.0437,596106619
2006-08-21 00:00:00.000 +0200,2.0253,2.0256,1.99069,2.0045,603153181
2006-08-22 00:00:00.000 +0200,2.0066,2.056,2.0012,2.0352,653618084
2006-08-23 00:00:00.000 +0200,2.0464,2.0659,2.0145,2.0253,591094684
2006-08-24 00:00:00.000 +0200,2.0431,2.0521,1.9943,2.0415,755862843
2006-08-25 00:00:00.000 +0200,2.0265,2.078,2.0256,2.0686,596942871
2006-08-28 00:00:00.000 +0200,2.0614,2.0647,2.0066,2.0175,846837912
2006-08-29 00:00:00.000 +0200,2.016,2.0241,1.9597,2.0003,1101393250
2006-08-30 00:00:00.000 +0200,2.0253,2.0409,2.0066,2.0136,769427447
2006-08-31 00:00:00.000 +0200,2.022,2.0554,2.006,2.0416,665179901
2006-09-01 00:00:00.000 +0200,2.0611,2.0659,2.0409,2.0569,473472684
2006-09-05 00:00:00.000 +0200,2.0756,2.1517,2.0629,2.1508,1148955211
2006-09-06 00:00:00.000 +0200,2.1391,2.1574,2.0975,2.1075,1095184872
2006-09-07 00:00:00.000 +0200,2.1246,2.2113,2.1141,2.1905,1438603392
2006-09-08 00:00:00.000 +0200,2.211,2.214,2.167,2.1854,1011218745
2006-09-11 00:00:00.000 +0200,2.1794,2.2188,2.1493,2.1818,1064607488
2006-09-12 00:00:00.000 +0200,2.1911,2.2104,2.1502,2.1842,1932751443
2006-09-13 00:00:00.000 +0200,2.1923,2.2366,2.1758,2.2308,1279900496
2006-09-14 00:00:00.000 +0200,2.2185,2.2471,2.2107,2.2329,896002698
2006-09-15 00:00:00.000 +0200,2.245,2.2564,2.2056,2.2302,946286321
2006-09-18 00:00:00.000 +0200,2.2209,2.2528,2.2092,2.2224,795513494
2006-09-19 00:00:00.000 +0200,2.2317,2.2378,2.1908,2.2215,750600262
2006-09-20 00:00:00.000 +0200,2.2384,2.2775,2.2335,2.2685,861270066
2006-09-21 00:00:00.000 +0200,2.2645,2.2889,2.2275,2.2453,860691284
2006-09-22 00:00:00.000 +0200,2.236,2.2372,2.1842,2.1968,725606405
2006-09-25 00:00:00.000 +0200,2.2215,2.2829,2.2185,2.2817,913203193
2006-09-26 00:00:00.000 +0200,2.2925,2.3407,2.2901,2.3395,1167109969
2006-09-27 00:00:00.000 +0200,2.3223,2.3314,2.2817,2.2985,837661180
2006-09-28 00:00:00.000 +0200,2.3178,2.3317,2.2856,2.3187,773096273
2006-09-29 00:00:00.000 +0200,2.3208,2.3329,2.3079,2.316,436162595
2006-10-02 00:00:00.000 +0200,2.26,2.2832,2.236,2.2525,757172662
2006-10-03 00:00:00.000 +0200,2.2405,2.2555,2.2026,2.2287,875480701
2006-10-04 00:00:00.000 +0200,2.2299,2.2709,2.2019,2.2681,889039308
2006-10-05 00:00:00.000 +0200,2.2438,2.2919,2.2308,2.2498,738239225
2006-10-06 00:00:00.000 +0200,2.2396,2.2582,2.2212,2.2332,480409298
2006-10-09 00:00:00.000 +0200,2.2209,2.2594,2.2128,2.2444,476568303
2006-10-10 00:00:00.000 +0200,2.2432,2.2444,2.1992,2.2209,559114429
2006-10-11 00:00:00.000 +0200,2.2095,2.2263,2.1848,2.2022,568797911
2006-10-12 00:00:00.000 +0200,2.2152,2.2688,2.2149,2.2588,648964468
2006-10-13 00:00:00.000 +0200,2.276,2.3136,2.2492,2.2597,739519538
2006-10-16 00:00:00.000 +0200,2.2627,2.2835,2.2507,2.2697,566255942
2006-10-17 00:00:00.000 +0200,2.2582,2.2651,2.2287,2.2365,512781739
2006-10-18 00:00:00.000 +0200,2.2495,2.2682,2.2242,2.2447,1243268167
2006-10-19 00:00:00.000 +0200,2.3852,2.406,2.3521,2.3784,1581809011
2006-10-20 00:00:00.000 +0200,2.3765,2.4072,2.3675,2.4057,649650904
2006-10-23 00:00:00.000 +0200,2.4072,2.4647,2.4,2.4514,828994035
2006-10-24 00:00:00.000 +0200,2.4439,2.458,2.4222,2.44,500263669
2006-10-25 00:00:00.000 +0200,2.4469,2.4677,2.4379,2.455,511436686
2006-10-26 00:00:00.000 +0200,2.4647,2.4857,2.4415,2.4722,463122238
2006-10-27 00:00:00.000 +0200,2.4602,2.4812,2.4078,2.4204,641242414
2006-10-30 00:00:00.000 +0200,2.4069,2.4346,2.3924,2.4201,576456174
2006-10-31 00:00:00.000 +0200,2.4511,2.458,2.4144,2.4382,571545453
2006-11-01 00:00:00.000 +0200,2.44,2.449,2.3581,2.3819,710846891
2006-11-02 00:00:00.000 +0200,2.3748,2.387,2.3623,2.3765,518970441
2006-11-03 00:00:00.000 +0200,2.3882,2.3933,2.341,2.3578,496564045
2006-11-06 00:00:00.000 +0200,2.3759,2.4093,2.3602,2.3973,500853535
2006-11-07 00:00:00.000 +0200,2.421,2.4376,2.4114,2.4228,619828395
2006-11-08 00:00:00.000 +0200,2.4145,2.4884,2.4106,2.4863,784831791
2006-11-09 00:00:00.000 +0200,2.4948,2.5486,2.4713,2.5086,1061886666
2006-11-10 00:00:00.000 +0200,2.5143,2.5158,2.4827,2.5017,433623585
2006-11-13 00:00:00.000 +0200,2.5044,2.5414,2.4869,2.5381,487709233
2006-11-14 00:00:00.000 +0200,2.5524,2.558,2.5249,2.558,602852268
2006-11-15 00:00:00.000 +0200,2.5595,2.585,2.5282,2.5291,695947901
2006-11-16 00:00:00.000 +0200,2.5546,2.5971,2.5465,2.5772,726779427
2006-11-17 00:00:00.000 +0200,2.5631,2.5862,2.558,2.5841,489716889
2006-11-20 00:00:00.000 +0200,2.57,2.6181,2.564,2.6034,613387072
2006-11-21 00:00:00.000 +0200,2.629,2.6663,2.6215,2.6663,729059393
2006-11-22 00:00:00.000 +0200,2.6887,2.731,2.6543,2.7277,784157235
2006-11-24 00:00:00.000 +0200,2.6957,2.8011,2.6948,2.7599,603371919
2006-11-27 00:00:00.000 +0200,2.784,2.8035,2.6934,2.6947,1154499461
2006-11-28 00:00:00.000 +0200,2.719,2.7677,2.7057,2.7614,1039788369
2006-11-29 00:00:00.000 +0200,2.799,2.8032,2.7159,2.7611,1246230150
2006-11-30 00:00:00.000 +0200,2.7751,2.7891,2.7403,2.7584,868956169
2006-12-01 00:00:00.000 +0200,2.7626,2.7785,2.7114,2.7478,764541687
2006-12-04 00:00:00.000 +0200,2.7656,2.7701,2.7235,2.7421,748708434
2006-12-05 00:00:00.000 +0200,2.7582,2.7785,2.7346,2.7463,672411911
2006-12-06 00:00:00.000 +0200,2.7283,2.7503,2.6985,2.7036,692661985
2006-12-07 00:00:00.000 +0200,2.7092,2.7235,2.6151,2.6202,1053523367
2006-12-08 00:00:00.000 +0200,2.6251,2.6901,2.6181,2.6561,792383532
2006-12-11 00:00:00.000 +0200,2.6753,2.6874,2.6497,2.6684,514688209
2006-12-12 00:00:00.000 +0200,2.6666,2.6735,2.5739,2.5905,1086352816
2006-12-13 00:00:00.000 +0200,2.6467,2.6804,2.623,2.6795,915805291
2006-12-14 00:00:00.000 +0200,2.6798,2.7084,2.6561,2.6636,878510482
2006-12-15 00:00:00.000 +0200,2.6783,2.685,2.6287,2.6362,791635675
2006-12-18 00:00:00.000 +0200,2.637,2.6482,2.5456,2.5709,836836473
2006-12-19 00:00:00.000 +0200,2.5494,2.6085,2.5164,2.598,1050221179
2006-12-20 00:00:00.000 +0200,2.6016,2.6082,2.5501,2.5522,662039237
2006-12-21 00:00:00.000 +0200,2.5488,2.5724,2.4737,2.4939,1059689931
2006-12-22 00:00:00.000 +0200,2.5116,2.5291,2.4557,2.4746,719560978
2006-12-26 00:00:00.000 +0200,2.4722,2.4848,2.4343,2.4538,560435437
2006-12-27 00:00:00.000 +0200,2.3518,2.4677,2.3103,2.4562,2203757649
2006-12-28 00:00:00.000 +0200,2.4141,2.4451,2.397,2.4331,1249092264
2006-12-29 00:00:00.000 +0200,2.5258,2.57,2.5086,2.5507,1218792544
2007-01-03 00:00:00.000 +0200,2.5968,2.6055,2.4647,2.5218,1197353376
2007-01-04 00:00:00.000 +0200,2.5294,2.5865,2.5224,2.5772,790271280
2007-01-05 00:00:00.000 +0200,2.582,2.5941,2.5399,2.5604,770276497
2007-01-08 00:00:00.000 +0200,2.5874,2.604,2.567,2.5721,686902151
2007-01-09 00:00:00.000 +0200,2.6028,2.7981,2.5625,2.7849,3635441332
2007-01-10 00:00:00.000 +0200,2.8505,2.9432,2.8122,2.9236,2895787963
2007-01-11 00:00:00.000 +0200,2.8872,2.9125,2.8619,2.883,1435056542
2007-01-12 00:00:00.000 +0200,2.8463,2.8607,2.8056,2.8484,1310527845
2007-01-16 00:00:00.000 +0200,2.8797,2.9266,2.8724,2.9209,1259632703
2007-01-17 00:00:00.000 +0200,2.9359,2.9371,2.8535,2.8577,1781706997
2007-01-18 00:00:00.000 +0200,2.7715,2.7719,2.6801,2.6807,2183393521
2007-01-19 00:00:00.000 +0200,2.6672,2.6979,2.6518,2.663,1352604027
2007-01-22 00:00:00.000 +0200,2.6825,2.6831,2.5775,2.6112,1434237835
2007-01-23 00:00:00.000 +0200,2.5796,2.6335,2.5736,2.5805,1214010850
2007-01-24 00:00:00.000 +0200,2.6085,2.6227,2.5905,2.6082,924391637
2007-01-25 00:00:00.000 +0200,2.6218,2.6633,2.589,2.5959,913566889
2007-01-26 00:00:00.000 +0200,2.6199,2.6293,2.5577,2.5721,950243232
2007-01-29 00:00:00.000 +0200,2.5971,2.6076,2.5739,2.585,896226482
2007-01-30 00:00:00.000 +0200,2.6016,2.6028,2.5655,2.5745,581232487
2007-01-31 00:00:00.000 +0200,2.5537,2.588,2.5384,2.5805,811475606
2007-02-01 00:00:00.000 +0200,2.595,2.5962,2.5504,2.5504,640425144
2007-02-02 00:00:00.000 +0200,2.5315,2.5655,2.5188,2.5507,573726935
2007-02-05 00:00:00.000 +0200,2.5399,2.5649,2.5264,2.5264,582332996
2007-02-06 00:00:00.000 +0200,2.5414,2.542,2.4936,2.5306,903745551
2007-02-07 00:00:00.000 +0200,2.5423,2.5995,2.5143,2.5926,1139102514
2007-02-08 00:00:00.000 +0200,2.5784,2.6034,2.5733,2.5929,524979752
2007-02-09 00:00:00.000 +0200,2.5844,2.5941,2.5044,2.5059,816341023
2007-02-12 00:00:00.000 +0200,2.5408,2.5634,2.5167,2.5559,845043966
2007-02-13 00:00:00.000 +0200,2.5628,2.5667,2.5369,2.5474,679490695
2007-02-14 00:00:00.000 +0200,2.5468,2.5772,2.545,2.5667,583005492
2007-02-15 00:00:00.000 +0200,2.5712,2.5766,2.5513,2.5646,420658414
2007-02-16 00:00:00.000 +0200,2.5655,2.5703,2.5477,2.5522,453808316
2007-02-20 00:00:00.000 +0200,2.5474,2.5929,2.5327,2.585,690013790
2007-02-21 00:00:00.000 +0200,2.5874,2.6931,2.5868,2.6843,1354438962
2007-02-22 00:00:00.000 +0200,2.7325,2.7328,2.6642,2.6937,968462912
2007-02-23 00:00:00.000 +0200,2.6831,2.7187,2.6738,2.6783,597053625
2007-02-26 00:00:00.000 +0200,2.7036,2.7084,2.6365,2.6645,517774755
2007-02-27 00:00:00.000 +0200,2.598,2.6205,2.511,2.5282,771397107
2007-02-28 00:00:00.000 +0200,2.5459,2.576,2.4978,2.5465,634194654
2007-03-01 00:00:00.000 +0200,2.5285,2.6576,2.5203,2.6218,919939529
2007-03-02 00:00:00.000 +0200,2.6112,2.6344,2.5652,2.5712,621701062
2007-03-05 00:00:00.000 +0200,2.5847,2.6359,2.5808,2.5965,972211106
2007-03-06 00:00:00.000 +0200,2.6422,2.6576,2.6302,2.6528,846078323
2007-03-07 00:00:00.000 +0200,2.6482,2.6774,2.6317,2.6401,686897341
2007-03-08 00:00:00.000 +0200,2.666,2.6699,2.632,2.647,594631212
2007-03-09 00:00:00.000 +0200,2.6723,2.6738,2.6302,2.6467,527811334
2007-03-12 00:00:00.000 +0200,2.6482,2.7081,2.6479,2.7048,638016248
2007-03-13 00:00:00.000 +0200,2.6904,2.7265,2.6606,2.6609,1022520616
2007-03-14 00:00:00.000 +0200,2.6663,2.7084,2.6458,2.7081,911650516
2007-03-15 00:00:00.000 +0200,2.7072,2.7193,2.6877,2.6955,652095013
2007-03-16 00:00:00.000 +0200,2.6925,2.7081,2.688,2.6955,650732004
2007-03-19 00:00:00.000 +0200,2.7156,2.7551,2.6961,2.7421,839228490
2007-03-20 00:00:00.000 +0200,2.7494,2.7638,2.7403,2.7527,570802677
2007-03-21 00:00:00.000 +0200,2.7686,2.8288,2.7581,2.8243,797665699
2007-03-22 00:00:00.000 +0200,2.8219,2.8396,2.8053,2.8255,648188318
2007-03-23 00:00:00.000 +0200,2.8092,2.8309,2.8077,2.8153,530327920
2007-03-26 00:00:00.000 +0200,2.8282,2.886,2.8077,2.886,1012513122
2007-03-27 00:00:00.000 +0200,2.8806,2.914,2.8589,2.8721,1099195134
2007-03-28 00:00:00.000 +0200,2.8553,2.8709,2.8032,2.805,1113967937
2007-03-29 00:00:00.000 +0200,2.8345,2.8345,2.7755,2.8207,856821034
2007-03-30 00:00:00.000 +0200,2.8375,2.8493,2.7912,2.7957,704962606
2007-04-02 00:00:00.000 +0200,2.8327,2.8363,2.7993,2.8174,592090890
2007-04-03 00:00:00.000 +0200,2.833,2.8658,2.8216,2.8438,682216926
2007-04-04 00:00:00.000 +0200,2.8574,2.8631,2.8327,2.8372,560720275
2007-04-05 00:00:00.000 +0200,2.834,2.8493,2.8147,2.8491,412144076
2007-04-09 00:00:00.000 +0200,2.8652,2.8679,2.8168,2.8168,480929615
2007-04-10 00:00:00.000 +0200,2.8186,2.8366,2.8111,2.8361,412889717
2007-04-11 00:00:00.000 +0200,2.8267,2.8273,2.7785,2.7846,642579250
2007-04-12 00:00:00.000 +0200,2.7701,2.7779,2.7301,2.7731,784166434
2007-04-13 00:00:00.000 +0200,2.7352,2.7506,2.7102,2.7159,829221085
2007-04-16 00:00:00.000 +0200,2.7262,2.7536,2.7159,2.7521,709882557
2007-04-17 00:00:00.000 +0200,2.7767,2.7776,2.7073,2.7269,867667509
2007-04-18 00:00:00.000 +0200,2.7129,2.734,2.6964,2.7187,543361099
2007-04-19 00:00:00.000 +0200,2.7141,2.746,2.7033,2.7165,501766220
2007-04-20 00:00:00.000 +0200,2.7373,2.7439,2.725,2.7373,568708183
2007-04-23 00:00:00.000 +0200,2.7566,2.8228,2.7512,2.815,902963413
2007-04-24 00:00:00.000 +0200,2.8276,2.8469,2.7566,2.8059,1246271802
2007-04-25 00:00:00.000 +0200,2.8357,2.8709,2.8228,2.8682,1412678182
2007-04-26 00:00:00.000 +0200,3.0653,3.0846,2.9663,2.9826,2003439417
2007-04-27 00:00:00.000 +0200,2.9543,3.0079,2.9398,3.0067,749912587
2007-04-30 00:00:00.000 +0200,3.0121,3.0395,2.9994,3.0036,726616782
2007-05-01 00:00:00.000 +0200,2.997,3.0199,2.9657,2.9934,627841154
2007-05-02 00:00:00.000 +0200,2.9988,3.0256,2.9934,3.0214,585022125
2007-05-03 00:00:00.000 +0200,3.0313,3.053,3.0097,3.0214,677170103
2007-05-04 00:00:00.000 +0200,3.0334,3.0575,3.0244,3.0334,440972913
2007-05-07 00:00:00.000 +0200,3.0419,3.1403,3.0398,3.127,1005769296
2007-05-08 00:00:00.000 +0200,3.1138,3.1643,3.0205,3.1628,910501302
2007-05-09 00:00:00.000 +0200,3.1574,3.2188,3.1568,3.2188,839083283
2007-05-10 00:00:00.000 +0200,3.2089,3.2754,3.1875,3.2302,1393680689
2007-05-11 00:00:00.000 +0200,3.2423,3.2841,3.2101,3.2742,739630638
2007-05-14 00:00:00.000 +0200,3.2989,3.3103,3.2381,3.2928,761712659
2007-05-15 00:00:00.000 +0200,3.2974,3.3163,3.2044,3.2357,1131608269
2007-05-16 00:00:00.000 +0200,3.2661,3.3299,3.1123,3.2293,1326840213
2007-05-17 00:00:00.000 +0200,3.2245,3.3064,3.2245,3.2943,866536492
2007-05-18 00:00:00.000 +0200,3.3172,3.3296,3.3034,3.3109,708096884
2007-05-21 00:00:00.000 +0200,3.3196,3.384,3.2667,3.3702,753114293
2007-05-22 00:00:00.000 +0200,3.3852,3.4231,3.3708,3.4162,659009494
2007-05-23 00:00:00.000 +0200,3.4313,3.4608,3.3882,3.3973,1054058440
2007-05-24 00:00:00.000 +0200,3.3949,3.4445,3.3214,3.332,1040708292
2007-05-25 00:00:00.000 +0200,3.3705,3.424,3.3554,3.4192,735547586
2007-05-29 00:00:00.000 +0200,3.4442,3.4565,3.3912,3.4412,757713301
2007-05-30 00:00:00.000 +0200,3.4397,3.5775,3.4165,3.5751,1744482951
2007-05-31 00:00:00.000 +0200,3.6133,3.6765,3.5974,3.6516,1539157324
2007-06-01 00:00:00.000 +0200,3.6452,3.647,3.5598,3.5616,1026862218
2007-06-04 00:00:00.000 +0200,3.5724,3.6633,3.5504,3.6537,1053598426
2007-06-05 00:00:00.000 +0200,3.6561,3.7446,3.6287,3.6943,1082222297
2007-06-06 00:00:00.000 +0200,3.6804,3.7331,3.6699,3.7208,1301973583
2007-06-07 00:00:00.000 +0200,3.7614,3.8402,3.7015,3.7322,2253068429
2007-06-08 00:00:00.000 +0200,3.7865,3.7867,3.6801,3.7454,1457268144
2007-06-11 00:00:00.000 +0200,3.7918,3.7963,3.5974,3.6166,2213130899
2007-06-12 00:00:00.000 +0200,3.5917,3.6627,3.5604,3.6245,1672727050
2007-06-13 00:00:00.000 +0200,3.6458,3.647,3.4728,3.5357,2022486590
2007-06-14 00:00:00.000 +0200,3.527,3.5947,3.5035,3.5772,1143351599
2007-06-15 00:00:00.000 +0200,3.6299,3.6314,3.4,3.626,785985133
2007-06-18 00:00:00.000 +0200,3.7099,3.7671,3.6877,3.7632,1057271142
2007-06-19 00:00:00.000 +0200,3.7524,3.762,3.6988,3.7214,1103868318
2007-06-20 00:00:00.000 +0200,3.7277,3.7515,3.6564,3.6573,1045023851
2007-06-21 00:00:00.000 +0200,3.6624,3.7403,3.6329,3.7286,1020956701
2007-06-22 00:00:00.000 +0200,3.7271,3.7451,3.6829,3.7012,748373319
2007-06-25 00:00:00.000 +0200,3.7373,3.7644,3.6431,3.682,1131585971
2007-06-26 00:00:00.000 +0200,3.731,3.7316,3.5727,3.6025,1573004710
2007-06-27 00:00:00.000 +0200,3.6296,3.6726,3.589,3.6711,1138108678
2007-06-28 00:00:00.000 +0200,3.6823,3.6862,3.6112,3.6281,990325727
2007-06-29 00:00:00.000 +0200,3.6705,3.7316,3.644,3.6735,1333133759
2007-07-02 00:00:00.000 +0200,3.6428,3.6741,3.5902,3.6491,1160157701
2007-07-03 00:00:00.000 +0200,3.6714,3.8339,3.6564,3.8261,1355813409
2007-07-05 00:00:00.000 +0200,3.8761,4.0015,3.8727,3.9946,1688420172
2007-07-06 00:00:00.000 +0200,4.0064,4.0127,3.9242,3.9814,1010883116
2007-07-09 00:00:00.000 +0200,3.9838,3.9994,3.8875,3.9215,1175401783
2007-07-10 00:00:00.000 +0200,3.8785,4.0476,3.8764,3.985,1458248691
2007-07-11 00:00:00.000 +0200,3.9745,4.0235,3.9516,3.9811,958224616
2007-07-12 00:00:00.000 +0200,4.028,4.0398,3.9841,4.0356,818489197
2007-07-13 00:00:00.000 +0200,4.0635,4.1484,4.0482,4.1427,1060067325
2007-07-16 00:00:00.000 +0200,4.1647,4.2125,4.1379,4.1553,1099959469
2007-07-17 00:00:00.000 +0200,4.1619,4.2011,4.1379,4.1788,825861165
2007-07-18 00:00:00.000 +0200,4.1586,4.1662,4.0939,4.1568,877937529
2007-07-19 00:00:00.000 +0200,4.2221,4.2375,4.2026,4.2095,848522596
2007-07-20 00:00:00.000 +0200,4.2628,4.3389,4.2131,4.3266,1387689006
2007-07-23 00:00:00.000 +0200,4.3127,4.3702,4.2411,4.3241,1215842329
2007-07-24 00:00:00.000 +0200,4.1794,4.2432,4.0371,4.0623,2076095139
2007-07-25 00:00:00.000 +0200,4.1334,4.1638,4.0626,4.1297,1829412529
2007-07-26 00:00:00.000 +0200,4.391,4.4689,4.2748,4.4144,2570693650
2007-07-27 00:00:00.000 +0200,4.3994,4.4815,4.3269,4.3278,1357373610
2007-07-30 00:00:00.000 +0200,4.3434,4.3771,4.2002,4.2597,1304519511
2007-07-31 00:00:00.000 +0200,4.3025,4.3178,3.9579,3.9627,2065466168
2007-08-01 00:00:00.000 +0200,4.0217,4.0741,3.8451,4.065,1977641644
2007-08-02 00:00:00.000 +0200,4.1123,4.1216,4.0371,4.1063,994761518
2007-08-03 00:00:00.000 +0200,4.0705,4.0912,3.9573,3.9613,768809605
2007-08-06 00:00:00.000 +0200,3.9994,4.0708,3.861,4.0708,1083658350
2007-08-07 00:00:00.000 +0200,4.0608,4.13,3.9913,4.065,1083437664
2007-08-08 00:00:00.000 +0200,4.1156,4.1186,3.9724,4.0199,929170468
2007-08-09 00:00:00.000 +0200,3.9456,4.0024,3.7644,3.8168,1293705139
2007-08-10 00:00:00.000 +0200,3.7051,3.8445,3.6203,3.7617,1616068540
2007-08-13 00:00:00.000 +0200,3.8616,3.8926,3.8068,3.8475,875629110
2007-08-14 00:00:00.000 +0200,3.8607,3.861,3.7229,3.734,855649765
2007-08-15 00:00:00.000 +0200,3.6937,3.7575,3.6007,3.6103,1148480018
2007-08-16 00:00:00.000 +0200,3.5213,3.5661,3.359,3.53,2105292049
2007-08-17 00:00:00.000 +0200,3.6717,3.7166,3.6058,3.6732,1390307750
2007-08-20 00:00:00.000 +0200,3.7313,3.7467,3.6263,3.6774,923405828
2007-08-21 00:00:00.000 +0200,3.6777,3.8809,3.6413,3.8414,1515015282
2007-08-22 00:00:00.000 +0200,3.9489,3.9949,3.9221,3.9877,1226153877
2007-08-23 00:00:00.000 +0200,4.0052,4.0127,3.9049,3.9444,991940610
2007-08-24 00:00:00.000 +0200,3.9281,4.0738,3.9064,4.0715,1076210454
2007-08-27 00:00:00.000 +0200,4.0142,4.0524,3.9754,3.9814,760787245
2007-08-28 00:00:00.000 +0200,3.9399,3.9847,3.8108,3.8187,1306755593
2007-08-29 00:00:00.000 +0200,3.9071,4.038,3.852,4.0328,1293406386
2007-08-30 00:00:00.000 +0200,3.9904,4.1604,3.9814,4.1009,1579442370
2007-08-31 00:00:00.000 +0200,4.1981,4.2026,4.1352,4.1662,977353671
2007-09-04 00:00:00.000 +0200,4.2113,4.3855,4.2083,4.3386,1428602786
2007-09-05 00:00:00.000 +0200,4.3627,4.3888,4.0957,4.1156,2595390055
2007-09-06 00:00:00.000 +0200,4.0795,4.14,3.9937,4.0626,2119538800
2007-09-07 00:00:00.000 +0200,3.9727,3.9814,3.9122,3.9672,1542029528
2007-09-10 00:00:00.000 +0200,4.1227,4.1541,4.031,4.1147,1625184943
2007-09-11 00:00:00.000 +0200,4.1499,4.1619,4.025,4.0774,1059217024
2007-09-12 00:00:00.000 +0200,4.0927,4.195,4.0852,4.1177,1118053687
2007-09-13 00:00:00.000 +0200,4.1779,4.183,4.1123,4.1294,710804462
2007-09-14 00:00:00.000 +0200,4.1099,4.1824,4.0987,4.1737,672541573
2007-09-17 00:00:00.000 +0200,4.1827,4.2309,4.1409,4.1653,866762520
2007-09-18 00:00:00.000 +0200,4.1848,4.2989,4.1478,4.2399,1163843471
2007-09-19 00:00:00.000 +0200,4.3034,4.3082,4.195,4.2369,1110092373
2007-09-20 00:00:00.000 +0200,4.2176,4.267,4.1926,4.2209,727375873
2007-09-21 00:00:00.000 +0200,4.2474,4.353,4.2318,4.3392,1096310639
2007-09-24 00:00:00.000 +0200,4.4156,4.5095,4.4132,4.4671,1248690146
2007-09-25 00:00:00.000 +0200,4.4204,4.6109,4.4183,4.6109,1415300276
2007-09-26 00:00:00.000 +0200,4.6492,4.6645,4.5517,4.5959,1157437806
2007-09-27 00:00:00.000 +0200,4.629,4.6501,4.5839,4.648,781471550
2007-09-28 00:00:00.000 +0200,4.6152,4.6525,4.5968,4.6194,730971087
2007-10-01 00:00:00.000 +0200,4.6525,4.737,4.6022,4.7066,993414125
2007-10-02 00:00:00.000 +0200,4.7112,4.7725,4.6913,4.7686,940046759
2007-10-03 00:00:00.000 +0200,4.7521,4.7903,4.725,4.7533,821936858
2007-10-04 00:00:00.000 +0200,4.7548,4.7572,4.6194,4.7045,780049073
2007-10-05 00:00:00.000 +0200,4.7683,4.8625,4.7461,4.8619,1119624326
2007-10-08 00:00:00.000 +0200,4.9215,5.053,4.9049,5.053,991943587
2007-10-09 00:00:00.000 +0200,5.1219,5.1493,5.016,5.0533,1312655272
2007-10-10 00:00:00.000 +0200,5.0431,5.0521,4.9835,5.0178,792300141
2007-10-11 00:00:00.000 +0200,5.0994,5.1725,4.6106,4.8821,1951615788
2007-10-12 00:00:00.000 +0200,4.9059,5.0341,4.8691,5.0338,1172798681
2007-10-15 00:00:00.000 +0200,5.0536,5.103,4.9203,5.0253,1280201307
2007-10-16 00:00:00.000 +0200,4.9814,5.1213,4.9709,5.1033,1269702307
2007-10-17 00:00:00.000 +0200,5.1969,5.2074,5.0912,5.1987,1338219837
2007-10-18 00:00:00.000 +0200,5.1601,5.242,5.1475,5.2212,979080203
2007-10-19 00:00:00.000 +0200,5.2432,5.2552,5.1159,5.1283,1538123354
2007-10-22 00:00:00.000 +0200,5.1234,5.2634,5.115,5.2486,1960333175
2007-10-23 00:00:00.000 +0200,5.6735,5.6757,5.4999,5.6022,2144006921
2007-10-24 00:00:00.000 +0200,5.5914,5.6338,5.394,5.5944,1529163891
2007-10-25 00:00:00.000 +0200,5.5634,5.5944,5.4668,5.5005,1155468179
2007-10-26 00:00:00.000 +0200,5.576,5.5784,5.5035,5.5583,839120388
2007-10-29 00:00:00.000 +0200,5.5809,5.6152,5.5583,5.5673,641518842
2007-10-30 00:00:00.000 +0200,5.6043,5.6988,5.5592,5.629,1114922045
2007-10-31 00:00:00.000 +0200,5.648,5.7214,5.5658,5.7139,990512123
2007-11-01 00:00:00.000 +0200,5.6726,5.7208,5.4168,5.6437,956798396
2007-11-02 00:00:00.000 +0200,5.6937,5.7009,5.5219,5.6531,1189288450
2007-11-05 00:00:00.000 +0200,5.5763,5.6865,5.5444,5.5986,956499969
2007-11-06 00:00:00.000 +0200,5.6329,5.778,5.5754,5.7753,1133969759
2007-11-07 00:00:00.000 +0200,5.7355,5.7984,5.6013,5.6128,1180031081
2007-11-08 00:00:00.000 +0200,5.6176,5.6245,5.0488,5.2808,2248377711
2007-11-09 00:00:00.000 +0200,5.1502,5.27,4.9718,4.9763,1812735383
2007-11-12 00:00:00.000 +0200,4.9745,5.0467,4.533,4.6239,2099514292
2007-11-13 00:00:00.000 +0200,4.8412,5.1454,4.8192,5.1119,2066589858
2007-11-14 00:00:00.000 +0200,5.3317,5.3437,4.9275,4.9982,1722631776
2007-11-15 00:00:00.000 +0200,5.0073,5.1036,4.824,4.9428,1766117172
2007-11-16 00:00:00.000 +0200,4.9733,5.0262,4.7948,5.0052,1643129665
2007-11-19 00:00:00.000 +0200,4.997,5.0617,4.8782,4.9354,1370116276
2007-11-20 00:00:00.000 +0200,4.9865,5.1698,4.9212,5.0799,1831942257
2007-11-21 00:00:00.000 +0200,4.9913,5.1866,4.9555,5.0645,1446196865
2007-11-23 00:00:00.000 +0200,5.174,5.1776,5.1084,5.1604,553109271
2007-11-26 00:00:00.000 +0200,5.2239,5.3347,5.1866,5.1934,1549646907
2007-11-27 00:00:00.000 +0200,5.273,5.2902,5.1162,5.2603,1563054375
2007-11-28 00:00:00.000 +0200,5.3227,5.4349,5.2769,5.4208,1365976025
2007-11-29 00:00:00.000 +0200,5.4021,5.5724,5.3913,5.5472,1247474321
2007-11-30 00:00:00.000 +0200,5.6389,5.6486,5.4078,5.4815,1411096836
2007-12-03 00:00:00.000 +0200,5.4728,5.5414,5.3476,5.3862,1141075621
2007-12-04 00:00:00.000 +0200,5.3302,5.4439,5.3263,5.4117,918736686
2007-12-05 00:00:00.000 +0200,5.5047,5.5974,5.4894,5.5809,1059157487
2007-12-06 00:00:00.000 +0200,5.6079,5.7208,5.604,5.7193,1068327069
2007-12-07 00:00:00.000 +0200,5.7298,5.868,5.6588,5.846,1265195374
2007-12-10 00:00:00.000 +0200,5.8258,5.8881,5.7987,5.8433,857562996
2007-12-11 00:00:00.000 +0200,5.8619,5.9233,5.6392,5.6684,1318593239
2007-12-12 00:00:00.000 +0200,5.8213,5.8526,5.5902,5.7527,1454597432
2007-12-13 00:00:00.000 +0200,5.725,5.7816,5.6522,5.7726,1027681171
2007-12-14 00:00:00.000 +0200,5.7277,5.8141,5.7039,5.7292,800578679
2007-12-17 00:00:00.000 +0200,5.7392,5.7975,5.5065,5.5517,1216080326
2007-12-18 00:00:00.000 +0200,5.6131,5.6374,5.3747,5.5063,1451017563
2007-12-19 00:00:00.000 +0200,5.5065,5.5565,5.444,5.508,982582191
2007-12-20 00:00:00.000 +0200,5.5775,5.6525,5.5171,5.632,918630558
2007-12-21 00:00:00.000 +0200,5.7317,5.8354,5.7245,5.8252,1179941631
2007-12-24 00:00:00.000 +0200,5.8692,5.9986,5.8619,5.9826,569975436
2007-12-26 00:00:00.000 +0200,5.9889,6.0476,5.923,5.9862,835652043
2007-12-27 00:00:00.000 +0200,5.9871,6.1078,5.9525,5.9877,944396337
2007-12-28 00:00:00.000 +0200,6.0365,6.0657,5.9248,6.0121,830533683
2007-12-31 00:00:00.000 +0200,6.0025,6.0338,5.951,5.9609,640295473
2008-01-02 00:00:00.000 +0200,5.9977,6.0265,5.7945,5.8661,1280883455
2008-01-03 00:00:00.000 +0200,5.8818,5.9402,5.7987,5.8637,1000876556
2008-01-04 00:00:00.000 +0200,5.7611,5.8081,5.3834,5.4147,1727742611
2008-01-07 00:00:00.000 +0200,5.453,5.5252,5.1228,5.344,2459674126
2008-01-08 00:00:00.000 +0200,5.4184,5.4909,5.14,5.1529,1808430459
2008-01-09 00:00:00.000 +0200,5.1598,5.4018,5.0648,5.4018,2155733368
2008-01-10 00:00:00.000 +0200,5.3458,5.4469,5.2787,5.3573,1759937337
2008-01-11 00:00:00.000 +0200,5.2965,5.3521,5.1159,5.1881,1462861434
2008-01-14 00:00:00.000 +0200,5.3416,5.3994,5.2715,5.3789,1305999796
2008-01-15 00:00:00.000 +0200,5.3461,5.3934,4.9552,5.0858,2789558958
2008-01-16 00:00:00.000 +0200,4.9685,5.0861,4.7157,4.8032,2630439381
2008-01-17 00:00:00.000 +0200,4.8604,5.0488,4.7674,4.8282,2088560951
2008-01-18 00:00:00.000 +0200,4.8878,4.988,4.8032,4.8517,2049530633
2008-01-22 00:00:00.000 +0200,4.4557,4.8144,4.3937,4.7397,2892052350
2008-01-23 00:00:00.000 +0200,4.0984,4.2131,3.796,4.1827,4004522090
2008-01-24 00:00:00.000 +0200,4.2125,4.2342,3.9727,4.0786,2380883388
2008-01-25 00:00:00.000 +0200,4.183,4.1857,3.9004,3.9116,1851091121
2008-01-28 00:00:00.000 +0200,3.8568,4.0085,3.8053,3.9122,1751936246
2008-01-29 00:00:00.000 +0200,3.9474,3.9961,3.8836,3.9573,1305515084
2008-01-30 00:00:00.000 +0200,3.9543,4.0762,3.9122,3.9781,1475336849
2008-01-31 00:00:00.000 +0200,3.8953,4.1123,3.8941,4.0623,1597038780
2008-02-01 00:00:00.000 +0200,4.1012,4.1105,3.9778,4.0238,1199961401
2008-02-04 00:00:00.000 +0200,4.0395,4.0897,3.9549,3.9636,1069314472
2008-02-05 00:00:00.000 +0200,3.9251,4.0325,3.8791,3.8947,1354164876
2008-02-06 00:00:00.000 +0200,3.9399,3.9699,3.6645,3.6711,1867114730
2008-02-07 00:00:00.000 +0200,3.6103,3.7551,3.5291,3.6476,2474057061
2008-02-08 00:00:00.000 +0200,3.6741,3.7828,3.6594,3.7825,1609243247
2008-02-11 00:00:00.000 +0200,3.8523,3.9116,3.8279,3.8956,1425896588
2008-02-12 00:00:00.000 +0200,3.9335,3.9423,3.7202,3.7581,1454975244
2008-02-13 00:00:00.000 +0200,3.8135,3.9055,3.7807,3.8896,1149432910
2008-02-14 00:00:00.000 +0200,3.8938,3.9362,3.8222,3.8369,1132863061
2008-02-15 00:00:00.000 +0200,3.8008,3.8243,3.7334,3.7506,1072351543
2008-02-19 00:00:00.000 +0200,3.7909,3.8144,3.6546,3.6835,1195337902
2008-02-20 00:00:00.000 +0200,3.6774,3.7497,3.6618,3.7244,1148255861
2008-02-21 00:00:00.000 +0200,3.7936,3.8059,3.6371,3.6603,1120002508
2008-02-22 00:00:00.000 +0200,3.6859,3.6868,3.4869,3.5932,1817321607
2008-02-25 00:00:00.000 +0200,3.5688,3.6163,3.5108,3.5986,1491569977
2008-02-26 00:00:00.000 +0200,3.5402,3.644,3.474,3.5857,1792098943
2008-02-27 00:00:00.000 +0200,3.5577,3.703,3.5538,3.6985,1750679052
2008-02-28 00:00:00.000 +0200,3.8282,3.9784,3.7849,3.9116,1920529167
2008-02-29 00:00:00.000 +0200,3.8893,3.9185,3.6377,3.7675,1492203588
2008-03-03 00:00:00.000 +0200,3.7445,3.7912,3.551,3.6648,1891539627
2008-03-04 00:00:00.000 +0200,3.6699,3.7581,3.6233,3.7503,2121648879
2008-03-05 00:00:00.000 +0200,3.719,4.0325,3.6789,3.7479,1450060781
2008-03-06 00:00:00.000 +0200,3.7506,3.8369,3.6356,3.6549,1749347610
2008-03-07 00:00:00.000 +0200,3.6242,3.7009,3.5826,3.6838,1460803535
2008-03-10 00:00:00.000 +0200,3.6708,3.7154,3.5923,3.6029,1187600515
2008-03-11 00:00:00.000 +0200,3.7346,3.8363,3.6714,3.8324,1383094729
2008-03-12 00:00:00.000 +0200,3.8237,3.8724,3.7668,3.7941,1257718423
2008-03-13 00:00:00.000 +0200,3.7349,3.8971,3.7015,3.8502,1501204903
2008-03-14 00:00:00.000 +0200,3.9061,3.9212,3.7376,3.8207,1373460696
2008-03-17 00:00:00.000 +0200,3.6916,3.8697,3.6865,3.8141,1252615280
2008-03-18 00:00:00.000 +0200,3.8875,4.0024,3.8721,4.0009,1412437233
2008-03-19 00:00:00.000 +0200,4.0024,4.0413,3.9022,3.9062,1176864294
2008-03-20 00:00:00.000 +0200,3.9389,4.0112,3.8875,4.0106,1058235560
2008-03-24 00:00:00.000 +0200,4.0328,4.2387,4.0217,4.2029,1235048085
2008-03-25 00:00:00.000 +0200,4.2119,4.3064,4.1328,4.2405,1214254928
2008-03-26 00:00:00.000 +0200,4.239,4.3858,4.2324,4.3684,1384788004
2008-03-27 00:00:00.000 +0200,4.3621,4.3729,4.2128,4.2218,1174084727
2008-03-28 00:00:00.000 +0200,4.2673,4.353,4.2613,4.304,837730411
2008-03-31 00:00:00.000 +0200,4.3115,4.3849,4.2889,4.3184,894914982
2008-04-01 00:00:00.000 +0200,4.4024,4.5038,4.3633,4.5023,1210917999
2008-04-02 00:00:00.000 +0200,4.4773,4.5502,4.3892,4.4379,1216931841
2008-04-03 00:00:00.000 +0200,4.4253,4.6233,4.4238,4.5622,1231365328
2008-04-04 00:00:00.000 +0200,4.5792,4.6558,4.5374,4.6066,987225174
2008-04-07 00:00:00.000 +0200,4.6985,4.8056,4.6678,4.6923,1354060311
2008-04-08 00:00:00.000 +0200,4.6215,4.7081,4.5839,4.5986,1181560388
2008-04-09 00:00:00.000 +0200,4.6149,4.6311,4.5279,4.5574,1020451985
2008-04-10 00:00:00.000 +0200,4.548,4.6771,4.5321,4.651,1128541702
2008-04-11 00:00:00.000 +0200,4.5953,4.6133,4.4057,4.4304,1426073049
2008-04-14 00:00:00.000 +0200,4.4165,4.4915,4.3497,4.4478,996323600
2008-04-15 00:00:00.000 +0200,4.496,4.5056,4.3852,4.4653,817928909
2008-04-16 00:00:00.000 +0200,4.5661,4.6374,4.5327,4.6236,926853609
2008-04-17 00:00:00.000 +0200,4.6389,4.6946,4.6149,4.651,826580640
2008-04-18 00:00:00.000 +0200,4.7861,4.883,4.7662,4.8487,1191940083
2008-04-21 00:00:00.000 +0200,4.8824,5.0708,4.8679,5.0605,1211839005
2008-04-22 00:00:00.000 +0200,5.038,5.0557,4.7575,4.821,1669041339
2008-04-23 00:00:00.000 +0200,4.9353,4.9606,4.8475,4.8956,1758099614
2008-04-24 00:00:00.000 +0200,4.9766,5.1153,4.7907,5.0834,1982479105
2008-04-25 00:00:00.000 +0200,5.1361,5.149,5.0082,5.1087,1161872760
2008-04-28 00:00:00.000 +0200,5.1093,5.2288,5.0897,5.1836,920112457
2008-04-29 00:00:00.000 +0200,5.1493,5.2862,5.1234,5.2679,1066755009
2008-04-30 00:00:00.000 +0200,5.3028,5.4168,5.2038,5.2393,1320697461
2008-05-01 00:00:00.000 +0200,5.2646,5.4168,5.2622,5.4168,1058012340
2008-05-02 00:00:00.000 +0200,5.4205,5.4746,5.3732,5.4469,1174820072
2008-05-05 00:00:00.000 +0200,5.4752,5.5766,5.4484,5.5526,1001405842
2008-05-06 00:00:00.000 +0200,5.5559,5.6311,5.4825,5.6149,1075089501
2008-05-07 00:00:00.000 +0200,5.5992,5.6636,5.4331,5.4987,1365311904
2008-05-08 00:00:00.000 +0200,5.5303,5.6125,5.5092,5.5667,1053612245
2008-05-09 00:00:00.000 +0200,5.5089,5.5447,5.4581,5.5165,786280548
2008-05-12 00:00:00.000 +0200,5.5724,5.6838,5.5026,5.6561,960978082
2008-05-13 00:00:00.000 +0200,5.676,5.7614,5.6534,5.716,959006381
2008-05-14 00:00:00.000 +0200,5.7548,5.7852,5.5845,5.6016,1078331015
2008-05-15 00:00:00.000 +0200,5.623,5.7148,5.5432,5.7073,1020772108
2008-05-16 00:00:00.000 +0200,5.7229,5.7268,5.6275,5.648,892513741
2008-05-19 00:00:00.000 +0200,5.6519,5.6784,5.456,5.5255,1114022044
2008-05-20 00:00:00.000 +0200,5.471,5.6022,5.4205,5.5959,1132147958
2008-05-21 00:00:00.000 +0200,5.586,5.6561,5.3026,5.3637,1358885638
2008-05-22 00:00:00.000 +0200,5.3955,5.4569,5.1761,5.3281,1415104237
2008-05-23 00:00:00.000 +0200,5.4412,5.4767,5.3506,5.4521,1070933779
2008-05-27 00:00:00.000 +0200,5.5008,5.6103,5.4731,5.6088,931431528
2008-05-28 00:00:00.000 +0200,5.6398,5.6561,5.5288,5.6275,872809238
2008-05-29 00:00:00.000 +0200,5.6215,5.6636,5.5824,5.6173,764185876
2008-05-30 00:00:00.000 +0200,5.6444,5.7039,5.6389,5.6741,713776749
2008-06-02 00:00:00.000 +0200,5.6741,5.7073,5.5532,5.601,798935757
2008-06-03 00:00:00.000 +0200,5.6233,5.6636,5.4871,5.5788,891567963
2008-06-04 00:00:00.000 +0200,5.5387,5.6302,5.5141,5.5715,860326568
2008-06-05 00:00:00.000 +0200,5.6064,5.713,5.5884,5.6988,882558969
2008-06-06 00:00:00.000 +0200,5.657,5.7163,5.5839,5.5902,1133431226
2008-06-09 00:00:00.000 +0200,5.5616,5.5655,5.289,5.4674,2194735659
2008-06-10 00:00:00.000 +0200,5.4322,5.6209,5.3874,5.5866,1272672291
2008-06-11 00:00:00.000 +0200,5.5469,5.5974,5.4045,5.4454,1092620646
2008-06-12 00:00:00.000 +0200,5.462,5.4951,5.152,5.1999,1477698841
2008-06-13 00:00:00.000 +0200,5.1686,5.2411,4.9748,5.1848,1547820580
2008-06-16 00:00:00.000 +0200,5.1565,5.3537,5.0879,5.3202,1191788214
2008-06-17 00:00:00.000 +0200,5.3594,5.4767,5.3389,5.4596,1033991365
2008-06-18 00:00:00.000 +0200,5.4506,5.4831,5.3371,5.378,937374580
2008-06-19 00:00:00.000 +0200,5.3732,5.4873,5.3205,5.4463,906111731
2008-06-20 00:00:00.000 +0200,5.3931,5.4469,5.2664,5.2718,1015438202
2008-06-23 00:00:00.000 +0200,5.2574,5.2929,5.1629,5.211,742212692
2008-06-24 00:00:00.000 +0200,5.1851,5.2899,5.165,5.2137,712109813
2008-06-25 00:00:00.000 +0200,5.2522,5.3816,5.2327,5.3383,730970112
2008-06-26 00:00:00.000 +0200,5.238,5.2616,5.0559,5.0622,994323247
2008-06-27 00:00:00.000 +0200,5.0109,5.1331,4.9399,5.1188,1194804881
2008-06-30 00:00:00.000 +0200,5.1237,5.1761,5.0142,5.0389,698250830
2008-07-01 00:00:00.000 +0200,4.9441,5.258,4.9353,5.2567,1306394832
2008-07-02 00:00:00.000 +0200,5.2712,5.3401,5.0611,5.0616,978824317
2008-07-03 00:00:00.000 +0200,5.1054,5.1812,4.988,5.1202,613442455
2008-07-07 00:00:00.000 +0200,5.2071,5.3305,5.1731,5.2697,964306328
2008-07-08 00:00:00.000 +0200,5.2784,5.4078,5.1984,5.4075,1042552047
2008-07-09 00:00:00.000 +0200,5.4229,5.4442,5.2405,5.2441,1048910133
2008-07-10 00:00:00.000 +0200,5.2634,5.3368,5.1571,5.3145,982857449
2008-07-11 00:00:00.000 +0200,5.2805,5.3299,5.146,5.1942,1087893097
2008-07-14 00:00:00.000 +0200,5.3955,5.3958,5.2086,5.2327,1045701719
2008-07-15 00:00:00.000 +0200,5.1905,5.2285,5.0073,5.1033,1222492624
2008-07-16 00:00:00.000 +0200,5.1219,5.2041,5.0738,5.1981,873624972
2008-07-17 00:00:00.000 +0200,5.2363,5.2658,5.1577,5.1689,886182668
2008-07-18 00:00:00.000 +0200,5.0648,5.1054,4.9654,4.973,1008691525
2008-07-21 00:00:00.000 +0200,5.0223,5.0407,4.8487,5.01,1580704528
2008-07-22 00:00:00.000 +0200,4.483,4.898,4.4096,4.8809,2216032383
2008-07-23 00:00:00.000 +0200,4.9639,5.0669,4.8619,4.9978,1246318689
2008-07-24 00:00:00.000 +0200,4.9471,4.9733,4.7683,4.7873,984634112
2008-07-25 00:00:00.000 +0200,4.8288,4.9053,4.7743,4.8767,738447486
2008-07-28 00:00:00.000 +0200,4.8854,4.8893,4.635,4.6585,908190809
2008-07-29 00:00:00.000 +0200,4.675,4.7984,4.6239,4.7247,802536665
2008-07-30 00:00:00.000 +0200,4.7473,4.8297,4.697,4.8144,854068937
2008-07-31 00:00:00.000 +0200,4.7446,4.8812,4.7241,4.7831,742343223
2008-08-01 00:00:00.000 +0200,4.8147,4.8147,4.6868,4.7142,640748095
2008-08-04 00:00:00.000 +0200,4.7127,4.7518,4.6016,4.613,693538699
2008-08-05 00:00:00.000 +0200,4.6774,4.8391,4.6591,4.8315,814932917
2008-08-06 00:00:00.000 +0200,4.8841,5.0377,4.8239,5.0129,913416916
2008-08-07 00:00:00.000 +0200,4.8965,5.0001,4.8601,4.9299,782430658
2008-08-08 00:00:00.000 +0200,4.9278,5.1054,4.9278,5.1003,842927156
2008-08-11 00:00:00.000 +0200,5.1195,5.3115,5.106,5.2227,1048461844
2008-08-12 00:00:00.000 +0200,5.223,5.3955,5.2215,5.323,981811617
2008-08-13 00:00:00.000 +0200,5.354,5.4168,5.2935,5.3964,989252965
2008-08-14 00:00:00.000 +0200,5.366,5.4304,5.3518,5.3946,827950909
2008-08-15 00:00:00.000 +0200,5.3859,5.4093,5.2679,5.2874,755666346
2008-08-18 00:00:00.000 +0200,5.2808,5.3509,5.2309,5.279,645830631
2008-08-19 00:00:00.000 +0200,5.2525,5.3287,5.1704,5.2224,721433465
2008-08-20 00:00:00.000 +0200,5.2589,5.3248,5.2246,5.2932,590177205
2008-08-21 00:00:00.000 +0200,5.2498,5.2799,5.1728,5.2435,633417663
2008-08-22 00:00:00.000 +0200,5.292,5.3416,5.2835,5.3206,517475077
2008-08-25 00:00:00.000 +0200,5.2959,5.3034,5.1659,5.1987,567685910
2008-08-26 00:00:00.000 +0200,5.1957,5.2628,5.1945,5.2261,522081088
2008-08-27 00:00:00.000 +0200,5.2158,5.2892,5.1818,5.2589,549821147
2008-08-28 00:00:00.000 +0200,5.2748,5.304,5.1987,5.2239,502637255
2008-08-29 00:00:00.000 +0200,5.2059,5.2212,5.087,5.1046,658150274
2008-09-02 00:00:00.000 +0200,5.1914,5.2212,4.9654,5.0016,918634418
2008-09-03 00:00:00.000 +0200,5.0235,5.0762,4.9353,5.0226,862143675
2008-09-04 00:00:00.000 +0200,4.9912,5.053,4.8393,4.8519,875413393
2008-09-05 00:00:00.000 +0200,4.7731,4.8872,4.7443,4.815,919291845
2008-09-08 00:00:00.000 +0200,4.9522,4.9621,4.5579,4.753,1231905017
2008-09-09 00:00:00.000 +0200,4.7205,4.8138,4.5077,4.5601,1471351581
2008-09-10 00:00:00.000 +0200,4.5887,4.6642,4.4779,4.561,1145832136
2008-09-11 00:00:00.000 +0200,4.4593,4.604,4.3937,4.5941,1144105537
2008-09-12 00:00:00.000 +0200,4.5384,4.5414,4.4087,4.4815,931172967
2008-09-15 00:00:00.000 +0200,4.2742,4.4445,4.2285,4.2312,1066709112
2008-09-16 00:00:00.000 +0200,4.0226,4.2883,3.9769,4.2041,1401077532
2008-09-17 00:00:00.000 +0200,4.1634,4.1683,3.8478,3.8478,1396677659
2008-09-18 00:00:00.000 +0200,3.9293,4.0756,3.6317,4.0265,1963257603
2008-09-19 00:00:00.000 +0200,4.2956,4.3395,4.1228,4.2366,1668125982
2008-09-22 00:00:00.000 +0200,4.2113,4.2206,3.932,3.9371,1010410975
2008-09-23 00:00:00.000 +0200,3.966,4.0867,3.8117,3.8168,1520284061
2008-09-24 00:00:00.000 +0200,3.8357,3.9408,3.7662,3.8736,1231560497
2008-09-25 00:00:00.000 +0200,3.9068,4.0563,3.8676,3.9705,1185887937
2008-09-26 00:00:00.000 +0200,3.759,3.9061,3.7015,3.8571,1326493489
2008-09-29 00:00:00.000 +0200,3.6016,3.6016,3.0266,3.1858,3070304887
2008-09-30 00:00:00.000 +0200,3.2576,3.4608,3.1989,3.4219,1857016394
2008-10-01 00:00:00.000 +0200,3.3672,3.3813,3.2318,3.2838,1514907770
2008-10-02 00:00:00.000 +0200,3.2504,3.2739,3.0094,3.0124,1899279441
2008-10-03 00:00:00.000 +0200,3.1291,3.205,2.8484,2.9227,2697929937
2008-10-06 00:00:00.000 +0200,2.7674,2.9726,2.6344,2.9404,2459746235
2008-10-07 00:00:00.000 +0200,3.0226,3.0545,2.6768,2.6895,2203655100
2008-10-08 00:00:00.000 +0200,2.588,2.8989,2.5784,2.6982,2580720318
2008-10-09 00:00:00.000 +0200,2.8083,2.883,2.6061,2.6783,1908714345
2008-10-10 00:00:00.000 +0200,2.5772,3.0094,2.558,2.9236,2592304359
2008-10-13 00:00:00.000 +0200,3.1463,3.3262,3.0401,3.3217,1817815214
2008-10-14 00:00:00.000 +0200,3.4987,3.5029,3.1039,3.1297,2309373906
2008-10-15 00:00:00.000 +0200,3.1246,3.22,2.9459,2.9477,1852580141
2008-10-16 00:00:00.000 +0200,3.0024,3.1126,2.7608,3.0641,2265459643
2008-10-17 00:00:00.000 +0200,2.9973,3.0708,2.9194,2.9296,2072351748
2008-10-20 00:00:00.000 +0200,3.0024,3.0103,2.818,2.9612,1827365898
2008-10-21 00:00:00.000 +0200,2.9149,2.9462,2.7433,2.7497,2569073101
2008-10-22 00:00:00.000 +0200,2.9344,3.047,2.7966,2.9104,2647811078
2008-10-23 00:00:00.000 +0200,2.9043,2.9868,2.7656,2.9558,1978873283
2008-10-24 00:00:00.000 +0200,2.7169,2.9462,2.7117,2.9001,1863039719
2008-10-27 00:00:00.000 +0200,2.8649,2.938,2.7644,2.7716,1423514036
2008-10-28 00:00:00.000 +0200,2.8736,3.0244,2.7811,3.0157,1918580923
2008-10-29 00:00:00.000 +0200,3.0352,3.2965,3.0076,3.1466,2287408257
2008-10-30 00:00:00.000 +0200,3.2579,3.3762,3.2384,3.3419,1938323004
2008-10-31 00:00:00.000 +0200,3.2287,3.3338,3.164,3.2453,1942955176
2008-11-03 00:00:00.000 +0200,3.1863,3.2832,3.1556,3.2185,1243954392
2008-11-04 00:00:00.000 +0200,3.3097,3.3642,3.2101,3.3359,1624099131
2008-11-05 00:00:00.000 +0200,3.2802,3.3019,3.0993,3.1075,1484820010
2008-11-06 00:00:00.000 +0200,3.0425,3.093,2.9492,2.9838,1552916091
2008-11-07 00:00:00.000 +0200,2.9844,3.0048,2.8806,2.9555,1291903833
2008-11-10 00:00:00.000 +0200,3.0178,3.0214,2.8438,2.8836,1330833579
2008-11-11 00:00:00.000 +0200,2.8514,2.9242,2.7764,2.852,1438066079
2008-11-12 00:00:00.000 +0200,2.7831,2.8059,2.7087,2.712,1383999140
2008-11-13 00:00:00.000 +0200,2.7038,2.9022,2.5897,2.9001,2170102157
2008-11-14 00:00:00.000 +0200,2.821,2.8285,2.7084,2.7144,1656712668
2008-11-17 00:00:00.000 +0200,2.6627,2.725,2.626,2.6552,1372970348
2008-11-18 00:00:00.000 +0200,2.7,2.7382,2.6139,2.7063,1425056542
2008-11-19 00:00:00.000 +0200,2.6946,2.756,2.5947,2.5947,1379974184
2008-11-20 00:00:00.000 +0200,2.5646,2.6016,2.4075,2.4225,2019487414
2008-11-21 00:00:00.000 +0200,2.4656,2.5315,2.3816,2.4851,1825398955
2008-11-24 00:00:00.000 +0200,2.5643,2.8526,2.5531,2.7921,1699623554
2008-11-25 00:00:00.000 +0200,2.8484,2.8502,2.6528,2.7325,1457319756
2008-11-26 00:00:00.000 +0200,2.7111,2.8664,2.7033,2.8619,1056039635
2008-11-28 00:00:00.000 +0200,2.8463,2.8517,2.7609,2.7852,357092502
2008-12-01 00:00:00.000 +0200,2.7484,2.7767,2.6783,2.6783,1085021411
2008-12-02 00:00:00.000 +0200,2.7111,2.7882,2.6031,2.7834,1272605249
2008-12-03 00:00:00.000 +0200,2.6904,2.8959,2.6723,2.8866,1567201966
2008-12-04 00:00:00.000 +0200,2.8408,2.8652,2.6801,2.7533,1289822810
2008-12-05 00:00:00.000 +0200,2.719,2.8435,2.6741,2.8285,1226056803
2008-12-08 00:00:00.000 +0200,2.9275,3.0334,2.883,3.0003,1399609684
2008-12-09 00:00:00.000 +0200,2.9528,3.1177,2.9254,3.0109,1424653270
2008-12-10 00:00:00.000 +0200,2.9438,2.994,2.904,2.9516,1092277239
2008-12-11 00:00:00.000 +0200,2.9242,3.0467,2.8538,2.8595,1233788118
2008-12-12 00:00:00.000 +0200,2.7927,2.9793,2.7846,2.9603,1225216602
2008-12-15 00:00:00.000 +0200,2.8893,2.8953,2.7987,2.8514,1057226109
2008-12-16 00:00:00.000 +0200,2.8282,2.9034,2.7912,2.8565,1314095391
2008-12-17 00:00:00.000 +0200,2.7394,2.7415,2.6488,2.6828,1513396328
2008-12-18 00:00:00.000 +0200,2.6916,2.7334,2.6615,2.6907,1005804197
2008-12-19 00:00:00.000 +0200,2.7054,2.7367,2.6723,2.7054,952406792
2008-12-22 00:00:00.000 +0200,2.709,2.7093,2.5486,2.5811,993996118
2008-12-23 00:00:00.000 +0200,2.6142,2.6443,2.585,2.6004,755105201
2008-12-24 00:00:00.000 +0200,2.5923,2.5956,2.5444,2.561,318683005
2008-12-26 00:00:00.000 +0200,2.6073,2.6308,2.5652,2.5826,365277440
2008-12-29 00:00:00.000 +0200,2.6091,2.6368,2.5601,2.6061,807903925
2008-12-30 00:00:00.000 +0200,2.6326,2.6497,2.5495,2.5968,1143402497
2008-12-31 00:00:00.000 +0200,2.5832,2.6404,2.5682,2.5682,710720801
2009-01-02 00:00:00.000 +0200,2.5766,2.7397,2.5628,2.7289,885504103
2009-01-05 00:00:00.000 +0200,2.8047,2.8944,2.79,2.8469,1393145521
2009-01-06 00:00:00.000 +0200,2.8851,2.9242,2.7803,2.7987,1518582575
2009-01-07 00:00:00.000 +0200,2.7626,2.7837,2.7162,2.7385,891553921
2009-01-08 00:00:00.000 +0200,2.7235,2.8032,2.7096,2.7927,789866084
2009-01-09 00:00:00.000 +0200,2.8077,2.8101,2.7126,2.7259,648858338
2009-01-12 00:00:00.000 +0200,2.7223,2.7382,2.6347,2.6681,725495966
2009-01-13 00:00:00.000 +0200,2.6555,2.7006,2.5986,2.6389,943148350
2009-01-14 00:00:00.000 +0200,2.5995,2.6257,2.5495,2.5685,1262462868
2009-01-15 00:00:00.000 +0200,2.4246,2.5315,2.409,2.5104,2171187956
2009-01-16 00:00:00.000 +0200,2.5366,2.5393,2.4195,2.4773,1230497505
2009-01-20 00:00:00.000 +0200,2.4638,2.4677,2.3548,2.3563,1066560291
2009-01-21 00:00:00.000 +0200,2.3909,2.4942,2.3867,2.493,1291221446
2009-01-22 00:00:00.000 +0200,2.6515,2.7084,2.5826,2.6633,1642549011
2009-01-23 00:00:00.000 +0200,2.6127,2.7045,2.6031,2.6594,902655023
2009-01-26 00:00:00.000 +0200,2.675,2.7376,2.6573,2.6979,823606299
2009-01-27 00:00:00.000 +0200,2.7159,2.7551,2.7006,2.7295,730235663
2009-01-28 00:00:00.000 +0200,2.7722,2.8589,2.7536,2.8385,1007418658
2009-01-29 00:00:00.000 +0200,2.8014,2.839,2.7867,2.7987,697805681
2009-01-30 00:00:00.000 +0200,2.7858,2.8174,2.7087,2.7126,725295831
2009-02-02 00:00:00.000 +0200,2.6813,2.7686,2.6753,2.7545,656631557
2009-02-03 00:00:00.000 +0200,2.7656,2.8101,2.7169,2.7975,708206917
2009-02-04 00:00:00.000 +0200,2.8062,2.8965,2.8017,2.8159,943255669
2009-02-05 00:00:00.000 +0200,2.7933,2.9266,2.7873,2.9019,884839587
2009-02-06 00:00:00.000 +0200,2.9224,3.0094,2.9191,3.0073,808957930
2009-02-09 00:00:00.000 +0200,3.0064,3.0996,2.9943,3.0876,835975148
2009-02-10 00:00:00.000 +0200,3.0464,3.0849,2.9217,2.9488,1000978750
2009-02-11 00:00:00.000 +0200,2.9007,2.9585,2.8821,2.914,794025869
2009-02-12 00:00:00.000 +0200,2.8857,3.0018,2.8839,2.9892,962920104
2009-02-13 00:00:00.000 +0200,2.979,3.0076,2.9528,2.9829,716960376
2009-02-17 00:00:00.000 +0200,2.9152,2.9203,2.8372,2.8447,800637777
2009-02-18 00:00:00.000 +0200,2.8604,2.8845,2.7903,2.8402,805140852
2009-02-19 00:00:00.000 +0200,2.8098,2.8363,2.7117,2.7277,1054905597
2009-02-20 00:00:00.000 +0200,2.6889,2.7806,2.6783,2.7424,868429154
2009-02-23 00:00:00.000 +0200,2.7581,2.7686,2.6034,2.6209,927492830
2009-02-24 00:00:00.000 +0200,2.6314,2.7352,2.6181,2.7159,943418730
2009-02-25 00:00:00.000 +0200,2.7078,2.7963,2.6859,2.7406,978127292
2009-02-26 00:00:00.000 +0200,2.7656,2.7963,2.6771,2.6789,746006022
2009-02-27 00:00:00.000 +0200,2.6422,2.7475,2.6383,2.688,827819287
2009-03-02 00:00:00.000 +0200,2.6531,2.7445,2.6383,2.6515,900889163
2009-03-03 00:00:00.000 +0200,2.6768,2.7307,2.6446,2.6591,856780188
2009-03-04 00:00:00.000 +0200,2.7117,2.7918,2.6919,2.75,878105556
2009-03-05 00:00:00.000 +0200,2.7232,2.7647,2.6618,2.6774,831399917
2009-03-06 00:00:00.000 +0200,2.6585,2.6603,2.4776,2.5706,1190183220
2009-03-09 00:00:00.000 +0200,2.5333,2.6362,2.4848,2.5023,812264312
2009-03-10 00:00:00.000 +0200,2.554,2.6834,2.5387,2.6615,991844059
2009-03-11 00:00:00.000 +0200,2.7027,2.8309,2.6958,2.7891,995922214
2009-03-12 00:00:00.000 +0200,2.7957,2.9064,2.7686,2.8992,906043274
2009-03-13 00:00:00.000 +0200,2.898,2.9251,2.8592,2.8869,703302087
2009-03-16 00:00:00.000 +0200,2.9049,2.9308,2.8342,2.8733,936793582
2009-03-17 00:00:00.000 +0200,2.8673,3.0,2.861,2.9988,924009236
2009-03-18 00:00:00.000 +0200,3.0063,3.1141,3.0009,3.0563,928764978
2009-03-19 00:00:00.000 +0200,3.065,3.1057,3.0169,3.0587,583774686
2009-03-20 00:00:00.000 +0200,3.0695,3.103,3.0265,3.0542,691055356
2009-03-23 00:00:00.000 +0200,3.0921,3.2549,3.062,3.2384,783270242
2009-03-24 00:00:00.000 +0200,3.2008,3.2934,3.1719,3.2056,752348101
2009-03-25 00:00:00.000 +0200,3.2357,3.2609,3.1255,3.2047,747668462
2009-03-26 00:00:00.000 +0200,3.245,3.3097,3.2375,3.3064,712791547
2009-03-27 00:00:00.000 +0200,3.2588,3.2661,3.202,3.2239,579352866
2009-03-30 00:00:00.000 +0200,3.1394,3.1601,3.0879,3.1433,588653869
2009-03-31 00:00:00.000 +0200,3.1734,3.2336,3.1598,3.1643,646080466
2009-04-01 00:00:00.000 +0200,3.1327,3.2802,3.1264,3.2709,686161854
2009-04-02 00:00:00.000 +0200,3.3145,3.4532,3.3037,3.3915,951081681
2009-04-03 00:00:00.000 +0200,3.44,3.4948,3.4162,3.4903,718755553
2009-04-06 00:00:00.000 +0200,3.459,3.5736,3.409,3.5643,773732852
2009-04-07 00:00:00.000 +0200,3.5059,3.511,3.4364,3.4538,631429053
2009-04-08 00:00:00.000 +0200,3.4737,3.5146,3.4481,3.5005,531131687
2009-04-09 00:00:00.000 +0200,3.5658,3.6112,3.5498,3.6004,614430286
2009-04-13 00:00:00.000 +0200,3.6112,3.6407,3.5811,3.6176,454052113
2009-04-14 00:00:00.000 +0200,3.5983,3.6163,3.5285,3.5607,523782374
2009-04-15 00:00:00.000 +0200,3.5237,3.5586,3.4836,3.5372,486137797
2009-04-16 00:00:00.000 +0200,3.5866,3.706,3.5748,3.6579,700046855
2009-04-17 00:00:00.000 +0200,3.6368,3.7391,3.6188,3.7135,541843430
2009-04-20 00:00:00.000 +0200,3.6654,3.7012,3.586,3.6257,545786698
2009-04-21 00:00:00.000 +0200,3.5778,3.6756,3.5691,3.6645,548362397
2009-04-22 00:00:00.000 +0200,3.6895,3.7722,3.6473,3.6579,1089761187
2009-04-23 00:00:00.000 +0200,3.8095,3.8279,3.7169,3.7804,1105792044
2009-04-24 00:00:00.000 +0200,3.7509,3.7659,3.7006,3.7283,635988853
2009-04-27 00:00:00.000 +0200,3.6955,3.7617,3.6913,3.7536,518546255
2009-04-28 00:00:00.000 +0200,3.7129,3.7981,3.7093,3.7313,527612797
2009-04-29 00:00:00.000 +0200,3.7581,3.8174,3.7265,3.774,538358639
2009-04-30 00:00:00.000 +0200,3.7978,3.8219,3.7593,3.7858,577511642
2009-05-01 00:00:00.000 +0200,3.7858,3.8505,3.7858,3.8279,458752742
2009-05-04 00:00:00.000 +0200,3.8586,3.9799,3.8423,3.9781,717201070
2009-05-05 00:00:00.000 +0200,3.9678,3.9982,3.9459,3.9934,465542347
2009-05-06 00:00:00.000 +0200,4.0145,4.0175,3.9188,3.9871,556105419
2009-05-07 00:00:00.000 +0200,3.9823,3.9841,3.849,3.8833,610972234
2009-05-08 00:00:00.000 +0200,3.8832,3.9492,3.7995,3.8889,550827418
2009-05-11 00:00:00.000 +0200,3.833,3.9411,3.8255,3.8977,472241213
2009-05-12 00:00:00.000 +0200,3.8995,3.9034,3.709,3.7454,717411863
2009-05-13 00:00:00.000 +0200,3.7078,3.7322,3.5932,3.5935,704401479
2009-05-14 00:00:00.000 +0200,3.6037,3.7175,3.6022,3.7,521632222
2009-05-15 00:00:00.000 +0200,3.6783,3.7503,3.6597,3.6817,428425821
2009-05-18 00:00:00.000 +0200,3.7241,3.8129,3.6585,3.8117,544052034
2009-05-19 00:00:00.000 +0200,3.8165,3.8914,3.784,3.836,435958720
2009-05-20 00:00:00.000 +0200,3.8448,3.8884,3.7707,3.7885,458509758
2009-05-21 00:00:00.000 +0200,3.7662,3.8153,3.6982,3.7292,482338767
2009-05-22 00:00:00.000 +0200,3.7343,3.737,3.6645,3.6871,336175097
2009-05-26 00:00:00.000 +0200,3.7545,3.9371,3.7473,3.9347,754511111
2009-05-27 00:00:00.000 +0200,3.9657,4.062,3.9396,4.0012,763980966
2009-05-28 00:00:00.000 +0200,4.016,4.0744,3.9733,4.0632,574818733
2009-05-29 00:00:00.000 +0200,4.0735,4.0897,4.028,4.0873,521785320
2009-06-01 00:00:00.000 +0200,4.1069,4.2128,4.0927,4.1932,533877682
2009-06-02 00:00:00.000 +0200,4.1743,4.2534,4.1634,4.1975,536197151
2009-06-03 00:00:00.000 +0200,4.2131,4.2465,4.1851,4.2441,662801681
2009-06-04 00:00:00.000 +0200,4.217,4.3389,4.2143,4.3235,644166939
2009-06-05 00:00:00.000 +0200,4.3729,4.4057,4.3097,4.3542,744199734
2009-06-08 00:00:00.000 +0200,4.3281,4.3404,4.1959,4.3254,1100322712
2009-06-09 00:00:00.000 +0200,4.3278,4.3503,4.2297,4.2913,795167816
2009-06-10 00:00:00.000 +0200,4.2817,4.2838,4.1596,4.2168,805609684
2009-06-11 00:00:00.000 +0200,4.2014,4.26,4.1695,4.2065,610478640
2009-06-12 00:00:00.000 +0200,4.1773,4.186,4.0939,4.1174,665435405
2009-06-15 00:00:00.000 +0200,4.0945,4.1207,4.0593,4.0954,636204342
2009-06-16 00:00:00.000 +0200,4.1129,4.1671,4.0957,4.1033,597835179
2009-06-17 00:00:00.000 +0200,4.1117,4.1364,4.0485,4.0822,671900878
2009-06-18 00:00:00.000 +0200,4.0945,4.1529,4.0804,4.09,506483311
2009-06-19 00:00:00.000 +0200,4.1532,4.1981,4.1198,4.1959,737431486
2009-06-22 00:00:00.000 +0200,4.2327,4.26,4.1027,4.1337,747690401
2009-06-23 00:00:00.000 +0200,4.1048,4.1213,3.9988,4.0313,833445105
2009-06-24 00:00:00.000 +0200,4.0753,4.1379,4.0584,4.1009,565462416
2009-06-25 00:00:00.000 +0200,4.0858,4.2191,4.069,4.2113,686868991
2009-06-26 00:00:00.000 +0200,4.2068,4.3202,4.2053,4.2883,499655160
2009-06-29 00:00:00.000 +0200,4.3172,4.332,4.2594,4.2721,668361654
2009-06-30 00:00:00.000 +0200,4.2907,4.3275,4.2673,4.2889,508257503
2009-07-01 00:00:00.000 +0200,4.3181,4.3533,4.2889,4.2983,485102731
2009-07-02 00:00:00.000 +0200,4.2507,4.2525,4.2068,4.214,433690798
2009-07-06 00:00:00.000 +0200,4.1749,4.1827,4.1003,4.1713,588412883
2009-07-07 00:00:00.000 +0200,4.1662,4.2035,4.0681,4.0741,546593311
2009-07-08 00:00:00.000 +0200,4.0903,4.1541,4.0452,4.13,673319542
2009-07-09 00:00:00.000 +0200,4.1478,4.1526,4.0906,4.1024,405671925
2009-07-10 00:00:00.000 +0200,4.103,4.1821,4.1015,4.1677,516069711
2009-07-13 00:00:00.000 +0200,4.1987,4.2835,4.1391,4.2835,564223505
2009-07-14 00:00:00.000 +0200,4.2697,4.3088,4.248,4.2814,410219285
2009-07-15 00:00:00.000 +0200,4.3648,4.4238,4.3431,4.4183,570813497
2009-07-16 00:00:00.000 +0200,4.3901,4.4545,4.3807,4.4385,460717057
2009-07-17 00:00:00.000 +0200,4.4864,4.5748,4.4728,4.5667,710087901
2009-07-20 00:00:00.000 +0200,4.6123,4.6657,4.5409,4.6029,868050951
2009-07-21 00:00:00.000 +0200,4.6127,4.6173,4.5065,4.5622,1021688064
2009-07-22 00:00:00.000 +0200,4.7458,4.7768,4.6979,4.716,1015549956
2009-07-23 00:00:00.000 +0200,4.7136,4.768,4.6814,4.7497,622820003
2009-07-24 00:00:00.000 +0200,4.7232,4.815,4.7096,4.815,517647963
2009-07-27 00:00:00.000 +0200,4.8201,4.8415,4.7325,4.8183,512073872
2009-07-28 00:00:00.000 +0200,4.7835,4.818,4.7426,4.8145,427917814
2009-07-29 00:00:00.000 +0200,4.7822,4.8285,4.7623,4.8165,449868994
2009-07-30 00:00:00.000 +0200,4.8658,4.957,4.8601,4.8977,551119263
2009-07-31 00:00:00.000 +0200,4.9053,4.9654,4.9025,4.9227,500186694
2009-08-03 00:00:00.000 +0200,4.9718,5.0148,4.9615,5.0082,463153775
2009-08-04 00:00:00.000 +0200,4.9651,4.9826,4.9417,4.9805,467632004
2009-08-05 00:00:00.000 +0200,4.9895,5.0374,4.9417,4.9654,491878385
2009-08-06 00:00:00.000 +0200,4.9829,5.0109,4.908,4.9326,391910650
2009-08-07 00:00:00.000 +0200,4.9781,5.0136,4.9594,4.9829,456587556
2009-08-10 00:00:00.000 +0200,4.9853,5.0136,4.9251,4.957,355455735
2009-08-11 00:00:00.000 +0200,4.926,4.9468,4.8716,4.9013,416419511
2009-08-12 00:00:00.000 +0200,4.8917,5.0169,4.889,4.9796,519469696
2009-08-13 00:00:00.000 +0200,5.0148,5.0759,5.0106,5.0684,520258423
2009-08-14 00:00:00.000 +0200,5.0531,5.0626,4.9815,5.0197,361698489
2009-08-17 00:00:00.000 +0200,4.9227,4.923,4.7972,4.8032,613436173
2009-08-18 00:00:00.000 +0200,4.864,4.9426,4.8574,4.9353,506873189
2009-08-19 00:00:00.000 +0200,4.8977,4.9745,4.8887,4.9534,481532735
2009-08-20 00:00:00.000 +0200,4.9651,5.0172,4.9537,5.0076,403914187
2009-08-21 00:00:00.000 +0200,5.0473,5.097,5.0196,5.0918,487374978
2009-08-24 00:00:00.000 +0200,5.1195,5.1373,5.0638,5.0918,468516662
2009-08-25 00:00:00.000 +0200,5.1012,5.1442,5.0897,5.0979,379434106
2009-08-26 00:00:00.000 +0200,5.0834,5.1024,5.0184,5.038,354819074
2009-08-27 00:00:00.000 +0200,5.0777,5.103,4.9603,5.0991,524143107
2009-08-28 00:00:00.000 +0200,5.1842,5.1908,5.0717,5.1189,536253962
2009-08-31 00:00:00.000 +0200,5.0605,5.0813,5.0106,5.0629,365099125
2009-09-01 00:00:00.000 +0200,5.0554,5.1159,4.9636,4.9745,544885384
2009-09-02 00:00:00.000 +0200,4.954,5.044,4.9387,4.97,420523546
2009-09-03 00:00:00.000 +0200,5.0088,5.0286,4.9654,5.0121,342380441
2009-09-04 00:00:00.000 +0200,5.0323,5.137,5.0283,5.1234,439766318
2009-09-08 00:00:00.000 +0200,5.1942,5.2104,5.1761,5.2038,364392017
2009-09-09 00:00:00.000 +0200,5.2008,5.2504,5.1069,5.1472,961348610
2009-09-10 00:00:00.000 +0200,5.1776,5.2137,5.1403,5.1945,579716975
2009-09-11 00:00:00.000 +0200,5.2035,5.2116,5.1421,5.1809,394018695
2009-09-14 00:00:00.000 +0200,5.1442,5.2333,5.1234,5.2273,374124440
2009-09-15 00:00:00.000 +0200,5.2375,5.2859,5.2239,5.2712,473471851
2009-09-16 00:00:00.000 +0200,5.3549,5.4996,5.353,5.4734,839866000
2009-09-17 00:00:00.000 +0200,5.4758,5.6212,5.4758,5.5544,959844596
2009-09-18 00:00:00.000 +0200,5.5932,5.614,5.5601,5.5676,695556568
2009-09-21 00:00:00.000 +0200,5.5475,5.5721,5.4656,5.5396,513146237
2009-09-22 00:00:00.000 +0200,5.5727,5.5787,5.5026,5.5517,407579792
2009-09-23 00:00:00.000 +0200,5.5794,5.6847,5.5682,5.5833,701164047
2009-09-24 00:00:00.000 +0200,5.6362,5.6486,5.5002,5.5318,649529848
2009-09-25 00:00:00.000 +0200,5.4773,5.5824,5.4602,5.4825,522945514
2009-09-28 00:00:00.000 +0200,5.5327,5.6179,5.5171,5.6022,396734412
2009-09-29 00:00:00.000 +0200,5.6194,5.6395,5.5465,5.58,401012759
2009-09-30 00:00:00.000 +0200,5.6013,5.611,5.4955,5.5785,634716346
2009-10-01 00:00:00.000 +0200,5.5778,5.604,5.4379,5.4397,620344829
2009-10-02 00:00:00.000 +0200,5.459,5.5956,5.4575,5.5643,654291284
2009-10-05 00:00:00.000 +0200,5.6037,5.6233,5.5454,5.5974,495158808
2009-10-06 00:00:00.000 +0200,5.6504,5.7181,5.6368,5.7181,652811892
2009-10-07 00:00:00.000 +0200,5.7082,5.7343,5.6887,5.725,548255002
2009-10-08 00:00:00.000 +0200,5.7407,5.7614,5.6844,5.6952,519141926
2009-10-09 00:00:00.000 +0200,5.6868,5.7389,5.6763,5.7313,342443111
2009-10-12 00:00:00.000 +0200,5.7503,5.7632,5.707,5.7422,323732115
2009-10-13 00:00:00.000 +0200,5.7355,5.753,5.7088,5.7175,343093302
2009-10-14 00:00:00.000 +0200,5.7855,5.7876,5.7247,5.7569,445005798
2009-10-15 00:00:00.000 +0200,5.7066,5.7455,5.7036,5.7346,429660802
2009-10-16 00:00:00.000 +0200,5.6979,5.7286,5.6528,5.6606,499285538
2009-10-19 00:00:00.000 +0200,5.6531,5.7178,5.5839,5.7166,1107481847
2009-10-20 00:00:00.000 +0200,6.0368,6.0714,5.954,5.9826,1258200138
2009-10-21 00:00:00.000 +0200,6.0043,6.2808,5.9956,6.1686,1408353265
2009-10-22 00:00:00.000 +0200,6.1605,6.255,6.0943,6.1752,931042084
2009-10-23 00:00:00.000 +0200,6.1915,6.1933,6.113,6.1325,499008902
2009-10-26 00:00:00.000 +0200,6.1237,6.2219,6.0217,6.0873,568494615
2009-10-27 00:00:00.000 +0200,6.0687,6.1033,5.9119,5.9399,774158537
2009-10-28 00:00:00.000 +0200,5.9441,5.9591,5.7509,5.7861,964581765
2009-10-29 00:00:00.000 +0200,5.8643,5.9227,5.7822,5.9101,658632298
2009-10-30 00:00:00.000 +0200,5.898,5.9224,5.5994,5.6726,835677120
2009-11-02 00:00:00.000 +0200,5.7115,5.8045,5.5845,5.6964,799852485
2009-11-03 00:00:00.000 +0200,5.6567,5.7033,5.595,5.679,551245434
2009-11-04 00:00:00.000 +0200,5.7395,5.8336,5.7247,5.7437,572831341
2009-11-05 00:00:00.000 +0200,5.7891,5.8683,5.7726,5.843,438640917
2009-11-06 00:00:00.000 +0200,5.7975,5.874,5.79,5.8487,340598852
2009-11-09 00:00:00.000 +0200,5.9266,6.0759,5.9062,6.0639,556250328
2009-11-10 00:00:00.000 +0200,6.0515,6.1686,6.0491,6.1084,465860877
2009-11-11 00:00:00.000 +0200,6.1581,6.1692,6.0738,6.1168,519756191
2009-11-12 00:00:00.000 +0200,6.1177,6.1653,6.0618,6.0789,424143012
2009-11-13 00:00:00.000 +0200,6.106,6.1641,6.081,6.1538,397688577
2009-11-16 00:00:00.000 +0200,6.1824,6.2595,6.1695,6.2128,560578426
2009-11-17 00:00:00.000 +0200,6.2017,6.2426,6.1692,6.2294,425537065
2009-11-18 00:00:00.000 +0200,6.2155,6.2294,6.1391,6.1981,437234462
2009-11-19 00:00:00.000 +0200,6.1556,6.1575,6.0083,6.0269,638496698
2009-11-20 00:00:00.000 +0200,5.9889,6.0305,5.9513,6.0166,443752241
2009-11-23 00:00:00.000 +0200,6.1075,6.1993,6.1075,6.1954,482610624
2009-11-24 00:00:00.000 +0200,6.1957,6.1957,6.1223,6.1688,367724234
2009-11-25 00:00:00.000 +0200,6.1842,6.1887,6.1319,6.143,322477695
2009-11-27 00:00:00.000 +0200,5.9952,6.1078,5.9697,6.0422,346782725
2009-11-30 00:00:00.000 +0200,6.0545,6.0693,5.9817,6.0172,496057145
2009-12-01 00:00:00.000 +0200,6.0858,6.1021,5.9233,5.9257,550214218
2009-12-02 00:00:00.000 +0200,5.9838,6.0615,5.8908,5.902,822236256
2009-12-03 00:00:00.000 +0200,5.9435,5.988,5.9065,5.9134,522256376
2009-12-04 00:00:00.000 +0200,6.0073,6.0151,5.7262,5.8177,972587426
2009-12-07 00:00:00.000 +0200,5.8177,5.8312,5.6781,5.6877,837866332
2009-12-08 00:00:00.000 +0200,5.6931,5.7885,5.6787,5.7127,732189128
2009-12-09 00:00:00.000 +0200,5.7548,5.9633,5.7271,5.942,796642524
2009-12-10 00:00:00.000 +0200,6.0034,6.0097,5.902,5.9164,573638926
2009-12-11 00:00:00.000 +0200,5.9519,5.9585,5.821,5.8592,494314877
2009-12-14 00:00:00.000 +0200,5.8794,5.9414,5.7948,5.929,567900560
2009-12-15 00:00:00.000 +0200,5.8932,5.9438,5.8162,5.8433,453309767
2009-12-16 00:00:00.000 +0200,5.8713,5.9134,5.8547,5.8692,415640154
2009-12-17 00:00:00.000 +0200,5.8412,5.8683,5.7705,5.7705,456734458
2009-12-18 00:00:00.000 +0200,5.8203,5.8833,5.8032,5.8833,706880567
2009-12-21 00:00:00.000 +0200,5.8999,6.0112,5.8884,5.9655,474786638
2009-12-22 00:00:00.000 +0200,6.0019,6.0443,5.9784,6.0335,409073630
2009-12-23 00:00:00.000 +0200,6.0548,6.0903,6.0431,6.0846,405651057
2009-12-24 00:00:00.000 +0200,6.1256,6.3001,6.1183,6.2899,590257909
2009-12-28 00:00:00.000 +0200,6.3714,6.4385,6.3079,6.3672,748128440
2009-12-29 00:00:00.000 +0200,6.3976,6.4015,6.2814,6.2917,510217065
2009-12-30 00:00:00.000 +0200,6.2841,6.3798,6.2688,6.3738,485437327
2009-12-31 00:00:00.000 +0200,6.4144,6.4205,6.3365,6.3449,407362430
2010-01-04 00:00:00.000 +0200,6.4223,6.4551,6.3913,6.4454,581874221
2010-01-05 00:00:00.000 +0200,6.4545,6.4879,6.4175,6.4515,672563832
2010-01-06 00:00:00.000 +0200,6.4515,6.477,6.3422,6.3479,646873001
2010-01-07 00:00:00.000 +0200,6.3723,6.3798,6.2911,6.3371,557861395
2010-01-08 00:00:00.000 +0200,6.3287,6.3798,6.2914,6.3765,516889959
2010-01-11 00:00:00.000 +0200,6.4069,6.4099,6.273,6.3218,546973760
2010-01-12 00:00:00.000 +0200,6.2953,6.3127,6.2119,6.2513,632591568
2010-01-13 00:00:00.000 +0200,6.2556,6.3476,6.1421,6.3317,703970862
2010-01-14 00:00:00.000 +0200,6.323,6.3335,6.2902,6.3022,483921121
2010-01-15 00:00:00.000 +0200,6.3473,6.3678,6.1954,6.1963,645683768
2010-01-19 00:00:00.000 +0200,6.2706,6.4758,6.2366,6.4713,801434911
2010-01-20 00:00:00.000 +0200,6.4653,6.4867,6.3046,6.3747,719832325
2010-01-21 00:00:00.000 +0200,6.3821,6.4193,6.2356,6.2666,716917580
2010-01-22 00:00:00.000 +0200,6.2228,6.2444,5.9333,5.9513,1025800902
2010-01-25 00:00:00.000 +0200,6.0943,6.1602,6.0244,6.094,1241835711
2010-01-26 00:00:00.000 +0200,6.193,6.4313,6.0964,6.196,2096381617
2010-01-27 00:00:00.000 +0200,6.2243,6.3371,6.0046,6.2586,2031590920
2010-01-28 00:00:00.000 +0200,6.1662,6.1842,5.9796,5.9977,1381527877
2010-01-29 00:00:00.000 +0200,6.0509,6.0849,5.7253,5.7816,1467251990
2010-02-01 00:00:00.000 +0200,5.7894,5.8983,5.7569,5.8594,878031580
2010-02-02 00:00:00.000 +0200,5.8911,5.908,5.8195,5.8929,716644898
2010-02-03 00:00:00.000 +0200,5.8746,6.0247,5.8508,5.9952,720676477
2010-02-04 00:00:00.000 +0200,5.9218,5.9697,5.765,5.778,886816169
2010-02-05 00:00:00.000 +0200,5.7968,5.8983,5.7434,5.8773,994564219
2010-02-08 00:00:00.000 +0200,5.889,5.9549,5.8382,5.8385,553078905
2010-02-09 00:00:00.000 +0200,5.9074,5.9435,5.8607,5.9041,638825807
2010-02-10 00:00:00.000 +0200,5.895,5.9164,5.846,5.8758,431816891
2010-02-11 00:00:00.000 +0200,5.8652,6.0112,5.84,5.9802,636725733
2010-02-12 00:00:00.000 +0200,5.9643,6.0681,5.8833,6.0368,750391258
2010-02-16 00:00:00.000 +0200,6.0774,6.1298,6.0645,6.1216,601929499
2010-02-17 00:00:00.000 +0200,6.1448,6.1484,6.0446,6.0952,509963446
2010-02-18 00:00:00.000 +0200,6.0672,6.1358,6.0464,6.1102,491672415
2010-02-19 00:00:00.000 +0200,6.0762,6.115,6.0521,6.0681,461580948
2010-02-22 00:00:00.000 +0200,6.0894,6.094,5.9943,6.032,458310930
2010-02-23 00:00:00.000 +0200,6.0166,6.0587,5.8896,5.9278,575260101
2010-02-24 00:00:00.000 +0200,5.9655,6.0621,5.9537,6.0353,540868194
2010-02-25 00:00:00.000 +0200,5.9393,6.1048,5.9251,6.0789,785464706
2010-02-26 00:00:00.000 +0200,6.0903,6.1743,6.0789,6.1584,592901071
2010-03-01 00:00:00.000 +0200,6.1912,6.3046,6.1827,6.2899,645683610
2010-03-02 00:00:00.000 +0200,6.3191,6.3446,6.2516,6.2835,578637040
2010-03-03 00:00:00.000 +0200,6.2878,6.3157,6.2577,6.2995,437557404
2010-03-04 00:00:00.000 +0200,6.2995,6.3473,6.2784,6.3422,429407688
2010-03-05 00:00:00.000 +0200,6.4698,6.6116,6.459,6.5905,1062358369
2010-03-08 00:00:00.000 +0200,6.6212,6.6233,6.5679,6.5914,508778687
2010-03-09 00:00:00.000 +0200,6.5697,6.7711,6.5571,6.716,982519715
2010-03-10 00:00:00.000 +0200,6.7352,6.7855,6.7169,6.7662,615156516
2010-03-11 00:00:00.000 +0200,6.7383,6.7861,6.7205,6.7861,472448944
2010-03-12 00:00:00.000 +0200,6.8418,6.8532,6.7936,6.8198,492112691
2010-03-15 00:00:00.000 +0200,6.7825,6.7861,6.6281,6.738,576840720
2010-03-16 00:00:00.000 +0200,6.7464,6.7705,6.6961,6.7575,476414639
2010-03-17 00:00:00.000 +0200,6.7696,6.8147,6.719,6.7431,472355357
2010-03-18 00:00:00.000 +0200,6.747,6.7711,6.6991,6.7635,403065965
2010-03-19 00:00:00.000 +0200,6.7702,6.7783,6.6576,6.6871,542692792
2010-03-22 00:00:00.000 +0200,6.6347,6.8012,6.6251,6.7674,536897591
2010-03-23 00:00:00.000 +0200,6.787,6.8848,6.744,6.8731,643321292
2010-03-24 00:00:00.000 +0200,6.8505,6.9275,6.8466,6.9023,606075854
2010-03-25 00:00:00.000 +0200,6.9489,6.9507,6.8084,6.8228,634480876
2010-03-26 00:00:00.000 +0200,6.8902,6.9802,6.8779,6.9489,682428828
2010-03-29 00:00:00.000 +0200,7.0088,7.038,6.9703,6.9953,488680174
2010-03-30 00:00:00.000 +0200,7.1202,7.1466,7.0494,7.097,623577596
2010-03-31 00:00:00.000 +0200,7.0867,7.1204,7.0557,7.0696,424677000
2010-04-01 00:00:00.000 +0200,7.1451,7.1842,7.0043,7.1012,713062181
2010-04-05 00:00:00.000 +0200,7.0717,7.1776,7.0654,7.1776,809911686
2010-04-06 00:00:00.000 +0200,7.1674,7.2297,7.1322,7.2122,523836956
2010-04-07 00:00:00.000 +0200,7.2092,7.2802,7.1821,7.2387,671791370
2010-04-08 00:00:00.000 +0200,7.2357,7.2688,7.1635,7.221,670831335
2010-04-09 00:00:00.000 +0200,7.264,7.2793,7.2366,7.2793,395616258
2010-04-12 00:00:00.000 +0200,7.2902,7.3149,7.2769,7.292,390275744
2010-04-13 00:00:00.000 +0200,7.2793,7.3067,7.2559,7.2929,360022319
2010-04-14 00:00:00.000 +0200,7.3814,7.3973,7.3449,7.3919,476887517
2010-04-15 00:00:00.000 +0200,7.3961,7.4942,7.3883,7.4909,441395374
2010-04-16 00:00:00.000 +0200,7.4804,7.5577,7.3594,7.4464,834135353
2010-04-19 00:00:00.000 +0200,7.4334,7.4599,7.2757,7.4355,668587145
2010-04-20 00:00:00.000 +0200,7.4768,7.5008,7.3114,7.3612,870715788
2010-04-21 00:00:00.000 +0200,7.7882,7.8319,7.6958,7.8015,1139788885
2010-04-22 00:00:00.000 +0200,7.7702,8.0275,7.71,8.0148,934868906
2010-04-23 00:00:00.000 +0200,8.0648,8.1909,8.035,8.1509,929971750
2010-04-26 00:00:00.000 +0200,8.1818,8.1993,8.0708,8.1102,561557441
2010-04-27 00:00:00.000 +0200,8.0431,8.0603,7.84,7.8914,799209436
2010-04-28 00:00:00.000 +0200,7.9221,7.9447,7.7163,7.8728,870413037
2010-04-29 00:00:00.000 +0200,7.9161,8.1253,7.8848,8.0831,657016571
2010-04-30 00:00:00.000 +0200,8.1045,8.1424,7.8544,7.8547,633394913
2010-05-03 00:00:00.000 +0200,7.9399,8.0615,7.911,8.0157,531405044
2010-05-04 00:00:00.000 +0200,7.9149,7.9233,7.7265,7.784,848604595
2010-05-05 00:00:00.000 +0200,7.614,7.7684,7.4852,7.7076,993190147
2010-05-06 00:00:00.000 +0200,7.6387,7.7717,5.9962,7.4045,1517844041
2010-05-07 00:00:00.000 +0200,7.3341,7.4202,6.7774,7.0967,1974661696
2010-05-10 00:00:00.000 +0200,7.5282,7.6633,7.4792,7.6405,1164408351
2010-05-11 00:00:00.000 +0200,7.5788,7.821,7.5385,7.7211,995793990
2010-05-12 00:00:00.000 +0200,7.7939,7.9185,7.7852,7.8869,774643552
2010-05-13 00:00:00.000 +0200,7.9188,7.9748,7.716,7.7723,710874056
2010-05-14 00:00:00.000 +0200,7.6799,7.7184,7.5084,7.6438,890261081
2010-05-17 00:00:00.000 +0200,7.6648,7.7094,7.4545,7.6483,900111648
2010-05-18 00:00:00.000 +0200,7.7332,7.7807,7.5312,7.5935,921431195
2010-05-19 00:00:00.000 +0200,7.5114,7.6113,7.3684,7.4725,1208975614
2010-05-20 00:00:00.000 +0200,7.279,7.3383,7.1084,7.1493,1514266830
2010-05-21 00:00:00.000 +0200,7.0064,7.3579,6.9622,7.2926,1445900922
2010-05-24 00:00:00.000 +0200,7.4382,7.5505,7.4108,7.4256,886261053
2010-05-25 00:00:00.000 +0200,7.2038,7.4259,7.137,7.3789,1229901656
2010-05-26 00:00:00.000 +0200,7.5243,7.5875,7.3353,7.3461,995805774
2010-05-27 00:00:00.000 +0200,7.5415,7.6405,7.4966,7.6284,786836691
2010-05-28 00:00:00.000 +0200,7.8027,7.8063,7.6242,7.7338,962415484
2010-06-01 00:00:00.000 +0200,7.8147,8.0031,7.793,7.8484,1030664273
2010-06-02 00:00:00.000 +0200,7.961,7.9688,7.8344,7.9429,807457102
2010-06-03 00:00:00.000 +0200,7.9793,7.9914,7.8367,7.9236,762050155
2010-06-04 00:00:00.000 +0200,7.7705,7.8815,7.6627,7.7065,894255827
2010-06-07 00:00:00.000 +0200,7.7729,7.7988,7.5399,7.552,1045053262
2010-06-08 00:00:00.000 +0200,7.6206,7.6378,7.3925,7.5047,1182931921
2010-06-09 00:00:00.000 +0200,7.5673,7.5806,7.2974,7.3191,1006501625
2010-06-10 00:00:00.000 +0200,7.363,7.5529,7.2887,7.5457,912969770
2010-06-11 00:00:00.000 +0200,7.47,7.6396,7.4443,7.629,641434518
2010-06-14 00:00:00.000 +0200,7.7022,7.7988,7.6441,7.6492,709530794
2010-06-15 00:00:00.000 +0200,7.6931,7.8198,7.6889,7.8183,611910457
2010-06-16 00:00:00.000 +0200,7.8574,8.0576,7.8433,8.0434,918344813
2010-06-17 00:00:00.000 +0200,8.1448,8.2125,8.1102,8.18,1021462005
2010-06-18 00:00:00.000 +0200,8.1906,8.2757,8.168,8.2478,922924664
2010-06-21 00:00:00.000 +0200,8.3576,8.3964,8.0871,8.1361,913382974
2010-06-22 00:00:00.000 +0200,8.1873,8.3049,8.1704,8.2294,839789045
2010-06-23 00:00:00.000 +0200,8.2631,8.2655,8.0621,8.1548,898485277
2010-06-24 00:00:00.000 +0200,8.1591,8.2216,8.0682,8.0872,838614923
2010-06-25 00:00:00.000 +0200,8.1286,8.1334,7.9992,8.0052,644122292
2010-06-28 00:00:00.000 +0200,8.0329,8.1178,7.9604,8.0741,690341602
2010-06-29 00:00:00.000 +0200,7.9513,7.9564,7.6528,7.7127,1340877586
2010-06-30 00:00:00.000 +0200,7.7253,7.7632,7.5237,7.5697,866071212
2010-07-01 00:00:00.000 +0200,7.6528,7.6678,7.3194,7.4774,1205098475
2010-07-02 00:00:00.000 +0200,7.5384,7.5514,7.3188,7.4331,818690649
2010-07-06 00:00:00.000 +0200,7.5535,7.6077,7.4078,7.4813,721703558
2010-07-07 00:00:00.000 +0200,7.5381,7.7873,7.5159,7.7873,771270342
2010-07-08 00:00:00.000 +0200,7.9008,7.9116,7.6706,7.7641,874006153
2010-07-09 00:00:00.000 +0200,7.7304,7.8213,7.6787,7.8153,513078520
2010-07-12 00:00:00.000 +0200,7.7822,7.88,7.6697,7.7431,666471418
2010-07-13 00:00:00.000 +0200,7.7148,7.716,7.416,7.5869,1410386037
2010-07-14 00:00:00.000 +0200,7.5038,7.6979,7.4933,7.6089,957652610
2010-07-15 00:00:00.000 +0200,7.4701,7.7331,7.4421,7.5625,976309696
2010-07-16 00:00:00.000 +0200,7.6152,7.673,7.4756,7.5192,1221124284
2010-07-19 00:00:00.000 +0200,7.5198,7.5198,7.2104,7.3922,1206360182
2010-07-20 00:00:00.000 +0200,7.3097,7.6107,7.2228,7.5857,1271079040
2010-07-21 00:00:00.000 +0200,7.9784,7.9793,7.6438,7.6513,1402969336
2010-07-22 00:00:00.000 +0200,7.7515,7.8243,7.6832,7.803,755166128
2010-07-23 00:00:00.000 +0200,7.7365,7.8358,7.7124,7.8258,628328104
2010-07-26 00:00:00.000 +0200,7.8252,7.8273,7.7554,7.8024,496143457
2010-07-27 00:00:00.000 +0200,7.8505,7.9688,7.8334,7.9474,687943827
2010-07-28 00:00:00.000 +0200,7.9345,8.0046,7.8319,7.8538,611713098
2010-07-29 00:00:00.000 +0200,7.8457,7.9041,7.707,7.7675,762565457
2010-07-30 00:00:00.000 +0200,7.7034,7.8153,7.6709,7.7428,531793197
2010-08-02 00:00:00.000 +0200,7.8358,7.9023,7.8129,7.8776,503063270
2010-08-03 00:00:00.000 +0200,7.8547,7.9224,7.8069,7.8821,492756288
2010-08-04 00:00:00.000 +0200,7.9098,7.9531,7.8337,7.9128,496822643
2010-08-05 00:00:00.000 +0200,7.8764,7.92,7.8409,7.8755,342063183
2010-08-06 00:00:00.000 +0200,7.8159,7.8692,7.753,7.8288,521183993
2010-08-09 00:00:00.000 +0200,7.8677,7.889,7.8114,7.8785,355282914
2010-08-10 00:00:00.000 +0200,7.8198,7.8379,7.7506,7.8063,532385902
2010-08-11 00:00:00.000 +0200,7.6841,7.6946,7.5177,7.5255,732747423
2010-08-12 00:00:00.000 +0200,7.4226,7.6167,7.4066,7.5773,625756381
2010-08-13 00:00:00.000 +0200,7.558,7.58,7.496,7.4963,417885900
2010-08-16 00:00:00.000 +0200,7.4521,7.5237,7.4217,7.4533,377605696
2010-08-17 00:00:00.000 +0200,7.5258,7.6627,7.4993,7.5872,497407181
2010-08-18 00:00:00.000 +0200,7.5992,7.6639,7.5709,7.6158,401798888
2010-08-19 00:00:00.000 +0200,7.6071,7.6281,7.4837,7.5183,506023552
2010-08-20 00:00:00.000 +0200,7.5032,7.6414,7.4933,7.5132,414039782
2010-08-23 00:00:00.000 +0200,7.5773,7.5836,7.3805,7.397,486334055
2010-08-24 00:00:00.000 +0200,7.3028,7.3127,7.1818,7.23,709085784
2010-08-25 00:00:00.000 +0200,7.1635,7.3425,7.1382,7.3094,705584448
2010-08-26 00:00:00.000 +0200,7.3841,7.3955,7.2309,7.2312,546338933
2010-08-27 00:00:00.000 +0200,7.276,7.301,7.0888,7.2703,647749511
2010-08-30 00:00:00.000 +0200,7.2453,7.3955,7.2429,7.298,451146129
2010-08-31 00:00:00.000 +0200,7.276,7.3597,7.233,7.3239,488246511
2010-09-01 00:00:00.000 +0200,7.447,7.5673,7.4115,7.5315,826159284
2010-09-02 00:00:00.000 +0200,7.5628,7.5887,7.4804,7.5887,489914789
2010-09-03 00:00:00.000 +0200,7.6763,7.7876,7.6588,7.7873,616526577
2010-09-07 00:00:00.000 +0200,7.7232,7.8102,7.7115,7.7626,405256714
2010-09-08 00:00:00.000 +0200,7.8177,7.9564,7.7973,7.9119,622813758
2010-09-09 00:00:00.000 +0200,7.9775,8.0205,7.9152,7.9167,510001503
2010-09-10 00:00:00.000 +0200,7.9173,7.9598,7.8665,7.9267,454118408
2010-09-13 00:00:00.000 +0200,8.0034,8.0735,7.9977,8.044,452197698
2010-09-14 00:00:00.000 +0200,8.0106,8.1003,7.9905,8.0663,481614795
2010-09-15 00:00:00.000 +0200,8.0702,8.1367,8.0603,8.1322,493719153
2010-09-16 00:00:00.000 +0200,8.1337,8.326,8.1102,8.323,766549554
2010-09-17 00:00:00.000 +0200,8.3576,8.3648,8.236,8.2896,668446064
2010-09-20 00:00:00.000 +0200,8.3106,8.54,8.3013,8.5327,774758671
2010-09-21 00:00:00.000 +0200,8.546,8.6474,8.5102,8.5511,779611040
2010-09-22 00:00:00.000 +0200,8.5078,8.6664,8.4987,8.6591,680399330
2010-09-23 00:00:00.000 +0200,8.6242,8.8102,8.6068,8.6946,928621625
2010-09-24 00:00:00.000 +0200,8.7873,8.8334,8.7437,8.8018,767045709
2010-09-27 00:00:00.000 +0200,8.8468,8.8695,8.7575,8.7578,563785525
2010-09-28 00:00:00.000 +0200,8.7786,8.7804,8.2757,8.6323,1218876941
2010-09-29 00:00:00.000 +0200,8.6504,8.7214,8.6068,8.6471,555907927
2010-09-30 00:00:00.000 +0200,8.6974,8.7271,8.4638,8.5391,791050797
2010-10-01 00:00:00.000 +0200,8.6188,8.6242,8.4668,8.502,528848985
2010-10-04 00:00:00.000 +0200,8.4744,8.5135,8.3591,8.3841,511318679
2010-10-05 00:00:00.000 +0200,8.4855,8.7106,8.4813,8.7106,581553759
2010-10-06 00:00:00.000 +0200,8.7163,8.787,8.5845,8.6958,783710897
2010-10-07 00:00:00.000 +0200,8.735,8.7416,8.6342,8.7001,484078666
2010-10-08 00:00:00.000 +0200,8.7822,8.8626,8.7271,8.8508,778367538
2010-10-11 00:00:00.000 +0200,8.8701,8.945,8.8656,8.8884,507009582
2010-10-12 00:00:00.000 +0200,8.89,9.013,8.8021,8.9902,658191473
2010-10-13 00:00:00.000 +0200,9.0341,9.0871,9.0221,9.0305,726757396
2010-10-14 00:00:00.000 +0200,9.0696,9.1024,9.0401,9.0964,511422791
2010-10-15 00:00:00.000 +0200,9.2469,9.4795,9.1758,9.4786,1086539284
2010-10-18 00:00:00.000 +0200,9.5833,9.5999,9.4581,9.5674,1280995362
2010-10-19 00:00:00.000 +0200,9.1298,9.4425,9.0287,9.3185,1437097713
2010-10-20 00:00:00.000 +0200,9.2989,9.4569,9.2348,9.345,842326752
2010-10-21 00:00:00.000 +0200,9.4006,9.4717,9.2327,9.3105,643627562
2010-10-22 00:00:00.000 +0200,9.3022,9.3302,9.2177,9.2652,438067984
2010-10-25 00:00:00.000 +0200,9.3022,9.3772,9.2821,9.2938,458105222
2010-10-26 00:00:00.000 +0200,9.2384,9.3212,9.1981,9.2706,462007832
2010-10-27 00:00:00.000 +0200,9.2562,9.326,9.1966,9.2601,471227193
2010-10-28 00:00:00.000 +0200,9.2688,9.2688,9.0549,9.1852,652214188
2010-10-29 00:00:00.000 +0200,9.1554,9.205,9.0546,9.0546,502322848
2010-11-01 00:00:00.000 +0200,9.1024,9.1966,9.0943,9.1539,502072504
2010-11-02 00:00:00.000 +0200,9.2472,9.3347,9.2387,9.32,513244324
2010-11-03 00:00:00.000 +0200,9.3702,9.4157,9.2848,9.4118,602403353
2010-11-04 00:00:00.000 +0200,9.493,9.6354,9.4804,9.5773,749557930
2010-11-05 00:00:00.000 +0200,9.5665,9.617,9.5321,9.5436,423168225
2010-11-08 00:00:00.000 +0200,9.5583,9.623,9.5369,9.5983,326887161
2010-11-09 00:00:00.000 +0200,9.6612,9.6691,9.4644,9.512,449523612
2010-11-10 00:00:00.000 +0200,9.53,9.5929,9.4358,9.5725,450230413
2010-11-11 00:00:00.000 +0200,9.481,9.5818,9.4569,9.5258,420237674
2010-11-12 00:00:00.000 +0200,9.5117,9.5246,9.1373,9.2721,941113796
2010-11-15 00:00:00.000 +0200,9.2842,9.3453,9.2168,9.2511,470317199
2010-11-16 00:00:00.000 +0200,9.2074,9.2568,9.0076,9.0654,770121403
2010-11-17 00:00:00.000 +0200,9.0624,9.1482,8.9607,9.0386,561620794
2010-11-18 00:00:00.000 +0200,9.1779,9.3191,9.1692,9.286,576959581
2010-11-19 00:00:00.000 +0200,9.2679,9.2809,9.1858,9.2357,451054871
2010-11-22 00:00:00.000 +0200,9.2228,9.4301,9.2047,9.4301,460840049
2010-11-23 00:00:00.000 +0200,9.3441,9.3817,9.2255,9.2905,613089056
2010-11-24 00:00:00.000 +0200,9.3919,9.4915,9.3817,9.4729,486765728
2010-11-26 00:00:00.000 +0200,9.4443,9.5607,9.4175,9.5024,279899046
2010-11-29 00:00:00.000 +0200,9.4978,9.5541,9.3705,9.5346,519649123
2010-11-30 00:00:00.000 +0200,9.4401,9.4602,9.3552,9.3636,588707554
2010-12-01 00:00:00.000 +0200,9.4897,9.5622,9.4795,9.5312,544616126
2010-12-02 00:00:00.000 +0200,9.5583,9.5999,9.4762,9.5737,545646958
2010-12-03 00:00:00.000 +0200,9.5394,9.5893,9.5198,9.5538,396012407
2010-12-06 00:00:00.000 +0200,9.5878,9.7001,9.5824,9.6351,527569675
2010-12-07 00:00:00.000 +0200,9.7437,9.75,9.5734,9.5758,460665559
2010-12-08 00:00:00.000 +0200,9.6218,9.6606,9.543,9.6603,378314943
2010-12-09 00:00:00.000 +0200,9.6953,9.7052,9.6005,9.6266,344511123
2010-12-10 00:00:00.000 +0200,9.6179,9.6615,9.5878,9.648,303753743
2010-12-13 00:00:00.000 +0200,9.7714,9.7822,9.66,9.6781,510192380
2010-12-14 00:00:00.000 +0200,9.6751,9.7064,9.5999,9.6378,399356850
2010-12-15 00:00:00.000 +0200,9.6275,9.7202,9.6056,9.642,485301904
2010-12-16 00:00:00.000 +0200,9.6609,9.7085,9.633,9.66,365001800
2010-12-17 00:00:00.000 +0200,9.6691,9.6838,9.6369,9.6498,327630448
2010-12-20 00:00:00.000 +0200,9.6781,9.7278,9.5767,9.6962,451930519
2010-12-21 00:00:00.000 +0200,9.7205,9.7621,9.6916,9.7566,281104180
2010-12-22 00:00:00.000 +0200,9.7621,9.8021,9.7368,9.7879,298269270
2010-12-23 00:00:00.000 +0200,9.7804,9.7849,9.7253,9.7383,260926397
2010-12-27 00:00:00.000 +0200,9.7253,9.7937,9.6757,9.7714,287317851
2010-12-28 00:00:00.000 +0200,9.8078,9.8304,9.7822,9.7946,207698775
2010-12-29 00:00:00.000 +0200,9.8126,9.8241,9.7834,9.7894,191236825
2010-12-30 00:00:00.000 +0200,9.7919,9.7958,9.7217,9.7401,184932756
2010-12-31 00:00:00.000 +0200,9.719,9.7347,9.6694,9.7034,225147011
2011-01-03 00:00:00.000 +0200,9.7997,9.9387,9.7755,9.9225,523194653
2011-01-04 00:00:00.000 +0200,10.004,10.0061,9.8743,9.9691,361751790
2011-01-05 00:00:00.000 +0200,9.9143,10.0615,9.9143,10.0513,300585559
2011-01-06 00:00:00.000 +0200,10.0805,10.0889,10.0182,10.0407,346066889
2011-01-07 00:00:00.000 +0200,10.054,10.122,9.9881,10.1154,364972006
2011-01-10 00:00:00.000 +0200,10.193,10.329,10.1467,10.301,518780587
2011-01-11 00:00:00.000 +0200,10.3739,10.3811,10.2159,10.28,515391524
2011-01-12 00:00:00.000 +0200,10.3359,10.3651,10.292,10.3648,355243074
2011-01-13 00:00:00.000 +0200,10.3856,10.4316,10.3477,10.4022,342739906
2011-01-14 00:00:00.000 +0200,10.4091,10.487,10.3654,10.4864,366145280
2011-01-18 00:00:00.000 +0200,9.9316,10.3751,9.8276,10.2798,2214613715
2011-01-19 00:00:00.000 +0200,10.4843,10.4906,10.1379,10.1969,1337563129
2011-01-20 00:00:00.000 +0200,10.1244,10.1807,9.9345,10.0157,892312097
2011-01-21 00:00:00.000 +0200,10.0398,10.0777,9.8295,9.8322,884542442
2011-01-24 00:00:00.000 +0200,9.8367,10.1551,9.8331,10.1539,668184287
2011-01-25 00:00:00.000 +0200,10.1223,10.2752,10.0684,10.274,637393110
2011-01-26 00:00:00.000 +0200,10.3197,10.4003,10.277,10.3483,582011810
2011-01-27 00:00:00.000 +0200,10.3455,10.373,10.3169,10.3295,329072694
2011-01-28 00:00:00.000 +0200,10.3576,10.3642,10.0371,10.113,681929867
2011-01-31 00:00:00.000 +0200,10.1057,10.233,10.0603,10.2108,430907271
2011-02-01 00:00:00.000 +0200,10.2709,10.4019,10.2613,10.3856,503255370
2011-02-02 00:00:00.000 +0200,10.3654,10.3898,10.3387,10.3618,301924738
2011-02-03 00:00:00.000 +0200,10.3447,10.3594,10.1882,10.3344,461870610
2011-02-04 00:00:00.000 +0200,10.3417,10.4334,10.3375,10.4274,373578817
2011-02-07 00:00:00.000 +0200,10.4672,10.6306,10.4614,10.589,568183988
2011-02-08 00:00:00.000 +0200,10.6381,10.6989,10.5975,10.6929,443924677
2011-02-09 00:00:00.000 +0200,10.688,10.8036,10.6793,10.7771,563093636
2011-02-10 00:00:00.000 +0200,10.7554,10.8337,10.4726,10.6694,1083443373
2011-02-11 00:00:00.000 +0200,10.6775,10.7675,10.6393,10.7392,424983385
2011-02-14 00:00:00.000 +0200,10.738,10.818,10.7347,10.809,362448130
2011-02-15 00:00:00.000 +0200,10.8096,10.8328,10.76,10.8322,329123103
2011-02-16 00:00:00.000 +0200,10.8578,10.9812,10.8487,10.9258,559929511
2011-02-17 00:00:00.000 +0200,10.7509,10.8418,10.729,10.7822,619184889
2011-02-18 00:00:00.000 +0200,10.7858,10.8187,10.5183,10.5496,911977499
2011-02-22 00:00:00.000 +0200,10.3062,10.3943,10.1632,10.1921,1014659981
2011-02-23 00:00:00.000 +0200,10.1948,10.3715,10.19,10.3107,768753948
2011-02-24 00:00:00.000 +0200,10.3534,10.3868,10.1828,10.3092,577706477
2011-02-25 00:00:00.000 +0200,10.3895,10.4855,10.3763,10.4813,449208571
2011-02-28 00:00:00.000 +0200,10.5698,10.6847,10.5665,10.6378,466391742
2011-03-01 00:00:00.000 +0200,10.6983,10.7049,10.463,10.5177,523986581
2011-03-02 00:00:00.000 +0200,10.5367,10.6637,10.4846,10.5966,709500504
2011-03-03 00:00:00.000 +0200,10.7383,10.8274,10.7109,10.8205,590831539
2011-03-04 00:00:00.000 +0200,10.8358,10.8424,10.766,10.8337,511056169
2011-03-07 00:00:00.000 +0200,10.8752,10.884,10.5722,10.6953,640111777
2011-03-08 00:00:00.000 +0200,10.6817,10.7555,10.6005,10.7034,418611053
2011-03-09 00:00:00.000 +0200,10.6742,10.676,10.5508,10.6065,536412128
2011-03-10 00:00:00.000 +0200,10.5129,10.5258,10.376,10.4305,597579494
2011-03-11 00:00:00.000 +0200,10.3886,10.6026,10.3823,10.5932,549980485
2011-03-14 00:00:00.000 +0200,10.6241,10.7278,10.5721,10.6398,508753357
2011-03-15 00:00:00.000 +0200,10.295,10.4678,10.2348,10.3952,848588203
2011-03-16 00:00:00.000 +0200,10.2824,10.3221,9.8183,9.9318,1367812361
2011-03-17 00:00:00.000 +0200,10.1364,10.2201,10.0579,10.066,769187892
2011-03-18 00:00:00.000 +0200,10.1509,10.1777,9.9309,9.9507,881328992
2011-03-21 00:00:00.000 +0200,10.1114,10.224,10.0892,10.2077,475797334
2011-03-22 00:00:00.000 +0200,10.3104,10.3107,10.2059,10.2658,378857461
2011-03-23 00:00:00.000 +0200,10.2135,10.2384,10.1099,10.2056,439508667
2011-03-24 00:00:00.000 +0200,10.3113,10.4124,10.2203,10.4064,469273742
2011-03-25 00:00:00.000 +0200,10.4741,10.5948,10.4431,10.5806,522025694
2011-03-28 00:00:00.000 +0200,10.6279,10.6628,10.546,10.5463,360463278
2011-03-29 00:00:00.000 +0200,10.4605,10.5616,10.4142,10.5613,412527889
2011-03-30 00:00:00.000 +0200,10.5541,10.5592,10.4557,10.4957,385446654
2011-03-31 00:00:00.000 +0200,10.4211,10.5267,10.4142,10.4899,319689722
2011-04-01 00:00:00.000 +0200,10.5662,10.5806,10.3312,10.3688,491816848
2011-04-04 00:00:00.000 +0200,10.3666,10.3703,10.1837,10.2679,537173289
2011-04-05 00:00:00.000 +0200,10.1412,10.2995,10.1115,10.1924,564948793
2011-04-06 00:00:00.000 +0200,10.2752,10.3492,10.1458,10.1728,466824848
2011-04-07 00:00:00.000 +0200,10.174,10.2448,10.1123,10.174,438054804
2011-04-08 00:00:00.000 +0200,10.2321,10.2363,10.0498,10.0832,440356849
2011-04-11 00:00:00.000 +0200,10.051,10.1015,9.9315,9.9607,466396262
2011-04-12 00:00:00.000 +0200,9.9483,10.0431,9.9369,10.0031,497420898
2011-04-13 00:00:00.000 +0200,10.0832,10.1157,10.0067,10.1141,400658760
2011-04-14 00:00:00.000 +0200,10.0808,10.1115,9.9929,9.9932,354096330
2011-04-15 00:00:00.000 +0200,10.0347,10.0404,9.8346,9.8551,488634076
2011-04-18 00:00:00.000 +0200,9.815,9.998,9.6348,9.9866,715920837
2011-04-19 00:00:00.000 +0200,10.0269,10.171,9.9986,10.168,495165796
2011-04-20 00:00:00.000 +0200,10.3411,10.4049,10.277,10.3028,814489572
2011-04-21 00:00:00.000 +0200,10.6841,10.6871,10.4882,10.5541,889703009
2011-04-25 00:00:00.000 +0200,10.5442,10.6456,10.5418,10.626,311174265
2011-04-26 00:00:00.000 +0200,10.6417,10.6829,10.5132,10.5466,393349855
2011-04-27 00:00:00.000 +0200,10.5978,10.6035,10.4455,10.54,413799609
2011-04-28 00:00:00.000 +0200,10.4166,10.5252,10.3979,10.4458,419112367
2011-04-29 00:00:00.000 +0200,10.4467,10.6516,10.4324,10.5054,1172854790
2011-05-02 00:00:00.000 +0200,10.5247,10.5469,10.3974,10.4193,510467371
2011-05-03 00:00:00.000 +0200,10.4723,10.5294,10.4009,10.4726,364016211
2011-05-04 00:00:00.000 +0200,10.4804,10.5878,10.4389,10.5304,451729022
2011-05-05 00:00:00.000 +0200,10.4852,10.5613,10.4139,10.4398,396133958
2011-05-06 00:00:00.000 +0200,10.5234,10.5328,10.4187,10.4289,331118416
2011-05-09 00:00:00.000 +0200,10.4672,10.5087,10.4283,10.4578,240463346
2011-05-10 00:00:00.000 +0200,10.4988,10.5234,10.4322,10.5162,328845274
2011-05-11 00:00:00.000 +0200,10.5027,10.5328,10.3895,10.4497,395605801
2011-05-12 00:00:00.000 +0200,10.416,10.4461,10.3001,10.4301,377719151
2011-05-13 00:00:00.000 +0200,10.4022,10.4199,10.2424,10.2463,386342101
2011-05-16 00:00:00.000 +0200,10.2077,10.2685,10.0091,10.0308,525021784
2011-05-17 00:00:00.000 +0200,9.9911,10.1157,9.9529,10.1148,528274160
2011-05-18 00:00:00.000 +0200,10.1256,10.2634,10.1115,10.2252,395211935
2011-05-19 00:00:00.000 +0200,10.2934,10.3044,10.1917,10.2483,308668666
2011-05-20 00:00:00.000 +0200,10.2186,10.2604,10.082,10.0859,391944413
2011-05-23 00:00:00.000 +0200,9.93,10.1108,9.9134,10.0633,448007814
2011-05-24 00:00:00.000 +0200,10.0967,10.1084,9.9712,10.0016,374627831
2011-05-25 00:00:00.000 +0200,10.0362,10.1885,10.0167,10.128,338052549
2011-05-26 00:00:00.000 +0200,10.1054,10.1382,10.0644,10.0811,259046963
2011-05-27 00:00:00.000 +0200,10.0753,10.1605,10.0606,10.1527,238088044
2011-05-31 00:00:00.000 +0200,10.2676,10.4675,10.2646,10.4656,486087446
2011-06-01 00:00:00.000 +0200,10.5026,10.5969,10.3717,10.3973,651820991
2011-06-02 00:00:00.000 +0200,10.4274,10.472,10.3612,10.4106,399079836
2011-06-03 00:00:00.000 +0200,10.3281,10.3922,10.2923,10.3314,367842849
2011-06-06 00:00:00.000 +0200,10.4034,10.444,10.1659,10.1733,547093782
2011-06-07 00:00:00.000 +0200,10.1777,10.1783,9.9881,9.9884,620256299
2011-06-08 00:00:00.000 +0200,9.9866,10.0753,9.9505,10.0004,393557954
2011-06-09 00:00:00.000 +0200,10.0284,10.0413,9.9535,9.976,324953932
2011-06-10 00:00:00.000 +0200,9.9474,9.9808,9.7958,9.7976,509068122
2011-06-13 00:00:00.000 +0200,9.8454,9.88,9.7825,9.8283,382035276
2011-06-14 00:00:00.000 +0200,9.9315,10.0287,9.9101,10.001,377879545
2011-06-15 00:00:00.000 +0200,9.9231,9.9399,9.7768,9.8343,457149438
2011-06-16 00:00:00.000 +0200,9.8403,9.8912,9.5797,9.7852,602920163
2011-06-17 00:00:00.000 +0200,9.9005,9.9083,9.6107,9.6393,667027752
2011-06-20 00:00:00.000 +0200,9.549,9.5607,9.3441,9.4891,748763562
2011-06-21 00:00:00.000 +0200,9.5325,9.8045,9.4855,9.7885,582543618
2011-06-22 00:00:00.000 +0200,9.7846,9.8978,9.7016,9.7082,458999866
2011-06-23 00:00:00.000 +0200,9.599,9.9817,9.5734,9.9682,658778936
2011-06-24 00:00:00.000 +0200,9.9736,10.0257,9.7831,9.821,510465525
2011-06-27 00:00:00.000 +0200,9.8596,10.0483,9.8481,9.9935,397723317
2011-06-28 00:00:00.000 +0200,10.0422,10.1325,10.0344,10.0892,341711170
2011-06-29 00:00:00.000 +0200,10.1127,10.1226,9.9875,10.0525,412318000
2011-06-30 00:00:00.000 +0200,10.0723,10.1154,10.0164,10.0994,379509674
2011-07-01 00:00:00.000 +0200,10.1066,10.3371,10.0573,10.3341,513813439
2011-07-05 00:00:00.000 +0200,10.3191,10.5276,10.3071,10.512,406244455
2011-07-06 00:00:00.000 +0200,10.5012,10.6561,10.4338,10.5881,518565509
2011-07-07 00:00:00.000 +0200,10.6757,10.7735,10.6531,10.7497,466061871
2011-07-08 00:00:00.000 +0200,10.6333,10.8337,10.599,10.8253,573456398
2011-07-11 00:00:00.000 +0200,10.7236,10.8268,10.6176,10.6561,517008449
2011-07-12 00:00:00.000 +0200,10.6408,10.7639,10.4912,10.6486,532952355
2011-07-13 00:00:00.000 +0200,10.7834,10.8337,10.7248,10.7777,463017224
2011-07-14 00:00:00.000 +0200,10.8644,10.8821,10.7236,10.7708,501945453
2011-07-15 00:00:00.000 +0200,10.8689,10.9842,10.8087,10.983,565844506
2011-07-18 00:00:00.000 +0200,10.9971,11.2746,10.9926,11.2496,675646105
2011-07-19 00:00:00.000 +0200,11.3751,11.3949,11.2345,11.3408,955184239
2011-07-20 00:00:00.000 +0200,11.9234,11.9252,11.6161,11.6462,1107442930
2011-07-21 00:00:00.000 +0200,11.6462,11.7383,11.5529,11.6546,599212564
2011-07-22 00:00:00.000 +0200,11.6859,11.8885,11.6688,11.8358,604817970
2011-07-25 00:00:00.000 +0200,11.7419,12.0374,11.7251,11.9896,694228589
2011-07-26 00:00:00.000 +0200,12.0374,12.1729,12.0278,12.1355,555381858
2011-07-27 00:00:00.000 +0200,12.054,12.1169,11.8012,11.8141,778358696
2011-07-28 00:00:00.000 +0200,11.7853,11.9469,11.6802,11.794,699180681
2011-07-29 00:00:00.000 +0200,11.6655,11.8915,11.5559,11.7573,739791376
2011-08-01 00:00:00.000 +0200,11.9676,12.0224,11.8078,11.9393,723158228
2011-08-02 00:00:00.000 +0200,11.9661,11.9742,11.6869,11.704,752719810
2011-08-03 00:00:00.000 +0200,11.766,11.8433,11.503,11.8138,867426362
2011-08-04 00:00:00.000 +0200,11.7239,11.7762,11.3558,11.3558,1025904535
2011-08-05 00:00:00.000 +0200,11.4515,11.5409,10.911,11.2475,1424557334
2011-08-08 00:00:00.000 +0200,10.8849,11.0675,10.6236,10.6336,1353065262
2011-08-09 00:00:00.000 +0200,10.8803,11.2734,10.6832,11.2676,1261992110
2011-08-10 00:00:00.000 +0200,11.1704,11.2746,10.9089,10.924,1039117821
2011-08-11 00:00:00.000 +0200,11.1503,11.2986,10.9757,11.2454,863384756
2011-08-12 00:00:00.000 +0200,11.3754,11.4247,11.2619,11.3411,619830185
2011-08-15 00:00:00.000 +0200,11.4247,11.5851,11.3781,11.5349,543510865
2011-08-16 00:00:00.000 +0200,11.4813,11.537,11.317,11.4476,590289456
2011-08-17 00:00:00.000 +0200,11.5063,11.5716,11.3754,11.4419,522542375
2011-08-18 00:00:00.000 +0200,11.1563,11.2144,10.8749,11.0097,1004743305
2011-08-19 00:00:00.000 +0200,10.899,11.0443,10.7133,10.7157,900739824
2011-08-22 00:00:00.000 +0200,10.9733,10.9806,10.6859,10.7257,625452184
2011-08-23 00:00:00.000 +0200,10.8385,11.2442,10.7434,11.2427,776269514
2011-08-24 00:00:00.000 +0200,11.2347,11.4043,11.1527,11.3197,734687345
2011-08-25 00:00:00.000 +0200,10.9866,11.2986,10.9842,11.2463,1028787468
2011-08-26 00:00:00.000 +0200,11.1698,11.5499,11.1587,11.5475,752440483
2011-08-29 00:00:00.000 +0200,11.6817,11.7816,11.6763,11.7333,473428043
2011-08-30 00:00:00.000 +0200,11.6838,11.7919,11.6225,11.7353,492025938
2011-08-31 00:00:00.000 +0200,11.7564,11.7991,11.4915,11.5803,617009107
2011-09-01 00:00:00.000 +0200,11.6158,11.6565,11.4572,11.4702,404415502
2011-09-02 00:00:00.000 +0200,11.2782,11.3754,11.1897,11.2565,519152526
2011-09-06 00:00:00.000 +0200,11.0468,11.4455,11.0287,11.4205,595134058
2011-09-07 00:00:00.000 +0200,11.6035,11.6041,11.4958,11.5535,408625614
2011-09-08 00:00:00.000 +0200,11.5057,11.6947,11.5051,11.5617,492739247
2011-09-09 00:00:00.000 +0200,11.5565,11.6161,11.2857,11.3471,665171998
2011-09-12 00:00:00.000 +0200,11.227,11.462,11.1918,11.4341,549142376
2011-09-13 00:00:00.000 +0200,11.5,11.6224,11.4431,11.5704,521609544
2011-09-14 00:00:00.000 +0200,11.6468,11.803,11.6089,11.7148,629913533
2011-09-15 00:00:00.000 +0200,11.781,11.8466,11.7335,11.8286,488087925
2011-09-16 00:00:00.000 +0200,11.9125,12.0525,11.892,12.0489,803616133
2011-09-19 00:00:00.000 +0200,11.9466,12.4356,11.8931,12.3877,970873532
2011-09-20 00:00:00.000 +0200,12.5,12.7254,12.3742,12.4425,905792749
2011-09-21 00:00:00.000 +0200,12.6303,12.6872,12.3986,12.4046,708978133
2011-09-22 00:00:00.000 +0200,12.0733,12.333,11.9381,12.0922,1144054085
2011-09-23 00:00:00.000 +0200,12.0462,12.2403,12.0329,12.1617,645125422
2011-09-26 00:00:00.000 +0200,12.0374,12.1572,11.7756,12.1337,945358619
2011-09-27 00:00:00.000 +0200,12.3053,12.3158,11.9791,12.0152,748789184
2011-09-28 00:00:00.000 +0200,12.0429,12.15,11.9324,11.9448,507065214
2011-09-29 00:00:00.000 +0200,12.0952,12.1039,11.6224,11.7422,769902877
2011-09-30 00:00:00.000 +0200,11.6515,11.7031,11.4714,11.4717,644761404
2011-10-03 00:00:00.000 +0200,11.4461,11.515,11.2301,11.2652,784756172
2011-10-04 00:00:00.000 +0200,11.2818,11.4897,10.6604,11.2123,1458000852
2011-10-05 00:00:00.000 +0200,11.0708,11.4302,10.8427,11.394,928416990
2011-10-06 00:00:00.000 +0200,11.2366,11.5794,11.1889,11.3546,951236435
2011-10-07 00:00:00.000 +0200,11.3083,11.3676,11.0892,11.1289,627624719
2011-10-10 00:00:00.000 +0200,11.4082,11.7007,11.3817,11.7007,519627345
2011-10-11 00:00:00.000 +0200,11.8138,12.1331,11.7816,12.0456,710344891
2011-10-12 00:00:00.000 +0200,12.2586,12.3158,12.0417,12.1009,723167176
2011-10-13 00:00:00.000 +0200,12.1885,12.2911,12.1232,12.2908,501353868
2011-10-14 00:00:00.000 +0200,12.5439,12.6995,12.497,12.6995,673906731
2011-10-17 00:00:00.000 +0200,12.6917,12.8409,12.5171,12.6324,808138677
2011-10-18 00:00:00.000 +0200,12.6924,12.7841,12.5187,12.696,1033291613
2011-10-19 00:00:00.000 +0200,12.0781,12.2908,11.9713,12.0017,1301568584
2011-10-20 00:00:00.000 +0200,12.0374,12.048,11.8632,11.9005,642523347
2011-10-21 00:00:00.000 +0200,11.9833,12.0116,11.7591,11.828,727719697
2011-10-24 00:00:00.000 +0200,11.9195,12.233,11.899,12.209,590648596
2011-10-25 00:00:00.000 +0200,12.1885,12.2346,11.9586,11.973,504391056
2011-10-26 00:00:00.000 +0200,12.0964,12.1142,11.8313,12.0471,537462799
2011-10-27 00:00:00.000 +0200,12.2674,12.3083,12.0943,12.1723,577119957
2011-10-28 00:00:00.000 +0200,12.127,12.2285,12.113,12.1891,373935400
2011-10-31 00:00:00.000 +0200,12.1097,12.3182,12.069,12.1819,450951713
2011-11-01 00:00:00.000 +0200,11.958,12.0224,11.8334,11.9363,626004145
2011-11-02 00:00:00.000 +0200,12.0435,12.0507,11.8903,11.9562,387392383
2011-11-03 00:00:00.000 +0200,12.0095,12.1398,11.8978,12.1292,518318671
2011-11-04 00:00:00.000 +0200,12.0988,12.141,12.0122,12.0447,356751799
2011-11-07 00:00:00.000 +0200,12.0353,12.0374,11.921,12.0305,317682750
2011-11-08 00:00:00.000 +0200,12.1052,12.2782,12.0844,12.2183,473574004
2011-11-09 00:00:00.000 +0200,11.9438,12.0642,11.8638,11.8963,660137737
2011-11-10 00:00:00.000 +0200,11.9505,11.9535,11.5003,11.5924,879571522
2011-11-11 00:00:00.000 +0200,11.6363,11.6974,11.4434,11.5761,772456866
2011-11-14 00:00:00.000 +0200,11.549,11.5936,11.3814,11.4133,506556926
2011-11-15 00:00:00.000 +0200,11.4611,11.7215,11.419,11.701,502252334
2011-11-16 00:00:00.000 +0200,11.7159,11.7708,11.5656,11.5827,412412114
2011-11-17 00:00:00.000 +0200,11.5553,11.5734,11.3001,11.3576,564925813
2011-11-18 00:00:00.000 +0200,11.4028,11.4353,11.2815,11.2836,414484858
2011-11-21 00:00:00.000 +0200,11.1467,11.1852,11.0116,11.1048,526156259
2011-11-22 00:00:00.000 +0200,11.1662,11.3733,11.1629,11.3308,465424038
2011-11-23 00:00:00.000 +0200,11.2761,11.3104,11.0407,11.0444,505226455
2011-11-25 00:00:00.000 +0200,11.0829,11.1692,10.9336,10.9417,285491251
2011-11-28 00:00:00.000 +0200,11.2054,11.3369,11.1446,11.3158,407629142
2011-11-29 00:00:00.000 +0200,11.3065,11.4004,11.1406,11.2309,443860845
2011-11-30 00:00:00.000 +0200,11.4825,11.5042,11.3927,11.503,472373842
2011-12-01 00:00:00.000 +0200,11.5084,11.7064,11.4581,11.6709,450673260
2011-12-02 00:00:00.000 +0200,11.7365,11.8457,11.6938,11.7275,440820712
2011-12-05 00:00:00.000 +0200,11.8415,11.9294,11.7482,11.827,413194458
2011-12-06 00:00:00.000 +0200,11.8132,11.8758,11.7178,11.7666,336070685
2011-12-07 00:00:00.000 +0200,11.7338,11.7648,11.6391,11.7106,355315757
2011-12-08 00:00:00.000 +0200,11.7807,11.902,11.7434,11.7585,445916121
2011-12-09 00:00:00.000 +0200,11.8196,11.8581,11.7675,11.8463,350554806
2011-12-12 00:00:00.000 +0200,11.7886,11.8539,11.72,11.7925,355702960
2011-12-13 00:00:00.000 +0200,11.8268,11.899,11.6492,11.7001,394509161
2011-12-14 00:00:00.000 +0200,11.6432,11.6577,11.3658,11.4365,480236266
2011-12-15 00:00:00.000 +0200,11.5373,11.5481,11.3847,11.4019,302627298
2011-12-16 00:00:00.000 +0200,11.4512,11.5605,11.4226,11.4563,479410112
2011-12-19 00:00:00.000 +0200,11.5096,11.5815,11.45,11.4918,275574605
2011-12-20 00:00:00.000 +0200,11.6691,11.9201,11.654,11.9201,396150841
2011-12-21 00:00:00.000 +0200,11.9342,11.9562,11.797,11.9303,309896804
2011-12-22 00:00:00.000 +0200,11.9475,12.0113,11.9201,11.9914,235858910
2011-12-23 00:00:00.000 +0200,12.0281,12.1455,12.0222,12.1392,316072162
2011-12-27 00:00:00.000 +0200,12.1307,12.311,12.1283,12.2352,309572085
2011-12-28 00:00:00.000 +0200,12.2466,12.2857,12.0778,12.1208,268572244
2011-12-29 00:00:00.000 +0200,12.1398,12.2075,12.0528,12.1909,241742647
2011-12-30 00:00:00.000 +0200,12.1497,12.2264,12.1425,12.1876,209010192
2012-01-03 00:00:00.000 +0200,12.3173,12.4136,12.3083,12.3715,348101682
2012-01-04 00:00:00.000 +0200,12.3384,12.4792,12.3167,12.4419,304781373
2012-01-05 00:00:00.000 +0200,12.487,12.5957,12.4187,12.5779,318269646
2012-01-06 00:00:00.000 +0200,12.6324,12.7221,12.6158,12.713,374597410
2012-01-09 00:00:00.000 +0200,12.8093,12.8725,12.6799,12.6914,457162269
2012-01-10 00:00:00.000 +0200,12.8175,12.8199,12.6845,12.7365,303943002
2012-01-11 00:00:00.000 +0200,12.72,12.7251,12.6185,12.716,249798561
2012-01-12 00:00:00.000 +0200,12.7142,12.7266,12.6017,12.6791,247590234
2012-01-13 00:00:00.000 +0200,12.6303,12.6529,12.599,12.638,261997914
2012-01-17 00:00:00.000 +0200,12.7657,12.8196,12.7284,12.7808,286766420
2012-01-18 00:00:00.000 +0200,12.8473,12.9243,12.8289,12.9129,326032878
2012-01-19 00:00:00.000 +0200,12.9448,12.9815,12.8352,12.869,307545181
2012-01-20 00:00:00.000 +0200,12.856,12.865,12.6318,12.6471,484018353
2012-01-23 00:00:00.000 +0200,12.7206,12.8936,12.7085,12.8608,357945035
2012-01-24 00:00:00.000 +0200,12.7928,12.7928,12.6255,12.6542,624121720
2012-01-25 00:00:00.000 +0200,13.6703,13.676,13.3534,13.4392,1089565209
2012-01-26 00:00:00.000 +0200,13.4928,13.5057,13.3357,13.3784,371914435
2012-01-27 00:00:00.000 +0200,13.3718,13.4964,13.3546,13.466,352314182
2012-01-30 00:00:00.000 +0200,13.4127,13.6595,13.4034,13.6327,442069622
2012-01-31 00:00:00.000 +0200,13.7128,13.7901,13.6345,13.7371,450077660
2012-02-01 00:00:00.000 +0200,13.7979,13.8127,13.7091,13.7284,312886388
2012-02-02 00:00:00.000 +0200,13.7197,13.7579,13.6619,13.6941,215732598
2012-02-03 00:00:00.000 +0200,13.7591,13.8431,13.7094,13.8298,339518901
2012-02-06 00:00:00.000 +0200,13.7895,13.9929,13.7889,13.9592,291452012
2012-02-07 00:00:00.000 +0200,14.0077,14.1365,13.9809,14.1082,369749177
2012-02-08 00:00:00.000 +0200,14.159,14.3483,14.135,14.3447,476465003
2012-02-09 00:00:00.000 +0200,14.4705,14.949,14.4615,14.841,1032570315
2012-02-10 00:00:00.000 +0200,14.7814,14.9752,14.7022,14.8569,741251413
2012-02-13 00:00:00.000 +0200,15.0384,15.1621,14.9592,15.1244,601021080
2012-02-14 00:00:00.000 +0200,15.1834,15.3345,15.107,15.3301,538699352
2012-02-15 00:00:00.000 +0200,15.4811,15.838,14.9532,14.9737,1780273295
2012-02-16 00:00:00.000 +0200,14.7913,15.194,14.6445,15.122,1109910987
2012-02-17 00:00:00.000 +0200,15.1407,15.2806,15.0558,15.11,619675105
2012-02-21 00:00:00.000 +0200,15.2538,15.4937,15.1708,15.485,707452307
2012-02-22 00:00:00.000 +0200,15.4404,15.513,15.3198,15.4392,562375869
2012-02-23 00:00:00.000 +0200,15.5027,15.5834,15.3327,15.5377,664840800
2012-02-24 00:00:00.000 +0200,15.6421,15.7359,15.6077,15.7197,486746168
2012-02-27 00:00:00.000 +0200,15.6881,15.9045,15.5367,15.8232,645934349
2012-02-28 00:00:00.000 +0200,15.8891,16.1124,15.8256,16.1103,703445882
2012-02-29 00:00:00.000 +0200,16.2975,16.4796,16.1211,16.3222,1106301709
2012-03-01 00:00:00.000 +0200,16.4973,16.4976,16.2135,16.379,800927161
2012-03-02 00:00:00.000 +0200,16.3781,16.4552,16.3264,16.4025,505232452
2012-03-05 00:00:00.000 +0200,16.4164,16.4756,15.8292,16.0507,956407512
2012-03-06 00:00:00.000 +0200,15.7678,16.0607,15.5349,15.9571,947322640
2012-03-07 00:00:00.000 +0200,16.1539,16.1837,15.748,15.9686,935469780
2012-03-08 00:00:00.000 +0200,16.0907,16.3405,16.0134,16.3032,604035775
2012-03-09 00:00:00.000 +0200,16.3772,16.4835,16.3441,16.4016,490836279
2012-03-12 00:00:00.000 +0200,16.5211,16.6117,16.4612,16.6117,473798902
2012-03-13 00:00:00.000 +0200,16.7844,17.0986,16.7245,17.0956,813230501
2012-03-14 00:00:00.000 +0200,17.3974,17.8973,17.3159,17.7426,1654573176
2012-03-15 00:00:00.000 +0200,18.0408,18.0565,17.4107,17.6168,1364193848
2012-03-16 00:00:00.000 +0200,17.5963,17.7311,17.3941,17.6219,893156194
2012-03-19 00:00:00.000 +0200,18.0074,18.1094,17.7266,18.0929,1058873180
2012-03-20 00:00:00.000 +0200,18.0411,18.2638,17.5145,18.2355,931024304
2012-03-21 00:00:00.000 +0200,18.1464,18.3466,18.0986,18.1314,753756437
2012-03-22 00:00:00.000 +0200,17.9957,18.1916,17.9216,18.0381,733017887
2012-03-23 00:00:00.000 +0200,18.07,18.1103,17.8877,17.9418,501480679
2012-03-26 00:00:00.000 +0200,18.0498,18.2713,17.9135,18.2632,703679842
2012-03-27 00:00:00.000 +0200,18.2421,18.5461,18.2385,18.4946,705401367
2012-03-28 00:00:00.000 +0200,18.6093,18.7017,18.3664,18.5861,769910277
2012-03-29 00:00:00.000 +0200,18.4444,18.5545,18.2737,18.3529,719019384
2012-03-30 00:00:00.000 +0200,18.3201,18.3739,17.9942,18.0402,859484617
2012-04-02 00:00:00.000 +0200,18.1112,18.621,18.0676,18.6183,694250672
2012-04-03 00:00:00.000 +0200,18.8786,19.0255,18.7336,18.9383,982531185
2012-04-04 00:00:00.000 +0200,18.7925,18.8344,18.6159,18.7811,678529217
2012-04-05 00:00:00.000 +0200,18.8702,19.0992,18.7604,19.0694,747478735
2012-04-09 00:00:00.000 +0200,18.8425,19.2551,18.8175,19.1467,703166384
2012-04-10 00:00:00.000 +0200,19.2587,19.3803,18.8386,18.9213,1046042145
2012-04-11 00:00:00.000 +0200,19.1455,19.1657,18.7586,18.8419,812382904
2012-04-12 00:00:00.000 +0200,18.8085,18.999,18.6731,18.7348,726323470
2012-04-13 00:00:00.000 +0200,18.7853,18.7995,18.1618,18.2123,1008260843
2012-04-16 00:00:00.000 +0200,18.3589,18.3655,17.4016,17.4738,1229837091
2012-04-17 00:00:00.000 +0200,17.4224,18.3571,17.2108,18.336,1198631237
2012-04-18 00:00:00.000 +0200,18.4684,18.6656,18.1377,18.3041,1121212543
2012-04-19 00:00:00.000 +0200,18.0564,18.1985,17.5903,17.6935,981051997
2012-04-20 00:00:00.000 +0200,17.8064,17.8943,17.166,17.2257,1175512414
2012-04-23 00:00:00.000 +0200,17.1717,17.3541,16.7507,17.2135,1125050632
2012-04-24 00:00:00.000 +0200,16.9352,17.0838,16.702,16.8642,1248714079
2012-04-25 00:00:00.000 +0200,18.5267,18.5978,18.2464,18.3523,1062623680
2012-04-26 00:00:00.000 +0200,18.4856,18.4982,18.1203,18.2885,622641906
2012-04-27 00:00:00.000 +0200,18.2087,18.2421,18.0712,18.1464,477172704
2012-04-30 00:00:00.000 +0200,17.9899,18.008,17.5446,17.5762,592983729
2012-05-01 00:00:00.000 +0200,17.5972,17.9587,17.4913,17.5193,713036725
2012-05-02 00:00:00.000 +0200,17.4615,17.677,17.42,17.6349,497655155
2012-05-03 00:00:00.000 +0200,17.7703,17.7974,17.4633,17.5067,456433537
2012-05-04 00:00:00.000 +0200,17.3664,17.4049,17.008,17.0113,622957311
2012-05-07 00:00:00.000 +0200,16.9066,17.2367,16.8894,17.1425,539795679
2012-05-08 00:00:00.000 +0200,17.1518,17.1985,16.8142,17.0953,581515117
2012-05-09 00:00:00.000 +0200,16.9647,17.2731,16.8781,17.1308,565574176
2012-05-10 00:00:00.000 +0200,17.3035,17.3303,17.1064,17.1678,392867999
2012-05-11 00:00:00.000 +0200,17.0062,17.2879,16.9833,17.0543,470210554
2012-05-14 00:00:00.000 +0200,16.9294,17.0784,16.7802,16.7949,412780390
2012-05-15 00:00:00.000 +0200,16.8961,16.9493,16.6041,16.6445,554458258
2012-05-16 00:00:00.000 +0200,16.6734,16.7588,16.2818,16.4332,660459860
2012-05-17 00:00:00.000 +0200,16.4103,16.4762,15.9532,15.9532,841936330
2012-05-18 00:00:00.000 +0200,16.0685,16.3532,15.7143,15.9571,827425331
2012-05-21 00:00:00.000 +0200,16.088,16.8988,16.0715,16.8915,741196305
2012-05-22 00:00:00.000 +0200,17.1494,17.2701,16.6291,16.7594,812116702
2012-05-23 00:00:00.000 +0200,16.7757,17.2376,16.6487,17.1627,681878601
2012-05-24 00:00:00.000 +0200,17.33,17.349,16.8894,17.0104,580274175
2012-05-25 00:00:00.000 +0200,16.9908,17.0285,16.8064,16.9213,387226088
2012-05-29 00:00:00.000 +0200,17.1783,17.2737,17.0122,17.2214,446878390
2012-05-30 00:00:00.000 +0200,17.1293,17.454,17.0498,17.4245,626656668
2012-05-31 00:00:00.000 +0200,17.476,17.4994,17.1973,17.3806,575756236
2012-06-01 00:00:00.000 +0200,17.1233,17.2331,16.8681,16.8843,609372598
2012-06-04 00:00:00.000 +0200,16.9483,17.0781,16.5559,17.0325,657122888
2012-06-05 00:00:00.000 +0200,16.8906,17.0471,16.8022,16.9331,458842229
2012-06-06 00:00:00.000 +0200,17.0902,17.2692,17.0179,17.2054,468979738
2012-06-07 00:00:00.000 +0200,17.3727,17.3736,17.1684,17.2057,441644902
2012-06-08 00:00:00.000 +0200,17.2014,17.4717,17.1231,17.4623,403869070
2012-06-11 00:00:00.000 +0200,17.6818,17.7101,17.1723,17.1985,691750076
2012-06-12 00:00:00.000 +0200,17.2888,17.3526,17.054,17.3384,507348743
2012-06-13 00:00:00.000 +0200,17.2966,17.4085,17.1648,17.2181,345956781
2012-06-14 00:00:00.000 +0200,17.191,17.2587,17.0709,17.1988,408231140
2012-06-15 00:00:00.000 +0200,17.178,17.2924,17.1398,17.2776,342289761
2012-06-18 00:00:00.000 +0200,17.1822,17.6917,17.1645,17.6291,518231604
2012-06-19 00:00:00.000 +0200,17.5566,17.7552,17.5476,17.6752,427121675
2012-06-20 00:00:00.000 +0200,17.7014,17.7326,17.4784,17.6245,422717618
2012-06-21 00:00:00.000 +0200,17.618,17.7017,17.3772,17.3821,380115681
2012-06-22 00:00:00.000 +0200,17.4218,17.5202,17.3165,17.5145,334561749
2012-06-25 00:00:00.000 +0200,17.3745,17.4483,17.1645,17.1759,357244443
2012-06-26 00:00:00.000 +0200,17.1988,17.2885,17.073,17.2153,320162695
2012-06-27 00:00:00.000 +0200,17.3038,17.3562,17.2111,17.2873,236473447
2012-06-28 00:00:00.000 +0200,17.2036,17.2737,17.0212,17.116,330714227
2012-06-29 00:00:00.000 +0200,17.3941,17.5747,17.2813,17.5747,491538692
2012-07-02 00:00:00.000 +0200,17.5942,17.8596,17.5626,17.8368,467800377
2012-07-03 00:00:00.000 +0200,17.9021,18.0562,17.8756,18.0381,284733180
2012-07-05 00:00:00.000 +0200,18.073,18.4877,18.0456,18.3554,563135793
2012-07-06 00:00:00.000 +0200,18.2695,18.3101,18.1037,18.2433,490812081
2012-07-09 00:00:00.000 +0200,18.216,18.4745,18.1798,18.4742,442606147
2012-07-10 00:00:00.000 +0200,18.5957,18.6541,18.216,18.3014,599161116
2012-07-11 00:00:00.000 +0200,18.2403,18.2867,17.9725,18.1895,550337942
2012-07-12 00:00:00.000 +0200,18.0634,18.1606,17.8359,18.0215,499758065
2012-07-13 00:00:00.000 +0200,18.1449,18.2725,18.0562,18.2006,365673428
2012-07-16 00:00:00.000 +0200,18.2132,18.4058,18.2072,18.2653,353516309
2012-07-17 00:00:00.000 +0200,18.3809,18.4022,18.151,18.2641,346278221
2012-07-18 00:00:00.000 +0200,18.2596,18.3071,18.1633,18.2415,297636810
2012-07-19 00:00:00.000 +0200,18.3968,18.5181,18.2367,18.4901,510496655
2012-07-20 00:00:00.000 +0200,18.4519,18.4907,18.1705,18.1705,448202034
2012-07-23 00:00:00.000 +0200,17.8876,18.2337,17.6863,18.1717,568933363
2012-07-24 00:00:00.000 +0200,18.2767,18.3475,18.0113,18.0947,643925352
2012-07-25 00:00:00.000 +0200,17.2984,17.4784,17.1534,17.3029,1013110950
2012-07-26 00:00:00.000 +0200,17.4468,17.4663,17.1642,17.2936,464809606
2012-07-27 00:00:00.000 +0200,17.3041,17.6297,17.2012,17.6132,463984048
2012-07-30 00:00:00.000 +0200,17.7817,18.0393,17.6896,17.9045,443175964
2012-07-31 00:00:00.000 +0200,18.1473,18.4083,18.138,18.38,539498468
2012-08-01 00:00:00.000 +0200,18.5348,18.5497,18.1464,18.262,445881191
2012-08-02 00:00:00.000 +0200,18.1416,18.3779,18.0637,18.2894,368076514
2012-08-03 00:00:00.000 +0200,18.4663,18.5972,18.404,18.5271,405263850
2012-08-06 00:00:00.000 +0200,18.5723,18.8046,18.5154,18.7328,346088444
2012-08-07 00:00:00.000 +0200,18.7312,18.8085,18.599,18.6872,330909556
2012-08-08 00:00:00.000 +0200,18.6279,18.7748,18.5708,18.6535,272213673
2012-08-09 00:00:00.000 +0200,18.6732,18.7904,18.6716,18.7602,233979701
2012-08-10 00:00:00.000 +0200,18.7067,18.7913,18.6988,18.7877,221470298
2012-08-13 00:00:00.000 +0200,18.8391,19.0404,18.8364,19.0404,328138137
2012-08-14 00:00:00.000 +0200,19.0969,19.3006,19.0467,19.0896,395877799
2012-08-15 00:00:00.000 +0200,19.08,19.1613,18.9724,19.0594,292766545
2012-08-16 00:00:00.000 +0200,19.0751,19.2447,19.0555,19.2308,297320627
2012-08-17 00:00:00.000 +0200,19.3066,19.5901,19.3057,19.5892,514970523
2012-08-20 00:00:00.000 +0200,19.6478,20.103,19.6418,20.098,711450228
2012-08-21 00:00:00.000 +0200,20.274,20.397,19.6548,19.8322,949936130
2012-08-22 00:00:00.000 +0200,19.7808,20.219,19.5877,20.215,661056334
2012-08-23 00:00:00.000 +0200,20.132,20.246,19.9818,20.018,492848501
2012-08-24 00:00:00.000 +0200,19.9386,20.234,19.8126,20.043,510576275
2012-08-27 00:00:00.000 +0200,20.546,20.578,20.356,20.415,491356357
2012-08-28 00:00:00.000 +0200,20.399,20.434,20.27,20.393,305877460
2012-08-29 00:00:00.000 +0200,20.408,20.481,20.328,20.354,235191097
2012-08-30 00:00:00.000 +0200,20.264,20.296,20.033,20.065,348066846
2012-08-31 00:00:00.000 +0200,20.16,20.207,19.8639,20.105,395985339
2012-09-04 00:00:00.000 +0200,20.121,20.405,20.083,20.39,429969545
2012-09-05 00:00:00.000 +0200,20.421,20.441,20.237,20.254,385159762
2012-09-06 00:00:00.000 +0200,20.348,20.5,20.273,20.441,450566740
2012-09-07 00:00:00.000 +0200,20.491,20.626,20.424,20.563,381572832
2012-09-10 00:00:00.000 +0200,20.559,20.651,20.011,20.023,574612097
2012-09-11 00:00:00.000 +0200,20.105,20.252,19.8413,19.9652,584686897
2012-09-12 00:00:00.000 +0200,20.154,20.246,19.8262,20.245,831971814
2012-09-13 00:00:00.000 +0200,20.47,20.718,20.393,20.641,682677123
2012-09-14 00:00:00.000 +0200,20.85,21.065,20.79,20.891,692229444
2012-09-17 00:00:00.000 +0200,21.136,21.15,20.993,21.15,452340141
2012-09-18 00:00:00.000 +0200,21.153,21.226,21.048,21.215,433922350
2012-09-19 00:00:00.000 +0200,21.17,21.277,21.143,21.222,374365164
2012-09-20 00:00:00.000 +0200,21.131,21.158,20.963,21.117,365211108
2012-09-21 00:00:00.000 +0200,21.221,21.309,21.137,21.177,641144890
2012-09-24 00:00:00.000 +0200,20.759,21.008,20.642,20.849,719071280
2012-09-25 00:00:00.000 +0200,20.801,20.938,20.34,20.361,599587890
2012-09-26 00:00:00.000 +0200,20.211,20.331,19.983,20.099,673673499
2012-09-27 00:00:00.000 +0200,20.073,20.617,19.9579,20.594,688502774
2012-09-28 00:00:00.000 +0200,20.513,20.585,20.151,20.161,616667438
2012-10-01 00:00:00.000 +0200,20.286,20.453,19.8413,19.9392,635321389
2012-10-02 00:00:00.000 +0200,20.002,20.139,19.6645,19.9854,737638163
2012-10-03 00:00:00.000 +0200,20.098,20.305,20.027,20.304,463423386
2012-10-04 00:00:00.000 +0200,20.287,20.378,20.115,20.155,425982914
2012-10-05 00:00:00.000 +0200,20.103,20.128,19.6835,19.7228,685092832
2012-10-08 00:00:00.000 +0200,19.5439,19.5711,19.225,19.2873,737839212
2012-10-09 00:00:00.000 +0200,19.3018,19.3574,18.8454,19.2268,965381494
2012-10-10 00:00:00.000 +0200,19.335,19.4931,19.2519,19.3692,583586486
2012-10-11 00:00:00.000 +0200,19.5439,19.5602,18.9829,18.9829,619970703
2012-10-12 00:00:00.000 +0200,19.0271,19.203,18.8983,19.0271,528047323
2012-10-15 00:00:00.000 +0200,19.1099,19.1954,18.8545,19.1839,494516184
2012-10-16 00:00:00.000 +0200,19.2078,19.6539,19.0706,19.633,637441298
2012-10-17 00:00:00.000 +0200,19.6107,19.7291,19.4635,19.4795,444812204
2012-10-18 00:00:00.000 +0200,19.3302,19.4049,19.0404,19.1189,555962590
2012-10-19 00:00:00.000 +0200,19.0721,19.0939,18.4244,18.4294,855107715
2012-10-22 00:00:00.000 +0200,18.5097,19.203,18.4589,19.1661,632399812
2012-10-23 00:00:00.000 +0200,19.0694,19.1582,18.4873,18.5393,827645203
2012-10-24 00:00:00.000 +0200,18.7835,18.9361,18.4553,18.6321,651112703
2012-10-25 00:00:00.000 +0200,18.7381,18.7986,18.3014,18.4253,757745455
2012-10-26 00:00:00.000 +0200,18.4193,18.5568,17.8617,18.2537,1181382723
2012-10-31 00:00:00.000 +0200,17.9581,18.1929,17.7619,17.9898,585933983
2012-11-01 00:00:00.000 +0200,18.0772,18.2243,17.9575,18.0285,412652784
2012-11-02 00:00:00.000 +0200,18.0206,18.0415,17.3706,17.4367,698463747
2012-11-05 00:00:00.000 +0200,17.642,17.7641,17.4567,17.6689,591275998
2012-11-06 00:00:00.000 +0200,17.839,17.8538,17.5319,17.6154,414413926
2012-11-07 00:00:00.000 +0200,17.4253,17.4435,16.873,16.9435,907250638
2012-11-08 00:00:00.000 +0200,17.0212,17.0698,16.2519,16.329,1209290226
2012-11-09 00:00:00.000 +0200,16.4076,16.8466,16.2042,16.6165,1077222079
2012-11-12 00:00:00.000 +0200,16.8275,16.8351,16.3539,16.4859,594966405
2012-11-13 00:00:00.000 +0200,16.3654,16.713,16.2843,16.4744,609312865
2012-11-14 00:00:00.000 +0200,16.5597,16.621,16.2789,16.308,540405896
2012-11-15 00:00:00.000 +0200,16.3202,16.3797,15.8672,15.9653,921318623
2012-11-16 00:00:00.000 +0200,15.9443,16.0912,15.355,16.0205,1473939196
2012-11-19 00:00:00.000 +0200,16.4161,17.2298,16.3912,17.1821,939487520
2012-11-20 00:00:00.000 +0200,17.3634,17.3649,16.8375,17.0367,741888944
2012-11-21 00:00:00.000 +0200,17.1311,17.2258,16.8988,17.054,428165500
2012-11-23 00:00:00.000 +0200,17.2198,17.3664,17.081,17.35,316847644
2012-11-26 00:00:00.000 +0200,17.4881,17.9129,17.4216,17.8941,723943980
2012-11-27 00:00:00.000 +0200,17.8932,17.9256,17.6123,17.7523,584897875
2012-11-28 00:00:00.000 +0200,17.5288,17.7854,17.3743,17.6943,594572613
2012-11-29 00:00:00.000 +0200,17.9159,18.0419,17.7687,17.8932,587480578
2012-11-30 00:00:00.000 +0200,17.8103,17.8643,17.6907,17.7605,404794613
2012-12-03 00:00:00.000 +0200,18.0237,18.0523,17.7763,17.7942,408675975
2012-12-04 00:00:00.000 +0200,17.6539,17.6639,17.3691,17.48,558923309
2012-12-05 00:00:00.000 +0200,17.2723,17.2829,16.3572,16.3581,1203021411
2012-12-06 00:00:00.000 +0200,16.0548,16.799,15.746,16.6147,1362897953
2012-12-07 00:00:00.000 +0200,16.8026,16.8563,16.0912,16.1829,913758451
2012-12-10 00:00:00.000 +0200,15.9343,16.3496,15.8356,16.0837,723883438
2012-12-11 00:00:00.000 +0200,16.3879,16.6851,16.315,16.4255,684851377
2012-12-12 00:00:00.000 +0200,16.6286,16.6377,16.2816,16.3621,563794431
2012-12-13 00:00:00.000 +0200,16.1249,16.3232,15.9637,16.0791,711247265
2012-12-14 00:00:00.000 +0200,15.6282,15.7309,15.3498,15.4536,1165374819
2012-12-17 00:00:00.000 +0200,15.4515,15.7876,15.2178,15.7621,883838839
2012-12-18 00:00:00.000 +0200,15.9349,16.24,15.7952,16.2081,725001966
2012-12-19 00:00:00.000 +0200,16.1359,16.2036,15.9546,15.9731,521938814
2012-12-20 00:00:00.000 +0200,16.0946,16.0973,15.7536,15.8455,538112419
2012-12-21 00:00:00.000 +0200,15.5621,15.7776,15.4913,15.7673,686955671
2012-12-24 00:00:00.000 +0200,15.7983,15.9167,15.7485,15.7934,204430603
2012-12-26 00:00:00.000 +0200,15.7567,15.7712,15.518,15.5721,346428953
2012-12-27 00:00:00.000 +0200,15.5915,15.6738,15.3219,15.6344,525160666
2012-12-28 00:00:00.000 +0200,15.4992,15.62,15.427,15.4667,410538984
2012-12-31 00:00:00.000 +0200,15.5001,16.2552,15.4537,16.1817,754902543
2013-01-02 00:00:00.000 +0200,16.8144,16.8503,16.4443,16.6593,651026860
2013-01-03 00:00:00.000 +0200,16.6326,16.6884,16.4252,16.4671,403163032
2013-01-04 00:00:00.000 +0200,16.2986,16.3533,15.9738,16.0005,691147194
2013-01-07 00:00:00.000 +0200,15.849,16.07,15.6419,15.9082,565287442
2013-01-08 00:00:00.000 +0200,16.067,16.1486,15.8256,15.9452,520679122
2013-01-09 00:00:00.000 +0200,15.8629,15.9397,15.6665,15.7002,463946185
2013-01-10 00:00:00.000 +0200,16.0457,16.0524,15.6516,15.8933,692420077
2013-01-11 00:00:00.000 +0200,15.818,15.9492,15.7579,15.7913,405697388
2013-01-14 00:00:00.000 +0200,15.2618,15.4081,15.1352,15.2381,845442270
2013-01-15 00:00:00.000 +0200,15.1288,15.1498,14.6758,14.7496,1015680461
2013-01-16 00:00:00.000 +0200,15.0153,15.467,14.9527,15.365,789397751
2013-01-17 00:00:00.000 +0200,15.4934,15.5068,15.2421,15.2624,516714309
2013-01-18 00:00:00.000 +0200,15.1255,15.2478,15.0711,15.1792,507225068
2013-01-22 00:00:00.000 +0200,15.3189,15.4197,15.0781,15.3234,530041160
2013-01-23 00:00:00.000 +0200,15.4458,15.6355,15.3252,15.6055,991076731
2013-01-24 00:00:00.000 +0200,13.9654,14.14,13.67,13.6776,1692453197
2013-01-25 00:00:00.000 +0200,13.7128,13.8515,13.207,13.3542,1390706655
2013-01-28 00:00:00.000 +0200,13.2944,13.7598,13.2331,13.6542,898753419
2013-01-29 00:00:00.000 +0200,13.9204,13.9721,13.7267,13.9183,663617620
2013-01-30 00:00:00.000 +0200,13.877,14.0449,13.799,13.8722,476230835
2013-01-31 00:00:00.000 +0200,13.8743,13.9441,13.8136,13.8257,368565748
2013-02-01 00:00:00.000 +0200,13.9481,13.9502,13.6123,13.7765,607569736
2013-02-04 00:00:00.000 +0200,13.782,13.8427,13.4195,13.4262,548160042
2013-02-05 00:00:00.000 +0200,13.4848,13.9581,13.4262,13.8998,668163423
2013-02-06 00:00:00.000 +0200,13.8722,14.1633,13.7407,13.8836,681691022
2013-02-07 00:00:00.000 +0200,14.1488,14.3528,13.8678,14.2993,802830225
2013-02-08 00:00:00.000 +0200,14.4777,14.6218,14.3604,14.5045,716803916
2013-02-11 00:00:00.000 +0200,14.5513,14.809,14.452,14.6566,584163503
2013-02-12 00:00:00.000 +0200,14.6432,14.7308,14.2839,14.2869,672683608
2013-02-13 00:00:00.000 +0200,14.2676,14.4639,14.1457,14.2611,534585512
2013-02-14 00:00:00.000 +0200,14.1827,14.4028,14.1701,14.2489,407311977
2013-02-15 00:00:00.000 +0200,14.3274,14.3576,14.0449,14.055,446029572
2013-02-19 00:00:00.000 +0200,14.081,14.1307,13.8596,14.0462,500123306
2013-02-20 00:00:00.000 +0200,13.9768,13.9768,13.7054,13.709,533813345
2013-02-21 00:00:00.000 +0200,13.6119,13.7167,13.5227,13.6186,512160208
2013-02-22 00:00:00.000 +0200,13.7167,13.7909,13.6382,13.7612,366055063
2013-02-25 00:00:00.000 +0200,13.8605,13.8984,13.5151,13.5261,424259353
2013-02-26 00:00:00.000 +0200,13.5453,13.789,13.3652,13.7096,581386183
2013-02-27 00:00:00.000 +0200,13.6999,13.8165,13.4565,13.5762,682654253
2013-02-28 00:00:00.000 +0200,13.5603,13.677,13.4797,13.48,363303212
2013-03-01 00:00:00.000 +0200,13.3759,13.381,13.1306,13.1443,636747001
2013-03-04 00:00:00.000 +0200,13.0641,13.0763,12.7953,12.8262,659484414
2013-03-05 00:00:00.000 +0200,12.8708,13.2897,12.8488,13.1697,731631598
2013-03-06 00:00:00.000 +0200,13.2705,13.2916,12.9612,12.9984,527581432
2013-03-07 00:00:00.000 +0200,12.9627,13.1926,12.8582,13.1435,538061549
2013-03-08 00:00:00.000 +0200,13.1254,13.2971,13.0888,13.1786,448034594
2013-03-11 00:00:00.000 +0200,13.1178,13.4064,12.9828,13.3681,548677524
2013-03-12 00:00:00.000 +0200,13.3023,13.4024,13.057,13.0854,540469407
2013-03-13 00:00:00.000 +0200,13.0839,13.2687,12.9896,13.079,442288813
2013-03-14 00:00:00.000 +0200,13.2177,13.2729,13.145,13.2039,350393030
2013-03-15 00:00:00.000 +0200,13.3734,13.5658,13.3526,13.5542,738890001
2013-03-18 00:00:00.000 +0200,13.4818,13.9698,13.4733,13.9167,684150123
2013-03-19 00:00:00.000 +0200,14.0321,14.077,13.6962,13.8791,599604133
2013-03-20 00:00:00.000 +0200,13.971,13.975,13.7295,13.804,348436742
2013-03-21 00:00:00.000 +0200,13.7487,13.9857,13.7451,13.8269,437162415
2013-03-22 00:00:00.000 +0200,13.8761,14.1115,13.8336,14.1069,452238724
2013-03-25 00:00:00.000 +0200,14.1869,14.3512,14.1017,14.1552,577589958
2013-03-26 00:00:00.000 +0200,14.2007,14.2257,14.0636,14.0819,338311950
2013-03-27 00:00:00.000 +0200,13.9393,13.9497,13.7643,13.8052,382158830
2013-03-28 00:00:00.000 +0200,13.7417,13.7976,13.4861,13.5142,505784779
2013-04-01 00:00:00.000 +0200,13.4978,13.5496,13.0623,13.098,447298076
2013-04-02 00:00:00.000 +0200,13.0592,13.3798,13.0213,13.1279,612985824
2013-04-03 00:00:00.000 +0200,13.1801,13.3536,13.1407,13.1877,401158045
2013-04-04 00:00:00.000 +0200,13.2449,13.2839,12.9862,13.0586,414728155
2013-04-05 00:00:00.000 +0200,12.9581,12.977,12.8161,12.9236,438005906
2013-04-08 00:00:00.000 +0200,12.9724,13.0549,12.9019,13.0155,334516409
2013-04-09 00:00:00.000 +0200,13.0189,13.0854,12.9098,13.039,351279486
2013-04-10 00:00:00.000 +0200,13.0732,13.3468,13.0094,13.3075,434742842
2013-04-11 00:00:00.000 +0200,13.2409,13.3752,13.1679,13.2647,374930727
2013-04-12 00:00:00.000 +0200,13.25,13.258,13.1035,13.1242,269717205
2013-04-15 00:00:00.000 +0200,13.0332,13.0668,12.8121,12.8216,367642323
2013-04-16 00:00:00.000 +0200,12.8735,13.0277,12.8433,13.0119,351757997
2013-04-17 00:00:00.000 +0200,12.8378,12.8442,12.1574,12.3006,1088942721
2013-04-18 00:00:00.000 +0200,12.3678,12.3919,11.9019,11.9678,769905971
2013-04-19 00:00:00.000 +0200,11.8532,12.2029,11.7601,11.9302,699592364
2013-04-22 00:00:00.000 +0200,11.9904,12.2823,11.9487,12.1748,475466539
2013-04-23 00:00:00.000 +0200,12.3363,12.471,12.1787,12.3985,726957496
2013-04-24 00:00:00.000 +0200,12.0169,12.6808,11.9861,12.3852,1121901051
2013-04-25 00:00:00.000 +0200,12.5678,12.6408,12.4289,12.4808,433211726
2013-04-26 00:00:00.000 +0200,12.515,12.7883,12.4671,12.7383,701456958
2013-04-29 00:00:00.000 +0200,12.8403,13.2418,12.826,13.1347,665779721
2013-04-30 00:00:00.000 +0200,13.287,13.5969,13.1945,13.5221,768687377
2013-05-01 00:00:00.000 +0200,13.574,13.5872,13.2653,13.4192,583599545
2013-05-02 00:00:00.000 +0200,13.4931,13.6989,13.4559,13.6066,459081465
2013-05-03 00:00:00.000 +0200,13.7771,13.8406,13.7161,13.7398,414070844
2013-05-06 00:00:00.000 +0200,13.9164,14.1146,13.8736,14.0708,537705880
2013-05-07 00:00:00.000 +0200,14.2001,14.223,13.855,14.0074,548806405
2013-05-08 00:00:00.000 +0200,14.0181,14.2114,13.9194,14.1607,475778546
2013-05-09 00:00:00.000 +0200,14.1345,14.2326,14.0045,14.0405,452628270
2013-05-10 00:00:00.000 +0200,14.0774,14.1315,13.8477,13.9215,385933631
2013-05-13 00:00:00.000 +0200,13.8794,14.0758,13.8791,13.9787,348929290
2013-05-14 00:00:00.000 +0200,13.9513,13.9928,13.5917,13.6387,508575138
2013-05-15 00:00:00.000 +0200,13.4997,13.5563,12.9833,13.1865,852646895
2013-05-16 00:00:00.000 +0200,13.0202,13.4595,12.877,13.3602,697602067
2013-05-17 00:00:00.000 +0200,13.4964,13.5283,13.2492,13.3181,492797270
2013-05-20 00:00:00.000 +0200,13.2732,13.7039,13.2212,13.6116,492496771
2013-05-21 00:00:00.000 +0200,13.4687,13.694,13.3473,13.5151,522093990
2013-05-22 00:00:00.000 +0200,13.6488,13.7822,13.4709,13.568,510321043
2013-05-23 00:00:00.000 +0200,13.4026,13.7149,13.3962,13.5929,407800913
2013-05-24 00:00:00.000 +0200,13.5517,13.6996,13.5366,13.6839,314428222
2013-05-28 00:00:00.000 +0200,13.8299,13.8671,13.5517,13.57,431388888
2013-05-29 00:00:00.000 +0200,13.5256,13.7561,13.5071,13.6787,380765706
2013-05-30 00:00:00.000 +0200,13.6903,13.9713,13.6642,13.8818,406492595
2013-05-31 00:00:00.000 +0200,13.9098,14.0512,13.8176,13.8176,434141423
2013-06-03 00:00:00.000 +0200,13.8637,13.9055,13.6018,13.8557,428282330
2013-06-04 00:00:00.000 +0200,13.9356,13.9691,13.7527,13.8118,333807107
2013-06-05 00:00:00.000 +0200,13.6992,13.8551,13.6396,13.6839,328546810
2013-06-06 00:00:00.000 +0200,13.6808,13.7407,13.3427,13.4782,480836411
2013-06-07 00:00:00.000 +0200,13.4217,13.6252,13.3033,13.5855,466662751
2013-06-10 00:00:00.000 +0200,13.6652,13.8047,13.4272,13.4862,520416905
2013-06-11 00:00:00.000 +0200,13.3995,13.6104,13.3202,13.4543,330562001
2013-06-12 00:00:00.000 +0200,13.5105,13.564,13.2643,13.2827,306711578
2013-06-13 00:00:00.000 +0200,13.2904,13.4377,13.1797,13.4026,330826280
2013-06-14 00:00:00.000 +0200,13.3888,13.4115,13.1721,13.2161,312472015
2013-06-17 00:00:00.000 +0200,13.2624,13.3934,13.2293,13.2824,299260959
2013-06-18 00:00:00.000 +0200,13.2584,13.3688,13.2246,13.2718,224198504
2013-06-19 00:00:00.000 +0200,13.2504,13.2692,13.003,13.0031,338377416
2013-06-20 00:00:00.000 +0200,12.888,13.0946,12.7623,12.8016,409739950
2013-06-21 00:00:00.000 +0200,12.8647,12.9108,12.545,12.7165,555463690
2013-06-24 00:00:00.000 +0200,12.5234,12.5622,12.236,12.3618,523650142
2013-06-25 00:00:00.000 +0200,12.4632,12.5354,12.26,12.3753,361043525
2013-06-26 00:00:00.000 +0200,12.4097,12.4432,12.1626,12.2345,424398488
2013-06-27 00:00:00.000 +0200,12.2729,12.3387,12.0974,12.1052,384684714
2013-06-28 00:00:00.000 +0200,12.0371,12.3043,11.9538,12.1779,644300582
2013-07-01 00:00:00.000 +0200,12.3787,12.6731,12.3335,12.5794,439449494
2013-07-02 00:00:00.000 +0200,12.5978,12.9609,12.5871,12.865,542720355
2013-07-03 00:00:00.000 +0200,12.9384,13.0024,12.8324,12.9341,278243659
2013-07-05 00:00:00.000 +0200,12.9098,13.0119,12.7678,12.8315,315063465
2013-07-08 00:00:00.000 +0200,12.9138,12.9415,12.6233,12.7601,340152742
2013-07-09 00:00:00.000 +0200,12.714,13.0184,12.6151,12.9759,402692064
2013-07-10 00:00:00.000 +0200,12.8985,13.0583,12.857,12.9332,324578017
2013-07-11 00:00:00.000 +0200,12.9999,13.1644,12.9467,13.1367,376228580
2013-07-12 00:00:00.000 +0200,13.1459,13.2117,13.0156,13.1106,311062421
2013-07-15 00:00:00.000 +0200,13.0654,13.263,13.0583,13.1395,265135249
2013-07-16 00:00:00.000 +0200,13.1112,13.24,13.039,13.2271,249205470
2013-07-17 00:00:00.000 +0200,13.212,13.2864,13.1634,13.2274,227849367
2013-07-18 00:00:00.000 +0200,13.3175,13.3679,13.2369,13.2701,245956000
2013-07-19 00:00:00.000 +0200,13.3135,13.3405,13.0445,13.0632,308402697
2013-07-22 00:00:00.000 +0200,13.1963,13.2105,13.0789,13.102,234679490
2013-07-23 00:00:00.000 +0200,13.0977,13.1247,12.8711,12.8794,421940703
2013-07-24 00:00:00.000 +0200,13.4927,13.6667,13.3799,13.5455,672294413
2013-07-25 00:00:00.000 +0200,13.5474,13.5686,13.3968,13.4795,263370926
2013-07-26 00:00:00.000 +0200,13.3872,13.5575,13.3516,13.556,219880008
2013-07-29 00:00:00.000 +0200,13.5502,13.8327,13.5317,13.765,284940784
2013-07-30 00:00:00.000 +0200,13.8317,14.0528,13.8093,13.935,354846500
2013-07-31 00:00:00.000 +0200,13.9866,14.0586,13.8154,13.9104,363320471
2013-08-01 00:00:00.000 +0200,14.0098,14.042,13.9332,14.0405,236907034
2013-08-02 00:00:00.000 +0200,14.0749,14.228,14.0377,14.2206,317526008
2013-08-05 00:00:00.000 +0200,14.2805,14.4684,14.2065,14.4293,353441091
2013-08-06 00:00:00.000 +0200,14.3869,14.5059,14.2071,14.3008,369013215
2013-08-07 00:00:00.000 +0200,14.2572,14.3555,14.1948,14.2922,321723640
2013-08-08 00:00:00.000 +0200,14.3575,14.3606,14.1703,14.265,292023577
2013-08-09 00:00:00.000 +0200,14.1901,14.248,14.0372,14.0611,293250464
2013-08-12 00:00:00.000 +0200,14.1264,14.5014,14.1264,14.4639,394948877
2013-08-13 00:00:00.000 +0200,14.5729,15.3062,14.4828,15.1537,1014421104
2013-08-14 00:00:00.000 +0200,15.4031,15.603,15.2672,15.4275,858477656
2013-08-15 00:00:00.000 +0200,15.3783,15.5457,15.2781,15.4063,552368602
2013-08-16 00:00:00.000 +0200,15.4764,15.5624,15.4362,15.542,388095540
2013-08-19 00:00:00.000 +0200,15.6129,15.8966,15.5952,15.715,584559661
2013-08-20 00:00:00.000 +0200,15.7608,15.7985,15.4968,15.5052,408478224
2013-08-21 00:00:00.000 +0200,15.5683,15.6927,15.5086,15.5463,382805929
2013-08-22 00:00:00.000 +0200,15.6212,15.6444,15.4157,15.563,280394398
2013-08-23 00:00:00.000 +0200,15.5578,15.5751,15.4513,15.5049,254326563
2013-08-26 00:00:00.000 +0200,15.4977,15.7871,15.4869,15.5621,378893436
2013-08-27 00:00:00.000 +0200,15.3969,15.5491,15.0475,15.1054,486072291
2013-08-28 00:00:00.000 +0200,15.0382,15.3415,15.0382,15.1837,352022970
2013-08-29 00:00:00.000 +0200,15.2193,15.3631,15.197,15.2121,273072255
2013-08-30 00:00:00.000 +0200,15.2239,15.2533,15.0537,15.0779,312024598
2013-09-03 00:00:00.000 +0200,15.2623,15.49,15.08,15.1178,381398694
2013-09-04 00:00:00.000 +0200,15.4588,15.5408,15.3563,15.4297,393572816
2013-09-05 00:00:00.000 +0200,15.4801,15.4925,15.2746,15.3248,270200455
2013-09-06 00:00:00.000 +0200,15.426,15.4523,15.1605,15.417,411850237
2013-09-09 00:00:00.000 +0200,15.62,15.7165,15.5791,15.663,387605728
2013-09-10 00:00:00.000 +0200,15.6633,15.702,15.1465,15.3036,850382423
2013-09-11 00:00:00.000 +0200,14.4633,14.6573,14.3826,14.476,1024974152
2013-09-12 00:00:00.000 +0200,14.4967,14.7102,14.4197,14.6264,461611300
2013-09-13 00:00:00.000 +0200,14.5364,14.5998,14.3792,14.3854,343574615
2013-09-16 00:00:00.000 +0200,14.2647,14.2835,13.8383,13.9277,620803815
2013-09-17 00:00:00.000 +0200,13.8572,14.2248,13.8469,14.0846,458249868
2013-09-18 00:00:00.000 +0200,14.3321,14.4302,14.2542,14.3776,524655752
2013-09-19 00:00:00.000 +0200,14.5648,14.7236,14.5199,14.6143,461823732
2013-09-20 00:00:00.000 +0200,14.787,14.8077,14.4194,14.4497,791912138
2013-09-23 00:00:00.000 +0200,15.3511,15.3758,14.933,15.1883,875228961
2013-09-24 00:00:00.000 +0200,15.313,15.3313,15.0946,15.1404,417737772
2013-09-25 00:00:00.000 +0200,15.1373,15.1509,14.8968,14.9002,346731469
2013-09-26 00:00:00.000 +0200,15.0401,15.1175,14.9733,15.0451,265571337
2013-09-27 00:00:00.000 +0200,14.9696,14.9971,14.8749,14.9368,241272944
2013-09-30 00:00:00.000 +0200,14.7545,14.904,14.6796,14.752,291097714
2013-10-01 00:00:00.000 +0200,14.8046,15.1354,14.8025,15.1,395753484
2013-10-02 00:00:00.000 +0200,15.0268,15.2177,14.9686,15.1484,322196135
2013-10-03 00:00:00.000 +0200,15.1778,15.2347,14.8754,14.9575,361332692
2013-10-04 00:00:00.000 +0200,14.972,14.9949,14.8093,14.9456,293004877
2013-10-07 00:00:00.000 +0200,15.0568,15.244,15.0181,15.0924,355035688
2013-10-08 00:00:00.000 +0200,15.1512,15.1818,14.8693,14.8838,330429329
2013-10-09 00:00:00.000 +0200,14.9962,15.0936,14.7994,15.0478,329478833
2013-10-10 00:00:00.000 +0200,15.2013,15.2357,15.0704,15.1583,319531430
2013-10-11 00:00:00.000 +0200,15.0692,15.2808,15.0123,15.253,306439522
2013-10-14 00:00:00.000 +0200,15.1543,15.3966,15.1419,15.3501,299282803
2013-10-15 00:00:00.000 +0200,15.4049,15.5333,15.3328,15.4368,362374390
2013-10-16 00:00:00.000 +0200,15.4943,15.5497,15.4476,15.5049,286358874
2013-10-17 00:00:00.000 +0200,15.4684,15.6194,15.4615,15.6156,277128793
2013-10-18 00:00:00.000 +0200,15.6602,15.758,15.6481,15.7447,319520805
2013-10-21 00:00:00.000 +0200,15.8363,16.2234,15.8279,16.1332,452591706
2013-10-22 00:00:00.000 +0200,16.2908,16.3518,15.7199,16.0863,611368402
2013-10-23 00:00:00.000 +0200,16.06,16.2657,16.0594,16.2435,337363276
2013-10-24 00:00:00.000 +0200,16.245,16.4762,16.1661,16.4577,439459667
2013-10-25 00:00:00.000 +0200,16.4353,16.4997,16.2484,16.2788,378812719
2013-10-28 00:00:00.000 +0200,16.3691,16.4307,16.1896,16.3836,611489917
2013-10-29 00:00:00.000 +0200,16.5937,16.686,15.9214,15.9979,722103015
2013-10-30 00:00:00.000 +0200,16.0782,16.323,15.9981,16.2413,396245547
2013-10-31 00:00:00.000 +0200,16.245,16.3221,16.1296,16.1636,285477802
2013-11-01 00:00:00.000 +0200,16.2147,16.2388,15.9616,16.0884,312440178
2013-11-04 00:00:00.000 +0200,16.1231,16.3013,16.0535,16.2976,256203315
2013-11-05 00:00:00.000 +0200,16.2322,16.3654,16.1833,16.2631,265368584
2013-11-06 00:00:00.000 +0200,16.3134,16.3355,16.1282,16.2113,245229583
2013-11-07 00:00:00.000 +0200,16.1712,16.2835,15.9471,15.9508,295078552
2013-11-08 00:00:00.000 +0200,16.0156,16.2194,15.9536,16.2026,305918393
2013-11-11 00:00:00.000 +0200,16.1839,16.2362,16.0103,16.1601,258819620
2013-11-12 00:00:00.000 +0200,16.1117,16.3063,16.0909,16.1877,227565353
2013-11-13 00:00:00.000 +0200,16.122,16.2543,16.0896,16.2067,220460920
2013-11-14 00:00:00.000 +0200,16.2773,16.4731,16.2425,16.4392,319575446
2013-11-15 00:00:00.000 +0200,16.3897,16.4672,16.324,16.338,347795487
2013-11-18 00:00:00.000 +0200,16.3396,16.408,16.1282,16.1422,278065772
2013-11-19 00:00:00.000 +0200,16.1715,16.2894,16.1211,16.1687,230983204
2013-11-20 00:00:00.000 +0200,16.1603,16.1973,16.0078,16.0289,218739997
2013-11-21 00:00:00.000 +0200,16.1108,16.2219,15.9872,16.216,296563729
2013-11-22 00:00:00.000 +0200,16.1721,16.2515,16.1385,16.1746,252505944
2013-11-25 00:00:00.000 +0200,16.216,16.3669,16.2154,16.301,259635522
2013-11-26 00:00:00.000 +0200,16.3131,16.6866,16.3087,16.6075,451550776
2013-11-27 00:00:00.000 +0200,16.6906,16.9935,16.6875,16.9928,409804180
2013-11-29 00:00:00.000 +0200,17.1018,17.3772,17.0498,17.3072,362348767
2013-12-02 00:00:00.000 +0200,17.3716,17.564,17.1435,17.1584,534805684
2013-12-03 00:00:00.000 +0200,17.3763,17.6278,17.357,17.6278,500380840
2013-12-04 00:00:00.000 +0200,17.6004,17.7152,17.4547,17.5804,417162796
2013-12-05 00:00:00.000 +0200,17.823,17.9004,17.6288,17.6814,504750048
2013-12-06 00:00:00.000 +0200,17.6088,17.6393,17.4158,17.427,376894460
2013-12-09 00:00:00.000 +0200,17.4572,17.7274,17.4572,17.6346,303986700
2013-12-10 00:00:00.000 +0200,17.5419,17.6744,17.4665,17.6047,259672976
2013-12-11 00:00:00.000 +0200,17.6349,17.7706,17.4195,17.4647,345050518
2013-12-12 00:00:00.000 +0200,17.4958,17.5954,17.4301,17.45,248759302
2013-12-13 00:00:00.000 +0200,17.5026,17.5188,17.2322,17.2577,316657350
2013-12-16 00:00:00.000 +0200,17.2801,17.5114,17.2782,17.354,275949993
2013-12-17 00:00:00.000 +0200,17.3,17.4118,17.223,17.2728,218090469
2013-12-18 00:00:00.000 +0200,17.1067,17.1631,16.7694,17.1413,541038454
2013-12-19 00:00:00.000 +0200,17.094,17.118,16.9228,16.9452,313684378
2013-12-20 00:00:00.000 +0200,16.9776,17.1681,16.9567,17.0781,437078302
2013-12-23 00:00:00.000 +0200,17.6782,17.7628,17.5151,17.7476,497507905
2013-12-24 00:00:00.000 +0200,17.7361,17.7989,17.6169,17.6695,165099525
2013-12-26 00:00:00.000 +0200,17.6813,17.7249,17.5343,17.5484,186737382
2013-12-27 00:00:00.000 +0200,17.5503,17.5664,17.4136,17.432,219727184
2013-12-30 00:00:00.000 +0200,17.4136,17.432,17.253,17.3211,245434480
2013-12-31 00:00:00.000 +0200,17.2465,17.469,17.2424,17.4653,217359299
2014-01-02 00:00:00.000 +0200,17.2947,17.3368,17.1809,17.2185,221367450
2014-01-03 00:00:00.000 +0200,17.2073,17.2331,16.8201,16.8391,372369070
2014-01-06 00:00:00.000 +0200,16.7273,17.0184,16.6075,16.9296,409287486
2014-01-07 00:00:00.000 +0200,16.9412,16.9922,16.7421,16.8077,301026814
2014-01-08 00:00:00.000 +0200,16.7697,16.9798,16.7659,16.9116,250572123
2014-01-09 00:00:00.000 +0200,17.0146,17.0202,16.6583,16.6941,269415556
2014-01-10 00:00:00.000 +0200,16.8014,16.8316,16.53,16.5864,286000703
2014-01-13 00:00:00.000 +0200,16.4927,16.8845,16.4918,16.6698,363248097
2014-01-14 00:00:00.000 +0200,16.7454,17.0162,16.7339,17.0056,306709060
2014-01-15 00:00:00.000 +0200,17.2278,17.4354,17.1699,17.3473,371847769
2014-01-16 00:00:00.000 +0200,17.2733,17.3312,17.1702,17.2493,205514839
2014-01-17 00:00:00.000 +0200,17.164,17.1824,16.8036,16.8195,419887328
2014-01-21 00:00:00.000 +0200,16.8363,17.1201,16.8198,17.0868,317158882
2014-01-22 00:00:00.000 +0200,17.146,17.3448,17.0498,17.1649,359876580
2014-01-23 00:00:00.000 +0200,17.1167,17.3203,16.9563,17.3103,392535149
2014-01-24 00:00:00.000 +0200,17.2424,17.2929,16.9546,16.9997,425402388
2014-01-27 00:00:00.000 +0200,17.1201,17.2673,16.9857,17.1351,543638119
2014-01-28 00:00:00.000 +0200,15.8344,16.0286,15.6262,15.7743,1015323406
2014-01-29 00:00:00.000 +0200,15.6847,15.7912,15.5188,15.5786,484197810
2014-01-30 00:00:00.000 +0200,15.6408,15.7641,15.4591,15.5392,481327360
2014-01-31 00:00:00.000 +0200,15.4133,15.6094,15.361,15.5801,383708496
2014-02-03 00:00:00.000 +0200,15.643,15.8024,15.54,15.6125,370384412
2014-02-04 00:00:00.000 +0200,15.746,15.8562,15.6477,15.8354,319617047
2014-02-05 00:00:00.000 +0200,15.765,16.0373,15.7564,15.9542,289098848
2014-02-06 00:00:00.000 +0200,15.9699,16.0776,15.8995,16.045,236011672
2014-02-07 00:00:00.000 +0200,16.3278,16.3729,16.1991,16.2733,350385575
2014-02-10 00:00:00.000 +0200,16.2392,16.6565,16.2185,16.5624,316199441
2014-02-11 00:00:00.000 +0200,16.6133,16.8369,16.5786,16.7808,266818127
2014-02-12 00:00:00.000 +0200,16.8118,16.8935,16.6957,16.7777,281408228
2014-02-13 00:00:00.000 +0200,16.7339,17.0592,16.7257,17.0457,291421828
2014-02-14 00:00:00.000 +0200,16.9978,17.0946,16.9452,17.0288,263782032
2014-02-18 00:00:00.000 +0200,17.0955,17.2577,17.083,17.0908,247601431
2014-02-19 00:00:00.000 +0200,17.056,17.123,16.7304,16.8256,300777875
2014-02-20 00:00:00.000 +0200,16.6878,16.8134,16.5629,16.6287,293172880
2014-02-21 00:00:00.000 +0200,16.6817,16.7373,16.4251,16.4452,264826403
2014-02-24 00:00:00.000 +0200,16.3794,16.5917,16.3569,16.5172,272088734
2014-02-25 00:00:00.000 +0200,16.575,16.5808,16.3126,16.3461,217761398
2014-02-26 00:00:00.000 +0200,16.3907,16.4377,16.1434,16.1977,258220958
2014-02-27 00:00:00.000 +0200,16.1928,16.556,16.1574,16.5206,278878539
2014-02-28 00:00:00.000 +0200,16.5654,16.6803,16.3475,16.4784,360577021
2014-03-03 00:00:00.000 +0200,16.3882,16.6146,16.3691,16.5241,215247232
2014-03-04 00:00:00.000 +0200,16.6255,16.6769,16.5244,16.633,218419679
2014-03-05 00:00:00.000 +0200,16.623,16.7429,16.567,16.6681,185543951
2014-03-06 00:00:00.000 +0200,16.6744,16.7332,16.5347,16.6199,166091747
2014-03-07 00:00:00.000 +0200,16.6305,16.6562,16.4705,16.6077,199828606
2014-03-10 00:00:00.000 +0200,16.5429,16.6985,16.5422,16.623,167374042
2014-03-11 00:00:00.000 +0200,16.7692,16.8679,16.6753,16.7855,261087061
2014-03-12 00:00:00.000 +0200,16.7361,16.8243,16.6568,16.8009,190449684
2014-03-13 00:00:00.000 +0200,16.824,16.8967,16.5679,16.6158,247918364
2014-03-14 00:00:00.000 +0200,16.5382,16.6221,16.3751,16.427,221151123
2014-03-17 00:00:00.000 +0200,16.5081,16.5933,16.4643,16.4981,183391350
2014-03-18 00:00:00.000 +0200,16.4668,16.6559,16.4439,16.6355,174533014
2014-03-19 00:00:00.000 +0200,16.6659,16.7896,16.5629,16.6337,210896118
2014-03-20 00:00:00.000 +0200,16.5908,16.6778,16.5113,16.5551,180063839
2014-03-21 00:00:00.000 +0200,16.6503,16.7116,16.4793,16.6453,377009963
2014-03-24 00:00:00.000 +0200,16.8578,16.923,16.7526,16.8807,341928144
2014-03-25 00:00:00.000 +0200,16.9543,17.0873,16.8945,17.0639,249122852
2014-03-26 00:00:00.000 +0200,17.1115,17.1891,16.8716,16.9004,273016040
2014-03-27 00:00:00.000 +0200,16.9078,16.9543,16.7545,16.8267,209928064
2014-03-28 00:00:00.000 +0200,16.8547,16.8741,16.7273,16.809,192642331
2014-03-31 00:00:00.000 +0200,16.8945,16.9327,16.7799,16.8049,160108394
2014-04-01 00:00:00.000 +0200,16.8441,16.9659,16.8062,16.9618,192764493
2014-04-02 00:00:00.000 +0200,16.9818,17.0163,16.9155,16.989,166365600
2014-04-03 00:00:00.000 +0200,16.9508,16.9856,16.8334,16.8705,151101809
2014-04-04 00:00:00.000 +0200,16.9026,16.9073,16.6124,16.6515,261253824
2014-04-07 00:00:00.000 +0200,16.5357,16.6224,16.3403,16.3922,272079684
2014-04-08 00:00:00.000 +0200,16.4417,16.4727,16.2404,16.3885,228755868
2014-04-09 00:00:00.000 +0200,16.361,16.6096,16.3444,16.6038,186788640
2014-04-10 00:00:00.000 +0200,16.6155,16.6644,16.3804,16.3901,221538207
2014-04-11 00:00:00.000 +0200,16.2498,16.3697,16.1916,16.2692,246278452
2014-04-14 00:00:00.000 +0200,16.3406,16.3487,16.1938,16.3342,188225266
2014-04-15 00:00:00.000 +0200,16.2896,16.3325,16.0097,16.2154,232548764
2014-04-16 00:00:00.000 +0200,16.2201,16.3153,16.0975,16.249,195774592
2014-04-17 00:00:00.000 +0200,16.2811,16.5241,16.2561,16.4374,270074488
2014-04-21 00:00:00.000 +0200,16.4483,16.6612,16.4051,16.6305,168013015
2014-04-22 00:00:00.000 +0200,16.5414,16.6515,16.4848,16.6473,175733702
2014-04-23 00:00:00.000 +0200,16.5648,16.6296,16.4204,16.4295,368268520
2014-04-24 00:00:00.000 +0200,17.7925,17.8466,17.5582,17.7787,711830847
2014-04-25 00:00:00.000 +0200,17.6753,17.9089,17.6575,17.9086,363741817
2014-04-28 00:00:00.000 +0200,17.9343,18.6528,17.9265,18.6003,620516508
2014-04-29 00:00:00.000 +0200,18.5899,18.66,18.4575,18.5492,318466405
2014-04-30 00:00:00.000 +0200,18.5555,18.7681,18.4666,18.4741,440184953
2014-05-01 00:00:00.000 +0200,18.5373,18.6231,18.3588,18.5154,223059366
2014-05-02 00:00:00.000 +0200,18.5461,18.6043,18.4637,18.5536,172919243
2014-05-05 00:00:00.000 +0200,18.4772,18.8172,18.4728,18.815,256887165
2014-05-06 00:00:00.000 +0200,18.8423,18.924,18.6109,18.6115,313363711
2014-05-07 00:00:00.000 +0200,18.6372,18.7011,18.4017,18.5461,238426344
2014-05-08 00:00:00.000 +0200,18.5121,18.7148,18.4344,18.4885,187310766
2014-05-09 00:00:00.000 +0200,18.4041,18.4579,18.2715,18.4356,234680575
2014-05-12 00:00:00.000 +0200,18.4954,18.6912,18.4941,18.6632,183514449
2014-05-13 00:00:00.000 +0200,18.639,18.7189,18.598,18.6925,138129376
2014-05-14 00:00:00.000 +0200,18.6516,18.809,18.6308,18.6975,147272896
2014-05-15 00:00:00.000 +0200,18.7205,18.7838,18.5143,18.5388,216457762
2014-05-16 00:00:00.000 +0200,18.5363,18.8131,18.4312,18.811,249914874
2014-05-19 00:00:00.000 +0200,18.8231,19.1216,18.8068,19.0294,296853593
2014-05-20 00:00:00.000 +0200,19.0328,19.0923,18.9138,19.036,221924122
2014-05-21 00:00:00.000 +0200,19.0114,19.1018,18.9557,19.0886,183071493
2014-05-22 00:00:00.000 +0200,19.0986,19.201,19.0199,19.1216,184098626
2014-05-23 00:00:00.000 +0200,19.1191,19.3546,19.0946,19.3361,217332517
2014-05-27 00:00:00.000 +0200,19.3908,19.705,19.3829,19.7003,322759136
2014-05-28 00:00:00.000 +0200,19.7101,19.83,19.6395,19.6465,295751106
2014-05-29 00:00:00.000 +0200,19.7677,20.052,19.7652,20.0016,328939421
2014-05-30 00:00:00.000 +0200,20.087,20.282,19.8007,19.9298,498594300
2014-06-02 00:00:00.000 +0200,19.9601,19.9874,19.5992,19.7882,339155886
2014-06-03 00:00:00.000 +0200,19.7869,20.111,19.7803,20.073,269102844
2014-06-04 00:00:00.000 +0200,20.07,20.399,20.028,20.302,303036952
2014-06-05 00:00:00.000 +0200,20.345,20.445,20.232,20.382,262365376
2014-06-06 00:00:00.000 +0200,20.464,20.505,20.291,20.326,329446287
2014-06-09 00:00:00.000 +0200,20.426,20.691,20.221,20.651,309582778
2014-06-10 00:00:00.000 +0200,20.878,20.948,20.622,20.772,260906179
2014-06-11 00:00:00.000 +0200,20.746,20.884,20.6,20.688,191755000
2014-06-12 00:00:00.000 +0200,20.726,20.743,20.254,20.336,222436263
2014-06-13 00:00:00.000 +0200,20.325,20.373,20.029,20.113,233415067
2014-06-16 00:00:00.000 +0200,20.168,20.441,20.155,20.314,151000461
2014-06-17 00:00:00.000 +0200,20.344,20.43,20.232,20.294,121878098
2014-06-18 00:00:00.000 +0200,20.336,20.34,20.133,20.311,141885576
2014-06-19 00:00:00.000 +0200,20.34,20.342,20.137,20.241,152236532
2014-06-20 00:00:00.000 +0200,20.243,20.397,20.034,20.034,435860008
2014-06-23 00:00:00.000 +0200,20.126,20.192,19.9676,20.015,180517699
2014-06-24 00:00:00.000 +0200,20.007,20.219,19.8773,19.8993,168118025
2014-06-25 00:00:00.000 +0200,19.8905,19.9897,19.7582,19.9147,152285078
2014-06-26 00:00:00.000 +0200,19.9191,20.067,19.7913,20.038,139370192
2014-06-27 00:00:00.000 +0200,20.016,20.276,20.005,20.267,263893385
2014-06-30 00:00:00.000 +0200,20.301,20.657,20.297,20.489,206478520
2014-07-01 00:00:00.000 +0200,20.611,20.732,20.525,20.611,161234056
2014-07-02 00:00:00.000 +0200,20.688,20.73,20.516,20.6,120501288
2014-07-03 00:00:00.000 +0200,20.642,20.739,20.543,20.739,96160026
2014-07-07 00:00:00.000 +0200,20.748,21.156,20.739,21.151,240402835
2014-07-08 00:00:00.000 +0200,21.211,21.334,20.699,21.01,275157234
2014-07-09 00:00:00.000 +0200,21.034,21.147,20.884,21.023,154542686
2014-07-10 00:00:00.000 +0200,20.664,21.059,20.611,20.944,159806171
2014-07-11 00:00:00.000 +0200,21.017,21.133,20.907,20.986,139913999
2014-07-14 00:00:00.000 +0200,21.129,21.354,21.081,21.257,181111117
2014-07-15 00:00:00.000 +0200,21.334,21.345,20.944,21.006,188077760
2014-07-16 00:00:00.000 +0200,21.372,21.4,20.88,20.889,218819124
2014-07-17 00:00:00.000 +0200,20.944,20.999,20.402,20.514,235796408
2014-07-18 00:00:00.000 +0200,20.633,20.88,20.501,20.812,212698526
2014-07-21 00:00:00.000 +0200,20.935,20.937,20.655,20.704,159859603
2014-07-22 00:00:00.000 +0200,20.867,20.913,20.743,20.871,224458540
2014-07-23 00:00:00.000 +0200,21.03,21.572,20.975,21.42,387591585
2014-07-24 00:00:00.000 +0200,21.385,21.449,21.25,21.383,186092808
2014-07-25 00:00:00.000 +0200,21.347,21.563,21.299,21.528,183488715
2014-07-28 00:00:00.000 +0200,21.559,21.872,21.499,21.819,229197874
2014-07-29 00:00:00.000 +0200,21.892,21.916,21.654,21.684,183023986
2014-07-30 00:00:00.000 +0200,21.695,21.753,21.526,21.627,141559755
2014-07-31 00:00:00.000 +0200,21.413,21.477,21.01,21.065,237844798
2014-08-01 00:00:00.000 +0200,20.915,21.294,20.895,21.188,201582635
2014-08-04 00:00:00.000 +0200,21.226,21.286,20.975,21.067,171633807
2014-08-05 00:00:00.000 +0200,21.021,21.087,20.796,20.968,224290768
2014-08-06 00:00:00.000 +0200,20.882,21.043,20.873,20.929,144233307
2014-08-07 00:00:00.000 +0200,21.026,21.252,20.842,20.926,186874647
2014-08-08 00:00:00.000 +0200,20.875,21.002,20.661,20.982,177406899
2014-08-11 00:00:00.000 +0200,21.106,21.281,21.005,21.259,154230740
2014-08-12 00:00:00.000 +0200,21.272,21.458,21.177,21.256,144512629
2014-08-13 00:00:00.000 +0200,21.296,21.538,21.274,21.538,132763685
2014-08-14 00:00:00.000 +0200,21.551,21.611,21.44,21.595,117672924
2014-08-15 00:00:00.000 +0200,21.684,21.748,21.453,21.702,209021855
2014-08-18 00:00:00.000 +0200,21.814,22.009,21.702,21.958,202431434
2014-08-19 00:00:00.000 +0200,22.02,22.3,21.998,22.271,291417201
2014-08-20 00:00:00.000 +0200,22.249,22.39,22.138,22.275,225465441
2014-08-21 00:00:00.000 +0200,22.275,22.357,22.173,22.28,139828953
2014-08-22 00:00:00.000 +0200,22.211,22.475,22.191,22.441,187917978
2014-08-25 00:00:00.000 +0200,22.55,22.63,22.432,22.49,170765654
2014-08-26 00:00:00.000 +0200,22.463,22.481,22.339,22.346,137414493
2014-08-27 00:00:00.000 +0200,22.375,22.718,22.304,22.618,201203449
2014-08-28 00:00:00.000 +0200,22.501,22.765,22.494,22.647,225345380
2014-08-29 00:00:00.000 +0200,22.782,22.791,22.636,22.703,188282609
2014-09-02 00:00:00.000 +0200,22.827,22.977,22.751,22.88,212320391
2014-09-03 00:00:00.000 +0200,22.836,22.858,21.834,21.914,530502055
2014-09-04 00:00:00.000 +0200,21.905,22.169,21.659,21.73,362826221
2014-09-05 00:00:00.000 +0200,21.883,22.014,21.775,21.916,240174997
2014-09-08 00:00:00.000 +0200,21.994,21.996,21.717,21.781,195465015
2014-09-09 00:00:00.000 +0200,21.945,22.831,21.294,21.706,807625266
2014-09-10 00:00:00.000 +0200,21.708,22.395,21.653,22.366,434927918
2014-09-11 00:00:00.000 +0200,22.24,22.468,22.065,22.463,264709308
2014-09-12 00:00:00.000 +0200,22.419,22.634,22.388,22.519,277358044
2014-09-15 00:00:00.000 +0200,22.778,22.824,22.468,22.506,261632381
2014-09-16 00:00:00.000 +0200,22.105,22.428,21.903,22.335,286864227
2014-09-17 00:00:00.000 +0200,22.43,22.548,22.28,22.499,238288390
2014-09-18 00:00:00.000 +0200,22.581,22.669,22.494,22.544,158557650
2014-09-19 00:00:00.000 +0200,22.652,22.669,22.344,22.364,303707107
2014-09-22 00:00:00.000 +0200,22.548,22.623,22.277,22.386,219769199
2014-09-23 00:00:00.000 +0200,22.286,22.8,22.269,22.734,268385606
2014-09-24 00:00:00.000 +0200,22.627,22.78,22.415,22.537,260246224
2014-09-25 00:00:00.000 +0200,22.262,22.306,21.644,21.677,429810673
2014-09-26 00:00:00.000 +0200,21.837,22.315,21.797,22.313,268928738
2014-09-29 00:00:00.000 +0200,21.869,22.246,21.847,22.174,207460277
2014-09-30 00:00:00.000 +0200,22.335,22.49,22.266,22.315,220550884
2014-10-01 00:00:00.000 +0200,22.282,22.302,21.861,21.97,219845873
2014-10-02 00:00:00.000 +0200,21.987,22.198,21.715,22.125,205715844
2014-10-03 00:00:00.000 +0200,22.018,22.195,21.936,22.063,186187213
2014-10-06 00:00:00.000 +0200,22.138,22.293,22.02,22.066,159006256
2014-10-07 00:00:00.000 +0200,22.025,22.176,21.868,21.872,177111276
2014-10-08 00:00:00.000 +0200,21.874,22.395,21.775,22.32,247434198
2014-10-09 00:00:00.000 +0200,22.503,22.676,22.284,22.375,327336916
2014-10-10 00:00:00.000 +0200,22.304,22.599,22.215,22.311,285465420
2014-10-13 00:00:00.000 +0200,22.455,22.543,22.107,22.111,228408651
2014-10-14 00:00:00.000 +0200,22.235,22.264,21.832,21.881,271287159
2014-10-15 00:00:00.000 +0200,21.708,21.961,21.081,21.608,426800784
2014-10-16 00:00:00.000 +0200,21.159,21.644,21.132,21.321,308174819
2014-10-17 00:00:00.000 +0200,21.608,21.927,21.442,21.631,289298147
2014-10-20 00:00:00.000 +0200,21.776,22.14,21.772,22.098,325089522
2014-10-21 00:00:00.000 +0200,22.816,22.818,22.43,22.696,394309876
2014-10-22 00:00:00.000 +0200,22.78,23.059,22.725,22.813,287346710
2014-10-23 00:00:00.000 +0200,23.037,23.267,22.953,23.219,298980497
2014-10-24 00:00:00.000 +0200,23.287,23.365,23.152,23.305,186098331
2014-10-27 00:00:00.000 +0200,23.223,23.363,23.19,23.279,140114942
2014-10-28 00:00:00.000 +0200,23.349,23.642,23.338,23.64,198773025
2014-10-29 00:00:00.000 +0200,23.622,23.781,23.558,23.775,219565539
2014-10-30 00:00:00.000 +0200,23.666,23.777,23.456,23.695,173493094
2014-10-31 00:00:00.000 +0200,23.923,23.93,23.746,23.914,187652662
2014-11-03 00:00:00.000 +0200,24.057,24.43,24.01,24.315,207763077
2014-11-04 00:00:00.000 +0200,24.222,24.251,23.859,24.054,168253529
2014-11-05 00:00:00.000 +0200,24.171,24.209,23.949,24.111,139552524
2014-11-06 00:00:00.000 +0200,24.14,24.2,23.98,24.178,143296619
2014-11-07 00:00:00.000 +0200,24.191,24.318,24.147,24.247,127203922
2014-11-10 00:00:00.000 +0200,24.251,24.32,24.174,24.207,110714092
2014-11-11 00:00:00.000 +0200,24.18,24.414,24.114,24.403,115031546
2014-11-12 00:00:00.000 +0200,24.332,24.788,24.329,24.748,194198789
2014-11-13 00:00:00.000 +0200,24.87,25.237,24.825,25.097,250411801
2014-11-14 00:00:00.000 +0200,25.166,25.402,25.148,25.402,182637140
2014-11-17 00:00:00.000 +0200,25.419,25.602,25.204,25.359,197813940
2014-11-18 00:00:00.000 +0200,25.346,25.735,25.335,25.689,184092870
2014-11-19 00:00:00.000 +0200,25.68,25.746,25.315,25.506,164926705
2014-11-20 00:00:00.000 +0200,25.562,25.995,25.548,25.871,183838424
2014-11-21 00:00:00.000 +0200,26.14,26.153,25.811,25.906,220727532
2014-11-24 00:00:00.000 +0200,25.993,26.42,25.942,26.388,197098637
2014-11-25 00:00:00.000 +0200,26.487,26.638,26.127,26.16,281881137
2014-11-26 00:00:00.000 +0200,26.234,26.494,26.211,26.469,170729155
2014-11-28 00:00:00.000 +0200,26.532,26.561,26.26,26.456,105293223
2014-12-01 00:00:00.000 +0200,26.429,26.527,24.752,25.597,355170652
2014-12-02 00:00:00.000 +0200,25.248,25.749,25.081,25.497,235984435
2014-12-03 00:00:00.000 +0200,25.751,25.882,25.606,25.789,180668015
2014-12-04 00:00:00.000 +0200,25.749,26.071,25.646,25.691,177452712
2014-12-05 00:00:00.000 +0200,25.802,25.822,25.502,25.579,164281641
2014-12-08 00:00:00.000 +0200,25.382,25.504,24.83,25.006,242759273
2014-12-09 00:00:00.000 +0200,24.516,25.426,24.325,25.388,252039641
2014-12-10 00:00:00.000 +0200,25.45,25.548,24.812,24.905,184780779
2014-12-11 00:00:00.000 +0200,24.972,25.315,24.768,24.832,173074443
2014-12-12 00:00:00.000 +0200,24.572,24.885,24.376,24.407,231041876
2014-12-15 00:00:00.000 +0200,24.625,24.825,23.658,24.076,282358929
2014-12-16 00:00:00.000 +0200,23.66,24.505,23.638,23.744,255934141
2014-12-17 00:00:00.000 +0200,23.829,24.434,23.762,24.336,211027391
2014-12-18 00:00:00.000 +0200,24.874,25.059,24.616,25.059,242809968
2014-12-19 00:00:00.000 +0200,24.972,25.19,24.839,24.861,380506371
2014-12-22 00:00:00.000 +0200,24.968,25.246,24.908,25.123,178915268
2014-12-23 00:00:00.000 +0200,25.192,25.21,25.017,25.035,109544710
2014-12-24 00:00:00.000 +0200,25.043,25.072,24.917,24.917,61249946
2014-12-26 00:00:00.000 +0200,24.928,25.475,24.917,25.355,143931363
2014-12-29 00:00:00.000 +0200,25.313,25.531,25.293,25.341,116621946
2014-12-30 00:00:00.000 +0200,25.268,25.341,24.939,25.043,124441867
2014-12-31 00:00:00.000 +0200,25.097,25.166,24.516,24.556,176636762
2015-01-02 00:00:00.000 +0200,24.779,24.79,23.88,24.314,225420186
2015-01-05 00:00:00.000 +0200,24.089,24.169,23.448,23.635,264073341
2015-01-06 00:00:00.000 +0200,23.704,23.898,23.275,23.631,277065777
2015-01-07 00:00:00.000 +0200,23.847,24.069,23.734,23.969,165306848
2015-01-08 00:00:00.000 +0200,24.298,24.948,24.18,24.885,249787288
2015-01-09 00:00:00.000 +0200,25.063,25.192,24.516,24.914,228636808
2015-01-12 00:00:00.000 +0200,25.052,25.055,24.2,24.303,208447499
2015-01-13 00:00:00.000 +0200,24.788,25.092,24.227,24.52,286963240
2015-01-14 00:00:00.000 +0200,24.234,24.578,24.136,24.423,207047883
2015-01-15 00:00:00.000 +0200,24.469,24.483,23.726,23.764,247224054
2015-01-16 00:00:00.000 +0200,23.809,23.931,23.402,23.575,281797198
2015-01-20 00:00:00.000 +0200,24.035,24.24,23.732,24.225,202561129
2015-01-21 00:00:00.000 +0200,24.194,24.705,24.085,24.369,203474278
2015-01-22 00:00:00.000 +0200,24.543,25.019,24.407,25.001,214398039
2015-01-23 00:00:00.000 +0200,24.977,25.304,24.81,25.135,193765156
2015-01-26 00:00:00.000 +0200,25.279,25.439,25.092,25.156,226050322
2015-01-27 00:00:00.000 +0200,25.01,25.021,24.254,24.28,404239916
2015-01-28 00:00:00.000 +0200,26.167,26.276,25.653,25.653,613186792
2015-01-29 00:00:00.000 +0200,25.884,26.514,25.706,26.458,352237530
2015-01-30 00:00:00.000 +0200,26.338,26.694,25.993,26.062,346037000
2015-02-02 00:00:00.000 +0200,26.258,26.509,25.822,26.387,263003726
2015-02-03 00:00:00.000 +0200,26.351,26.492,26.162,26.383,218526556
2015-02-04 00:00:00.000 +0200,26.36,26.807,26.318,26.594,296267974
2015-02-05 00:00:00.000 +0200,26.804,26.851,26.632,26.786,172128758
2015-02-06 00:00:00.000 +0200,26.81,26.855,26.453,26.556,184385421
2015-02-09 00:00:00.000 +0200,26.475,26.764,26.449,26.737,160557767
2015-02-10 00:00:00.000 +0200,26.837,27.279,26.835,27.25,262806769
2015-02-11 00:00:00.000 +0200,27.438,27.898,27.358,27.887,307411976
2015-02-12 00:00:00.000 +0200,28.153,28.47,28.043,28.235,314102353
2015-02-13 00:00:00.000 +0200,28.425,28.425,28.061,28.38,223006762
2015-02-17 00:00:00.000 +0200,28.445,28.782,28.345,28.546,260553360
2015-02-18 00:00:00.000 +0200,28.492,28.76,28.463,28.747,189600255
2015-02-19 00:00:00.000 +0200,28.689,28.816,28.66,28.689,155895450
2015-02-20 00:00:00.000 +0200,28.724,28.921,28.597,28.921,206593346
2015-02-23 00:00:00.000 +0200,29.039,29.703,28.957,29.697,281166811
2015-02-24 00:00:00.000 +0200,29.691,29.837,29.294,29.519,290659349
2015-02-25 00:00:00.000 +0200,29.381,29.39,28.619,28.76,312485808
2015-02-26 00:00:00.000 +0200,28.771,29.227,28.276,29.124,376505358
2015-02-27 00:00:00.000 +0200,29.033,29.16,28.64,28.691,264135280
2015-03-02 00:00:00.000 +0200,28.863,29.095,28.653,28.827,205296732
2015-03-03 00:00:00.000 +0200,28.803,28.925,28.606,28.894,156664854
2015-03-04 00:00:00.000 +0200,28.832,28.934,28.657,28.711,133424506
2015-03-05 00:00:00.000 +0200,28.715,28.753,28.086,28.229,235391067
2015-03-06 00:00:00.000 +0200,28.695,28.892,28.197,28.271,308395753
2015-03-09 00:00:00.000 +0200,28.581,28.937,27.929,28.387,373700194
2015-03-10 00:00:00.000 +0200,28.244,28.412,27.648,27.809,286929400
2015-03-11 00:00:00.000 +0200,27.86,27.865,27.271,27.302,288730031
2015-03-12 00:00:00.000 +0200,27.315,27.894,27.163,27.791,203305545
2015-03-13 00:00:00.000 +0200,27.783,28.005,27.377,27.602,213922176
2015-03-16 00:00:00.000 +0200,27.666,27.905,27.44,27.903,150315435
2015-03-17 00:00:00.000 +0200,28.117,28.434,28.061,28.374,214606076
2015-03-18 00:00:00.000 +0200,28.369,28.845,28.222,28.691,278225427
2015-03-19 00:00:00.000 +0200,28.755,28.865,28.453,28.473,192882360
2015-03-20 00:00:00.000 +0200,28.651,28.675,27.952,28.128,295716220
2015-03-23 00:00:00.000 +0200,28.369,28.552,28.255,28.41,157745035
2015-03-24 00:00:00.000 +0200,28.405,28.595,28.264,28.293,136417657
2015-03-25 00:00:00.000 +0200,28.293,28.322,27.556,27.556,215335297
2015-03-26 00:00:00.000 +0200,27.42,27.889,27.38,27.748,199243784
2015-03-27 00:00:00.000 +0200,27.818,27.849,27.449,27.523,165407770
2015-03-30 00:00:00.000 +0200,27.704,28.229,27.693,28.213,178036311
2015-03-31 00:00:00.000 +0200,28.159,28.249,27.772,27.793,175254969
2015-04-01 00:00:00.000 +0200,27.867,27.943,27.492,27.744,170247229
2015-04-02 00:00:00.000 +0200,27.923,28.041,27.735,27.985,135646505
2015-04-06 00:00:00.000 +0200,27.798,28.477,27.766,28.439,150784158
2015-04-07 00:00:00.000 +0200,28.505,28.613,28.134,28.14,147910259
2015-04-08 00:00:00.000 +0200,28.106,28.229,27.909,28.05,156906734
2015-04-09 00:00:00.000 +0200,28.108,28.269,27.84,28.264,135339093
2015-04-10 00:00:00.000 +0200,28.128,28.41,27.974,28.385,166675829
2015-04-13 00:00:00.000 +0200,28.669,28.713,28.276,28.329,152206692
2015-04-14 00:00:00.000 +0200,28.365,28.427,28.119,28.206,106049637
2015-04-15 00:00:00.000 +0200,28.231,28.392,28.142,28.313,119589046
2015-04-16 00:00:00.000 +0200,28.233,28.385,28.164,28.179,113232077
2015-04-17 00:00:00.000 +0200,28.039,28.171,27.795,27.862,191085665
2015-04-20 00:00:00.000 +0200,28.037,28.613,27.954,28.494,198401277
2015-04-21 00:00:00.000 +0200,28.599,28.631,28.289,28.338,135330890
2015-04-22 00:00:00.000 +0200,28.36,28.78,28.211,28.727,158545286
2015-04-23 00:00:00.000 +0200,28.651,29.126,28.617,28.961,191989175
2015-04-24 00:00:00.000 +0200,29.142,29.173,28.861,29.095,181853696
2015-04-27 00:00:00.000 +0200,29.548,29.732,29.289,29.633,389941649
2015-04-28 00:00:00.000 +0200,30.029,30.047,28.937,29.158,505683834
2015-04-29 00:00:00.000 +0200,29.068,29.388,28.653,28.729,251508666
2015-04-30 00:00:00.000 +0200,28.644,28.729,27.988,28.131,339084908
2015-05-01 00:00:00.000 +0200,28.159,29.062,27.983,28.798,239352259
2015-05-04 00:00:00.000 +0200,28.921,29.16,28.644,28.742,206047082
2015-05-05 00:00:00.000 +0200,28.619,28.686,28.09,28.097,205703015
2015-05-06 00:00:00.000 +0200,28.264,28.307,27.55,27.935,292665047
2015-05-07 00:00:00.000 +0200,27.979,28.275,27.813,28.089,175485648
2015-05-08 00:00:00.000 +0200,28.367,28.62,28.281,28.616,199125727
2015-05-11 00:00:00.000 +0200,28.569,28.607,28.173,28.329,163414778
2015-05-12 00:00:00.000 +0200,28.167,28.454,27.992,28.225,199259526
2015-05-13 00:00:00.000 +0200,28.29,28.524,28.228,28.257,137453806
2015-05-14 00:00:00.000 +0200,28.575,28.918,28.517,28.918,186319549
2015-05-15 00:00:00.000 +0200,28.972,29.039,28.752,28.876,156102260
2015-05-18 00:00:00.000 +0200,28.791,29.315,28.786,29.192,214399293
2015-05-19 00:00:00.000 +0200,29.309,29.351,29.073,29.17,181860704
2015-05-20 00:00:00.000 +0200,29.154,29.374,29.006,29.17,153309341
2015-05-21 00:00:00.000 +0200,29.17,29.519,29.116,29.468,159657115
2015-05-22 00:00:00.000 +0200,29.513,29.82,29.468,29.73,191947867
2015-05-26 00:00:00.000 +0200,29.737,29.806,28.957,29.071,277102687
2015-05-27 00:00:00.000 +0200,29.217,29.661,29.165,29.605,193608672
2015-05-28 00:00:00.000 +0200,29.571,29.591,29.401,29.551,127182043
2015-05-29 00:00:00.000 +0200,29.43,29.479,29.131,29.226,200159464
2015-06-01 00:00:00.000 +0200,29.443,29.466,29.15,29.257,130280835
2015-06-02 00:00:00.000 +0200,29.124,29.302,29.002,29.146,141663860
2015-06-03 00:00:00.000 +0200,29.302,29.365,29.131,29.19,129754539
2015-06-04 00:00:00.000 +0200,29.073,29.284,28.909,29.033,162631491
2015-06-05 00:00:00.000 +0200,29.042,29.084,28.786,28.851,149795108
2015-06-08 00:00:00.000 +0200,28.9,28.977,28.443,28.652,223171701
2015-06-09 00:00:00.000 +0200,28.409,28.723,28.172,28.573,236100863
2015-06-10 00:00:00.000 +0200,28.69,29.006,28.672,28.9,164465665
2015-06-11 00:00:00.000 +0200,28.97,29.194,28.812,28.84,147652245
2015-06-12 00:00:00.000 +0200,28.741,28.779,28.506,28.517,154869171
2015-06-15 00:00:00.000 +0200,28.282,28.535,28.192,28.465,157802050
2015-06-16 00:00:00.000 +0200,28.488,28.672,28.34,28.613,131426152
2015-06-17 00:00:00.000 +0200,28.643,28.678,28.423,28.546,139556706
2015-06-18 00:00:00.000 +0200,28.542,28.775,28.53,28.669,149705668
2015-06-19 00:00:00.000 +0200,28.645,28.665,28.347,28.351,204359269
2015-06-22 00:00:00.000 +0200,28.591,28.719,28.499,28.618,144194908
2015-06-23 00:00:00.000 +0200,28.578,28.618,28.454,28.486,125246236
2015-06-24 00:00:00.000 +0200,28.528,29.109,28.508,28.741,234920638
2015-06-25 00:00:00.000 +0200,28.896,28.974,28.593,28.595,134705310
2015-06-26 00:00:00.000 +0200,28.631,28.703,28.371,28.432,162548299
2015-06-29 00:00:00.000 +0200,28.136,28.362,27.916,27.938,193352434
2015-06-30 00:00:00.000 +0200,28.16,28.284,28.001,28.127,184329690
2015-07-01 00:00:00.000 +0200,28.461,28.468,28.255,28.387,123174836
2015-07-02 00:00:00.000 +0200,28.353,28.412,28.205,28.347,114738013
2015-07-06 00:00:00.000 +0200,28.019,28.308,27.999,28.255,117138018
2015-07-07 00:00:00.000 +0200,28.243,28.29,27.757,28.187,186184024
2015-07-08 00:00:00.000 +0200,27.927,27.952,27.481,27.492,254269594
2015-07-09 00:00:00.000 +0200,27.775,27.822,26.736,26.918,328310165
2015-07-10 00:00:00.000 +0200,27.346,27.775,27.183,27.642,257198481
2015-07-13 00:00:00.000 +0200,28.011,28.203,27.881,28.179,156362931
2015-07-14 00:00:00.000 +0200,28.266,28.34,28.042,28.169,133025636
2015-07-15 00:00:00.000 +0200,28.194,28.515,28.163,28.443,139918355
2015-07-16 00:00:00.000 +0200,28.643,28.833,28.56,28.817,148890209
2015-07-17 00:00:00.000 +0200,28.948,29.069,28.775,29.069,192372259
2015-07-20 00:00:00.000 +0200,29.405,29.82,29.311,29.618,238306847
2015-07-21 00:00:00.000 +0200,29.793,29.809,29.226,29.304,312111111
2015-07-22 00:00:00.000 +0200,27.364,28.145,27.358,28.082,479215305
2015-07-23 00:00:00.000 +0200,28.302,28.501,28.046,28.068,210213015
2015-07-24 00:00:00.000 +0200,28.109,28.199,27.786,27.92,173419620
2015-07-27 00:00:00.000 +0200,27.604,27.721,27.387,27.562,182792750
2015-07-28 00:00:00.000 +0200,27.656,27.788,27.483,27.672,141059588
2015-07-29 00:00:00.000 +0200,27.618,27.696,27.42,27.58,143711746
2015-07-30 00:00:00.000 +0200,27.423,27.488,27.295,27.443,133583739
2015-07-31 00:00:00.000 +0200,27.494,27.503,27.115,27.238,171062407
2015-08-03 00:00:00.000 +0200,27.248,27.488,26.355,26.564,292463887
2015-08-04 00:00:00.000 +0200,26.279,26.395,25.398,25.707,500144673
2015-08-05 00:00:00.000 +0200,25.335,26.337,25.14,25.877,415747382
2015-08-06 00:00:00.000 +0200,26.125,26.245,25.707,25.938,219271688
2015-08-07 00:00:00.000 +0200,25.81,26.188,25.794,26.028,159641568
2015-08-10 00:00:00.000 +0200,26.251,27.031,26.251,26.97,228994829
2015-08-11 00:00:00.000 +0200,26.576,26.623,25.53,25.58,404384385
2015-08-12 00:00:00.000 +0200,25.353,26.001,24.697,25.965,423508247
2015-08-13 00:00:00.000 +0200,26.141,26.222,25.803,25.945,203782014
2015-08-14 00:00:00.000 +0200,25.754,26.202,25.684,26.123,179833999
2015-08-17 00:00:00.000 +0200,26.141,26.504,26.019,26.396,172808310
2015-08-18 00:00:00.000 +0200,26.229,26.456,26.134,26.245,144928369
2015-08-19 00:00:00.000 +0200,26.155,26.249,25.835,25.911,203160896
2015-08-20 00:00:00.000 +0200,25.699,25.76,25.148,25.377,287643885
2015-08-21 00:00:00.000 +0200,24.877,25.208,23.799,23.827,532141795
2015-08-24 00:00:00.000 +0200,21.379,24.51,20.725,23.233,663622338
2015-08-25 00:00:00.000 +0200,25.019,25.03,23.306,23.362,424857039
2015-08-26 00:00:00.000 +0200,24.116,24.756,23.665,24.713,405485073
2015-08-27 00:00:00.000 +0200,25.283,25.51,24.785,25.438,349299966
2015-08-28 00:00:00.000 +0200,25.269,25.526,25.127,25.519,224097569
2015-08-31 00:00:00.000 +0200,25.238,25.801,25.231,25.391,236220184
2015-09-01 00:00:00.000 +0200,24.821,25.204,24.186,24.269,317697540
2015-09-02 00:00:00.000 +0200,24.857,25.307,24.587,25.307,259123440
2015-09-03 00:00:00.000 +0200,25.339,25.407,24.789,24.857,217521296
2015-09-04 00:00:00.000 +0200,24.548,24.882,24.445,24.593,202833197
2015-09-08 00:00:00.000 +0200,25.152,25.357,24.852,25.301,223931098
2015-09-09 00:00:00.000 +0200,25.627,25.686,24.729,24.813,345389413
2015-09-10 00:00:00.000 +0200,24.841,25.519,24.757,25.363,260921866
2015-09-11 00:00:00.000 +0200,25.186,25.729,25.179,25.729,208428501
2015-09-14 00:00:00.000 +0200,26.263,26.332,25.875,25.983,242302066
2015-09-15 00:00:00.000 +0200,26.116,26.251,25.776,26.193,180371164
2015-09-16 00:00:00.000 +0200,26.182,26.254,26.006,26.227,153823037
2015-09-17 00:00:00.000 +0200,26.055,26.242,25.617,25.666,262200737
2015-09-18 00:00:00.000 +0200,25.195,25.749,25.195,25.567,295158462
2015-09-21 00:00:00.000 +0200,25.607,25.99,25.6,25.956,194064271
2015-09-22 00:00:00.000 +0200,25.542,25.722,25.348,25.539,208911222
2015-09-23 00:00:00.000 +0200,25.585,25.844,25.524,25.758,149230889
2015-09-24 00:00:00.000 +0200,25.508,26.019,25.314,25.907,208651569
2015-09-25 00:00:00.000 +0200,26.231,26.287,25.686,25.85,233108076
2015-09-28 00:00:00.000 +0200,25.648,25.81,25.332,25.334,216843626
2015-09-29 00:00:00.000 +0200,25.418,25.571,24.298,24.569,302562795
2015-09-30 00:00:00.000 +0200,24.839,25.127,24.494,24.846,273604054
2015-10-01 00:00:00.000 +0200,24.573,24.695,24.174,24.683,263266315
2015-10-02 00:00:00.000 +0200,24.34,25.008,24.228,24.843,239918544
2015-10-05 00:00:00.000 +0200,24.751,25.089,24.571,24.925,217476668
2015-10-06 00:00:00.000 +0200,24.922,25.172,24.727,25.08,203788817
2015-10-07 00:00:00.000 +0200,25.166,25.179,24.647,24.954,194116962
2015-10-08 00:00:00.000 +0200,24.823,24.823,24.377,24.668,256329450
2015-10-09 00:00:00.000 +0200,24.78,25.294,24.665,25.258,215467836
2015-10-12 00:00:00.000 +0200,25.4,25.4,25.105,25.136,125724424
2015-10-13 00:00:00.000 +0200,24.965,25.332,24.934,25.184,133918602
2015-10-14 00:00:00.000 +0200,25.071,25.123,24.681,24.828,182883882
2015-10-15 00:00:00.000 +0200,24.992,25.253,24.891,25.197,155981877
2015-10-16 00:00:00.000 +0200,25.181,25.231,24.9,25.01,162127808
2015-10-19 00:00:00.000 +0200,24.961,25.175,24.805,25.17,123446312
2015-10-20 00:00:00.000 +0200,25.082,25.72,24.965,25.636,205565996
2015-10-21 00:00:00.000 +0200,25.672,26.037,25.614,25.627,175872071
2015-10-22 00:00:00.000 +0200,25.756,26.019,25.704,26.017,173053534
2015-10-23 00:00:00.000 +0200,26.29,26.86,26.207,26.829,246771143
2015-10-26 00:00:00.000 +0200,26.601,26.612,25.889,25.968,276209488
2015-10-27 00:00:00.000 +0200,25.997,26.254,25.679,25.812,285847391
2015-10-28 00:00:00.000 +0200,26.341,26.875,26.145,26.875,360964933
2015-10-29 00:00:00.000 +0200,26.74,27.189,26.643,27.152,212227989
2015-10-30 00:00:00.000 +0200,27.256,27.308,26.909,26.922,206355686
2015-11-02 00:00:00.000 +0200,27.004,27.339,26.945,27.301,131334524
2015-11-03 00:00:00.000 +0200,27.211,27.819,27.191,27.617,188730367
2015-11-04 00:00:00.000 +0200,27.738,27.894,27.398,27.486,185006477
2015-11-05 00:00:00.000 +0200,27.567,27.757,27.19,27.355,161304158
2015-11-06 00:00:00.000 +0200,27.4,27.558,27.289,27.389,137370996
2015-11-09 00:00:00.000 +0200,27.366,27.558,27.16,27.28,139627068
2015-11-10 00:00:00.000 +0200,26.447,26.712,26.258,26.42,246653959
2015-11-11 00:00:00.000 +0200,26.328,26.565,26.065,26.269,189824253
2015-11-12 00:00:00.000 +0200,26.309,26.429,26.165,26.185,131897708
2015-11-13 00:00:00.000 +0200,26.063,26.147,25.4,25.414,189789414
2015-11-16 00:00:00.000 +0200,25.199,25.846,25.113,25.832,157210378
2015-11-17 00:00:00.000 +0200,25.999,26.029,25.638,25.717,112822767
2015-11-18 00:00:00.000 +0200,26.192,26.581,26.131,26.534,193634081
2015-11-19 00:00:00.000 +0200,26.624,27.092,26.416,26.873,179949763
2015-11-20 00:00:00.000 +0200,26.968,27.131,26.889,26.99,141549433
2015-11-23 00:00:00.000 +0200,26.981,27.088,26.547,26.64,134617511
2015-11-24 00:00:00.000 +0200,26.545,27.002,26.497,26.902,177485651
2015-11-25 00:00:00.000 +0200,26.959,26.975,26.678,26.701,88394209
2015-11-27 00:00:00.000 +0200,26.728,26.789,26.606,26.656,53945639
2015-11-30 00:00:00.000 +0200,26.692,27.015,26.638,26.778,156294673
2015-12-01 00:00:00.000 +0200,26.866,26.88,26.438,26.536,145053153
2015-12-02 00:00:00.000 +0200,26.481,26.721,26.262,26.312,137238242
2015-12-03 00:00:00.000 +0200,26.357,26.423,25.841,26.063,169872777
2015-12-04 00:00:00.000 +0200,26.083,26.979,26.042,26.923,235609073
2015-12-07 00:00:00.000 +0200,26.909,27.117,26.653,26.757,132276470
2015-12-08 00:00:00.000 +0200,26.561,26.832,26.438,26.751,142894377
2015-12-09 00:00:00.000 +0200,26.585,26.626,26.036,26.16,185293762
2015-12-10 00:00:00.000 +0200,26.253,26.456,26.133,26.285,120153142
2015-12-11 00:00:00.000 +0200,26.065,26.106,25.531,25.604,193322101
2015-12-14 00:00:00.000 +0200,25.38,25.493,24.839,25.445,263110228
2015-12-15 00:00:00.000 +0200,25.325,25.52,24.966,24.997,217757559
2015-12-16 00:00:00.000 +0200,25.115,25.337,24.615,25.19,231007119
2015-12-17 00:00:00.000 +0200,25.361,25.395,24.675,24.678,184305095
2015-12-18 00:00:00.000 +0200,24.64,24.778,23.938,23.957,382281257
2015-12-21 00:00:00.000 +0200,24.271,24.291,23.884,24.28,180086025
2015-12-22 00:00:00.000 +0200,24.298,24.371,24.083,24.255,134049085
2015-12-23 00:00:00.000 +0200,24.269,24.626,24.253,24.572,125155513
2015-12-24 00:00:00.000 +0200,24.66,24.66,24.423,24.441,55714248
2015-12-28 00:00:00.000 +0200,24.341,24.364,24.022,24.167,108968357
2015-12-29 00:00:00.000 +0200,24.199,24.757,24.176,24.601,125265974
2015-12-30 00:00:00.000 +0200,24.565,24.592,24.248,24.28,97109259
2015-12-31 00:00:00.000 +0200,24.21,24.214,23.714,23.807,165450595
2016-01-04 00:00:00.000 +0200,23.215,23.839,23.077,23.83,237676139
2016-01-05 00:00:00.000 +0200,23.925,23.948,23.169,23.237,225558225
2016-01-06 00:00:00.000 +0200,22.751,23.16,22.595,22.782,281075317
2016-01-07 00:00:00.000 +0200,22.314,22.653,21.816,21.841,328190811
2016-01-08 00:00:00.000 +0200,22.271,22.423,21.891,21.941,289853195
2016-01-11 00:00:00.000 +0200,22.391,22.411,22.022,22.291,203722632
2016-01-12 00:00:00.000 +0200,22.748,22.78,22.362,22.615,200871222
2016-01-13 00:00:00.000 +0200,22.696,22.893,22.013,22.038,256992809
2016-01-14 00:00:00.000 +0200,22.162,22.733,21.66,22.513,257294644
2016-01-15 00:00:00.000 +0200,21.764,22.106,21.574,21.966,301469696
2016-01-19 00:00:00.000 +0200,22.264,22.319,21.606,21.873,204583139
2016-01-20 00:00:00.000 +0200,21.515,22.215,21.135,21.902,299849347
2016-01-21 00:00:00.000 +0200,21.959,22.144,21.479,21.778,204799614
2016-01-22 00:00:00.000 +0200,22.285,22.954,22.255,22.945,267685462
2016-01-25 00:00:00.000 +0200,22.968,22.97,22.445,22.503,207544126
2016-01-26 00:00:00.000 +0200,22.606,22.823,22.187,22.619,305185853
2016-01-27 00:00:00.000 +0200,21.728,21.862,21.117,21.138,552259254
2016-01-28 00:00:00.000 +0200,21.219,21.384,20.902,21.285,225627415
2016-01-29 00:00:00.000 +0200,21.411,22.022,21.372,22.004,265963579
2016-02-01 00:00:00.000 +0200,21.825,21.88,21.583,21.805,166804453
2016-02-02 00:00:00.000 +0200,21.588,21.728,21.33,21.375,149409944
2016-02-03 00:00:00.000 +0200,21.493,21.909,21.285,21.796,185374252
2016-02-04 00:00:00.000 +0200,21.805,22.139,21.653,21.973,161690787
2016-02-05 00:00:00.000 +0200,21.955,22.046,21.311,21.384,184353662
2016-02-08 00:00:00.000 +0200,21.189,21.769,21.164,21.612,220751258
2016-02-09 00:00:00.000 +0200,21.448,21.823,21.366,21.614,179570149
2016-02-10 00:00:00.000 +0200,21.819,21.917,21.405,21.443,174562877
2016-02-11 00:00:00.000 +0200,21.325,21.546,21.061,21.305,202512875
2016-02-12 00:00:00.000 +0200,21.425,21.496,21.157,21.38,163024106
2016-02-16 00:00:00.000 +0200,21.6,22.03,21.521,21.978,196262914
2016-02-17 00:00:00.000 +0200,21.987,22.34,21.871,22.317,183276020
2016-02-18 00:00:00.000 +0200,22.483,22.494,21.858,21.896,144705263
2016-02-19 00:00:00.000 +0200,21.837,22.01,21.791,21.844,138778911
2016-02-22 00:00:00.000 +0200,21.907,22.042,21.819,22.035,139092562
2016-02-23 00:00:00.000 +0200,21.928,21.951,21.507,21.539,128815170
2016-02-24 00:00:00.000 +0200,21.377,21.923,21.227,21.86,145816376
2016-02-25 00:00:00.000 +0200,21.848,22.01,21.666,22.01,110424329
2016-02-26 00:00:00.000 +0200,22.109,22.296,21.968,22.043,117742861
2016-02-29 00:00:00.000 +0200,22.03,22.344,21.985,21.985,135647208
2016-03-01 00:00:00.000 +0200,22.221,22.922,22.16,22.867,205297797
2016-03-02 00:00:00.000 +0200,22.863,22.949,22.665,22.913,134601001
2016-03-03 00:00:00.000 +0200,22.876,23.136,22.849,23.088,144116438
2016-03-04 00:00:00.000 +0200,23.286,23.6,23.058,23.431,187330910
2016-03-07 00:00:00.000 +0200,23.288,23.39,22.965,23.172,143145813
2016-03-08 00:00:00.000 +0200,22.924,23.147,22.838,22.983,127972441
2016-03-09 00:00:00.000 +0200,23.052,23.106,22.808,22.999,108729854
2016-03-10 00:00:00.000 +0200,23.067,23.256,22.781,23.013,135535674
2016-03-11 00:00:00.000 +0200,23.254,23.265,23.088,23.259,109939603
2016-03-14 00:00:00.000 +0200,23.181,23.409,23.152,23.32,100475977
2016-03-15 00:00:00.000 +0200,23.654,23.925,23.622,23.789,161300066
2016-03-16 00:00:00.000 +0200,23.768,24.182,23.768,24.105,153118864
2016-03-17 00:00:00.000 +0200,24.002,24.218,23.875,24.066,135187508
2016-03-18 00:00:00.000 +0200,24.193,24.225,23.927,24.091,178404476
2016-03-21 00:00:00.000 +0200,24.075,24.487,23.916,24.091,142630433
2016-03-22 00:00:00.000 +0200,23.941,24.405,23.932,24.28,128093648
2016-03-23 00:00:00.000 +0200,24.218,24.355,24.089,24.143,104204832
2016-03-24 00:00:00.000 +0200,23.991,24.168,23.859,24.034,103839065
2016-03-28 00:00:00.000 +0200,24.112,24.155,23.898,23.927,77284363
2016-03-29 00:00:00.000 +0200,23.859,24.519,23.857,24.494,125659517
2016-03-30 00:00:00.000 +0200,24.714,25.117,24.703,24.928,180523069
2016-03-31 00:00:00.000 +0200,24.958,24.999,24.767,24.785,103679142
2016-04-01 00:00:00.000 +0200,24.735,25.021,24.612,25.012,102555733
2016-04-04 00:00:00.000 +0200,25.122,25.52,25.083,25.278,149665300
2016-04-05 00:00:00.000 +0200,24.942,25.187,24.89,24.977,106341889
2016-04-06 00:00:00.000 +0200,25.074,25.244,24.839,25.238,105873974
2016-04-07 00:00:00.000 +0200,25.01,25.117,24.594,24.689,124338243
2016-04-08 00:00:00.000 +0200,24.78,24.969,24.605,24.717,95439529
2016-04-11 00:00:00.000 +0200,24.787,25.16,24.755,24.801,116976905
2016-04-12 00:00:00.000 +0200,24.878,25.135,24.717,25.122,109699219
2016-04-13 00:00:00.000 +0200,25.194,25.554,25.194,25.485,132445137
2016-04-14 00:00:00.000 +0200,25.401,25.565,25.324,25.499,103649512
2016-04-15 00:00:00.000 +0200,25.481,25.545,24.96,24.979,183992739
2016-04-18 00:00:00.000 +0200,24.771,24.783,24.325,24.43,202143510
2016-04-19 00:00:00.000 +0200,24.539,24.566,24.164,24.328,131020201
2016-04-20 00:00:00.000 +0200,24.257,24.587,24.125,24.369,115923371
2016-04-21 00:00:00.000 +0200,24.323,24.323,24.002,24.105,128693886
2016-04-22 00:00:00.000 +0200,23.889,24.221,23.798,24.039,136155395
2016-04-25 00:00:00.000 +0200,23.864,24.032,23.773,23.902,114129831
2016-04-26 00:00:00.000 +0200,23.627,23.952,23.627,23.725,228591636
2016-04-27 00:00:00.000 +0200,21.837,22.453,21.764,22.249,460081013
2016-04-28 00:00:00.000 +0200,22.203,22.265,21.439,21.568,335874863
2016-04-29 00:00:00.000 +0200,21.382,21.546,21.043,21.323,278229756
2016-05-02 00:00:00.000 +0200,21.373,21.4,21.018,21.3,196523360
2016-05-03 00:00:00.000 +0200,21.427,21.778,21.309,21.65,233062327
2016-05-04 00:00:00.000 +0200,21.653,21.814,21.341,21.425,162824807
2016-05-05 00:00:00.000 +0200,21.512,21.528,21.21,21.338,144354007
2016-05-06 00:00:00.000 +0200,21.366,21.386,21.02,21.219,178959076
2016-05-09 00:00:00.000 +0200,21.283,21.459,21.189,21.235,131854356
2016-05-10 00:00:00.000 +0200,21.361,21.414,21.08,21.375,136239657
2016-05-11 00:00:00.000 +0200,21.389,21.414,21.16,21.171,116007480
2016-05-12 00:00:00.000 +0200,21.231,21.233,20.475,20.675,309548154
2016-05-13 00:00:00.000 +0200,20.599,20.979,20.597,20.716,179315230
2016-05-16 00:00:00.000 +0200,21.157,21.601,20.974,21.482,247729032
2016-05-17 00:00:00.000 +0200,21.638,21.672,21.286,21.393,188717950
2016-05-18 00:00:00.000 +0200,21.549,21.789,21.487,21.643,170968201
2016-05-19 00:00:00.000 +0200,21.656,21.659,21.414,21.558,111956413
2016-05-20 00:00:00.000 +0200,21.672,21.839,21.631,21.791,128712350
2016-05-23 00:00:00.000 +0200,21.94,22.242,21.894,22.066,151399683
2016-05-24 00:00:00.000 +0200,22.254,22.448,22.162,22.405,140806577
2016-05-25 00:00:00.000 +0200,22.581,22.826,22.453,22.794,153549146
2016-05-26 00:00:00.000 +0200,22.812,23.052,22.574,22.981,162310102
2016-05-27 00:00:00.000 +0200,22.757,22.993,22.712,22.963,141050670
2016-05-31 00:00:00.000 +0200,22.794,22.977,22.615,22.853,168348511
2016-06-01 00:00:00.000 +0200,22.661,22.78,22.503,22.531,118739073
2016-06-02 00:00:00.000 +0200,22.329,22.391,22.114,22.359,163362748
2016-06-03 00:00:00.000 +0200,22.386,22.489,22.302,22.407,108260346
2016-06-06 00:00:00.000 +0200,22.425,23.318,22.325,22.572,94382104
2016-06-07 00:00:00.000 +0200,22.714,22.855,22.647,22.666,89886904
2016-06-08 00:00:00.000 +0200,22.661,22.785,22.583,22.643,81500135
2016-06-09 00:00:00.000 +0200,22.542,22.883,22.533,22.807,105360490
2016-06-10 00:00:00.000 +0200,22.55,22.736,22.538,22.621,122251955
2016-06-13 00:00:00.000 +0200,22.565,22.684,22.222,22.277,152301042
2016-06-14 00:00:00.000 +0200,22.28,22.537,22.143,22.305,128864915
2016-06-15 00:00:00.000 +0200,22.386,22.521,22.206,22.231,119830308
2016-06-16 00:00:00.000 +0200,22.071,22.37,21.986,22.329,125986028
2016-06-17 00:00:00.000 +0200,22.112,22.119,21.81,21.814,241074533
2016-06-20 00:00:00.000 +0200,21.974,22.1,21.748,21.764,140869993
2016-06-21 00:00:00.000 +0200,21.727,22.05,21.667,21.949,141754841
2016-06-22 00:00:00.000 +0200,22.027,22.174,21.821,21.869,116569331
2016-06-23 00:00:00.000 +0200,21.963,22.036,21.798,21.99,131359391
2016-06-24 00:00:00.000 +0200,21.264,21.663,21.204,21.369,277571997
2016-06-27 00:00:00.000 +0200,21.292,21.295,20.938,21.061,188298612
2016-06-28 00:00:00.000 +0200,21.258,21.434,21.086,21.418,161109663
2016-06-29 00:00:00.000 +0200,21.505,21.638,21.427,21.604,147222910
2016-06-30 00:00:00.000 +0200,21.615,21.917,21.581,21.881,141891882
2016-07-01 00:00:00.000 +0200,21.852,22.077,21.818,21.948,102428105
2016-07-05 00:00:00.000 +0200,21.83,21.833,21.617,21.746,110010641
2016-07-06 00:00:00.000 +0200,21.649,21.892,21.597,21.862,126297445
2016-07-07 00:00:00.000 +0200,21.901,22.084,21.883,21.956,98168862
2016-07-08 00:00:00.000 +0200,22.084,22.174,21.981,22.125,116077037
2016-07-11 00:00:00.000 +0200,22.144,22.347,22.137,22.194,96365910
2016-07-12 00:00:00.000 +0200,22.24,22.359,22.226,22.295,97630406
2016-07-13 00:00:00.000 +0200,22.293,22.352,22.162,22.169,104418787
2016-07-14 00:00:00.000 +0200,22.29,22.654,22.272,22.608,160261046
2016-07-15 00:00:00.000 +0200,22.659,22.725,22.542,22.601,123901231
2016-07-18 00:00:00.000 +0200,22.588,22.915,22.565,22.846,148460015
2016-07-19 00:00:00.000 +0200,22.785,22.885,22.734,22.855,96196751
2016-07-20 00:00:00.000 +0200,22.867,22.991,22.825,22.869,108720620
2016-07-21 00:00:00.000 +0200,22.844,23.114,22.686,22.753,128136778
2016-07-22 00:00:00.000 +0200,22.716,22.725,22.498,22.579,115632565
2016-07-25 00:00:00.000 +0200,22.485,22.62,22.18,22.272,158518726
2016-07-26 00:00:00.000 +0200,22.16,22.421,22.066,22.124,229082123
2016-07-27 00:00:00.000 +0200,23.865,23.881,23.515,23.565,370707588
2016-07-28 00:00:00.000 +0200,23.537,23.904,23.531,23.876,150506347
2016-07-29 00:00:00.000 +0200,23.844,23.927,23.727,23.845,108975473
2016-08-01 00:00:00.000 +0200,23.897,24.293,23.894,24.272,152112623
2016-08-02 00:00:00.000 +0200,24.27,24.274,23.801,23.908,134004364
2016-08-03 00:00:00.000 +0200,23.986,24.222,23.977,24.213,121047850
2016-08-04 00:00:00.000 +0200,24.291,24.39,24.224,24.364,102041498
2016-08-05 00:00:00.000 +0200,24.445,24.769,24.431,24.728,155634307
2016-08-08 00:00:00.000 +0200,24.746,24.935,24.657,24.935,113722898
2016-08-09 00:00:00.000 +0200,24.901,25.066,24.852,25.039,104443885
2016-08-10 00:00:00.000 +0200,24.997,25.057,24.795,24.85,96074306
2016-08-11 00:00:00.000 +0200,24.977,25.064,24.815,24.834,96126059
2016-08-12 00:00:00.000 +0200,24.799,24.951,24.797,24.887,74801709
2016-08-15 00:00:00.000 +0200,24.882,25.204,24.868,25.197,103307373
2016-08-16 00:00:00.000 +0200,25.225,25.363,25.128,25.167,127390953
2016-08-17 00:00:00.000 +0200,25.103,25.165,24.928,25.126,97988425
2016-08-18 00:00:00.000 +0200,25.133,25.218,25.085,25.099,86313382
2016-08-19 00:00:00.000 +0200,25.029,25.239,24.933,25.163,102323121
2016-08-22 00:00:00.000 +0200,25.062,25.103,24.829,24.979,101591250
2016-08-23 00:00:00.000 +0200,24.99,25.154,24.972,25.041,79779954
2016-08-24 00:00:00.000 +0200,24.981,25.023,24.776,24.859,92415903
2016-08-25 00:00:00.000 +0200,24.675,24.822,24.512,24.721,99302117
2016-08-26 00:00:00.000 +0200,24.721,24.838,24.461,24.606,112149300
2016-08-29 00:00:00.000 +0200,24.535,24.721,24.457,24.578,101728456
2016-08-30 00:00:00.000 +0200,24.344,24.505,24.275,24.387,100361815
2016-08-31 00:00:00.000 +0200,24.314,24.521,24.307,24.415,113331695
2016-09-01 00:00:00.000 +0200,24.422,24.574,24.302,24.558,95193820
2016-09-02 00:00:00.000 +0200,24.788,24.85,24.578,24.788,103632911
2016-09-06 00:00:00.000 +0200,24.811,24.919,24.737,24.781,108491423
2016-09-07 00:00:00.000 +0200,24.815,25.025,24.636,24.935,171245035
2016-09-08 00:00:00.000 +0200,24.673,24.682,24.215,24.277,211591085
2016-09-09 00:00:00.000 +0200,24.077,24.325,23.732,23.732,186601473
2016-09-12 00:00:00.000 +0200,23.619,24.325,23.591,24.261,182162844
2016-09-13 00:00:00.000 +0200,24.733,25.032,24.261,24.855,252525391
2016-09-14 00:00:00.000 +0200,25.023,26.007,24.988,25.717,459349295
2016-09-15 00:00:00.000 +0200,26.198,26.629,26.113,26.592,371854372
2016-09-16 00:00:00.000 +0200,26.5,26.721,26.24,26.44,323122682
2016-09-19 00:00:00.000 +0200,26.518,26.732,26.058,26.122,192540536
2016-09-20 00:00:00.000 +0200,25.991,26.258,25.888,26.132,138591674
2016-09-21 00:00:00.000 +0200,26.196,26.228,25.872,26.123,142234333
2016-09-22 00:00:00.000 +0200,26.304,26.447,26.231,26.371,125812182
2016-09-23 00:00:00.000 +0200,26.327,26.412,25.667,25.933,216700072
2016-09-26 00:00:00.000 +0200,25.687,26.09,25.667,25.971,120614594
2016-09-27 00:00:00.000 +0200,26.0,26.042,25.849,26.026,97409007
2016-09-28 00:00:00.000 +0200,26.157,26.378,26.099,26.219,119666198
2016-09-29 00:00:00.000 +0200,26.046,26.184,25.724,25.812,147002986
2016-09-30 00:00:00.000 +0200,25.881,26.086,25.724,26.007,146004395
2016-10-03 00:00:00.000 +0200,25.934,26.012,25.835,25.888,87046462
2016-10-04 00:00:00.000 +0200,26.003,26.302,25.915,26.005,121251557
2016-10-05 00:00:00.000 +0200,26.092,26.152,25.929,26.01,87868119
2016-10-06 00:00:00.000 +0200,26.159,26.309,26.03,26.21,116289139
2016-10-07 00:00:00.000 +0200,26.295,26.359,26.118,26.237,99581242
2016-10-10 00:00:00.000 +0200,26.474,26.863,26.396,26.702,147167547
2016-10-11 00:00:00.000 +0200,27.07,27.31,26.737,26.769,259453709
2016-10-12 00:00:00.000 +0200,27.001,27.146,26.863,27.001,155019940
2016-10-13 00:00:00.000 +0200,26.872,27.022,26.626,26.918,143868567
2016-10-14 00:00:00.000 +0200,27.123,27.19,26.951,27.066,140125792
2016-10-17 00:00:00.000 +0200,26.999,27.114,26.87,27.047,95894710
2016-10-18 00:00:00.000 +0200,27.192,27.199,27.024,27.024,95335005
2016-10-19 00:00:00.000 +0200,26.978,27.096,26.184,26.948,80344157
2016-10-20 00:00:00.000 +0200,26.889,27.008,26.767,26.923,97994146
2016-10-21 00:00:00.000 +0200,26.877,26.9,26.755,26.813,94376364
2016-10-24 00:00:00.000 +0200,26.944,27.091,26.921,27.061,92906619
2016-10-25 00:00:00.000 +0200,27.142,27.234,26.992,27.211,194380377
2016-10-26 00:00:00.000 +0200,26.302,26.622,26.072,26.596,268945130
2016-10-27 00:00:00.000 +0200,26.55,26.658,26.254,26.346,124084656
2016-10-28 00:00:00.000 +0200,26.198,26.509,26.104,26.166,150151008
2016-10-31 00:00:00.000 +0200,26.15,26.283,26.046,26.129,103670033
2016-11-01 00:00:00.000 +0200,26.106,26.178,25.432,25.653,171810040
2016-11-02 00:00:00.000 +0200,25.632,25.851,25.593,25.678,107651276
2016-11-03 00:00:00.000 +0200,25.667,25.778,25.336,25.398,105660103
2016-11-04 00:00:00.000 +0200,25.1,25.498,25.003,25.172,122132235
2016-11-07 00:00:00.000 +0200,25.463,25.558,25.315,25.535,129608348
2016-11-08 00:00:00.000 +0200,25.512,25.838,25.371,25.685,96130407
2016-11-09 00:00:00.000 +0200,25.41,25.745,24.989,25.644,233046425
2016-11-10 00:00:00.000 +0200,25.69,25.692,24.476,24.929,228353659
2016-11-11 00:00:00.000 +0200,24.753,25.179,24.642,25.075,138198702
2016-11-14 00:00:00.000 +0200,24.911,24.934,24.071,24.446,203669161
2016-11-15 00:00:00.000 +0200,24.647,24.904,24.552,24.772,128064111
2016-11-16 00:00:00.000 +0200,24.677,25.493,24.654,25.442,155564333
2016-11-17 00:00:00.000 +0200,25.398,25.521,25.17,25.426,114718824
2016-11-18 00:00:00.000 +0200,25.375,25.565,25.361,25.454,104716644
2016-11-21 00:00:00.000 +0200,25.468,25.9,25.442,25.84,117402313
2016-11-22 00:00:00.000 +0200,25.893,26.0,25.764,25.849,101649847
2016-11-23 00:00:00.000 +0200,25.755,25.789,25.516,25.723,109813397
2016-11-25 00:00:00.000 +0200,25.701,25.873,25.66,25.852,46136206
2016-11-28 00:00:00.000 +0200,25.772,26.011,25.763,25.807,106062066
2016-11-29 00:00:00.000 +0200,25.62,25.91,25.456,25.778,114384401
2016-11-30 00:00:00.000 +0200,25.812,25.949,25.503,25.56,142540559
2016-12-01 00:00:00.000 +0200,25.53,25.657,25.216,25.318,145325347
2016-12-02 00:00:00.000 +0200,25.248,25.461,25.174,25.415,98963417
2016-12-05 00:00:00.000 +0200,25.44,25.447,25.035,25.232,131937477
2016-12-06 00:00:00.000 +0200,25.324,25.523,25.253,25.426,103913941
2016-12-07 00:00:00.000 +0200,25.267,25.715,25.246,25.674,119656235
2016-12-08 00:00:00.000 +0200,25.639,26.002,25.579,25.928,105360745
2016-12-09 00:00:00.000 +0200,25.974,26.527,25.974,26.356,135406281
2016-12-12 00:00:00.000 +0200,26.203,26.211,26.016,26.201,104417734
2016-12-13 00:00:00.000 +0200,26.314,26.809,26.307,26.64,163841140
2016-12-14 00:00:00.000 +0200,26.606,26.874,26.592,26.643,135907605
2016-12-15 00:00:00.000 +0200,26.684,26.997,26.65,26.786,127474127
2016-12-16 00:00:00.000 +0200,26.904,26.943,26.746,26.821,170096287
2016-12-19 00:00:00.000 +0200,26.781,27.147,26.77,26.973,98329743
2016-12-20 00:00:00.000 +0200,27.008,27.175,26.985,27.047,81003225
2016-12-21 00:00:00.000 +0200,27.013,27.152,27.008,27.073,74680371
2016-12-22 00:00:00.000 +0200,26.909,26.946,26.744,26.895,102530796
2016-12-23 00:00:00.000 +0200,26.733,26.948,26.733,26.946,56311521
2016-12-27 00:00:00.000 +0200,26.96,27.244,26.941,27.117,72068022
2016-12-28 00:00:00.000 +0200,27.18,27.295,26.875,27.002,78937994
2016-12-29 00:00:00.000 +0200,26.953,27.084,26.92,26.997,58334898
2016-12-30 00:00:00.000 +0200,26.978,27.105,26.696,26.791,121615299
2017-01-03 00:00:00.000 +0200,26.786,26.904,26.541,26.86,115379676
2017-01-04 00:00:00.000 +0200,26.795,26.946,26.77,26.832,82539522
2017-01-05 00:00:00.000 +0200,26.808,27.027,26.783,26.968,88952571
2017-01-06 00:00:00.000 +0200,27.008,27.327,26.936,27.269,127611563
2017-01-09 00:00:00.000 +0200,27.276,27.621,27.276,27.522,134752751
2017-01-10 00:00:00.000 +0200,27.468,27.609,27.36,27.547,97182692
2017-01-11 00:00:00.000 +0200,27.457,27.737,27.429,27.69,110812166
2017-01-12 00:00:00.000 +0200,27.489,27.591,27.339,27.579,108914766
2017-01-13 00:00:00.000 +0200,27.547,27.665,27.478,27.528,99426121
2017-01-17 00:00:00.000 +0200,27.364,27.808,27.341,27.751,137363669
2017-01-18 00:00:00.000 +0200,27.753,27.868,27.686,27.746,91310086
2017-01-19 00:00:00.000 +0200,27.614,27.774,27.607,27.7,93237298
2017-01-20 00:00:00.000 +0200,27.799,27.857,27.691,27.751,120513984
2017-01-23 00:00:00.000 +0200,27.737,27.94,27.7,27.774,83560476
2017-01-24 00:00:00.000 +0200,27.649,27.776,27.637,27.746,92162859
2017-01-25 00:00:00.000 +0200,27.85,28.239,27.818,28.192,128219646
2017-01-26 00:00:00.000 +0200,28.162,28.317,28.123,28.202,94862769
2017-01-27 00:00:00.000 +0200,28.243,28.296,28.123,28.151,79674956
2017-01-30 00:00:00.000 +0200,27.97,28.13,27.908,28.116,121948803
2017-01-31 00:00:00.000 +0200,28.019,28.074,27.896,28.053,198195369
2017-02-01 00:00:00.000 +0200,29.379,30.179,29.374,29.776,448391454
2017-02-02 00:00:00.000 +0200,29.601,29.924,29.552,29.721,129815930
2017-02-03 00:00:00.000 +0200,29.675,29.878,29.64,29.85,95787421
2017-02-06 00:00:00.000 +0200,29.864,30.181,29.816,30.133,106089320
2017-02-07 00:00:00.000 +0200,30.19,30.549,30.17,30.415,143500874
2017-02-08 00:00:00.000 +0200,30.375,30.579,30.348,30.537,84777234
2017-02-09 00:00:00.000 +0200,30.583,30.765,30.457,30.757,104034951
2017-02-10 00:00:00.000 +0200,30.767,30.879,30.674,30.688,77419864
2017-02-13 00:00:00.000 +0200,30.904,31.083,30.835,30.96,90245564
2017-02-14 00:00:00.000 +0200,30.993,31.378,30.951,31.36,124236767
2017-02-15 00:00:00.000 +0200,31.478,31.652,31.269,31.476,133432332
2017-02-16 00:00:00.000 +0200,31.513,31.566,31.32,31.437,86491977
2017-02-17 00:00:00.000 +0200,31.39,31.55,31.39,31.531,89287027
2017-02-21 00:00:00.000 +0200,31.645,31.764,31.585,31.75,91624849
2017-02-22 00:00:00.000 +0200,31.696,31.85,31.615,31.845,76993251
2017-02-23 00:00:00.000 +0200,31.91,31.933,31.659,31.713,80141220
2017-02-24 00:00:00.000 +0200,31.571,31.743,31.425,31.741,85309482
2017-02-27 00:00:00.000 +0200,31.832,31.924,31.656,31.809,78564043
2017-02-28 00:00:00.000 +0200,31.846,31.924,31.753,31.821,87492033
2017-03-01 00:00:00.000 +0200,32.029,32.554,31.96,32.47,140990625
2017-03-02 00:00:00.000 +0200,32.512,32.584,32.231,32.27,103571843
2017-03-03 00:00:00.000 +0200,32.231,32.479,32.191,32.465,80127986
2017-03-06 00:00:00.000 +0200,32.371,32.465,32.193,32.361,73756269
2017-03-07 00:00:00.000 +0200,32.3,32.514,32.238,32.4,66981415
2017-03-08 00:00:00.000 +0200,32.275,32.472,32.245,32.289,71240855
2017-03-09 00:00:00.000 +0200,32.226,32.238,31.833,32.212,85894065
2017-03-10 00:00:00.000 +0200,32.345,32.37,32.203,32.322,77390939
2017-03-13 00:00:00.000 +0200,32.252,32.386,32.245,32.331,64096395
2017-03-14 00:00:00.000 +0200,32.356,32.437,32.249,32.282,58404290
2017-03-15 00:00:00.000 +0200,32.393,32.693,32.292,32.623,94044519
2017-03-16 00:00:00.000 +0200,32.686,32.756,32.579,32.679,74259190
2017-03-17 00:00:00.000 +0200,32.728,32.751,32.493,32.498,174739656
2017-03-20 00:00:00.000 +0200,32.612,32.867,32.572,32.865,82086982
2017-03-21 00:00:00.000 +0200,33.009,33.169,32.456,32.484,151907395
2017-03-22 00:00:00.000 +0200,32.483,32.89,32.463,32.851,102717402
2017-03-23 00:00:00.000 +0200,32.81,32.886,32.659,32.731,80179794
2017-03-24 00:00:00.000 +0200,32.842,32.923,32.6,32.665,87484491
2017-03-27 00:00:00.000 +0200,32.377,32.802,32.198,32.723,92065729
2017-03-28 00:00:00.000 +0200,32.73,33.457,32.663,33.404,133360297
2017-03-29 00:00:00.000 +0200,33.373,33.562,33.26,33.485,107927790
2017-03-30 00:00:00.000 +0200,33.48,33.564,33.332,33.429,81938347
2017-03-31 00:00:00.000 +0200,33.383,33.51,33.218,33.371,77006090
2017-04-03 00:00:00.000 +0200,33.38,33.476,33.227,33.378,77715602
2017-04-04 00:00:00.000 +0200,33.274,33.655,33.255,33.624,76991812
2017-04-05 00:00:00.000 +0200,33.499,33.787,33.404,33.452,107365100
2017-04-06 00:00:00.000 +0200,33.515,33.569,33.32,33.371,82232672
2017-04-07 00:00:00.000 +0200,33.385,33.49,33.278,33.294,64723957
2017-04-10 00:00:00.000 +0200,33.355,33.42,33.192,33.253,71209895
2017-04-11 00:00:00.000 +0200,33.202,33.297,32.533,32.895,118895597
2017-04-12 00:00:00.000 +0200,32.89,33.018,32.753,32.934,80999067
2017-04-13 00:00:00.000 +0200,32.946,33.071,32.763,32.767,69171579
2017-04-17 00:00:00.000 +0200,32.795,32.955,32.723,32.946,62595880
2017-04-18 00:00:00.000 +0200,32.853,32.993,32.776,32.802,57771078
2017-04-19 00:00:00.000 +0200,32.955,32.983,32.623,32.672,63877722
2017-04-20 00:00:00.000 +0200,32.8,33.197,32.788,33.085,92708081
2017-04-21 00:00:00.000 +0200,33.085,33.141,32.948,33.046,67224562
2017-04-24 00:00:00.000 +0200,33.332,33.436,33.257,33.362,67356587
2017-04-25 00:00:00.000 +0200,33.441,33.657,33.418,33.571,72584036
2017-04-26 00:00:00.000 +0200,33.562,33.587,33.303,33.369,76469854
2017-04-27 00:00:00.000 +0200,33.427,33.485,33.288,33.399,55502979
2017-04-28 00:00:00.000 +0200,33.469,33.517,33.278,33.364,75223330
2017-05-01 00:00:00.000 +0200,33.703,34.191,33.671,34.042,124054789
2017-05-02 00:00:00.000 +0200,34.27,34.398,34.107,34.254,164434579
2017-05-03 00:00:00.000 +0200,33.817,34.258,33.51,34.159,180447144
2017-05-04 00:00:00.000 +0200,34.04,34.177,33.868,34.038,90477649
2017-05-05 00:00:00.000 +0200,34.089,34.605,34.089,34.6,105403966
2017-05-08 00:00:00.000 +0200,34.616,35.701,34.616,35.541,194855661
2017-05-09 00:00:00.000 +0200,35.74,35.975,35.643,35.766,149740316
2017-05-10 00:00:00.000 +0200,35.685,35.757,35.332,35.599,99196190
2017-05-11 00:00:00.000 +0200,35.557,35.935,35.524,35.904,90379064
2017-05-12 00:00:00.000 +0200,36.079,36.483,36.074,36.408,128186166
2017-05-15 00:00:00.000 +0200,36.387,36.536,36.163,36.31,99758641
2017-05-16 00:00:00.000 +0200,36.371,36.399,36.086,36.261,74190187
2017-05-17 00:00:00.000 +0200,35.825,36.051,34.918,35.032,196652509
2017-05-18 00:00:00.000 +0200,35.281,35.764,35.249,35.571,132635618
2017-05-19 00:00:00.000 +0200,35.785,35.914,35.599,35.697,106526295
2017-05-22 00:00:00.000 +0200,35.918,36.053,35.664,35.909,87866873
2017-05-23 00:00:00.000 +0200,36.126,36.128,35.757,35.872,77461528
2017-05-24 00:00:00.000 +0200,35.881,35.958,35.608,35.755,75186268
2017-05-25 00:00:00.000 +0200,35.855,36.0,35.692,35.897,72804646
2017-05-26 00:00:00.000 +0200,35.874,35.974,35.757,35.823,66923419
2017-05-30 00:00:00.000 +0200,35.783,36.018,35.762,35.841,73503453
2017-05-31 00:00:00.000 +0200,35.911,35.958,35.54,35.631,92006559
2017-06-01 00:00:00.000 +0200,35.725,35.762,35.503,35.727,61077934
2017-06-02 00:00:00.000 +0200,35.823,36.256,35.659,36.256,108606829
2017-06-05 00:00:00.000 +0200,35.997,36.023,35.792,35.902,96232925
2017-06-06 00:00:00.000 +0200,35.893,36.34,35.867,36.023,102788205
2017-06-07 00:00:00.000 +0200,36.154,36.38,36.03,36.238,82381629
2017-06-08 00:00:00.000 +0200,36.21,36.277,36.011,36.133,78081434
2017-06-09 00:00:00.000 +0200,36.196,36.196,34.057,34.745,254623846
2017-06-12 00:00:00.000 +0200,33.959,34.073,33.238,33.912,278996842
2017-06-13 00:00:00.000 +0200,34.323,34.391,33.854,34.19,124100482
2017-06-14 00:00:00.000 +0200,34.398,34.402,33.549,33.856,120796701
2017-06-15 00:00:00.000 +0200,33.39,33.698,33.168,33.656,124121393
2017-06-16 00:00:00.000 +0200,33.542,33.702,33.166,33.178,190206954
2017-06-19 00:00:00.000 +0200,33.584,34.225,33.507,34.132,125643577
2017-06-20 00:00:00.000 +0200,34.255,34.255,33.805,33.821,95084244
2017-06-21 00:00:00.000 +0200,33.941,34.069,33.728,34.022,83306768
2017-06-22 00:00:00.000 +0200,33.994,34.216,33.847,33.966,73875686
2017-06-23 00:00:00.000 +0200,33.854,34.323,33.845,34.12,125837186
2017-06-26 00:00:00.000 +0200,34.325,34.584,33.908,34.006,101099663
2017-06-27 00:00:00.000 +0200,33.821,34.09,33.497,33.535,97292399
2017-06-28 00:00:00.000 +0200,33.7,34.078,33.39,34.013,85242627
2017-06-29 00:00:00.000 +0200,33.761,33.849,33.185,33.509,123496947
2017-06-30 00:00:00.000 +0200,33.691,33.81,33.535,33.593,84996272
2017-07-03 00:00:00.000 +0200,33.807,33.889,33.376,33.469,53937423
2017-07-05 00:00:00.000 +0200,33.514,33.77,33.288,33.607,84248343
2017-07-06 00:00:00.000 +0200,33.376,33.469,33.215,33.287,91350823
2017-07-07 00:00:00.000 +0200,33.332,33.761,33.329,33.626,71059500
2017-07-10 00:00:00.000 +0200,33.612,34.041,33.439,33.84,82395954
2017-07-11 00:00:00.000 +0200,33.756,34.017,33.674,33.947,73103230
2017-07-12 00:00:00.000 +0200,34.01,34.094,33.777,33.999,90897810
2017-07-13 00:00:00.000 +0200,33.936,34.633,33.922,34.467,99320422
2017-07-14 00:00:00.000 +0200,34.507,34.829,34.363,34.761,78687052
2017-07-17 00:00:00.000 +0200,34.71,35.195,34.652,34.892,89151206
2017-07-18 00:00:00.000 +0200,34.855,35.016,34.675,35.004,68049326
2017-07-19 00:00:00.000 +0200,35.088,35.316,34.974,35.223,80065161
2017-07-20 00:00:00.000 +0200,35.323,35.391,35.03,35.067,64031771
2017-07-21 00:00:00.000 +0200,35.041,35.088,34.724,35.055,89461884
2017-07-24 00:00:00.000 +0200,35.121,35.554,34.962,35.477,82855739
2017-07-25 00:00:00.000 +0200,35.405,35.881,35.405,35.627,71759194
2017-07-26 00:00:00.000 +0200,35.767,35.902,35.699,35.802,61175794
2017-07-27 00:00:00.000 +0200,35.867,35.916,34.356,35.114,128343189
2017-07-28 00:00:00.000 +0200,34.971,35.039,34.796,34.866,66143488
2017-07-31 00:00:00.000 +0200,34.962,35.062,34.549,34.698,75049955
2017-08-01 00:00:00.000 +0200,34.775,35.037,34.614,34.997,137332232
2017-08-02 00:00:00.000 +0200,37.15,37.259,36.422,36.653,271820640
2017-08-03 00:00:00.000 +0200,36.63,36.667,36.156,36.27,102483028
2017-08-04 00:00:00.000 +0200,36.401,36.711,36.312,36.464,80851854
2017-08-07 00:00:00.000 +0200,36.62,37.066,36.541,37.035,83962248
2017-08-08 00:00:00.000 +0200,36.993,37.744,36.914,37.341,140860170
2017-08-09 00:00:00.000 +0200,37.145,37.614,37.11,37.574,100887809
2017-08-10 00:00:00.000 +0200,37.462,37.464,36.204,36.366,152153890
2017-08-11 00:00:00.000 +0200,36.679,37.129,36.543,36.876,101327980
2017-08-14 00:00:00.000 +0200,37.307,37.513,37.171,37.413,86868734
2017-08-15 00:00:00.000 +0200,37.62,37.979,37.498,37.849,111960830
2017-08-16 00:00:00.000 +0200,37.928,38.052,37.499,37.68,103722435
2017-08-17 00:00:00.000 +0200,37.586,37.63,36.958,36.963,106994259
2017-08-18 00:00:00.000 +0200,36.986,37.347,36.696,36.881,104546877
2017-08-21 00:00:00.000 +0200,36.879,36.97,36.319,36.799,101004846
2017-08-22 00:00:00.000 +0200,37.05,37.464,37.001,37.413,82039540
2017-08-23 00:00:00.000 +0200,37.246,37.574,37.202,37.462,72437324
2017-08-24 00:00:00.000 +0200,37.565,37.637,37.125,37.303,75726147
2017-08-25 00:00:00.000 +0200,37.382,37.595,37.293,37.431,78239574
2017-08-28 00:00:00.000 +0200,37.497,37.932,37.448,37.808,98525181
2017-08-29 00:00:00.000 +0200,37.506,38.195,37.464,38.148,115215142
2017-08-30 00:00:00.000 +0200,38.335,38.375,38.075,38.244,104009114
2017-08-31 00:00:00.000 +0200,38.316,38.523,38.279,38.394,103713122
2017-09-01 00:00:00.000 +0200,38.588,38.621,38.314,38.41,64390557
2017-09-05 00:00:00.000 +0200,38.326,38.459,37.595,37.951,114906670
2017-09-06 00:00:00.000 +0200,38.099,38.164,37.586,37.914,82256941
2017-09-07 00:00:00.000 +0200,37.956,37.989,37.548,37.762,84162065
2017-09-08 00:00:00.000 +0200,37.675,37.733,37.12,37.143,112539832
2017-09-11 00:00:00.000 +0200,37.581,37.944,37.438,37.813,121154992
2017-09-12 00:00:00.000 +0200,38.075,38.391,37.176,37.663,279973427
2017-09-13 00:00:00.000 +0200,37.434,37.455,36.975,37.375,174698456
2017-09-14 00:00:00.000 +0200,37.228,37.324,37.017,37.059,87800473
2017-09-15 00:00:00.000 +0200,37.106,37.691,36.996,37.436,191457798
2017-09-18 00:00:00.000 +0200,37.49,37.581,36.995,37.146,109955185
2017-09-19 00:00:00.000 +0200,37.349,37.41,37.099,37.164,79689615
2017-09-20 00:00:00.000 +0200,36.996,37.057,36.019,36.539,196762876
2017-09-21 00:00:00.000 +0200,36.481,36.481,35.762,35.916,144123638
2017-09-22 00:00:00.000 +0200,35.61,35.654,35.254,35.535,179868646
2017-09-25 00:00:00.000 +0200,35.118,35.551,34.926,35.254,171231311
2017-09-26 00:00:00.000 +0200,35.542,36.041,35.518,35.877,135057283
2017-09-27 00:00:00.000 +0200,36.013,36.228,35.952,36.106,98428595
2017-09-28 00:00:00.000 +0200,36.019,36.125,35.755,35.886,85092235
2017-09-29 00:00:00.000 +0200,35.879,36.09,35.591,36.059,101752620
2017-10-02 00:00:00.000 +0200,36.12,36.165,35.76,36.015,71915740
2017-10-03 00:00:00.000 +0200,36.043,36.314,36.038,36.169,62652445
2017-10-04 00:00:00.000 +0200,35.973,36.026,35.699,35.935,77549916
2017-10-05 00:00:00.000 +0200,36.101,36.396,36.071,36.387,81277024
2017-10-06 00:00:00.000 +0200,36.286,36.408,36.19,36.361,63601674
2017-10-09 00:00:00.000 +0200,36.485,36.698,36.407,36.485,61343389
2017-10-10 00:00:00.000 +0200,36.528,36.996,36.317,36.504,60388247
2017-10-11 00:00:00.000 +0200,36.521,36.757,36.469,36.654,65454622
2017-10-12 00:00:00.000 +0200,36.626,36.848,36.464,36.53,63719203
2017-10-13 00:00:00.000 +0200,36.701,36.827,36.624,36.764,62447660
2017-10-16 00:00:00.000 +0200,36.972,37.464,36.914,37.434,93841697
2017-10-17 00:00:00.000 +0200,37.406,37.668,37.284,37.574,73937842
2017-10-18 00:00:00.000 +0200,37.57,37.63,37.37,37.41,63038121
2017-10-19 00:00:00.000 +0200,36.703,36.78,36.298,36.523,164963024
2017-10-20 00:00:00.000 +0200,36.741,36.937,36.518,36.586,93784341
2017-10-23 00:00:00.000 +0200,36.736,36.923,36.41,36.574,81657670
2017-10-24 00:00:00.000 +0200,36.593,36.86,36.574,36.783,66557267
2017-10-25 00:00:00.000 +0200,36.741,36.89,36.357,36.624,78581117
2017-10-26 00:00:00.000 +0200,36.82,36.956,36.71,36.86,66496749
2017-10-27 00:00:00.000 +0200,37.3,38.307,37.16,38.174,174160897
2017-10-30 00:00:00.000 +0200,38.366,39.354,38.335,39.038,166810595
2017-10-31 00:00:00.000 +0200,39.314,39.724,39.089,39.583,140044477
2017-11-01 00:00:00.000 +0200,39.775,39.792,38.778,39.073,129269014
2017-11-02 00:00:00.000 +0200,39.239,39.454,38.7,39.354,159646187
2017-11-03 00:00:00.000 +0200,40.742,40.803,40.068,40.386,230634881
2017-11-06 00:00:00.000 +0200,40.356,40.974,40.208,40.817,136303516
2017-11-07 00:00:00.000 +0200,40.721,41.035,40.649,40.927,93266132
2017-11-08 00:00:00.000 +0200,40.901,41.267,40.82,41.267,92398088
2017-11-09 00:00:00.000 +0200,41.043,41.234,40.542,41.181,109322549
2017-11-10 00:00:00.000 +0200,41.15,41.213,40.952,41.044,92175224
2017-11-13 00:00:00.000 +0200,40.771,41.006,40.748,40.884,63603811
2017-11-14 00:00:00.000 +0200,40.663,40.767,40.226,40.264,91246809
2017-11-15 00:00:00.000 +0200,39.951,40.024,39.568,39.735,110633027
2017-11-16 00:00:00.000 +0200,40.226,40.388,40.019,40.207,84805863
2017-11-17 00:00:00.000 +0200,40.193,40.275,39.864,39.975,80375520
2017-11-20 00:00:00.000 +0200,40.017,40.08,39.845,39.946,62252861
2017-11-21 00:00:00.000 +0200,40.132,40.818,40.132,40.684,90122847
2017-11-22 00:00:00.000 +0200,40.757,41.124,40.665,41.11,96323425
2017-11-24 00:00:00.000 +0200,41.147,41.241,41.041,41.114,44849099
2017-11-27 00:00:00.000 +0200,41.131,41.143,40.729,40.903,78596508
2017-11-28 00:00:00.000 +0200,40.947,41.093,40.386,40.654,94107972
2017-11-29 00:00:00.000 +0200,40.567,40.635,39.281,39.829,155971429
2017-11-30 00:00:00.000 +0200,40.05,40.452,39.582,40.36,131203845
2017-12-01 00:00:00.000 +0200,39.925,40.341,39.596,40.184,142673970
2017-12-04 00:00:00.000 +0200,40.529,40.564,39.862,39.892,123936433
2017-12-05 00:00:00.000 +0200,39.791,40.306,39.573,39.867,100414020
2017-12-06 00:00:00.000 +0200,39.36,39.996,39.116,39.724,103668932
2017-12-07 00:00:00.000 +0200,39.721,40.052,39.693,39.791,95770409
2017-12-08 00:00:00.000 +0200,40.064,40.184,39.671,39.798,90764322
2017-12-11 00:00:00.000 +0200,39.754,40.628,39.664,40.574,134310729
2017-12-12 00:00:00.000 +0200,40.454,40.51,40.292,40.355,72490249
2017-12-13 00:00:00.000 +0200,40.567,40.781,40.419,40.492,88564243
2017-12-14 00:00:00.000 +0200,40.52,40.684,40.336,40.47,77271810
2017-12-15 00:00:00.000 +0200,40.609,40.929,40.527,40.861,152460899
2017-12-18 00:00:00.000 +0200,41.105,41.641,41.091,41.46,114032591
2017-12-19 00:00:00.000 +0200,41.131,41.215,40.91,41.013,100613761
2017-12-20 00:00:00.000 +0200,41.096,41.222,40.712,40.973,88749226
2017-12-21 00:00:00.000 +0200,40.929,41.363,40.912,41.126,81732108
2017-12-22 00:00:00.000 +0200,41.055,41.222,41.005,41.135,61403531
2017-12-26 00:00:00.000 +0200,40.104,40.294,39.873,40.083,128122781
2017-12-27 00:00:00.000 +0200,39.972,40.132,39.881,40.085,81587550
2017-12-28 00:00:00.000 +0200,40.184,40.383,40.062,40.2,63390511
2017-12-29 00:00:00.000 +0200,40.087,40.087,39.738,39.756,99878920
2018-01-02 00:00:00.000 +0200,39.986,40.489,39.775,40.48,98048530
2018-01-03 00:00:00.000 +0200,40.541,41.018,40.409,40.461,109134876
2018-01-04 00:00:00.000 +0200,40.546,40.764,40.438,40.658,85848187
2018-01-05 00:00:00.000 +0200,40.757,41.211,40.665,41.114,90120105
2018-01-08 00:00:00.000 +0200,40.962,41.267,40.872,40.969,77481619
2018-01-09 00:00:00.000 +0200,41.018,41.138,40.75,40.966,80401085
2018-01-10 00:00:00.000 +0200,40.691,40.959,40.654,40.946,89886914
2018-01-11 00:00:00.000 +0200,41.028,41.239,41.004,41.187,72113855
2018-01-12 00:00:00.000 +0200,41.401,41.678,41.276,41.594,86990153
2018-01-16 00:00:00.000 +0200,41.808,42.155,41.392,41.406,114223208
2018-01-17 00:00:00.000 +0200,41.394,42.122,41.14,42.087,132220956
2018-01-18 00:00:00.000 +0200,42.151,42.322,41.887,42.127,119356203
2018-01-19 00:00:00.000 +0200,41.951,42.2,41.69,41.934,121922281
2018-01-22 00:00:00.000 +0200,41.664,41.777,41.5,41.596,102532002
2018-01-23 00:00:00.000 +0200,41.664,42.167,41.551,41.584,124867287
2018-01-24 00:00:00.000 +0200,41.652,41.664,40.701,40.94,196280922
2018-01-25 00:00:00.000 +0200,40.955,41.112,40.073,40.207,156322126
2018-01-26 00:00:00.000 +0200,40.419,40.419,39.963,40.289,152259536
2018-01-29 00:00:00.000 +0200,39.986,39.986,39.26,39.469,179647893
2018-01-30 00:00:00.000 +0200,38.904,39.331,38.703,39.234,174045522
2018-01-31 00:00:00.000 +0200,39.213,39.582,39.126,39.354,121167246
2018-02-01 00:00:00.000 +0200,39.283,39.624,39.187,39.408,176892065
2018-02-02 00:00:00.000 +0200,39.119,39.197,37.622,37.695,329864024
2018-02-05 00:00:00.000 +0200,37.39,38.511,36.659,36.774,276129218
2018-02-06 00:00:00.000 +0200,36.403,38.473,36.189,38.318,253480278
2018-02-07 00:00:00.000 +0200,38.324,38.398,37.38,37.486,188275786
2018-02-08 00:00:00.000 +0200,37.669,37.834,36.431,36.461,202717531
2018-02-09 00:00:00.000 +0200,36.966,37.254,35.449,36.86,247038727
2018-02-12 00:00:00.000 +0200,37.393,38.67,37.165,38.401,215798022
2018-02-13 00:00:00.000 +0200,38.212,38.873,38.141,38.777,117708645
2018-02-14 00:00:00.000 +0200,38.476,39.531,38.432,39.489,149287892
2018-02-15 00:00:00.000 +0200,40.062,40.841,39.876,40.819,197607753
2018-02-16 00:00:00.000 +0200,40.668,41.249,40.529,40.69,153989628
2018-02-20 00:00:00.000 +0200,40.6,41.117,40.447,40.548,131153309
2018-02-21 00:00:00.000 +0200,40.779,41.084,40.35,40.35,142640046
2018-02-22 00:00:00.000 +0200,40.548,41.044,40.515,40.727,119684257
2018-02-23 00:00:00.000 +0200,40.978,41.445,40.947,41.424,129452956
2018-02-26 00:00:00.000 +0200,41.61,42.327,41.577,42.23,144560451
2018-02-27 00:00:00.000 +0200,42.259,42.584,42.037,42.079,149512975
2018-02-28 00:00:00.000 +0200,42.314,42.617,42.012,42.031,135189783
2018-03-01 00:00:00.000 +0200,42.13,42.419,40.74,41.281,185955971
2018-03-02 00:00:00.000 +0200,40.772,41.598,40.69,41.593,148674864
2018-03-05 00:00:00.000 +0200,41.324,41.938,41.178,41.723,106471753
2018-03-06 00:00:00.000 +0200,41.976,42.058,41.558,41.688,91612358
2018-03-07 00:00:00.000 +0200,41.327,41.492,41.119,41.296,119968507
2018-03-08 00:00:00.000 +0200,41.405,41.792,41.308,41.751,89296046
2018-03-09 00:00:00.000 +0200,41.99,42.471,41.855,42.462,120319050
2018-03-12 00:00:00.000 +0200,42.542,43.035,42.521,42.879,125405077
2018-03-13 00:00:00.000 +0200,43.078,43.297,42.292,42.459,121750023
2018-03-14 00:00:00.000 +0200,42.547,42.594,41.954,42.114,113173155
2018-03-15 00:00:00.000 +0200,42.117,42.528,42.016,42.153,86602607
2018-03-16 00:00:00.000 +0200,42.143,42.263,41.91,41.973,142992235
2018-03-19 00:00:00.000 +0200,41.851,41.874,40.975,41.367,124645491
2018-03-20 00:00:00.000 +0200,41.357,41.716,41.277,41.35,74394433
2018-03-21 00:00:00.000 +0200,41.294,41.313,40.409,40.411,139923700
2018-03-22 00:00:00.000 +0200,40.123,40.744,39.781,39.817,159409035
2018-03-23 00:00:00.000 +0200,39.767,40.093,38.918,38.922,151839022
2018-03-26 00:00:00.000 +0200,39.656,40.843,39.272,40.763,137252364
2018-03-27 00:00:00.000 +0200,40.982,41.327,39.385,39.722,155909364
2018-03-28 00:00:00.000 +0200,39.437,40.116,38.977,39.281,149339759
2018-03-29 00:00:00.000 +0200,39.647,40.525,39.38,39.618,138920126
2018-04-02 00:00:00.000 +0200,39.611,39.862,38.807,39.328,142505144
2018-04-03 00:00:00.000 +0200,39.561,39.817,38.905,39.733,111232474
2018-04-04 00:00:00.000 +0200,38.904,40.586,38.878,40.484,128300442
2018-04-05 00:00:00.000 +0200,40.72,41.11,40.602,40.767,102146299
2018-04-06 00:00:00.000 +0200,40.322,40.697,39.687,39.722,128817607
2018-04-09 00:00:00.000 +0200,40.067,40.841,40.067,40.126,109640625
2018-04-10 00:00:00.000 +0200,40.819,41.055,40.473,40.878,110442771
2018-04-11 00:00:00.000 +0200,40.637,41.037,40.512,40.687,83235091
2018-04-12 00:00:00.000 +0200,40.914,41.291,40.829,41.093,88248956
2018-04-13 00:00:00.000 +0200,41.235,41.49,41.02,41.228,89558948
2018-04-16 00:00:00.000 +0200,41.32,41.572,41.251,41.485,82271811
2018-04-17 00:00:00.000 +0200,41.627,42.221,41.625,42.057,94305180
2018-04-18 00:00:00.000 +0200,41.947,42.193,41.735,41.961,78758051
2018-04-19 00:00:00.000 +0200,41.277,41.383,40.739,40.772,135343587
2018-04-20 00:00:00.000 +0200,40.252,40.399,39.034,39.102,244053691
2018-04-23 00:00:00.000 +0200,39.359,39.385,38.717,38.991,140924283
2018-04-24 00:00:00.000 +0200,39.09,39.246,38.04,38.446,127153522
2018-04-25 00:00:00.000 +0200,38.37,39.031,38.321,38.642,108388691
2018-04-26 00:00:00.000 +0200,38.724,39.104,38.547,38.748,104946626
2018-04-27 00:00:00.000 +0200,38.696,38.774,37.901,38.302,136993482
2018-04-30 00:00:00.000 +0200,38.25,39.465,38.186,38.993,153104441
2018-05-01 00:00:00.000 +0200,39.265,39.923,38.996,39.876,200813669
2018-05-02 00:00:00.000 +0200,41.35,41.94,41.008,41.674,250701474
2018-05-03 00:00:00.000 +0200,41.499,41.881,41.16,41.737,129034869
2018-05-04 00:00:00.000 +0200,42.058,43.474,42.039,43.375,216564771
2018-05-07 00:00:00.000 +0200,43.693,44.281,43.592,43.682,163587634
2018-05-08 00:00:00.000 +0200,43.649,43.939,43.336,43.896,107395528
2018-05-09 00:00:00.000 +0200,44.024,44.217,43.703,44.205,88452474
2018-05-10 00:00:00.000 +0200,44.297,44.918,44.276,44.838,105386720
2018-05-11 00:00:00.000 +0200,44.883,45.018,44.4,44.67,93160931
2018-05-14 00:00:00.000 +0200,44.769,44.892,44.497,44.57,76921514
2018-05-15 00:00:00.000 +0200,44.248,44.31,43.843,44.16,88405641
2018-05-16 00:00:00.000 +0200,44.08,44.639,44.056,44.575,72452240
2018-05-17 00:00:00.000 +0200,44.53,44.745,44.141,44.291,64270558
2018-05-18 00:00:00.000 +0200,44.338,44.485,44.087,44.125,67770762
2018-05-21 00:00:00.000 +0200,44.53,44.831,44.272,44.437,68977948
2018-05-22 00:00:00.000 +0200,44.646,44.738,44.241,44.366,55834005
2018-05-23 00:00:00.000 +0200,44.139,44.648,43.999,44.636,73663602
2018-05-24 00:00:00.000 +0200,44.712,44.729,44.106,44.58,70767240
2018-05-25 00:00:00.000 +0200,44.584,44.921,44.447,44.667,65267005
2018-05-29 00:00:00.000 +0200,44.435,44.707,44.262,44.497,85080320
2018-05-30 00:00:00.000 +0200,44.445,44.53,44.241,44.411,66800465
2018-05-31 00:00:00.000 +0200,44.352,44.584,44.089,44.265,99348499
2018-06-01 00:00:00.000 +0200,44.528,45.065,44.471,45.058,88674508
2018-06-04 00:00:00.000 +0200,45.382,45.814,45.323,45.432,97532962
2018-06-05 00:00:00.000 +0200,45.695,45.937,45.563,45.788,81032434
2018-06-06 00:00:00.000 +0200,45.854,45.97,45.458,45.963,77959698
2018-06-07 00:00:00.000 +0200,45.984,45.998,45.557,45.828,81959420
2018-06-08 00:00:00.000 +0200,45.269,45.477,44.949,45.354,101721494
2018-06-11 00:00:00.000 +0200,45.321,45.47,45.053,45.302,68477860
2018-06-12 00:00:00.000 +0200,45.331,45.622,45.276,45.536,62879924
2018-06-13 00:00:00.000 +0200,45.577,45.686,45.108,45.172,78224885
2018-06-14 00:00:00.000 +0200,45.371,45.375,45.056,45.195,77831694
2018-06-15 00:00:00.000 +0200,45.013,45.041,44.591,44.748,217815989
2018-06-18 00:00:00.000 +0200,44.499,44.819,44.34,44.71,67314904
2018-06-19 00:00:00.000 +0200,43.881,44.134,43.452,44.002,119259207
2018-06-20 00:00:00.000 +0200,44.148,44.34,43.992,44.174,78564776
2018-06-21 00:00:00.000 +0200,44.343,44.613,43.805,43.931,80882979
2018-06-22 00:00:00.000 +0200,44.035,44.092,43.748,43.8,83258134
2018-06-25 00:00:00.000 +0200,43.44,43.8,42.808,43.151,112415711
2018-06-26 00:00:00.000 +0200,43.319,44.182,43.237,43.687,91434654
2018-06-27 00:00:00.000 +0200,43.873,44.359,43.589,43.621,94280952
2018-06-28 00:00:00.000 +0200,43.604,44.106,43.535,43.94,64203054
2018-06-29 00:00:00.000 +0200,44.125,44.338,43.324,43.324,83892016
2018-07-02 00:00:00.000 +0200,43.552,44.364,43.445,44.328,64894132
2018-07-03 00:00:00.000 +0200,44.454,44.518,43.473,43.497,52882006
2018-07-05 00:00:00.000 +0200,43.864,44.153,43.649,43.909,61704967
2018-07-06 00:00:00.000 +0200,43.946,44.632,43.866,44.524,65459536
2018-07-09 00:00:00.000 +0200,44.885,45.165,44.838,45.148,73916916
2018-07-10 00:00:00.000 +0200,45.141,45.307,45.046,45.086,56800919
2018-07-11 00:00:00.000 +0200,44.648,44.951,44.437,44.513,70156708
2018-07-12 00:00:00.000 +0200,44.892,45.337,44.84,45.25,67863874
2018-07-13 00:00:00.000 +0200,45.247,45.439,45.217,45.319,47207746
2018-07-16 00:00:00.000 +0200,45.364,45.631,45.102,45.221,56261789
2018-07-17 00:00:00.000 +0200,44.944,45.446,44.814,45.352,57441730
2018-07-18 00:00:00.000 +0200,45.425,45.43,44.987,45.098,57143342
2018-07-19 00:00:00.000 +0200,44.932,45.608,44.93,45.47,72512549
2018-07-20 00:00:00.000 +0200,45.42,45.579,45.044,45.399,76033058
2018-07-23 00:00:00.000 +0200,45.162,45.468,44.899,45.382,60407710
2018-07-24 00:00:00.000 +0200,45.584,45.87,45.489,45.712,68825524
2018-07-25 00:00:00.000 +0200,45.728,46.152,45.579,46.145,63149096
2018-07-26 00:00:00.000 +0200,46.095,46.415,45.859,46.005,71286953
2018-07-27 00:00:00.000 +0200,46.174,46.233,45.027,45.236,86001870
2018-07-30 00:00:00.000 +0200,45.472,45.525,44.783,44.989,76834761
2018-07-31 00:00:00.000 +0200,45.084,45.51,44.847,45.141,142745276
2018-08-01 00:00:00.000 +0200,47.166,47.789,46.735,47.756,256993699
2018-08-02 00:00:00.000 +0200,47.517,49.357,47.455,49.12,234880159
2018-08-03 00:00:00.000 +0200,49.037,49.442,48.67,49.262,120849176
2018-08-06 00:00:00.000 +0200,49.25,49.563,49.047,49.518,94827665
2018-08-07 00:00:00.000 +0200,49.575,49.622,48.973,49.056,95287625
2018-08-08 00:00:00.000 +0200,48.815,49.222,48.443,49.089,80172255
2018-08-09 00:00:00.000 +0200,49.096,49.689,49.078,49.478,86182549
2018-08-10 00:00:00.000 +0200,49.288,49.701,49.124,49.333,84475169
2018-08-13 00:00:00.000 +0200,49.368,50.141,49.368,49.644,96721667
2018-08-14 00:00:00.000 +0200,49.952,50.048,49.502,49.858,68755886
2018-08-15 00:00:00.000 +0200,49.725,50.091,49.518,49.986,104506890
2018-08-16 00:00:00.000 +0200,50.319,50.821,50.264,50.742,102119899
2018-08-17 00:00:00.000 +0200,50.733,51.805,50.666,51.724,127907044
2018-08-20 00:00:00.000 +0200,51.833,52.097,51.13,51.211,109300147
2018-08-21 00:00:00.000 +0200,51.531,51.624,50.872,51.118,95043109
2018-08-22 00:00:00.000 +0200,50.89,51.427,50.828,51.118,70096939
2018-08-23 00:00:00.000 +0200,51.037,51.591,51.009,51.241,69192438
2018-08-24 00:00:00.000 +0200,51.484,51.555,51.13,51.375,65249454
2018-08-27 00:00:00.000 +0200,51.615,51.993,51.42,51.814,74733111
2018-08-28 00:00:00.000 +0200,52.057,52.42,52.035,52.223,83745372
2018-08-29 00:00:00.000 +0200,52.352,53.122,52.152,53.0,100889169
2018-08-30 00:00:00.000 +0200,53.065,54.255,52.863,53.497,177685603
2018-08-31 00:00:00.000 +0200,53.839,54.4,53.768,54.077,155473166
2018-09-04 00:00:00.000 +0200,54.31,54.474,53.868,54.279,97422330
2018-09-05 00:00:00.000 +0200,54.429,54.591,53.504,53.925,120039169
2018-09-06 00:00:00.000 +0200,53.773,54.039,52.601,53.034,123851702
2018-09-07 00:00:00.000 +0200,52.732,53.568,52.461,52.63,136433354
2018-09-10 00:00:00.000 +0200,52.52,52.732,51.453,51.898,140456537
2018-09-11 00:00:00.000 +0200,51.803,53.314,51.475,53.21,126897099
2018-09-12 00:00:00.000 +0200,53.466,53.481,52.254,52.544,176686320
2018-09-13 00:00:00.000 +0200,53.129,54.277,52.903,53.813,150119905
2018-09-14 00:00:00.000 +0200,53.659,53.918,52.892,53.157,111459525
2018-09-17 00:00:00.000 +0200,52.803,52.993,51.643,51.791,132134854
2018-09-18 00:00:00.000 +0200,51.776,52.732,51.608,51.874,113080516
2018-09-19 00:00:00.000 +0200,51.936,52.202,51.175,51.898,97303099
2018-09-20 00:00:00.000 +0200,52.368,52.834,52.09,52.302,97111492
2018-09-21 00:00:00.000 +0200,52.428,52.615,51.648,51.735,325938190
2018-09-24 00:00:00.000 +0200,51.572,52.592,51.491,52.48,97935186
2018-09-25 00:00:00.000 +0200,52.233,52.962,52.221,52.813,84028375
2018-09-26 00:00:00.000 +0200,52.53,53.183,52.235,52.413,85906665
2018-09-27 00:00:00.000 +0200,53.193,53.823,53.134,53.502,107353634
2018-09-28 00:00:00.000 +0200,53.431,53.68,53.248,53.661,78900331
2018-10-01 00:00:00.000 +0200,54.179,54.531,53.801,54.02,76214641
2018-10-02 00:00:00.000 +0200,54.03,54.669,53.868,54.5,87023909
2018-10-03 00:00:00.000 +0200,54.681,55.494,54.617,55.168,102457096
2018-10-04 00:00:00.000 +0200,54.895,55.228,53.892,54.191,111753929
2018-10-05 00:00:00.000 +0200,54.184,54.291,52.43,53.305,118374291
2018-10-08 00:00:00.000 +0200,52.901,53.433,52.34,53.186,101040114
2018-10-09 00:00:00.000 +0200,53.155,54.02,52.826,53.925,89994865
2018-10-10 00:00:00.000 +0200,53.568,53.801,51.353,51.434,145191295
2018-10-11 00:00:00.000 +0200,50.99,52.173,50.467,50.973,182061493
2018-10-12 00:00:00.000 +0200,52.423,52.977,51.541,52.794,139024070
2018-10-15 00:00:00.000 +0200,52.568,52.727,51.643,51.646,107807387
2018-10-16 00:00:00.000 +0200,52.047,53.003,51.523,52.798,102435719
2018-10-17 00:00:00.000 +0200,52.839,52.92,52.135,52.577,78253530
2018-10-18 00:00:00.000 +0200,51.783,52.23,50.628,51.37,110312300
2018-10-19 00:00:00.000 +0200,52.092,52.592,51.681,52.126,113469553
2018-10-22 00:00:00.000 +0200,52.256,53.091,52.033,52.432,103313237
2018-10-23 00:00:00.000 +0200,51.294,53.065,51.032,52.949,135868112
2018-10-24 00:00:00.000 +0200,52.891,53.298,50.994,51.123,141656086
2018-10-25 00:00:00.000 +0200,51.745,52.62,51.52,52.256,102458148
2018-10-26 00:00:00.000 +0200,51.256,52.337,50.55,51.348,168653230
2018-10-29 00:00:00.000 +0200,52.115,52.218,48.986,50.521,167807045
2018-10-30 00:00:00.000 +0200,50.189,51.146,49.742,50.707,130137351
2018-10-31 00:00:00.000 +0200,51.548,52.399,51.489,52.004,140249833
2018-11-01 00:00:00.000 +0200,52.071,52.853,51.534,52.782,209412862
2018-11-02 00:00:00.000 +0200,49.808,50.783,48.829,49.314,327464429
2018-11-05 00:00:00.000 +0200,48.56,48.582,47.103,47.916,236421448
2018-11-06 00:00:00.000 +0200,47.995,48.66,47.94,48.437,115590870
2018-11-07 00:00:00.000 +0200,48.938,49.929,48.52,49.906,122408301
2018-11-08 00:00:00.000 +0200,50.075,50.118,49.314,49.729,91104265
2018-11-09 00:00:00.000 +0200,49.028,49.138,48.241,48.77,123432802
2018-11-12 00:00:00.000 +0200,47.442,47.668,46.223,46.321,185276127
2018-11-13 00:00:00.000 +0200,45.729,47.032,45.665,45.851,162285819
2018-11-14 00:00:00.000 +0200,46.228,46.387,44.348,44.556,219457413
2018-11-15 00:00:00.000 +0200,44.935,45.789,44.58,45.655,166382251
2018-11-16 00:00:00.000 +0200,45.417,46.504,45.19,46.161,134959354
2018-11-19 00:00:00.000 +0200,45.317,45.486,44.124,44.329,153115500
2018-11-20 00:00:00.000 +0200,42.545,43.284,41.863,42.204,247175551
2018-11-21 00:00:00.000 +0200,42.874,42.998,42.111,42.161,115334772
2018-11-23 00:00:00.000 +0200,41.718,42.123,41.051,41.096,86092405
2018-11-26 00:00:00.000 +0200,41.56,41.729,40.611,41.65,170033277
2018-11-27 00:00:00.000 +0200,40.897,41.686,40.758,41.562,150786826
2018-11-28 00:00:00.000 +0200,42.154,43.241,41.724,43.165,170949251
2018-11-29 00:00:00.000 +0200,43.561,43.602,42.385,42.826,140981875
2018-11-30 00:00:00.000 +0200,43.003,43.012,42.225,42.6,134473770
2018-12-03 00:00:00.000 +0200,43.981,44.112,43.222,44.11,151352575
2018-12-04 00:00:00.000 +0200,43.16,43.504,42.044,42.149,151967850
2018-12-06 00:00:00.000 +0200,40.985,41.689,40.649,41.684,156604404
2018-12-07 00:00:00.000 +0200,41.386,41.619,40.143,40.164,157553515
2018-12-10 00:00:00.000 +0200,39.349,40.57,38.958,40.455,234081384
2018-12-11 00:00:00.000 +0200,40.947,40.975,39.833,40.222,170433713
2018-12-12 00:00:00.000 +0200,40.642,41.006,40.315,40.331,128365736
2018-12-13 00:00:00.000 +0200,40.665,41.162,40.441,40.749,120215593
2018-12-14 00:00:00.000 +0200,40.31,40.329,39.423,39.451,154840509
2018-12-17 00:00:00.000 +0200,39.463,40.155,38.814,39.167,161815278
2018-12-18 00:00:00.000 +0200,39.442,39.959,39.21,39.568,127727622
2018-12-19 00:00:00.000 +0200,39.594,39.94,37.946,38.345,180825648
2018-12-20 00:00:00.000 +0200,38.249,38.667,37.042,37.424,244205916
2018-12-21 00:00:00.000 +0200,37.414,37.724,35.69,35.959,348386280
2018-12-24 00:00:00.000 +0200,35.337,36.148,34.967,34.967,138391276
2018-12-26 00:00:00.000 +0200,35.373,37.503,34.996,37.488,216373950
2018-12-27 00:00:00.000 +0200,37.171,37.393,35.795,37.336,201223531
2018-12-28 00:00:00.000 +0200,37.562,37.81,36.863,37.264,154269147
2018-12-31 00:00:00.000 +0200,37.806,38.011,37.324,37.672,129654651
2019-01-02 00:00:00.000 +0200,36.944,37.889,36.787,37.667,139201440
2019-01-03 00:00:00.000 +0200,34.335,34.757,33.87,33.89,334017405
2019-01-04 00:00:00.000 +0200,34.485,35.432,34.299,35.363,213465093
2019-01-07 00:00:00.000 +0200,35.454,35.499,34.8,35.275,204048374
2019-01-08 00:00:00.000 +0200,35.621,36.212,35.425,35.962,148950582
2019-01-09 00:00:00.000 +0200,36.055,36.859,35.69,36.568,169694758
2019-01-10 00:00:00.000 +0200,36.374,36.725,35.983,36.684,120166591
2019-01-11 00:00:00.000 +0200,36.448,36.661,36.138,36.322,102374514
2019-01-14 00:00:00.000 +0200,35.981,36.081,35.592,35.776,120576851
2019-01-15 00:00:00.000 +0200,35.843,36.587,35.79,36.506,96535043
2019-01-16 00:00:00.000 +0200,36.494,37.181,36.494,36.952,110828149
2019-01-17 00:00:00.000 +0200,36.785,37.605,36.556,37.176,112212599
2019-01-18 00:00:00.000 +0200,37.572,37.658,37.205,37.405,123281815
2019-01-22 00:00:00.000 +0200,37.307,37.383,36.403,36.658,110872100
2019-01-23 00:00:00.000 +0200,36.768,37.004,36.184,36.725,86252280
2019-01-24 00:00:00.000 +0200,36.763,36.847,36.193,36.424,97209424
2019-01-25 00:00:00.000 +0200,37.037,37.717,36.809,37.619,125171359
2019-01-28 00:00:00.000 +0200,37.097,37.288,36.651,37.281,97959385
2019-01-29 00:00:00.000 +0200,37.269,37.717,36.758,36.884,154454364
2019-01-30 00:00:00.000 +0200,38.939,39.63,38.218,39.413,231110377
2019-01-31 00:00:00.000 +0200,39.623,40.31,39.251,39.659,148120438
2019-02-01 00:00:00.000 +0200,39.816,40.305,39.578,39.721,124916969
2019-02-04 00:00:00.000 +0200,39.949,40.944,39.901,40.853,118218598
2019-02-05 00:00:00.000 +0200,41.231,41.76,41.109,41.526,136328892
2019-02-06 00:00:00.000 +0200,41.67,41.877,41.229,41.569,101383983
2019-02-07 00:00:00.000 +0200,41.114,41.488,40.63,40.785,113428833
2019-02-08 00:00:00.000 +0200,40.464,40.881,40.344,40.842,88932176
2019-02-11 00:00:00.000 +0200,40.974,41.012,40.543,40.591,74166570
2019-02-12 00:00:00.000 +0200,40.754,40.962,40.651,40.936,79165498
2019-02-13 00:00:00.000 +0200,41.065,41.316,40.703,40.763,80478231
2019-02-14 00:00:00.000 +0200,40.653,41.024,40.574,40.911,79438409
2019-02-15 00:00:00.000 +0200,41.015,41.13,40.663,40.813,91616826
2019-02-19 00:00:00.000 +0200,40.655,41.067,40.586,40.948,67136984
2019-02-20 00:00:00.000 +0200,41.007,41.518,40.96,41.223,86946913
2019-02-21 00:00:00.000 +0200,41.154,41.29,40.794,40.995,63555918
2019-02-22 00:00:00.000 +0200,41.106,41.441,41.053,41.434,69157993
2019-02-25 00:00:00.000 +0200,41.719,42.129,41.669,41.743,81457908
2019-02-26 00:00:00.000 +0200,41.611,41.992,41.483,41.764,64526225
2019-02-27 00:00:00.000 +0200,41.503,41.92,41.376,41.891,73071469
2019-02-28 00:00:00.000 +0200,41.757,41.899,41.422,41.489,95354967
2019-03-01 00:00:00.000 +0200,41.748,41.956,41.415,41.913,94058921
2019-03-04 00:00:00.000 +0200,42.081,42.579,41.673,42.126,102645515
2019-03-05 00:00:00.000 +0200,42.141,42.16,41.81,42.042,73141797
2019-03-06 00:00:00.000 +0200,41.841,42.038,41.666,41.803,76573299
2019-03-07 00:00:00.000 +0200,41.649,41.786,41.206,41.314,94168563
2019-03-08 00:00:00.000 +0200,40.792,41.458,40.603,41.422,91431651
2019-03-11 00:00:00.000 +0200,42.038,42.907,42.004,42.874,114228694
2019-03-12 00:00:00.000 +0200,43.101,43.757,42.967,43.343,122535575
2019-03-13 00:00:00.000 +0200,43.666,43.908,43.338,43.53,116894451
2019-03-14 00:00:00.000 +0200,44.052,44.1,43.731,44.011,88854257
2019-03-15 00:00:00.000 +0200,44.263,44.874,44.014,44.605,145377204
2019-03-18 00:00:00.000 +0200,44.507,45.128,44.505,45.041,95611430
2019-03-19 00:00:00.000 +0200,45.092,45.271,44.536,44.684,120003174
2019-03-20 00:00:00.000 +0200,44.622,45.391,44.251,45.075,104946298
2019-03-21 00:00:00.000 +0200,45.535,47.03,45.468,46.723,191900726
2019-03-22 00:00:00.000 +0200,46.792,47.355,45.7,45.767,158129734
2019-03-25 00:00:00.000 +0200,45.906,45.988,44.699,45.219,163686586
2019-03-26 00:00:00.000 +0200,45.87,46.203,44.215,44.744,178793075
2019-03-27 00:00:00.000 +0200,45.214,45.456,44.687,45.147,112958798
2019-03-28 00:00:00.000 +0200,45.257,45.408,44.922,45.205,73518068
2019-03-29 00:00:00.000 +0200,45.501,45.532,45.164,45.499,87634620
2019-04-01 00:00:00.000 +0200,45.906,45.916,45.125,45.81,100312619
2019-04-02 00:00:00.000 +0200,45.774,46.582,45.765,46.481,82586366
2019-04-03 00:00:00.000 +0200,46.292,47.07,46.268,46.795,86165115
2019-04-04 00:00:00.000 +0200,46.661,47.039,46.265,46.883,68593339
2019-04-05 00:00:00.000 +0200,47.058,47.214,46.934,47.183,67569031
2019-04-08 00:00:00.000 +0200,47.051,47.964,47.032,47.928,96017981
2019-04-09 00:00:00.000 +0200,47.99,48.591,47.724,47.789,130376660
2019-04-10 00:00:00.000 +0200,47.593,48.086,47.473,48.067,80462731
2019-04-11 00:00:00.000 +0200,48.112,48.148,47.536,47.655,76698257
2019-04-12 00:00:00.000 +0200,47.724,47.942,47.001,47.64,104405827
2019-04-15 00:00:00.000 +0200,47.569,47.873,47.432,47.724,63919292
2019-04-16 00:00:00.000 +0200,47.779,48.237,47.564,47.729,95955915
2019-04-17 00:00:00.000 +0200,47.808,48.718,47.576,48.656,104730716
2019-04-18 00:00:00.000 +0200,48.656,48.903,48.512,48.833,85773731
2019-04-22 00:00:00.000 +0200,48.546,49.092,48.469,49.02,66501087
2019-04-23 00:00:00.000 +0200,48.97,49.765,48.843,49.708,84393834
2019-04-24 00:00:00.000 +0200,49.667,49.94,49.598,49.629,64937880
2019-04-25 00:00:00.000 +0200,49.547,49.768,49.135,49.164,65760767
2019-04-26 00:00:00.000 +0200,49.066,49.106,48.417,48.936,68561206
2019-04-29 00:00:00.000 +0200,48.963,49.339,48.833,49.013,69503713
2019-04-30 00:00:00.000 +0200,48.642,48.723,47.696,48.045,165682276
2019-05-01 00:00:00.000 +0200,50.275,51.576,50.12,50.429,233615134
2019-05-02 00:00:00.000 +0200,50.292,50.939,49.856,50.105,110733495
2019-05-03 00:00:00.000 +0200,50.486,50.745,50.359,50.731,74799416
2019-05-06 00:00:00.000 +0200,48.936,50.026,48.747,49.969,120233575
2019-05-07 00:00:00.000 +0200,49.33,49.686,48.107,48.594,141777625
2019-05-08 00:00:00.000 +0200,48.393,49.188,48.328,48.603,95617933
2019-05-09 00:00:00.000 +0200,48.019,48.311,47.109,48.081,127422808
2019-05-10 00:00:00.000 +0200,47.475,47.817,46.355,47.444,140175663
2019-05-13 00:00:00.000 +0200,45.133,45.564,43.969,44.659,207619918
2019-05-14 00:00:00.000 +0200,44.825,45.616,44.585,45.364,127107947
2019-05-15 00:00:00.000 +0200,44.799,46.109,44.732,45.91,94424306
2019-05-16 00:00:00.000 +0200,45.667,46.283,45.41,45.722,114991015
2019-05-17 00:00:00.000 +0200,44.982,45.905,44.909,45.443,111748032
2019-05-20 00:00:00.000 +0200,44.157,44.33,43.352,44.027,140683631
2019-05-21 00:00:00.000 +0200,44.539,45.208,44.414,44.869,99305388
2019-05-22 00:00:00.000 +0200,44.404,44.657,43.897,43.955,106088669
2019-05-23 00:00:00.000 +0200,43.248,43.414,42.757,43.205,134328028
2019-05-24 00:00:00.000 +0200,43.354,43.799,42.952,43.058,85971579
2019-05-28 00:00:00.000 +0200,43.024,43.426,42.781,42.844,99829681
2019-05-29 00:00:00.000 +0200,42.423,43.128,42.322,42.647,102518265
2019-05-30 00:00:00.000 +0200,42.801,43.099,42.483,42.863,74082723
2019-05-31 00:00:00.000 +0200,42.368,42.801,42.079,42.082,93200509
2019-06-03 00:00:00.000 +0200,42.221,42.784,40.944,41.668,145181610
2019-06-04 00:00:00.000 +0200,42.187,43.243,41.966,43.205,110694554
2019-06-05 00:00:00.000 +0200,44.306,44.484,43.558,43.895,108134966
2019-06-06 00:00:00.000 +0200,44.027,44.599,43.801,44.542,72073682
2019-06-07 00:00:00.000 +0200,44.871,46.15,44.671,45.722,111529733
2019-06-10 00:00:00.000 +0200,46.249,46.98,46.076,46.295,96672791
2019-06-11 00:00:00.000 +0200,46.852,47.131,46.554,46.845,98182190
2019-06-12 00:00:00.000 +0200,46.641,47.124,46.503,46.696,64474236
2019-06-13 00:00:00.000 +0200,46.819,47.321,46.554,46.828,75470544
2019-06-14 00:00:00.000 +0200,46.079,46.552,45.762,46.348,64578132
2019-06-17 00:00:00.000 +0200,46.386,46.881,46.21,46.638,50584958
2019-06-18 00:00:00.000 +0200,47.136,48.163,46.941,47.733,95360763
2019-06-19 00:00:00.000 +0200,48.016,48.064,47.446,47.579,75663008
2019-06-20 00:00:00.000 +0200,48.182,48.24,47.62,47.944,73513953
2019-06-21 00:00:00.000 +0200,47.723,48.298,47.648,47.805,153222114
2019-06-24 00:00:00.000 +0200,47.747,48.132,47.653,47.745,58752028
2019-06-25 00:00:00.000 +0200,47.757,47.915,46.961,47.028,67164422
2019-06-26 00:00:00.000 +0200,47.557,48.331,47.456,48.045,88655453
2019-06-27 00:00:00.000 +0200,48.163,48.471,47.99,48.028,68353943
2019-06-28 00:00:00.000 +0200,47.787,47.973,47.385,47.594,103735026
2019-07-01 00:00:00.000 +0200,48.882,49.173,48.25,48.497,91857506
2019-07-02 00:00:00.000 +0200,48.446,48.846,48.42,48.744,60393110
2019-07-03 00:00:00.000 +0200,48.882,49.161,48.74,49.154,39388981
2019-07-05 00:00:00.000 +0200,48.899,49.315,48.791,49.115,60910264
2019-07-08 00:00:00.000 +0200,48.319,48.43,47.711,48.096,86294263
2019-07-09 00:00:00.000 +0200,47.901,48.456,47.807,48.387,67399720
2019-07-10 00:00:00.000 +0200,48.55,48.99,48.468,48.865,62717069
2019-07-11 00:00:00.000 +0200,48.899,49.149,48.504,48.512,65534762
2019-07-12 00:00:00.000 +0200,48.702,49.055,48.622,48.872,61766065
2019-07-15 00:00:00.000 +0200,49.077,49.505,49.055,49.344,57713150
2019-07-16 00:00:00.000 +0200,49.233,49.562,48.935,49.173,54745767
2019-07-17 00:00:00.000 +0200,49.067,49.317,48.879,48.882,47300641
2019-07-18 00:00:00.000 +0200,49.055,49.507,48.983,49.454,61912174
2019-07-19 00:00:00.000 +0200,49.483,49.656,48.661,48.711,67178198
2019-07-22 00:00:00.000 +0200,48.971,49.832,48.961,49.829,78906488
2019-07-23 00:00:00.000 +0200,50.106,50.236,49.846,50.215,58216399
2019-07-24 00:00:00.000 +0200,49.938,50.293,49.817,50.178,52256419
2019-07-25 00:00:00.000 +0200,50.19,50.315,49.712,49.789,48449931
2019-07-26 00:00:00.000 +0200,49.873,50.433,49.81,49.957,59856900
2019-07-29 00:00:00.000 +0200,50.13,50.652,50.123,50.419,75597326
2019-07-30 00:00:00.000 +0200,50.2,50.536,49.851,50.23,116783878
2019-07-31 00:00:00.000 +0200,52.018,53.232,50.81,51.166,246307432
2019-08-01 00:00:00.000 +0200,51.416,52.429,49.715,50.127,192093281
2019-08-02 00:00:00.000 +0200,49.332,49.639,48.485,49.077,137902250
2019-08-05 00:00:00.000 +0200,47.588,47.769,46.309,46.463,183522038
2019-08-06 00:00:00.000 +0200,47.207,47.629,46.661,47.368,128793141
2019-08-07 00:00:00.000 +0200,47.009,47.987,46.607,47.886,119236773
2019-08-08 00:00:00.000 +0200,48.168,48.942,47.947,48.923,92089861
2019-08-09 00:00:00.000 +0200,48.59,48.942,48.105,48.5,87108935
2019-08-12 00:00:00.000 +0200,48.145,48.771,48.07,48.396,78955248
2019-08-13 00:00:00.000 +0200,48.522,51.206,48.476,50.444,169588352
2019-08-14 00:00:00.000 +0200,49.06,49.83,48.9,48.94,125500864
2019-08-15 00:00:00.000 +0200,49.111,49.517,48.196,48.696,99104337
2019-08-16 00:00:00.000 +0200,49.309,50.004,49.203,49.83,97204133
2019-08-19 00:00:00.000 +0200,50.856,51.349,50.696,50.772,88242406
2019-08-20 00:00:00.000 +0200,50.885,51.498,50.767,50.774,85496693
2019-08-21 00:00:00.000 +0200,51.411,51.571,51.077,51.329,76995092
2019-08-22 00:00:00.000 +0200,51.461,51.761,50.872,51.282,78990457
2019-08-23 00:00:00.000 +0200,50.542,51.185,48.517,48.911,164951324
2019-08-26 00:00:00.000 +0200,49.698,50.011,49.497,49.869,91929742
2019-08-27 00:00:00.000 +0200,50.185,50.34,49.128,49.275,89477377
2019-08-28 00:00:00.000 +0200,49.266,49.657,49.077,49.608,53090236
2019-08-29 00:00:00.000 +0200,50.366,50.526,49.882,50.473,75319130
2019-08-30 00:00:00.000 +0200,50.728,50.798,50.014,50.386,71900512
2019-09-03 00:00:00.000 +0200,49.826,49.961,49.295,49.651,69238539
2019-09-04 00:00:00.000 +0200,50.301,50.564,50.043,50.509,60729779
2019-09-05 00:00:00.000 +0200,51.16,51.648,51.054,51.479,81178757
2019-09-06 00:00:00.000 +0200,51.65,51.757,51.296,51.479,63654417
2019-09-09 00:00:00.000 +0200,51.863,52.244,50.948,51.691,87560726
2019-09-10 00:00:00.000 +0200,51.609,52.326,51.102,52.324,101818551
2019-09-11 00:00:00.000 +0200,52.666,53.999,52.572,53.986,155050389
2019-09-12 00:00:00.000 +0200,54.262,54.653,53.794,53.849,112517078
2019-09-13 00:00:00.000 +0200,53.104,53.294,52.384,52.814,133934374
2019-09-16 00:00:00.000 +0200,52.558,53.135,52.515,53.079,69814024
2019-09-17 00:00:00.000 +0200,53.072,53.301,52.891,53.26,61890876
2019-09-18 00:00:00.000 +0200,53.376,53.791,52.968,53.772,88421978
2019-09-19 00:00:00.000 +0200,53.615,54.011,53.193,53.333,78208845
2019-09-20 00:00:00.000 +0200,53.439,53.721,52.494,52.546,182518545
2019-09-23 00:00:00.000 +0200,52.84,53.065,52.536,52.785,66166396
2019-09-24 00:00:00.000 +0200,53.379,53.705,52.425,52.544,105393966
2019-09-25 00:00:00.000 +0200,52.802,53.466,52.413,53.343,74282842
2019-09-26 00:00:00.000 +0200,53.075,53.33,52.821,53.077,63924428
2019-09-27 00:00:00.000 +0200,53.207,53.335,52.447,52.826,82283178
2019-09-30 00:00:00.000 +0200,53.321,54.209,53.294,54.064,90327714
2019-10-01 00:00:00.000 +0200,54.342,55.088,54.117,54.209,117598397
2019-10-02 00:00:00.000 +0200,53.849,53.968,52.604,52.853,118206095
2019-10-03 00:00:00.000 +0200,52.749,53.335,51.929,53.299,98590186
2019-10-04 00:00:00.000 +0200,54.482,54.911,54.043,54.796,122151404
2019-10-07 00:00:00.000 +0200,54.617,55.5,54.513,54.808,108389184
2019-10-08 00:00:00.000 +0200,54.523,55.049,54.149,54.163,96352516
2019-10-09 00:00:00.000 +0200,54.8,54.984,54.465,54.793,66403717
2019-10-10 00:00:00.000 +0200,55.01,55.624,54.866,55.539,99419869
2019-10-11 00:00:00.000 +0200,56.229,57.361,56.074,57.019,150055915
2019-10-14 00:00:00.000 +0200,56.747,57.48,56.644,56.938,84402973
2019-10-15 00:00:00.000 +0200,57.06,57.364,56.695,56.801,77568764
2019-10-16 00:00:00.000 +0200,56.331,56.782,56.29,56.577,64295126
2019-10-17 00:00:00.000 +0200,56.746,57.002,56.367,56.794,57358757
2019-10-18 00:00:00.000 +0200,56.57,57.347,56.553,57.033,80943147
2019-10-21 00:00:00.000 +0200,57.364,58.17,57.284,58.059,76993222
2019-10-22 00:00:00.000 +0200,58.201,58.462,57.84,57.924,72273590
2019-10-23 00:00:00.000 +0200,58.438,58.713,58.226,58.689,68972992
2019-10-24 00:00:00.000 +0200,59.02,59.09,58.367,58.8,61623497
2019-10-25 00:00:00.000 +0200,58.696,59.556,58.626,59.519,64394042
2019-10-28 00:00:00.000 +0200,59.741,60.164,59.553,60.113,82062327
2019-10-29 00:00:00.000 +0200,60.106,60.285,58.551,58.725,124720193
2019-10-30 00:00:00.000 +0200,59.083,59.21,58.223,58.725,107641736
2019-10-31 00:00:00.000 +0200,59.667,60.145,57.27,60.065,118808660
2019-11-01 00:00:00.000 +0200,60.234,61.776,60.142,61.755,136048708
2019-11-04 00:00:00.000 +0200,62.125,62.24,61.645,62.152,92278178
2019-11-05 00:00:00.000 +0200,62.047,62.322,61.87,62.071,65946013
2019-11-06 00:00:00.000 +0200,62.003,62.153,61.64,62.093,64782583
2019-11-07 00:00:00.000 +0200,62.642,63.032,62.49,62.826,81807992
2019-11-08 00:00:00.000 +0200,62.632,63.054,62.185,62.981,59651179
2019-11-11 00:00:00.000 +0200,62.536,63.545,62.531,63.48,67658060
2019-11-12 00:00:00.000 +0200,63.322,63.623,63.17,63.427,76825604
2019-11-13 00:00:00.000 +0200,63.216,64.104,63.206,64.029,91942879
2019-11-14 00:00:00.000 +0200,63.887,64.129,63.456,63.598,77318432
2019-11-15 00:00:00.000 +0200,63.843,64.347,63.676,64.339,90658294
2019-11-18 00:00:00.000 +0200,64.349,64.746,63.971,64.671,74067217
2019-11-19 00:00:00.000 +0200,64.86,64.884,64.253,64.47,65424409
2019-11-20 00:00:00.000 +0200,64.29,64.419,63.043,63.726,88312487
2019-11-21 00:00:00.000 +0200,63.912,63.918,63.234,63.435,77256168
2019-11-22 00:00:00.000 +0200,63.565,63.717,63.151,63.393,58622621
2019-11-25 00:00:00.000 +0200,63.586,64.506,63.557,64.501,69155477
2019-11-26 00:00:00.000 +0200,64.625,64.681,63.552,63.94,85536128
2019-11-27 00:00:00.000 +0200,64.31,64.879,64.233,64.86,54581089
2019-11-29 00:00:00.000 +0200,64.545,64.884,64.376,64.685,39618499
2019-12-02 00:00:00.000 +0200,64.785,64.945,63.782,63.937,78144382
2019-12-03 00:00:00.000 +0200,62.523,62.833,62.049,62.831,103313916
2019-12-04 00:00:00.000 +0200,63.206,63.749,63.112,63.368,57691966
2019-12-05 00:00:00.000 +0200,63.865,64.373,63.608,64.298,64229681
2019-12-06 00:00:00.000 +0200,64.765,65.61,64.715,65.538,92197158
2019-12-09 00:00:00.000 +0200,65.385,65.562,64.136,64.623,115798474
2019-12-10 00:00:00.000 +0200,65.029,65.385,64.366,65.034,80712378
2019-12-11 00:00:00.000 +0200,65.078,65.635,65.005,65.547,69427062
2019-12-12 00:00:00.000 +0200,64.84,65.988,64.72,65.722,125074899
2019-12-13 00:00:00.000 +0200,65.722,66.651,65.593,66.642,117272352
2019-12-16 00:00:00.000 +0200,67.063,67.981,67.058,67.755,106227696
2019-12-17 00:00:00.000 +0200,67.685,68.218,67.499,67.891,93920025
2019-12-18 00:00:00.000 +0200,67.719,68.249,67.576,67.719,92564680
2019-12-19 00:00:00.000 +0200,67.671,68.075,67.535,67.797,82399435
2019-12-20 00:00:00.000 +0200,68.329,68.431,67.441,67.615,188433362
2019-12-23 00:00:00.000 +0200,67.93,68.818,67.88,68.75,85648708
2019-12-24 00:00:00.000 +0200,68.884,68.973,68.496,68.825,37529745
2019-12-26 00:00:00.000 +0200,68.956,70.205,68.927,70.189,81537831
2019-12-27 00:00:00.000 +0200,70.481,71.171,69.755,70.169,132882596
2019-12-30 00:00:00.000 +0200,70.106,70.862,69.053,70.609,124878850
2019-12-31 00:00:00.000 +0200,70.193,71.101,70.094,71.026,89433352
2020-01-02 00:00:00.000 +0200,71.721,72.777,71.467,72.772,120996701
2020-01-03 00:00:00.000 +0200,71.936,72.772,71.784,71.997,131317119
2020-01-06 00:00:00.000 +0200,71.128,72.622,70.876,72.578,104057156
2020-01-07 00:00:00.000 +0200,72.605,72.849,72.021,72.212,94633431
2020-01-08 00:00:00.000 +0200,71.944,73.706,71.943,73.394,116544971
2020-01-09 00:00:00.000 +0200,74.387,75.156,74.132,74.982,153216632
2020-01-10 00:00:00.000 +0200,75.193,75.699,74.629,75.142,126106265
2020-01-13 00:00:00.000 +0200,75.464,76.764,75.331,76.74,108533596
2020-01-14 00:00:00.000 +0200,76.674,76.885,75.578,75.704,144007323
2020-01-15 00:00:00.000 +0200,75.498,76.384,74.943,75.416,106789568
2020-01-16 00:00:00.000 +0200,75.926,76.432,75.558,76.343,92496221
2020-01-17 00:00:00.000 +0200,76.553,77.168,76.263,77.151,117192405
2020-01-21 00:00:00.000 +0200,76.793,77.236,76.505,76.638,97489593
2020-01-22 00:00:00.000 +0200,77.132,77.471,76.822,76.917,90862894
2020-01-23 00:00:00.000 +0200,76.955,77.367,76.42,77.302,82052057
2020-01-24 00:00:00.000 +0200,77.517,78.28,76.873,77.069,129677717
2020-01-27 00:00:00.000 +0200,75.067,75.481,73.813,74.801,139019603
2020-01-28 00:00:00.000 +0200,75.629,77.086,75.583,76.931,141311088
2020-01-29 00:00:00.000 +0200,78.568,79.374,77.808,78.519,191526910
2020-01-30 00:00:00.000 +0200,77.605,78.464,77.171,78.412,107473657
2020-01-31 00:00:00.000 +0200,77.701,78.122,74.638,74.89,170191133
2020-02-03 00:00:00.000 +0200,73.67,75.897,73.169,74.74,150985291
2020-02-04 00:00:00.000 +0200,76.338,77.386,75.932,77.197,115626182
2020-02-05 00:00:00.000 +0200,78.323,78.626,77.219,77.856,103687027
2020-02-06 00:00:00.000 +0200,78.067,78.737,77.538,78.735,84441182
2020-02-07 00:00:00.000 +0200,78.232,78.482,77.172,77.667,100348325
2020-02-10 00:00:00.000 +0200,76.247,78.033,76.167,78.033,96057055
2020-02-11 00:00:00.000 +0200,78.49,78.604,77.344,77.563,80608946
2020-02-12 00:00:00.000 +0200,78.036,79.409,78.016,79.407,91886777
2020-02-13 00:00:00.000 +0200,78.689,79.167,78.47,78.849,81081477
2020-02-14 00:00:00.000 +0200,78.8,79.108,78.349,78.856,69935233
2020-02-18 00:00:00.000 +0200,76.529,77.597,76.349,77.415,127182367
2020-02-19 00:00:00.000 +0200,77.665,78.766,77.657,78.536,77655545
2020-02-20 00:00:00.000 +0200,78.296,78.786,77.223,77.73,83952814
2020-02-21 00:00:00.000 +0200,77.257,77.766,75.352,75.966,109951232
2020-02-24 00:00:00.000 +0200,72.093,73.818,70.19,72.36,187780795
2020-02-25 00:00:00.000 +0200,73.046,73.418,69.438,69.911,194301947
2020-02-26 00:00:00.000 +0200,69.566,72.289,69.528,71.03,170143226
2020-02-27 00:00:00.000 +0200,68.217,69.406,66.242,66.261,270046980
2020-02-28 00:00:00.000 +0200,62.434,67.564,62.216,66.649,353416519
2020-03-02 00:00:00.000 +0200,68.503,73.153,67.397,72.517,288165948
2020-03-03 00:00:00.000 +0200,73.694,73.774,69.358,70.209,271588019
2020-03-04 00:00:00.000 +0200,71.94,73.629,71.137,73.474,188953534
2020-03-05 00:00:00.000 +0200,71.717,72.695,70.719,71.086,163162969
2020-03-06 00:00:00.000 +0200,68.411,70.576,68.249,70.129,192681994
2020-03-09 00:00:00.000 +0200,63.999,67.487,63.825,64.574,244105900
2020-03-10 00:00:00.000 +0200,67.256,69.513,65.37,69.331,240559566
2020-03-11 00:00:00.000 +0200,67.317,68.246,65.975,66.81,220718473
2020-03-12 00:00:00.000 +0200,62.136,65.523,60.184,60.184,354826236
2020-03-13 00:00:00.000 +0200,64.283,67.931,61.386,67.479,308907248
2020-03-16 00:00:00.000 +0200,58.697,62.873,58.243,58.6,270399130
2020-03-17 00:00:00.000 +0200,60.061,62.517,57.855,61.361,274589725
2020-03-18 00:00:00.000 +0200,58.182,60.67,57.544,60.427,250045311
2020-03-19 00:00:00.000 +0200,60.044,61.359,58.876,59.403,234578900
2020-03-20 00:00:00.000 +0200,59.985,61.114,55.331,55.51,341960855
2020-03-23 00:00:00.000 +0200,55.35,55.452,51.596,54.222,283832608
2020-03-24 00:00:00.000 +0200,57.459,60.109,56.86,59.913,250597704
2020-03-25 00:00:00.000 +0200,60.886,62.672,59.286,59.569,253860420
2020-03-26 00:00:00.000 +0200,59.828,62.776,59.786,62.728,217552802
2020-03-27 00:00:00.000 +0200,61.337,62.094,59.954,60.092,176550430
2020-03-30 00:00:00.000 +0200,60.849,62.009,60.524,61.832,145974411
2020-03-31 00:00:00.000 +0200,62.029,63.701,61.155,61.713,166539296
2020-04-01 00:00:00.000 +0200,59.837,60.359,58.032,58.427,148949708
2020-04-02 00:00:00.000 +0200,58.301,59.493,57.491,59.439,146521233
2020-04-03 00:00:00.000 +0200,58.947,59.626,57.994,58.59,113615016
2020-04-06 00:00:00.000 +0200,60.881,63.851,60.519,63.651,170580413
2020-04-07 00:00:00.000 +0200,65.717,65.936,62.854,62.947,174461755
2020-04-08 00:00:00.000 +0200,63.761,64.885,63.395,64.562,140075997
2020-04-09 00:00:00.000 +0200,65.329,65.54,64.237,65.028,139058916
2020-04-13 00:00:00.000 +0200,65.113,66.421,64.511,66.307,109960079
2020-04-14 00:00:00.000 +0200,67.953,69.952,67.477,69.666,164362962
2020-04-15 00:00:00.000 +0200,68.533,69.486,68.103,69.03,111634160
2020-04-16 00:00:00.000 +0200,69.722,69.94,68.521,69.582,134327694
2020-04-17 00:00:00.000 +0200,69.106,69.637,67.189,68.631,181135573
2020-04-20 00:00:00.000 +0200,67.407,68.358,67.186,67.186,107266851
2020-04-21 00:00:00.000 +0200,67.047,67.283,64.414,65.125,147084070
2020-04-22 00:00:00.000 +0200,66.385,67.44,66.057,67.004,99960153
2020-04-23 00:00:00.000 +0200,66.96,68.375,66.705,66.705,104733535
2020-04-24 00:00:00.000 +0200,67.283,68.681,67.222,68.666,107529291
2020-04-27 00:00:00.000 +0200,68.394,69.052,67.938,68.739,98926869
2020-04-28 00:00:00.000 +0200,69.161,69.365,67.513,67.603,90630648
2020-04-29 00:00:00.000 +0200,69.098,70.297,68.894,69.85,108691339
2020-04-30 00:00:00.000 +0200,70.367,71.476,69.977,71.345,149545958
2020-05-01 00:00:00.000 +0200,69.477,72.561,69.37,70.151,207702809
2020-05-04 00:00:00.000 +0200,70.175,71.272,69.483,71.146,112707797
2020-05-05 00:00:00.000 +0200,71.602,73.046,71.459,72.265,126136220
2020-05-06 00:00:00.000 +0200,72.915,73.59,72.529,72.925,120577571
2020-05-07 00:00:00.000 +0200,73.58,74.058,73.282,73.714,97904418
2020-05-08 00:00:00.000 +0200,74.373,75.519,74.045,75.47,114174486
2020-05-11 00:00:00.000 +0200,74.977,77.15,74.763,76.652,122261837
2020-05-12 00:00:00.000 +0200,77.362,77.792,75.656,75.761,136193070
2020-05-13 00:00:00.000 +0200,75.945,76.882,73.782,74.87,171988999
2020-05-14 00:00:00.000 +0200,74.135,75.383,73.373,75.361,139107758
2020-05-15 00:00:00.000 +0200,73.086,74.923,73.052,74.884,141377309
2020-05-18 00:00:00.000 +0200,76.203,77.016,75.513,76.624,115185362
2020-05-19 00:00:00.000 +0200,76.658,77.507,76.167,76.167,87249802
2020-05-20 00:00:00.000 +0200,77.06,77.751,76.943,77.663,96656823
2020-05-21 00:00:00.000 +0200,77.541,78.084,76.863,77.123,86438943
2020-05-22 00:00:00.000 +0200,76.833,77.68,76.736,77.597,69856307
2020-05-26 00:00:00.000 +0200,78.712,78.899,77.016,77.099,108304930
2020-05-27 00:00:00.000 +0200,76.88,77.554,76.186,77.4,87578127
2020-05-28 00:00:00.000 +0200,77.064,78.705,76.804,77.429,114774738
2020-05-29 00:00:00.000 +0200,77.719,78.147,77.009,77.361,130674636
2020-06-01 00:00:00.000 +0200,77.33,78.439,77.189,78.296,66115945
2020-06-02 00:00:00.000 +0200,78.045,78.705,77.607,78.7,74089624
2020-06-03 00:00:00.000 +0200,79.001,79.376,78.427,79.106,88888123
2020-06-04 00:00:00.000 +0200,78.992,79.235,78.057,78.432,70184937
2020-06-05 00:00:00.000 +0200,78.695,80.727,78.653,80.666,113446429
2020-06-08 00:00:00.000 +0200,80.362,81.177,79.649,81.16,76813925
2020-06-09 00:00:00.000 +0200,80.812,84.099,80.79,83.664,118104632
2020-06-10 00:00:00.000 +0200,84.657,86.328,84.216,85.837,140647659
2020-06-11 00:00:00.000 +0200,84.99,85.426,81.634,81.754,165297926
2020-06-12 00:00:00.000 +0200,83.878,84.632,81.329,82.377,166684878
2020-06-15 00:00:00.000 +0200,81.067,84.116,80.929,83.462,117194931
2020-06-16 00:00:00.000 +0200,85.528,85.946,83.883,85.718,135855072
2020-06-17 00:00:00.000 +0200,86.423,86.482,85.433,85.47,93716631
2020-06-18 00:00:00.000 +0200,85.53,86.007,84.978,85.554,76893956
2020-06-19 00:00:00.000 +0200,86.272,86.764,83.987,85.058,217498138
2020-06-22 00:00:00.000 +0200,85.508,87.47,85.447,87.341,114076936
2020-06-23 00:00:00.000 +0200,88.557,90.613,88.153,89.151,180999584
2020-06-24 00:00:00.000 +0200,88.83,89.74,87.241,87.616,161649140
2020-06-25 00:00:00.000 +0200,87.781,88.818,87.01,88.788,116049625
2020-06-26 00:00:00.000 +0200,88.684,88.896,85.902,86.066,166243044
2020-06-29 00:00:00.000 +0200,86.006,88.129,85.478,88.087,107932217
2020-06-30 00:00:00.000 +0200,87.618,89.056,87.601,88.72,110877312
2020-07-01 00:00:00.000 +0200,88.822,89.392,88.552,88.577,90004082
2020-07-02 00:00:00.000 +0200,89.497,90.149,88.487,88.603,94589153
2020-07-06 00:00:00.000 +0200,90.034,91.441,90.003,90.961,97521627
2020-07-07 00:00:00.000 +0200,91.365,92.132,90.577,90.677,91487776
2020-07-08 00:00:00.000 +0200,91.677,92.833,91.582,92.818,97544416
2020-07-09 00:00:00.000 +0200,93.697,95.852,92.149,93.115,100723317
2020-07-10 00:00:00.000 +0200,92.696,93.422,92.181,93.324,72765619
2020-07-13 00:00:00.000 +0200,94.684,97.291,92.718,92.932,159446289
2020-07-14 00:00:00.000 +0200,92.297,94.663,91.375,94.465,134244514
2020-07-15 00:00:00.000 +0200,96.359,96.602,93.918,95.122,124667303
2020-07-16 00:00:00.000 +0200,93.989,94.809,93.349,93.984,88118138
2020-07-17 00:00:00.000 +0200,94.402,94.558,93.285,93.721,74712591
2020-07-20 00:00:00.000 +0200,93.846,95.874,93.502,95.736,73054966
2020-07-21 00:00:00.000 +0200,96.529,96.604,94.164,94.414,84300475
2020-07-22 00:00:00.000 +0200,94.091,95.363,94.027,94.68,70479636
2020-07-23 00:00:00.000 +0200,94.412,94.49,89.557,90.414,152186917
2020-07-24 00:00:00.000 +0200,88.523,90.492,86.769,90.137,147518804
2020-07-27 00:00:00.000 +0200,91.219,92.375,90.988,92.277,101646311
2020-07-28 00:00:00.000 +0200,91.852,92.03,90.762,90.774,75218316
2020-07-29 00:00:00.000 +0200,91.251,92.692,91.214,92.533,72399716
2020-07-30 00:00:00.000 +0200,91.674,93.731,91.268,93.655,124808431
2020-07-31 00:00:00.000 +0200,100.133,103.578,98.137,103.464,301682972
2020-08-03 00:00:00.000 +0200,105.421,108.662,105.018,106.013,249968473
2020-08-04 00:00:00.000 +0200,106.223,107.837,105.498,106.778,141546290
2020-08-05 00:00:00.000 +0200,106.486,107.45,105.995,107.15,98320444
2020-08-06 00:00:00.000 +0200,107.462,111.363,106.871,110.932,167053691
2020-08-07 00:00:00.000 +0200,110.374,110.844,107.546,108.336,155004480
2020-08-10 00:00:00.000 +0200,109.762,110.942,107.261,109.928,174923858
2020-08-11 00:00:00.000 +0200,109.138,109.682,106.39,106.654,139310218
2020-08-12 00:00:00.000 +0200,107.687,110.454,107.551,110.245,134257056
2020-08-13 00:00:00.000 +0200,111.593,113.153,111.091,112.144,167366124
2020-08-14 00:00:00.000 +0200,111.885,112.136,110.23,112.083,132045769
2020-08-17 00:00:00.000 +0200,113.148,113.197,111.122,111.741,91896465
2020-08-18 00:00:00.000 +0200,111.503,113.111,111.169,112.643,82520854
2020-08-19 00:00:00.000 +0200,113.102,114.245,112.731,112.825,116371851
2020-08-20 00:00:00.000 +0200,112.873,115.444,112.852,115.264,100962258
2020-08-21 00:00:00.000 +0200,116.27,121.758,116.27,121.253,273996056
2020-08-24 00:00:00.000 +0200,125.49,125.578,120.85,122.811,268138181
2020-08-25 00:00:00.000 +0200,121.586,122.063,119.989,121.72,171090465
2020-08-26 00:00:00.000 +0200,123.053,123.83,121.968,123.396,125713277
2020-08-27 00:00:00.000 +0200,123.959,124.31,120.749,121.897,119823311
2020-08-28 00:00:00.000 +0200,122.87,123.294,121.475,121.619,152154918
2020-08-31 00:00:00.000 +0200,124.442,127.738,122.862,125.641,193290007
2020-09-01 00:00:00.000 +0200,129.483,131.443,127.28,130.858,133775082
2020-09-02 00:00:00.000 +0200,134.164,134.544,123.838,127.952,178067691
2020-09-03 00:00:00.000 +0200,123.779,125.632,117.499,117.909,229260501
2020-09-04 00:00:00.000 +0200,117.148,120.62,108.129,117.889,293162916
2020-09-08 00:00:00.000 +0200,111.405,116.027,109.874,110.02,205017167
2020-09-09 00:00:00.000 +0200,114.389,116.173,112.39,114.262,157625696
2020-09-10 00:00:00.000 +0200,117.441,117.499,109.699,110.654,164138859
2020-09-11 00:00:00.000 +0200,111.727,112.361,107.261,109.221,163310931
2020-09-14 00:00:00.000 +0200,111.863,113.043,109.991,112.487,124866284
2020-09-15 00:00:00.000 +0200,115.443,115.871,110.782,112.703,166001869
2020-09-16 00:00:00.000 +0200,112.302,113.111,109.25,109.338,135882611
2020-09-17 00:00:00.000 +0200,106.968,109.406,106.003,107.573,161314226
2020-09-18 00:00:00.000 +0200,107.631,108.119,103.448,103.946,257562421
2020-09-21 00:00:00.000 +0200,101.927,107.446,100.533,107.388,179775062
2020-09-22 00:00:00.000 +0200,109.874,110.05,106.442,109.016,169045751
2020-09-23 00:00:00.000 +0200,108.85,109.318,104.111,104.56,138626789
2020-09-24 00:00:00.000 +0200,102.571,107.505,102.385,105.507,154129088
2020-09-25 00:00:00.000 +0200,105.808,109.64,104.989,109.484,137862028
2020-09-28 00:00:00.000 +0200,112.068,112.448,109.972,112.136,128799813
2020-09-29 00:00:00.000 +0200,111.688,112.439,110.742,111.269,93804308
2020-09-30 00:00:00.000 +0200,110.956,114.34,110.791,112.731,133072804
2020-10-01 00:00:00.000 +0200,114.769,114.789,112.946,113.892,108181919
2020-10-02 00:00:00.000 +0200,110.03,112.497,109.426,110.206,133137497
2020-10-05 00:00:00.000 +0200,111.083,113.745,110.722,113.638,96603313
2020-10-06 00:00:00.000 +0200,112.799,113.228,109.455,110.342,147700373
2020-10-07 00:00:00.000 +0200,111.785,112.673,111.288,112.185,90389875
2020-10-08 00:00:00.000 +0200,113.355,113.502,111.737,112.107,78632321
2020-10-09 00:00:00.000 +0200,112.361,114.087,112.058,114.067,94508712
2020-10-12 00:00:00.000 +0200,117.07,122.063,116.314,121.322,225296970
2020-10-13 00:00:00.000 +0200,122.19,122.268,116.671,118.036,245843559
2020-10-14 00:00:00.000 +0200,117.977,119.966,116.641,118.27,143413024
2020-10-15 00:00:00.000 +0200,115.793,118.182,115.208,117.739,106186849
2020-10-16 00:00:00.000 +0200,118.233,118.523,115.853,116.0,106840656
2020-10-19 00:00:00.000 +0200,116.974,117.421,112.781,113.112,113948885
2020-10-20 00:00:00.000 +0200,113.336,116.017,112.751,114.574,118112586
2020-10-21 00:00:00.000 +0200,113.731,115.754,113.555,113.955,84867731
2020-10-22 00:00:00.000 +0200,114.486,115.101,111.737,112.891,96008389
2020-10-23 00:00:00.000 +0200,113.482,113.648,111.434,112.185,75540352
2020-10-26 00:00:00.000 +0200,111.171,113.648,110.069,112.195,104430076
2020-10-27 00:00:00.000 +0200,112.546,114.36,111.688,113.628,85901231
2020-10-28 00:00:00.000 +0200,112.175,112.556,108.333,108.382,126251341
2020-10-29 00:00:00.000 +0200,109.572,114.018,109.406,111.668,134061161
2020-10-30 00:00:00.000 +0200,108.265,109.201,105.038,106.188,174311984
2020-11-02 00:00:00.000 +0200,106.422,107.924,104.648,106.061,113392054
2020-11-03 00:00:00.000 +0200,106.929,108.714,106.022,107.627,101578367
2020-11-04 00:00:00.000 +0200,111.171,112.712,109.552,112.078,129154635
2020-11-05 00:00:00.000 +0200,114.993,116.641,113.958,116.027,117154709
2020-11-06 00:00:00.000 +0200,115.573,116.432,113.434,115.929,96525360
2020-11-09 00:00:00.000 +0200,117.702,119.158,113.355,113.619,136461837
2020-11-10 00:00:00.000 +0200,112.877,114.86,111.48,113.277,123546172
2020-11-11 00:00:00.000 +0200,114.459,116.852,113.736,116.72,93678290
2020-11-12 00:00:00.000 +0200,116.921,117.731,115.817,116.466,96183151
2020-11-13 00:00:00.000 +0200,116.675,116.891,115.132,116.479,72336534
2020-11-16 00:00:00.000 +0200,116.09,118.181,115.403,117.556,80517636
2020-11-17 00:00:00.000 +0200,116.751,117.868,116.194,116.585,67884750
2020-11-18 00:00:00.000 +0200,115.856,117.038,115.26,115.26,67897630
2020-11-19 00:00:00.000 +0200,114.938,116.296,114.107,115.895,67024234
2020-11-20 00:00:00.000 +0200,115.885,116.012,114.567,114.596,64954981
2020-11-23 00:00:00.000 +0200,114.469,114.889,111.109,111.236,113607098
2020-11-24 00:00:00.000 +0200,111.265,113.16,109.976,112.496,105104680
2020-11-25 00:00:00.000 +0200,112.857,114.039,112.496,113.326,70194807
2020-11-27 00:00:00.000 +0200,113.863,114.762,113.521,113.893,42470599
2020-11-30 00:00:00.000 +0200,114.225,118.161,114.098,116.296,153687951
2020-12-01 00:00:00.000 +0200,118.172,120.603,117.224,119.852,114866377
2020-12-02 00:00:00.000 +0200,119.177,120.505,118.083,120.222,80180898
2020-12-03 00:00:00.000 +0200,120.652,120.906,119.372,120.085,73819969
2020-12-04 00:00:00.000 +0200,119.704,120.007,118.698,119.401,67883356
2020-12-07 00:00:00.000 +0200,119.538,121.678,119.382,120.925,77676030
2020-12-08 00:00:00.000 +0200,121.482,122.078,120.232,121.443,72393024
2020-12-09 00:00:00.000 +0200,121.619,123.026,118.19,118.845,104817273
2020-12-10 00:00:00.000 +0200,117.692,120.994,117.36,120.359,73600677
2020-12-11 00:00:00.000 +0200,119.597,119.91,117.751,119.646,79132263
2020-12-14 00:00:00.000 +0200,119.753,120.486,118.718,118.943,69224301
2020-12-15 00:00:00.000 +0200,121.541,124.93,121.248,124.921,140142321
2020-12-16 00:00:00.000 +0200,124.432,125.389,123.621,124.784,86959488
2020-12-17 00:00:00.000 +0200,125.907,126.571,125.072,125.663,78091269
2020-12-18 00:00:00.000 +0200,125.936,126.102,123.192,123.709,177021799
2020-12-21 00:00:00.000 +0200,122.137,125.331,120.583,125.262,111731237
2020-12-22 00:00:00.000 +0200,128.539,131.289,126.644,128.788,156235600
2020-12-23 00:00:00.000 +0200,129.072,129.355,127.743,127.919,79700030
2020-12-24 00:00:00.000 +0200,128.281,130.361,128.056,128.925,49789250
2020-12-28 00:00:00.000 +0200,130.879,134.151,130.41,133.555,113991093
2020-12-29 00:00:00.000 +0200,134.855,135.567,131.223,131.798,110631508
2020-12-30 00:00:00.000 +0200,132.393,132.832,130.303,130.615,87159285
2020-12-31 00:00:00.000 +0200,130.967,131.612,128.662,129.502,89762402
2021-01-04 00:00:00.000 +0200,130.418,130.508,123.815,126.404,125112006
2021-01-05 00:00:00.000 +0200,125.888,128.681,125.448,127.909,86522120
2021-01-06 00:00:00.000 +0200,124.755,128.007,123.448,123.641,140656786
2021-01-07 00:00:00.000 +0200,125.419,128.574,124.891,127.812,100609994
2021-01-08 00:00:00.000 +0200,129.316,129.55,127.206,128.925,94447772
2021-01-11 00:00:00.000 +0200,126.161,127.148,125.516,125.985,89741084
2021-01-12 00:00:00.000 +0200,125.536,126.679,123.914,125.829,82219171
2021-01-13 00:00:00.000 +0200,125.702,128.398,125.507,127.851,81413046
2021-01-14 00:00:00.000 +0200,127.763,127.958,125.77,125.927,79414780
2021-01-15 00:00:00.000 +0200,125.688,127.196,124.047,124.116,93186960
2021-01-19 00:00:00.000 +0200,124.754,125.721,123.991,124.852,75965065
2021-01-20 00:00:00.000 +0200,125.604,129.414,125.565,128.906,94129478
2021-01-21 00:00:00.000 +0200,130.713,136.427,130.488,133.692,107840019
2021-01-22 00:00:00.000 +0200,133.096,136.603,131.885,135.743,101850592
2021-01-25 00:00:00.000 +0200,139.709,141.721,133.37,139.582,136558762
2021-01-26 00:00:00.000 +0200,140.246,140.949,138.088,139.86,86344095
2021-01-27 00:00:00.000 +0200,140.1,140.95,137.15,139.221,124773798
2021-01-28 00:00:00.000 +0200,136.232,138.693,133.526,133.858,126827142
2021-01-29 00:00:00.000 +0200,132.696,133.565,127.187,128.769,155175869
2021-02-01 00:00:00.000 +0200,130.586,132.237,127.89,130.986,95670006
2021-02-02 00:00:00.000 +0200,132.471,133.145,131.485,131.846,72032607
2021-02-03 00:00:00.000 +0200,132.373,132.618,130.508,130.791,75405464
2021-02-04 00:00:00.000 +0200,133.135,134.21,131.465,134.21,73294691
2021-02-05 00:00:00.000 +0200,134.332,134.43,132.904,133.794,64961159
2021-02-08 00:00:00.000 +0200,133.07,133.98,131.984,133.922,61979992
2021-02-09 00:00:00.000 +0200,133.728,134.88,132.897,133.044,59218234
2021-02-10 00:00:00.000 +0200,133.51,134.009,131.476,132.415,59801294
2021-02-11 00:00:00.000 +0200,132.962,133.422,130.859,132.18,54899971
2021-02-12 00:00:00.000 +0200,131.358,132.581,130.783,132.434,52320654
2021-02-16 00:00:00.000 +0200,132.522,133.051,129.901,130.263,69684642
2021-02-17 00:00:00.000 +0200,128.375,129.343,126.653,127.993,83869772
2021-02-18 00:00:00.000 +0200,126.433,127.171,124.642,126.895,84189309
2021-02-19 00:00:00.000 +0200,127.357,127.866,125.997,127.025,75336536
2021-02-22 00:00:00.000 +0200,125.244,126.897,122.867,123.268,91238678
2021-02-23 00:00:00.000 +0200,121.067,123.953,115.814,123.112,137927236
2021-02-24 00:00:00.000 +0200,122.231,122.828,119.57,122.593,97519682
2021-02-25 00:00:00.000 +0200,121.929,123.708,117.919,118.369,129286188
2021-02-26 00:00:00.000 +0200,119.923,122.133,118.563,118.563,141894555
2021-03-01 00:00:00.000 +0200,121.048,125.146,120.118,125.009,102657679
2021-03-02 00:00:00.000 +0200,125.606,125.919,122.29,122.437,88617002
2021-03-03 00:00:00.000 +0200,122.055,122.975,119.189,119.404,98481289
2021-03-04 00:00:00.000 +0200,119.081,120.911,116.039,117.604,146378710
2021-03-05 00:00:00.000 +0200,118.362,119.287,115.016,118.754,132427399
2021-03-08 00:00:00.000 +0200,118.328,118.367,113.681,113.867,134498437
2021-03-09 00:00:00.000 +0200,116.42,119.404,116.205,118.445,114141266
2021-03-10 00:00:00.000 +0200,118.895,119.512,116.851,117.36,97938418
2021-03-11 00:00:00.000 +0200,119.649,120.529,118.621,119.296,91083866
2021-03-12 00:00:00.000 +0200,117.77,118.533,116.567,118.416,78684916
2021-03-15 00:00:00.000 +0200,118.749,121.302,117.8,121.302,83315054
2021-03-16 00:00:00.000 +0200,122.975,124.452,122.001,122.838,103420753
2021-03-17 00:00:00.000 +0200,121.37,123.121,119.674,122.085,99975439
2021-03-18 00:00:00.000 +0200,120.187,120.5,117.702,117.927,106239311
2021-03-19 00:00:00.000 +0200,117.281,118.788,117.071,117.262,162000566
2021-03-22 00:00:00.000 +0200,117.692,121.175,117.643,120.686,96095961
2021-03-23 00:00:00.000 +0200,120.627,121.537,119.482,119.869,84348482
2021-03-24 00:00:00.000 +0200,120.118,120.226,117.452,117.465,77949599
2021-03-25 00:00:00.000 +0200,116.939,119.013,116.411,117.976,87745912
2021-03-26 00:00:00.000 +0200,117.77,118.837,116.332,118.573,85291919
2021-03-29 00:00:00.000 +0200,119.003,119.913,118.103,118.758,70444740
2021-03-30 00:00:00.000 +0200,117.493,117.78,116.271,117.366,76450931
2021-03-31 00:00:00.000 +0200,119.003,120.832,118.514,119.512,104632127
2021-04-01 00:00:00.000 +0200,120.95,121.478,119.825,120.314,67010477
2021-04-05 00:00:00.000 +0200,121.047,123.415,120.392,123.16,79997720
2021-04-06 00:00:00.000 +0200,123.738,124.364,122.916,123.483,72924478
2021-04-07 00:00:00.000 +0200,123.082,125.137,122.417,125.127,75046308
2021-04-08 00:00:00.000 +0200,126.105,127.553,125.724,127.54,80547088
2021-04-09 00:00:00.000 +0200,127.073,130.145,126.653,130.096,96113541
2021-04-12 00:00:00.000 +0200,129.675,129.959,128.222,128.84,64235504
2021-04-13 00:00:00.000 +0200,129.607,131.73,129.059,131.485,82295144
2021-04-14 00:00:00.000 +0200,132.004,132.063,128.79,129.275,77385157
2021-04-15 00:00:00.000 +0200,130.908,132.062,130.732,131.583,80110752
2021-04-16 00:00:00.000 +0200,131.378,131.74,130.38,131.231,75346323
2021-04-19 00:00:00.000 +0200,130.566,132.522,130.439,131.926,81957421
2021-04-20 00:00:00.000 +0200,132.082,132.581,128.942,130.223,84880438
2021-04-21 00:00:00.000 +0200,129.509,130.84,128.443,130.585,62976081
2021-04-22 00:00:00.000 +0200,129.969,131.231,128.551,129.069,77052472
2021-04-23 00:00:00.000 +0200,129.314,132.18,129.284,131.378,71484823
2021-04-26 00:00:00.000 +0200,131.896,132.121,130.654,131.798,59874187
2021-04-27 00:00:00.000 +0200,132.121,132.464,131.192,131.466,60130986
2021-04-28 00:00:00.000 +0200,131.368,132.082,130.184,130.908,97234655
2021-04-29 00:00:00.000 +0200,133.501,134.087,129.568,130.576,133020357
2021-04-30 00:00:00.000 +0200,128.932,130.654,128.213,128.658,88236637
2021-05-03 00:00:00.000 +0200,129.138,131.153,128.961,129.666,67754543
2021-05-04 00:00:00.000 +0200,128.326,128.629,123.943,125.156,121237296
2021-05-05 00:00:00.000 +0200,126.398,127.612,125.185,125.362,75769344
2021-05-06 00:00:00.000 +0200,125.117,126.927,124.364,126.907,70749344
2021-05-07 00:00:00.000 +0200,128.212,128.622,126.875,127.595,66362425
2021-05-10 00:00:00.000 +0200,126.799,126.937,124.261,124.31,77828144
2021-05-11 00:00:00.000 +0200,121.018,123.732,120.303,123.321,103621004
2021-05-12 00:00:00.000 +0200,121.706,122.135,119.947,120.506,94790433
2021-05-13 00:00:00.000 +0200,122.076,123.615,121.763,122.429,96288900
2021-05-14 00:00:00.000 +0200,123.732,125.32,123.321,124.889,75577119
2021-05-17 00:00:00.000 +0200,124.271,124.379,122.654,123.732,68463973
2021-05-18 00:00:00.000 +0200,124.016,124.438,122.272,122.341,55398345
2021-05-19 00:00:00.000 +0200,120.69,122.409,120.396,122.189,81723108
2021-05-20 00:00:00.000 +0200,122.713,125.153,122.586,124.751,66044873
2021-05-21 00:00:00.000 +0200,125.281,125.427,122.694,122.909,71726403
2021-05-24 00:00:00.000 +0200,123.477,125.369,123.409,124.555,57537759
2021-05-25 00:00:00.000 +0200,125.271,125.741,123.781,124.389,57018514
2021-05-26 00:00:00.000 +0200,124.379,124.83,123.879,124.301,50689625
2021-05-27 00:00:00.000 +0200,123.82,125.075,122.566,122.811,83953169
2021-05-28 00:00:00.000 +0200,123.046,123.272,122.047,122.106,65270502
2021-06-01 00:00:00.000 +0200,122.556,122.831,121.449,121.802,56424540
2021-06-02 00:00:00.000 +0200,121.792,122.723,121.557,122.576,52537154
2021-06-03 00:00:00.000 +0200,122.155,122.341,120.655,121.057,61874791
2021-06-04 00:00:00.000 +0200,121.576,123.624,121.361,123.35,66010492
2021-06-07 00:00:00.000 +0200,123.644,123.781,122.323,123.37,63615362
2021-06-08 00:00:00.000 +0200,124.075,125.878,123.674,124.193,68065310
2021-06-09 00:00:00.000 +0200,124.624,125.183,123.977,124.604,50762058
2021-06-10 00:00:00.000 +0200,124.467,125.614,123.409,123.575,66096661
2021-06-11 00:00:00.000 +0200,123.987,124.879,123.566,124.793,48907787
2021-06-14 00:00:00.000 +0200,125.299,127.916,124.564,127.916,88660531
2021-06-15 00:00:00.000 +0200,127.27,127.975,126.79,127.133,57087539
2021-06-16 00:00:00.000 +0200,127.671,128.259,125.879,127.524,81835014
2021-06-17 00:00:00.000 +0200,127.191,129.886,127.044,129.132,87965620
2021-06-18 00:00:00.000 +0200,128.024,128.867,127.622,127.779,98539189
2021-06-21 00:00:00.000 +0200,127.701,129.749,126.613,129.641,72998770
2021-06-22 00:00:00.000 +0200,129.445,131.385,128.975,131.278,69081927
2021-06-23 00:00:00.000 +0200,131.091,131.62,130.552,131.003,55449457
2021-06-24 00:00:00.000 +0200,131.748,131.934,130.258,130.719,63194701
2021-06-25 00:00:00.000 +0200,130.788,131.199,130.141,130.435,62558614
2021-06-28 00:00:00.000 +0200,130.743,132.532,130.675,132.047,56516349
2021-06-29 00:00:00.000 +0200,132.11,133.747,131.65,133.59,54665885
2021-06-30 00:00:00.000 +0200,133.433,134.648,133.139,134.168,56229216
2021-07-01 00:00:00.000 +0200,133.855,134.57,133.032,134.511,47684365
2021-07-02 00:00:00.000 +0200,135.148,137.186,134.977,137.147,71733930
2021-07-06 00:00:00.000 +0200,137.284,140.273,137.255,139.166,98412228
2021-07-07 00:00:00.000 +0200,140.655,141.978,139.793,141.684,96684831
2021-07-08 00:00:00.000 +0200,138.725,141.165,137.838,140.44,92961160
2021-07-09 00:00:00.000 +0200,139.861,142.723,139.785,142.194,93403600
2021-07-12 00:00:00.000 +0200,143.272,143.379,141.106,141.606,68301077
2021-07-13 00:00:00.000 +0200,141.165,144.496,140.743,142.752,91895816
2021-07-14 00:00:00.000 +0200,145.075,146.564,144.712,146.211,116933977
2021-07-15 00:00:00.000 +0200,146.241,146.985,144.134,145.496,96058556
2021-07-16 00:00:00.000 +0200,145.545,146.75,142.948,143.448,80900755
2021-07-19 00:00:00.000 +0200,140.861,141.175,138.823,139.665,105912958
2021-07-20 00:00:00.000 +0200,140.587,144.144,140.087,143.206,87413049
2021-07-21 00:00:00.000 +0200,142.605,143.193,141.723,142.468,66016125
2021-07-22 00:00:00.000 +0200,143.002,145.222,142.884,143.855,64705390
2021-07-23 00:00:00.000 +0200,144.557,145.731,143.969,145.586,58574686
2021-07-26 00:00:00.000 +0200,145.29,146.819,144.732,145.996,60587892
2021-07-27 00:00:00.000 +0200,146.143,146.211,142.625,143.83,94554013
2021-07-28 00:00:00.000 +0200,141.909,144.016,139.675,142.066,96099276
2021-07-29 00:00:00.000 +0200,141.753,143.605,141.674,142.693,50484299
2021-07-30 00:00:00.000 +0200,141.527,143.389,141.214,142.929,59693400
2021-08-02 00:00:00.000 +0200,143.458,143.997,142.331,142.595,53013662
2021-08-03 00:00:00.000 +0200,142.875,145.065,142.257,144.374,57494664
2021-08-04 00:00:00.000 +0200,144.3,144.82,143.34,143.987,50117375
2021-08-05 00:00:00.000 +0200,144.036,144.869,143.232,144.104,41079599
2021-08-06 00:00:00.000 +0200,143.594,144.369,142.917,143.417,46855421
2021-08-09 00:00:00.000 +0200,143.506,143.967,142.809,143.368,44107449
2021-08-10 00:00:00.000 +0200,143.732,144.958,142.593,142.897,56980946
2021-08-11 00:00:00.000 +0200,143.349,143.987,142.819,143.192,44563832
2021-08-12 00:00:00.000 +0200,143.476,146.273,143.123,146.111,66345673
2021-08-13 00:00:00.000 +0200,146.19,146.656,145.504,146.318,47873847
2021-08-16 00:00:00.000 +0200,145.86,148.373,143.798,148.368,92685541
2021-08-17 00:00:00.000 +0200,147.431,148.854,146.312,147.431,83478494
2021-08-18 00:00:00.000 +0200,147.019,147.912,143.427,143.633,76946913
2021-08-19 00:00:00.000 +0200,142.367,145.243,141.808,143.938,79250041
2021-08-20 00:00:00.000 +0200,144.693,145.733,144.046,145.429,53787784
2021-08-23 00:00:00.000 +0200,145.478,147.392,145.135,146.911,52623356
2021-08-24 00:00:00.000 +0200,146.666,148.05,146.371,146.842,43771863
2021-08-25 00:00:00.000 +0200,147.029,147.52,145.047,145.606,53795569
2021-08-26 00:00:00.000 +0200,145.567,146.342,144.762,144.801,43883909
2021-08-27 00:00:00.000 +0200,144.713,145.979,144.095,145.832,48707765
2021-08-30 00:00:00.000 +0200,146.224,150.631,145.841,150.248,81945549
2021-08-31 00:00:00.000 +0200,149.836,149.953,148.472,149.001,76391650
2021-09-01 00:00:00.000 +0200,149.953,152.093,149.502,149.698,71945380
2021-09-02 00:00:00.000 +0200,150.984,151.838,149.561,150.846,64738948
2021-09-03 00:00:00.000 +0200,150.886,151.749,150.238,151.435,53010423
2021-09-07 00:00:00.000 +0200,152.112,154.33,151.514,153.781,75361597
2021-09-08 00:00:00.000 +0200,154.056,154.114,151.107,152.23,67059128
2021-09-09 00:00:00.000 +0200,152.593,153.202,151.082,151.249,50792898
2021-09-10 00:00:00.000 +0200,152.132,152.583,145.93,146.224,127030878
2021-09-13 00:00:00.000 +0200,147.834,148.599,145.979,146.833,86768584
2021-09-14 00:00:00.000 +0200,147.559,148.256,144.173,145.429,97396298
2021-09-15 00:00:00.000 +0200,145.773,146.656,143.643,146.313,72748687
2021-09-16 00:00:00.000 +0200,145.675,146.195,144.478,146.077,62093647
2021-09-17 00:00:00.000 +0200,146.008,146.048,143.045,143.31,104239023
2021-09-20 00:00:00.000 +0200,141.18,142.142,138.638,140.307,106753529
2021-09-21 00:00:00.000 +0200,141.249,141.906,140.12,140.738,67988332
2021-09-22 00:00:00.000 +0200,141.71,143.702,141.023,143.113,68913778
2021-09-23 00:00:00.000 +0200,143.889,144.34,142.927,144.016,58138325
2021-09-24 00:00:00.000 +0200,142.946,144.723,142.848,144.173,48308900
2021-09-27 00:00:00.000 +0200,142.77,143.241,141.141,142.672,66225940
2021-09-28 00:00:00.000 +0200,140.601,142.053,139.05,139.276,99847319
2021-09-29 00:00:00.000 +0200,139.885,141.759,139.384,140.179,63758646
2021-09-30 00:00:00.000 +0200,140.986,141.69,138.65,138.689,81151154
2021-10-01 00:00:00.000 +0200,139.227,140.257,136.519,139.983,85078801
2021-10-04 00:00:00.000 +0200,139.07,139.561,135.694,136.597,87799159
2021-10-05 00:00:00.000 +0200,136.891,139.59,136.764,138.471,71295927
2021-10-06 00:00:00.000 +0200,136.98,139.502,135.792,139.325,75232249
2021-10-07 00:00:00.000 +0200,140.341,141.533,140.066,140.616,55749575
2021-10-08 00:00:00.000 +0200,141.358,141.494,139.906,140.348,53491758
2021-10-11 00:00:00.000 +0200,139.649,142.112,139.168,140.14,54426936
2021-10-12 00:00:00.000 +0200,140.562,140.581,138.413,138.825,66223072
2021-10-13 00:00:00.000 +0200,138.569,138.766,136.607,138.334,70644521
2021-10-14 00:00:00.000 +0200,139.443,141.2,138.874,141.077,62284650
2021-10-15 00:00:00.000 +0200,141.047,142.201,140.841,142.137,60469376
2021-10-18 00:00:00.000 +0200,140.773,144.104,140.493,143.81,74483812
2021-10-19 00:00:00.000 +0200,144.252,146.391,143.82,146.008,68794611
2021-10-20 00:00:00.000 +0200,145.946,146.96,145.357,146.559,53699382
2021-10-21 00:00:00.000 +0200,145.989,146.852,145.115,146.676,50173666
2021-10-22 00:00:00.000 +0200,146.852,147.382,145.871,145.92,52006116
2021-10-25 00:00:00.000 +0200,145.92,146.587,144.871,145.881,44345218
2021-10-26 00:00:00.000 +0200,146.538,148.03,146.234,146.479,55373063
2021-10-27 00:00:00.000 +0200,146.597,146.941,145.724,146.077,49688347
2021-10-28 00:00:00.000 +0200,147.073,150.316,146.936,149.641,89340337
2021-10-29 00:00:00.000 +0200,144.448,147.147,143.685,147.009,106645166
2021-11-01 00:00:00.000 +0200,146.209,146.911,145.047,146.195,58063771
2021-11-02 00:00:00.000 +0200,145.9,148.746,145.881,147.206,57663889
2021-11-03 00:00:00.000 +0200,147.569,149.139,147.029,148.668,46065804
2021-11-04 00:00:00.000 +0200,148.795,149.59,147.834,148.148,51226159
2021-11-05 00:00:00.000 +0200,149.209,149.583,147.489,148.678,50442141
2021-11-08 00:00:00.000 +0200,148.796,148.963,147.578,147.863,37546941
2021-11-09 00:00:00.000 +0200,147.609,148.826,147.491,148.238,46863422
2021-11-10 00:00:00.000 +0200,147.499,147.548,145.307,145.376,54415874
2021-11-11 00:00:00.000 +0200,146.388,146.86,145.141,145.327,33953808
2021-11-12 00:00:00.000 +0200,145.877,147.814,144.944,147.411,49402701
2021-11-15 00:00:00.000 +0200,147.745,149.268,146.86,147.42,46904556
2021-11-16 00:00:00.000 +0200,147.354,148.885,146.774,148.405,47114186
2021-11-17 00:00:00.000 +0200,148.393,152.334,148.393,151.008,77666756
2021-11-18 00:00:00.000 +0200,151.008,155.941,150.418,155.175,113154896
2021-11-19 00:00:00.000 +0200,154.929,158.251,153.841,157.799,103498734
2021-11-22 00:00:00.000 +0200,158.9,162.85,158.231,158.31,103224934
2021-11-23 00:00:00.000 +0200,158.349,159.017,156.325,158.634,80726494
2021-11-24 00:00:00.000 +0200,157.986,159.352,156.895,159.155,61134361
2021-11-26 00:00:00.000 +0200,156.821,157.691,153.671,154.182,66758809
2021-11-29 00:00:00.000 +0200,156.629,158.418,156.059,157.474,75719709
2021-11-30 00:00:00.000 +0200,157.239,162.674,157.17,162.585,152023748
2021-12-01 00:00:00.000 +0200,164.58,167.371,161.701,161.838,130982707
2021-12-02 00:00:00.000 +0200,156.01,161.376,155.086,160.973,120008982
2021-12-03 00:00:00.000 +0200,161.19,162.123,156.973,159.057,105257960
2021-12-06 00:00:00.000 +0200,161.494,164.993,161.455,162.448,95521928
2021-12-07 00:00:00.000 +0200,166.153,168.629,165.445,168.256,103071967
2021-12-08 00:00:00.000 +0200,169.121,172.934,167.764,172.0,102954136
2021-12-09 00:00:00.000 +0200,171.892,173.71,170.929,171.617,98123203
2021-12-10 00:00:00.000 +0200,172.236,176.541,171.686,176.413,102675544
2021-12-13 00:00:00.000 +0200,178.025,178.998,172.511,172.787,133810154
2021-12-14 00:00:00.000 +0200,172.266,174.683,169.248,171.342,121187167
2021-12-15 00:00:00.000 +0200,172.099,176.413,169.348,176.217,113549313
2021-12-16 00:00:00.000 +0200,176.197,178.025,167.814,169.288,135580688
2021-12-17 00:00:00.000 +0200,167.008,170.487,166.772,168.03,171266662
2021-12-20 00:00:00.000 +0200,165.386,167.646,164.58,166.959,91860677
2021-12-21 00:00:00.000 +0200,168.6,170.221,166.212,170.005,78145667
2021-12-22 00:00:00.000 +0200,169.956,172.836,169.189,172.61,75600084
2021-12-23 00:00:00.000 +0200,172.796,173.809,172.256,173.258,58991922
2021-12-27 00:00:00.000 +0200,174.045,177.317,174.025,177.229,66269660
2021-12-28 00:00:00.000 +0200,177.062,178.212,175.46,176.305,70680329
2021-12-29 00:00:00.000 +0200,176.305,177.524,175.076,176.295,54413521
2021-12-30 00:00:00.000 +0200,176.462,177.465,175.027,175.185,52580157
2021-12-31 00:00:00.000 +0200,175.057,176.148,174.212,174.556,52729124
2022-01-03 00:00:00.000 +0200,174.811,179.735,174.654,178.87,91554686
2022-01-04 00:00:00.000 +0200,179.489,179.794,176.04,176.6,78612401
2022-01-05 00:00:00.000 +0200,176.531,177.072,171.637,171.828,81178735
2022-01-06 00:00:00.000 +0200,169.73,172.285,168.688,169.052,79117281
2022-01-07 00:00:00.000 +0200,169.897,171.145,168.089,169.258,70026305
2022-01-10 00:00:00.000 +0200,166.172,169.533,165.278,169.229,93260110
2022-01-11 00:00:00.000 +0200,169.406,172.167,167.882,172.079,67714412
2022-01-12 00:00:00.000 +0200,173.062,174.133,171.814,172.59,65039581
2022-01-13 00:00:00.000 +0200,172.757,173.583,168.836,169.357,74495218
2022-01-14 00:00:00.000 +0200,168.393,170.791,168.148,170.094,65965590
2022-01-18 00:00:00.000 +0200,168.551,169.573,166.492,166.909,79124145
2022-01-19 00:00:00.000 +0200,167.057,168.138,163.086,163.352,80328713
2022-01-20 00:00:00.000 +0200,164.108,166.762,161.357,161.691,76800382
2022-01-21 00:00:00.000 +0200,161.588,163.47,159.509,159.617,106488012
2022-01-24 00:00:00.000 +0200,157.288,159.509,152.04,159.401,138389309
2022-01-25 00:00:00.000 +0200,156.197,159.961,154.32,157.13,92897677
2022-01-26 00:00:00.000 +0200,160.63,161.563,155.107,157.003,91678560
2022-01-27 00:00:00.000 +0200,159.627,161.022,155.558,156.462,105851285
2022-01-28 00:00:00.000 +0200,162.86,167.42,160.0,167.42,149051371
2022-01-31 00:00:00.000 +0200,167.273,171.99,166.595,171.794,99939370
2022-02-01 00:00:00.000 +0200,171.017,171.833,169.347,171.607,68611121
2022-02-02 00:00:00.000 +0200,171.745,172.855,170.349,172.806,69623050
2022-02-03 00:00:00.000 +0200,171.479,173.209,169.16,170.025,78482917
2022-02-04 00:00:00.000 +0200,168.992,171.324,167.958,169.572,66135368
2022-02-07 00:00:00.000 +0200,170.088,171.176,168.228,168.976,54703257
2022-02-08 00:00:00.000 +0200,169.011,172.554,168.697,172.032,64157298
2022-02-09 00:00:00.000 +0200,173.302,173.833,172.111,173.469,58743698
2022-02-10 00:00:00.000 +0200,171.314,172.682,168.815,169.548,78381492
2022-02-11 00:00:00.000 +0200,169.582,170.32,165.361,165.744,78413344
2022-02-14 00:00:00.000 +0200,164.701,166.876,163.904,166.433,75610397
2022-02-15 00:00:00.000 +0200,168.264,170.192,167.535,170.045,56411956
2022-02-16 00:00:00.000 +0200,169.08,170.576,167.339,169.799,50314455
2022-02-17 00:00:00.000 +0200,168.421,169.169,165.784,166.227,59816308
2022-02-18 00:00:00.000 +0200,167.131,167.821,163.539,164.926,68080171
2022-02-22 00:00:00.000 +0200,162.349,164.032,159.564,161.68,76659571
2022-02-23 00:00:00.000 +0200,162.94,163.501,157.203,157.616,74731994
2022-02-24 00:00:00.000 +0200,150.186,160.253,149.576,160.175,119803092
2022-02-25 00:00:00.000 +0200,161.218,162.487,158.309,162.241,79676834
2022-02-28 00:00:00.000 +0200,160.371,162.782,159.84,162.497,79680427
2022-03-01 00:00:00.000 +0200,162.069,163.944,159.387,160.578,73498784
2022-03-02 00:00:00.000 +0200,161.857,164.691,160.352,163.884,69874592
2022-03-03 00:00:00.000 +0200,165.784,166.217,162.91,163.637,65414392
2022-03-04 00:00:00.000 +0200,161.867,162.91,159.515,160.617,74117611
2022-03-07 00:00:00.000 +0200,160.736,162.389,156.504,156.77,83343273
2022-03-08 00:00:00.000 +0200,156.288,160.283,153.316,154.772,114360162
2022-03-09 00:00:00.000 +0200,158.9,160.804,156.868,160.381,77408194
2022-03-10 00:00:00.000 +0200,157.646,157.833,153.493,155.992,88211186
2022-03-11 00:00:00.000 +0200,156.435,156.74,152.036,152.263,85357598
2022-03-14 00:00:00.000 +0200,149.035,151.663,147.707,148.238,94380456
2022-03-15 00:00:00.000 +0200,148.632,153.089,147.982,152.686,80980557
2022-03-16 00:00:00.000 +0200,154.575,157.449,151.997,157.045,88069455
2022-03-17 00:00:00.000 +0200,156.022,158.433,155.117,158.423,66236199
2022-03-18 00:00:00.000 +0200,157.901,161.857,157.213,161.346,107880364
2022-03-21 00:00:00.000 +0200,160.903,163.698,160.416,162.743,77035271
2022-03-22 00:00:00.000 +0200,162.832,166.719,162.28,166.138,70830541
2022-03-23 00:00:00.000 +0200,165.282,169.887,164.977,167.506,87869243
2022-03-24 00:00:00.000 +0200,168.47,171.363,167.496,171.324,79646191
2022-03-25 00:00:00.000 +0200,171.019,172.485,169.995,171.944,71511214
2022-03-28 00:00:00.000 +0200,169.425,172.928,169.257,172.79,80187366
2022-03-29 00:00:00.000 +0200,173.873,176.156,173.528,176.146,85147437
2022-03-30 00:00:00.000 +0200,175.703,176.746,173.882,174.891,77929277
2022-03-31 00:00:00.000 +0200,175.034,175.191,171.619,171.895,89867188
2022-04-01 00:00:00.000 +0200,171.216,172.092,169.198,171.481,68051325
2022-04-04 00:00:00.000 +0200,171.786,175.644,171.659,175.619,69235722
2022-04-05 00:00:00.000 +0200,174.719,175.457,171.634,172.249,63920342
2022-04-06 00:00:00.000 +0200,169.671,170.861,167.417,168.834,78453085
2022-04-07 00:00:00.000 +0200,168.47,170.596,167.142,169.521,65260072
2022-04-08 00:00:00.000 +0200,169.041,169.041,166.502,167.427,68379593
2022-04-11 00:00:00.000 +0200,166.059,166.335,162.861,163.137,64182229
2022-04-12 00:00:00.000 +0200,165.341,167.161,163.983,164.967,69636650
2022-04-13 00:00:00.000 +0200,164.721,168.313,164.111,167.683,60592003
2022-04-14 00:00:00.000 +0200,168.008,168.539,162.408,162.645,66285283
2022-04-18 00:00:00.000 +0200,161.298,163.944,160.963,162.479,57173653
2022-04-19 00:00:00.000 +0200,162.369,165.144,161.296,164.79,59146821
2022-04-20 00:00:00.000 +0200,166.069,166.187,163.452,164.564,60108370
2022-04-21 00:00:00.000 +0200,166.177,168.795,163.265,163.688,76740882
2022-04-22 00:00:00.000 +0200,163.835,165.193,158.925,159.25,71737382
2022-04-25 00:00:00.000 +0200,158.61,160.568,155.933,160.283,84008126
2022-04-26 00:00:00.000 +0200,159.663,159.751,154.221,154.221,83343703
2022-04-27 00:00:00.000 +0200,153.434,157.242,152.902,154.103,73685828
2022-04-28 00:00:00.000 +0200,156.715,161.897,156.401,161.4,108701778
2022-04-29 00:00:00.000 +0200,159.259,163.55,154.743,155.195,115752818
2022-05-02 00:00:00.000 +0200,154.29,155.707,150.826,155.441,109444685
2022-05-03 00:00:00.000 +0200,155.618,158.147,153.827,156.937,76239702
2022-05-04 00:00:00.000 +0200,157.154,163.825,156.721,163.491,96815800
2022-05-05 00:00:00.000 +0200,161.218,161.464,152.479,154.31,117467985
2022-05-06 00:00:00.000 +0200,153.758,157.128,151.944,155.069,101653831
2022-05-09 00:00:00.000 +0200,152.625,153.571,149.294,149.944,109627554
2022-05-10 00:00:00.000 +0200,153.314,154.467,150.713,152.26,96812663
2022-05-11 00:00:00.000 +0200,151.274,153.196,143.696,144.465,120527755
2022-05-12 00:00:00.000 +0200,140.69,144.08,136.787,140.523,159069586
2022-05-13 00:00:00.000 +0200,142.558,145.953,141.03,144.992,101829104
2022-05-16 00:00:00.000 +0200,143.499,145.381,142.09,143.43,73545519
2022-05-17 00:00:00.000 +0200,146.702,147.598,144.553,147.076,68296399
2022-05-18 00:00:00.000 +0200,144.731,145.223,137.871,138.778,96724431
2022-05-19 00:00:00.000 +0200,137.852,139.606,134.619,135.319,117957069
2022-05-20 00:00:00.000 +0200,137.054,138.66,130.687,135.625,123115030
2022-05-23 00:00:00.000 +0200,135.792,141.183,135.654,141.074,104896010
2022-05-24 00:00:00.000 +0200,138.788,139.912,135.339,138.384,93407721
2022-05-25 00:00:00.000 +0200,136.428,139.734,136.339,138.666,80968930
2022-05-26 00:00:00.000 +0200,135.398,142.247,135.152,141.666,80380379
2022-05-27 00:00:00.000 +0200,143.282,147.51,143.154,147.48,82635890
2022-05-31 00:00:00.000 +0200,146.909,148.476,144.711,146.682,88899786
2022-06-01 00:00:00.000 +0200,147.736,149.54,145.539,146.544,65132806
2022-06-02 00:00:00.000 +0200,145.667,149.077,144.731,149.037,63938775
2022-06-03 00:00:00.000 +0200,144.77,145.825,142.365,143.282,78068287
2022-06-06 00:00:00.000 +0200,144.86,146.416,142.8,144.022,62978698
2022-06-07 00:00:00.000 +0200,142.287,146.84,142.011,146.534,60196677
2022-06-08 00:00:00.000 +0200,146.426,147.697,145.322,145.854,48332350
2022-06-09 00:00:00.000 +0200,144.957,145.805,140.463,140.537,63061167
2022-06-10 00:00:00.000 +0200,138.246,138.719,135.073,135.132,81017964
2022-06-13 00:00:00.000 +0200,130.924,133.24,129.534,129.968,109513926
2022-06-14 00:00:00.000 +0200,131.2,131.949,129.574,130.934,73923939
2022-06-15 00:00:00.000 +0200,132.274,135.349,130.244,133.456,81495604
2022-06-16 00:00:00.000 +0200,130.165,130.47,127.169,128.214,93031471
2022-06-17 00:00:00.000 +0200,128.185,131.15,127.929,129.515,123205974
2022-06-21 00:00:00.000 +0200,131.485,135.073,131.387,133.89,72037111
2022-06-22 00:00:00.000 +0200,132.836,135.763,131.968,133.338,64699801
2022-06-23 00:00:00.000 +0200,134.866,136.581,133.663,136.245,62286274
2022-06-24 00:00:00.000 +0200,137.872,139.852,137.743,139.754,77583926
2022-06-27 00:00:00.000 +0200,140.611,141.41,138.921,139.655,58217313
2022-06-28 00:00:00.000 +0200,140.107,141.341,135.332,135.445,60705993
2022-06-29 00:00:00.000 +0200,135.467,138.63,134.688,137.231,59575510
2022-06-30 00:00:00.000 +0200,135.25,136.364,131.834,134.777,89877330
2022-07-01 00:00:00.000 +0200,134.068,137.024,133.693,136.925,62748695
2022-07-05 00:00:00.000 +0200,135.782,139.557,134.945,139.537,63266601
2022-07-06 00:00:00.000 +0200,139.31,142.03,139.034,140.887,65610005
2022-07-07 00:00:00.000 +0200,141.193,144.425,141.193,144.228,59817137
2022-07-08 00:00:00.000 +0200,143.105,145.411,142.898,144.898,57994412
2022-07-11 00:00:00.000 +0200,143.597,144.514,141.695,142.804,52597830
2022-07-12 00:00:00.000 +0200,143.725,146.298,142.947,143.745,68129083
2022-07-13 00:00:00.000 +0200,140.917,144.327,140.059,143.341,60747604
2022-07-14 00:00:00.000 +0200,141.991,146.79,141.173,146.327,68772538
2022-07-15 00:00:00.000 +0200,147.648,148.673,146.051,147.993,68032682
2022-07-18 00:00:00.000 +0200,148.554,149.372,144.573,144.997,68821563
2022-07-19 00:00:00.000 +0200,145.785,149.037,144.78,148.781,73923097
2022-07-20 00:00:00.000 +0200,148.88,151.491,148.19,150.811,57404784
2022-07-21 00:00:00.000 +0200,152.26,153.314,149.737,153.127,56296571
2022-07-22 00:00:00.000 +0200,153.137,154.014,151.186,151.905,59244535
2022-07-25 00:00:00.000 +0200,151.777,152.792,150.072,150.731,47080402
2022-07-26 00:00:00.000 +0200,150.057,150.87,148.618,149.367,47929830
2022-07-27 00:00:00.000 +0200,150.338,155.049,149.954,154.438,67255717
2022-07-28 00:00:00.000 +0200,154.704,155.354,152.171,155.019,70790296
2022-07-29 00:00:00.000 +0200,158.902,161.257,157.187,160.213,86557296
2022-08-01 00:00:00.000 +0200,158.675,161.218,158.557,159.227,54044485
2022-08-02 00:00:00.000 +0200,157.828,160.055,157.315,157.67,49227208
2022-08-03 00:00:00.000 +0200,158.508,164.175,158.419,163.721,70103531
2022-08-04 00:00:00.000 +0200,163.603,164.766,162.046,163.416,46447420
2022-08-05 00:00:00.000 +0200,161.087,163.672,160.86,163.169,49215382
2022-08-08 00:00:00.000 +0200,164.185,165.607,162.044,162.715,44618486
2022-08-09 00:00:00.000 +0200,161.847,163.643,161.106,162.764,52036818
2022-08-10 00:00:00.000 +0200,165.459,167.116,164.709,167.018,60510498
2022-08-11 00:00:00.000 +0200,167.827,168.745,165.982,166.307,48500764
2022-08-12 00:00:00.000 +0200,167.59,169.909,167.176,169.89,59181119
2022-08-15 00:00:00.000 +0200,169.248,171.113,169.095,170.916,42822721
2022-08-16 00:00:00.000 +0200,170.511,171.429,169.408,170.758,46564312
2022-08-17 00:00:00.000 +0200,170.501,173.837,170.304,172.327,68787077
2022-08-18 00:00:00.000 +0200,171.459,172.603,170.847,171.893,53493921
2022-08-19 00:00:00.000 +0200,170.758,171.459,169.061,169.268,62215061
2022-08-22 00:00:00.000 +0200,167.442,167.63,164.94,165.389,57554755
2022-08-23 00:00:00.000 +0200,164.926,166.495,164.462,165.034,45577599
2022-08-24 00:00:00.000 +0200,165.212,165.903,164.062,165.429,46643317
2022-08-25 00:00:00.000 +0200,166.564,167.906,166.139,167.896,44227223
2022-08-26 00:00:00.000 +0200,168.33,168.804,161.412,161.511,67738221
2022-08-29 00:00:00.000 +0200,159.029,160.761,157.722,159.251,62518450
2022-08-30 00:00:00.000 +0200,160.031,160.426,155.649,156.823,66123691
2022-08-31 00:00:00.000 +0200,158.2,158.472,155.077,155.106,75710967
2022-09-01 00:00:00.000 +0200,154.583,156.34,152.639,155.896,65623211
2022-09-02 00:00:00.000 +0200,157.65,158.254,152.928,153.802,68382175
2022-09-06 00:00:00.000 +0200,154.406,155.027,151.672,152.511,63658920
2022-09-07 00:00:00.000 +0200,152.758,154.613,151.593,153.873,78503782
2022-09-08 00:00:00.000 +0200,152.659,154.307,150.675,152.442,73232380
2022-09-09 00:00:00.000 +0200,153.438,155.748,152.718,155.284,58616519
2022-09-12 00:00:00.000 +0200,157.504,162.103,157.208,161.304,90150898
2022-09-13 00:00:00.000 +0200,157.899,158.432,151.356,151.83,108636304
2022-09-14 00:00:00.000 +0200,152.728,155.037,151.594,153.271,76434347
2022-09-15 00:00:00.000 +0200,152.619,153.202,149.392,150.35,77800967
2022-09-16 00:00:00.000 +0200,149.225,149.363,146.422,148.465,146945357
2022-09-19 00:00:00.000 +0200,147.35,152.531,147.142,152.511,71196193
2022-09-20 00:00:00.000 +0200,151.386,156.004,151.07,154.84,96286144
2022-09-21 00:00:00.000 +0200,155.274,156.656,151.583,151.692,88398733
2022-09-22 00:00:00.000 +0200,150.389,152.442,148.929,150.695,76945739
2022-09-23 00:00:00.000 +0200,149.205,149.481,146.609,148.553,83354058
2022-09-26 00:00:00.000 +0200,147.695,151.751,147.675,148.771,81565709
2022-09-27 00:00:00.000 +0200,150.734,152.688,147.976,149.757,74227294
2022-09-28 00:00:00.000 +0200,145.7,148.662,142.937,147.832,127796749
2022-09-29 00:00:00.000 +0200,144.182,144.794,138.833,140.718,113957883
2022-09-30 00:00:00.000 +0200,139.356,141.221,136.188,136.267,110412245
2022-10-03 00:00:00.000 +0200,136.445,141.191,135.877,140.57,96522151
2022-10-04 00:00:00.000 +0200,143.126,144.3,142.366,144.241,76058147
2022-10-05 00:00:00.000 +0200,142.178,145.445,141.132,144.497,70131360
2022-10-06 00:00:00.000 +0200,143.974,145.603,143.313,143.58,57900272
2022-10-07 00:00:00.000 +0200,140.708,141.221,137.614,138.26,76389452
2022-10-10 00:00:00.000 +0200,138.576,140.027,136.753,138.507,66628900
2022-10-11 00:00:00.000 +0200,138.053,139.494,136.405,137.126,69512951
2022-10-12 00:00:00.000 +0200,137.293,138.517,136.346,136.479,61941949
2022-10-13 00:00:00.000 +0200,133.218,141.705,132.606,141.053,102598677
2022-10-14 00:00:00.000 +0200,142.415,142.622,136.376,136.563,80908420
2022-10-17 00:00:00.000 +0200,139.213,141.024,138.428,140.53,77324353
2022-10-18 00:00:00.000 +0200,143.441,144.774,138.764,141.902,90140098
2022-10-19 00:00:00.000 +0200,139.781,143.047,139.643,142.011,55971599
2022-10-20 00:00:00.000 +0200,141.142,143.974,140.777,141.448,57203287
2022-10-21 00:00:00.000 +0200,140.996,145.909,140.778,145.338,76480731
2022-10-24 00:00:00.000 +0200,145.188,148.257,144.083,147.596,67651888
2022-10-25 00:00:00.000 +0200,148.188,150.488,147.399,150.389,66627132
2022-10-26 00:00:00.000 +0200,148.919,149.994,146.096,147.547,76701201
2022-10-27 00:00:00.000 +0200,146.13,147.093,142.241,143.1,94249942
2022-10-28 00:00:00.000 +0200,146.136,155.432,145.879,153.665,147816808
2022-10-31 00:00:00.000 +0200,151.179,152.215,149.925,151.435,84184745
2022-11-01 00:00:00.000 +0200,153.034,153.409,147.172,148.593,71242282
2022-11-02 00:00:00.000 +0200,147.113,150.172,143.096,143.106,83480399
2022-11-03 00:00:00.000 +0200,140.205,140.925,136.928,137.056,84636508
2022-11-04 00:00:00.000 +0200,140.457,141.03,132.836,136.799,125284537
2022-11-07 00:00:00.000 +0200,135.539,137.551,134.117,137.368,73541976
2022-11-08 00:00:00.000 +0200,138.786,139.804,135.91,137.907,73075323
2022-11-09 00:00:00.000 +0200,136.908,136.958,133.046,133.32,65661163
2022-11-10 00:00:00.000 +0200,139.617,145.182,138.786,145.113,106483934
2022-11-11 00:00:00.000 +0200,144.144,148.286,142.711,147.979,84326436
2022-11-14 00:00:00.000 +0200,147.347,148.553,145.736,146.665,64519869
2022-11-15 00:00:00.000 +0200,150.48,151.825,146.854,148.345,80927201
2022-11-16 00:00:00.000 +0200,147.248,148.147,145.597,147.07,56502344
2022-11-17 00:00:00.000 +0200,144.876,149.739,144.47,149.017,73301986
2022-11-18 00:00:00.000 +0200,150.421,150.945,148.246,149.571,66963355
2022-11-21 00:00:00.000 +0200,148.355,148.642,146.017,146.319,51661703
2022-11-22 00:00:00.000 +0200,146.427,148.691,145.236,148.523,47047751
2022-11-23 00:00:00.000 +0200,147.732,150.085,147.624,149.403,51848812
2022-11-25 00:00:00.000 +0200,146.6,147.169,145.429,146.457,31077867
2022-11-28 00:00:00.000 +0200,143.502,144.955,141.732,142.562,61694206
2022-11-29 00:00:00.000 +0200,142.622,143.146,138.742,139.538,74539486
2022-11-30 00:00:00.000 +0200,140.421,147.011,139.582,146.991,96252876
2022-12-01 00:00:00.000 +0200,146.507,147.416,144.925,146.625,59650806
2022-12-02 00:00:00.000 +0200,144.332,146.299,143.976,146.101,58041410
2022-12-05 00:00:00.000 +0200,146.032,149.185,144.095,144.925,61540374
2022-12-06 00:00:00.000 +0200,145.37,145.607,140.289,141.277,58259142
2022-12-07 00:00:00.000 +0200,140.556,141.722,138.391,139.32,62172686
2022-12-08 00:00:00.000 +0200,140.763,141.87,139.478,141.03,54392343
2022-12-09 00:00:00.000 +0200,140.704,143.897,139.281,140.556,67651355
2022-12-12 00:00:00.000 +0200,141.258,142.839,139.439,142.834,58929949
2022-12-13 00:00:00.000 +0200,147.753,148.246,142.583,143.819,81465714
2022-12-14 00:00:00.000 +0200,143.684,144.974,139.542,141.579,70618245
2022-12-15 00:00:00.000 +0200,139.488,140.17,134.462,134.921,84157599
2022-12-16 00:00:00.000 +0200,135.114,136.068,132.193,132.974,132788011
2022-12-19 00:00:00.000 +0200,133.547,133.646,129.763,130.78,68703590
2022-12-20 00:00:00.000 +0200,129.929,131.718,128.397,130.77,68542341
2022-12-21 00:00:00.000 +0200,131.462,135.238,131.224,133.873,74200148
2022-12-22 00:00:00.000 +0200,132.885,133.013,128.802,130.73,69155322
2022-12-23 00:00:00.000 +0200,129.42,130.898,128.155,130.349,56414561
2022-12-27 00:00:00.000 +0200,129.9,129.9,127.231,128.546,60143474
2022-12-28 00:00:00.000 +0200,128.241,129.524,124.426,124.604,76147164
2022-12-29 00:00:00.000 +0200,126.518,128.98,126.261,128.109,68749305
2022-12-30 00:00:00.000 +0200,126.934,128.456,125.965,128.417,68631885
2023-01-03 00:00:00.000 +0200,128.753,129.396,122.743,123.613,99266155
2023-01-04 00:00:00.000 +0200,125.436,127.181,123.647,124.932,78100999
2023-01-05 00:00:00.000 +0200,125.669,126.302,123.326,123.593,70568807
2023-01-06 00:00:00.000 +0200,124.552,128.793,123.455,128.012,77402021
2023-01-09 00:00:00.000 +0200,128.98,131.877,128.397,128.694,61955331
2023-01-10 00:00:00.000 +0200,128.779,129.751,126.644,129.244,57178848
2023-01-11 00:00:00.000 +0200,129.732,131.976,128.961,131.946,62397557
2023-01-12 00:00:00.000 +0200,132.312,132.717,129.929,131.852,61994568
2023-01-13 00:00:00.000 +0200,130.433,133.369,130.147,133.152,51607344
2023-01-17 00:00:00.000 +0200,133.28,135.712,132.588,134.368,55643284
2023-01-18 00:00:00.000 +0200,135.247,137.017,133.478,133.646,61366374
2023-01-19 00:00:00.000 +0200,132.549,134.684,132.233,133.727,51765822
2023-01-20 00:00:00.000 +0200,133.715,136.434,132.677,136.256,72583179
2023-01-23 00:00:00.000 +0200,136.547,141.673,136.32,139.483,71236808
2023-01-24 00:00:00.000 +0200,138.692,141.515,138.687,140.862,50959414
2023-01-25 00:00:00.000 +0200,139.271,140.793,137.215,140.22,56490061
2023-01-26 00:00:00.000 +0200,141.524,142.592,140.269,142.266,47909266
2023-01-27 00:00:00.000 +0200,141.534,145.538,141.436,144.292,60437538
2023-01-30 00:00:00.000 +0200,143.289,143.877,141.208,141.386,55539289
2023-01-31 00:00:00.000 +0200,141.05,142.681,140.645,142.641,58091365
2023-02-01 00:00:00.000 +0200,142.286,144.925,139.696,143.788,68195089
2023-02-02 00:00:00.000 +0200,147.11,149.442,146.467,149.185,97263055
2023-02-03 00:00:00.000 +0200,146.329,155.571,146.131,152.724,128676371
2023-02-06 00:00:00.000 +0200,150.821,151.34,149.047,149.937,57559285
2023-02-07 00:00:00.000 +0200,148.998,153.446,148.899,152.863,72542165
2023-02-08 00:00:00.000 +0200,152.003,152.803,149.431,150.199,55857274
2023-02-09 00:00:00.000 +0200,152.008,152.556,148.691,149.146,47234140
2023-02-10 00:00:00.000 +0200,147.997,149.829,147.73,149.512,45306858
2023-02-13 00:00:00.000 +0200,149.453,152.72,149.413,152.304,54257027
2023-02-14 00:00:00.000 +0200,150.601,152.235,149.354,151.571,53422161
2023-02-15 00:00:00.000 +0200,151.581,153.947,151.354,153.809,53804336
2023-02-16 00:00:00.000 +0200,151.898,154.769,151.816,152.156,57384581
2023-02-17 00:00:00.000 +0200,150.829,151.472,149.344,151.017,49528062
2023-02-21 00:00:00.000 +0200,148.829,149.789,146.923,146.998,50372701
2023-02-22 00:00:00.000 +0200,147.324,148.453,145.691,147.443,45917166
2023-02-23 00:00:00.000 +0200,148.591,148.839,145.77,147.928,41926890
2023-02-24 00:00:00.000 +0200,145.631,145.72,144.265,145.245,49744487
2023-02-27 00:00:00.000 +0200,146.235,147.681,145.978,146.442,39450290
2023-02-28 00:00:00.000 +0200,145.582,147.592,145.364,145.928,43805576
2023-03-01 00:00:00.000 +0200,145.366,145.76,143.564,143.88,47987037
2023-03-02 00:00:00.000 +0200,142.958,145.245,142.463,144.453,46333578
2023-03-03 00:00:00.000 +0200,146.567,149.601,145.859,149.591,61477159
2023-03-06 00:00:00.000 +0200,152.235,154.739,151.928,152.334,75569388
2023-03-07 00:00:00.000 +0200,152.106,152.492,149.621,150.067,47853843
2023-03-08 00:00:00.000 +0200,151.245,151.938,150.314,151.364,42206266
2023-03-09 00:00:00.000 +0200,151.962,152.997,148.73,149.052,47698315
2023-03-10 00:00:00.000 +0200,148.71,149.433,146.136,146.998,60641114
2023-03-13 00:00:00.000 +0200,146.329,151.611,146.225,148.958,73910304
2023-03-14 00:00:00.000 +0200,149.77,151.868,148.601,151.027,64683540
2023-03-15 00:00:00.000 +0200,149.685,151.72,148.428,151.467,66344853
2023-03-16 00:00:00.000 +0200,150.631,154.898,150.126,154.353,67459886
2023-03-17 00:00:00.000 +0200,154.522,155.175,152.74,153.457,84446828
2023-03-20 00:00:00.000 +0200,153.522,156.244,152.611,155.888,65863493
2023-03-21 00:00:00.000 +0200,155.71,157.809,154.977,157.809,66697273
2023-03-22 00:00:00.000 +0200,157.7,160.521,156.234,156.239,61507209
2023-03-23 00:00:00.000 +0200,157.185,159.937,156.106,157.304,59541902
2023-03-24 00:00:00.000 +0200,157.294,158.739,156.274,158.65,50405783
2023-03-27 00:00:00.000 +0200,158.333,159.165,156.294,156.72,44335909
2023-03-28 00:00:00.000 +0200,156.413,156.908,154.423,156.096,41019852
2023-03-29 00:00:00.000 +0200,157.779,159.442,157.759,159.175,45404350
2023-03-30 00:00:00.000 +0200,159.977,160.848,159.661,160.749,41739047
2023-03-31 00:00:00.000 +0200,160.808,163.353,160.293,163.194,60862053
2023-04-03 00:00:00.000 +0200,162.63,164.63,162.571,164.442,45184679
2023-04-04 00:00:00.000 +0200,164.927,165.174,163.462,163.996,38499086
2023-04-05 00:00:00.000 +0200,163.095,163.402,160.185,162.125,45186399
2023-04-06 00:00:00.000 +0200,160.78,163.313,160.384,163.008,39185236
2023-04-10 00:00:00.000 +0200,159.779,160.412,158.482,160.407,40383763
2023-04-11 00:00:00.000 +0200,160.729,160.739,158.907,159.195,39847390
2023-04-12 00:00:00.000 +0200,159.61,160.442,158.185,158.531,43111833
2023-04-13 00:00:00.000 +0200,160.016,164.145,159.808,163.937,60162123
2023-04-14 00:00:00.000 +0200,162.947,164.659,162.184,163.561,42662628
2023-04-17 00:00:00.000 +0200,163.442,163.739,162.392,163.62,35858996
2023-04-18 00:00:00.000 +0200,164.412,165.739,163.996,164.798,42194238
2023-04-19 00:00:00.000 +0200,164.164,166.481,163.887,165.946,40666937
2023-04-20 00:00:00.000 +0200,164.432,166.194,163.907,164.986,43941585
2023-04-21 00:00:00.000 +0200,163.4,164.788,162.846,163.37,48079298
2023-04-24 00:00:00.000 +0200,163.333,163.947,162.254,163.709,32292108
2023-04-25 00:00:00.000 +0200,163.546,164.65,162.1,162.169,41506130
2023-04-26 00:00:00.000 +0200,161.412,163.63,161.175,162.085,37001164
2023-04-27 00:00:00.000 +0200,163.491,166.877,163.491,166.719,56545055
2023-04-28 00:00:00.000 +0200,166.798,168.154,166.204,167.996,47172647
2023-05-01 00:00:00.000 +0200,167.59,168.748,166.956,167.867,41963529
2023-05-02 00:00:00.000 +0200,168.382,168.649,165.867,166.867,41434812
2023-05-03 00:00:00.000 +0200,167.818,169.214,165.491,165.793,50895745
2023-05-04 00:00:00.000 +0200,163.234,165.372,162.67,164.125,63578869
2023-05-05 00:00:00.000 +0200,169.293,172.56,169.055,171.887,93736652
2023-05-08 00:00:00.000 +0200,170.758,172.114,170.392,171.788,45049205
2023-05-09 00:00:00.000 +0200,171.401,171.807,169.887,170.065,36235610
2023-05-10 00:00:00.000 +0200,171.283,172.292,170.184,171.818,46015884
2023-05-11 00:00:00.000 +0200,172.114,172.847,170.451,172.075,42556533
2023-05-12 00:00:00.000 +0200,172.124,172.561,169.527,171.073,38466819
2023-05-15 00:00:00.000 +0200,171.668,171.718,169.993,170.657,31194326
2023-05-16 00:00:00.000 +0200,170.51,171.648,170.321,170.599,33970591
2023-05-17 00:00:00.000 +0200,170.236,171.44,168.957,171.168,46977492
2023-05-18 00:00:00.000 +0200,171.51,173.73,171.093,173.562,54471609
2023-05-19 00:00:00.000 +0200,174.543,174.87,173.384,173.632,44209329
2023-05-22 00:00:00.000 +0200,172.461,173.205,171.956,172.739,35635506
2023-05-23 00:00:00.000 +0200,171.639,171.886,169.8,170.073,39040671
2023-05-24 00:00:00.000 +0200,169.618,170.935,169.053,170.371,35767382
2023-05-25 00:00:00.000 +0200,171.019,172.402,170.216,171.513,45888672
2023-05-26 00:00:00.000 +0200,171.817,174.256,171.619,173.869,44895356
2023-05-30 00:00:00.000 +0200,175.465,177.448,175.049,175.802,46719544
2023-05-31 00:00:00.000 +0200,175.783,177.805,175.237,175.892,81308569
2023-06-01 00:00:00.000 +0200,176.169,178.568,175.406,178.548,55937671
2023-06-02 00:00:00.000 +0200,179.47,180.214,177.716,179.391,51011037
2023-06-05 00:00:00.000 +0200,181.056,183.357,176.5,178.052,104760007
2023-06-06 00:00:00.000 +0200,178.415,178.568,175.901,177.617,53144457
2023-06-07 00:00:00.000 +0200,176.903,179.649,175.792,176.298,50939714
2023-06-08 00:00:00.000 +0200,176.358,179.282,175.931,178.995,40705857
2023-06-09 00:00:00.000 +0200,179.956,180.66,179.074,179.49,41353335
2023-06-12 00:00:00.000 +0200,179.708,182.306,179.411,182.256,41973670
2023-06-13 00:00:00.000 +0200,181.215,182.564,180.868,181.741,41773177
2023-06-14 00:00:00.000 +0200,181.79,182.802,180.452,182.375,46606929
2023-06-15 00:00:00.000 +0200,182.395,184.913,182.197,184.427,54580782
2023-06-16 00:00:00.000 +0200,185.002,185.379,182.683,183.416,79444015
2023-06-20 00:00:00.000 +0200,182.821,184.497,182.821,183.436,40021744
2023-06-21 00:00:00.000 +0200,183.307,183.813,181.017,182.375,42238762
2023-06-22 00:00:00.000 +0200,182.162,185.439,182.093,185.364,42605268
2023-06-23 00:00:00.000 +0200,183.952,185.944,183.416,185.072,44279743
2023-06-26 00:00:00.000 +0200,185.191,186.43,183.634,183.714,39958038
2023-06-27 00:00:00.000 +0200,184.289,186.767,184.071,186.42,41856339
2023-06-28 00:00:00.000 +0200,186.351,188.264,185.984,187.649,41783794
2023-06-29 00:00:00.000 +0200,187.382,188.433,187.312,187.967,37889566
2023-06-30 00:00:00.000 +0200,189.979,192.805,189.612,192.13,70552207
2023-07-03 00:00:00.000 +0200,192.041,192.21,190.108,190.812,26614661
2023-07-05 00:00:00.000 +0200,189.92,191.318,188.978,189.682,36595365
2023-07-06 00:00:00.000 +0200,188.274,190.366,187.57,190.128,35779519
2023-07-07 00:00:00.000 +0200,189.751,191.01,188.601,189.067,39175940
2023-07-10 00:00:00.000 +0200,187.6,188.353,185.424,187.005,48868215
2023-07-11 00:00:00.000 +0200,187.53,187.669,184.993,186.44,37824941
2023-07-12 00:00:00.000 +0200,188.046,190.049,186.846,188.185,49224262
2023-07-13 00:00:00.000 +0200,188.859,189.543,188.145,188.899,32977138
2023-07-14 00:00:00.000 +0200,188.591,189.533,187.996,189.077,34651634
2023-07-17 00:00:00.000 +0200,190.247,192.646,190.158,192.309,41710620
2023-07-18 00:00:00.000 +0200,191.734,192.656,190.757,192.061,40899287
2023-07-19 00:00:00.000 +0200,191.437,196.522,190.99,193.399,65107202
2023-07-20 00:00:00.000 +0200,193.399,194.777,190.837,191.476,51790482
2023-07-21 00:00:00.000 +0200,192.428,193.29,189.583,190.277,51538427
2023-07-24 00:00:00.000 +0200,191.744,193.231,190.594,191.075,33875868
2023-07-25 00:00:00.000 +0200,191.724,192.765,191.253,191.952,29741173
2023-07-26 00:00:00.000 +0200,192.041,193.955,191.655,192.844,37001309
2023-07-27 00:00:00.000 +0200,194.361,195.501,190.891,191.565,38336912
2023-07-28 00:00:00.000 +0200,193.027,194.936,192.471,194.157,38069681
2023-07-31 00:00:00.000 +0200,194.401,194.797,193.578,194.787,31815285
2023-08-01 00:00:00.000 +0200,194.54,195.035,193.598,193.915,28369895
2023-08-02 00:00:00.000 +0200,193.36,193.499,190.198,190.931,40312756
2023-08-03 00:00:00.000 +0200,189.91,190.713,189.047,189.364,49737808
2023-08-04 00:00:00.000 +0200,183.922,185.766,180.353,180.422,94775876
2023-08-07 00:00:00.000 +0200,180.601,181.552,175.822,177.269,78510421
2023-08-08 00:00:00.000 +0200,178.152,178.717,176.05,178.251,54958977
2023-08-09 00:00:00.000 +0200,179.272,179.371,175.485,176.665,49141700
2023-08-10 00:00:00.000 +0200,177.924,179.193,176.07,176.476,44216591
2023-08-11 00:00:00.000 +0200,176.06,177.32,175.265,176.596,41007358
2023-08-14 00:00:00.000 +0200,176.625,178.383,176.015,178.204,35436439
2023-08-15 00:00:00.000 +0200,177.628,178.174,175.762,176.189,32668282
2023-08-16 00:00:00.000 +0200,175.841,177.241,175.216,175.274,34394583
2023-08-17 00:00:00.000 +0200,175.915,176.218,172.222,172.729,47820078
2023-08-18 00:00:00.000 +0200,171.046,173.826,170.709,173.22,47624100
2023-08-21 00:00:00.000 +0200,173.826,174.848,172.471,174.521,38227380
2023-08-22 00:00:00.000 +0200,175.772,176.387,174.968,175.931,34173266
2023-08-23 00:00:00.000 +0200,177.261,180.229,177.028,179.822,44742622
2023-08-24 00:00:00.000 +0200,179.411,179.782,174.725,175.043,45753204
2023-08-25 00:00:00.000 +0200,176.119,177.847,174.541,177.301,39636477
2023-08-28 00:00:00.000 +0200,178.78,179.276,177.246,178.899,34180621
2023-08-29 00:00:00.000 +0200,178.388,183.555,178.194,182.78,45569804
2023-08-30 00:00:00.000 +0200,183.524,186.483,183.454,186.364,53201061
2023-08-31 00:00:00.000 +0200,186.493,187.744,186.116,186.503,49909350
2023-09-01 00:00:00.000 +0200,188.191,188.538,186.91,188.091,37563431
2023-09-05 00:00:00.000 +0200,186.851,188.598,186.245,188.32,36079141
2023-09-06 00:00:00.000 +0200,187.029,187.476,180.15,181.569,70035983
2023-09-07 00:00:00.000 +0200,173.915,176.913,172.277,176.268,95835506
2023-09-08 00:00:00.000 +0200,177.153,178.929,176.497,176.894,55979772
2023-09-11 00:00:00.000 +0200,178.77,178.988,176.05,178.075,49243317
2023-09-12 00:00:00.000 +0200,178.144,178.819,173.548,175.027,77494887
2023-09-13 00:00:00.000 +0200,175.216,176.01,172.714,172.933,70177908
2023-09-14 00:00:00.000 +0200,172.734,174.819,172.317,174.451,49671370
2023-09-15 00:00:00.000 +0200,175.131,175.216,172.56,173.692,90471792
2023-09-18 00:00:00.000 +0200,175.285,178.075,174.888,176.685,56330908
2023-09-19 00:00:00.000 +0200,176.228,178.323,175.841,177.797,44796153
2023-09-20 00:00:00.000 +0200,177.961,178.393,174.129,174.218,48627873
2023-09-21 00:00:00.000 +0200,173.28,175.017,172.595,172.665,51797338
2023-09-22 00:00:00.000 +0200,173.4,175.792,172.785,173.47,48429728
2023-09-25 00:00:00.000 +0200,172.933,175.682,172.883,174.809,39737945
2023-09-26 00:00:00.000 +0200,173.548,173.925,170.411,170.649,55167378
2023-09-27 00:00:00.000 +0200,171.364,171.781,167.82,169.19,57317653
2023-09-28 00:00:00.000 +0200,168.316,170.778,166.4,169.448,48839107
2023-09-29 00:00:00.000 +0200,170.768,171.811,169.102,169.974,43835464
2023-10-02 00:00:00.000 +0200,170.044,173.032,169.686,172.486,43095143
2023-10-03 00:00:00.000 +0200,171.036,172.367,169.577,171.205,43068043
2023-10-04 00:00:00.000 +0200,169.865,172.942,169.726,172.396,44663693
2023-10-05 00:00:00.000 +0200,172.476,174.173,171.424,173.697,41570729
2023-10-06 00:00:00.000 +0200,172.635,176.695,171.92,176.199,49723561
2023-10-09 00:00:00.000 +0200,175.514,177.747,174.521,177.698,36279953
2023-10-10 00:00:00.000 +0200,176.804,178.412,176.655,177.112,37276496
2023-10-11 00:00:00.000 +0200,176.953,178.541,176.308,178.442,39506688
2023-10-12 00:00:00.000 +0200,178.76,181.013,177.737,179.415,47535193
2023-10-13 00:00:00.000 +0200,180.07,180.606,176.844,177.569,41439237
2023-10-16 00:00:00.000 +0200,175.479,177.777,175.231,177.38,44698272
2023-10-17 00:00:00.000 +0200,175.385,177.122,173.528,175.851,50175326
2023-10-18 00:00:00.000 +0200,174.297,176.288,173.841,174.566,46308347
2023-10-19 00:00:00.000 +0200,174.719,176.546,173.915,174.173,47575433
2023-10-20 00:00:00.000 +0200,174.094,174.144,171.384,171.582,51750345
2023-10-23 00:00:00.000 +0200,169.666,172.744,168.694,171.702,45826707
2023-10-24 00:00:00.000 +0200,171.741,172.406,170.203,172.128,36810590
2023-10-25 00:00:00.000 +0200,170.629,171.801,169.408,169.845,46309165
2023-10-26 00:00:00.000 +0200,169.163,170.133,164.467,165.549,59758438
2023-10-27 00:00:00.000 +0200,165.696,167.731,165.616,167.061,50601823
2023-10-30 00:00:00.000 +0200,167.79,169.925,167.641,168.991,42387045
2023-10-31 00:00:00.000 +0200,168.038,169.657,166.678,169.527,35669078
2023-11-01 00:00:00.000 +0200,169.805,172.962,168.882,172.645,47787490
2023-11-02 00:00:00.000 +0200,174.243,176.486,174.183,176.486,63934742
2023-11-03 00:00:00.000 +0200,172.972,175.533,172.089,175.345,67258874
2023-11-06 00:00:00.000 +0200,175.077,178.124,174.928,177.985,50201775
2023-11-07 00:00:00.000 +0200,177.876,181.113,177.668,180.557,56313280
2023-11-08 00:00:00.000 +0200,181.083,182.115,180.269,181.559,42012337
2023-11-09 00:00:00.000 +0200,181.629,182.78,180.487,181.113,43775984
2023-11-10 00:00:00.000 +0200,182.877,185.457,182.44,185.233,53231226
2023-11-13 00:00:00.000 +0200,184.661,184.92,183.111,183.667,34012106
2023-11-14 00:00:00.000 +0200,186.57,186.987,185.188,186.321,47891078
2023-11-15 00:00:00.000 +0200,186.724,188.369,186.659,186.967,43569332
2023-11-16 00:00:00.000 +0200,188.399,189.82,187.524,188.637,46068403
2023-11-17 00:00:00.000 +0200,189.115,189.244,187.445,188.578,41933215
2023-11-20 00:00:00.000 +0200,188.762,190.765,188.752,190.362,39127561
2023-11-21 00:00:00.000 +0200,190.317,190.377,188.608,189.512,30895033
2023-11-22 00:00:00.000 +0200,190.347,191.779,189.686,190.158,34114176
2023-11-24 00:00:00.000 +0200,189.731,189.761,188.121,188.856,20370476
2023-11-27 00:00:00.000 +0200,188.777,189.532,187.773,188.647,32028385
2023-11-28 00:00:00.000 +0200,188.647,189.94,188.27,189.254,32075495
2023-11-29 00:00:00.000 +0200,189.771,190.944,187.842,188.22,31246106
2023-11-30 00:00:00.000 +0200,188.707,189.184,187.067,188.816,39695953
2023-12-01 00:00:00.000 +0200,189.194,190.417,188.101,190.119,33758133
2023-12-04 00:00:00.000 +0200,188.846,188.916,186.332,188.319,36266813
2023-12-05 00:00:00.000 +0200,189.075,193.24,189.045,192.345,54939239
2023-12-06 00:00:00.000 +0200,193.29,193.598,190.963,191.182,33609162
2023-12-07 00:00:00.000 +0200,192.474,193.836,192.435,193.081,36573778
2023-12-08 00:00:00.000 +0200,192.922,194.82,192.514,194.552,42927209
2023-12-11 00:00:00.000 +0200,192.067,192.335,190.278,192.037,48525190
2023-12-12 00:00:00.000 +0200,191.769,193.558,190.577,193.508,39092674
2023-12-13 00:00:00.000 +0200,193.916,196.818,193.687,196.699,57272100
2023-12-14 00:00:00.000 +0200,196.828,198.429,194.989,196.957,54053046
2023-12-15 00:00:00.000 +0200,196.351,197.216,195.824,195.944,92335753
2023-12-18 00:00:00.000 +0200,194.94,195.457,193.23,194.693,42318071
2023-12-19 00:00:00.000 +0200,194.979,195.775,194.721,195.745,33203234
2023-12-20 00:00:00.000 +0200,195.685,196.5,193.677,193.677,41520213
2023-12-21 00:00:00.000 +0200,194.959,195.904,192.345,193.518,37096618
2023-12-22 00:00:00.000 +0200,194.005,194.244,191.818,192.375,30986461
2023-12-26 00:00:00.000 +0200,192.455,192.733,191.679,191.888,23810103
2023-12-27 00:00:00.000 +0200,191.341,192.345,189.95,192.037,37665222
2023-12-28 00:00:00.000 +0200,192.932,193.498,192.017,192.425,27827573
2023-12-29 00:00:00.000 +0200,192.723,193.24,190.581,191.371,34508984
2024-01-02 00:00:00.000 +0200,186.053,187.315,182.788,184.418,66474450
2024-01-03 00:00:00.000 +0200,183.19,184.771,182.335,183.14,46381986
2024-01-04 00:00:00.000 +0200,181.086,181.997,179.803,180.837,54590232
2024-01-05 00:00:00.000 +0200,180.854,181.669,179.095,180.099,51573002
2024-01-08 00:00:00.000 +0200,181.063,184.492,180.417,184.443,48757770
2024-01-09 00:00:00.000 +0200,182.822,184.045,181.639,184.025,35201104
2024-01-10 00:00:00.000 +0200,183.21,185.288,182.822,185.039,37669533
2024-01-11 00:00:00.000 +0200,185.427,185.934,182.524,184.472,38688125
2024-01-12 00:00:00.000 +0200,184.94,185.626,184.085,184.81,33067053
2024-01-16 00:00:00.000 +0200,181.162,183.16,179.854,182.514,50006281
2024-01-17 00:00:00.000 +0200,180.248,181.838,179.224,181.57,38823983
2024-01-18 00:00:00.000 +0200,185.079,188.011,184.721,187.604,65636289
2024-01-19 00:00:00.000 +0200,188.27,190.804,187.693,190.437,56365932
2024-01-22 00:00:00.000 +0200,191.142,194.164,191.113,192.713,48062221
2024-01-23 00:00:00.000 +0200,193.846,194.582,192.673,193.985,33875785
2024-01-24 00:00:00.000 +0200,194.244,195.208,193.18,193.349,42449091
2024-01-25 00:00:00.000 +0200,194.057,195.099,191.962,193.034,43938697
2024-01-26 00:00:00.000 +0200,193.101,193.598,190.794,191.272,36471458
2024-01-29 00:00:00.000 +0200,190.864,191.053,188.449,190.635,36135568
2024-01-30 00:00:00.000 +0200,189.81,190.655,186.351,186.858,45400682
2024-01-31 00:00:00.000 +0200,185.964,185.983,183.201,183.211,43970994
2024-02-01 00:00:00.000 +0200,182.912,185.834,182.713,185.775,50198279
2024-02-02 00:00:00.000 +0200,178.797,186.212,178.18,184.731,81239208
2024-02-05 00:00:00.000 +0200,187.007,188.121,184.731,186.54,52672920
2024-02-06 00:00:00.000 +0200,185.785,188.18,185.655,188.16,34677353
2024-02-07 00:00:00.000 +0200,189.472,189.91,187.484,188.28,41975965
2024-02-08 00:00:00.000 +0200,188.225,188.409,186.237,187.221,32337509
2024-02-09 00:00:00.000 +0200,187.753,189.097,187.116,187.943,38024542
2024-02-12 00:00:00.000 +0200,187.554,187.783,185.912,186.3,33374017
2024-02-13 00:00:00.000 +0200,184.897,185.335,182.65,184.16,41096855
2024-02-14 00:00:00.000 +0200,184.449,184.658,181.583,183.155,42315091
2024-02-15 00:00:00.000 +0200,182.638,183.623,180.498,183.086,50015257
2024-02-16 00:00:00.000 +0200,182.558,183.981,180.811,181.433,39424854
2024-02-20 00:00:00.000 +0200,180.916,181.573,179.154,180.766,38547422
2024-02-21 00:00:00.000 +0200,181.086,182.03,179.812,181.464,31968633
2024-02-22 00:00:00.000 +0200,182.692,184.091,181.607,183.499,40567369
2024-02-23 00:00:00.000 +0200,184.131,184.17,181.364,181.652,33468167
2024-02-26 00:00:00.000 +0200,181.473,181.901,179.801,180.289,33741924
2024-02-27 00:00:00.000 +0200,180.236,183.056,178.714,181.769,45335349
2024-02-28 00:00:00.000 +0200,181.712,182.259,179.283,180.567,40724722
2024-02-29 00:00:00.000 +0200,180.408,181.712,178.686,179.92,106503742
2024-03-01 00:00:00.000 +0200,178.726,179.682,176.546,178.786,59669646
2024-03-04 00:00:00.000 +0200,175.312,176.069,172.973,174.267,64769757
2024-03-05 00:00:00.000 +0200,169.958,171.231,168.823,169.37,77657507
2024-03-06 00:00:00.000 +0200,170.306,170.435,167.887,168.325,52502107
2024-03-07 00:00:00.000 +0200,168.325,169.928,167.698,168.186,56377586
2024-03-08 00:00:00.000 +0200,168.186,172.884,168.146,169.938,63539595
2024-03-11 00:00:00.000 +0200,172.167,173.56,171.241,171.978,47626946
2024-03-12 00:00:00.000 +0200,172.376,173.212,170.206,172.406,46858529
2024-03-13 00:00:00.000 +0200,172.072,172.376,169.962,170.37,41518530
2024-03-14 00:00:00.000 +0200,172.1,173.491,171.244,172.269,59797483
2024-03-15 00:00:00.000 +0200,170.385,171.809,169.504,171.769,92678757
2024-03-18 00:00:00.000 +0200,174.745,176.875,172.705,172.884,61652953
2024-03-19 00:00:00.000 +0200,173.526,175.78,172.222,175.257,43882453
2024-03-20 00:00:00.000 +0200,174.894,177.83,174.267,177.81,43180347
2024-03-21 00:00:00.000 +0200,176.218,176.656,170.037,170.594,88892501
2024-03-22 00:00:00.000 +0200,170.883,172.237,169.261,171.44,56380675
2024-03-25 00:00:00.000 +0200,169.768,171.132,168.654,170.047,45018541
2024-03-26 00:00:00.000 +0200,169.221,170.614,168.783,169.017,47821041
2024-03-27 00:00:00.000 +0200,169.589,172.784,169.311,172.595,49257779
2024-03-28 00:00:00.000 +0200,170.903,171.421,169.709,170.674,52438351
2024-04-01 00:00:00.000 +0200,170.336,170.445,168.679,169.211,36556848
2024-04-02 00:00:00.000 +0200,168.285,168.544,167.44,168.146,40118605
2024-04-03 00:00:00.000 +0200,167.997,169.878,167.788,168.863,36993455
2024-04-04 00:00:00.000 +0200,169.53,171.112,168.037,168.096,44277648
2024-04-05 00:00:00.000 +0200,168.793,169.589,168.156,168.803,33991556
2024-04-08 00:00:00.000 +0200,168.236,168.405,167.449,167.668,30990246
2024-04-09 00:00:00.000 +0200,167.977,169.281,167.559,168.893,35764750
2024-04-10 00:00:00.000 +0200,168.007,168.295,166.325,166.962,40457625
2024-04-11 00:00:00.000 +0200,167.509,174.635,167.37,174.217,75295540
2024-04-12 00:00:00.000 +0200,173.441,177.522,173.391,175.73,85279656
2024-04-15 00:00:00.000 +0200,174.536,175.8,171.689,171.878,58935883
2024-04-16 00:00:00.000 +0200,170.943,172.943,167.479,168.544,59576698
2024-04-17 00:00:00.000 +0200,168.763,169.848,167.21,167.21,37364503
2024-04-18 00:00:00.000 +0200,167.28,167.847,165.767,166.225,33738544
2024-04-19 00:00:00.000 +0200,165.459,165.618,163.304,164.155,55721202
2024-04-22 00:00:00.000 +0200,164.792,166.474,163.996,165.061,37511500
2024-04-23 00:00:00.000 +0200,164.533,166.265,164.145,166.126,36762403
2024-04-24 00:00:00.000 +0200,165.757,168.504,165.429,168.156,39487057
2024-04-25 00:00:00.000 +0200,168.743,169.808,167.361,169.102,41174781
2024-04-26 00:00:00.000 +0200,169.032,170.535,168.385,168.494,36441753
2024-04-29 00:00:00.000 +0200,172.555,175.203,172.286,172.714,53244403
2024-04-30 00:00:00.000 +0200,172.386,174.168,169.201,169.251,52404426
2024-05-01 00:00:00.000 +0200,168.788,171.898,168.32,168.519,38964508
2024-05-02 00:00:00.000 +0200,171.625,172.605,170.092,172.272,71196509
2024-05-03 00:00:00.000 +0200,185.768,186.121,181.802,182.528,127189354
2024-05-06 00:00:00.000 +0200,181.543,183.334,179.572,180.846,63027552
2024-05-07 00:00:00.000 +0200,182.618,184.031,180.468,181.513,58118398
2024-05-08 00:00:00.000 +0200,181.991,182.21,180.597,181.891,36685981
2024-05-09 00:00:00.000 +0200,181.712,183.792,181.254,183.782,39701970
2024-05-10 00:00:00.000 +0200,184.301,184.47,181.52,182.377,41510891
2024-05-13 00:00:00.000 +0200,184.879,186.473,184.002,185.661,55733298
2024-05-14 00:00:00.000 +0200,186.962,187.669,185.666,186.762,37079695
2024-05-15 00:00:00.000 +0200,187.201,190.011,186.742,189.114,56719219
2024-05-16 00:00:00.000 +0200,189.807,190.46,189.03,189.279,41407040
2024-05-17 00:00:00.000 +0200,188.895,190.171,188.546,189.294,32284003
2024-05-20 00:00:00.000 +0200,188.691,191.277,188.377,190.44,35849235
2024-05-21 00:00:00.000 +0200,190.45,192.084,190.281,191.716,33365561
2024-05-22 00:00:00.000 +0200,191.733,192.174,189.63,190.337,27471688
2024-05-23 00:00:00.000 +0200,190.33,190.36,185.99,186.274,39991119
2024-05-24 00:00:00.000 +0200,188.188,189.942,187.411,189.364,29830866
2024-05-28 00:00:00.000 +0200,190.868,192.354,188.467,189.463,42471399
2024-05-29 00:00:00.000 +0200,189.038,191.606,188.878,189.735,42269670
2024-05-30 00:00:00.000 +0200,190.141,191.536,189.991,190.649,41528696
2024-05-31 00:00:00.000 +0200,190.719,191.925,189.274,191.825,61068980
2024-06-03 00:00:00.000 +0200,192.363,194.337,191.875,193.44,40475144
2024-06-04 00:00:00.000 +0200,193.958,194.666,192.388,193.714,38087878
2024-06-05 00:00:00.000 +0200,194.785,196.24,194.217,195.244,43137895
2024-06-06 00:00:00.000 +0200,195.015,195.842,193.52,193.829,32941490
2024-06-07 00:00:00.000 +0200,193.998,196.28,193.49,196.24,43055056
2024-06-10 00:00:00.000 +0200,196.221,196.639,191.506,192.483,79599606
2024-06-11 00:00:00.000 +0200,193.041,206.47,192.981,206.45,146995537
2024-06-12 00:00:00.000 +0200,206.68,219.46,206.21,212.37,166189593
2024-06-13 00:00:00.000 +0200,214.02,216.02,210.89,213.41,76186113
2024-06-14 00:00:00.000 +0200,213.09,214.45,210.59,211.81,52952496
2024-06-17 00:00:00.000 +0200,212.65,218.22,212.01,215.98,77627351
2024-06-18 00:00:00.000 +0200,216.88,217.9,212.29,213.66,65711728
2024-06-20 00:00:00.000 +0200,213.24,213.52,208.15,208.86,67143663
2024-06-21 00:00:00.000 +0200,209.75,211.18,206.42,206.42,184845849
2024-06-24 00:00:00.000 +0200,206.97,211.99,205.9,207.45,63824995
2024-06-25 00:00:00.000 +0200,208.44,210.67,207.91,208.37,44765853
2024-06-26 00:00:00.000 +0200,210.79,214.14,209.93,212.39,53046352
2024-06-27 00:00:00.000 +0200,213.98,215.02,211.64,213.39,39758424
2024-06-28 00:00:00.000 +0200,215.07,215.35,209.6,209.9,69179091
2024-07-01 00:00:00.000 +0200,211.38,216.78,211.21,216.0,50412753
2024-07-02 00:00:00.000 +0200,215.43,219.64,214.38,219.63,48267709
2024-07-03 00:00:00.000 +0200,219.1,220.81,218.14,220.1,30729248
2024-07-05 00:00:00.000 +0200,220.91,225.69,220.91,225.56,50029223
2024-07-08 00:00:00.000 +0200,226.33,227.09,222.5,227.04,45710341
2024-07-09 00:00:00.000 +0200,227.12,228.63,225.61,227.93,38443755
2024-07-10 00:00:00.000 +0200,228.5,232.3,228.48,232.13,52103026
2024-07-11 00:00:00.000 +0200,230.44,231.61,225.01,226.79,52022070
2024-07-12 00:00:00.000 +0200,228.15,231.86,227.91,229.79,42082362
2024-07-15 00:00:00.000 +0200,235.68,236.44,232.31,233.63,48589747
2024-07-16 00:00:00.000 +0200,234.21,235.48,231.55,234.02,30389059
2024-07-17 00:00:00.000 +0200,228.69,230.68,225.88,228.11,44002390
2024-07-18 00:00:00.000 +0200,229.37,229.67,221.53,223.44,50371054
2024-07-19 00:00:00.000 +0200,224.09,226.04,222.53,223.58,37231074
2024-07-22 00:00:00.000 +0200,226.23,227.02,222.34,223.18,36707716
2024-07-23 00:00:00.000 +0200,223.61,226.18,221.93,224.23,28162982
2024-07-24 00:00:00.000 +0200,223.31,224.05,216.4,217.84,47578854
2024-07-25 00:00:00.000 +0200,218.14,220.11,213.9,216.76,41055369
2024-07-26 00:00:00.000 +0200,217.96,218.75,215.29,217.37,31841521
2024-07-29 00:00:00.000 +0200,216.23,218.57,215.03,217.49,28301843
2024-07-30 00:00:00.000 +0200,218.47,219.59,215.4,218.06,33348108
2024-07-31 00:00:00.000 +0200,220.7,223.07,219.89,221.25,40219265
2024-08-01 00:00:00.000 +0200,223.62,223.73,216.29,217.55,47554301
2024-08-02 00:00:00.000 +0200,218.42,224.84,216.98,219.06,80752426
2024-08-05 00:00:00.000 +0200,198.423,212.78,195.343,208.5,92089253
2024-08-06 00:00:00.000 +0200,204.62,209.29,200.4,206.43,50190382
2024-08-07 00:00:00.000 +0200,206.25,212.92,205.7,209.16,42935814
2024-08-08 00:00:00.000 +0200,212.4,213.48,208.13,212.63,35492411
2024-08-09 00:00:00.000 +0200,211.39,216.05,211.26,215.58,31892285
2024-08-12 00:00:00.000 +0200,215.67,219.03,215.13,217.07,29515770
2024-08-13 00:00:00.000 +0200,218.58,221.4,218.53,220.78,31392665
2024-08-14 00:00:00.000 +0200,219.94,222.54,219.22,221.12,29742596
2024-08-15 00:00:00.000 +0200,224.0,224.86,222.27,224.22,34578469
2024-08-16 00:00:00.000 +0200,223.61,226.33,223.16,225.61,28933552
2024-08-19 00:00:00.000 +0200,225.17,225.49,222.55,225.4,28029428
2024-08-20 00:00:00.000 +0200,225.25,226.67,224.95,226.01,23350153
2024-08-21 00:00:00.000 +0200,226.01,227.48,224.56,225.86,24688516
2024-08-22 00:00:00.000 +0200,227.27,227.84,223.41,224.04,28224838
2024-08-23 00:00:00.000 +0200,225.29,227.72,223.84,226.28,30622685
2024-08-26 00:00:00.000 +0200,226.26,226.78,223.4,226.72,20919367
2024-08-27 00:00:00.000 +0200,225.5,228.35,224.4,227.64,27767388
2024-08-28 00:00:00.000 +0200,227.42,229.36,225.18,226.01,28585623
2024-08-29 00:00:00.000 +0200,229.59,232.41,228.38,229.33,40066206
2024-08-30 00:00:00.000 +0200,229.68,229.89,226.98,228.36,42551245
2024-09-03 00:00:00.000 +0200,228.05,228.5,220.68,222.27,37918460
2024-09-04 00:00:00.000 +0200,221.21,221.29,217.0,220.31,33077109
2024-09-05 00:00:00.000 +0200,221.24,224.98,221.03,221.89,26043723
2024-09-06 00:00:00.000 +0200,223.51,224.75,219.29,220.46,36165848
2024-09-09 00:00:00.000 +0200,220.35,220.78,216.23,220.5,52349372
2024-09-10 00:00:00.000 +0200,218.42,220.99,216.25,219.69,40344369
2024-09-11 00:00:00.000 +0200,221.0,222.6,217.41,222.37,33222522
2024-09-12 00:00:00.000 +0200,222.02,223.06,219.34,222.38,29260316
2024-09-13 00:00:00.000 +0200,223.12,223.55,221.42,221.97,27872102
2024-09-16 00:00:00.000 +0200,216.04,216.74,213.45,215.82,46621757
2024-09-17 00:00:00.000 +0200,215.28,216.42,214.03,216.37,33256802
2024-09-18 00:00:00.000 +0200,217.07,222.22,217.06,220.21,45247094
2024-09-19 00:00:00.000 +0200,224.51,229.32,224.14,228.31,51519557
2024-09-20 00:00:00.000 +0200,229.46,232.58,227.12,228.03,194833971
2024-09-23 00:00:00.000 +0200,226.84,228.95,225.31,225.95,37707384
2024-09-24 00:00:00.000 +0200,228.09,228.85,225.23,226.86,31545969
2024-09-25 00:00:00.000 +0200,224.52,226.79,223.53,225.81,31753031
2024-09-26 00:00:00.000 +0200,226.81,228.0,224.91,227.02,26350413
2024-09-27 00:00:00.000 +0200,227.98,229.02,226.8,227.32,23815365
2024-09-30 00:00:00.000 +0200,229.53,232.49,229.15,232.49,41580906
2024-10-01 00:00:00.000 +0200,229.01,229.15,223.24,225.75,46527905
2024-10-02 00:00:00.000 +0200,225.39,226.87,222.53,226.31,25424703
2024-10-03 00:00:00.000 +0200,224.65,226.31,222.83,225.18,25299031
2024-10-04 00:00:00.000 +0200,227.4,227.5,223.64,226.3,25970813
2024-10-07 00:00:00.000 +0200,224.01,225.19,220.84,221.23,28612551
2024-10-08 00:00:00.000 +0200,223.81,225.48,222.76,225.28,23054015
2024-10-09 00:00:00.000 +0200,224.82,229.25,224.34,228.99,25084106
2024-10-10 00:00:00.000 +0200,227.3,229.0,226.67,228.53,20672532
2024-10-11 00:00:00.000 +0200,228.9,228.91,226.75,226.92,23546168
2024-10-14 00:00:00.000 +0200,228.2,231.22,228.1,230.89,25851607
2024-10-15 00:00:00.000 +0200,233.09,236.97,231.86,233.29,43459024
2024-10-16 00:00:00.000 +0200,231.2,231.61,229.34,231.24,25784395
2024-10-17 00:00:00.000 +0200,232.92,233.34,230.01,231.75,21468521
2024-10-18 00:00:00.000 +0200,235.66,235.66,233.5,234.46,34277084
2024-10-21 00:00:00.000 +0200,233.99,236.33,233.94,236.06,23184310
2024-10-22 00:00:00.000 +0200,233.37,235.7,232.09,235.34,24901423
2024-10-23 00:00:00.000 +0200,233.61,234.62,227.26,230.24,40200597
2024-10-24 00:00:00.000 +0200,229.47,230.31,227.91,230.06,22653471
2024-10-25 00:00:00.000 +0200,229.24,232.71,229.07,230.9,29073064
2024-10-28 00:00:00.000 +0200,232.83,234.21,232.04,232.98,24647773
2024-10-29 00:00:00.000 +0200,232.75,233.82,231.81,233.24,22539239
2024-10-30 00:00:00.000 +0200,232.36,232.96,229.28,229.95,32930426
2024-10-31 00:00:00.000 +0200,229.01,229.33,224.88,224.9,47198777
2024-11-01 00:00:00.000 +0200,220.51,224.86,219.79,222.36,45556389
2024-11-04 00:00:00.000 +0200,220.44,222.3,219.23,221.63,30067880
2024-11-05 00:00:00.000 +0200,221.31,223.46,220.65,222.97,21264412
2024-11-06 00:00:00.000 +0200,222.1,225.57,220.71,222.22,39346476
2024-11-07 00:00:00.000 +0200,224.14,227.38,224.08,227.19,30964867
2024-11-08 00:00:00.000 +0200,226.92,228.41,226.16,226.91,24537221
2024-11-11 00:00:00.000 +0200,224.74,225.45,221.26,224.0,29630913
2024-11-12 00:00:00.000 +0200,224.18,225.34,223.11,223.99,29053826
2024-11-13 00:00:00.000 +0200,223.76,226.4,222.52,224.97,31034322
2024-11-14 00:00:00.000 +0200,224.86,228.62,224.75,227.94,30485201
2024-11-15 00:00:00.000 +0200,225.45,226.67,224.02,224.67,32705065
2024-11-18 00:00:00.000 +0200,224.97,229.49,224.92,227.74,31026039
2024-11-19 00:00:00.000 +0200,226.4,229.91,226.4,228.05,25025321
2024-11-20 00:00:00.000 +0200,227.81,229.68,225.64,228.75,24296740
2024-11-21 00:00:00.000 +0200,228.6,229.91,225.47,228.26,29428463
2024-11-22 00:00:00.000 +0200,227.96,230.47,227.81,229.49,26412965
2024-11-25 00:00:00.000 +0200,231.2,232.99,229.49,232.63,67710421
2024-11-26 00:00:00.000 +0200,233.09,235.31,233.07,234.82,31485863
2024-11-27 00:00:00.000 +0200,234.18,235.43,233.55,234.73,25728148
2024-11-29 00:00:00.000 +0200,234.49,237.55,233.62,237.15,20504762
2024-12-02 00:00:00.000 +0200,237.01,240.53,236.9,239.34,30096093
2024-12-03 00:00:00.000 +0200,239.56,242.49,238.64,242.36,28368281
2024-12-04 00:00:00.000 +0200,242.6,243.84,240.99,242.75,28935832
2024-12-05 00:00:00.000 +0200,243.72,244.27,241.86,242.81,25144006
2024-12-06 00:00:00.000 +0200,242.64,244.36,241.81,242.59,27041848
2024-12-09 00:00:00.000 +0200,241.63,246.97,241.48,246.55,31939392
2024-12-10 00:00:00.000 +0200,246.64,247.94,245.07,247.53,27247507
2024-12-11 00:00:00.000 +0200,247.67,250.52,245.99,246.16,32220313
2024-12-12 00:00:00.000 +0200,246.62,248.47,245.41,247.67,21401321
2024-12-13 00:00:00.000 +0200,247.57,249.02,245.97,247.84,24116150
2024-12-16 00:00:00.000 +0200,247.72,251.1,247.38,250.76,37694424
2024-12-17 00:00:00.000 +0200,249.81,253.55,249.51,253.2,39675907
2024-12-18 00:00:00.000 +0200,251.88,254.0,247.47,247.59,43731711
2024-12-19 00:00:00.000 +0200,247.23,251.72,246.82,249.58,41301280
2024-12-20 00:00:00.000 +0200,247.77,254.72,245.42,254.32,83286157
2024-12-23 00:00:00.000 +0200,254.49,255.37,253.17,255.03,30297811
2024-12-24 00:00:00.000 +0200,255.06,257.93,254.86,257.47,15638952
2024-12-26 00:00:00.000 +0200,257.91,259.81,257.35,258.82,20955324
2024-12-27 00:00:00.000 +0200,257.55,258.42,252.78,255.45,32099511
2024-12-30 00:00:00.000 +0200,251.94,253.22,250.47,251.78,24996231
2024-12-31 00:00:00.000 +0200,252.16,253.0,249.16,250.11,26756791
2025-01-02 00:00:00.000 +0200,248.66,248.83,241.55,243.55,41454846
2025-01-03 00:00:00.000 +0200,243.13,243.91,241.62,243.03,29198559
2025-01-06 00:00:00.000 +0200,244.09,247.06,242.93,244.73,31190335
2025-01-07 00:00:00.000 +0200,242.43,245.28,241.08,241.92,29268082
2025-01-08 00:00:00.000 +0200,241.65,243.44,239.78,242.45,26115024
2025-01-10 00:00:00.000 +0200,239.74,239.9,232.74,236.67,45822132
2025-01-13 00:00:00.000 +0200,233.39,234.41,229.47,234.14,35640497
2025-01-14 00:00:00.000 +0200,234.49,235.86,232.22,233.02,26762356
2025-01-15 00:00:00.000 +0200,234.47,238.7,234.17,237.62,30497410
2025-01-16 00:00:00.000 +0200,237.06,237.75,227.78,227.99,53411422
2025-01-17 00:00:00.000 +0200,231.86,232.03,228.23,229.71,50537131
2025-01-21 00:00:00.000 +0200,223.75,224.17,219.14,222.42,72711983
2025-01-22 00:00:00.000 +0200,219.51,223.87,219.51,223.52,45277992
2025-01-23 00:00:00.000 +0200,224.48,226.78,222.06,223.4,43295153
2025-01-24 00:00:00.000 +0200,224.53,225.38,221.17,222.55,42179513
2025-01-27 00:00:00.000 +0200,223.77,231.9,223.73,229.69,71806023
2025-01-28 00:00:00.000 +0200,230.59,239.93,230.56,237.98,56899462
2025-01-29 00:00:00.000 +0200,233.87,239.6,233.76,239.09,34479083
2025-01-30 00:00:00.000 +0200,238.4,240.53,236.95,237.3,39258738
2025-01-31 00:00:00.000 +0200,246.82,246.92,233.18,235.58,70357663
2025-02-03 00:00:00.000 +0200,229.74,231.58,225.45,227.73,52980872
2025-02-04 00:00:00.000 +0200,227.0,232.87,226.4,232.53,31982618
2025-02-05 00:00:00.000 +0200,228.28,232.41,228.02,232.19,30910054
2025-02-06 00:00:00.000 +0200,231.07,233.54,230.17,232.96,22282787
2025-02-07 00:00:00.000 +0200,232.28,233.74,227.01,227.46,28471753
2025-02-10 00:00:00.000 +0200,229.52,230.585,227.2,227.64,22719132
2025-02-11 00:00:00.000 +0200,228.2,235.23,228.13,232.77,35332734
