window_index,timestamp,prediction,actual
0,2018-03-09T23:00:00,14.066074162310105,14.053000450134276
0,2018-03-10T00:00:00,13.512265642465609,13.61299991607666
0,2018-03-10T01:00:00,13.001192337588334,13.173999786376951
0,2018-03-10T02:00:00,12.406261037240366,12.95400047302246
0,2018-03-10T03:00:00,11.780552080473214,12.51449966430664
0,2018-03-10T04:00:00,11.309463501223295,12.074999809265137
0,2018-03-10T05:00:00,11.043712863288302,11.416000366210938
0,2018-03-10T06:00:00,10.85824640921905,10.756999969482422
0,2018-03-10T07:00:00,11.051424952594083,10.317500114440918
0,2018-03-10T08:00:00,11.813941105295509,10.97700023651123
0,2018-03-10T09:00:00,13.153834232931159,13.173999786376951
0,2018-03-10T10:00:00,14.92017066280793,17.12849998474121
0,2018-03-10T11:00:00,17.162280170362557,21.083999633789062
0,2018-03-10T12:00:00,19.10253316571867,23.94050025939941
0,2018-03-10T13:00:00,20.33810212565008,25.697999954223643
0,2018-03-10T14:00:00,21.074323737102624,28.55500030517578
0,2018-03-10T15:00:00,21.229121094696787,30.53199958801269
0,2018-03-10T16:00:00,20.917897752279938,29.653499603271484
0,2018-03-10T17:00:00,19.97341939664583,28.114999771118164
0,2018-03-10T18:00:00,18.778073492471137,25.69849967956543
0,2018-03-10T19:00:00,17.736858761863928,23.72100067138672
0,2018-03-10T20:00:00,16.61476402206756,21.74300003051757
0,2018-03-10T21:00:00,15.583267801161442,19.98550033569336
0,2018-03-10T22:00:00,14.964902605318319,18.886999130249023
0,2018-03-10T23:00:00,14.549100914403759,17.568000793457028
0,2018-03-11T00:00:00,14.038588654615715,16.909000396728516
0,2018-03-11T01:00:00,13.749067722199138,16.68899917602539
0,2018-03-11T02:00:00,13.345536041772556,16.68899917602539
0,2018-03-11T03:00:00,12.619379487993903,16.030500411987305
0,2018-03-11T04:00:00,12.23708541679855,14.932000160217283
0,2018-03-11T05:00:00,11.92538837899539,14.272500038146973
0,2018-03-11T06:00:00,11.539034713251972,13.61299991607666
0,2018-03-11T07:00:00,11.511135263753943,13.173999786376951
0,2018-03-11T08:00:00,12.12493455606604,14.053000450134276
0,2018-03-11T09:00:00,13.094202666160934,16.68899917602539
0,2018-03-11T10:00:00,14.698728902895313,20.424999237060547
0,2018-03-11T11:00:00,16.423023441817563,24.819499969482425
0,2018-03-11T12:00:00,17.85394670534808,28.99399948120117
0,2018-03-11T13:00:00,18.92804529213017,30.97200012207031
0,2018-03-11T14:00:00,19.43459978933452,32.949501037597656
0,2018-03-11T15:00:00,19.50280975832574,34.04800033569336
0,2018-03-11T16:00:00,19.363910046662337,32.94900131225586
0,2018-03-11T17:00:00,18.87218994652453,31.631000518798828
0,2018-03-11T18:00:00,18.034590110220414,30.09250068664551
0,2018-03-11T19:00:00,17.0675775838379,27.23600006103516
0,2018-03-11T20:00:00,16.23199785195566,25.25900077819824
0,2018-03-11T21:00:00,15.561584320731253,23.72100067138672
0,2018-03-11T22:00:00,15.072809137144114,22.84199905395508
0,2018-03-11T23:00:00,14.648058092855056,22.84199905395508
0,2018-03-12T00:00:00,14.329264746941611,22.402000427246094
0,2018-03-12T01:00:00,14.102477093983675,21.96299934387207
0,2018-03-12T02:00:00,13.719876272526124,20.645000457763672
0,2018-03-12T03:00:00,13.12470550171324,19.326000213623047
0,2018-03-12T04:00:00,12.768424765020828,18.227500915527344
0,2018-03-12T05:00:00,12.38159786002532,17.348499298095707
0,2018-03-12T06:00:00,12.142373707589513,17.128999710083008
0,2018-03-12T07:00:00,12.236455951576488,17.128999710083008
0,2018-03-12T08:00:00,12.492293652599589,18.007999420166016
0,2018-03-12T09:00:00,13.496536994262945,20.20499992370605
0,2018-03-12T10:00:00,14.91363996112906,24.3799991607666
0,2018-03-12T11:00:00,16.67014441791779,28.334999084472656
0,2018-03-12T12:00:00,18.03480962481325,31.410999298095703
0,2018-03-12T13:00:00,18.971880930900454,33.60800170898437
0,2018-03-12T14:00:00,19.575052980113888,35.80550003051758
0,2018-03-12T15:00:00,19.798891041145414,38.00299835205078
0,2018-03-12T16:00:00,19.481055577091624,36.68450164794922
0,2018-03-12T17:00:00,19.16422474865493,35.146499633789055
0,2018-03-12T18:00:00,18.334883792551473,33.60850143432617
0,2018-03-12T19:00:00,17.491334255529793,30.75200080871582
0,2018-03-12T20:00:00,16.749947380182608,28.114999771118164
0,2018-03-12T21:00:00,16.086033761577294,25.917999267578125
0,2018-03-12T22:00:00,15.545333398847971,24.60000038146973
0,2018-03-12T23:00:00,14.902794229739552,23.500999450683597
0,2018-03-13T00:00:00,14.568902841181053,22.84199905395508
0,2018-03-13T01:00:00,14.018188051676136,21.96299934387207
0,2018-03-13T02:00:00,13.630158092678318,21.083999633789062
0,2018-03-13T03:00:00,13.044595789186225,20.645000457763672
0,2018-03-13T04:00:00,12.692579907440376,19.98550033569336
0,2018-03-13T05:00:00,12.291946959974798,19.766000747680664
0,2018-03-13T06:00:00,12.069531353504864,19.54599952697754
0,2018-03-13T07:00:00,11.893024515830035,19.10650062561035
0,2018-03-13T08:00:00,12.390387566423211,19.766000747680664
0,2018-03-13T09:00:00,13.19985703528099,22.402000427246094
0,2018-03-13T10:00:00,14.764933363759654,26.357500076293945
0,2018-03-13T11:00:00,16.347349634569188,30.312000274658203
0,2018-03-13T12:00:00,17.835276219500727,33.388500213623054
0,2018-03-13T13:00:00,18.967936966376875,35.58599853515625
0,2018-03-13T14:00:00,19.670945392748504,37.78350067138672
0,2018-03-13T15:00:00,19.832592517907642,39.32149887084961
0,2018-03-13T16:00:00,19.441489354610095,38.22299957275391
0,2018-03-13T17:00:00,19.000006851038158,36.46500015258789
0,2018-03-13T18:00:00,18.1418055987046,34.926498413085945
0,2018-03-13T19:00:00,17.23855379410876,32.5099983215332
0,2018-03-13T20:00:00,16.299218351792568,30.312000274658203
0,2018-03-13T21:00:00,15.833094793515201,28.77449989318848
0,2018-03-13T22:00:00,15.180196816295933,27.23600006103516
1,2018-03-10T23:00:00,18.208875574249276,17.568000793457028
1,2018-03-11T00:00:00,17.733964590245108,16.909000396728516
1,2018-03-11T01:00:00,17.095067652874476,16.68899917602539
1,2018-03-11T02:00:00,16.591551351668564,16.68899917602539
1,2018-03-11T03:00:00,15.927663960780835,16.030500411987305
1,2018-03-11T04:00:00,15.294872379929965,14.932000160217283
1,2018-03-11T05:00:00,14.624569461253634,14.272500038146973
1,2018-03-11T06:00:00,14.240920671428196,13.61299991607666
1,2018-03-11T07:00:00,13.985217529999666,13.173999786376951
1,2018-03-11T08:00:00,14.653988978036093,14.053000450134276
1,2018-03-11T09:00:00,15.999429838108918,16.68899917602539
1,2018-03-11T10:00:00,17.988591825084846,20.424999237060547
1,2018-03-11T11:00:00,20.242912615846766,24.819499969482425
1,2018-03-11T12:00:00,22.199722713180584,28.99399948120117
1,2018-03-11T13:00:00,23.920641858883094,30.97200012207031
1,2018-03-11T14:00:00,25.195655253459595,32.949501037597656
1,2018-03-11T15:00:00,25.664027211335398,34.04800033569336
1,2018-03-11T16:00:00,25.273709511162767,32.94900131225586
1,2018-03-11T17:00:00,24.363978091920572,31.631000518798828
1,2018-03-11T18:00:00,22.94939811745266,30.09250068664551
1,2018-03-11T19:00:00,21.423403939015735,27.23600006103516
1,2018-03-11T20:00:00,20.11684510009611,25.25900077819824
1,2018-03-11T21:00:00,19.056740825182928,23.72100067138672
1,2018-03-11T22:00:00,18.195560332198728,22.84199905395508
1,2018-03-11T23:00:00,17.69887954436345,22.84199905395508
1,2018-03-12T00:00:00,17.35574379762439,22.402000427246094
1,2018-03-12T01:00:00,16.968737859947964,21.96299934387207
1,2018-03-12T02:00:00,16.5691608631991,20.645000457763672
1,2018-03-12T03:00:00,15.829487912179376,19.326000213623047
1,2018-03-12T04:00:00,15.210459041047777,18.227500915527344
1,2018-03-12T05:00:00,14.61123209669347,17.348499298095707
1,2018-03-12T06:00:00,14.042598074399702,17.128999710083008
1,2018-03-12T07:00:00,13.81992817310274,17.128999710083008
1,2018-03-12T08:00:00,14.122308669485198,18.007999420166016
1,2018-03-12T09:00:00,15.189634233284638,20.20499992370605
1,2018-03-12T10:00:00,16.886728348399295,24.3799991607666
1,2018-03-12T11:00:00,18.869936073315472,28.334999084472656
1,2018-03-12T12:00:00,20.426005461474503,31.410999298095703
1,2018-03-12T13:00:00,22.030063590466753,33.60800170898437
1,2018-03-12T14:00:00,23.105103524243063,35.80550003051758
1,2018-03-12T15:00:00,23.433832613779344,38.00299835205078
1,2018-03-12T16:00:00,23.21213199769751,36.68450164794922
1,2018-03-12T17:00:00,22.362168073222772,35.146499633789055
1,2018-03-12T18:00:00,21.08817493686036,33.60850143432617
1,2018-03-12T19:00:00,19.94727036221277,30.75200080871582
1,2018-03-12T20:00:00,18.630599027660494,28.114999771118164
1,2018-03-12T21:00:00,17.676585528281286,25.917999267578125
1,2018-03-12T22:00:00,17.257834587540977,24.60000038146973
1,2018-03-12T23:00:00,16.694189533266254,23.500999450683597
1,2018-03-13T00:00:00,16.258908630534258,22.84199905395508
1,2018-03-13T01:00:00,15.854503453078513,21.96299934387207
1,2018-03-13T02:00:00,15.443139948113695,21.083999633789062
1,2018-03-13T03:00:00,14.91427740869995,20.645000457763672
1,2018-03-13T04:00:00,14.231645182087194,19.98550033569336
1,2018-03-13T05:00:00,13.783852517731217,19.766000747680664
1,2018-03-13T06:00:00,13.291469312472708,19.54599952697754
1,2018-03-13T07:00:00,13.132596623699932,19.10650062561035
1,2018-03-13T08:00:00,13.385955235243397,19.766000747680664
1,2018-03-13T09:00:00,14.409220514169755,22.402000427246094
1,2018-03-13T10:00:00,15.956996812061705,26.357500076293945
1,2018-03-13T11:00:00,17.76290927130571,30.312000274658203
1,2018-03-13T12:00:00,19.57437185769154,33.388500213623054
1,2018-03-13T13:00:00,21.14079572068634,35.58599853515625
1,2018-03-13T14:00:00,22.0932416007888,37.78350067138672
1,2018-03-13T15:00:00,22.613563026953944,39.32149887084961
1,2018-03-13T16:00:00,22.432007923811618,38.22299957275391
1,2018-03-13T17:00:00,21.47854144339441,36.46500015258789
1,2018-03-13T18:00:00,20.381307158862754,34.926498413085945
1,2018-03-13T19:00:00,19.209990975506635,32.5099983215332
1,2018-03-13T20:00:00,18.167427227947076,30.312000274658203
1,2018-03-13T21:00:00,16.959793067915655,28.77449989318848
1,2018-03-13T22:00:00,16.40396501381705,27.23600006103516
1,2018-03-13T23:00:00,15.885879785659982,26.35700035095215
1,2018-03-14T00:00:00,15.476314589853114,25.47900009155273
1,2018-03-14T01:00:00,15.094607791464574,24.819499969482425
1,2018-03-14T02:00:00,14.638882953042208,24.15999984741211
1,2018-03-14T03:00:00,14.085108643264126,23.72100067138672
1,2018-03-14T04:00:00,13.724255161027408,23.72100067138672
1,2018-03-14T05:00:00,13.136827268580078,23.500999450683597
1,2018-03-14T06:00:00,12.716855370569373,23.500999450683597
1,2018-03-14T07:00:00,12.318541865606822,23.500999450683597
1,2018-03-14T08:00:00,13.059405326937835,23.72100067138672
1,2018-03-14T09:00:00,14.14787613278918,23.72100067138672
1,2018-03-14T10:00:00,15.679602207854158,24.819499969482425
1,2018-03-14T11:00:00,17.5509001389725,25.69849967956543
1,2018-03-14T12:00:00,19.359297389373875,26.357500076293945
1,2018-03-14T13:00:00,20.77563519108781,27.45599937438965
1,2018-03-14T14:00:00,21.955639590978123,29.43350028991699
1,2018-03-14T15:00:00,22.356769724742282,28.99449920654297
1,2018-03-14T16:00:00,22.149907154800736,28.11549949645996
1,2018-03-14T17:00:00,21.45041278645139,27.45599937438965
1,2018-03-14T18:00:00,20.325109142425177,27.236499786376957
1,2018-03-14T19:00:00,19.122879602719753,27.01650047302246
1,2018-03-14T20:00:00,18.05892646726763,26.57699966430664
1,2018-03-14T21:00:00,17.228002269290428,26.357500076293945
1,2018-03-14T22:00:00,16.466043740671587,25.917999267578125
2,2018-03-11T23:00:00,22.056227449261925,22.84199905395508
2,2018-03-12T00:00:00,21.559309129532167,22.402000427246094
2,2018-03-12T01:00:00,21.03976951741819,21.96299934387207
2,2018-03-12T02:00:00,20.331336514848488,20.645000457763672
2,2018-03-12T03:00:00,19.498824285588242,19.326000213623047
2,2018-03-12T04:00:00,18.527459896656914,18.227500915527344
2,2018-03-12T05:00:00,17.658933932245365,17.348499298095707
2,2018-03-12T06:00:00,17.038396397184805,17.128999710083008
2,2018-03-12T07:00:00,16.86079711805575,17.128999710083008
2,2018-03-12T08:00:00,17.405535408957746,18.007999420166016
2,2018-03-12T09:00:00,19.120173586466223,20.20499992370605
2,2018-03-12T10:00:00,21.595876611625197,24.3799991607666
2,2018-03-12T11:00:00,24.47528943762323,28.334999084472656
2,2018-03-12T12:00:00,26.856491031448073,31.410999298095703
2,2018-03-12T13:00:00,28.933554900320598,33.60800170898437
2,2018-03-12T14:00:00,30.39333854560639,35.80550003051758
2,2018-03-12T15:00:00,30.878175466347688,38.00299835205078
2,2018-03-12T16:00:00,30.315817280737985,36.68450164794922
2,2018-03-12T17:00:00,28.986368737253045,35.146499633789055
2,2018-03-12T18:00:00,27.260343260196976,33.60850143432617
2,2018-03-12T19:00:00,25.207787397379914,30.75200080871582
2,2018-03-12T20:00:00,23.687194646329452,28.114999771118164
2,2018-03-12T21:00:00,22.518780616940983,25.917999267578125
2,2018-03-12T22:00:00,21.374922003058344,24.60000038146973
2,2018-03-12T23:00:00,20.725864105794304,23.500999450683597
2,2018-03-13T00:00:00,20.264214083868637,22.84199905395508
2,2018-03-13T01:00:00,19.46204652562031,21.96299934387207
2,2018-03-13T02:00:00,19.00744947905413,21.083999633789062
2,2018-03-13T03:00:00,18.209552933564318,20.645000457763672
2,2018-03-13T04:00:00,17.371925159039293,19.98550033569336
2,2018-03-13T05:00:00,16.537298747674523,19.766000747680664
2,2018-03-13T06:00:00,16.10758040174182,19.54599952697754
2,2018-03-13T07:00:00,15.799175512663453,19.10650062561035
2,2018-03-13T08:00:00,16.282877343401054,19.766000747680664
2,2018-03-13T09:00:00,17.7642979719351,22.402000427246094
2,2018-03-13T10:00:00,20.091334083401712,26.357500076293945
2,2018-03-13T11:00:00,22.676057976283214,30.312000274658203
2,2018-03-13T12:00:00,24.999033010765547,33.388500213623054
2,2018-03-13T13:00:00,26.831347202799876,35.58599853515625
2,2018-03-13T14:00:00,28.286105908181792,37.78350067138672
2,2018-03-13T15:00:00,28.62647573684103,39.32149887084961
2,2018-03-13T16:00:00,28.07793362865421,38.22299957275391
2,2018-03-13T17:00:00,26.786304290785765,36.46500015258789
2,2018-03-13T18:00:00,25.210880215451056,34.926498413085945
2,2018-03-13T19:00:00,23.499025597013315,32.5099983215332
2,2018-03-13T20:00:00,21.79812390150652,30.312000274658203
2,2018-03-13T21:00:00,20.587818505455758,28.77449989318848
2,2018-03-13T22:00:00,19.788869430255872,27.23600006103516
2,2018-03-13T23:00:00,19.02790823910662,26.35700035095215
2,2018-03-14T00:00:00,18.59002132754859,25.47900009155273
2,2018-03-14T01:00:00,18.013094100954184,24.819499969482425
2,2018-03-14T02:00:00,17.569208910384276,24.15999984741211
2,2018-03-14T03:00:00,16.971088091510765,23.72100067138672
2,2018-03-14T04:00:00,16.133588034567026,23.72100067138672
2,2018-03-14T05:00:00,15.5253991931472,23.500999450683597
2,2018-03-14T06:00:00,14.92981562086623,23.500999450683597
2,2018-03-14T07:00:00,14.721069216600693,23.500999450683597
2,2018-03-14T08:00:00,15.33005515256802,23.72100067138672
2,2018-03-14T09:00:00,16.8925714277432,23.72100067138672
2,2018-03-14T10:00:00,19.16431711583425,24.819499969482425
2,2018-03-14T11:00:00,21.590798355332808,25.69849967956543
2,2018-03-14T12:00:00,24.05458259335235,26.357500076293945
2,2018-03-14T13:00:00,26.002786806378488,27.45599937438965
2,2018-03-14T14:00:00,27.210925450855996,29.43350028991699
2,2018-03-14T15:00:00,27.55488132692061,28.99449920654297
2,2018-03-14T16:00:00,27.310575269118665,28.11549949645996
2,2018-03-14T17:00:00,26.02437392845494,27.45599937438965
2,2018-03-14T18:00:00,24.499132029378504,27.236499786376957
2,2018-03-14T19:00:00,22.740905095745713,27.01650047302246
2,2018-03-14T20:00:00,21.215479716679738,26.57699966430664
2,2018-03-14T21:00:00,19.824613133949597,26.357500076293945
2,2018-03-14T22:00:00,18.898208412537436,25.917999267578125
2,2018-03-14T23:00:00,18.28780389914938,25.69849967956543
2,2018-03-15T00:00:00,17.786547742998035,25.69849967956543
2,2018-03-15T01:00:00,17.36081829080947,25.47900009155273
2,2018-03-15T02:00:00,16.86730387268813,25.03899955749512
2,2018-03-15T03:00:00,16.10287537727403,24.819499969482425
2,2018-03-15T04:00:00,15.516181860919106,24.60000038146973
2,2018-03-15T05:00:00,14.73241099395324,24.15999984741211
2,2018-03-15T06:00:00,14.31620904526161,24.15999984741211
2,2018-03-15T07:00:00,14.152415808602623,24.15999984741211
2,2018-03-15T08:00:00,14.924091136419236,24.60000038146973
2,2018-03-15T09:00:00,16.53502833960003,25.25900077819824
2,2018-03-15T10:00:00,18.645309356219496,26.57699966430664
2,2018-03-15T11:00:00,21.234050081066044,28.55500030517578
2,2018-03-15T12:00:00,23.540728580243204,29.87299919128418
2,2018-03-15T13:00:00,25.53574436571718,31.19099998474121
2,2018-03-15T14:00:00,26.656400686254294,33.827999114990234
2,2018-03-15T15:00:00,27.19150998379565,35.146499633789055
2,2018-03-15T16:00:00,26.81968122805126,35.36600112915039
2,2018-03-15T17:00:00,25.60516787979774,30.75200080871582
2,2018-03-15T18:00:00,23.926806512851307,28.99399948120117
2,2018-03-15T19:00:00,22.57797201418999,24.60000038146973
2,2018-03-15T20:00:00,20.863781988551562,19.54599952697754
2,2018-03-15T21:00:00,19.807283910772874,17.128999710083008
2,2018-03-15T22:00:00,18.72710744955771,15.810999870300291
3,2018-03-12T23:00:00,23.61911045634909,23.500999450683597
3,2018-03-13T00:00:00,22.925757707189906,22.84199905395508
3,2018-03-13T01:00:00,22.072761174360917,21.96299934387207
3,2018-03-13T02:00:00,21.177491718595544,21.083999633789062
3,2018-03-13T03:00:00,20.230331293754404,20.645000457763672
3,2018-03-13T04:00:00,19.245187090070594,19.98550033569336
3,2018-03-13T05:00:00,18.45155380305758,19.766000747680664
3,2018-03-13T06:00:00,17.781673948869262,19.54599952697754
3,2018-03-13T07:00:00,17.67095078824186,19.10650062561035
3,2018-03-13T08:00:00,18.469203916657285,19.766000747680664
3,2018-03-13T09:00:00,20.589884793467306,22.402000427246094
3,2018-03-13T10:00:00,23.313344759861188,26.357500076293945
3,2018-03-13T11:00:00,26.581888310760757,30.312000274658203
3,2018-03-13T12:00:00,29.424411817764266,33.388500213623054
3,2018-03-13T13:00:00,31.814016806513674,35.58599853515625
3,2018-03-13T14:00:00,33.570665971883344,37.78350067138672
3,2018-03-13T15:00:00,34.40935585493704,39.32149887084961
3,2018-03-13T16:00:00,33.83366053283429,38.22299957275391
3,2018-03-13T17:00:00,32.35708256726858,36.46500015258789
3,2018-03-13T18:00:00,30.39799043043768,34.926498413085945
3,2018-03-13T19:00:00,27.955179015735308,32.5099983215332
3,2018-03-13T20:00:00,25.880888015287766,30.312000274658203
3,2018-03-13T21:00:00,24.194446686788027,28.77449989318848
3,2018-03-13T22:00:00,22.841248123987533,27.23600006103516
3,2018-03-13T23:00:00,22.07536342007965,26.35700035095215
3,2018-03-14T00:00:00,21.437748790031854,25.47900009155273
3,2018-03-14T01:00:00,20.824386816402114,24.819499969482425
3,2018-03-14T02:00:00,20.021288402246594,24.15999984741211
3,2018-03-14T03:00:00,18.866917605122005,23.72100067138672
3,2018-03-14T04:00:00,18.205664389348332,23.72100067138672
3,2018-03-14T05:00:00,17.222402081418082,23.500999450683597
3,2018-03-14T06:00:00,16.691431061577553,23.500999450683597
3,2018-03-14T07:00:00,16.436701766706342,23.500999450683597
3,2018-03-14T08:00:00,17.28086138324578,23.72100067138672
3,2018-03-14T09:00:00,19.079605693240026,23.72100067138672
3,2018-03-14T10:00:00,21.922223768270467,24.819499969482425
3,2018-03-14T11:00:00,25.01546148289353,25.69849967956543
3,2018-03-14T12:00:00,27.754071833334084,26.357500076293945
3,2018-03-14T13:00:00,30.10765518440684,27.45599937438965
3,2018-03-14T14:00:00,31.73517138400785,29.43350028991699
3,2018-03-14T15:00:00,32.42128505504623,28.99449920654297
3,2018-03-14T16:00:00,31.927081760220826,28.11549949645996
3,2018-03-14T17:00:00,30.580135885292794,27.45599937438965
3,2018-03-14T18:00:00,28.732139108910232,27.236499786376957
3,2018-03-14T19:00:00,26.57013544244344,27.01650047302246
3,2018-03-14T20:00:00,24.485662613961974,26.57699966430664
3,2018-03-14T21:00:00,22.865019558804665,26.357500076293945
3,2018-03-14T22:00:00,21.806343440130806,25.917999267578125
3,2018-03-14T23:00:00,20.776156780567106,25.69849967956543
3,2018-03-15T00:00:00,20.23478601456958,25.69849967956543
3,2018-03-15T01:00:00,19.60961130500629,25.47900009155273
3,2018-03-15T02:00:00,19.002722446110283,25.03899955749512
3,2018-03-15T03:00:00,18.001095034192225,24.819499969482425
3,2018-03-15T04:00:00,17.137782341801852,24.60000038146973
3,2018-03-15T05:00:00,16.543097353932083,24.15999984741211
3,2018-03-15T06:00:00,15.771133521222023,24.15999984741211
3,2018-03-15T07:00:00,15.763079331252085,24.15999984741211
3,2018-03-15T08:00:00,16.598987479771914,24.60000038146973
3,2018-03-15T09:00:00,18.451978007881138,25.25900077819824
3,2018-03-15T10:00:00,21.137232172101314,26.57699966430664
3,2018-03-15T11:00:00,24.16709186154735,28.55500030517578
3,2018-03-15T12:00:00,26.917708918998024,29.87299919128418
3,2018-03-15T13:00:00,29.085253527203804,31.19099998474121
3,2018-03-15T14:00:00,30.781539440902737,33.827999114990234
3,2018-03-15T15:00:00,31.55414037908302,35.146499633789055
3,2018-03-15T16:00:00,31.058820239622673,35.36600112915039
3,2018-03-15T17:00:00,29.804722081418205,30.75200080871582
3,2018-03-15T18:00:00,27.845654005667356,28.99399948120117
3,2018-03-15T19:00:00,25.807833330724225,24.60000038146973
3,2018-03-15T20:00:00,24.09133264316649,19.54599952697754
3,2018-03-15T21:00:00,22.17870062736778,17.128999710083008
3,2018-03-15T22:00:00,21.174407110940344,15.810999870300291
3,2018-03-15T23:00:00,20.279005376251494,14.711999893188477
3,2018-03-16T00:00:00,19.477823866150835,14.053000450134276
3,2018-03-16T01:00:00,19.016702959919073,13.61299991607666
3,2018-03-16T02:00:00,18.32735826214122,12.95400047302246
3,2018-03-16T03:00:00,17.331438685771165,12.734000205993652
3,2018-03-16T04:00:00,16.610683901479646,12.95400047302246
3,2018-03-16T05:00:00,15.848528094811135,12.51449966430664
3,2018-03-16T06:00:00,15.368490162186715,12.074999809265137
3,2018-03-16T07:00:00,15.378794234191302,11.416000366210938
3,2018-03-16T08:00:00,16.093794885311603,10.536999702453612
3,2018-03-16T09:00:00,17.973201286371932,10.536999702453612
3,2018-03-16T10:00:00,20.717753469214777,10.97700023651123
3,2018-03-16T11:00:00,23.743272927534576,11.854999542236328
3,2018-03-16T12:00:00,26.439372024909378,13.393500328063965
3,2018-03-16T13:00:00,28.752009592660624,14.272500038146973
3,2018-03-16T14:00:00,30.356649731811135,14.932000160217283
3,2018-03-16T15:00:00,31.094814018901904,15.810999870300291
3,2018-03-16T16:00:00,30.711760142131446,16.909000396728516
3,2018-03-16T17:00:00,29.440238112899834,16.909000396728516
3,2018-03-16T18:00:00,27.468827159219543,16.25
3,2018-03-16T19:00:00,25.647191183282843,15.590999603271484
3,2018-03-16T20:00:00,23.5251317548298,15.371000289916992
3,2018-03-16T21:00:00,22.11833012316296,14.932000160217283
3,2018-03-16T22:00:00,20.756565359731827,14.491999626159668
4,2018-03-13T23:00:00,26.22983662247873,26.35700035095215
4,2018-03-14T00:00:00,25.53265987209553,25.47900009155273
4,2018-03-14T01:00:00,24.720012516134787,24.819499969482425
4,2018-03-14T02:00:00,23.785741303983755,24.15999984741211
4,2018-03-14T03:00:00,22.762723819971804,23.72100067138672
4,2018-03-14T04:00:00,21.909837671623787,23.72100067138672
4,2018-03-14T05:00:00,21.04469280210971,23.500999450683597
4,2018-03-14T06:00:00,20.351486243967678,23.500999450683597
4,2018-03-14T07:00:00,20.208724215805876,23.500999450683597
4,2018-03-14T08:00:00,21.077171839165334,23.72100067138672
4,2018-03-14T09:00:00,23.038701785329053,23.72100067138672
4,2018-03-14T10:00:00,25.86659402323705,24.819499969482425
4,2018-03-14T11:00:00,29.22055999594453,25.69849967956543
4,2018-03-14T12:00:00,32.025115837046656,26.357500076293945
4,2018-03-14T13:00:00,34.33553828589241,27.45599937438965
4,2018-03-14T14:00:00,36.03065072589313,29.43350028991699
4,2018-03-14T15:00:00,36.98339366340564,28.99449920654297
4,2018-03-14T16:00:00,36.23677435840009,28.11549949645996
4,2018-03-14T17:00:00,34.90531971381379,27.45599937438965
4,2018-03-14T18:00:00,32.85308109234596,27.236499786376957
4,2018-03-14T19:00:00,30.56882124792627,27.01650047302246
4,2018-03-14T20:00:00,28.508360236995287,26.57699966430664
4,2018-03-14T21:00:00,26.881463011529306,26.357500076293945
4,2018-03-14T22:00:00,25.431344479732605,25.917999267578125
4,2018-03-14T23:00:00,24.620497371500242,25.69849967956543
4,2018-03-15T00:00:00,23.946778349625134,25.69849967956543
4,2018-03-15T01:00:00,23.247578758014743,25.47900009155273
4,2018-03-15T02:00:00,22.3857559140168,25.03899955749512
4,2018-03-15T03:00:00,21.315963804428748,24.819499969482425
4,2018-03-15T04:00:00,20.598079244709552,24.60000038146973
4,2018-03-15T05:00:00,19.756550382277524,24.15999984741211
4,2018-03-15T06:00:00,19.23570405966,24.15999984741211
4,2018-03-15T07:00:00,19.06293147880162,24.15999984741211
4,2018-03-15T08:00:00,19.79033054219251,24.60000038146973
4,2018-03-15T09:00:00,21.656060899035158,25.25900077819824
4,2018-03-15T10:00:00,24.538998730276724,26.57699966430664
4,2018-03-15T11:00:00,27.658969217099465,28.55500030517578
4,2018-03-15T12:00:00,30.368777086322154,29.87299919128418
4,2018-03-15T13:00:00,32.85554638376547,31.19099998474121
4,2018-03-15T14:00:00,34.45411721810454,33.827999114990234
4,2018-03-15T15:00:00,35.10000053523871,35.146499633789055
4,2018-03-15T16:00:00,34.525845692426685,35.36600112915039
4,2018-03-15T17:00:00,33.260593456100736,30.75200080871582
4,2018-03-15T18:00:00,31.271135894150973,28.99399948120117
4,2018-03-15T19:00:00,29.10997158876874,24.60000038146973
4,2018-03-15T20:00:00,26.833742933751008,19.54599952697754
4,2018-03-15T21:00:00,25.191713455573556,17.128999710083008
4,2018-03-15T22:00:00,23.99501020999702,15.810999870300291
4,2018-03-15T23:00:00,23.06587780595593,14.711999893188477
4,2018-03-16T00:00:00,22.420997984103312,14.053000450134276
4,2018-03-16T01:00:00,21.848926306268925,13.61299991607666
4,2018-03-16T02:00:00,21.222419342685832,12.95400047302246
4,2018-03-16T03:00:00,20.195134837089782,12.734000205993652
4,2018-03-16T04:00:00,19.279794335357973,12.95400047302246
4,2018-03-16T05:00:00,18.70819772131255,12.51449966430664
4,2018-03-16T06:00:00,18.099150207225676,12.074999809265137
4,2018-03-16T07:00:00,17.960318915695108,11.416000366210938
4,2018-03-16T08:00:00,18.865252373122416,10.536999702453612
4,2018-03-16T09:00:00,20.71900954882003,10.536999702453612
4,2018-03-16T10:00:00,23.487999692607346,10.97700023651123
4,2018-03-16T11:00:00,26.623229921655735,11.854999542236328
4,2018-03-16T12:00:00,29.370469350829,13.393500328063965
4,2018-03-16T13:00:00,31.70906522619136,14.272500038146973
4,2018-03-16T14:00:00,33.38837466811174,14.932000160217283
4,2018-03-16T15:00:00,34.08739978838341,15.810999870300291
4,2018-03-16T16:00:00,33.63503688722133,16.909000396728516
4,2018-03-16T17:00:00,32.22040046614383,16.909000396728516
4,2018-03-16T18:00:00,30.335207546382737,16.25
4,2018-03-16T19:00:00,28.140494261311,15.590999603271484
4,2018-03-16T20:00:00,26.282542247269426,15.371000289916992
4,2018-03-16T21:00:00,24.301580071112816,14.932000160217283
4,2018-03-16T22:00:00,23.169428370024942,14.491999626159668
4,2018-03-16T23:00:00,22.296699812987708,13.61299991607666
4,2018-03-17T00:00:00,21.589840929607373,12.95400047302246
4,2018-03-17T01:00:00,21.132610392128473,12.074999809265137
4,2018-03-17T02:00:00,20.40794197623893,12.074999809265137
4,2018-03-17T03:00:00,19.420878245728503,11.635499954223633
4,2018-03-17T04:00:00,18.777723979625918,11.196499824523926
4,2018-03-17T05:00:00,18.05513895678113,11.196499824523926
4,2018-03-17T06:00:00,17.63652782117891,11.196499824523926
4,2018-03-17T07:00:00,17.476801363181934,11.196499824523926
4,2018-03-17T08:00:00,18.508478783406503,12.295000076293944
4,2018-03-17T09:00:00,20.27660496992462,13.833000183105469
4,2018-03-17T10:00:00,23.11456944962045,16.469499588012695
4,2018-03-17T11:00:00,26.139469705738115,19.10650062561035
4,2018-03-17T12:00:00,28.93526535232631,21.96299934387207
4,2018-03-17T13:00:00,31.224330479515096,23.2814998626709
4,2018-03-17T14:00:00,32.867802938293984,23.06150054931641
4,2018-03-17T15:00:00,33.62097233068271,23.72100067138672
4,2018-03-17T16:00:00,33.12589930193544,23.2810001373291
4,2018-03-17T17:00:00,31.825792823642598,22.84199905395508
4,2018-03-17T18:00:00,29.886676058625724,21.74300003051757
4,2018-03-17T19:00:00,27.947054010927886,20.424999237060547
4,2018-03-17T20:00:00,25.852729709620522,19.98550033569336
4,2018-03-17T21:00:00,24.36207430172451,19.54599952697754
4,2018-03-17T22:00:00,23.008858063723032,19.10650062561035
5,2018-03-14T23:00:00,25.599746952673414,25.69849967956543
5,2018-03-15T00:00:00,25.285897189424233,25.69849967956543
5,2018-03-15T01:00:00,24.856449331083326,25.47900009155273
5,2018-03-15T02:00:00,24.161571953297525,25.03899955749512
5,2018-03-15T03:00:00,23.371720589126827,24.819499969482425
5,2018-03-15T04:00:00,22.704178650877402,24.60000038146973
5,2018-03-15T05:00:00,21.94681841131913,24.15999984741211
5,2018-03-15T06:00:00,21.253010896343717,24.15999984741211
5,2018-03-15T07:00:00,20.833090541499743,24.15999984741211
5,2018-03-15T08:00:00,21.025996202578327,24.60000038146973
5,2018-03-15T09:00:00,22.066837131193164,25.25900077819824
5,2018-03-15T10:00:00,23.71679866940345,26.57699966430664
5,2018-03-15T11:00:00,25.678629436084524,28.55500030517578
5,2018-03-15T12:00:00,27.432096381076153,29.87299919128418
5,2018-03-15T13:00:00,29.210889334723,31.19099998474121
5,2018-03-15T14:00:00,30.5310233437778,33.827999114990234
5,2018-03-15T15:00:00,31.2880775172752,35.146499633789055
5,2018-03-15T16:00:00,30.781247857103313,35.36600112915039
5,2018-03-15T17:00:00,30.119716809976918,30.75200080871582
5,2018-03-15T18:00:00,28.971201396416788,28.99399948120117
5,2018-03-15T19:00:00,27.66639891371033,24.60000038146973
5,2018-03-15T20:00:00,26.51304055209798,19.54599952697754
5,2018-03-15T21:00:00,25.588417947078998,17.128999710083008
5,2018-03-15T22:00:00,24.682146533954146,15.810999870300291
5,2018-03-15T23:00:00,24.137668581657582,14.711999893188477
5,2018-03-16T00:00:00,23.851898554956442,14.053000450134276
5,2018-03-16T01:00:00,23.287404634900373,13.61299991607666
5,2018-03-16T02:00:00,22.52906039979841,12.95400047302246
5,2018-03-16T03:00:00,21.66328834573337,12.734000205993652
5,2018-03-16T04:00:00,21.01939502816264,12.95400047302246
5,2018-03-16T05:00:00,20.260886584741883,12.51449966430664
5,2018-03-16T06:00:00,19.867696151258723,12.074999809265137
5,2018-03-16T07:00:00,19.589878938697378,11.416000366210938
5,2018-03-16T08:00:00,20.135701118536993,10.536999702453612
5,2018-03-16T09:00:00,21.646998994542148,10.536999702453612
5,2018-03-16T10:00:00,23.590056987277286,10.97700023651123
5,2018-03-16T11:00:00,26.05062365451682,11.854999542236328
5,2018-03-16T12:00:00,28.10370384361849,13.393500328063965
5,2018-03-16T13:00:00,30.036394133625507,14.272500038146973
5,2018-03-16T14:00:00,31.56401043937834,14.932000160217283
5,2018-03-16T15:00:00,32.035040747481794,15.810999870300291
5,2018-03-16T16:00:00,31.544219117721635,16.909000396728516
5,2018-03-16T17:00:00,30.537408994775063,16.909000396728516
5,2018-03-16T18:00:00,29.160917972297334,16.25
5,2018-03-16T19:00:00,27.740941895809957,15.590999603271484
5,2018-03-16T20:00:00,26.320305599250815,15.371000289916992
5,2018-03-16T21:00:00,25.027246280606168,14.932000160217283
5,2018-03-16T22:00:00,24.054260448560264,14.491999626159668
5,2018-03-16T23:00:00,23.327549691705666,13.61299991607666
5,2018-03-17T00:00:00,22.659666108926295,12.95400047302246
5,2018-03-17T01:00:00,22.19208702635647,12.074999809265137
5,2018-03-17T02:00:00,21.704181918791853,12.074999809265137
5,2018-03-17T03:00:00,20.90368689069061,11.635499954223633
5,2018-03-17T04:00:00,20.233194676313445,11.196499824523926
5,2018-03-17T05:00:00,19.69086648459048,11.196499824523926
5,2018-03-17T06:00:00,19.336877708314407,11.196499824523926
5,2018-03-17T07:00:00,19.210749754779748,11.196499824523926
5,2018-03-17T08:00:00,20.066370427769975,12.295000076293944
5,2018-03-17T09:00:00,21.315300699308043,13.833000183105469
5,2018-03-17T10:00:00,23.755804074862862,16.469499588012695
5,2018-03-17T11:00:00,26.158816182497855,19.10650062561035
5,2018-03-17T12:00:00,28.383901825928586,21.96299934387207
5,2018-03-17T13:00:00,30.27972725713857,23.2814998626709
5,2018-03-17T14:00:00,31.510466667960443,23.06150054931641
5,2018-03-17T15:00:00,32.088818401720424,23.72100067138672
5,2018-03-17T16:00:00,31.67238576314759,23.2810001373291
5,2018-03-17T17:00:00,30.59153741622801,22.84199905395508
5,2018-03-17T18:00:00,29.072921858772794,21.74300003051757
5,2018-03-17T19:00:00,27.470876057113994,20.424999237060547
5,2018-03-17T20:00:00,26.103354252655997,19.98550033569336
5,2018-03-17T21:00:00,24.79065470681465,19.54599952697754
5,2018-03-17T22:00:00,23.797326657009183,19.10650062561035
5,2018-03-17T23:00:00,23.318617671431483,19.10650062561035
5,2018-03-18T00:00:00,22.664042602722933,17.348499298095707
5,2018-03-18T01:00:00,22.32466699841724,16.469499588012695
5,2018-03-18T02:00:00,21.649319235280057,16.25
5,2018-03-18T03:00:00,20.939803027974058,16.909000396728516
5,2018-03-18T04:00:00,20.32913829001413,17.348499298095707
5,2018-03-18T05:00:00,19.705564839626238,16.909000396728516
5,2018-03-18T06:00:00,19.377842666378143,16.030500411987305
5,2018-03-18T07:00:00,19.51115633032999,16.030500411987305
5,2018-03-18T08:00:00,20.123720183110237,16.25
5,2018-03-18T09:00:00,21.451823837657507,16.469499588012695
5,2018-03-18T10:00:00,23.557318409851117,16.469499588012695
5,2018-03-18T11:00:00,25.95549424039684,16.909000396728516
5,2018-03-18T12:00:00,27.904452215219685,17.348499298095707
5,2018-03-18T13:00:00,29.815000427452848,17.788000106811523
5,2018-03-18T14:00:00,31.055610993292163,17.788000106811523
5,2018-03-18T15:00:00,31.689207422972252,17.788000106811523
5,2018-03-18T16:00:00,31.242774266655662,18.007999420166016
5,2018-03-18T17:00:00,30.01545107306612,17.568500518798828
5,2018-03-18T18:00:00,28.691209358706516,16.68950080871582
5,2018-03-18T19:00:00,27.30053689529658,16.909000396728516
5,2018-03-18T20:00:00,25.786839753300097,16.68899917602539
5,2018-03-18T21:00:00,24.726938914248535,16.25
5,2018-03-18T22:00:00,23.776899826352018,16.25
6,2018-03-15T23:00:00,15.239834084743896,14.711999893188477
6,2018-03-16T00:00:00,15.451727815119728,14.053000450134276
6,2018-03-16T01:00:00,15.709534875632858,13.61299991607666
6,2018-03-16T02:00:00,16.040951736053913,12.95400047302246
6,2018-03-16T03:00:00,16.543910413177244,12.734000205993652
6,2018-03-16T04:00:00,16.936200665779435,12.95400047302246
6,2018-03-16T05:00:00,17.102458167555945,12.51449966430664
6,2018-03-16T06:00:00,17.308595484089462,12.074999809265137
6,2018-03-16T07:00:00,17.904042786272544,11.416000366210938
6,2018-03-16T08:00:00,18.827565765723353,10.536999702453612
6,2018-03-16T09:00:00,20.459295391137744,10.536999702453612
6,2018-03-16T10:00:00,22.743234345134447,10.97700023651123
6,2018-03-16T11:00:00,25.0182880326144,11.854999542236328
6,2018-03-16T12:00:00,27.393407076630428,13.393500328063965
6,2018-03-16T13:00:00,29.2238065654575,14.272500038146973
6,2018-03-16T14:00:00,30.836901477350658,14.932000160217283
6,2018-03-16T15:00:00,31.34344092212578,15.810999870300291
6,2018-03-16T16:00:00,30.70543698152217,16.909000396728516
6,2018-03-16T17:00:00,28.98580630095445,16.909000396728516
6,2018-03-16T18:00:00,26.839909982423872,16.25
6,2018-03-16T19:00:00,24.30689745576945,15.590999603271484
6,2018-03-16T20:00:00,21.7783550444601,15.371000289916992
6,2018-03-16T21:00:00,20.1659901411742,14.932000160217283
6,2018-03-16T22:00:00,18.58458808480035,14.491999626159668
6,2018-03-16T23:00:00,18.019721275020345,13.61299991607666
6,2018-03-17T00:00:00,17.85900774257371,12.95400047302246
6,2018-03-17T01:00:00,17.82121816287473,12.074999809265137
6,2018-03-17T02:00:00,17.907308137111976,12.074999809265137
6,2018-03-17T03:00:00,17.864424678523616,11.635499954223633
6,2018-03-17T04:00:00,17.83410087565222,11.196499824523926
6,2018-03-17T05:00:00,17.891320974840767,11.196499824523926
6,2018-03-17T06:00:00,18.062838502395884,11.196499824523926
6,2018-03-17T07:00:00,18.40006537242997,11.196499824523926
6,2018-03-17T08:00:00,19.197715263340925,12.295000076293944
6,2018-03-17T09:00:00,20.79366617676029,13.833000183105469
6,2018-03-17T10:00:00,22.877458795087847,16.469499588012695
6,2018-03-17T11:00:00,25.16848025913471,19.10650062561035
6,2018-03-17T12:00:00,27.586117626296883,21.96299934387207
6,2018-03-17T13:00:00,29.332488103531247,23.2814998626709
6,2018-03-17T14:00:00,30.802001621961864,23.06150054931641
6,2018-03-17T15:00:00,31.49462398620306,23.72100067138672
6,2018-03-17T16:00:00,30.895489294994526,23.2810001373291
6,2018-03-17T17:00:00,29.59468271909582,22.84199905395508
6,2018-03-17T18:00:00,27.826054534063115,21.74300003051757
6,2018-03-17T19:00:00,25.610505790494226,20.424999237060547
6,2018-03-17T20:00:00,23.668735578692555,19.98550033569336
6,2018-03-17T21:00:00,21.986647595177843,19.54599952697754
6,2018-03-17T22:00:00,20.631202001181574,19.10650062561035
6,2018-03-17T23:00:00,20.02175137847876,19.10650062561035
6,2018-03-18T00:00:00,19.7876393503011,17.348499298095707
6,2018-03-18T01:00:00,19.701534893802396,16.469499588012695
6,2018-03-18T02:00:00,19.76270135221917,16.25
6,2018-03-18T03:00:00,19.496992906699425,16.909000396728516
6,2018-03-18T04:00:00,19.291236462238672,17.348499298095707
6,2018-03-18T05:00:00,19.229149068833976,16.909000396728516
6,2018-03-18T06:00:00,19.304979786253643,16.030500411987305
6,2018-03-18T07:00:00,19.239434439335586,16.030500411987305
6,2018-03-18T08:00:00,20.097762040847776,16.25
6,2018-03-18T09:00:00,21.305392209704785,16.469499588012695
6,2018-03-18T10:00:00,23.359111556880666,16.469499588012695
6,2018-03-18T11:00:00,25.625541342751294,16.909000396728516
6,2018-03-18T12:00:00,27.73577959678774,17.348499298095707
6,2018-03-18T13:00:00,29.48587169592069,17.788000106811523
6,2018-03-18T14:00:00,30.989644406422965,17.788000106811523
6,2018-03-18T15:00:00,31.87094691837256,17.788000106811523
6,2018-03-18T16:00:00,31.21146122269706,18.007999420166016
6,2018-03-18T17:00:00,29.96749426162822,17.568500518798828
6,2018-03-18T18:00:00,28.168574077682532,16.68950080871582
6,2018-03-18T19:00:00,26.14330419804916,16.909000396728516
6,2018-03-18T20:00:00,24.466766797810493,16.68899917602539
6,2018-03-18T21:00:00,22.900832937000327,16.25
6,2018-03-18T22:00:00,21.871884225706676,16.25
6,2018-03-18T23:00:00,21.302859638487988,16.469499588012695
6,2018-03-19T00:00:00,20.837677769305504,16.68950080871582
6,2018-03-19T01:00:00,20.65525110770445,16.469499588012695
6,2018-03-19T02:00:00,20.423513714270292,16.25
6,2018-03-19T03:00:00,20.2383432913091,15.810999870300291
6,2018-03-19T04:00:00,20.033226575090332,15.371000289916992
6,2018-03-19T05:00:00,19.945498280772405,14.932000160217283
6,2018-03-19T06:00:00,19.913303187268042,14.491999626159668
6,2018-03-19T07:00:00,20.2417950870105,14.272500038146973
6,2018-03-19T08:00:00,20.93195808957703,14.272500038146973
6,2018-03-19T09:00:00,22.149800533427072,14.711999893188477
6,2018-03-19T10:00:00,24.06621458610166,14.931500434875488
6,2018-03-19T11:00:00,26.231495696666364,15.15149974822998
6,2018-03-19T12:00:00,28.19958964230693,16.030500411987305
6,2018-03-19T13:00:00,30.033845597711046,16.469499588012695
6,2018-03-19T14:00:00,31.604944266281635,16.909000396728516
6,2018-03-19T15:00:00,32.1525345363872,17.128999710083008
6,2018-03-19T16:00:00,31.81835612537147,16.909000396728516
6,2018-03-19T17:00:00,30.361042988540316,16.68899917602539
6,2018-03-19T18:00:00,28.67809196487341,16.469499588012695
6,2018-03-19T19:00:00,26.720110891176226,16.25
6,2018-03-19T20:00:00,24.586478653388777,16.25
6,2018-03-19T21:00:00,23.032138470053532,15.371000289916992
6,2018-03-19T22:00:00,21.716690715543415,15.371000289916992
7,2018-03-16T23:00:00,14.357448139990897,13.61299991607666
7,2018-03-17T00:00:00,14.3353587001059,12.95400047302246
7,2018-03-17T01:00:00,14.084852067766006,12.074999809265137
7,2018-03-17T02:00:00,13.70336307346698,12.074999809265137
7,2018-03-17T03:00:00,13.576482498471165,11.635499954223633
7,2018-03-17T04:00:00,13.237931698866769,11.196499824523926
7,2018-03-17T05:00:00,12.902249983499152,11.196499824523926
7,2018-03-17T06:00:00,12.353900249919146,11.196499824523926
7,2018-03-17T07:00:00,12.016631187469812,11.196499824523926
7,2018-03-17T08:00:00,11.9405046670092,12.295000076293944
7,2018-03-17T09:00:00,12.622979527316442,13.833000183105469
7,2018-03-17T10:00:00,13.886920605830205,16.469499588012695
7,2018-03-17T11:00:00,15.326115293252409,19.10650062561035
7,2018-03-17T12:00:00,16.982915651806422,21.96299934387207
7,2018-03-17T13:00:00,18.583327899987133,23.2814998626709
7,2018-03-17T14:00:00,20.101638269439853,23.06150054931641
7,2018-03-17T15:00:00,21.257543844177427,23.72100067138672
7,2018-03-17T16:00:00,21.650178592148432,23.2810001373291
7,2018-03-17T17:00:00,21.313806289573424,22.84199905395508
7,2018-03-17T18:00:00,20.534299137218575,21.74300003051757
7,2018-03-17T19:00:00,19.52253984396356,20.424999237060547
7,2018-03-17T20:00:00,18.445214335649972,19.98550033569336
7,2018-03-17T21:00:00,17.382801679488576,19.54599952697754
7,2018-03-17T22:00:00,16.858235924416718,19.10650062561035
7,2018-03-17T23:00:00,16.445163056466633,19.10650062561035
7,2018-03-18T00:00:00,16.355459700980944,17.348499298095707
7,2018-03-18T01:00:00,16.042999778696704,16.469499588012695
7,2018-03-18T02:00:00,15.868520457624813,16.25
7,2018-03-18T03:00:00,15.525401473818295,16.909000396728516
7,2018-03-18T04:00:00,15.507469697338426,17.348499298095707
7,2018-03-18T05:00:00,15.093598594505291,16.909000396728516
7,2018-03-18T06:00:00,14.789913554256827,16.030500411987305
7,2018-03-18T07:00:00,14.713807559836065,16.030500411987305
7,2018-03-18T08:00:00,15.03478578865796,16.25
7,2018-03-18T09:00:00,15.701314196673026,16.469499588012695
7,2018-03-18T10:00:00,16.91823011789096,16.469499588012695
7,2018-03-18T11:00:00,18.74380926011636,16.909000396728516
7,2018-03-18T12:00:00,20.595929370102397,17.348499298095707
7,2018-03-18T13:00:00,22.198300714753216,17.788000106811523
7,2018-03-18T14:00:00,23.724843508621905,17.788000106811523
7,2018-03-18T15:00:00,24.69077830387875,17.788000106811523
7,2018-03-18T16:00:00,24.733904083770895,18.007999420166016
7,2018-03-18T17:00:00,24.12410805343083,17.568500518798828
7,2018-03-18T18:00:00,23.217143430326832,16.68950080871582
7,2018-03-18T19:00:00,21.71419862623854,16.909000396728516
7,2018-03-18T20:00:00,20.931898792128575,16.68899917602539
7,2018-03-18T21:00:00,19.779235077318162,16.25
7,2018-03-18T22:00:00,19.03893836275411,16.25
7,2018-03-18T23:00:00,18.69209846405705,16.469499588012695
7,2018-03-19T00:00:00,18.275460907186385,16.68950080871582
7,2018-03-19T01:00:00,18.025977611966557,16.469499588012695
7,2018-03-19T02:00:00,17.73343513245054,16.25
7,2018-03-19T03:00:00,17.744210505136788,15.810999870300291
7,2018-03-19T04:00:00,17.497757765667224,15.371000289916992
7,2018-03-19T05:00:00,17.32922529447403,14.932000160217283
7,2018-03-19T06:00:00,17.077375346859526,14.491999626159668
7,2018-03-19T07:00:00,16.987924005529763,14.272500038146973
7,2018-03-19T08:00:00,17.3230674825191,14.272500038146973
7,2018-03-19T09:00:00,18.383296738208255,14.711999893188477
7,2018-03-19T10:00:00,19.770616421252353,14.931500434875488
7,2018-03-19T11:00:00,21.487953773001074,15.15149974822998
7,2018-03-19T12:00:00,22.97485268753747,16.030500411987305
7,2018-03-19T13:00:00,24.495773969259083,16.469499588012695
7,2018-03-19T14:00:00,25.864111854851437,16.909000396728516
7,2018-03-19T15:00:00,26.473806623394907,17.128999710083008
7,2018-03-19T16:00:00,26.391469949577747,16.909000396728516
7,2018-03-19T17:00:00,25.824809277948425,16.68899917602539
7,2018-03-19T18:00:00,24.532829857066986,16.469499588012695
7,2018-03-19T19:00:00,23.404110680009765,16.25
7,2018-03-19T20:00:00,21.86905197430807,16.25
7,2018-03-19T21:00:00,20.60078183995644,15.371000289916992
7,2018-03-19T22:00:00,19.942094379163986,15.371000289916992
7,2018-03-19T23:00:00,19.576725624294532,15.590999603271484
7,2018-03-20T00:00:00,19.143786514642294,15.590999603271484
7,2018-03-20T01:00:00,18.955066227122632,14.491999626159668
7,2018-03-20T02:00:00,18.592560170610895,14.272500038146973
7,2018-03-20T03:00:00,18.194882516749466,13.833000183105469
7,2018-03-20T04:00:00,18.061281944373945,13.173500061035154
7,2018-03-20T05:00:00,17.840210109312842,12.51449966430664
7,2018-03-20T06:00:00,17.68855870942632,12.295000076293944
7,2018-03-20T07:00:00,17.657348181633417,11.854999542236328
7,2018-03-20T08:00:00,17.602436007558868,11.854999542236328
7,2018-03-20T09:00:00,18.471881424522135,12.074999809265137
7,2018-03-20T10:00:00,19.791551841563574,11.635499954223633
7,2018-03-20T11:00:00,21.40820052936612,11.635499954223633
7,2018-03-20T12:00:00,22.77188345122121,11.854999542236328
7,2018-03-20T13:00:00,24.532129462973888,12.295000076293944
7,2018-03-20T14:00:00,25.65712019892595,12.074999809265137
7,2018-03-20T15:00:00,26.352649620577647,11.85550022125244
7,2018-03-20T16:00:00,26.19939148790511,11.85550022125244
7,2018-03-20T17:00:00,25.778923201830704,11.635499954223633
7,2018-03-20T18:00:00,24.651640505462307,11.635499954223633
7,2018-03-20T19:00:00,23.33439307339158,11.416000366210938
7,2018-03-20T20:00:00,21.906746564055965,10.537500381469728
7,2018-03-20T21:00:00,20.66643095740929,10.09749984741211
7,2018-03-20T22:00:00,19.966524927927402,10.317500114440918
8,2018-03-17T23:00:00,18.918538884840864,19.10650062561035
8,2018-03-18T00:00:00,18.40288998358041,17.348499298095707
8,2018-03-18T01:00:00,18.048899040666797,16.469499588012695
8,2018-03-18T02:00:00,17.62285314536388,16.25
8,2018-03-18T03:00:00,17.532884661863463,16.909000396728516
8,2018-03-18T04:00:00,17.148766053792578,17.348499298095707
8,2018-03-18T05:00:00,16.954671820973136,16.909000396728516
8,2018-03-18T06:00:00,17.045599896836528,16.030500411987305
8,2018-03-18T07:00:00,17.103073948751437,16.030500411987305
8,2018-03-18T08:00:00,17.72512516521736,16.25
8,2018-03-18T09:00:00,18.585979408201503,16.469499588012695
8,2018-03-18T10:00:00,19.819576727971793,16.469499588012695
8,2018-03-18T11:00:00,21.671524989390868,16.909000396728516
8,2018-03-18T12:00:00,23.14773120556819,17.348499298095707
8,2018-03-18T13:00:00,24.533866079978733,17.788000106811523
8,2018-03-18T14:00:00,25.346924983038466,17.788000106811523
8,2018-03-18T15:00:00,26.23177986828473,17.788000106811523
8,2018-03-18T16:00:00,25.958353631781467,18.007999420166016
8,2018-03-18T17:00:00,25.098280062512945,17.568500518798828
8,2018-03-18T18:00:00,24.27710390892751,16.68950080871582
8,2018-03-18T19:00:00,23.010577689728223,16.909000396728516
8,2018-03-18T20:00:00,22.213603333595437,16.68899917602539
8,2018-03-18T21:00:00,21.767302912336543,16.25
8,2018-03-18T22:00:00,21.358698449228196,16.25
8,2018-03-18T23:00:00,20.77329294187384,16.469499588012695
8,2018-03-19T00:00:00,20.134619510270465,16.68950080871582
8,2018-03-19T01:00:00,19.93634252666386,16.469499588012695
8,2018-03-19T02:00:00,19.543648595277958,16.25
8,2018-03-19T03:00:00,19.298231736619478,15.810999870300291
8,2018-03-19T04:00:00,19.19252719273534,15.371000289916992
8,2018-03-19T05:00:00,18.998786007801318,14.932000160217283
8,2018-03-19T06:00:00,18.92431354405193,14.491999626159668
8,2018-03-19T07:00:00,18.99361800710136,14.272500038146973
8,2018-03-19T08:00:00,19.34771386088532,14.272500038146973
8,2018-03-19T09:00:00,20.1392025188347,14.711999893188477
8,2018-03-19T10:00:00,21.501086675397623,14.931500434875488
8,2018-03-19T11:00:00,22.876146268873008,15.15149974822998
8,2018-03-19T12:00:00,24.414173382037642,16.030500411987305
8,2018-03-19T13:00:00,25.567692348508466,16.469499588012695
8,2018-03-19T14:00:00,26.408249188920053,16.909000396728516
8,2018-03-19T15:00:00,26.86587120359231,17.128999710083008
8,2018-03-19T16:00:00,26.811032125026337,16.909000396728516
8,2018-03-19T17:00:00,26.132149435726358,16.68899917602539
8,2018-03-19T18:00:00,25.118868820817813,16.469499588012695
8,2018-03-19T19:00:00,23.76381915132353,16.25
8,2018-03-19T20:00:00,22.73455376884842,16.25
8,2018-03-19T21:00:00,21.905847979644765,15.371000289916992
8,2018-03-19T22:00:00,21.067564854280757,15.371000289916992
8,2018-03-19T23:00:00,20.99038842688183,15.590999603271484
8,2018-03-20T00:00:00,20.299381347943253,15.590999603271484
8,2018-03-20T01:00:00,19.82822959410402,14.491999626159668
8,2018-03-20T02:00:00,19.785254110437,14.272500038146973
8,2018-03-20T03:00:00,19.249200272961886,13.833000183105469
8,2018-03-20T04:00:00,18.89643941000305,13.173500061035154
8,2018-03-20T05:00:00,18.84882891847084,12.51449966430664
8,2018-03-20T06:00:00,18.607436532025574,12.295000076293944
8,2018-03-20T07:00:00,18.72079044676039,11.854999542236328
8,2018-03-20T08:00:00,19.1206126156519,11.854999542236328
8,2018-03-20T09:00:00,19.857618321826706,12.074999809265137
8,2018-03-20T10:00:00,20.915359935519625,11.635499954223633
8,2018-03-20T11:00:00,22.4222187133066,11.635499954223633
8,2018-03-20T12:00:00,23.657630078865388,11.854999542236328
8,2018-03-20T13:00:00,24.816643410069773,12.295000076293944
8,2018-03-20T14:00:00,26.024456830849218,12.074999809265137
8,2018-03-20T15:00:00,26.285602679811024,11.85550022125244
8,2018-03-20T16:00:00,26.183574349663985,11.85550022125244
8,2018-03-20T17:00:00,25.585735079637075,11.635499954223633
8,2018-03-20T18:00:00,24.669351969114455,11.635499954223633
8,2018-03-20T19:00:00,23.72384126770946,11.416000366210938
8,2018-03-20T20:00:00,22.67423001840104,10.537500381469728
8,2018-03-20T21:00:00,21.777856261691745,10.09749984741211
8,2018-03-20T22:00:00,20.997821590112757,10.317500114440918
8,2018-03-20T23:00:00,20.426681680453996,10.317500114440918
8,2018-03-21T00:00:00,20.070786377176546,10.317500114440918
8,2018-03-21T01:00:00,19.817354213990285,10.537500381469728
8,2018-03-21T02:00:00,19.430460485331704,10.317500114440918
8,2018-03-21T03:00:00,19.383808901961142,9.878000259399414
8,2018-03-21T04:00:00,18.90274763221666,9.878000259399414
8,2018-03-21T05:00:00,18.772058792627384,10.09749984741211
8,2018-03-21T06:00:00,18.91436423043608,10.317500114440918
8,2018-03-21T07:00:00,18.926273780857585,10.317500114440918
8,2018-03-21T08:00:00,19.256921484952045,10.976499557495115
8,2018-03-21T09:00:00,19.99644733268618,11.85550022125244
8,2018-03-21T10:00:00,21.37587087626718,13.613499641418455
8,2018-03-21T11:00:00,22.655160187045052,14.272500038146973
8,2018-03-21T12:00:00,24.003791249844753,14.491999626159668
8,2018-03-21T13:00:00,25.190144353860596,16.030000686645508
8,2018-03-21T14:00:00,26.209034165292312,19.10650062561035
8,2018-03-21T15:00:00,26.77265743915809,20.644500732421875
8,2018-03-21T16:00:00,26.734861017445827,20.424999237060547
8,2018-03-21T17:00:00,25.78386416172321,20.424999237060547
8,2018-03-21T18:00:00,25.022647307344272,19.98550033569336
8,2018-03-21T19:00:00,23.961027982623065,18.66699981689453
8,2018-03-21T20:00:00,22.865832618049826,17.568000793457028
8,2018-03-21T21:00:00,22.054030478796673,16.25
8,2018-03-21T22:00:00,21.553807010516877,15.15149974822998
9,2018-03-18T23:00:00,16.253378003130294,16.469499588012695
9,2018-03-19T00:00:00,16.200003457507606,16.68950080871582
9,2018-03-19T01:00:00,16.070790896317746,16.469499588012695
9,2018-03-19T02:00:00,16.08859837622297,16.25
9,2018-03-19T03:00:00,16.120210758262715,15.810999870300291
9,2018-03-19T04:00:00,16.119852692900885,15.371000289916992
9,2018-03-19T05:00:00,16.14358193530277,14.932000160217283
9,2018-03-19T06:00:00,15.781028212765161,14.491999626159668
9,2018-03-19T07:00:00,15.732731581334194,14.272500038146973
9,2018-03-19T08:00:00,15.926975198110322,14.272500038146973
9,2018-03-19T09:00:00,16.45762350299099,14.711999893188477
9,2018-03-19T10:00:00,17.028968102880476,14.931500434875488
9,2018-03-19T11:00:00,18.02567838791897,15.15149974822998
9,2018-03-19T12:00:00,19.144283244806658,16.030500411987305
9,2018-03-19T13:00:00,20.022320862051036,16.469499588012695
9,2018-03-19T14:00:00,20.669118044092734,16.909000396728516
9,2018-03-19T15:00:00,21.35375338412772,17.128999710083008
9,2018-03-19T16:00:00,21.269900634200546,16.909000396728516
9,2018-03-19T17:00:00,20.992380593082803,16.68899917602539
9,2018-03-19T18:00:00,19.995809428981072,16.469499588012695
9,2018-03-19T19:00:00,19.149672584636324,16.25
9,2018-03-19T20:00:00,18.10246858366806,16.25
9,2018-03-19T21:00:00,17.500927898488463,15.371000289916992
9,2018-03-19T22:00:00,17.182258849149665,15.371000289916992
9,2018-03-19T23:00:00,16.980061391931756,15.590999603271484
9,2018-03-20T00:00:00,16.583757158203383,15.590999603271484
9,2018-03-20T01:00:00,16.52208211013256,14.491999626159668
9,2018-03-20T02:00:00,16.41288129746068,14.272500038146973
9,2018-03-20T03:00:00,16.30769788692162,13.833000183105469
9,2018-03-20T04:00:00,16.09897428936703,13.173500061035154
9,2018-03-20T05:00:00,16.10469079146519,12.51449966430664
9,2018-03-20T06:00:00,15.875613344728455,12.295000076293944
9,2018-03-20T07:00:00,15.782044251737723,11.854999542236328
9,2018-03-20T08:00:00,16.036349341785375,11.854999542236328
9,2018-03-20T09:00:00,16.67367489677195,12.074999809265137
9,2018-03-20T10:00:00,17.56499160743003,11.635499954223633
9,2018-03-20T11:00:00,18.945257516879757,11.635499954223633
9,2018-03-20T12:00:00,20.024275625246062,11.854999542236328
9,2018-03-20T13:00:00,21.16483570452484,12.295000076293944
9,2018-03-20T14:00:00,21.905209391738325,12.074999809265137
9,2018-03-20T15:00:00,22.357350155535812,11.85550022125244
9,2018-03-20T16:00:00,22.485923672685015,11.85550022125244
9,2018-03-20T17:00:00,21.922056709112802,11.635499954223633
9,2018-03-20T18:00:00,21.255161455152198,11.635499954223633
9,2018-03-20T19:00:00,20.053538231857225,11.416000366210938
9,2018-03-20T20:00:00,19.336531046308053,10.537500381469728
9,2018-03-20T21:00:00,18.491112043190277,10.09749984741211
9,2018-03-20T22:00:00,17.850049608615493,10.317500114440918
9,2018-03-20T23:00:00,17.41994503103295,10.317500114440918
9,2018-03-21T00:00:00,17.34441570429841,10.317500114440918
9,2018-03-21T01:00:00,17.1032928931765,10.537500381469728
9,2018-03-21T02:00:00,17.25346596205962,10.317500114440918
9,2018-03-21T03:00:00,17.230058294282045,9.878000259399414
9,2018-03-21T04:00:00,17.21671864905079,9.878000259399414
9,2018-03-21T05:00:00,17.04669803996849,10.09749984741211
9,2018-03-21T06:00:00,16.87973581082381,10.317500114440918
9,2018-03-21T07:00:00,17.014445929686765,10.317500114440918
9,2018-03-21T08:00:00,17.67517687177982,10.976499557495115
9,2018-03-21T09:00:00,18.23649963271265,11.85550022125244
9,2018-03-21T10:00:00,19.300338050408726,13.613499641418455
9,2018-03-21T11:00:00,20.674850510888557,14.272500038146973
9,2018-03-21T12:00:00,21.73804532320179,14.491999626159668
9,2018-03-21T13:00:00,22.857389573658285,16.030000686645508
9,2018-03-21T14:00:00,23.77277032923491,19.10650062561035
9,2018-03-21T15:00:00,24.323643853447997,20.644500732421875
9,2018-03-21T16:00:00,24.2564996420592,20.424999237060547
9,2018-03-21T17:00:00,23.605812661432417,20.424999237060547
9,2018-03-21T18:00:00,22.65937178832156,19.98550033569336
9,2018-03-21T19:00:00,21.7342605495206,18.66699981689453
9,2018-03-21T20:00:00,20.771411844355164,17.568000793457028
9,2018-03-21T21:00:00,19.89190878189907,16.25
9,2018-03-21T22:00:00,19.190146856314094,15.15149974822998
9,2018-03-21T23:00:00,18.858819740300607,14.272500038146973
9,2018-03-22T00:00:00,18.618245088476243,13.393500328063965
9,2018-03-22T01:00:00,18.437340660797155,12.51449966430664
9,2018-03-22T02:00:00,18.101176127358855,12.074999809265137
9,2018-03-22T03:00:00,18.11870240051813,11.416000366210938
9,2018-03-22T04:00:00,17.965848402763527,10.756999969482422
9,2018-03-22T05:00:00,18.1025541088341,10.317500114440918
9,2018-03-22T06:00:00,17.707084030558512,9.878000259399414
9,2018-03-22T07:00:00,17.652802348008017,9.878000259399414
9,2018-03-22T08:00:00,17.687890472795658,10.97700023651123
9,2018-03-22T09:00:00,18.352277330653063,13.61299991607666
9,2018-03-22T10:00:00,19.21954767159358,17.788000106811523
9,2018-03-22T11:00:00,20.36950183511027,21.523500442504886
9,2018-03-22T12:00:00,21.54569078629317,24.160499572753903
9,2018-03-22T13:00:00,22.656633956706266,26.13800048828125
9,2018-03-22T14:00:00,23.350337473079772,27.45599937438965
9,2018-03-22T15:00:00,23.717507958113814,27.45599937438965
9,2018-03-22T16:00:00,23.64502925703517,26.35700035095215
9,2018-03-22T17:00:00,22.95540323847782,25.03899955749512
9,2018-03-22T18:00:00,22.031811268726404,23.94050025939941
9,2018-03-22T19:00:00,20.961861792832835,22.402000427246094
9,2018-03-22T20:00:00,20.220075115842803,21.083999633789062
9,2018-03-22T21:00:00,19.31018610222798,20.20499992370605
9,2018-03-22T22:00:00,18.63822559180023,19.326000213623047
10,2018-03-19T23:00:00,15.30145667737955,15.590999603271484
10,2018-03-20T00:00:00,15.108332870110788,15.590999603271484
10,2018-03-20T01:00:00,14.82014384961335,14.491999626159668
10,2018-03-20T02:00:00,14.581224166768653,14.272500038146973
10,2018-03-20T03:00:00,14.327283984096109,13.833000183105469
10,2018-03-20T04:00:00,14.147770081583289,13.173500061035154
10,2018-03-20T05:00:00,13.703912715200737,12.51449966430664
10,2018-03-20T06:00:00,13.533482725656988,12.295000076293944
10,2018-03-20T07:00:00,13.278722641726,11.854999542236328
10,2018-03-20T08:00:00,13.280462793771044,11.854999542236328
10,2018-03-20T09:00:00,13.59809413776188,12.074999809265137
10,2018-03-20T10:00:00,14.228388383764363,11.635499954223633
10,2018-03-20T11:00:00,14.978807856980993,11.635499954223633
10,2018-03-20T12:00:00,15.845401294740686,11.854999542236328
10,2018-03-20T13:00:00,16.468172747138226,12.295000076293944
10,2018-03-20T14:00:00,17.09037175109107,12.074999809265137
10,2018-03-20T15:00:00,17.501481759463744,11.85550022125244
10,2018-03-20T16:00:00,17.603900198401483,11.85550022125244
10,2018-03-20T17:00:00,17.451412818525306,11.635499954223633
10,2018-03-20T18:00:00,17.197584958904162,11.635499954223633
10,2018-03-20T19:00:00,16.732543579061094,11.416000366210938
10,2018-03-20T20:00:00,16.436138440946017,10.537500381469728
10,2018-03-20T21:00:00,16.095840647283296,10.09749984741211
10,2018-03-20T22:00:00,15.662499455317107,10.317500114440918
10,2018-03-20T23:00:00,15.376351635449177,10.317500114440918
10,2018-03-21T00:00:00,15.077679510266247,10.317500114440918
10,2018-03-21T01:00:00,14.679594072413137,10.537500381469728
10,2018-03-21T02:00:00,14.569033979768983,10.317500114440918
10,2018-03-21T03:00:00,14.302083708838326,9.878000259399414
10,2018-03-21T04:00:00,13.858169325678409,9.878000259399414
10,2018-03-21T05:00:00,13.516487164661378,10.09749984741211
10,2018-03-21T06:00:00,13.612206930494144,10.317500114440918
10,2018-03-21T07:00:00,13.506051954068862,10.317500114440918
10,2018-03-21T08:00:00,13.589757144576232,10.976499557495115
10,2018-03-21T09:00:00,14.078530047492274,11.85550022125244
10,2018-03-21T10:00:00,14.878888235327853,13.613499641418455
10,2018-03-21T11:00:00,15.71774073023058,14.272500038146973
10,2018-03-21T12:00:00,16.62791665226907,14.491999626159668
10,2018-03-21T13:00:00,17.32474263543795,16.030000686645508
10,2018-03-21T14:00:00,17.866306232176512,19.10650062561035
10,2018-03-21T15:00:00,18.28680097403561,20.644500732421875
10,2018-03-21T16:00:00,18.34696941078147,20.424999237060547
10,2018-03-21T17:00:00,18.116889951199397,20.424999237060547
10,2018-03-21T18:00:00,17.692719451737425,19.98550033569336
10,2018-03-21T19:00:00,17.221363235734575,18.66699981689453
10,2018-03-21T20:00:00,16.876241822707158,17.568000793457028
10,2018-03-21T21:00:00,16.556277352186733,16.25
10,2018-03-21T22:00:00,16.207108888302265,15.15149974822998
10,2018-03-21T23:00:00,15.924615843863144,14.272500038146973
10,2018-03-22T00:00:00,15.560245566798828,13.393500328063965
10,2018-03-22T01:00:00,15.27488685912957,12.51449966430664
10,2018-03-22T02:00:00,14.93041201635742,12.074999809265137
10,2018-03-22T03:00:00,14.806854379146172,11.416000366210938
10,2018-03-22T04:00:00,14.52767514980724,10.756999969482422
10,2018-03-22T05:00:00,14.455986815296367,10.317500114440918
10,2018-03-22T06:00:00,14.325790144529266,9.878000259399414
10,2018-03-22T07:00:00,14.219746920987609,9.878000259399414
10,2018-03-22T08:00:00,14.243058800579215,10.97700023651123
10,2018-03-22T09:00:00,14.675110273041508,13.61299991607666
10,2018-03-22T10:00:00,15.113682184162746,17.788000106811523
10,2018-03-22T11:00:00,15.988047008676673,21.523500442504886
10,2018-03-22T12:00:00,16.936771973888586,24.160499572753903
10,2018-03-22T13:00:00,17.612510301950692,26.13800048828125
10,2018-03-22T14:00:00,18.092201002400984,27.45599937438965
10,2018-03-22T15:00:00,18.274013251209205,27.45599937438965
10,2018-03-22T16:00:00,18.49003260156129,26.35700035095215
10,2018-03-22T17:00:00,18.290719737143597,25.03899955749512
10,2018-03-22T18:00:00,17.89357621645248,23.94050025939941
10,2018-03-22T19:00:00,17.371784897766986,22.402000427246094
10,2018-03-22T20:00:00,16.97151913834761,21.083999633789062
10,2018-03-22T21:00:00,16.55249828018328,20.20499992370605
10,2018-03-22T22:00:00,16.139133486333108,19.326000213623047
10,2018-03-22T23:00:00,15.853271890687527,18.886999130249023
10,2018-03-23T00:00:00,15.621227290856952,18.886999130249023
10,2018-03-23T01:00:00,15.29350511760886,18.007999420166016
10,2018-03-23T02:00:00,15.15580845994776,17.128999710083008
10,2018-03-23T03:00:00,14.77145722342524,16.25
10,2018-03-23T04:00:00,14.50834190093985,15.590999603271484
10,2018-03-23T05:00:00,14.42920603497015,14.932000160217283
10,2018-03-23T06:00:00,14.146148524435159,14.491999626159668
10,2018-03-23T07:00:00,14.009045981594157,14.272500038146973
10,2018-03-23T08:00:00,14.30763942362433,15.810999870300291
10,2018-03-23T09:00:00,14.58881081916424,18.44700050354004
10,2018-03-23T10:00:00,15.180233307033442,22.84199905395508
10,2018-03-23T11:00:00,16.035207865902617,27.23600006103516
10,2018-03-23T12:00:00,16.886161601632335,30.3125
10,2018-03-23T13:00:00,17.485604069405063,32.290000915527344
10,2018-03-23T14:00:00,17.918663028323316,34.707000732421875
10,2018-03-23T15:00:00,18.15971399830575,36.24499893188477
10,2018-03-23T16:00:00,18.312035231292704,35.146499633789055
10,2018-03-23T17:00:00,18.14079982275196,32.72949981689453
10,2018-03-23T18:00:00,17.70800599184843,30.09250068664551
10,2018-03-23T19:00:00,17.39139068683016,27.89550018310547
10,2018-03-23T20:00:00,16.97543391028118,25.917999267578125
10,2018-03-23T21:00:00,16.709521344698484,24.15999984741211
10,2018-03-23T22:00:00,16.417779038635942,22.84199905395508
11,2018-03-20T23:00:00,10.609469665904271,10.317500114440918
11,2018-03-21T00:00:00,10.646851005477348,10.317500114440918
11,2018-03-21T01:00:00,10.491389060326274,10.537500381469728
11,2018-03-21T02:00:00,10.573411115565957,10.317500114440918
11,2018-03-21T03:00:00,10.590307467368962,9.878000259399414
11,2018-03-21T04:00:00,10.35701648078529,9.878000259399414
11,2018-03-21T05:00:00,10.326120229469193,10.09749984741211
11,2018-03-21T06:00:00,10.123391375886282,10.317500114440918
11,2018-03-21T07:00:00,10.113000638380111,10.317500114440918
11,2018-03-21T08:00:00,10.284861749035606,10.976499557495115
11,2018-03-21T09:00:00,10.694907026107849,11.85550022125244
11,2018-03-21T10:00:00,11.257740161472963,13.613499641418455
11,2018-03-21T11:00:00,12.061904789365126,14.272500038146973
11,2018-03-21T12:00:00,12.841923952380673,14.491999626159668
11,2018-03-21T13:00:00,13.426618460521341,16.030000686645508
11,2018-03-21T14:00:00,13.707060041311035,19.10650062561035
11,2018-03-21T15:00:00,13.810521545173808,20.644500732421875
11,2018-03-21T16:00:00,13.782163680785802,20.424999237060547
11,2018-03-21T17:00:00,13.539269928559078,20.424999237060547
11,2018-03-21T18:00:00,13.27688784183054,19.98550033569336
11,2018-03-21T19:00:00,13.04080075248511,18.66699981689453
11,2018-03-21T20:00:00,12.534145107517727,17.568000793457028
11,2018-03-21T21:00:00,12.185547951742414,16.25
11,2018-03-21T22:00:00,12.19231698355065,15.15149974822998
11,2018-03-21T23:00:00,12.027305868527243,14.272500038146973
11,2018-03-22T00:00:00,11.893277670321517,13.393500328063965
11,2018-03-22T01:00:00,11.747688750338181,12.51449966430664
11,2018-03-22T02:00:00,11.637702246474277,12.074999809265137
11,2018-03-22T03:00:00,11.519338837680568,11.416000366210938
11,2018-03-22T04:00:00,11.346605370331456,10.756999969482422
11,2018-03-22T05:00:00,11.215860198166148,10.317500114440918
11,2018-03-22T06:00:00,11.233663116729183,9.878000259399414
11,2018-03-22T07:00:00,11.148673908395658,9.878000259399414
11,2018-03-22T08:00:00,11.470191515931383,10.97700023651123
11,2018-03-22T09:00:00,11.916244028242318,13.61299991607666
11,2018-03-22T10:00:00,12.528671496891121,17.788000106811523
11,2018-03-22T11:00:00,13.351917359494738,21.523500442504886
11,2018-03-22T12:00:00,14.064044365036073,24.160499572753903
11,2018-03-22T13:00:00,14.665675136723895,26.13800048828125
11,2018-03-22T14:00:00,15.030138921303083,27.45599937438965
11,2018-03-22T15:00:00,15.231670422561422,27.45599937438965
11,2018-03-22T16:00:00,15.024353999072089,26.35700035095215
11,2018-03-22T17:00:00,14.780413418813025,25.03899955749512
11,2018-03-22T18:00:00,14.44262208268307,23.94050025939941
11,2018-03-22T19:00:00,14.21952911689809,22.402000427246094
11,2018-03-22T20:00:00,13.823173568070096,21.083999633789062
11,2018-03-22T21:00:00,13.414981336262066,20.20499992370605
11,2018-03-22T22:00:00,13.406696798511591,19.326000213623047
11,2018-03-22T23:00:00,13.138862767531847,18.886999130249023
11,2018-03-23T00:00:00,12.986710076138774,18.886999130249023
11,2018-03-23T01:00:00,12.873475896636412,18.007999420166016
11,2018-03-23T02:00:00,12.701769871615337,17.128999710083008
11,2018-03-23T03:00:00,12.601244731786629,16.25
11,2018-03-23T04:00:00,12.473775743648453,15.590999603271484
11,2018-03-23T05:00:00,12.432743049653212,14.932000160217283
11,2018-03-23T06:00:00,12.270346724039555,14.491999626159668
11,2018-03-23T07:00:00,12.359954291339282,14.272500038146973
11,2018-03-23T08:00:00,12.636972584816252,15.810999870300291
11,2018-03-23T09:00:00,12.98929863783094,18.44700050354004
11,2018-03-23T10:00:00,13.82178806038024,22.84199905395508
11,2018-03-23T11:00:00,14.40251306048107,27.23600006103516
11,2018-03-23T12:00:00,15.30238833152162,30.3125
11,2018-03-23T13:00:00,15.852862510226077,32.290000915527344
11,2018-03-23T14:00:00,16.099543316805086,34.707000732421875
11,2018-03-23T15:00:00,16.367738834153293,36.24499893188477
11,2018-03-23T16:00:00,16.273598433053415,35.146499633789055
11,2018-03-23T17:00:00,15.995280157052623,32.72949981689453
11,2018-03-23T18:00:00,15.658235740706093,30.09250068664551
11,2018-03-23T19:00:00,15.239636806694227,27.89550018310547
11,2018-03-23T20:00:00,14.801835762402902,25.917999267578125
11,2018-03-23T21:00:00,14.532426928032462,24.15999984741211
11,2018-03-23T22:00:00,14.375110797281625,22.84199905395508
11,2018-03-23T23:00:00,14.248154960139694,22.1825008392334
11,2018-03-24T00:00:00,14.097588475492788,21.96299934387207
11,2018-03-24T01:00:00,13.817351014766047,21.52300071716309
11,2018-03-24T02:00:00,13.643350634623985,20.645000457763672
11,2018-03-24T03:00:00,13.489528491989798,20.20499992370605
11,2018-03-24T04:00:00,13.347279614824238,19.98550033569336
11,2018-03-24T05:00:00,13.099378649209715,19.98550033569336
11,2018-03-24T06:00:00,12.94186524040921,19.766000747680664
11,2018-03-24T07:00:00,12.946627281654358,19.54599952697754
11,2018-03-24T08:00:00,13.22694228519831,20.864500045776367
11,2018-03-24T09:00:00,13.648515214317298,22.84199905395508
11,2018-03-24T10:00:00,14.18587781489994,24.3799991607666
11,2018-03-24T11:00:00,14.83974849834098,27.01650047302246
11,2018-03-24T12:00:00,15.626595990613215,29.87299919128418
11,2018-03-24T13:00:00,16.135002050645568,32.070499420166016
11,2018-03-24T14:00:00,16.422550202565468,34.707000732421875
11,2018-03-24T15:00:00,16.416471073763297,36.68450164794922
11,2018-03-24T16:00:00,16.428259862650346,36.025001525878906
11,2018-03-24T17:00:00,16.290972585450696,34.487499237060554
11,2018-03-24T18:00:00,15.718445457598756,32.72949981689453
11,2018-03-24T19:00:00,15.268065371886161,30.75200080871582
11,2018-03-24T20:00:00,14.857626679050128,28.77449989318848
11,2018-03-24T21:00:00,14.425064336262686,26.79700088500977
11,2018-03-24T22:00:00,14.327401438657471,25.47900009155273
12,2018-03-21T23:00:00,14.676459289993858,14.272500038146973
12,2018-03-22T00:00:00,14.12587107773468,13.393500328063965
12,2018-03-22T01:00:00,13.636237221480492,12.51449966430664
12,2018-03-22T02:00:00,13.44129343867838,12.074999809265137
12,2018-03-22T03:00:00,13.292549210235917,11.416000366210938
12,2018-03-22T04:00:00,13.439704951261117,10.756999969482422
12,2018-03-22T05:00:00,13.323424935512161,10.317500114440918
12,2018-03-22T06:00:00,13.467435631098159,9.878000259399414
12,2018-03-22T07:00:00,13.669652474020374,9.878000259399414
12,2018-03-22T08:00:00,13.932073332157513,10.97700023651123
12,2018-03-22T09:00:00,14.577851054220007,13.61299991607666
12,2018-03-22T10:00:00,15.32530565501389,17.788000106811523
12,2018-03-22T11:00:00,16.17948654034221,21.523500442504886
12,2018-03-22T12:00:00,16.979195877251424,24.160499572753903
12,2018-03-22T13:00:00,17.93492934473649,26.13800048828125
12,2018-03-22T14:00:00,18.940500493111017,27.45599937438965
12,2018-03-22T15:00:00,19.53156674015527,27.45599937438965
12,2018-03-22T16:00:00,19.754347824168086,26.35700035095215
12,2018-03-22T17:00:00,19.62061280623155,25.03899955749512
12,2018-03-22T18:00:00,19.251027660676293,23.94050025939941
12,2018-03-22T19:00:00,18.669999901487678,22.402000427246094
12,2018-03-22T20:00:00,18.010932708958002,21.083999633789062
12,2018-03-22T21:00:00,17.148353252324487,20.20499992370605
12,2018-03-22T22:00:00,16.425077186138083,19.326000213623047
12,2018-03-22T23:00:00,16.016312505885356,18.886999130249023
12,2018-03-23T00:00:00,15.688214021906683,18.886999130249023
12,2018-03-23T01:00:00,15.325003466093882,18.007999420166016
12,2018-03-23T02:00:00,15.06541862246265,17.128999710083008
12,2018-03-23T03:00:00,14.966366796160937,16.25
12,2018-03-23T04:00:00,14.85892210023176,15.590999603271484
12,2018-03-23T05:00:00,14.833006834585875,14.932000160217283
12,2018-03-23T06:00:00,14.799357813258815,14.491999626159668
12,2018-03-23T07:00:00,14.711217857808352,14.272500038146973
12,2018-03-23T08:00:00,15.027297205119435,15.810999870300291
12,2018-03-23T09:00:00,15.451224927143409,18.44700050354004
12,2018-03-23T10:00:00,15.951307678016677,22.84199905395508
12,2018-03-23T11:00:00,16.435563711830223,27.23600006103516
12,2018-03-23T12:00:00,17.0683336263057,30.3125
12,2018-03-23T13:00:00,17.928705393319817,32.290000915527344
12,2018-03-23T14:00:00,18.746178877383464,34.707000732421875
12,2018-03-23T15:00:00,18.971786283050037,36.24499893188477
12,2018-03-23T16:00:00,19.435191281382856,35.146499633789055
12,2018-03-23T17:00:00,19.207237749361454,32.72949981689453
12,2018-03-23T18:00:00,18.853234034689713,30.09250068664551
12,2018-03-23T19:00:00,18.485097913514295,27.89550018310547
12,2018-03-23T20:00:00,17.719572757404443,25.917999267578125
12,2018-03-23T21:00:00,17.12232737413052,24.15999984741211
12,2018-03-23T22:00:00,16.823699722033933,22.84199905395508
12,2018-03-23T23:00:00,16.35269894862115,22.1825008392334
12,2018-03-24T00:00:00,15.906769592549315,21.96299934387207
12,2018-03-24T01:00:00,15.700517102125527,21.52300071716309
12,2018-03-24T02:00:00,15.520216368085132,20.645000457763672
12,2018-03-24T03:00:00,15.334567460328326,20.20499992370605
12,2018-03-24T04:00:00,15.36922795928576,19.98550033569336
12,2018-03-24T05:00:00,15.248624931477334,19.98550033569336
12,2018-03-24T06:00:00,15.175748367326266,19.766000747680664
12,2018-03-24T07:00:00,15.266287588768062,19.54599952697754
12,2018-03-24T08:00:00,15.260678278211337,20.864500045776367
12,2018-03-24T09:00:00,15.537324822299917,22.84199905395508
12,2018-03-24T10:00:00,15.83730035101331,24.3799991607666
12,2018-03-24T11:00:00,16.361583302869455,27.01650047302246
12,2018-03-24T12:00:00,16.944401959034966,29.87299919128418
12,2018-03-24T13:00:00,17.728479576263034,32.070499420166016
12,2018-03-24T14:00:00,18.423026028673036,34.707000732421875
12,2018-03-24T15:00:00,18.69006752644747,36.68450164794922
12,2018-03-24T16:00:00,18.944726120514755,36.025001525878906
12,2018-03-24T17:00:00,18.94464971803309,34.487499237060554
12,2018-03-24T18:00:00,18.58361001900151,32.72949981689453
12,2018-03-24T19:00:00,18.083213219718544,30.75200080871582
12,2018-03-24T20:00:00,17.525854493214915,28.77449989318848
12,2018-03-24T21:00:00,16.889489100759093,26.79700088500977
12,2018-03-24T22:00:00,16.608252706092994,25.47900009155273
12,2018-03-24T23:00:00,16.311736955429836,24.3799991607666
12,2018-03-25T00:00:00,15.878481288629688,23.72100067138672
12,2018-03-25T01:00:00,15.52233055018966,22.84199905395508
12,2018-03-25T02:00:00,15.37731635932212,21.96299934387207
12,2018-03-25T03:00:00,15.109533643442,21.30349922180176
12,2018-03-25T04:00:00,15.169246174036079,20.645000457763672
12,2018-03-25T05:00:00,14.954863091160686,20.20499992370605
12,2018-03-25T06:00:00,14.797637046918076,19.766000747680664
12,2018-03-25T07:00:00,14.828162689181328,19.54599952697754
12,2018-03-25T08:00:00,15.184743334122654,20.864500045776367
12,2018-03-25T09:00:00,15.415434355658691,23.2810001373291
12,2018-03-25T10:00:00,15.981146838280509,26.57699966430664
12,2018-03-25T11:00:00,16.57299923265101,29.214000701904297
12,2018-03-25T12:00:00,17.067543373771485,30.75149917602539
12,2018-03-25T13:00:00,17.813439706040104,32.72949981689453
12,2018-03-25T14:00:00,18.451860553319776,34.707000732421875
12,2018-03-25T15:00:00,18.94192431607526,36.46500015258789
12,2018-03-25T16:00:00,19.004683139050158,35.80550003051758
12,2018-03-25T17:00:00,19.052950805958226,33.827999114990234
12,2018-03-25T18:00:00,18.687980712396076,31.850500106811523
12,2018-03-25T19:00:00,18.322514116736677,29.87299919128418
12,2018-03-25T20:00:00,17.749880937678842,28.114999771118164
12,2018-03-25T21:00:00,17.283354156751983,26.79700088500977
12,2018-03-25T22:00:00,16.766099092873283,25.47900009155273
13,2018-03-22T23:00:00,18.81709748539997,18.886999130249023
13,2018-03-23T00:00:00,18.287337958044795,18.886999130249023
13,2018-03-23T01:00:00,17.574912298623644,18.007999420166016
13,2018-03-23T02:00:00,16.921295339841862,17.128999710083008
13,2018-03-23T03:00:00,16.3028423381616,16.25
13,2018-03-23T04:00:00,15.732359831945805,15.590999603271484
13,2018-03-23T05:00:00,15.403799512070512,14.932000160217283
13,2018-03-23T06:00:00,15.285105405968114,14.491999626159668
13,2018-03-23T07:00:00,15.544400604370354,14.272500038146973
13,2018-03-23T08:00:00,16.351865363336138,15.810999870300291
13,2018-03-23T09:00:00,17.70234593635986,18.44700050354004
13,2018-03-23T10:00:00,19.296530470016595,22.84199905395508
13,2018-03-23T11:00:00,20.915484802262043,27.23600006103516
13,2018-03-23T12:00:00,22.256472195888797,30.3125
13,2018-03-23T13:00:00,23.37430618594657,32.290000915527344
13,2018-03-23T14:00:00,24.35587794642808,34.707000732421875
13,2018-03-23T15:00:00,24.432591169527733,36.24499893188477
13,2018-03-23T16:00:00,24.028663906699823,35.146499633789055
13,2018-03-23T17:00:00,23.32935050960182,32.72949981689453
13,2018-03-23T18:00:00,22.450526973098302,30.09250068664551
13,2018-03-23T19:00:00,21.408229493889017,27.89550018310547
13,2018-03-23T20:00:00,20.501190634940894,25.917999267578125
13,2018-03-23T21:00:00,19.771236763790036,24.15999984741211
13,2018-03-23T22:00:00,19.042184555956354,22.84199905395508
13,2018-03-23T23:00:00,18.6582829537401,22.1825008392334
13,2018-03-24T00:00:00,18.217075385068597,21.96299934387207
13,2018-03-24T01:00:00,17.79885880556571,21.52300071716309
13,2018-03-24T02:00:00,17.192623358938253,20.645000457763672
13,2018-03-24T03:00:00,16.695261448680625,20.20499992370605
13,2018-03-24T04:00:00,16.207690459431344,19.98550033569336
13,2018-03-24T05:00:00,15.87402143630455,19.98550033569336
13,2018-03-24T06:00:00,15.510024048964175,19.766000747680664
13,2018-03-24T07:00:00,15.493051294679507,19.54599952697754
13,2018-03-24T08:00:00,15.837277544302365,20.864500045776367
13,2018-03-24T09:00:00,16.810331568413993,22.84199905395508
13,2018-03-24T10:00:00,17.999935312940714,24.3799991607666
13,2018-03-24T11:00:00,19.205373756875986,27.01650047302246
13,2018-03-24T12:00:00,20.158481031595826,29.87299919128418
13,2018-03-24T13:00:00,21.282630656048262,32.070499420166016
13,2018-03-24T14:00:00,21.99691449224359,34.707000732421875
13,2018-03-24T15:00:00,22.20147882992329,36.68450164794922
13,2018-03-24T16:00:00,21.894479290373305,36.025001525878906
13,2018-03-24T17:00:00,21.36292510293393,34.487499237060554
13,2018-03-24T18:00:00,20.566468003005355,32.72949981689453
13,2018-03-24T19:00:00,19.827214239332783,30.75200080871582
13,2018-03-24T20:00:00,18.89936015144012,28.77449989318848
13,2018-03-24T21:00:00,18.35596745648383,26.79700088500977
13,2018-03-24T22:00:00,17.955081354526776,25.47900009155273
13,2018-03-24T23:00:00,17.595611669476593,24.3799991607666
13,2018-03-25T00:00:00,17.294025416802768,23.72100067138672
13,2018-03-25T01:00:00,16.894722100585238,22.84199905395508
13,2018-03-25T02:00:00,16.419690241013065,21.96299934387207
13,2018-03-25T03:00:00,15.978089598678439,21.30349922180176
13,2018-03-25T04:00:00,15.513419968223765,20.645000457763672
13,2018-03-25T05:00:00,15.187762942651666,20.20499992370605
13,2018-03-25T06:00:00,14.902488619812901,19.766000747680664
13,2018-03-25T07:00:00,14.80996521451896,19.54599952697754
13,2018-03-25T08:00:00,15.363173917865625,20.864500045776367
13,2018-03-25T09:00:00,16.239998446154885,23.2810001373291
13,2018-03-25T10:00:00,17.481707542840248,26.57699966430664
13,2018-03-25T11:00:00,18.496989902768366,29.214000701904297
13,2018-03-25T12:00:00,19.712663428407616,30.75149917602539
13,2018-03-25T13:00:00,20.659091187659676,32.72949981689453
13,2018-03-25T14:00:00,21.348649242218414,34.707000732421875
13,2018-03-25T15:00:00,21.889183115957845,36.46500015258789
13,2018-03-25T16:00:00,21.67466250861546,35.80550003051758
13,2018-03-25T17:00:00,21.125197070736064,33.827999114990234
13,2018-03-25T18:00:00,20.52589988171205,31.850500106811523
13,2018-03-25T19:00:00,19.70360528702191,29.87299919128418
13,2018-03-25T20:00:00,19.04341760078355,28.114999771118164
13,2018-03-25T21:00:00,18.05507623832603,26.79700088500977
13,2018-03-25T22:00:00,17.66129442682809,25.47900009155273
13,2018-03-25T23:00:00,17.304809570072727,24.60000038146973
13,2018-03-26T00:00:00,16.961440852781372,24.15999984741211
13,2018-03-26T01:00:00,16.52043546560239,23.2810001373291
13,2018-03-26T02:00:00,15.949770505699037,22.621999740600582
13,2018-03-26T03:00:00,15.562749743660502,21.74300003051757
13,2018-03-26T04:00:00,15.234581699213448,21.083999633789062
13,2018-03-26T05:00:00,14.657172794883902,20.645000457763672
13,2018-03-26T06:00:00,14.458135207467308,19.98550033569336
13,2018-03-26T07:00:00,14.449402517846778,19.54599952697754
13,2018-03-26T08:00:00,15.055920767689944,20.645000457763672
13,2018-03-26T09:00:00,16.10239529600866,23.2810001373291
13,2018-03-26T10:00:00,17.093161011839545,27.45599937438965
13,2018-03-26T11:00:00,18.325926456828142,31.631000518798828
13,2018-03-26T12:00:00,19.555246948128623,34.707000732421875
13,2018-03-26T13:00:00,20.552587382590502,34.926498413085945
13,2018-03-26T14:00:00,21.271595058790144,33.82849884033203
13,2018-03-26T15:00:00,21.550034096325383,32.72949981689453
13,2018-03-26T16:00:00,21.45265308966744,33.16899871826172
13,2018-03-26T17:00:00,20.86406410756594,33.16899871826172
13,2018-03-26T18:00:00,20.336527322259386,32.070499420166016
13,2018-03-26T19:00:00,19.593100842752463,30.312000274658203
13,2018-03-26T20:00:00,18.65675718477793,28.55500030517578
13,2018-03-26T21:00:00,18.01040587393519,26.79700088500977
13,2018-03-26T22:00:00,17.41208777701201,25.69849967956543
14,2018-03-23T23:00:00,22.073037135563343,22.1825008392334
14,2018-03-24T00:00:00,21.503956101735067,21.96299934387207
14,2018-03-24T01:00:00,20.795013483209317,21.52300071716309
14,2018-03-24T02:00:00,19.919961606528197,20.645000457763672
14,2018-03-24T03:00:00,19.090076710368724,20.20499992370605
14,2018-03-24T04:00:00,18.44938146384014,19.98550033569336
14,2018-03-24T05:00:00,18.08001936791792,19.98550033569336
14,2018-03-24T06:00:00,17.623647389072513,19.766000747680664
14,2018-03-24T07:00:00,17.914608565285214,19.54599952697754
14,2018-03-24T08:00:00,18.73703840377125,20.864500045776367
14,2018-03-24T09:00:00,20.423528652665965,22.84199905395508
14,2018-03-24T10:00:00,22.679678997779824,24.3799991607666
14,2018-03-24T11:00:00,24.935119712082656,27.01650047302246
14,2018-03-24T12:00:00,26.912302702202258,29.87299919128418
14,2018-03-24T13:00:00,28.585106906136538,32.070499420166016
14,2018-03-24T14:00:00,29.745774031774975,34.707000732421875
14,2018-03-24T15:00:00,30.029456788290503,36.68450164794922
14,2018-03-24T16:00:00,29.454935806540973,36.025001525878906
14,2018-03-24T17:00:00,28.241115645459892,34.487499237060554
14,2018-03-24T18:00:00,26.492751930109137,32.72949981689453
14,2018-03-24T19:00:00,24.94374863116839,30.75200080871582
14,2018-03-24T20:00:00,23.41255760154217,28.77449989318848
14,2018-03-24T21:00:00,22.32117358046836,26.79700088500977
14,2018-03-24T22:00:00,21.425560313535506,25.47900009155273
14,2018-03-24T23:00:00,20.834512996061335,24.3799991607666
14,2018-03-25T00:00:00,20.31585988080176,23.72100067138672
14,2018-03-25T01:00:00,19.65200168250404,22.84199905395508
14,2018-03-25T02:00:00,19.132531402791336,21.96299934387207
14,2018-03-25T03:00:00,18.227794083078145,21.30349922180176
14,2018-03-25T04:00:00,17.655742817250054,20.645000457763672
14,2018-03-25T05:00:00,17.128310714746732,20.20499992370605
14,2018-03-25T06:00:00,16.675692150354966,19.766000747680664
14,2018-03-25T07:00:00,16.753169968439025,19.54599952697754
14,2018-03-25T08:00:00,17.483444730012867,20.864500045776367
14,2018-03-25T09:00:00,18.867510579606556,23.2810001373291
14,2018-03-25T10:00:00,20.70120320925035,26.57699966430664
14,2018-03-25T11:00:00,22.65996670137654,29.214000701904297
14,2018-03-25T12:00:00,24.37328117738182,30.75149917602539
14,2018-03-25T13:00:00,25.687606157512157,32.72949981689453
14,2018-03-25T14:00:00,26.87004414749377,34.707000732421875
14,2018-03-25T15:00:00,27.20481633122893,36.46500015258789
14,2018-03-25T16:00:00,26.86614568235852,35.80550003051758
14,2018-03-25T17:00:00,25.865153779440924,33.827999114990234
14,2018-03-25T18:00:00,24.585839153213904,31.850500106811523
14,2018-03-25T19:00:00,23.120917697611766,29.87299919128418
14,2018-03-25T20:00:00,21.872817476318513,28.114999771118164
14,2018-03-25T21:00:00,20.855730079252716,26.79700088500977
14,2018-03-25T22:00:00,20.059054034899077,25.47900009155273
14,2018-03-25T23:00:00,19.53928567147433,24.60000038146973
14,2018-03-26T00:00:00,18.97554482901364,24.15999984741211
14,2018-03-26T01:00:00,18.493117893417818,23.2810001373291
14,2018-03-26T02:00:00,17.881032525433177,22.621999740600582
14,2018-03-26T03:00:00,17.290051347420743,21.74300003051757
14,2018-03-26T04:00:00,16.661937422984526,21.083999633789062
14,2018-03-26T05:00:00,16.203637706896558,20.645000457763672
14,2018-03-26T06:00:00,15.811998585891825,19.98550033569336
14,2018-03-26T07:00:00,15.841385032943414,19.54599952697754
14,2018-03-26T08:00:00,16.46124064734674,20.645000457763672
14,2018-03-26T09:00:00,17.88295171015913,23.2810001373291
14,2018-03-26T10:00:00,19.80133637669285,27.45599937438965
14,2018-03-26T11:00:00,21.67340243783579,31.631000518798828
14,2018-03-26T12:00:00,23.257993328533853,34.707000732421875
14,2018-03-26T13:00:00,24.766788624147104,34.926498413085945
14,2018-03-26T14:00:00,25.803577028294264,33.82849884033203
14,2018-03-26T15:00:00,26.04056178978246,32.72949981689453
14,2018-03-26T16:00:00,25.791116581769906,33.16899871826172
14,2018-03-26T17:00:00,24.837884896441867,33.16899871826172
14,2018-03-26T18:00:00,23.714579462395026,32.070499420166016
14,2018-03-26T19:00:00,22.39494245718512,30.312000274658203
14,2018-03-26T20:00:00,21.090203593798844,28.55500030517578
14,2018-03-26T21:00:00,19.973545403723797,26.79700088500977
14,2018-03-26T22:00:00,19.18482422611394,25.69849967956543
14,2018-03-26T23:00:00,18.694204663812748,25.03899955749512
14,2018-03-27T00:00:00,18.033542597986745,24.15999984741211
14,2018-03-27T01:00:00,17.46635406503262,23.72100067138672
14,2018-03-27T02:00:00,16.98264197127509,23.2810001373291
14,2018-03-27T03:00:00,16.29122003826444,23.2810001373291
14,2018-03-27T04:00:00,15.793486378618425,22.84199905395508
14,2018-03-27T05:00:00,15.21379338218782,21.96299934387207
14,2018-03-27T06:00:00,15.116161273642382,21.52300071716309
14,2018-03-27T07:00:00,15.152522012900702,21.083999633789062
14,2018-03-27T08:00:00,15.912913720477679,22.402000427246094
14,2018-03-27T09:00:00,17.296545558362098,24.160499572753903
14,2018-03-27T10:00:00,19.146571784216352,27.675500869750977
14,2018-03-27T11:00:00,21.0974561278791,31.410999298095703
14,2018-03-27T12:00:00,22.674745107967713,34.047500610351555
14,2018-03-27T13:00:00,24.447509951424767,35.80550003051758
14,2018-03-27T14:00:00,25.434973027443824,37.34349822998047
14,2018-03-27T15:00:00,25.87944845569297,38.44250106811523
14,2018-03-27T16:00:00,25.392353898635307,37.5634994506836
14,2018-03-27T17:00:00,24.560159594925626,36.46500015258789
14,2018-03-27T18:00:00,23.35294952568421,34.487499237060554
14,2018-03-27T19:00:00,22.18224250957741,32.72949981689453
14,2018-03-27T20:00:00,20.799830830728503,30.97150039672852
14,2018-03-27T21:00:00,19.903235848923053,29.87299919128418
14,2018-03-27T22:00:00,18.98945874722647,28.77449989318848
15,2018-03-24T23:00:00,24.50866238371431,24.3799991607666
15,2018-03-25T00:00:00,23.885733336944142,23.72100067138672
15,2018-03-25T01:00:00,23.255479116719368,22.84199905395508
15,2018-03-25T02:00:00,22.462861982712468,21.96299934387207
15,2018-03-25T03:00:00,21.72065463593907,21.30349922180176
15,2018-03-25T04:00:00,21.014949430031848,20.645000457763672
15,2018-03-25T05:00:00,20.338466462857415,20.20499992370605
15,2018-03-25T06:00:00,19.901095553134496,19.766000747680664
15,2018-03-25T07:00:00,19.64408935027617,19.54599952697754
15,2018-03-25T08:00:00,20.40026295666402,20.864500045776367
15,2018-03-25T09:00:00,21.944193472923004,23.2810001373291
15,2018-03-25T10:00:00,24.017058369735206,26.57699966430664
15,2018-03-25T11:00:00,26.398400110798804,29.214000701904297
15,2018-03-25T12:00:00,28.369263441139257,30.75149917602539
15,2018-03-25T13:00:00,30.313554170810995,32.72949981689453
15,2018-03-25T14:00:00,31.953571754982505,34.707000732421875
15,2018-03-25T15:00:00,32.80913324455783,36.46500015258789
15,2018-03-25T16:00:00,32.47748751879245,35.80550003051758
15,2018-03-25T17:00:00,31.302155529773277,33.827999114990234
15,2018-03-25T18:00:00,29.72091768171823,31.850500106811523
15,2018-03-25T19:00:00,27.75819501299226,29.87299919128418
15,2018-03-25T20:00:00,26.012340651626563,28.114999771118164
15,2018-03-25T21:00:00,24.514564532439554,26.79700088500977
15,2018-03-25T22:00:00,23.13873407213426,25.47900009155273
15,2018-03-25T23:00:00,22.406410469682744,24.60000038146973
15,2018-03-26T00:00:00,21.875979170656706,24.15999984741211
15,2018-03-26T01:00:00,21.17547492114675,23.2810001373291
15,2018-03-26T02:00:00,20.49454430323754,22.621999740600582
15,2018-03-26T03:00:00,19.65368869491258,21.74300003051757
15,2018-03-26T04:00:00,19.096786444728505,21.083999633789062
15,2018-03-26T05:00:00,18.43560278942321,20.645000457763672
15,2018-03-26T06:00:00,18.135293142394488,19.98550033569336
15,2018-03-26T07:00:00,18.10955804976506,19.54599952697754
15,2018-03-26T08:00:00,18.649823944650898,20.645000457763672
15,2018-03-26T09:00:00,20.125984205305667,23.2810001373291
15,2018-03-26T10:00:00,22.209588896335042,27.45599937438965
15,2018-03-26T11:00:00,24.40621771705898,31.631000518798828
15,2018-03-26T12:00:00,26.64545962281304,34.707000732421875
15,2018-03-26T13:00:00,28.47530795326008,34.926498413085945
15,2018-03-26T14:00:00,29.92311240213083,33.82849884033203
15,2018-03-26T15:00:00,30.48613198235791,32.72949981689453
15,2018-03-26T16:00:00,30.122237955031533,33.16899871826172
15,2018-03-26T17:00:00,29.021793318043887,33.16899871826172
15,2018-03-26T18:00:00,27.517799325428676,32.070499420166016
15,2018-03-26T19:00:00,25.780145299436647,30.312000274658203
15,2018-03-26T20:00:00,24.13964147618781,28.55500030517578
15,2018-03-26T21:00:00,22.48571704388386,26.79700088500977
15,2018-03-26T22:00:00,21.374197319818094,25.69849967956543
15,2018-03-26T23:00:00,20.591906266291844,25.03899955749512
15,2018-03-27T00:00:00,19.981182801051233,24.15999984741211
15,2018-03-27T01:00:00,19.2356496656544,23.72100067138672
15,2018-03-27T02:00:00,18.89583195325705,23.2810001373291
15,2018-03-27T03:00:00,18.17244641485812,23.2810001373291
15,2018-03-27T04:00:00,17.536921449700586,22.84199905395508
15,2018-03-27T05:00:00,17.18174569815342,21.96299934387207
15,2018-03-27T06:00:00,16.852039341053185,21.52300071716309
15,2018-03-27T07:00:00,16.88777517643164,21.083999633789062
15,2018-03-27T08:00:00,17.700446707505982,22.402000427246094
15,2018-03-27T09:00:00,19.181846353865957,24.160499572753903
15,2018-03-27T10:00:00,21.20615291223911,27.675500869750977
15,2018-03-27T11:00:00,23.449806776225323,31.410999298095703
15,2018-03-27T12:00:00,25.54568501278287,34.047500610351555
15,2018-03-27T13:00:00,27.481573715932697,35.80550003051758
15,2018-03-27T14:00:00,28.93927112303655,37.34349822998047
15,2018-03-27T15:00:00,29.51075082988167,38.44250106811523
15,2018-03-27T16:00:00,29.171547347823473,37.5634994506836
15,2018-03-27T17:00:00,27.971820616577066,36.46500015258789
15,2018-03-27T18:00:00,26.37481819974962,34.487499237060554
15,2018-03-27T19:00:00,24.967155728778188,32.72949981689453
15,2018-03-27T20:00:00,23.176374153842996,30.97150039672852
15,2018-03-27T21:00:00,21.59940150283518,29.87299919128418
15,2018-03-27T22:00:00,20.423715097527932,28.77449989318848
15,2018-03-27T23:00:00,19.681372620992185,27.89550018310547
15,2018-03-28T00:00:00,19.002144295987847,27.45599937438965
15,2018-03-28T01:00:00,18.560760317407194,26.57699966430664
15,2018-03-28T02:00:00,18.029886568188836,26.13750076293945
15,2018-03-28T03:00:00,17.448236413858552,25.69849967956543
15,2018-03-28T04:00:00,17.021848988059247,25.03899955749512
15,2018-03-28T05:00:00,16.599119758695394,24.3799991607666
15,2018-03-28T06:00:00,16.49175260558343,23.72100067138672
15,2018-03-28T07:00:00,16.42983010469885,23.2810001373291
15,2018-03-28T08:00:00,17.154262471130124,24.3799991607666
15,2018-03-28T09:00:00,18.72754123319987,26.357500076293945
15,2018-03-28T10:00:00,20.748629194491023,30.093000411987305
15,2018-03-28T11:00:00,22.93210207804036,33.82849884033203
15,2018-03-28T12:00:00,24.92555138457313,36.464500427246094
15,2018-03-28T13:00:00,26.764995638649943,38.44250106811523
15,2018-03-28T14:00:00,28.248051930282838,41.07899856567383
15,2018-03-28T15:00:00,28.888296185505855,42.61750030517578
15,2018-03-28T16:00:00,28.519785019372314,41.07899856567383
15,2018-03-28T17:00:00,27.469761322099817,39.10150146484375
15,2018-03-28T18:00:00,26.01489899442673,37.5634994506836
15,2018-03-28T19:00:00,24.495456955976955,34.926498413085945
15,2018-03-28T20:00:00,22.92765203260093,32.5099983215332
15,2018-03-28T21:00:00,21.48370602308772,30.75200080871582
15,2018-03-28T22:00:00,20.41770096785195,29.43400001525879
16,2018-03-25T23:00:00,24.592255707304496,24.60000038146973
16,2018-03-26T00:00:00,24.03724937900121,24.15999984741211
16,2018-03-26T01:00:00,23.19437275398593,23.2810001373291
16,2018-03-26T02:00:00,22.36113344678079,22.621999740600582
16,2018-03-26T03:00:00,21.568144449351944,21.74300003051757
16,2018-03-26T04:00:00,20.771063585879048,21.083999633789062
16,2018-03-26T05:00:00,20.202138321886522,20.645000457763672
16,2018-03-26T06:00:00,19.69241620059914,19.98550033569336
16,2018-03-26T07:00:00,19.76354291985301,19.54599952697754
16,2018-03-26T08:00:00,20.675717850105766,20.645000457763672
16,2018-03-26T09:00:00,22.61611053656641,23.2810001373291
16,2018-03-26T10:00:00,25.135917977584143,27.45599937438965
16,2018-03-26T11:00:00,27.7243539477557,31.631000518798828
16,2018-03-26T12:00:00,30.09388186956698,34.707000732421875
16,2018-03-26T13:00:00,32.088001009200184,34.926498413085945
16,2018-03-26T14:00:00,33.4792849547406,33.82849884033203
16,2018-03-26T15:00:00,34.291785435482865,32.72949981689453
16,2018-03-26T16:00:00,33.64501744603117,33.16899871826172
16,2018-03-26T17:00:00,32.148982049056976,33.16899871826172
16,2018-03-26T18:00:00,30.434651990213354,32.070499420166016
16,2018-03-26T19:00:00,28.450981060997904,30.312000274658203
16,2018-03-26T20:00:00,26.872197101006897,28.55500030517578
16,2018-03-26T21:00:00,25.427008011713678,26.79700088500977
16,2018-03-26T22:00:00,24.14456955028863,25.69849967956543
16,2018-03-26T23:00:00,23.325521490901398,25.03899955749512
16,2018-03-27T00:00:00,22.618053668338856,24.15999984741211
16,2018-03-27T01:00:00,21.942721185698005,23.72100067138672
16,2018-03-27T02:00:00,21.17315650494572,23.2810001373291
16,2018-03-27T03:00:00,20.277461361920572,23.2810001373291
16,2018-03-27T04:00:00,19.678144331058036,22.84199905395508
16,2018-03-27T05:00:00,19.005089782706293,21.96299934387207
16,2018-03-27T06:00:00,18.752904576440905,21.52300071716309
16,2018-03-27T07:00:00,18.76816500286788,21.083999633789062
16,2018-03-27T08:00:00,19.83876230338582,22.402000427246094
16,2018-03-27T09:00:00,21.65783754181771,24.160499572753903
16,2018-03-27T10:00:00,24.080750101221277,27.675500869750977
16,2018-03-27T11:00:00,26.713488392485807,31.410999298095703
16,2018-03-27T12:00:00,29.184854721558743,34.047500610351555
16,2018-03-27T13:00:00,31.10123399399914,35.80550003051758
16,2018-03-27T14:00:00,32.623052149628634,37.34349822998047
16,2018-03-27T15:00:00,33.138383239372075,38.44250106811523
16,2018-03-27T16:00:00,32.48609522763701,37.5634994506836
16,2018-03-27T17:00:00,31.112297415444612,36.46500015258789
16,2018-03-27T18:00:00,29.392083567278053,34.487499237060554
16,2018-03-27T19:00:00,27.399333788183363,32.72949981689453
16,2018-03-27T20:00:00,25.783836679636522,30.97150039672852
16,2018-03-27T21:00:00,24.331187743260564,29.87299919128418
16,2018-03-27T22:00:00,23.20500033918526,28.77449989318848
16,2018-03-27T23:00:00,22.333217234350215,27.89550018310547
16,2018-03-28T00:00:00,21.66731441441635,27.45599937438965
16,2018-03-28T01:00:00,20.967362543445464,26.57699966430664
16,2018-03-28T02:00:00,20.38922108756039,26.13750076293945
16,2018-03-28T03:00:00,19.474066916656998,25.69849967956543
16,2018-03-28T04:00:00,18.78582880049416,25.03899955749512
16,2018-03-28T05:00:00,18.400108705180767,24.3799991607666
16,2018-03-28T06:00:00,17.884453532074804,23.72100067138672
16,2018-03-28T07:00:00,18.22912679323217,23.2810001373291
16,2018-03-28T08:00:00,19.25224382853739,24.3799991607666
16,2018-03-28T09:00:00,21.037135798438356,26.357500076293945
16,2018-03-28T10:00:00,23.39085735817943,30.093000411987305
16,2018-03-28T11:00:00,25.875368905272826,33.82849884033203
16,2018-03-28T12:00:00,28.34375032622745,36.464500427246094
16,2018-03-28T13:00:00,30.207778013854494,38.44250106811523
16,2018-03-28T14:00:00,31.642632242083355,41.07899856567383
16,2018-03-28T15:00:00,32.22542717926948,42.61750030517578
16,2018-03-28T16:00:00,31.742712651048652,41.07899856567383
16,2018-03-28T17:00:00,30.389744664095808,39.10150146484375
16,2018-03-28T18:00:00,28.691956004809406,37.5634994506836
16,2018-03-28T19:00:00,26.88081016942853,34.926498413085945
16,2018-03-28T20:00:00,25.15140282204681,32.5099983215332
16,2018-03-28T21:00:00,23.70140699035499,30.75200080871582
16,2018-03-28T22:00:00,22.703916829835762,29.43400001525879
16,2018-03-28T23:00:00,21.78844473338181,28.55500030517578
16,2018-03-29T00:00:00,20.978048171724147,28.114999771118164
16,2018-03-29T01:00:00,20.375177855296506,28.114999771118164
16,2018-03-29T02:00:00,19.674910681546816,27.89550018310547
16,2018-03-29T03:00:00,18.80407177454486,27.67600059509277
16,2018-03-29T04:00:00,18.26048716111598,27.01650047302246
16,2018-03-29T05:00:00,17.88855531903812,25.69849967956543
16,2018-03-29T06:00:00,17.606916385923853,24.819499969482425
16,2018-03-29T07:00:00,17.81804609148306,24.3799991607666
16,2018-03-29T08:00:00,18.786468414702586,25.47900009155273
16,2018-03-29T09:00:00,20.645293697706215,27.01650047302246
16,2018-03-29T10:00:00,23.16551325599071,30.09250068664551
16,2018-03-29T11:00:00,25.74609066075545,33.16899871826172
16,2018-03-29T12:00:00,27.97791850389899,35.36600112915039
16,2018-03-29T13:00:00,29.810915129741545,37.124000549316406
16,2018-03-29T14:00:00,31.27543530126462,39.32149887084961
16,2018-03-29T15:00:00,31.934639220026405,39.97999954223633
16,2018-03-29T16:00:00,31.400622135872165,38.22299957275391
16,2018-03-29T17:00:00,30.09822780237095,36.46500015258789
16,2018-03-29T18:00:00,28.18599664872715,35.145999908447266
16,2018-03-29T19:00:00,26.547241153729225,33.827999114990234
16,2018-03-29T20:00:00,24.89000644136528,32.5099983215332
16,2018-03-29T21:00:00,23.57656544935114,31.631000518798828
16,2018-03-29T22:00:00,22.35218101450031,30.53199958801269
17,2018-03-26T23:00:00,24.77004679087259,25.03899955749512
17,2018-03-27T00:00:00,24.108843977930103,24.15999984741211
17,2018-03-27T01:00:00,23.28861932032526,23.72100067138672
17,2018-03-27T02:00:00,22.416101383263594,23.2810001373291
17,2018-03-27T03:00:00,21.514209998975574,23.2810001373291
17,2018-03-27T04:00:00,20.865050041680057,22.84199905395508
17,2018-03-27T05:00:00,20.50314174906217,21.96299934387207
17,2018-03-27T06:00:00,20.096126001438197,21.52300071716309
17,2018-03-27T07:00:00,20.312470803555453,21.083999633789062
17,2018-03-27T08:00:00,21.45081304422846,22.402000427246094
17,2018-03-27T09:00:00,23.398136234010828,24.160499572753903
17,2018-03-27T10:00:00,26.097517331124052,27.675500869750977
17,2018-03-27T11:00:00,28.956017053177522,31.410999298095703
17,2018-03-27T12:00:00,31.336452489758262,34.047500610351555
17,2018-03-27T13:00:00,33.013689143754476,35.80550003051758
17,2018-03-27T14:00:00,34.03751546777006,37.34349822998047
17,2018-03-27T15:00:00,34.413031840607026,38.44250106811523
17,2018-03-27T16:00:00,33.80796546598257,37.5634994506836
17,2018-03-27T17:00:00,32.63693402441258,36.46500015258789
17,2018-03-27T18:00:00,30.999709007962636,34.487499237060554
17,2018-03-27T19:00:00,29.243841360156893,32.72949981689453
17,2018-03-27T20:00:00,27.539331597365305,30.97150039672852
17,2018-03-27T21:00:00,26.168859801863455,29.87299919128418
17,2018-03-27T22:00:00,25.06837761362624,28.77449989318848
17,2018-03-27T23:00:00,24.25935059496078,27.89550018310547
17,2018-03-28T00:00:00,23.536724862136953,27.45599937438965
17,2018-03-28T01:00:00,22.842012148804166,26.57699966430664
17,2018-03-28T02:00:00,21.923030555670117,26.13750076293945
17,2018-03-28T03:00:00,21.228021127027947,25.69849967956543
17,2018-03-28T04:00:00,20.526723888178463,25.03899955749512
17,2018-03-28T05:00:00,20.103814485798146,24.3799991607666
17,2018-03-28T06:00:00,19.861478927821782,23.72100067138672
17,2018-03-28T07:00:00,20.152126511759,23.2810001373291
17,2018-03-28T08:00:00,21.109402739205883,24.3799991607666
17,2018-03-28T09:00:00,23.063429961670295,26.357500076293945
17,2018-03-28T10:00:00,25.693334861200675,30.093000411987305
17,2018-03-28T11:00:00,28.42995441384291,33.82849884033203
17,2018-03-28T12:00:00,30.76379981096257,36.464500427246094
17,2018-03-28T13:00:00,32.47304169259454,38.44250106811523
17,2018-03-28T14:00:00,33.580201001594894,41.07899856567383
17,2018-03-28T15:00:00,34.04418529038569,42.61750030517578
17,2018-03-28T16:00:00,33.3863277658045,41.07899856567383
17,2018-03-28T17:00:00,32.158577516552526,39.10150146484375
17,2018-03-28T18:00:00,30.483741154849632,37.5634994506836
17,2018-03-28T19:00:00,28.724483221041897,34.926498413085945
17,2018-03-28T20:00:00,26.94007956562896,32.5099983215332
17,2018-03-28T21:00:00,25.64358681068522,30.75200080871582
17,2018-03-28T22:00:00,24.43776772274429,29.43400001525879
17,2018-03-28T23:00:00,23.668805937395817,28.55500030517578
17,2018-03-29T00:00:00,23.21408276971812,28.114999771118164
17,2018-03-29T01:00:00,22.470880822280446,28.114999771118164
17,2018-03-29T02:00:00,21.737744844785098,27.89550018310547
17,2018-03-29T03:00:00,20.920448112731272,27.67600059509277
17,2018-03-29T04:00:00,20.131541744628546,27.01650047302246
17,2018-03-29T05:00:00,19.745152272348946,25.69849967956543
17,2018-03-29T06:00:00,19.190450185569652,24.819499969482425
17,2018-03-29T07:00:00,19.576599275115903,24.3799991607666
17,2018-03-29T08:00:00,20.775671681825322,25.47900009155273
17,2018-03-29T09:00:00,22.72767298415656,27.01650047302246
17,2018-03-29T10:00:00,25.37790436481595,30.09250068664551
17,2018-03-29T11:00:00,27.930144431232534,33.16899871826172
17,2018-03-29T12:00:00,30.249967236161716,35.36600112915039
17,2018-03-29T13:00:00,31.930983190228496,37.124000549316406
17,2018-03-29T14:00:00,33.06513481179906,39.32149887084961
17,2018-03-29T15:00:00,33.55369504213555,39.97999954223633
17,2018-03-29T16:00:00,33.15650659222388,38.22299957275391
17,2018-03-29T17:00:00,31.919724657370896,36.46500015258789
17,2018-03-29T18:00:00,30.4313970164274,35.145999908447266
17,2018-03-29T19:00:00,28.501550221527484,33.827999114990234
17,2018-03-29T20:00:00,26.875399505324125,32.5099983215332
17,2018-03-29T21:00:00,25.194882790159916,31.631000518798828
17,2018-03-29T22:00:00,24.233673089276486,30.53199958801269
17,2018-03-29T23:00:00,23.44365968342453,29.43400001525879
17,2018-03-30T00:00:00,22.982873693742988,28.114999771118164
17,2018-03-30T01:00:00,22.376448951414694,27.45599937438965
17,2018-03-30T02:00:00,21.518554677410442,26.57699966430664
17,2018-03-30T03:00:00,20.62053929364739,25.47900009155273
17,2018-03-30T04:00:00,20.009244862398294,24.819499969482425
17,2018-03-30T05:00:00,19.549479130930838,24.15999984741211
17,2018-03-30T06:00:00,19.438498254469764,23.72100067138672
17,2018-03-30T07:00:00,19.576867710103716,23.2810001373291
17,2018-03-30T08:00:00,20.707866189852695,23.06150054931641
17,2018-03-30T09:00:00,22.573469969449604,24.15999984741211
17,2018-03-30T10:00:00,25.133565465350248,25.25900077819824
17,2018-03-30T11:00:00,27.85324134226427,25.69849967956543
17,2018-03-30T12:00:00,30.1981705728357,26.57699966430664
17,2018-03-30T13:00:00,32.06674629493575,27.89550018310547
17,2018-03-30T14:00:00,33.04076983232961,31.19099998474121
17,2018-03-30T15:00:00,33.45480240667623,34.04800033569336
17,2018-03-30T16:00:00,32.86010852418919,34.267501831054695
17,2018-03-30T17:00:00,31.72727786731651,33.60850143432617
17,2018-03-30T18:00:00,30.130195809454445,32.06999969482422
17,2018-03-30T19:00:00,28.534911581809403,30.53199958801269
17,2018-03-30T20:00:00,26.813340392241,29.43400001525879
17,2018-03-30T21:00:00,25.20558221649872,28.334999084472656
17,2018-03-30T22:00:00,24.160883532727674,27.23600006103516
18,2018-03-27T23:00:00,27.939161406504983,27.89550018310547
18,2018-03-28T00:00:00,27.227381291037112,27.45599937438965
18,2018-03-28T01:00:00,26.59804116378698,26.57699966430664
18,2018-03-28T02:00:00,25.769955375020338,26.13750076293945
18,2018-03-28T03:00:00,24.979856444002344,25.69849967956543
18,2018-03-28T04:00:00,24.309175504092114,25.03899955749512
18,2018-03-28T05:00:00,23.66344750065948,24.3799991607666
18,2018-03-28T06:00:00,23.212220943870193,23.72100067138672
18,2018-03-28T07:00:00,23.333072564827912,23.2810001373291
18,2018-03-28T08:00:00,24.2221201217806,24.3799991607666
18,2018-03-28T09:00:00,26.03055568745636,26.357500076293945
18,2018-03-28T10:00:00,28.493303337656773,30.093000411987305
18,2018-03-28T11:00:00,31.405906450797932,33.82849884033203
18,2018-03-28T12:00:00,33.76668782791179,36.464500427246094
18,2018-03-28T13:00:00,35.594014306296174,38.44250106811523
18,2018-03-28T14:00:00,36.79014727006555,41.07899856567383
18,2018-03-28T15:00:00,37.30534288794599,42.61750030517578
18,2018-03-28T16:00:00,36.81040076971954,41.07899856567383
18,2018-03-28T17:00:00,35.684287031320586,39.10150146484375
18,2018-03-28T18:00:00,33.950662152917516,37.5634994506836
18,2018-03-28T19:00:00,32.108799361178626,34.926498413085945
18,2018-03-28T20:00:00,30.41846789199314,32.5099983215332
18,2018-03-28T21:00:00,29.140282323394764,30.75200080871582
18,2018-03-28T22:00:00,28.02078685304135,29.43400001525879
18,2018-03-28T23:00:00,27.236469993415483,28.55500030517578
18,2018-03-29T00:00:00,26.586021913085837,28.114999771118164
18,2018-03-29T01:00:00,25.925557467410165,28.114999771118164
18,2018-03-29T02:00:00,25.234839121432145,27.89550018310547
18,2018-03-29T03:00:00,24.335760032670656,27.67600059509277
18,2018-03-29T04:00:00,23.82379316085859,27.01650047302246
18,2018-03-29T05:00:00,23.118952899463924,25.69849967956543
18,2018-03-29T06:00:00,22.89478801826457,24.819499969482425
18,2018-03-29T07:00:00,22.837745013186506,24.3799991607666
18,2018-03-29T08:00:00,23.886629070516477,25.47900009155273
18,2018-03-29T09:00:00,25.7331655274956,27.01650047302246
18,2018-03-29T10:00:00,28.09975748439026,30.09250068664551
18,2018-03-29T11:00:00,30.561370067393693,33.16899871826172
18,2018-03-29T12:00:00,32.800450159533604,35.36600112915039
18,2018-03-29T13:00:00,34.482328549374735,37.124000549316406
18,2018-03-29T14:00:00,35.70065586389945,39.32149887084961
18,2018-03-29T15:00:00,36.0732324516957,39.97999954223633
18,2018-03-29T16:00:00,35.78907634189453,38.22299957275391
18,2018-03-29T17:00:00,34.73599128840864,36.46500015258789
18,2018-03-29T18:00:00,33.08982912017455,35.145999908447266
18,2018-03-29T19:00:00,31.223251494020325,33.827999114990234
18,2018-03-29T20:00:00,29.56507269785685,32.5099983215332
18,2018-03-29T21:00:00,28.15069433471368,31.631000518798828
18,2018-03-29T22:00:00,27.003373434042608,30.53199958801269
18,2018-03-29T23:00:00,26.164214759045453,29.43400001525879
18,2018-03-30T00:00:00,25.62512648867922,28.114999771118164
18,2018-03-30T01:00:00,25.070643688425655,27.45599937438965
18,2018-03-30T02:00:00,24.474183882310207,26.57699966430664
18,2018-03-30T03:00:00,23.623067306664353,25.47900009155273
18,2018-03-30T04:00:00,23.035406215597618,24.819499969482425
18,2018-03-30T05:00:00,22.434927182812476,24.15999984741211
18,2018-03-30T06:00:00,22.13203239509823,23.72100067138672
18,2018-03-30T07:00:00,22.26235495890974,23.2810001373291
18,2018-03-30T08:00:00,23.175707399648545,23.06150054931641
18,2018-03-30T09:00:00,24.903591714873407,24.15999984741211
18,2018-03-30T10:00:00,27.289085873798612,25.25900077819824
18,2018-03-30T11:00:00,30.014957262160756,25.69849967956543
18,2018-03-30T12:00:00,32.01884079859747,26.57699966430664
18,2018-03-30T13:00:00,33.82808303763933,27.89550018310547
18,2018-03-30T14:00:00,34.975877975797374,31.19099998474121
18,2018-03-30T15:00:00,35.2485424681551,34.04800033569336
18,2018-03-30T16:00:00,34.86927370716649,34.267501831054695
18,2018-03-30T17:00:00,33.730712864169085,33.60850143432617
18,2018-03-30T18:00:00,32.24486784774542,32.06999969482422
18,2018-03-30T19:00:00,30.63974863652649,30.53199958801269
18,2018-03-30T20:00:00,29.150103041370954,29.43400001525879
18,2018-03-30T21:00:00,27.760422476030048,28.334999084472656
18,2018-03-30T22:00:00,26.447219700111717,27.23600006103516
18,2018-03-30T23:00:00,25.720356822495127,26.57699966430664
18,2018-03-31T00:00:00,25.00252756904997,26.13750076293945
18,2018-03-31T01:00:00,24.493950116584877,26.13750076293945
18,2018-03-31T02:00:00,23.975419815463734,26.13750076293945
18,2018-03-31T03:00:00,23.354977726488478,26.13750076293945
18,2018-03-31T04:00:00,22.66865947925292,26.13750076293945
18,2018-03-31T05:00:00,22.12841981208467,26.13750076293945
18,2018-03-31T06:00:00,21.885107556712118,26.13750076293945
18,2018-03-31T07:00:00,22.078059629447473,26.13750076293945
18,2018-03-31T08:00:00,22.882713461289384,26.13750076293945
18,2018-03-31T09:00:00,24.618016115383067,26.13750076293945
18,2018-03-31T10:00:00,27.022439502291288,26.13750076293945
18,2018-03-31T11:00:00,29.388831843448408,26.13750076293945
18,2018-03-31T12:00:00,31.614748985350097,26.13750076293945
18,2018-03-31T13:00:00,33.474252882037874,26.13750076293945
18,2018-03-31T14:00:00,34.58068899023418,26.13750076293945
18,2018-03-31T15:00:00,35.08288136186978,26.13750076293945
18,2018-03-31T16:00:00,34.72907287264373,26.13750076293945
18,2018-03-31T17:00:00,33.47825135460061,26.13750076293945
18,2018-03-31T18:00:00,31.977840832232435,26.13750076293945
18,2018-03-31T19:00:00,30.494136681765102,26.13750076293945
18,2018-03-31T20:00:00,29.025177514654054,26.13750076293945
18,2018-03-31T21:00:00,27.64177261494688,26.13750076293945
18,2018-03-31T22:00:00,26.440403116311163,26.13750076293945
19,2018-03-28T23:00:00,28.413366180704763,28.55500030517578
19,2018-03-29T00:00:00,27.67907378893099,28.114999771118164
19,2018-03-29T01:00:00,26.874157679913218,28.114999771118164
19,2018-03-29T02:00:00,26.331074814125106,27.89550018310547
19,2018-03-29T03:00:00,25.646186661699303,27.67600059509277
19,2018-03-29T04:00:00,24.99683353156209,27.01650047302246
19,2018-03-29T05:00:00,24.21362975346385,25.69849967956543
19,2018-03-29T06:00:00,23.910060685340536,24.819499969482425
19,2018-03-29T07:00:00,23.989271585389243,24.3799991607666
19,2018-03-29T08:00:00,25.13229057020847,25.47900009155273
19,2018-03-29T09:00:00,27.312670407619553,27.01650047302246
19,2018-03-29T10:00:00,30.03109898551204,30.09250068664551
19,2018-03-29T11:00:00,33.04495634622408,33.16899871826172
19,2018-03-29T12:00:00,35.43721440544756,35.36600112915039
19,2018-03-29T13:00:00,37.26278442498858,37.124000549316406
19,2018-03-29T14:00:00,38.75207861434189,39.32149887084961
19,2018-03-29T15:00:00,39.23464923221666,39.97999954223633
19,2018-03-29T16:00:00,38.59537187890748,38.22299957275391
19,2018-03-29T17:00:00,37.31470458665436,36.46500015258789
19,2018-03-29T18:00:00,35.52017997431901,35.145999908447266
19,2018-03-29T19:00:00,33.323123527764864,33.827999114990234
19,2018-03-29T20:00:00,31.451347453951577,32.5099983215332
19,2018-03-29T21:00:00,29.94353968892221,31.631000518798828
19,2018-03-29T22:00:00,28.582356017679228,30.53199958801269
19,2018-03-29T23:00:00,27.90186052900812,29.43400001525879
19,2018-03-30T00:00:00,27.371095271313724,28.114999771118164
19,2018-03-30T01:00:00,26.787310180771957,27.45599937438965
19,2018-03-30T02:00:00,26.0294673512101,26.57699966430664
19,2018-03-30T03:00:00,25.185265998389635,25.47900009155273
19,2018-03-30T04:00:00,24.553466737531945,24.819499969482425
19,2018-03-30T05:00:00,23.92300531833824,24.15999984741211
19,2018-03-30T06:00:00,23.6147930319338,23.72100067138672
19,2018-03-30T07:00:00,23.687552141523504,23.2810001373291
19,2018-03-30T08:00:00,24.63760183454061,23.06150054931641
19,2018-03-30T09:00:00,26.413250016428783,24.15999984741211
19,2018-03-30T10:00:00,29.201901255553313,25.25900077819824
19,2018-03-30T11:00:00,31.894951323741985,25.69849967956543
19,2018-03-30T12:00:00,34.28060832258333,26.57699966430664
19,2018-03-30T13:00:00,36.1908527038133,27.89550018310547
19,2018-03-30T14:00:00,37.21603351839186,31.19099998474121
19,2018-03-30T15:00:00,37.530583105566365,34.04800033569336
19,2018-03-30T16:00:00,37.05729675761631,34.267501831054695
19,2018-03-30T17:00:00,35.80254940638481,33.60850143432617
19,2018-03-30T18:00:00,34.347821410239185,32.06999969482422
19,2018-03-30T19:00:00,32.4808366842946,30.53199958801269
19,2018-03-30T20:00:00,30.478064336428513,29.43400001525879
19,2018-03-30T21:00:00,28.964277278974134,28.334999084472656
19,2018-03-30T22:00:00,27.9407941845549,27.23600006103516
19,2018-03-30T23:00:00,27.132223938696228,26.57699966430664
19,2018-03-31T00:00:00,26.471725396987697,26.13750076293945
19,2018-03-31T01:00:00,25.86809618725339,26.13750076293945
19,2018-03-31T02:00:00,25.49208730349359,26.13750076293945
19,2018-03-31T03:00:00,24.69096794168025,26.13750076293945
19,2018-03-31T04:00:00,23.957665589228565,26.13750076293945
19,2018-03-31T05:00:00,23.374092715132132,26.13750076293945
19,2018-03-31T06:00:00,23.09172168659656,26.13750076293945
19,2018-03-31T07:00:00,23.118512501875593,26.13750076293945
19,2018-03-31T08:00:00,24.18076015148331,26.13750076293945
19,2018-03-31T09:00:00,25.97263587837605,26.13750076293945
19,2018-03-31T10:00:00,28.36276960650863,26.13750076293945
19,2018-03-31T11:00:00,31.085356532007566,26.13750076293945
19,2018-03-31T12:00:00,33.4131045549563,26.13750076293945
19,2018-03-31T13:00:00,35.326913168972624,26.13750076293945
19,2018-03-31T14:00:00,36.53350335181057,26.13750076293945
19,2018-03-31T15:00:00,36.9046951161183,26.13750076293945
19,2018-03-31T16:00:00,36.48455615894993,26.13750076293945
19,2018-03-31T17:00:00,35.21613185123231,26.13750076293945
19,2018-03-31T18:00:00,33.57019660977211,26.13750076293945
19,2018-03-31T19:00:00,31.963410570083827,26.13750076293945
19,2018-03-31T20:00:00,30.396816454991825,26.13750076293945
19,2018-03-31T21:00:00,28.781261622659585,26.13750076293945
19,2018-03-31T22:00:00,27.78310774123846,26.13750076293945
19,2018-03-31T23:00:00,26.896856515114642,26.13750076293945
19,2018-04-01T00:00:00,26.218633852029388,27.67600059509277
19,2018-04-01T01:00:00,25.618663066797637,27.01650047302246
19,2018-04-01T02:00:00,24.93091107567857,26.35700035095215
19,2018-04-01T03:00:00,24.26363996712161,25.69849967956543
19,2018-04-01T04:00:00,23.780826799875946,25.03899955749512
19,2018-04-01T05:00:00,23.321022296999885,24.60000038146973
19,2018-04-01T06:00:00,22.91152631956073,24.15999984741211
19,2018-04-01T07:00:00,22.917590509967233,24.15999984741211
19,2018-04-01T08:00:00,23.983565574378115,25.47900009155273
19,2018-04-01T09:00:00,25.794728138481474,28.334999084472656
19,2018-04-01T10:00:00,28.34746666837245,32.06999969482422
19,2018-04-01T11:00:00,30.97179530427027,36.0255012512207
19,2018-04-01T12:00:00,33.355579530042434,38.88150024414063
19,2018-04-01T13:00:00,35.042263750013724,40.20050048828125
19,2018-04-01T14:00:00,36.322471715108435,42.397499084472656
19,2018-04-01T15:00:00,36.61505216779817,42.83700180053711
19,2018-04-01T16:00:00,36.06821451915376,40.63949966430664
19,2018-04-01T17:00:00,35.184912884956354,39.97999954223633
19,2018-04-01T18:00:00,33.43140465981792,38.44250106811523
19,2018-04-01T19:00:00,31.712896753629984,36.68450164794922
19,2018-04-01T20:00:00,30.111810111006655,35.36600112915039
19,2018-04-01T21:00:00,28.743625049763327,34.04800033569336
19,2018-04-01T22:00:00,27.484092032955154,33.16899871826172
20,2018-03-29T23:00:00,29.887580458748218,29.43400001525879
20,2018-03-30T00:00:00,29.516958292046326,28.114999771118164
20,2018-03-30T01:00:00,28.982189989043654,27.45599937438965
20,2018-03-30T02:00:00,28.327904132236586,26.57699966430664
20,2018-03-30T03:00:00,27.526757003252673,25.47900009155273
20,2018-03-30T04:00:00,26.722147758530653,24.819499969482425
20,2018-03-30T05:00:00,25.901855136927196,24.15999984741211
20,2018-03-30T06:00:00,25.127902559022807,23.72100067138672
20,2018-03-30T07:00:00,25.111675698219567,23.2810001373291
20,2018-03-30T08:00:00,25.7596922410619,23.06150054931641
20,2018-03-30T09:00:00,27.584854134510575,24.15999984741211
20,2018-03-30T10:00:00,30.039277700123733,25.25900077819824
20,2018-03-30T11:00:00,32.714399298805624,25.69849967956543
20,2018-03-30T12:00:00,35.0315867882852,26.57699966430664
20,2018-03-30T13:00:00,36.861795692832274,27.89550018310547
20,2018-03-30T14:00:00,38.00860310040644,31.19099998474121
20,2018-03-30T15:00:00,38.11310869549624,34.04800033569336
20,2018-03-30T16:00:00,37.409756914091346,34.267501831054695
20,2018-03-30T17:00:00,36.25483043145461,33.60850143432617
20,2018-03-30T18:00:00,34.77564531672731,32.06999969482422
20,2018-03-30T19:00:00,33.09846659177689,30.53199958801269
20,2018-03-30T20:00:00,31.702822117137497,29.43400001525879
20,2018-03-30T21:00:00,30.534472630741,28.334999084472656
20,2018-03-30T22:00:00,29.481631004684374,27.23600006103516
20,2018-03-30T23:00:00,28.88793934714508,26.57699966430664
20,2018-03-31T00:00:00,28.500000859022844,26.13750076293945
20,2018-03-31T01:00:00,27.93141629308176,26.13750076293945
20,2018-03-31T02:00:00,27.43764485473143,26.13750076293945
20,2018-03-31T03:00:00,26.570689645519387,26.13750076293945
20,2018-03-31T04:00:00,25.891653010920532,26.13750076293945
20,2018-03-31T05:00:00,25.03928480297806,26.13750076293945
20,2018-03-31T06:00:00,24.47363332830802,26.13750076293945
20,2018-03-31T07:00:00,24.305933416097844,26.13750076293945
20,2018-03-31T08:00:00,25.222926150004003,26.13750076293945
20,2018-03-31T09:00:00,26.908962545350928,26.13750076293945
20,2018-03-31T10:00:00,29.40694642711985,26.13750076293945
20,2018-03-31T11:00:00,32.13409645092437,26.13750076293945
20,2018-03-31T12:00:00,34.387818679557554,26.13750076293945
20,2018-03-31T13:00:00,36.14127125632129,26.13750076293945
20,2018-03-31T14:00:00,37.46995374519233,26.13750076293945
20,2018-03-31T15:00:00,37.6415559996786,26.13750076293945
20,2018-03-31T16:00:00,36.889319401767494,26.13750076293945
20,2018-03-31T17:00:00,35.70682085996833,26.13750076293945
20,2018-03-31T18:00:00,34.22532280265063,26.13750076293945
20,2018-03-31T19:00:00,32.575164214457786,26.13750076293945
20,2018-03-31T20:00:00,31.055824578140154,26.13750076293945
20,2018-03-31T21:00:00,29.880671621801895,26.13750076293945
20,2018-03-31T22:00:00,29.034384800525977,26.13750076293945
20,2018-03-31T23:00:00,28.12021054276501,26.13750076293945
20,2018-04-01T00:00:00,27.78900583036916,27.67600059509277
20,2018-04-01T01:00:00,27.216644347658807,27.01650047302246
20,2018-04-01T02:00:00,26.721264454615785,26.35700035095215
20,2018-04-01T03:00:00,26.00500339061515,25.69849967956543
20,2018-04-01T04:00:00,25.26548655153184,25.03899955749512
20,2018-04-01T05:00:00,24.64303302468486,24.60000038146973
20,2018-04-01T06:00:00,24.12675203543059,24.15999984741211
20,2018-04-01T07:00:00,23.993797007008343,24.15999984741211
20,2018-04-01T08:00:00,24.773818792795648,25.47900009155273
20,2018-04-01T09:00:00,26.693384504855615,28.334999084472656
20,2018-04-01T10:00:00,29.315710814162728,32.06999969482422
20,2018-04-01T11:00:00,31.69303826620955,36.0255012512207
20,2018-04-01T12:00:00,34.2139935689891,38.88150024414063
20,2018-04-01T13:00:00,35.96114773042493,40.20050048828125
20,2018-04-01T14:00:00,36.80085958219604,42.397499084472656
20,2018-04-01T15:00:00,37.083481484551996,42.83700180053711
20,2018-04-01T16:00:00,36.540788499487476,40.63949966430664
20,2018-04-01T17:00:00,35.33315992710024,39.97999954223633
20,2018-04-01T18:00:00,33.84403108640127,38.44250106811523
20,2018-04-01T19:00:00,32.1657677883119,36.68450164794922
20,2018-04-01T20:00:00,30.68785836696127,35.36600112915039
20,2018-04-01T21:00:00,29.309235293320988,34.04800033569336
20,2018-04-01T22:00:00,28.413837880503866,33.16899871826172
20,2018-04-01T23:00:00,27.762106523566167,32.72949981689453
20,2018-04-02T00:00:00,27.207150940194733,32.290000915527344
20,2018-04-02T01:00:00,26.74944693539663,31.850500106811523
20,2018-04-02T02:00:00,26.329652245529964,31.19099998474121
20,2018-04-02T03:00:00,25.481728153282074,30.75200080871582
20,2018-04-02T04:00:00,25.015162144812386,30.312000274658203
20,2018-04-02T05:00:00,24.265616168624923,29.87299919128418
20,2018-04-02T06:00:00,23.74816781787097,29.653499603271484
20,2018-04-02T07:00:00,23.813261363845225,29.653499603271484
20,2018-04-02T08:00:00,24.697069535092705,29.653499603271484
20,2018-04-02T09:00:00,26.419191164629744,30.53199958801269
20,2018-04-02T10:00:00,28.813733996734605,31.850500106811523
20,2018-04-02T11:00:00,31.48064609516603,34.487499237060554
20,2018-04-02T12:00:00,33.732627145452184,36.24499893188477
20,2018-04-02T13:00:00,35.504293503676614,37.5634994506836
20,2018-04-02T14:00:00,36.63446923132828,39.54100036621094
20,2018-04-02T15:00:00,36.85815118042339,40.63949966430664
20,2018-04-02T16:00:00,36.28817452705634,39.76100158691406
20,2018-04-02T17:00:00,35.084230948989905,38.00299835205078
20,2018-04-02T18:00:00,33.28890502286553,36.68450164794922
20,2018-04-02T19:00:00,31.845544005488037,35.36600112915039
20,2018-04-02T20:00:00,30.309921061757585,34.707000732421875
20,2018-04-02T21:00:00,29.25406929195699,33.827999114990234
20,2018-04-02T22:00:00,28.159914791461173,32.94900131225586
21,2018-03-30T23:00:00,26.395128716180967,26.57699966430664
21,2018-03-31T00:00:00,25.79765047638831,26.13750076293945
21,2018-03-31T01:00:00,25.38388850366704,26.13750076293945
21,2018-03-31T02:00:00,24.714032938625884,26.13750076293945
21,2018-03-31T03:00:00,24.246297173951874,26.13750076293945
21,2018-03-31T04:00:00,23.604755228279487,26.13750076293945
21,2018-03-31T05:00:00,22.873666039057827,26.13750076293945
21,2018-03-31T06:00:00,22.077139378660874,26.13750076293945
21,2018-03-31T07:00:00,21.737398182778747,26.13750076293945
21,2018-03-31T08:00:00,22.14484748597777,26.13750076293945
21,2018-03-31T09:00:00,23.301587102134572,26.13750076293945
21,2018-03-31T10:00:00,25.126480560595436,26.13750076293945
21,2018-03-31T11:00:00,27.27215953117072,26.13750076293945
21,2018-03-31T12:00:00,29.256392235290143,26.13750076293945
21,2018-03-31T13:00:00,31.274383455755874,26.13750076293945
21,2018-03-31T14:00:00,33.124012160638365,26.13750076293945
21,2018-03-31T15:00:00,34.29977154742063,26.13750076293945
21,2018-03-31T16:00:00,34.33811567229622,26.13750076293945
21,2018-03-31T17:00:00,33.463462342888846,26.13750076293945
21,2018-03-31T18:00:00,32.16781332221649,26.13750076293945
21,2018-03-31T19:00:00,30.591832192966965,26.13750076293945
21,2018-03-31T20:00:00,29.381367879754347,26.13750076293945
21,2018-03-31T21:00:00,28.15347116580469,26.13750076293945
21,2018-03-31T22:00:00,27.001826454839264,26.13750076293945
21,2018-03-31T23:00:00,26.41797214592978,26.13750076293945
21,2018-04-01T00:00:00,25.889872148896455,27.67600059509277
21,2018-04-01T01:00:00,25.397213324536185,27.01650047302246
21,2018-04-01T02:00:00,24.92896760180546,26.35700035095215
21,2018-04-01T03:00:00,24.18329329286788,25.69849967956543
21,2018-04-01T04:00:00,23.70444792315873,25.03899955749512
21,2018-04-01T05:00:00,22.97874522292787,24.60000038146973
21,2018-04-01T06:00:00,22.520061897961824,24.15999984741211
21,2018-04-01T07:00:00,22.302186993607325,24.15999984741211
21,2018-04-01T08:00:00,22.88179446487189,25.47900009155273
21,2018-04-01T09:00:00,24.317456620835948,28.334999084472656
21,2018-04-01T10:00:00,26.29446080634175,32.06999969482422
21,2018-04-01T11:00:00,28.473955424074248,36.0255012512207
21,2018-04-01T12:00:00,30.540386068788163,38.88150024414063
21,2018-04-01T13:00:00,32.575590243818226,40.20050048828125
21,2018-04-01T14:00:00,34.219709843020155,42.397499084472656
21,2018-04-01T15:00:00,35.07165053916598,42.83700180053711
21,2018-04-01T16:00:00,34.88339562258314,40.63949966430664
21,2018-04-01T17:00:00,33.98758792843948,39.97999954223633
21,2018-04-01T18:00:00,32.77494461644983,38.44250106811523
21,2018-04-01T19:00:00,31.186570320473237,36.68450164794922
21,2018-04-01T20:00:00,29.64373174392084,35.36600112915039
21,2018-04-01T21:00:00,28.457810701640476,34.04800033569336
21,2018-04-01T22:00:00,27.33512121983946,33.16899871826172
21,2018-04-01T23:00:00,26.5803265071953,32.72949981689453
21,2018-04-02T00:00:00,25.990295114660135,32.290000915527344
21,2018-04-02T01:00:00,25.60798792960599,31.850500106811523
21,2018-04-02T02:00:00,25.188081030721477,31.19099998474121
21,2018-04-02T03:00:00,24.66764214999497,30.75200080871582
21,2018-04-02T04:00:00,23.984006884234887,30.312000274658203
21,2018-04-02T05:00:00,23.51786964193095,29.87299919128418
21,2018-04-02T06:00:00,22.943181578217047,29.653499603271484
21,2018-04-02T07:00:00,22.800336761694517,29.653499603271484
21,2018-04-02T08:00:00,23.42008415825441,29.653499603271484
21,2018-04-02T09:00:00,24.738026396774057,30.53199958801269
21,2018-04-02T10:00:00,26.699195198669976,31.850500106811523
21,2018-04-02T11:00:00,28.70112803150621,34.487499237060554
21,2018-04-02T12:00:00,30.976160850845652,36.24499893188477
21,2018-04-02T13:00:00,32.941033576632464,37.5634994506836
21,2018-04-02T14:00:00,34.49447198261697,39.54100036621094
21,2018-04-02T15:00:00,35.16996080526135,40.63949966430664
21,2018-04-02T16:00:00,34.9543614404913,39.76100158691406
21,2018-04-02T17:00:00,34.047975195576846,38.00299835205078
21,2018-04-02T18:00:00,32.520568825598254,36.68450164794922
21,2018-04-02T19:00:00,31.127021998197954,35.36600112915039
21,2018-04-02T20:00:00,29.794887143457743,34.707000732421875
21,2018-04-02T21:00:00,28.523898688632027,33.827999114990234
21,2018-04-02T22:00:00,27.693057837779975,32.94900131225586
21,2018-04-02T23:00:00,26.875071088686532,32.290000915527344
21,2018-04-03T00:00:00,26.164924503890038,31.631000518798828
21,2018-04-03T01:00:00,25.697167985109065,30.75200080871582
21,2018-04-03T02:00:00,25.300185251730106,30.09250068664551
21,2018-04-03T03:00:00,24.593917974431662,29.43400001525879
21,2018-04-03T04:00:00,24.233396215805627,28.99399948120117
21,2018-04-03T05:00:00,23.52108344960365,28.334999084472656
21,2018-04-03T06:00:00,23.092979476705132,27.67600059509277
21,2018-04-03T07:00:00,22.92429910399147,27.67600059509277
21,2018-04-03T08:00:00,23.458355529722088,28.554500579833984
21,2018-04-03T09:00:00,24.80202122944857,30.75149917602539
21,2018-04-03T10:00:00,26.684092366615623,34.48699951171875
21,2018-04-03T11:00:00,28.870039801109115,37.78350067138672
21,2018-04-03T12:00:00,30.714836425337154,40.20050048828125
21,2018-04-03T13:00:00,32.66964078647698,42.397499084472656
21,2018-04-03T14:00:00,34.179042740601346,43.93600082397461
21,2018-04-03T15:00:00,35.16794925335607,45.03400039672852
21,2018-04-03T16:00:00,34.97535114077456,43.93600082397461
21,2018-04-03T17:00:00,33.914273475438286,42.83700180053711
21,2018-04-03T18:00:00,32.50841125219523,41.51850128173828
21,2018-04-03T19:00:00,31.226048395016967,39.10200119018555
21,2018-04-03T20:00:00,29.565436008762187,36.90399932861328
21,2018-04-03T21:00:00,28.477407858363556,35.145999908447266
21,2018-04-03T22:00:00,27.535732185227317,33.827999114990234
22,2018-03-31T23:00:00,26.052745818970173,26.13750076293945
22,2018-04-01T00:00:00,26.048267493209174,27.67600059509277
22,2018-04-01T01:00:00,26.087982301412502,27.01650047302246
22,2018-04-01T02:00:00,25.95063162155643,26.35700035095215
22,2018-04-01T03:00:00,25.698501379464417,25.69849967956543
22,2018-04-01T04:00:00,25.35704956622792,25.03899955749512
22,2018-04-01T05:00:00,24.983209372611803,24.60000038146973
22,2018-04-01T06:00:00,24.380997371895567,24.15999984741211
22,2018-04-01T07:00:00,24.088496286559916,24.15999984741211
22,2018-04-01T08:00:00,24.328889967132937,25.47900009155273
22,2018-04-01T09:00:00,24.898849059332562,28.334999084472656
22,2018-04-01T10:00:00,25.78200130957329,32.06999969482422
22,2018-04-01T11:00:00,26.842520780659207,36.0255012512207
22,2018-04-01T12:00:00,27.77513348879038,38.88150024414063
22,2018-04-01T13:00:00,28.90974304631,40.20050048828125
22,2018-04-01T14:00:00,29.851759896438608,42.397499084472656
22,2018-04-01T15:00:00,30.58583106311622,42.83700180053711
22,2018-04-01T16:00:00,30.554329977825887,40.63949966430664
22,2018-04-01T17:00:00,30.16041406286759,39.97999954223633
22,2018-04-01T18:00:00,29.472173666033658,38.44250106811523
22,2018-04-01T19:00:00,28.717250266522992,36.68450164794922
22,2018-04-01T20:00:00,28.045278409756545,35.36600112915039
22,2018-04-01T21:00:00,27.485268403105657,34.04800033569336
22,2018-04-01T22:00:00,26.957244352419778,33.16899871826172
22,2018-04-01T23:00:00,26.591391068976318,32.72949981689453
22,2018-04-02T00:00:00,26.249662040168293,32.290000915527344
22,2018-04-02T01:00:00,26.056831641235824,31.850500106811523
22,2018-04-02T02:00:00,25.790256198599536,31.19099998474121
22,2018-04-02T03:00:00,25.411860934640092,30.75200080871582
22,2018-04-02T04:00:00,25.154040646234613,30.312000274658203
22,2018-04-02T05:00:00,24.700287904107594,29.87299919128418
22,2018-04-02T06:00:00,24.28324666845322,29.653499603271484
22,2018-04-02T07:00:00,24.15277517681924,29.653499603271484
22,2018-04-02T08:00:00,24.40283046434955,29.653499603271484
22,2018-04-02T09:00:00,25.2930413916275,30.53199958801269
22,2018-04-02T10:00:00,26.406174462425458,31.850500106811523
22,2018-04-02T11:00:00,27.965324238998168,34.487499237060554
22,2018-04-02T12:00:00,29.373929425366477,36.24499893188477
22,2018-04-02T13:00:00,30.75648592682988,37.5634994506836
22,2018-04-02T14:00:00,31.82791441792818,39.54100036621094
22,2018-04-02T15:00:00,32.50805672187361,40.63949966430664
22,2018-04-02T16:00:00,32.274585904374135,39.76100158691406
22,2018-04-02T17:00:00,31.670620637754066,38.00299835205078
22,2018-04-02T18:00:00,30.778219125889926,36.68450164794922
22,2018-04-02T19:00:00,29.89390715439769,35.36600112915039
22,2018-04-02T20:00:00,29.01547990730354,34.707000732421875
22,2018-04-02T21:00:00,28.135869801549624,33.827999114990234
22,2018-04-02T22:00:00,27.44684228810423,32.94900131225586
22,2018-04-02T23:00:00,26.930927346560612,32.290000915527344
22,2018-04-03T00:00:00,26.596805838288688,31.631000518798828
22,2018-04-03T01:00:00,26.2348262746991,30.75200080871582
22,2018-04-03T02:00:00,25.959803112295525,30.09250068664551
22,2018-04-03T03:00:00,25.610582307009444,29.43400001525879
22,2018-04-03T04:00:00,25.149246447527037,28.99399948120117
22,2018-04-03T05:00:00,24.818219353796017,28.334999084472656
22,2018-04-03T06:00:00,24.24870362405715,27.67600059509277
22,2018-04-03T07:00:00,24.12645908322851,27.67600059509277
22,2018-04-03T08:00:00,24.770335523833143,28.554500579833984
22,2018-04-03T09:00:00,25.57795080709116,30.75149917602539
22,2018-04-03T10:00:00,26.94118044556624,34.48699951171875
22,2018-04-03T11:00:00,28.40591266248431,37.78350067138672
22,2018-04-03T12:00:00,29.73061406890971,40.20050048828125
22,2018-04-03T13:00:00,30.99154158267286,42.397499084472656
22,2018-04-03T14:00:00,32.18794685857091,43.93600082397461
22,2018-04-03T15:00:00,32.86758980958021,45.03400039672852
22,2018-04-03T16:00:00,32.779756490358395,43.93600082397461
22,2018-04-03T17:00:00,32.02652437951457,42.83700180053711
22,2018-04-03T18:00:00,31.096731721191645,41.51850128173828
22,2018-04-03T19:00:00,30.0881311574024,39.10200119018555
22,2018-04-03T20:00:00,29.185702447004537,36.90399932861328
22,2018-04-03T21:00:00,28.288122762647365,35.145999908447266
22,2018-04-03T22:00:00,27.641958375607523,33.827999114990234
22,2018-04-03T23:00:00,27.215796964313675,32.94900131225586
22,2018-04-04T00:00:00,26.884955289142635,32.06999969482422
22,2018-04-04T01:00:00,26.689216236329898,30.53199958801269
22,2018-04-04T02:00:00,26.272141246743324,28.554500579833984
22,2018-04-04T03:00:00,25.928589163495978,26.796499252319336
22,2018-04-04T04:00:00,25.573539304993226,25.25900077819824
22,2018-04-04T05:00:00,25.154552542861758,23.94050025939941
22,2018-04-04T06:00:00,24.910732039935816,22.621999740600582
22,2018-04-04T07:00:00,24.8539908816771,21.74300003051757
22,2018-04-04T08:00:00,25.093976892291995,20.864500045776367
22,2018-04-04T09:00:00,25.917744344374906,19.98550033569336
22,2018-04-04T10:00:00,27.264109104308083,19.766000747680664
22,2018-04-04T11:00:00,28.619881655312447,19.766000747680664
22,2018-04-04T12:00:00,29.929127672142357,19.766000747680664
22,2018-04-04T13:00:00,31.121133761566384,19.98550033569336
22,2018-04-04T14:00:00,32.09411354983389,19.98550033569336
22,2018-04-04T15:00:00,32.824641009764996,19.766000747680664
22,2018-04-04T16:00:00,32.60406134352607,19.54599952697754
22,2018-04-04T17:00:00,31.843221141978372,19.10650062561035
22,2018-04-04T18:00:00,31.024415175827816,19.10650062561035
22,2018-04-04T19:00:00,30.25957296667719,19.10650062561035
22,2018-04-04T20:00:00,29.118648709838055,19.10650062561035
22,2018-04-04T21:00:00,28.322907877473398,19.10650062561035
22,2018-04-04T22:00:00,27.69176184643057,18.66699981689453
23,2018-04-01T23:00:00,32.46510256248132,32.72949981689453
23,2018-04-02T00:00:00,31.93281935852661,32.290000915527344
23,2018-04-02T01:00:00,31.411273211983765,31.850500106811523
23,2018-04-02T02:00:00,30.681166421836025,31.19099998474121
23,2018-04-02T03:00:00,29.915137579514973,30.75200080871582
23,2018-04-02T04:00:00,29.344650854057654,30.312000274658203
23,2018-04-02T05:00:00,28.845090144236554,29.87299919128418
23,2018-04-02T06:00:00,28.602958026683154,29.653499603271484
23,2018-04-02T07:00:00,28.81766657267006,29.653499603271484
23,2018-04-02T08:00:00,29.777513675261787,29.653499603271484
23,2018-04-02T09:00:00,31.418158215917153,30.53199958801269
23,2018-04-02T10:00:00,33.45107670237638,31.850500106811523
23,2018-04-02T11:00:00,35.743249107091046,34.487499237060554
23,2018-04-02T12:00:00,37.654807839072724,36.24499893188477
23,2018-04-02T13:00:00,39.15722843090997,37.5634994506836
23,2018-04-02T14:00:00,40.27362833498357,39.54100036621094
23,2018-04-02T15:00:00,40.560640529196284,40.63949966430664
23,2018-04-02T16:00:00,39.84697521100176,39.76100158691406
23,2018-04-02T17:00:00,38.611535679154954,38.00299835205078
23,2018-04-02T18:00:00,37.233445872029975,36.68450164794922
23,2018-04-02T19:00:00,35.824762002508905,35.36600112915039
23,2018-04-02T20:00:00,34.71226204600676,34.707000732421875
23,2018-04-02T21:00:00,33.61489525448452,33.827999114990234
23,2018-04-02T22:00:00,32.82137816766377,32.94900131225586
23,2018-04-02T23:00:00,32.24060915061081,32.290000915527344
23,2018-04-03T00:00:00,31.808180341115946,31.631000518798828
23,2018-04-03T01:00:00,31.282068062974965,30.75200080871582
23,2018-04-03T02:00:00,30.539318258581755,30.09250068664551
23,2018-04-03T03:00:00,29.869036322079495,29.43400001525879
23,2018-04-03T04:00:00,29.352558396876223,28.99399948120117
23,2018-04-03T05:00:00,28.819750171374327,28.334999084472656
23,2018-04-03T06:00:00,28.51405588235629,27.67600059509277
23,2018-04-03T07:00:00,28.58728532334244,27.67600059509277
23,2018-04-03T08:00:00,29.219134690544074,28.554500579833984
23,2018-04-03T09:00:00,30.344726611396624,30.75149917602539
23,2018-04-03T10:00:00,32.024708737256304,34.48699951171875
23,2018-04-03T11:00:00,33.83711267063635,37.78350067138672
23,2018-04-03T12:00:00,35.482607172407555,40.20050048828125
23,2018-04-03T13:00:00,36.8222983466178,42.397499084472656
23,2018-04-03T14:00:00,37.862903111740806,43.93600082397461
23,2018-04-03T15:00:00,38.11364465320342,45.03400039672852
23,2018-04-03T16:00:00,37.76119658428519,43.93600082397461
23,2018-04-03T17:00:00,36.672804461586594,42.83700180053711
23,2018-04-03T18:00:00,35.431665532674835,41.51850128173828
23,2018-04-03T19:00:00,34.20251951271308,39.10200119018555
23,2018-04-03T20:00:00,32.952334986106635,36.90399932861328
23,2018-04-03T21:00:00,32.09368056442661,35.145999908447266
23,2018-04-03T22:00:00,31.364353079591837,33.827999114990234
23,2018-04-03T23:00:00,30.93188926179567,32.94900131225586
23,2018-04-04T00:00:00,30.479894803048893,32.06999969482422
23,2018-04-04T01:00:00,30.17087014160062,30.53199958801269
23,2018-04-04T02:00:00,29.871975696599403,28.554500579833984
23,2018-04-04T03:00:00,29.003144247698113,26.796499252319336
23,2018-04-04T04:00:00,28.459604506473013,25.25900077819824
23,2018-04-04T05:00:00,27.857692071905028,23.94050025939941
23,2018-04-04T06:00:00,27.366266520439066,22.621999740600582
23,2018-04-04T07:00:00,27.542959232808087,21.74300003051757
23,2018-04-04T08:00:00,28.10909771058028,20.864500045776367
23,2018-04-04T09:00:00,29.092895999024428,19.98550033569336
23,2018-04-04T10:00:00,30.73182274961483,19.766000747680664
23,2018-04-04T11:00:00,32.51653865170731,19.766000747680664
23,2018-04-04T12:00:00,33.70817036897118,19.766000747680664
23,2018-04-04T13:00:00,35.042367520548524,19.98550033569336
23,2018-04-04T14:00:00,36.14319671289275,19.98550033569336
23,2018-04-04T15:00:00,36.310785556420626,19.766000747680664
23,2018-04-04T16:00:00,35.979775453689264,19.54599952697754
23,2018-04-04T17:00:00,35.276827351068086,19.10650062561035
23,2018-04-04T18:00:00,34.199059392562184,19.10650062561035
23,2018-04-04T19:00:00,33.13580243196163,19.10650062561035
23,2018-04-04T20:00:00,32.076331727478475,19.10650062561035
23,2018-04-04T21:00:00,31.195345202509014,19.10650062561035
23,2018-04-04T22:00:00,30.561106991982953,18.66699981689453
23,2018-04-04T23:00:00,30.15927799217533,18.66699981689453
23,2018-04-05T00:00:00,29.629120898234973,18.66699981689453
23,2018-04-05T01:00:00,29.314143867683953,18.66699981689453
23,2018-04-05T02:00:00,28.90376413019571,18.44700050354004
23,2018-04-05T03:00:00,28.187925264028078,18.227500915527344
23,2018-04-05T04:00:00,27.782752184614843,17.788000106811523
23,2018-04-05T05:00:00,27.132585767165356,17.568000793457028
23,2018-04-05T06:00:00,27.033326057693387,17.568000793457028
23,2018-04-05T07:00:00,26.93041214296038,17.348499298095707
23,2018-04-05T08:00:00,27.536366838976114,17.128999710083008
23,2018-04-05T09:00:00,28.630184484351286,16.469499588012695
23,2018-04-05T10:00:00,30.33462164197858,15.371000289916992
23,2018-04-05T11:00:00,31.961558779188714,14.053000450134276
23,2018-04-05T12:00:00,33.62593792182304,12.95400047302246
23,2018-04-05T13:00:00,35.03193949406996,12.95400047302246
23,2018-04-05T14:00:00,35.94205577655933,12.295000076293944
23,2018-04-05T15:00:00,36.53186959307209,12.074999809265137
23,2018-04-05T16:00:00,35.96790319224016,11.635499954223633
23,2018-04-05T17:00:00,35.20615049418758,11.196499824523926
23,2018-04-05T18:00:00,34.059172834516225,11.196499824523926
23,2018-04-05T19:00:00,33.046615876545935,11.196499824523926
23,2018-04-05T20:00:00,31.922376849786595,11.196499824523926
23,2018-04-05T21:00:00,31.13556470791632,11.196499824523926
23,2018-04-05T22:00:00,30.37739996162949,11.635499954223633
24,2018-04-02T23:00:00,32.443668017301086,32.290000915527344
24,2018-04-03T00:00:00,32.06131145571774,31.631000518798828
24,2018-04-03T01:00:00,31.631606223643832,30.75200080871582
24,2018-04-03T02:00:00,30.99668905733296,30.09250068664551
24,2018-04-03T03:00:00,30.401266158330593,29.43400001525879
24,2018-04-03T04:00:00,29.888180617346713,28.99399948120117
24,2018-04-03T05:00:00,29.33668758304089,28.334999084472656
24,2018-04-03T06:00:00,28.927144036504384,27.67600059509277
24,2018-04-03T07:00:00,28.635318548665353,27.67600059509277
24,2018-04-03T08:00:00,29.078951759289396,28.554500579833984
24,2018-04-03T09:00:00,29.998727254031408,30.75149917602539
24,2018-04-03T10:00:00,31.287595611472952,34.48699951171875
24,2018-04-03T11:00:00,32.820162912071105,37.78350067138672
24,2018-04-03T12:00:00,34.339300823030435,40.20050048828125
24,2018-04-03T13:00:00,35.658449194458356,42.397499084472656
24,2018-04-03T14:00:00,36.84426941967299,43.93600082397461
24,2018-04-03T15:00:00,37.33004369623409,45.03400039672852
24,2018-04-03T16:00:00,37.051814366405985,43.93600082397461
24,2018-04-03T17:00:00,36.305868429541064,42.83700180053711
24,2018-04-03T18:00:00,35.30405628326436,41.51850128173828
24,2018-04-03T19:00:00,34.17179089072243,39.10200119018555
24,2018-04-03T20:00:00,33.093287985956344,36.90399932861328
24,2018-04-03T21:00:00,32.26789509958444,35.145999908447266
24,2018-04-03T22:00:00,31.5684757653141,33.827999114990234
24,2018-04-03T23:00:00,31.34688256884081,32.94900131225586
24,2018-04-04T00:00:00,31.0697460225676,32.06999969482422
24,2018-04-04T01:00:00,30.7090440909251,30.53199958801269
24,2018-04-04T02:00:00,30.104835932833474,28.554500579833984
24,2018-04-04T03:00:00,29.486830056721278,26.796499252319336
24,2018-04-04T04:00:00,29.01277820151838,25.25900077819824
24,2018-04-04T05:00:00,28.476550428662254,23.94050025939941
24,2018-04-04T06:00:00,27.957948776745926,22.621999740600582
24,2018-04-04T07:00:00,27.780078553890853,21.74300003051757
24,2018-04-04T08:00:00,27.952900397244875,20.864500045776367
24,2018-04-04T09:00:00,28.90885978800855,19.98550033569336
24,2018-04-04T10:00:00,30.07405827641429,19.766000747680664
24,2018-04-04T11:00:00,31.444155585722434,19.766000747680664
24,2018-04-04T12:00:00,32.80855680493872,19.766000747680664
24,2018-04-04T13:00:00,34.14137859781257,19.98550033569336
24,2018-04-04T14:00:00,35.145504598948115,19.98550033569336
24,2018-04-04T15:00:00,35.60383042872011,19.766000747680664
24,2018-04-04T16:00:00,35.42627060520099,19.54599952697754
24,2018-04-04T17:00:00,35.04246787007668,19.10650062561035
24,2018-04-04T18:00:00,34.12079348858145,19.10650062561035
24,2018-04-04T19:00:00,33.288690867849766,19.10650062561035
24,2018-04-04T20:00:00,32.09989242828648,19.10650062561035
24,2018-04-04T21:00:00,31.23092218914574,19.10650062561035
24,2018-04-04T22:00:00,30.774614753292305,18.66699981689453
24,2018-04-04T23:00:00,30.116761333919083,18.66699981689453
24,2018-04-05T00:00:00,29.97525150822167,18.66699981689453
24,2018-04-05T01:00:00,29.654244542943985,18.66699981689453
24,2018-04-05T02:00:00,29.26188296235331,18.44700050354004
24,2018-04-05T03:00:00,28.56551374058787,18.227500915527344
24,2018-04-05T04:00:00,28.08484303576831,17.788000106811523
24,2018-04-05T05:00:00,27.60627396936225,17.568000793457028
24,2018-04-05T06:00:00,27.355887642422584,17.568000793457028
24,2018-04-05T07:00:00,27.187237830701584,17.348499298095707
24,2018-04-05T08:00:00,27.526330677404992,17.128999710083008
24,2018-04-05T09:00:00,28.382760258818987,16.469499588012695
24,2018-04-05T10:00:00,29.881654705077143,15.371000289916992
24,2018-04-05T11:00:00,31.44564623234975,14.053000450134276
24,2018-04-05T12:00:00,32.619403646045335,12.95400047302246
24,2018-04-05T13:00:00,33.992166375661526,12.95400047302246
24,2018-04-05T14:00:00,35.085074227127066,12.295000076293944
24,2018-04-05T15:00:00,35.87251845699116,12.074999809265137
24,2018-04-05T16:00:00,35.46579463526727,11.635499954223633
24,2018-04-05T17:00:00,34.91786340483309,11.196499824523926
24,2018-04-05T18:00:00,33.732195300380454,11.196499824523926
24,2018-04-05T19:00:00,33.00631436570357,11.196499824523926
24,2018-04-05T20:00:00,32.17261048579649,11.196499824523926
24,2018-04-05T21:00:00,31.221985721562923,11.196499824523926
24,2018-04-05T22:00:00,30.58243149478288,11.635499954223633
24,2018-04-05T23:00:00,30.0697836715988,11.635499954223633
24,2018-04-06T00:00:00,29.794568533705853,11.85550022125244
24,2018-04-06T01:00:00,29.48376571282875,11.85550022125244
24,2018-04-06T02:00:00,29.120317362844286,11.63599967956543
24,2018-04-06T03:00:00,28.531883044453057,12.294500350952148
24,2018-04-06T04:00:00,28.193531723745934,12.95400047302246
24,2018-04-06T05:00:00,27.587344513312125,12.95400047302246
24,2018-04-06T06:00:00,27.19304784031462,12.95400047302246
24,2018-04-06T07:00:00,27.163398203818733,13.173500061035154
24,2018-04-06T08:00:00,27.414160442371536,14.272500038146973
24,2018-04-06T09:00:00,28.244309383226962,16.469499588012695
24,2018-04-06T10:00:00,29.52452081494173,18.44750022888184
24,2018-04-06T11:00:00,30.9420723441987,21.083999633789062
24,2018-04-06T12:00:00,32.36444708229956,24.15999984741211
24,2018-04-06T13:00:00,33.55916317915153,25.917999267578125
24,2018-04-06T14:00:00,34.82399212292235,26.57699966430664
24,2018-04-06T15:00:00,35.37676134094912,25.697999954223643
24,2018-04-06T16:00:00,35.19705973920523,25.039499282836918
24,2018-04-06T17:00:00,34.53798456432673,24.3799991607666
24,2018-04-06T18:00:00,33.67196585568283,22.40250015258789
24,2018-04-06T19:00:00,32.64533567462376,20.644500732421875
24,2018-04-06T20:00:00,31.666008436599824,19.54599952697754
24,2018-04-06T21:00:00,30.83158625933156,18.66699981689453
24,2018-04-06T22:00:00,30.078156984471626,18.227500915527344
25,2018-04-03T23:00:00,32.80197398992534,32.94900131225586
25,2018-04-04T00:00:00,32.17480836853018,32.06999969482422
25,2018-04-04T01:00:00,31.466368752014304,30.53199958801269
25,2018-04-04T02:00:00,30.76551191075315,28.554500579833984
25,2018-04-04T03:00:00,30.140130230288047,26.796499252319336
25,2018-04-04T04:00:00,29.641924129624822,25.25900077819824
25,2018-04-04T05:00:00,29.245007193606938,23.94050025939941
25,2018-04-04T06:00:00,28.96202179789195,22.621999740600582
25,2018-04-04T07:00:00,29.20969373851517,21.74300003051757
25,2018-04-04T08:00:00,30.07465129651226,20.864500045776367
25,2018-04-04T09:00:00,31.70871400284282,19.98550033569336
25,2018-04-04T10:00:00,33.601440435362996,19.766000747680664
25,2018-04-04T11:00:00,35.75834657956833,19.766000747680664
25,2018-04-04T12:00:00,37.52424398025943,19.766000747680664
25,2018-04-04T13:00:00,39.03941728662177,19.98550033569336
25,2018-04-04T14:00:00,40.04031271715208,19.98550033569336
25,2018-04-04T15:00:00,40.39865244370853,19.766000747680664
25,2018-04-04T16:00:00,39.854556161719614,19.54599952697754
25,2018-04-04T17:00:00,38.782655571704765,19.10650062561035
25,2018-04-04T18:00:00,37.37870979638235,19.10650062561035
25,2018-04-04T19:00:00,35.724322958014014,19.10650062561035
25,2018-04-04T20:00:00,34.56199204860213,19.10650062561035
25,2018-04-04T21:00:00,33.40376691732797,19.10650062561035
25,2018-04-04T22:00:00,32.438047531456,18.66699981689453
25,2018-04-04T23:00:00,31.956349612375504,18.66699981689453
25,2018-04-05T00:00:00,31.496750141830834,18.66699981689453
25,2018-04-05T01:00:00,30.910865351445988,18.66699981689453
25,2018-04-05T02:00:00,30.417713788095767,18.44700050354004
25,2018-04-05T03:00:00,29.796378542706517,18.227500915527344
25,2018-04-05T04:00:00,29.514588720392645,17.788000106811523
25,2018-04-05T05:00:00,28.99089516236743,17.568000793457028
25,2018-04-05T06:00:00,28.77411694607673,17.568000793457028
25,2018-04-05T07:00:00,28.90393388054527,17.348499298095707
25,2018-04-05T08:00:00,29.587101084176645,17.128999710083008
25,2018-04-05T09:00:00,30.822965322594655,16.469499588012695
25,2018-04-05T10:00:00,32.597341232112804,15.371000289916992
25,2018-04-05T11:00:00,34.5284174911863,14.053000450134276
25,2018-04-05T12:00:00,36.322836622483536,12.95400047302246
25,2018-04-05T13:00:00,37.67133403795711,12.95400047302246
25,2018-04-05T14:00:00,38.541253378373796,12.295000076293944
25,2018-04-05T15:00:00,38.714925341878256,12.074999809265137
25,2018-04-05T16:00:00,38.178581403039935,11.635499954223633
25,2018-04-05T17:00:00,37.15493833094679,11.196499824523926
25,2018-04-05T18:00:00,36.0948242491479,11.196499824523926
25,2018-04-05T19:00:00,34.78416020225832,11.196499824523926
25,2018-04-05T20:00:00,33.49879313108093,11.196499824523926
25,2018-04-05T21:00:00,32.592092267589,11.196499824523926
25,2018-04-05T22:00:00,31.927115058018806,11.635499954223633
25,2018-04-05T23:00:00,31.3840624111227,11.635499954223633
25,2018-04-06T00:00:00,31.003728234632334,11.85550022125244
25,2018-04-06T01:00:00,30.551840283225665,11.85550022125244
25,2018-04-06T02:00:00,30.11694755071394,11.63599967956543
25,2018-04-06T03:00:00,29.453939358533113,12.294500350952148
25,2018-04-06T04:00:00,28.935063820825054,12.95400047302246
25,2018-04-06T05:00:00,28.63290801615882,12.95400047302246
25,2018-04-06T06:00:00,27.99391746864312,12.95400047302246
25,2018-04-06T07:00:00,28.25040231008926,13.173500061035154
25,2018-04-06T08:00:00,28.800652498383855,14.272500038146973
25,2018-04-06T09:00:00,30.070317405651668,16.469499588012695
25,2018-04-06T10:00:00,31.619009164920918,18.44750022888184
25,2018-04-06T11:00:00,33.32462420934499,21.083999633789062
25,2018-04-06T12:00:00,35.06277838650803,24.15999984741211
25,2018-04-06T13:00:00,36.25192029513813,25.917999267578125
25,2018-04-06T14:00:00,37.15574614464843,26.57699966430664
25,2018-04-06T15:00:00,37.28475526997667,25.697999954223643
25,2018-04-06T16:00:00,37.03993207000406,25.039499282836918
25,2018-04-06T17:00:00,36.12515899924055,24.3799991607666
25,2018-04-06T18:00:00,35.06009574713322,22.40250015258789
25,2018-04-06T19:00:00,33.74445151280831,20.644500732421875
25,2018-04-06T20:00:00,32.636372409155584,19.54599952697754
25,2018-04-06T21:00:00,31.63671469882822,18.66699981689453
25,2018-04-06T22:00:00,31.147884779134817,18.227500915527344
25,2018-04-06T23:00:00,30.500687225282494,17.788000106811523
25,2018-04-07T00:00:00,30.03642298411485,17.568500518798828
25,2018-04-07T01:00:00,29.530681090021446,16.68950080871582
25,2018-04-07T02:00:00,29.113540645174464,16.030500411987305
25,2018-04-07T03:00:00,28.40522208668028,15.371000289916992
25,2018-04-07T04:00:00,28.039533695756944,14.711999893188477
25,2018-04-07T05:00:00,27.680291154144413,14.052499771118164
25,2018-04-07T06:00:00,27.44732265445349,13.393500328063965
25,2018-04-07T07:00:00,27.452277583456446,13.393500328063965
25,2018-04-07T08:00:00,28.240945393362697,14.932000160217283
25,2018-04-07T09:00:00,29.50871412217422,16.68950080871582
25,2018-04-07T10:00:00,31.296180741673673,19.54599952697754
25,2018-04-07T11:00:00,33.216068370458615,22.40250015258789
25,2018-04-07T12:00:00,34.69224573614659,23.94050025939941
25,2018-04-07T13:00:00,36.1222785116483,25.25900077819824
25,2018-04-07T14:00:00,37.0119448146689,26.79700088500977
25,2018-04-07T15:00:00,37.35334645314132,27.67600059509277
25,2018-04-07T16:00:00,36.73032640759449,26.57699966430664
25,2018-04-07T17:00:00,36.01039836657469,25.25849914550781
25,2018-04-07T18:00:00,34.80198934853894,23.500999450683597
25,2018-04-07T19:00:00,33.845381813856946,21.52300071716309
25,2018-04-07T20:00:00,32.68829736023066,19.766000747680664
25,2018-04-07T21:00:00,31.894036774633125,18.227500915527344
25,2018-04-07T22:00:00,31.098464803156297,17.128999710083008
26,2018-04-04T23:00:00,18.833037551813085,18.66699981689453
26,2018-04-05T00:00:00,19.00165395170255,18.66699981689453
26,2018-04-05T01:00:00,18.84157592825637,18.66699981689453
26,2018-04-05T02:00:00,18.39400106798991,18.44700050354004
26,2018-04-05T03:00:00,17.8389530034056,18.227500915527344
26,2018-04-05T04:00:00,17.321283997723263,17.788000106811523
26,2018-04-05T05:00:00,16.711137200168878,17.568000793457028
26,2018-04-05T06:00:00,16.090339668603555,17.568000793457028
26,2018-04-05T07:00:00,15.719991752600771,17.348499298095707
26,2018-04-05T08:00:00,15.886123817467087,17.128999710083008
26,2018-04-05T09:00:00,16.520613357947752,16.469499588012695
26,2018-04-05T10:00:00,17.797552551196382,15.371000289916992
26,2018-04-05T11:00:00,19.275360710750423,14.053000450134276
26,2018-04-05T12:00:00,20.71670835168576,12.95400047302246
26,2018-04-05T13:00:00,21.99314899023315,12.95400047302246
26,2018-04-05T14:00:00,22.82517053310743,12.295000076293944
26,2018-04-05T15:00:00,23.349135787480122,12.074999809265137
26,2018-04-05T16:00:00,22.997174185706324,11.635499954223633
26,2018-04-05T17:00:00,22.645630402877025,11.196499824523926
26,2018-04-05T18:00:00,22.020851959916392,11.196499824523926
26,2018-04-05T19:00:00,21.4819567483583,11.196499824523926
26,2018-04-05T20:00:00,21.003032923563506,11.196499824523926
26,2018-04-05T21:00:00,20.711014314197875,11.196499824523926
26,2018-04-05T22:00:00,20.426926282428873,11.635499954223633
26,2018-04-05T23:00:00,20.353633495803074,11.635499954223633
26,2018-04-06T00:00:00,20.483821043885797,11.85550022125244
26,2018-04-06T01:00:00,20.273238699389253,11.85550022125244
26,2018-04-06T02:00:00,19.836636831959375,11.63599967956543
26,2018-04-06T03:00:00,19.27781015150583,12.294500350952148
26,2018-04-06T04:00:00,18.815320842617417,12.95400047302246
26,2018-04-06T05:00:00,18.305617650900118,12.95400047302246
26,2018-04-06T06:00:00,17.824062501830134,12.95400047302246
26,2018-04-06T07:00:00,17.8128780907831,13.173500061035154
26,2018-04-06T08:00:00,18.29775104612769,14.272500038146973
26,2018-04-06T09:00:00,19.325906083880483,16.469499588012695
26,2018-04-06T10:00:00,20.99291290171624,18.44750022888184
26,2018-04-06T11:00:00,22.844427379493155,21.083999633789062
26,2018-04-06T12:00:00,24.464494109064905,24.15999984741211
26,2018-04-06T13:00:00,25.93622211351478,25.917999267578125
26,2018-04-06T14:00:00,26.929828861327984,26.57699966430664
26,2018-04-06T15:00:00,27.417455270884865,25.697999954223643
26,2018-04-06T16:00:00,27.0150943729646,25.039499282836918
26,2018-04-06T17:00:00,26.49931239454579,24.3799991607666
26,2018-04-06T18:00:00,25.614179267426007,22.40250015258789
26,2018-04-06T19:00:00,24.87076373514034,20.644500732421875
26,2018-04-06T20:00:00,24.246108904553026,19.54599952697754
26,2018-04-06T21:00:00,23.73759975818721,18.66699981689453
26,2018-04-06T22:00:00,23.384344559768657,18.227500915527344
26,2018-04-06T23:00:00,23.190646023384097,17.788000106811523
26,2018-04-07T00:00:00,23.128715312083585,17.568500518798828
26,2018-04-07T01:00:00,22.72170674857356,16.68950080871582
26,2018-04-07T02:00:00,22.21417076456373,16.030500411987305
26,2018-04-07T03:00:00,21.590992212375834,15.371000289916992
26,2018-04-07T04:00:00,20.98860197721357,14.711999893188477
26,2018-04-07T05:00:00,20.7106440472457,14.052499771118164
26,2018-04-07T06:00:00,20.34628061219467,13.393500328063965
26,2018-04-07T07:00:00,20.21353472131178,13.393500328063965
26,2018-04-07T08:00:00,20.854540709276975,14.932000160217283
26,2018-04-07T09:00:00,21.97773131153421,16.68950080871582
26,2018-04-07T10:00:00,23.790896760992688,19.54599952697754
26,2018-04-07T11:00:00,25.714443726548623,22.40250015258789
26,2018-04-07T12:00:00,27.33112286131028,23.94050025939941
26,2018-04-07T13:00:00,28.776114053351634,25.25900077819824
26,2018-04-07T14:00:00,29.77254021580619,26.79700088500977
26,2018-04-07T15:00:00,30.290606400359614,27.67600059509277
26,2018-04-07T16:00:00,29.854478684450264,26.57699966430664
26,2018-04-07T17:00:00,29.12521676890945,25.25849914550781
26,2018-04-07T18:00:00,28.23243529724098,23.500999450683597
26,2018-04-07T19:00:00,27.3694316357839,21.52300071716309
26,2018-04-07T20:00:00,26.679150152354016,19.766000747680664
26,2018-04-07T21:00:00,25.779520281523222,18.227500915527344
26,2018-04-07T22:00:00,25.437111384661954,17.128999710083008
26,2018-04-07T23:00:00,25.173386780893686,16.25
26,2018-04-08T00:00:00,24.972286668572856,15.371000289916992
26,2018-04-08T01:00:00,24.738661335606743,14.932000160217283
26,2018-04-08T02:00:00,24.085221470935437,14.491999626159668
26,2018-04-08T03:00:00,23.292815070937664,14.491999626159668
26,2018-04-08T04:00:00,22.63795537447653,14.053000450134276
26,2018-04-08T05:00:00,22.038292821943188,13.61299991607666
26,2018-04-08T06:00:00,21.65165293197742,12.95400047302246
26,2018-04-08T07:00:00,21.58758603009632,13.173999786376951
26,2018-04-08T08:00:00,22.008416258673407,15.810500144958494
26,2018-04-08T09:00:00,22.908778338959063,18.227500915527344
26,2018-04-08T10:00:00,24.456339227466145,22.1825008392334
26,2018-04-08T11:00:00,26.196975458981235,25.25900077819824
26,2018-04-08T12:00:00,27.704440325111555,27.89550018310547
26,2018-04-08T13:00:00,29.028714128513457,30.3125
26,2018-04-08T14:00:00,29.880910294031924,32.72949981689453
26,2018-04-08T15:00:00,30.306611807999584,34.267501831054695
26,2018-04-08T16:00:00,29.9646645759846,33.388999938964844
26,2018-04-08T17:00:00,29.12880044441689,32.06999969482422
26,2018-04-08T18:00:00,28.195461114475037,30.312000274658203
26,2018-04-08T19:00:00,27.31471354681949,28.334999084472656
26,2018-04-08T20:00:00,26.543425476954706,27.23600006103516
26,2018-04-08T21:00:00,25.89801961831416,26.35700035095215
26,2018-04-08T22:00:00,25.46465961081144,25.917999267578125
27,2018-04-05T23:00:00,12.247503522357857,11.635499954223633
27,2018-04-06T00:00:00,12.881048865005432,11.85550022125244
27,2018-04-06T01:00:00,13.370486583545498,11.85550022125244
27,2018-04-06T02:00:00,13.65621361959651,11.63599967956543
27,2018-04-06T03:00:00,13.89202246706842,12.294500350952148
27,2018-04-06T04:00:00,14.086359591359416,12.95400047302246
27,2018-04-06T05:00:00,14.115089205135812,12.95400047302246
27,2018-04-06T06:00:00,14.042363165276978,12.95400047302246
27,2018-04-06T07:00:00,14.063979365909882,13.173500061035154
27,2018-04-06T08:00:00,14.16063876823355,14.272500038146973
27,2018-04-06T09:00:00,14.620984246293208,16.469499588012695
27,2018-04-06T10:00:00,15.065046873074259,18.44750022888184
27,2018-04-06T11:00:00,15.666697030466386,21.083999633789062
27,2018-04-06T12:00:00,16.315088401603084,24.15999984741211
27,2018-04-06T13:00:00,16.870572074366432,25.917999267578125
27,2018-04-06T14:00:00,17.444117521862033,26.57699966430664
27,2018-04-06T15:00:00,17.922148463923364,25.697999954223643
27,2018-04-06T16:00:00,17.852227649510663,25.039499282836918
27,2018-04-06T17:00:00,17.60311963871942,24.3799991607666
27,2018-04-06T18:00:00,17.336517740298437,22.40250015258789
27,2018-04-06T19:00:00,17.098851286220118,20.644500732421875
27,2018-04-06T20:00:00,16.963470650055406,19.54599952697754
27,2018-04-06T21:00:00,17.00238802161057,18.66699981689453
27,2018-04-06T22:00:00,17.025682796168965,18.227500915527344
27,2018-04-06T23:00:00,17.198888362434623,17.788000106811523
27,2018-04-07T00:00:00,17.39252988204182,17.568500518798828
27,2018-04-07T01:00:00,17.449813497920346,16.68950080871582
27,2018-04-07T02:00:00,17.36206809856921,16.030500411987305
27,2018-04-07T03:00:00,17.284987117255582,15.371000289916992
27,2018-04-07T04:00:00,17.21086644702251,14.711999893188477
27,2018-04-07T05:00:00,17.110692530542345,14.052499771118164
27,2018-04-07T06:00:00,17.213629480053402,13.393500328063965
27,2018-04-07T07:00:00,17.244336435668657,13.393500328063965
27,2018-04-07T08:00:00,17.590289723477767,14.932000160217283
27,2018-04-07T09:00:00,18.247591106412585,16.68950080871582
27,2018-04-07T10:00:00,19.112736660127986,19.54599952697754
27,2018-04-07T11:00:00,20.09566564797779,22.40250015258789
27,2018-04-07T12:00:00,21.091403226794508,23.94050025939941
27,2018-04-07T13:00:00,22.068234726439822,25.25900077819824
27,2018-04-07T14:00:00,22.728467798032966,26.79700088500977
27,2018-04-07T15:00:00,23.192140319085162,27.67600059509277
27,2018-04-07T16:00:00,23.026714578056787,26.57699966430664
27,2018-04-07T17:00:00,22.81824801213454,25.25849914550781
27,2018-04-07T18:00:00,22.376946821914608,23.500999450683597
27,2018-04-07T19:00:00,21.90742882681386,21.52300071716309
27,2018-04-07T20:00:00,21.62647979670566,19.766000747680664
27,2018-04-07T21:00:00,21.36514602044567,18.227500915527344
27,2018-04-07T22:00:00,21.127601468237355,17.128999710083008
27,2018-04-07T23:00:00,21.07451884851475,16.25
27,2018-04-08T00:00:00,21.043035894559615,15.371000289916992
27,2018-04-08T01:00:00,20.952700223012997,14.932000160217283
27,2018-04-08T02:00:00,20.677345679099407,14.491999626159668
27,2018-04-08T03:00:00,20.339542369446207,14.491999626159668
27,2018-04-08T04:00:00,20.07179158296141,14.053000450134276
27,2018-04-08T05:00:00,19.89308389768047,13.61299991607666
27,2018-04-08T06:00:00,19.697539728212753,12.95400047302246
27,2018-04-08T07:00:00,19.693849032214207,13.173999786376951
27,2018-04-08T08:00:00,20.05141948841051,15.810500144958494
27,2018-04-08T09:00:00,20.440902234895475,18.227500915527344
27,2018-04-08T10:00:00,21.24463581595079,22.1825008392334
27,2018-04-08T11:00:00,22.217283196406285,25.25900077819824
27,2018-04-08T12:00:00,23.053058153734202,27.89550018310547
27,2018-04-08T13:00:00,23.926344676954688,30.3125
27,2018-04-08T14:00:00,24.612727809282884,32.72949981689453
27,2018-04-08T15:00:00,24.897761179220524,34.267501831054695
27,2018-04-08T16:00:00,24.78524472691158,33.388999938964844
27,2018-04-08T17:00:00,24.35905378092706,32.06999969482422
27,2018-04-08T18:00:00,23.851132135435165,30.312000274658203
27,2018-04-08T19:00:00,23.32138526580456,28.334999084472656
27,2018-04-08T20:00:00,23.071260303772316,27.23600006103516
27,2018-04-08T21:00:00,22.780350328625683,26.35700035095215
27,2018-04-08T22:00:00,22.523523272481825,25.917999267578125
27,2018-04-08T23:00:00,22.477971428712994,25.03899955749512
27,2018-04-09T00:00:00,22.36287964260423,23.500999450683597
27,2018-04-09T01:00:00,22.27672774814677,21.96299934387207
27,2018-04-09T02:00:00,22.038393741639116,21.083999633789062
27,2018-04-09T03:00:00,21.784855755314076,20.20499992370605
27,2018-04-09T04:00:00,21.354476927032426,19.766000747680664
27,2018-04-09T05:00:00,21.177692417651855,18.886999130249023
27,2018-04-09T06:00:00,20.97708960566316,18.44700050354004
27,2018-04-09T07:00:00,21.02319063503153,18.007999420166016
27,2018-04-09T08:00:00,21.158151627714872,20.644500732421875
27,2018-04-09T09:00:00,21.621690045306714,23.94050025939941
27,2018-04-09T10:00:00,22.41647199231644,28.334999084472656
27,2018-04-09T11:00:00,23.23228970916553,32.06999969482422
27,2018-04-09T12:00:00,23.87604356369884,34.267501831054695
27,2018-04-09T13:00:00,24.67543417682261,36.24499893188477
27,2018-04-09T14:00:00,25.242389169056665,38.44250106811523
27,2018-04-09T15:00:00,25.584336686155535,39.98049926757813
27,2018-04-09T16:00:00,25.453708512417368,38.88199996948242
27,2018-04-09T17:00:00,24.89637863640309,37.124000549316406
27,2018-04-09T18:00:00,24.533406866853873,35.80550003051758
27,2018-04-09T19:00:00,24.062649212979753,33.827999114990234
27,2018-04-09T20:00:00,23.732681034837874,32.06999969482422
27,2018-04-09T21:00:00,23.430417536882562,30.97150039672852
27,2018-04-09T22:00:00,23.346236142250678,29.653499603271484
28,2018-04-06T23:00:00,18.055495425673186,17.788000106811523
28,2018-04-07T00:00:00,17.969600562848065,17.568500518798828
28,2018-04-07T01:00:00,17.846563602847674,16.68950080871582
28,2018-04-07T02:00:00,17.668241008881026,16.030500411987305
28,2018-04-07T03:00:00,17.605907188964572,15.371000289916992
28,2018-04-07T04:00:00,17.611558691936544,14.711999893188477
28,2018-04-07T05:00:00,17.69858339922184,14.052499771118164
28,2018-04-07T06:00:00,18.00033214971114,13.393500328063965
28,2018-04-07T07:00:00,18.405555631955565,13.393500328063965
28,2018-04-07T08:00:00,19.41659069810455,14.932000160217283
28,2018-04-07T09:00:00,20.764739969135555,16.68950080871582
28,2018-04-07T10:00:00,22.505534479224597,19.54599952697754
28,2018-04-07T11:00:00,24.325947331253364,22.40250015258789
28,2018-04-07T12:00:00,25.899454160432548,23.94050025939941
28,2018-04-07T13:00:00,27.123473117740495,25.25900077819824
28,2018-04-07T14:00:00,27.753082535230103,26.79700088500977
28,2018-04-07T15:00:00,27.83302695611955,27.67600059509277
28,2018-04-07T16:00:00,27.283868724636573,26.57699966430664
28,2018-04-07T17:00:00,26.508098109769264,25.25849914550781
28,2018-04-07T18:00:00,25.49565233451483,23.500999450683597
28,2018-04-07T19:00:00,24.429204943120297,21.52300071716309
28,2018-04-07T20:00:00,23.49772139524797,19.766000747680664
28,2018-04-07T21:00:00,22.573878665709724,18.227500915527344
28,2018-04-07T22:00:00,22.1895201310397,17.128999710083008
28,2018-04-07T23:00:00,21.910596336863346,16.25
28,2018-04-08T00:00:00,21.720845642143225,15.371000289916992
28,2018-04-08T01:00:00,21.380826546488244,14.932000160217283
28,2018-04-08T02:00:00,21.049141251079377,14.491999626159668
28,2018-04-08T03:00:00,20.7669971493177,14.491999626159668
28,2018-04-08T04:00:00,20.51147133006676,14.053000450134276
28,2018-04-08T05:00:00,20.332230880018162,13.61299991607666
28,2018-04-08T06:00:00,20.29548550557977,12.95400047302246
28,2018-04-08T07:00:00,20.513878008239146,13.173999786376951
28,2018-04-08T08:00:00,21.031323508154227,15.810500144958494
28,2018-04-08T09:00:00,21.944037132919483,18.227500915527344
28,2018-04-08T10:00:00,23.093363199616768,22.1825008392334
28,2018-04-08T11:00:00,24.53330195598353,25.25900077819824
28,2018-04-08T12:00:00,25.86208969782557,27.89550018310547
28,2018-04-08T13:00:00,26.902505623381963,30.3125
28,2018-04-08T14:00:00,27.37864782767645,32.72949981689453
28,2018-04-08T15:00:00,27.461443258484252,34.267501831054695
28,2018-04-08T16:00:00,27.06397953157148,33.388999938964844
28,2018-04-08T17:00:00,26.373232563171225,32.06999969482422
28,2018-04-08T18:00:00,25.530043030081792,30.312000274658203
28,2018-04-08T19:00:00,24.568577665968682,28.334999084472656
28,2018-04-08T20:00:00,23.914319154408034,27.23600006103516
28,2018-04-08T21:00:00,23.245884561492254,26.35700035095215
28,2018-04-08T22:00:00,22.847023923534152,25.917999267578125
28,2018-04-08T23:00:00,22.66963560648133,25.03899955749512
28,2018-04-09T00:00:00,22.459032735944938,23.500999450683597
28,2018-04-09T01:00:00,22.25321471336464,21.96299934387207
28,2018-04-09T02:00:00,22.01384459797879,21.083999633789062
28,2018-04-09T03:00:00,21.739096712576313,20.20499992370605
28,2018-04-09T04:00:00,21.381114595247467,19.766000747680664
28,2018-04-09T05:00:00,21.052059369744686,18.886999130249023
28,2018-04-09T06:00:00,20.843595768694858,18.44700050354004
28,2018-04-09T07:00:00,21.039081667016113,18.007999420166016
28,2018-04-09T08:00:00,21.64599857816658,20.644500732421875
28,2018-04-09T09:00:00,22.38107369625996,23.94050025939941
28,2018-04-09T10:00:00,23.51618935750214,28.334999084472656
28,2018-04-09T11:00:00,24.86380358309439,32.06999969482422
28,2018-04-09T12:00:00,25.96692017451277,34.267501831054695
28,2018-04-09T13:00:00,26.882885922225114,36.24499893188477
28,2018-04-09T14:00:00,27.311847655522243,38.44250106811523
28,2018-04-09T15:00:00,27.516929021339045,39.98049926757813
28,2018-04-09T16:00:00,27.10699025160691,38.88199996948242
28,2018-04-09T17:00:00,26.550337962974783,37.124000549316406
28,2018-04-09T18:00:00,25.869527992566464,35.80550003051758
28,2018-04-09T19:00:00,25.017920274400424,33.827999114990234
28,2018-04-09T20:00:00,24.23830604453769,32.06999969482422
28,2018-04-09T21:00:00,23.78387548696141,30.97150039672852
28,2018-04-09T22:00:00,23.44156922029939,29.653499603271484
28,2018-04-09T23:00:00,23.270186708473055,29.214000701904297
28,2018-04-10T00:00:00,23.07124468117532,28.114999771118164
28,2018-04-10T01:00:00,22.73351720383601,26.79700088500977
28,2018-04-10T02:00:00,22.386388116044174,25.917999267578125
28,2018-04-10T03:00:00,22.122190158990264,25.478500366210927
28,2018-04-10T04:00:00,21.878272727542807,25.25900077819824
28,2018-04-10T05:00:00,21.555454795382598,24.819499969482425
28,2018-04-10T06:00:00,21.55000057046029,23.72100067138672
28,2018-04-10T07:00:00,21.601485580081256,23.500999450683597
28,2018-04-10T08:00:00,21.96419666892438,25.917999267578125
28,2018-04-10T09:00:00,22.846789698612753,28.99449920654297
28,2018-04-10T10:00:00,23.972189929059816,33.16899871826172
28,2018-04-10T11:00:00,25.291256424395453,36.464500427246094
28,2018-04-10T12:00:00,26.49207365852566,38.44200134277344
28,2018-04-10T13:00:00,27.47439518962946,39.76100158691406
28,2018-04-10T14:00:00,27.888618770180233,41.51850128173828
28,2018-04-10T15:00:00,27.972806550691182,42.397499084472656
28,2018-04-10T16:00:00,27.500675704751114,41.51850128173828
28,2018-04-10T17:00:00,26.85648498766967,39.97999954223633
28,2018-04-10T18:00:00,26.11024085305915,38.63750076293945
28,2018-04-10T19:00:00,25.22660943382149,36.87950134277344
28,2018-04-10T20:00:00,24.447903595255664,34.68249893188477
28,2018-04-10T21:00:00,23.73827871397202,32.92449951171875
28,2018-04-10T22:00:00,23.420971909477917,32.04550170898437
29,2018-04-07T23:00:00,16.81945995446941,16.25
29,2018-04-08T00:00:00,16.452791901277465,15.371000289916992
29,2018-04-08T01:00:00,16.059008949443978,14.932000160217283
29,2018-04-08T02:00:00,15.72501835169287,14.491999626159668
29,2018-04-08T03:00:00,15.417610115882766,14.491999626159668
29,2018-04-08T04:00:00,15.262277028648526,14.053000450134276
29,2018-04-08T05:00:00,15.070453203903579,13.61299991607666
29,2018-04-08T06:00:00,15.161120142926665,12.95400047302246
29,2018-04-08T07:00:00,15.490583608555346,13.173999786376951
29,2018-04-08T08:00:00,16.26313927541441,15.810500144958494
29,2018-04-08T09:00:00,17.476609672776448,18.227500915527344
29,2018-04-08T10:00:00,18.858338518699686,22.1825008392334
29,2018-04-08T11:00:00,20.424281844294896,25.25900077819824
29,2018-04-08T12:00:00,21.906070345076472,27.89550018310547
29,2018-04-08T13:00:00,22.9011644325439,30.3125
29,2018-04-08T14:00:00,23.627049586462316,32.72949981689453
29,2018-04-08T15:00:00,23.709581029590943,34.267501831054695
29,2018-04-08T16:00:00,23.342450000166835,33.388999938964844
29,2018-04-08T17:00:00,22.515298602347578,32.06999969482422
29,2018-04-08T18:00:00,21.636680896410333,30.312000274658203
29,2018-04-08T19:00:00,20.593360080080977,28.334999084472656
29,2018-04-08T20:00:00,19.81307909602379,27.23600006103516
29,2018-04-08T21:00:00,19.22592328763803,26.35700035095215
29,2018-04-08T22:00:00,18.816566545169188,25.917999267578125
29,2018-04-08T23:00:00,18.61981487439053,25.03899955749512
29,2018-04-09T00:00:00,18.446942742238882,23.500999450683597
29,2018-04-09T01:00:00,18.252406743428452,21.96299934387207
29,2018-04-09T02:00:00,17.909672052701346,21.083999633789062
29,2018-04-09T03:00:00,17.541927522752836,20.20499992370605
29,2018-04-09T04:00:00,17.177060059389937,19.766000747680664
29,2018-04-09T05:00:00,16.791982429123845,18.886999130249023
29,2018-04-09T06:00:00,16.613989734231005,18.44700050354004
29,2018-04-09T07:00:00,16.64773340340848,18.007999420166016
29,2018-04-09T08:00:00,17.29584311166502,20.644500732421875
29,2018-04-09T09:00:00,18.166061676129292,23.94050025939941
29,2018-04-09T10:00:00,19.14884812203569,28.334999084472656
29,2018-04-09T11:00:00,20.259456147831465,32.06999969482422
29,2018-04-09T12:00:00,21.410531147157506,34.267501831054695
29,2018-04-09T13:00:00,22.221736890919466,36.24499893188477
29,2018-04-09T14:00:00,22.855669947653094,38.44250106811523
29,2018-04-09T15:00:00,22.86049425121912,39.98049926757813
29,2018-04-09T16:00:00,22.85899402577321,38.88199996948242
29,2018-04-09T17:00:00,22.35236232785232,37.124000549316406
29,2018-04-09T18:00:00,21.701247379294664,35.80550003051758
29,2018-04-09T19:00:00,21.062661525461312,33.827999114990234
29,2018-04-09T20:00:00,20.424859994417332,32.06999969482422
29,2018-04-09T21:00:00,20.06342995852794,30.97150039672852
29,2018-04-09T22:00:00,19.855850459627867,29.653499603271484
29,2018-04-09T23:00:00,19.774579087278905,29.214000701904297
29,2018-04-10T00:00:00,19.477897987961402,28.114999771118164
29,2018-04-10T01:00:00,19.285433294638924,26.79700088500977
29,2018-04-10T02:00:00,18.97597291097806,25.917999267578125
29,2018-04-10T03:00:00,18.505325185450694,25.478500366210927
29,2018-04-10T04:00:00,18.326119857736952,25.25900077819824
29,2018-04-10T05:00:00,17.906188327604617,24.819499969482425
29,2018-04-10T06:00:00,17.898843426345042,23.72100067138672
29,2018-04-10T07:00:00,18.084069269613835,23.500999450683597
29,2018-04-10T08:00:00,18.451978578048912,25.917999267578125
29,2018-04-10T09:00:00,19.230047197110956,28.99449920654297
29,2018-04-10T10:00:00,20.282387611484516,33.16899871826172
29,2018-04-10T11:00:00,21.548348224252386,36.464500427246094
29,2018-04-10T12:00:00,22.50200970204817,38.44200134277344
29,2018-04-10T13:00:00,23.377694464957994,39.76100158691406
29,2018-04-10T14:00:00,23.980678586873246,41.51850128173828
29,2018-04-10T15:00:00,24.17025720495929,42.397499084472656
29,2018-04-10T16:00:00,23.96052851565339,41.51850128173828
29,2018-04-10T17:00:00,23.523001151893396,39.97999954223633
29,2018-04-10T18:00:00,22.90446228294643,38.63750076293945
29,2018-04-10T19:00:00,22.12633482257015,36.87950134277344
29,2018-04-10T20:00:00,21.581420235792557,34.68249893188477
29,2018-04-10T21:00:00,21.160136381734787,32.92449951171875
29,2018-04-10T22:00:00,20.77788108194804,32.04550170898437
29,2018-04-10T23:00:00,20.526099782533475,31.16699981689453
29,2018-04-11T00:00:00,20.30688201903858,30.727500915527344
29,2018-04-11T01:00:00,19.87086274903977,30.50749969482422
29,2018-04-11T02:00:00,19.461629961044913,30.068500518798828
29,2018-04-11T03:00:00,19.044963097550685,28.96949958801269
29,2018-04-11T04:00:00,18.66289675136411,28.31049919128418
29,2018-04-11T05:00:00,18.180985703569846,27.651500701904297
29,2018-04-11T06:00:00,18.04257588005752,27.21199989318848
29,2018-04-11T07:00:00,18.109209107087615,26.772499084472656
29,2018-04-11T08:00:00,18.617761130070008,28.530500411987305
29,2018-04-11T09:00:00,19.283111571464808,31.16699981689453
29,2018-04-11T10:00:00,20.40569893621757,33.80350112915039
29,2018-04-11T11:00:00,21.502692039780985,36.000999450683594
29,2018-04-11T12:00:00,22.650014993056043,37.97850036621094
29,2018-04-11T13:00:00,23.402477719506162,39.51649856567383
29,2018-04-11T14:00:00,24.136420712468272,39.95600128173828
29,2018-04-11T15:00:00,24.262122750676046,39.29700088500977
29,2018-04-11T16:00:00,23.909482535218103,38.198001861572266
29,2018-04-11T17:00:00,23.45218471794192,35.78099822998047
29,2018-04-11T18:00:00,22.729775078704286,33.583999633789055
29,2018-04-11T19:00:00,21.884879489602675,32.04550170898437
29,2018-04-11T20:00:00,21.194481235812756,30.288000106811523
29,2018-04-11T21:00:00,20.823634194940958,28.96949958801269
29,2018-04-11T22:00:00,20.36624070351236,28.09049987792969
30,2018-04-08T23:00:00,25.291503535108536,25.03899955749512
30,2018-04-09T00:00:00,24.677271029322053,23.500999450683597
30,2018-04-09T01:00:00,23.83343868908466,21.96299934387207
30,2018-04-09T02:00:00,23.22345895068794,21.083999633789062
30,2018-04-09T03:00:00,22.379660820516968,20.20499992370605
30,2018-04-09T04:00:00,21.6650136734163,19.766000747680664
30,2018-04-09T05:00:00,20.940898320267152,18.886999130249023
30,2018-04-09T06:00:00,20.424329738387875,18.44700050354004
30,2018-04-09T07:00:00,20.5095435928242,18.007999420166016
30,2018-04-09T08:00:00,21.394448880901653,20.644500732421875
30,2018-04-09T09:00:00,22.956934595084167,23.94050025939941
30,2018-04-09T10:00:00,24.699120200507252,28.334999084472656
30,2018-04-09T11:00:00,26.623310543378924,32.06999969482422
30,2018-04-09T12:00:00,28.093026539789303,34.267501831054695
30,2018-04-09T13:00:00,29.459205656157234,36.24499893188477
30,2018-04-09T14:00:00,30.515672146641265,38.44250106811523
30,2018-04-09T15:00:00,30.671567875434498,39.98049926757813
30,2018-04-09T16:00:00,30.215999605082764,38.88199996948242
30,2018-04-09T17:00:00,29.202621206401044,37.124000549316406
30,2018-04-09T18:00:00,27.918607143350417,35.80550003051758
30,2018-04-09T19:00:00,26.5873169921668,33.827999114990234
30,2018-04-09T20:00:00,25.556924159936166,32.06999969482422
30,2018-04-09T21:00:00,24.764479444664005,30.97150039672852
30,2018-04-09T22:00:00,24.066831051498482,29.653499603271484
30,2018-04-09T23:00:00,23.75321870611023,29.214000701904297
30,2018-04-10T00:00:00,23.296820499547238,28.114999771118164
30,2018-04-10T01:00:00,22.69748944255747,26.79700088500977
30,2018-04-10T02:00:00,22.17657048056559,25.917999267578125
30,2018-04-10T03:00:00,21.567097051151833,25.478500366210927
30,2018-04-10T04:00:00,21.038021383024315,25.25900077819824
30,2018-04-10T05:00:00,20.551433248983173,24.819499969482425
30,2018-04-10T06:00:00,20.03296281547826,23.72100067138672
30,2018-04-10T07:00:00,20.187392414858447,23.500999450683597
30,2018-04-10T08:00:00,20.962825832504446,25.917999267578125
30,2018-04-10T09:00:00,22.059060042761196,28.99449920654297
30,2018-04-10T10:00:00,23.754983831503754,33.16899871826172
30,2018-04-10T11:00:00,25.33783035091525,36.464500427246094
30,2018-04-10T12:00:00,26.766546266927037,38.44200134277344
30,2018-04-10T13:00:00,27.981681326120896,39.76100158691406
30,2018-04-10T14:00:00,28.699151231326734,41.51850128173828
30,2018-04-10T15:00:00,28.772769454893343,42.397499084472656
30,2018-04-10T16:00:00,28.422881870325426,41.51850128173828
30,2018-04-10T17:00:00,27.29158127007657,39.97999954223633
30,2018-04-10T18:00:00,26.2441838681995,38.63750076293945
30,2018-04-10T19:00:00,24.999419014348277,36.87950134277344
30,2018-04-10T20:00:00,23.758177341203712,34.68249893188477
30,2018-04-10T21:00:00,22.990930050350467,32.92449951171875
30,2018-04-10T22:00:00,22.788985861657594,32.04550170898437
30,2018-04-10T23:00:00,22.179845524257175,31.16699981689453
30,2018-04-11T00:00:00,21.785255214856264,30.727500915527344
30,2018-04-11T01:00:00,21.282614691350602,30.50749969482422
30,2018-04-11T02:00:00,20.884832126618832,30.068500518798828
30,2018-04-11T03:00:00,20.36707691156913,28.96949958801269
30,2018-04-11T04:00:00,19.873918278138518,28.31049919128418
30,2018-04-11T05:00:00,19.418565873305873,27.651500701904297
30,2018-04-11T06:00:00,19.214860550393887,27.21199989318848
30,2018-04-11T07:00:00,19.28573149238452,26.772499084472656
30,2018-04-11T08:00:00,19.836827724129982,28.530500411987305
30,2018-04-11T09:00:00,21.082574748988012,31.16699981689453
30,2018-04-11T10:00:00,22.45044258826781,33.80350112915039
30,2018-04-11T11:00:00,23.923098141651785,36.000999450683594
30,2018-04-11T12:00:00,25.47905292608832,37.97850036621094
30,2018-04-11T13:00:00,26.60614484431967,39.51649856567383
30,2018-04-11T14:00:00,27.239966034136117,39.95600128173828
30,2018-04-11T15:00:00,27.4452159415468,39.29700088500977
30,2018-04-11T16:00:00,26.93994717267193,38.198001861572266
30,2018-04-11T17:00:00,25.92651648960537,35.78099822998047
30,2018-04-11T18:00:00,24.77025113900265,33.583999633789055
30,2018-04-11T19:00:00,23.5548420571768,32.04550170898437
30,2018-04-11T20:00:00,22.551139918764147,30.288000106811523
30,2018-04-11T21:00:00,21.550254295119547,28.96949958801269
30,2018-04-11T22:00:00,21.148423425161628,28.09049987792969
30,2018-04-11T23:00:00,20.6556907070579,27.87100028991699
30,2018-04-12T00:00:00,20.09230815802614,27.21199989318848
30,2018-04-12T01:00:00,19.733316729704455,26.772499084472656
30,2018-04-12T02:00:00,19.239932765969716,26.33300018310547
30,2018-04-12T03:00:00,18.8344123403488,25.89349937438965
30,2018-04-12T04:00:00,18.45890440599489,25.673999786376957
30,2018-04-12T05:00:00,18.085851157939903,25.673999786376957
30,2018-04-12T06:00:00,17.825159504626548,25.454500198364247
30,2018-04-12T07:00:00,17.844838845332518,25.01449966430664
30,2018-04-12T08:00:00,18.711540386902087,25.23450088500977
30,2018-04-12T09:00:00,20.066389357340057,25.454500198364247
30,2018-04-12T10:00:00,21.561165595803022,25.673999786376957
30,2018-04-12T11:00:00,23.23091058735474,23.47649955749512
30,2018-04-12T12:00:00,24.63741151253778,22.37800025939941
30,2018-04-12T13:00:00,25.853947359917832,25.673999786376957
30,2018-04-12T14:00:00,26.582105202581836,26.772499084472656
30,2018-04-12T15:00:00,26.759535255915683,26.772499084472656
30,2018-04-12T16:00:00,26.186280479951066,26.33300018310547
30,2018-04-12T17:00:00,25.577510067402166,25.89349937438965
30,2018-04-12T18:00:00,24.428319928702106,25.89349937438965
30,2018-04-12T19:00:00,23.23122053055647,25.23450088500977
30,2018-04-12T20:00:00,22.370796650207843,24.57550048828125
30,2018-04-12T21:00:00,21.62311774541182,24.135499954223643
30,2018-04-12T22:00:00,21.15170074952431,23.69650077819824
31,2018-04-09T23:00:00,28.48325730077981,29.214000701904297
31,2018-04-10T00:00:00,27.500503742150595,28.114999771118164
31,2018-04-10T01:00:00,26.244484004515524,26.79700088500977
31,2018-04-10T02:00:00,25.132122598782363,25.917999267578125
31,2018-04-10T03:00:00,24.166316889509464,25.478500366210927
31,2018-04-10T04:00:00,23.276448062895675,25.25900077819824
31,2018-04-10T05:00:00,22.60537541772498,24.819499969482425
31,2018-04-10T06:00:00,22.092300823962354,23.72100067138672
31,2018-04-10T07:00:00,22.473304035318264,23.500999450683597
31,2018-04-10T08:00:00,23.703098107971503,25.917999267578125
31,2018-04-10T09:00:00,25.80571527147884,28.99449920654297
31,2018-04-10T10:00:00,28.5099857168977,33.16899871826172
31,2018-04-10T11:00:00,31.11196455149838,36.464500427246094
31,2018-04-10T12:00:00,33.325036440645306,38.44200134277344
31,2018-04-10T13:00:00,35.14644708627788,39.76100158691406
31,2018-04-10T14:00:00,36.460335317893644,41.51850128173828
31,2018-04-10T15:00:00,36.730019087164514,42.397499084472656
31,2018-04-10T16:00:00,35.9539392132968,41.51850128173828
31,2018-04-10T17:00:00,34.52020137356866,39.97999954223633
31,2018-04-10T18:00:00,32.76244060910757,38.63750076293945
31,2018-04-10T19:00:00,30.715586766127217,36.87950134277344
31,2018-04-10T20:00:00,29.187953093064,34.68249893188477
31,2018-04-10T21:00:00,27.981178141657335,32.92449951171875
31,2018-04-10T22:00:00,26.75555833569479,32.04550170898437
31,2018-04-10T23:00:00,25.84946470088175,31.16699981689453
31,2018-04-11T00:00:00,25.113013767950665,30.727500915527344
31,2018-04-11T01:00:00,24.037573918497944,30.50749969482422
31,2018-04-11T02:00:00,23.312229739763126,30.068500518798828
31,2018-04-11T03:00:00,22.31717271320098,28.96949958801269
31,2018-04-11T04:00:00,21.59126623500783,28.31049919128418
31,2018-04-11T05:00:00,20.806027414092043,27.651500701904297
31,2018-04-11T06:00:00,20.436395628812903,27.21199989318848
31,2018-04-11T07:00:00,20.653095873520222,26.772499084472656
31,2018-04-11T08:00:00,21.837657624424956,28.530500411987305
31,2018-04-11T09:00:00,23.747100691865896,31.16699981689453
31,2018-04-11T10:00:00,26.208549636718303,33.80350112915039
31,2018-04-11T11:00:00,28.518899548819906,36.000999450683594
31,2018-04-11T12:00:00,30.63181760279565,37.97850036621094
31,2018-04-11T13:00:00,32.2957264710503,39.51649856567383
31,2018-04-11T14:00:00,33.49957905034007,39.95600128173828
31,2018-04-11T15:00:00,33.69881425790699,39.29700088500977
31,2018-04-11T16:00:00,32.81993678353209,38.198001861572266
31,2018-04-11T17:00:00,31.37945545551197,35.78099822998047
31,2018-04-11T18:00:00,29.682176720072217,33.583999633789055
31,2018-04-11T19:00:00,27.819156826791733,32.04550170898437
31,2018-04-11T20:00:00,26.13157573291256,30.288000106811523
31,2018-04-11T21:00:00,25.06434709763463,28.96949958801269
31,2018-04-11T22:00:00,24.061016594576813,28.09049987792969
31,2018-04-11T23:00:00,23.178720736332043,27.87100028991699
31,2018-04-12T00:00:00,22.402005695564537,27.21199989318848
31,2018-04-12T01:00:00,21.502162353919307,26.772499084472656
31,2018-04-12T02:00:00,20.806025817622274,26.33300018310547
31,2018-04-12T03:00:00,20.11111457187072,25.89349937438965
31,2018-04-12T04:00:00,19.377331796052992,25.673999786376957
31,2018-04-12T05:00:00,19.00859346367509,25.673999786376957
31,2018-04-12T06:00:00,18.581842841004004,25.454500198364247
31,2018-04-12T07:00:00,18.86051758589685,25.01449966430664
31,2018-04-12T08:00:00,19.935619211826264,25.23450088500977
31,2018-04-12T09:00:00,21.99507923621391,25.454500198364247
31,2018-04-12T10:00:00,24.490967568961146,25.673999786376957
31,2018-04-12T11:00:00,26.618262962112755,23.47649955749512
31,2018-04-12T12:00:00,29.049920709214447,22.37800025939941
31,2018-04-12T13:00:00,30.79240432992944,25.673999786376957
31,2018-04-12T14:00:00,31.75220149717054,26.772499084472656
31,2018-04-12T15:00:00,32.00999270701956,26.772499084472656
31,2018-04-12T16:00:00,31.496821412802532,26.33300018310547
31,2018-04-12T17:00:00,30.106243448999397,25.89349937438965
31,2018-04-12T18:00:00,28.480786957673825,25.89349937438965
31,2018-04-12T19:00:00,26.670748844243505,25.23450088500977
31,2018-04-12T20:00:00,25.184002278536216,24.57550048828125
31,2018-04-12T21:00:00,23.883506831788218,24.135499954223643
31,2018-04-12T22:00:00,23.081465508684957,23.69650077819824
31,2018-04-12T23:00:00,22.18759011312605,23.69650077819824
31,2018-04-13T00:00:00,21.32099792973546,23.256500244140625
31,2018-04-13T01:00:00,20.717963861123238,23.256500244140625
31,2018-04-13T02:00:00,19.99926567199111,23.256500244140625
31,2018-04-13T03:00:00,19.131541021368584,23.03700065612793
31,2018-04-13T04:00:00,18.68916438069408,22.8174991607666
31,2018-04-13T05:00:00,18.130744800030886,22.597999572753903
31,2018-04-13T06:00:00,17.90671402229188,22.37800025939941
31,2018-04-13T07:00:00,18.256470329150932,19.961000442504886
31,2018-04-13T08:00:00,19.59011088294768,18.202999114990234
31,2018-04-13T09:00:00,21.541921293108317,17.323999404907227
31,2018-04-13T10:00:00,23.879369010221613,17.763999938964844
31,2018-04-13T11:00:00,26.37349381404509,20.40049934387207
31,2018-04-13T12:00:00,28.439172772372995,21.7185001373291
31,2018-04-13T13:00:00,30.202120923238343,23.03700065612793
31,2018-04-13T14:00:00,31.363142841475582,23.916000366210927
31,2018-04-13T15:00:00,31.58238363974853,24.355499267578125
31,2018-04-13T16:00:00,31.044149366673604,24.355499267578125
31,2018-04-13T17:00:00,29.75618290061635,24.355499267578125
31,2018-04-13T18:00:00,27.928608513283997,24.355499267578125
31,2018-04-13T19:00:00,26.35302889618065,23.03700065612793
31,2018-04-13T20:00:00,24.857141286693373,21.499000549316406
31,2018-04-13T21:00:00,23.766537597234525,20.620500564575195
31,2018-04-13T22:00:00,22.623921036829913,19.741500854492188
32,2018-04-10T23:00:00,30.949481674416692,31.16699981689453
32,2018-04-11T00:00:00,30.027776617895242,30.727500915527344
32,2018-04-11T01:00:00,28.832244626923945,30.50749969482422
32,2018-04-11T02:00:00,27.776780361387658,30.068500518798828
32,2018-04-11T03:00:00,26.733881925344996,28.96949958801269
32,2018-04-11T04:00:00,25.96365904291486,28.31049919128418
32,2018-04-11T05:00:00,25.17238077687394,27.651500701904297
32,2018-04-11T06:00:00,24.55521179301984,27.21199989318848
32,2018-04-11T07:00:00,24.89220204342788,26.772499084472656
32,2018-04-11T08:00:00,26.121523446996797,28.530500411987305
32,2018-04-11T09:00:00,28.456102034259892,31.16699981689453
32,2018-04-11T10:00:00,31.183477958536315,33.80350112915039
32,2018-04-11T11:00:00,33.793762814809185,36.000999450683594
32,2018-04-11T12:00:00,35.96374073942573,37.97850036621094
32,2018-04-11T13:00:00,37.64631382168223,39.51649856567383
32,2018-04-11T14:00:00,38.93117743471552,39.95600128173828
32,2018-04-11T15:00:00,39.21719297565998,39.29700088500977
32,2018-04-11T16:00:00,38.452146988547064,38.198001861572266
32,2018-04-11T17:00:00,37.04238561596744,35.78099822998047
32,2018-04-11T18:00:00,35.296358448152915,33.583999633789055
32,2018-04-11T19:00:00,33.42214821408056,32.04550170898437
32,2018-04-11T20:00:00,31.74687441966175,30.288000106811523
32,2018-04-11T21:00:00,30.46801969076092,28.96949958801269
32,2018-04-11T22:00:00,29.233385304230573,28.09049987792969
32,2018-04-11T23:00:00,28.334435461100004,27.87100028991699
32,2018-04-12T00:00:00,27.484099445136213,27.21199989318848
32,2018-04-12T01:00:00,26.478397614307973,26.772499084472656
32,2018-04-12T02:00:00,25.492063014346435,26.33300018310547
32,2018-04-12T03:00:00,24.441930745726488,25.89349937438965
32,2018-04-12T04:00:00,23.805510161030178,25.673999786376957
32,2018-04-12T05:00:00,23.01084030900475,25.673999786376957
32,2018-04-12T06:00:00,22.5687717869951,25.454500198364247
32,2018-04-12T07:00:00,22.75760508176749,25.01449966430664
32,2018-04-12T08:00:00,24.169137737552596,25.23450088500977
32,2018-04-12T09:00:00,26.239674753378722,25.454500198364247
32,2018-04-12T10:00:00,28.938711309509713,25.673999786376957
32,2018-04-12T11:00:00,31.38693525846678,23.47649955749512
32,2018-04-12T12:00:00,33.570530043886116,22.37800025939941
32,2018-04-12T13:00:00,35.31590893094205,25.673999786376957
32,2018-04-12T14:00:00,36.592194141754355,26.772499084472656
32,2018-04-12T15:00:00,36.91460463202355,26.772499084472656
32,2018-04-12T16:00:00,36.173128810503684,26.33300018310547
32,2018-04-12T17:00:00,34.80630722908845,25.89349937438965
32,2018-04-12T18:00:00,33.305039516489444,25.89349937438965
32,2018-04-12T19:00:00,31.4523358968039,25.23450088500977
32,2018-04-12T20:00:00,29.813084207599317,24.57550048828125
32,2018-04-12T21:00:00,28.49386552308155,24.135499954223643
32,2018-04-12T22:00:00,27.428188280105534,23.69650077819824
32,2018-04-12T23:00:00,26.51565431520574,23.69650077819824
32,2018-04-13T00:00:00,25.710785073978958,23.256500244140625
32,2018-04-13T01:00:00,24.731216654986785,23.256500244140625
32,2018-04-13T02:00:00,23.85501417973853,23.256500244140625
32,2018-04-13T03:00:00,23.023197099027865,23.03700065612793
32,2018-04-13T04:00:00,22.185495886893598,22.8174991607666
32,2018-04-13T05:00:00,21.59849071683362,22.597999572753903
32,2018-04-13T06:00:00,21.075533176983996,22.37800025939941
32,2018-04-13T07:00:00,21.45305551408205,19.961000442504886
32,2018-04-13T08:00:00,22.828898290011253,18.202999114990234
32,2018-04-13T09:00:00,24.914075047626014,17.323999404907227
32,2018-04-13T10:00:00,27.625595244706393,17.763999938964844
32,2018-04-13T11:00:00,30.027757916392268,20.40049934387207
32,2018-04-13T12:00:00,32.31979473521037,21.7185001373291
32,2018-04-13T13:00:00,34.027319499575356,23.03700065612793
32,2018-04-13T14:00:00,35.186035431269026,23.916000366210927
32,2018-04-13T15:00:00,35.59318950159488,24.355499267578125
32,2018-04-13T16:00:00,35.03506401346931,24.355499267578125
32,2018-04-13T17:00:00,33.74175347890361,24.355499267578125
32,2018-04-13T18:00:00,32.12417735620052,24.355499267578125
32,2018-04-13T19:00:00,30.337928957166152,23.03700065612793
32,2018-04-13T20:00:00,28.80887899237078,21.499000549316406
32,2018-04-13T21:00:00,27.271425953313198,20.620500564575195
32,2018-04-13T22:00:00,26.412415860976,19.741500854492188
32,2018-04-13T23:00:00,25.52513297328262,19.961000442504886
32,2018-04-14T00:00:00,24.539407312503286,19.082000732421875
32,2018-04-14T01:00:00,23.752623222887475,19.082000732421875
32,2018-04-14T02:00:00,22.92509095299545,18.202999114990234
32,2018-04-14T03:00:00,21.883853187610185,17.763999938964844
32,2018-04-14T04:00:00,21.318408683841962,17.763999938964844
32,2018-04-14T05:00:00,20.745117189072726,17.763999938964844
32,2018-04-14T06:00:00,20.46069617932394,16.445499420166016
32,2018-04-14T07:00:00,20.800375569019405,16.445499420166016
32,2018-04-14T08:00:00,22.25518635352576,16.445499420166016
32,2018-04-14T09:00:00,24.33058861096406,16.225500106811527
32,2018-04-14T10:00:00,26.861184310459723,16.445499420166016
32,2018-04-14T11:00:00,29.538272759893438,16.88450050354004
32,2018-04-14T12:00:00,31.56104191788184,17.104499816894528
32,2018-04-14T13:00:00,33.44343519984098,17.544000625610348
32,2018-04-14T14:00:00,34.67453632509843,17.763500213623047
32,2018-04-14T15:00:00,34.96725852149668,20.18099975585937
32,2018-04-14T16:00:00,34.299985132268624,20.18099975585937
32,2018-04-14T17:00:00,33.26689791520704,18.86199951171875
32,2018-04-14T18:00:00,31.567807300616327,18.64249992370605
32,2018-04-14T19:00:00,29.972917241356534,18.64249992370605
32,2018-04-14T20:00:00,28.40168888242416,18.862499237060547
32,2018-04-14T21:00:00,27.103387019344837,18.862499237060547
32,2018-04-14T22:00:00,26.081000825091824,18.862499237060547
33,2018-04-11T23:00:00,27.37104247377789,27.87100028991699
33,2018-04-12T00:00:00,26.872128110706292,27.21199989318848
33,2018-04-12T01:00:00,26.23965171860067,26.772499084472656
33,2018-04-12T02:00:00,25.592341385562726,26.33300018310547
33,2018-04-12T03:00:00,25.01055268046346,25.89349937438965
33,2018-04-12T04:00:00,24.467768240488056,25.673999786376957
33,2018-04-12T05:00:00,23.894613129850264,25.673999786376957
33,2018-04-12T06:00:00,23.397394673804477,25.454500198364247
33,2018-04-12T07:00:00,23.735585925610838,25.01449966430664
33,2018-04-12T08:00:00,25.13023477328396,25.23450088500977
33,2018-04-12T09:00:00,27.31073548626305,25.454500198364247
33,2018-04-12T10:00:00,30.062446467604165,25.673999786376957
33,2018-04-12T11:00:00,32.54044681275654,23.47649955749512
33,2018-04-12T12:00:00,34.50527517949057,22.37800025939941
33,2018-04-12T13:00:00,36.10004926662521,25.673999786376957
33,2018-04-12T14:00:00,36.98957941358148,26.772499084472656
33,2018-04-12T15:00:00,37.07548602186274,26.772499084472656
33,2018-04-12T16:00:00,36.042881508838285,26.33300018310547
33,2018-04-12T17:00:00,34.34041116775275,25.89349937438965
33,2018-04-12T18:00:00,32.58441621288652,25.89349937438965
33,2018-04-12T19:00:00,30.719918444736848,25.23450088500977
33,2018-04-12T20:00:00,29.19280589361535,24.57550048828125
33,2018-04-12T21:00:00,28.015535949947115,24.135499954223643
33,2018-04-12T22:00:00,27.027491987000307,23.69650077819824
33,2018-04-12T23:00:00,26.399941274290857,23.69650077819824
33,2018-04-13T00:00:00,25.641070888367413,23.256500244140625
33,2018-04-13T01:00:00,24.95256604772008,23.256500244140625
33,2018-04-13T02:00:00,24.20566713243835,23.256500244140625
33,2018-04-13T03:00:00,23.43399796243369,23.03700065612793
33,2018-04-13T04:00:00,22.791478977264457,22.8174991607666
33,2018-04-13T05:00:00,22.131709109970593,22.597999572753903
33,2018-04-13T06:00:00,22.009066592035982,22.37800025939941
33,2018-04-13T07:00:00,22.300193116903028,19.961000442504886
33,2018-04-13T08:00:00,23.61257245652272,18.202999114990234
33,2018-04-13T09:00:00,25.934139860805576,17.323999404907227
33,2018-04-13T10:00:00,28.569410654866772,17.763999938964844
33,2018-04-13T11:00:00,30.993376496601872,20.40049934387207
33,2018-04-13T12:00:00,33.26115826429727,21.7185001373291
33,2018-04-13T13:00:00,34.89544326763941,23.03700065612793
33,2018-04-13T14:00:00,35.93437595874954,23.916000366210927
33,2018-04-13T15:00:00,36.21865442655493,24.355499267578125
33,2018-04-13T16:00:00,35.26635268486564,24.355499267578125
33,2018-04-13T17:00:00,33.75727834914399,24.355499267578125
33,2018-04-13T18:00:00,32.081307809705834,24.355499267578125
33,2018-04-13T19:00:00,30.19767708122429,23.03700065612793
33,2018-04-13T20:00:00,28.697255668651643,21.499000549316406
33,2018-04-13T21:00:00,27.4258862277196,20.620500564575195
33,2018-04-13T22:00:00,26.348464132985168,19.741500854492188
33,2018-04-13T23:00:00,25.685287969378237,19.961000442504886
33,2018-04-14T00:00:00,25.096929106990164,19.082000732421875
33,2018-04-14T01:00:00,24.272810317525156,19.082000732421875
33,2018-04-14T02:00:00,23.571065154872727,18.202999114990234
33,2018-04-14T03:00:00,22.894769772895813,17.763999938964844
33,2018-04-14T04:00:00,22.09417850047439,17.763999938964844
33,2018-04-14T05:00:00,21.62144669770094,17.763999938964844
33,2018-04-14T06:00:00,21.24922304375655,16.445499420166016
33,2018-04-14T07:00:00,21.555868737186234,16.445499420166016
33,2018-04-14T08:00:00,23.071537747410954,16.445499420166016
33,2018-04-14T09:00:00,25.29958201422563,16.225500106811527
33,2018-04-14T10:00:00,27.93658744110782,16.445499420166016
33,2018-04-14T11:00:00,30.448895465399332,16.88450050354004
33,2018-04-14T12:00:00,32.78220878195266,17.104499816894528
33,2018-04-14T13:00:00,34.41717490771715,17.544000625610348
33,2018-04-14T14:00:00,35.467313562216155,17.763500213623047
33,2018-04-14T15:00:00,35.51890964051942,20.18099975585937
33,2018-04-14T16:00:00,34.77768264021595,20.18099975585937
33,2018-04-14T17:00:00,33.29205234897583,18.86199951171875
33,2018-04-14T18:00:00,31.679271109181645,18.64249992370605
33,2018-04-14T19:00:00,30.008718360945064,18.64249992370605
33,2018-04-14T20:00:00,28.3193960773155,18.862499237060547
33,2018-04-14T21:00:00,27.106894691488055,18.862499237060547
33,2018-04-14T22:00:00,26.13669755002285,18.862499237060547
33,2018-04-14T23:00:00,25.44637147947307,18.42250061035156
33,2018-04-15T00:00:00,24.570643383812452,18.42250061035156
33,2018-04-15T01:00:00,24.094479513142566,17.98349952697754
33,2018-04-15T02:00:00,23.38551636857697,17.763999938964844
33,2018-04-15T03:00:00,22.646760475404307,17.323999404907227
33,2018-04-15T04:00:00,22.012227602172846,17.104499816894528
33,2018-04-15T05:00:00,21.54582466168641,16.444999694824222
33,2018-04-15T06:00:00,21.31551223155205,15.786499977111816
33,2018-04-15T07:00:00,21.806141030571176,15.566499710083008
33,2018-04-15T08:00:00,23.105821365470035,17.544000625610348
33,2018-04-15T09:00:00,25.275437233550345,20.40049934387207
33,2018-04-15T10:00:00,27.842920393293586,24.135499954223643
33,2018-04-15T11:00:00,30.401600732780143,27.87150001525879
33,2018-04-15T12:00:00,32.538583732539514,30.507999420166016
33,2018-04-15T13:00:00,34.1891670957237,32.48550033569336
33,2018-04-15T14:00:00,35.09863578165581,35.12200164794922
33,2018-04-15T15:00:00,35.31318968679617,36.000999450683594
33,2018-04-15T16:00:00,34.57202015940429,34.462501525878906
33,2018-04-15T17:00:00,32.96433599143902,32.04600143432617
33,2018-04-15T18:00:00,31.247539614873897,30.06800079345703
33,2018-04-15T19:00:00,29.855479032405697,27.87100028991699
33,2018-04-15T20:00:00,28.185786199801914,25.01449966430664
33,2018-04-15T21:00:00,26.833770415837694,22.8174991607666
33,2018-04-15T22:00:00,25.918034901872335,21.059499740600582
34,2018-04-12T23:00:00,23.390779815362222,23.69650077819824
34,2018-04-13T00:00:00,23.03497220388835,23.256500244140625
34,2018-04-13T01:00:00,22.689947833416,23.256500244140625
34,2018-04-13T02:00:00,22.332051811420968,23.256500244140625
34,2018-04-13T03:00:00,21.991962699163388,23.03700065612793
34,2018-04-13T04:00:00,21.597991135830387,22.8174991607666
34,2018-04-13T05:00:00,21.143904275388035,22.597999572753903
34,2018-04-13T06:00:00,20.449177649961573,22.37800025939941
34,2018-04-13T07:00:00,20.48066915643331,19.961000442504886
34,2018-04-13T08:00:00,21.029527479667372,18.202999114990234
34,2018-04-13T09:00:00,22.39026023942828,17.323999404907227
34,2018-04-13T10:00:00,23.830183031097377,17.763999938964844
34,2018-04-13T11:00:00,25.2568551237079,20.40049934387207
34,2018-04-13T12:00:00,26.564097023620302,21.7185001373291
34,2018-04-13T13:00:00,27.956993175557365,23.03700065612793
34,2018-04-13T14:00:00,29.077915570587713,23.916000366210927
34,2018-04-13T15:00:00,29.75409859530316,24.355499267578125
34,2018-04-13T16:00:00,29.549601765487857,24.355499267578125
34,2018-04-13T17:00:00,28.70002633622902,24.355499267578125
34,2018-04-13T18:00:00,27.87996761455133,24.355499267578125
34,2018-04-13T19:00:00,26.971549633792414,23.03700065612793
34,2018-04-13T20:00:00,26.022413691649284,21.499000549316406
34,2018-04-13T21:00:00,25.1149627154344,20.620500564575195
34,2018-04-13T22:00:00,24.387739833885554,19.741500854492188
34,2018-04-13T23:00:00,24.00296975211654,19.961000442504886
34,2018-04-14T00:00:00,23.5089576915624,19.082000732421875
34,2018-04-14T01:00:00,23.18173829225707,19.082000732421875
34,2018-04-14T02:00:00,22.413755256908765,18.202999114990234
34,2018-04-14T03:00:00,21.916853358010883,17.763999938964844
34,2018-04-14T04:00:00,21.619764474701697,17.763999938964844
34,2018-04-14T05:00:00,21.16636546466142,17.763999938964844
34,2018-04-14T06:00:00,20.973899060835624,16.445499420166016
34,2018-04-14T07:00:00,21.070287063299055,16.445499420166016
34,2018-04-14T08:00:00,22.214200413287955,16.445499420166016
34,2018-04-14T09:00:00,23.894399088868052,16.225500106811527
34,2018-04-14T10:00:00,25.712071600543318,16.445499420166016
34,2018-04-14T11:00:00,27.33327284995099,16.88450050354004
34,2018-04-14T12:00:00,28.937081655979195,17.104499816894528
34,2018-04-14T13:00:00,30.61855926348891,17.544000625610348
34,2018-04-14T14:00:00,31.67106274584572,17.763500213623047
34,2018-04-14T15:00:00,32.09099131110563,20.18099975585937
34,2018-04-14T16:00:00,31.601061195676277,20.18099975585937
34,2018-04-14T17:00:00,30.724404410746015,18.86199951171875
34,2018-04-14T18:00:00,29.834487233905023,18.64249992370605
34,2018-04-14T19:00:00,28.673441334411226,18.64249992370605
34,2018-04-14T20:00:00,27.64864359275304,18.862499237060547
34,2018-04-14T21:00:00,26.582682554469386,18.862499237060547
34,2018-04-14T22:00:00,25.6112744906866,18.862499237060547
34,2018-04-14T23:00:00,25.02776251050839,18.42250061035156
34,2018-04-15T00:00:00,24.500579799389243,18.42250061035156
34,2018-04-15T01:00:00,23.952789742495806,17.98349952697754
34,2018-04-15T02:00:00,23.500996096838893,17.763999938964844
34,2018-04-15T03:00:00,22.900125130726174,17.323999404907227
34,2018-04-15T04:00:00,22.53060019488781,17.104499816894528
34,2018-04-15T05:00:00,22.227915228914245,16.444999694824222
34,2018-04-15T06:00:00,21.839560274285475,15.786499977111816
34,2018-04-15T07:00:00,22.22440755677103,15.566499710083008
34,2018-04-15T08:00:00,23.58160367986582,17.544000625610348
34,2018-04-15T09:00:00,24.96949832009282,20.40049934387207
34,2018-04-15T10:00:00,26.823922249984886,24.135499954223643
34,2018-04-15T11:00:00,28.57203335820522,27.87150001525879
34,2018-04-15T12:00:00,30.246257952693753,30.507999420166016
34,2018-04-15T13:00:00,31.56642966124174,32.48550033569336
34,2018-04-15T14:00:00,32.667461035078496,35.12200164794922
34,2018-04-15T15:00:00,32.843988740893835,36.000999450683594
34,2018-04-15T16:00:00,32.358562380708186,34.462501525878906
34,2018-04-15T17:00:00,31.494897666734392,32.04600143432617
34,2018-04-15T18:00:00,30.281899368288894,30.06800079345703
34,2018-04-15T19:00:00,29.13503356413136,27.87100028991699
34,2018-04-15T20:00:00,27.89692714094365,25.01449966430664
34,2018-04-15T21:00:00,27.000168977121394,22.8174991607666
34,2018-04-15T22:00:00,26.27272521257705,21.059499740600582
34,2018-04-15T23:00:00,25.771938304503383,19.741500854492188
34,2018-04-16T00:00:00,24.96498475796341,18.862499237060547
34,2018-04-16T01:00:00,24.51426336982154,17.98349952697754
34,2018-04-16T02:00:00,23.816971673615182,17.104499816894528
34,2018-04-16T03:00:00,23.410046810734322,16.665000915527347
34,2018-04-16T04:00:00,22.97404590013782,16.006000518798828
34,2018-04-16T05:00:00,22.76518318164647,15.566499710083008
34,2018-04-16T06:00:00,22.41770811604961,15.346500396728516
34,2018-04-16T07:00:00,22.834712176765148,15.786499977111816
34,2018-04-16T08:00:00,23.648963984840815,17.544000625610348
34,2018-04-16T09:00:00,25.075194881628125,19.961000442504886
34,2018-04-16T10:00:00,27.025005143238953,22.37800025939941
34,2018-04-16T11:00:00,28.7154744789921,24.57550048828125
34,2018-04-16T12:00:00,30.10827842339681,26.772499084472656
34,2018-04-16T13:00:00,31.59035891849861,27.43149948120117
34,2018-04-16T14:00:00,32.424118332746836,27.43149948120117
34,2018-04-16T15:00:00,32.834803109993956,29.18950080871582
34,2018-04-16T16:00:00,32.245900193516306,29.84900093078613
34,2018-04-16T17:00:00,31.273012202260354,29.40950012207031
34,2018-04-16T18:00:00,30.197082122555887,28.090999603271484
34,2018-04-16T19:00:00,29.070856790920285,26.11350059509277
34,2018-04-16T20:00:00,28.00857299267572,23.69650077819824
34,2018-04-16T21:00:00,26.87940436376593,21.938499450683597
34,2018-04-16T22:00:00,26.285906807301465,20.40049934387207
35,2018-04-13T23:00:00,19.602696310248014,19.961000442504886
35,2018-04-14T00:00:00,19.515810723899477,19.082000732421875
35,2018-04-14T01:00:00,19.460103051747197,19.082000732421875
35,2018-04-14T02:00:00,19.41158519522007,18.202999114990234
35,2018-04-14T03:00:00,19.136150827818177,17.763999938964844
35,2018-04-14T04:00:00,19.10346539002851,17.763999938964844
35,2018-04-14T05:00:00,18.753070381229467,17.763999938964844
35,2018-04-14T06:00:00,18.39024206589209,16.445499420166016
35,2018-04-14T07:00:00,17.969004851558203,16.445499420166016
35,2018-04-14T08:00:00,18.46764507796425,16.445499420166016
35,2018-04-14T09:00:00,19.327027603891167,16.225500106811527
35,2018-04-14T10:00:00,20.71680254340196,16.445499420166016
35,2018-04-14T11:00:00,22.29225638149445,16.88450050354004
35,2018-04-14T12:00:00,23.907562210156602,17.104499816894528
35,2018-04-14T13:00:00,25.544900119825723,17.544000625610348
35,2018-04-14T14:00:00,26.924295497118706,17.763500213623047
35,2018-04-14T15:00:00,27.20429166284366,20.18099975585937
35,2018-04-14T16:00:00,27.10095559589108,20.18099975585937
35,2018-04-14T17:00:00,26.692509411356685,18.86199951171875
35,2018-04-14T18:00:00,25.943433709548888,18.64249992370605
35,2018-04-14T19:00:00,25.080458898581153,18.64249992370605
35,2018-04-14T20:00:00,23.84590540745453,18.862499237060547
35,2018-04-14T21:00:00,22.812038428945762,18.862499237060547
35,2018-04-14T22:00:00,22.283632023750904,18.862499237060547
35,2018-04-14T23:00:00,21.92897580907905,18.42250061035156
35,2018-04-15T00:00:00,21.562303650679137,18.42250061035156
35,2018-04-15T01:00:00,21.497913463670404,17.98349952697754
35,2018-04-15T02:00:00,21.190764654197288,17.763999938964844
35,2018-04-15T03:00:00,21.084649019348387,17.323999404907227
35,2018-04-15T04:00:00,20.824306992913808,17.104499816894528
35,2018-04-15T05:00:00,20.958294709207607,16.444999694824222
35,2018-04-15T06:00:00,20.54913034134558,15.786499977111816
35,2018-04-15T07:00:00,20.809902844449233,15.566499710083008
35,2018-04-15T08:00:00,20.995329956942108,17.544000625610348
35,2018-04-15T09:00:00,22.064066800014775,20.40049934387207
35,2018-04-15T10:00:00,23.592128748899455,24.135499954223643
35,2018-04-15T11:00:00,25.103735427770793,27.87150001525879
35,2018-04-15T12:00:00,26.71394760561067,30.507999420166016
35,2018-04-15T13:00:00,28.162974083667226,32.48550033569336
35,2018-04-15T14:00:00,29.060947366241876,35.12200164794922
35,2018-04-15T15:00:00,29.781112642668912,36.000999450683594
35,2018-04-15T16:00:00,29.30146147765204,34.462501525878906
35,2018-04-15T17:00:00,28.825281512628344,32.04600143432617
35,2018-04-15T18:00:00,27.670650244277308,30.06800079345703
35,2018-04-15T19:00:00,26.65511746666302,27.87100028991699
35,2018-04-15T20:00:00,25.49429579134787,25.01449966430664
35,2018-04-15T21:00:00,24.78901604463331,22.8174991607666
35,2018-04-15T22:00:00,23.858102094366817,21.059499740600582
35,2018-04-15T23:00:00,23.462258100065302,19.741500854492188
35,2018-04-16T00:00:00,23.48249301224987,18.862499237060547
35,2018-04-16T01:00:00,23.05985500972979,17.98349952697754
35,2018-04-16T02:00:00,22.939136123829766,17.104499816894528
35,2018-04-16T03:00:00,22.86899317205247,16.665000915527347
35,2018-04-16T04:00:00,22.554527057440023,16.006000518798828
35,2018-04-16T05:00:00,22.280342155697205,15.566499710083008
35,2018-04-16T06:00:00,21.897201955525823,15.346500396728516
35,2018-04-16T07:00:00,21.840485884649144,15.786499977111816
35,2018-04-16T08:00:00,22.482377001066084,17.544000625610348
35,2018-04-16T09:00:00,23.347053534770918,19.961000442504886
35,2018-04-16T10:00:00,24.658088076679785,22.37800025939941
35,2018-04-16T11:00:00,26.05617400972575,24.57550048828125
35,2018-04-16T12:00:00,27.38591701065569,26.772499084472656
35,2018-04-16T13:00:00,28.86392851484451,27.43149948120117
35,2018-04-16T14:00:00,29.700064023465746,27.43149948120117
35,2018-04-16T15:00:00,30.21657558856766,29.18950080871582
35,2018-04-16T16:00:00,29.95105928958762,29.84900093078613
35,2018-04-16T17:00:00,29.40056207610511,29.40950012207031
35,2018-04-16T18:00:00,28.63049374335169,28.090999603271484
35,2018-04-16T19:00:00,27.316963542887688,26.11350059509277
35,2018-04-16T20:00:00,26.386584181925727,23.69650077819824
35,2018-04-16T21:00:00,25.485470164380242,21.938499450683597
35,2018-04-16T22:00:00,25.008235746698638,20.40049934387207
35,2018-04-16T23:00:00,24.56901099347662,19.961000442504886
35,2018-04-17T00:00:00,24.432481013113872,19.521499633789062
35,2018-04-17T01:00:00,24.15738851830903,19.521499633789062
35,2018-04-17T02:00:00,23.73116393242587,18.862499237060547
35,2018-04-17T03:00:00,23.616926599742627,18.202999114990234
35,2018-04-17T04:00:00,23.438641408781926,17.98349952697754
35,2018-04-17T05:00:00,23.132359824492468,17.763500213623047
35,2018-04-17T06:00:00,22.86058821486821,17.544000625610348
35,2018-04-17T07:00:00,22.834938647404826,17.544000625610348
35,2018-04-17T08:00:00,23.32163203441698,19.302000045776367
35,2018-04-17T09:00:00,24.01313014184218,21.938499450683597
35,2018-04-17T10:00:00,25.315181006276575,25.01449966430664
35,2018-04-17T11:00:00,26.393941626876323,28.96949958801269
35,2018-04-17T12:00:00,28.292025013696627,31.386999130249023
35,2018-04-17T13:00:00,29.47079933363216,33.363998413085945
35,2018-04-17T14:00:00,30.44199711954004,36.44049835205078
35,2018-04-17T15:00:00,30.58768490661532,37.75899887084961
35,2018-04-17T16:00:00,30.380356167502075,36.22050094604492
35,2018-04-17T17:00:00,29.561340721711495,34.463001251220696
35,2018-04-17T18:00:00,28.832238849984062,32.265499114990234
35,2018-04-17T19:00:00,27.88739769887628,30.068500518798828
35,2018-04-17T20:00:00,26.850547830643126,28.09049987792969
35,2018-04-17T21:00:00,26.019659781302774,26.33300018310547
35,2018-04-17T22:00:00,25.227303784136186,25.23450088500977
36,2018-04-14T23:00:00,19.14446341782312,18.42250061035156
36,2018-04-15T00:00:00,19.30775194196891,18.42250061035156
36,2018-04-15T01:00:00,19.40316723821057,17.98349952697754
36,2018-04-15T02:00:00,19.12097752302701,17.763999938964844
36,2018-04-15T03:00:00,18.9678578270899,17.323999404907227
36,2018-04-15T04:00:00,19.07013486441979,17.104499816894528
36,2018-04-15T05:00:00,18.75479753344927,16.444999694824222
36,2018-04-15T06:00:00,18.35660148304808,15.786499977111816
36,2018-04-15T07:00:00,18.2262410600964,15.566499710083008
36,2018-04-15T08:00:00,17.934815311181765,17.544000625610348
36,2018-04-15T09:00:00,18.59973014439753,20.40049934387207
36,2018-04-15T10:00:00,19.1725863730884,24.135499954223643
36,2018-04-15T11:00:00,19.953622031210728,27.87150001525879
36,2018-04-15T12:00:00,21.213180800216563,30.507999420166016
36,2018-04-15T13:00:00,21.94923466831011,32.48550033569336
36,2018-04-15T14:00:00,22.99296098796005,35.12200164794922
36,2018-04-15T15:00:00,23.20985782651571,36.000999450683594
36,2018-04-15T16:00:00,23.509773031478655,34.462501525878906
36,2018-04-15T17:00:00,23.15488715322759,32.04600143432617
36,2018-04-15T18:00:00,22.719134151579055,30.06800079345703
36,2018-04-15T19:00:00,22.296447684798217,27.87100028991699
36,2018-04-15T20:00:00,21.49040047695117,25.01449966430664
36,2018-04-15T21:00:00,21.266576213979764,22.8174991607666
36,2018-04-15T22:00:00,21.15481226909842,21.059499740600582
36,2018-04-15T23:00:00,21.200204922024867,19.741500854492188
36,2018-04-16T00:00:00,21.207196319264806,18.862499237060547
36,2018-04-16T01:00:00,21.24329740411903,17.98349952697754
36,2018-04-16T02:00:00,21.3249120174677,17.104499816894528
36,2018-04-16T03:00:00,21.022788096583366,16.665000915527347
36,2018-04-16T04:00:00,21.043150270215,16.006000518798828
36,2018-04-16T05:00:00,20.67562742149687,15.566499710083008
36,2018-04-16T06:00:00,20.114582674370446,15.346500396728516
36,2018-04-16T07:00:00,19.79069887057426,15.786499977111816
36,2018-04-16T08:00:00,20.065853855767088,17.544000625610348
36,2018-04-16T09:00:00,20.59029269149254,19.961000442504886
36,2018-04-16T10:00:00,21.20557658665355,22.37800025939941
36,2018-04-16T11:00:00,21.90989160949517,24.57550048828125
36,2018-04-16T12:00:00,22.91494037015552,26.772499084472656
36,2018-04-16T13:00:00,23.894844617966346,27.43149948120117
36,2018-04-16T14:00:00,24.952741317293686,27.43149948120117
36,2018-04-16T15:00:00,25.286245333866795,29.18950080871582
36,2018-04-16T16:00:00,25.40532384708216,29.84900093078613
36,2018-04-16T17:00:00,25.138837692719218,29.40950012207031
36,2018-04-16T18:00:00,24.613826180481958,28.090999603271484
36,2018-04-16T19:00:00,23.878927244230624,26.11350059509277
36,2018-04-16T20:00:00,23.427900588262762,23.69650077819824
36,2018-04-16T21:00:00,22.99313853820475,21.938499450683597
36,2018-04-16T22:00:00,22.788458570500566,20.40049934387207
36,2018-04-16T23:00:00,22.628633701545866,19.961000442504886
36,2018-04-17T00:00:00,22.844885110181806,19.521499633789062
36,2018-04-17T01:00:00,22.725434505477388,19.521499633789062
36,2018-04-17T02:00:00,22.363009982957276,18.862499237060547
36,2018-04-17T03:00:00,22.342065097861017,18.202999114990234
36,2018-04-17T04:00:00,22.228890215807112,17.98349952697754
36,2018-04-17T05:00:00,21.832574578723268,17.763500213623047
36,2018-04-17T06:00:00,21.722666758012117,17.544000625610348
36,2018-04-17T07:00:00,21.255021535980553,17.544000625610348
36,2018-04-17T08:00:00,21.34608200480098,19.302000045776367
36,2018-04-17T09:00:00,21.97913780139814,21.938499450683597
36,2018-04-17T10:00:00,22.73334957451057,25.01449966430664
36,2018-04-17T11:00:00,23.73581308045184,28.96949958801269
36,2018-04-17T12:00:00,24.486312149089663,31.386999130249023
36,2018-04-17T13:00:00,25.504947665694353,33.363998413085945
36,2018-04-17T14:00:00,26.321800579153205,36.44049835205078
36,2018-04-17T15:00:00,26.741331509407804,37.75899887084961
36,2018-04-17T16:00:00,26.63151001209758,36.22050094604492
36,2018-04-17T17:00:00,26.188638579829142,34.463001251220696
36,2018-04-17T18:00:00,25.67102225764909,32.265499114990234
36,2018-04-17T19:00:00,25.144885234226734,30.068500518798828
36,2018-04-17T20:00:00,24.630460825276874,28.09049987792969
36,2018-04-17T21:00:00,23.96629690301895,26.33300018310547
36,2018-04-17T22:00:00,23.73347459434518,25.23450088500977
36,2018-04-17T23:00:00,23.672274724096873,24.795000076293945
36,2018-04-18T00:00:00,23.731869572062482,24.355499267578125
36,2018-04-18T01:00:00,23.378971526737313,23.916000366210927
36,2018-04-18T02:00:00,23.28534758360676,23.47649955749512
36,2018-04-18T03:00:00,23.066510007983304,23.03700065612793
36,2018-04-18T04:00:00,22.948793169444865,22.37800025939941
36,2018-04-18T05:00:00,22.519264119213,21.499000549316406
36,2018-04-18T06:00:00,22.073726582435185,21.059499740600582
36,2018-04-18T07:00:00,21.912356558814018,21.27949905395508
36,2018-04-18T08:00:00,21.891819001575218,22.816999435424805
36,2018-04-18T09:00:00,22.474234549124787,25.454500198364247
36,2018-04-18T10:00:00,23.093246999424508,28.96949958801269
36,2018-04-18T11:00:00,23.726558687318462,32.705001831054695
36,2018-04-18T12:00:00,24.56272854284638,34.463001251220696
36,2018-04-18T13:00:00,25.678861836469046,36.22050094604492
36,2018-04-18T14:00:00,26.672003327378988,38.41799926757813
36,2018-04-18T15:00:00,26.875017835016475,39.516998291015625
36,2018-04-18T16:00:00,26.69163922130061,38.85749816894531
36,2018-04-18T17:00:00,26.46276087715042,37.31900024414063
36,2018-04-18T18:00:00,26.045406277287668,35.561500549316406
36,2018-04-18T19:00:00,25.142932409602135,33.583999633789055
36,2018-04-18T20:00:00,24.63832571954598,31.38649940490723
36,2018-04-18T21:00:00,23.81514941741074,29.40950012207031
36,2018-04-18T22:00:00,23.715571896421764,28.530500411987305
37,2018-04-15T23:00:00,20.16020339440633,19.741500854492188
37,2018-04-16T00:00:00,19.660875773732425,18.862499237060547
37,2018-04-16T01:00:00,19.15508222243873,17.98349952697754
37,2018-04-16T02:00:00,19.275807266150707,17.104499816894528
37,2018-04-16T03:00:00,19.269177811413453,16.665000915527347
37,2018-04-16T04:00:00,19.31064041190999,16.006000518798828
37,2018-04-16T05:00:00,19.31064839425882,15.566499710083008
37,2018-04-16T06:00:00,19.667936047239415,15.346500396728516
37,2018-04-16T07:00:00,19.832591377572097,15.786499977111816
37,2018-04-16T08:00:00,21.005079369736528,17.544000625610348
37,2018-04-16T09:00:00,22.4738217476567,19.961000442504886
37,2018-04-16T10:00:00,24.40600493044587,22.37800025939941
37,2018-04-16T11:00:00,26.364659520527304,24.57550048828125
37,2018-04-16T12:00:00,27.563176469791678,26.772499084472656
37,2018-04-16T13:00:00,29.256618055938556,27.43149948120117
37,2018-04-16T14:00:00,30.472802486113025,27.43149948120117
37,2018-04-16T15:00:00,31.062255158357978,29.18950080871582
37,2018-04-16T16:00:00,30.471861481219467,29.84900093078613
37,2018-04-16T17:00:00,29.448620947574483,29.40950012207031
37,2018-04-16T18:00:00,27.979416847791246,28.090999603271484
37,2018-04-16T19:00:00,26.39805801013464,26.11350059509277
37,2018-04-16T20:00:00,25.149851053434165,23.69650077819824
37,2018-04-16T21:00:00,24.004334505699443,21.938499450683597
37,2018-04-16T22:00:00,22.870155630109295,20.40049934387207
37,2018-04-16T23:00:00,22.544957703628505,19.961000442504886
37,2018-04-17T00:00:00,22.153246057282967,19.521499633789062
37,2018-04-17T01:00:00,21.82248899500953,19.521499633789062
37,2018-04-17T02:00:00,21.62101576489765,18.862499237060547
37,2018-04-17T03:00:00,21.392572344725167,18.202999114990234
37,2018-04-17T04:00:00,21.564155555607805,17.98349952697754
37,2018-04-17T05:00:00,21.205440202522105,17.763500213623047
37,2018-04-17T06:00:00,21.205605551176447,17.544000625610348
37,2018-04-17T07:00:00,21.16526732152946,17.544000625610348
37,2018-04-17T08:00:00,21.485048654161005,19.302000045776367
37,2018-04-17T09:00:00,22.110633200319956,21.938499450683597
37,2018-04-17T10:00:00,23.527489854707873,25.01449966430664
37,2018-04-17T11:00:00,24.734620556595203,28.96949958801269
37,2018-04-17T12:00:00,26.269597044103946,31.386999130249023
37,2018-04-17T13:00:00,27.54168952619305,33.363998413085945
37,2018-04-17T14:00:00,28.668839647150726,36.44049835205078
37,2018-04-17T15:00:00,29.16386410900704,37.75899887084961
37,2018-04-17T16:00:00,29.161133769396287,36.22050094604492
37,2018-04-17T17:00:00,28.06198204485207,34.463001251220696
37,2018-04-17T18:00:00,27.398801091835836,32.265499114990234
37,2018-04-17T19:00:00,26.113149278872307,30.068500518798828
37,2018-04-17T20:00:00,24.981288933516748,28.09049987792969
37,2018-04-17T21:00:00,23.883208063874847,26.33300018310547
37,2018-04-17T22:00:00,23.326339567622966,25.23450088500977
37,2018-04-17T23:00:00,23.32141856360254,24.795000076293945
37,2018-04-18T00:00:00,22.58921731915524,24.355499267578125
37,2018-04-18T01:00:00,22.08366620319888,23.916000366210927
37,2018-04-18T02:00:00,22.243198462052167,23.47649955749512
37,2018-04-18T03:00:00,22.036324032620932,23.03700065612793
37,2018-04-18T04:00:00,21.850879701061295,22.37800025939941
37,2018-04-18T05:00:00,21.608104087597262,21.499000549316406
37,2018-04-18T06:00:00,21.344287458750337,21.059499740600582
37,2018-04-18T07:00:00,21.271569971408105,21.27949905395508
37,2018-04-18T08:00:00,21.617982244274963,22.816999435424805
37,2018-04-18T09:00:00,22.316888769649722,25.454500198364247
37,2018-04-18T10:00:00,22.926595397682885,28.96949958801269
37,2018-04-18T11:00:00,24.09634932133933,32.705001831054695
37,2018-04-18T12:00:00,25.486226777015816,34.463001251220696
37,2018-04-18T13:00:00,26.792627793495704,36.22050094604492
37,2018-04-18T14:00:00,27.99157932463712,38.41799926757813
37,2018-04-18T15:00:00,28.283073117373856,39.516998291015625
37,2018-04-18T16:00:00,28.489629427397485,38.85749816894531
37,2018-04-18T17:00:00,27.44823446675704,37.31900024414063
37,2018-04-18T18:00:00,27.208636569345636,35.561500549316406
37,2018-04-18T19:00:00,26.136957888628277,33.583999633789055
37,2018-04-18T20:00:00,24.83944008606115,31.38649940490723
37,2018-04-18T21:00:00,23.91394580854988,29.40950012207031
37,2018-04-18T22:00:00,23.397729590354693,28.530500411987305
37,2018-04-18T23:00:00,23.03317845607259,28.31049919128418
37,2018-04-19T00:00:00,22.57722885751387,27.87100028991699
37,2018-04-19T01:00:00,22.455557677398374,27.43149948120117
37,2018-04-19T02:00:00,21.909058708411486,26.552499771118164
37,2018-04-19T03:00:00,21.77399326099202,25.454500198364247
37,2018-04-19T04:00:00,21.552577728796987,24.57550048828125
37,2018-04-19T05:00:00,21.465180131787754,23.69650077819824
37,2018-04-19T06:00:00,21.36833143376325,22.8174991607666
37,2018-04-19T07:00:00,21.062342915709422,23.256500244140625
37,2018-04-19T08:00:00,21.405573652399564,25.45400047302246
37,2018-04-19T09:00:00,22.13796704338657,28.09049987792969
37,2018-04-19T10:00:00,23.182190549335093,31.82600021362305
37,2018-04-19T11:00:00,24.631000660124926,36.44049835205078
37,2018-04-19T12:00:00,26.040949275801403,38.63750076293945
37,2018-04-19T13:00:00,27.280982763433695,40.17549896240234
37,2018-04-19T14:00:00,28.182654256818147,42.8125
37,2018-04-19T15:00:00,28.92168575768921,43.9109992980957
37,2018-04-19T16:00:00,28.604776884687663,42.37300109863281
37,2018-04-19T17:00:00,28.062887927410774,40.834999084472656
37,2018-04-19T18:00:00,27.16953013015674,39.29700088500977
37,2018-04-19T19:00:00,26.111214243482248,37.0994987487793
37,2018-04-19T20:00:00,25.045462798872176,35.34149932861328
37,2018-04-19T21:00:00,24.237651491933594,33.80350112915039
37,2018-04-19T22:00:00,23.51352496349608,32.92449951171875
38,2018-04-16T23:00:00,19.423289599276632,19.961000442504886
38,2018-04-17T00:00:00,18.818566921786104,19.521499633789062
38,2018-04-17T01:00:00,18.38705186316522,19.521499633789062
38,2018-04-17T02:00:00,17.904548525087733,18.862499237060547
38,2018-04-17T03:00:00,17.670532969297362,18.202999114990234
38,2018-04-17T04:00:00,17.28973433413862,17.98349952697754
38,2018-04-17T05:00:00,17.429437982362806,17.763500213623047
38,2018-04-17T06:00:00,17.191402059567192,17.544000625610348
38,2018-04-17T07:00:00,17.229226989668135,17.544000625610348
38,2018-04-17T08:00:00,17.697949030556927,19.302000045776367
38,2018-04-17T09:00:00,18.96833722415395,21.938499450683597
38,2018-04-17T10:00:00,20.580542024329016,25.01449966430664
38,2018-04-17T11:00:00,22.407314413671017,28.96949958801269
38,2018-04-17T12:00:00,24.256384810269594,31.386999130249023
38,2018-04-17T13:00:00,25.54387039682659,33.363998413085945
38,2018-04-17T14:00:00,26.67439586539059,36.44049835205078
38,2018-04-17T15:00:00,27.52563685164465,37.75899887084961
38,2018-04-17T16:00:00,27.395822991520745,36.22050094604492
38,2018-04-17T17:00:00,26.472438676872475,34.463001251220696
38,2018-04-17T18:00:00,25.710555296366195,32.265499114990234
38,2018-04-17T19:00:00,24.35318299142936,30.068500518798828
38,2018-04-17T20:00:00,22.88963370159118,28.09049987792969
38,2018-04-17T21:00:00,21.885892791769926,26.33300018310547
38,2018-04-17T22:00:00,20.786251715032332,25.23450088500977
38,2018-04-17T23:00:00,20.08370523859088,24.795000076293945
38,2018-04-18T00:00:00,19.691506783000236,24.355499267578125
38,2018-04-18T01:00:00,19.290439367691175,23.916000366210927
38,2018-04-18T02:00:00,19.066673261832676,23.47649955749512
38,2018-04-18T03:00:00,18.531932634773735,23.03700065612793
38,2018-04-18T04:00:00,18.26874159400801,22.37800025939941
38,2018-04-18T05:00:00,17.964976046069914,21.499000549316406
38,2018-04-18T06:00:00,17.645598392222077,21.059499740600582
38,2018-04-18T07:00:00,17.54485590443807,21.27949905395508
38,2018-04-18T08:00:00,17.917547209990374,22.816999435424805
38,2018-04-18T09:00:00,18.859839542380477,25.454500198364247
38,2018-04-18T10:00:00,20.39394777840357,28.96949958801269
38,2018-04-18T11:00:00,22.05898067540711,32.705001831054695
38,2018-04-18T12:00:00,23.581646784549505,34.463001251220696
38,2018-04-18T13:00:00,24.706380260802117,36.22050094604492
38,2018-04-18T14:00:00,26.05023217732346,38.41799926757813
38,2018-04-18T15:00:00,26.957982149518823,39.516998291015625
38,2018-04-18T16:00:00,26.671122874302988,38.85749816894531
38,2018-04-18T17:00:00,26.186634326071367,37.31900024414063
38,2018-04-18T18:00:00,25.2679300625424,35.561500549316406
38,2018-04-18T19:00:00,24.051311768902288,33.583999633789055
38,2018-04-18T20:00:00,23.04603824810558,31.38649940490723
38,2018-04-18T21:00:00,22.05856331259683,29.40950012207031
38,2018-04-18T22:00:00,21.29257210134884,28.530500411987305
38,2018-04-18T23:00:00,20.4403400494707,28.31049919128418
38,2018-04-19T00:00:00,20.18366192114931,27.87100028991699
38,2018-04-19T01:00:00,19.679233351505623,27.43149948120117
38,2018-04-19T02:00:00,19.539205847986025,26.552499771118164
38,2018-04-19T03:00:00,19.111892469722388,25.454500198364247
38,2018-04-19T04:00:00,18.670339721480744,24.57550048828125
38,2018-04-19T05:00:00,18.564572459141512,23.69650077819824
38,2018-04-19T06:00:00,18.352739166549682,22.8174991607666
38,2018-04-19T07:00:00,18.12795166214155,23.256500244140625
38,2018-04-19T08:00:00,18.75154917360949,25.45400047302246
38,2018-04-19T09:00:00,19.667237705750306,28.09049987792969
38,2018-04-19T10:00:00,21.417083059077548,31.82600021362305
38,2018-04-19T11:00:00,22.743514525578394,36.44049835205078
38,2018-04-19T12:00:00,24.672154685822388,38.63750076293945
38,2018-04-19T13:00:00,26.049330514006282,40.17549896240234
38,2018-04-19T14:00:00,26.934490210944315,42.8125
38,2018-04-19T15:00:00,27.856064174491255,43.9109992980957
38,2018-04-19T16:00:00,27.802354495654598,42.37300109863281
38,2018-04-19T17:00:00,27.222304517180934,40.834999084472656
38,2018-04-19T18:00:00,26.12288318310329,39.29700088500977
38,2018-04-19T19:00:00,24.968670094384883,37.0994987487793
38,2018-04-19T20:00:00,23.59805495870475,35.34149932861328
38,2018-04-19T21:00:00,22.321804756193742,33.80350112915039
38,2018-04-19T22:00:00,21.650788329565525,32.92449951171875
38,2018-04-19T23:00:00,20.94405819006847,32.265499114990234
38,2018-04-20T00:00:00,20.37547844774675,31.38649940490723
38,2018-04-20T01:00:00,20.015332429683518,30.727500915527344
38,2018-04-20T02:00:00,19.731371773395136,30.068500518798828
38,2018-04-20T03:00:00,19.130135557806646,29.62899971008301
38,2018-04-20T04:00:00,18.713924144329976,28.96949958801269
38,2018-04-20T05:00:00,18.476480853918247,28.31049919128418
38,2018-04-20T06:00:00,18.255028374851484,27.21199989318848
38,2018-04-20T07:00:00,18.108548852805782,27.21199989318848
38,2018-04-20T08:00:00,18.65607982546289,29.18950080871582
38,2018-04-20T09:00:00,19.75688221992176,31.16650009155273
38,2018-04-20T10:00:00,21.129617467451265,33.80350112915039
38,2018-04-20T11:00:00,22.70244306017455,36.88000106811523
38,2018-04-20T12:00:00,24.249071952438896,38.41799926757813
38,2018-04-20T13:00:00,25.674906696657104,39.516998291015625
38,2018-04-20T14:00:00,26.70979495968195,41.93349838256836
38,2018-04-20T15:00:00,27.290557248755178,41.49399948120117
38,2018-04-20T16:00:00,27.46518903268973,41.93349838256836
38,2018-04-20T17:00:00,26.862628317363153,41.49399948120117
38,2018-04-20T18:00:00,25.818312444235307,39.95600128173828
38,2018-04-20T19:00:00,24.583989642989884,38.41799926757813
38,2018-04-20T20:00:00,23.310949256977164,36.87950134277344
38,2018-04-20T21:00:00,21.970881315902123,35.78150177001953
38,2018-04-20T22:00:00,21.098672865907968,34.682998657226555
39,2018-04-17T23:00:00,24.42251151555884,24.795000076293945
39,2018-04-18T00:00:00,23.731614593034124,24.355499267578125
39,2018-04-18T01:00:00,23.166454717018485,23.916000366210927
39,2018-04-18T02:00:00,22.625135152087026,23.47649955749512
39,2018-04-18T03:00:00,21.9852358597704,23.03700065612793
39,2018-04-18T04:00:00,21.4388839940691,22.37800025939941
39,2018-04-18T05:00:00,20.96351607761117,21.499000549316406
39,2018-04-18T06:00:00,20.635344270056812,21.059499740600582
39,2018-04-18T07:00:00,20.803389247803572,21.27949905395508
39,2018-04-18T08:00:00,21.91428076101638,22.816999435424805
39,2018-04-18T09:00:00,23.62540955587832,25.454500198364247
39,2018-04-18T10:00:00,25.698032929621622,28.96949958801269
39,2018-04-18T11:00:00,28.21648394150595,32.705001831054695
39,2018-04-18T12:00:00,30.008960328744823,34.463001251220696
39,2018-04-18T13:00:00,31.596226743123882,36.22050094604492
39,2018-04-18T14:00:00,32.95526678879851,38.41799926757813
39,2018-04-18T15:00:00,33.59098903200571,39.516998291015625
39,2018-04-18T16:00:00,33.106815216385115,38.85749816894531
39,2018-04-18T17:00:00,32.06472333967499,37.31900024414063
39,2018-04-18T18:00:00,30.317134824429232,35.561500549316406
39,2018-04-18T19:00:00,28.658389703422944,33.583999633789055
39,2018-04-18T20:00:00,27.123675983434346,31.38649940490723
39,2018-04-18T21:00:00,25.563807795466893,29.40950012207031
39,2018-04-18T22:00:00,24.607608957045016,28.530500411987305
39,2018-04-18T23:00:00,23.89181588675296,28.31049919128418
39,2018-04-19T00:00:00,23.261214092253393,27.87100028991699
39,2018-04-19T01:00:00,22.825530194939017,27.43149948120117
39,2018-04-19T02:00:00,22.1259954587113,26.552499771118164
39,2018-04-19T03:00:00,21.389777724399618,25.454500198364247
39,2018-04-19T04:00:00,21.178170674380354,24.57550048828125
39,2018-04-19T05:00:00,20.572292836980502,23.69650077819824
39,2018-04-19T06:00:00,20.458441735947105,22.8174991607666
39,2018-04-19T07:00:00,20.482561315206794,23.256500244140625
39,2018-04-19T08:00:00,21.502712451787282,25.45400047302246
39,2018-04-19T09:00:00,23.02351365617577,28.09049987792969
39,2018-04-19T10:00:00,24.979067331803673,31.82600021362305
39,2018-04-19T11:00:00,26.997246981315225,36.44049835205078
39,2018-04-19T12:00:00,28.78995005357686,38.63750076293945
39,2018-04-19T13:00:00,30.45379525917858,40.17549896240234
39,2018-04-19T14:00:00,31.673756446475338,42.8125
39,2018-04-19T15:00:00,32.056096245126135,43.9109992980957
39,2018-04-19T16:00:00,31.98228232515526,42.37300109863281
39,2018-04-19T17:00:00,30.70935973580457,40.834999084472656
39,2018-04-19T18:00:00,29.377768570246555,39.29700088500977
39,2018-04-19T19:00:00,27.681531896236553,37.0994987487793
39,2018-04-19T20:00:00,26.001244844651552,35.34149932861328
39,2018-04-19T21:00:00,24.640987034646056,33.80350112915039
39,2018-04-19T22:00:00,23.657950513154155,32.92449951171875
39,2018-04-19T23:00:00,23.07386209335683,32.265499114990234
39,2018-04-20T00:00:00,22.277744471320663,31.38649940490723
39,2018-04-20T01:00:00,21.90184426153851,30.727500915527344
39,2018-04-20T02:00:00,21.395574049986084,30.068500518798828
39,2018-04-20T03:00:00,20.549823665358286,29.62899971008301
39,2018-04-20T04:00:00,20.302482148363225,28.96949958801269
39,2018-04-20T05:00:00,19.789080164264995,28.31049919128418
39,2018-04-20T06:00:00,19.416880913501316,27.21199989318848
39,2018-04-20T07:00:00,19.644672517875016,27.21199989318848
39,2018-04-20T08:00:00,20.478819532175738,29.18950080871582
39,2018-04-20T09:00:00,21.871688087992556,31.16650009155273
39,2018-04-20T10:00:00,23.73356183001454,33.80350112915039
39,2018-04-20T11:00:00,25.849414868218336,36.88000106811523
39,2018-04-20T12:00:00,27.578924845799303,38.41799926757813
39,2018-04-20T13:00:00,29.097713665837567,39.516998291015625
39,2018-04-20T14:00:00,30.256887818564174,41.93349838256836
39,2018-04-20T15:00:00,30.569161181952893,41.49399948120117
39,2018-04-20T16:00:00,30.39353707802516,41.93349838256836
39,2018-04-20T17:00:00,29.374566530836702,41.49399948120117
39,2018-04-20T18:00:00,28.106302668330578,39.95600128173828
39,2018-04-20T19:00:00,26.604281422001975,38.41799926757813
39,2018-04-20T20:00:00,25.146627552909315,36.87950134277344
39,2018-04-20T21:00:00,23.89354805644917,35.78150177001953
39,2018-04-20T22:00:00,22.676299727419224,34.682998657226555
39,2018-04-20T23:00:00,21.956903652932205,33.804000854492195
39,2018-04-21T00:00:00,21.278646893814088,32.924999237060554
39,2018-04-21T01:00:00,20.816763673269016,32.485000610351555
39,2018-04-21T02:00:00,20.2539522042793,32.265499114990234
39,2018-04-21T03:00:00,19.715813035189008,31.606000900268555
39,2018-04-21T04:00:00,19.392139395234175,31.16699981689453
39,2018-04-21T05:00:00,19.012252230278314,30.507999420166016
39,2018-04-21T06:00:00,18.82155209218159,29.84900093078613
39,2018-04-21T07:00:00,19.155629355434282,29.84900093078613
39,2018-04-21T08:00:00,20.02000552475598,30.288000106811523
39,2018-04-21T09:00:00,21.36501305732087,30.94750022888184
39,2018-04-21T10:00:00,23.531042798172315,31.82600021362305
39,2018-04-21T11:00:00,25.52295322188413,33.363998413085945
39,2018-04-21T12:00:00,27.30065309548884,33.363998413085945
39,2018-04-21T13:00:00,28.823323997005406,34.463001251220696
39,2018-04-21T14:00:00,29.953270742314324,36.22050094604492
39,2018-04-21T15:00:00,30.650153400159894,34.24300003051758
39,2018-04-21T16:00:00,30.168294294649804,33.363998413085945
39,2018-04-21T17:00:00,29.242175261502286,32.924999237060554
39,2018-04-21T18:00:00,27.84764035615704,30.94750022888184
39,2018-04-21T19:00:00,26.6806763774504,30.50749969482422
39,2018-04-21T20:00:00,25.12232483576074,30.727500915527344
39,2018-04-21T21:00:00,24.01884470536991,30.94750022888184
39,2018-04-21T22:00:00,22.904336503935575,30.94750022888184
40,2018-04-18T23:00:00,27.564911946460974,28.31049919128418
40,2018-04-19T00:00:00,26.99925442801253,27.87100028991699
40,2018-04-19T01:00:00,26.334713168722033,27.43149948120117
40,2018-04-19T02:00:00,25.642009156455657,26.552499771118164
40,2018-04-19T03:00:00,24.88024539714828,25.454500198364247
40,2018-04-19T04:00:00,24.168648875703507,24.57550048828125
40,2018-04-19T05:00:00,23.429210377672284,23.69650077819824
40,2018-04-19T06:00:00,23.006475332597137,22.8174991607666
40,2018-04-19T07:00:00,23.25113763122403,23.256500244140625
40,2018-04-19T08:00:00,24.51022977492395,25.45400047302246
40,2018-04-19T09:00:00,26.504898670324458,28.09049987792969
40,2018-04-19T10:00:00,29.143806279529596,31.82600021362305
40,2018-04-19T11:00:00,31.87064472945255,36.44049835205078
40,2018-04-19T12:00:00,34.19728674095405,38.63750076293945
40,2018-04-19T13:00:00,36.066636750890645,40.17549896240234
40,2018-04-19T14:00:00,37.589836879169795,42.8125
40,2018-04-19T15:00:00,38.09316308643999,43.9109992980957
40,2018-04-19T16:00:00,37.54503913929834,42.37300109863281
40,2018-04-19T17:00:00,35.96361610075042,40.834999084472656
40,2018-04-19T18:00:00,34.142704009819084,39.29700088500977
40,2018-04-19T19:00:00,31.939917035039553,37.0994987487793
40,2018-04-19T20:00:00,29.884592665580975,35.34149932861328
40,2018-04-19T21:00:00,28.31917925391455,33.80350112915039
40,2018-04-19T22:00:00,26.834907102311156,32.92449951171875
40,2018-04-19T23:00:00,26.00208880699004,32.265499114990234
40,2018-04-20T00:00:00,25.434880888331612,31.38649940490723
40,2018-04-20T01:00:00,24.901712441891608,30.727500915527344
40,2018-04-20T02:00:00,24.155341958102454,30.068500518798828
40,2018-04-20T03:00:00,23.451820266701027,29.62899971008301
40,2018-04-20T04:00:00,22.7242850472458,28.96949958801269
40,2018-04-20T05:00:00,22.132438354553035,28.31049919128418
40,2018-04-20T06:00:00,21.819236073827557,27.21199989318848
40,2018-04-20T07:00:00,21.970431567562304,27.21199989318848
40,2018-04-20T08:00:00,23.129329496809312,29.18950080871582
40,2018-04-20T09:00:00,25.13341676559489,31.16650009155273
40,2018-04-20T10:00:00,27.578962191788474,33.80350112915039
40,2018-04-20T11:00:00,30.17095327206201,36.88000106811523
40,2018-04-20T12:00:00,32.42371944337242,38.41799926757813
40,2018-04-20T13:00:00,34.282343913286184,39.516998291015625
40,2018-04-20T14:00:00,35.62327440416914,41.93349838256836
40,2018-04-20T15:00:00,35.95771828530025,41.49399948120117
40,2018-04-20T16:00:00,35.31284975276955,41.93349838256836
40,2018-04-20T17:00:00,34.08465146568108,41.49399948120117
40,2018-04-20T18:00:00,32.27728416634594,39.95600128173828
40,2018-04-20T19:00:00,30.288570217206516,38.41799926757813
40,2018-04-20T20:00:00,28.227307573192554,36.87950134277344
40,2018-04-20T21:00:00,26.480149511809152,35.78150177001953
40,2018-04-20T22:00:00,25.20465877277259,34.682998657226555
40,2018-04-20T23:00:00,24.194632333415115,33.804000854492195
40,2018-04-21T00:00:00,23.74864960963967,32.924999237060554
40,2018-04-21T01:00:00,23.200028134098766,32.485000610351555
40,2018-04-21T02:00:00,22.867728996064834,32.265499114990234
40,2018-04-21T03:00:00,22.04287526033965,31.606000900268555
40,2018-04-21T04:00:00,21.445785304800815,31.16699981689453
40,2018-04-21T05:00:00,20.994522599374683,30.507999420166016
40,2018-04-21T06:00:00,20.674263922283075,29.84900093078613
40,2018-04-21T07:00:00,20.96754682166989,29.84900093078613
40,2018-04-21T08:00:00,22.36001466357542,30.288000106811523
40,2018-04-21T09:00:00,24.24223814957158,30.94750022888184
40,2018-04-21T10:00:00,26.63959054381866,31.82600021362305
40,2018-04-21T11:00:00,29.13403916872748,33.363998413085945
40,2018-04-21T12:00:00,31.465121224925657,33.363998413085945
40,2018-04-21T13:00:00,33.39118719170538,34.463001251220696
40,2018-04-21T14:00:00,34.7429504141526,36.22050094604492
40,2018-04-21T15:00:00,35.371636444932854,34.24300003051758
40,2018-04-21T16:00:00,34.81031493836912,33.363998413085945
40,2018-04-21T17:00:00,33.440318776824014,32.924999237060554
40,2018-04-21T18:00:00,31.57828185278522,30.94750022888184
40,2018-04-21T19:00:00,29.694324030455313,30.50749969482422
40,2018-04-21T20:00:00,27.842330155614352,30.727500915527344
40,2018-04-21T21:00:00,25.947429559339863,30.94750022888184
40,2018-04-21T22:00:00,24.758699996043635,30.94750022888184
40,2018-04-21T23:00:00,23.91064065999985,30.727500915527344
40,2018-04-22T00:00:00,23.326991725522415,30.288000106811523
40,2018-04-22T01:00:00,22.828429612101353,29.62899971008301
40,2018-04-22T02:00:00,22.22565052251749,29.84900093078613
40,2018-04-22T03:00:00,21.568848036384573,30.068500518798828
40,2018-04-22T04:00:00,21.107754498205946,30.068500518798828
40,2018-04-22T05:00:00,20.7140547908674,28.09049987792969
40,2018-04-22T06:00:00,20.35207385887516,26.55299949645996
40,2018-04-22T07:00:00,20.688636027318772,26.113000869750977
40,2018-04-22T08:00:00,21.937190102159818,26.11350059509277
40,2018-04-22T09:00:00,23.91047040790265,27.21199989318848
40,2018-04-22T10:00:00,26.301386862354835,28.53000068664551
40,2018-04-22T11:00:00,28.7669694665491,30.507999420166016
40,2018-04-22T12:00:00,31.06220452745968,33.144500732421875
40,2018-04-22T13:00:00,32.76505608271865,33.80350112915039
40,2018-04-22T14:00:00,34.148660552549934,34.24349975585937
40,2018-04-22T15:00:00,34.748937517876115,35.561500549316406
40,2018-04-22T16:00:00,34.30189633464575,36.44049835205078
40,2018-04-22T17:00:00,32.92386582496922,36.44049835205078
40,2018-04-22T18:00:00,31.18549042271003,35.561500549316406
40,2018-04-22T19:00:00,29.26233614310313,34.463001251220696
40,2018-04-22T20:00:00,27.400894291766296,33.36449813842773
40,2018-04-22T21:00:00,25.676925774776993,32.92449951171875
40,2018-04-22T22:00:00,24.320071068145037,32.48550033569336
41,2018-04-19T23:00:00,32.1065801541702,32.265499114990234
41,2018-04-20T00:00:00,31.24187613837868,31.38649940490723
41,2018-04-20T01:00:00,30.44464075943914,30.727500915527344
41,2018-04-20T02:00:00,29.373589491339853,30.068500518798828
41,2018-04-20T03:00:00,28.153623890944527,29.62899971008301
41,2018-04-20T04:00:00,27.215616335162995,28.96949958801269
41,2018-04-20T05:00:00,26.35178638656841,28.31049919128418
41,2018-04-20T06:00:00,25.76888174910264,27.21199989318848
41,2018-04-20T07:00:00,26.017183428628453,27.21199989318848
41,2018-04-20T08:00:00,27.229084496210422,29.18950080871582
41,2018-04-20T09:00:00,29.439029300203014,31.16650009155273
41,2018-04-20T10:00:00,32.04326165450874,33.80350112915039
41,2018-04-20T11:00:00,34.95043366873249,36.88000106811523
41,2018-04-20T12:00:00,37.13794767339403,38.41799926757813
41,2018-04-20T13:00:00,38.90400620349794,39.516998291015625
41,2018-04-20T14:00:00,40.43585817160733,41.93349838256836
41,2018-04-20T15:00:00,40.661438209220776,41.49399948120117
41,2018-04-20T16:00:00,40.14255246550957,41.93349838256836
41,2018-04-20T17:00:00,38.84863196545967,41.49399948120117
41,2018-04-20T18:00:00,36.990629662620464,39.95600128173828
41,2018-04-20T19:00:00,35.08998052081893,38.41799926757813
41,2018-04-20T20:00:00,33.27476326561037,36.87950134277344
41,2018-04-20T21:00:00,31.63418418021541,35.78150177001953
41,2018-04-20T22:00:00,30.42550832366161,34.682998657226555
41,2018-04-20T23:00:00,29.628561335581956,33.804000854492195
41,2018-04-21T00:00:00,29.04392071969925,32.924999237060554
41,2018-04-21T01:00:00,28.1821322454147,32.485000610351555
41,2018-04-21T02:00:00,27.30289602147665,32.265499114990234
41,2018-04-21T03:00:00,26.30124203974034,31.606000900268555
41,2018-04-21T04:00:00,25.546929346931982,31.16699981689453
41,2018-04-21T05:00:00,24.790790634811877,30.507999420166016
41,2018-04-21T06:00:00,24.299059017285046,29.84900093078613
41,2018-04-21T07:00:00,24.583853030791328,29.84900093078613
41,2018-04-21T08:00:00,25.836635925975642,30.288000106811523
41,2018-04-21T09:00:00,27.81988310650175,30.94750022888184
41,2018-04-21T10:00:00,30.32106305232226,31.82600021362305
41,2018-04-21T11:00:00,32.930051233044395,33.363998413085945
41,2018-04-21T12:00:00,35.16855591186718,33.363998413085945
41,2018-04-21T13:00:00,36.845795644769375,34.463001251220696
41,2018-04-21T14:00:00,38.2539253112145,36.22050094604492
41,2018-04-21T15:00:00,38.56815617460356,34.24300003051758
41,2018-04-21T16:00:00,38.08946953960258,33.363998413085945
41,2018-04-21T17:00:00,36.64729230455665,32.924999237060554
41,2018-04-21T18:00:00,35.03981544959387,30.94750022888184
41,2018-04-21T19:00:00,33.174650699182635,30.50749969482422
41,2018-04-21T20:00:00,31.114079417804238,30.727500915527344
41,2018-04-21T21:00:00,29.674916659777352,30.94750022888184
41,2018-04-21T22:00:00,28.548856676796095,30.94750022888184
41,2018-04-21T23:00:00,27.693490481086585,30.727500915527344
41,2018-04-22T00:00:00,27.0364955063133,30.288000106811523
41,2018-04-22T01:00:00,26.34768733641041,29.62899971008301
41,2018-04-22T02:00:00,25.68993711740421,29.84900093078613
41,2018-04-22T03:00:00,24.716571211520417,30.068500518798828
41,2018-04-22T04:00:00,23.99537899451299,30.068500518798828
41,2018-04-22T05:00:00,23.30298047813971,28.09049987792969
41,2018-04-22T06:00:00,22.951119453961173,26.55299949645996
41,2018-04-22T07:00:00,23.214880434433393,26.113000869750977
41,2018-04-22T08:00:00,24.44780837723747,26.11350059509277
41,2018-04-22T09:00:00,26.3507462865158,27.21199989318848
41,2018-04-22T10:00:00,29.030229919539586,28.53000068664551
41,2018-04-22T11:00:00,31.471243686478623,30.507999420166016
41,2018-04-22T12:00:00,33.648309594755965,33.144500732421875
41,2018-04-22T13:00:00,35.432605625299956,33.80350112915039
41,2018-04-22T14:00:00,36.55626376513155,34.24349975585937
41,2018-04-22T15:00:00,36.95738546041266,35.561500549316406
41,2018-04-22T16:00:00,36.5599015495607,36.44049835205078
41,2018-04-22T17:00:00,35.44149180408514,36.44049835205078
41,2018-04-22T18:00:00,33.754812715623814,35.561500549316406
41,2018-04-22T19:00:00,31.767800489221482,34.463001251220696
41,2018-04-22T20:00:00,29.973474238254568,33.36449813842773
41,2018-04-22T21:00:00,28.452049783472752,32.92449951171875
41,2018-04-22T22:00:00,27.367467521837387,32.48550033569336
41,2018-04-22T23:00:00,26.511583431335758,31.60650062561035
41,2018-04-23T00:00:00,25.936343445217002,31.16699981689453
41,2018-04-23T01:00:00,25.314943360348536,30.50749969482422
41,2018-04-23T02:00:00,24.588409355503757,29.40950012207031
41,2018-04-23T03:00:00,23.623929172270934,28.75
41,2018-04-23T04:00:00,23.171185969203858,28.09049987792969
41,2018-04-23T05:00:00,22.433738953172284,27.651500701904297
41,2018-04-23T06:00:00,22.155981722260723,27.21199989318848
41,2018-04-23T07:00:00,22.655519392742423,26.99250030517578
41,2018-04-23T08:00:00,23.790044360171148,25.23450088500977
41,2018-04-23T09:00:00,25.7417524822332,23.916000366210927
41,2018-04-23T10:00:00,28.361797105547257,22.8174991607666
41,2018-04-23T11:00:00,30.983436647771068,21.938499450683597
41,2018-04-23T12:00:00,33.09303996297483,21.059499740600582
41,2018-04-23T13:00:00,35.06164375263855,20.620500564575195
41,2018-04-23T14:00:00,36.18639729879679,20.620500564575195
41,2018-04-23T15:00:00,36.71313961232761,20.620500564575195
41,2018-04-23T16:00:00,35.990230392086744,20.620500564575195
41,2018-04-23T17:00:00,35.003337255774184,21.059499740600582
41,2018-04-23T18:00:00,33.19385623046874,21.27949905395508
41,2018-04-23T19:00:00,31.586355656526575,21.499000549316406
41,2018-04-23T20:00:00,29.70310716852045,21.059499740600582
41,2018-04-23T21:00:00,28.362959586410796,21.059499740600582
41,2018-04-23T22:00:00,27.114217926372234,21.27949905395508
42,2018-04-20T23:00:00,33.74739836792941,33.804000854492195
42,2018-04-21T00:00:00,33.019507705884116,32.924999237060554
42,2018-04-21T01:00:00,32.1489620931849,32.485000610351555
42,2018-04-21T02:00:00,31.165076591878105,32.265499114990234
42,2018-04-21T03:00:00,30.197158137323466,31.606000900268555
42,2018-04-21T04:00:00,29.22987213567002,31.16699981689453
42,2018-04-21T05:00:00,28.320120452665154,30.507999420166016
42,2018-04-21T06:00:00,27.642667094150113,29.84900093078613
42,2018-04-21T07:00:00,27.799963679549673,29.84900093078613
42,2018-04-21T08:00:00,28.81043599922879,30.288000106811523
42,2018-04-21T09:00:00,30.625889454419926,30.94750022888184
42,2018-04-21T10:00:00,33.05442215756791,31.82600021362305
42,2018-04-21T11:00:00,35.53378030025635,33.363998413085945
42,2018-04-21T12:00:00,37.77165802259529,33.363998413085945
42,2018-04-21T13:00:00,39.50586470019454,34.463001251220696
42,2018-04-21T14:00:00,40.96460667746635,36.22050094604492
42,2018-04-21T15:00:00,41.425981878525135,34.24300003051758
42,2018-04-21T16:00:00,40.9977676351792,33.363998413085945
42,2018-04-21T17:00:00,39.72329327721587,32.924999237060554
42,2018-04-21T18:00:00,38.11198318431114,30.94750022888184
42,2018-04-21T19:00:00,36.29330991415964,30.50749969482422
42,2018-04-21T20:00:00,34.65102374645051,30.727500915527344
42,2018-04-21T21:00:00,33.316619852038464,30.94750022888184
42,2018-04-21T22:00:00,32.129853604453864,30.94750022888184
42,2018-04-21T23:00:00,31.39703167536822,30.727500915527344
42,2018-04-22T00:00:00,30.768017456017482,30.288000106811523
42,2018-04-22T01:00:00,29.95874087491751,29.62899971008301
42,2018-04-22T02:00:00,29.057582213235353,29.84900093078613
42,2018-04-22T03:00:00,28.30486339022804,30.068500518798828
42,2018-04-22T04:00:00,27.460808775785786,30.068500518798828
42,2018-04-22T05:00:00,26.594339292500074,28.09049987792969
42,2018-04-22T06:00:00,26.027194662464517,26.55299949645996
42,2018-04-22T07:00:00,26.169278305009282,26.113000869750977
42,2018-04-22T08:00:00,27.346481356594317,26.11350059509277
42,2018-04-22T09:00:00,29.263674634758377,27.21199989318848
42,2018-04-22T10:00:00,31.58096152728761,28.53000068664551
42,2018-04-22T11:00:00,34.13043491159955,30.507999420166016
42,2018-04-22T12:00:00,36.45267591209014,33.144500732421875
42,2018-04-22T13:00:00,38.27785947191422,33.80350112915039
42,2018-04-22T14:00:00,39.47969525375519,34.24349975585937
42,2018-04-22T15:00:00,39.8961624444951,35.561500549316406
42,2018-04-22T16:00:00,39.299704234849415,36.44049835205078
42,2018-04-22T17:00:00,37.985107170657514,36.44049835205078
42,2018-04-22T18:00:00,36.35994804463259,35.561500549316406
42,2018-04-22T19:00:00,34.53081823961384,34.463001251220696
42,2018-04-22T20:00:00,32.75871285220374,33.36449813842773
42,2018-04-22T21:00:00,31.365996531182475,32.92449951171875
42,2018-04-22T22:00:00,30.280495273129617,32.48550033569336
42,2018-04-22T23:00:00,29.51502816009912,31.60650062561035
42,2018-04-23T00:00:00,28.88975854496958,31.16699981689453
42,2018-04-23T01:00:00,28.22244415611726,30.50749969482422
42,2018-04-23T02:00:00,27.58340517855087,29.40950012207031
42,2018-04-23T03:00:00,26.598081645698905,28.75
42,2018-04-23T04:00:00,25.94734494644226,28.09049987792969
42,2018-04-23T05:00:00,25.093754982994508,27.651500701904297
42,2018-04-23T06:00:00,24.60985952328099,27.21199989318848
42,2018-04-23T07:00:00,24.936786312484905,26.99250030517578
42,2018-04-23T08:00:00,26.11716679503868,25.23450088500977
42,2018-04-23T09:00:00,27.867825207611087,23.916000366210927
42,2018-04-23T10:00:00,30.578288085572094,22.8174991607666
42,2018-04-23T11:00:00,33.008065350936306,21.938499450683597
42,2018-04-23T12:00:00,35.14928880246153,21.059499740600582
42,2018-04-23T13:00:00,37.10739625954741,20.620500564575195
42,2018-04-23T14:00:00,38.36694818653996,20.620500564575195
42,2018-04-23T15:00:00,38.875573875198704,20.620500564575195
42,2018-04-23T16:00:00,38.35373888166175,20.620500564575195
42,2018-04-23T17:00:00,36.98391570901916,21.059499740600582
42,2018-04-23T18:00:00,35.26513321003145,21.27949905395508
42,2018-04-23T19:00:00,33.477049783034516,21.499000549316406
42,2018-04-23T20:00:00,31.96812152429646,21.059499740600582
42,2018-04-23T21:00:00,30.43664848968941,21.059499740600582
42,2018-04-23T22:00:00,29.4124701440904,21.27949905395508
42,2018-04-23T23:00:00,28.672307270709524,21.499000549316406
42,2018-04-24T00:00:00,27.99776439061163,21.938499450683597
42,2018-04-24T01:00:00,27.57364189927619,21.938499450683597
42,2018-04-24T02:00:00,26.773754898088722,22.15800094604492
42,2018-04-24T03:00:00,25.97021414777444,21.7189998626709
42,2018-04-24T04:00:00,25.35208625575869,21.7189998626709
42,2018-04-24T05:00:00,24.54153609090282,21.938499450683597
42,2018-04-24T06:00:00,24.326838731550616,21.499000549316406
42,2018-04-24T07:00:00,24.64194024112997,21.059499740600582
42,2018-04-24T08:00:00,25.48957183731,21.059499740600582
42,2018-04-24T09:00:00,27.60169928524751,21.938499450683597
42,2018-04-24T10:00:00,30.079032192004107,24.135499954223643
42,2018-04-24T11:00:00,32.6373727114976,25.89349937438965
42,2018-04-24T12:00:00,34.6636780500179,27.21199989318848
42,2018-04-24T13:00:00,36.62920829328123,27.651500701904297
42,2018-04-24T14:00:00,37.74513644053895,27.43199920654297
42,2018-04-24T15:00:00,38.38101114660881,27.43199920654297
42,2018-04-24T16:00:00,37.79913737247772,27.21199989318848
42,2018-04-24T17:00:00,36.551594775267056,26.992000579833984
42,2018-04-24T18:00:00,35.07085082184672,26.772499084472656
42,2018-04-24T19:00:00,33.266566875797686,25.454500198364247
42,2018-04-24T20:00:00,31.716429855255903,24.135499954223643
42,2018-04-24T21:00:00,30.17189598745889,23.256500244140625
42,2018-04-24T22:00:00,29.305346794718428,22.37800025939941
43,2018-04-21T23:00:00,30.85276685178543,30.727500915527344
43,2018-04-22T00:00:00,30.62572798290644,30.288000106811523
43,2018-04-22T01:00:00,30.527157264172093,29.62899971008301
43,2018-04-22T02:00:00,29.91763514243047,29.84900093078613
43,2018-04-22T03:00:00,29.30811465136868,30.068500518798828
43,2018-04-22T04:00:00,28.559137542972294,30.068500518798828
43,2018-04-22T05:00:00,27.74716322445487,28.09049987792969
43,2018-04-22T06:00:00,26.973453766089143,26.55299949645996
43,2018-04-22T07:00:00,26.9863526716314,26.113000869750977
43,2018-04-22T08:00:00,27.60064099684292,26.11350059509277
43,2018-04-22T09:00:00,28.735799255319467,27.21199989318848
43,2018-04-22T10:00:00,30.562308221448383,28.53000068664551
43,2018-04-22T11:00:00,32.37505037835174,30.507999420166016
43,2018-04-22T12:00:00,33.780549974890775,33.144500732421875
43,2018-04-22T13:00:00,34.89332680486378,33.80350112915039
43,2018-04-22T14:00:00,35.73232412238101,34.24349975585937
43,2018-04-22T15:00:00,35.74525666782191,35.561500549316406
43,2018-04-22T16:00:00,35.40933023644586,36.44049835205078
43,2018-04-22T17:00:00,34.29235138401494,36.44049835205078
43,2018-04-22T18:00:00,33.02532375927555,35.561500549316406
43,2018-04-22T19:00:00,31.98807602796997,34.463001251220696
43,2018-04-22T20:00:00,31.286198586394065,33.36449813842773
43,2018-04-22T21:00:00,30.499981927746543,32.92449951171875
43,2018-04-22T22:00:00,29.978729714094346,32.48550033569336
43,2018-04-22T23:00:00,29.744511178576573,31.60650062561035
43,2018-04-23T00:00:00,29.54861275246776,31.16699981689453
43,2018-04-23T01:00:00,29.110189598118655,30.50749969482422
43,2018-04-23T02:00:00,28.419744077420305,29.40950012207031
43,2018-04-23T03:00:00,27.929357485671403,28.75
43,2018-04-23T04:00:00,27.009203285494163,28.09049987792969
43,2018-04-23T05:00:00,26.286579719307873,27.651500701904297
43,2018-04-23T06:00:00,25.78220816644155,27.21199989318848
43,2018-04-23T07:00:00,25.9162055755875,26.99250030517578
43,2018-04-23T08:00:00,26.937441513374047,25.23450088500977
43,2018-04-23T09:00:00,28.644649880238102,23.916000366210927
43,2018-04-23T10:00:00,30.38734015256096,22.8174991607666
43,2018-04-23T11:00:00,32.388181798312075,21.938499450683597
43,2018-04-23T12:00:00,34.24758671387435,21.059499740600582
43,2018-04-23T13:00:00,35.674697949704104,20.620500564575195
43,2018-04-23T14:00:00,36.554990694526644,20.620500564575195
43,2018-04-23T15:00:00,36.631019830331525,20.620500564575195
43,2018-04-23T16:00:00,36.195039217707766,20.620500564575195
43,2018-04-23T17:00:00,35.1344956855418,21.059499740600582
43,2018-04-23T18:00:00,33.83360077925161,21.27949905395508
43,2018-04-23T19:00:00,32.49788720946359,21.499000549316406
43,2018-04-23T20:00:00,31.38411224378611,21.059499740600582
43,2018-04-23T21:00:00,30.598108713852362,21.059499740600582
43,2018-04-23T22:00:00,29.74029414930286,21.27949905395508
43,2018-04-23T23:00:00,29.444959957316943,21.499000549316406
43,2018-04-24T00:00:00,28.928234260005972,21.938499450683597
43,2018-04-24T01:00:00,28.636391615818635,21.938499450683597
43,2018-04-24T02:00:00,28.18151849401648,22.15800094604492
43,2018-04-24T03:00:00,27.347654533805287,21.7189998626709
43,2018-04-24T04:00:00,26.813159078888994,21.7189998626709
43,2018-04-24T05:00:00,25.87643329447259,21.938499450683597
43,2018-04-24T06:00:00,25.50690870073489,21.499000549316406
43,2018-04-24T07:00:00,25.79430438979213,21.059499740600582
43,2018-04-24T08:00:00,26.893819117351093,21.059499740600582
43,2018-04-24T09:00:00,28.302712842822913,21.938499450683597
43,2018-04-24T10:00:00,30.450514399775706,24.135499954223643
43,2018-04-24T11:00:00,32.49875819775455,25.89349937438965
43,2018-04-24T12:00:00,34.14981936153301,27.21199989318848
43,2018-04-24T13:00:00,35.68251996735663,27.651500701904297
43,2018-04-24T14:00:00,36.59939707123831,27.43199920654297
43,2018-04-24T15:00:00,36.5761564626184,27.43199920654297
43,2018-04-24T16:00:00,36.16376323465445,27.21199989318848
43,2018-04-24T17:00:00,35.15397159038615,26.992000579833984
43,2018-04-24T18:00:00,33.76724032048441,26.772499084472656
43,2018-04-24T19:00:00,32.4202069818199,25.454500198364247
43,2018-04-24T20:00:00,31.356919232159576,24.135499954223643
43,2018-04-24T21:00:00,30.52127039594318,23.256500244140625
43,2018-04-24T22:00:00,29.844734631232914,22.37800025939941
43,2018-04-24T23:00:00,29.45643372850908,21.938499450683597
43,2018-04-25T00:00:00,28.91256598116718,21.499000549316406
43,2018-04-25T01:00:00,28.554564307083698,21.059499740600582
43,2018-04-25T02:00:00,28.025735795282685,21.059499740600582
43,2018-04-25T03:00:00,27.428407851715146,21.059499740600582
43,2018-04-25T04:00:00,26.857498403870476,20.620500564575195
43,2018-04-25T05:00:00,25.892301405712676,20.18050003051757
43,2018-04-25T06:00:00,25.812003879921036,20.18050003051757
43,2018-04-25T07:00:00,26.18505906654645,20.620500564575195
43,2018-04-25T08:00:00,26.67542650065816,22.37800025939941
43,2018-04-25T09:00:00,28.250781072541265,25.23450088500977
43,2018-04-25T10:00:00,30.216775489389086,28.75
43,2018-04-25T11:00:00,32.45610542904739,33.144500732421875
43,2018-04-25T12:00:00,33.9130758950466,34.462501525878906
43,2018-04-25T13:00:00,35.45170921058814,34.463001251220696
43,2018-04-25T14:00:00,36.10421833338581,37.0994987487793
43,2018-04-25T15:00:00,36.470053599527624,38.63750076293945
43,2018-04-25T16:00:00,35.75269678709968,37.97850036621094
43,2018-04-25T17:00:00,34.53013449441974,36.22100067138672
43,2018-04-25T18:00:00,33.4199608224339,34.02349853515625
43,2018-04-25T19:00:00,32.24186386181341,32.04550170898437
43,2018-04-25T20:00:00,31.093494992774446,29.848499298095703
43,2018-04-25T21:00:00,30.324090415132993,28.09049987792969
43,2018-04-25T22:00:00,29.832883694058538,27.21199989318848
44,2018-04-22T23:00:00,31.90339231552954,31.60650062561035
44,2018-04-23T00:00:00,31.33287103790514,31.16699981689453
44,2018-04-23T01:00:00,30.899381374250705,30.50749969482422
44,2018-04-23T02:00:00,30.10808946979664,29.40950012207031
44,2018-04-23T03:00:00,29.524298130216074,28.75
44,2018-04-23T04:00:00,28.65746973772023,28.09049987792969
44,2018-04-23T05:00:00,27.682241184946918,27.651500701904297
44,2018-04-23T06:00:00,26.743387078265204,27.21199989318848
44,2018-04-23T07:00:00,26.667764814183567,26.99250030517578
44,2018-04-23T08:00:00,27.31277030101349,25.23450088500977
44,2018-04-23T09:00:00,28.546598059791158,23.916000366210927
44,2018-04-23T10:00:00,30.29459860107684,22.8174991607666
44,2018-04-23T11:00:00,32.35104084147235,21.938499450683597
44,2018-04-23T12:00:00,34.412640705514335,21.059499740600582
44,2018-04-23T13:00:00,35.82335482844365,20.620500564575195
44,2018-04-23T14:00:00,37.02299056091339,20.620500564575195
44,2018-04-23T15:00:00,37.34126687868973,20.620500564575195
44,2018-04-23T16:00:00,37.4490012198479,20.620500564575195
44,2018-04-23T17:00:00,36.666360425409316,21.059499740600582
44,2018-04-23T18:00:00,35.69469304932309,21.27949905395508
44,2018-04-23T19:00:00,34.48070243088441,21.499000549316406
44,2018-04-23T20:00:00,33.58066352169284,21.059499740600582
44,2018-04-23T21:00:00,32.71427865130473,21.059499740600582
44,2018-04-23T22:00:00,32.28743725792408,21.27949905395508
44,2018-04-23T23:00:00,31.61198595231921,21.499000549316406
44,2018-04-24T00:00:00,30.956569886144592,21.938499450683597
44,2018-04-24T01:00:00,30.602956280263548,21.938499450683597
44,2018-04-24T02:00:00,30.09076613075134,22.15800094604492
44,2018-04-24T03:00:00,29.392807794384083,21.7189998626709
44,2018-04-24T04:00:00,28.66154212113146,21.7189998626709
44,2018-04-24T05:00:00,27.981013146507006,21.938499450683597
44,2018-04-24T06:00:00,27.180843627187716,21.499000549316406
44,2018-04-24T07:00:00,27.274485359552806,21.059499740600582
44,2018-04-24T08:00:00,27.834292956644063,21.059499740600582
44,2018-04-24T09:00:00,29.236498807988543,21.938499450683597
44,2018-04-24T10:00:00,30.95949815379627,24.135499954223643
44,2018-04-24T11:00:00,33.10543951558097,25.89349937438965
44,2018-04-24T12:00:00,35.13284972521296,27.21199989318848
44,2018-04-24T13:00:00,36.48465137696812,27.651500701904297
44,2018-04-24T14:00:00,37.163924175058796,27.43199920654297
44,2018-04-24T15:00:00,37.619447630223526,27.43199920654297
44,2018-04-24T16:00:00,37.156818744264136,27.21199989318848
44,2018-04-24T17:00:00,36.60125410767694,26.992000579833984
44,2018-04-24T18:00:00,35.53264908739352,26.772499084472656
44,2018-04-24T19:00:00,34.206962488072115,25.454500198364247
44,2018-04-24T20:00:00,33.22960073239735,24.135499954223643
44,2018-04-24T21:00:00,32.366562176672524,23.256500244140625
44,2018-04-24T22:00:00,31.606664576488157,22.37800025939941
44,2018-04-24T23:00:00,31.09346203707713,21.938499450683597
44,2018-04-25T00:00:00,30.74250757965863,21.499000549316406
44,2018-04-25T01:00:00,30.35910350584162,21.059499740600582
44,2018-04-25T02:00:00,29.97459490301359,21.059499740600582
44,2018-04-25T03:00:00,29.326404516017085,21.059499740600582
44,2018-04-25T04:00:00,28.48609043023679,20.620500564575195
44,2018-04-25T05:00:00,27.625522833399145,20.18050003051757
44,2018-04-25T06:00:00,26.937416996159783,20.18050003051757
44,2018-04-25T07:00:00,26.956866445219433,20.620500564575195
44,2018-04-25T08:00:00,27.859967839556596,22.37800025939941
44,2018-04-25T09:00:00,29.08947493536602,25.23450088500977
44,2018-04-25T10:00:00,30.82811302532187,28.75
44,2018-04-25T11:00:00,32.80815677522875,33.144500732421875
44,2018-04-25T12:00:00,34.23089277163098,34.462501525878906
44,2018-04-25T13:00:00,35.53746928575158,34.463001251220696
44,2018-04-25T14:00:00,36.57253635339023,37.0994987487793
44,2018-04-25T15:00:00,36.890954756975745,38.63750076293945
44,2018-04-25T16:00:00,36.34461817177079,37.97850036621094
44,2018-04-25T17:00:00,35.72314214055488,36.22100067138672
44,2018-04-25T18:00:00,34.43016720674072,34.02349853515625
44,2018-04-25T19:00:00,33.639216559102515,32.04550170898437
44,2018-04-25T20:00:00,32.6245635503629,29.848499298095703
44,2018-04-25T21:00:00,32.01660779352893,28.09049987792969
44,2018-04-25T22:00:00,31.460855229643546,27.21199989318848
44,2018-04-25T23:00:00,30.720836072751688,26.772499084472656
44,2018-04-26T00:00:00,30.446775239516406,26.33300018310547
44,2018-04-26T01:00:00,29.853300489762887,25.89349937438965
44,2018-04-26T02:00:00,29.53043915643175,25.673999786376957
44,2018-04-26T03:00:00,29.05202198272058,25.454500198364247
44,2018-04-26T04:00:00,28.303412929025413,25.454500198364247
44,2018-04-26T05:00:00,27.43530095203092,25.23450088500977
44,2018-04-26T06:00:00,27.12780753315544,25.01449966430664
44,2018-04-26T07:00:00,27.038313999410434,25.01449966430664
44,2018-04-26T08:00:00,27.470507329614804,25.454500198364247
44,2018-04-26T09:00:00,28.87472441699161,26.552499771118164
44,2018-04-26T10:00:00,30.591083904780888,27.87100028991699
44,2018-04-26T11:00:00,32.35265510047298,29.848499298095703
44,2018-04-26T12:00:00,34.08266602745984,32.265499114990234
44,2018-04-26T13:00:00,35.54835663938856,35.12200164794922
44,2018-04-26T14:00:00,36.52983329588544,37.31949996948242
44,2018-04-26T15:00:00,36.7355212061798,37.31949996948242
44,2018-04-26T16:00:00,36.391316052764566,36.65999984741211
44,2018-04-26T17:00:00,35.80245589886994,35.561500549316406
44,2018-04-26T18:00:00,34.78509675984324,34.02349853515625
44,2018-04-26T19:00:00,33.70295150930582,32.705001831054695
44,2018-04-26T20:00:00,32.63687620940034,31.38649940490723
44,2018-04-26T21:00:00,31.811555962402796,30.068500518798828
44,2018-04-26T22:00:00,31.374036466958074,28.96949958801269
45,2018-04-23T23:00:00,21.452474513120748,21.499000549316406
45,2018-04-24T00:00:00,21.554849619307692,21.938499450683597
45,2018-04-24T01:00:00,21.654468990611253,21.938499450683597
45,2018-04-24T02:00:00,21.757786242027304,22.15800094604492
45,2018-04-24T03:00:00,21.878083089741306,21.7189998626709
45,2018-04-24T04:00:00,21.77148338245261,21.7189998626709
45,2018-04-24T05:00:00,21.432239258835512,21.938499450683597
45,2018-04-24T06:00:00,21.023150381186714,21.499000549316406
45,2018-04-24T07:00:00,20.74403033526268,21.059499740600582
45,2018-04-24T08:00:00,20.740496891536097,21.059499740600582
45,2018-04-24T09:00:00,20.83347301004228,21.938499450683597
45,2018-04-24T10:00:00,21.26119348809627,24.135499954223643
45,2018-04-24T11:00:00,21.759113706637812,25.89349937438965
45,2018-04-24T12:00:00,22.750543553891394,27.21199989318848
45,2018-04-24T13:00:00,23.409914873911507,27.651500701904297
45,2018-04-24T14:00:00,23.706018393274352,27.43199920654297
45,2018-04-24T15:00:00,23.950541000796708,27.43199920654297
45,2018-04-24T16:00:00,24.42280937120377,27.21199989318848
45,2018-04-24T17:00:00,24.457151146375757,26.992000579833984
45,2018-04-24T18:00:00,24.125930993836597,26.772499084472656
45,2018-04-24T19:00:00,23.932471357749183,25.454500198364247
45,2018-04-24T20:00:00,23.691361204351846,24.135499954223643
45,2018-04-24T21:00:00,23.367785177119853,23.256500244140625
45,2018-04-24T22:00:00,23.45263788728838,22.37800025939941
45,2018-04-24T23:00:00,23.386926735581756,21.938499450683597
45,2018-04-25T00:00:00,23.374454201500598,21.499000549316406
45,2018-04-25T01:00:00,23.32615460519721,21.059499740600582
45,2018-04-25T02:00:00,23.35101779726724,21.059499740600582
45,2018-04-25T03:00:00,23.12262842899969,21.059499740600582
45,2018-04-25T04:00:00,22.964644973886625,20.620500564575195
45,2018-04-25T05:00:00,22.448286213748034,20.18050003051757
45,2018-04-25T06:00:00,22.112308695339472,20.18050003051757
45,2018-04-25T07:00:00,22.16365538225856,20.620500564575195
45,2018-04-25T08:00:00,22.370221122857167,22.37800025939941
45,2018-04-25T09:00:00,22.656264031854754,25.23450088500977
45,2018-04-25T10:00:00,23.36258650139368,28.75
45,2018-04-25T11:00:00,24.393066683327234,33.144500732421875
45,2018-04-25T12:00:00,25.391713486191996,34.462501525878906
45,2018-04-25T13:00:00,26.231014817166106,34.463001251220696
45,2018-04-25T14:00:00,26.90004683187507,37.0994987487793
45,2018-04-25T15:00:00,27.190816317682284,38.63750076293945
45,2018-04-25T16:00:00,27.424094646541384,37.97850036621094
45,2018-04-25T17:00:00,27.329101958653517,36.22100067138672
45,2018-04-25T18:00:00,26.958922812311716,34.02349853515625
45,2018-04-25T19:00:00,26.448937957714254,32.04550170898437
45,2018-04-25T20:00:00,26.175478651480127,29.848499298095703
45,2018-04-25T21:00:00,25.903736918647205,28.09049987792969
45,2018-04-25T22:00:00,25.83237494816994,27.21199989318848
45,2018-04-25T23:00:00,25.646853073793093,26.772499084472656
45,2018-04-26T00:00:00,25.4872445264917,26.33300018310547
45,2018-04-26T01:00:00,25.171104171228837,25.89349937438965
45,2018-04-26T02:00:00,24.99163759264123,25.673999786376957
45,2018-04-26T03:00:00,24.974921185787576,25.454500198364247
45,2018-04-26T04:00:00,24.746980083423637,25.454500198364247
45,2018-04-26T05:00:00,24.364743257072753,25.23450088500977
45,2018-04-26T06:00:00,23.835226165054912,25.01449966430664
45,2018-04-26T07:00:00,24.008261821324034,25.01449966430664
45,2018-04-26T08:00:00,23.99607562549878,25.454500198364247
45,2018-04-26T09:00:00,24.76629075364719,26.552499771118164
45,2018-04-26T10:00:00,25.426889416816767,27.87100028991699
45,2018-04-26T11:00:00,26.633349031234562,29.848499298095703
45,2018-04-26T12:00:00,27.46408490279614,32.265499114990234
45,2018-04-26T13:00:00,28.36083126414548,35.12200164794922
45,2018-04-26T14:00:00,29.09228614757378,37.31949996948242
45,2018-04-26T15:00:00,29.15445400305469,37.31949996948242
45,2018-04-26T16:00:00,29.431497019006322,36.65999984741211
45,2018-04-26T17:00:00,29.397924103673684,35.561500549316406
45,2018-04-26T18:00:00,28.921354752489922,34.02349853515625
45,2018-04-26T19:00:00,28.686019566194254,32.705001831054695
45,2018-04-26T20:00:00,28.05851131958058,31.38649940490723
45,2018-04-26T21:00:00,27.68669271282256,30.068500518798828
45,2018-04-26T22:00:00,27.62739811520653,28.96949958801269
45,2018-04-26T23:00:00,27.346595276115483,28.09049987792969
45,2018-04-27T00:00:00,27.17110493354744,27.651500701904297
45,2018-04-27T01:00:00,26.96277976923304,26.772499084472656
45,2018-04-27T02:00:00,26.889696120146603,25.89349937438965
45,2018-04-27T03:00:00,26.316478062986604,25.01449966430664
45,2018-04-27T04:00:00,26.212236911710207,24.135499954223643
45,2018-04-27T05:00:00,25.79643271205744,23.69650077819824
45,2018-04-27T06:00:00,25.42123415073749,23.256500244140625
45,2018-04-27T07:00:00,25.157117271540987,23.256500244140625
45,2018-04-27T08:00:00,25.187182560343828,25.454500198364247
45,2018-04-27T09:00:00,25.40733060957814,28.96999931335449
45,2018-04-27T10:00:00,26.403262957706325,32.48550033569336
45,2018-04-27T11:00:00,27.149633099394812,36.66049957275391
45,2018-04-27T12:00:00,28.167583080478583,38.85749816894531
45,2018-04-27T13:00:00,28.915323916898174,40.615501403808594
45,2018-04-27T14:00:00,29.45475076429173,42.8125
45,2018-04-27T15:00:00,29.656336146404676,42.37300109863281
45,2018-04-27T16:00:00,29.57058393955651,41.7135009765625
45,2018-04-27T17:00:00,29.70413878447659,40.39550018310547
45,2018-04-27T18:00:00,29.05003456031548,38.63750076293945
45,2018-04-27T19:00:00,28.527114571715423,36.22050094604492
45,2018-04-27T20:00:00,28.081178909588015,33.80350112915039
45,2018-04-27T21:00:00,27.868748936421106,32.04550170898437
45,2018-04-27T22:00:00,27.657805162572874,30.727500915527344
46,2018-04-24T23:00:00,22.020978993296353,21.938499450683597
46,2018-04-25T00:00:00,21.87650418114264,21.499000549316406
46,2018-04-25T01:00:00,21.777943953495328,21.059499740600582
46,2018-04-25T02:00:00,21.863339691451436,21.059499740600582
46,2018-04-25T03:00:00,22.00071021314603,21.059499740600582
46,2018-04-25T04:00:00,22.04443181836159,20.620500564575195
46,2018-04-25T05:00:00,22.021176955547347,20.18050003051757
46,2018-04-25T06:00:00,22.110506280973553,20.18050003051757
46,2018-04-25T07:00:00,22.452847099802653,20.620500564575195
46,2018-04-25T08:00:00,22.920038468286428,22.37800025939941
46,2018-04-25T09:00:00,23.562542971194212,25.23450088500977
46,2018-04-25T10:00:00,24.695102114173103,28.75
46,2018-04-25T11:00:00,25.881009803124208,33.144500732421875
46,2018-04-25T12:00:00,26.88873276467632,34.462501525878906
46,2018-04-25T13:00:00,27.60129013285317,34.463001251220696
46,2018-04-25T14:00:00,27.964807552961727,37.0994987487793
46,2018-04-25T15:00:00,28.178811269007273,38.63750076293945
46,2018-04-25T16:00:00,28.01431503829014,37.97850036621094
46,2018-04-25T17:00:00,27.55793058417385,36.22100067138672
46,2018-04-25T18:00:00,27.15150188128958,34.02349853515625
46,2018-04-25T19:00:00,26.257146860599512,32.04550170898437
46,2018-04-25T20:00:00,25.908051264156516,29.848499298095703
46,2018-04-25T21:00:00,25.59048514735898,28.09049987792969
46,2018-04-25T22:00:00,25.305873245439585,27.21199989318848
46,2018-04-25T23:00:00,25.05968403751498,26.772499084472656
46,2018-04-26T00:00:00,24.80825168077786,26.33300018310547
46,2018-04-26T01:00:00,24.727674772777153,25.89349937438965
46,2018-04-26T02:00:00,24.645982388544162,25.673999786376957
46,2018-04-26T03:00:00,24.641962705740248,25.454500198364247
46,2018-04-26T04:00:00,24.56167977624361,25.454500198364247
46,2018-04-26T05:00:00,24.413793194166203,25.23450088500977
46,2018-04-26T06:00:00,24.21811571947302,25.01449966430664
46,2018-04-26T07:00:00,24.277941257319824,25.01449966430664
46,2018-04-26T08:00:00,24.47724146401294,25.454500198364247
46,2018-04-26T09:00:00,24.960490581538302,26.552499771118164
46,2018-04-26T10:00:00,26.032592782877895,27.87100028991699
46,2018-04-26T11:00:00,26.974731169969125,29.848499298095703
46,2018-04-26T12:00:00,27.897347537046482,32.265499114990234
46,2018-04-26T13:00:00,28.654393785211834,35.12200164794922
46,2018-04-26T14:00:00,29.089578078716265,37.31949996948242
46,2018-04-26T15:00:00,29.307863173170453,37.31949996948242
46,2018-04-26T16:00:00,29.222792453652012,36.65999984741211
46,2018-04-26T17:00:00,29.03416016582653,35.561500549316406
46,2018-04-26T18:00:00,28.52245366682996,34.02349853515625
46,2018-04-26T19:00:00,28.191521357789625,32.705001831054695
46,2018-04-26T20:00:00,27.353172959618895,31.38649940490723
46,2018-04-26T21:00:00,27.152858652523648,30.068500518798828
46,2018-04-26T22:00:00,27.189898689667444,28.96949958801269
46,2018-04-26T23:00:00,26.89906739767357,28.09049987792969
46,2018-04-27T00:00:00,26.81510392116476,27.651500701904297
46,2018-04-27T01:00:00,26.406302864208076,26.772499084472656
46,2018-04-27T02:00:00,26.579873565915946,25.89349937438965
46,2018-04-27T03:00:00,26.028508785149118,25.01449966430664
46,2018-04-27T04:00:00,25.82526256132844,24.135499954223643
46,2018-04-27T05:00:00,25.820933277423457,23.69650077819824
46,2018-04-27T06:00:00,25.38995873785195,23.256500244140625
46,2018-04-27T07:00:00,25.500793879430088,23.256500244140625
46,2018-04-27T08:00:00,25.399195683851456,25.454500198364247
46,2018-04-27T09:00:00,25.92601428583038,28.96999931335449
46,2018-04-27T10:00:00,26.485949600502924,32.48550033569336
46,2018-04-27T11:00:00,27.265300526887806,36.66049957275391
46,2018-04-27T12:00:00,28.07364106355385,38.85749816894531
46,2018-04-27T13:00:00,28.77730674512482,40.615501403808594
46,2018-04-27T14:00:00,29.166177268261197,42.8125
46,2018-04-27T15:00:00,29.2602782251545,42.37300109863281
46,2018-04-27T16:00:00,29.36219187175556,41.7135009765625
46,2018-04-27T17:00:00,29.03384019907534,40.39550018310547
46,2018-04-27T18:00:00,28.6318583144809,38.63750076293945
46,2018-04-27T19:00:00,28.19192289274251,36.22050094604492
46,2018-04-27T20:00:00,27.860168310545795,33.80350112915039
46,2018-04-27T21:00:00,27.27404370759537,32.04550170898437
46,2018-04-27T22:00:00,27.151650124910716,30.727500915527344
46,2018-04-27T23:00:00,26.9787076340558,29.848499298095703
46,2018-04-28T00:00:00,26.767953212925185,28.96949958801269
46,2018-04-28T01:00:00,26.653820220944514,28.530500411987305
46,2018-04-28T02:00:00,26.57038346542496,28.09049987792969
46,2018-04-28T03:00:00,26.266043530471734,27.651500701904297
46,2018-04-28T04:00:00,25.904389418647316,26.99250030517578
46,2018-04-28T05:00:00,25.64160753027593,26.552499771118164
46,2018-04-28T06:00:00,25.396936451065322,25.673999786376957
46,2018-04-28T07:00:00,25.21472770758734,25.89349937438965
46,2018-04-28T08:00:00,25.616191731599724,27.65099906921387
46,2018-04-28T09:00:00,26.073527293982522,30.507999420166016
46,2018-04-28T10:00:00,26.75108867648395,33.363998413085945
46,2018-04-28T11:00:00,27.627713589035668,36.43999862670898
46,2018-04-28T12:00:00,28.614517562511796,38.198001861572266
46,2018-04-28T13:00:00,28.91743301310616,39.51649856567383
46,2018-04-28T14:00:00,29.6146782064289,42.15349960327149
46,2018-04-28T15:00:00,29.55344845938926,43.25199890136719
46,2018-04-28T16:00:00,29.713264844247487,42.37300109863281
46,2018-04-28T17:00:00,29.366439017291075,40.6150016784668
46,2018-04-28T18:00:00,29.005161569701258,39.29700088500977
46,2018-04-28T19:00:00,28.39959651493865,37.0994987487793
46,2018-04-28T20:00:00,28.017416990449014,35.78150177001953
46,2018-04-28T21:00:00,27.6933531846867,34.68249893188477
46,2018-04-28T22:00:00,27.51371795047166,33.36449813842773
47,2018-04-25T23:00:00,26.492576660535534,26.772499084472656
47,2018-04-26T00:00:00,25.979447444700195,26.33300018310547
47,2018-04-26T01:00:00,25.567716295554956,25.89349937438965
47,2018-04-26T02:00:00,25.3098833494249,25.673999786376957
47,2018-04-26T03:00:00,25.163811269270216,25.454500198364247
47,2018-04-26T04:00:00,25.037059780258343,25.454500198364247
47,2018-04-26T05:00:00,25.02691102195529,25.23450088500977
47,2018-04-26T06:00:00,25.01480008827615,25.01449966430664
47,2018-04-26T07:00:00,25.383197460325434,25.01449966430664
47,2018-04-26T08:00:00,26.267087279598094,25.454500198364247
47,2018-04-26T09:00:00,27.587448854014696,26.552499771118164
47,2018-04-26T10:00:00,29.485248160443476,27.87100028991699
47,2018-04-26T11:00:00,31.509422234632755,29.848499298095703
47,2018-04-26T12:00:00,33.04018495422745,32.265499114990234
47,2018-04-26T13:00:00,34.12859634859679,35.12200164794922
47,2018-04-26T14:00:00,34.99785908380539,37.31949996948242
47,2018-04-26T15:00:00,35.06637888196479,37.31949996948242
47,2018-04-26T16:00:00,34.96588863640382,36.65999984741211
47,2018-04-26T17:00:00,34.29573795252304,35.561500549316406
47,2018-04-26T18:00:00,32.886584150722975,34.02349853515625
47,2018-04-26T19:00:00,31.56751001513917,32.705001831054695
47,2018-04-26T20:00:00,30.231759042345203,31.38649940490723
47,2018-04-26T21:00:00,29.18059203324972,30.068500518798828
47,2018-04-26T22:00:00,28.397725338339235,28.96949958801269
47,2018-04-26T23:00:00,27.876868866735343,28.09049987792969
47,2018-04-27T00:00:00,27.709863989041192,27.651500701904297
47,2018-04-27T01:00:00,27.28970564616852,26.772499084472656
47,2018-04-27T02:00:00,27.13415007946902,25.89349937438965
47,2018-04-27T03:00:00,26.735772145548047,25.01449966430664
47,2018-04-27T04:00:00,26.50154619784922,24.135499954223643
47,2018-04-27T05:00:00,26.19817440777557,23.69650077819824
47,2018-04-27T06:00:00,25.882659298493245,23.256500244140625
47,2018-04-27T07:00:00,25.85861384104412,23.256500244140625
47,2018-04-27T08:00:00,26.218096639953096,25.454500198364247
47,2018-04-27T09:00:00,27.12349923142453,28.96999931335449
47,2018-04-27T10:00:00,28.32378746389438,32.48550033569336
47,2018-04-27T11:00:00,29.72576609197772,36.66049957275391
47,2018-04-27T12:00:00,30.892606412697624,38.85749816894531
47,2018-04-27T13:00:00,31.813069301707497,40.615501403808594
47,2018-04-27T14:00:00,32.542292445839706,42.8125
47,2018-04-27T15:00:00,32.671944606383015,42.37300109863281
47,2018-04-27T16:00:00,32.62199540067703,41.7135009765625
47,2018-04-27T17:00:00,32.18839158943432,40.39550018310547
47,2018-04-27T18:00:00,31.335041438552143,38.63750076293945
47,2018-04-27T19:00:00,30.308625412508846,36.22050094604492
47,2018-04-27T20:00:00,29.195332124566505,33.80350112915039
47,2018-04-27T21:00:00,28.403796690052978,32.04550170898437
47,2018-04-27T22:00:00,27.801081767150354,30.727500915527344
47,2018-04-27T23:00:00,27.462824546932588,29.848499298095703
47,2018-04-28T00:00:00,27.016651045020097,28.96949958801269
47,2018-04-28T01:00:00,26.950395611156793,28.530500411987305
47,2018-04-28T02:00:00,26.597203131193336,28.09049987792969
47,2018-04-28T03:00:00,26.439276122689858,27.651500701904297
47,2018-04-28T04:00:00,26.10436493205149,26.99250030517578
47,2018-04-28T05:00:00,25.6819453037887,26.552499771118164
47,2018-04-28T06:00:00,25.331901404304645,25.673999786376957
47,2018-04-28T07:00:00,25.3753741883038,25.89349937438965
47,2018-04-28T08:00:00,25.68677987037465,27.65099906921387
47,2018-04-28T09:00:00,26.490557582415644,30.507999420166016
47,2018-04-28T10:00:00,27.839543061503417,33.363998413085945
47,2018-04-28T11:00:00,29.145403593143993,36.43999862670898
47,2018-04-28T12:00:00,30.264246517883873,38.198001861572266
47,2018-04-28T13:00:00,31.385046406666383,39.51649856567383
47,2018-04-28T14:00:00,32.147253984568735,42.15349960327149
47,2018-04-28T15:00:00,32.41906755854113,43.25199890136719
47,2018-04-28T16:00:00,32.4007284542038,42.37300109863281
47,2018-04-28T17:00:00,31.946073706658936,40.6150016784668
47,2018-04-28T18:00:00,31.04486401496104,39.29700088500977
47,2018-04-28T19:00:00,30.00811981021969,37.0994987487793
47,2018-04-28T20:00:00,29.1748610260834,35.78150177001953
47,2018-04-28T21:00:00,28.374026143779023,34.68249893188477
47,2018-04-28T22:00:00,27.75450652924468,33.36449813842773
47,2018-04-28T23:00:00,27.40343552953325,32.265499114990234
47,2018-04-29T00:00:00,26.964299836517473,31.16699981689453
47,2018-04-29T01:00:00,26.792456058962294,30.727500915527344
47,2018-04-29T02:00:00,26.461880538107973,29.848499298095703
47,2018-04-29T03:00:00,26.150354778704006,29.62899971008301
47,2018-04-29T04:00:00,26.02522997835023,29.18950080871582
47,2018-04-29T05:00:00,25.561231435365084,28.530500411987305
47,2018-04-29T06:00:00,25.36966441418537,28.09049987792969
47,2018-04-29T07:00:00,25.405108323663736,27.87100028991699
47,2018-04-29T08:00:00,25.84443536498434,29.18950080871582
47,2018-04-29T09:00:00,26.662772539191437,31.82600021362305
47,2018-04-29T10:00:00,27.82142563839646,34.02349853515625
47,2018-04-29T11:00:00,29.252845860158455,37.0994987487793
47,2018-04-29T12:00:00,30.332874419853145,38.63800048828125
47,2018-04-29T13:00:00,31.486505937442477,40.615501403808594
47,2018-04-29T14:00:00,32.21446308105017,41.054500579833984
47,2018-04-29T15:00:00,32.56945888764798,39.95600128173828
47,2018-04-29T16:00:00,32.48773696872433,38.85749816894531
47,2018-04-29T17:00:00,32.01096028173137,37.97850036621094
47,2018-04-29T18:00:00,31.15180320014214,37.31949996948242
47,2018-04-29T19:00:00,30.087488407271216,36.22050094604492
47,2018-04-29T20:00:00,28.986020421760152,35.34149932861328
47,2018-04-29T21:00:00,28.250332863654435,34.463001251220696
47,2018-04-29T22:00:00,27.318095896086067,33.36449813842773
48,2018-04-26T23:00:00,28.259135341810453,28.09049987792969
48,2018-04-27T00:00:00,27.923167858354706,27.651500701904297
48,2018-04-27T01:00:00,27.640389444944894,26.772499084472656
48,2018-04-27T02:00:00,27.28817474569639,25.89349937438965
48,2018-04-27T03:00:00,26.990721639213426,25.01449966430664
48,2018-04-27T04:00:00,26.61914250292032,24.135499954223643
48,2018-04-27T05:00:00,26.125809398150984,23.69650077819824
48,2018-04-27T06:00:00,25.936010467237217,23.256500244140625
48,2018-04-27T07:00:00,25.85592150881716,23.256500244140625
48,2018-04-27T08:00:00,26.138177249428907,25.454500198364247
48,2018-04-27T09:00:00,27.047820862833966,28.96999931335449
48,2018-04-27T10:00:00,28.33034261436738,32.48550033569336
48,2018-04-27T11:00:00,29.730251100105033,36.66049957275391
48,2018-04-27T12:00:00,30.89218175173984,38.85749816894531
48,2018-04-27T13:00:00,32.01555435155041,40.615501403808594
48,2018-04-27T14:00:00,33.04589883355385,42.8125
48,2018-04-27T15:00:00,33.594940180643235,42.37300109863281
48,2018-04-27T16:00:00,33.48257664733117,41.7135009765625
48,2018-04-27T17:00:00,32.675339385307055,40.39550018310547
48,2018-04-27T18:00:00,31.86952298137476,38.63750076293945
48,2018-04-27T19:00:00,30.6845885688132,36.22050094604492
48,2018-04-27T20:00:00,29.70770404356494,33.80350112915039
48,2018-04-27T21:00:00,28.925515323750695,32.04550170898437
48,2018-04-27T22:00:00,28.195167991222625,30.727500915527344
48,2018-04-27T23:00:00,27.81000643226026,29.848499298095703
48,2018-04-28T00:00:00,27.70933766716938,28.96949958801269
48,2018-04-28T01:00:00,27.36835287835624,28.530500411987305
48,2018-04-28T02:00:00,26.996869188148434,28.09049987792969
48,2018-04-28T03:00:00,26.717405102989808,27.651500701904297
48,2018-04-28T04:00:00,26.267428353960263,26.99250030517578
48,2018-04-28T05:00:00,25.83986649658089,26.552499771118164
48,2018-04-28T06:00:00,25.690888727418354,25.673999786376957
48,2018-04-28T07:00:00,25.51738530550777,25.89349937438965
48,2018-04-28T08:00:00,25.79896836218022,27.65099906921387
48,2018-04-28T09:00:00,26.62898131802164,30.507999420166016
48,2018-04-28T10:00:00,27.689342453516833,33.363998413085945
48,2018-04-28T11:00:00,28.9196726777343,36.43999862670898
48,2018-04-28T12:00:00,30.096209294418834,38.198001861572266
48,2018-04-28T13:00:00,31.244363324240698,39.51649856567383
48,2018-04-28T14:00:00,32.16136107562327,42.15349960327149
48,2018-04-28T15:00:00,32.39215700802964,43.25199890136719
48,2018-04-28T16:00:00,32.364251058619,42.37300109863281
48,2018-04-28T17:00:00,31.834750729533702,40.6150016784668
48,2018-04-28T18:00:00,31.085443881710482,39.29700088500977
48,2018-04-28T19:00:00,30.163602372637456,37.0994987487793
48,2018-04-28T20:00:00,29.303598603307776,35.78150177001953
48,2018-04-28T21:00:00,28.39228846932396,34.68249893188477
48,2018-04-28T22:00:00,27.917228192589956,33.36449813842773
48,2018-04-28T23:00:00,27.511161717292257,32.265499114990234
48,2018-04-29T00:00:00,27.19071117874483,31.16699981689453
48,2018-04-29T01:00:00,26.861760407978174,30.727500915527344
48,2018-04-29T02:00:00,26.782938134283956,29.848499298095703
48,2018-04-29T03:00:00,26.414344966621215,29.62899971008301
48,2018-04-29T04:00:00,26.19562165261959,29.18950080871582
48,2018-04-29T05:00:00,25.86406053975181,28.530500411987305
48,2018-04-29T06:00:00,25.780284648440517,28.09049987792969
48,2018-04-29T07:00:00,25.468858098229155,27.87100028991699
48,2018-04-29T08:00:00,25.936889894011227,29.18950080871582
48,2018-04-29T09:00:00,26.59436506408344,31.82600021362305
48,2018-04-29T10:00:00,27.83901588437994,34.02349853515625
48,2018-04-29T11:00:00,29.102179208437082,37.0994987487793
48,2018-04-29T12:00:00,30.37818211778132,38.63800048828125
48,2018-04-29T13:00:00,31.37243897088999,40.615501403808594
48,2018-04-29T14:00:00,31.97983562120517,41.054500579833984
48,2018-04-29T15:00:00,32.51159210417062,39.95600128173828
48,2018-04-29T16:00:00,32.28406836461696,38.85749816894531
48,2018-04-29T17:00:00,31.900525283896748,37.97850036621094
48,2018-04-29T18:00:00,30.95288135678359,37.31949996948242
48,2018-04-29T19:00:00,30.209309085376955,36.22050094604492
48,2018-04-29T20:00:00,29.09014468864296,35.34149932861328
48,2018-04-29T21:00:00,28.264658408789742,34.463001251220696
48,2018-04-29T22:00:00,27.493512344910652,33.36449813842773
48,2018-04-29T23:00:00,27.202777297236963,32.705001831054695
48,2018-04-30T00:00:00,26.87794792720503,32.265499114990234
48,2018-04-30T01:00:00,26.675944098963036,31.60650062561035
48,2018-04-30T02:00:00,26.38225569625563,30.94750022888184
48,2018-04-30T03:00:00,26.04749252117129,30.727500915527344
48,2018-04-30T04:00:00,25.655645288929186,30.50749969482422
48,2018-04-30T05:00:00,25.393638372595685,30.068500518798828
48,2018-04-30T06:00:00,25.16965252407724,29.62899971008301
48,2018-04-30T07:00:00,25.141168652611267,29.848499298095703
48,2018-04-30T08:00:00,25.419651136930852,31.16699981689453
48,2018-04-30T09:00:00,26.4000595270871,32.92449951171875
48,2018-04-30T10:00:00,27.456194978161776,35.12200164794922
48,2018-04-30T11:00:00,28.839748691657856,37.75849914550781
48,2018-04-30T12:00:00,29.772533943960678,39.73600006103516
48,2018-04-30T13:00:00,30.83893104655758,41.49399948120117
48,2018-04-30T14:00:00,31.611918444454815,42.59299850463867
48,2018-04-30T15:00:00,32.03009157717335,41.93349838256836
48,2018-04-30T16:00:00,31.983955995637903,41.49399948120117
48,2018-04-30T17:00:00,31.35456786026123,40.834999084472656
48,2018-04-30T18:00:00,30.604839316352656,39.95600128173828
48,2018-04-30T19:00:00,29.81065387886768,38.85749816894531
48,2018-04-30T20:00:00,28.841511220507343,37.53900146484375
48,2018-04-30T21:00:00,28.013997454840244,36.44049835205078
48,2018-04-30T22:00:00,27.40812903661201,35.561500549316406
49,2018-04-27T23:00:00,29.78684109548361,29.848499298095703
49,2018-04-28T00:00:00,29.023591102647487,28.96949958801269
49,2018-04-28T01:00:00,28.386319474128936,28.530500411987305
49,2018-04-28T02:00:00,27.67171577381262,28.09049987792969
49,2018-04-28T03:00:00,27.016229462968294,27.651500701904297
49,2018-04-28T04:00:00,26.344160278562892,26.99250030517578
49,2018-04-28T05:00:00,26.087373590297403,26.552499771118164
49,2018-04-28T06:00:00,25.915979561082043,25.673999786376957
49,2018-04-28T07:00:00,26.411400620238318,25.89349937438965
49,2018-04-28T08:00:00,27.57518579957356,27.65099906921387
49,2018-04-28T09:00:00,29.446761140120472,30.507999420166016
49,2018-04-28T10:00:00,31.787592723146624,33.363998413085945
49,2018-04-28T11:00:00,34.2707065609598,36.43999862670898
49,2018-04-28T12:00:00,36.28907356760176,38.198001861572266
49,2018-04-28T13:00:00,37.903714580639885,39.51649856567383
49,2018-04-28T14:00:00,38.887122851520175,42.15349960327149
49,2018-04-28T15:00:00,39.01245325437311,43.25199890136719
49,2018-04-28T16:00:00,38.332761268935286,42.37300109863281
49,2018-04-28T17:00:00,37.047241620861676,40.6150016784668
49,2018-04-28T18:00:00,35.261037124745876,39.29700088500977
49,2018-04-28T19:00:00,33.440586641644046,37.0994987487793
49,2018-04-28T20:00:00,31.883446136305526,35.78150177001953
49,2018-04-28T21:00:00,30.328877657793733,34.68249893188477
49,2018-04-28T22:00:00,29.22190901289688,33.36449813842773
49,2018-04-28T23:00:00,28.49405319950591,32.265499114990234
49,2018-04-29T00:00:00,27.88446327341265,31.16699981689453
49,2018-04-29T01:00:00,27.3892312818901,30.727500915527344
49,2018-04-29T02:00:00,26.829917450090786,29.848499298095703
49,2018-04-29T03:00:00,26.439173492490607,29.62899971008301
49,2018-04-29T04:00:00,25.972253865967733,29.18950080871582
49,2018-04-29T05:00:00,25.65293972880988,28.530500411987305
49,2018-04-29T06:00:00,25.486949521685638,28.09049987792969
49,2018-04-29T07:00:00,25.739975383316427,27.87100028991699
49,2018-04-29T08:00:00,26.783016931470268,29.18950080871582
49,2018-04-29T09:00:00,28.403278681227302,31.82600021362305
49,2018-04-29T10:00:00,30.49672649782637,34.02349853515625
49,2018-04-29T11:00:00,32.80710869282731,37.0994987487793
49,2018-04-29T12:00:00,34.82816917203178,38.63800048828125
49,2018-04-29T13:00:00,36.094390921639956,40.615501403808594
49,2018-04-29T14:00:00,36.972502888762016,41.054500579833984
49,2018-04-29T15:00:00,37.135135263833945,39.95600128173828
49,2018-04-29T16:00:00,36.482809392958714,38.85749816894531
49,2018-04-29T17:00:00,35.2394830724003,37.97850036621094
49,2018-04-29T18:00:00,33.83011933482598,37.31949996948242
49,2018-04-29T19:00:00,32.11248629406987,36.22050094604492
49,2018-04-29T20:00:00,30.56384482359825,35.34149932861328
49,2018-04-29T21:00:00,29.343249609737242,34.463001251220696
49,2018-04-29T22:00:00,28.163009776169854,33.36449813842773
49,2018-04-29T23:00:00,27.611735606465608,32.705001831054695
49,2018-04-30T00:00:00,27.088419887220603,32.265499114990234
49,2018-04-30T01:00:00,26.646871586287592,31.60650062561035
49,2018-04-30T02:00:00,26.39611373802665,30.94750022888184
49,2018-04-30T03:00:00,25.55573250928933,30.727500915527344
49,2018-04-30T04:00:00,25.174864427695763,30.50749969482422
49,2018-04-30T05:00:00,24.775155722191197,30.068500518798828
49,2018-04-30T06:00:00,24.428135422410566,29.62899971008301
49,2018-04-30T07:00:00,24.93554688177864,29.848499298095703
49,2018-04-30T08:00:00,25.87073880085049,31.16699981689453
49,2018-04-30T09:00:00,27.258129982933397,32.92449951171875
49,2018-04-30T10:00:00,29.46247921741261,35.12200164794922
49,2018-04-30T11:00:00,31.42736425882333,37.75849914550781
49,2018-04-30T12:00:00,33.29203056856687,39.73600006103516
49,2018-04-30T13:00:00,34.77807491564419,41.49399948120117
49,2018-04-30T14:00:00,35.71665363129125,42.59299850463867
49,2018-04-30T15:00:00,35.81421104785835,41.93349838256836
49,2018-04-30T16:00:00,35.42508465623189,41.49399948120117
49,2018-04-30T17:00:00,34.27394785071919,40.834999084472656
49,2018-04-30T18:00:00,32.848339919241326,39.95600128173828
49,2018-04-30T19:00:00,31.07999227955994,38.85749816894531
49,2018-04-30T20:00:00,29.507752534224036,37.53900146484375
49,2018-04-30T21:00:00,28.3993332114608,36.44049835205078
49,2018-04-30T22:00:00,27.377251714866,35.561500549316406
49,2018-04-30T23:00:00,26.57711349775748,34.90250015258789
49,2018-05-01T00:00:00,26.018161494427293,34.463001251220696
49,2018-05-01T01:00:00,25.582492991642805,34.02349853515625
49,2018-05-01T02:00:00,25.13790102110074,33.80350112915039
49,2018-05-01T03:00:00,24.633790833141838,33.36449813842773
49,2018-05-01T04:00:00,24.341791267379847,32.48550033569336
49,2018-05-01T05:00:00,23.90360205286825,32.04550170898437
49,2018-05-01T06:00:00,23.9656109911873,31.60650062561035
49,2018-05-01T07:00:00,24.395107769923182,31.82600021362305
49,2018-05-01T08:00:00,25.161204918343515,33.144500732421875
49,2018-05-01T09:00:00,26.689066396238996,34.02349853515625
49,2018-05-01T10:00:00,28.863263733430554,35.34149932861328
49,2018-05-01T11:00:00,31.1454290665339,36.65999984741211
49,2018-05-01T12:00:00,32.96014024082662,37.31949996948242
49,2018-05-01T13:00:00,34.518386301478166,38.19850158691406
49,2018-05-01T14:00:00,35.37398211515346,38.19850158691406
49,2018-05-01T15:00:00,35.71556917218586,39.73649978637695
49,2018-05-01T16:00:00,35.061474184742686,39.73649978637695
49,2018-05-01T17:00:00,33.99358951442444,38.63750076293945
49,2018-05-01T18:00:00,32.42385833624207,36.65999984741211
49,2018-05-01T19:00:00,31.0646567050204,33.36449813842773
49,2018-05-01T20:00:00,29.354768937334487,31.60650062561035
49,2018-05-01T21:00:00,28.35132448054544,31.38649940490723
49,2018-05-01T22:00:00,27.249136498573222,31.38649940490723
50,2018-04-28T23:00:00,32.43718429744676,32.265499114990234
50,2018-04-29T00:00:00,31.64772726130829,31.16699981689453
50,2018-04-29T01:00:00,30.891922895570627,30.727500915527344
50,2018-04-29T02:00:00,30.02759614839154,29.848499298095703
50,2018-04-29T03:00:00,29.318797394598427,29.62899971008301
50,2018-04-29T04:00:00,28.740764752952277,29.18950080871582
50,2018-04-29T05:00:00,28.0261709473275,28.530500411987305
50,2018-04-29T06:00:00,27.43738183633747,28.09049987792969
50,2018-04-29T07:00:00,27.75530989563769,27.87100028991699
50,2018-04-29T08:00:00,28.84363764069296,29.18950080871582
50,2018-04-29T09:00:00,30.840289414261417,31.82600021362305
50,2018-04-29T10:00:00,33.28805193784266,34.02349853515625
50,2018-04-29T11:00:00,35.85229426396074,37.0994987487793
50,2018-04-29T12:00:00,38.26539366581279,38.63800048828125
50,2018-04-29T13:00:00,39.71757141554063,40.615501403808594
50,2018-04-29T14:00:00,41.12532328881897,41.054500579833984
50,2018-04-29T15:00:00,41.22051279862228,39.95600128173828
50,2018-04-29T16:00:00,40.85532832197727,38.85749816894531
50,2018-04-29T17:00:00,39.41626420297521,37.97850036621094
50,2018-04-29T18:00:00,37.75312152617473,37.31949996948242
50,2018-04-29T19:00:00,36.052660342289826,36.22050094604492
50,2018-04-29T20:00:00,34.32057959225123,35.34149932861328
50,2018-04-29T21:00:00,32.80708223704262,34.463001251220696
50,2018-04-29T22:00:00,31.646031924450252,33.36449813842773
50,2018-04-29T23:00:00,30.805543846272162,32.705001831054695
50,2018-04-30T00:00:00,30.274496880084186,32.265499114990234
50,2018-04-30T01:00:00,29.708639688881426,31.60650062561035
50,2018-04-30T02:00:00,29.04019295139207,30.94750022888184
50,2018-04-30T03:00:00,28.283190035977512,30.727500915527344
50,2018-04-30T04:00:00,27.615689377874894,30.50749969482422
50,2018-04-30T05:00:00,27.071716480192187,30.068500518798828
50,2018-04-30T06:00:00,26.48963938423303,29.62899971008301
50,2018-04-30T07:00:00,26.888272525249466,29.848499298095703
50,2018-04-30T08:00:00,28.022865228609696,31.16699981689453
50,2018-04-30T09:00:00,29.939018942678853,32.92449951171875
50,2018-04-30T10:00:00,31.998105507174788,35.12200164794922
50,2018-04-30T11:00:00,34.49400410294195,37.75849914550781
50,2018-04-30T12:00:00,36.55970142067217,39.73600006103516
50,2018-04-30T13:00:00,38.34159487825174,41.49399948120117
50,2018-04-30T14:00:00,39.61116978453649,42.59299850463867
50,2018-04-30T15:00:00,39.73414128927647,41.93349838256836
50,2018-04-30T16:00:00,39.20811020302645,41.49399948120117
50,2018-04-30T17:00:00,38.10113790905585,40.834999084472656
50,2018-04-30T18:00:00,36.26192753779977,39.95600128173828
50,2018-04-30T19:00:00,34.3923789954444,38.85749816894531
50,2018-04-30T20:00:00,32.70264072881057,37.53900146484375
50,2018-04-30T21:00:00,31.194796130943033,36.44049835205078
50,2018-04-30T22:00:00,30.07953081512548,35.561500549316406
50,2018-04-30T23:00:00,29.18941750057037,34.90250015258789
50,2018-05-01T00:00:00,28.67689196697037,34.463001251220696
50,2018-05-01T01:00:00,28.12349751436642,34.02349853515625
50,2018-05-01T02:00:00,27.579326357945476,33.80350112915039
50,2018-05-01T03:00:00,26.801397201920857,33.36449813842773
50,2018-05-01T04:00:00,26.227453549252168,32.48550033569336
50,2018-05-01T05:00:00,25.54580702868642,32.04550170898437
50,2018-05-01T06:00:00,25.399777597081197,31.60650062561035
50,2018-05-01T07:00:00,25.762868759762206,31.82600021362305
50,2018-05-01T08:00:00,26.935946989605874,33.144500732421875
50,2018-05-01T09:00:00,28.72016665757995,34.02349853515625
50,2018-05-01T10:00:00,31.10625694401749,35.34149932861328
50,2018-05-01T11:00:00,33.62352189289916,36.65999984741211
50,2018-05-01T12:00:00,35.47984972702085,37.31949996948242
50,2018-05-01T13:00:00,37.22196326323735,38.19850158691406
50,2018-05-01T14:00:00,38.53380390834454,38.19850158691406
50,2018-05-01T15:00:00,38.97320450130793,39.73649978637695
50,2018-05-01T16:00:00,38.28375375232419,39.73649978637695
50,2018-05-01T17:00:00,37.19689469673527,38.63750076293945
50,2018-05-01T18:00:00,35.226925697354424,36.65999984741211
50,2018-05-01T19:00:00,33.56735831459511,33.36449813842773
50,2018-05-01T20:00:00,32.11521397669879,31.60650062561035
50,2018-05-01T21:00:00,30.547160802274135,31.38649940490723
50,2018-05-01T22:00:00,29.471945142789995,31.38649940490723
50,2018-05-01T23:00:00,28.588294839595672,30.507999420166016
50,2018-05-02T00:00:00,27.963828643314578,30.727500915527344
50,2018-05-02T01:00:00,27.47501011557329,30.727500915527344
50,2018-05-02T02:00:00,26.89504463596368,30.727500915527344
50,2018-05-02T03:00:00,26.277566621176284,30.288000106811523
50,2018-05-02T04:00:00,25.88588165868255,30.288000106811523
50,2018-05-02T05:00:00,25.248255283178622,30.288000106811523
50,2018-05-02T06:00:00,25.111494955035337,30.288000106811523
50,2018-05-02T07:00:00,25.549795352262784,30.068500518798828
50,2018-05-02T08:00:00,26.411352155977564,30.288000106811523
50,2018-05-02T09:00:00,28.3657779827325,30.727500915527344
50,2018-05-02T10:00:00,30.820101483901393,31.60650062561035
50,2018-05-02T11:00:00,33.11687263381084,33.583999633789055
50,2018-05-02T12:00:00,35.13230122381475,35.78150177001953
50,2018-05-02T13:00:00,36.936513214690756,36.88000106811523
50,2018-05-02T14:00:00,38.237739388457406,38.198001861572266
50,2018-05-02T15:00:00,38.52954840414946,38.19850158691406
50,2018-05-02T16:00:00,37.83991622778015,36.87950134277344
50,2018-05-02T17:00:00,36.77091824786718,35.78150177001953
50,2018-05-02T18:00:00,35.12593815146132,34.68249893188477
50,2018-05-02T19:00:00,33.285643777234064,33.144500732421875
50,2018-05-02T20:00:00,31.746446565764437,31.38649940490723
50,2018-05-02T21:00:00,30.265627464231542,30.50749969482422
50,2018-05-02T22:00:00,29.15277252127355,29.62899971008301
51,2018-04-29T23:00:00,32.46246120325332,32.705001831054695
51,2018-04-30T00:00:00,31.738880439408703,32.265499114990234
51,2018-04-30T01:00:00,30.998557269059955,31.60650062561035
51,2018-04-30T02:00:00,30.27104793522165,30.94750022888184
51,2018-04-30T03:00:00,29.672019181185448,30.727500915527344
51,2018-04-30T04:00:00,28.870287041820447,30.50749969482422
51,2018-04-30T05:00:00,28.33038314189273,30.068500518798828
51,2018-04-30T06:00:00,27.886822627659825,29.62899971008301
51,2018-04-30T07:00:00,28.106834178729134,29.848499298095703
51,2018-04-30T08:00:00,29.334531938335868,31.16699981689453
51,2018-04-30T09:00:00,31.093808242949265,32.92449951171875
51,2018-04-30T10:00:00,33.13968230962745,35.12200164794922
51,2018-04-30T11:00:00,35.239458555186026,37.75849914550781
51,2018-04-30T12:00:00,37.05916610967885,39.73600006103516
51,2018-04-30T13:00:00,38.73386289431076,41.49399948120117
51,2018-04-30T14:00:00,39.74848899113147,42.59299850463867
51,2018-04-30T15:00:00,39.78384555090692,41.93349838256836
51,2018-04-30T16:00:00,39.320542726639125,41.49399948120117
51,2018-04-30T17:00:00,38.08756289856765,40.834999084472656
51,2018-04-30T18:00:00,36.84880772708378,39.95600128173828
51,2018-04-30T19:00:00,35.42784312792059,38.85749816894531
51,2018-04-30T20:00:00,34.2001516059493,37.53900146484375
51,2018-04-30T21:00:00,33.04762074023014,36.44049835205078
51,2018-04-30T22:00:00,32.17101812123836,35.561500549316406
51,2018-04-30T23:00:00,31.414660464693196,34.90250015258789
51,2018-05-01T00:00:00,30.736633027053625,34.463001251220696
51,2018-05-01T01:00:00,30.078946279123983,34.02349853515625
51,2018-05-01T02:00:00,29.268083479874488,33.80350112915039
51,2018-05-01T03:00:00,28.688734260401297,33.36449813842773
51,2018-05-01T04:00:00,28.089880239980996,32.48550033569336
51,2018-05-01T05:00:00,27.505782697499292,32.04550170898437
51,2018-05-01T06:00:00,27.107345009995647,31.60650062561035
51,2018-05-01T07:00:00,27.55572141211824,31.82600021362305
51,2018-05-01T08:00:00,28.59438403756073,33.144500732421875
51,2018-05-01T09:00:00,30.25737177697041,34.02349853515625
51,2018-05-01T10:00:00,32.40959775602288,35.34149932861328
51,2018-05-01T11:00:00,34.64227965347451,36.65999984741211
51,2018-05-01T12:00:00,36.669334420516435,37.31949996948242
51,2018-05-01T13:00:00,38.305208937577824,38.19850158691406
51,2018-05-01T14:00:00,39.44342528520642,38.19850158691406
51,2018-05-01T15:00:00,39.552467249136576,39.73649978637695
51,2018-05-01T16:00:00,38.82957581813025,39.73649978637695
51,2018-05-01T17:00:00,37.74384865960549,38.63750076293945
51,2018-05-01T18:00:00,36.43460204980109,36.65999984741211
51,2018-05-01T19:00:00,34.80899956131541,33.36449813842773
51,2018-05-01T20:00:00,33.50806280471064,31.60650062561035
51,2018-05-01T21:00:00,32.3421361892513,31.38649940490723
51,2018-05-01T22:00:00,31.38526135991703,31.38649940490723
51,2018-05-01T23:00:00,30.70948893582207,30.507999420166016
51,2018-05-02T00:00:00,30.07353286681091,30.727500915527344
51,2018-05-02T01:00:00,29.259229777845686,30.727500915527344
51,2018-05-02T02:00:00,28.75848706917783,30.727500915527344
51,2018-05-02T03:00:00,28.035737267846464,30.288000106811523
51,2018-05-02T04:00:00,27.53131925770995,30.288000106811523
51,2018-05-02T05:00:00,26.98502988239664,30.288000106811523
51,2018-05-02T06:00:00,26.601673132504843,30.288000106811523
51,2018-05-02T07:00:00,26.95776366122798,30.068500518798828
51,2018-05-02T08:00:00,28.114815467047542,30.288000106811523
51,2018-05-02T09:00:00,29.932603300856698,30.727500915527344
51,2018-05-02T10:00:00,32.07596362716384,31.60650062561035
51,2018-05-02T11:00:00,34.13667243300923,33.583999633789055
51,2018-05-02T12:00:00,36.25399342516295,35.78150177001953
51,2018-05-02T13:00:00,37.79469223048115,36.88000106811523
51,2018-05-02T14:00:00,38.83432531568438,38.198001861572266
51,2018-05-02T15:00:00,38.98116563989722,38.19850158691406
51,2018-05-02T16:00:00,38.37028343994844,36.87950134277344
51,2018-05-02T17:00:00,37.30884428824369,35.78150177001953
51,2018-05-02T18:00:00,35.92166167353237,34.68249893188477
51,2018-05-02T19:00:00,34.43736318017783,33.144500732421875
51,2018-05-02T20:00:00,32.95326310520851,31.38649940490723
51,2018-05-02T21:00:00,31.811797257404585,30.50749969482422
51,2018-05-02T22:00:00,30.974474066504218,29.62899971008301
51,2018-05-02T23:00:00,30.13235143135276,28.530500411987305
51,2018-05-03T00:00:00,29.55215452064384,28.09049987792969
51,2018-05-03T01:00:00,29.02147692054296,26.772499084472656
51,2018-05-03T02:00:00,28.325934213982137,25.454500198364247
51,2018-05-03T03:00:00,27.731367022774393,24.355499267578125
51,2018-05-03T04:00:00,27.202913567334857,23.47649955749512
51,2018-05-03T05:00:00,26.676595002493382,22.597999572753903
51,2018-05-03T06:00:00,26.467398849888028,21.938499450683597
51,2018-05-03T07:00:00,26.943834006384595,22.59749984741211
51,2018-05-03T08:00:00,27.866067551415398,25.01499938964844
51,2018-05-03T09:00:00,29.693546264595337,27.87100028991699
51,2018-05-03T10:00:00,31.924072756812404,30.94750022888184
51,2018-05-03T11:00:00,34.03808232857058,34.90200042724609
51,2018-05-03T12:00:00,35.8774626098232,36.88000106811523
51,2018-05-03T13:00:00,37.657142105937865,38.198001861572266
51,2018-05-03T14:00:00,38.46862198636538,40.615501403808594
51,2018-05-03T15:00:00,38.68269261730083,41.27450180053711
51,2018-05-03T16:00:00,37.93856437529816,40.17549896240234
51,2018-05-03T17:00:00,36.93803100130409,38.198001861572266
51,2018-05-03T18:00:00,35.635933839246476,37.31949996948242
51,2018-05-03T19:00:00,34.28700081559388,35.34199905395508
51,2018-05-03T20:00:00,33.0088491035579,32.92449951171875
51,2018-05-03T21:00:00,31.93010604412558,30.727500915527344
51,2018-05-03T22:00:00,30.9598672804129,29.40950012207031
52,2018-04-30T23:00:00,34.63104050632121,34.90250015258789
52,2018-05-01T00:00:00,33.848876828275586,34.463001251220696
52,2018-05-01T01:00:00,33.12742552703183,34.02349853515625
52,2018-05-01T02:00:00,32.156997695685426,33.80350112915039
52,2018-05-01T03:00:00,31.41766616112853,33.36449813842773
52,2018-05-01T04:00:00,30.80227450425831,32.48550033569336
52,2018-05-01T05:00:00,30.232654775917535,32.04550170898437
52,2018-05-01T06:00:00,29.75213019369499,31.60650062561035
52,2018-05-01T07:00:00,30.10957596560256,31.82600021362305
52,2018-05-01T08:00:00,31.242066802482174,33.144500732421875
52,2018-05-01T09:00:00,33.052001453268296,34.02349853515625
52,2018-05-01T10:00:00,35.33789311785604,35.34149932861328
52,2018-05-01T11:00:00,37.61692053261736,36.65999984741211
52,2018-05-01T12:00:00,39.80640937037955,37.31949996948242
52,2018-05-01T13:00:00,41.36910308176587,38.19850158691406
52,2018-05-01T14:00:00,42.16520325666817,38.19850158691406
52,2018-05-01T15:00:00,42.21355120319876,39.73649978637695
52,2018-05-01T16:00:00,41.57482189515357,39.73649978637695
52,2018-05-01T17:00:00,40.44907922194168,38.63750076293945
52,2018-05-01T18:00:00,39.15389637044102,36.65999984741211
52,2018-05-01T19:00:00,37.796597161012755,33.36449813842773
52,2018-05-01T20:00:00,36.439319617959896,31.60650062561035
52,2018-05-01T21:00:00,35.23235084372027,31.38649940490723
52,2018-05-01T22:00:00,34.35503255013907,31.38649940490723
52,2018-05-01T23:00:00,33.44697993288948,30.507999420166016
52,2018-05-02T00:00:00,32.6682739802901,30.727500915527344
52,2018-05-02T01:00:00,31.985234197752767,30.727500915527344
52,2018-05-02T02:00:00,31.217786435910323,30.727500915527344
52,2018-05-02T03:00:00,30.52563879335743,30.288000106811523
52,2018-05-02T04:00:00,29.85746967055704,30.288000106811523
52,2018-05-02T05:00:00,29.28876175451981,30.288000106811523
52,2018-05-02T06:00:00,28.83675099125538,30.288000106811523
52,2018-05-02T07:00:00,29.36029128590238,30.068500518798828
52,2018-05-02T08:00:00,30.635634191838605,30.288000106811523
52,2018-05-02T09:00:00,32.465396198884726,30.727500915527344
52,2018-05-02T10:00:00,34.61518915801367,31.60650062561035
52,2018-05-02T11:00:00,37.02294335102174,33.583999633789055
52,2018-05-02T12:00:00,39.06707532708445,35.78150177001953
52,2018-05-02T13:00:00,40.47028262110649,36.88000106811523
52,2018-05-02T14:00:00,41.49805450611542,38.198001861572266
52,2018-05-02T15:00:00,41.456849621452555,38.19850158691406
52,2018-05-02T16:00:00,40.72114845914376,36.87950134277344
52,2018-05-02T17:00:00,39.743131238596455,35.78150177001953
52,2018-05-02T18:00:00,38.261254247776414,34.68249893188477
52,2018-05-02T19:00:00,36.730405888982126,33.144500732421875
52,2018-05-02T20:00:00,35.4801263724246,31.38649940490723
52,2018-05-02T21:00:00,34.33398936811864,30.50749969482422
52,2018-05-02T22:00:00,33.139602486139154,29.62899971008301
52,2018-05-02T23:00:00,32.41103799981901,28.530500411987305
52,2018-05-03T00:00:00,31.831709454629294,28.09049987792969
52,2018-05-03T01:00:00,31.025322882923394,26.772499084472656
52,2018-05-03T02:00:00,30.535905576389624,25.454500198364247
52,2018-05-03T03:00:00,29.50413946086619,24.355499267578125
52,2018-05-03T04:00:00,28.912977539669523,23.47649955749512
52,2018-05-03T05:00:00,28.357228978361913,22.597999572753903
52,2018-05-03T06:00:00,28.084957571070667,21.938499450683597
52,2018-05-03T07:00:00,28.593966024759187,22.59749984741211
52,2018-05-03T08:00:00,29.84501161873733,25.01499938964844
52,2018-05-03T09:00:00,31.57021660156047,27.87100028991699
52,2018-05-03T10:00:00,33.95627579674932,30.94750022888184
52,2018-05-03T11:00:00,36.27912299961681,34.90200042724609
52,2018-05-03T12:00:00,38.15958535139386,36.88000106811523
52,2018-05-03T13:00:00,39.679304035247384,38.198001861572266
52,2018-05-03T14:00:00,40.50230210293659,40.615501403808594
52,2018-05-03T15:00:00,40.41560695262444,41.27450180053711
52,2018-05-03T16:00:00,39.78665830256766,40.17549896240234
52,2018-05-03T17:00:00,38.7921939083894,38.198001861572266
52,2018-05-03T18:00:00,37.495338754808756,37.31949996948242
52,2018-05-03T19:00:00,35.97045549126192,35.34199905395508
52,2018-05-03T20:00:00,34.707119702856616,32.92449951171875
52,2018-05-03T21:00:00,33.547904760327484,30.727500915527344
52,2018-05-03T22:00:00,32.67421820739704,29.40950012207031
52,2018-05-03T23:00:00,31.813730924391987,28.09049987792969
52,2018-05-04T00:00:00,31.169814914143867,27.21199989318848
52,2018-05-04T01:00:00,30.534656908965427,26.33300018310547
52,2018-05-04T02:00:00,29.89649320735165,25.454500198364247
52,2018-05-04T03:00:00,29.19546982008383,24.57550048828125
52,2018-05-04T04:00:00,28.562617904079154,24.135499954223643
52,2018-05-04T05:00:00,28.014342930897627,23.47649955749512
52,2018-05-04T06:00:00,28.014190696102073,22.8174991607666
52,2018-05-04T07:00:00,28.50036551552413,23.69650077819824
52,2018-05-04T08:00:00,29.470601713481827,25.893999099731445
52,2018-05-04T09:00:00,31.255598594253136,28.75
52,2018-05-04T10:00:00,33.633309164833754,31.606000900268555
52,2018-05-04T11:00:00,35.90838793969574,35.78099822998047
52,2018-05-04T12:00:00,37.80183928352328,37.0994987487793
52,2018-05-04T13:00:00,39.45077588814374,38.85749816894531
52,2018-05-04T14:00:00,40.26759824060992,39.73649978637695
52,2018-05-04T15:00:00,40.33660906725595,40.6150016784668
52,2018-05-04T16:00:00,39.53900250909579,39.73649978637695
52,2018-05-04T17:00:00,38.48127788640252,38.41799926757813
52,2018-05-04T18:00:00,37.25624961810174,37.0994987487793
52,2018-05-04T19:00:00,35.78867836478855,35.78150177001953
52,2018-05-04T20:00:00,34.608032640186494,34.463001251220696
52,2018-05-04T21:00:00,33.46445979439199,33.583999633789055
52,2018-05-04T22:00:00,32.635313607600004,32.92449951171875
53,2018-05-01T23:00:00,31.15645976034917,30.507999420166016
53,2018-05-02T00:00:00,31.00522196016562,30.727500915527344
53,2018-05-02T01:00:00,30.913862381331164,30.727500915527344
53,2018-05-02T02:00:00,30.77084206716792,30.727500915527344
53,2018-05-02T03:00:00,30.51462303793783,30.288000106811523
53,2018-05-02T04:00:00,30.259736376761104,30.288000106811523
53,2018-05-02T05:00:00,29.791150035802428,30.288000106811523
53,2018-05-02T06:00:00,29.48156820640579,30.288000106811523
53,2018-05-02T07:00:00,29.5716132634382,30.068500518798828
53,2018-05-02T08:00:00,30.452333919174833,30.288000106811523
53,2018-05-02T09:00:00,31.991399992056532,30.727500915527344
53,2018-05-02T10:00:00,33.60156644244096,31.60650062561035
53,2018-05-02T11:00:00,35.40096427873731,33.583999633789055
53,2018-05-02T12:00:00,37.15446566186247,35.78150177001953
53,2018-05-02T13:00:00,38.12626200989908,36.88000106811523
53,2018-05-02T14:00:00,38.84166223459512,38.198001861572266
53,2018-05-02T15:00:00,38.873956537292095,38.19850158691406
53,2018-05-02T16:00:00,38.472125895401284,36.87950134277344
53,2018-05-02T17:00:00,37.27878150817905,35.78150177001953
53,2018-05-02T18:00:00,35.96819614444223,34.68249893188477
53,2018-05-02T19:00:00,34.383187206732565,33.144500732421875
53,2018-05-02T20:00:00,33.060110493378055,31.38649940490723
53,2018-05-02T21:00:00,32.20998179041675,30.50749969482422
53,2018-05-02T22:00:00,31.5618658103147,29.62899971008301
53,2018-05-02T23:00:00,31.179977698574156,28.530500411987305
53,2018-05-03T00:00:00,30.851519780831,28.09049987792969
53,2018-05-03T01:00:00,30.57876600019993,26.772499084472656
53,2018-05-03T02:00:00,30.317882770514647,25.454500198364247
53,2018-05-03T03:00:00,29.995043628113258,24.355499267578125
53,2018-05-03T04:00:00,29.55449346288472,23.47649955749512
53,2018-05-03T05:00:00,29.10516784545263,22.597999572753903
53,2018-05-03T06:00:00,28.69959575122807,21.938499450683597
53,2018-05-03T07:00:00,29.116306665884487,22.59749984741211
53,2018-05-03T08:00:00,30.03151931319474,25.01499938964844
53,2018-05-03T09:00:00,31.431711445996402,27.87100028991699
53,2018-05-03T10:00:00,33.28134915952972,30.94750022888184
53,2018-05-03T11:00:00,35.125380983512954,34.90200042724609
53,2018-05-03T12:00:00,36.84529230065884,36.88000106811523
53,2018-05-03T13:00:00,37.99261126275948,38.198001861572266
53,2018-05-03T14:00:00,38.67493035323098,40.615501403808594
53,2018-05-03T15:00:00,38.90870415788534,41.27450180053711
53,2018-05-03T16:00:00,38.368114521737645,40.17549896240234
53,2018-05-03T17:00:00,37.47559042380218,38.198001861572266
53,2018-05-03T18:00:00,36.12260510374902,37.31949996948242
53,2018-05-03T19:00:00,34.606952628389735,35.34199905395508
53,2018-05-03T20:00:00,33.32437516006148,32.92449951171875
53,2018-05-03T21:00:00,32.54028408687396,30.727500915527344
53,2018-05-03T22:00:00,31.81363924141399,29.40950012207031
53,2018-05-03T23:00:00,31.242195888466117,28.09049987792969
53,2018-05-04T00:00:00,30.951365508740682,27.21199989318848
53,2018-05-04T01:00:00,30.55804336650182,26.33300018310547
53,2018-05-04T02:00:00,30.18037723309126,25.454500198364247
53,2018-05-04T03:00:00,29.77650534495752,24.57550048828125
53,2018-05-04T04:00:00,29.200545088697083,24.135499954223643
53,2018-05-04T05:00:00,28.715311274168585,23.47649955749512
53,2018-05-04T06:00:00,28.545852599637236,22.8174991607666
53,2018-05-04T07:00:00,28.922641746591857,23.69650077819824
53,2018-05-04T08:00:00,29.884602358433124,25.893999099731445
53,2018-05-04T09:00:00,31.3344461833965,28.75
53,2018-05-04T10:00:00,33.03160814847622,31.606000900268555
53,2018-05-04T11:00:00,35.12415238599439,35.78099822998047
53,2018-05-04T12:00:00,36.52171501905774,37.0994987487793
53,2018-05-04T13:00:00,37.908434429469786,38.85749816894531
53,2018-05-04T14:00:00,38.83205376727433,39.73649978637695
53,2018-05-04T15:00:00,39.00545170814681,40.6150016784668
53,2018-05-04T16:00:00,38.418812129663266,39.73649978637695
53,2018-05-04T17:00:00,37.39620710501874,38.41799926757813
53,2018-05-04T18:00:00,36.09819553715967,37.0994987487793
53,2018-05-04T19:00:00,34.71979168162498,35.78150177001953
53,2018-05-04T20:00:00,33.601287858466776,34.463001251220696
53,2018-05-04T21:00:00,32.73660756165464,33.583999633789055
53,2018-05-04T22:00:00,32.15537431400042,32.92449951171875
53,2018-05-04T23:00:00,31.467296643049067,31.82600021362305
53,2018-05-05T00:00:00,31.057958488049646,31.38649940490723
53,2018-05-05T01:00:00,30.714542788933745,31.38649940490723
53,2018-05-05T02:00:00,30.314234152897797,31.16699981689453
53,2018-05-05T03:00:00,29.932651537050344,29.40950012207031
53,2018-05-05T04:00:00,29.49410991324124,27.87100028991699
53,2018-05-05T05:00:00,29.12804767471211,27.43149948120117
53,2018-05-05T06:00:00,28.917010495979206,26.11350059509277
53,2018-05-05T07:00:00,29.21063139082222,26.33300018310547
53,2018-05-05T08:00:00,30.045677035147566,25.01499938964844
53,2018-05-05T09:00:00,31.394182204902854,23.47649955749512
53,2018-05-05T10:00:00,33.373308212761344,23.256999969482425
53,2018-05-05T11:00:00,34.990157257519535,24.355499267578125
53,2018-05-05T12:00:00,36.72628220757631,25.673999786376957
53,2018-05-05T13:00:00,37.85995158124396,27.65099906921387
53,2018-05-05T14:00:00,38.66350647171903,28.75
53,2018-05-05T15:00:00,38.747807259482705,28.530500411987305
53,2018-05-05T16:00:00,38.13288667522704,29.18950080871582
53,2018-05-05T17:00:00,37.328199203486484,30.068500518798828
53,2018-05-05T18:00:00,36.01594723934741,30.50749969482422
53,2018-05-05T19:00:00,34.557948874885945,30.50749969482422
53,2018-05-05T20:00:00,33.33792314459721,30.50749969482422
53,2018-05-05T21:00:00,32.41672873033381,30.50749969482422
53,2018-05-05T22:00:00,31.81286746231564,30.50749969482422
54,2018-05-02T23:00:00,29.089147841517658,28.530500411987305
54,2018-05-03T00:00:00,28.93623068057709,28.09049987792969
54,2018-05-03T01:00:00,28.70579217494463,26.772499084472656
54,2018-05-03T02:00:00,28.734869266067296,25.454500198364247
54,2018-05-03T03:00:00,28.62980861835157,24.355499267578125
54,2018-05-03T04:00:00,28.32078638581801,23.47649955749512
54,2018-05-03T05:00:00,28.08199310916872,22.597999572753903
54,2018-05-03T06:00:00,27.974131278496376,21.938499450683597
54,2018-05-03T07:00:00,28.21063007458777,22.59749984741211
54,2018-05-03T08:00:00,29.01284244802311,25.01499938964844
54,2018-05-03T09:00:00,30.217904193513714,27.87100028991699
54,2018-05-03T10:00:00,31.83696161209263,30.94750022888184
54,2018-05-03T11:00:00,33.61560659579887,34.90200042724609
54,2018-05-03T12:00:00,35.22997324410434,36.88000106811523
54,2018-05-03T13:00:00,36.52674743386113,38.198001861572266
54,2018-05-03T14:00:00,37.25809844412443,40.615501403808594
54,2018-05-03T15:00:00,37.251471156024714,41.27450180053711
54,2018-05-03T16:00:00,36.717702436952656,40.17549896240234
54,2018-05-03T17:00:00,35.8835580454237,38.198001861572266
54,2018-05-03T18:00:00,34.63198128314766,37.31949996948242
54,2018-05-03T19:00:00,33.279143294447195,35.34199905395508
54,2018-05-03T20:00:00,32.03246438737998,32.92449951171875
54,2018-05-03T21:00:00,31.052713286633146,30.727500915527344
54,2018-05-03T22:00:00,30.507375293266875,29.40950012207031
54,2018-05-03T23:00:00,30.053862546159124,28.09049987792969
54,2018-05-04T00:00:00,29.832003126948983,27.21199989318848
54,2018-05-04T01:00:00,29.563171473415764,26.33300018310547
54,2018-05-04T02:00:00,29.396295282588117,25.454500198364247
54,2018-05-04T03:00:00,29.075335116681288,24.57550048828125
54,2018-05-04T04:00:00,28.980495855239617,24.135499954223643
54,2018-05-04T05:00:00,28.66188264243089,23.47649955749512
54,2018-05-04T06:00:00,28.51285792565388,22.8174991607666
54,2018-05-04T07:00:00,28.916689343279046,23.69650077819824
54,2018-05-04T08:00:00,29.619679786559093,25.893999099731445
54,2018-05-04T09:00:00,30.684458570560817,28.75
54,2018-05-04T10:00:00,32.24180399419718,31.606000900268555
54,2018-05-04T11:00:00,34.0849032517699,35.78099822998047
54,2018-05-04T12:00:00,35.71578127459764,37.0994987487793
54,2018-05-04T13:00:00,37.07519580646597,38.85749816894531
54,2018-05-04T14:00:00,37.94625479822854,39.73649978637695
54,2018-05-04T15:00:00,38.047691066159466,40.6150016784668
54,2018-05-04T16:00:00,37.5466082410113,39.73649978637695
54,2018-05-04T17:00:00,36.47193549528119,38.41799926757813
54,2018-05-04T18:00:00,35.288592192908645,37.0994987487793
54,2018-05-04T19:00:00,33.95327557392461,35.78150177001953
54,2018-05-04T20:00:00,32.86428853817104,34.463001251220696
54,2018-05-04T21:00:00,31.965864686214978,33.583999633789055
54,2018-05-04T22:00:00,31.446449370675648,32.92449951171875
54,2018-05-04T23:00:00,31.073770380747256,31.82600021362305
54,2018-05-05T00:00:00,30.655313532544575,31.38649940490723
54,2018-05-05T01:00:00,30.186103428041573,31.38649940490723
54,2018-05-05T02:00:00,30.07229600185963,31.16699981689453
54,2018-05-05T03:00:00,29.813082679549684,29.40950012207031
54,2018-05-05T04:00:00,29.61840009060466,27.87100028991699
54,2018-05-05T05:00:00,29.203786880204113,27.43149948120117
54,2018-05-05T06:00:00,29.050252740715727,26.11350059509277
54,2018-05-05T07:00:00,29.241972715102392,26.33300018310547
54,2018-05-05T08:00:00,29.992695449154443,25.01499938964844
54,2018-05-05T09:00:00,31.249205873175477,23.47649955749512
54,2018-05-05T10:00:00,32.73841727416806,23.256999969482425
54,2018-05-05T11:00:00,34.489074888505584,24.355499267578125
54,2018-05-05T12:00:00,36.008129440936415,25.673999786376957
54,2018-05-05T13:00:00,37.29599669780106,27.65099906921387
54,2018-05-05T14:00:00,37.86935786707223,28.75
54,2018-05-05T15:00:00,37.72617163408687,28.530500411987305
54,2018-05-05T16:00:00,37.39432555136584,29.18950080871582
54,2018-05-05T17:00:00,36.35118958342869,30.068500518798828
54,2018-05-05T18:00:00,35.303007174560925,30.50749969482422
54,2018-05-05T19:00:00,34.12854731416825,30.50749969482422
54,2018-05-05T20:00:00,32.92816603031775,30.50749969482422
54,2018-05-05T21:00:00,32.01669103802387,30.50749969482422
54,2018-05-05T22:00:00,31.51336277814969,30.50749969482422
54,2018-05-05T23:00:00,31.015678723099978,30.94750022888184
54,2018-05-06T00:00:00,30.632335429167636,30.06800079345703
54,2018-05-06T01:00:00,30.44505025393414,29.62899971008301
54,2018-05-06T02:00:00,30.02571443509167,29.62899971008301
54,2018-05-06T03:00:00,29.773673025138784,29.84900093078613
54,2018-05-06T04:00:00,29.507707513776634,29.18950080871582
54,2018-05-06T05:00:00,29.213313460029255,28.75
54,2018-05-06T06:00:00,29.265857465062847,28.75
54,2018-05-06T07:00:00,29.472815811787,29.62899971008301
54,2018-05-06T08:00:00,30.1435144040915,30.288000106811523
54,2018-05-06T09:00:00,31.266724962220813,30.288000106811523
54,2018-05-06T10:00:00,32.762914304493876,29.62899971008301
54,2018-05-06T11:00:00,34.408008890588675,29.62899971008301
54,2018-05-06T12:00:00,36.01353428932952,28.09049987792969
54,2018-05-06T13:00:00,37.30272296702627,27.43199920654297
54,2018-05-06T14:00:00,37.84501124700509,28.530500411987305
54,2018-05-06T15:00:00,37.94259614565887,28.75
54,2018-05-06T16:00:00,37.37223383080975,29.62899971008301
54,2018-05-06T17:00:00,36.5578943309305,30.068500518798828
54,2018-05-06T18:00:00,35.427187434980944,29.40950012207031
54,2018-05-06T19:00:00,34.08708813467836,29.62899971008301
54,2018-05-06T20:00:00,33.135752143164,29.62899971008301
54,2018-05-06T21:00:00,32.142268779657,29.18950080871582
54,2018-05-06T22:00:00,31.567081363006974,28.96949958801269
55,2018-05-03T23:00:00,28.170776282287946,28.09049987792969
55,2018-05-04T00:00:00,27.39218497902448,27.21199989318848
55,2018-05-04T01:00:00,26.707178801869542,26.33300018310547
55,2018-05-04T02:00:00,26.030917972059708,25.454500198364247
55,2018-05-04T03:00:00,25.465814086519437,24.57550048828125
55,2018-05-04T04:00:00,25.044610169983528,24.135499954223643
55,2018-05-04T05:00:00,24.822427990200104,23.47649955749512
55,2018-05-04T06:00:00,25.053369657489416,22.8174991607666
55,2018-05-04T07:00:00,25.991280364572923,23.69650077819824
55,2018-05-04T08:00:00,27.420695990476478,25.893999099731445
55,2018-05-04T09:00:00,29.311820684880335,28.75
55,2018-05-04T10:00:00,31.655672435199918,31.606000900268555
55,2018-05-04T11:00:00,34.07871100168145,35.78099822998047
55,2018-05-04T12:00:00,36.31955530694644,37.0994987487793
55,2018-05-04T13:00:00,37.87407041775463,38.85749816894531
55,2018-05-04T14:00:00,39.04194050708708,39.73649978637695
55,2018-05-04T15:00:00,39.16753398535076,40.6150016784668
55,2018-05-04T16:00:00,38.58706601688227,39.73649978637695
55,2018-05-04T17:00:00,37.39286523766408,38.41799926757813
55,2018-05-04T18:00:00,35.96729425305794,37.0994987487793
55,2018-05-04T19:00:00,34.14422099819754,35.78150177001953
55,2018-05-04T20:00:00,32.629644999594824,34.463001251220696
55,2018-05-04T21:00:00,31.521939697934474,33.583999633789055
55,2018-05-04T22:00:00,30.33666900042004,32.92449951171875
55,2018-05-04T23:00:00,29.701228990260773,31.82600021362305
55,2018-05-05T00:00:00,29.242343141701546,31.38649940490723
55,2018-05-05T01:00:00,28.691353793606925,31.38649940490723
55,2018-05-05T02:00:00,28.27092462104179,31.16699981689453
55,2018-05-05T03:00:00,27.694655447881615,29.40950012207031
55,2018-05-05T04:00:00,27.407293854857237,27.87100028991699
55,2018-05-05T05:00:00,27.05018352405423,27.43149948120117
55,2018-05-05T06:00:00,27.1442740924907,26.11350059509277
55,2018-05-05T07:00:00,27.596428255230865,26.33300018310547
55,2018-05-05T08:00:00,28.772541077612633,25.01499938964844
55,2018-05-05T09:00:00,30.286628453836727,23.47649955749512
55,2018-05-05T10:00:00,32.29166904313978,23.256999969482425
55,2018-05-05T11:00:00,34.213490681012786,24.355499267578125
55,2018-05-05T12:00:00,36.245168368363096,25.673999786376957
55,2018-05-05T13:00:00,37.500896294131635,27.65099906921387
55,2018-05-05T14:00:00,38.692151358564274,28.75
55,2018-05-05T15:00:00,38.633443805687946,28.530500411987305
55,2018-05-05T16:00:00,38.185122025638066,29.18950080871582
55,2018-05-05T17:00:00,37.145987153035406,30.068500518798828
55,2018-05-05T18:00:00,35.947746050939905,30.50749969482422
55,2018-05-05T19:00:00,34.40469712809247,30.50749969482422
55,2018-05-05T20:00:00,32.88510182854515,30.50749969482422
55,2018-05-05T21:00:00,31.718190191240133,30.50749969482422
55,2018-05-05T22:00:00,30.824671378606833,30.50749969482422
55,2018-05-05T23:00:00,30.26396280239973,30.94750022888184
55,2018-05-06T00:00:00,29.782659279771593,30.06800079345703
55,2018-05-06T01:00:00,29.196323190190583,29.62899971008301
55,2018-05-06T02:00:00,29.00117517329197,29.62899971008301
55,2018-05-06T03:00:00,28.174241693595782,29.84900093078613
55,2018-05-06T04:00:00,27.844981606811945,29.18950080871582
55,2018-05-06T05:00:00,27.48565497685616,28.75
55,2018-05-06T06:00:00,27.554016781525494,28.75
55,2018-05-06T07:00:00,27.991965715933937,29.62899971008301
55,2018-05-06T08:00:00,28.94302506204454,30.288000106811523
55,2018-05-06T09:00:00,30.47871204701933,30.288000106811523
55,2018-05-06T10:00:00,32.21964704644779,29.62899971008301
55,2018-05-06T11:00:00,34.181863132510266,29.62899971008301
55,2018-05-06T12:00:00,35.89899784663225,28.09049987792969
55,2018-05-06T13:00:00,37.34482586593257,27.43199920654297
55,2018-05-06T14:00:00,38.32729757922794,28.530500411987305
55,2018-05-06T15:00:00,38.50109076040107,28.75
55,2018-05-06T16:00:00,38.14184743195701,29.62899971008301
55,2018-05-06T17:00:00,37.181148943499394,30.068500518798828
55,2018-05-06T18:00:00,35.831925590416475,29.40950012207031
55,2018-05-06T19:00:00,34.42719560633825,29.62899971008301
55,2018-05-06T20:00:00,32.96916337391102,29.62899971008301
55,2018-05-06T21:00:00,31.84801967396103,29.18950080871582
55,2018-05-06T22:00:00,30.936821441104463,28.96949958801269
55,2018-05-06T23:00:00,30.38793381124684,28.530500411987305
55,2018-05-07T00:00:00,29.836370315607553,27.43149948120117
55,2018-05-07T01:00:00,29.276013441689916,26.552499771118164
55,2018-05-07T02:00:00,28.879008182122558,26.33300018310547
55,2018-05-07T03:00:00,28.1397901041106,25.89349937438965
55,2018-05-07T04:00:00,27.831727771830614,25.673999786376957
55,2018-05-07T05:00:00,27.50884643701398,25.454500198364247
55,2018-05-07T06:00:00,27.366999300061703,25.454500198364247
55,2018-05-07T07:00:00,28.07343575754193,25.454500198364247
55,2018-05-07T08:00:00,29.190060809465972,25.454500198364247
55,2018-05-07T09:00:00,30.558130602171182,25.23450088500977
55,2018-05-07T10:00:00,32.293373160581524,25.89349937438965
55,2018-05-07T11:00:00,34.262539933904904,26.11350059509277
55,2018-05-07T12:00:00,36.063233533483555,26.33300018310547
55,2018-05-07T13:00:00,37.50173717756415,27.21199989318848
55,2018-05-07T14:00:00,38.58028067827571,27.651500701904297
55,2018-05-07T15:00:00,38.7976395807951,27.651500701904297
55,2018-05-07T16:00:00,38.3714939061318,27.651500701904297
55,2018-05-07T17:00:00,37.42983845114482,27.87100028991699
55,2018-05-07T18:00:00,36.01023301792035,27.87100028991699
55,2018-05-07T19:00:00,34.449792723608866,27.651500701904297
55,2018-05-07T20:00:00,33.046120742851336,27.651500701904297
55,2018-05-07T21:00:00,32.110743861353725,27.21199989318848
55,2018-05-07T22:00:00,31.06002135505455,26.772499084472656
56,2018-05-04T23:00:00,32.11971374076808,31.82600021362305
56,2018-05-05T00:00:00,31.401824847773806,31.38649940490723
56,2018-05-05T01:00:00,30.664771589606683,31.38649940490723
56,2018-05-05T02:00:00,29.89929729246224,31.16699981689453
56,2018-05-05T03:00:00,29.18958437727435,29.40950012207031
56,2018-05-05T04:00:00,28.477036747563073,27.87100028991699
56,2018-05-05T05:00:00,28.077471450656926,27.43149948120117
56,2018-05-05T06:00:00,27.763908709864978,26.11350059509277
56,2018-05-05T07:00:00,28.166698465177838,26.33300018310547
56,2018-05-05T08:00:00,29.52304885841404,25.01499938964844
56,2018-05-05T09:00:00,31.361768965208306,23.47649955749512
56,2018-05-05T10:00:00,33.51935018805759,23.256999969482425
56,2018-05-05T11:00:00,35.78811960037042,24.355499267578125
56,2018-05-05T12:00:00,37.620133656088726,25.673999786376957
56,2018-05-05T13:00:00,38.95164417711684,27.65099906921387
56,2018-05-05T14:00:00,39.92969138848903,28.75
56,2018-05-05T15:00:00,40.05075009438213,28.530500411987305
56,2018-05-05T16:00:00,39.66034333400326,29.18950080871582
56,2018-05-05T17:00:00,38.50861241367046,30.068500518798828
56,2018-05-05T18:00:00,37.28674629584209,30.50749969482422
56,2018-05-05T19:00:00,35.862539038516864,30.50749969482422
56,2018-05-05T20:00:00,34.562283974502215,30.50749969482422
56,2018-05-05T21:00:00,33.52581064506675,30.50749969482422
56,2018-05-05T22:00:00,32.83249119370554,30.50749969482422
56,2018-05-05T23:00:00,32.357631524801,30.94750022888184
56,2018-05-06T00:00:00,31.867695593660358,30.06800079345703
56,2018-05-06T01:00:00,31.27220701133047,29.62899971008301
56,2018-05-06T02:00:00,30.605666515758603,29.62899971008301
56,2018-05-06T03:00:00,29.69590567585929,29.84900093078613
56,2018-05-06T04:00:00,29.189747821568332,29.18950080871582
56,2018-05-06T05:00:00,28.62182290553124,28.75
56,2018-05-06T06:00:00,28.39042007514328,28.75
56,2018-05-06T07:00:00,28.95446225127232,29.62899971008301
56,2018-05-06T08:00:00,29.97379301905679,30.288000106811523
56,2018-05-06T09:00:00,31.532163832417197,30.288000106811523
56,2018-05-06T10:00:00,33.40142751895287,29.62899971008301
56,2018-05-06T11:00:00,35.41485402183655,29.62899971008301
56,2018-05-06T12:00:00,37.26883892254293,28.09049987792969
56,2018-05-06T13:00:00,38.560180667786376,27.43199920654297
56,2018-05-06T14:00:00,39.48049531317511,28.530500411987305
56,2018-05-06T15:00:00,39.764853604468804,28.75
56,2018-05-06T16:00:00,39.232232861192124,29.62899971008301
56,2018-05-06T17:00:00,38.214104793905946,30.068500518798828
56,2018-05-06T18:00:00,36.99361221024419,29.40950012207031
56,2018-05-06T19:00:00,35.58449900438959,29.62899971008301
56,2018-05-06T20:00:00,34.14031557701546,29.62899971008301
56,2018-05-06T21:00:00,33.17834812316091,29.18950080871582
56,2018-05-06T22:00:00,32.443858339303915,28.96949958801269
56,2018-05-06T23:00:00,31.78972115944549,28.530500411987305
56,2018-05-07T00:00:00,31.326183882189195,27.43149948120117
56,2018-05-07T01:00:00,30.761334861643725,26.552499771118164
56,2018-05-07T02:00:00,30.165372298843636,26.33300018310547
56,2018-05-07T03:00:00,29.344707642767904,25.89349937438965
56,2018-05-07T04:00:00,28.72475390249074,25.673999786376957
56,2018-05-07T05:00:00,28.267073479831755,25.454500198364247
56,2018-05-07T06:00:00,28.081535321463292,25.454500198364247
56,2018-05-07T07:00:00,28.54084632132459,25.454500198364247
56,2018-05-07T08:00:00,29.597805231504616,25.454500198364247
56,2018-05-07T09:00:00,31.33654816391067,25.23450088500977
56,2018-05-07T10:00:00,33.30075926701299,25.89349937438965
56,2018-05-07T11:00:00,35.21355355256007,26.11350059509277
56,2018-05-07T12:00:00,37.091473754301724,26.33300018310547
56,2018-05-07T13:00:00,38.38171929498363,27.21199989318848
56,2018-05-07T14:00:00,39.131051458255996,27.651500701904297
56,2018-05-07T15:00:00,39.501679326635625,27.651500701904297
56,2018-05-07T16:00:00,39.05143494085315,27.651500701904297
56,2018-05-07T17:00:00,38.15876704660518,27.87100028991699
56,2018-05-07T18:00:00,36.66623156749248,27.87100028991699
56,2018-05-07T19:00:00,35.21149296622626,27.651500701904297
56,2018-05-07T20:00:00,33.75942309224118,27.651500701904297
56,2018-05-07T21:00:00,32.87185398032545,27.21199989318848
56,2018-05-07T22:00:00,32.25573638584587,26.772499084472656
56,2018-05-07T23:00:00,31.49252371619221,26.772499084472656
56,2018-05-08T00:00:00,30.89073842903774,26.552499771118164
56,2018-05-08T01:00:00,30.407371172749688,26.33300018310547
56,2018-05-08T02:00:00,29.800761582029192,26.33300018310547
56,2018-05-08T03:00:00,28.992392525571113,26.33300018310547
56,2018-05-08T04:00:00,28.46388876993059,26.33300018310547
56,2018-05-08T05:00:00,28.15057140654169,26.33300018310547
56,2018-05-08T06:00:00,27.861874184104288,25.89349937438965
56,2018-05-08T07:00:00,28.41326965130069,25.89349937438965
56,2018-05-08T08:00:00,29.533124601032007,26.772499084472656
56,2018-05-08T09:00:00,31.03878739489707,28.530500411987305
56,2018-05-08T10:00:00,33.207510038143255,30.288000106811523
56,2018-05-08T11:00:00,35.20015403971259,33.36449813842773
56,2018-05-08T12:00:00,36.910851445637014,36.65999984741211
56,2018-05-08T13:00:00,38.245378952422385,37.53900146484375
56,2018-05-08T14:00:00,39.16957826488624,39.95600128173828
56,2018-05-08T15:00:00,39.368154016406216,42.15299987792969
56,2018-05-08T16:00:00,38.720360181096254,41.054500579833984
56,2018-05-08T17:00:00,38.036974876888124,38.85749816894531
56,2018-05-08T18:00:00,36.57085162165278,37.0994987487793
56,2018-05-08T19:00:00,35.150675108386274,35.12200164794922
56,2018-05-08T20:00:00,33.7149099801223,32.92449951171875
56,2018-05-08T21:00:00,32.801669748401345,30.94750022888184
56,2018-05-08T22:00:00,31.996213120334193,29.40950012207031
57,2018-05-05T23:00:00,30.274114297508095,30.94750022888184
57,2018-05-06T00:00:00,29.947677681539147,30.06800079345703
57,2018-05-06T01:00:00,29.600887102354502,29.62899971008301
57,2018-05-06T02:00:00,28.893080374348,29.62899971008301
57,2018-05-06T03:00:00,27.966636309078787,29.84900093078613
57,2018-05-06T04:00:00,26.929538988031883,29.18950080871582
57,2018-05-06T05:00:00,25.876833324182552,28.75
57,2018-05-06T06:00:00,25.036582207731172,28.75
57,2018-05-06T07:00:00,24.625200799498263,29.62899971008301
57,2018-05-06T08:00:00,24.634625330695286,30.288000106811523
57,2018-05-06T09:00:00,25.033282988925986,30.288000106811523
57,2018-05-06T10:00:00,26.0013703955953,29.62899971008301
57,2018-05-06T11:00:00,27.450819094291568,29.62899971008301
57,2018-05-06T12:00:00,29.107892027251427,28.09049987792969
57,2018-05-06T13:00:00,30.471577423634656,27.43199920654297
57,2018-05-06T14:00:00,31.662436449531743,28.530500411987305
57,2018-05-06T15:00:00,32.367339885515726,28.75
57,2018-05-06T16:00:00,32.55282777789326,29.62899971008301
57,2018-05-06T17:00:00,32.25611326674423,30.068500518798828
57,2018-05-06T18:00:00,31.703784560339344,29.40950012207031
57,2018-05-06T19:00:00,31.243908444390918,29.62899971008301
57,2018-05-06T20:00:00,30.61730010497768,29.62899971008301
57,2018-05-06T21:00:00,30.025930756744977,29.18950080871582
57,2018-05-06T22:00:00,29.63282623614194,28.96949958801269
57,2018-05-06T23:00:00,29.079030134551555,28.530500411987305
57,2018-05-07T00:00:00,28.660160895401578,27.43149948120117
57,2018-05-07T01:00:00,28.18044686368599,26.552499771118164
57,2018-05-07T02:00:00,27.505090969956356,26.33300018310547
57,2018-05-07T03:00:00,26.841443163567096,25.89349937438965
57,2018-05-07T04:00:00,26.071943253873894,25.673999786376957
57,2018-05-07T05:00:00,25.36959850279074,25.454500198364247
57,2018-05-07T06:00:00,24.752125277412645,25.454500198364247
57,2018-05-07T07:00:00,24.905872385967825,25.454500198364247
57,2018-05-07T08:00:00,25.288468646083192,25.454500198364247
57,2018-05-07T09:00:00,26.293832709522345,25.23450088500977
57,2018-05-07T10:00:00,27.609046079464093,25.89349937438965
57,2018-05-07T11:00:00,29.298526310970303,26.11350059509277
57,2018-05-07T12:00:00,31.106610448037124,26.33300018310547
57,2018-05-07T13:00:00,32.5927830828635,27.21199989318848
57,2018-05-07T14:00:00,33.63507942173724,27.651500701904297
57,2018-05-07T15:00:00,34.16378368257703,27.651500701904297
57,2018-05-07T16:00:00,33.92957677848184,27.651500701904297
57,2018-05-07T17:00:00,33.41906908003598,27.87100028991699
57,2018-05-07T18:00:00,32.617298358558074,27.87100028991699
57,2018-05-07T19:00:00,31.709447466666784,27.651500701904297
57,2018-05-07T20:00:00,30.969562869369497,27.651500701904297
57,2018-05-07T21:00:00,30.352043802502404,27.21199989318848
57,2018-05-07T22:00:00,29.51395028072983,26.772499084472656
57,2018-05-07T23:00:00,29.212541749351036,26.772499084472656
57,2018-05-08T00:00:00,28.84700497744206,26.552499771118164
57,2018-05-08T01:00:00,28.26944135238547,26.33300018310547
57,2018-05-08T02:00:00,27.73582156113588,26.33300018310547
57,2018-05-08T03:00:00,27.053482058658087,26.33300018310547
57,2018-05-08T04:00:00,26.466631290031202,26.33300018310547
57,2018-05-08T05:00:00,25.886199470199557,26.33300018310547
57,2018-05-08T06:00:00,25.376246544997418,25.89349937438965
57,2018-05-08T07:00:00,25.466546866142075,25.89349937438965
57,2018-05-08T08:00:00,26.057806514095134,26.772499084472656
57,2018-05-08T09:00:00,27.11337077109421,28.530500411987305
57,2018-05-08T10:00:00,28.577460283494524,30.288000106811523
57,2018-05-08T11:00:00,30.47515191944094,33.36449813842773
57,2018-05-08T12:00:00,32.148992312076906,36.65999984741211
57,2018-05-08T13:00:00,33.54900746480164,37.53900146484375
57,2018-05-08T14:00:00,34.50040252569734,39.95600128173828
57,2018-05-08T15:00:00,34.69504525991499,42.15299987792969
57,2018-05-08T16:00:00,34.57850524766127,41.054500579833984
57,2018-05-08T17:00:00,34.12341021656163,38.85749816894531
57,2018-05-08T18:00:00,33.22455862474181,37.0994987487793
57,2018-05-08T19:00:00,32.36056971337194,35.12200164794922
57,2018-05-08T20:00:00,31.407579437079242,32.92449951171875
57,2018-05-08T21:00:00,30.608683045381635,30.94750022888184
57,2018-05-08T22:00:00,30.126687567143456,29.40950012207031
57,2018-05-08T23:00:00,29.50505706607432,28.31049919128418
57,2018-05-09T00:00:00,29.14706608833827,27.21199989318848
57,2018-05-09T01:00:00,28.86381202956836,26.33300018310547
57,2018-05-09T02:00:00,28.119027786735444,25.454500198364247
57,2018-05-09T03:00:00,27.429758579170816,24.57550048828125
57,2018-05-09T04:00:00,26.669772260880876,24.135499954223643
57,2018-05-09T05:00:00,26.070032165530325,23.256500244140625
57,2018-05-09T06:00:00,25.657161251005647,22.37800025939941
57,2018-05-09T07:00:00,25.820198901331054,22.59749984741211
57,2018-05-09T08:00:00,26.166636033512845,25.01499938964844
57,2018-05-09T09:00:00,27.00831245536468,28.530500411987305
57,2018-05-09T10:00:00,28.481475401050385,32.04550170898437
57,2018-05-09T11:00:00,30.21367042411417,36.22050094604492
57,2018-05-09T12:00:00,31.635179465081013,37.31949996948242
57,2018-05-09T13:00:00,33.15517468030473,39.51649856567383
57,2018-05-09T14:00:00,33.7116223927397,41.93349838256836
57,2018-05-09T15:00:00,34.40865295210574,42.37300109863281
57,2018-05-09T16:00:00,34.18046701969981,39.73649978637695
57,2018-05-09T17:00:00,33.55904960173103,37.0994987487793
57,2018-05-09T18:00:00,33.0204252198654,35.12200164794922
57,2018-05-09T19:00:00,32.229353354558526,33.36449813842773
57,2018-05-09T20:00:00,31.36146210091255,32.04550170898437
57,2018-05-09T21:00:00,30.585101362399563,30.50749969482422
57,2018-05-09T22:00:00,30.235885688623444,29.18950080871582
58,2018-05-06T23:00:00,28.673578893088287,28.530500411987305
58,2018-05-07T00:00:00,28.33128636746961,27.43149948120117
58,2018-05-07T01:00:00,28.14644251380242,26.552499771118164
58,2018-05-07T02:00:00,27.69581231829426,26.33300018310547
58,2018-05-07T03:00:00,27.218852835513086,25.89349937438965
58,2018-05-07T04:00:00,26.75689093181526,25.673999786376957
58,2018-05-07T05:00:00,26.456527118848044,25.454500198364247
58,2018-05-07T06:00:00,26.233929172724107,25.454500198364247
58,2018-05-07T07:00:00,26.527253352257738,25.454500198364247
58,2018-05-07T08:00:00,27.124823959229722,25.454500198364247
58,2018-05-07T09:00:00,27.545939271693612,25.23450088500977
58,2018-05-07T10:00:00,28.28982195383955,25.89349937438965
58,2018-05-07T11:00:00,29.383761672135048,26.11350059509277
58,2018-05-07T12:00:00,30.298525802667875,26.33300018310547
58,2018-05-07T13:00:00,30.857536647312298,27.21199989318848
58,2018-05-07T14:00:00,31.64951279870811,27.651500701904297
58,2018-05-07T15:00:00,31.920027302425126,27.651500701904297
58,2018-05-07T16:00:00,32.20044949751051,27.651500701904297
58,2018-05-07T17:00:00,32.02048003094659,27.87100028991699
58,2018-05-07T18:00:00,31.386397704289827,27.87100028991699
58,2018-05-07T19:00:00,30.92543701520245,27.651500701904297
58,2018-05-07T20:00:00,30.371932394781282,27.651500701904297
58,2018-05-07T21:00:00,29.760019217464272,27.21199989318848
58,2018-05-07T22:00:00,29.103694360875306,26.772499084472656
58,2018-05-07T23:00:00,28.650651523239844,26.772499084472656
58,2018-05-08T00:00:00,28.195367230649435,26.552499771118164
58,2018-05-08T01:00:00,27.743974846264873,26.33300018310547
58,2018-05-08T02:00:00,27.29736288533448,26.33300018310547
58,2018-05-08T03:00:00,26.78922286558529,26.33300018310547
58,2018-05-08T04:00:00,26.248170937406762,26.33300018310547
58,2018-05-08T05:00:00,25.933647121815625,26.33300018310547
58,2018-05-08T06:00:00,25.64247851856689,25.89349937438965
58,2018-05-08T07:00:00,25.874771483479645,25.89349937438965
58,2018-05-08T08:00:00,26.57067185628485,26.772499084472656
58,2018-05-08T09:00:00,27.57880225972798,28.530500411987305
58,2018-05-08T10:00:00,28.741750817064645,30.288000106811523
58,2018-05-08T11:00:00,29.975106685607177,33.36449813842773
58,2018-05-08T12:00:00,31.220236560867058,36.65999984741211
58,2018-05-08T13:00:00,32.16174742130666,37.53900146484375
58,2018-05-08T14:00:00,32.738074375269015,39.95600128173828
58,2018-05-08T15:00:00,33.04488336474906,42.15299987792969
58,2018-05-08T16:00:00,33.04870633967108,41.054500579833984
58,2018-05-08T17:00:00,32.764723788940195,38.85749816894531
58,2018-05-08T18:00:00,32.21775340523809,37.0994987487793
58,2018-05-08T19:00:00,31.549202041962275,35.12200164794922
58,2018-05-08T20:00:00,30.906888773325758,32.92449951171875
58,2018-05-08T21:00:00,30.382972895482258,30.94750022888184
58,2018-05-08T22:00:00,29.485121606004448,29.40950012207031
58,2018-05-08T23:00:00,29.03288489437402,28.31049919128418
58,2018-05-09T00:00:00,28.524257996959598,27.21199989318848
58,2018-05-09T01:00:00,27.992931762596108,26.33300018310547
58,2018-05-09T02:00:00,27.53353066482323,25.454500198364247
58,2018-05-09T03:00:00,26.689128886626982,24.57550048828125
58,2018-05-09T04:00:00,26.253708634891122,24.135499954223643
58,2018-05-09T05:00:00,25.740451245340278,23.256500244140625
58,2018-05-09T06:00:00,25.458149435172423,22.37800025939941
58,2018-05-09T07:00:00,25.871367581871223,22.59749984741211
58,2018-05-09T08:00:00,26.636321315838366,25.01499938964844
58,2018-05-09T09:00:00,27.408532601362168,28.530500411987305
58,2018-05-09T10:00:00,28.41837347391605,32.04550170898437
58,2018-05-09T11:00:00,29.704252932064865,36.22050094604492
58,2018-05-09T12:00:00,30.563870139047395,37.31949996948242
58,2018-05-09T13:00:00,31.803013594785092,39.51649856567383
58,2018-05-09T14:00:00,32.63990801951971,41.93349838256836
58,2018-05-09T15:00:00,32.92711578127877,42.37300109863281
58,2018-05-09T16:00:00,32.86770087826251,39.73649978637695
58,2018-05-09T17:00:00,32.48271447484019,37.0994987487793
58,2018-05-09T18:00:00,31.976175600232846,35.12200164794922
58,2018-05-09T19:00:00,31.37234694581133,33.36449813842773
58,2018-05-09T20:00:00,30.84308106971454,32.04550170898437
58,2018-05-09T21:00:00,30.28113283473406,30.50749969482422
58,2018-05-09T22:00:00,29.56204504996223,29.18950080871582
58,2018-05-09T23:00:00,29.11934599081511,28.31049919128418
58,2018-05-10T00:00:00,28.619351718576947,27.651500701904297
58,2018-05-10T01:00:00,28.103035721021378,27.21199989318848
58,2018-05-10T02:00:00,27.441521710508056,26.33300018310547
58,2018-05-10T03:00:00,27.02094509255667,25.89349937438965
58,2018-05-10T04:00:00,26.527886352519992,25.01449966430664
58,2018-05-10T05:00:00,26.082883291013157,24.57550048828125
58,2018-05-10T06:00:00,25.9729752422349,24.135499954223643
58,2018-05-10T07:00:00,26.38488234515507,24.135499954223643
58,2018-05-10T08:00:00,26.731868662936396,25.23450088500977
58,2018-05-10T09:00:00,27.65400241720346,26.55299949645996
58,2018-05-10T10:00:00,28.657150067456282,27.87100028991699
58,2018-05-10T11:00:00,29.751203283348794,30.727500915527344
58,2018-05-10T12:00:00,30.826680421773908,31.82600021362305
58,2018-05-10T13:00:00,31.87494379446553,32.265499114990234
58,2018-05-10T14:00:00,32.38431263980039,35.561500549316406
58,2018-05-10T15:00:00,32.95954179273144,37.75899887084961
58,2018-05-10T16:00:00,33.009297027360844,36.87950134277344
58,2018-05-10T17:00:00,32.33625958404231,34.90200042724609
58,2018-05-10T18:00:00,31.999155642180213,32.92449951171875
58,2018-05-10T19:00:00,31.371142181305704,31.16699981689453
58,2018-05-10T20:00:00,30.78452358499623,30.068500518798828
58,2018-05-10T21:00:00,30.193710309989765,29.40950012207031
58,2018-05-10T22:00:00,29.67093563434849,28.96949958801269
59,2018-05-07T23:00:00,26.23331350556217,26.772499084472656
59,2018-05-08T00:00:00,25.646203652698958,26.552499771118164
59,2018-05-08T01:00:00,25.252893598016897,26.33300018310547
59,2018-05-08T02:00:00,24.883692175373273,26.33300018310547
59,2018-05-08T03:00:00,24.56978106207165,26.33300018310547
59,2018-05-08T04:00:00,24.25898853842454,26.33300018310547
59,2018-05-08T05:00:00,23.92938891673152,26.33300018310547
59,2018-05-08T06:00:00,23.942504942161968,25.89349937438965
59,2018-05-08T07:00:00,24.068270611093276,25.89349937438965
59,2018-05-08T08:00:00,24.464265129687025,26.772499084472656
59,2018-05-08T09:00:00,25.10217054529936,28.530500411987305
59,2018-05-08T10:00:00,25.912138910959044,30.288000106811523
59,2018-05-08T11:00:00,26.740251725678153,33.36449813842773
59,2018-05-08T12:00:00,27.597847630886477,36.65999984741211
59,2018-05-08T13:00:00,28.105223295121725,37.53900146484375
59,2018-05-08T14:00:00,28.830701384600186,39.95600128173828
59,2018-05-08T15:00:00,29.082224305646132,42.15299987792969
59,2018-05-08T16:00:00,29.540777119208798,41.054500579833984
59,2018-05-08T17:00:00,29.230330733013687,38.85749816894531
59,2018-05-08T18:00:00,29.137143333137317,37.0994987487793
59,2018-05-08T19:00:00,28.895235343974377,35.12200164794922
59,2018-05-08T20:00:00,28.49905302351936,32.92449951171875
59,2018-05-08T21:00:00,28.12255958837884,30.94750022888184
59,2018-05-08T22:00:00,27.686552679617364,29.40950012207031
59,2018-05-08T23:00:00,27.077485551759075,28.31049919128418
59,2018-05-09T00:00:00,26.654030270752312,27.21199989318848
59,2018-05-09T01:00:00,26.20906449821787,26.33300018310547
59,2018-05-09T02:00:00,25.819560997625945,25.454500198364247
59,2018-05-09T03:00:00,25.29761698801068,24.57550048828125
59,2018-05-09T04:00:00,24.871908974130402,24.135499954223643
59,2018-05-09T05:00:00,24.55028839429476,23.256500244140625
59,2018-05-09T06:00:00,24.459331810042688,22.37800025939941
59,2018-05-09T07:00:00,24.65770948527811,22.59749984741211
59,2018-05-09T08:00:00,25.096774819590628,25.01499938964844
59,2018-05-09T09:00:00,25.612465685199215,28.530500411987305
59,2018-05-09T10:00:00,26.237335697104285,32.04550170898437
59,2018-05-09T11:00:00,27.046510617290224,36.22050094604492
59,2018-05-09T12:00:00,27.881281281101714,37.31949996948242
59,2018-05-09T13:00:00,28.786739778663684,39.51649856567383
59,2018-05-09T14:00:00,29.17646764483586,41.93349838256836
59,2018-05-09T15:00:00,29.502994940287522,42.37300109863281
59,2018-05-09T16:00:00,29.795203700605647,39.73649978637695
59,2018-05-09T17:00:00,29.707226927171988,37.0994987487793
59,2018-05-09T18:00:00,29.382884104107983,35.12200164794922
59,2018-05-09T19:00:00,29.204452300205975,33.36449813842773
59,2018-05-09T20:00:00,28.780384818657335,32.04550170898437
59,2018-05-09T21:00:00,28.348726773362184,30.50749969482422
59,2018-05-09T22:00:00,28.10847562332921,29.18950080871582
59,2018-05-09T23:00:00,27.700263504069238,28.31049919128418
59,2018-05-10T00:00:00,27.113944816008676,27.651500701904297
59,2018-05-10T01:00:00,26.8994473574779,27.21199989318848
59,2018-05-10T02:00:00,26.330981990811566,26.33300018310547
59,2018-05-10T03:00:00,25.902958639636232,25.89349937438965
59,2018-05-10T04:00:00,25.528847160193436,25.01449966430664
59,2018-05-10T05:00:00,25.142683588385736,24.57550048828125
59,2018-05-10T06:00:00,25.21344654060005,24.135499954223643
59,2018-05-10T07:00:00,25.322275033715766,24.135499954223643
59,2018-05-10T08:00:00,25.7703372733951,25.23450088500977
59,2018-05-10T09:00:00,26.225374375448943,26.55299949645996
59,2018-05-10T10:00:00,26.917316757603338,27.87100028991699
59,2018-05-10T11:00:00,27.709174029018353,30.727500915527344
59,2018-05-10T12:00:00,28.342856268948374,31.82600021362305
59,2018-05-10T13:00:00,29.141690227274772,32.265499114990234
59,2018-05-10T14:00:00,29.5636126122222,35.561500549316406
59,2018-05-10T15:00:00,30.050876052974402,37.75899887084961
59,2018-05-10T16:00:00,30.2612713824412,36.87950134277344
59,2018-05-10T17:00:00,30.305239870302735,34.90200042724609
59,2018-05-10T18:00:00,29.923924435073996,32.92449951171875
59,2018-05-10T19:00:00,29.72001065882398,31.16699981689453
59,2018-05-10T20:00:00,29.355456719316432,30.068500518798828
59,2018-05-10T21:00:00,29.07930115810106,29.40950012207031
59,2018-05-10T22:00:00,28.74743670457437,28.96949958801269
59,2018-05-10T23:00:00,28.2178706807582,28.530500411987305
59,2018-05-11T00:00:00,27.73767289589677,27.87100028991699
59,2018-05-11T01:00:00,27.281924794629244,27.43149948120117
59,2018-05-11T02:00:00,26.80995724473954,27.21199989318848
59,2018-05-11T03:00:00,26.318324950438868,26.772499084472656
59,2018-05-11T04:00:00,25.76990463008849,26.55299949645996
59,2018-05-11T05:00:00,25.5609588951693,26.11350059509277
59,2018-05-11T06:00:00,25.500865948636672,25.89349937438965
59,2018-05-11T07:00:00,25.57052220520242,26.11350059509277
59,2018-05-11T08:00:00,25.958598005689236,26.552499771118164
59,2018-05-11T09:00:00,26.373746626435906,28.31049919128418
59,2018-05-11T10:00:00,27.276499534229842,29.62899971008301
59,2018-05-11T11:00:00,27.96786752936911,30.068500518798828
59,2018-05-11T12:00:00,28.64114733960485,30.50749969482422
59,2018-05-11T13:00:00,29.295370227083,31.82600021362305
59,2018-05-11T14:00:00,29.859219811941475,34.463001251220696
59,2018-05-11T15:00:00,30.084240902683096,36.000999450683594
59,2018-05-11T16:00:00,30.104558546211617,36.44049835205078
59,2018-05-11T17:00:00,30.263141760805738,36.000999450683594
59,2018-05-11T18:00:00,30.013395618242274,35.12200164794922
59,2018-05-11T19:00:00,29.606548526245735,34.463001251220696
59,2018-05-11T20:00:00,29.198898786267577,34.02349853515625
59,2018-05-11T21:00:00,28.851708314213237,33.583999633789055
59,2018-05-11T22:00:00,28.603720386609886,33.36449813842773
60,2018-05-08T23:00:00,28.526698850988332,28.31049919128418
60,2018-05-09T00:00:00,27.93752605129673,27.21199989318848
60,2018-05-09T01:00:00,27.560710038036618,26.33300018310547
60,2018-05-09T02:00:00,27.40863215265544,25.454500198364247
60,2018-05-09T03:00:00,27.224839369068828,24.57550048828125
60,2018-05-09T04:00:00,27.02486328549688,24.135499954223643
60,2018-05-09T05:00:00,27.09437107037438,23.256500244140625
60,2018-05-09T06:00:00,27.30726544519289,22.37800025939941
60,2018-05-09T07:00:00,27.67284885682575,22.59749984741211
60,2018-05-09T08:00:00,28.238904626060698,25.01499938964844
60,2018-05-09T09:00:00,29.250595807073477,28.530500411987305
60,2018-05-09T10:00:00,30.22001130553785,32.04550170898437
60,2018-05-09T11:00:00,31.683154179787003,36.22050094604492
60,2018-05-09T12:00:00,33.1279295553437,37.31949996948242
60,2018-05-09T13:00:00,34.395881650111214,39.51649856567383
60,2018-05-09T14:00:00,35.47176543219246,41.93349838256836
60,2018-05-09T15:00:00,35.8048414808347,42.37300109863281
60,2018-05-09T16:00:00,35.776914207149325,39.73649978637695
60,2018-05-09T17:00:00,35.13906865915322,37.0994987487793
60,2018-05-09T18:00:00,34.02745360303571,35.12200164794922
60,2018-05-09T19:00:00,32.918159357823875,33.36449813842773
60,2018-05-09T20:00:00,32.05079300063028,32.04550170898437
60,2018-05-09T21:00:00,31.03438034010777,30.50749969482422
60,2018-05-09T22:00:00,30.391482991603972,29.18950080871582
60,2018-05-09T23:00:00,29.713951485893883,28.31049919128418
60,2018-05-10T00:00:00,29.26162263515124,27.651500701904297
60,2018-05-10T01:00:00,29.024168511551814,27.21199989318848
60,2018-05-10T02:00:00,28.930641052211914,26.33300018310547
60,2018-05-10T03:00:00,28.56549674958822,25.89349937438965
60,2018-05-10T04:00:00,28.472452735503555,25.01449966430664
60,2018-05-10T05:00:00,28.264758279376966,24.57550048828125
60,2018-05-10T06:00:00,28.06172974561225,24.135499954223643
60,2018-05-10T07:00:00,28.102899907057704,24.135499954223643
60,2018-05-10T08:00:00,28.327159356283993,25.23450088500977
60,2018-05-10T09:00:00,28.575234200262752,26.55299949645996
60,2018-05-10T10:00:00,29.403348987762357,27.87100028991699
60,2018-05-10T11:00:00,30.36828685607041,30.727500915527344
60,2018-05-10T12:00:00,31.35328304420019,31.82600021362305
60,2018-05-10T13:00:00,32.20096492917785,32.265499114990234
60,2018-05-10T14:00:00,33.17743403018626,35.561500549316406
60,2018-05-10T15:00:00,33.613909092303295,37.75899887084961
60,2018-05-10T16:00:00,33.7524501684371,36.87950134277344
60,2018-05-10T17:00:00,33.39644436664513,34.90200042724609
60,2018-05-10T18:00:00,32.92406344511955,32.92449951171875
60,2018-05-10T19:00:00,32.03052558888262,31.16699981689453
60,2018-05-10T20:00:00,31.310637459606976,30.068500518798828
60,2018-05-10T21:00:00,30.537279566690454,29.40950012207031
60,2018-05-10T22:00:00,30.127876686245376,28.96949958801269
60,2018-05-10T23:00:00,29.817333508369014,28.530500411987305
60,2018-05-11T00:00:00,29.3236680642078,27.87100028991699
60,2018-05-11T01:00:00,28.894026337420517,27.43149948120117
60,2018-05-11T02:00:00,28.72970003152428,27.21199989318848
60,2018-05-11T03:00:00,28.40541580688304,26.772499084472656
60,2018-05-11T04:00:00,28.058948296162274,26.55299949645996
60,2018-05-11T05:00:00,27.68828211250826,26.11350059509277
60,2018-05-11T06:00:00,27.422788460592187,25.89349937438965
60,2018-05-11T07:00:00,27.48241722213697,26.11350059509277
60,2018-05-11T08:00:00,27.553244648923123,26.552499771118164
60,2018-05-11T09:00:00,27.869316481422953,28.31049919128418
60,2018-05-11T10:00:00,28.585540895039095,29.62899971008301
60,2018-05-11T11:00:00,29.295257162813495,30.068500518798828
60,2018-05-11T12:00:00,30.304970523046485,30.50749969482422
60,2018-05-11T13:00:00,31.307379178847935,31.82600021362305
60,2018-05-11T14:00:00,32.06858976138136,34.463001251220696
60,2018-05-11T15:00:00,32.45690104115868,36.000999450683594
60,2018-05-11T16:00:00,32.618194548264626,36.44049835205078
60,2018-05-11T17:00:00,32.3908311398889,36.000999450683594
60,2018-05-11T18:00:00,31.98857766157719,35.12200164794922
60,2018-05-11T19:00:00,31.54830140494709,34.463001251220696
60,2018-05-11T20:00:00,30.76355441075281,34.02349853515625
60,2018-05-11T21:00:00,30.097383794419038,33.583999633789055
60,2018-05-11T22:00:00,29.602636377083922,33.36449813842773
60,2018-05-11T23:00:00,29.089294899189827,32.92449951171875
60,2018-05-12T00:00:00,28.697421587473762,32.705001831054695
60,2018-05-12T01:00:00,28.354381914004552,32.265499114990234
60,2018-05-12T02:00:00,28.296002390051736,31.82600021362305
60,2018-05-12T03:00:00,27.959416730695846,31.38649940490723
60,2018-05-12T04:00:00,27.711698104735326,29.18950080871582
60,2018-05-12T05:00:00,27.27221301290788,28.09049987792969
60,2018-05-12T06:00:00,27.32301119842876,27.651500701904297
60,2018-05-12T07:00:00,27.18712584975085,27.651500701904297
60,2018-05-12T08:00:00,27.504863427401265,26.772499084472656
60,2018-05-12T09:00:00,28.058321168628087,26.55299949645996
60,2018-05-12T10:00:00,28.469827044485974,27.651500701904297
60,2018-05-12T11:00:00,29.42085498575561,29.18950080871582
60,2018-05-12T12:00:00,30.48523681895335,30.288000106811523
60,2018-05-12T13:00:00,31.51152341691204,30.94750022888184
60,2018-05-12T14:00:00,32.482001423022524,32.04550170898437
60,2018-05-12T15:00:00,32.8441930890239,32.04550170898437
60,2018-05-12T16:00:00,33.04168574984113,32.48550033569336
60,2018-05-12T17:00:00,33.03645617102163,32.265499114990234
60,2018-05-12T18:00:00,32.28766007949,32.04600143432617
60,2018-05-12T19:00:00,31.68743967480697,31.82600021362305
60,2018-05-12T20:00:00,30.843005579501316,30.727500915527344
60,2018-05-12T21:00:00,30.428074078642833,30.068500518798828
60,2018-05-12T22:00:00,29.663604303081925,29.62899971008301
61,2018-05-09T23:00:00,28.226445855829596,28.31049919128418
61,2018-05-10T00:00:00,27.521751386334643,27.651500701904297
61,2018-05-10T01:00:00,26.828092114980365,27.21199989318848
61,2018-05-10T02:00:00,26.410952240301157,26.33300018310547
61,2018-05-10T03:00:00,25.993861856184697,25.89349937438965
61,2018-05-10T04:00:00,25.733757931812377,25.01449966430664
61,2018-05-10T05:00:00,25.523008984292385,24.57550048828125
61,2018-05-10T06:00:00,25.64371623876983,24.135499954223643
61,2018-05-10T07:00:00,26.357317470106594,24.135499954223643
61,2018-05-10T08:00:00,27.652476078073523,25.23450088500977
61,2018-05-10T09:00:00,29.3690268719752,26.55299949645996
61,2018-05-10T10:00:00,31.31291220095655,27.87100028991699
61,2018-05-10T11:00:00,33.14857692689569,30.727500915527344
61,2018-05-10T12:00:00,34.60796581652343,31.82600021362305
61,2018-05-10T13:00:00,35.68837273955268,32.265499114990234
61,2018-05-10T14:00:00,36.45261707077591,35.561500549316406
61,2018-05-10T15:00:00,36.59539962497756,37.75899887084961
61,2018-05-10T16:00:00,36.04104032306376,36.87950134277344
61,2018-05-10T17:00:00,34.75325482825785,34.90200042724609
61,2018-05-10T18:00:00,33.44745089147048,32.92449951171875
61,2018-05-10T19:00:00,32.23726431838374,31.16699981689453
61,2018-05-10T20:00:00,31.11678794279597,30.068500518798828
61,2018-05-10T21:00:00,30.206606376096513,29.40950012207031
61,2018-05-10T22:00:00,29.324187612486465,28.96949958801269
61,2018-05-10T23:00:00,28.762860210387952,28.530500411987305
61,2018-05-11T00:00:00,28.420489013019875,27.87100028991699
61,2018-05-11T01:00:00,27.87487772683636,27.43149948120117
61,2018-05-11T02:00:00,27.4866136569507,27.21199989318848
61,2018-05-11T03:00:00,26.979708848666252,26.772499084472656
61,2018-05-11T04:00:00,26.767614077133445,26.55299949645996
61,2018-05-11T05:00:00,26.284514799698986,26.11350059509277
61,2018-05-11T06:00:00,26.33713432915587,25.89349937438965
61,2018-05-11T07:00:00,26.630864468144303,26.11350059509277
61,2018-05-11T08:00:00,27.607365498548038,26.552499771118164
61,2018-05-11T09:00:00,28.743562368939305,28.31049919128418
61,2018-05-11T10:00:00,30.122521556482123,29.62899971008301
61,2018-05-11T11:00:00,31.480502526920638,30.068500518798828
61,2018-05-11T12:00:00,32.722257921229215,30.50749969482422
61,2018-05-11T13:00:00,33.917151340258776,31.82600021362305
61,2018-05-11T14:00:00,34.98594200716927,34.463001251220696
61,2018-05-11T15:00:00,34.881078460751205,36.000999450683594
61,2018-05-11T16:00:00,34.69057400423438,36.44049835205078
61,2018-05-11T17:00:00,33.862534170990294,36.000999450683594
61,2018-05-11T18:00:00,32.949855212425675,35.12200164794922
61,2018-05-11T19:00:00,31.98759412216772,34.463001251220696
61,2018-05-11T20:00:00,30.998522260758655,34.02349853515625
61,2018-05-11T21:00:00,30.020829009540314,33.583999633789055
61,2018-05-11T22:00:00,29.630988995928412,33.36449813842773
61,2018-05-11T23:00:00,28.897184530928577,32.92449951171875
61,2018-05-12T00:00:00,28.274071262950763,32.705001831054695
61,2018-05-12T01:00:00,27.848949119264574,32.265499114990234
61,2018-05-12T02:00:00,27.569954282183627,31.82600021362305
61,2018-05-12T03:00:00,27.049365789433327,31.38649940490723
61,2018-05-12T04:00:00,26.858604871451934,29.18950080871582
61,2018-05-12T05:00:00,26.562840601914388,28.09049987792969
61,2018-05-12T06:00:00,26.440522509442957,27.651500701904297
61,2018-05-12T07:00:00,26.98008025595398,27.651500701904297
61,2018-05-12T08:00:00,27.654827290324892,26.772499084472656
61,2018-05-12T09:00:00,28.905363276329336,26.55299949645996
61,2018-05-12T10:00:00,30.2248121181916,27.651500701904297
61,2018-05-12T11:00:00,31.561564875763793,29.18950080871582
61,2018-05-12T12:00:00,32.81916546056796,30.288000106811523
61,2018-05-12T13:00:00,33.92117170726402,30.94750022888184
61,2018-05-12T14:00:00,34.87439039276682,32.04550170898437
61,2018-05-12T15:00:00,35.17710090225664,32.04550170898437
61,2018-05-12T16:00:00,35.13198991221036,32.48550033569336
61,2018-05-12T17:00:00,34.26408565873915,32.265499114990234
61,2018-05-12T18:00:00,33.23795790952219,32.04600143432617
61,2018-05-12T19:00:00,32.26753851665883,31.82600021362305
61,2018-05-12T20:00:00,31.29089711094923,30.727500915527344
61,2018-05-12T21:00:00,30.221331072883412,30.068500518798828
61,2018-05-12T22:00:00,29.534701514043466,29.62899971008301
61,2018-05-12T23:00:00,28.830589234879792,28.96949958801269
61,2018-05-13T00:00:00,28.142633257117033,28.530500411987305
61,2018-05-13T01:00:00,27.632251497329012,28.31049919128418
61,2018-05-13T02:00:00,27.334292081863083,27.87100028991699
61,2018-05-13T03:00:00,26.67305209398176,27.651500701904297
61,2018-05-13T04:00:00,26.590732525197804,27.21199989318848
61,2018-05-13T05:00:00,26.34575766059742,26.99250030517578
61,2018-05-13T06:00:00,26.157282431186857,26.99250030517578
61,2018-05-13T07:00:00,26.565285481327603,26.99250030517578
61,2018-05-13T08:00:00,27.361082212940786,28.530500411987305
61,2018-05-13T09:00:00,28.607651476745136,31.16650009155273
61,2018-05-13T10:00:00,30.283965770333992,34.24300003051758
61,2018-05-13T11:00:00,31.581234181516948,38.63800048828125
61,2018-05-13T12:00:00,32.69080746683718,40.39550018310547
61,2018-05-13T13:00:00,33.720909969637496,42.15299987792969
61,2018-05-13T14:00:00,34.7741138460874,43.69150161743164
61,2018-05-13T15:00:00,35.02264997860172,44.570499420166016
61,2018-05-13T16:00:00,34.700874655232326,43.69150161743164
61,2018-05-13T17:00:00,34.047377431682996,42.59299850463867
61,2018-05-13T18:00:00,32.79320013419155,40.834999084472656
61,2018-05-13T19:00:00,31.767257005299683,39.29700088500977
61,2018-05-13T20:00:00,30.907358477537656,37.53900146484375
61,2018-05-13T21:00:00,30.067659283491125,36.000999450683594
61,2018-05-13T22:00:00,29.211545369763307,34.68249893188477
62,2018-05-10T23:00:00,28.52122188777522,28.530500411987305
62,2018-05-11T00:00:00,28.179695211510047,27.87100028991699
62,2018-05-11T01:00:00,27.833832090032658,27.43149948120117
62,2018-05-11T02:00:00,27.404611261095848,27.21199989318848
62,2018-05-11T03:00:00,26.849927260038335,26.772499084472656
62,2018-05-11T04:00:00,26.301373292361824,26.55299949645996
62,2018-05-11T05:00:00,25.68771927879844,26.11350059509277
62,2018-05-11T06:00:00,25.193653508440025,25.89349937438965
62,2018-05-11T07:00:00,24.96853211378367,26.11350059509277
62,2018-05-11T08:00:00,25.669693424635927,26.552499771118164
62,2018-05-11T09:00:00,26.860447083528452,28.31049919128418
62,2018-05-11T10:00:00,28.423181105776372,29.62899971008301
62,2018-05-11T11:00:00,30.341324192224413,30.068500518798828
62,2018-05-11T12:00:00,31.753267596873627,30.50749969482422
62,2018-05-11T13:00:00,33.28471200905844,31.82600021362305
62,2018-05-11T14:00:00,34.75992237020238,34.463001251220696
62,2018-05-11T15:00:00,35.26013694386491,36.000999450683594
62,2018-05-11T16:00:00,34.85403654358468,36.44049835205078
62,2018-05-11T17:00:00,33.77844845051082,36.000999450683594
62,2018-05-11T18:00:00,32.61688715355975,35.12200164794922
62,2018-05-11T19:00:00,31.320701262911765,34.463001251220696
62,2018-05-11T20:00:00,30.43065442991906,34.02349853515625
62,2018-05-11T21:00:00,29.617392433098367,33.583999633789055
62,2018-05-11T22:00:00,28.790140282072173,33.36449813842773
62,2018-05-11T23:00:00,28.42279487412653,32.92449951171875
62,2018-05-12T00:00:00,28.05567062969893,32.705001831054695
62,2018-05-12T01:00:00,27.64580449934115,32.265499114990234
62,2018-05-12T02:00:00,27.10381772408102,31.82600021362305
62,2018-05-12T03:00:00,26.550397488490347,31.38649940490723
62,2018-05-12T04:00:00,26.081283514273977,29.18950080871582
62,2018-05-12T05:00:00,25.626659441755333,28.09049987792969
62,2018-05-12T06:00:00,25.140640107085137,27.651500701904297
62,2018-05-12T07:00:00,25.36858611289193,27.651500701904297
62,2018-05-12T08:00:00,25.98687182734741,26.772499084472656
62,2018-05-12T09:00:00,27.23386877399874,26.55299949645996
62,2018-05-12T10:00:00,28.892828209667773,27.651500701904297
62,2018-05-12T11:00:00,30.67551936617269,29.18950080871582
62,2018-05-12T12:00:00,32.38499570079317,30.288000106811523
62,2018-05-12T13:00:00,33.72444067655877,30.94750022888184
62,2018-05-12T14:00:00,35.187568726445804,32.04550170898437
62,2018-05-12T15:00:00,35.61659716937245,32.04550170898437
62,2018-05-12T16:00:00,35.25934144578717,32.48550033569336
62,2018-05-12T17:00:00,34.31573772751778,32.265499114990234
62,2018-05-12T18:00:00,33.020481666474986,32.04600143432617
62,2018-05-12T19:00:00,31.826759714153077,31.82600021362305
62,2018-05-12T20:00:00,30.52489552264776,30.727500915527344
62,2018-05-12T21:00:00,29.626911498112253,30.068500518798828
62,2018-05-12T22:00:00,28.85338719831,29.62899971008301
62,2018-05-12T23:00:00,28.28971269829077,28.96949958801269
62,2018-05-13T00:00:00,27.747946406908692,28.530500411987305
62,2018-05-13T01:00:00,27.137720127966666,28.31049919128418
62,2018-05-13T02:00:00,27.000719189022924,27.87100028991699
62,2018-05-13T03:00:00,26.24615801709883,27.651500701904297
62,2018-05-13T04:00:00,25.791911395646313,27.21199989318848
62,2018-05-13T05:00:00,25.50996765084028,26.99250030517578
62,2018-05-13T06:00:00,25.18848790244472,26.99250030517578
62,2018-05-13T07:00:00,25.34453039242288,26.99250030517578
62,2018-05-13T08:00:00,26.12550424435855,28.530500411987305
62,2018-05-13T09:00:00,27.23959052164042,31.16650009155273
62,2018-05-13T10:00:00,28.992099721612657,34.24300003051758
62,2018-05-13T11:00:00,30.44161955444036,38.63800048828125
62,2018-05-13T12:00:00,32.407954304432245,40.39550018310547
62,2018-05-13T13:00:00,33.944137495017046,42.15299987792969
62,2018-05-13T14:00:00,34.994557812396216,43.69150161743164
62,2018-05-13T15:00:00,35.40621723443554,44.570499420166016
62,2018-05-13T16:00:00,34.973723083713814,43.69150161743164
62,2018-05-13T17:00:00,34.01372555951707,42.59299850463867
62,2018-05-13T18:00:00,32.698665519093,40.834999084472656
62,2018-05-13T19:00:00,31.405561841395567,39.29700088500977
62,2018-05-13T20:00:00,30.32736625705946,37.53900146484375
62,2018-05-13T21:00:00,29.148301379626496,36.000999450683594
62,2018-05-13T22:00:00,28.54133620947567,34.68249893188477
62,2018-05-13T23:00:00,27.902676142604903,34.02349853515625
62,2018-05-14T00:00:00,27.297991096187435,33.80350112915039
62,2018-05-14T01:00:00,26.855541816138576,33.36449813842773
62,2018-05-14T02:00:00,26.37754645254632,32.705001831054695
62,2018-05-14T03:00:00,25.856492588859204,32.485000610351555
62,2018-05-14T04:00:00,25.553169034979202,32.265499114990234
62,2018-05-14T05:00:00,25.027579714720172,31.82600021362305
62,2018-05-14T06:00:00,24.97561793080692,31.606000900268555
62,2018-05-14T07:00:00,25.085933421476195,32.04600143432617
62,2018-05-14T08:00:00,25.924845783995153,33.363998413085945
62,2018-05-14T09:00:00,27.197690146327307,35.78099822998047
62,2018-05-14T10:00:00,28.695743674942886,38.198001861572266
62,2018-05-14T11:00:00,30.521708854961084,41.7135009765625
62,2018-05-14T12:00:00,32.03524634998096,42.8125
62,2018-05-14T13:00:00,33.47963366935093,43.9109992980957
62,2018-05-14T14:00:00,34.5625952861066,43.9109992980957
62,2018-05-14T15:00:00,35.21912523204374,44.35100173950195
62,2018-05-14T16:00:00,34.788450144586925,45.44900131225586
62,2018-05-14T17:00:00,33.76869447637421,44.790000915527344
62,2018-05-14T18:00:00,32.519824414553035,44.13100051879883
62,2018-05-14T19:00:00,31.37459568751043,43.25199890136719
62,2018-05-14T20:00:00,30.20763084214877,41.7135009765625
62,2018-05-14T21:00:00,29.30230916888777,40.615501403808594
62,2018-05-14T22:00:00,28.498257890349002,39.95600128173828
63,2018-05-11T23:00:00,32.762670272686776,32.92449951171875
63,2018-05-12T00:00:00,32.31401118138203,32.705001831054695
63,2018-05-12T01:00:00,31.815713283707257,32.265499114990234
63,2018-05-12T02:00:00,31.01450486168768,31.82600021362305
63,2018-05-12T03:00:00,30.36136194039287,31.38649940490723
63,2018-05-12T04:00:00,29.546104926532337,29.18950080871582
63,2018-05-12T05:00:00,28.889063559487987,28.09049987792969
63,2018-05-12T06:00:00,28.112226848338597,27.651500701904297
63,2018-05-12T07:00:00,28.060143367815748,27.651500701904297
63,2018-05-12T08:00:00,28.56818935549571,26.772499084472656
63,2018-05-12T09:00:00,29.74255691712919,26.55299949645996
63,2018-05-12T10:00:00,31.230829707932863,27.651500701904297
63,2018-05-12T11:00:00,32.83822035352828,29.18950080871582
63,2018-05-12T12:00:00,34.50502042852932,30.288000106811523
63,2018-05-12T13:00:00,35.857846557740096,30.94750022888184
63,2018-05-12T14:00:00,37.48878148331164,32.04550170898437
63,2018-05-12T15:00:00,38.44297173470066,32.04550170898437
63,2018-05-12T16:00:00,38.5054851574658,32.48550033569336
63,2018-05-12T17:00:00,37.57701870938428,32.265499114990234
63,2018-05-12T18:00:00,36.30459809574147,32.04600143432617
63,2018-05-12T19:00:00,35.19184680928472,31.82600021362305
63,2018-05-12T20:00:00,34.11828064516962,30.727500915527344
63,2018-05-12T21:00:00,33.08237417653467,30.068500518798828
63,2018-05-12T22:00:00,32.11697693545478,29.62899971008301
63,2018-05-12T23:00:00,31.304775108592327,28.96949958801269
63,2018-05-13T00:00:00,30.909132725615557,28.530500411987305
63,2018-05-13T01:00:00,30.35899494589753,28.31049919128418
63,2018-05-13T02:00:00,29.747493315679503,27.87100028991699
63,2018-05-13T03:00:00,29.123202138098197,27.651500701904297
63,2018-05-13T04:00:00,28.634199092662016,27.21199989318848
63,2018-05-13T05:00:00,27.964223016960226,26.99250030517578
63,2018-05-13T06:00:00,27.578157399976032,26.99250030517578
63,2018-05-13T07:00:00,27.37034926379874,26.99250030517578
63,2018-05-13T08:00:00,28.22657873913091,28.530500411987305
63,2018-05-13T09:00:00,29.676017653748183,31.16650009155273
63,2018-05-13T10:00:00,31.140972407148297,34.24300003051758
63,2018-05-13T11:00:00,33.09070010846551,38.63800048828125
63,2018-05-13T12:00:00,34.6357021980382,40.39550018310547
63,2018-05-13T13:00:00,36.32207259766691,42.15299987792969
63,2018-05-13T14:00:00,37.82497213043398,43.69150161743164
63,2018-05-13T15:00:00,38.357421025143694,44.570499420166016
63,2018-05-13T16:00:00,37.95286532339571,43.69150161743164
63,2018-05-13T17:00:00,36.87898054952872,42.59299850463867
63,2018-05-13T18:00:00,35.571959874712476,40.834999084472656
63,2018-05-13T19:00:00,34.09500719488595,39.29700088500977
63,2018-05-13T20:00:00,32.991764254288945,37.53900146484375
63,2018-05-13T21:00:00,31.86363474474319,36.000999450683594
63,2018-05-13T22:00:00,30.93225930068074,34.68249893188477
63,2018-05-13T23:00:00,30.193745728811862,34.02349853515625
63,2018-05-14T00:00:00,29.628233888229577,33.80350112915039
63,2018-05-14T01:00:00,29.27872828414058,33.36449813842773
63,2018-05-14T02:00:00,28.69907171002735,32.705001831054695
63,2018-05-14T03:00:00,28.10927495293438,32.485000610351555
63,2018-05-14T04:00:00,27.62044127013367,32.265499114990234
63,2018-05-14T05:00:00,27.165885959848524,31.82600021362305
63,2018-05-14T06:00:00,26.650640281237568,31.606000900268555
63,2018-05-14T07:00:00,26.68547468136595,32.04600143432617
63,2018-05-14T08:00:00,27.551938919108146,33.363998413085945
63,2018-05-14T09:00:00,28.763275843309206,35.78099822998047
63,2018-05-14T10:00:00,30.63517440854597,38.198001861572266
63,2018-05-14T11:00:00,32.35418748338132,41.7135009765625
63,2018-05-14T12:00:00,33.98819150804462,42.8125
63,2018-05-14T13:00:00,35.478640515206585,43.9109992980957
63,2018-05-14T14:00:00,36.898292132020714,43.9109992980957
63,2018-05-14T15:00:00,37.55372393482588,44.35100173950195
63,2018-05-14T16:00:00,37.1085578053358,45.44900131225586
63,2018-05-14T17:00:00,36.093931822548655,44.790000915527344
63,2018-05-14T18:00:00,34.612921714811606,44.13100051879883
63,2018-05-14T19:00:00,33.45990141707558,43.25199890136719
63,2018-05-14T20:00:00,32.093219184664214,41.7135009765625
63,2018-05-14T21:00:00,31.07897099504386,40.615501403808594
63,2018-05-14T22:00:00,30.3096883192724,39.95600128173828
63,2018-05-14T23:00:00,29.614988548748073,39.516998291015625
63,2018-05-15T00:00:00,29.155089945382656,39.29700088500977
63,2018-05-15T01:00:00,28.763837101641183,38.85749816894531
63,2018-05-15T02:00:00,28.219407807462417,38.198001861572266
63,2018-05-15T03:00:00,27.570631869565776,37.31900024414063
63,2018-05-15T04:00:00,27.328905364805177,36.88000106811523
63,2018-05-15T05:00:00,26.7881663447008,36.43999862670898
63,2018-05-15T06:00:00,26.43486872579989,36.22050094604492
63,2018-05-15T07:00:00,26.704503916776453,36.43999862670898
63,2018-05-15T08:00:00,27.160404937040862,37.97850036621094
63,2018-05-15T09:00:00,28.553977821108415,40.39550018310547
63,2018-05-15T10:00:00,30.382360193192742,42.8125
63,2018-05-15T11:00:00,32.1607666187025,46.10850143432617
63,2018-05-15T12:00:00,33.45750066864804,47.20700073242188
63,2018-05-15T13:00:00,35.199715580694686,47.20700073242188
63,2018-05-15T14:00:00,36.23141136032156,47.86650085449219
63,2018-05-15T15:00:00,37.338832262296435,48.30550003051758
63,2018-05-15T16:00:00,36.86548536252882,48.08599853515625
63,2018-05-15T17:00:00,35.885779076968994,47.64649963378906
63,2018-05-15T18:00:00,34.458294951415304,46.54800033569336
63,2018-05-15T19:00:00,33.501754810564144,45.449501037597656
63,2018-05-15T20:00:00,32.153511005716275,44.13100051879883
63,2018-05-15T21:00:00,31.084216538561023,43.03200149536133
63,2018-05-15T22:00:00,30.265078962833336,42.37300109863281
64,2018-05-12T23:00:00,29.168632695778225,28.96949958801269
64,2018-05-13T00:00:00,28.701297405545038,28.530500411987305
64,2018-05-13T01:00:00,28.326826309884073,28.31049919128418
64,2018-05-13T02:00:00,27.788516808873094,27.87100028991699
64,2018-05-13T03:00:00,27.204327355346287,27.651500701904297
64,2018-05-13T04:00:00,26.40273190344199,27.21199989318848
64,2018-05-13T05:00:00,25.761350973148872,26.99250030517578
64,2018-05-13T06:00:00,25.182327125617366,26.99250030517578
64,2018-05-13T07:00:00,24.953296090537403,26.99250030517578
64,2018-05-13T08:00:00,25.493824262599098,28.530500411987305
64,2018-05-13T09:00:00,26.407189589129583,31.16650009155273
64,2018-05-13T10:00:00,27.816720956029336,34.24300003051758
64,2018-05-13T11:00:00,29.374445655268698,38.63800048828125
64,2018-05-13T12:00:00,30.67836336302743,40.39550018310547
64,2018-05-13T13:00:00,32.27024681358345,42.15299987792969
64,2018-05-13T14:00:00,33.317457884632105,43.69150161743164
64,2018-05-13T15:00:00,34.0642002318432,44.570499420166016
64,2018-05-13T16:00:00,33.84500698556258,43.69150161743164
64,2018-05-13T17:00:00,33.07949836431816,42.59299850463867
64,2018-05-13T18:00:00,32.09843850046379,40.834999084472656
64,2018-05-13T19:00:00,31.107962201794784,39.29700088500977
64,2018-05-13T20:00:00,30.387700270526768,37.53900146484375
64,2018-05-13T21:00:00,29.74585020618953,36.000999450683594
64,2018-05-13T22:00:00,29.082007653295516,34.68249893188477
64,2018-05-13T23:00:00,28.60401962206083,34.02349853515625
64,2018-05-14T00:00:00,28.003254878204334,33.80350112915039
64,2018-05-14T01:00:00,27.593160338636448,33.36449813842773
64,2018-05-14T02:00:00,26.978739791518233,32.705001831054695
64,2018-05-14T03:00:00,26.40260099292117,32.485000610351555
64,2018-05-14T04:00:00,25.852427862801175,32.265499114990234
64,2018-05-14T05:00:00,25.343003483125166,31.82600021362305
64,2018-05-14T06:00:00,25.028404861522134,31.606000900268555
64,2018-05-14T07:00:00,25.14980817681759,32.04600143432617
64,2018-05-14T08:00:00,25.605570532279458,33.363998413085945
64,2018-05-14T09:00:00,26.648246944991083,35.78099822998047
64,2018-05-14T10:00:00,28.244104955273414,38.198001861572266
64,2018-05-14T11:00:00,29.92368245587088,41.7135009765625
64,2018-05-14T12:00:00,31.510188996254698,42.8125
64,2018-05-14T13:00:00,32.8222366122637,43.9109992980957
64,2018-05-14T14:00:00,33.88976196285102,43.9109992980957
64,2018-05-14T15:00:00,34.53877538702872,44.35100173950195
64,2018-05-14T16:00:00,34.17880144559956,45.44900131225586
64,2018-05-14T17:00:00,33.389749342613904,44.790000915527344
64,2018-05-14T18:00:00,32.27489926858251,44.13100051879883
64,2018-05-14T19:00:00,31.35037917972922,43.25199890136719
64,2018-05-14T20:00:00,30.377274752786406,41.7135009765625
64,2018-05-14T21:00:00,29.646969031102454,40.615501403808594
64,2018-05-14T22:00:00,29.008242494072643,39.95600128173828
64,2018-05-14T23:00:00,28.657912222122615,39.516998291015625
64,2018-05-15T00:00:00,28.280144906738954,39.29700088500977
64,2018-05-15T01:00:00,27.67859651289106,38.85749816894531
64,2018-05-15T02:00:00,27.35923612372341,38.198001861572266
64,2018-05-15T03:00:00,26.596952371406502,37.31900024414063
64,2018-05-15T04:00:00,25.98417174083873,36.88000106811523
64,2018-05-15T05:00:00,25.547848001248813,36.43999862670898
64,2018-05-15T06:00:00,24.981675279200143,36.22050094604492
64,2018-05-15T07:00:00,25.154799881641946,36.43999862670898
64,2018-05-15T08:00:00,26.14073479399419,37.97850036621094
64,2018-05-15T09:00:00,27.005488414382018,40.39550018310547
64,2018-05-15T10:00:00,28.513474322630568,42.8125
64,2018-05-15T11:00:00,30.249663792872603,46.10850143432617
64,2018-05-15T12:00:00,31.54510652684447,47.20700073242188
64,2018-05-15T13:00:00,32.97709440764187,47.20700073242188
64,2018-05-15T14:00:00,34.19265561022972,47.86650085449219
64,2018-05-15T15:00:00,34.639911632677176,48.30550003051758
64,2018-05-15T16:00:00,34.53582020745812,48.08599853515625
64,2018-05-15T17:00:00,33.70253369036133,47.64649963378906
64,2018-05-15T18:00:00,32.875574211014666,46.54800033569336
64,2018-05-15T19:00:00,31.840261971233364,45.449501037597656
64,2018-05-15T20:00:00,31.048216601469836,44.13100051879883
64,2018-05-15T21:00:00,30.153466625562995,43.03200149536133
64,2018-05-15T22:00:00,29.709127182327858,42.37300109863281
64,2018-05-15T23:00:00,29.264333292570445,41.93349838256836
64,2018-05-16T00:00:00,28.752959634713392,41.7140007019043
64,2018-05-16T01:00:00,28.383963506678334,41.27399826049805
64,2018-05-16T02:00:00,27.734647984807467,40.834999084472656
64,2018-05-16T03:00:00,27.001318549386536,40.615501403808594
64,2018-05-16T04:00:00,26.285549996308745,40.17549896240234
64,2018-05-16T05:00:00,25.75960511942609,39.95600128173828
64,2018-05-16T06:00:00,25.585745912824777,39.95600128173828
64,2018-05-16T07:00:00,25.634469257817507,39.95600128173828
64,2018-05-16T08:00:00,26.140442640026997,40.17549896240234
64,2018-05-16T09:00:00,27.06364279048439,42.37300109863281
64,2018-05-16T10:00:00,28.594792961887958,44.13100051879883
64,2018-05-16T11:00:00,30.169684762799296,47.20700073242188
64,2018-05-16T12:00:00,31.62572300448867,47.64649963378906
64,2018-05-16T13:00:00,33.04071988563264,49.18500137329102
64,2018-05-16T14:00:00,33.849183122403566,50.28300094604492
64,2018-05-16T15:00:00,34.65363283418253,50.50299835205078
64,2018-05-16T16:00:00,34.38000726702562,49.40449905395508
64,2018-05-16T17:00:00,33.52315161063776,48.30599975585938
64,2018-05-16T18:00:00,32.61466452554468,47.64649963378906
64,2018-05-16T19:00:00,31.735121095210214,46.54800033569336
64,2018-05-16T20:00:00,30.71564218643481,45.449501037597656
64,2018-05-16T21:00:00,30.05391413493928,44.13100051879883
64,2018-05-16T22:00:00,29.371709306089613,43.25199890136719
65,2018-05-13T23:00:00,33.6375687742368,34.02349853515625
65,2018-05-14T00:00:00,32.71671429400001,33.80350112915039
65,2018-05-14T01:00:00,32.08164044558496,33.36449813842773
65,2018-05-14T02:00:00,31.31781655607799,32.705001831054695
65,2018-05-14T03:00:00,30.69455430326093,32.485000610351555
65,2018-05-14T04:00:00,30.211535989650322,32.265499114990234
65,2018-05-14T05:00:00,29.890349193456842,31.82600021362305
65,2018-05-14T06:00:00,29.771152769545896,31.606000900268555
65,2018-05-14T07:00:00,30.210022992446287,32.04600143432617
65,2018-05-14T08:00:00,31.19632075956965,33.363998413085945
65,2018-05-14T09:00:00,32.62783220817542,35.78099822998047
65,2018-05-14T10:00:00,34.50481482603016,38.198001861572266
65,2018-05-14T11:00:00,36.65778396175875,41.7135009765625
65,2018-05-14T12:00:00,38.46760594739281,42.8125
65,2018-05-14T13:00:00,39.84500585151173,43.9109992980957
65,2018-05-14T14:00:00,41.009067220116506,43.9109992980957
65,2018-05-14T15:00:00,41.490362942849494,44.35100173950195
65,2018-05-14T16:00:00,41.194158503790725,45.44900131225586
65,2018-05-14T17:00:00,40.1449854854331,44.790000915527344
65,2018-05-14T18:00:00,38.68763597189798,44.13100051879883
65,2018-05-14T19:00:00,37.29376734180626,43.25199890136719
65,2018-05-14T20:00:00,35.898773656663664,41.7135009765625
65,2018-05-14T21:00:00,34.80157597690308,40.615501403808594
65,2018-05-14T22:00:00,34.0120378629072,39.95600128173828
65,2018-05-14T23:00:00,33.170880407762894,39.516998291015625
65,2018-05-15T00:00:00,32.687328303082644,39.29700088500977
65,2018-05-15T01:00:00,32.127233569500596,38.85749816894531
65,2018-05-15T02:00:00,31.44237768857078,38.198001861572266
65,2018-05-15T03:00:00,30.871249068233936,37.31900024414063
65,2018-05-15T04:00:00,30.19274998781204,36.88000106811523
65,2018-05-15T05:00:00,29.71028085980097,36.43999862670898
65,2018-05-15T06:00:00,29.545246595965953,36.22050094604492
65,2018-05-15T07:00:00,29.75134445688954,36.43999862670898
65,2018-05-15T08:00:00,30.338435722283332,37.97850036621094
65,2018-05-15T09:00:00,31.520807800870312,40.39550018310547
65,2018-05-15T10:00:00,33.02782611160035,42.8125
65,2018-05-15T11:00:00,34.76911176420957,46.10850143432617
65,2018-05-15T12:00:00,36.29165414694509,47.20700073242188
65,2018-05-15T13:00:00,37.55588749345961,47.20700073242188
65,2018-05-15T14:00:00,38.69065215942035,47.86650085449219
65,2018-05-15T15:00:00,39.09926563117952,48.30550003051758
65,2018-05-15T16:00:00,39.03541596322017,48.08599853515625
65,2018-05-15T17:00:00,38.27024579356616,47.64649963378906
65,2018-05-15T18:00:00,37.034120920055486,46.54800033569336
65,2018-05-15T19:00:00,35.888614293240025,45.449501037597656
65,2018-05-15T20:00:00,34.622395622537816,44.13100051879883
65,2018-05-15T21:00:00,33.706727160302634,43.03200149536133
65,2018-05-15T22:00:00,32.93675674816265,42.37300109863281
65,2018-05-15T23:00:00,32.17249166283247,41.93349838256836
65,2018-05-16T00:00:00,31.815903605710087,41.7140007019043
65,2018-05-16T01:00:00,31.35484142675901,41.27399826049805
65,2018-05-16T02:00:00,30.93494547509575,40.834999084472656
65,2018-05-16T03:00:00,29.96624776084157,40.615501403808594
65,2018-05-16T04:00:00,29.27050044387351,40.17549896240234
65,2018-05-16T05:00:00,28.76484593369309,39.95600128173828
65,2018-05-16T06:00:00,28.350079952539282,39.95600128173828
65,2018-05-16T07:00:00,28.49227683040389,39.95600128173828
65,2018-05-16T08:00:00,28.971742770717825,40.17549896240234
65,2018-05-16T09:00:00,29.996922969515193,42.37300109863281
65,2018-05-16T10:00:00,31.588975121312068,44.13100051879883
65,2018-05-16T11:00:00,33.351913921425925,47.20700073242188
65,2018-05-16T12:00:00,34.383072717043625,47.64649963378906
65,2018-05-16T13:00:00,35.87756455582112,49.18500137329102
65,2018-05-16T14:00:00,36.99186544425297,50.28300094604492
65,2018-05-16T15:00:00,37.57004966272106,50.50299835205078
65,2018-05-16T16:00:00,37.510603286443704,49.40449905395508
65,2018-05-16T17:00:00,36.81351502609897,48.30599975585938
65,2018-05-16T18:00:00,35.56937017268476,47.64649963378906
65,2018-05-16T19:00:00,34.64888493309817,46.54800033569336
65,2018-05-16T20:00:00,33.642805195069585,45.449501037597656
65,2018-05-16T21:00:00,32.72186450546543,44.13100051879883
65,2018-05-16T22:00:00,31.84061045777659,43.25199890136719
65,2018-05-16T23:00:00,31.241661983362913,42.37300109863281
65,2018-05-17T00:00:00,30.707563479250606,41.49399948120117
65,2018-05-17T01:00:00,30.18090840138915,40.615501403808594
65,2018-05-17T02:00:00,29.71013740558913,38.85749816894531
65,2018-05-17T03:00:00,29.051483322418143,37.53900146484375
65,2018-05-17T04:00:00,28.626464527342602,33.80350112915039
65,2018-05-17T05:00:00,28.08579019847382,33.144500732421875
65,2018-05-17T06:00:00,27.749347651229105,31.38649940490723
65,2018-05-17T07:00:00,27.967945072186318,30.50749969482422
65,2018-05-17T08:00:00,28.42586810123297,31.16699981689453
65,2018-05-17T09:00:00,29.526686916523722,29.40900039672852
65,2018-05-17T10:00:00,31.475276027007112,30.727500915527344
65,2018-05-17T11:00:00,32.799499689855004,34.463001251220696
65,2018-05-17T12:00:00,34.37601540840905,37.97850036621094
65,2018-05-17T13:00:00,35.7810803090375,41.054500579833984
65,2018-05-17T14:00:00,36.940305514586555,42.59299850463867
65,2018-05-17T15:00:00,37.534808048768774,43.69150161743164
65,2018-05-17T16:00:00,37.45186004106475,43.47200012207031
65,2018-05-17T17:00:00,36.72541760516442,42.15349960327149
65,2018-05-17T18:00:00,35.6136031043597,41.27450180053711
65,2018-05-17T19:00:00,34.61959906364184,40.615501403808594
65,2018-05-17T20:00:00,33.57491645860201,39.73649978637695
65,2018-05-17T21:00:00,32.57139266866894,38.85749816894531
65,2018-05-17T22:00:00,31.71897736486837,37.97850036621094
66,2018-05-14T23:00:00,38.87965935536369,39.516998291015625
66,2018-05-15T00:00:00,38.10402364219162,39.29700088500977
66,2018-05-15T01:00:00,37.301708182422814,38.85749816894531
66,2018-05-15T02:00:00,36.458409975355735,38.198001861572266
66,2018-05-15T03:00:00,35.76819565768958,37.31900024414063
66,2018-05-15T04:00:00,34.981910350842114,36.88000106811523
66,2018-05-15T05:00:00,34.381162198867834,36.43999862670898
66,2018-05-15T06:00:00,34.03996296995504,36.22050094604492
66,2018-05-15T07:00:00,34.136454628919715,36.43999862670898
66,2018-05-15T08:00:00,34.68593854023497,37.97850036621094
66,2018-05-15T09:00:00,35.94525099676261,40.39550018310547
66,2018-05-15T10:00:00,37.64296032290499,42.8125
66,2018-05-15T11:00:00,39.257613309466365,46.10850143432617
66,2018-05-15T12:00:00,40.74480814107726,47.20700073242188
66,2018-05-15T13:00:00,41.8590277235846,47.20700073242188
66,2018-05-15T14:00:00,42.5706586831629,47.86650085449219
66,2018-05-15T15:00:00,43.08793769408808,48.30550003051758
66,2018-05-15T16:00:00,43.126542613703315,48.08599853515625
66,2018-05-15T17:00:00,42.667285015755695,47.64649963378906
66,2018-05-15T18:00:00,41.79122679295416,46.54800033569336
66,2018-05-15T19:00:00,40.7574613043091,45.449501037597656
66,2018-05-15T20:00:00,39.51539129142304,44.13100051879883
66,2018-05-15T21:00:00,38.648866387829734,43.03200149536133
66,2018-05-15T22:00:00,37.777491181019926,42.37300109863281
66,2018-05-15T23:00:00,36.966734387362905,41.93349838256836
66,2018-05-16T00:00:00,36.326724026363976,41.7140007019043
66,2018-05-16T01:00:00,35.71804871779971,41.27399826049805
66,2018-05-16T02:00:00,34.85719869405709,40.834999084472656
66,2018-05-16T03:00:00,34.2956051034318,40.615501403808594
66,2018-05-16T04:00:00,33.49327641577064,40.17549896240234
66,2018-05-16T05:00:00,32.70087275257818,39.95600128173828
66,2018-05-16T06:00:00,32.37084527698784,39.95600128173828
66,2018-05-16T07:00:00,32.404035883424925,39.95600128173828
66,2018-05-16T08:00:00,32.81046333194009,40.17549896240234
66,2018-05-16T09:00:00,34.001452584156674,42.37300109863281
66,2018-05-16T10:00:00,35.24887316546379,44.13100051879883
66,2018-05-16T11:00:00,36.82768415140727,47.20700073242188
66,2018-05-16T12:00:00,38.287418676739364,47.64649963378906
66,2018-05-16T13:00:00,39.39507961934693,49.18500137329102
66,2018-05-16T14:00:00,40.18422716841789,50.28300094604492
66,2018-05-16T15:00:00,40.48154115396409,50.50299835205078
66,2018-05-16T16:00:00,40.377169662334644,49.40449905395508
66,2018-05-16T17:00:00,40.04250512627514,48.30599975585938
66,2018-05-16T18:00:00,39.285438637153824,47.64649963378906
66,2018-05-16T19:00:00,38.15695801829308,46.54800033569336
66,2018-05-16T20:00:00,37.240850070738006,45.449501037597656
66,2018-05-16T21:00:00,36.22664361739868,44.13100051879883
66,2018-05-16T22:00:00,35.391783893380946,43.25199890136719
66,2018-05-16T23:00:00,34.712142310774304,42.37300109863281
66,2018-05-17T00:00:00,34.164730161081216,41.49399948120117
66,2018-05-17T01:00:00,33.50959860862562,40.615501403808594
66,2018-05-17T02:00:00,32.897909963377856,38.85749816894531
66,2018-05-17T03:00:00,32.171682480728165,37.53900146484375
66,2018-05-17T04:00:00,31.48378258808863,33.80350112915039
66,2018-05-17T05:00:00,30.910389831522803,33.144500732421875
66,2018-05-17T06:00:00,30.532859512075916,31.38649940490723
66,2018-05-17T07:00:00,30.75059335692323,30.50749969482422
66,2018-05-17T08:00:00,31.484722566680194,31.16699981689453
66,2018-05-17T09:00:00,32.526062506130486,29.40900039672852
66,2018-05-17T10:00:00,34.1751634331033,30.727500915527344
66,2018-05-17T11:00:00,35.699682017342134,34.463001251220696
66,2018-05-17T12:00:00,36.95611968795526,37.97850036621094
66,2018-05-17T13:00:00,38.18493729127942,41.054500579833984
66,2018-05-17T14:00:00,39.135490214373505,42.59299850463867
66,2018-05-17T15:00:00,39.77253136967461,43.69150161743164
66,2018-05-17T16:00:00,39.7060764911241,43.47200012207031
66,2018-05-17T17:00:00,39.078971307512944,42.15349960327149
66,2018-05-17T18:00:00,38.183760008860474,41.27450180053711
66,2018-05-17T19:00:00,37.2809203215314,40.615501403808594
66,2018-05-17T20:00:00,36.27493614362167,39.73649978637695
66,2018-05-17T21:00:00,35.28514609888498,38.85749816894531
66,2018-05-17T22:00:00,34.51674752526327,37.97850036621094
66,2018-05-17T23:00:00,33.77561072550159,37.53900146484375
66,2018-05-18T00:00:00,33.35904592203884,36.87950134277344
66,2018-05-18T01:00:00,32.69363743756469,36.44049835205078
66,2018-05-18T02:00:00,32.062564228349906,36.22050094604492
66,2018-05-18T03:00:00,31.528560372088016,35.78150177001953
66,2018-05-18T04:00:00,30.808108688984944,35.34149932861328
66,2018-05-18T05:00:00,30.403525163049615,35.12200164794922
66,2018-05-18T06:00:00,30.23600565192301,34.90250015258789
66,2018-05-18T07:00:00,30.488053789855623,35.561500549316406
66,2018-05-18T08:00:00,30.91884416523626,36.87950134277344
66,2018-05-18T09:00:00,32.068876441737935,38.19850158691406
66,2018-05-18T10:00:00,33.70822761381565,39.95600128173828
66,2018-05-18T11:00:00,35.42466341628075,42.15349960327149
66,2018-05-18T12:00:00,36.71335935498756,42.8125
66,2018-05-18T13:00:00,37.77595480693717,44.35049819946289
66,2018-05-18T14:00:00,38.70537845267702,45.22949981689453
66,2018-05-18T15:00:00,39.07480896873207,45.22949981689453
66,2018-05-18T16:00:00,38.93741438595743,43.47150039672852
66,2018-05-18T17:00:00,38.580935915081135,39.272499084472656
66,2018-05-18T18:00:00,37.893161345318234,32.46099853515625
66,2018-05-18T19:00:00,36.8208998391027,31.14249992370605
66,2018-05-18T20:00:00,35.959466419694124,30.26350021362305
66,2018-05-18T21:00:00,34.88331169388686,29.60449981689453
66,2018-05-18T22:00:00,34.14239680342267,30.26350021362305
67,2018-05-15T23:00:00,41.509845575673566,41.93349838256836
67,2018-05-16T00:00:00,40.8660201080679,41.7140007019043
67,2018-05-16T01:00:00,40.24205358401689,41.27399826049805
67,2018-05-16T02:00:00,39.458262191011165,40.834999084472656
67,2018-05-16T03:00:00,38.427000879227776,40.615501403808594
67,2018-05-16T04:00:00,37.65966851934271,40.17549896240234
67,2018-05-16T05:00:00,36.891782640583024,39.95600128173828
67,2018-05-16T06:00:00,36.620558848155646,39.95600128173828
67,2018-05-16T07:00:00,36.72235204111285,39.95600128173828
67,2018-05-16T08:00:00,37.44839912267897,40.17549896240234
67,2018-05-16T09:00:00,38.86588866329559,42.37300109863281
67,2018-05-16T10:00:00,40.60987109544041,44.13100051879883
67,2018-05-16T11:00:00,42.60739459281625,47.20700073242188
67,2018-05-16T12:00:00,44.023816779360686,47.64649963378906
67,2018-05-16T13:00:00,44.78656327984265,49.18500137329102
67,2018-05-16T14:00:00,45.34625593111075,50.28300094604492
67,2018-05-16T15:00:00,45.476570056439215,50.50299835205078
67,2018-05-16T16:00:00,45.28609296797552,49.40449905395508
67,2018-05-16T17:00:00,44.629571004387216,48.30599975585938
67,2018-05-16T18:00:00,43.407603396695144,47.64649963378906
67,2018-05-16T19:00:00,42.466587099782366,46.54800033569336
67,2018-05-16T20:00:00,41.464301714253565,45.449501037597656
67,2018-05-16T21:00:00,40.528384997907914,44.13100051879883
67,2018-05-16T22:00:00,39.74852935900984,43.25199890136719
67,2018-05-16T23:00:00,39.05999703627582,42.37300109863281
67,2018-05-17T00:00:00,38.611075439728104,41.49399948120117
67,2018-05-17T01:00:00,37.87371531726522,40.615501403808594
67,2018-05-17T02:00:00,37.098748296858034,38.85749816894531
67,2018-05-17T03:00:00,36.33798940123486,37.53900146484375
67,2018-05-17T04:00:00,35.55160488519479,33.80350112915039
67,2018-05-17T05:00:00,34.93632315667132,33.144500732421875
67,2018-05-17T06:00:00,34.681223252747266,31.38649940490723
67,2018-05-17T07:00:00,34.83599871589892,30.50749969482422
67,2018-05-17T08:00:00,35.58898166342568,31.16699981689453
67,2018-05-17T09:00:00,37.0029110764639,29.40900039672852
67,2018-05-17T10:00:00,38.65223539517041,30.727500915527344
67,2018-05-17T11:00:00,40.50218350803968,34.463001251220696
67,2018-05-17T12:00:00,42.000619767474966,37.97850036621094
67,2018-05-17T13:00:00,42.862909578879496,41.054500579833984
67,2018-05-17T14:00:00,43.6928628951718,42.59299850463867
67,2018-05-17T15:00:00,43.71165106364762,43.69150161743164
67,2018-05-17T16:00:00,43.58478873402056,43.47200012207031
67,2018-05-17T17:00:00,42.92369402488795,42.15349960327149
67,2018-05-17T18:00:00,42.037477693031875,41.27450180053711
67,2018-05-17T19:00:00,40.670939485000126,40.615501403808594
67,2018-05-17T20:00:00,39.84913010308532,39.73649978637695
67,2018-05-17T21:00:00,38.99523726651623,38.85749816894531
67,2018-05-17T22:00:00,38.14896540644269,37.97850036621094
67,2018-05-17T23:00:00,37.57456584762223,37.53900146484375
67,2018-05-18T00:00:00,36.99666887967848,36.87950134277344
67,2018-05-18T01:00:00,36.218115047841096,36.44049835205078
67,2018-05-18T02:00:00,35.78083137378754,36.22050094604492
67,2018-05-18T03:00:00,34.904754107382374,35.78150177001953
67,2018-05-18T04:00:00,34.21458357860123,35.34149932861328
67,2018-05-18T05:00:00,33.423512055395015,35.12200164794922
67,2018-05-18T06:00:00,33.20197906863862,34.90250015258789
67,2018-05-18T07:00:00,33.60857574294899,35.561500549316406
67,2018-05-18T08:00:00,34.335290262910895,36.87950134277344
67,2018-05-18T09:00:00,35.564404011376666,38.19850158691406
67,2018-05-18T10:00:00,37.26583710324846,39.95600128173828
67,2018-05-18T11:00:00,39.15193430909849,42.15349960327149
67,2018-05-18T12:00:00,40.56250041647378,42.8125
67,2018-05-18T13:00:00,41.58066155349083,44.35049819946289
67,2018-05-18T14:00:00,42.120181668928794,45.22949981689453
67,2018-05-18T15:00:00,42.236564314877,45.22949981689453
67,2018-05-18T16:00:00,42.07470622764163,43.47150039672852
67,2018-05-18T17:00:00,41.58781601871402,39.272499084472656
67,2018-05-18T18:00:00,40.8098289336436,32.46099853515625
67,2018-05-18T19:00:00,39.623411286635786,31.14249992370605
67,2018-05-18T20:00:00,38.48998890964766,30.26350021362305
67,2018-05-18T21:00:00,37.74083817376086,29.60449981689453
67,2018-05-18T22:00:00,36.94270249990679,30.26350021362305
67,2018-05-18T23:00:00,36.26353347235091,30.26350021362305
67,2018-05-19T00:00:00,35.84756700294977,30.702999114990234
67,2018-05-19T01:00:00,35.26980892787567,31.14249992370605
67,2018-05-19T02:00:00,34.69799986931781,31.36199951171875
67,2018-05-19T03:00:00,33.96726201747825,31.36199951171875
67,2018-05-19T04:00:00,33.173584257378884,30.702999114990234
67,2018-05-19T05:00:00,32.67913134310219,30.26350021362305
67,2018-05-19T06:00:00,32.66935125528155,29.38500022888184
67,2018-05-19T07:00:00,32.927094913138255,29.165000915527344
67,2018-05-19T08:00:00,33.481121807240044,28.94499969482422
67,2018-05-19T09:00:00,34.86550261751187,28.94499969482422
67,2018-05-19T10:00:00,36.653784804994686,29.38500022888184
67,2018-05-19T11:00:00,38.60962162593896,30.92250061035156
67,2018-05-19T12:00:00,39.989444515028595,31.36249923706055
67,2018-05-19T13:00:00,41.01212560005412,31.36249923706055
67,2018-05-19T14:00:00,41.60478193098541,31.36249923706055
67,2018-05-19T15:00:00,41.88158926238614,31.14249992370605
67,2018-05-19T16:00:00,41.61932805122561,31.14249992370605
67,2018-05-19T17:00:00,41.05576738178138,31.14249992370605
67,2018-05-19T18:00:00,40.08014760268853,30.702999114990234
67,2018-05-19T19:00:00,39.25996012002253,30.26350021362305
67,2018-05-19T20:00:00,38.277718412407026,30.043500900268555
67,2018-05-19T21:00:00,37.545740445659874,29.82399940490723
67,2018-05-19T22:00:00,36.71941339640769,29.38500022888184
68,2018-05-16T23:00:00,42.31205680877336,42.37300109863281
68,2018-05-17T00:00:00,41.57542057131585,41.49399948120117
68,2018-05-17T01:00:00,40.93439462747858,40.615501403808594
68,2018-05-17T02:00:00,40.259133529842984,38.85749816894531
68,2018-05-17T03:00:00,39.59213336501204,37.53900146484375
68,2018-05-17T04:00:00,38.783139073976784,33.80350112915039
68,2018-05-17T05:00:00,38.263602198668124,33.144500732421875
68,2018-05-17T06:00:00,38.0760919211976,31.38649940490723
68,2018-05-17T07:00:00,38.224333603764414,30.50749969482422
68,2018-05-17T08:00:00,39.22543703149853,31.16699981689453
68,2018-05-17T09:00:00,40.78466514912333,29.40900039672852
68,2018-05-17T10:00:00,42.79575635883987,30.727500915527344
68,2018-05-17T11:00:00,44.953477614894354,34.463001251220696
68,2018-05-17T12:00:00,46.589704039505605,37.97850036621094
68,2018-05-17T13:00:00,47.52701196521886,41.054500579833984
68,2018-05-17T14:00:00,48.20227420319,42.59299850463867
68,2018-05-17T15:00:00,48.1672738842395,43.69150161743164
68,2018-05-17T16:00:00,47.82526216624932,43.47200012207031
68,2018-05-17T17:00:00,46.60552163388095,42.15349960327149
68,2018-05-17T18:00:00,45.385683032655514,41.27450180053711
68,2018-05-17T19:00:00,44.1759945581358,40.615501403808594
68,2018-05-17T20:00:00,42.781778125702175,39.73649978637695
68,2018-05-17T21:00:00,41.63814586842566,38.85749816894531
68,2018-05-17T22:00:00,40.627811994604656,37.97850036621094
68,2018-05-17T23:00:00,39.89346897193259,37.53900146484375
68,2018-05-18T00:00:00,39.510475875046794,36.87950134277344
68,2018-05-18T01:00:00,38.94999981325776,36.44049835205078
68,2018-05-18T02:00:00,38.15549952912821,36.22050094604492
68,2018-05-18T03:00:00,37.417408907713785,35.78150177001953
68,2018-05-18T04:00:00,36.8650958239059,35.34149932861328
68,2018-05-18T05:00:00,36.4195489363766,35.12200164794922
68,2018-05-18T06:00:00,36.32239702313009,34.90250015258789
68,2018-05-18T07:00:00,36.503006217936004,35.561500549316406
68,2018-05-18T08:00:00,37.47439238727628,36.87950134277344
68,2018-05-18T09:00:00,39.05140027465251,38.19850158691406
68,2018-05-18T10:00:00,41.012556646890964,39.95600128173828
68,2018-05-18T11:00:00,42.98550705355999,42.15349960327149
68,2018-05-18T12:00:00,44.397235618992106,42.8125
68,2018-05-18T13:00:00,45.58730576075763,44.35049819946289
68,2018-05-18T14:00:00,46.33683349157634,45.22949981689453
68,2018-05-18T15:00:00,46.31026253299082,45.22949981689453
68,2018-05-18T16:00:00,45.73460518406178,43.47150039672852
68,2018-05-18T17:00:00,44.87676724263356,39.272499084472656
68,2018-05-18T18:00:00,43.78352869385933,32.46099853515625
68,2018-05-18T19:00:00,42.42515300767451,31.14249992370605
68,2018-05-18T20:00:00,41.127334840724245,30.26350021362305
68,2018-05-18T21:00:00,39.94493117484261,29.60449981689453
68,2018-05-18T22:00:00,39.091409403460574,30.26350021362305
68,2018-05-18T23:00:00,38.26107099585398,30.26350021362305
68,2018-05-19T00:00:00,37.81214791687005,30.702999114990234
68,2018-05-19T01:00:00,37.199686922356165,31.14249992370605
68,2018-05-19T02:00:00,36.78111159329013,31.36199951171875
68,2018-05-19T03:00:00,35.891915222548526,31.36199951171875
68,2018-05-19T04:00:00,35.4769704937977,30.702999114990234
68,2018-05-19T05:00:00,34.89712754324263,30.26350021362305
68,2018-05-19T06:00:00,34.811949381308935,29.38500022888184
68,2018-05-19T07:00:00,35.08758752667312,29.165000915527344
68,2018-05-19T08:00:00,36.189173901820695,28.94499969482422
68,2018-05-19T09:00:00,37.635366258328354,28.94499969482422
68,2018-05-19T10:00:00,39.655758044767936,29.38500022888184
68,2018-05-19T11:00:00,41.59015940826354,30.92250061035156
68,2018-05-19T12:00:00,43.132663934920735,31.36249923706055
68,2018-05-19T13:00:00,44.271734850008414,31.36249923706055
68,2018-05-19T14:00:00,44.838140656642935,31.36249923706055
68,2018-05-19T15:00:00,45.093850640084746,31.14249992370605
68,2018-05-19T16:00:00,44.58167006939114,31.14249992370605
68,2018-05-19T17:00:00,43.70518308042385,31.14249992370605
68,2018-05-19T18:00:00,42.44487967230569,30.702999114990234
68,2018-05-19T19:00:00,41.31604897043195,30.26350021362305
68,2018-05-19T20:00:00,40.1411281864111,30.043500900268555
68,2018-05-19T21:00:00,39.09453050185329,29.82399940490723
68,2018-05-19T22:00:00,38.23289227818044,29.38500022888184
68,2018-05-19T23:00:00,37.38589162965868,29.38500022888184
68,2018-05-20T00:00:00,37.05285834359945,29.38500022888184
68,2018-05-20T01:00:00,36.47962819888266,29.165000915527344
68,2018-05-20T02:00:00,35.89222311314627,28.94499969482422
68,2018-05-20T03:00:00,35.313627119512084,28.94499969482422
68,2018-05-20T04:00:00,34.83028791547849,28.94499969482422
68,2018-05-20T05:00:00,34.547765678449366,28.506000518798828
68,2018-05-20T06:00:00,34.34972691093857,28.506000518798828
68,2018-05-20T07:00:00,34.799777097577355,28.506000518798828
68,2018-05-20T08:00:00,35.62962208199268,28.506000518798828
68,2018-05-20T09:00:00,37.17661211852482,28.506000518798828
68,2018-05-20T10:00:00,39.332581249011014,28.506000518798828
68,2018-05-20T11:00:00,41.16488494995831,28.725500106811523
68,2018-05-20T12:00:00,42.758688611542276,28.94499969482422
68,2018-05-20T13:00:00,43.786503829302006,28.94499969482422
68,2018-05-20T14:00:00,44.514036768086136,28.94499969482422
68,2018-05-20T15:00:00,44.6810685576992,28.725500106811523
68,2018-05-20T16:00:00,44.247390966746586,28.506000518798828
68,2018-05-20T17:00:00,43.39218491976133,28.06649971008301
68,2018-05-20T18:00:00,42.21254314657503,27.62700080871582
68,2018-05-20T19:00:00,40.9773784355951,26.528499603271484
68,2018-05-20T20:00:00,39.95033294432974,26.528499603271484
68,2018-05-20T21:00:00,38.864768853788235,26.528499603271484
68,2018-05-20T22:00:00,37.91364918392718,26.74799919128418
69,2018-05-17T23:00:00,37.27899486495994,37.53900146484375
69,2018-05-18T00:00:00,36.527062736639934,36.87950134277344
69,2018-05-18T01:00:00,35.685701503533345,36.44049835205078
69,2018-05-18T02:00:00,34.74413670522236,36.22050094604492
69,2018-05-18T03:00:00,33.36014087223127,35.78150177001953
69,2018-05-18T04:00:00,32.2369276913302,35.34149932861328
69,2018-05-18T05:00:00,31.19722196675261,35.12200164794922
69,2018-05-18T06:00:00,30.38689884270419,34.90250015258789
69,2018-05-18T07:00:00,30.268474539992262,35.561500549316406
69,2018-05-18T08:00:00,30.667730988418803,36.87950134277344
69,2018-05-18T09:00:00,32.29763710325965,38.19850158691406
69,2018-05-18T10:00:00,33.97350820543809,39.95600128173828
69,2018-05-18T11:00:00,36.31688064992046,42.15349960327149
69,2018-05-18T12:00:00,38.487041826459446,42.8125
69,2018-05-18T13:00:00,40.28094130684782,44.35049819946289
69,2018-05-18T14:00:00,41.67339934186764,45.22949981689453
69,2018-05-18T15:00:00,42.174158311720404,45.22949981689453
69,2018-05-18T16:00:00,42.046406520366524,43.47150039672852
69,2018-05-18T17:00:00,41.37802620742279,39.272499084472656
69,2018-05-18T18:00:00,40.5926098362623,32.46099853515625
69,2018-05-18T19:00:00,39.45492043769007,31.14249992370605
69,2018-05-18T20:00:00,38.310872071972376,30.26350021362305
69,2018-05-18T21:00:00,37.68890501226984,29.60449981689453
69,2018-05-18T22:00:00,37.091385150229705,30.26350021362305
69,2018-05-18T23:00:00,36.56632391936259,30.26350021362305
69,2018-05-19T00:00:00,35.899334245618675,30.702999114990234
69,2018-05-19T01:00:00,35.372906322598226,31.14249992370605
69,2018-05-19T02:00:00,34.60434947040256,31.36199951171875
69,2018-05-19T03:00:00,33.782778418617134,31.36199951171875
69,2018-05-19T04:00:00,32.80776187702875,30.702999114990234
69,2018-05-19T05:00:00,32.228629469553155,30.26350021362305
69,2018-05-19T06:00:00,31.481027081272355,29.38500022888184
69,2018-05-19T07:00:00,31.77955438384079,29.165000915527344
69,2018-05-19T08:00:00,32.49271943683075,28.94499969482422
69,2018-05-19T09:00:00,33.54324591944936,28.94499969482422
69,2018-05-19T10:00:00,35.55044744461437,29.38500022888184
69,2018-05-19T11:00:00,37.60550315101803,30.92250061035156
69,2018-05-19T12:00:00,39.840801434349174,31.36249923706055
69,2018-05-19T13:00:00,41.109339205453736,31.36249923706055
69,2018-05-19T14:00:00,41.99913162958586,31.36249923706055
69,2018-05-19T15:00:00,42.5318758712023,31.14249992370605
69,2018-05-19T16:00:00,42.3281013299226,31.14249992370605
69,2018-05-19T17:00:00,41.709032547046846,31.14249992370605
69,2018-05-19T18:00:00,40.720477941842,30.702999114990234
69,2018-05-19T19:00:00,39.773424708542294,30.26350021362305
69,2018-05-19T20:00:00,38.75066744910222,30.043500900268555
69,2018-05-19T21:00:00,37.96848632392272,29.82399940490723
69,2018-05-19T22:00:00,37.365110610780555,29.38500022888184
69,2018-05-19T23:00:00,36.844961375283034,29.38500022888184
69,2018-05-20T00:00:00,36.80562162344118,29.38500022888184
69,2018-05-20T01:00:00,35.97988481186824,29.165000915527344
69,2018-05-20T02:00:00,35.43724177350069,28.94499969482422
69,2018-05-20T03:00:00,34.34941457303219,28.94499969482422
69,2018-05-20T04:00:00,33.559139916306364,28.94499969482422
69,2018-05-20T05:00:00,32.79712813401747,28.506000518798828
69,2018-05-20T06:00:00,32.33673270926084,28.506000518798828
69,2018-05-20T07:00:00,32.22257542813302,28.506000518798828
69,2018-05-20T08:00:00,32.98363172326691,28.506000518798828
69,2018-05-20T09:00:00,34.13870200221616,28.506000518798828
69,2018-05-20T10:00:00,35.983277196087634,28.506000518798828
69,2018-05-20T11:00:00,38.16472826471177,28.725500106811523
69,2018-05-20T12:00:00,39.98005236936112,28.94499969482422
69,2018-05-20T13:00:00,41.54694639270203,28.94499969482422
69,2018-05-20T14:00:00,42.24287265112416,28.94499969482422
69,2018-05-20T15:00:00,42.60865580393147,28.725500106811523
69,2018-05-20T16:00:00,42.56475402569944,28.506000518798828
69,2018-05-20T17:00:00,41.92540437511657,28.06649971008301
69,2018-05-20T18:00:00,41.36213449123688,27.62700080871582
69,2018-05-20T19:00:00,40.02040587950444,26.528499603271484
69,2018-05-20T20:00:00,39.249038670352675,26.528499603271484
69,2018-05-20T21:00:00,38.388774551014215,26.528499603271484
69,2018-05-20T22:00:00,37.6264893162611,26.74799919128418
69,2018-05-20T23:00:00,37.0431044834964,26.74799919128418
69,2018-05-21T00:00:00,36.615373742422484,26.74799919128418
69,2018-05-21T01:00:00,36.13423994733719,26.528499603271484
69,2018-05-21T02:00:00,35.207652316103264,26.30850028991699
69,2018-05-21T03:00:00,34.415034155794366,25.86899948120117
69,2018-05-21T04:00:00,33.339078532573645,25.86899948120117
69,2018-05-21T05:00:00,32.80180134312349,25.86899948120117
69,2018-05-21T06:00:00,32.27971251089373,25.43000030517578
69,2018-05-21T07:00:00,32.4524173558206,25.43000030517578
69,2018-05-21T08:00:00,32.82541267482979,25.64949989318848
69,2018-05-21T09:00:00,34.11312005665072,26.08849906921387
69,2018-05-21T10:00:00,35.957970299456186,26.96750068664551
69,2018-05-21T11:00:00,37.87390164809364,27.62700080871582
69,2018-05-21T12:00:00,39.68323944725435,28.28650093078613
69,2018-05-21T13:00:00,41.346093391094286,29.165000915527344
69,2018-05-21T14:00:00,42.16632306617553,29.82399940490723
69,2018-05-21T15:00:00,42.60640820256792,29.82399940490723
69,2018-05-21T16:00:00,42.34338752793295,29.60449981689453
69,2018-05-21T17:00:00,41.91236577846978,29.38500022888184
69,2018-05-21T18:00:00,41.0468716241776,28.06649971008301
69,2018-05-21T19:00:00,40.00128952245812,27.62700080871582
69,2018-05-21T20:00:00,39.23000521570065,28.506000518798828
69,2018-05-21T21:00:00,38.32436497830118,28.94499969482422
69,2018-05-21T22:00:00,37.580629695928074,28.94499969482422
70,2018-05-18T23:00:00,30.677219150339358,30.26350021362305
70,2018-05-19T00:00:00,31.473801915245232,30.702999114990234
70,2018-05-19T01:00:00,32.1871930967742,31.14249992370605
70,2018-05-19T02:00:00,32.41367742047658,31.36199951171875
70,2018-05-19T03:00:00,32.5829157593735,31.36199951171875
70,2018-05-19T04:00:00,32.39897895140727,30.702999114990234
70,2018-05-19T05:00:00,32.67186535306248,30.26350021362305
70,2018-05-19T06:00:00,32.6007711333717,29.38500022888184
70,2018-05-19T07:00:00,33.125519684231776,29.165000915527344
70,2018-05-19T08:00:00,34.05995111352719,28.94499969482422
70,2018-05-19T09:00:00,35.3757366354264,28.94499969482422
70,2018-05-19T10:00:00,37.40278342011949,29.38500022888184
70,2018-05-19T11:00:00,39.38985346153407,30.92250061035156
70,2018-05-19T12:00:00,41.10486794977312,31.36249923706055
70,2018-05-19T13:00:00,42.17151045257979,31.36249923706055
70,2018-05-19T14:00:00,42.377898642933694,31.36249923706055
70,2018-05-19T15:00:00,42.0941888604657,31.14249992370605
70,2018-05-19T16:00:00,41.05777095133782,31.14249992370605
70,2018-05-19T17:00:00,38.999606348131806,31.14249992370605
70,2018-05-19T18:00:00,36.66255398535273,30.702999114990234
70,2018-05-19T19:00:00,35.18790170442559,30.26350021362305
70,2018-05-19T20:00:00,34.14494533933713,30.043500900268555
70,2018-05-19T21:00:00,33.58169233242353,29.82399940490723
70,2018-05-19T22:00:00,33.4580094863692,29.38500022888184
70,2018-05-19T23:00:00,33.58485220222485,29.38500022888184
70,2018-05-20T00:00:00,34.090111392281116,29.38500022888184
70,2018-05-20T01:00:00,34.34965085055757,29.165000915527344
70,2018-05-20T02:00:00,34.40745833658649,28.94499969482422
70,2018-05-20T03:00:00,34.228662845468406,28.94499969482422
70,2018-05-20T04:00:00,33.537981902496334,28.94499969482422
70,2018-05-20T05:00:00,33.0345122410143,28.506000518798828
70,2018-05-20T06:00:00,33.11551563450966,28.506000518798828
70,2018-05-20T07:00:00,33.24961065637845,28.506000518798828
70,2018-05-20T08:00:00,34.136324174533115,28.506000518798828
70,2018-05-20T09:00:00,35.44708104473624,28.506000518798828
70,2018-05-20T10:00:00,37.25879507511022,28.506000518798828
70,2018-05-20T11:00:00,39.110288798780175,28.725500106811523
70,2018-05-20T12:00:00,40.93568434698248,28.94499969482422
70,2018-05-20T13:00:00,42.17702625562164,28.94499969482422
70,2018-05-20T14:00:00,42.87893927566662,28.94499969482422
70,2018-05-20T15:00:00,42.8154020596472,28.725500106811523
70,2018-05-20T16:00:00,42.01631420561121,28.506000518798828
70,2018-05-20T17:00:00,40.50628757567409,28.06649971008301
70,2018-05-20T18:00:00,38.96706949606394,27.62700080871582
70,2018-05-20T19:00:00,37.40559206657227,26.528499603271484
70,2018-05-20T20:00:00,36.6486571721731,26.528499603271484
70,2018-05-20T21:00:00,36.144076937901644,26.528499603271484
70,2018-05-20T22:00:00,35.60120606049176,26.74799919128418
70,2018-05-20T23:00:00,35.67564944568469,26.74799919128418
70,2018-05-21T00:00:00,35.570076040388486,26.74799919128418
70,2018-05-21T01:00:00,35.71967552049136,26.528499603271484
70,2018-05-21T02:00:00,35.13658090312342,26.30850028991699
70,2018-05-21T03:00:00,34.66396541457579,25.86899948120117
70,2018-05-21T04:00:00,33.92943537687398,25.86899948120117
70,2018-05-21T05:00:00,33.391136560807084,25.86899948120117
70,2018-05-21T06:00:00,32.91300960249268,25.43000030517578
70,2018-05-21T07:00:00,33.22602509625552,25.43000030517578
70,2018-05-21T08:00:00,33.84538420856159,25.64949989318848
70,2018-05-21T09:00:00,35.15880421840166,26.08849906921387
70,2018-05-21T10:00:00,36.926058846461046,26.96750068664551
70,2018-05-21T11:00:00,38.83786263655182,27.62700080871582
70,2018-05-21T12:00:00,40.70827293048022,28.28650093078613
70,2018-05-21T13:00:00,42.383913912945225,29.165000915527344
70,2018-05-21T14:00:00,43.18492209204271,29.82399940490723
70,2018-05-21T15:00:00,43.149210203710744,29.82399940490723
70,2018-05-21T16:00:00,42.572787689629536,29.60449981689453
70,2018-05-21T17:00:00,40.82314919317056,29.38500022888184
70,2018-05-21T18:00:00,39.54412261570276,28.06649971008301
70,2018-05-21T19:00:00,38.40579326082143,27.62700080871582
70,2018-05-21T20:00:00,37.351437531435295,28.506000518798828
70,2018-05-21T21:00:00,36.723408447963784,28.94499969482422
70,2018-05-21T22:00:00,36.364230118645914,28.94499969482422
70,2018-05-21T23:00:00,36.07480337794554,28.94499969482422
70,2018-05-22T00:00:00,35.82673980048199,29.165000915527344
70,2018-05-22T01:00:00,35.729268023114486,29.165000915527344
70,2018-05-22T02:00:00,35.43833649562601,29.165000915527344
70,2018-05-22T03:00:00,34.95718331483642,29.165000915527344
70,2018-05-22T04:00:00,34.58846721900169,29.165000915527344
70,2018-05-22T05:00:00,34.2143025999224,28.945499420166016
70,2018-05-22T06:00:00,34.02918372012793,29.165000915527344
70,2018-05-22T07:00:00,34.14677991116548,29.38500022888184
70,2018-05-22T08:00:00,34.60873280621248,28.94499969482422
70,2018-05-22T09:00:00,36.11587256267829,28.94499969482422
70,2018-05-22T10:00:00,37.9499278190261,28.945499420166016
70,2018-05-22T11:00:00,39.98609090221781,28.506000518798828
70,2018-05-22T12:00:00,41.42134641452573,27.62700080871582
70,2018-05-22T13:00:00,43.03542980348128,25.429500579833984
70,2018-05-22T14:00:00,43.56899052534952,24.99049949645996
70,2018-05-22T15:00:00,43.94543809619433,25.43000030517578
70,2018-05-22T16:00:00,43.1239335259713,26.089000701904297
70,2018-05-22T17:00:00,41.470619173185106,26.089000701904297
70,2018-05-22T18:00:00,39.72318266466779,25.86899948120117
70,2018-05-22T19:00:00,38.12305926348119,26.08849906921387
70,2018-05-22T20:00:00,37.42741922928141,26.528499603271484
70,2018-05-22T21:00:00,36.503103602591736,26.528499603271484
70,2018-05-22T22:00:00,36.38421974465428,26.96750068664551
71,2018-05-19T23:00:00,29.232550738256993,29.38500022888184
71,2018-05-20T00:00:00,29.292334311755663,29.38500022888184
71,2018-05-20T01:00:00,29.732337001887988,29.165000915527344
71,2018-05-20T02:00:00,29.80009847690849,28.94499969482422
71,2018-05-20T03:00:00,29.25468492490886,28.94499969482422
71,2018-05-20T04:00:00,28.698455563924483,28.94499969482422
71,2018-05-20T05:00:00,28.062043280870956,28.506000518798828
71,2018-05-20T06:00:00,27.926958903881403,28.506000518798828
71,2018-05-20T07:00:00,27.683361678655604,28.506000518798828
71,2018-05-20T08:00:00,27.957447143138708,28.506000518798828
71,2018-05-20T09:00:00,28.469090969293607,28.506000518798828
71,2018-05-20T10:00:00,29.884120452630874,28.506000518798828
71,2018-05-20T11:00:00,31.635893771267785,28.725500106811523
71,2018-05-20T12:00:00,33.03514432900812,28.94499969482422
71,2018-05-20T13:00:00,34.1177089949598,28.94499969482422
71,2018-05-20T14:00:00,34.95282324187167,28.94499969482422
71,2018-05-20T15:00:00,35.36398855651838,28.725500106811523
71,2018-05-20T16:00:00,35.221656092757215,28.506000518798828
71,2018-05-20T17:00:00,34.47461748637095,28.06649971008301
71,2018-05-20T18:00:00,33.31729436051464,27.62700080871582
71,2018-05-20T19:00:00,32.72514251402944,26.528499603271484
71,2018-05-20T20:00:00,32.183225413271245,26.528499603271484
71,2018-05-20T21:00:00,32.06076135784977,26.528499603271484
71,2018-05-20T22:00:00,31.603303323429202,26.74799919128418
71,2018-05-20T23:00:00,31.5049510929857,26.74799919128418
71,2018-05-21T00:00:00,31.64496935978736,26.74799919128418
71,2018-05-21T01:00:00,31.54031027553291,26.528499603271484
71,2018-05-21T02:00:00,31.33408481106159,26.30850028991699
71,2018-05-21T03:00:00,30.9165734150611,25.86899948120117
71,2018-05-21T04:00:00,30.277216466330724,25.86899948120117
71,2018-05-21T05:00:00,29.586881204676434,25.86899948120117
71,2018-05-21T06:00:00,29.511951192692084,25.43000030517578
71,2018-05-21T07:00:00,29.57289790844891,25.43000030517578
71,2018-05-21T08:00:00,29.654538521448053,25.64949989318848
71,2018-05-21T09:00:00,30.76746165647177,26.08849906921387
71,2018-05-21T10:00:00,32.05296625211616,26.96750068664551
71,2018-05-21T11:00:00,33.80335337886188,27.62700080871582
71,2018-05-21T12:00:00,35.58747185916117,28.28650093078613
71,2018-05-21T13:00:00,36.84415321948073,29.165000915527344
71,2018-05-21T14:00:00,37.910923781969345,29.82399940490723
71,2018-05-21T15:00:00,38.000713802956625,29.82399940490723
71,2018-05-21T16:00:00,37.70304061171305,29.60449981689453
71,2018-05-21T17:00:00,36.72503639099098,29.38500022888184
71,2018-05-21T18:00:00,35.59205201688654,28.06649971008301
71,2018-05-21T19:00:00,34.808766362696005,27.62700080871582
71,2018-05-21T20:00:00,34.239090985980525,28.506000518798828
71,2018-05-21T21:00:00,33.738743449193194,28.94499969482422
71,2018-05-21T22:00:00,33.46934373750713,28.94499969482422
71,2018-05-21T23:00:00,33.377287185586226,28.94499969482422
71,2018-05-22T00:00:00,33.19136459729809,29.165000915527344
71,2018-05-22T01:00:00,33.0958521444678,29.165000915527344
71,2018-05-22T02:00:00,32.96547621295268,29.165000915527344
71,2018-05-22T03:00:00,32.65387633173814,29.165000915527344
71,2018-05-22T04:00:00,32.025644610639894,29.165000915527344
71,2018-05-22T05:00:00,31.505070029983273,28.945499420166016
71,2018-05-22T06:00:00,31.264886057117383,29.165000915527344
71,2018-05-22T07:00:00,31.496478856004153,29.38500022888184
71,2018-05-22T08:00:00,32.15267924496814,28.94499969482422
71,2018-05-22T09:00:00,32.944045430879754,28.94499969482422
71,2018-05-22T10:00:00,34.08665800010995,28.945499420166016
71,2018-05-22T11:00:00,35.78876274961905,28.506000518798828
71,2018-05-22T12:00:00,37.20048333270233,27.62700080871582
71,2018-05-22T13:00:00,38.64407173298794,25.429500579833984
71,2018-05-22T14:00:00,39.191135168070694,24.99049949645996
71,2018-05-22T15:00:00,39.511408669524414,25.43000030517578
71,2018-05-22T16:00:00,39.306729842155775,26.089000701904297
71,2018-05-22T17:00:00,38.08872261981916,26.089000701904297
71,2018-05-22T18:00:00,36.91218369965682,25.86899948120117
71,2018-05-22T19:00:00,35.91522972491189,26.08849906921387
71,2018-05-22T20:00:00,34.91804198137979,26.528499603271484
71,2018-05-22T21:00:00,34.63838654791634,26.528499603271484
71,2018-05-22T22:00:00,34.315360276451656,26.96750068664551
71,2018-05-22T23:00:00,34.335301324165705,26.96750068664551
71,2018-05-23T00:00:00,34.44531211717677,26.96750068664551
71,2018-05-23T01:00:00,34.0780746944461,26.74799919128418
71,2018-05-23T02:00:00,33.865158083084424,26.74799919128418
71,2018-05-23T03:00:00,33.314421969304775,25.86899948120117
71,2018-05-23T04:00:00,32.56271425902046,25.43000030517578
71,2018-05-23T05:00:00,32.29609890464002,24.55100059509277
71,2018-05-23T06:00:00,32.16640569201701,24.33099937438965
71,2018-05-23T07:00:00,32.05959091744411,24.55100059509277
71,2018-05-23T08:00:00,32.417968503140735,26.74799919128418
71,2018-05-23T09:00:00,33.007666347528335,29.82399940490723
71,2018-05-23T10:00:00,34.49603321601465,33.11999893188477
71,2018-05-23T11:00:00,36.003773017045404,37.07550048828125
71,2018-05-23T12:00:00,37.50765175594686,38.83300018310547
71,2018-05-23T13:00:00,38.57526616674041,40.59049987792969
71,2018-05-23T14:00:00,39.157504392112386,42.12900161743164
71,2018-05-23T15:00:00,39.42256398670577,42.3484992980957
71,2018-05-23T16:00:00,38.975683134653345,40.37149810791016
71,2018-05-23T17:00:00,37.83462621117665,38.17399978637695
71,2018-05-23T18:00:00,36.625894934315255,36.635501861572266
71,2018-05-23T19:00:00,35.77813767315793,35.09749984741211
71,2018-05-23T20:00:00,35.03727786090066,32.68099975585937
71,2018-05-23T21:00:00,34.527607966981336,30.702999114990234
71,2018-05-23T22:00:00,34.44992009908949,29.165000915527344
72,2018-05-20T23:00:00,26.921108943465583,26.74799919128418
72,2018-05-21T00:00:00,27.328569079852304,26.74799919128418
72,2018-05-21T01:00:00,27.5452530177613,26.528499603271484
72,2018-05-21T02:00:00,27.771552424651343,26.30850028991699
72,2018-05-21T03:00:00,27.445210810036833,25.86899948120117
72,2018-05-21T04:00:00,26.91096041322964,25.86899948120117
72,2018-05-21T05:00:00,26.602983378048584,25.86899948120117
72,2018-05-21T06:00:00,26.221010425343326,25.43000030517578
72,2018-05-21T07:00:00,26.339007330292162,25.43000030517578
72,2018-05-21T08:00:00,26.445877297105543,25.64949989318848
72,2018-05-21T09:00:00,27.101436133290672,26.08849906921387
72,2018-05-21T10:00:00,27.656302838909557,26.96750068664551
72,2018-05-21T11:00:00,28.820660705019627,27.62700080871582
72,2018-05-21T12:00:00,30.279663056247262,28.28650093078613
72,2018-05-21T13:00:00,31.03066489882785,29.165000915527344
72,2018-05-21T14:00:00,31.833092681648058,29.82399940490723
72,2018-05-21T15:00:00,31.84899386261901,29.82399940490723
72,2018-05-21T16:00:00,31.736045223137673,29.60449981689453
72,2018-05-21T17:00:00,30.865420471151484,29.38500022888184
72,2018-05-21T18:00:00,30.174199351230698,28.06649971008301
72,2018-05-21T19:00:00,29.611660992604538,27.62700080871582
72,2018-05-21T20:00:00,29.362823309758117,28.506000518798828
72,2018-05-21T21:00:00,29.156522571737327,28.94499969482422
72,2018-05-21T22:00:00,29.334735385600844,28.94499969482422
72,2018-05-21T23:00:00,29.278889938107753,28.94499969482422
72,2018-05-22T00:00:00,29.39035116951473,29.165000915527344
72,2018-05-22T01:00:00,29.756517862779987,29.165000915527344
72,2018-05-22T02:00:00,29.444869893615426,29.165000915527344
72,2018-05-22T03:00:00,29.11121185191995,29.165000915527344
72,2018-05-22T04:00:00,28.774082195491264,29.165000915527344
72,2018-05-22T05:00:00,28.34519721817982,28.945499420166016
72,2018-05-22T06:00:00,28.187283049854603,29.165000915527344
72,2018-05-22T07:00:00,27.984891644366822,29.38500022888184
72,2018-05-22T08:00:00,28.487687538590787,28.94499969482422
72,2018-05-22T09:00:00,29.04783609601066,28.94499969482422
72,2018-05-22T10:00:00,29.930346234708107,28.945499420166016
72,2018-05-22T11:00:00,31.28315537291923,28.506000518798828
72,2018-05-22T12:00:00,32.4218251179614,27.62700080871582
72,2018-05-22T13:00:00,33.43552834122374,25.429500579833984
72,2018-05-22T14:00:00,34.21214850607372,24.99049949645996
72,2018-05-22T15:00:00,34.42308823173076,25.43000030517578
72,2018-05-22T16:00:00,34.08100387436622,26.089000701904297
72,2018-05-22T17:00:00,33.11693033478953,26.089000701904297
72,2018-05-22T18:00:00,32.382543979366666,25.86899948120117
72,2018-05-22T19:00:00,31.46648369783746,26.08849906921387
72,2018-05-22T20:00:00,30.99515028854556,26.528499603271484
72,2018-05-22T21:00:00,30.746755785706203,26.528499603271484
72,2018-05-22T22:00:00,30.922951767910863,26.96750068664551
72,2018-05-22T23:00:00,30.801237939245897,26.96750068664551
72,2018-05-23T00:00:00,31.02184691210839,26.96750068664551
72,2018-05-23T01:00:00,30.97902309306915,26.74799919128418
72,2018-05-23T02:00:00,30.897411102492235,26.74799919128418
72,2018-05-23T03:00:00,30.30516677479416,25.86899948120117
72,2018-05-23T04:00:00,30.118504792937212,25.43000030517578
72,2018-05-23T05:00:00,29.435718335941694,24.55100059509277
72,2018-05-23T06:00:00,29.07451149792896,24.33099937438965
72,2018-05-23T07:00:00,29.095045531530918,24.55100059509277
72,2018-05-23T08:00:00,29.3286859055229,26.74799919128418
72,2018-05-23T09:00:00,29.781367211176473,29.82399940490723
72,2018-05-23T10:00:00,31.035974871303434,33.11999893188477
72,2018-05-23T11:00:00,31.790039655163827,37.07550048828125
72,2018-05-23T12:00:00,33.290349371869624,38.83300018310547
72,2018-05-23T13:00:00,34.252361640911175,40.59049987792969
72,2018-05-23T14:00:00,34.59168068457373,42.12900161743164
72,2018-05-23T15:00:00,34.923291402037805,42.3484992980957
72,2018-05-23T16:00:00,34.382441883418906,40.37149810791016
72,2018-05-23T17:00:00,33.921436379144524,38.17399978637695
72,2018-05-23T18:00:00,32.76419626971605,36.635501861572266
72,2018-05-23T19:00:00,32.23825333140383,35.09749984741211
72,2018-05-23T20:00:00,31.58845387393344,32.68099975585937
72,2018-05-23T21:00:00,31.531226020463173,30.702999114990234
72,2018-05-23T22:00:00,31.45256156920869,29.165000915527344
72,2018-05-23T23:00:00,31.486979176694568,28.285999298095703
72,2018-05-24T00:00:00,31.731001176911704,27.40699958801269
72,2018-05-24T01:00:00,31.59694207561265,26.74799919128418
72,2018-05-24T02:00:00,31.578463622271446,26.30850028991699
72,2018-05-24T03:00:00,31.224497766739873,25.86899948120117
72,2018-05-24T04:00:00,30.527728002113474,25.43000030517578
72,2018-05-24T05:00:00,30.214987671318173,24.77050018310547
72,2018-05-24T06:00:00,29.72436594237944,24.55100059509277
72,2018-05-24T07:00:00,29.749420710821397,25.64949989318848
72,2018-05-24T08:00:00,29.83366630634459,27.84700012207031
72,2018-05-24T09:00:00,30.601334951182526,30.26350021362305
72,2018-05-24T10:00:00,31.47415838413729,32.46099853515625
72,2018-05-24T11:00:00,32.4427215387969,31.582000732421875
72,2018-05-24T12:00:00,33.84701990587051,31.80200004577637
72,2018-05-24T13:00:00,34.573751644899176,35.97650146484375
72,2018-05-24T14:00:00,35.29820111636365,38.39350128173828
72,2018-05-24T15:00:00,35.32740351325792,39.49250030517578
72,2018-05-24T16:00:00,35.011756695219894,37.73450088500977
72,2018-05-24T17:00:00,34.452287891819715,36.635501861572266
72,2018-05-24T18:00:00,32.895929656666574,35.5369987487793
72,2018-05-24T19:00:00,32.457069924853215,34.87799835205078
72,2018-05-24T20:00:00,32.065121886948745,34.438499450683594
72,2018-05-24T21:00:00,31.818332862526304,33.77899932861328
72,2018-05-24T22:00:00,31.679386853239684,33.34000015258789
73,2018-05-21T23:00:00,29.07239077029839,28.94499969482422
73,2018-05-22T00:00:00,28.997607884406342,29.165000915527344
73,2018-05-22T01:00:00,29.014888449465268,29.165000915527344
73,2018-05-22T02:00:00,28.856342631035083,29.165000915527344
73,2018-05-22T03:00:00,28.634333458399542,29.165000915527344
73,2018-05-22T04:00:00,28.462754797455734,29.165000915527344
73,2018-05-22T05:00:00,28.167467028529945,28.945499420166016
73,2018-05-22T06:00:00,27.986272203000407,29.165000915527344
73,2018-05-22T07:00:00,28.198773048021575,29.38500022888184
73,2018-05-22T08:00:00,28.452837983402983,28.94499969482422
73,2018-05-22T09:00:00,29.123106007811565,28.94499969482422
73,2018-05-22T10:00:00,29.932206806186933,28.945499420166016
73,2018-05-22T11:00:00,30.97987994119932,28.506000518798828
73,2018-05-22T12:00:00,31.824160433306766,27.62700080871582
73,2018-05-22T13:00:00,32.33578417815268,25.429500579833984
73,2018-05-22T14:00:00,32.632132299490394,24.99049949645996
73,2018-05-22T15:00:00,32.655633018648615,25.43000030517578
73,2018-05-22T16:00:00,32.38837770795908,26.089000701904297
73,2018-05-22T17:00:00,31.533910598408415,26.089000701904297
73,2018-05-22T18:00:00,30.550903839674294,25.86899948120117
73,2018-05-22T19:00:00,29.920934133168547,26.08849906921387
73,2018-05-22T20:00:00,29.66724550851772,26.528499603271484
73,2018-05-22T21:00:00,29.574789839155283,26.528499603271484
73,2018-05-22T22:00:00,29.73676994229421,26.96750068664551
73,2018-05-22T23:00:00,30.014982395156217,26.96750068664551
73,2018-05-23T00:00:00,30.050561890531146,26.96750068664551
73,2018-05-23T01:00:00,30.07764424399618,26.74799919128418
73,2018-05-23T02:00:00,29.919828281368286,26.74799919128418
73,2018-05-23T03:00:00,29.75635486321687,25.86899948120117
73,2018-05-23T04:00:00,29.568376363970668,25.43000030517578
73,2018-05-23T05:00:00,29.28715445156602,24.55100059509277
73,2018-05-23T06:00:00,29.186422603112668,24.33099937438965
73,2018-05-23T07:00:00,29.147260903263156,24.55100059509277
73,2018-05-23T08:00:00,29.778591178320344,26.74799919128418
73,2018-05-23T09:00:00,30.300070501200125,29.82399940490723
73,2018-05-23T10:00:00,31.22151704365302,33.11999893188477
73,2018-05-23T11:00:00,31.92375118218809,37.07550048828125
73,2018-05-23T12:00:00,32.77386973616303,38.83300018310547
73,2018-05-23T13:00:00,33.606308755881145,40.59049987792969
73,2018-05-23T14:00:00,33.65861275449211,42.12900161743164
73,2018-05-23T15:00:00,33.5818702247689,42.3484992980957
73,2018-05-23T16:00:00,33.31009975548018,40.37149810791016
73,2018-05-23T17:00:00,32.52547797012899,38.17399978637695
73,2018-05-23T18:00:00,31.602192978706885,36.635501861572266
73,2018-05-23T19:00:00,30.935680421355926,35.09749984741211
73,2018-05-23T20:00:00,30.216781419133934,32.68099975585937
73,2018-05-23T21:00:00,30.223086448408008,30.702999114990234
73,2018-05-23T22:00:00,30.45247543481624,29.165000915527344
73,2018-05-23T23:00:00,30.590908977307947,28.285999298095703
73,2018-05-24T00:00:00,30.742417607183956,27.40699958801269
73,2018-05-24T01:00:00,30.946125438834144,26.74799919128418
73,2018-05-24T02:00:00,30.798408880786827,26.30850028991699
73,2018-05-24T03:00:00,30.364315067359477,25.86899948120117
73,2018-05-24T04:00:00,30.397748109133897,25.43000030517578
73,2018-05-24T05:00:00,30.037427916219183,24.77050018310547
73,2018-05-24T06:00:00,30.067690870785782,24.55100059509277
73,2018-05-24T07:00:00,30.232459436438297,25.64949989318848
73,2018-05-24T08:00:00,30.53069994461661,27.84700012207031
73,2018-05-24T09:00:00,31.139168738413275,30.26350021362305
73,2018-05-24T10:00:00,31.914938669079255,32.46099853515625
73,2018-05-24T11:00:00,32.70180121378072,31.582000732421875
73,2018-05-24T12:00:00,33.44091220744278,31.80200004577637
73,2018-05-24T13:00:00,34.07873540486216,35.97650146484375
73,2018-05-24T14:00:00,34.457296473610164,38.39350128173828
73,2018-05-24T15:00:00,34.14932559624107,39.49250030517578
73,2018-05-24T16:00:00,33.75088825083809,37.73450088500977
73,2018-05-24T17:00:00,32.73640059075282,36.635501861572266
73,2018-05-24T18:00:00,31.982509708063375,35.5369987487793
73,2018-05-24T19:00:00,30.970332139729646,34.87799835205078
73,2018-05-24T20:00:00,30.889349842441902,34.438499450683594
73,2018-05-24T21:00:00,30.629858848426206,33.77899932861328
73,2018-05-24T22:00:00,30.83624624054523,33.34000015258789
73,2018-05-24T23:00:00,30.795193818745023,32.46099853515625
73,2018-05-25T00:00:00,31.062805598326616,29.82399940490723
73,2018-05-25T01:00:00,30.895571855288143,29.38450050354004
73,2018-05-25T02:00:00,30.998331938755825,29.38450050354004
73,2018-05-25T03:00:00,30.640706746453258,29.60449981689453
73,2018-05-25T04:00:00,30.345392681389747,29.60449981689453
73,2018-05-25T05:00:00,29.91273990999341,29.60449981689453
73,2018-05-25T06:00:00,29.882790137181498,29.60449981689453
73,2018-05-25T07:00:00,29.9883187272907,29.82399940490723
73,2018-05-25T08:00:00,30.219936385492396,30.48349952697754
73,2018-05-25T09:00:00,30.908461410078914,30.92250061035156
73,2018-05-25T10:00:00,31.74318942534094,31.80150032043457
73,2018-05-25T11:00:00,32.7745382008608,31.582000732421875
73,2018-05-25T12:00:00,33.29900246606896,31.36199951171875
73,2018-05-25T13:00:00,33.8502949495621,32.24100112915039
73,2018-05-25T14:00:00,34.207908966576305,34.21900177001953
73,2018-05-25T15:00:00,34.088654499586006,33.77899932861328
73,2018-05-25T16:00:00,33.394661794117724,33.34000015258789
73,2018-05-25T17:00:00,32.792368943611194,33.11999893188477
73,2018-05-25T18:00:00,31.708366200500922,29.38500022888184
73,2018-05-25T19:00:00,30.80671223407383,26.96750068664551
73,2018-05-25T20:00:00,30.52207741140994,27.1875
73,2018-05-25T21:00:00,30.466540789589743,27.1875
73,2018-05-25T22:00:00,30.63441619944063,27.1875
74,2018-05-22T23:00:00,27.282805703839465,26.96750068664551
74,2018-05-23T00:00:00,27.57947238931565,26.96750068664551
74,2018-05-23T01:00:00,27.828686953060426,26.74799919128418
74,2018-05-23T02:00:00,27.93885859040042,26.74799919128418
74,2018-05-23T03:00:00,27.982373806285292,25.86899948120117
74,2018-05-23T04:00:00,27.955430687790578,25.43000030517578
74,2018-05-23T05:00:00,27.955256900653183,24.55100059509277
74,2018-05-23T06:00:00,27.78715554471697,24.33099937438965
74,2018-05-23T07:00:00,27.612670567580768,24.55100059509277
74,2018-05-23T08:00:00,27.58381910895115,26.74799919128418
74,2018-05-23T09:00:00,27.39378179089124,29.82399940490723
74,2018-05-23T10:00:00,27.51658760487621,33.11999893188477
74,2018-05-23T11:00:00,27.486848109939206,37.07550048828125
74,2018-05-23T12:00:00,27.45607438767766,38.83300018310547
74,2018-05-23T13:00:00,27.26324621239951,40.59049987792969
74,2018-05-23T14:00:00,27.041202355317964,42.12900161743164
74,2018-05-23T15:00:00,26.992439554715297,42.3484992980957
74,2018-05-23T16:00:00,27.094778170164734,40.37149810791016
74,2018-05-23T17:00:00,27.021252184919533,38.17399978637695
74,2018-05-23T18:00:00,26.845389294728214,36.635501861572266
74,2018-05-23T19:00:00,26.82443300627648,35.09749984741211
74,2018-05-23T20:00:00,27.040773703185767,32.68099975585937
74,2018-05-23T21:00:00,27.247150148083538,30.702999114990234
74,2018-05-23T22:00:00,27.426779954301374,29.165000915527344
74,2018-05-23T23:00:00,27.560505461839448,28.285999298095703
74,2018-05-24T00:00:00,27.705468337607364,27.40699958801269
74,2018-05-24T01:00:00,27.91774453652573,26.74799919128418
74,2018-05-24T02:00:00,28.050112976342493,26.30850028991699
74,2018-05-24T03:00:00,27.94491360110577,25.86899948120117
74,2018-05-24T04:00:00,27.829418592347515,25.43000030517578
74,2018-05-24T05:00:00,27.737967900702834,24.77050018310547
74,2018-05-24T06:00:00,27.630618992959626,24.55100059509277
74,2018-05-24T07:00:00,27.475819582761478,25.64949989318848
74,2018-05-24T08:00:00,27.377307819374924,27.84700012207031
74,2018-05-24T09:00:00,27.457024344205262,30.26350021362305
74,2018-05-24T10:00:00,27.615851647623263,32.46099853515625
74,2018-05-24T11:00:00,27.955382109496266,31.582000732421875
74,2018-05-24T12:00:00,27.951104528404997,31.80200004577637
74,2018-05-24T13:00:00,27.823636361308413,35.97650146484375
74,2018-05-24T14:00:00,27.81078596564033,38.39350128173828
74,2018-05-24T15:00:00,27.74809772943581,39.49250030517578
74,2018-05-24T16:00:00,27.655606664057988,37.73450088500977
74,2018-05-24T17:00:00,27.571700478007067,36.635501861572266
74,2018-05-24T18:00:00,27.30628281805186,35.5369987487793
74,2018-05-24T19:00:00,27.292265357371342,34.87799835205078
74,2018-05-24T20:00:00,27.317436440039117,34.438499450683594
74,2018-05-24T21:00:00,27.44105903076313,33.77899932861328
74,2018-05-24T22:00:00,27.587157338635407,33.34000015258789
74,2018-05-24T23:00:00,27.749201346178396,32.46099853515625
74,2018-05-25T00:00:00,27.787273615059526,29.82399940490723
74,2018-05-25T01:00:00,27.997247134407413,29.38450050354004
74,2018-05-25T02:00:00,27.924240001836193,29.38450050354004
74,2018-05-25T03:00:00,27.96572700551344,29.60449981689453
74,2018-05-25T04:00:00,27.784629462009434,29.60449981689453
74,2018-05-25T05:00:00,27.727141714664604,29.60449981689453
74,2018-05-25T06:00:00,27.61799075746285,29.60449981689453
74,2018-05-25T07:00:00,27.596624267508073,29.82399940490723
74,2018-05-25T08:00:00,27.544570572549716,30.48349952697754
74,2018-05-25T09:00:00,27.705358911008254,30.92250061035156
74,2018-05-25T10:00:00,27.950591217761776,31.80150032043457
74,2018-05-25T11:00:00,28.127658940878852,31.582000732421875
74,2018-05-25T12:00:00,28.296448489317807,31.36199951171875
74,2018-05-25T13:00:00,28.250812944919808,32.24100112915039
74,2018-05-25T14:00:00,28.335483349644402,34.21900177001953
74,2018-05-25T15:00:00,28.364584108431348,33.77899932861328
74,2018-05-25T16:00:00,28.25653050753003,33.34000015258789
74,2018-05-25T17:00:00,28.017439740143182,33.11999893188477
74,2018-05-25T18:00:00,27.71888187658208,29.38500022888184
74,2018-05-25T19:00:00,27.591415511215665,26.96750068664551
74,2018-05-25T20:00:00,27.753070162589417,27.1875
74,2018-05-25T21:00:00,27.839356217524006,27.1875
74,2018-05-25T22:00:00,28.002949610378344,27.1875
74,2018-05-25T23:00:00,28.072973625158067,26.52799987792969
74,2018-05-26T00:00:00,28.33817140561306,26.52799987792969
74,2018-05-26T01:00:00,28.360081641766815,26.74799919128418
74,2018-05-26T02:00:00,28.423728409822253,26.96750068664551
74,2018-05-26T03:00:00,28.397590926988286,27.1875
74,2018-05-26T04:00:00,28.297065570495825,27.1875
74,2018-05-26T05:00:00,28.13252630351514,27.1875
74,2018-05-26T06:00:00,28.13002894586004,27.1875
74,2018-05-26T07:00:00,27.930162790634842,27.40699958801269
74,2018-05-26T08:00:00,27.972355388335284,27.62700080871582
74,2018-05-26T09:00:00,28.027495447065586,28.506000518798828
74,2018-05-26T10:00:00,28.098540404260724,28.94499969482422
74,2018-05-26T11:00:00,28.329428509989384,29.38500022888184
74,2018-05-26T12:00:00,28.32113408552971,30.26350021362305
74,2018-05-26T13:00:00,28.32011790971688,31.582000732421875
74,2018-05-26T14:00:00,28.301910628168805,32.68050003051758
74,2018-05-26T15:00:00,28.296524070757876,33.34000015258789
74,2018-05-26T16:00:00,28.248727294010674,33.34000015258789
74,2018-05-26T17:00:00,27.973294728338942,33.34000015258789
74,2018-05-26T18:00:00,27.80853790814256,32.900501251220696
74,2018-05-26T19:00:00,27.636445879538755,32.46099853515625
74,2018-05-26T20:00:00,27.562952849990868,32.021499633789055
74,2018-05-26T21:00:00,27.755840562187938,31.80200004577637
74,2018-05-26T22:00:00,27.883983306180827,31.582000732421875
75,2018-05-23T23:00:00,28.196462557152596,28.285999298095703
75,2018-05-24T00:00:00,27.595897759730946,27.40699958801269
75,2018-05-24T01:00:00,27.09852565487353,26.74799919128418
75,2018-05-24T02:00:00,26.84217468882063,26.30850028991699
75,2018-05-24T03:00:00,26.57795597765976,25.86899948120117
75,2018-05-24T04:00:00,26.52630847022332,25.43000030517578
75,2018-05-24T05:00:00,26.588039850870178,24.77050018310547
75,2018-05-24T06:00:00,27.132477321254818,24.55100059509277
75,2018-05-24T07:00:00,27.967113083371075,25.64949989318848
75,2018-05-24T08:00:00,29.300753580151046,27.84700012207031
75,2018-05-24T09:00:00,30.913620288094492,30.26350021362305
75,2018-05-24T10:00:00,32.75397099489778,32.46099853515625
75,2018-05-24T11:00:00,34.50792007375877,31.582000732421875
75,2018-05-24T12:00:00,35.59915687751342,31.80200004577637
75,2018-05-24T13:00:00,36.297731679277504,35.97650146484375
75,2018-05-24T14:00:00,36.65561618388351,38.39350128173828
75,2018-05-24T15:00:00,36.33024002295669,39.49250030517578
75,2018-05-24T16:00:00,35.56527066639255,37.73450088500977
75,2018-05-24T17:00:00,34.409378661647985,36.635501861572266
75,2018-05-24T18:00:00,33.05317725325102,35.5369987487793
75,2018-05-24T19:00:00,31.871600102574003,34.87799835205078
75,2018-05-24T20:00:00,30.916539204994685,34.438499450683594
75,2018-05-24T21:00:00,30.113248644299457,33.77899932861328
75,2018-05-24T22:00:00,29.46566474476374,33.34000015258789
75,2018-05-24T23:00:00,29.008976687711357,32.46099853515625
75,2018-05-25T00:00:00,28.897543748029303,29.82399940490723
75,2018-05-25T01:00:00,28.47148875284872,29.38450050354004
75,2018-05-25T02:00:00,28.348514613933627,29.38450050354004
75,2018-05-25T03:00:00,28.01985861990592,29.60449981689453
75,2018-05-25T04:00:00,27.91277609454654,29.60449981689453
75,2018-05-25T05:00:00,27.853921267334293,29.60449981689453
75,2018-05-25T06:00:00,28.165552165675713,29.60449981689453
75,2018-05-25T07:00:00,28.560439327226277,29.82399940490723
75,2018-05-25T08:00:00,29.318605019991615,30.48349952697754
75,2018-05-25T09:00:00,30.28789183158948,30.92250061035156
75,2018-05-25T10:00:00,31.36667058352443,31.80150032043457
75,2018-05-25T11:00:00,32.43299892388784,31.582000732421875
75,2018-05-25T12:00:00,33.29466234897628,31.36199951171875
75,2018-05-25T13:00:00,33.75791408621156,32.24100112915039
75,2018-05-25T14:00:00,34.16138532885414,34.21900177001953
75,2018-05-25T15:00:00,33.848569621879165,33.77899932861328
75,2018-05-25T16:00:00,33.34810451649692,33.34000015258789
75,2018-05-25T17:00:00,32.399026389366036,33.11999893188477
75,2018-05-25T18:00:00,31.521004394718652,29.38500022888184
75,2018-05-25T19:00:00,30.82961769807641,26.96750068664551
75,2018-05-25T20:00:00,30.129038460100872,27.1875
75,2018-05-25T21:00:00,29.51758293364902,27.1875
75,2018-05-25T22:00:00,29.38703720617092,27.1875
75,2018-05-25T23:00:00,29.105029876254775,26.52799987792969
75,2018-05-26T00:00:00,28.958920529934403,26.52799987792969
75,2018-05-26T01:00:00,28.737399593103735,26.74799919128418
75,2018-05-26T02:00:00,28.689295510750924,26.96750068664551
75,2018-05-26T03:00:00,28.375809400507748,27.1875
75,2018-05-26T04:00:00,28.15738429565507,27.1875
75,2018-05-26T05:00:00,28.017015649353176,27.1875
75,2018-05-26T06:00:00,28.036636832946236,27.1875
75,2018-05-26T07:00:00,28.310323864189144,27.40699958801269
75,2018-05-26T08:00:00,28.76553556757996,27.62700080871582
75,2018-05-26T09:00:00,29.633503891944226,28.506000518798828
75,2018-05-26T10:00:00,30.57690394628489,28.94499969482422
75,2018-05-26T11:00:00,31.51112749241005,29.38500022888184
75,2018-05-26T12:00:00,32.102222133809434,30.26350021362305
75,2018-05-26T13:00:00,32.512574161143874,31.582000732421875
75,2018-05-26T14:00:00,32.675928710717855,32.68050003051758
75,2018-05-26T15:00:00,32.53983160172883,33.34000015258789
75,2018-05-26T16:00:00,32.298675948943156,33.34000015258789
75,2018-05-26T17:00:00,31.619586972942688,33.34000015258789
75,2018-05-26T18:00:00,30.837318612093828,32.900501251220696
75,2018-05-26T19:00:00,30.21780452818689,32.46099853515625
75,2018-05-26T20:00:00,29.486259124922857,32.021499633789055
75,2018-05-26T21:00:00,29.163428751701826,31.80200004577637
75,2018-05-26T22:00:00,28.79872234020893,31.582000732421875
75,2018-05-26T23:00:00,28.687611748298693,31.582000732421875
75,2018-05-27T00:00:00,28.451878767350735,31.14249992370605
75,2018-05-27T01:00:00,28.29274871624831,30.702999114990234
75,2018-05-27T02:00:00,28.062230250287275,30.482999801635746
75,2018-05-27T03:00:00,27.666025043297825,30.26350021362305
75,2018-05-27T04:00:00,27.604130594667716,30.26350021362305
75,2018-05-27T05:00:00,27.470981937269553,30.04400062561035
75,2018-05-27T06:00:00,27.395435049367585,30.04400062561035
75,2018-05-27T07:00:00,27.780020282744392,30.04400062561035
75,2018-05-27T08:00:00,28.443207587429622,30.26350021362305
75,2018-05-27T09:00:00,29.291368299303556,29.60449981689453
75,2018-05-27T10:00:00,30.47736257393276,29.82399940490723
75,2018-05-27T11:00:00,31.392543656755066,31.14249992370605
75,2018-05-27T12:00:00,32.18738581348168,32.46099853515625
75,2018-05-27T13:00:00,32.624459323693884,34.21900177001953
75,2018-05-27T14:00:00,33.009186870946984,35.756500244140625
75,2018-05-27T15:00:00,32.84170099971902,38.17399978637695
75,2018-05-27T16:00:00,32.493879044048704,38.61299896240234
75,2018-05-27T17:00:00,31.863247714858467,39.053001403808594
75,2018-05-27T18:00:00,30.809920682169462,38.39350128173828
75,2018-05-27T19:00:00,30.26008258263324,37.07500076293945
75,2018-05-27T20:00:00,29.724561509925785,35.75699996948242
75,2018-05-27T21:00:00,29.348004649322128,34.65800094604492
75,2018-05-27T22:00:00,28.798411550878225,33.55950164794922
76,2018-05-24T23:00:00,32.63121672407954,32.46099853515625
76,2018-05-25T00:00:00,32.04324534771041,29.82399940490723
76,2018-05-25T01:00:00,31.326546166792543,29.38450050354004
76,2018-05-25T02:00:00,30.705745214220578,29.38450050354004
76,2018-05-25T03:00:00,30.12004971953657,29.60449981689453
76,2018-05-25T04:00:00,29.608853600520863,29.60449981689453
76,2018-05-25T05:00:00,29.075774191480384,29.60449981689453
76,2018-05-25T06:00:00,28.865127492147234,29.60449981689453
76,2018-05-25T07:00:00,29.188340841360116,29.82399940490723
76,2018-05-25T08:00:00,29.738804814061428,30.48349952697754
76,2018-05-25T09:00:00,31.145765807620993,30.92250061035156
76,2018-05-25T10:00:00,32.24730588514535,31.80150032043457
76,2018-05-25T11:00:00,33.28388070444453,31.582000732421875
76,2018-05-25T12:00:00,34.109650927849,31.36199951171875
76,2018-05-25T13:00:00,35.187577849130186,32.24100112915039
76,2018-05-25T14:00:00,36.06181951740501,34.21900177001953
76,2018-05-25T15:00:00,36.53242231371182,33.77899932861328
76,2018-05-25T16:00:00,35.907768167325834,33.34000015258789
76,2018-05-25T17:00:00,34.929367680001114,33.11999893188477
76,2018-05-25T18:00:00,34.26267335316393,29.38500022888184
76,2018-05-25T19:00:00,33.388401123896436,26.96750068664551
76,2018-05-25T20:00:00,33.086872686234855,27.1875
76,2018-05-25T21:00:00,32.440210747989056,27.1875
76,2018-05-25T22:00:00,31.838475521565105,27.1875
76,2018-05-25T23:00:00,31.471370719858584,26.52799987792969
76,2018-05-26T00:00:00,31.30424519466354,26.52799987792969
76,2018-05-26T01:00:00,30.925286148809555,26.74799919128418
76,2018-05-26T02:00:00,30.262570908830803,26.96750068664551
76,2018-05-26T03:00:00,29.74404391468275,27.1875
76,2018-05-26T04:00:00,29.28108462790191,27.1875
76,2018-05-26T05:00:00,28.772804458633303,27.1875
76,2018-05-26T06:00:00,28.55481350461083,27.1875
76,2018-05-26T07:00:00,28.451277411399914,27.40699958801269
76,2018-05-26T08:00:00,29.368974701623916,27.62700080871582
76,2018-05-26T09:00:00,30.270713246738545,28.506000518798828
76,2018-05-26T10:00:00,31.380752473163366,28.94499969482422
76,2018-05-26T11:00:00,32.106221290573494,29.38500022888184
76,2018-05-26T12:00:00,32.68153083716063,30.26350021362305
76,2018-05-26T13:00:00,33.83321363533334,31.582000732421875
76,2018-05-26T14:00:00,34.47704594495229,32.68050003051758
76,2018-05-26T15:00:00,34.58229002134246,33.34000015258789
76,2018-05-26T16:00:00,34.06692506363326,33.34000015258789
76,2018-05-26T17:00:00,33.37140100155864,33.34000015258789
76,2018-05-26T18:00:00,32.855344202272946,32.900501251220696
76,2018-05-26T19:00:00,32.147419105155976,32.46099853515625
76,2018-05-26T20:00:00,31.497879644190345,32.021499633789055
76,2018-05-26T21:00:00,31.010975523169066,31.80200004577637
76,2018-05-26T22:00:00,30.708420783514995,31.582000732421875
76,2018-05-26T23:00:00,30.133182964033782,31.582000732421875
76,2018-05-27T00:00:00,29.938398486107616,31.14249992370605
76,2018-05-27T01:00:00,29.48477501241823,30.702999114990234
76,2018-05-27T02:00:00,29.15078366204566,30.482999801635746
76,2018-05-27T03:00:00,28.38100231753941,30.26350021362305
76,2018-05-27T04:00:00,27.979079650569936,30.26350021362305
76,2018-05-27T05:00:00,27.733999989132766,30.04400062561035
76,2018-05-27T06:00:00,27.64028881033285,30.04400062561035
76,2018-05-27T07:00:00,27.7580711041317,30.04400062561035
76,2018-05-27T08:00:00,28.63793859502198,30.26350021362305
76,2018-05-27T09:00:00,29.545943455018854,29.60449981689453
76,2018-05-27T10:00:00,30.798849164341604,29.82399940490723
76,2018-05-27T11:00:00,31.532390759191095,31.14249992370605
76,2018-05-27T12:00:00,32.742972914679164,32.46099853515625
76,2018-05-27T13:00:00,33.52087196584534,34.21900177001953
76,2018-05-27T14:00:00,34.23992799227218,35.756500244140625
76,2018-05-27T15:00:00,34.39748792676301,38.17399978637695
76,2018-05-27T16:00:00,33.79132785631523,38.61299896240234
76,2018-05-27T17:00:00,33.19807775266451,39.053001403808594
76,2018-05-27T18:00:00,32.23418769307737,38.39350128173828
76,2018-05-27T19:00:00,31.605223306390037,37.07500076293945
76,2018-05-27T20:00:00,30.991227762330265,35.75699996948242
76,2018-05-27T21:00:00,30.406632691449314,34.65800094604492
76,2018-05-27T22:00:00,30.082465514269646,33.55950164794922
76,2018-05-27T23:00:00,29.481491005689243,32.68099975585937
76,2018-05-28T00:00:00,29.049411458165775,32.021499633789055
76,2018-05-28T01:00:00,28.82980363719528,31.582000732421875
76,2018-05-28T02:00:00,28.411707642474834,31.14249992370605
76,2018-05-28T03:00:00,27.875762855288105,30.702999114990234
76,2018-05-28T04:00:00,27.38241572439154,30.26350021362305
76,2018-05-28T05:00:00,27.25493065752215,30.26350021362305
76,2018-05-28T06:00:00,26.909748236542953,29.82399940490723
76,2018-05-28T07:00:00,27.21785948921791,30.26350021362305
76,2018-05-28T08:00:00,28.020503308607537,31.80200004577637
76,2018-05-28T09:00:00,29.14277420743924,33.55950164794922
76,2018-05-28T10:00:00,30.307965956461892,34.438499450683594
76,2018-05-28T11:00:00,31.516041654417194,35.5369987487793
76,2018-05-28T12:00:00,32.10622357124459,37.73450088500977
76,2018-05-28T13:00:00,32.85328099316738,38.39350128173828
76,2018-05-28T14:00:00,33.5795345895011,38.61299896240234
76,2018-05-28T15:00:00,33.94483412600284,39.053001403808594
76,2018-05-28T16:00:00,33.43322976686123,39.053001403808594
76,2018-05-28T17:00:00,32.92320465841895,39.053001403808594
76,2018-05-28T18:00:00,31.856316185234753,38.17399978637695
76,2018-05-28T19:00:00,31.0776507145473,37.07500076293945
76,2018-05-28T20:00:00,30.61296454922719,36.19599914550781
76,2018-05-28T21:00:00,30.03939018282211,35.5369987487793
76,2018-05-28T22:00:00,29.56564496384786,34.87799835205078
77,2018-05-25T23:00:00,27.31621263192985,26.52799987792969
77,2018-05-26T00:00:00,27.288743659100895,26.52799987792969
77,2018-05-26T01:00:00,27.62976191676234,26.74799919128418
77,2018-05-26T02:00:00,27.698452879287377,26.96750068664551
77,2018-05-26T03:00:00,27.52664690385559,27.1875
77,2018-05-26T04:00:00,27.686666713172084,27.1875
77,2018-05-26T05:00:00,27.58806616325982,27.1875
77,2018-05-26T06:00:00,27.536960223981463,27.1875
77,2018-05-26T07:00:00,27.55559894008047,27.40699958801269
77,2018-05-26T08:00:00,28.339714302415146,27.62700080871582
77,2018-05-26T09:00:00,29.169053513805213,28.506000518798828
77,2018-05-26T10:00:00,29.826430649230435,28.94499969482422
77,2018-05-26T11:00:00,30.417523808193604,29.38500022888184
77,2018-05-26T12:00:00,30.77443241363831,30.26350021362305
77,2018-05-26T13:00:00,31.44564224117533,31.582000732421875
77,2018-05-26T14:00:00,32.12597247241894,32.68050003051758
77,2018-05-26T15:00:00,32.04657854851491,33.34000015258789
77,2018-05-26T16:00:00,31.434700721599857,33.34000015258789
77,2018-05-26T17:00:00,30.781560195009696,33.34000015258789
77,2018-05-26T18:00:00,29.39045546460388,32.900501251220696
77,2018-05-26T19:00:00,28.73157836258892,32.46099853515625
77,2018-05-26T20:00:00,28.27291652496559,32.021499633789055
77,2018-05-26T21:00:00,27.704684128851547,31.80200004577637
77,2018-05-26T22:00:00,27.568852033843694,31.582000732421875
77,2018-05-26T23:00:00,27.6977076129905,31.582000732421875
77,2018-05-27T00:00:00,27.45106962601129,31.14249992370605
77,2018-05-27T01:00:00,27.21583379715185,30.702999114990234
77,2018-05-27T02:00:00,27.128428103760232,30.482999801635746
77,2018-05-27T03:00:00,27.168785719111522,30.26350021362305
77,2018-05-27T04:00:00,26.981384571752876,30.26350021362305
77,2018-05-27T05:00:00,27.030270528594638,30.04400062561035
77,2018-05-27T06:00:00,26.730935640391667,30.04400062561035
77,2018-05-27T07:00:00,27.182988712385573,30.04400062561035
77,2018-05-27T08:00:00,27.877514296655065,30.26350021362305
77,2018-05-27T09:00:00,29.090624313774118,29.60449981689453
77,2018-05-27T10:00:00,30.131992909856717,29.82399940490723
77,2018-05-27T11:00:00,30.904514252615805,31.14249992370605
77,2018-05-27T12:00:00,31.383790555128243,32.46099853515625
77,2018-05-27T13:00:00,32.382701687772844,34.21900177001953
77,2018-05-27T14:00:00,32.684992667814846,35.756500244140625
77,2018-05-27T15:00:00,32.90560164067734,38.17399978637695
77,2018-05-27T16:00:00,32.405840122327724,38.61299896240234
77,2018-05-27T17:00:00,31.66977097373784,39.053001403808594
77,2018-05-27T18:00:00,30.501785596481565,38.39350128173828
77,2018-05-27T19:00:00,29.716033282468867,37.07500076293945
77,2018-05-27T20:00:00,28.882785913091404,35.75699996948242
77,2018-05-27T21:00:00,28.94031801948902,34.65800094604492
77,2018-05-27T22:00:00,28.371582347684573,33.55950164794922
77,2018-05-27T23:00:00,27.94073981335601,32.68099975585937
77,2018-05-28T00:00:00,27.767860542703833,32.021499633789055
77,2018-05-28T01:00:00,27.61834293869325,31.582000732421875
77,2018-05-28T02:00:00,27.281021192741637,31.14249992370605
77,2018-05-28T03:00:00,27.31802131814128,30.702999114990234
77,2018-05-28T04:00:00,27.091653308664718,30.26350021362305
77,2018-05-28T05:00:00,26.803621312372133,30.26350021362305
77,2018-05-28T06:00:00,26.752244862695264,29.82399940490723
77,2018-05-28T07:00:00,27.220096029326655,30.26350021362305
77,2018-05-28T08:00:00,28.067555731326298,31.80200004577637
77,2018-05-28T09:00:00,28.761710552597645,33.55950164794922
77,2018-05-28T10:00:00,30.012228211129173,34.438499450683594
77,2018-05-28T11:00:00,30.72259218949439,35.5369987487793
77,2018-05-28T12:00:00,31.552517909666452,37.73450088500977
77,2018-05-28T13:00:00,32.45210307934379,38.39350128173828
77,2018-05-28T14:00:00,32.8315796094691,38.61299896240234
77,2018-05-28T15:00:00,33.12954244594167,39.053001403808594
77,2018-05-28T16:00:00,32.621557967961124,39.053001403808594
77,2018-05-28T17:00:00,31.790838232147536,39.053001403808594
77,2018-05-28T18:00:00,30.924733428169823,38.17399978637695
77,2018-05-28T19:00:00,29.50593164642225,37.07500076293945
77,2018-05-28T20:00:00,29.29806426981328,36.19599914550781
77,2018-05-28T21:00:00,28.77669723007316,35.5369987487793
77,2018-05-28T22:00:00,28.493929324855415,34.87799835205078
77,2018-05-28T23:00:00,27.958852606700642,34.438499450683594
77,2018-05-29T00:00:00,27.637121984484697,33.99900054931641
77,2018-05-29T01:00:00,27.481524339403503,33.77899932861328
77,2018-05-29T02:00:00,27.169105013064744,33.34000015258789
77,2018-05-29T03:00:00,27.121988628925138,32.900501251220696
77,2018-05-29T04:00:00,27.237024424558534,32.900501251220696
77,2018-05-29T05:00:00,26.846562129838517,32.46099853515625
77,2018-05-29T06:00:00,27.103421457478365,32.46099853515625
77,2018-05-29T07:00:00,27.442235492140476,32.46099853515625
77,2018-05-29T08:00:00,28.03441853820625,33.34000015258789
77,2018-05-29T09:00:00,29.12199127279739,34.65800094604492
77,2018-05-29T10:00:00,30.08289188573075,35.09749984741211
77,2018-05-29T11:00:00,30.97868578181428,35.31700134277344
77,2018-05-29T12:00:00,31.714327874741734,36.19599914550781
77,2018-05-29T13:00:00,32.40735038272645,36.63600158691406
77,2018-05-29T14:00:00,32.62586855036313,37.07500076293945
77,2018-05-29T15:00:00,32.92562878372521,37.73450088500977
77,2018-05-29T16:00:00,32.51473338650252,37.73450088500977
77,2018-05-29T17:00:00,31.25852047602575,37.29499816894531
77,2018-05-29T18:00:00,30.543596797554887,36.85549926757813
77,2018-05-29T19:00:00,29.711091182240818,36.19599914550781
77,2018-05-29T20:00:00,28.862571549753397,35.5369987487793
77,2018-05-29T21:00:00,28.651068053605172,34.65800094604492
77,2018-05-29T22:00:00,28.43046180614464,33.77899932861328
78,2018-05-26T23:00:00,31.040351593167177,31.582000732421875
78,2018-05-27T00:00:00,30.602243570546545,31.14249992370605
78,2018-05-27T01:00:00,30.38242393794983,30.702999114990234
78,2018-05-27T02:00:00,29.90695054045378,30.482999801635746
78,2018-05-27T03:00:00,29.486761328697845,30.26350021362305
78,2018-05-27T04:00:00,29.033333319924605,30.26350021362305
78,2018-05-27T05:00:00,28.580108621576077,30.04400062561035
78,2018-05-27T06:00:00,28.08406003576817,30.04400062561035
78,2018-05-27T07:00:00,28.346982094185023,30.04400062561035
78,2018-05-27T08:00:00,28.86862128412617,30.26350021362305
78,2018-05-27T09:00:00,29.904477722819657,29.60449981689453
78,2018-05-27T10:00:00,31.07065521209939,29.82399940490723
78,2018-05-27T11:00:00,32.077664323598945,31.14249992370605
78,2018-05-27T12:00:00,33.51610798602976,32.46099853515625
78,2018-05-27T13:00:00,34.57740642032798,34.21900177001953
78,2018-05-27T14:00:00,35.66818594952821,35.756500244140625
78,2018-05-27T15:00:00,35.74265499227096,38.17399978637695
78,2018-05-27T16:00:00,35.83635465368184,38.61299896240234
78,2018-05-27T17:00:00,34.96360454430276,39.053001403808594
78,2018-05-27T18:00:00,34.024110595345505,38.39350128173828
78,2018-05-27T19:00:00,33.20514783305721,37.07500076293945
78,2018-05-27T20:00:00,32.1658015422441,35.75699996948242
78,2018-05-27T21:00:00,31.606135574827807,34.65800094604492
78,2018-05-27T22:00:00,30.98683097056089,33.55950164794922
78,2018-05-27T23:00:00,30.314492552932794,32.68099975585937
78,2018-05-28T00:00:00,29.804832123798512,32.021499633789055
78,2018-05-28T01:00:00,29.41955983825451,31.582000732421875
78,2018-05-28T02:00:00,29.184103126399577,31.14249992370605
78,2018-05-28T03:00:00,28.964274131648022,30.702999114990234
78,2018-05-28T04:00:00,28.43008458314562,30.26350021362305
78,2018-05-28T05:00:00,28.090643238495634,30.26350021362305
78,2018-05-28T06:00:00,27.893210103193965,29.82399940490723
78,2018-05-28T07:00:00,28.20635276717703,30.26350021362305
78,2018-05-28T08:00:00,29.05476624582836,31.80200004577637
78,2018-05-28T09:00:00,30.433426585634322,33.55950164794922
78,2018-05-28T10:00:00,31.355387761519676,34.438499450683594
78,2018-05-28T11:00:00,32.62451326156527,35.5369987487793
78,2018-05-28T12:00:00,33.742748535702106,37.73450088500977
78,2018-05-28T13:00:00,34.972452407813556,38.39350128173828
78,2018-05-28T14:00:00,35.833524340853664,38.61299896240234
78,2018-05-28T15:00:00,36.129859918500365,39.053001403808594
78,2018-05-28T16:00:00,35.75090851289455,39.053001403808594
78,2018-05-28T17:00:00,34.89552240692638,39.053001403808594
78,2018-05-28T18:00:00,33.49343343997549,38.17399978637695
78,2018-05-28T19:00:00,32.5346992935315,37.07500076293945
78,2018-05-28T20:00:00,31.632660121756565,36.19599914550781
78,2018-05-28T21:00:00,30.974042791600265,35.5369987487793
78,2018-05-28T22:00:00,30.248203023036627,34.87799835205078
78,2018-05-28T23:00:00,29.573055229141,34.438499450683594
78,2018-05-29T00:00:00,29.328139764619273,33.99900054931641
78,2018-05-29T01:00:00,29.000224110638886,33.77899932861328
78,2018-05-29T02:00:00,28.481564689323733,33.34000015258789
78,2018-05-29T03:00:00,28.451643767001165,32.900501251220696
78,2018-05-29T04:00:00,28.244157889649518,32.900501251220696
78,2018-05-29T05:00:00,27.7367979164314,32.46099853515625
78,2018-05-29T06:00:00,27.66081747295438,32.46099853515625
78,2018-05-29T07:00:00,27.774837298035347,32.46099853515625
78,2018-05-29T08:00:00,28.78679457862874,33.34000015258789
78,2018-05-29T09:00:00,29.836840498760377,34.65800094604492
78,2018-05-29T10:00:00,31.20371663382819,35.09749984741211
78,2018-05-29T11:00:00,32.41954878014206,35.31700134277344
78,2018-05-29T12:00:00,33.35040696800029,36.19599914550781
78,2018-05-29T13:00:00,34.3867338783515,36.63600158691406
78,2018-05-29T14:00:00,35.123635813991505,37.07500076293945
78,2018-05-29T15:00:00,35.467448121810726,37.73450088500977
78,2018-05-29T16:00:00,35.042173663505494,37.73450088500977
78,2018-05-29T17:00:00,33.98629649843227,37.29499816894531
78,2018-05-29T18:00:00,32.92173225716039,36.85549926757813
78,2018-05-29T19:00:00,31.72690326708925,36.19599914550781
78,2018-05-29T20:00:00,31.032088493724988,35.5369987487793
78,2018-05-29T21:00:00,30.320471902374585,34.65800094604492
78,2018-05-29T22:00:00,29.618961192710664,33.77899932861328
78,2018-05-29T23:00:00,29.20094135529974,33.77899932861328
78,2018-05-30T00:00:00,28.87851489463121,33.77899932861328
78,2018-05-30T01:00:00,28.27364337484338,33.34000015258789
78,2018-05-30T02:00:00,27.989742187053785,31.582000732421875
78,2018-05-30T03:00:00,28.042705311014398,31.80200004577637
78,2018-05-30T04:00:00,27.80177571834761,32.021499633789055
78,2018-05-30T05:00:00,27.189098972348187,32.021499633789055
78,2018-05-30T06:00:00,27.424582368054924,32.021499633789055
78,2018-05-30T07:00:00,27.66427975974282,32.46099853515625
78,2018-05-30T08:00:00,28.429050766341877,32.900501251220696
78,2018-05-30T09:00:00,29.597715373063494,33.77899932861328
78,2018-05-30T10:00:00,30.759990406033562,35.09749984741211
78,2018-05-30T11:00:00,31.703886962471483,36.19599914550781
78,2018-05-30T12:00:00,32.98409629596885,37.29499816894531
78,2018-05-30T13:00:00,34.19211224034147,38.17399978637695
78,2018-05-30T14:00:00,34.879101689080116,38.17399978637695
78,2018-05-30T15:00:00,35.31724882521002,38.83300018310547
78,2018-05-30T16:00:00,34.770143197712024,39.71200180053711
78,2018-05-30T17:00:00,33.6822382263592,39.71200180053711
78,2018-05-30T18:00:00,33.07971092286416,38.39350128173828
78,2018-05-30T19:00:00,31.99262220369603,37.29499816894531
78,2018-05-30T20:00:00,31.04610412986863,35.97650146484375
78,2018-05-30T21:00:00,30.13405509266029,35.31700134277344
78,2018-05-30T22:00:00,29.667377217273422,34.65800094604492
79,2018-05-27T23:00:00,32.476802405195684,32.68099975585937
79,2018-05-28T00:00:00,31.59851334396315,32.021499633789055
79,2018-05-28T01:00:00,31.078290328755728,31.582000732421875
79,2018-05-28T02:00:00,30.84145643366043,31.14249992370605
79,2018-05-28T03:00:00,30.510245745906314,30.702999114990234
79,2018-05-28T04:00:00,30.445274900036942,30.26350021362305
79,2018-05-28T05:00:00,30.003912245731016,30.26350021362305
79,2018-05-28T06:00:00,29.90441403507935,29.82399940490723
79,2018-05-28T07:00:00,29.88222783772317,30.26350021362305
79,2018-05-28T08:00:00,30.232926974012653,31.80200004577637
79,2018-05-28T09:00:00,31.02291609071745,33.55950164794922
79,2018-05-28T10:00:00,31.785051029245448,34.438499450683594
79,2018-05-28T11:00:00,32.74148329435384,35.5369987487793
79,2018-05-28T12:00:00,33.58070331940343,37.73450088500977
79,2018-05-28T13:00:00,35.190320926289,38.39350128173828
79,2018-05-28T14:00:00,36.56748535111742,38.61299896240234
79,2018-05-28T15:00:00,37.343074994733385,39.053001403808594
79,2018-05-28T16:00:00,37.541536028497305,39.053001403808594
79,2018-05-28T17:00:00,37.23988306619397,39.053001403808594
79,2018-05-28T18:00:00,36.32436752295567,38.17399978637695
79,2018-05-28T19:00:00,35.26247280719981,37.07500076293945
79,2018-05-28T20:00:00,34.31331029523843,36.19599914550781
79,2018-05-28T21:00:00,33.28142715848115,35.5369987487793
79,2018-05-28T22:00:00,32.61960183636344,34.87799835205078
79,2018-05-28T23:00:00,31.992991672413325,34.438499450683594
79,2018-05-29T00:00:00,31.126048835841967,33.99900054931641
79,2018-05-29T01:00:00,30.56812199416872,33.77899932861328
79,2018-05-29T02:00:00,30.216223521370814,33.34000015258789
79,2018-05-29T03:00:00,30.07666451330744,32.900501251220696
79,2018-05-29T04:00:00,30.103872349296083,32.900501251220696
79,2018-05-29T05:00:00,29.861401707170796,32.46099853515625
79,2018-05-29T06:00:00,29.69180537133219,32.46099853515625
79,2018-05-29T07:00:00,29.92066873147329,32.46099853515625
79,2018-05-29T08:00:00,30.330361348374204,33.34000015258789
79,2018-05-29T09:00:00,30.655989751524068,34.65800094604492
79,2018-05-29T10:00:00,31.53195686151538,35.09749984741211
79,2018-05-29T11:00:00,32.07140399547832,35.31700134277344
79,2018-05-29T12:00:00,33.446892811253676,36.19599914550781
79,2018-05-29T13:00:00,34.48963011788352,36.63600158691406
79,2018-05-29T14:00:00,35.29527569955084,37.07500076293945
79,2018-05-29T15:00:00,36.0001688725149,37.73450088500977
79,2018-05-29T16:00:00,36.22629695539233,37.73450088500977
79,2018-05-29T17:00:00,35.65720736904745,37.29499816894531
79,2018-05-29T18:00:00,34.999635042386615,36.85549926757813
79,2018-05-29T19:00:00,34.00593683966252,36.19599914550781
79,2018-05-29T20:00:00,32.825376184092285,35.5369987487793
79,2018-05-29T21:00:00,31.80254195200277,34.65800094604492
79,2018-05-29T22:00:00,31.383747564478114,33.77899932861328
79,2018-05-29T23:00:00,30.595987005533225,33.77899932861328
79,2018-05-30T00:00:00,30.033376919801142,33.77899932861328
79,2018-05-30T01:00:00,29.430587168079914,33.34000015258789
79,2018-05-30T02:00:00,29.278488197894468,31.582000732421875
79,2018-05-30T03:00:00,29.283586911806573,31.80200004577637
79,2018-05-30T04:00:00,29.156121207834776,32.021499633789055
79,2018-05-30T05:00:00,28.87517879167275,32.021499633789055
79,2018-05-30T06:00:00,28.88129534628758,32.021499633789055
79,2018-05-30T07:00:00,29.161276345549755,32.46099853515625
79,2018-05-30T08:00:00,29.538333995912325,32.900501251220696
79,2018-05-30T09:00:00,30.14243877118324,33.77899932861328
79,2018-05-30T10:00:00,30.574550635816117,35.09749984741211
79,2018-05-30T11:00:00,31.622035501429657,36.19599914550781
79,2018-05-30T12:00:00,32.174772561994,37.29499816894531
79,2018-05-30T13:00:00,33.40203782653774,38.17399978637695
79,2018-05-30T14:00:00,34.609534120001506,38.17399978637695
79,2018-05-30T15:00:00,35.08979749696361,38.83300018310547
79,2018-05-30T16:00:00,35.227437137847346,39.71200180053711
79,2018-05-30T17:00:00,34.788433039553716,39.71200180053711
79,2018-05-30T18:00:00,34.19078010035522,38.39350128173828
79,2018-05-30T19:00:00,33.360560287645534,37.29499816894531
79,2018-05-30T20:00:00,32.33053521362887,35.97650146484375
79,2018-05-30T21:00:00,31.575771061977374,35.31700134277344
79,2018-05-30T22:00:00,31.10785934352843,34.65800094604492
79,2018-05-30T23:00:00,30.563879717865994,33.99900054931641
79,2018-05-31T00:00:00,29.901980570424957,33.77899932861328
79,2018-05-31T01:00:00,29.471087690281983,33.77899932861328
79,2018-05-31T02:00:00,29.230334336474016,33.77899932861328
79,2018-05-31T03:00:00,29.144662432055085,33.77899932861328
79,2018-05-31T04:00:00,29.107531487361467,33.77899932861328
79,2018-05-31T05:00:00,28.838032892618763,33.77899932861328
79,2018-05-31T06:00:00,28.900131679115912,33.77899932861328
79,2018-05-31T07:00:00,29.212342852024893,33.77899932861328
79,2018-05-31T08:00:00,29.48441562426717,33.77899932861328
79,2018-05-31T09:00:00,30.033123423209,33.77899932861328
79,2018-05-31T10:00:00,30.573722638175287,33.77899932861328
79,2018-05-31T11:00:00,31.348458740634165,33.77899932861328
79,2018-05-31T12:00:00,32.53876424765664,33.77899932861328
79,2018-05-31T13:00:00,33.59313673997533,33.77899932861328
79,2018-05-31T14:00:00,34.557822411673754,33.77899932861328
79,2018-05-31T15:00:00,35.09236553261592,33.77899932861328
79,2018-05-31T16:00:00,35.04050227369395,33.77899932861328
79,2018-05-31T17:00:00,35.05934369583983,33.77899932861328
79,2018-05-31T18:00:00,34.21400109520371,33.77899932861328
79,2018-05-31T19:00:00,33.1992793242306,33.77899932861328
79,2018-05-31T20:00:00,32.24162131244251,33.77899932861328
79,2018-05-31T21:00:00,31.613018184056543,33.77899932861328
79,2018-05-31T22:00:00,30.968545576027832,33.77899932861328
80,2018-05-28T23:00:00,34.00601803155348,34.438499450683594
80,2018-05-29T00:00:00,33.325623713452124,33.99900054931641
80,2018-05-29T01:00:00,32.73332715838598,33.77899932861328
80,2018-05-29T02:00:00,32.3487703193643,33.34000015258789
80,2018-05-29T03:00:00,32.147815713859295,32.900501251220696
80,2018-05-29T04:00:00,32.084924041793144,32.900501251220696
80,2018-05-29T05:00:00,31.905799791936808,32.46099853515625
80,2018-05-29T06:00:00,32.05618906843968,32.46099853515625
80,2018-05-29T07:00:00,32.263962766483445,32.46099853515625
80,2018-05-29T08:00:00,32.78660545968849,33.34000015258789
80,2018-05-29T09:00:00,33.41124751851767,34.65800094604492
80,2018-05-29T10:00:00,34.10767164743971,35.09749984741211
80,2018-05-29T11:00:00,35.001374738297436,35.31700134277344
80,2018-05-29T12:00:00,36.05141851687891,36.19599914550781
80,2018-05-29T13:00:00,36.88956058273573,36.63600158691406
80,2018-05-29T14:00:00,37.49839029273309,37.07500076293945
80,2018-05-29T15:00:00,37.88234742929049,37.73450088500977
80,2018-05-29T16:00:00,37.94071390780465,37.73450088500977
80,2018-05-29T17:00:00,37.542680355218934,37.29499816894531
80,2018-05-29T18:00:00,36.88995023539221,36.85549926757813
80,2018-05-29T19:00:00,35.72027476682142,36.19599914550781
80,2018-05-29T20:00:00,34.99769487548659,35.5369987487793
80,2018-05-29T21:00:00,34.27146077889073,34.65800094604492
80,2018-05-29T22:00:00,33.59463764962256,33.77899932861328
80,2018-05-29T23:00:00,33.133177835666174,33.77899932861328
80,2018-05-30T00:00:00,32.60941715749065,33.77899932861328
80,2018-05-30T01:00:00,32.02471557926958,33.34000015258789
80,2018-05-30T02:00:00,31.891471931920343,31.582000732421875
80,2018-05-30T03:00:00,31.729856622122966,31.80200004577637
80,2018-05-30T04:00:00,31.621535578325762,32.021499633789055
80,2018-05-30T05:00:00,31.442567212338727,32.021499633789055
80,2018-05-30T06:00:00,31.476925864476815,32.021499633789055
80,2018-05-30T07:00:00,31.77830708481925,32.46099853515625
80,2018-05-30T08:00:00,32.01489979894632,32.900501251220696
80,2018-05-30T09:00:00,32.41370855163702,33.77899932861328
80,2018-05-30T10:00:00,33.17634181679915,35.09749984741211
80,2018-05-30T11:00:00,33.78308630921488,36.19599914550781
80,2018-05-30T12:00:00,34.77871624035594,37.29499816894531
80,2018-05-30T13:00:00,35.83981899307426,38.17399978637695
80,2018-05-30T14:00:00,36.53657997711694,38.17399978637695
80,2018-05-30T15:00:00,37.17073197827564,38.83300018310547
80,2018-05-30T16:00:00,37.153312896657795,39.71200180053711
80,2018-05-30T17:00:00,36.92297127393343,39.71200180053711
80,2018-05-30T18:00:00,36.21066979705337,38.39350128173828
80,2018-05-30T19:00:00,35.393612535464456,37.29499816894531
80,2018-05-30T20:00:00,34.33577342308225,35.97650146484375
80,2018-05-30T21:00:00,33.86388170550643,35.31700134277344
80,2018-05-30T22:00:00,33.36535471442022,34.65800094604492
80,2018-05-30T23:00:00,32.741166965273045,33.99900054931641
80,2018-05-31T00:00:00,32.348189090335886,33.77899932861328
80,2018-05-31T01:00:00,31.716496564885414,33.77899932861328
80,2018-05-31T02:00:00,31.53949721628775,33.77899932861328
80,2018-05-31T03:00:00,31.297068492897175,33.77899932861328
80,2018-05-31T04:00:00,31.076917364756888,33.77899932861328
80,2018-05-31T05:00:00,31.017750940856367,33.77899932861328
80,2018-05-31T06:00:00,30.932919326895465,33.77899932861328
80,2018-05-31T07:00:00,31.35939273399503,33.77899932861328
80,2018-05-31T08:00:00,31.594129666052567,33.77899932861328
80,2018-05-31T09:00:00,32.187400409776686,33.77899932861328
80,2018-05-31T10:00:00,32.770411782649674,33.77899932861328
80,2018-05-31T11:00:00,33.449261516252335,33.77899932861328
80,2018-05-31T12:00:00,34.54751434849476,33.77899932861328
80,2018-05-31T13:00:00,35.51869069609435,33.77899932861328
80,2018-05-31T14:00:00,36.26338408839422,33.77899932861328
80,2018-05-31T15:00:00,36.68217117777137,33.77899932861328
80,2018-05-31T16:00:00,36.88034279437342,33.77899932861328
80,2018-05-31T17:00:00,36.57839836230421,33.77899932861328
80,2018-05-31T18:00:00,35.90289893453925,33.77899932861328
80,2018-05-31T19:00:00,34.933045832308636,33.77899932861328
80,2018-05-31T20:00:00,34.16842598858972,33.77899932861328
80,2018-05-31T21:00:00,33.27637182293326,33.77899932861328
80,2018-05-31T22:00:00,32.82834789852831,33.77899932861328
80,2018-05-31T23:00:00,32.063657125938356,33.77899932861328
80,2018-06-01T00:00:00,31.51997147877999,28.920499801635746
80,2018-06-01T01:00:00,31.261049854303018,28.48150062561035
80,2018-06-01T02:00:00,31.1370763367177,27.602500915527344
80,2018-06-01T03:00:00,30.745296156205775,27.16349983215332
80,2018-06-01T04:00:00,30.503269857229814,26.723499298095703
80,2018-06-01T05:00:00,30.36548197272494,26.28450012207031
80,2018-06-01T06:00:00,30.590962687112217,25.84449958801269
80,2018-06-01T07:00:00,30.568389060753876,26.28450012207031
80,2018-06-01T08:00:00,31.042966496610482,28.70100021362305
80,2018-06-01T09:00:00,31.741529666951976,32.21699905395508
80,2018-06-01T10:00:00,32.399041783895925,34.19449996948242
80,2018-06-01T11:00:00,33.25521540559299,37.27050018310547
80,2018-06-01T12:00:00,34.18386590383183,40.7859992980957
80,2018-06-01T13:00:00,34.942666843320445,42.324501037597656
80,2018-06-01T14:00:00,35.897704706121715,42.98350143432617
80,2018-06-01T15:00:00,36.28006103963794,42.983001708984375
80,2018-06-01T16:00:00,36.37663537292979,41.884498596191406
80,2018-06-01T17:00:00,36.26864833341436,40.762001037597656
80,2018-06-01T18:00:00,35.56627803881495,39.66299819946289
80,2018-06-01T19:00:00,34.536621407213595,37.90549850463867
80,2018-06-01T20:00:00,33.81799129611363,36.58700180053711
80,2018-06-01T21:00:00,32.823562708471556,35.048999786376946
80,2018-06-01T22:00:00,32.47544061648521,34.169998168945305
81,2018-05-29T23:00:00,33.020342773605336,33.77899932861328
81,2018-05-30T00:00:00,32.57075978244024,33.77899932861328
81,2018-05-30T01:00:00,32.21548482170047,33.34000015258789
81,2018-05-30T02:00:00,31.984749327078095,31.582000732421875
81,2018-05-30T03:00:00,31.83677972857285,31.80200004577637
81,2018-05-30T04:00:00,31.6146076977758,32.021499633789055
81,2018-05-30T05:00:00,31.525760734286063,32.021499633789055
81,2018-05-30T06:00:00,31.358522315871845,32.021499633789055
81,2018-05-30T07:00:00,31.481023318165047,32.46099853515625
81,2018-05-30T08:00:00,31.850353598725505,32.900501251220696
81,2018-05-30T09:00:00,32.316596094000445,33.77899932861328
81,2018-05-30T10:00:00,32.98736062050629,35.09749984741211
81,2018-05-30T11:00:00,33.69970109686206,36.19599914550781
81,2018-05-30T12:00:00,34.50617524633798,37.29499816894531
81,2018-05-30T13:00:00,35.30766088392908,38.17399978637695
81,2018-05-30T14:00:00,35.84042405511561,38.17399978637695
81,2018-05-30T15:00:00,36.33946887257381,38.83300018310547
81,2018-05-30T16:00:00,36.31172975425372,39.71200180053711
81,2018-05-30T17:00:00,36.08040185531456,39.71200180053711
81,2018-05-30T18:00:00,35.567926507882,38.39350128173828
81,2018-05-30T19:00:00,34.773522011938404,37.29499816894531
81,2018-05-30T20:00:00,34.093142176098496,35.97650146484375
81,2018-05-30T21:00:00,33.39239366671433,35.31700134277344
81,2018-05-30T22:00:00,32.706043490083445,34.65800094604492
81,2018-05-30T23:00:00,32.250554016918024,33.99900054931641
81,2018-05-31T00:00:00,31.837372360956735,33.77899932861328
81,2018-05-31T01:00:00,31.518546173379534,33.77899932861328
81,2018-05-31T02:00:00,31.338506576179448,33.77899932861328
81,2018-05-31T03:00:00,30.948276225709737,33.77899932861328
81,2018-05-31T04:00:00,30.835340586053636,33.77899932861328
81,2018-05-31T05:00:00,30.51159806983175,33.77899932861328
81,2018-05-31T06:00:00,30.550515897521134,33.77899932861328
81,2018-05-31T07:00:00,30.595387531136055,33.77899932861328
81,2018-05-31T08:00:00,30.988885855216964,33.77899932861328
81,2018-05-31T09:00:00,31.531221231053877,33.77899932861328
81,2018-05-31T10:00:00,32.11145885174183,33.77899932861328
81,2018-05-31T11:00:00,32.8446859420474,33.77899932861328
81,2018-05-31T12:00:00,33.70219808960978,33.77899932861328
81,2018-05-31T13:00:00,34.5034147220453,33.77899932861328
81,2018-05-31T14:00:00,35.22698282816534,33.77899932861328
81,2018-05-31T15:00:00,35.72568736949625,33.77899932861328
81,2018-05-31T16:00:00,35.81602817255283,33.77899932861328
81,2018-05-31T17:00:00,35.62245849408511,33.77899932861328
81,2018-05-31T18:00:00,35.14630739517335,33.77899932861328
81,2018-05-31T19:00:00,34.3066656740384,33.77899932861328
81,2018-05-31T20:00:00,33.602783750637606,33.77899932861328
81,2018-05-31T21:00:00,32.75913842542996,33.77899932861328
81,2018-05-31T22:00:00,32.11812639368637,33.77899932861328
81,2018-05-31T23:00:00,31.616414445416797,33.77899932861328
81,2018-06-01T00:00:00,31.185694884873644,28.920499801635746
81,2018-06-01T01:00:00,30.85849954664836,28.48150062561035
81,2018-06-01T02:00:00,30.574387909933527,27.602500915527344
81,2018-06-01T03:00:00,30.312346669500055,27.16349983215332
81,2018-06-01T04:00:00,30.042457810881015,26.723499298095703
81,2018-06-01T05:00:00,29.93152021015396,26.28450012207031
81,2018-06-01T06:00:00,29.824865493078466,25.84449958801269
81,2018-06-01T07:00:00,30.042544807079913,26.28450012207031
81,2018-06-01T08:00:00,30.460977092454907,28.70100021362305
81,2018-06-01T09:00:00,31.05263699818504,32.21699905395508
81,2018-06-01T10:00:00,31.544398150402547,34.19449996948242
81,2018-06-01T11:00:00,32.332775174744256,37.27050018310547
81,2018-06-01T12:00:00,33.27813455362214,40.7859992980957
81,2018-06-01T13:00:00,34.03335164655299,42.324501037597656
81,2018-06-01T14:00:00,34.81388760963853,42.98350143432617
81,2018-06-01T15:00:00,35.21002877538365,42.983001708984375
81,2018-06-01T16:00:00,35.42945784305544,41.884498596191406
81,2018-06-01T17:00:00,35.08550413362836,40.762001037597656
81,2018-06-01T18:00:00,34.6247139247053,39.66299819946289
81,2018-06-01T19:00:00,33.966956179484484,37.90549850463867
81,2018-06-01T20:00:00,33.17175379075851,36.58700180053711
81,2018-06-01T21:00:00,32.519544234109084,35.048999786376946
81,2018-06-01T22:00:00,31.827835734775423,34.169998168945305
81,2018-06-01T23:00:00,31.25577306559186,33.950000762939446
81,2018-06-02T00:00:00,30.815451537640538,33.291000366210945
81,2018-06-02T01:00:00,30.59089609151626,32.852001190185554
81,2018-06-02T02:00:00,30.400465186642233,31.972999572753903
81,2018-06-02T03:00:00,30.084752229142467,31.313499450683597
81,2018-06-02T04:00:00,29.857090052853373,30.87400054931641
81,2018-06-02T05:00:00,29.72991612653804,30.434499740600582
81,2018-06-02T06:00:00,29.66972961547376,30.21500015258789
81,2018-06-02T07:00:00,29.93789160695688,30.21500015258789
81,2018-06-02T08:00:00,30.27743518268868,31.53350067138672
81,2018-06-02T09:00:00,30.78961541128163,33.511001586914055
81,2018-06-02T10:00:00,31.345151425446595,34.82899856567383
81,2018-06-02T11:00:00,32.25078846990653,36.80649948120117
81,2018-06-02T12:00:00,33.11899810523729,37.46599960327149
81,2018-06-02T13:00:00,33.898890006805765,39.00400161743164
81,2018-06-02T14:00:00,34.58972044776807,38.34500122070313
81,2018-06-02T15:00:00,35.082615663687285,38.56449890136719
81,2018-06-02T16:00:00,35.193100152084654,37.0265007019043
81,2018-06-02T17:00:00,34.97101216401743,37.0265007019043
81,2018-06-02T18:00:00,34.392178524455204,36.36750030517578
81,2018-06-02T19:00:00,33.73729031960539,35.48849868774414
81,2018-06-02T20:00:00,32.940529776387706,34.82899856567383
81,2018-06-02T21:00:00,32.29474190533884,34.169998168945305
81,2018-06-02T22:00:00,31.630887698215535,33.291000366210945
82,2018-05-30T23:00:00,33.976229046053724,33.99900054931641
82,2018-05-31T00:00:00,33.47368932821044,33.77899932861328
82,2018-05-31T01:00:00,33.09076362515549,33.77899932861328
82,2018-05-31T02:00:00,32.715227524513566,33.77899932861328
82,2018-05-31T03:00:00,32.37076830433841,33.77899932861328
82,2018-05-31T04:00:00,32.14181367174011,33.77899932861328
82,2018-05-31T05:00:00,32.12723493790325,33.77899932861328
82,2018-05-31T06:00:00,32.01151722161263,33.77899932861328
82,2018-05-31T07:00:00,32.14357720066387,33.77899932861328
82,2018-05-31T08:00:00,32.804684795588166,33.77899932861328
82,2018-05-31T09:00:00,33.467943291421605,33.77899932861328
82,2018-05-31T10:00:00,34.28906334049812,33.77899932861328
82,2018-05-31T11:00:00,35.241885759398265,33.77899932861328
82,2018-05-31T12:00:00,36.27617979356946,33.77899932861328
82,2018-05-31T13:00:00,37.24204172138484,33.77899932861328
82,2018-05-31T14:00:00,37.824542908134006,33.77899932861328
82,2018-05-31T15:00:00,38.374113256883746,33.77899932861328
82,2018-05-31T16:00:00,38.55972396339972,33.77899932861328
82,2018-05-31T17:00:00,38.32561193522206,33.77899932861328
82,2018-05-31T18:00:00,37.73643419787753,33.77899932861328
82,2018-05-31T19:00:00,36.88067964949406,33.77899932861328
82,2018-05-31T20:00:00,35.809153089538704,33.77899932861328
82,2018-05-31T21:00:00,34.91157559462578,33.77899932861328
82,2018-05-31T22:00:00,34.2087181486806,33.77899932861328
82,2018-05-31T23:00:00,33.68853755395554,33.77899932861328
82,2018-06-01T00:00:00,33.1562826303224,28.920499801635746
82,2018-06-01T01:00:00,32.938135984007005,28.48150062561035
82,2018-06-01T02:00:00,32.42420237547666,27.602500915527344
82,2018-06-01T03:00:00,31.99529971156088,27.16349983215332
82,2018-06-01T04:00:00,31.91109699265426,26.723499298095703
82,2018-06-01T05:00:00,31.766822993590413,26.28450012207031
82,2018-06-01T06:00:00,31.759461557465404,25.84449958801269
82,2018-06-01T07:00:00,32.03134229720153,26.28450012207031
82,2018-06-01T08:00:00,32.49724041114121,28.70100021362305
82,2018-06-01T09:00:00,33.04858056066022,32.21699905395508
82,2018-06-01T10:00:00,33.9411424037023,34.19449996948242
82,2018-06-01T11:00:00,34.87923453817137,37.27050018310547
82,2018-06-01T12:00:00,35.76703365576697,40.7859992980957
82,2018-06-01T13:00:00,36.56864233556362,42.324501037597656
82,2018-06-01T14:00:00,37.22593265724363,42.98350143432617
82,2018-06-01T15:00:00,37.794646046891486,42.983001708984375
82,2018-06-01T16:00:00,37.93784299903099,41.884498596191406
82,2018-06-01T17:00:00,37.80425223354118,40.762001037597656
82,2018-06-01T18:00:00,37.17251432273593,39.66299819946289
82,2018-06-01T19:00:00,36.39838875592903,37.90549850463867
82,2018-06-01T20:00:00,35.45103139513888,36.58700180053711
82,2018-06-01T21:00:00,34.56124854982535,35.048999786376946
82,2018-06-01T22:00:00,33.9388634431112,34.169998168945305
82,2018-06-01T23:00:00,33.278648730920374,33.950000762939446
82,2018-06-02T00:00:00,32.808803915651794,33.291000366210945
82,2018-06-02T01:00:00,32.58866966447761,32.852001190185554
82,2018-06-02T02:00:00,32.109982345275306,31.972999572753903
82,2018-06-02T03:00:00,31.84357806700465,31.313499450683597
82,2018-06-02T04:00:00,31.59980032666173,30.87400054931641
82,2018-06-02T05:00:00,31.518849160534426,30.434499740600582
82,2018-06-02T06:00:00,31.3357698848997,30.21500015258789
82,2018-06-02T07:00:00,31.593960782358025,30.21500015258789
82,2018-06-02T08:00:00,31.98145786255463,31.53350067138672
82,2018-06-02T09:00:00,32.556046831109484,33.511001586914055
82,2018-06-02T10:00:00,33.26010539248654,34.82899856567383
82,2018-06-02T11:00:00,34.1625849618498,36.80649948120117
82,2018-06-02T12:00:00,35.314362635940036,37.46599960327149
82,2018-06-02T13:00:00,35.99629868770122,39.00400161743164
82,2018-06-02T14:00:00,36.607791651369084,38.34500122070313
82,2018-06-02T15:00:00,37.35745451195014,38.56449890136719
82,2018-06-02T16:00:00,37.4139900677097,37.0265007019043
82,2018-06-02T17:00:00,37.32590051509042,37.0265007019043
82,2018-06-02T18:00:00,36.77420195810892,36.36750030517578
82,2018-06-02T19:00:00,35.87892451999472,35.48849868774414
82,2018-06-02T20:00:00,34.96232132471148,34.82899856567383
82,2018-06-02T21:00:00,34.10802845843243,34.169998168945305
82,2018-06-02T22:00:00,33.52595774835234,33.291000366210945
82,2018-06-02T23:00:00,33.004312848751105,32.852001190185554
82,2018-06-03T00:00:00,32.5019333480522,32.411998748779304
82,2018-06-03T01:00:00,32.11015122896984,32.192501068115234
82,2018-06-03T02:00:00,31.880952336497334,31.75300025939941
82,2018-06-03T03:00:00,31.493327196618775,31.53300094604492
82,2018-06-03T04:00:00,31.295162878164234,31.0939998626709
82,2018-06-03T05:00:00,31.261900544621234,30.65399932861328
82,2018-06-03T06:00:00,31.21200459258531,30.21500015258789
82,2018-06-03T07:00:00,31.28590597629265,30.65399932861328
82,2018-06-03T08:00:00,31.98087401075446,32.192501068115234
82,2018-06-03T09:00:00,32.48649012583701,33.291000366210945
82,2018-06-03T10:00:00,33.34080500059212,35.70800018310547
82,2018-06-03T11:00:00,34.14645263486343,39.44300079345703
82,2018-06-03T12:00:00,35.10575763328235,40.54199981689453
82,2018-06-03T13:00:00,36.003076614126726,42.29999923706055
82,2018-06-03T14:00:00,36.59451130358629,44.27750015258789
82,2018-06-03T15:00:00,37.07231417853817,44.936500549316406
82,2018-06-03T16:00:00,37.23653447085959,43.17900085449219
82,2018-06-03T17:00:00,37.242513022066504,40.54199981689453
82,2018-06-03T18:00:00,36.768349071879314,38.125
82,2018-06-03T19:00:00,35.88757772822761,36.36750030517578
82,2018-06-03T20:00:00,34.993430020540025,34.82899856567383
82,2018-06-03T21:00:00,34.141515894212446,33.950000762939446
82,2018-06-03T22:00:00,33.582766186408335,33.07149887084961
83,2018-05-31T23:00:00,33.66360810839022,33.77899932861328
83,2018-06-01T00:00:00,33.44468420936584,28.920499801635746
83,2018-06-01T01:00:00,33.299353233283284,28.48150062561035
83,2018-06-01T02:00:00,33.063835513476576,27.602500915527344
83,2018-06-01T03:00:00,32.83776387720873,27.16349983215332
83,2018-06-01T04:00:00,32.72923084503329,26.723499298095703
83,2018-06-01T05:00:00,32.480240288803415,26.28450012207031
83,2018-06-01T06:00:00,32.361039873718056,25.84449958801269
83,2018-06-01T07:00:00,32.42747434026227,26.28450012207031
83,2018-06-01T08:00:00,32.745504117493304,28.70100021362305
83,2018-06-01T09:00:00,32.96448822623458,32.21699905395508
83,2018-06-01T10:00:00,33.446181698006434,34.19449996948242
83,2018-06-01T11:00:00,33.931772836678654,37.27050018310547
83,2018-06-01T12:00:00,34.33440616076115,40.7859992980957
83,2018-06-01T13:00:00,34.706215986935455,42.324501037597656
83,2018-06-01T14:00:00,34.98897016821489,42.98350143432617
83,2018-06-01T15:00:00,35.19284460288853,42.983001708984375
83,2018-06-01T16:00:00,35.16410176121978,41.884498596191406
83,2018-06-01T17:00:00,35.21555028010324,40.762001037597656
83,2018-06-01T18:00:00,34.87621093846794,39.66299819946289
83,2018-06-01T19:00:00,34.53824045562352,37.90549850463867
83,2018-06-01T20:00:00,34.19068077712906,36.58700180053711
83,2018-06-01T21:00:00,33.785605994639994,35.048999786376946
83,2018-06-01T22:00:00,33.558061386945816,34.169998168945305
83,2018-06-01T23:00:00,33.12197244244507,33.950000762939446
83,2018-06-02T00:00:00,32.923345033724814,33.291000366210945
83,2018-06-02T01:00:00,32.73138972829127,32.852001190185554
83,2018-06-02T02:00:00,32.40541432103439,31.972999572753903
83,2018-06-02T03:00:00,32.19280286346515,31.313499450683597
83,2018-06-02T04:00:00,32.02023736754214,30.87400054931641
83,2018-06-02T05:00:00,31.881539267203483,30.434499740600582
83,2018-06-02T06:00:00,31.87119425715275,30.21500015258789
83,2018-06-02T07:00:00,32.05056082831287,30.21500015258789
83,2018-06-02T08:00:00,32.4468543428871,31.53350067138672
83,2018-06-02T09:00:00,32.99923550472715,33.511001586914055
83,2018-06-02T10:00:00,33.51261262951046,34.82899856567383
83,2018-06-02T11:00:00,34.172876946297585,36.80649948120117
83,2018-06-02T12:00:00,34.627390292234594,37.46599960327149
83,2018-06-02T13:00:00,35.096428548170636,39.00400161743164
83,2018-06-02T14:00:00,35.52130959071207,38.34500122070313
83,2018-06-02T15:00:00,35.750051778797925,38.56449890136719
83,2018-06-02T16:00:00,35.783439663284675,37.0265007019043
83,2018-06-02T17:00:00,35.6668380729114,37.0265007019043
83,2018-06-02T18:00:00,35.22650662404082,36.36750030517578
83,2018-06-02T19:00:00,34.86560365124135,35.48849868774414
83,2018-06-02T20:00:00,34.25675067839883,34.82899856567383
83,2018-06-02T21:00:00,33.765228768579135,34.169998168945305
83,2018-06-02T22:00:00,33.363375091910264,33.291000366210945
83,2018-06-02T23:00:00,33.02232353645084,32.852001190185554
83,2018-06-03T00:00:00,32.58352401435438,32.411998748779304
83,2018-06-03T01:00:00,32.36532628100646,32.192501068115234
83,2018-06-03T02:00:00,32.06327785033535,31.75300025939941
83,2018-06-03T03:00:00,31.823319093740036,31.53300094604492
83,2018-06-03T04:00:00,31.67544608165564,31.0939998626709
83,2018-06-03T05:00:00,31.588976147614062,30.65399932861328
83,2018-06-03T06:00:00,31.6912628777961,30.21500015258789
83,2018-06-03T07:00:00,31.82736739896618,30.65399932861328
83,2018-06-03T08:00:00,32.19207567148669,32.192501068115234
83,2018-06-03T09:00:00,32.80630840534028,33.291000366210945
83,2018-06-03T10:00:00,33.46260184568492,35.70800018310547
83,2018-06-03T11:00:00,34.20397321246866,39.44300079345703
83,2018-06-03T12:00:00,34.84998835239209,40.54199981689453
83,2018-06-03T13:00:00,35.385461416973,42.29999923706055
83,2018-06-03T14:00:00,35.595476330501256,44.27750015258789
83,2018-06-03T15:00:00,35.67728080971853,44.936500549316406
83,2018-06-03T16:00:00,35.75037107275114,43.17900085449219
83,2018-06-03T17:00:00,35.6473728872212,40.54199981689453
83,2018-06-03T18:00:00,35.30924024866197,38.125
83,2018-06-03T19:00:00,34.81140737982334,36.36750030517578
83,2018-06-03T20:00:00,34.20618865636978,34.82899856567383
83,2018-06-03T21:00:00,33.8486549189781,33.950000762939446
83,2018-06-03T22:00:00,33.291211237476205,33.07149887084961
83,2018-06-03T23:00:00,33.020737899872444,32.192501068115234
83,2018-06-04T00:00:00,32.78443962038367,31.53300094604492
83,2018-06-04T01:00:00,32.52913571043022,31.0939998626709
83,2018-06-04T02:00:00,32.213232088826956,30.65399932861328
83,2018-06-04T03:00:00,32.10582536607151,30.21500015258789
83,2018-06-04T04:00:00,31.8635576580602,29.336000442504893
83,2018-06-04T05:00:00,31.786135488350844,28.457000732421875
83,2018-06-04T06:00:00,31.71742297348397,28.01799964904785
83,2018-06-04T07:00:00,31.959334668737437,28.457000732421875
83,2018-06-04T08:00:00,32.498675295360265,29.774999618530277
83,2018-06-04T09:00:00,32.884182490026994,32.192501068115234
83,2018-06-04T10:00:00,33.60329393676143,35.048999786376946
83,2018-06-04T11:00:00,34.075694129957746,39.44300079345703
83,2018-06-04T12:00:00,34.7715001970132,41.64099884033203
83,2018-06-04T13:00:00,35.12039612070188,43.39849853515625
83,2018-06-04T14:00:00,35.524258498437156,46.47499847412109
83,2018-06-04T15:00:00,35.75035738872458,46.91450119018555
83,2018-06-04T16:00:00,35.72287188103019,44.27750015258789
83,2018-06-04T17:00:00,35.44719804316338,41.64049911499024
83,2018-06-04T18:00:00,35.05118835810685,39.44300079345703
83,2018-06-04T19:00:00,34.65800305613366,37.46599960327149
83,2018-06-04T20:00:00,34.17838111791686,36.147499084472656
83,2018-06-04T21:00:00,33.61358523700789,35.487998962402344
83,2018-06-04T22:00:00,33.132141612754424,34.60900115966797
84,2018-06-01T23:00:00,33.02233448367209,33.950000762939446
84,2018-06-02T00:00:00,31.751245097747095,33.291000366210945
84,2018-06-02T01:00:00,30.84797675828582,32.852001190185554
84,2018-06-02T02:00:00,30.05819997205991,31.972999572753903
84,2018-06-02T03:00:00,29.74593071387916,31.313499450683597
84,2018-06-02T04:00:00,29.580834301756823,30.87400054931641
84,2018-06-02T05:00:00,29.374783696338312,30.434499740600582
84,2018-06-02T06:00:00,29.78422226928602,30.21500015258789
84,2018-06-02T07:00:00,30.550794937629536,30.21500015258789
84,2018-06-02T08:00:00,32.100730004745905,31.53350067138672
84,2018-06-02T09:00:00,33.87303415264189,33.511001586914055
84,2018-06-02T10:00:00,35.46415563098527,34.82899856567383
84,2018-06-02T11:00:00,37.23446533200918,36.80649948120117
84,2018-06-02T12:00:00,38.33567938760059,37.46599960327149
84,2018-06-02T13:00:00,39.40059542238878,39.00400161743164
84,2018-06-02T14:00:00,40.13127739778653,38.34500122070313
84,2018-06-02T15:00:00,39.88044348914459,38.56449890136719
84,2018-06-02T16:00:00,39.567848437098,37.0265007019043
84,2018-06-02T17:00:00,38.85952981018369,37.0265007019043
84,2018-06-02T18:00:00,37.88351467675662,36.36750030517578
84,2018-06-02T19:00:00,36.67132487621409,35.48849868774414
84,2018-06-02T20:00:00,35.80385395025082,34.82899856567383
84,2018-06-02T21:00:00,34.87188165456296,34.169998168945305
84,2018-06-02T22:00:00,34.2376228039635,33.291000366210945
84,2018-06-02T23:00:00,33.621482060672314,32.852001190185554
84,2018-06-03T00:00:00,32.97390534525054,32.411998748779304
84,2018-06-03T01:00:00,32.06087584753871,32.192501068115234
84,2018-06-03T02:00:00,31.65721918633615,31.75300025939941
84,2018-06-03T03:00:00,31.318309979269266,31.53300094604492
84,2018-06-03T04:00:00,31.12202618816563,31.0939998626709
84,2018-06-03T05:00:00,31.100835788826053,30.65399932861328
84,2018-06-03T06:00:00,31.215214181016485,30.21500015258789
84,2018-06-03T07:00:00,31.758427501191193,30.65399932861328
84,2018-06-03T08:00:00,32.72448077731139,32.192501068115234
84,2018-06-03T09:00:00,33.95800192266713,33.291000366210945
84,2018-06-03T10:00:00,35.26121273642015,35.70800018310547
84,2018-06-03T11:00:00,36.49675945980839,39.44300079345703
84,2018-06-03T12:00:00,37.55122956484992,40.54199981689453
84,2018-06-03T13:00:00,38.363512697636885,42.29999923706055
84,2018-06-03T14:00:00,38.712981069770265,44.27750015258789
84,2018-06-03T15:00:00,38.79498373930565,44.936500549316406
84,2018-06-03T16:00:00,38.36007641049892,43.17900085449219
84,2018-06-03T17:00:00,37.90549122342244,40.54199981689453
84,2018-06-03T18:00:00,37.51219690537093,38.125
84,2018-06-03T19:00:00,36.622068310319484,36.36750030517578
84,2018-06-03T20:00:00,35.801580121169685,34.82899856567383
84,2018-06-03T21:00:00,35.063827495211456,33.950000762939446
84,2018-06-03T22:00:00,34.43875313517633,33.07149887084961
84,2018-06-03T23:00:00,33.6073270755248,32.192501068115234
84,2018-06-04T00:00:00,33.23632871212589,31.53300094604492
84,2018-06-04T01:00:00,32.26193205694097,31.0939998626709
84,2018-06-04T02:00:00,31.93596497413359,30.65399932861328
84,2018-06-04T03:00:00,31.733524511410568,30.21500015258789
84,2018-06-04T04:00:00,31.26353624193015,29.336000442504893
84,2018-06-04T05:00:00,30.986011525436666,28.457000732421875
84,2018-06-04T06:00:00,31.001327714271902,28.01799964904785
84,2018-06-04T07:00:00,31.45997158362801,28.457000732421875
84,2018-06-04T08:00:00,32.48075275559833,29.774999618530277
84,2018-06-04T09:00:00,33.58959770860456,32.192501068115234
84,2018-06-04T10:00:00,34.5629647548239,35.048999786376946
84,2018-06-04T11:00:00,35.53857769190347,39.44300079345703
84,2018-06-04T12:00:00,36.732158926818855,41.64099884033203
84,2018-06-04T13:00:00,37.579846057340035,43.39849853515625
84,2018-06-04T14:00:00,37.87823150216639,46.47499847412109
84,2018-06-04T15:00:00,38.04294327910866,46.91450119018555
84,2018-06-04T16:00:00,37.758849773729025,44.27750015258789
84,2018-06-04T17:00:00,37.40974334409833,41.64049911499024
84,2018-06-04T18:00:00,36.53522936369483,39.44300079345703
84,2018-06-04T19:00:00,35.82278808167669,37.46599960327149
84,2018-06-04T20:00:00,35.40712733623576,36.147499084472656
84,2018-06-04T21:00:00,34.77667846073308,35.487998962402344
84,2018-06-04T22:00:00,33.98193961840704,34.60900115966797
84,2018-06-04T23:00:00,33.1536256484974,33.72999954223633
84,2018-06-05T00:00:00,32.59703653445459,33.291000366210945
84,2018-06-05T01:00:00,32.04841813781967,32.852001190185554
84,2018-06-05T02:00:00,31.28122421467003,32.411998748779304
84,2018-06-05T03:00:00,30.916922357738546,31.972999572753903
84,2018-06-05T04:00:00,30.668972015594832,31.53300094604492
84,2018-06-05T05:00:00,30.62672440810759,31.53300094604492
84,2018-06-05T06:00:00,30.40248415072857,31.313499450683597
84,2018-06-05T07:00:00,31.21080324908632,31.972999572753903
84,2018-06-05T08:00:00,31.781186888210176,32.852001190185554
84,2018-06-05T09:00:00,33.29188471965039,33.950000762939446
84,2018-06-05T10:00:00,34.372729075395554,35.048999786376946
84,2018-06-05T11:00:00,35.456186167946484,36.58700180053711
84,2018-06-05T12:00:00,36.59352719400904,38.56399917602539
84,2018-06-05T13:00:00,37.49712452027569,38.78400039672852
84,2018-06-05T14:00:00,38.08786508748766,39.00400161743164
84,2018-06-05T15:00:00,37.97964268271529,39.2234992980957
84,2018-06-05T16:00:00,37.968465911916425,38.34500122070313
84,2018-06-05T17:00:00,37.30334080082575,37.24649810791016
84,2018-06-05T18:00:00,36.647608747671,36.36750030517578
84,2018-06-05T19:00:00,35.82195791739832,35.26850128173828
84,2018-06-05T20:00:00,35.323382690118464,34.38949966430664
84,2018-06-05T21:00:00,34.4955971517014,33.510501861572266
84,2018-06-05T22:00:00,33.740543354820915,32.852001190185554
85,2018-06-02T23:00:00,32.62347977545883,32.852001190185554
85,2018-06-03T00:00:00,31.928551538707623,32.411998748779304
85,2018-06-03T01:00:00,31.21902620871725,32.192501068115234
85,2018-06-03T02:00:00,30.729482781071958,31.75300025939941
85,2018-06-03T03:00:00,30.403007564744737,31.53300094604492
85,2018-06-03T04:00:00,30.104865695591258,31.0939998626709
85,2018-06-03T05:00:00,29.964349672323237,30.65399932861328
85,2018-06-03T06:00:00,29.963924897331903,30.21500015258789
85,2018-06-03T07:00:00,30.438971125131967,30.65399932861328
85,2018-06-03T08:00:00,31.33799114451211,32.192501068115234
85,2018-06-03T09:00:00,32.67100291728813,33.291000366210945
85,2018-06-03T10:00:00,33.89238815561624,35.70800018310547
85,2018-06-03T11:00:00,35.16725410480649,39.44300079345703
85,2018-06-03T12:00:00,36.331488006179555,40.54199981689453
85,2018-06-03T13:00:00,37.143579448561034,42.29999923706055
85,2018-06-03T14:00:00,37.35861754017474,44.27750015258789
85,2018-06-03T15:00:00,37.341304509762786,44.936500549316406
85,2018-06-03T16:00:00,37.004717367970684,43.17900085449219
85,2018-06-03T17:00:00,36.226018713518805,40.54199981689453
85,2018-06-03T18:00:00,35.83584948503442,38.125
85,2018-06-03T19:00:00,34.962935737504324,36.36750030517578
85,2018-06-03T20:00:00,34.284433236075785,34.82899856567383
85,2018-06-03T21:00:00,33.67522071543522,33.950000762939446
85,2018-06-03T22:00:00,33.32604472533615,33.07149887084961
85,2018-06-03T23:00:00,32.68963064055246,32.192501068115234
85,2018-06-04T00:00:00,32.155992375867,31.53300094604492
85,2018-06-04T01:00:00,31.597340280785733,31.0939998626709
85,2018-06-04T02:00:00,31.217414344421268,30.65399932861328
85,2018-06-04T03:00:00,30.796221147039503,30.21500015258789
85,2018-06-04T04:00:00,30.336056070063414,29.336000442504893
85,2018-06-04T05:00:00,29.871315054603485,28.457000732421875
85,2018-06-04T06:00:00,29.899543034772663,28.01799964904785
85,2018-06-04T07:00:00,30.37897898426171,28.457000732421875
85,2018-06-04T08:00:00,31.414073648020604,29.774999618530277
85,2018-06-04T09:00:00,32.41009870542877,32.192501068115234
85,2018-06-04T10:00:00,33.62097609379002,35.048999786376946
85,2018-06-04T11:00:00,34.73179998510487,39.44300079345703
85,2018-06-04T12:00:00,35.72674742542093,41.64099884033203
85,2018-06-04T13:00:00,36.50411918543008,43.39849853515625
85,2018-06-04T14:00:00,36.823926859812765,46.47499847412109
85,2018-06-04T15:00:00,37.000281462692044,46.91450119018555
85,2018-06-04T16:00:00,36.731762546182644,44.27750015258789
85,2018-06-04T17:00:00,36.30912135072303,41.64049911499024
85,2018-06-04T18:00:00,35.8103823712586,39.44300079345703
85,2018-06-04T19:00:00,34.838314053193976,37.46599960327149
85,2018-06-04T20:00:00,34.209401893874706,36.147499084472656
85,2018-06-04T21:00:00,33.754131023033686,35.487998962402344
85,2018-06-04T22:00:00,33.140805996275674,34.60900115966797
85,2018-06-04T23:00:00,32.59997198622022,33.72999954223633
85,2018-06-05T00:00:00,32.15448690487758,33.291000366210945
85,2018-06-05T01:00:00,31.498579011981448,32.852001190185554
85,2018-06-05T02:00:00,30.705555918519742,32.411998748779304
85,2018-06-05T03:00:00,30.349203454721412,31.972999572753903
85,2018-06-05T04:00:00,30.019584606971065,31.53300094604492
85,2018-06-05T05:00:00,29.93881636206889,31.53300094604492
85,2018-06-05T06:00:00,29.87214898198916,31.313499450683597
85,2018-06-05T07:00:00,30.20065410962397,31.972999572753903
85,2018-06-05T08:00:00,31.250539951732158,32.852001190185554
85,2018-06-05T09:00:00,32.54297664716803,33.950000762939446
85,2018-06-05T10:00:00,33.605345514444416,35.048999786376946
85,2018-06-05T11:00:00,34.744806652356345,36.58700180053711
85,2018-06-05T12:00:00,36.11952505743601,38.56399917602539
85,2018-06-05T13:00:00,36.7434294331997,38.78400039672852
85,2018-06-05T14:00:00,37.289456873437814,39.00400161743164
85,2018-06-05T15:00:00,37.27968077679159,39.2234992980957
85,2018-06-05T16:00:00,37.25607583096435,38.34500122070313
85,2018-06-05T17:00:00,36.691895959317975,37.24649810791016
85,2018-06-05T18:00:00,36.21277759327883,36.36750030517578
85,2018-06-05T19:00:00,35.11546702029907,35.26850128173828
85,2018-06-05T20:00:00,34.631127171822804,34.38949966430664
85,2018-06-05T21:00:00,33.95555932392501,33.510501861572266
85,2018-06-05T22:00:00,33.55305782263177,32.852001190185554
85,2018-06-05T23:00:00,32.64740606784328,31.972999572753903
85,2018-06-06T00:00:00,32.227404064974124,31.75300025939941
85,2018-06-06T01:00:00,31.776811078614866,31.53300094604492
85,2018-06-06T02:00:00,31.150473682927647,30.65399932861328
85,2018-06-06T03:00:00,30.535308040562885,30.21500015258789
85,2018-06-06T04:00:00,30.294385472363064,29.336000442504893
85,2018-06-06T05:00:00,30.11178326750787,28.895999908447266
85,2018-06-06T06:00:00,30.0695814330895,28.457000732421875
85,2018-06-06T07:00:00,30.565034079540432,29.336000442504893
85,2018-06-06T08:00:00,31.392424719757493,31.53350067138672
85,2018-06-06T09:00:00,32.61598959545054,34.38949966430664
85,2018-06-06T10:00:00,34.0180184667181,37.0265007019043
85,2018-06-06T11:00:00,35.16270085900003,40.762001037597656
85,2018-06-06T12:00:00,36.342696136205966,42.29999923706055
85,2018-06-06T13:00:00,36.97181720499748,43.39799880981445
85,2018-06-06T14:00:00,37.31008269264797,44.936500549316406
85,2018-06-06T15:00:00,37.20670386311237,45.15599822998047
85,2018-06-06T16:00:00,36.9013425296095,43.8380012512207
85,2018-06-06T17:00:00,36.68889801716436,42.73949813842773
85,2018-06-06T18:00:00,35.85247557731274,41.64099884033203
85,2018-06-06T19:00:00,35.09120923237106,40.3224983215332
85,2018-06-06T20:00:00,34.338387300223566,38.78400039672852
85,2018-06-06T21:00:00,33.77728074691048,37.68600082397461
85,2018-06-06T22:00:00,33.1543308319998,36.80699920654297
86,2018-06-03T23:00:00,32.51974504719895,32.192501068115234
86,2018-06-04T00:00:00,31.890414270700305,31.53300094604492
86,2018-06-04T01:00:00,31.60903225518483,31.0939998626709
86,2018-06-04T02:00:00,31.508853435261805,30.65399932861328
86,2018-06-04T03:00:00,30.953112616832563,30.21500015258789
86,2018-06-04T04:00:00,31.02936366193493,29.336000442504893
86,2018-06-04T05:00:00,30.715825666424358,28.457000732421875
86,2018-06-04T06:00:00,30.636719677245996,28.01799964904785
86,2018-06-04T07:00:00,31.212871247601186,28.457000732421875
86,2018-06-04T08:00:00,32.34361109924806,29.774999618530277
86,2018-06-04T09:00:00,33.91663716296054,32.192501068115234
86,2018-06-04T10:00:00,35.67419209685536,35.048999786376946
86,2018-06-04T11:00:00,37.65098475011715,39.44300079345703
86,2018-06-04T12:00:00,39.092536054981224,41.64099884033203
86,2018-06-04T13:00:00,40.112754357325436,43.39849853515625
86,2018-06-04T14:00:00,40.664774831031906,46.47499847412109
86,2018-06-04T15:00:00,40.29497883743397,46.91450119018555
86,2018-06-04T16:00:00,39.37318175583386,44.27750015258789
86,2018-06-04T17:00:00,38.32004196624171,41.64049911499024
86,2018-06-04T18:00:00,36.79597780571844,39.44300079345703
86,2018-06-04T19:00:00,35.99608487478612,37.46599960327149
86,2018-06-04T20:00:00,34.62835045476535,36.147499084472656
86,2018-06-04T21:00:00,33.953527816147655,35.487998962402344
86,2018-06-04T22:00:00,33.445653722648075,34.60900115966797
86,2018-06-04T23:00:00,32.904100388929436,33.72999954223633
86,2018-06-05T00:00:00,32.36651268610978,33.291000366210945
86,2018-06-05T01:00:00,32.173233907240146,32.852001190185554
86,2018-06-05T02:00:00,31.57318466692275,32.411998748779304
86,2018-06-05T03:00:00,31.291148783004502,31.972999572753903
86,2018-06-05T04:00:00,31.020296853999067,31.53300094604492
86,2018-06-05T05:00:00,30.898103058102283,31.53300094604492
86,2018-06-05T06:00:00,30.62282776750922,31.313499450683597
86,2018-06-05T07:00:00,31.16559396211587,31.972999572753903
86,2018-06-05T08:00:00,32.29093124604073,32.852001190185554
86,2018-06-05T09:00:00,33.608427955462076,33.950000762939446
86,2018-06-05T10:00:00,35.22624742577094,35.048999786376946
86,2018-06-05T11:00:00,36.82442301980936,36.58700180053711
86,2018-06-05T12:00:00,38.07100705095904,38.56399917602539
86,2018-06-05T13:00:00,39.07304851871429,38.78400039672852
86,2018-06-05T14:00:00,39.81252863899299,39.00400161743164
86,2018-06-05T15:00:00,39.4530987516534,39.2234992980957
86,2018-06-05T16:00:00,38.98583485782882,38.34500122070313
86,2018-06-05T17:00:00,38.04895991752285,37.24649810791016
86,2018-06-05T18:00:00,36.67594688425404,36.36750030517578
86,2018-06-05T19:00:00,35.89667042178039,35.26850128173828
86,2018-06-05T20:00:00,34.80976757730646,34.38949966430664
86,2018-06-05T21:00:00,34.13840870791341,33.510501861572266
86,2018-06-05T22:00:00,33.670768503358254,32.852001190185554
86,2018-06-05T23:00:00,32.99698471042407,31.972999572753903
86,2018-06-06T00:00:00,32.432814075495635,31.75300025939941
86,2018-06-06T01:00:00,32.18676011136693,31.53300094604492
86,2018-06-06T02:00:00,31.924604951412288,30.65399932861328
86,2018-06-06T03:00:00,31.370225237492193,30.21500015258789
86,2018-06-06T04:00:00,31.127735620183397,29.336000442504893
86,2018-06-06T05:00:00,30.660391674803407,28.895999908447266
86,2018-06-06T06:00:00,30.840303668455757,28.457000732421875
86,2018-06-06T07:00:00,31.140063217616508,29.336000442504893
86,2018-06-06T08:00:00,32.082097948206496,31.53350067138672
86,2018-06-06T09:00:00,33.099703969879165,34.38949966430664
86,2018-06-06T10:00:00,34.74095744971674,37.0265007019043
86,2018-06-06T11:00:00,36.399954778736,40.762001037597656
86,2018-06-06T12:00:00,37.521590875575285,42.29999923706055
86,2018-06-06T13:00:00,38.68068790740884,43.39799880981445
86,2018-06-06T14:00:00,39.09129765057695,44.936500549316406
86,2018-06-06T15:00:00,39.063129081889784,45.15599822998047
86,2018-06-06T16:00:00,38.43332974151478,43.8380012512207
86,2018-06-06T17:00:00,37.434609044906566,42.73949813842773
86,2018-06-06T18:00:00,36.56718316219741,41.64099884033203
86,2018-06-06T19:00:00,35.405188765805505,40.3224983215332
86,2018-06-06T20:00:00,34.61043350264759,38.78400039672852
86,2018-06-06T21:00:00,33.691263526081144,37.68600082397461
86,2018-06-06T22:00:00,33.26033095085777,36.80699920654297
86,2018-06-06T23:00:00,32.757259380515265,36.147499084472656
86,2018-06-07T00:00:00,32.198835238509886,35.70800018310547
86,2018-06-07T01:00:00,31.846030358598924,35.04850006103516
86,2018-06-07T02:00:00,31.20395701656154,34.60950088500977
86,2018-06-07T03:00:00,30.92827223147348,34.60950088500977
86,2018-06-07T04:00:00,30.820567425005983,34.38949966430664
86,2018-06-07T05:00:00,30.327842005049757,33.950000762939446
86,2018-06-07T06:00:00,30.421404141993648,33.510501861572266
86,2018-06-07T07:00:00,31.003665060043016,33.72999954223633
86,2018-06-07T08:00:00,32.04446368220905,35.48849868774414
86,2018-06-07T09:00:00,33.014126234369726,37.46549987792969
86,2018-06-07T10:00:00,34.6449678804935,40.3224983215332
86,2018-06-07T11:00:00,36.090813689028366,43.39849853515625
86,2018-06-07T12:00:00,37.56739883870802,44.936500549316406
86,2018-06-07T13:00:00,38.46825639478894,46.47499847412109
86,2018-06-07T14:00:00,38.84637364494198,46.69449996948242
86,2018-06-07T15:00:00,38.76035745041463,46.47499847412109
86,2018-06-07T16:00:00,38.17957714403976,44.936500549316406
86,2018-06-07T17:00:00,37.37375218759086,43.837501525878906
86,2018-06-07T18:00:00,36.46881553722402,43.39849853515625
86,2018-06-07T19:00:00,35.29402475145555,42.29999923706055
86,2018-06-07T20:00:00,34.47068173226331,40.98149871826172
86,2018-06-07T21:00:00,33.84707977348674,40.102500915527344
86,2018-06-07T22:00:00,33.50324294845325,39.66299819946289
87,2018-06-04T23:00:00,33.67061957553579,33.72999954223633
87,2018-06-05T00:00:00,32.82874849840604,33.291000366210945
87,2018-06-05T01:00:00,32.298312638037814,32.852001190185554
87,2018-06-05T02:00:00,31.637653194983574,32.411998748779304
87,2018-06-05T03:00:00,30.82085285099345,31.972999572753903
87,2018-06-05T04:00:00,30.21150542865766,31.53300094604492
87,2018-06-05T05:00:00,29.53722691254967,31.53300094604492
87,2018-06-05T06:00:00,29.554918648396853,31.313499450683597
87,2018-06-05T07:00:00,30.02597237899245,31.972999572753903
87,2018-06-05T08:00:00,31.534457389303302,32.852001190185554
87,2018-06-05T09:00:00,33.69845402590763,33.950000762939446
87,2018-06-05T10:00:00,36.2320849565293,35.048999786376946
87,2018-06-05T11:00:00,38.92362271171526,36.58700180053711
87,2018-06-05T12:00:00,41.16349031958407,38.56399917602539
87,2018-06-05T13:00:00,42.690839786818856,38.78400039672852
87,2018-06-05T14:00:00,44.04551736482408,39.00400161743164
87,2018-06-05T15:00:00,43.72151610646653,39.2234992980957
87,2018-06-05T16:00:00,42.83091860543807,38.34500122070313
87,2018-06-05T17:00:00,41.25335788338856,37.24649810791016
87,2018-06-05T18:00:00,39.46617726004435,36.36750030517578
87,2018-06-05T19:00:00,37.85260246074286,35.26850128173828
87,2018-06-05T20:00:00,36.569784267580594,34.38949966430664
87,2018-06-05T21:00:00,35.48495284262817,33.510501861572266
87,2018-06-05T22:00:00,34.29994636086002,32.852001190185554
87,2018-06-05T23:00:00,33.69325569228212,31.972999572753903
87,2018-06-06T00:00:00,33.26807496955887,31.75300025939941
87,2018-06-06T01:00:00,32.518586010148766,31.53300094604492
87,2018-06-06T02:00:00,31.927967686907454,30.65399932861328
87,2018-06-06T03:00:00,31.194295181537143,30.21500015258789
87,2018-06-06T04:00:00,30.611502068887894,29.336000442504893
87,2018-06-06T05:00:00,30.02093927998773,28.895999908447266
87,2018-06-06T06:00:00,29.943432497380773,28.457000732421875
87,2018-06-06T07:00:00,30.455637585288653,29.336000442504893
87,2018-06-06T08:00:00,31.515033141659245,31.53350067138672
87,2018-06-06T09:00:00,33.47811759324092,34.38949966430664
87,2018-06-06T10:00:00,35.731199751531456,37.0265007019043
87,2018-06-06T11:00:00,38.09511716543369,40.762001037597656
87,2018-06-06T12:00:00,40.13797971996526,42.29999923706055
87,2018-06-06T13:00:00,41.72379076969883,43.39799880981445
87,2018-06-06T14:00:00,42.970710059499396,44.936500549316406
87,2018-06-06T15:00:00,42.96403567554158,45.15599822998047
87,2018-06-06T16:00:00,41.994861072961555,43.8380012512207
87,2018-06-06T17:00:00,40.42672864521637,42.73949813842773
87,2018-06-06T18:00:00,38.884828496399194,41.64099884033203
87,2018-06-06T19:00:00,37.46161675200668,40.3224983215332
87,2018-06-06T20:00:00,36.11351548910221,38.78400039672852
87,2018-06-06T21:00:00,35.13998822573849,37.68600082397461
87,2018-06-06T22:00:00,34.38104041103139,36.80699920654297
87,2018-06-06T23:00:00,33.50915171112467,36.147499084472656
87,2018-06-07T00:00:00,32.59445857788302,35.70800018310547
87,2018-06-07T01:00:00,31.960474662183984,35.04850006103516
87,2018-06-07T02:00:00,31.467188881339858,34.60950088500977
87,2018-06-07T03:00:00,30.9019320768027,34.60950088500977
87,2018-06-07T04:00:00,30.35756291251734,34.38949966430664
87,2018-06-07T05:00:00,29.65040326563643,33.950000762939446
87,2018-06-07T06:00:00,29.669285112677457,33.510501861572266
87,2018-06-07T07:00:00,30.035319481405814,33.72999954223633
87,2018-06-07T08:00:00,31.395981312295685,35.48849868774414
87,2018-06-07T09:00:00,33.077652389134336,37.46549987792969
87,2018-06-07T10:00:00,35.42717489128992,40.3224983215332
87,2018-06-07T11:00:00,37.71038038146266,43.39849853515625
87,2018-06-07T12:00:00,39.76599542245222,44.936500549316406
87,2018-06-07T13:00:00,41.549928370157986,46.47499847412109
87,2018-06-07T14:00:00,42.18046208662538,46.69449996948242
87,2018-06-07T15:00:00,42.14971407893042,46.47499847412109
87,2018-06-07T16:00:00,41.399087064644206,44.936500549316406
87,2018-06-07T17:00:00,40.00107947265033,43.837501525878906
87,2018-06-07T18:00:00,38.45740564592302,43.39849853515625
87,2018-06-07T19:00:00,37.1326824020719,42.29999923706055
87,2018-06-07T20:00:00,35.68466083331296,40.98149871826172
87,2018-06-07T21:00:00,34.73117109005059,40.102500915527344
87,2018-06-07T22:00:00,33.94888414173231,39.66299819946289
87,2018-06-07T23:00:00,33.30136991669852,39.44300079345703
87,2018-06-08T00:00:00,32.487088231831514,38.78400039672852
87,2018-06-08T01:00:00,31.729650335422477,37.90549850463867
87,2018-06-08T02:00:00,31.107001583129815,37.24599838256836
87,2018-06-08T03:00:00,30.382522348907553,36.80699920654297
87,2018-06-08T04:00:00,30.071470672603983,36.367000579833984
87,2018-06-08T05:00:00,29.46932761657493,35.487998962402344
87,2018-06-08T06:00:00,29.233892183381307,35.26850128173828
87,2018-06-08T07:00:00,29.866108282494924,34.82899856567383
87,2018-06-08T08:00:00,31.206012471385385,35.928001403808594
87,2018-06-08T09:00:00,33.03735065022486,37.24649810791016
87,2018-06-08T10:00:00,35.21797075633574,39.66299819946289
87,2018-06-08T11:00:00,37.463941326019665,39.882999420166016
87,2018-06-08T12:00:00,39.66331219760042,40.321998596191406
87,2018-06-08T13:00:00,41.346849433562085,41.42100143432617
87,2018-06-08T14:00:00,42.15763941098353,42.73899841308594
87,2018-06-08T15:00:00,42.31621447217849,44.71699905395508
87,2018-06-08T16:00:00,41.37296197725763,44.05749893188477
87,2018-06-08T17:00:00,39.97387973304407,42.08050155639648
87,2018-06-08T18:00:00,38.451782651339734,39.66299819946289
87,2018-06-08T19:00:00,36.99477512443523,37.46599960327149
87,2018-06-08T20:00:00,35.74561017184155,36.147499084472656
87,2018-06-08T21:00:00,34.60989572040353,35.48849868774414
87,2018-06-08T22:00:00,33.73614325607845,35.48849868774414
88,2018-06-05T23:00:00,32.302704184263675,31.972999572753903
88,2018-06-06T00:00:00,31.9752529547416,31.75300025939941
88,2018-06-06T01:00:00,31.74994009774687,31.53300094604492
88,2018-06-06T02:00:00,31.339530369433735,30.65399932861328
88,2018-06-06T03:00:00,31.040102429850112,30.21500015258789
88,2018-06-06T04:00:00,30.383393793332733,29.336000442504893
88,2018-06-06T05:00:00,30.102997894385062,28.895999908447266
88,2018-06-06T06:00:00,29.938398714174728,28.457000732421875
88,2018-06-06T07:00:00,30.238374356921675,29.336000442504893
88,2018-06-06T08:00:00,31.00381364576482,31.53350067138672
88,2018-06-06T09:00:00,32.4484606195389,34.38949966430664
88,2018-06-06T10:00:00,34.04804213327346,37.0265007019043
88,2018-06-06T11:00:00,35.77678991057468,40.762001037597656
88,2018-06-06T12:00:00,37.27210666808702,42.29999923706055
88,2018-06-06T13:00:00,38.413528156838154,43.39799880981445
88,2018-06-06T14:00:00,39.249352034561056,44.936500549316406
88,2018-06-06T15:00:00,39.131251929245195,45.15599822998047
88,2018-06-06T16:00:00,38.45399638473753,43.8380012512207
88,2018-06-06T17:00:00,37.103363576918255,42.73949813842773
88,2018-06-06T18:00:00,36.07354855270939,41.64099884033203
88,2018-06-06T19:00:00,34.797336779506324,40.3224983215332
88,2018-06-06T20:00:00,33.98009660809564,38.78400039672852
88,2018-06-06T21:00:00,33.348599080023746,37.68600082397461
88,2018-06-06T22:00:00,32.74571747427419,36.80699920654297
88,2018-06-06T23:00:00,32.31707275425918,36.147499084472656
88,2018-06-07T00:00:00,31.96868838509698,35.70800018310547
88,2018-06-07T01:00:00,31.619425501429205,35.04850006103516
88,2018-06-07T02:00:00,31.288588387600353,34.60950088500977
88,2018-06-07T03:00:00,30.672526555529036,34.60950088500977
88,2018-06-07T04:00:00,30.44416090624087,34.38949966430664
88,2018-06-07T05:00:00,29.97475272545332,33.950000762939446
88,2018-06-07T06:00:00,29.756767094517183,33.510501861572266
88,2018-06-07T07:00:00,30.096383765757558,33.72999954223633
88,2018-06-07T08:00:00,31.05244257097424,35.48849868774414
88,2018-06-07T09:00:00,32.35930998469294,37.46549987792969
88,2018-06-07T10:00:00,34.23695502346705,40.3224983215332
88,2018-06-07T11:00:00,36.12907992898607,43.39849853515625
88,2018-06-07T12:00:00,37.851143401410205,44.936500549316406
88,2018-06-07T13:00:00,38.96502419022647,46.47499847412109
88,2018-06-07T14:00:00,39.594148680024624,46.69449996948242
88,2018-06-07T15:00:00,39.78965168337909,46.47499847412109
88,2018-06-07T16:00:00,38.835130848714925,44.936500549316406
88,2018-06-07T17:00:00,37.534546569827796,43.837501525878906
88,2018-06-07T18:00:00,36.48520443970852,43.39849853515625
88,2018-06-07T19:00:00,35.2538952032137,42.29999923706055
88,2018-06-07T20:00:00,34.25834156052075,40.98149871826172
88,2018-06-07T21:00:00,33.389434039835095,40.102500915527344
88,2018-06-07T22:00:00,32.97398015126244,39.66299819946289
88,2018-06-07T23:00:00,32.47616894879921,39.44300079345703
88,2018-06-08T00:00:00,32.146413899371105,38.78400039672852
88,2018-06-08T01:00:00,31.65091096412254,37.90549850463867
88,2018-06-08T02:00:00,31.25658635290413,37.24599838256836
88,2018-06-08T03:00:00,30.668581564703466,36.80699920654297
88,2018-06-08T04:00:00,30.224392075592785,36.367000579833984
88,2018-06-08T05:00:00,29.920725337729856,35.487998962402344
88,2018-06-08T06:00:00,29.777007594345935,35.26850128173828
88,2018-06-08T07:00:00,30.029284141488656,34.82899856567383
88,2018-06-08T08:00:00,31.156280157500483,35.928001403808594
88,2018-06-08T09:00:00,32.5904701402731,37.24649810791016
88,2018-06-08T10:00:00,34.50830231423419,39.66299819946289
88,2018-06-08T11:00:00,36.23274897391844,39.882999420166016
88,2018-06-08T12:00:00,37.95829297849976,40.321998596191406
88,2018-06-08T13:00:00,39.18671864849635,41.42100143432617
88,2018-06-08T14:00:00,39.729448808499704,42.73899841308594
88,2018-06-08T15:00:00,39.759636911440985,44.71699905395508
88,2018-06-08T16:00:00,38.936855735572856,44.05749893188477
88,2018-06-08T17:00:00,37.69281031941837,42.08050155639648
88,2018-06-08T18:00:00,36.40705724465825,39.66299819946289
88,2018-06-08T19:00:00,35.29346085552746,37.46599960327149
88,2018-06-08T20:00:00,34.14247354800499,36.147499084472656
88,2018-06-08T21:00:00,33.4186927693054,35.48849868774414
88,2018-06-08T22:00:00,33.00822921715444,35.48849868774414
88,2018-06-08T23:00:00,32.365695749723756,35.48849868774414
88,2018-06-09T00:00:00,32.02851837025242,35.26850128173828
88,2018-06-09T01:00:00,31.631500628572162,34.60950088500977
88,2018-06-09T02:00:00,31.29231032879289,33.950000762939446
88,2018-06-09T03:00:00,30.7060174123157,33.510501861572266
88,2018-06-09T04:00:00,30.27465983403388,31.53300094604492
88,2018-06-09T05:00:00,29.93998407707259,32.192501068115234
88,2018-06-09T06:00:00,29.939680565363346,32.411998748779304
88,2018-06-09T07:00:00,30.43911252673982,32.852001190185554
88,2018-06-09T08:00:00,31.209505433200043,33.291000366210945
88,2018-06-09T09:00:00,32.783237592683356,33.72999954223633
88,2018-06-09T10:00:00,34.49213760171828,32.852001190185554
88,2018-06-09T11:00:00,36.407436976395466,30.434499740600582
88,2018-06-09T12:00:00,37.84321863952488,27.577999114990234
88,2018-06-09T13:00:00,39.17046772661307,26.69899940490723
88,2018-06-09T14:00:00,39.70722594935569,26.26000022888184
88,2018-06-09T15:00:00,39.76804688610166,26.91900062561035
88,2018-06-09T16:00:00,38.81646036286757,28.67650032043457
88,2018-06-09T17:00:00,37.806552290339894,29.555500030517567
88,2018-06-09T18:00:00,36.36909661462719,29.9950008392334
88,2018-06-09T19:00:00,35.30670334417009,29.9950008392334
88,2018-06-09T20:00:00,34.11420508592389,29.9950008392334
88,2018-06-09T21:00:00,33.30419601028517,29.9950008392334
88,2018-06-09T22:00:00,32.83909442072521,29.774999618530277
89,2018-06-06T23:00:00,35.89021224544233,36.147499084472656
89,2018-06-07T00:00:00,35.069359262950975,35.70800018310547
89,2018-06-07T01:00:00,34.427160255936286,35.04850006103516
89,2018-06-07T02:00:00,33.652660659069895,34.60950088500977
89,2018-06-07T03:00:00,32.918346258820065,34.60950088500977
89,2018-06-07T04:00:00,32.15127138670156,34.38949966430664
89,2018-06-07T05:00:00,31.834313182784236,33.950000762939446
89,2018-06-07T06:00:00,31.554283719261306,33.510501861572266
89,2018-06-07T07:00:00,32.18215623466218,33.72999954223633
89,2018-06-07T08:00:00,33.66377094830636,35.48849868774414
89,2018-06-07T09:00:00,35.5485217599758,37.46549987792969
89,2018-06-07T10:00:00,37.79417280763939,40.3224983215332
89,2018-06-07T11:00:00,40.37617528973748,43.39849853515625
89,2018-06-07T12:00:00,42.35929406848097,44.936500549316406
89,2018-06-07T13:00:00,43.8356249233336,46.47499847412109
89,2018-06-07T14:00:00,44.54696623768291,46.69449996948242
89,2018-06-07T15:00:00,44.58069166149163,46.47499847412109
89,2018-06-07T16:00:00,43.7575906215025,44.936500549316406
89,2018-06-07T17:00:00,42.23282971595989,43.837501525878906
89,2018-06-07T18:00:00,40.5433655859916,43.39849853515625
89,2018-06-07T19:00:00,39.06525808835642,42.29999923706055
89,2018-06-07T20:00:00,37.87279506647863,40.98149871826172
89,2018-06-07T21:00:00,36.76861271745783,40.102500915527344
89,2018-06-07T22:00:00,35.96163191689828,39.66299819946289
89,2018-06-07T23:00:00,35.351491961357176,39.44300079345703
89,2018-06-08T00:00:00,34.698311523022866,38.78400039672852
89,2018-06-08T01:00:00,34.13402708260681,37.90549850463867
89,2018-06-08T02:00:00,33.44828379255416,37.24599838256836
89,2018-06-08T03:00:00,32.70282614737055,36.80699920654297
89,2018-06-08T04:00:00,32.34779054306214,36.367000579833984
89,2018-06-08T05:00:00,31.75668221763619,35.487998962402344
89,2018-06-08T06:00:00,31.71206430868052,35.26850128173828
89,2018-06-08T07:00:00,32.28603909250965,34.82899856567383
89,2018-06-08T08:00:00,33.59154745432318,35.928001403808594
89,2018-06-08T09:00:00,35.192419143695865,37.24649810791016
89,2018-06-08T10:00:00,37.34464683325166,39.66299819946289
89,2018-06-08T11:00:00,39.632855545637774,39.882999420166016
89,2018-06-08T12:00:00,41.67487265539464,40.321998596191406
89,2018-06-08T13:00:00,43.07766669181437,41.42100143432617
89,2018-06-08T14:00:00,43.91264660719877,42.73899841308594
89,2018-06-08T15:00:00,43.6541211352909,44.71699905395508
89,2018-06-08T16:00:00,42.89502142788891,44.05749893188477
89,2018-06-08T17:00:00,41.32603260814777,42.08050155639648
89,2018-06-08T18:00:00,39.81426924717225,39.66299819946289
89,2018-06-08T19:00:00,38.239069019705454,37.46599960327149
89,2018-06-08T20:00:00,36.84699983910723,36.147499084472656
89,2018-06-08T21:00:00,35.873716151416396,35.48849868774414
89,2018-06-08T22:00:00,35.16199784213518,35.48849868774414
89,2018-06-08T23:00:00,34.71545840654559,35.48849868774414
89,2018-06-09T00:00:00,34.162218343971375,35.26850128173828
89,2018-06-09T01:00:00,33.634275029042236,34.60950088500977
89,2018-06-09T02:00:00,33.24010299472004,33.950000762939446
89,2018-06-09T03:00:00,32.216473492619905,33.510501861572266
89,2018-06-09T04:00:00,31.820730532047868,31.53300094604492
89,2018-06-09T05:00:00,31.313240845661255,32.192501068115234
89,2018-06-09T06:00:00,31.02908222712188,32.411998748779304
89,2018-06-09T07:00:00,31.778864480834727,32.852001190185554
89,2018-06-09T08:00:00,32.91968147771229,33.291000366210945
89,2018-06-09T09:00:00,34.51486198043596,33.72999954223633
89,2018-06-09T10:00:00,36.54351276110976,32.852001190185554
89,2018-06-09T11:00:00,38.76398029644811,30.434499740600582
89,2018-06-09T12:00:00,40.45693841453304,27.577999114990234
89,2018-06-09T13:00:00,41.833102194918794,26.69899940490723
89,2018-06-09T14:00:00,42.74671394796103,26.26000022888184
89,2018-06-09T15:00:00,42.48194627926773,26.91900062561035
89,2018-06-09T16:00:00,41.794794902881385,28.67650032043457
89,2018-06-09T17:00:00,40.26530844683113,29.555500030517567
89,2018-06-09T18:00:00,38.833975232671385,29.9950008392334
89,2018-06-09T19:00:00,37.288409361204145,29.9950008392334
89,2018-06-09T20:00:00,36.14666618379514,29.9950008392334
89,2018-06-09T21:00:00,35.228720015337956,29.9950008392334
89,2018-06-09T22:00:00,34.58177458967512,29.774999618530277
89,2018-06-09T23:00:00,33.91001694494122,29.774999618530277
89,2018-06-10T00:00:00,33.30481122131289,29.555500030517567
89,2018-06-10T01:00:00,32.895460636656004,29.336000442504893
89,2018-06-10T02:00:00,32.37138442763457,28.895999908447266
89,2018-06-10T03:00:00,31.56410736789985,28.895999908447266
89,2018-06-10T04:00:00,31.138450669119198,28.895999908447266
89,2018-06-10T05:00:00,30.69853669709245,28.457000732421875
89,2018-06-10T06:00:00,30.77271096309624,28.23749923706055
89,2018-06-10T07:00:00,31.343086847938373,28.457000732421875
89,2018-06-10T08:00:00,32.31347317107086,29.774999618530277
89,2018-06-10T09:00:00,33.90396119301776,31.75300025939941
89,2018-06-10T10:00:00,36.3022558465275,32.63199996948242
89,2018-06-10T11:00:00,38.445581164533344,33.510501861572266
89,2018-06-10T12:00:00,40.215846392470915,34.60950088500977
89,2018-06-10T13:00:00,41.69423441265071,36.58700180053711
89,2018-06-10T14:00:00,42.33022121370486,39.00350189208984
89,2018-06-10T15:00:00,42.529415027091424,39.66299819946289
89,2018-06-10T16:00:00,41.43486737310899,37.90549850463867
89,2018-06-10T17:00:00,40.191651208964444,37.68600082397461
89,2018-06-10T18:00:00,38.5782127937944,36.80699920654297
89,2018-06-10T19:00:00,37.24645185508012,35.70800018310547
89,2018-06-10T20:00:00,36.06423064288603,34.60900115966797
89,2018-06-10T21:00:00,35.31541630598566,33.291000366210945
89,2018-06-10T22:00:00,34.5508270232594,32.411998748779304
90,2018-06-07T23:00:00,38.83640597192382,39.44300079345703
90,2018-06-08T00:00:00,38.23684126018043,38.78400039672852
90,2018-06-08T01:00:00,37.51222712426293,37.90549850463867
90,2018-06-08T02:00:00,36.827080457768574,37.24599838256836
90,2018-06-08T03:00:00,36.141504226873586,36.80699920654297
90,2018-06-08T04:00:00,35.487208996508315,36.367000579833984
90,2018-06-08T05:00:00,34.892612954811234,35.487998962402344
90,2018-06-08T06:00:00,34.56262105768997,35.26850128173828
90,2018-06-08T07:00:00,34.95074680487375,34.82899856567383
90,2018-06-08T08:00:00,36.16282622093531,35.928001403808594
90,2018-06-08T09:00:00,37.9584533096777,37.24649810791016
90,2018-06-08T10:00:00,40.063348179407036,39.66299819946289
90,2018-06-08T11:00:00,42.30203097864229,39.882999420166016
90,2018-06-08T12:00:00,44.19899056478082,40.321998596191406
90,2018-06-08T13:00:00,45.331721214226015,41.42100143432617
90,2018-06-08T14:00:00,45.99854040780562,42.73899841308594
90,2018-06-08T15:00:00,45.91951857539064,44.71699905395508
90,2018-06-08T16:00:00,44.850987676917796,44.05749893188477
90,2018-06-08T17:00:00,43.33053609940808,42.08050155639648
90,2018-06-08T18:00:00,42.15031845677044,39.66299819946289
90,2018-06-08T19:00:00,40.69496065330209,37.46599960327149
90,2018-06-08T20:00:00,39.573079612387275,36.147499084472656
90,2018-06-08T21:00:00,38.77613741371692,35.48849868774414
90,2018-06-08T22:00:00,38.04914545011638,35.48849868774414
90,2018-06-08T23:00:00,37.37323618575575,35.48849868774414
90,2018-06-09T00:00:00,36.9535676170006,35.26850128173828
90,2018-06-09T01:00:00,36.46932184620698,34.60950088500977
90,2018-06-09T02:00:00,35.616679273531844,33.950000762939446
90,2018-06-09T03:00:00,34.93371178826821,33.510501861572266
90,2018-06-09T04:00:00,34.322284964062085,31.53300094604492
90,2018-06-09T05:00:00,33.713547051076276,32.192501068115234
90,2018-06-09T06:00:00,33.42450848059617,32.411998748779304
90,2018-06-09T07:00:00,33.959324939969,32.852001190185554
90,2018-06-09T08:00:00,35.03785407245267,33.291000366210945
90,2018-06-09T09:00:00,36.682088503444206,33.72999954223633
90,2018-06-09T10:00:00,38.673148464904905,32.852001190185554
90,2018-06-09T11:00:00,40.77028893887966,30.434499740600582
90,2018-06-09T12:00:00,42.55056483048552,27.577999114990234
90,2018-06-09T13:00:00,43.86137369998959,26.69899940490723
90,2018-06-09T14:00:00,44.503931114466766,26.26000022888184
90,2018-06-09T15:00:00,44.22748755010559,26.91900062561035
90,2018-06-09T16:00:00,43.180873900850116,28.67650032043457
90,2018-06-09T17:00:00,42.01916390414369,29.555500030517567
90,2018-06-09T18:00:00,40.58236164069953,29.9950008392334
90,2018-06-09T19:00:00,39.22573750991522,29.9950008392334
90,2018-06-09T20:00:00,38.0122859280897,29.9950008392334
90,2018-06-09T21:00:00,37.08888667504577,29.9950008392334
90,2018-06-09T22:00:00,36.48491365414397,29.774999618530277
90,2018-06-09T23:00:00,35.810783313236996,29.774999618530277
90,2018-06-10T00:00:00,35.389813507588926,29.555500030517567
90,2018-06-10T01:00:00,34.80396783071335,29.336000442504893
90,2018-06-10T02:00:00,34.433671685944404,28.895999908447266
90,2018-06-10T03:00:00,33.409732354676095,28.895999908447266
90,2018-06-10T04:00:00,32.782365235989744,28.895999908447266
90,2018-06-10T05:00:00,32.33848939617132,28.457000732421875
90,2018-06-10T06:00:00,32.11412780709007,28.23749923706055
90,2018-06-10T07:00:00,32.64963747644205,28.457000732421875
90,2018-06-10T08:00:00,33.884752012657906,29.774999618530277
90,2018-06-10T09:00:00,35.48837670010866,31.75300025939941
90,2018-06-10T10:00:00,37.6215556545161,32.63199996948242
90,2018-06-10T11:00:00,39.810248880167,33.510501861572266
90,2018-06-10T12:00:00,41.50992996050407,34.60950088500977
90,2018-06-10T13:00:00,42.744106000564564,36.58700180053711
90,2018-06-10T14:00:00,43.37085836435741,39.00350189208984
90,2018-06-10T15:00:00,43.42761058387094,39.66299819946289
90,2018-06-10T16:00:00,42.429216023229216,37.90549850463867
90,2018-06-10T17:00:00,41.34610935579194,37.68600082397461
90,2018-06-10T18:00:00,39.790357551082806,36.80699920654297
90,2018-06-10T19:00:00,38.576697287852156,35.70800018310547
90,2018-06-10T20:00:00,37.56177983529915,34.60900115966797
90,2018-06-10T21:00:00,36.599348150843326,33.291000366210945
90,2018-06-10T22:00:00,36.05253376504409,32.411998748779304
90,2018-06-10T23:00:00,35.37838038935905,31.53300094604492
90,2018-06-11T00:00:00,34.84181556752523,31.0939998626709
90,2018-06-11T01:00:00,34.464993624520275,30.434499740600582
90,2018-06-11T02:00:00,33.84105367028751,29.9950008392334
90,2018-06-11T03:00:00,33.12300946359171,29.336000442504893
90,2018-06-11T04:00:00,32.412618961021664,28.895999908447266
90,2018-06-11T05:00:00,32.13937289753486,28.67650032043457
90,2018-06-11T06:00:00,31.9658676510874,28.67650032043457
90,2018-06-11T07:00:00,32.48195444119798,29.336000442504893
90,2018-06-11T08:00:00,33.62469370170747,31.313499450683597
90,2018-06-11T09:00:00,35.25165501403121,34.16949844360352
90,2018-06-11T10:00:00,37.5005113168509,36.80699920654297
90,2018-06-11T11:00:00,39.482180158946115,40.54199981689453
90,2018-06-11T12:00:00,41.22989205849808,42.95899963378906
90,2018-06-11T13:00:00,42.40311488288914,44.936500549316406
90,2018-06-11T14:00:00,43.135964065994365,47.13399887084961
90,2018-06-11T15:00:00,43.05756713745925,47.35400009155274
90,2018-06-11T16:00:00,42.11574804432124,45.59550094604492
90,2018-06-11T17:00:00,40.97518443000227,44.05749893188477
90,2018-06-11T18:00:00,39.6502016457806,42.73949813842773
90,2018-06-11T19:00:00,38.25609080841865,40.98149871826172
90,2018-06-11T20:00:00,37.300976201035056,39.2234992980957
90,2018-06-11T21:00:00,36.28293856235777,38.34450149536133
90,2018-06-11T22:00:00,35.57739015258829,37.0265007019043
91,2018-06-08T23:00:00,35.197956042945336,35.48849868774414
91,2018-06-09T00:00:00,35.12738067592854,35.26850128173828
91,2018-06-09T01:00:00,34.850387469833606,34.60950088500977
91,2018-06-09T02:00:00,34.523759562576615,33.950000762939446
91,2018-06-09T03:00:00,34.11731204415582,33.510501861572266
91,2018-06-09T04:00:00,33.75170860823075,31.53300094604492
91,2018-06-09T05:00:00,33.42117835869765,32.192501068115234
91,2018-06-09T06:00:00,33.06710451338976,32.411998748779304
91,2018-06-09T07:00:00,33.285314562361584,32.852001190185554
91,2018-06-09T08:00:00,34.14149274540084,33.291000366210945
91,2018-06-09T09:00:00,35.653596838637874,33.72999954223633
91,2018-06-09T10:00:00,37.168401132417145,32.852001190185554
91,2018-06-09T11:00:00,38.8030333679334,30.434499740600582
91,2018-06-09T12:00:00,40.19798987813716,27.577999114990234
91,2018-06-09T13:00:00,41.183977588025236,26.69899940490723
91,2018-06-09T14:00:00,41.84053376167996,26.26000022888184
91,2018-06-09T15:00:00,41.96586119966047,26.91900062561035
91,2018-06-09T16:00:00,41.20556984161165,28.67650032043457
91,2018-06-09T17:00:00,40.039584156770964,29.555500030517567
91,2018-06-09T18:00:00,38.531108953345814,29.9950008392334
91,2018-06-09T19:00:00,37.20100629058429,29.9950008392334
91,2018-06-09T20:00:00,36.1744287930275,29.9950008392334
91,2018-06-09T21:00:00,35.39989692466513,29.9950008392334
91,2018-06-09T22:00:00,34.83485302077464,29.774999618530277
91,2018-06-09T23:00:00,34.501167234715304,29.774999618530277
91,2018-06-10T00:00:00,34.330312128079555,29.555500030517567
91,2018-06-10T01:00:00,34.04195046078027,29.336000442504893
91,2018-06-10T02:00:00,33.704814589522854,28.895999908447266
91,2018-06-10T03:00:00,33.157099566708425,28.895999908447266
91,2018-06-10T04:00:00,32.96038849187525,28.895999908447266
91,2018-06-10T05:00:00,32.49728967363686,28.457000732421875
91,2018-06-10T06:00:00,32.25615830999834,28.23749923706055
91,2018-06-10T07:00:00,32.48484177080351,28.457000732421875
91,2018-06-10T08:00:00,33.62796885943261,29.774999618530277
91,2018-06-10T09:00:00,35.12856662489764,31.75300025939941
91,2018-06-10T10:00:00,36.93156301808032,32.63199996948242
91,2018-06-10T11:00:00,38.58938466115041,33.510501861572266
91,2018-06-10T12:00:00,39.85810203510366,34.60950088500977
91,2018-06-10T13:00:00,40.962681791062664,36.58700180053711
91,2018-06-10T14:00:00,41.63274751994517,39.00350189208984
91,2018-06-10T15:00:00,41.6438908789125,39.66299819946289
91,2018-06-10T16:00:00,40.96030419144673,37.90549850463867
91,2018-06-10T17:00:00,39.94309865561824,37.68600082397461
91,2018-06-10T18:00:00,38.8634407049764,36.80699920654297
91,2018-06-10T19:00:00,37.34303211811681,35.70800018310547
91,2018-06-10T20:00:00,36.32468282573447,34.60900115966797
91,2018-06-10T21:00:00,35.69551409091709,33.291000366210945
91,2018-06-10T22:00:00,35.16990561302086,32.411998748779304
91,2018-06-10T23:00:00,34.76013447261416,31.53300094604492
91,2018-06-11T00:00:00,34.40881123067969,31.0939998626709
91,2018-06-11T01:00:00,34.20924521177052,30.434499740600582
91,2018-06-11T02:00:00,33.6584785369982,29.9950008392334
91,2018-06-11T03:00:00,33.220229112769715,29.336000442504893
91,2018-06-11T04:00:00,32.67602643747425,28.895999908447266
91,2018-06-11T05:00:00,32.45124235407276,28.67650032043457
91,2018-06-11T06:00:00,32.25544411784512,28.67650032043457
91,2018-06-11T07:00:00,32.61832158164459,29.336000442504893
91,2018-06-11T08:00:00,33.507299806196,31.313499450683597
91,2018-06-11T09:00:00,34.938090220635274,34.16949844360352
91,2018-06-11T10:00:00,36.73325171037374,36.80699920654297
91,2018-06-11T11:00:00,38.30736211915807,40.54199981689453
91,2018-06-11T12:00:00,39.8564531099024,42.95899963378906
91,2018-06-11T13:00:00,40.929138820941496,44.936500549316406
91,2018-06-11T14:00:00,41.537986776307605,47.13399887084961
91,2018-06-11T15:00:00,41.54663051975545,47.35400009155274
91,2018-06-11T16:00:00,40.70912932247617,45.59550094604492
91,2018-06-11T17:00:00,39.771878869674495,44.05749893188477
91,2018-06-11T18:00:00,38.55143771514592,42.73949813842773
91,2018-06-11T19:00:00,37.39406213385443,40.98149871826172
91,2018-06-11T20:00:00,36.34234890403184,39.2234992980957
91,2018-06-11T21:00:00,35.62381480918496,38.34450149536133
91,2018-06-11T22:00:00,35.24075055536102,37.0265007019043
91,2018-06-11T23:00:00,34.654003443235375,36.147499084472656
91,2018-06-12T00:00:00,34.14059153821788,35.487998962402344
91,2018-06-12T01:00:00,33.87911157094074,34.82899856567383
91,2018-06-12T02:00:00,33.51679925743848,34.38949966430664
91,2018-06-12T03:00:00,32.95277709419829,33.950000762939446
91,2018-06-12T04:00:00,32.53611581834824,33.291000366210945
91,2018-06-12T05:00:00,32.292179457330704,32.852001190185554
91,2018-06-12T06:00:00,32.17603696604874,32.411998748779304
91,2018-06-12T07:00:00,32.464831276654635,33.291000366210945
91,2018-06-12T08:00:00,33.51618849371939,35.04850006103516
91,2018-06-12T09:00:00,34.8170946893315,37.46549987792969
91,2018-06-12T10:00:00,36.55163012566902,40.102500915527344
91,2018-06-12T11:00:00,38.26983527276917,43.8380012512207
91,2018-06-12T12:00:00,39.47653036647746,46.03549957275391
91,2018-06-12T13:00:00,40.564607756565024,48.01250076293945
91,2018-06-12T14:00:00,41.130787776761196,49.990501403808594
91,2018-06-12T15:00:00,41.27491478657301,50.42950057983398
91,2018-06-12T16:00:00,40.50742905155684,49.11149978637695
91,2018-06-12T17:00:00,39.59702734308,47.35350036621094
91,2018-06-12T18:00:00,38.1978572930293,46.69449996948242
91,2018-06-12T19:00:00,37.12605511397218,44.71649932861328
91,2018-06-12T20:00:00,36.02920592075482,42.73949813842773
91,2018-06-12T21:00:00,35.40533746556086,40.54199981689453
91,2018-06-12T22:00:00,34.8279908235522,39.2234992980957
92,2018-06-09T23:00:00,29.582903041489793,29.774999618530277
92,2018-06-10T00:00:00,29.395900658068648,29.555500030517567
92,2018-06-10T01:00:00,29.179401408904877,29.336000442504893
92,2018-06-10T02:00:00,28.998029899785656,28.895999908447266
92,2018-06-10T03:00:00,28.625506177945372,28.895999908447266
92,2018-06-10T04:00:00,28.253855588226873,28.895999908447266
92,2018-06-10T05:00:00,28.07058108714647,28.457000732421875
92,2018-06-10T06:00:00,27.877481683058413,28.23749923706055
92,2018-06-10T07:00:00,28.013198307688757,28.457000732421875
92,2018-06-10T08:00:00,28.620934036778902,29.774999618530277
92,2018-06-10T09:00:00,29.378169763098775,31.75300025939941
92,2018-06-10T10:00:00,30.08688077947489,32.63199996948242
92,2018-06-10T11:00:00,30.448278885968953,33.510501861572266
92,2018-06-10T12:00:00,30.661233128403694,34.60950088500977
92,2018-06-10T13:00:00,31.024928668924723,36.58700180053711
92,2018-06-10T14:00:00,31.37130205634942,39.00350189208984
92,2018-06-10T15:00:00,31.961414412708436,39.66299819946289
92,2018-06-10T16:00:00,32.106502611352994,37.90549850463867
92,2018-06-10T17:00:00,32.09816310942914,37.68600082397461
92,2018-06-10T18:00:00,31.687113424806913,36.80699920654297
92,2018-06-10T19:00:00,31.36223547648067,35.70800018310547
92,2018-06-10T20:00:00,30.882891894170946,34.60900115966797
92,2018-06-10T21:00:00,30.749997417566256,33.291000366210945
92,2018-06-10T22:00:00,30.317279076875955,32.411998748779304
92,2018-06-10T23:00:00,30.11822181867117,31.53300094604492
92,2018-06-11T00:00:00,29.882789567013724,31.0939998626709
92,2018-06-11T01:00:00,29.570481423390817,30.434499740600582
92,2018-06-11T02:00:00,29.210244132870386,29.9950008392334
92,2018-06-11T03:00:00,28.892666951397036,29.336000442504893
92,2018-06-11T04:00:00,28.61849410642196,28.895999908447266
92,2018-06-11T05:00:00,28.434814067810898,28.67650032043457
92,2018-06-11T06:00:00,28.50148207507518,28.67650032043457
92,2018-06-11T07:00:00,28.93042542616329,29.336000442504893
92,2018-06-11T08:00:00,29.65348057514413,31.313499450683597
92,2018-06-11T09:00:00,30.76026134975958,34.16949844360352
92,2018-06-11T10:00:00,31.974913020714975,36.80699920654297
92,2018-06-11T11:00:00,32.8836971632181,40.54199981689453
92,2018-06-11T12:00:00,33.391611396528944,42.95899963378906
92,2018-06-11T13:00:00,34.101852401108744,44.936500549316406
92,2018-06-11T14:00:00,34.558921124973494,47.13399887084961
92,2018-06-11T15:00:00,34.907446895743554,47.35400009155274
92,2018-06-11T16:00:00,34.66306603192971,45.59550094604492
92,2018-06-11T17:00:00,34.24647408848094,44.05749893188477
92,2018-06-11T18:00:00,33.62991335960771,42.73949813842773
92,2018-06-11T19:00:00,33.16536745555991,40.98149871826172
92,2018-06-11T20:00:00,32.61343706836167,39.2234992980957
92,2018-06-11T21:00:00,32.31997832923347,38.34450149536133
92,2018-06-11T22:00:00,31.867054953149935,37.0265007019043
92,2018-06-11T23:00:00,31.627416630843385,36.147499084472656
92,2018-06-12T00:00:00,31.220878455746583,35.487998962402344
92,2018-06-12T01:00:00,30.698965919392418,34.82899856567383
92,2018-06-12T02:00:00,30.079493457732955,34.38949966430664
92,2018-06-12T03:00:00,29.955825664107845,33.950000762939446
92,2018-06-12T04:00:00,29.47485854046614,33.291000366210945
92,2018-06-12T05:00:00,29.47948241865639,32.852001190185554
92,2018-06-12T06:00:00,29.4094351410315,32.411998748779304
92,2018-06-12T07:00:00,29.785851295631986,33.291000366210945
92,2018-06-12T08:00:00,30.91360409532972,35.04850006103516
92,2018-06-12T09:00:00,31.75786200879333,37.46549987792969
92,2018-06-12T10:00:00,32.91885427830634,40.102500915527344
92,2018-06-12T11:00:00,33.769123014472854,43.8380012512207
92,2018-06-12T12:00:00,34.5698162328922,46.03549957275391
92,2018-06-12T13:00:00,35.35214537362573,48.01250076293945
92,2018-06-12T14:00:00,35.65045327563488,49.990501403808594
92,2018-06-12T15:00:00,35.955828749298526,50.42950057983398
92,2018-06-12T16:00:00,35.85916820663931,49.11149978637695
92,2018-06-12T17:00:00,35.11305543868383,47.35350036621094
92,2018-06-12T18:00:00,34.52494767818325,46.69449996948242
92,2018-06-12T19:00:00,33.75194716642723,44.71649932861328
92,2018-06-12T20:00:00,33.159688584534805,42.73949813842773
92,2018-06-12T21:00:00,32.66547970206522,40.54199981689453
92,2018-06-12T22:00:00,32.404774820859515,39.2234992980957
92,2018-06-12T23:00:00,32.24515931751129,38.125
92,2018-06-13T00:00:00,31.77203569544382,37.24599838256836
92,2018-06-13T01:00:00,31.522294000188992,36.147499084472656
92,2018-06-13T02:00:00,30.860633912692073,35.487998962402344
92,2018-06-13T03:00:00,30.4606942892392,34.60900115966797
92,2018-06-13T04:00:00,30.174868112415716,33.72999954223633
92,2018-06-13T05:00:00,30.083606077883964,32.852001190185554
92,2018-06-13T06:00:00,30.031374946714465,32.63199996948242
92,2018-06-13T07:00:00,30.337248290878023,33.291000366210945
92,2018-06-13T08:00:00,31.340444348374824,35.48849868774414
92,2018-06-13T09:00:00,32.267095724365845,38.34450149536133
92,2018-06-13T10:00:00,33.32701549298749,40.54199981689453
92,2018-06-13T11:00:00,34.16042151724964,44.49700164794922
92,2018-06-13T12:00:00,34.71755023807339,46.4744987487793
92,2018-06-13T13:00:00,35.26391191066039,48.89149856567383
92,2018-06-13T14:00:00,35.505384348661075,50.209999084472656
92,2018-06-13T15:00:00,35.7718362929576,49.11149978637695
92,2018-06-13T16:00:00,35.73276201123114,48.23249816894531
92,2018-06-13T17:00:00,35.11898894663663,46.91400146484375
92,2018-06-13T18:00:00,34.57938900771036,45.59550094604492
92,2018-06-13T19:00:00,33.97677332821041,44.27750015258789
92,2018-06-13T20:00:00,33.292754795672906,42.29999923706055
92,2018-06-13T21:00:00,32.83125552610659,40.54199981689453
92,2018-06-13T22:00:00,32.53884783425225,39.2234992980957
93,2018-06-10T23:00:00,31.7142063149724,31.53300094604492
93,2018-06-11T00:00:00,31.14489105622273,31.0939998626709
93,2018-06-11T01:00:00,30.79412053492799,30.434499740600582
93,2018-06-11T02:00:00,30.455746373299856,29.9950008392334
93,2018-06-11T03:00:00,30.188993665502753,29.336000442504893
93,2018-06-11T04:00:00,30.076454862617084,28.895999908447266
93,2018-06-11T05:00:00,29.97316396435553,28.67650032043457
93,2018-06-11T06:00:00,30.139979979676347,28.67650032043457
93,2018-06-11T07:00:00,30.744180451906384,29.336000442504893
93,2018-06-11T08:00:00,31.870179130448626,31.313499450683597
93,2018-06-11T09:00:00,33.38551470655934,34.16949844360352
93,2018-06-11T10:00:00,34.76527350879122,36.80699920654297
93,2018-06-11T11:00:00,36.045995081016386,40.54199981689453
93,2018-06-11T12:00:00,36.77953188645658,42.95899963378906
93,2018-06-11T13:00:00,37.90182618497371,44.936500549316406
93,2018-06-11T14:00:00,38.81188191564553,47.13399887084961
93,2018-06-11T15:00:00,39.02925381799015,47.35400009155274
93,2018-06-11T16:00:00,38.56928168578865,45.59550094604492
93,2018-06-11T17:00:00,37.891876757324304,44.05749893188477
93,2018-06-11T18:00:00,37.12610540276981,42.73949813842773
93,2018-06-11T19:00:00,36.135740628917326,40.98149871826172
93,2018-06-11T20:00:00,35.332566382447915,39.2234992980957
93,2018-06-11T21:00:00,34.45040565396549,38.34450149536133
93,2018-06-11T22:00:00,33.982800115610964,37.0265007019043
93,2018-06-11T23:00:00,33.35209534881149,36.147499084472656
93,2018-06-12T00:00:00,32.97438930365678,35.487998962402344
93,2018-06-12T01:00:00,32.655294567058206,34.82899856567383
93,2018-06-12T02:00:00,32.12473030490737,34.38949966430664
93,2018-06-12T03:00:00,31.855325461711338,33.950000762939446
93,2018-06-12T04:00:00,31.772062151228514,33.291000366210945
93,2018-06-12T05:00:00,31.71700652294213,32.852001190185554
93,2018-06-12T06:00:00,31.982347552348564,32.411998748779304
93,2018-06-12T07:00:00,32.39609538490904,33.291000366210945
93,2018-06-12T08:00:00,33.23475322453386,35.04850006103516
93,2018-06-12T09:00:00,34.418515258119335,37.46549987792969
93,2018-06-12T10:00:00,35.456547084147175,40.102500915527344
93,2018-06-12T11:00:00,36.38248529428697,43.8380012512207
93,2018-06-12T12:00:00,37.09495554082802,46.03549957275391
93,2018-06-12T13:00:00,37.93733737424936,48.01250076293945
93,2018-06-12T14:00:00,38.758027744891685,49.990501403808594
93,2018-06-12T15:00:00,38.87810735868394,50.42950057983398
93,2018-06-12T16:00:00,38.62494830586124,49.11149978637695
93,2018-06-12T17:00:00,37.868844716075984,47.35350036621094
93,2018-06-12T18:00:00,37.04685459097695,46.69449996948242
93,2018-06-12T19:00:00,36.21195039387288,44.71649932861328
93,2018-06-12T20:00:00,35.43256297675049,42.73949813842773
93,2018-06-12T21:00:00,34.61475993571371,40.54199981689453
93,2018-06-12T22:00:00,34.14764907491956,39.2234992980957
93,2018-06-12T23:00:00,33.73836280518754,38.125
93,2018-06-13T00:00:00,33.42276832855113,37.24599838256836
93,2018-06-13T01:00:00,32.914515871716986,36.147499084472656
93,2018-06-13T02:00:00,32.73806924375905,35.487998962402344
93,2018-06-13T03:00:00,32.24875456742453,34.60900115966797
93,2018-06-13T04:00:00,32.01032591306646,33.72999954223633
93,2018-06-13T05:00:00,31.77358940262689,32.852001190185554
93,2018-06-13T06:00:00,31.79356830948111,32.63199996948242
93,2018-06-13T07:00:00,32.10926792505498,33.291000366210945
93,2018-06-13T08:00:00,33.075704011818374,35.48849868774414
93,2018-06-13T09:00:00,33.92698171687705,38.34450149536133
93,2018-06-13T10:00:00,34.97725664147396,40.54199981689453
93,2018-06-13T11:00:00,35.787412136196934,44.49700164794922
93,2018-06-13T12:00:00,36.39642703668716,46.4744987487793
93,2018-06-13T13:00:00,37.102547894901335,48.89149856567383
93,2018-06-13T14:00:00,37.562042112475005,50.209999084472656
93,2018-06-13T15:00:00,37.76416487771457,49.11149978637695
93,2018-06-13T16:00:00,37.55381060032747,48.23249816894531
93,2018-06-13T17:00:00,37.11266837288282,46.91400146484375
93,2018-06-13T18:00:00,36.49192671775931,45.59550094604492
93,2018-06-13T19:00:00,35.777771055279494,44.27750015258789
93,2018-06-13T20:00:00,34.96756641209443,42.29999923706055
93,2018-06-13T21:00:00,34.62676310768363,40.54199981689453
93,2018-06-13T22:00:00,33.96365992555172,39.2234992980957
93,2018-06-13T23:00:00,33.730240423151876,38.56399917602539
93,2018-06-14T00:00:00,33.32139363873975,37.68600082397461
93,2018-06-14T01:00:00,32.86104131866681,36.80699920654297
93,2018-06-14T02:00:00,32.45040717231798,36.367000579833984
93,2018-06-14T03:00:00,32.31723240123579,35.487998962402344
93,2018-06-14T04:00:00,31.940104050069294,34.82899856567383
93,2018-06-14T05:00:00,31.7495604800432,34.169998168945305
93,2018-06-14T06:00:00,31.757296402361916,33.72999954223633
93,2018-06-14T07:00:00,32.33331079035078,34.169998168945305
93,2018-06-14T08:00:00,33.15854003857166,36.147499084472656
93,2018-06-14T09:00:00,34.182141716484445,38.78400039672852
93,2018-06-14T10:00:00,35.23123844639397,41.86050033569336
93,2018-06-14T11:00:00,35.967259472823756,45.59600067138672
93,2018-06-14T12:00:00,36.6846742142975,48.23249816894531
93,2018-06-14T13:00:00,37.45720593411007,49.990501403808594
93,2018-06-14T14:00:00,37.93139006823644,49.55099868774414
93,2018-06-14T15:00:00,38.33345117194135,49.11149978637695
93,2018-06-14T16:00:00,38.09094969514286,48.67150115966797
93,2018-06-14T17:00:00,37.32585980511138,46.4744987487793
93,2018-06-14T18:00:00,36.61198352484063,44.71649932861328
93,2018-06-14T19:00:00,36.07208367766545,42.95899963378906
93,2018-06-14T20:00:00,35.37871473574149,41.42100143432617
93,2018-06-14T21:00:00,34.74885883472336,40.102500915527344
93,2018-06-14T22:00:00,34.091977209303465,39.00400161743164
94,2018-06-11T23:00:00,36.16582496132381,36.147499084472656
94,2018-06-12T00:00:00,35.32737500486924,35.487998962402344
94,2018-06-12T01:00:00,34.58652579773257,34.82899856567383
94,2018-06-12T02:00:00,33.87227765403987,34.38949966430664
94,2018-06-12T03:00:00,33.39591992632696,33.950000762939446
94,2018-06-12T04:00:00,33.163101380760494,33.291000366210945
94,2018-06-12T05:00:00,32.9105029168928,32.852001190185554
94,2018-06-12T06:00:00,33.317191730315386,32.411998748779304
94,2018-06-12T07:00:00,33.82969387563332,33.291000366210945
94,2018-06-12T08:00:00,35.24963148860269,35.04850006103516
94,2018-06-12T09:00:00,37.05813479020995,37.46549987792969
94,2018-06-12T10:00:00,38.61478860033692,40.102500915527344
94,2018-06-12T11:00:00,40.14139502492915,43.8380012512207
94,2018-06-12T12:00:00,41.54664876512421,46.03549957275391
94,2018-06-12T13:00:00,42.68695694428061,48.01250076293945
94,2018-06-12T14:00:00,43.70392186930864,49.990501403808594
94,2018-06-12T15:00:00,43.75484811451147,50.42950057983398
94,2018-06-12T16:00:00,43.25583043703929,49.11149978637695
94,2018-06-12T17:00:00,42.22570489946092,47.35350036621094
94,2018-06-12T18:00:00,41.11611964061744,46.69449996948242
94,2018-06-12T19:00:00,39.87420129235916,44.71649932861328
94,2018-06-12T20:00:00,38.560703397601216,42.73949813842773
94,2018-06-12T21:00:00,37.59748271498029,40.54199981689453
94,2018-06-12T22:00:00,36.8815355853558,39.2234992980957
94,2018-06-12T23:00:00,36.572076342030485,38.125
94,2018-06-13T00:00:00,36.04001630174237,37.24599838256836
94,2018-06-13T01:00:00,35.46460412495598,36.147499084472656
94,2018-06-13T02:00:00,34.78052367219827,35.487998962402344
94,2018-06-13T03:00:00,34.375743552414605,34.60900115966797
94,2018-06-13T04:00:00,33.957239038186046,33.72999954223633
94,2018-06-13T05:00:00,33.646197465255426,32.852001190185554
94,2018-06-13T06:00:00,33.66731670765685,32.63199996948242
94,2018-06-13T07:00:00,34.19317389273593,33.291000366210945
94,2018-06-13T08:00:00,35.0061470425625,35.48849868774414
94,2018-06-13T09:00:00,36.20823061931789,38.34450149536133
94,2018-06-13T10:00:00,37.37700453860506,40.54199981689453
94,2018-06-13T11:00:00,38.27143858454855,44.49700164794922
94,2018-06-13T12:00:00,39.4559005560929,46.4744987487793
94,2018-06-13T13:00:00,40.34154329916873,48.89149856567383
94,2018-06-13T14:00:00,41.05928417660897,50.209999084472656
94,2018-06-13T15:00:00,41.2698106446637,49.11149978637695
94,2018-06-13T16:00:00,41.01386803277026,48.23249816894531
94,2018-06-13T17:00:00,40.46379981352061,46.91400146484375
94,2018-06-13T18:00:00,39.64994461414826,45.59550094604492
94,2018-06-13T19:00:00,38.60490576828348,44.27750015258789
94,2018-06-13T20:00:00,37.505089307938725,42.29999923706055
94,2018-06-13T21:00:00,36.69572064474332,40.54199981689453
94,2018-06-13T22:00:00,36.051960860465165,39.2234992980957
94,2018-06-13T23:00:00,35.491230959983326,38.56399917602539
94,2018-06-14T00:00:00,35.28678088392546,37.68600082397461
94,2018-06-14T01:00:00,34.80852689223109,36.80699920654297
94,2018-06-14T02:00:00,34.323988283268946,36.367000579833984
94,2018-06-14T03:00:00,33.73872064248226,35.487998962402344
94,2018-06-14T04:00:00,33.32536314677958,34.82899856567383
94,2018-06-14T05:00:00,32.76922982485499,34.169998168945305
94,2018-06-14T06:00:00,32.97620540204926,33.72999954223633
94,2018-06-14T07:00:00,33.374719606068126,34.169998168945305
94,2018-06-14T08:00:00,34.36962496800249,36.147499084472656
94,2018-06-14T09:00:00,35.45128956710677,38.78400039672852
94,2018-06-14T10:00:00,36.74580361180899,41.86050033569336
94,2018-06-14T11:00:00,37.84961204480386,45.59600067138672
94,2018-06-14T12:00:00,38.68725738049631,48.23249816894531
94,2018-06-14T13:00:00,39.63324325972383,49.990501403808594
94,2018-06-14T14:00:00,40.44462165028764,49.55099868774414
94,2018-06-14T15:00:00,40.96362028721801,49.11149978637695
94,2018-06-14T16:00:00,40.61978061134566,48.67150115966797
94,2018-06-14T17:00:00,40.11762359011202,46.4744987487793
94,2018-06-14T18:00:00,39.28715712282347,44.71649932861328
94,2018-06-14T19:00:00,38.11219380428671,42.95899963378906
94,2018-06-14T20:00:00,37.22886001262687,41.42100143432617
94,2018-06-14T21:00:00,36.43331575130384,40.102500915527344
94,2018-06-14T22:00:00,35.949436598388644,39.00400161743164
94,2018-06-14T23:00:00,35.2920839003542,38.78400039672852
94,2018-06-15T00:00:00,34.986071777354546,38.56399917602539
94,2018-06-15T01:00:00,34.353609981543926,37.90549850463867
94,2018-06-15T02:00:00,33.90101000462158,37.24599838256836
94,2018-06-15T03:00:00,33.32163538987575,36.147499084472656
94,2018-06-15T04:00:00,33.078227688417904,35.26850128173828
94,2018-06-15T05:00:00,32.62330678655632,34.60900115966797
94,2018-06-15T06:00:00,32.67924697312668,34.169998168945305
94,2018-06-15T07:00:00,33.19618251498505,34.60900115966797
94,2018-06-15T08:00:00,34.00253886779895,36.147499084472656
94,2018-06-15T09:00:00,35.24906246116463,38.56449890136719
94,2018-06-15T10:00:00,36.6713722001393,40.98149871826172
94,2018-06-15T11:00:00,37.556351724060875,44.277000427246094
94,2018-06-15T12:00:00,38.809215126934824,46.25500106811523
94,2018-06-15T13:00:00,39.64005676461841,46.91450119018555
94,2018-06-15T14:00:00,40.47876215623555,47.35400009155274
94,2018-06-15T15:00:00,40.80709897034358,48.01250076293945
94,2018-06-15T16:00:00,40.51659278801422,47.35350036621094
94,2018-06-15T17:00:00,39.98444266121787,46.25500106811523
94,2018-06-15T18:00:00,39.05526418762068,44.936500549316406
94,2018-06-15T19:00:00,37.95335224667437,43.61800003051758
94,2018-06-15T20:00:00,36.87688985833647,42.29999923706055
94,2018-06-15T21:00:00,36.06962511422566,40.762001037597656
94,2018-06-15T22:00:00,35.322640787811444,39.882999420166016
95,2018-06-12T23:00:00,38.03663505689505,38.125
95,2018-06-13T00:00:00,37.21828967227201,37.24599838256836
95,2018-06-13T01:00:00,36.39425766234215,36.147499084472656
95,2018-06-13T02:00:00,35.6989613252763,35.487998962402344
95,2018-06-13T03:00:00,34.99202797798473,34.60900115966797
95,2018-06-13T04:00:00,34.622079179423466,33.72999954223633
95,2018-06-13T05:00:00,34.40074472508584,32.852001190185554
95,2018-06-13T06:00:00,34.22563947383209,32.63199996948242
95,2018-06-13T07:00:00,34.94594758868977,33.291000366210945
95,2018-06-13T08:00:00,36.12847863005203,35.48849868774414
95,2018-06-13T09:00:00,37.79931617709153,38.34450149536133
95,2018-06-13T10:00:00,39.41267157583373,40.54199981689453
95,2018-06-13T11:00:00,40.990313261707094,44.49700164794922
95,2018-06-13T12:00:00,42.45418709104201,46.4744987487793
95,2018-06-13T13:00:00,43.56171746522942,48.89149856567383
95,2018-06-13T14:00:00,44.42080065307519,50.209999084472656
95,2018-06-13T15:00:00,44.35357445156055,49.11149978637695
95,2018-06-13T16:00:00,44.00162698994753,48.23249816894531
95,2018-06-13T17:00:00,43.19033640522086,46.91400146484375
95,2018-06-13T18:00:00,42.00249561945013,45.59550094604492
95,2018-06-13T19:00:00,40.91675819790544,44.27750015258789
95,2018-06-13T20:00:00,39.5961143904409,42.29999923706055
95,2018-06-13T21:00:00,38.40936707242639,40.54199981689453
95,2018-06-13T22:00:00,37.46750544477247,39.2234992980957
95,2018-06-13T23:00:00,36.9270336052868,38.56399917602539
95,2018-06-14T00:00:00,36.350949314728894,37.68600082397461
95,2018-06-14T01:00:00,35.56384752762963,36.80699920654297
95,2018-06-14T02:00:00,34.97308187303562,36.367000579833984
95,2018-06-14T03:00:00,34.37042058011378,35.487998962402344
95,2018-06-14T04:00:00,33.98798214243815,34.82899856567383
95,2018-06-14T05:00:00,33.608550313466296,34.169998168945305
95,2018-06-14T06:00:00,33.354684366637876,33.72999954223633
95,2018-06-14T07:00:00,33.987516543434225,34.169998168945305
95,2018-06-14T08:00:00,35.1363797479329,36.147499084472656
95,2018-06-14T09:00:00,36.39527529778448,38.78400039672852
95,2018-06-14T10:00:00,37.652344714290756,41.86050033569336
95,2018-06-14T11:00:00,39.00088683091777,45.59600067138672
95,2018-06-14T12:00:00,40.18413138023192,48.23249816894531
95,2018-06-14T13:00:00,41.16540608330338,49.990501403808594
95,2018-06-14T14:00:00,42.209687746364814,49.55099868774414
95,2018-06-14T15:00:00,42.17504321210504,49.11149978637695
95,2018-06-14T16:00:00,41.94992272971713,48.67150115966797
95,2018-06-14T17:00:00,41.281501364693696,46.4744987487793
95,2018-06-14T18:00:00,40.46457296102162,44.71649932861328
95,2018-06-14T19:00:00,39.46249853756905,42.95899963378906
95,2018-06-14T20:00:00,38.190520374118556,41.42100143432617
95,2018-06-14T21:00:00,37.263782674726606,40.102500915527344
95,2018-06-14T22:00:00,36.47128436368373,39.00400161743164
95,2018-06-14T23:00:00,35.58381753986658,38.78400039672852
95,2018-06-15T00:00:00,35.27722031069766,38.56399917602539
95,2018-06-15T01:00:00,34.53233260522054,37.90549850463867
95,2018-06-15T02:00:00,34.09600647092597,37.24599838256836
95,2018-06-15T03:00:00,33.3115662269939,36.147499084472656
95,2018-06-15T04:00:00,32.983600478072916,35.26850128173828
95,2018-06-15T05:00:00,32.548405784708294,34.60900115966797
95,2018-06-15T06:00:00,32.53484206354201,34.169998168945305
95,2018-06-15T07:00:00,33.02708728819931,34.60900115966797
95,2018-06-15T08:00:00,33.97452116550467,36.147499084472656
95,2018-06-15T09:00:00,35.39260789984736,38.56449890136719
95,2018-06-15T10:00:00,36.85544630450541,40.98149871826172
95,2018-06-15T11:00:00,38.04904624092377,44.277000427246094
95,2018-06-15T12:00:00,39.24827133856296,46.25500106811523
95,2018-06-15T13:00:00,40.20529600798813,46.91450119018555
95,2018-06-15T14:00:00,40.9136872742768,47.35400009155274
95,2018-06-15T15:00:00,41.15163197022864,48.01250076293945
95,2018-06-15T16:00:00,40.975773983480174,47.35350036621094
95,2018-06-15T17:00:00,40.34996809819151,46.25500106811523
95,2018-06-15T18:00:00,39.55789786911305,44.936500549316406
95,2018-06-15T19:00:00,38.41044708422315,43.61800003051758
95,2018-06-15T20:00:00,37.496018394794895,42.29999923706055
95,2018-06-15T21:00:00,36.337329146953024,40.762001037597656
95,2018-06-15T22:00:00,35.723151947440584,39.882999420166016
95,2018-06-15T23:00:00,34.88417561209743,39.00400161743164
95,2018-06-16T00:00:00,34.39912704507857,38.34450149536133
95,2018-06-16T01:00:00,33.717786476540134,37.90549850463867
95,2018-06-16T02:00:00,33.20485727555978,37.24599838256836
95,2018-06-16T03:00:00,32.576537178456626,36.367000579833984
95,2018-06-16T04:00:00,32.251037291122934,35.70800018310547
95,2018-06-16T05:00:00,31.863268697032535,35.048999786376946
95,2018-06-16T06:00:00,32.011818384230644,34.60900115966797
95,2018-06-16T07:00:00,32.549741573768294,34.60900115966797
95,2018-06-16T08:00:00,33.444050638935806,34.82899856567383
95,2018-06-16T09:00:00,34.83003362065146,36.147499084472656
95,2018-06-16T10:00:00,36.284330227859584,37.90549850463867
95,2018-06-16T11:00:00,37.72370691283513,39.882999420166016
95,2018-06-16T12:00:00,38.9176707303266,41.64099884033203
95,2018-06-16T13:00:00,39.960875346463695,42.51950073242188
95,2018-06-16T14:00:00,40.832731432773755,43.61800003051758
95,2018-06-16T15:00:00,41.01933138037694,43.39849853515625
95,2018-06-16T16:00:00,40.39783938446337,43.17850112915039
95,2018-06-16T17:00:00,40.08698117748874,42.52000045776367
95,2018-06-16T18:00:00,39.26667099471785,41.20100021362305
95,2018-06-16T19:00:00,38.30209730397016,39.44300079345703
95,2018-06-16T20:00:00,37.22896549366499,38.125
95,2018-06-16T21:00:00,36.27009541922377,37.0265007019043
95,2018-06-16T22:00:00,35.44732918175131,36.147499084472656
96,2018-06-13T23:00:00,37.9057101678475,38.56399917602539
96,2018-06-14T00:00:00,36.949748633252995,37.68600082397461
96,2018-06-14T01:00:00,36.030161521943384,36.80699920654297
96,2018-06-14T02:00:00,35.18343501008717,36.367000579833984
96,2018-06-14T03:00:00,34.48797172789721,35.487998962402344
96,2018-06-14T04:00:00,33.79635285893756,34.82899856567383
96,2018-06-14T05:00:00,33.227110011495135,34.169998168945305
96,2018-06-14T06:00:00,33.14899292130331,33.72999954223633
96,2018-06-14T07:00:00,33.72609918057863,34.169998168945305
96,2018-06-14T08:00:00,35.3278835945233,36.147499084472656
96,2018-06-14T09:00:00,37.15518008208279,38.78400039672852
96,2018-06-14T10:00:00,39.48253537346907,41.86050033569336
96,2018-06-14T11:00:00,41.83939798747494,45.59600067138672
96,2018-06-14T12:00:00,43.784655345379974,48.23249816894531
96,2018-06-14T13:00:00,45.61659527928771,49.990501403808594
96,2018-06-14T14:00:00,46.61259969662248,49.55099868774414
96,2018-06-14T15:00:00,46.537445882383636,49.11149978637695
96,2018-06-14T16:00:00,45.71947863302805,48.67150115966797
96,2018-06-14T17:00:00,44.427941434271816,46.4744987487793
96,2018-06-14T18:00:00,42.963017355897925,44.71649932861328
96,2018-06-14T19:00:00,41.46068799090446,42.95899963378906
96,2018-06-14T20:00:00,39.87424131813687,41.42100143432617
96,2018-06-14T21:00:00,38.452449747634844,40.102500915527344
96,2018-06-14T22:00:00,37.28178697654728,39.00400161743164
96,2018-06-14T23:00:00,36.41444319799752,38.78400039672852
96,2018-06-15T00:00:00,35.70665744988442,38.56399917602539
96,2018-06-15T01:00:00,34.83882720419022,37.90549850463867
96,2018-06-15T02:00:00,34.107821487530614,37.24599838256836
96,2018-06-15T03:00:00,33.542646559085746,36.147499084472656
96,2018-06-15T04:00:00,32.990422649517654,35.26850128173828
96,2018-06-15T05:00:00,32.436584252881815,34.60900115966797
96,2018-06-15T06:00:00,32.29982939834916,34.169998168945305
96,2018-06-15T07:00:00,33.07733286711401,34.60900115966797
96,2018-06-15T08:00:00,34.331723863487,36.147499084472656
96,2018-06-15T09:00:00,36.14114536327688,38.56449890136719
96,2018-06-15T10:00:00,38.24240529941592,40.98149871826172
96,2018-06-15T11:00:00,40.39730342675618,44.277000427246094
96,2018-06-15T12:00:00,42.59695482088155,46.25500106811523
96,2018-06-15T13:00:00,44.20715308662775,46.91450119018555
96,2018-06-15T14:00:00,45.18780060514825,47.35400009155274
96,2018-06-15T15:00:00,45.23551680578568,48.01250076293945
96,2018-06-15T16:00:00,44.42193756761576,47.35350036621094
96,2018-06-15T17:00:00,43.21666105132819,46.25500106811523
96,2018-06-15T18:00:00,41.82080595671323,44.936500549316406
96,2018-06-15T19:00:00,40.33804132870324,43.61800003051758
96,2018-06-15T20:00:00,38.87698982984767,42.29999923706055
96,2018-06-15T21:00:00,37.54071886404418,40.762001037597656
96,2018-06-15T22:00:00,36.38114197901236,39.882999420166016
96,2018-06-15T23:00:00,35.68783621167772,39.00400161743164
96,2018-06-16T00:00:00,34.963324477892364,38.34450149536133
96,2018-06-16T01:00:00,34.072657872529746,37.90549850463867
96,2018-06-16T02:00:00,33.53216607717201,37.24599838256836
96,2018-06-16T03:00:00,32.71899701769842,36.367000579833984
96,2018-06-16T04:00:00,32.152163357166586,35.70800018310547
96,2018-06-16T05:00:00,31.720734279845956,35.048999786376946
96,2018-06-16T06:00:00,31.514900292567994,34.60900115966797
96,2018-06-16T07:00:00,32.15782945643356,34.60900115966797
96,2018-06-16T08:00:00,33.53465349110114,34.82899856567383
96,2018-06-16T09:00:00,35.24244794482304,36.147499084472656
96,2018-06-16T10:00:00,37.33578802251961,37.90549850463867
96,2018-06-16T11:00:00,39.606002582071426,39.882999420166016
96,2018-06-16T12:00:00,41.503931795525745,41.64099884033203
96,2018-06-16T13:00:00,43.23434651532986,42.51950073242188
96,2018-06-16T14:00:00,44.2210674609748,43.61800003051758
96,2018-06-16T15:00:00,44.28878400677475,43.39849853515625
96,2018-06-16T16:00:00,43.569435256212934,43.17850112915039
96,2018-06-16T17:00:00,42.363853129998716,42.52000045776367
96,2018-06-16T18:00:00,41.03740455846466,41.20100021362305
96,2018-06-16T19:00:00,39.61577559981167,39.44300079345703
96,2018-06-16T20:00:00,38.039535386325824,38.125
96,2018-06-16T21:00:00,36.756487985718564,37.0265007019043
96,2018-06-16T22:00:00,35.71897307379428,36.147499084472656
96,2018-06-16T23:00:00,34.827797764744055,35.70800018310547
96,2018-06-17T00:00:00,34.00523439296544,35.487998962402344
96,2018-06-17T01:00:00,33.47297023261437,35.048999786376946
96,2018-06-17T02:00:00,32.7074529448198,34.60900115966797
96,2018-06-17T03:00:00,32.028388600067146,34.169998168945305
96,2018-06-17T04:00:00,31.567706266886844,33.291000366210945
96,2018-06-17T05:00:00,31.107455664744716,32.852001190185554
96,2018-06-17T06:00:00,31.08863898788021,32.63199996948242
96,2018-06-17T07:00:00,31.880623349691962,32.411998748779304
96,2018-06-17T08:00:00,33.07381516001798,32.852001190185554
96,2018-06-17T09:00:00,34.852801560187054,34.169998168945305
96,2018-06-17T10:00:00,36.99508643603962,36.367000579833984
96,2018-06-17T11:00:00,39.21977013399667,40.3224983215332
96,2018-06-17T12:00:00,41.1513822367438,42.08000183105469
96,2018-06-17T13:00:00,42.921320986614205,43.837501525878906
96,2018-06-17T14:00:00,43.714479095804705,45.3759994506836
96,2018-06-17T15:00:00,43.954234644605506,46.25500106811523
96,2018-06-17T16:00:00,43.19952294838918,45.15650177001953
96,2018-06-17T17:00:00,42.029560343327596,43.618499755859375
96,2018-06-17T18:00:00,40.82679940725718,42.73899841308594
96,2018-06-17T19:00:00,39.35351324831559,41.42100143432617
96,2018-06-17T20:00:00,38.042291577343434,40.54199981689453
96,2018-06-17T21:00:00,36.66639167060331,39.66299819946289
96,2018-06-17T22:00:00,35.686044744533056,39.00400161743164
97,2018-06-14T23:00:00,37.989238606345054,38.78400039672852
97,2018-06-15T00:00:00,37.210432760351736,38.56399917602539
97,2018-06-15T01:00:00,36.526052741445774,37.90549850463867
97,2018-06-15T02:00:00,35.64275646682543,37.24599838256836
97,2018-06-15T03:00:00,34.947293982870356,36.147499084472656
97,2018-06-15T04:00:00,34.225498756425566,35.26850128173828
97,2018-06-15T05:00:00,33.734383946396214,34.60900115966797
97,2018-06-15T06:00:00,33.540471483063,34.169998168945305
97,2018-06-15T07:00:00,34.281691071185406,34.60900115966797
97,2018-06-15T08:00:00,35.797357458638366,36.147499084472656
97,2018-06-15T09:00:00,38.0805350105902,38.56449890136719
97,2018-06-15T10:00:00,40.72874081321708,40.98149871826172
97,2018-06-15T11:00:00,43.424434749371954,44.277000427246094
97,2018-06-15T12:00:00,45.9464213716204,46.25500106811523
97,2018-06-15T13:00:00,47.44874959627832,46.91450119018555
97,2018-06-15T14:00:00,48.11421863257003,47.35400009155274
97,2018-06-15T15:00:00,47.91556305756175,48.01250076293945
97,2018-06-15T16:00:00,46.9660763482043,47.35350036621094
97,2018-06-15T17:00:00,45.288696354029796,46.25500106811523
97,2018-06-15T18:00:00,43.654249993207735,44.936500549316406
97,2018-06-15T19:00:00,41.97889751563617,43.61800003051758
97,2018-06-15T20:00:00,40.30371836906778,42.29999923706055
97,2018-06-15T21:00:00,39.09843843177357,40.762001037597656
97,2018-06-15T22:00:00,38.08851325421269,39.882999420166016
97,2018-06-15T23:00:00,37.19591172749357,39.00400161743164
97,2018-06-16T00:00:00,36.455759835544015,38.34450149536133
97,2018-06-16T01:00:00,35.78341754077506,37.90549850463867
97,2018-06-16T02:00:00,35.10958345904324,37.24599838256836
97,2018-06-16T03:00:00,34.367750370396436,36.367000579833984
97,2018-06-16T04:00:00,33.64343420415742,35.70800018310547
97,2018-06-16T05:00:00,33.182431208621246,35.048999786376946
97,2018-06-16T06:00:00,33.00637970693042,34.60900115966797
97,2018-06-16T07:00:00,33.791580782739594,34.60900115966797
97,2018-06-16T08:00:00,35.26282060954171,34.82899856567383
97,2018-06-16T09:00:00,37.43552131334433,36.147499084472656
97,2018-06-16T10:00:00,39.84877055528729,37.90549850463867
97,2018-06-16T11:00:00,42.41304378449869,39.882999420166016
97,2018-06-16T12:00:00,44.925262292449744,41.64099884033203
97,2018-06-16T13:00:00,46.384455044363364,42.51950073242188
97,2018-06-16T14:00:00,47.18021425893704,43.61800003051758
97,2018-06-16T15:00:00,47.07752362190418,43.39849853515625
97,2018-06-16T16:00:00,45.99652885590034,43.17850112915039
97,2018-06-16T17:00:00,44.680786894819036,42.52000045776367
97,2018-06-16T18:00:00,42.982607180263436,41.20100021362305
97,2018-06-16T19:00:00,41.208981725568904,39.44300079345703
97,2018-06-16T20:00:00,39.868852548474976,38.125
97,2018-06-16T21:00:00,38.54925134980125,37.0265007019043
97,2018-06-16T22:00:00,37.264351246030444,36.147499084472656
97,2018-06-16T23:00:00,36.58851085793687,35.70800018310547
97,2018-06-17T00:00:00,35.988702342453486,35.487998962402344
97,2018-06-17T01:00:00,35.23641043826834,35.048999786376946
97,2018-06-17T02:00:00,34.4883180478029,34.60900115966797
97,2018-06-17T03:00:00,33.59345398132456,34.169998168945305
97,2018-06-17T04:00:00,32.75133305667642,33.291000366210945
97,2018-06-17T05:00:00,32.22704987675316,32.852001190185554
97,2018-06-17T06:00:00,32.0478053214966,32.63199996948242
97,2018-06-17T07:00:00,32.8485434691365,32.411998748779304
97,2018-06-17T08:00:00,34.38644696992782,32.852001190185554
97,2018-06-17T09:00:00,36.42397184183,34.169998168945305
97,2018-06-17T10:00:00,39.036057515999026,36.367000579833984
97,2018-06-17T11:00:00,41.67096016413217,40.3224983215332
97,2018-06-17T12:00:00,43.76557297033297,42.08000183105469
97,2018-06-17T13:00:00,45.45177802130733,43.837501525878906
97,2018-06-17T14:00:00,46.33421186015331,45.3759994506836
97,2018-06-17T15:00:00,46.20305730752655,46.25500106811523
97,2018-06-17T16:00:00,45.294998988599225,45.15650177001953
97,2018-06-17T17:00:00,43.95023662817699,43.618499755859375
97,2018-06-17T18:00:00,42.22422702459174,42.73899841308594
97,2018-06-17T19:00:00,40.72598348186393,41.42100143432617
97,2018-06-17T20:00:00,39.13788035768046,40.54199981689453
97,2018-06-17T21:00:00,37.93575162363741,39.66299819946289
97,2018-06-17T22:00:00,36.94515684410505,39.00400161743164
97,2018-06-17T23:00:00,35.89222824465624,38.34450149536133
97,2018-06-18T00:00:00,35.30131674114574,37.90549850463867
97,2018-06-18T01:00:00,34.618791592040864,37.46599960327149
97,2018-06-18T02:00:00,33.91639563989164,37.0265007019043
97,2018-06-18T03:00:00,33.17106833506108,36.147499084472656
97,2018-06-18T04:00:00,32.368653780133215,35.70800018310547
97,2018-06-18T05:00:00,31.979261690324257,35.04850006103516
97,2018-06-18T06:00:00,32.028284601465245,34.82899856567383
97,2018-06-18T07:00:00,32.85682686655143,34.82899856567383
97,2018-06-18T08:00:00,34.259116418525075,35.928001403808594
97,2018-06-18T09:00:00,36.2970650391166,37.90549850463867
97,2018-06-18T10:00:00,38.960346533811816,40.102500915527344
97,2018-06-18T11:00:00,41.54844707428216,44.05749893188477
97,2018-06-18T12:00:00,43.64872278681041,46.47499847412109
97,2018-06-18T13:00:00,45.4293932345156,47.13399887084961
97,2018-06-18T14:00:00,46.21839253996543,46.69449996948242
97,2018-06-18T15:00:00,46.07974256178686,48.23249816894531
97,2018-06-18T16:00:00,45.04888720945827,47.57300186157226
97,2018-06-18T17:00:00,43.772665857436614,46.03499984741211
97,2018-06-18T18:00:00,42.29109059940237,44.936500549316406
97,2018-06-18T19:00:00,40.59121976723025,43.8380012512207
97,2018-06-18T20:00:00,39.13778685016559,43.17850112915039
97,2018-06-18T21:00:00,37.692211529222526,42.29999923706055
97,2018-06-18T22:00:00,36.86783091871588,41.42100143432617
98,2018-06-15T23:00:00,38.96490285852425,39.00400161743164
98,2018-06-16T00:00:00,38.19838412805211,38.34450149536133
98,2018-06-16T01:00:00,37.41392757732171,37.90549850463867
98,2018-06-16T02:00:00,36.676317835407545,37.24599838256836
98,2018-06-16T03:00:00,35.73428549952221,36.367000579833984
98,2018-06-16T04:00:00,34.85290190971521,35.70800018310547
98,2018-06-16T05:00:00,34.22401164483845,35.048999786376946
98,2018-06-16T06:00:00,34.13071144296975,34.60900115966797
98,2018-06-16T07:00:00,34.57024921829947,34.60900115966797
98,2018-06-16T08:00:00,36.1044669265351,34.82899856567383
98,2018-06-16T09:00:00,38.19886477948526,36.147499084472656
98,2018-06-16T10:00:00,40.55630383311024,37.90549850463867
98,2018-06-16T11:00:00,43.306739577208916,39.882999420166016
98,2018-06-16T12:00:00,45.61730342766253,41.64099884033203
98,2018-06-16T13:00:00,47.04256093402674,42.51950073242188
98,2018-06-16T14:00:00,47.827809675861786,43.61800003051758
98,2018-06-16T15:00:00,47.67480743448604,43.39849853515625
98,2018-06-16T16:00:00,47.085923333544926,43.17850112915039
98,2018-06-16T17:00:00,45.89301033526021,42.52000045776367
98,2018-06-16T18:00:00,44.161718697420284,41.20100021362305
98,2018-06-16T19:00:00,42.83906630292289,39.44300079345703
98,2018-06-16T20:00:00,41.300733123697384,38.125
98,2018-06-16T21:00:00,39.99588706876967,37.0265007019043
98,2018-06-16T22:00:00,39.050024345781246,36.147499084472656
98,2018-06-16T23:00:00,38.25014566904328,35.70800018310547
98,2018-06-17T00:00:00,37.58547726233926,35.487998962402344
98,2018-06-17T01:00:00,36.94888083790157,35.048999786376946
98,2018-06-17T02:00:00,36.22574389265193,34.60900115966797
98,2018-06-17T03:00:00,35.249971308595754,34.169998168945305
98,2018-06-17T04:00:00,34.62862755630332,33.291000366210945
98,2018-06-17T05:00:00,34.050516547377356,32.852001190185554
98,2018-06-17T06:00:00,33.877481689343114,32.63199996948242
98,2018-06-17T07:00:00,34.57972540669678,32.411998748779304
98,2018-06-17T08:00:00,35.931668117959134,32.852001190185554
98,2018-06-17T09:00:00,37.87862947927237,34.169998168945305
98,2018-06-17T10:00:00,40.37402575723099,36.367000579833984
98,2018-06-17T11:00:00,42.987389747548434,40.3224983215332
98,2018-06-17T12:00:00,45.17143336903915,42.08000183105469
98,2018-06-17T13:00:00,46.680381241548616,43.837501525878906
98,2018-06-17T14:00:00,47.45387768523412,45.3759994506836
98,2018-06-17T15:00:00,47.33121635176298,46.25500106811523
98,2018-06-17T16:00:00,46.68636230149373,45.15650177001953
98,2018-06-17T17:00:00,45.36412612947107,43.618499755859375
98,2018-06-17T18:00:00,43.91982501946846,42.73899841308594
98,2018-06-17T19:00:00,42.174741023185035,41.42100143432617
98,2018-06-17T20:00:00,40.9669363829893,40.54199981689453
98,2018-06-17T21:00:00,39.593430724764104,39.66299819946289
98,2018-06-17T22:00:00,38.58083670588853,39.00400161743164
98,2018-06-17T23:00:00,38.066616074900956,38.34450149536133
98,2018-06-18T00:00:00,37.259868586994365,37.90549850463867
98,2018-06-18T01:00:00,36.50951297256838,37.46599960327149
98,2018-06-18T02:00:00,35.72555395023723,37.0265007019043
98,2018-06-18T03:00:00,35.039219054102674,36.147499084472656
98,2018-06-18T04:00:00,34.235996685473175,35.70800018310547
98,2018-06-18T05:00:00,33.543796017317334,35.04850006103516
98,2018-06-18T06:00:00,33.273276039989696,34.82899856567383
98,2018-06-18T07:00:00,34.12811033758656,34.82899856567383
98,2018-06-18T08:00:00,35.5640014729285,35.928001403808594
98,2018-06-18T09:00:00,37.603073894201806,37.90549850463867
98,2018-06-18T10:00:00,39.83595842928017,40.102500915527344
98,2018-06-18T11:00:00,42.573527767399675,44.05749893188477
98,2018-06-18T12:00:00,44.547666403708895,46.47499847412109
98,2018-06-18T13:00:00,46.119756936138444,47.13399887084961
98,2018-06-18T14:00:00,46.99337712154005,46.69449996948242
98,2018-06-18T15:00:00,46.75385192051978,48.23249816894531
98,2018-06-18T16:00:00,46.07035417922668,47.57300186157226
98,2018-06-18T17:00:00,44.74117792506371,46.03499984741211
98,2018-06-18T18:00:00,43.416049862093324,44.936500549316406
98,2018-06-18T19:00:00,42.10272541237211,43.8380012512207
98,2018-06-18T20:00:00,40.521103955438974,43.17850112915039
98,2018-06-18T21:00:00,39.26493084267281,42.29999923706055
98,2018-06-18T22:00:00,38.32387577435143,41.42100143432617
98,2018-06-18T23:00:00,37.54795885443341,40.762001037597656
98,2018-06-19T00:00:00,36.904216175188466,40.321998596191406
98,2018-06-19T01:00:00,36.21596551533461,39.882999420166016
98,2018-06-19T02:00:00,35.461030997552356,39.44300079345703
98,2018-06-19T03:00:00,34.7485857243598,39.2234992980957
98,2018-06-19T04:00:00,34.02697477613943,38.78400039672852
98,2018-06-19T05:00:00,33.58339074818755,37.90549850463867
98,2018-06-19T06:00:00,33.60095408225211,37.46599960327149
98,2018-06-19T07:00:00,34.1319566893873,37.46599960327149
98,2018-06-19T08:00:00,35.45996934515791,38.125
98,2018-06-19T09:00:00,37.37725358788857,39.882999420166016
98,2018-06-19T10:00:00,39.88024164975273,41.20100021362305
98,2018-06-19T11:00:00,42.27521826892076,41.64099884033203
98,2018-06-19T12:00:00,44.44556988149613,41.64099884033203
98,2018-06-19T13:00:00,46.067135011976916,41.64099884033203
98,2018-06-19T14:00:00,46.67027558792924,40.98149871826172
98,2018-06-19T15:00:00,46.6360472761442,36.80699920654297
98,2018-06-19T16:00:00,45.76283076952632,36.367000579833984
98,2018-06-19T17:00:00,44.69637414141384,34.169998168945305
98,2018-06-19T18:00:00,43.25285302092553,32.192501068115234
98,2018-06-19T19:00:00,41.84469256542063,30.434499740600582
98,2018-06-19T20:00:00,40.50912929185773,30.65399932861328
98,2018-06-19T21:00:00,39.23477694979795,31.0939998626709
98,2018-06-19T22:00:00,38.340499585958646,31.0939998626709
99,2018-06-16T23:00:00,35.32559266040896,35.70800018310547
99,2018-06-17T00:00:00,34.85842615124011,35.487998962402344
99,2018-06-17T01:00:00,34.40103140544241,35.048999786376946
99,2018-06-17T02:00:00,33.92252289085391,34.60900115966797
99,2018-06-17T03:00:00,33.27950614921832,34.169998168945305
99,2018-06-17T04:00:00,32.484679729122256,33.291000366210945
99,2018-06-17T05:00:00,31.898249174144517,32.852001190185554
99,2018-06-17T06:00:00,31.836523495175392,32.63199996948242
99,2018-06-17T07:00:00,32.23088197435956,32.411998748779304
99,2018-06-17T08:00:00,33.41872926004291,32.852001190185554
99,2018-06-17T09:00:00,35.1190003499921,34.169998168945305
99,2018-06-17T10:00:00,37.34112775775297,36.367000579833984
99,2018-06-17T11:00:00,39.64731043903421,40.3224983215332
99,2018-06-17T12:00:00,41.71790207693304,42.08000183105469
99,2018-06-17T13:00:00,43.07814221173756,43.837501525878906
99,2018-06-17T14:00:00,43.74389405124497,45.3759994506836
99,2018-06-17T15:00:00,43.71614854704582,46.25500106811523
99,2018-06-17T16:00:00,43.209814476702746,45.15650177001953
99,2018-06-17T17:00:00,42.04630731117392,43.618499755859375
99,2018-06-17T18:00:00,40.79686445880738,42.73899841308594
99,2018-06-17T19:00:00,39.48804729937006,41.42100143432617
99,2018-06-17T20:00:00,38.162291367647384,40.54199981689453
99,2018-06-17T21:00:00,37.20975255019783,39.66299819946289
99,2018-06-17T22:00:00,36.3497827514641,39.00400161743164
99,2018-06-17T23:00:00,35.74439457414822,38.34450149536133
99,2018-06-18T00:00:00,35.208362745149174,37.90549850463867
99,2018-06-18T01:00:00,34.73808608480887,37.46599960327149
99,2018-06-18T02:00:00,34.145284931263085,37.0265007019043
99,2018-06-18T03:00:00,33.425597501043754,36.147499084472656
99,2018-06-18T04:00:00,32.86122012328061,35.70800018310547
99,2018-06-18T05:00:00,32.37824354595103,35.04850006103516
99,2018-06-18T06:00:00,32.312136583775974,34.82899856567383
99,2018-06-18T07:00:00,32.768025060349366,34.82899856567383
99,2018-06-18T08:00:00,33.97738603049993,35.928001403808594
99,2018-06-18T09:00:00,35.74930029767231,37.90549850463867
99,2018-06-18T10:00:00,38.00330293481656,40.102500915527344
99,2018-06-18T11:00:00,40.35842824761626,44.05749893188477
99,2018-06-18T12:00:00,42.208195047133515,46.47499847412109
99,2018-06-18T13:00:00,43.63864450124417,47.13399887084961
99,2018-06-18T14:00:00,44.497767600834095,46.69449996948242
99,2018-06-18T15:00:00,44.34932670164719,48.23249816894531
99,2018-06-18T16:00:00,43.82349061277574,47.57300186157226
99,2018-06-18T17:00:00,42.743925827548104,46.03499984741211
99,2018-06-18T18:00:00,41.40432918715472,44.936500549316406
99,2018-06-18T19:00:00,40.07357128758777,43.8380012512207
99,2018-06-18T20:00:00,38.83155361610333,43.17850112915039
99,2018-06-18T21:00:00,37.66178099094391,42.29999923706055
99,2018-06-18T22:00:00,37.01403048838475,41.42100143432617
99,2018-06-18T23:00:00,36.37075922385502,40.762001037597656
99,2018-06-19T00:00:00,35.82603575731514,40.321998596191406
99,2018-06-19T01:00:00,35.15252108357009,39.882999420166016
99,2018-06-19T02:00:00,34.69162653394446,39.44300079345703
99,2018-06-19T03:00:00,33.92463798522687,39.2234992980957
99,2018-06-19T04:00:00,33.303494247789416,38.78400039672852
99,2018-06-19T05:00:00,32.709156149993106,37.90549850463867
99,2018-06-19T06:00:00,32.558841337401475,37.46599960327149
99,2018-06-19T07:00:00,33.192837910825084,37.46599960327149
99,2018-06-19T08:00:00,34.38151342221637,38.125
99,2018-06-19T09:00:00,36.15183486869642,39.882999420166016
99,2018-06-19T10:00:00,38.23091162936849,41.20100021362305
99,2018-06-19T11:00:00,40.49023735284711,41.64099884033203
99,2018-06-19T12:00:00,42.49026274641353,41.64099884033203
99,2018-06-19T13:00:00,43.97196686236462,41.64099884033203
99,2018-06-19T14:00:00,44.586426408958545,40.98149871826172
99,2018-06-19T15:00:00,44.543626194865126,36.80699920654297
99,2018-06-19T16:00:00,43.99028977393718,36.367000579833984
99,2018-06-19T17:00:00,42.883407110340585,34.169998168945305
99,2018-06-19T18:00:00,41.634265306558504,32.192501068115234
99,2018-06-19T19:00:00,40.45250136891886,30.434499740600582
99,2018-06-19T20:00:00,39.13916323517107,30.65399932861328
99,2018-06-19T21:00:00,38.053432313539005,31.0939998626709
99,2018-06-19T22:00:00,37.2577293175078,31.0939998626709
99,2018-06-19T23:00:00,36.68279266064461,31.313499450683597
99,2018-06-20T00:00:00,36.136530311283764,32.192501068115234
99,2018-06-20T01:00:00,35.545435669884384,31.972999572753903
99,2018-06-20T02:00:00,34.94710434506886,31.972999572753903
99,2018-06-20T03:00:00,34.21628381890212,31.75300025939941
99,2018-06-20T04:00:00,33.494862850583914,32.192501068115234
99,2018-06-20T05:00:00,33.08810801173315,32.192501068115234
99,2018-06-20T06:00:00,32.956143022632986,32.63199996948242
99,2018-06-20T07:00:00,33.36526690858309,32.63199996948242
99,2018-06-20T08:00:00,34.5512375440564,33.291000366210945
99,2018-06-20T09:00:00,36.38094584129824,34.169998168945305
99,2018-06-20T10:00:00,38.51278307690083,35.048999786376946
99,2018-06-20T11:00:00,40.61278465276353,35.487998962402344
99,2018-06-20T12:00:00,42.56001707183634,36.58700180053711
99,2018-06-20T13:00:00,43.938959849950635,38.56449890136719
99,2018-06-20T14:00:00,44.485776972555186,39.2234992980957
99,2018-06-20T15:00:00,44.523837952114405,39.882999420166016
99,2018-06-20T16:00:00,44.0437327396927,40.102500915527344
99,2018-06-20T17:00:00,42.853516634977126,39.44300079345703
99,2018-06-20T18:00:00,41.57183877736207,38.56399917602539
99,2018-06-20T19:00:00,40.27794336469421,37.68600082397461
99,2018-06-20T20:00:00,39.19929130403855,36.58700180053711
99,2018-06-20T21:00:00,38.053466865706085,36.147499084472656
99,2018-06-20T22:00:00,37.310388872742394,35.048999786376946
100,2018-06-17T23:00:00,38.3664285356311,38.34450149536133
100,2018-06-18T00:00:00,37.7600965025828,37.90549850463867
100,2018-06-18T01:00:00,37.251361341711515,37.46599960327149
100,2018-06-18T02:00:00,36.58337934797443,37.0265007019043
100,2018-06-18T03:00:00,35.74335846527003,36.147499084472656
100,2018-06-18T04:00:00,34.8167783602507,35.70800018310547
100,2018-06-18T05:00:00,34.261873977945335,35.04850006103516
100,2018-06-18T06:00:00,33.86153443881606,34.82899856567383
100,2018-06-18T07:00:00,34.12168180997273,34.82899856567383
100,2018-06-18T08:00:00,35.08343031940221,35.928001403808594
100,2018-06-18T09:00:00,36.81449571466957,37.90549850463867
100,2018-06-18T10:00:00,38.89676267806851,40.102500915527344
100,2018-06-18T11:00:00,41.45435456727526,44.05749893188477
100,2018-06-18T12:00:00,43.53457975987693,46.47499847412109
100,2018-06-18T13:00:00,44.96897819598757,47.13399887084961
100,2018-06-18T14:00:00,45.91144956105859,46.69449996948242
100,2018-06-18T15:00:00,45.88841820401159,48.23249816894531
100,2018-06-18T16:00:00,45.39622885579611,47.57300186157226
100,2018-06-18T17:00:00,44.28738139405168,46.03499984741211
100,2018-06-18T18:00:00,42.997885395924946,44.936500549316406
100,2018-06-18T19:00:00,41.60660646786094,43.8380012512207
100,2018-06-18T20:00:00,40.4084684520989,43.17850112915039
100,2018-06-18T21:00:00,39.49016729718588,42.29999923706055
100,2018-06-18T22:00:00,38.749009971384346,41.42100143432617
100,2018-06-18T23:00:00,38.29431075075314,40.762001037597656
100,2018-06-19T00:00:00,37.83275035920149,40.321998596191406
100,2018-06-19T01:00:00,37.41512926292136,39.882999420166016
100,2018-06-19T02:00:00,36.71007222373917,39.44300079345703
100,2018-06-19T03:00:00,35.86722239660925,39.2234992980957
100,2018-06-19T04:00:00,35.183647682666724,38.78400039672852
100,2018-06-19T05:00:00,34.62448528742808,37.90549850463867
100,2018-06-19T06:00:00,34.36127622936071,37.46599960327149
100,2018-06-19T07:00:00,34.61483371542361,37.46599960327149
100,2018-06-19T08:00:00,35.624650789174616,38.125
100,2018-06-19T09:00:00,37.16227410952199,39.882999420166016
100,2018-06-19T10:00:00,39.30033141940038,41.20100021362305
100,2018-06-19T11:00:00,41.55583530829253,41.64099884033203
100,2018-06-19T12:00:00,43.53094437015242,41.64099884033203
100,2018-06-19T13:00:00,44.860974735640255,41.64099884033203
100,2018-06-19T14:00:00,45.75592261678132,40.98149871826172
100,2018-06-19T15:00:00,45.751234697346746,36.80699920654297
100,2018-06-19T16:00:00,45.17998930664986,36.367000579833984
100,2018-06-19T17:00:00,44.089738437009316,34.169998168945305
100,2018-06-19T18:00:00,42.81812632126948,32.192501068115234
100,2018-06-19T19:00:00,41.568945746078796,30.434499740600582
100,2018-06-19T20:00:00,40.199410736228984,30.65399932861328
100,2018-06-19T21:00:00,39.28024668940738,31.0939998626709
100,2018-06-19T22:00:00,38.549233446533165,31.0939998626709
100,2018-06-19T23:00:00,38.02819668787926,31.313499450683597
100,2018-06-20T00:00:00,37.581393036543375,32.192501068115234
100,2018-06-20T01:00:00,37.13746725002799,31.972999572753903
100,2018-06-20T02:00:00,36.629453123323216,31.972999572753903
100,2018-06-20T03:00:00,35.637756665618696,31.75300025939941
100,2018-06-20T04:00:00,35.03816994539925,32.192501068115234
100,2018-06-20T05:00:00,34.36025414660975,32.192501068115234
100,2018-06-20T06:00:00,34.02880581292759,32.63199996948242
100,2018-06-20T07:00:00,34.28503339467428,32.63199996948242
100,2018-06-20T08:00:00,35.26878684512471,33.291000366210945
100,2018-06-20T09:00:00,36.824189251022176,34.169998168945305
100,2018-06-20T10:00:00,38.975827273066514,35.048999786376946
100,2018-06-20T11:00:00,41.02983957244447,35.487998962402344
100,2018-06-20T12:00:00,42.93289881342503,36.58700180053711
100,2018-06-20T13:00:00,44.35604327802025,38.56449890136719
100,2018-06-20T14:00:00,45.033871270972625,39.2234992980957
100,2018-06-20T15:00:00,44.93365288140611,39.882999420166016
100,2018-06-20T16:00:00,44.53528578067284,40.102500915527344
100,2018-06-20T17:00:00,43.45439136419715,39.44300079345703
100,2018-06-20T18:00:00,42.25865945643973,38.56399917602539
100,2018-06-20T19:00:00,40.88207945357925,37.68600082397461
100,2018-06-20T20:00:00,39.80552287352515,36.58700180053711
100,2018-06-20T21:00:00,38.911913746316515,36.147499084472656
100,2018-06-20T22:00:00,38.17704468685652,35.048999786376946
100,2018-06-20T23:00:00,37.68134527179316,34.169998168945305
100,2018-06-21T00:00:00,37.305986037194614,33.72999954223633
100,2018-06-21T01:00:00,36.631144240939726,33.291000366210945
100,2018-06-21T02:00:00,36.01953245430784,32.852001190185554
100,2018-06-21T03:00:00,35.308368576169684,32.411998748779304
100,2018-06-21T04:00:00,34.68581766466697,31.53300094604492
100,2018-06-21T05:00:00,34.066718776932774,30.87400054931641
100,2018-06-21T06:00:00,33.77569077705701,30.434499740600582
100,2018-06-21T07:00:00,34.20821252389897,30.65399932861328
100,2018-06-21T08:00:00,35.19735394577641,32.852001190185554
100,2018-06-21T09:00:00,36.6506052073884,34.38949966430664
100,2018-06-21T10:00:00,38.754870611895676,36.367000579833984
100,2018-06-21T11:00:00,40.81316555545474,38.34450149536133
100,2018-06-21T12:00:00,42.8385326258868,40.54199981689453
100,2018-06-21T13:00:00,44.23957282623492,40.98149871826172
100,2018-06-21T14:00:00,45.04566120019522,43.61800003051758
100,2018-06-21T15:00:00,45.08422962907294,44.27750015258789
100,2018-06-21T16:00:00,44.443430612009564,43.17900085449219
100,2018-06-21T17:00:00,43.45280743812208,41.86050033569336
100,2018-06-21T18:00:00,42.07243239856049,40.51750183105469
100,2018-06-21T19:00:00,40.936062938384154,39.41899871826172
100,2018-06-21T20:00:00,39.78198452329387,38.320499420166016
100,2018-06-21T21:00:00,39.01311282445362,37.6614990234375
100,2018-06-21T22:00:00,38.04873447318516,37.00199890136719
101,2018-06-18T23:00:00,40.63819246909091,40.762001037597656
101,2018-06-19T00:00:00,40.09883200062956,40.321998596191406
101,2018-06-19T01:00:00,39.468956257772895,39.882999420166016
101,2018-06-19T02:00:00,38.655162636520096,39.44300079345703
101,2018-06-19T03:00:00,37.82041763025842,39.2234992980957
101,2018-06-19T04:00:00,37.071991463578314,38.78400039672852
101,2018-06-19T05:00:00,36.50128955680323,37.90549850463867
101,2018-06-19T06:00:00,36.15685394157391,37.46599960327149
101,2018-06-19T07:00:00,36.39732847193723,37.46599960327149
101,2018-06-19T08:00:00,37.2858043786801,38.125
101,2018-06-19T09:00:00,38.97207670945174,39.882999420166016
101,2018-06-19T10:00:00,40.97988489312787,41.20100021362305
101,2018-06-19T11:00:00,43.322639275743654,41.64099884033203
101,2018-06-19T12:00:00,45.24247285262366,41.64099884033203
101,2018-06-19T13:00:00,46.42336671424079,41.64099884033203
101,2018-06-19T14:00:00,47.15518275334024,40.98149871826172
101,2018-06-19T15:00:00,47.22661907369519,36.80699920654297
101,2018-06-19T16:00:00,46.69857643553989,36.367000579833984
101,2018-06-19T17:00:00,45.68854361030335,34.169998168945305
101,2018-06-19T18:00:00,44.48623766811626,32.192501068115234
101,2018-06-19T19:00:00,43.295973669307706,30.434499740600582
101,2018-06-19T20:00:00,42.093998424429316,30.65399932861328
101,2018-06-19T21:00:00,41.2770061619666,31.0939998626709
101,2018-06-19T22:00:00,40.692838488848736,31.0939998626709
101,2018-06-19T23:00:00,39.98721481693314,31.313499450683597
101,2018-06-20T00:00:00,39.52102466305981,32.192501068115234
101,2018-06-20T01:00:00,38.98962567528841,31.972999572753903
101,2018-06-20T02:00:00,38.398167152815915,31.972999572753903
101,2018-06-20T03:00:00,37.44480934637635,31.75300025939941
101,2018-06-20T04:00:00,36.75670693014363,32.192501068115234
101,2018-06-20T05:00:00,36.1629770873282,32.192501068115234
101,2018-06-20T06:00:00,35.828632757490354,32.63199996948242
101,2018-06-20T07:00:00,36.03636836832685,32.63199996948242
101,2018-06-20T08:00:00,36.76436428334314,33.291000366210945
101,2018-06-20T09:00:00,38.10941058731663,34.169998168945305
101,2018-06-20T10:00:00,40.07195201111073,35.048999786376946
101,2018-06-20T11:00:00,42.31609245627494,35.487998962402344
101,2018-06-20T12:00:00,44.18340559885711,36.58700180053711
101,2018-06-20T13:00:00,45.29476636014759,38.56449890136719
101,2018-06-20T14:00:00,45.95279584732931,39.2234992980957
101,2018-06-20T15:00:00,46.10140893718385,39.882999420166016
101,2018-06-20T16:00:00,45.445474246402355,40.102500915527344
101,2018-06-20T17:00:00,44.60576193849703,39.44300079345703
101,2018-06-20T18:00:00,43.43999234724254,38.56399917602539
101,2018-06-20T19:00:00,42.207015940177705,37.68600082397461
101,2018-06-20T20:00:00,41.19617917838038,36.58700180053711
101,2018-06-20T21:00:00,40.23189775563343,36.147499084472656
101,2018-06-20T22:00:00,39.604546715678296,35.048999786376946
101,2018-06-20T23:00:00,38.966325997287164,34.169998168945305
101,2018-06-21T00:00:00,38.65317503166131,33.72999954223633
101,2018-06-21T01:00:00,38.12668781119241,33.291000366210945
101,2018-06-21T02:00:00,37.454515882554205,32.852001190185554
101,2018-06-21T03:00:00,36.6647320262479,32.411998748779304
101,2018-06-21T04:00:00,35.77600615795308,31.53300094604492
101,2018-06-21T05:00:00,35.258890329044696,30.87400054931641
101,2018-06-21T06:00:00,34.88414984051406,30.434499740600582
101,2018-06-21T07:00:00,34.97327116873645,30.65399932861328
101,2018-06-21T08:00:00,35.82423448328477,32.852001190185554
101,2018-06-21T09:00:00,37.418684258989785,34.38949966430664
101,2018-06-21T10:00:00,39.39615073652642,36.367000579833984
101,2018-06-21T11:00:00,41.51421306081939,38.34450149536133
101,2018-06-21T12:00:00,43.18218642706495,40.54199981689453
101,2018-06-21T13:00:00,44.479943015895664,40.98149871826172
101,2018-06-21T14:00:00,45.234598835670184,43.61800003051758
101,2018-06-21T15:00:00,45.38592478379152,44.27750015258789
101,2018-06-21T16:00:00,44.92923522149622,43.17900085449219
101,2018-06-21T17:00:00,43.953396497978304,41.86050033569336
101,2018-06-21T18:00:00,42.734138327546404,40.51750183105469
101,2018-06-21T19:00:00,41.80175551106155,39.41899871826172
101,2018-06-21T20:00:00,40.77407371256085,38.320499420166016
101,2018-06-21T21:00:00,39.88595872201867,37.6614990234375
101,2018-06-21T22:00:00,39.228051250740506,37.00199890136719
101,2018-06-21T23:00:00,38.50503974240106,36.78250122070313
101,2018-06-22T00:00:00,38.223354055529356,36.5625
101,2018-06-22T01:00:00,37.646783297827014,36.12300109863281
101,2018-06-22T02:00:00,37.064740069833604,35.24399948120117
101,2018-06-22T03:00:00,36.29573609206989,34.804500579833984
101,2018-06-22T04:00:00,35.63728057552773,34.584999084472656
101,2018-06-22T05:00:00,35.16958107352412,34.365501403808594
101,2018-06-22T06:00:00,34.79448058106123,33.70600128173828
101,2018-06-22T07:00:00,35.0786256296076,31.28899955749512
101,2018-06-22T08:00:00,35.87782523652721,30.629499435424805
101,2018-06-22T09:00:00,37.326900931465985,30.19050025939941
101,2018-06-22T10:00:00,39.42478695682151,29.5314998626709
101,2018-06-22T11:00:00,41.34453227173015,28.65250015258789
101,2018-06-22T12:00:00,43.07807835294691,29.31150054931641
101,2018-06-22T13:00:00,44.43040341871824,28.433000564575195
101,2018-06-22T14:00:00,45.21583233356975,27.55400085449219
101,2018-06-22T15:00:00,45.23605732483506,28.65250015258789
101,2018-06-22T16:00:00,44.69816560855851,28.21299934387207
101,2018-06-22T17:00:00,43.96331399623239,27.773500442504893
101,2018-06-22T18:00:00,42.60002688484573,27.11450004577637
101,2018-06-22T19:00:00,41.487687715655746,27.333999633789062
101,2018-06-22T20:00:00,40.55450210294565,28.21299934387207
101,2018-06-22T21:00:00,39.60936691403636,28.65250015258789
101,2018-06-22T22:00:00,38.863287101778184,27.99349975585937
102,2018-06-19T23:00:00,31.23933946195391,31.313499450683597
102,2018-06-20T00:00:00,31.767872330360955,32.192501068115234
102,2018-06-20T01:00:00,32.07103247415704,31.972999572753903
102,2018-06-20T02:00:00,32.25490816013794,31.972999572753903
102,2018-06-20T03:00:00,32.18701520442884,31.75300025939941
102,2018-06-20T04:00:00,31.99262414226646,32.192501068115234
102,2018-06-20T05:00:00,31.81305584574804,32.192501068115234
102,2018-06-20T06:00:00,31.84737082303467,32.63199996948242
102,2018-06-20T07:00:00,32.264494504949106,32.63199996948242
102,2018-06-20T08:00:00,32.979158757082985,33.291000366210945
102,2018-06-20T09:00:00,34.07873814166747,34.169998168945305
102,2018-06-20T10:00:00,35.64733080883951,35.048999786376946
102,2018-06-20T11:00:00,36.99791868743822,35.487998962402344
102,2018-06-20T12:00:00,38.13681171018054,36.58700180053711
102,2018-06-20T13:00:00,38.47374779465008,38.56449890136719
102,2018-06-20T14:00:00,38.02842099188139,39.2234992980957
102,2018-06-20T15:00:00,37.55507796925464,39.882999420166016
102,2018-06-20T16:00:00,36.51378809053487,40.102500915527344
102,2018-06-20T17:00:00,35.377988227964366,39.44300079345703
102,2018-06-20T18:00:00,33.9709010562765,38.56399917602539
102,2018-06-20T19:00:00,33.16107682902998,37.68600082397461
102,2018-06-20T20:00:00,32.63307946219591,36.58700180053711
102,2018-06-20T21:00:00,32.45815198925396,36.147499084472656
102,2018-06-20T22:00:00,32.245960973400976,35.048999786376946
102,2018-06-20T23:00:00,32.442147037748214,34.169998168945305
102,2018-06-21T00:00:00,32.62996828472246,33.72999954223633
102,2018-06-21T01:00:00,32.6106153080501,33.291000366210945
102,2018-06-21T02:00:00,32.467073290374,32.852001190185554
102,2018-06-21T03:00:00,32.295102137338205,32.411998748779304
102,2018-06-21T04:00:00,31.987817970035636,31.53300094604492
102,2018-06-21T05:00:00,31.516587989177864,30.87400054931641
102,2018-06-21T06:00:00,31.63439605456008,30.434499740600582
102,2018-06-21T07:00:00,31.717767582886335,30.65399932861328
102,2018-06-21T08:00:00,32.646487755627106,32.852001190185554
102,2018-06-21T09:00:00,33.985043155632326,34.38949966430664
102,2018-06-21T10:00:00,35.47598923505932,36.367000579833984
102,2018-06-21T11:00:00,37.22753939002965,38.34450149536133
102,2018-06-21T12:00:00,38.45420586437755,40.54199981689453
102,2018-06-21T13:00:00,39.322083319963404,40.98149871826172
102,2018-06-21T14:00:00,39.713246921044956,43.61800003051758
102,2018-06-21T15:00:00,39.2012442426967,44.27750015258789
102,2018-06-21T16:00:00,38.49065155863414,43.17900085449219
102,2018-06-21T17:00:00,37.35029331874722,41.86050033569336
102,2018-06-21T18:00:00,36.34086076614273,40.51750183105469
102,2018-06-21T19:00:00,35.32222867054469,39.41899871826172
102,2018-06-21T20:00:00,34.98868280365699,38.320499420166016
102,2018-06-21T21:00:00,34.5757860035154,37.6614990234375
102,2018-06-21T22:00:00,34.26480372803323,37.00199890136719
102,2018-06-21T23:00:00,34.42420758510389,36.78250122070313
102,2018-06-22T00:00:00,34.18047249331044,36.5625
102,2018-06-22T01:00:00,34.12753731897409,36.12300109863281
102,2018-06-22T02:00:00,33.83101723503585,35.24399948120117
102,2018-06-22T03:00:00,33.333137726473346,34.804500579833984
102,2018-06-22T04:00:00,33.014373117015694,34.584999084472656
102,2018-06-22T05:00:00,32.50974441848348,34.365501403808594
102,2018-06-22T06:00:00,32.255442179274695,33.70600128173828
102,2018-06-22T07:00:00,32.85318235414255,31.28899955749512
102,2018-06-22T08:00:00,33.67030666746164,30.629499435424805
102,2018-06-22T09:00:00,34.8009737657006,30.19050025939941
102,2018-06-22T10:00:00,36.70464034939359,29.5314998626709
102,2018-06-22T11:00:00,38.41189417003256,28.65250015258789
102,2018-06-22T12:00:00,39.82909474962152,29.31150054931641
102,2018-06-22T13:00:00,40.630407398310105,28.433000564575195
102,2018-06-22T14:00:00,40.89261957504211,27.55400085449219
102,2018-06-22T15:00:00,40.56935269277696,28.65250015258789
102,2018-06-22T16:00:00,39.868340879914946,28.21299934387207
102,2018-06-22T17:00:00,38.77501874454511,27.773500442504893
102,2018-06-22T18:00:00,37.68750468021786,27.11450004577637
102,2018-06-22T19:00:00,36.67333414744827,27.333999633789062
102,2018-06-22T20:00:00,35.903147527688546,28.21299934387207
102,2018-06-22T21:00:00,35.54251983189017,28.65250015258789
102,2018-06-22T22:00:00,35.1472179531078,27.99349975585937
102,2018-06-22T23:00:00,35.19327553569182,27.99349975585937
102,2018-06-23T00:00:00,35.08105956179956,27.99349975585937
102,2018-06-23T01:00:00,35.01155337339183,27.99349975585937
102,2018-06-23T02:00:00,34.56067382070955,27.99349975585937
102,2018-06-23T03:00:00,34.07813216735768,27.99349975585937
102,2018-06-23T04:00:00,33.59959126723964,28.21299934387207
102,2018-06-23T05:00:00,33.298780784838584,28.4325008392334
102,2018-06-23T06:00:00,33.21844460167189,28.4325008392334
102,2018-06-23T07:00:00,33.55083553671737,28.871999740600582
102,2018-06-23T08:00:00,34.050621116147035,29.31150054931641
102,2018-06-23T09:00:00,35.22675749786121,30.40999984741211
102,2018-06-23T10:00:00,36.94109918812741,32.387500762939446
102,2018-06-23T11:00:00,38.91115930031848,34.14550018310547
102,2018-06-23T12:00:00,39.88480584278044,36.78250122070313
102,2018-06-23T13:00:00,40.829338934520806,36.12300109863281
102,2018-06-23T14:00:00,40.79593850634304,37.44150161743164
102,2018-06-23T15:00:00,40.654867595797754,37.88100051879883
102,2018-06-23T16:00:00,39.77349312867513,37.00199890136719
102,2018-06-23T17:00:00,38.55227472143757,36.5625
102,2018-06-23T18:00:00,37.32153565271636,36.12300109863281
102,2018-06-23T19:00:00,36.39684725033631,35.68349838256836
102,2018-06-23T20:00:00,35.794057327564744,34.365501403808594
102,2018-06-23T21:00:00,35.26407497864364,33.925498962402344
102,2018-06-23T22:00:00,35.23014315410087,33.26649856567383
103,2018-06-20T23:00:00,34.44678543070376,34.169998168945305
103,2018-06-21T00:00:00,33.98225571942073,33.72999954223633
103,2018-06-21T01:00:00,33.760825362863585,33.291000366210945
103,2018-06-21T02:00:00,33.4438668168456,32.852001190185554
103,2018-06-21T03:00:00,33.08997793396346,32.411998748779304
103,2018-06-21T04:00:00,32.62883821219517,31.53300094604492
103,2018-06-21T05:00:00,32.3129416606723,30.87400054931641
103,2018-06-21T06:00:00,32.17493038443373,30.434499740600582
103,2018-06-21T07:00:00,32.36174083797893,30.65399932861328
103,2018-06-21T08:00:00,32.981818361679736,32.852001190185554
103,2018-06-21T09:00:00,34.25439018381611,34.38949966430664
103,2018-06-21T10:00:00,35.72108383489216,36.367000579833984
103,2018-06-21T11:00:00,37.424797141724156,38.34450149536133
103,2018-06-21T12:00:00,38.9696747066551,40.54199981689453
103,2018-06-21T13:00:00,40.0058346718822,40.98149871826172
103,2018-06-21T14:00:00,40.72345193694912,43.61800003051758
103,2018-06-21T15:00:00,40.96290187582328,44.27750015258789
103,2018-06-21T16:00:00,40.46776704088935,43.17900085449219
103,2018-06-21T17:00:00,39.45230222727368,41.86050033569336
103,2018-06-21T18:00:00,38.6008507350776,40.51750183105469
103,2018-06-21T19:00:00,37.52906531895302,39.41899871826172
103,2018-06-21T20:00:00,36.80557829069039,38.320499420166016
103,2018-06-21T21:00:00,36.30607026893291,37.6614990234375
103,2018-06-21T22:00:00,35.59465665730992,37.00199890136719
103,2018-06-21T23:00:00,35.13055343152154,36.78250122070313
103,2018-06-22T00:00:00,34.86063566539638,36.5625
103,2018-06-22T01:00:00,34.845380256445814,36.12300109863281
103,2018-06-22T02:00:00,34.338016463103614,35.24399948120117
103,2018-06-22T03:00:00,33.855618720097794,34.804500579833984
103,2018-06-22T04:00:00,33.29353775005962,34.584999084472656
103,2018-06-22T05:00:00,33.16891435524595,34.365501403808594
103,2018-06-22T06:00:00,33.12760045450477,33.70600128173828
103,2018-06-22T07:00:00,33.31906370514969,31.28899955749512
103,2018-06-22T08:00:00,34.13255012000607,30.629499435424805
103,2018-06-22T09:00:00,35.42087750226402,30.19050025939941
103,2018-06-22T10:00:00,36.96229540317828,29.5314998626709
103,2018-06-22T11:00:00,38.657395413521535,28.65250015258789
103,2018-06-22T12:00:00,40.014935689884474,29.31150054931641
103,2018-06-22T13:00:00,40.90918180852978,28.433000564575195
103,2018-06-22T14:00:00,41.28235547601855,27.55400085449219
103,2018-06-22T15:00:00,41.57124124153533,28.65250015258789
103,2018-06-22T16:00:00,40.89613294886306,28.21299934387207
103,2018-06-22T17:00:00,39.98267742179079,27.773500442504893
103,2018-06-22T18:00:00,38.755239624478754,27.11450004577637
103,2018-06-22T19:00:00,37.79230493801306,27.333999633789062
103,2018-06-22T20:00:00,37.203133472514054,28.21299934387207
103,2018-06-22T21:00:00,36.51735962146873,28.65250015258789
103,2018-06-22T22:00:00,35.81211796196145,27.99349975585937
103,2018-06-22T23:00:00,35.52586409088763,27.99349975585937
103,2018-06-23T00:00:00,35.2629893792027,27.99349975585937
103,2018-06-23T01:00:00,35.06960557542917,27.99349975585937
103,2018-06-23T02:00:00,34.95745243402556,27.99349975585937
103,2018-06-23T03:00:00,34.23445267114225,27.99349975585937
103,2018-06-23T04:00:00,33.827178295416175,28.21299934387207
103,2018-06-23T05:00:00,33.4221010041889,28.4325008392334
103,2018-06-23T06:00:00,33.47679058476463,28.4325008392334
103,2018-06-23T07:00:00,33.51839549913746,28.871999740600582
103,2018-06-23T08:00:00,34.481358922058945,29.31150054931641
103,2018-06-23T09:00:00,35.30357278099234,30.40999984741211
103,2018-06-23T10:00:00,36.78689651552112,32.387500762939446
103,2018-06-23T11:00:00,38.34215364266988,34.14550018310547
103,2018-06-23T12:00:00,39.60821357866391,36.78250122070313
103,2018-06-23T13:00:00,40.39025273206778,36.12300109863281
103,2018-06-23T14:00:00,40.83236310439201,37.44150161743164
103,2018-06-23T15:00:00,40.75329109721295,37.88100051879883
103,2018-06-23T16:00:00,39.98587070342364,37.00199890136719
103,2018-06-23T17:00:00,38.95908441042816,36.5625
103,2018-06-23T18:00:00,37.97840427831102,36.12300109863281
103,2018-06-23T19:00:00,36.89199633946457,35.68349838256836
103,2018-06-23T20:00:00,36.158303308054414,34.365501403808594
103,2018-06-23T21:00:00,35.84064163113802,33.925498962402344
103,2018-06-23T22:00:00,35.286766515697565,33.26649856567383
103,2018-06-23T23:00:00,34.95480868009292,32.827499389648445
103,2018-06-24T00:00:00,34.79098898764923,32.167999267578125
103,2018-06-24T01:00:00,34.476251131075884,31.728500366210927
103,2018-06-24T02:00:00,34.230383611809145,31.28899955749512
103,2018-06-24T03:00:00,34.0943814927712,30.84950065612793
103,2018-06-24T04:00:00,33.32047338795315,30.40999984741211
103,2018-06-24T05:00:00,33.10115835383608,30.190000534057607
103,2018-06-24T06:00:00,33.076832715943,29.97050094604492
103,2018-06-24T07:00:00,33.46164727079835,30.629499435424805
103,2018-06-24T08:00:00,34.09654676190824,32.38800048828125
103,2018-06-24T09:00:00,35.07069687654785,34.365001678466804
103,2018-06-24T10:00:00,36.48201070194145,36.78200149536133
103,2018-06-24T11:00:00,38.07720979213453,39.63850021362305
103,2018-06-24T12:00:00,39.375962464065736,39.858001708984375
103,2018-06-24T13:00:00,40.23615348789562,39.858001708984375
103,2018-06-24T14:00:00,40.79739243416574,38.7599983215332
103,2018-06-24T15:00:00,40.762947458626726,38.320499420166016
103,2018-06-24T16:00:00,40.152189441219036,38.540000915527344
103,2018-06-24T17:00:00,39.05597051145862,38.759498596191406
103,2018-06-24T18:00:00,38.01407465842906,38.10100173950195
103,2018-06-24T19:00:00,37.18556363853686,37.6609992980957
103,2018-06-24T20:00:00,36.45879654910624,36.78200149536133
103,2018-06-24T21:00:00,36.048954251761394,36.34299850463867
103,2018-06-24T22:00:00,35.51398932070032,35.4640007019043
104,2018-06-21T23:00:00,36.54532863143514,36.78250122070313
104,2018-06-22T00:00:00,35.982778299285734,36.5625
104,2018-06-22T01:00:00,35.45718327734896,36.12300109863281
104,2018-06-22T02:00:00,34.923918586588776,35.24399948120117
104,2018-06-22T03:00:00,34.323939704974634,34.804500579833984
104,2018-06-22T04:00:00,33.7988863424228,34.584999084472656
104,2018-06-22T05:00:00,33.341397632976005,34.365501403808594
104,2018-06-22T06:00:00,33.32012969081922,33.70600128173828
104,2018-06-22T07:00:00,33.70516421640163,31.28899955749512
104,2018-06-22T08:00:00,34.893968813776866,30.629499435424805
104,2018-06-22T09:00:00,36.49835661377581,30.19050025939941
104,2018-06-22T10:00:00,38.16171960340401,29.5314998626709
104,2018-06-22T11:00:00,39.99460989295679,28.65250015258789
104,2018-06-22T12:00:00,41.51052635599525,29.31150054931641
104,2018-06-22T13:00:00,42.57845857830581,28.433000564575195
104,2018-06-22T14:00:00,43.3043140835,27.55400085449219
104,2018-06-22T15:00:00,43.04833840187568,28.65250015258789
104,2018-06-22T16:00:00,42.48335003232634,28.21299934387207
104,2018-06-22T17:00:00,41.63045544549528,27.773500442504893
104,2018-06-22T18:00:00,40.26964628325271,27.11450004577637
104,2018-06-22T19:00:00,39.45927651948041,27.333999633789062
104,2018-06-22T20:00:00,38.55185656039241,28.21299934387207
104,2018-06-22T21:00:00,37.55356314751373,28.65250015258789
104,2018-06-22T22:00:00,37.21068705517877,27.99349975585937
104,2018-06-22T23:00:00,36.760227145977865,27.99349975585937
104,2018-06-23T00:00:00,36.3704809819815,27.99349975585937
104,2018-06-23T01:00:00,36.02736884018827,27.99349975585937
104,2018-06-23T02:00:00,35.68560115400519,27.99349975585937
104,2018-06-23T03:00:00,35.0859397418074,27.99349975585937
104,2018-06-23T04:00:00,34.82853122856802,28.21299934387207
104,2018-06-23T05:00:00,34.60702161869034,28.4325008392334
104,2018-06-23T06:00:00,34.313603589541174,28.4325008392334
104,2018-06-23T07:00:00,34.69645015330915,28.871999740600582
104,2018-06-23T08:00:00,35.67277465977018,29.31150054931641
104,2018-06-23T09:00:00,36.602450319665955,30.40999984741211
104,2018-06-23T10:00:00,38.17003424601294,32.387500762939446
104,2018-06-23T11:00:00,39.80503709058204,34.14550018310547
104,2018-06-23T12:00:00,41.04833581502021,36.78250122070313
104,2018-06-23T13:00:00,41.95260593925971,36.12300109863281
104,2018-06-23T14:00:00,42.33998818766671,37.44150161743164
104,2018-06-23T15:00:00,42.079057748089774,37.88100051879883
104,2018-06-23T16:00:00,41.508682433415416,37.00199890136719
104,2018-06-23T17:00:00,40.36675611811753,36.5625
104,2018-06-23T18:00:00,39.349793017626375,36.12300109863281
104,2018-06-23T19:00:00,38.25551493896731,35.68349838256836
104,2018-06-23T20:00:00,37.51313483135851,34.365501403808594
104,2018-06-23T21:00:00,36.70241441440544,33.925498962402344
104,2018-06-23T22:00:00,36.469344652917925,33.26649856567383
104,2018-06-23T23:00:00,36.20054931907188,32.827499389648445
104,2018-06-24T00:00:00,35.775868975586754,32.167999267578125
104,2018-06-24T01:00:00,35.64871529022738,31.728500366210927
104,2018-06-24T02:00:00,35.12755662970348,31.28899955749512
104,2018-06-24T03:00:00,34.71838678823082,30.84950065612793
104,2018-06-24T04:00:00,34.2981691479097,30.40999984741211
104,2018-06-24T05:00:00,33.59306946017804,30.190000534057607
104,2018-06-24T06:00:00,33.85879352829478,29.97050094604492
104,2018-06-24T07:00:00,34.091504084084924,30.629499435424805
104,2018-06-24T08:00:00,34.715022798366554,32.38800048828125
104,2018-06-24T09:00:00,35.82929209950375,34.365001678466804
104,2018-06-24T10:00:00,37.43447402917778,36.78200149536133
104,2018-06-24T11:00:00,39.16000229712855,39.63850021362305
104,2018-06-24T12:00:00,40.20857447268636,39.858001708984375
104,2018-06-24T13:00:00,41.138327675399346,39.858001708984375
104,2018-06-24T14:00:00,41.76409478927941,38.7599983215332
104,2018-06-24T15:00:00,41.61799385863537,38.320499420166016
104,2018-06-24T16:00:00,40.9487115402738,38.540000915527344
104,2018-06-24T17:00:00,40.025239875922615,38.759498596191406
104,2018-06-24T18:00:00,38.90652223984931,38.10100173950195
104,2018-06-24T19:00:00,37.92648366051102,37.6609992980957
104,2018-06-24T20:00:00,37.38917579603464,36.78200149536133
104,2018-06-24T21:00:00,36.979456654928896,36.34299850463867
104,2018-06-24T22:00:00,36.4961413979418,35.4640007019043
104,2018-06-24T23:00:00,36.056992477033674,35.4640007019043
104,2018-06-25T00:00:00,35.79965523476599,35.4640007019043
104,2018-06-25T01:00:00,35.48556919399143,35.4640007019043
104,2018-06-25T02:00:00,35.07344394488108,35.023998260498054
104,2018-06-25T03:00:00,34.708973888456384,34.584999084472656
104,2018-06-25T04:00:00,34.40750087110239,34.14550018310547
104,2018-06-25T05:00:00,34.03261316525261,34.14550018310547
104,2018-06-25T06:00:00,34.047423273171994,34.365501403808594
104,2018-06-25T07:00:00,34.355298248321574,35.023998260498054
104,2018-06-25T08:00:00,35.00409181580577,35.90299987792969
104,2018-06-25T09:00:00,36.27551452181122,38.10049819946289
104,2018-06-25T10:00:00,37.946874000430675,40.95700073242188
104,2018-06-25T11:00:00,39.17096103577079,44.47249984741211
104,2018-06-25T12:00:00,40.34060480301337,46.45050048828125
104,2018-06-25T13:00:00,41.516434434465346,48.647499084472656
104,2018-06-25T14:00:00,41.888736885596046,50.625
104,2018-06-25T15:00:00,41.808883748567155,50.625
104,2018-06-25T16:00:00,41.0051855179138,49.74599838256836
104,2018-06-25T17:00:00,40.36206363734076,48.86700057983398
104,2018-06-25T18:00:00,39.191677397623394,47.98849868774414
104,2018-06-25T19:00:00,37.94391254901457,46.45000076293945
104,2018-06-25T20:00:00,37.41707786830443,44.69200134277344
104,2018-06-25T21:00:00,36.711434924718084,43.8134994506836
104,2018-06-25T22:00:00,36.295793564981466,42.91049957275391
